<?xml version="1.0" encoding="UTF-8" ?>
<!DOCTYPE html>
<html xmlns='http://www.w3.org/1999/xhtml' xmlns:b='http://www.google.com/2005/gml/b' xmlns:data='http://www.google.com/2005/gml/data' xmlns:expr='http://www.google.com/2005/gml/expr'>
  <head>
    <b:include data='blog' name='all-head-content'/>

    <title>
      <b:if cond='data:blog.pageType == &quot;index&quot;'>
        <data:blog.pageTitle/>
        <b:else/>
        <b:if cond='data:blog.pageType != &quot;error_page&quot;'>
          <data:blog.pageName/> | <data:blog.title/>
          <b:else/>
          Ooops! Error
        </b:if>
      </b:if>
    </title>

     <b:if cond='data:blog.pageType == &quot;index&quot;'>

<meta content='You Meta Description Here' name='description'/>
<meta content='Meta content keywords, like technology, blogger, gadgets, mobile ' name='keywords'/>
<meta content='chrome=1' http-equiv='X-UA-Compatible'/>
<meta content='ALL, index, follow, noodp' name='robots'/>
<meta content='2 days' name='revisit-after'/>
<link href='google+ id url' rel='author'/>
<meta content='Author Name' name='author'/>
<meta content='true' name='MSSmartTagsPreventParsing'/>
<meta content='blogger' name='generator'/>
    </b:if>

    <b:if cond='data:blog.pageType == &quot;archive&quot;'>
      <meta content='noindex,noarchive' name='robots'/>
    </b:if>
    <b:if cond='data:blog.metaDescription != &quot;&quot;'>
      <meta expr:content='data:blog.metaDescription' name='description'/>
    </b:if> 
    <meta charset='UTF-8'/>
    <meta content='width=device-width, initial-scale=1, maximum-scale=1' name='viewport'/>
    <b:skin><![CDATA[
/*=======================================
Theme Name : Gadget Mag
Author : Suryakant
Website : http://www.trackmyblog.com/
Support@trackmyblog.com

Don't Modify The Codes 
==========================================*/

/*****************************************
reset.css
******************************************/
html, body, div, span, applet, object, iframe,
h1, h2, h3, h4, h5, h6, p, blockquote, pre,
a, abbr, acronym, address, big, cite, code,
del, dfn, em, font, img, ins, kbd, q, s, samp,
small, strike, strong, sub, sup, tt, var,
dl, dt, dd, ol, ul, li,
fieldset, form, label, legend,
table, caption, tbody, tfoot, thead, tr, th, td, figure {    margin: 0;    padding: 0;}
article,aside,details,figcaption,figure,
footer,header,hgroup,menu,nav,section {     display:block;}
table {    border-collapse: separate;    border-spacing: 0;}
caption, th, td {    text-align: left;    font-weight: normal;}
blockquote:before, blockquote:after,
q:before, q:after {    content: "";}
blockquote, q {    quotes: "" "";}
sup{    vertical-align: super;    font-size:smaller;}
code{    font-family: 'Courier New', Courier, monospace;    font-size:12px;    color:#272727;}


/*=======================
	Lists Css
=============================*/
ol, ul { padding: 10px 0 20px;  margin: 0 0 0 35px;  text-align: left;  }
ol li { list-style-type: decimal;  padding:0 0 5px;  }
ul li { list-style-type: square;  padding: 0 0 5px;  }
ul ul, ol ol { padding: 0; }

/*===================
	Headers Css
=====================*/
h1, h2, h3, h4, h5, h6 { font-family: 'oswald', sans-serif; font-weight: normal; }
.post-body h1 { font-size: 36px; line-height: 42px; margin: 10px 0; }
.post-body h2 { font-size: 30px; line-height: 36px; margin: 10px 0; }
.post-body h3 { font-size: 26px; line-height: 32px; margin: 10px 0; }
.post-body h4 { font-size: 22px; line-height: 30px; margin: 10px 0;  }
.post-body h5 { font-size: 24px; line-height: 30px; margin: 10px 0;  }
.post-body h6 { font-size: 18px; line-height: 24px; margin: 10px 0;  }

/*===================
	Defining Body 
====================*/
::selection{background:#6CB61A}
::-moz-selection {  background: #333;  color: #fff;  }
a img{	border: none;}
a{ color:#6CB61A; outline:none; text-decoration: none; }
a:hover { color: #000; text-decoration:none; }
a:active{background:transparent}
body{ background: #e0e0e0; 
color: #444; 
height: 100%; 
padding: 0; 
font-family: trebuchet ms, sans-Serif; 
font-size: 16px; 
line-height: 29px;
-webkit-transition:.5s linear; 
transition:.5s linear; 
-ms-transition:.5s linear; 
-o-transition:.5s linear; 
-moz-transition:.5s linear; 
 }

.clr { clear:both; float:none; }

/*=============================================
Do Not Change This Code
=========================================*/
body#layout .header-wrapper { margin-top: 40px; }
body#layout #header, body#layout .header-right { width: 50%; }
body#layout .outer-wrapper, body#layout .sidebar-wrapper, body#layout .ct-wrapper { margin: 0; padding: 0; overflow:hidden}


body#layout div.footer{
font-family: sans-serif;
margin: 0 auto 2px;
overflow: visible;
padding: 0 0 10px 0;
position: relative;
max-width: 25%;
float: left;
}

/*====================
	Body Wrappers
=========================*/
.wrap1 {    padding:0px 0px;    position:relative;    max-width:1200px;    margin: 0 auto;  }

.outer-wrapper {    background: #FFF;    position: relative;  margin: 10px 0 40px;  
-webkit-box-shadow:0 5px 10px rgba(0, 0, 0, 0.15);
  -moz-box-shadow:0 5px 10px rgba(0, 0, 0, 0.15);
  box-shadow:0 1px 6px rgba(0, 0, 0, 0.15);  }

.header-wrapper {margin-top:35px;  background: #e0e0e0; display: inline-block;  float: left;  width: 100%;  }

.main-wrapper {    width:auto;    margin-right:300px; margin-left:250px;  }

#content {
position: relative;
width: 100%;
float:left;
background: #FAF7F7;
border-right: 1px solid #DDD;
border-left:1px solid #DDD;
}

.sidebar-wrapper {
width: 275px;
padding: 25px 10px;
float: right;
}

.right-wrapper {
float: left;
}

.sidebar_right{
width:200px;
padding:20px 15px;
}


/*=========================
	Header CSS
===========================*/
#header{ float:left; width: auto;padding:0px 0 }
#header-inner{ margin: 50px 20px 40px; padding: 0; }
#header h1 { color: #b9b9b9;
  font-size: 70px;
  line-height: 50px;
  text-shadow: 1px 1px 0px #f5f5f5;
  }

#header h1 a, #header h1{color:#6CB61A}

#header p.description{  color: #333;  font-size: 12px;  font-style: italic;  margin: 0 0 0 35px;  padding: 0;  text-transform:capitalize;  }
#header img{   border:0 none; background:none; width:auto; height:auto; margin:0 auto;  }

/***** Header Right CSS *****/
.header-right { float: right; }
.header-right .widget-content { margin-top: 40px; }

/*========================
Main Menu CSS
==========================*/
/* Clearfix */
.clearfix:before,
.clearfix:after {
    content: " ";
    display: table;
}
.clearfix:after {
    clear: both;
}
.clearfix {
    *zoom: 1;
}

/* Basic Styles */
.nav-menu{background:#85CE35;
padding:0;
margin:0 auto;
width:100%;
position: fixed;
z-index: 99999;
top: 0;
}

nav {
	height: 40px;
	width: 100%;
	font-size: 11pt;
	font-family: 'PT Sans', Arial, sans-serif;
	font-weight: bold;
	position: relative;
}

nav ul {
	padding: 0;
	margin: 0 auto;
	height: 40px;
}
nav li {
list-style: none;
float: left;
padding: 0;
margin: 0;
}

nav a {
	color: #fff;
	display: inline-block;
	width: 100px;
	text-align: center;
	text-decoration: none;
	padding: 8px 0px 6px 0;
	text-shadow: 1px 1px 0px #357711;
}

nav li:last-child a {
	border-right: 0;
}
nav a:hover, nav a:active {
background-color: rgba(89, 163, 54, 0.55);
color:white;
text-shadow:1px 1px 1px #2B6311;
}

nav a#pull {
	display: none;
}

/* Styles for Desktop and Laptop */
@media screen and (min-width:1200px)
{

nav a{
padding:8px 10px 6px 10px;
width:auto;
}

nav li{margin:0 10px 0 0}

}

/*Styles for screen 600px and lower*/
@media screen and (max-width: 600px) {

nav li.lrn{display:none}
	nav { 
  		height: auto;
  	}
  	nav ul {
  		width: 100%;
  		display: block;
  		height: auto;
  	}
  	nav li {
  		width: 50%;
  		float: left;
  		position: relative;
  	}
  	nav li a {
		border-bottom: 1px solid #585858;
		border-right: 1px solid #585858;
	}
  	nav a {
	  	text-align: left;
	  	width: 100%;
	  	text-indent: 25px;
  	}
nav a:hover, nav a:active {text-shadow:1px 1px 1px #2B6311}


}

/*Styles for screen 515px and lower*/
@media only screen and (max-width : 480px) {
	nav {
		border-bottom: 0;
	}
nav ul {
display: none;
height: auto;
}

nav a:hover, nav a:active {text-shadow:none}

nav a#pull {
display: block;
background-color: rgba(89, 163, 54, 0.55);
width: 100%;
position: relative;
color:white;
text-shadow:none
	}
	nav a#pull:after {
		content:"";
		background: url('http://2.bp.blogspot.com/-LHtTu-s1bGQ/Uo9L4IPD_EI/AAAAAAAADgE/TB3b5WE31bY/s1600/nav-icon.png') no-repeat;
		width: 30px;
		height: 30px;
		display: inline-block;
		position: absolute;
		right: 15px;
		
	}
}

/*Smartphone*/
@media only screen and (max-width : 320px) {
	nav li {
		display: block;
		float: none;
		width: 100%;
	}
	nav li a {
		border-bottom: 1px solid #585858;
	}
}

/*========================
	Footer 
============================*/



/*==========================================
	Blog Post CSS
=========================================*/

.separator a {
margin: 0 0 0 0!important;
}

.post{  padding: 10px 3%;  margin: 20px 0;  }

.post-title {
font-size: 35px;
line-height: 50px;
text-decoration: none;
margin: 0 0 10px;
padding: 0 0 5px;
color:#6CB61A
}

.post-title a, .post-title a:hover{color:#6CB61A}

.post img{max-width:100%
}


.post-body {  font-size:1rem;  font-weight: normal;  padding: 0;    margin:0;    text-transform:auto;    line-height:29px;    word-wrap:break-word;  }

.post-header {  color: #999999;  font-family: Verdana,Arial,Tahoma,sans-serif;  font-size: 12px;  }

.post-header a {  font-style: italic;  }


/* ====================
	read more link
======================*/

.readmore a {
color: #2E2E2E;
font-size: 40px;
position: relative;
margin-top: .21em;
float: right;
padding: 0 0.2em 0 0;}

.home-link { display:none;}


/*=====================
	Blog Pager
=======================*/
#blog-pager-newer-link {
display: inline-table;
float: left;
padding: 2em 6px;
text-align: left;
width: 48%;
border-right:1px solid #ddd
}
#blog-pager-newer-link:before { 
content:"< Next"; 
font-size: 18px; 
letter-spacing: 2px;
display:block;
}

#blog-pager-older-link {
display: inline-table;
float: right;
padding:2em 6px 0;
text-align: right;
width: 48%;
}

#blog-pager-older-link:before { 
content:"Previous >";
font-size: 18px; 
letter-spacing: 2px;
display:block;
}


#blog-pager a{color:#6CB61A;
font-size:18px}

#blog-pager {
border-top: 1px solid #DDD;
border-bottom: 1px solid #DDD;
min-height: 6.5em;
margin: 0;
padding:0 1em;
font-size: 16px;
line-height: normal;
}

.showpageOf, .showpage a{  display:none;  }

.showpageNum a, .showpagePoint { margin: 0 6px 0 0; }

.showpagePoint, .showpageNum a{
padding:6px 12px;
color:white!important;
background:#6CB61A;
-webkit-border-radius: 50%;
-moz-border-radius: 50%;
border-radius: 50%;
}

/*=======================
	 Blockquote
======================= */

blockquote {
background: url("http://3.bp.blogspot.com/-wkm2RmV1TH4/Ud0G27MPsiI/AAAAAAAACfI/xaL0uFOJUI8/s1600/quote.png") no-repeat left top;
color: #888;
font-style: italic;
margin: 0px 0 10px 2em;
padding: 1.5em 1em 10px 4em;
}

/*=================
 Popular Post 
=================*/

.popular-posts ul {  padding-left: 0;  }

.popular-posts ul li {  list-style: none outside none !important;  margin-left: 0 !important;  overflow: hidden;  padding: 10px 0 !important;  transition: all 0.25s linear 0s;  }

.PopularPosts .item-thumbnail img {  display: block;   margin-right: 8px;  }

.PopularPosts .item-thumbnail {
float: left;
margin: 0 5px 5px 0;
}

.PopularPosts .item-title {
padding-bottom: .2em;
font-size: 16px;
text-align: left;
font-family: oswald;
padding: 0 0 0 0;
}

.popular-posts a{color:#6CB61A}

/*===================
	 Label 
=====================*/

.Label ul {
margin: 0 0 0 5px;
}

.Label li {
padding: 0;
margin: 0px 0 10px;
list-style: none;
}

.Label li a {
color: #FFF;
padding: 7px 20px;
background: #85CE35;
}
.Label li span
{
color: #FFF;
padding: 7px 20px;
background: #3e3e3e;
}



/*===================
	Input Button
=======================*/

#sbox {
padding: 0px 5px;
border: 0px solid #DDD;
outline: 0;
width: 65%;
min-height: 30px;
font-size: 12px;
text-transform: initial;
background: #6CB61A;
box-shadow: none;
color: #FFF;
}

#sbutton, #sbutton:hover, #sbutton:active {
left: -25px;
position: relative;
cursor: pointer;
box-shadow: none;
padding: 1px 6px;
height: 30px;
margin: 0;
background: #2E2E2E;
color: #FFF;
border: 0;
outline: 0;
border-radius: 0;
font: 12px arial;
text-transform: initial;
text-shadow: none;
vertical-align:middle!important;
}

/*====================
	Sidebar CSS
======================*/

.sidebar{  margin: 0;  padding: 0;  display: block;  }

.sidebar h2, .sidebar_right h2 {
font-size: 19px;
font-weight: normal;
margin-bottom: 12px;
text-transform: none;
position: relative;
z-index: 9999;
background: #FFF;
display: inline-block;
padding: 1px 15px 1px 0px;
}

.widget-content {
border-top: 1px solid #CCC;
padding: 1.5em 0 0 0;
position: relative;
top: -25px;
}

.sidebar .widget{  clear: both;  font-size: 16px;  line-height: 26px;  margin-bottom: 25px;  }

.sidebar ul{ margin:0; padding:0; list-style:none; }

.sidebar li{  margin: 0 0 0 15px;  padding: 0 0 5px;  text-transform: capitalize;  }


/*=================
	 Featured
===================*/
.featured-section {
width: 100%;
max-width: 1200px;
margin:0 auto
}

#featured .widget-content{
border:0;
position:relative;
top:0;
bottom:0;
left:0;
right:0;}

/*============
Reaview or Featured posts
===============*/

ul.slides{
margin:0;
padding:0}

.review .slides li {
width: 288px;
height: 150px;
float: left;
margin: 0px 5px 10px 5px;
list-style: none;
position: relative;
border: 1px solid #C5C5C5;
padding:0;
}

.review .slides li img{
width:100%;
height:100%}

.review .slides h2 {
font-size: 18px;
text-align: left;
position: absolute;
top: 0px;
display: block;
background: rgba(0, 0, 0, 0.5);
width:auto;
padding: 0 5px;
}

.review .slides h2 a{color:white}


/*==========
Featured Thumbnail Posts
==========================*/
.feature .slides li {
width: 130px;
height: 160px;
float: left;
margin: 0 5px 0 0px;
padding: 0;
list-style:none;
}
.feature .slides li img {
width: 100%;
height: 70%;
}

.feature .slides li h2, .feature .slides li h2 a{
font:16px arial;
color:#666;
}

/*====================
	Footer
====================*/
#footer{
width:100%;
color:#3d3d3d;
line-height:1.5em;
background:#f9f9f9;
overflow:hidden;
}

.footer-menu{margin:0 0 0 10px;padding:0}
.footer-menu li{margin:0;padding:0}

#footer .section{width:25%;float:left;padding:10px 5px;margin:0 1em 0 0}
#footer h2 {
color: #333;
padding: 5px 0 10px;
border: 0;
font-size: 18px;
line-height: 25px;
}
#footer .widget-content {
border: 0;
padding: 10px 3px;
position: relative;
top: 0;
bottom: 0;
right: 0;
left: 0;
}
.footer-credits {
background: #6AAD21;
color: #FFF;
font-size: 80%;
padding: 10px;
margin: 0;
overflow: hidden;
}
.footer-credits a {
color: #FFF;
font-weight: bold;
}


/*=====================
 Signup with email
========================*/
.FollowByEmail .follow-by-email-inner .follow-by-email-address {
width: 100%;
height: 30px;
font-size: 13px;
border: 0px inset;
background: #282928;
color: #ececec;
padding: 0 5px;
}

.FollowByEmail .follow-by-email-inner .follow-by-email-submit {
width:60px;
margin: 0;
margin-left: 8px;
border: 0;
border-radius: 1px;
-moz-border-radius: 1px;
background: #6CB61A;
color: #FFF;
cursor: pointer;
font-size: 13px;
height: 32px;
z-index: 0;
vertical-align: middle;
}

/*====================
	Comments CSS
======================*/
.comments {
padding: 30px 1em 0;
clear: both;
margin: 0 1em 1em;
background: #FFF;
border: 1px solid #DADADA;
}
.comments ol{
list-style:none;
counter-reset:trackit}
.comments ol li {
list-style:none;
counter-increment:trackit}

.comments ol li:before {
content: counters(trackit,".");
position: absolute;
right: 1.5em;
color: #6CB61A;
font-size: 24px;
background: rgba(133, 206, 53, 0.4);
border-radius: 50%;
-moz-border-radius: 50%;
padding: 1px 9px;
}

.comments .comments-content .comment-replies .comment-thread ol li:before {
content: counters(trackit,".");
position: absolute;
right: 2.5em;
color: rgba(1, 111, 1, 0.34);
font-size: 24px;
background: rgba(0, 0, 0, 0);
border-radius: 0%;
}
.comments h4 {  font-size: 25px;  line-height: 30px;  padding: 0;  text-transform: capitalize;  }

.comments .avatar-image-container {
float: left;
max-height: 65px;
overflow: hidden;
width: 65px;
max-width: 65px;
}

.comments .avatar-image-container img {
max-width: 65px;
max-height: 65px;
min-height: 65px;
min-width: 65px;
}

.comments .comment-block {
margin-left: 5em;
position: relative;
word-wrap: break-word;
}
.comments .comments-content .user {
font-style: normal;
font-weight: bold;
background: #85CE35;
padding: 1px 5px;
font-size: 14px;
}
.comments .comments-content .user a {
color: #FFF;
}
.comments .comments-content .icon.blog-author {
display: none;}

.comments .comments-content .datetime {
margin: 0;
background: rgba(133, 206, 53, 0.25);
padding: 1px 5px;
font-size: 14px;
}
.comments .comments-content .datetime a{color:#6CB61A}

.comments .thread-toggle {
display: none;
}

.comments .comments-content .comment-header {
margin: 0 0 8px -2em;
overflow: overlay;
position: relative;
}
.comments .comments-content .comment-replies .comment-thread ol li {
border-top: 2px solid #86B15E;
border-bottom:0px!important;
background: rgba(100, 201, 22, 0.1);
padding: 10px;
}
.comments .comments-content li.comment {
border-bottom: 2px solid #86B15E;
}
.comments .comments-content .comment:last-child {
border-bottom: 2px solid #86B15E;
padding-bottom: 0;
}

/*===========================
	Responsive styles
====================================*/

@media screen and (max-width: 1024px) {
#header, .header-right { float: none; text-align: center; width: 100%; }
.header-right .widget-content { margin: 0; }
}

@media screen and (max-width: 960px) {
.wrap1{    padding:0px;  }
.main-wrapper, .opt-in .opt-in-wrap{    margin:0;    width:100%;  }
.sidebar_right{display:none}
.sidebar-wrapper{  float: left; max-width: 100%;width:96%;  margin: 0px;padding:10px 3px  }
#subbox {  width: 60%;  }
#blog-pager-newer-link {
width: 48%;}
#blog-pager-older-link {
width: 44%;
}
}


@media screen and (max-width: 768px){
#header p.description { margin: 0; }
.header-right { display: none; }
#comment-editor { margin:10px; }
.footer { width: 50%; }
.review .slides li {
width: 48%;}
}


@media screen and (max-width: 500px){
#header img { width:100%; }
#header h1{font-size:50px}
.review .slides li {
width: 100%;}
}

@media screen and (max-width: 420px){
.comments .comments-content .datetime{    display:block;    float:none;    }
.comments .comments-content .comment-header {    height:70px;    }
}

@media screen and (max-width: 320px){
.footer { width: 100%; }
.wrap1{ padding:0; }
.post-body img{  max-width: 100%; }
.comments .comments-content .comment-replies {    margin-left: 0;    }

}

@media screen and (max-width:620px) and (min-width:480px)
{
.header-wrapper{margin-top:130px}
}

@media screen and (max-width:600px) and (min-width:320px)
{

#blog-pager a{font-size:14px}

#blog-pager-newer-link {
float: left;
padding: 2em 0px;
text-align: left;
width: 47%;
border-right: 0px solid #DDD;
}

#blog-pager-older-link {
float: right;
padding: 2em 0 .5em;
text-align: right;
width: 47%;
}

.relatedtitle {
font-size: 20px!important;
height: 35px!important;
}
.related-content a {
width: 96%!important;

}
.related-content img {
min-height: 180px!important;
}


}

/*****************************************
Hiding Header Date and Feed Links
******************************************/
h2.date-header,span.blog-admin,.status-msg-wrap {display:none!important;}

]]></b:skin>
 

<b:if cond='data:blog.searchLabel'>
<style>
  #blog-pager-newer-link:before, #blog-pager-older-link:before{display:none}
  </style>
</b:if>


<b:if cond='data:blog.pageType == &quot;index&quot;'>
<style type='text/css'>
.post-outer {
border-bottom: 1px solid #ddd;
}
#blog-pager {
border-top: 1px solid #DDD;
border-bottom:0;
padding: 2em 6px;
margin: 0;
min-height:0;
font-size: 16px;
line-height: normal;
}
</style>
</b:if>

    <link href='http://fonts.googleapis.com/css?family=Oswald:300, 700' rel='stylesheet' type='text/css'/>

<script src='http://ajax.googleapis.com/ajax/libs/jquery/1.7.1/jquery.min.js' type='text/javascript'/>
<script id='Readmore hack' src='https://googledrive.com/host/0BxRWAQDD7jACNzlYZ2lUU1B3bjg/' type='text/javascript'/>
<script id='gadget-mag.js' src='https://googledrive.com/host/0BxRWAQDD7jACWWMzcjluNUpLaE0/'/>
<script type='text/javascript'>
/*<![CDATA[*/

  // Error_redirect
var count =5  
var redirect="http://gadgetmag-trackers.blogspot.in/"  
  
function countDown(){  
 if (count <=0){  
  window.location = redirect;  
 }else{  
  count--;  
  document.getElementById("timer").innerHTML = "This page will redirect in "+count+" seconds."  
  setTimeout("countDown()", 1000)  
 }  
}  


  //Responsive Menu
$(function() {
			var pull 		= $('#pull');
				menu 		= $('nav ul');
				menuHeight	= menu.height();

			$(pull).on('click', function(e) {
				e.preventDefault();
				menu.slideToggle();
			});

			$(window).resize(function(){
        		var w = $(window).width();
        		if(w > 320 && menu.is(':hidden')) {
        			menu.removeAttr('style');
        		}
    		});
		});


  // Featured Content - Code credits www.spicytricks.com

hom_cat1 = 'Blogger'; 

 
imgr = new Array();
imgr[0] = "http://sites.google.com/site/fdblogsite/Home/nothumbnail.gif";
showRandomImg = true;
numposts1 = 4; 
 

  
//Automatic read more
var classicMode = true ;
var summary = 80;
var indent = 3;
img_width = 320;
img_height = 210


  // Image resizer
$(document).ready(function(){$(".PopularPosts").find("img").each(function(g,e){e=$(e);e.attr({src:e.attr("src").replace(/s\B\d{2,4}/,"s120")});e.attr("width",140);e.attr("height",90)})});

/*]]>*/</script>


</head>
<!--<body>-->
<body>
<div class='nav-menu'>
<div class='wrap1'>
  <nav class='clearfix'>
		<ul class='clearfix'>
          <li><a expr:href='data:blog.homepageUrl'>Home</a></li>
			<li><a href='#'>Technology</a></li>
			<li><a href='#'>Reviews</a></li>
			<li><a href='#'>Gadget</a></li>
			<li><a href='#'>Smartphones</a></li>
          <li><a href='#'>Lifestyle</a></li>
          <li class='lrn'><a href='http://templatetrackers.com' target='_blank'>Learn Who Has Created this Theme</a></li>	
		</ul>
		<a href='#' id='pull'>Menu</a>
	</nav>
   </div><!-- /wrap1 -->
</div><!-- /sub-nav-menu -->

          <div class='clr'/>
                <div class='header-wrapper'>
        <div class='wrap1'>
        <div class='header-inner-wrap'>
                <b:section class='header' id='header' maxwidgets='1' showaddelement='yes'>
                  <b:widget id='Header1' locked='true' title='Gadget Mag (Header)' type='Header'>
                    <b:includable id='main'>
  <b:if cond='data:useImage'>
    <b:if cond='data:imagePlacement == &quot;BEHIND&quot;'>
      <!--
      Show image as background to text. You can't really calculate the width
      reliably in JS because margins are not taken into account by any of
      clientWidth, offsetWidth or scrollWidth, so we don't force a minimum
      width if the user is using shrink to fit.
      This results in a margin-width's worth of pixels being cropped. If the
      user is not using shrink to fit then we expand the header.
      -->
      <b:if cond='data:mobile'>
          <div id='header-inner'>
            <div class='titlewrapper' style='background: transparent'>
              <h1 class='title' style='background: transparent; border-width: 0px'>
                <b:include name='title'/>
              </h1>
            </div>
            <b:include name='description'/>
          </div>
        <b:else/>
          <div expr:style='&quot;background-image: url(\&quot;&quot; + data:sourceUrl + &quot;\&quot;); &quot;                        + &quot;background-position: &quot;                        + data:backgroundPositionStyleStr + &quot;; &quot;                        + data:widthStyleStr                        + &quot;min-height: &quot; + data:height                        + &quot;_height: &quot; + data:height                        + &quot;background-repeat: no-repeat; &quot;' id='header-inner'>
            <div class='titlewrapper' style='background: transparent'>
              <h1 class='title' style='background: transparent; border-width: 0px'>
                <b:include name='title'/>
              </h1>
            </div>
            <b:include name='description'/>
          </div>
        </b:if>
    <b:else/>
      <!--Show the image only-->
      <div id='header-inner'>
        <a expr:href='data:blog.homepageUrl' style='display: block'>
          <img expr:alt='data:title' expr:id='data:widget.instanceId + &quot;_headerimg&quot;' expr:src='data:sourceUrl' style='display: block'/>
        </a>
        <!--Show the description-->
        <b:if cond='data:imagePlacement == &quot;BEFORE_DESCRIPTION&quot;'>
          <b:include name='description'/>
        </b:if>
      </div>
    </b:if>
  <b:else/>
    <!--No header image -->
    <div id='header-inner'>
      <div class='titlewrapper'>
        <h1 class='title'>
          <b:include name='title'/>
        </h1>
      </div>
      <b:include name='description'/>
    </div>
  </b:if>
</b:includable>
                    <b:includable id='description'>
  <div class='descriptionwrapper'>
    <p class='description'><span><data:description/></span></p>
  </div>
</b:includable>
                    <b:includable id='title'>
    <a expr:href='data:blog.homepageUrl'><data:title/></a>
</b:includable>
                  </b:widget>
                </b:section>
        </div><!-- /header-inner-wrap -->
      
</div>
      </div>
          <div class='clr'/>       
<div class='featured-section'>
  <b:section class='featured' id='featured' showaddedelement='yes'>
    <b:widget id='HTML3' locked='false' title='' type='HTML'>
      <b:includable id='main'>
  <!-- only display title if it's non-empty -->
  <b:if cond='data:title != &quot;&quot;'>
    <h2 class='title'><data:title/></h2>
  </b:if>
  <div class='widget-content'>
<div class='review'>
				<script type='text/javaScript'>
   		 document.write(&quot;&lt;script src=\&quot;/feeds/posts/default/-/&quot;+hom_cat1+&quot;?max-results=&quot;+numposts1+&quot;&amp;orderby=published&amp;alt=json-in-script&amp;callback=showrecentposts1\&quot;&gt;&lt;\/script&gt;&quot;);
				</script>
		
    </div>
  </div>

  <b:include name='quickedit'/>
</b:includable>
    </b:widget>
  </b:section>
  </div>
  <div class='clr'/>
        <div class='wrap1'>
           <div class='outer-wrapper'>

             <!-- /Right-Sidebar -->

<div class='right-wrapper'>
  <b:section class='sidebar_right' id='sidebar_right' showaddedelement='yes'>
    <b:widget id='HTML4' locked='false' title='' type='HTML'>
      <b:includable id='main'>
  <!-- only display title if it's non-empty -->
  <b:if cond='data:title != &quot;&quot;'>
    <h2 class='title'><data:title/></h2>
  </b:if>
  <div class='widget-content'>
    <data:content/>
  </div>

  <b:include name='quickedit'/>
</b:includable>
    </b:widget>
    <b:widget id='Label1' locked='false' title='Recipes For You' type='Label'>
      <b:includable id='main'>
  <b:if cond='data:title'>
    <h2><data:title/></h2>
  </b:if>
  <div expr:class='&quot;widget-content &quot; + data:display + &quot;-label-widget-content&quot;'>
    <b:if cond='data:display == &quot;list&quot;'>
      <ul>
      <b:loop values='data:labels' var='label'>
        <li>
          <b:if cond='data:blog.url == data:label.url'>
            <span expr:dir='data:blog.languageDirection'><data:label.name/></span>
          <b:else/>
            <a expr:dir='data:blog.languageDirection' expr:href='data:label.url'><data:label.name/></a>
          </b:if>
          <b:if cond='data:showFreqNumbers'>
            <span dir='ltr'>(<data:label.count/>)</span>
          </b:if>
        </li>
      </b:loop>
      </ul>
    <b:else/>
      <b:loop values='data:labels' var='label'>
        <span expr:class='&quot;label-size label-size-&quot; + data:label.cssSize'>
          <b:if cond='data:blog.url == data:label.url'>
            <span expr:dir='data:blog.languageDirection'><data:label.name/></span>
          <b:else/>
            <a expr:dir='data:blog.languageDirection' expr:href='data:label.url'><data:label.name/></a>
          </b:if>
          <b:if cond='data:showFreqNumbers'>
            <span class='label-count' dir='ltr'>(<data:label.count/>)</span>
          </b:if>
        </span>
      </b:loop>
    </b:if>
    <b:include name='quickedit'/>
  </div>
</b:includable>
    </b:widget>
  </b:section>             
</div>

             <!-- /End Sidebar-Right -->
<div class='col2'>
<div class='main-wrapper'>
<div class='error-page'> 
<b:if cond='data:blog.pageType == &quot;error_page&quot;'>
<style>
/*=================
 Error_redirection
====================*/
.error-page {
margin: 0em 0;
height: 300px;
position:absolute;
top:120px;}

#error {
font-size: 20px;
text-align: center;
padding:0;
margin:0;
color: #41AD1F;
}
#timer {
padding:0;
margin:0;
color: #EE261E;
font-size: 1.1rem;
text-align:center
}

@media screen and (max-width:1100px)
{
.error-page{position:relative}
}
  </style>

<!-- /Do Not edit This is any condition -->

<!-- Auto Redirect On Error -->

 <div id='error'>Seems Like You&#39;ve Landed on Page which does not exists</div>
<div id='timer'>
  <script>  
 countDown();  
</script> 
</div>  
</b:if>
</div>
<!-- /Ends Here -->

<!-- /Main-wrapper -->
                    <b:section class='content' id='content' showaddelement='no'>
                      <b:widget id='Blog1' locked='true' title='Blog Posts' type='Blog'>
                        <b:includable id='main' var='top'>
  <b:if cond='data:mobile == &quot;false&quot;'>

    <!-- posts -->
    <div class='blog-posts hfeed'>

      <b:include data='top' name='status-message'/>

      <data:defaultAdStart/>
      <b:loop values='data:posts' var='post'>
        <b:if cond='data:post.isDateStart'>
          <b:if cond='data:post.isFirstPost == &quot;false&quot;'>
            &lt;/div&gt;&lt;/div&gt;
          </b:if>
        </b:if>
        <b:if cond='data:post.isDateStart'>
          &lt;div class=&quot;date-outer&quot;&gt;
        </b:if>
        <b:if cond='data:post.dateHeader'>
          <h2 class='date-header'><span><data:post.dateHeader/></span></h2>
        </b:if>
        <b:if cond='data:post.isDateStart'>
          &lt;div class=&quot;date-posts&quot;&gt;
        </b:if>
 <!-- navigation -->
 <b:if cond='data:blog.pageType == &quot;item&quot;'>
    <b:include name='nextprev'/>
   </b:if>
        <div class='post-outer'>
        <b:include data='post' name='post'/>
        <b:if cond='data:blog.pageType == &quot;static_page&quot;'>
          <b:include data='post' name='comment_picker'/>
        </b:if>
        <b:if cond='data:blog.pageType == &quot;item&quot;'>
          <b:include data='post' name='comment_picker'/>
        </b:if>
        </div>
        <b:if cond='data:post.includeAd'>
          <b:if cond='data:post.isFirstPost'>
            <data:defaultAdEnd/>
          <b:else/>
            <data:adEnd/>
          </b:if>
          <div class='inline-ad'>
            <data:adCode/>
          </div>
          <data:adStart/>
        </b:if>
      </b:loop>
      <b:if cond='data:numPosts != 0'>
        &lt;/div&gt;&lt;/div&gt;
      </b:if>
      <data:adEnd/>
    </div>
 <b:if cond='data:blog.pageType == &quot;index&quot;'>
  <!-- navigation -->
    <b:include name='nextprev'/>
  </b:if>
    

    <b:if cond='data:top.showStars'>
      <script src='//www.google.com/jsapi' type='text/javascript'/>
      <script type='text/javascript'>
        google.load(&quot;annotations&quot;, &quot;1&quot;, {&quot;locale&quot;: &quot;<data:top.languageCode/>&quot;});
        function initialize() {
          google.annotations.setApplicationId(<data:top.blogspotReviews/>);
          google.annotations.createAll();
          google.annotations.fetch();
        }
        google.setOnLoadCallback(initialize);
      </script>
    </b:if>

  <b:else/>
    <b:include name='mobile-main'/>
  </b:if>

  <b:if cond='data:top.showDummy'>
    <data:top.dummyBootstrap/>
  </b:if>

</b:includable>
                        <b:includable id='backlinkDeleteIcon' var='backlink'>
  <span expr:class='&quot;item-control &quot; + data:backlink.adminClass'>
    <a expr:href='data:backlink.deleteUrl' expr:title='data:top.deleteBacklinkMsg'>
      <img src='//www.blogger.com/img/icon_delete13.gif'/>
    </a>
  </span>
</b:includable>
                        <b:includable id='backlinks' var='post'>
  <a name='links'/><h4><data:post.backlinksLabel/></h4>
  <b:if cond='data:post.numBacklinks != 0'>
    <dl class='comments-block' id='comments-block'>
      <b:loop values='data:post.backlinks' var='backlink'>
        <div class='collapsed-backlink backlink-control'>
          <dt class='comment-title'>
            <span class='backlink-toggle-zippy'>&#160;</span>
            <a expr:href='data:backlink.url' rel='nofollow'><data:backlink.title/></a>
            <b:include data='backlink' name='backlinkDeleteIcon'/>
          </dt>
          <dd class='comment-body collapseable'>
            <data:backlink.snippet/>
          </dd>
          <dd class='comment-footer collapseable'>
            <span class='comment-author'><data:post.authorLabel/> <data:backlink.author/></span>
            <span class='comment-timestamp'><data:post.timestampLabel/> <data:backlink.timestamp/></span>
          </dd>
        </div>
      </b:loop>
    </dl>
  </b:if>
  <p class='comment-footer'>
    <a class='comment-link' expr:href='data:post.createLinkUrl' expr:id='data:widget.instanceId + &quot;_backlinks-create-link&quot;' target='_blank'><data:post.createLinkLabel/></a>
  </p>
</b:includable>
                        <b:includable id='comment-form' var='post'>
<div class='cmt_iframe_holder' expr:data-href='data:post.canonicalUrl' expr:data-viewtype='data:post.viewType'/>
  <div class='comment-form'>
    <a name='comment-form'/>
    <b:if cond='data:mobile'>
      <h4 id='comment-post-message'>
        <a expr:id='data:widget.instanceId + &quot;_comment-editor-toggle-link&quot;' href='javascript:void(0)'><data:postCommentMsg/></a></h4>
      <p><data:blogCommentMessage/></p>
      <data:blogTeamBlogMessage/>
      <a expr:href='data:post.commentFormIframeSrc' id='comment-editor-src'/>
      <iframe allowtransparency='true' class='blogger-iframe-colorize blogger-comment-from-post' frameborder='0' height='410' id='comment-editor' name='comment-editor' src='' style='display: none' width='100%'/>
    <b:else/>
      <h4 id='comment-post-message'><data:postCommentMsg/></h4>
      <p><data:blogCommentMessage/></p>
      <data:blogTeamBlogMessage/>
      <a expr:href='data:post.commentFormIframeSrc' id='comment-editor-src'/>
      <iframe allowtransparency='true' class='blogger-iframe-colorize blogger-comment-from-post' frameborder='0' height='410' id='comment-editor' name='comment-editor' src='' width='100%'/>
    </b:if>
    <data:post.friendConnectJs/>
    <data:post.cmtfpIframe/>
    <script type='text/javascript'>
      BLOG_CMT_createIframe(&#39;<data:post.appRpcRelayPath/>&#39;, &#39;<data:post.communityId/>&#39;);
    </script>
  </div>
</b:includable>
                        <b:includable id='commentDeleteIcon' var='comment'>
  <span expr:class='&quot;item-control &quot; + data:comment.adminClass'>
    <b:if cond='data:showCmtPopup'>
      <div class='goog-toggle-button'>
        <div class='goog-inline-block comment-action-icon'/>
      </div>
    <b:else/>
      <a class='comment-delete' expr:href='data:comment.deleteUrl' expr:title='data:top.deleteCommentMsg'>
        <img src='//www.blogger.com/img/icon_delete13.gif'/>
      </a>
    </b:if>
  </span>
</b:includable>
                        <b:includable id='comment_count_picker' var='post'>
  <b:if cond='data:post.commentSource == 1'>
    <span class='cmt_count_iframe_holder' expr:data-count='data:post.numComments' expr:data-onclick='data:post.addCommentOnclick' expr:data-post-url='data:post.url' expr:data-url='data:post.canonicalUrl'>
    </span>
  <b:else/>
    <a class='comment-link' expr:href='data:post.addCommentUrl' expr:onclick='data:post.addCommentOnclick'>
      <data:post.commentLabelFull/>:
    </a>
  </b:if>
</b:includable>
                        <b:includable id='comment_picker' var='post'>
  <b:if cond='data:post.commentSource == 1'>
    <b:include data='post' name='iframe_comments'/>
  <b:else/>
    <b:if cond='data:post.showThreadedComments'>
      <b:include data='post' name='threaded_comments'/>
    <b:else/>
      <b:include data='post' name='comments'/>
    </b:if>
  </b:if>
</b:includable>
                        <b:includable id='comments' var='post'>
  <div class='comments' id='comments'>
    <a name='comments'/>
    <b:if cond='data:post.allowComments'>
      <h4>
        <b:if cond='data:post.numComments == 1'>
          1 <data:commentLabel/>:
        <b:else/>
          <data:post.numComments/> <data:commentLabelPlural/>:
        </b:if>
      </h4>

      <b:if cond='data:post.commentPagingRequired'>
        <span class='paging-control-container'>
          <a expr:class='data:post.oldLinkClass' expr:href='data:post.oldestLinkUrl'><data:post.oldestLinkText/></a>
          &#160;
          <a expr:class='data:post.oldLinkClass' expr:href='data:post.olderLinkUrl'><data:post.olderLinkText/></a>
          &#160;
          <data:post.commentRangeText/>
          &#160;
          <a expr:class='data:post.newLinkClass' expr:href='data:post.newerLinkUrl'><data:post.newerLinkText/></a>
          &#160;
          <a expr:class='data:post.newLinkClass' expr:href='data:post.newestLinkUrl'><data:post.newestLinkText/></a>
        </span>
      </b:if>

      <div expr:id='data:widget.instanceId + &quot;_comments-block-wrapper&quot;'>
        <dl expr:class='data:post.avatarIndentClass' id='comments-block'>
          <b:loop values='data:post.comments' var='comment'>
            <dt expr:class='&quot;comment-author &quot; + data:comment.authorClass' expr:id='data:comment.anchorName'>
              <b:if cond='data:comment.favicon'>
                <img expr:src='data:comment.favicon' height='16px' style='margin-bottom:-2px;' width='16px'/>
              </b:if>
              <a expr:name='data:comment.anchorName'/>
              <b:if cond='data:blog.enabledCommentProfileImages'>
                <data:comment.authorAvatarImage/>
              </b:if>
              <b:if cond='data:comment.authorUrl'>
                <a expr:href='data:comment.authorUrl' rel='nofollow'><data:comment.author/></a>
              <b:else/>
                <data:comment.author/>
              </b:if>
              <data:commentPostedByMsg/>
            </dt>
            <dd class='comment-body' expr:id='data:widget.instanceId + data:comment.cmtBodyIdPostfix'>
              <b:if cond='data:comment.isDeleted'>
                <span class='deleted-comment'><data:comment.body/></span>
              <b:else/>
                <p>
                  <data:comment.body/>
                </p>
              </b:if>
            </dd>
            <dd class='comment-footer'>
              <span class='comment-timestamp'>
                <a expr:href='data:comment.url' title='comment permalink'>
                  <data:comment.timestamp/>
                </a>
                <b:include data='comment' name='commentDeleteIcon'/>
              </span>
            </dd>
          </b:loop>
        </dl>
      </div>

      <b:if cond='data:post.commentPagingRequired'>
        <span class='paging-control-container'>
          <a expr:class='data:post.oldLinkClass' expr:href='data:post.oldestLinkUrl'>
            <data:post.oldestLinkText/>
          </a>
          <a expr:class='data:post.oldLinkClass' expr:href='data:post.olderLinkUrl'>
            <data:post.olderLinkText/>
          </a>
          &#160;
          <data:post.commentRangeText/>
          &#160;
          <a expr:class='data:post.newLinkClass' expr:href='data:post.newerLinkUrl'>
            <data:post.newerLinkText/>
          </a>
          <a expr:class='data:post.newLinkClass' expr:href='data:post.newestLinkUrl'>
            <data:post.newestLinkText/>
          </a>
        </span>
      </b:if>

      <p class='comment-footer'>
        <b:if cond='data:post.embedCommentForm'>
          <b:if cond='data:post.allowNewComments'>
            <b:include data='post' name='comment-form'/>
          <b:else/>
            <data:post.noNewCommentsText/>
          </b:if>
        <b:else/>
          <b:if cond='data:post.allowComments'>
            <a expr:href='data:post.addCommentUrl' expr:onclick='data:post.addCommentOnclick'><data:postCommentMsg/></a>
          </b:if>
        </b:if>

      </p>
    </b:if>
    <b:if cond='data:showCmtPopup'>
      <div id='comment-popup'>
        <iframe allowtransparency='true' frameborder='0' id='comment-actions' name='comment-actions' scrolling='no'>
        </iframe>
      </div>
    </b:if>

    <div id='backlinks-container'>
    <div expr:id='data:widget.instanceId + &quot;_backlinks-container&quot;'>
       <b:if cond='data:post.showBacklinks'>
         <b:include data='post' name='backlinks'/>
       </b:if>
    </div>
    </div>
  </div>
</b:includable>
                        <b:includable id='feedLinks'>
  <b:if cond='data:blog.pageType != &quot;item&quot;'> <!-- Blog feed links -->
    <b:if cond='data:feedLinks'>
      <div class='blog-feeds'>
        <b:include data='feedLinks' name='feedLinksBody'/>
      </div>
    </b:if>

    <b:else/> <!--Post feed links -->
    <div class='post-feeds'>
      <b:loop values='data:posts' var='post'>
        <b:if cond='data:post.allowComments'>
          <b:if cond='data:post.feedLinks'>
            <b:include data='post.feedLinks' name='feedLinksBody'/>
          </b:if>
        </b:if>
      </b:loop>
    </div>
  </b:if>
</b:includable>
                        <b:includable id='feedLinksBody' var='links'>
  <div class='feed-links'>
  <data:feedLinksMsg/>
  <b:loop values='data:links' var='f'>
     <a class='feed-link' expr:href='data:f.url' expr:type='data:f.mimeType' target='_blank'><data:f.name/> (<data:f.feedType/>)</a>
  </b:loop>
  </div>
</b:includable>
                        <b:includable id='iframe_comments' var='post'>

  <b:if cond='data:post.allowIframeComments'>
    <script expr:src='data:post.iframeCommentSrc' type='text/javascript'/>
    <div class='cmt_iframe_holder' expr:data-href='data:post.canonicalUrl' expr:data-viewtype='data:post.viewType'/>

    <b:if cond='data:post.embedCommentForm == &quot;false&quot;'>
      <a expr:href='data:post.addCommentUrl' expr:onclick='data:post.addCommentOnclick'><data:postCommentMsg/></a>
    </b:if>
  </b:if>
</b:includable>
                        <b:includable id='mobile-index-post' var='post'>
  <div class='mobile-date-outer date-outer'>
    <b:if cond='data:post.dateHeader'>
      <div class='date-header'>
        <span><data:post.dateHeader/></span>
      </div>
    </b:if>

    <div class='mobile-post-outer'>
      <a expr:href='data:post.url'>
        <h3 class='mobile-index-title entry-title' itemprop='name'>
          <data:post.title/>
        </h3>

        <div class='mobile-index-arrow'>&amp;rsaquo;</div>

        <div class='mobile-index-contents'>
          <b:if cond='data:post.thumbnailUrl'>
            <div class='mobile-index-thumbnail'>
              <div class='Image'>
                <img expr:src='data:post.thumbnailUrl'/>
              </div>
            </div>
          </b:if>

          <div class='post-body'>
            <b:if cond='data:post.snippet'><data:post.snippet/></b:if>
          </div>
        </div>

        <div style='clear: both;'/>
      </a>

      <div class='mobile-index-comment'>
        <b:if cond='data:blog.pageType != &quot;static_page&quot;'>
          <b:if cond='data:post.allowComments'>
            <b:if cond='data:post.numComments != 0'>
              <a class='comment-link' expr:href='data:post.addCommentUrl' expr:onclick='data:post.addCommentOnclick'><b:if cond='data:post.numComments == 1'>1 <data:top.commentLabel/><b:else/><data:post.numComments/> <data:top.commentLabelPlural/></b:if></a>
            </b:if>
          </b:if>
        </b:if>
      </div>
    </div>
  </div>
</b:includable>
                        <b:includable id='mobile-main' var='top'>
    <!-- posts -->
    <div class='blog-posts hfeed'>

      <b:include data='top' name='status-message'/>

      <b:if cond='data:blog.pageType == &quot;index&quot;'>
        <b:loop values='data:posts' var='post'>
          <b:include data='post' name='mobile-index-post'/>
        </b:loop>
      <b:else/>
        <b:loop values='data:posts' var='post'>
          <b:include data='post' name='mobile-post'/>
        </b:loop>
      </b:if>
    </div>

   <b:include name='mobile-nextprev'/>
</b:includable>
                        <b:includable id='mobile-nextprev'>
  <div class='blog-pager' id='blog-pager'>
    <b:if cond='data:newerPageUrl'>
      <div class='mobile-link-button' id='blog-pager-newer-link'>
      <a class='blog-pager-newer-link' expr:href='data:newerPageUrl' expr:id='data:widget.instanceId + &quot;_blog-pager-newer-link&quot;' expr:title='data:newerPageTitle'>&amp;lsaquo;</a>
      </div>
    </b:if>

    <b:if cond='data:olderPageUrl'>
      <div class='mobile-link-button' id='blog-pager-older-link'>
      <a class='blog-pager-older-link' expr:href='data:olderPageUrl' expr:id='data:widget.instanceId + &quot;_blog-pager-older-link&quot;' expr:title='data:olderPageTitle'>&amp;rsaquo;</a>
      </div>
    </b:if>

    <div class='mobile-link-button' id='blog-pager-home-link'>
    <a class='home-link' expr:href='data:blog.homepageUrl'><data:homeMsg/></a>
    </div>

    <div class='mobile-desktop-link'>
      <a class='home-link' expr:href='data:desktopLinkUrl'><data:desktopLinkMsg/></a>
    </div>

  </div>
  <div class='clear'/>
</b:includable>
                        <b:includable id='mobile-post' var='post'>
  <div class='date-outer'>
    <b:if cond='data:post.dateHeader'>
      <h2 class='date-header'><span><data:post.dateHeader/></span></h2>
    </b:if>
    <div class='date-posts'>
      <div class='post-outer'>

        <div class='post hentry uncustomized-post-template'>
          <a expr:name='data:post.id'/>
          <b:if cond='data:post.title'>
            <h1 class='post-title entry-title'>
              <b:if cond='data:post.link'>
                <a expr:href='data:post.link'><data:post.title/></a>
              <b:else/>
                <b:if cond='data:post.url'>
                  <b:if cond='data:blog.url != data:post.url'>
                    <a expr:href='data:post.url'><data:post.title/></a>
                  <b:else/>
                    <data:post.title/>
                  </b:if>
                <b:else/>
                  <data:post.title/>
                </b:if>
              </b:if>
            </h1>
          </b:if>

          <div class='post-header'>
            <div class='post-header-line-1'/>
          </div>

          <div class='post-body entry-content' expr:id='&quot;post-body-&quot; + data:post.id'>
            <data:post.body/>
            <div style='clear: both;'/> <!-- clear for photos floats -->
          </div>

          <div class='post-footer'>
            <div class='post-footer-line post-footer-line-1'>
              <span class='post-author vcard'>
                <b:if cond='data:top.showAuthor'>
                  <b:if cond='data:post.authorProfileUrl'>
                    <span class='fn'>
                      <a expr:href='data:post.authorProfileUrl' rel='author' title='author profile'>
                        <data:post.author/>
                      </a>
                    </span>
                  <b:else/>
                    <span class='fn'><data:post.author/></span>
                  </b:if>
                </b:if>
              </span>

              <span class='post-timestamp'>
                <b:if cond='data:top.showTimestamp'>
                  <data:top.timestampLabel/>
                  <b:if cond='data:post.url'>
                    <a class='timestamp-link' expr:href='data:post.url' rel='bookmark' title='permanent link'><abbr class='published' expr:title='data:post.timestampISO8601'><data:post.timestamp/></abbr></a>
                  </b:if>
                </b:if>
              </span>

              <span class='post-comment-link'>
                <b:if cond='data:blog.pageType != &quot;item&quot;'>
                  <b:if cond='data:blog.pageType != &quot;static_page&quot;'>
                    <b:if cond='data:post.allowComments'>
                      <a class='comment-link' expr:href='data:post.addCommentUrl' expr:onclick='data:post.addCommentOnclick'><b:if cond='data:post.numComments == 1'>1 <data:top.commentLabel/><b:else/><data:post.numComments/> <data:top.commentLabelPlural/></b:if></a>
                    </b:if>
                  </b:if>
                </b:if>
              </span>
            </div>

            <div class='post-footer-line post-footer-line-2'>
              <b:if cond='data:top.showMobileShare'>
                <div class='mobile-link-button goog-inline-block' id='mobile-share-button'>
                  <a href='javascript:void(0);'><data:shareMsg/></a>
                </div>
              </b:if>
              <b:if cond='data:top.showDummy'>
                <div class='goog-inline-block dummy-container'><data:post.dummyTag/></div>
              </b:if>
            </div>

          </div>
        </div>
        <b:if cond='data:blog.pageType == &quot;static_page&quot;'>
          <b:include data='post' name='comment_picker'/>
        </b:if>
        <b:if cond='data:blog.pageType == &quot;item&quot;'>
          <b:include data='post' name='comment_picker'/>
        </b:if>
      </div>
    </div>
  </div>
</b:includable>
                        <b:includable id='nextprev'>
  <div class='blog-pager' id='blog-pager'>
    <b:if cond='data:newerPageUrl'>
      <div id='blog-pager-newer-link'>
      <a class='blog-pager-newer-link' expr:href='data:newerPageUrl' expr:id='data:widget.instanceId + &quot;_blog-pager-newer-link&quot;' expr:title='data:newerPageTitle'>&#8592; <data:newerPageTitle/></a>
      </div>
    </b:if>

    <b:if cond='data:olderPageUrl'>
      <div id='blog-pager-older-link'>
      <a class='blog-pager-older-link' expr:href='data:olderPageUrl' expr:id='data:widget.instanceId + &quot;_blog-pager-older-link&quot;' expr:title='data:olderPageTitle'><data:olderPageTitle/> &#8594;</a>
      </div>
    </b:if>

    <a class='home-link' expr:href='data:blog.homepageUrl'><data:homeMsg/></a>

    <b:if cond='data:mobileLinkUrl'>
      <div class='blog-mobile-link'>
        <a expr:href='data:mobileLinkUrl'><data:mobileLinkMsg/></a>
      </div>
    </b:if>

  </div>
  <div class='clear'/>
</b:includable>
                        <b:includable id='post' var='post'>
  <div class='post hentry'>
  <b:if cond='data:blog.pageType == &quot;item&quot;'>
    <div class='post-header'>
    <div class='post-header-line-1'>
      <span class='post-labels'>
       In <b:if cond='data:post.labels'>
          <b:loop values='data:post.labels' var='label'>
            <a expr:href='data:label.url' rel='tag'><data:label.name/></a><b:if cond='data:label.isLast != &quot;true&quot;'>,</b:if>
          </b:loop>
        </b:if>
      </span>
<span class='post-author vcard'>
        <b:if cond='data:top.showAuthor'>
          <span class='fn'>by <a expr:href='data:userUrl' rel='author'><data:post.author/></a> </span>
        </b:if>
      </span> 

<span class='post-timestamp'>
        <b:if cond='data:top.showTimestamp'>
        <b:if cond='data:post.url'>
          <data:post.timestamp/>
        </b:if>
        </b:if>
      </span>
            <b:if cond='data:post.allowComments'>
<span class='post-comment-link'>
              <a expr:href='data:post.addCommentUrl' expr:onclick='data:post.addCommentOnclick'><b:if cond='data:post.numComments == 0'>Leave a Comment</b:if><b:if cond='data:post.numComments == 1'>1 comment</b:if><b:if cond='data:post.numComments &gt;= 2'><data:post.numComments/> comments</b:if></a>
      </span>
        </b:if>
</div>
    </div></b:if>

                        <b:if cond='data:blog.pageType == &quot;item&quot;'>
                          <b:if cond='data:post.title'>
                            <h1 class='post-title entry-title'>
                              <b:if cond='data:post.link'>       
                                <a expr:href='data:post.link'><data:post.title/></a>    
                                <b:else/>
                                <b:if cond='data:post.url'>
                                  <b:if cond='data:blog.url != data:post.url'>
                                    <a expr:href='data:post.url'><data:post.title/></a>
                                    <b:else/>
                                    <data:post.title/>
                                  </b:if>
                                  <b:else/>
                                  <data:post.title/>
                                </b:if>
                              </b:if>
                            </h1>
                          </b:if>
                          <b:else/>
                          <b:if cond='data:post.title'>
                            <h2 class='post-title entry-title'>
                              <b:if cond='data:post.link'>
                                <a expr:href='data:post.link'><data:post.title/></a>  
                                <b:else/>
                                <b:if cond='data:post.url'>
                                  <b:if cond='data:blog.url != data:post.url'>
                                    <a expr:href='data:post.url'><data:post.title/></a>
                                    <b:else/>
                                    <data:post.title/>
                                  </b:if>
                                  <b:else/>
                                  <data:post.title/>
                                </b:if>
                              </b:if>
                            </h2>
                          </b:if>
                        </b:if>

    <div class='post-body entry-content' expr:id='&quot;post-body-&quot; + data:post.id'>
      <b:if cond='data:blog.pageType == &quot;item&quot;'>
<data:post.body/>
<b:else/>
<b:if cond='data:blog.pageType == &quot;static_page&quot;'>
<data:post.body/>
<b:else/>
<div expr:id='&quot;summary&quot; + data:post.id'>
<data:post.body/>
</div>

<script type='text/javascript'>
createSummaryAndThumb(&quot;summary<data:post.id/>&quot;,&quot;<data:post.title/>&quot;,&quot;<data:post.url/>&quot;,&quot;<data:post.timestamp/>&quot;,&quot;<data:post.numComments/>&quot;);
</script>
<span class='readmore'><a expr:href='data:post.url'>+</a></span>
</b:if>
</b:if>
      <div style='clear: both;'/> <!-- clear for photos floats -->
    </div>

    <div class='post-footer'>
    <div class='post-footer-line post-footer-line-1'>
<b:if cond='data:blog.pageType == &quot;item&quot;'>

<b:if cond='data:blog.pageType == &quot;item&quot;'>
<div style='clear:both;'/>
<br/>  <br/>
<div class='related-posts'>
<b:if cond='data:blog.pageType == &quot;item&quot;'>
<div id='related-posts'>
<b:loop values='data:post.labels' var='label'>
<b:if cond='data:label.isLast != &quot;true&quot;'>
</b:if>
<b:if cond='data:blog.pageType == &quot;item&quot;'>
<script expr:src='&quot;/feeds/posts/default/-/&quot; + data:label.name + &quot;?alt=json-in-script&amp;callback=related_results_labels_thumbs&amp;max-results=6&quot;' type='text/javascript'/></b:if></b:loop>
<script type='text/javascript'>
var currentposturl=&quot;<data:post.url/>&quot;;
var maxresults=3;
var relatedpoststitle=&quot;More For You&quot;;
removeRelatedDuplicates_thumbs();
printRelatedLabels_thumbs();
</script>
</div><div style='clear:both'/>
</b:if>
</div>
</b:if>

      <div style='clear: both;'/>
</b:if>
</div>

      <div class='post-footer-line post-footer-line-2'>

 </div>

      <div class='post-footer-line post-footer-line-3'><span class='post-location'>
        <b:if cond='data:top.showLocation'>
          <b:if cond='data:post.location'>
            <data:postLocationLabel/>
            <a expr:href='data:post.location.mapsUrl' target='_blank'><data:post.location.name/></a>
          </b:if>
        </b:if>
      </span> </div>
    </div>
  </div>
</b:includable>
                        <b:includable id='postQuickEdit' var='post'>
  <b:if cond='data:post.editUrl'>
    <span expr:class='&quot;item-control &quot; + data:post.adminClass'>
      <a expr:href='data:post.editUrl' expr:title='data:top.editPostMsg'>
        <img alt='' class='icon-action' height='18' src='http://img2.blogblog.com/img/icon18_edit_allbkg.gif' width='18'/>
      </a>
    </span>
  </b:if>
</b:includable>
                        <b:includable id='shareButtons' var='post'>
  <b:if cond='data:top.showEmailButton'><a class='goog-inline-block share-button sb-email' expr:href='data:post.sharePostUrl + &quot;&amp;target=email&quot;' expr:title='data:top.emailThisMsg' target='_blank'><span class='share-button-link-text'><data:top.emailThisMsg/></span></a></b:if><b:if cond='data:top.showBlogThisButton'><a class='goog-inline-block share-button sb-blog' expr:href='data:post.sharePostUrl + &quot;&amp;target=blog&quot;' expr:onclick='&quot;window.open(this.href, \&quot;_blank\&quot;, \&quot;height=270,width=475\&quot;); return false;&quot;' expr:title='data:top.blogThisMsg' target='_blank'><span class='share-button-link-text'><data:top.blogThisMsg/></span></a></b:if><b:if cond='data:top.showTwitterButton'><a class='goog-inline-block share-button sb-twitter' expr:href='data:post.sharePostUrl + &quot;&amp;target=twitter&quot;' expr:title='data:top.shareToTwitterMsg' target='_blank'><span class='share-button-link-text'><data:top.shareToTwitterMsg/></span></a></b:if><b:if cond='data:top.showFacebookButton'><a class='goog-inline-block share-button sb-facebook' expr:href='data:post.sharePostUrl + &quot;&amp;target=facebook&quot;' expr:onclick='&quot;window.open(this.href, \&quot;_blank\&quot;, \&quot;height=430,width=640\&quot;); return false;&quot;' expr:title='data:top.shareToFacebookMsg' target='_blank'><span class='share-button-link-text'><data:top.shareToFacebookMsg/></span></a></b:if><b:if cond='data:top.showOrkutButton'><a class='goog-inline-block share-button sb-orkut' expr:href='data:post.sharePostUrl + &quot;&amp;target=orkut&quot;' expr:title='data:top.shareToOrkutMsg' target='_blank'><span class='share-button-link-text'><data:top.shareToOrkutMsg/></span></a></b:if><b:if cond='data:top.showDummy'><div class='goog-inline-block dummy-container'><data:post.dummyTag/></div></b:if>
</b:includable>
                        <b:includable id='status-message'>
  <b:if cond='data:navMessage'>
  <div class='status-msg-wrap'>
    <div class='status-msg-body'>
      <data:navMessage/>
    </div>
    <div class='status-msg-border'>
      <div class='status-msg-bg'>
        <div class='status-msg-hidden'><data:navMessage/></div>
      </div>
    </div>
  </div>
  <div style='clear: both;'/>
  </b:if>
</b:includable>
                        <b:includable id='threaded-comment-form' var='post'>
  <div class='comment-form'>
    <a name='comment-form'/>
    <b:if cond='data:mobile'>
      <p><data:blogCommentMessage/></p>
      <data:blogTeamBlogMessage/>
      <a expr:href='data:post.commentFormIframeSrc' id='comment-editor-src'/>
      <iframe allowtransparency='true' class='blogger-iframe-colorize blogger-comment-from-post' frameborder='0' height='410' id='comment-editor' name='comment-editor' src='' style='display: none' width='100%'/>
    <b:else/>
      <p><data:blogCommentMessage/></p>
      <data:blogTeamBlogMessage/>
      <a expr:href='data:post.commentFormIframeSrc' id='comment-editor-src'/>
      <iframe allowtransparency='true' class='blogger-iframe-colorize blogger-comment-from-post' frameborder='0' height='410' id='comment-editor' name='comment-editor' src='' width='100%'/>
    </b:if>
    <data:post.friendConnectJs/>
    <data:post.cmtfpIframe/>
    <script type='text/javascript'>
      BLOG_CMT_createIframe(&#39;<data:post.appRpcRelayPath/>&#39;, &#39;<data:post.communityId/>&#39;);
    </script>
  </div>
</b:includable>
                        <b:includable id='threaded_comment_css'>
  <style>

  </style>
</b:includable>
                        <b:includable id='threaded_comment_js' var='post'>
  <script async='async' expr:src='data:post.commentSrc' type='text/javascript'/>

  <script type='text/javascript'>
    (function() {
      var items = <data:post.commentJso/>;
      var msgs = <data:post.commentMsgs/>;
      var config = <data:post.commentConfig/>;

// <![CDATA[
      var cursor = null;
      if (items && items.length > 0) {
        cursor = parseInt(items[items.length - 1].timestamp) + 1;
      }

      var bodyFromEntry = function(entry) {
        if (entry.gd$extendedProperty) {
          for (var k in entry.gd$extendedProperty) {
            if (entry.gd$extendedProperty[k].name == 'blogger.contentRemoved') {
              return '<span class="deleted-comment">' + entry.content.$t + '</span>';
            }
          }
        }
        return entry.content.$t;
      }

      var parse = function(data) {
        cursor = null;
        var comments = [];
        if (data && data.feed && data.feed.entry) {
          for (var i = 0, entry; entry = data.feed.entry[i]; i++) {
            var comment = {};
            // comment ID, parsed out of the original id format
            var id = /blog-(\d+).post-(\d+)/.exec(entry.id.$t);
            comment.id = id ? id[2] : null;
            comment.body = bodyFromEntry(entry);
            comment.timestamp = Date.parse(entry.published.$t) + '';
            if (entry.author && entry.author.constructor === Array) {
              var auth = entry.author[0];
              if (auth) {
                comment.author = {
                  name: (auth.name ? auth.name.$t : undefined),
                  profileUrl: (auth.uri ? auth.uri.$t : undefined),
                  avatarUrl: (auth.gd$image ? auth.gd$image.src : undefined)
                };
              }
            }
            if (entry.link) {
              if (entry.link[2]) {
                comment.link = comment.permalink = entry.link[2].href;
              }
              if (entry.link[3]) {
                var pid = /.*comments\/default\/(\d+)\?.*/.exec(entry.link[3].href);
                if (pid && pid[1]) {
                  comment.parentId = pid[1];
                }
              }
            }
            comment.deleteclass = 'item-control blog-admin';
            if (entry.gd$extendedProperty) {
              for (var k in entry.gd$extendedProperty) {
                if (entry.gd$extendedProperty[k].name == 'blogger.itemClass') {
                  comment.deleteclass += ' ' + entry.gd$extendedProperty[k].value;
                } else if (entry.gd$extendedProperty[k].name == 'blogger.displayTime') {
                  comment.displayTime = entry.gd$extendedProperty[k].value;
                }
              }
            }
            comments.push(comment);
          }
        }
        return comments;
      };

      var paginator = function(callback) {
        if (hasMore()) {
          var url = config.feed + '?alt=json&v=2&orderby=published&reverse=false&max-results=50';
          if (cursor) {
            url += '&published-min=' + new Date(cursor).toISOString();
          }
          window.bloggercomments = function(data) {
            var parsed = parse(data);
            cursor = parsed.length < 50 ? null
                : parseInt(parsed[parsed.length - 1].timestamp) + 1
            callback(parsed);
            window.bloggercomments = null;
          }
          url += '&callback=bloggercomments';
          var script = document.createElement('script');
          script.type = 'text/javascript';
          script.src = url;
          document.getElementsByTagName('head')[0].appendChild(script);
        }
      };
      var hasMore = function() {
        return !!cursor;
      };
      var getMeta = function(key, comment) {
        if ('iswriter' == key) {
          var matches = !!comment.author
              && comment.author.name == config.authorName
              && comment.author.profileUrl == config.authorUrl;
          return matches ? 'true' : '';
        } else if ('deletelink' == key) {
          return config.baseUri + '/delete-comment.g?blogID='
               + config.blogId + '&postID=' + comment.id;
        } else if ('deleteclass' == key) {
          return comment.deleteclass;
        }
        return '';
      };

      var replybox = null;
      var replyUrlParts = null;
      var replyParent = undefined;

      var onReply = function(commentId, domId) {
        if (replybox == null) {
          // lazily cache replybox, and adjust to suit this style:
          replybox = document.getElementById('comment-editor');
          if (replybox != null) {
            replybox.height = '250px';
            replybox.style.display = 'block';
            replyUrlParts = replybox.src.split('#');
          }
        }
        if (replybox && (commentId !== replyParent)) {
          document.getElementById(domId).insertBefore(replybox, null);
          replybox.src = replyUrlParts[0]
              + (commentId ? '&parentID=' + commentId : '')
              + '#' + replyUrlParts[1];
          replyParent = commentId;
        }
      };

      var hash = (window.location.hash || '#').substring(1);
      var startThread, targetComment;
      if (/^comment-form_/.test(hash)) {
        startThread = hash.substring('comment-form_'.length);
      } else if (/^c[0-9]+$/.test(hash)) {
        targetComment = hash.substring(1);
      }

      // Configure commenting API:
      var configJso = {
        'maxDepth': config.maxThreadDepth
      };
      var provider = {
        'id': config.postId,
        'data': items,
        'loadNext': paginator,
        'hasMore': hasMore,
        'getMeta': getMeta,
        'onReply': onReply,
        'rendered': true,
        'initComment': targetComment,
        'initReplyThread': startThread,
        'config': configJso,
        'messages': msgs
      };

      var render = function() {
        if (window.goog && window.goog.comments) {
          var holder = document.getElementById('comment-holder');
          window.goog.comments.render(holder, provider);
        }
      };

      // render now, or queue to render when library loads:
      if (window.goog && window.goog.comments) {
        render();
      } else {
        window.goog = window.goog || {};
        window.goog.comments = window.goog.comments || {};
        window.goog.comments.loadQueue = window.goog.comments.loadQueue || [];
        window.goog.comments.loadQueue.push(render);
      }
    })();
// ]]>
  </script>
</b:includable>
                        <b:includable id='threaded_comments' var='post'>
  <div class='comments' id='comments'>
    <a name='comments'/>
    <h4><data:post.commentLabelFull/>:</h4>

    <div class='comments-content'>
      <b:if cond='data:post.embedCommentForm'>
        <b:include data='post' name='threaded_comment_js'/>
      </b:if>
      <div id='comment-holder'>
         <data:post.commentHtml/>
      </div>
    </div>

    <p class='comment-footer'>
      <b:if cond='data:post.allowNewComments'>
        <b:include data='post' name='threaded-comment-form'/>
      <b:else/>
        <data:post.noNewCommentsText/>
      </b:if>
    </p>

    <b:if cond='data:showCmtPopup'>
      <div id='comment-popup'>
        <iframe allowtransparency='true' frameborder='0' id='comment-actions' name='comment-actions' scrolling='no'>
        </iframe>
      </div>
    </b:if>

    <div id='backlinks-container'>
    <div expr:id='data:widget.instanceId + &quot;_backlinks-container&quot;'>
       <b:if cond='data:post.showBacklinks'>
         <b:include data='post' name='backlinks'/>
       </b:if>
    </div>
    </div>
  </div>
</b:includable>
                      </b:widget>
                    </b:section>

            </div><!-- /main-wrapper -->

                   <div class='sidebar-wrapper'>
                     <b:section class='sidebar' id='sidebar' showaddelement='yes'>
                       <b:widget id='HTML2' locked='false' title='Search Here' type='HTML'>
                         <b:includable id='main'>
  <!-- only display title if it's non-empty -->
  <b:if cond='data:title != &quot;&quot;'>
    <h2 class='title'><data:title/></h2>
  </b:if>
  <div class='widget-content'>
    <data:content/>
  </div>

  <b:include name='quickedit'/>
</b:includable>
                       </b:widget>
                       <b:widget id='FollowByEmail1' locked='false' title='Follow by Email' type='FollowByEmail'>
                         <b:includable id='main'>
  <b:if cond='data:title != &quot;&quot;'><h2 class='title'><data:title/></h2></b:if>
  <div class='widget-content'>
    <div class='follow-by-email-inner'>
      <form action='http://feedburner.google.com/fb/a/mailverify' expr:onsubmit='&quot;window.open(\&quot;http://feedburner.google.com/fb/a/mailverify?uri=&quot; + data:feedPath + &quot;\&quot;, \&quot;popupwindow\&quot;, \&quot;scrollbars=yes,width=550,height=520\&quot;); return true&quot;' method='post' target='popupwindow'>
        <table width='100%'>
          <tr>
            <td>
              <input class='follow-by-email-address' name='email' placeholder='Enter Your Email' type='text'/>
            </td>
            <td width='64px'>
              <input class='follow-by-email-submit' type='submit' value='Submit'/>
            </td>
          </tr>
        </table>
        <input expr:value='data:feedPath' name='uri' type='hidden'/>
        <input name='loc' type='hidden' value='en_US'/>
      </form>
    </div>
  </div>
  <span class='item-control blog-admin'>
    <b:include name='quickedit'/>
  </span>
</b:includable>
                       </b:widget>
                       <b:widget id='PopularPosts2' locked='false' title='Popular Posts' type='PopularPosts'>
                         <b:includable id='main'>
  <b:if cond='data:title'><h2><data:title/></h2></b:if>
  <div class='widget-content popular-posts'>
    <ul>
      <b:loop values='data:posts' var='post'>
      <li>
        <b:if cond='data:showThumbnails == &quot;false&quot;'>
          <b:if cond='data:showSnippets == &quot;false&quot;'>
            <!-- (1) No snippet/thumbnail -->
            <a expr:href='data:post.href'><data:post.title/></a>
          <b:else/>
            <!-- (2) Show only snippets -->
            <div class='item-title'><a expr:href='data:post.href'><data:post.title/></a></div>
            <div class='item-snippet'><data:post.snippet/></div>
          </b:if>
        <b:else/>
          <b:if cond='data:showSnippets == &quot;false&quot;'>
            <!-- (3) Show only thumbnails -->
            <div class='item-thumbnail-only'>
              <b:if cond='data:post.thumbnail'>
                <div class='item-thumbnail'>
                  <a expr:href='data:post.href' target='_blank'>
                    <img alt='' border='0' expr:height='data:thumbnailSize' expr:src='data:post.thumbnail' expr:width='data:thumbnailSize'/>
                  </a>
                </div>
              </b:if>
              <div class='item-title'><a expr:href='data:post.href'><data:post.title/></a></div>
            </div>
            <div style='clear: both;'/>
          <b:else/>
            <!-- (4) Show snippets and thumbnails -->
            <div class='item-content'>
              <b:if cond='data:post.thumbnail'>
                <div class='item-thumbnail'>
                  <a expr:href='data:post.href' target='_blank'>
                    <img alt='' border='0' expr:height='data:thumbnailSize' expr:src='data:post.thumbnail' expr:width='data:thumbnailSize'/>
                  </a>
                </div>
              </b:if>
              <div class='item-title'><a expr:href='data:post.href'><data:post.title/></a></div>
              <div class='item-snippet'><data:post.snippet/></div>
            </div>
            <div style='clear: both;'/>
          </b:if>
        </b:if>
      </li>
      </b:loop>
    </ul>
    <b:include name='quickedit'/>
  </div>
</b:includable>
                       </b:widget>
                       <b:widget id='HTML1' locked='false' title='Fan Page' type='HTML'>
                         <b:includable id='main'>
  <!-- only display title if it's non-empty -->
  <b:if cond='data:title != &quot;&quot;'>
    <h2 class='title'><data:title/></h2>
  </b:if>
  <div class='widget-content'>
    <data:content/>
  </div>

  <b:include name='quickedit'/>
</b:includable>
                       </b:widget>
                     </b:section>

                </div><!-- /sidebar-wrapper -->
             </div> <!-- col2 -->
<div class='clr'/>
            </div><!-- /wrap1 -->
            </div><!-- /outer-wrapper -->
  <div class='clr'/>
<div id='footer'>
  <div class='wrap1'>
<b:section class='footer' id='footer1' preferred='yes'>
  <b:widget id='Text1' locked='false' title='About Us' type='Text'>
    <b:includable id='main'>
  <!-- only display title if it's non-empty -->
  <b:if cond='data:title != &quot;&quot;'>
    <h2 class='title'><data:title/></h2>
  </b:if>
  <div class='widget-content'>
    <data:content/>
  </div>

  <b:include name='quickedit'/>
</b:includable>
  </b:widget>
</b:section>
<b:section class='footer' id='footer2' preferred='yes'>
  <b:widget id='HTML5' locked='false' title='Navigation' type='HTML'>
    <b:includable id='main'>
  <!-- only display title if it's non-empty -->
  <b:if cond='data:title != &quot;&quot;'>
    <h2 class='title'><data:title/></h2>
  </b:if>
  <div class='widget-content'>
    <data:content/>
  </div>

  <b:include name='quickedit'/>
</b:includable>
  </b:widget>
</b:section>
<b:section class='footer' id='footer3' preferred='yes'/>
<b:section class='footer' id='footer4' preferred='yes'/>  
</div>
  </div>
  <div class='clr'/>
  <div class='footer-credits'>
    <div class='wrap1'>

<!-- If You Remove Template Stops Working -->

      <div style='float:left;'>&#169; 2012 <a expr:href='data:blog.homepageUrl'><data:blog.title/></a></div> <div style='float:right'>designed by <a href='http://www.trackmyblog.com'>trackmyblog</a> |<a href='http://www.templatetrackers.com' id='mycontent'>Template Trackers</a> Published..<a href='http://gooyaabitemplates.com'>Blogger Templates</a> </div>

      <!-- / Footer-menu Ends Here -->
    </div><!-- /wrap1 -->
  </div><!-- /footer-credits -->

<script type='text/javascript'>
  /*<![CDATA[*/
    var postperpage=5;
    var numshowpage=2;
    var upPageWord ='?Previous';
    var downPageWord ='Next?';
    var urlactivepage=location.href;
    var home_page="/";
  /*]]>*/
</script>
<script src='http://yourjavascript.com/00911305131/pagenavigation.txt.js' type='text/javascript'/>
<b:include data='blog' name='google-analytics'/>
</body>
</html>