<?xml version="1.0" encoding="UTF-8" ?>
<!DOCTYPE html PUBLIC "-//W3C//DTD XHTML 1.0 Strict//EN" "http://www.w3.org/TR/xhtml1/DTD/xhtml1-strict.dtd">
<html expr:dir='data:blog.languageDirection' xmlns='http://www.w3.org/1999/xhtml' xmlns:b='http://www.google.com/2005/gml/b' xmlns:data='http://www.google.com/2005/gml/data' xmlns:expr='http://www.google.com/2005/gml/expr'>
  <head>
	<meta content='width=device-width, initial-scale=1, maximum-scale=1' name='viewport'/> 
	
	<b:include data='blog' name='all-head-content'/>
    <b:if cond='data:blog.pageType == &quot;index&quot;'>
    <title><data:blog.pageTitle/></title>
    <b:else/>
    <title><data:blog.pageName/> - <data:blog.title/></title>
	<meta content='DESCRIPTION HERE' name='description'/>
	<meta content='KEYWORDS HERE' name='keywords'/>
	<meta content='AUTHOR NAME HERE' name='author'/>
    </b:if>
	
    <b:skin><![CDATA[/*
-----------------------------------------------
Blogger Template Style
Name:     	Belastic Responsive
Author:		http://www.btdesigner.net/
Date:     	02 Feb 2014
License:  	Free version
Don't remove the credit, we spent many hours creating this blogger template. It's only reasonable that you keep the link.
----------------------------------------------- */
/** Page structure tweaks for layout editor wireframe */
body#layout #outer-wrapper {padding:10px;width:980px}
body#layout #header-wrapper{margin:50px auto 0;width:980px}
body#layout #wrapper{width:980px}
body#layout #header{margin:0 auto;width:40%;float:left}
body#layout #headerright{margin:0 auto;width:60%;float:right}
body#layout #content-wrapper {width:960px}
body#layout #main-wrapper {width:65%;float:left;}
body#layout #sidebar-wrapper {float:right;width:30%}
body#layout #featured-wrapper {float:left;width:0}
body#layout #footer-wrapper {width: 980px}
body#layout #footer-column-left {margin: 0px;float:left;width:33%}
body#layout #footer-column-center {margin: 0px 4.5px;float:left;width:33%}
body#layout #footer-column-right {float:right;width:33%}
body#layout #footer-bottom {width: 960px}
body#layout ul,li,a {list-style:none}

/* Variable definitions
   ====================
   <Variable name="headbgcolor" description="Header Background Color"
             type="color" default="#c0392b" value="#e74c3c">
   <Variable name="linkcolor" description="Link Color"
             type="color" default="#c0392b" value="#e74c3c">
   <Variable name="pagetitlecolor" description="Blog Title Color"
             type="color" default="#fff" value="#ffffff">
   <Variable name="descriptioncolor" description="Blog Description Color"
             type="color" default="#fff" value="#f3f3f3">
   <Variable name="hovercolor" description="Hover Color"
             type="color" default="#c0392b" value="#f39c12">
   <Variable name="titlecolor" description="Post Title Color"
             type="color" default="#555" value="#e74c3c">
      
*/
*{-webkit-box-sizing:border-box;-moz-box-sizing:border-box;box-sizing:border-box;margin:0;padding:0;}
html body{min-width:0;max-width:100%;height:101%;width:100%;}
body{background:#f0f0f0;color:#666;font-family:Arial, Verdana, sans-serif;line-height:1.6em;font-size:100%;}
a:link,a:visited{color:$linkcolor;text-decoration:none;}
a:hover{color:$hovercolor;-moz-transition:all .2s ease-out;-o-transition:all .2s ease-out;-webkit-transition:all .2s ease-out;-ms-transition:all .2s ease-out;transition:all .2s ease-out;}
a img{border-width:0;}
img{max-width:100%;}
.clearfix:before,.clearfix:after{content:" ";display:table;}
.clearfix:after{clear:both;}
.clearfix{zoom:1;}
#navbar,#navbar-iframe{display:none;height:0;visibility:hidden;}
#outer-wrapper{width:100%;text-align:left;margin:0 auto;}
#header-wrapper{background:#222;clear:both;width:100%;overflow:hidden;margin:0 auto;}
.wrapper{background:#333;max-width:1200px;overflow:hidden;margin:0 auto;}
#header-inner{background-position:center;margin-left:auto;margin-right:auto;}
#header{float:left;background:$headbgcolor;display:block;height:80px;width:auto;}
#header h1{width:284px;text-transform:uppercase;letter-spacing:.1em;color:$pagetitlecolor;font-size:26px;line-height:1.1em;text-align:center;margin:0 auto;padding:10px 0;}
#header a{color:$pagetitlecolor;display:block;}
#header a:hover{color:$hovercolor;}
#header .description{max-width:284px;text-transform:uppercase;font-size:.65em;color:$descriptioncolor;letter-spacing:.1em;line-height:1.1em;text-align:center;margin:0 auto;padding:5px 0 0;}
#header img,.headerright img{margin-left:auto;margin-right:auto;}
#headerright{height:auto;float:left;width:50%;margin:0 auto;}
.headerright .widget{padding:2.2% 5% 2.1%;}
#topnavbar{background:#444;width:100%;color:#FFF;font-weight:700;overflow:hidden;text-transform:uppercase;}
#nav{float:left;font-size:.876em;text-transform:uppercase;overflow:hidden;width:100%;margin:0 auto;}
#nav ul{list-style:none;margin:0;padding:0;}
#nav ul li{float:left;}
#nav ul li a{float:left;color:#fafafa;line-height:1.3em;text-decoration:none;background:transparent;padding:10px 15px 11px;}
#nav ul li a.current{background:#eee;color:#222;}
#nav ul li a:hover,#nav ul li:hover > a{background:#151515;color:#eee;}
#nav li ul a:hover,#nav ul li li:hover > a{color:#fff;background:#252525;}
#nav li ul{background:#151515;left:-999em;position:absolute;width:150px;z-index:9999;margin:38px 0 0;}
#nav li:hover ul{left:auto;}
#nav li ul a{background:none;width:150px;font-size:.8em;}
.nav ul li ul{position:absolute;left:0;display:none;visibility:hidden;}
.nav ul li ul li{display:list-item;float:none;}
.nav ul li ul li ul{top:0;}
.nav ul li ul li a{width:160px;border-top-width:0;margin:0;padding:5px;}
#nav li li ul{visibility:hidden;margin:-1px 0 0 160px;}
#nav li li:hover ul{visibility:visible;}
#bt-top{border:1px dotted #666;float:right;height:auto;overflow:hidden;width:20%;position:relative;margin:2px;padding:3px;}
#search{background:#444;border-bottom:1px dotted #666;position:relative;width:100%;margin:0;padding:0 13px;}
#searchform{background:#444;height:32px;overflow:hidden;}
#sbox{font-size:12px;float:right;width:78%;line-height:14px;border:0 none;background:#444;color:#ccc;outline:none;margin:3px 0;padding:5px 0 5px 1em;}
#searchbutton{background:url(http://1.bp.blogspot.com/-_sbiZgJkxd8/Uua4kqCZIwI/AAAAAAAAFZk/eJawjnqbR9Q/s1600/icon-search.png) no-repeat center;border:0 none;display:block;float:left;height:30px;text-indent:-1000em;width:30px;position:absolute;cursor:pointer;}
#bt-social{background:#444;height:35px;width:100%;}
#bt-social ul{display:block;margin:0;padding:5px 13px 0;}
#bt-social ul li{border-right:1px solid #ccc;float:left;height:30px;text-indent:-1000em;width:30px;margin:0;padding:0;}
#bt-social ul li a{background:#444 url(http://3.bp.blogspot.com/-tMzrhCeXe6k/Uua4k0WiSDI/AAAAAAAAFZo/PlX9gzYPOwE/s1600/social-bg.png) no-repeat;display:block;height:30px;width:30px;}
#bt-social ul li.social-rss a{background-position:center top;}
#bt-social ul li.social-facebook a{background-position:center -30px;}
#bt-social ul li.social-twitter a{background-position:center -60px;}
#bt-social ul li.social-gplus a{background-position:center bottom;}
#bt-social ul li a:hover{background-color:$headbgcolor;}
#content-wrapper{max-width:1220px;margin:2% auto;padding:0 10px;}
#main-wrapper{width:70%;float:left;word-wrap:break-word;overflow:hidden;}
#sidebar-wrapper{width:28%;float:right;word-wrap:break-word;overflow:hidden;}
.sidebar .widget{color:#222;text-shadow:2px 2px 1px rgba(0,0,0,.1);background:#fff;border:1px solid #E6E6E6;box-shadow:0 1px 1px rgba(0,0,0,0.25);margin-bottom:20px;}
.widget .popular-posts ul{list-style:none;}
.date-header{font-size:.6em;display:none;margin:1.5em 20px .5em;}
.post{background:#fff;border:1px solid #E6E6E6;box-shadow:0 1px 1px rgba(0,0,0,0.25);margin:0 auto 2%;padding:2.5% 5%;}
.post h2{font-size:1.6em;font-weight:700;line-height:1.2em;color:$titlecolor;margin:0 auto;}
.post h2 a,.post h2 a:visited,.post h2 strong{display:block;text-decoration:none;color:$titlecolor;font-weight:700;}
.post h2 strong,.post h2 a:hover{color:$hovercolor;}
.post-header{font-size:.75em;}
.post-body{padding-top:2%;font-size:.9em;line-height:1.6em;position:relative;}
.post-body blockquote{line-height:1.3em;}
.post ul{list-style-type:disc;line-height:1.4em;font-size:1em;margin:0;padding:12px 0 12px 30px;}
.post ol{line-height:1.4em;font-size:1em;margin:0;padding:12px 0 12px 30px;}
.post li{margin:0;padding:0 0 8px;}
.post-footer{color:#151515;background-color:#f3f3f3;border-bottom:1px solid #bdc3c7;line-height:1.5em;font-size:.86em;margin:20px -2px;padding:15px;}
.comment-link{margin-left:.6em;}
.post-body img,.post-body .tr-caption-container{height:auto;max-width:100%;padding:1% 0;}
.post-body .tr-caption-container{color:#777;}
.post-body .tr-caption-container img{background:transparent;border:0 none;padding:1% 0;}
.post blockquote{background:#232323;color:#fafafa;font-size:1.063em;font-family:Georgia, serif;font-weight:400;font-style:italic;line-height:1.375em;margin:1em 20px;padding:15px 20px 15px 15px;}
.post blockquote p{margin:.75em 0;}
#comments{clear:both;float:left;width:100%;margin-left:-3px;background:#fff;box-shadow:2px 2px 3px rgba(0,0,0,0.05);margin-top:-10px;color:#999;padding:20px;}
#comments h4{font-weight:700;line-height:1.4em;text-transform:uppercase;letter-spacing:.2em;color:#252525;margin:1em 0;}
#comments-block{line-height:1.6em;margin:1em 0 1.5em;}
#comments-block .comment-author{margin:.5em 0;}
#comments-block .comment-body{margin:.25em 0 0;}
#comments-block .comment-footer{line-height:1.4em;text-transform:uppercase;letter-spacing:.1em;margin:-.25em 0 2em;}
#comments-block .comment-body p{margin:0 0 .75em;}
.comments .comments-content .datetime a{font-family:calibri;font-size:12px;text-decoration:none;color:#ededed;float:right;padding:5px;}
cite.user{color:#000;text-align:center;text-transform:uppercase;text-decoration:none;font-family:Arial,Verdana,sans-serif;position:relative;margin-left:-5px;font-size:14px;font-weight:400;padding:8px;}
cite.user a{color:#fff;}
.comments .comments-content .icon.blog-author{background-repeat:no-repeat;background-image:url(http://static.tumblr.com/8buytvw/SjEmpq54q/userw2.png);}
.comments .comment-block{margin-left:54px;position:relative;border:1px solid #ddd;background:#fafafa;padding:4px;}
.comments.comments-content.comment-replies{margin-left:0;}
.comment-content{white-space:pre-wrap;width:95%;word-wrap:break-word;}
.comments .comments-content .comment{margin-bottom:16px;padding-bottom:8px;}
.comment-header{background:$headbgcolor;font-size:15px;padding:8px;}
.comment-header a{color:#fff;}
.comments .comments-content{padding:0 5px 0 2px;}
.comments .comment .comment-actions a,.comments .comment .continue a{display:inline-block;color:#828282;text-align:center;text-decoration:none;height:auto;font-weight:400;cursor:pointer;margin:10px 0 10px 10px;padding:6px;}
.comments .comment .comment-actions a:hover,.comments .comment .continue a:hover{text-decoration:none;color:#6ac2aa;}
.avatar-image-container{float:leftvertical-align:middle;overflow:hidden;width:65px!important;height:51px!important;max-width:65px!important;max-height:51px!important;}
.comments .avatar-image-container img{width:45px!important;height:45px!important;max-width:45px!important;max-height:45px!important;background:#ccc;padding:2px;}
.deleted-comment{font-style:italic;color:gray;}
.blog-pager{background:$headbgcolor;}
.blog-pager-older-link,.home-link,.blog-pager-newer-link{background:$headbgcolor;padding:2%;}
#blog-pager{clear:both;text-align:center;margin:0 auto;padding:2%;}
#blog-pager a:link,#blog-pager a:visited{color:#fff;font-size:1em;background:$headbgcolor;padding:2%;}
#blog-pager a:hover{text-decoration:none;color:$hovercolor;background:$headbgcolor;padding:2%;}
#blog-pager-newer-link{float:left;}
#blog-pager-older-link{float:right;}
.showpageArea a{text-decoration:none;font-size:.8em;color:#fff!important;padding-left:1%;padding-right:1%;}
.showpageNum a{text-decoration:none;background:$headbgcolor;margin:0 1px;padding:1%;}
.showpageNum a:hover{color:$hovercolor;}
.showpagePoint{color:#fff;text-decoration:none;background:#252525;font-size:1em;margin:0 1px;padding:2%;}
.showpageOf{color:#fff!important;background:$headbgcolor;margin:0 1% 0 0;padding:2%;}
.showpage a{text-decoration:none;background:$headbgcolor;padding:2%;}
.showpage a:hover{background:#c0392b;}
.showpageNum a:link,.showpage a:link{text-decoration:none;color:red;}
.feed-links{display:none;}
.sidebar{color:#444;font-size:.75em;line-height:1.5em;margin:0 auto;}
.sidebar h2{font-weight:400;font-size:1.5em;background:#252525;color:#fff;text-transform:capitalize;line-height:1.438em;margin-bottom:2%;padding:3% 5%;}
.sidebar ul{list-style:none;margin:0;padding:0;}
.sidebar li{border-bottom:1px solid #eee;margin:0;padding:2px 15px;}
.sidebar .widget-content{padding:3%;}
.main .widget{margin:0 0 1.5em;padding:0 0 1.5em;}
.main .Blog{border-bottom-width:0;}
.Profile img,.Image img,.BlogList .item-thumbnail img{border:0 none;padding:4px;}
.sidebar .cloud-label-widget-content{padding-left:10px!important;margin:0;}
.sidebar .label-size a{color:#fff!important;background:#353535;float:left;display:block;-moz-transition:all .2s ease-out;-o-transition:all .2s ease-out;-webkit-transition:all .2s ease-out;-ms-transition:all .2s ease-out;transition:all .2s ease-out;margin:0 5px 5px 0;padding:8px;}
.sidebar .label-size a:hover{background-color:$headbgcolor;color:#fff;text-decoration:none;}
.sidebar .label-size span{background:$headbgcolor;color:#fff;clear:both;float:left;margin:0 0 3px;padding:8px 18px;}
.sidebar .label-size{position:relative;text-transform:uppercase;text-decoration:none;font-size:.8em;font-weight:400;color:#fff;}
.sidebar .label-size a,.sidebar .label-size a:visited{color:#fff;text-decoration:none;}
.sidebar .PopularPosts h2{font-weight:400;font-size:1.5em;background:#252525;color:#fff;text-transform:capitalize;line-height:1.438em;margin-bottom:0;padding:3% 5%;}
.sidebar .PopularPosts{text-transform:none;margin:0 0 20px;padding:0 auto;}
.sidebar .PopularPosts .widget-content{background:#333;padding:0 10px;}
.sidebar .PopularPosts ul{margin:0;padding:0;}
.sidebar .PopularPosts ul li{text-indent:0;line-height:1.3em;list-style:none;display:block;margin:0;padding:15px 10px;}
.sidebar .PopularPosts li:hover{color:$hovercolor;}
.sidebar .PopularPosts li a:hover{color:$hovercolor;text-decoration:none;-o-transition:all .4s ease-out;-webkit-transition:all .4s ease-out;-ms-transition:all .4s ease-out;transition:all .4s ease-out;}
.sidebar .PopularPosts .item-content{margin:0;padding:0;}
.sidebar .PopularPosts .item-title{font-size:1em;font-weight:700;text-decoration:none;text-transform:uppercase;}
.sidebar .PopularPosts .item-snippet{font-size:.85em;line-height:1.4em;color:#fff;margin:0 auto;padding:5px 0 5px 5px;}
.sidebar .PopularPosts .item-thumbnail img{width:94px;height:90px;margin-right:3px;}
#related-posts{background:#252525;float:left;width:100%;height:auto;margin:10px auto;padding:10px;}
#related-posts a{color:#fff;font-size:.7em;font-weight:700;border:0 none!important;}
#related-posts a:hover{color:$hovercolor;opacity:.7;filter:alpha(opacity=70);-moz-opacity:.7;-khtml-opacity:.7;}
#related-posts h2{border-bottom:2px solid #fff;color:#fff;font-size:18px;margin:0 auto 15px;padding:10px 0;}
#newsletterBox{background:#353535;font-family:Verdana, Arial, sans-serif;line-height:1.6em;box-shadow:0 1px 1px rgba(0,0,0,0.25);margin:0 0 10px;padding:8px;}
.newsletterBox{width:100%;font-family:Arial, Verdana, sans-serif;line-height:1.6em;padding:8px;}
.newsletterBox a{color:#fff;font-size:12px;margin:10px auto;}
.newsletterBox h3{color:#fff;font-size:16px;margin:0 auto 10px;padding:0;}
.link-news-rss{background:url(http://3.bp.blogspot.com/-ubvq40okcto/UA6BiZjRhiI/AAAAAAAADbc/zooqJnklI4M/s1600/feed.png) no-repeat scroll 0 0 transparent;color:#e67e22;padding-left:18px;margin:5px auto;}
.link-news-rss span{color:#e67e22;font-weight:400;}
.link-news-rss span:hover{color:#fff;}
.newsletter_text{clear:both;line-height:1.3em;margin:10px auto;padding:3px 0;}
.newsletterBox .inputField{background:#fff;border:1px solid #d1d1d1;color:#9a9a9a;float:left;font-family:Arial, Verdana, sans-serif;font-size:11px;font-weight:400;height:33px;line-height:18px;width:180px;margin:10px 0;padding:9px 10px;}
.newsletterBox .btn-arrow{background:$headbgcolor;float:left;height:33px;line-height:32px;overflow:hidden;width:70px;color:#fff;border:0 none;cursor:pointer;margin:10px 0;padding:0;}
#footer-wrapper{background:#151515;width:100%;clear:both;letter-spacing:.1em;margin:0 auto;padding:0 5px;}
#footer-column-container{background:#252525;font-size:.75em;max-width:1200px;margin:0 auto;padding:5px;}
.footer-column{color:#fafafa;line-height:1.5em;margin:1%;padding:5px;}
#footer-column-left{float:left;width:33%;margin:0;}
#footer-column-center{float:left;width:33%;margin:0 4.5px;}
#footer-column-right{float:right;width:33%;}
.footer-column h2{font-weight:400;font-size:1.5em;background:$headbgcolor;color:#fff;text-transform:capitalize;line-height:1.438em;margin-bottom:2%;padding:3% 5%;}
.footer-column ul{list-style:none;margin:0;padding:0;}
.footer-column li{line-height:1.6em;border-bottom:1px solid #353535;margin:5px 0;padding:0 10px .35em 0;}
.footer-column .widget{margin:0 0 1.5em;padding:0 0 1.5em;}
#footer-column-bottom{text-align:center;}
.credits{max-width:1200px;background:#fafafa;border-top:1px solid #ddd;height:60px;display:block;font-size:.75em;margin:0 auto;padding:0 20px;}
.footleft{float:left;width:40%;padding:20px 0;}
.footright{float:right;text-align:right;width:58%;padding:20px 0;}
#backtop{bottom:20px;position:fixed;right:15px;cursor:pointer;opacity:0.6;}
.jump-link a{background:$headbgcolor;color:#fff!important;font-size:.8em;font-weight:700;line-height:1em;text-align:center;display:inline-block;text-transform:uppercase;margin:2% 0;padding:1% 2%;}
.jump-link a:hover{color:$hovercolor;cursor:pointer;text-decoration:none;opacity:0.6;}
#featured-wrapper{background:#f0f0f0;width:100%;overflow:hidden;margin:0 auto 1%;}
#featured .febox{background:none repeat scroll 0 0 #fff;border:1px solid #C5C5C5;box-shadow:0 1px 2px rgba(0,0,0,0.15);}
#featured .feleft{float:left;width:62.8%;}
#featured .feleft .ftext{min-height:239px;}
#featured .feleft .ftext .dpost{font-size:15px;margin-bottom:10px;}
#featured .feleft .fleftbox{background:none repeat scroll 0 0 #FFF;box-shadow:0 1px 2px 0 rgba(0,0,0,0.1);margin-bottom:15px;}
#featured .feleft .fleftbox h2{color:#c0392b;font-size:25px;font-weight:700;line-height:35px;}
#featured .feright{float:right;width:35%;}
#featured .feright .frightbox{background:none repeat scroll 0 0 #FFF;box-shadow:0 1px 2px 0 rgba(0,0,0,0.1);margin-bottom:15px;}
#featured .feright .frightbox h2{color:#c0392b;font-size:16px;font-weight:700;line-height:22px;margin-bottom:0;}
#featured .fthumb{position:relative;}
#featured .fthumb a{display:block;}
#featured .fthumb img{display:block;height:auto;width:auto;}
#featured .ftextup{background:none repeat scroll 0 0 #FFF;min-height:331px;position:relative;}
#featured .ftextup .ftext{border-top:5px solid #D3041B;display:block;position:relative;top:-20px;width:90%;margin:0 auto;}
#featured .ftext{background:none repeat scroll 0 0 #FFF;padding:15px;}
#featured .ftext .dpost{line-height:24px;}
.opencon{font:600 12px Arial, Verdana, sans-serif;text-transform:uppercase;}
.hcat{box-shadow:0 2px 4px 0 rgba(0,0,0,0.1);left:10px;position:absolute;text-shadow:none;top:10px;z-index:10;}
.hcat a,.hcat a:visited{background-color:$headbgcolor;color:#FFF;padding:3px 10px;}
.hcat a:hover{background:none repeat scroll 0 0 #DF4747;}
.boxfoot{border-top:1px solid #EBEBEB;font-size:11px;text-transform:uppercase;padding:10px 0;}
.boxfoot a,.boxfoot a:visited{color:#767676;}
.boxfoot a:hover{text-decoration:underline;}
.bfootleft{float:left;font-family:Arial,Verdana,sans-serif;font-weight:700;overflow:hidden;padding-left:10px;text-overflow:ellipsis;white-space:nowrap;width:60%;}
.bfootright{float:right;padding-right:15px;}
.breadcrumbs{background:#F7F7F7;float:left;border:1px solid #E6E6E6;width:100%;font-size:.75em;margin:10px 0;padding:5px 10px;}
@media screen and max-width 640px {
#header{width:100%;padding:10px;}
}
@media screen and max-width 600px {
#topnavbar{padding:10px;}
}
@media screen and max-device-width 480px {
.comments .comments-content .comment-replies{margin-left:0;}
}

]]></b:skin>

<b:if cond='data:blog.pageType == &quot;index&quot;'>

<!-- JavaScript Resumo do Post -->
<script type='text/javascript'>
var thumbnail_mode = &quot;float&quot; ;
summary_noimg = 530;
summary_img = 350;
img_thumb_height = 256;
img_thumb_width = 400;
</script>

<script type='text/javascript'>
//<![CDATA[
// <!-- Summary Posts with thumbnails for Blogger/Blogspot version 3.0 (C)2008 by Anhvo -->
// <!-- http://btdesigner.blogspot.com/ -->

function removeHtmlTag(strx,chop){ 
	if(strx.indexOf("<")!=-1)
	{
		var s = strx.split("<"); 
		for(var i=0;i<s.length;i++){ 
			if(s[i].indexOf(">")!=-1){ 
				s[i] = s[i].substring(s[i].indexOf(">")+1,s[i].length); 
			} 
		} 
		strx =  s.join(""); 
	}
	chop = (chop < strx.length-1) ? chop : strx.length-2; 
	while(strx.charAt(chop-1)!=' ' && strx.indexOf(' ',chop)!=-1) chop++; 
	strx = strx.substring(0,chop-1); 
	return strx+'...'; 
}

function createSummaryAndThumb(pID){
	var div = document.getElementById(pID);
	var imgtag = "";
	var img = div.getElementsByTagName("img");
	var summ = summary_noimg;
	if(img.length>=1) {	
		if(thumbnail_mode == "float") {
			imgtag = '<span style="float:right; padding:0px 0px 0px 20px;margin:0 0 0 0 !important;"><img src="'+img[0].src+'" width="'+img_thumb_width+'px" height="'+img_thumb_height+'px"/></span>';
			summ = summary_img;
		} else {
			imgtag = '<div style="padding:0 5px" align="center"><img style="max-width:'+img_thumb_width+'px; max-height:'+img_thumb_height+'px;" src="'+img[0].src+'" /></div>';
			summ = summary_img;
		}
	}
	
	var summary = imgtag + '<div>' + removeHtmlTag(div.innerHTML,summ) + '</div>';
	div.innerHTML = summary;
}

//]]>
</script>


</b:if>

<style type='text/css'> 
<b:if cond='data:blog.pageType != &quot;item&quot;'>
.post-footer {display:none}
</b:if>
<b:if cond='data:blog.pageType == &quot;static_page&quot;'>
.post-footer {display:inline}
  .post-body img {height:auto;width:100%;}
</b:if>

@media screen and (max-width: 980px) {
    #outer-wrapper {width:auto;margin:0 auto;}
    #header-wrapper, #wrapper {width:100%;height:auto;}
	#header img {width:100%; height:auto; float:none;margin:0 auto;padding-top:10px;}
    #content-wrapper {width:100%;margin:0 auto;padding:20px 10px;}
    #main-wrapper {float:left;margin:0 auto;}
    .newsletterBox {width:100%;}
    #sidebar-wrapper {float: right;margin:0 auto;}
    .post {margin-bottom:10px;padding:10px;}
	.post-body {text-align:justify;font-size:0.8em;line-height:1.3em;font-size:.9em;}
    .post-body img {width:100%;height:auto;}
	#footer-wrapper,#footer {float:none;width:auto;margin:0;padding:10px;}
	#credit-wrapper, #link-wrapper {width:100%;margin:0 auto;padding:20px 0;}
}

@media screen and (max-width: 640px) {
	#outer-wrapper {width:auto;margin:0 auto;}
    #header-wrapper,#header, #headerleft, #wrapper {width:100%;height:auto;}
	#header img {width:100%; height:auto; float:none;margin:0 auto;}
    #bt-top {width:100%;margin:5px auto;padding:5px;background:none;}
    #search {float:right;width:50%;border:0 none;}
    #bt-social {float:left;width:50%;background:none;margin:0;padding:0;}
    #content-wrapper {width:auto;margin:0 auto;padding:10px;}
	#main-wrapper {float:none;clear: left;margin: 0 0 10px;width:auto;}
	#sidebar-wrapper, .sidebar {display:none;}
 	.post {width:auto;margin-bottom:20px;padding:10px;}
	.post-body {text-align:justify;font-size:0.8em;line-height:1.3em;font-size:.9em;}
    .post-body img {width:100%;height:auto;padding:10px 0; margin:0;}
    #blog-pager {padding:0;width:100%;}
	.headerright {display:none;}
	.credits, .footleft, .footright {width: 100%;text-align:center;}
    #footer-wrapper {width:100%;float;none;}
	#footer-column-left, #footer-column-center, #footer-column-right {float:none; width:100%; margin;0 auto, padding:10px;}
    .showpageArea a {text-decoration:none;font-size: 0.75em;}
    #featured-wrapper {width:100%;float:left;}
	#featured .feright {margin-left: 0;}
	#featured .feleft, #featured .feright, #content-wrapper {width: 100%;}
       
}
</style>

<b:if cond='data:blog.pageType == &quot;item&quot;'>
<!--Related Posts with thumbnails Scripts and Styles Start-->
<script src='http://ajax.googleapis.com/ajax/libs/jquery/1.8.3/jquery.min.js' type='text/javascript'/>

<script type='text/javascript'>//<![CDATA[
var relatedTitles=new Array();var relatedTitlesNum=0;var relatedUrls=new Array();var thumburl=new Array();function related_results_labels_thumbs(json){for(var i=0;i<json.feed.entry.length;i++){var entry=json.feed.entry[i];relatedTitles[relatedTitlesNum]=entry.title.$t;try{thumburl[relatedTitlesNum]=entry.gform_foot.url}catch(error){s=entry.content.$t;a=s.indexOf("<img");b=s.indexOf("src=\"",a);c=s.indexOf("\"",b+5);d=s.substr(b+5,c-b-5);if((a!=-1)&&(b!=-1)&&(c!=-1)&&(d!="")){thumburl[relatedTitlesNum]=d}else thumburl[relatedTitlesNum]='http://1.bp.blogspot.com/_u4gySN2ZgqE/SosvnavWq0I/AAAAAAAAArk/yL95WlyTqr0/s400/noimage.png'}if(relatedTitles[relatedTitlesNum].length>35)relatedTitles[relatedTitlesNum]=relatedTitles[relatedTitlesNum].substring(0,35)+"...";for(var k=0;k<entry.link.length;k++){if(entry.link[k].rel=='alternate'){relatedUrls[relatedTitlesNum]=entry.link[k].href;relatedTitlesNum++}}}}function removeRelatedDuplicates_thumbs(){var tmp=new Array(0);var tmp2=new Array(0);var tmp3=new Array(0);for(var i=0;i<relatedUrls.length;i++){if(!contains_thumbs(tmp,relatedUrls[i])){tmp.length+=1;tmp[tmp.length-1]=relatedUrls[i];tmp2.length+=1;tmp3.length+=1;tmp2[tmp2.length-1]=relatedTitles[i];tmp3[tmp3.length-1]=thumburl[i]}}relatedTitles=tmp2;relatedUrls=tmp;thumburl=tmp3}function contains_thumbs(a,e){for(var j=0;j<a.length;j++)if(a[j]==e)return true;return false}function printRelatedLabels_thumbs(){for(var i=0;i<relatedUrls.length;i++){if((relatedUrls[i]==currentposturl)||(!(relatedTitles[i]))){relatedUrls.splice(i,1);relatedTitles.splice(i,1);thumburl.splice(i,1);i--}}var r=Math.floor((relatedTitles.length-1)*Math.random());var i=0;if(relatedTitles.length>0)document.write('<h2>'+relatedpoststitle+'</h2>');document.write('<div style="clear: both;"/>');while(i<relatedTitles.length&&i<20&&i<maxresults){document.write('<a style="text-decoration:none;margin:0 12px 10px 0;float:left;');if(i!=0)document.write('"');else document.write('"');document.write(' href="'+relatedUrls[r]+'"><img style="width:170px;height:110px;border:0;padding:0;" src="'+thumburl[r]+'"/><br/><div style="width:170px;padding-left:3px;color:#fafafa;height:40px;text-align:center;margin:3px 0px; font:bold 11px Arial; line-height:14px;">'+relatedTitles[r]+'</div></a>');if(r<relatedTitles.length-1){r++}else{r=0}i++}document.write('</div>');relatedUrls.splice(0,relatedUrls.length);thumburl.splice(0,thumburl.length);relatedTitles.splice(0,relatedTitles.length)}
//]]></script>
<!--Related Posts with thumbnails Scripts and Styles End--> 
</b:if>

<script src='http://apis.google.com/js/plusone.js' type='text/javascript'>
{lang: &#39;en-US&#39;}
</script>

<script src='http://ajax.googleapis.com/ajax/libs/jquery/1.4.3/jquery.min.js' type='text/javascript'/>

<script>
$(document).ready(function(){

	// hide #back-top first
	$(&quot;#backtop&quot;).hide();
	
	// fade in #back-top
	$(function () {
		$(window).scroll(function () {
			if ($(this).scrollTop() &gt; 100) {
				$(&#39;#backtop&#39;).fadeIn();
			} else {
				$(&#39;#backtop&#39;).fadeOut();
			}
		});

		// scroll body to 0px on click
		$(&#39;#backtop&#39;).click(function () {
			$(&#39;body,html&#39;).animate({
				scrollTop: 0
			}, 800);
			return false;
		});
	});

});
</script>


<script type='text/javascript'>
//<![CDATA[
function ScaleImage(srcwidth, srcheight, targetwidth, targetheight, fLetterBox) {

    var result = { width: 0, height: 0, fScaleToTargetWidth: true };

    if ((srcwidth <= 0) || (srcheight <= 0) || (targetwidth <= 0) || (targetheight <= 0)) {
        return result;
    }

    // scale to the target width
    var scaleX1 = targetwidth;
    var scaleY1 = (srcheight * targetwidth) / srcwidth;

    // scale to the target height
    var scaleX2 = (srcwidth * targetheight) / srcheight;
    var scaleY2 = targetheight;

    // now figure out which one we should use
    var fScaleOnWidth = (scaleX2 > targetwidth);
    if (fScaleOnWidth) {
        fScaleOnWidth = fLetterBox;
    }
    else {
       fScaleOnWidth = !fLetterBox;
    }

    if (fScaleOnWidth) {
        result.width = Math.floor(scaleX1);
        result.height = Math.floor(scaleY1);
        result.fScaleToTargetWidth = true;
    }
    else {
        result.width = Math.floor(scaleX2);
        result.height = Math.floor(scaleY2);
        result.fScaleToTargetWidth = false;
    }
    result.targetleft = Math.floor((targetwidth - result.width) / 2);
    result.targettop = Math.floor((targetheight - result.height) / 2);

    return result;
}
//]]>
</script>

<script type='text/javascript'>
//<![CDATA[
function OnImageLoad(evt) {

    var img = evt.currentTarget;

    // what's the size of this image and it's parent
    var w = $(img).width();
    var h = $(img).height();
    var tw = $(img).parent().width();
    var th = $(img).parent().height();

    // compute the new size and offsets
    var result = ScaleImage(w, h, tw, th, false);

    // adjust the image coordinates and size
    img.width = result.width;
    img.height = result.height;
    $(img).css("left", result.targetleft);
    $(img).css("top", result.targettop);
}
//]]>
</script>


  </head>

<body>
<b:section class='navbar' id='navbar' maxwidgets='1' showaddelement='no'>
  <b:widget id='Navbar1' locked='true' title='Navbar' type='Navbar'>
    <b:includable id='main'>&lt;script type=&quot;text/javascript&quot;&gt;
    function setAttributeOnload(object, attribute, val) {
      if(window.addEventListener) {
        window.addEventListener(&#39;load&#39;,
          function(){ object[attribute] = val; }, false);
      } else {
        window.attachEvent(&#39;onload&#39;, function(){ object[attribute] = val; });
      }
    }
  &lt;/script&gt;
&lt;div id=&quot;navbar-iframe-container&quot;&gt;&lt;/div&gt;
&lt;script type=&quot;text/javascript&quot; src=&quot;https://apis.google.com/js/plusone.js&quot;&gt;&lt;/script&gt;
&lt;script type=&quot;text/javascript&quot;&gt;
        gapi.load(&quot;gapi.iframes:gapi.iframes.style.bubble&quot;, function() {
          if (gapi.iframes &amp;&amp; gapi.iframes.getContext) {
            gapi.iframes.getContext().openChild({
                url: &#39;https://draft.blogger.com/navbar.g?targetBlogID\0756156171118259777331\46blogName\75Belastic\46publishMode\75PUBLISH_MODE_BLOGSPOT\46navbarType\75LIGHT\46layoutType\75LAYOUTS\46searchRoot\75http://btdesigner-belastic-demo.blogspot.com/search\46blogLocale\75en\46v\0752\46homepageUrl\75http://btdesigner-belastic-demo.blogspot.com/\46blogFollowUrl\75https://plus.google.com/111221048711219991896\46vt\75-6098779272993133918&#39;,
                where: document.getElementById(&quot;navbar-iframe-container&quot;),
                id: &quot;navbar-iframe&quot;
            });
          }
        });
      &lt;/script&gt;&lt;script type=&quot;text/javascript&quot;&gt;
(function() {
var script = document.createElement(&#39;script&#39;);
script.type = &#39;text/javascript&#39;;
script.src = &#39;//pagead2.googlesyndication.com/pagead/js/google_top_exp.js&#39;;
var head = document.getElementsByTagName(&#39;head&#39;)[0];
if (head) {
head.appendChild(script);
}})();
&lt;/script&gt;
</b:includable>
  </b:widget>
</b:section>

<div id='outer-wrapper'><div id='wrap2'>


    <div id='header-wrapper'>
	<div class='wrapper'>
	<div id='headerleft'>
      <b:section class='header' id='header' maxwidgets='1' showaddelement='no'>
        <b:widget id='Header1' locked='true' title='Belastic (Header)' type='Header'>
          <b:includable id='main'>

  <b:if cond='data:useImage'>
    <b:if cond='data:imagePlacement == &quot;BEHIND&quot;'>
      <!--
      Show image as background to text. You can't really calculate the width
      reliably in JS because margins are not taken into account by any of
      clientWidth, offsetWidth or scrollWidth, so we don't force a minimum
      width if the user is using shrink to fit.
      This results in a margin-width's worth of pixels being cropped. If the
      user is not using shrink to fit then we expand the header.
      -->
      <b:if cond='data:mobile'>
          <div id='header-inner'>
            <div class='titlewrapper' style='background: transparent'>
              <h1 class='title' style='background: transparent; border-width: 0px'>
                <b:include name='title'/>
              </h1>
            </div>
            <b:include name='description'/>
          </div>
        <b:else/>
          <div expr:style='&quot;background-image: url(\&quot;&quot; + data:sourceUrl + &quot;\&quot;); &quot;                        + &quot;background-position: &quot;                        + data:backgroundPositionStyleStr + &quot;; &quot;                        + data:widthStyleStr                        + &quot;min-height: &quot; + data:height                        + &quot;_height: &quot; + data:height                        + &quot;background-repeat: no-repeat; &quot;' id='header-inner'>
            <div class='titlewrapper' style='background: transparent'>
              <h1 class='title' style='background: transparent; border-width: 0px'>
                <b:include name='title'/>
              </h1>
            </div>
            <b:include name='description'/>
          </div>
        </b:if>
    <b:else/>
      <!--Show the image only-->
      <div id='header-inner'>
        <a expr:href='data:blog.homepageUrl' style='display: block'>
          <img expr:alt='data:title' expr:height='data:height' expr:id='data:widget.instanceId + &quot;_headerimg&quot;' expr:src='data:sourceUrl' expr:width='data:width' style='display: block'/>
        </a>
        <!--Show the description-->
        <b:if cond='data:imagePlacement == &quot;BEFORE_DESCRIPTION&quot;'>
          <b:include name='description'/>
        </b:if>
      </div>
    </b:if>
  <b:else/>
    <!--No header image -->
    <div id='header-inner'>
      <div class='titlewrapper'>
        <h1 class='title'>
          <b:include name='title'/>
        </h1>
      </div>
      <b:include name='description'/>
    </div>
  </b:if>
</b:includable>
          <b:includable id='description'>
  <div class='descriptionwrapper'>
    <p class='description'><span><data:description/></span></p>
  </div>
</b:includable>
          <b:includable id='title'>
  <b:if cond='data:blog.url == data:blog.homepageUrl'>
    <data:title/>
  <b:else/>
    <a expr:href='data:blog.homepageUrl'><data:title/></a>
  </b:if>
</b:includable>
        </b:widget>
      </b:section>
    </div>

	<div id='headerright'> 
<b:section class='headerright' id='headerright' maxwidgets='1' showaddelement='yes'/> 
	</div>

<div id='bt-top'>
<div id='search'>
<form action='/search' id='searchform' method='get'>
	<div>
 <input class='sbox' id='sbox' name='q' onblur='if (this.value == &quot;&quot;) {this.value = &quot;Search this blog...&quot;;}' onfocus='if (this.value == &quot;Search this blog...&quot;) {this.value = &quot;&quot;}' type='text' value='Search this blog...'/>
<input id='searchbutton' type='submit' value='SEARCH'/>
      </div>
</form>

	</div>
<div id='bt-social'>
	<ul class='bt-social'>
<li class='social-twitter'><a href='http://twitter.com/YOUR-USERNAME' title='Twitter'>Twitter</a></li>
<li class='social-facebook'><a href='http://www.facebook.com/BTDesigner' title='Facebook'>Facebook</a></li>
<li class='social-gplus'><a href='https://plus.google.com/YOUR-USERNAME' title='Google+'>Google+</a></li>
<li class='social-rss'><a href='feeds.feedburner.com/YOUR-BLOG-NAME' title='RSS'>RSS</a></li>
	</ul>
</div>
	
</div>

<div id='topnavbar'>
<!-- start menu --> 
		<div id='nav'>
<ul> 
  <li><a class='current' href='/'>Home</a></li> 
  <li><a href='/'>Blogger</a></li> 
  <li><a href='/'>Templates</a></li> 
  <li><a href='/'>designer</a></li>  
  <li><a href='/'>dropdown</a> 
	<ul> 
    <li><a href='/'>lifestyle.1</a></li> 
    <li><a href='/'>lifestyle.2</a></li> 
    <li><a href='/'>lifestyle.3</a></li> 
    <li><a href='/'>lifestyle.4</a></li> 
    <li><a href='/'>lifestyle.5</a></li> 
  	</ul> 
  </li>
  	<li><a href='/'>templates</a> 
  	<ul> 
    <li><a href='/'>template.1</a></li> 
    <li><a href='/'>template.2</a></li> 
    <li><a href='/'>template.3</a></li> 
    <li><a href='/'>template.4</a></li> 
    </ul> 
  	</li> 
</ul>
</div>
<!-- end menu -->
<div style='clear: both;'/>
</div>
</div>
</div> <!-- header-wrapper END -->
<div style='clear: both;'/>

<div id='content-wrapper'>

     <div id='crosscol-wrapper' style='text-align:center;'>
        <b:section class='crosscol' id='crosscol'/>
      </div>

				<div id='main-wrapper'>		
			
<b:if cond='data:blog.url == data:blog.homepageUrl'>		
<div id='featured-wrapper'>
<div id='featured'>
	<div class='feleft columns'>
		<div class='fleftbox'>
			<div class='fthumb'>
			<a href='http://btd-templates.blogspot.fr/2014/01/post-for-post-testing.html' title='Post for post testing'><img alt='woman sitting down' src='http://2.bp.blogspot.com/-g7IGokv1ifM/Utv4CFHtm0I/AAAAAAAAFZI/cot1yjgXFrM/s1600/fotogrph-posing-594886372.jpg'/></a>
			<div class='opencon hcat'><a href='http://btd-templates.blogspot.fr/search/label/Blogger' rel='category tag' title='View all posts in Blogger'>Blogger</a></div>
		</div>
		<div class='ftext'>		
		<h2><a href='http://www.btdesigner.net' title='Test '> Post for post testing </a></h2>
		<div class='dpost'>	Download this and more Blogger Templates at BTDesigner. Free templates for you!
&#187; A normal paragraph In elementum sem felis, et sollicitudin mauris. Phasellus laoreet mauris sed libero tempus in porttitor metus fringilla. Praesent id odio orci, ut laoreet massa... 	</div>
		<div class='clearfix'/>
		</div>
					
		<div class='boxfoot'>
		<div class='bfootleft'><a href='http://www.btdesigner.net' rel='author' title='Posts by'>BTDESIGNER</a></div>
		<div class='bfootright'> 19th Jan 2014	</div>
		<div class='clearfix'/></div>
		</div>
	</div>

<div class='feright columns'>
	<div class='frightbox'>
			<div class='fthumb'><a href='http://btd-templates.blogspot.fr/2013/11/ramdon-html-tags-for-demonstration.html' title='Randon HTML tags for demonstration'><img alt='Randon HTML tags for demonstration' src='http://4.bp.blogspot.com/-Hsp_gRPE4X0/UojbThOHJsI/AAAAAAAAFTY/755rkUJ1Drg/s1600/charlize-theron-actress-650.jpg'/></a>
			<div class='opencon hcat'><a href='http://btd-templates.blogspot.fr/search/label/Sport' rel='category tag' title='View all posts in Inspiration'>Sport</a></div>
			</div>
			<div class='ftext'><h2><a href='http://btd-templates.blogspot.fr/2013/11/ramdon-html-tags-for-demonstration.html' title='Title here'>	Randon HTML tags for demonstration	</a></h2></div>
			<div class='boxfoot'>
			<div class='bfootleft'><a href='http://www.btdesigner.net/' rel='author' title='Posts by'>BTDESIGNER</a></div>
			<div class='bfootright'>	13th Jan 2014	</div>
			<div class='clearfix'/></div>
	</div>
	<div class='frightbox'>
			<div class='fthumb'><a href='http://robinon.deviantart.com/' title='The Art of Robinon'><img alt='Robinon digital art' src='http://4.bp.blogspot.com/-VUqSrdjGsdc/Ttf8Nc1WdDI/AAAAAAAACYA/vo0oAN2HEHg/s1600/Butterflies.jpg'/></a>
			<div class='opencon hcat'><a href='http://www.btdesigner.net/' rel='category tag' title='View all posts in Articles'>Digital Art</a></div>
			</div>
			<div class='ftext'><h2><a href='http://robinon.deviantart.com/' title='Digital art of Robinon'>	Digital Arts of Robinon an artist from Deviantart 	</a></h2>
			</div>
			<div class='boxfoot'>
			<div class='bfootleft'><a href='http://www.btdesigner.net/' rel='author' title='Posts by'>BTDESIGNER</a></div>
			<div class='bfootright'> 19th Jan 2014	</div>
			<div class='clearfix'/></div>
			</div>
	</div>
	<div class='clearfix'/></div>
</div>
</b:if>


				
		<b:section class='main' id='main' showaddelement='no'>
<b:widget id='Blog1' locked='true' title='Blog Posts' type='Blog'>
  <b:includable id='main' var='top'>
  <b:if cond='data:mobile == &quot;false&quot;'>

    <!-- posts -->
    <div class='blog-posts hfeed'>

      <b:include data='top' name='status-message'/>

      <data:defaultAdStart/>
      <b:loop values='data:posts' var='post'>
        <b:if cond='data:post.isDateStart'>
          <b:if cond='data:post.isFirstPost == &quot;false&quot;'>
            &lt;/div&gt;&lt;/div&gt;
          </b:if>
        </b:if>
        <b:if cond='data:post.isDateStart'>
          &lt;div class=&quot;date-outer&quot;&gt;
        </b:if>
        <b:if cond='data:post.dateHeader'>
          <h3 class='date-header'><span><data:post.dateHeader/></span></h3>
        </b:if>
        <b:if cond='data:post.isDateStart'>
          &lt;div class=&quot;date-posts&quot;&gt;
        </b:if>
        <div class='post-outer'>
        <b:include data='post' name='post'/>
        <b:if cond='data:blog.pageType == &quot;static_page&quot;'>
          <b:if cond='data:post.showThreadedComments'>
            <b:include data='post' name='threaded_comments'/>
          <b:else/>
            <b:include data='post' name='comments'/>
          </b:if>
        </b:if>
        <b:if cond='data:blog.pageType == &quot;item&quot;'>
          <b:if cond='data:post.showThreadedComments'>
            <b:include data='post' name='threaded_comments'/>
          <b:else/>
            <b:include data='post' name='comments'/>
          </b:if>
        </b:if>
        </div>
        <b:if cond='data:post.includeAd'>
          <b:if cond='data:post.isFirstPost'>
            <data:defaultAdEnd/>
          <b:else/>
            <data:adEnd/>
          </b:if>
          <div class='inline-ad'>
            <data:adCode/>
          </div>
          <data:adStart/>
        </b:if>
      </b:loop>
      <b:if cond='data:numPosts != 0'>
        &lt;/div&gt;&lt;/div&gt;
      </b:if>
      <data:adEnd/>
    </div>

    <!-- navigation -->
    <b:include name='nextprev'/>

    <!-- feed links -->
    <b:include name='feedLinks'/>

    <b:if cond='data:top.showStars'>
      <script src='//www.google.com/jsapi' type='text/javascript'/>
      <script type='text/javascript'>
        google.load(&quot;annotations&quot;, &quot;1&quot;, {&quot;locale&quot;: &quot;<data:top.languageCode/>&quot;});
        function initialize() {
          google.annotations.setApplicationId(<data:top.blogspotReviews/>);
          google.annotations.createAll();
          google.annotations.fetch();
        }
        google.setOnLoadCallback(initialize);
      </script>
    </b:if>

  <b:else/>
    <b:include name='mobile-main'/>
  </b:if>

  <b:if cond='data:top.showDummy'>
    <data:top.dummyBootstrap/>
  </b:if>

</b:includable>
  <b:includable id='backlinkDeleteIcon' var='backlink'>
  <span expr:class='&quot;item-control &quot; + data:backlink.adminClass'>
    <a expr:href='data:backlink.deleteUrl' expr:title='data:top.deleteBacklinkMsg'>
      <img src='//www.blogger.com/img/icon_delete13.gif'/>
    </a>
  </span>
</b:includable>
  <b:includable id='backlinks' var='post'>
  <a name='links'/><h4><data:post.backlinksLabel/></h4>
  <b:if cond='data:post.numBacklinks != 0'>
    <dl class='comments-block' id='comments-block'>
      <b:loop values='data:post.backlinks' var='backlink'>
        <div class='collapsed-backlink backlink-control'>
          <dt class='comment-title'>
            <span class='backlink-toggle-zippy'>&#160;</span>
            <a expr:href='data:backlink.url' rel='nofollow'><data:backlink.title/></a>
            <b:include data='backlink' name='backlinkDeleteIcon'/>
          </dt>
          <dd class='comment-body collapseable'>
            <data:backlink.snippet/>
          </dd>
          <dd class='comment-footer collapseable'>
            <span class='comment-author'><data:post.authorLabel/> <data:backlink.author/></span>
            <span class='comment-timestamp'><data:post.timestampLabel/> <data:backlink.timestamp/></span>
          </dd>
        </div>
      </b:loop>
    </dl>
  </b:if>
  <p class='comment-footer'>
    <a class='comment-link' expr:href='data:post.createLinkUrl' expr:id='data:widget.instanceId + &quot;_backlinks-create-link&quot;' target='_blank'><data:post.createLinkLabel/></a>
  </p>
</b:includable>
  <b:includable id='comment-form' var='post'>
  <div class='comment-form'>
    <a name='comment-form'/>
    <b:if cond='data:mobile'>
      <h4 id='comment-post-message'>
        <a expr:id='data:widget.instanceId + &quot;_comment-editor-toggle-link&quot;' href='javascript:void(0)'><data:postCommentMsg/></a></h4>
      <p><data:blogCommentMessage/></p>
      <data:blogTeamBlogMessage/>
      <a expr:href='data:post.commentFormIframeSrc' id='comment-editor-src'/>
      <iframe allowtransparency='true' class='blogger-iframe-colorize blogger-comment-from-post' frameborder='0' height='410' id='comment-editor' name='comment-editor' src='' style='display: none' width='100%'/>
    <b:else/>
      <h4 id='comment-post-message'><data:postCommentMsg/></h4>
      <p><data:blogCommentMessage/></p>
      <data:blogTeamBlogMessage/>
      <a expr:href='data:post.commentFormIframeSrc' id='comment-editor-src'/>
      <iframe allowtransparency='true' class='blogger-iframe-colorize blogger-comment-from-post' frameborder='0' height='410' id='comment-editor' name='comment-editor' src='' width='100%'/>
    </b:if>
    <data:post.friendConnectJs/>
    <data:post.cmtfpIframe/>
    <script type='text/javascript'>
      BLOG_CMT_createIframe(&#39;<data:post.appRpcRelayPath/>&#39;, &#39;<data:post.communityId/>&#39;);
    </script>
  </div>
</b:includable>
  <b:includable id='commentDeleteIcon' var='comment'>
  <span expr:class='&quot;item-control &quot; + data:comment.adminClass'>
    <b:if cond='data:showCmtPopup'>
      <div class='goog-toggle-button'>
        <div class='goog-inline-block comment-action-icon'/>
      </div>
    <b:else/>
      <a class='comment-delete' expr:href='data:comment.deleteUrl' expr:title='data:top.deleteCommentMsg'>
        <img src='//www.blogger.com/img/icon_delete13.gif'/>
      </a>
    </b:if>
  </span>
</b:includable>
  <b:includable id='comment_count_picker' var='post'>
  <b:if cond='data:post.commentSource == 1'>
    <span class='cmt_count_iframe_holder' expr:data-count='data:post.numComments' expr:data-onclick='data:post.addCommentOnclick' expr:data-post-url='data:post.url' expr:data-url='data:post.canonicalUrl'>
    </span>
  <b:else/>
    <a class='comment-link' expr:href='data:post.addCommentUrl' expr:onclick='data:post.addCommentOnclick'>
      <data:post.commentLabelFull/>:
    </a>
  </b:if>
</b:includable>
  <b:includable id='comment_picker' var='post'>
  <b:if cond='data:post.commentSource == 1'>
    <b:include data='post' name='iframe_comments'/>
  <b:else/>
    <b:if cond='data:post.showThreadedComments'>
      <b:include data='post' name='threaded_comments'/>
    <b:else/>
      <b:include data='post' name='comments'/>
    </b:if>
  </b:if>
</b:includable>
  <b:includable id='comments' var='post'>
  <div class='comments' id='comments'>
    <a name='comments'/>
    <b:if cond='data:post.allowComments'>
      <h4>
        <b:if cond='data:post.numComments == 1'>
          1 <data:commentLabel/>:
        <b:else/>
          <data:post.numComments/> <data:commentLabelPlural/>:
        </b:if>
      </h4>

      <b:if cond='data:post.commentPagingRequired'>
        <span class='paging-control-container'>
          <a expr:class='data:post.oldLinkClass' expr:href='data:post.oldestLinkUrl'><data:post.oldestLinkText/></a>
          &#160;
          <a expr:class='data:post.oldLinkClass' expr:href='data:post.olderLinkUrl'><data:post.olderLinkText/></a>
          &#160;
          <data:post.commentRangeText/>
          &#160;
          <a expr:class='data:post.newLinkClass' expr:href='data:post.newerLinkUrl'><data:post.newerLinkText/></a>
          &#160;
          <a expr:class='data:post.newLinkClass' expr:href='data:post.newestLinkUrl'><data:post.newestLinkText/></a>
        </span>
      </b:if>

      <div expr:id='data:widget.instanceId + &quot;_comments-block-wrapper&quot;'>
        <dl expr:class='data:post.avatarIndentClass' id='comments-block'>
          <b:loop values='data:post.comments' var='comment'>
            <dt expr:class='&quot;comment-author &quot; + data:comment.authorClass' expr:id='data:comment.anchorName'>
              <b:if cond='data:comment.favicon'>
                <img expr:src='data:comment.favicon' height='16px' style='margin-bottom:-2px;' width='16px'/>
              </b:if>
              <a expr:name='data:comment.anchorName'/>
              <b:if cond='data:blog.enabledCommentProfileImages'>
                <data:comment.authorAvatarImage/>
              </b:if>
              <b:if cond='data:comment.authorUrl'>
                <a expr:href='data:comment.authorUrl' rel='nofollow'><data:comment.author/></a>
              <b:else/>
                <data:comment.author/>
              </b:if>
              <data:commentPostedByMsg/>
            </dt>
            <dd class='comment-body' expr:id='data:widget.instanceId + data:comment.cmtBodyIdPostfix'>
              <b:if cond='data:comment.isDeleted'>
                <span class='deleted-comment'><data:comment.body/></span>
              <b:else/>
                <p>
                  <data:comment.body/>
                </p>
              </b:if>
            </dd>
            <dd class='comment-footer'>
              <span class='comment-timestamp'>
                <a expr:href='data:comment.url' title='comment permalink'>
                  <data:comment.timestamp/>
                </a>
                <b:include data='comment' name='commentDeleteIcon'/>
              </span>
            </dd>
          </b:loop>
        </dl>
      </div>

      <b:if cond='data:post.commentPagingRequired'>
        <span class='paging-control-container'>
          <a expr:class='data:post.oldLinkClass' expr:href='data:post.oldestLinkUrl'>
            <data:post.oldestLinkText/>
          </a>
          <a expr:class='data:post.oldLinkClass' expr:href='data:post.olderLinkUrl'>
            <data:post.olderLinkText/>
          </a>
          &#160;
          <data:post.commentRangeText/>
          &#160;
          <a expr:class='data:post.newLinkClass' expr:href='data:post.newerLinkUrl'>
            <data:post.newerLinkText/>
          </a>
          <a expr:class='data:post.newLinkClass' expr:href='data:post.newestLinkUrl'>
            <data:post.newestLinkText/>
          </a>
        </span>
      </b:if>

      <p class='comment-footer'>
        <b:if cond='data:post.embedCommentForm'>
          <b:if cond='data:post.allowNewComments'>
            <b:include data='post' name='comment-form'/>
          <b:else/>
            <data:post.noNewCommentsText/>
          </b:if>
        <b:else/>
          <b:if cond='data:post.allowComments'>
            <a expr:href='data:post.addCommentUrl' expr:onclick='data:post.addCommentOnclick'><data:postCommentMsg/></a>
          </b:if>
        </b:if>

      </p>
    </b:if>
    <b:if cond='data:showCmtPopup'>
      <div id='comment-popup'>
        <iframe allowtransparency='true' frameborder='0' id='comment-actions' name='comment-actions' scrolling='no'>
        </iframe>
      </div>
    </b:if>

    <div id='backlinks-container'>
    <div expr:id='data:widget.instanceId + &quot;_backlinks-container&quot;'>
       <b:if cond='data:post.showBacklinks'>
         <b:include data='post' name='backlinks'/>
       </b:if>
    </div>
    </div>
  </div>
</b:includable>
  <b:includable id='feedLinks'>
  <b:if cond='data:blog.pageType != &quot;item&quot;'> <!-- Blog feed links -->
    <b:if cond='data:feedLinks'>
      <div class='blog-feeds'>
        <b:include data='feedLinks' name='feedLinksBody'/>
      </div>
    </b:if>

    <b:else/> <!--Post feed links -->
    <div class='post-feeds'>
      <b:loop values='data:posts' var='post'>
        <b:if cond='data:post.allowComments'>
          <b:if cond='data:post.feedLinks'>
            <b:include data='post.feedLinks' name='feedLinksBody'/>
          </b:if>
        </b:if>
      </b:loop>
    </div>
  </b:if>
</b:includable>
  <b:includable id='feedLinksBody' var='links'>
  <div class='feed-links'>
  <data:feedLinksMsg/>
  <b:loop values='data:links' var='f'>
     <a class='feed-link' expr:href='data:f.url' expr:type='data:f.mimeType' target='_blank'><data:f.name/> (<data:f.feedType/>)</a>
  </b:loop>
  </div>
</b:includable>
  <b:includable id='iframe_comments' var='post'>

  <b:if cond='data:post.allowIframeComments'>
    <script expr:src='data:post.iframeCommentSrc' type='text/javascript'/>
    <div class='cmt_iframe_holder' expr:data-href='data:post.canonicalUrl' expr:data-viewtype='data:post.viewType'/>

    <b:if cond='data:post.embedCommentForm == &quot;false&quot;'>
      <a expr:href='data:post.addCommentUrl' expr:onclick='data:post.addCommentOnclick'><data:postCommentMsg/></a>
    </b:if>
  </b:if>
</b:includable>
  <b:includable id='mobile-index-post' var='post'>
  <div class='mobile-date-outer date-outer'>
    <b:if cond='data:post.dateHeader'>
      <div class='date-header'>
        <span><data:post.dateHeader/></span>
      </div>
    </b:if>

    <div class='mobile-post-outer'>
      <a expr:href='data:post.url'>
        <h2 class='mobile-index-title entry-title'>
          <data:post.title/>
        </h2>

        <div class='mobile-index-arrow'>&amp;rsaquo;</div>

        <div class='mobile-index-contents'>
          <b:if cond='data:post.thumbnailUrl'>
            <div class='mobile-index-thumbnail'>
              <div class='Image'>
                <img expr:src='data:post.thumbnailUrl'/>
              </div>
            </div>
          </b:if>

          <div class='post-body'>
            <b:if cond='data:post.snippet'><data:post.snippet/></b:if>
          </div>
        </div>

        <div style='clear: both;'/>
      </a>

      <div class='mobile-index-comment'>
        <b:if cond='data:blog.pageType != &quot;static_page&quot;'>
          <b:if cond='data:post.allowComments'>
            <b:if cond='data:post.numComments != 0'>
              <a class='comment-link' expr:href='data:post.addCommentUrl' expr:onclick='data:post.addCommentOnclick'><b:if cond='data:post.numComments == 1'>1 <data:top.commentLabel/><b:else/><data:post.numComments/> <data:top.commentLabelPlural/></b:if></a>
            </b:if>
          </b:if>
        </b:if>
      </div>
    </div>
  </div>
</b:includable>
  <b:includable id='mobile-main' var='top'>
    <!-- posts -->
    <div class='blog-posts hfeed'>

      <b:include data='top' name='status-message'/>

      <b:if cond='data:blog.pageType == &quot;index&quot;'>
        <b:loop values='data:posts' var='post'>
          <b:include data='post' name='mobile-index-post'/>
        </b:loop>
      <b:else/>
        <b:loop values='data:posts' var='post'>
          <b:include data='post' name='mobile-post'/>
        </b:loop>
      </b:if>
    </div>

   <b:include name='mobile-nextprev'/>
</b:includable>
  <b:includable id='mobile-nextprev'>
  <div class='blog-pager' id='blog-pager'>
    <b:if cond='data:newerPageUrl'>
      <div class='mobile-link-button' id='blog-pager-newer-link'>
      <a class='blog-pager-newer-link' expr:href='data:newerPageUrl' expr:id='data:widget.instanceId + &quot;_blog-pager-newer-link&quot;' expr:title='data:newerPageTitle'>&amp;lsaquo;</a>
      </div>
    </b:if>

    <b:if cond='data:olderPageUrl'>
      <div class='mobile-link-button' id='blog-pager-older-link'>
      <a class='blog-pager-older-link' expr:href='data:olderPageUrl' expr:id='data:widget.instanceId + &quot;_blog-pager-older-link&quot;' expr:title='data:olderPageTitle'>&amp;rsaquo;</a>
      </div>
    </b:if>

    <div class='mobile-link-button' id='blog-pager-home-link'>
    <a class='home-link' expr:href='data:blog.homepageUrl'><data:homeMsg/></a>
    </div>

    <div class='mobile-desktop-link'>
      <a class='home-link' expr:href='data:desktopLinkUrl'><data:desktopLinkMsg/></a>
    </div>

  </div>
  <div class='clear'/>
</b:includable>
  <b:includable id='mobile-post' var='post'>
  <div class='date-outer'>
    <b:if cond='data:post.dateHeader'>
      <h3 class='date-header'><span><data:post.dateHeader/></span></h3>
    </b:if>
    <div class='date-posts'>
      <div class='post-outer'>

        <div class='post hentry uncustomized-post-template'>
          <a expr:name='data:post.id'/>
          <b:if cond='data:post.title'>
            <h2 class='post-title entry-title'>
              <b:if cond='data:post.link'>
                <a expr:href='data:post.link'><data:post.title/></a>
              <b:else/>
                <b:if cond='data:post.url'>
                  <b:if cond='data:blog.url != data:post.url'>
                    <a expr:href='data:post.url'><data:post.title/></a>
                  <b:else/>
                    <data:post.title/>
                  </b:if>
                <b:else/>
                  <data:post.title/>
                </b:if>
              </b:if>
            </h2>
          </b:if>

          <div class='post-header'>
            <div class='post-header-line-1'/>
			</div>

          <div class='post-body entry-content' expr:id='&quot;post-body-&quot; + data:post.id'>
            <data:post.body/>
            <div style='clear: both;'/> <!-- clear for photos floats -->
          </div>

          <div class='post-footer'>
            <div class='post-footer-line post-footer-line-1'>
            </div>

            <div class='post-footer-line post-footer-line-2'>
              <b:if cond='data:top.showMobileShare'>
                <div class='mobile-link-button goog-inline-block' id='mobile-share-button'>
                  <a href='javascript:void(0);'><data:shareMsg/></a>
                </div>
              </b:if>
              <b:if cond='data:top.showDummy'>
                <div class='goog-inline-block dummy-container'><data:post.dummyTag/></div>
              </b:if>
            </div>

          </div>
        </div>

        <b:if cond='data:blog.pageType == &quot;static_page&quot;'>
          <b:if cond='data:post.showThreadedComments'>
            <b:include data='post' name='threaded_comments'/>
          <b:else/>
            <b:include data='post' name='comments'/>
          </b:if>
        </b:if>
        <b:if cond='data:blog.pageType == &quot;item&quot;'>
          <b:if cond='data:post.showThreadedComments'>
            <b:include data='post' name='threaded_comments'/>
          <b:else/>
            <b:include data='post' name='comments'/>
          </b:if>
        </b:if>
      </div>
    </div>
  </div>
</b:includable>
  <b:includable id='nextprev'>
  <div class='blog-pager' id='blog-pager'>
    <b:if cond='data:newerPageUrl'>
      <span id='blog-pager-newer-link'>
      <a class='blog-pager-newer-link' expr:href='data:newerPageUrl' expr:id='data:widget.instanceId + &quot;_blog-pager-newer-link&quot;' expr:title='data:newerPageTitle'><data:newerPageTitle/></a>
      </span>
    </b:if>

    <b:if cond='data:olderPageUrl'>
      <span id='blog-pager-older-link'>
      <a class='blog-pager-older-link' expr:href='data:olderPageUrl' expr:id='data:widget.instanceId + &quot;_blog-pager-older-link&quot;' expr:title='data:olderPageTitle'><data:olderPageTitle/></a>
      </span>
    </b:if>

    <a class='home-link' expr:href='data:blog.homepageUrl'><data:homeMsg/></a>

    <b:if cond='data:mobileLinkUrl'>
      <div class='blog-mobile-link'>
        <a expr:href='data:mobileLinkUrl'><data:mobileLinkMsg/></a>
      </div>
    </b:if>

  </div>
  <div class='clear'/>
</b:includable>
  <b:includable id='post' var='post'>
  <div class='post hentry'>
<b:if cond='data:blog.homepageUrl == data:blog.url'> <b:else/> <b:if cond='data:blog.pageType == &quot;item&quot;'> <div class='breadcrumbs'> Browse &#187; <a expr:href='data:blog.homepageUrl'>Home</a> &#187; <b:if cond='data:post.labels'><b:loop values='data:post.labels' var='label'> <a expr:href='data:label.url' rel='tag'><data:label.name/></a> <b:if cond='data:label.isLast != &quot;true&quot;'> , </b:if> </b:loop> </b:if> &#187; <data:post.title/> </div> </b:if> </b:if>
    <a expr:name='data:post.id'/>
    <b:if cond='data:post.title'>

      <h2 class='post-title entry-title'>
      <b:if cond='data:post.link'>
        <a expr:href='data:post.link'><data:post.title/></a>
      <b:else/>
        <b:if cond='data:post.url'>
          <b:if cond='data:blog.url != data:post.url'>
            <a expr:href='data:post.url'><data:post.title/></a>
          <b:else/>
            <data:post.title/>
          </b:if>
        <b:else/>
          <data:post.title/>
        </b:if>
      </b:if>
      </h2>
    </b:if>

    <div class='post-header'>
    <div class='post-header-line-1'>

 <div style='margin: 5px 0; border-bottom: 1px solid #F2F2F2;padding:5px 0;'>

<span class='post-author vcard'>
        <b:if cond='data:top.showAuthor'>
          <data:top.authorLabel/>
            <b:if cond='data:post.authorProfileUrl'>
              <span class='fn' itemprop='author' itemscope='itemscope' itemtype='http://schema.org/Person'>
                <meta expr:content='data:post.authorProfileUrl' itemprop='url'/>
                <a class='g-profile' expr:href='data:post.authorProfileUrl' rel='author' title='author profile'>
                  <span itemprop='name'><data:post.author/></span>
                </a>
              </span>
            <b:else/>
              <span class='fn' itemprop='author' itemscope='itemscope' itemtype='http://schema.org/Person'>
                <span itemprop='name'><data:post.author/></span>
              </span>
            </b:if>
        </b:if>
      </span> <span class='post-timestamp'>
        <b:if cond='data:top.showTimestamp'>
          <data:top.timestampLabel/>
        <b:if cond='data:post.url'>
          <meta expr:content='data:post.canonicalUrl' itemprop='url'/>
          <a class='timestamp-link' expr:href='data:post.url' rel='bookmark' title='permanent link'><abbr class='published' expr:title='data:post.timestampISO8601' itemprop='datePublished'><data:post.timestamp/></abbr></a>
        </b:if>
        </b:if>
      </span>

    <span class='post-comment-link'>
        <b:if cond='data:blog.pageType != &quot;item&quot;'>
          <b:if cond='data:post.allowComments'>
            <a class='comment-link' expr:href='data:post.addCommentUrl' expr:onclick='data:post.addCommentOnclick' style='background:url(http://4.bp.blogspot.com/-rC0rrfpsbhE/UrcdZ37f_uI/AAAAAAAAFnA/ZIiB7SJgx0I/s1600/comment.png) no-repeat;padding-left:20px;font-size:11px;padding-top: 2px; padding-bottom: 2px;'><b:if cond='data:post.numComments == 0'>Be the first to comment!<b:else/> <b:if cond='data:post.numComments == 1'><data:post.numComments/> Comment so far. What&#39;s your opinion?<b:else/><data:post.numComments/> Comments so far. What&#39;s your opinion?</b:if> </b:if></a>
          </b:if>
        </b:if>
    </span>
	
</div>

	</div>
    </div>

    <div class='post-body entry-content' expr:id='&quot;post-body-&quot; + data:post.id'>
      <b:if cond='data:blog.pageType == &quot;item&quot;'>
<data:post.body/>
 
<b:else/>
<b:if cond='data:blog.pageType == &quot;static_page&quot;'>
<data:post.body/>
<b:else/>
<div expr:id='&quot;summary&quot; + data:post.id'>
<data:post.body/>
</div>
<script type='text/javascript'>
createSummaryAndThumb(&quot;summary<data:post.id/>&quot;);
</script>
  <span class='jump-link'><a expr:href='data:post.url'>read more...</a></span>
</b:if>
</b:if>


      <div style='clear: both;'/> <!-- clear for photos floats -->
    </div>

    <b:if cond='data:post.hasJumpLink'>
      <div class='jump-link'>
        <a expr:href='data:post.url + &quot;#more&quot;' expr:title='data:post.title'><data:post.jumpText/></a>
      </div>
    </b:if>

    <div class='post-footer'>
    <div class='post-footer-line post-footer-line-1'> <span class='post-comment-link'>
        <b:if cond='data:blog.pageType != &quot;item&quot;'>
          <b:if cond='data:blog.pageType != &quot;static_page&quot;'>
            <b:if cond='data:post.allowComments'>
              <b:include data='post' name='comment_count_picker'/>
            </b:if>
          </b:if>
        </b:if>
      </span> 

			<span class='post-icons'>
        <!-- email post links -->
        <b:if cond='data:post.emailPostUrl'>
          <span class='item-action'>
          <a expr:href='data:post.emailPostUrl' expr:title='data:top.emailPostMsg'>
              <img alt='' class='icon-action' height='13' src='http://img1.blogblog.com/img/icon18_email.gif' width='18'/>
          </a>
          </span>
        </b:if>

        <!-- quickedit pencil -->
        <b:include data='post' name='postQuickEdit'/>
      </span> <span class='post-backlinks post-comment-link'>
         <b:if cond='data:blog.pageType != &quot;item&quot;'>
           <b:if cond='data:blog.pageType != &quot;static_page&quot;'>
             <b:if cond='data:post.showBacklinks'>
               <a class='comment-link' expr:href='data:post.url + &quot;#links&quot;'><data:top.backlinkLabel/></a>
             </b:if>
           </b:if>
         </b:if>
       </span> 

			<span class='post-labels'>
        <b:if cond='data:post.labels'>
          <data:postLabelsLabel/>
          <b:loop values='data:post.labels' var='label'>
            <a expr:href='data:label.url' rel='tag'><data:label.name/></a><b:if cond='data:label.isLast != &quot;true&quot;'>,</b:if>
          </b:loop>
        </b:if>
      </span> </div>

      <div class='post-footer-line post-footer-line-2'><div class='post-share-buttons goog-inline-block'>
        <b:if cond='data:post.sharePostUrl'>
          <b:include data='post' name='shareButtons'/>
        </b:if>
      </div> 
<span class='reaction-buttons'>
        <b:if cond='data:top.showReactions'>
          <table border='0' cellpadding='0' cellspacing='0' width='100%'><tr>
            <td class='reactions-label-cell' nowrap='nowrap' valign='top' width='1%'>
              <span class='reactions-label'>
              <data:top.reactionsLabel/></span>&#160;</td>
            <td><iframe allowtransparency='true' class='reactions-iframe' expr:src='data:post.reactionsUrl' frameborder='0' name='reactions' scrolling='no'/></td>
           </tr></table>
        </b:if>
      </span> <span class='post-location'>
        <b:if cond='data:top.showLocation'>
          <b:if cond='data:post.location'>
            <data:postLocationLabel/>
            <a expr:href='data:post.location.mapsUrl' target='_blank'><data:post.location.name/></a>
          </b:if>
        </b:if>
      </span> </div>

      <div class='post-footer-line post-footer-line-3'/>
      <b:if cond='data:post.authorAboutMe'>
        <div class='author-profile' itemprop='author' itemscope='itemscope' itemtype='http://schema.org/Person'>
          <b:if cond='data:post.authorPhoto.url'>
            <img expr:src='data:post.authorPhoto.url' itemprop='image' width='85px'/>
          </b:if>
          <div>
            <a class='g-profile' expr:href='data:post.authorProfileUrl' itemprop='url' rel='author' title='author profile'>
              <span itemprop='name'><data:post.author/></span>
            </a>
          </div>
          <span itemprop='description'><data:post.authorAboutMe/></span>
        </div>
      </b:if>
    </div>

<b:if cond='data:blog.pageType == &quot;item&quot;'>
<div id='under-wrapper'>
  <div style='margin:20px auto;width:100%;text-align: center;border-top:1px solid #eee;'>
<div style='text-align: center;padding:5px 10px;margin:10px auto;font:normal 18px Verdana;color:#282828;'>
Share this article 
</div>
<!-- AddThis Button BEGIN -->
    <div class='addthis_toolbox addthis_default_style' style='margin:0 auto;padding:0;text-align: center;'>
<a class='addthis_button_facebook_like' fb:like:layout='button_count'/>
<a class='addthis_button_tweet'/>
<a class='addthis_button_google_plusone' g:plusone:size='medium'/> 
<a class='addthis_button_pinterest_pinit'/>
<a class='addthis_counter addthis_pill_style'/>
</div>
<script type='text/javascript'>var addthis_config = {&quot;data_track_addressbar&quot;:true};</script>
<script src='http://s7.addthis.com/js/300/addthis_widget.js#pubid=ra-4fea027b6493fe59' type='text/javascript'/>
<!-- AddThis Button END -->
</div>
      


	<!-- Related Posts with Thumbnails Code Start-->
<b:if cond='data:blog.pageType == &quot;item&quot;'>
<div id='related-posts'>
<b:loop values='data:post.labels' var='label'>
<b:if cond='data:label.isLast != &quot;true&quot;'>
</b:if>
<b:if cond='data:blog.pageType == &quot;item&quot;'>
<script expr:src='&quot;/feeds/posts/default/-/&quot; + data:label.name + &quot;?alt=json-in-script&amp;callback=related_results_labels_thumbs&amp;max-results=6&quot;' type='text/javascript'/></b:if></b:loop>
<script type='text/javascript'>
var currentposturl=&quot;<data:post.url/>&quot;;
var maxresults=4;
  var relatedpoststitle=&quot;Related Posts&quot;;
removeRelatedDuplicates_thumbs();
printRelatedLabels_thumbs();
</script>
</div><div style='clear:both'/>
</b:if>
<!-- Related Posts with Thumbnails Code End-->
</div></b:if>



  </div>
</b:includable>
  <b:includable id='postQuickEdit' var='post'>
  <b:if cond='data:post.editUrl'>
    <span expr:class='&quot;item-control &quot; + data:post.adminClass'>
      <a expr:href='data:post.editUrl' expr:title='data:top.editPostMsg'>
        <img alt='' class='icon-action' height='18' src='http://img2.blogblog.com/img/icon18_edit_allbkg.gif' width='18'/>
      </a>
    </span>
  </b:if>
</b:includable>
  <b:includable id='shareButtons' var='post'>
  <b:if cond='data:top.showEmailButton'><a class='goog-inline-block share-button sb-email' expr:href='data:post.sharePostUrl + &quot;&amp;target=email&quot;' expr:title='data:top.emailThisMsg' target='_blank'><span class='share-button-link-text'><data:top.emailThisMsg/></span></a></b:if><b:if cond='data:top.showBlogThisButton'><a class='goog-inline-block share-button sb-blog' expr:href='data:post.sharePostUrl + &quot;&amp;target=blog&quot;' expr:onclick='&quot;window.open(this.href, \&quot;_blank\&quot;, \&quot;height=270,width=475\&quot;); return false;&quot;' expr:title='data:top.blogThisMsg' target='_blank'><span class='share-button-link-text'><data:top.blogThisMsg/></span></a></b:if><b:if cond='data:top.showTwitterButton'><a class='goog-inline-block share-button sb-twitter' expr:href='data:post.sharePostUrl + &quot;&amp;target=twitter&quot;' expr:title='data:top.shareToTwitterMsg' target='_blank'><span class='share-button-link-text'><data:top.shareToTwitterMsg/></span></a></b:if><b:if cond='data:top.showFacebookButton'><a class='goog-inline-block share-button sb-facebook' expr:href='data:post.sharePostUrl + &quot;&amp;target=facebook&quot;' expr:onclick='&quot;window.open(this.href, \&quot;_blank\&quot;, \&quot;height=430,width=640\&quot;); return false;&quot;' expr:title='data:top.shareToFacebookMsg' target='_blank'><span class='share-button-link-text'><data:top.shareToFacebookMsg/></span></a></b:if><b:if cond='data:top.showOrkutButton'><a class='goog-inline-block share-button sb-orkut' expr:href='data:post.sharePostUrl + &quot;&amp;target=orkut&quot;' expr:title='data:top.shareToOrkutMsg' target='_blank'><span class='share-button-link-text'><data:top.shareToOrkutMsg/></span></a></b:if><b:if cond='data:top.showDummy'><div class='goog-inline-block dummy-container'><data:post.dummyTag/></div></b:if>
</b:includable>
  <b:includable id='status-message'>
  <b:if cond='data:navMessage'>
  <div class='status-msg-wrap'>
    <div class='status-msg-body'>
      <data:navMessage/>
    </div>
    <div class='status-msg-border'>
      <div class='status-msg-bg'>
        <div class='status-msg-hidden'><data:navMessage/></div>
      </div>
    </div>
  </div>
  <div style='clear: both;'/>
  </b:if>
</b:includable>
  <b:includable id='threaded-comment-form' var='post'>
  <div class='comment-form'>
    <a name='comment-form'/>
    <b:if cond='data:mobile'>
      <p><data:blogCommentMessage/></p>
      <data:blogTeamBlogMessage/>
      <a expr:href='data:post.commentFormIframeSrc' id='comment-editor-src'/>
      <iframe allowtransparency='true' class='blogger-iframe-colorize blogger-comment-from-post' frameborder='0' height='410' id='comment-editor' name='comment-editor' src='' style='display: none' width='100%'/>
    <b:else/>
      <p><data:blogCommentMessage/></p>
      <data:blogTeamBlogMessage/>
      <a expr:href='data:post.commentFormIframeSrc' id='comment-editor-src'/>
      <iframe allowtransparency='true' class='blogger-iframe-colorize blogger-comment-from-post' frameborder='0' height='410' id='comment-editor' name='comment-editor' src='' width='100%'/>
    </b:if>
    <data:post.friendConnectJs/>
    <data:post.cmtfpIframe/>
    <script type='text/javascript'>
      BLOG_CMT_createIframe(&#39;<data:post.appRpcRelayPath/>&#39;, &#39;<data:post.communityId/>&#39;);
    </script>
  </div>
</b:includable>
  <b:includable id='threaded_comment_js' var='post'>
  <script async='async' expr:src='data:post.commentSrc' type='text/javascript'/>

  <script type='text/javascript'>
    (function() {
      var items = <data:post.commentJso/>;
      var msgs = <data:post.commentMsgs/>;
      var config = <data:post.commentConfig/>;

// <![CDATA[
      var cursor = null;
      if (items && items.length > 0) {
        cursor = parseInt(items[items.length - 1].timestamp) + 1;
      }

      var bodyFromEntry = function(entry) {
        if (entry.gd$extendedProperty) {
          for (var k in entry.gd$extendedProperty) {
            if (entry.gd$extendedProperty[k].name == 'blogger.contentRemoved') {
              return '<span class="deleted-comment">' + entry.content.$t + '</span>';
            }
          }
        }
        return entry.content.$t;
      }

      var parse = function(data) {
        cursor = null;
        var comments = [];
        if (data && data.feed && data.feed.entry) {
          for (var i = 0, entry; entry = data.feed.entry[i]; i++) {
            var comment = {};
            // comment ID, parsed out of the original id format
            var id = /blog-(\d+).post-(\d+)/.exec(entry.id.$t);
            comment.id = id ? id[2] : null;
            comment.body = bodyFromEntry(entry);
            comment.timestamp = Date.parse(entry.published.$t) + '';
            if (entry.author && entry.author.constructor === Array) {
              var auth = entry.author[0];
              if (auth) {
                comment.author = {
                  name: (auth.name ? auth.name.$t : undefined),
                  profileUrl: (auth.uri ? auth.uri.$t : undefined),
                  avatarUrl: (auth.gd$image ? auth.gd$image.src : undefined)
                };
              }
            }
            if (entry.link) {
              if (entry.link[2]) {
                comment.link = comment.permalink = entry.link[2].href;
              }
              if (entry.link[3]) {
                var pid = /.*comments\/default\/(\d+)\?.*/.exec(entry.link[3].href);
                if (pid && pid[1]) {
                  comment.parentId = pid[1];
                }
              }
            }
            comment.deleteclass = 'item-control blog-admin';
            if (entry.gd$extendedProperty) {
              for (var k in entry.gd$extendedProperty) {
                if (entry.gd$extendedProperty[k].name == 'blogger.itemClass') {
                  comment.deleteclass += ' ' + entry.gd$extendedProperty[k].value;
                }
              }
            }
            comments.push(comment);
          }
        }
        return comments;
      };

      var paginator = function(callback) {
        if (hasMore()) {
          var url = config.feed + '?alt=json&v=2&orderby=published&reverse=false&max-results=50';
          if (cursor) {
            url += '&published-min=' + new Date(cursor).toISOString();
          }
          window.bloggercomments = function(data) {
            var parsed = parse(data);
            cursor = parsed.length < 50 ? null
                : parseInt(parsed[parsed.length - 1].timestamp) + 1
            callback(parsed);
            window.bloggercomments = null;
          }
          url += '&callback=bloggercomments';
          var script = document.createElement('script');
          script.type = 'text/javascript';
          script.src = url;
          document.getElementsByTagName('head')[0].appendChild(script);
        }
      };
      var hasMore = function() {
        return !!cursor;
      };
      var getMeta = function(key, comment) {
        if ('iswriter' == key) {
          var matches = !!comment.author
              && comment.author.name == config.authorName
              && comment.author.profileUrl == config.authorUrl;
          return matches ? 'true' : '';
        } else if ('deletelink' == key) {
          return config.baseUri + '/delete-comment.g?blogID='
               + config.blogId + '&postID=' + comment.id;
        } else if ('deleteclass' == key) {
          return comment.deleteclass;
        }
        return '';
      };

      var replybox = null;
      var replyUrlParts = null;
      var replyParent = undefined;

      var onReply = function(commentId, domId) {
        if (replybox == null) {
          // lazily cache replybox, and adjust to suit this style:
          replybox = document.getElementById('comment-editor');
          if (replybox != null) {
            replybox.height = '250px';
            replybox.style.display = 'block';
            replyUrlParts = replybox.src.split('#');
          }
        }
        if (replybox && (commentId !== replyParent)) {
          document.getElementById(domId).insertBefore(replybox, null);
          replybox.src = replyUrlParts[0]
              + (commentId ? '&parentID=' + commentId : '')
              + '#' + replyUrlParts[1];
          replyParent = commentId;
        }
      };

      var hash = (window.location.hash || '#').substring(1);
      var startThread, targetComment;
      if (/^comment-form_/.test(hash)) {
        startThread = hash.substring('comment-form_'.length);
      } else if (/^c[0-9]+$/.test(hash)) {
        targetComment = hash.substring(1);
      }

      // Configure commenting API:
      var configJso = {
        'maxDepth': config.maxThreadDepth
      };
      var provider = {
        'id': config.postId,
        'data': items,
        'loadNext': paginator,
        'hasMore': hasMore,
        'getMeta': getMeta,
        'onReply': onReply,
        'rendered': true,
        'initComment': targetComment,
        'initReplyThread': startThread,
        'config': configJso,
        'messages': msgs
      };

      var render = function() {
        if (window.goog && window.goog.comments) {
          var holder = document.getElementById('comment-holder');
          window.goog.comments.render(holder, provider);
        }
      };

      // render now, or queue to render when library loads:
      if (window.goog && window.goog.comments) {
        render();
      } else {
        window.goog = window.goog || {};
        window.goog.comments = window.goog.comments || {};
        window.goog.comments.loadQueue = window.goog.comments.loadQueue || [];
        window.goog.comments.loadQueue.push(render);
      }
    })();
// ]]>
  </script>
</b:includable>
  <b:includable id='threaded_comments' var='post'>
  <div class='comments' id='comments'>
    <a name='comments'/>
    <h4>
      <b:if cond='data:post.numComments == 1'>
        1 <data:commentLabel/>:
      <b:else/>
        <data:post.numComments/> <data:commentLabelPlural/>:
      </b:if>
    </h4>

    <div class='comments-content'>
      <b:if cond='data:post.embedCommentForm'>
        <b:include data='post' name='threaded_comment_js'/>
      </b:if>
      <div id='comment-holder'>
         <data:post.commentHtml/>
      </div>
    </div>

    <p class='comment-footer'>
      <b:if cond='data:post.allowNewComments'>
        <b:include data='post' name='threaded-comment-form'/>
      <b:else/>
        <data:post.noNewCommentsText/>
      </b:if>
    </p>

    <b:if cond='data:showCmtPopup'>
      <div id='comment-popup'>
        <iframe allowtransparency='true' frameborder='0' id='comment-actions' name='comment-actions' scrolling='no'>
        </iframe>
      </div>
    </b:if>

    <div id='backlinks-container'>
    <div expr:id='data:widget.instanceId + &quot;_backlinks-container&quot;'>
       <b:if cond='data:post.showBacklinks'>
         <b:include data='post' name='backlinks'/>
       </b:if>
    </div>
    </div>
  </div>
</b:includable>
</b:widget>
</b:section>
      		
 			</div>
					
					<div id='sidebar-wrapper'>
                      <b:section class='newsletterBox' id='newsletterBox' preferred='yes'>
                        <b:widget id='HTML1' locked='false' title='' type='HTML'>
                          <b:includable id='main'>
  <!-- only display title if it's non-empty -->
  <b:if cond='data:title != &quot;&quot;'>
    <h2 class='title'><data:title/></h2>
  </b:if>
  <div class='widget-content'>
    <data:content/>
  </div>

  <b:include name='quickedit'/>
</b:includable>
                        </b:widget>
                      </b:section>


              <b:section class='sidebar' id='sidebar' preferred='yes'>
                <b:widget id='Attribution1' locked='true' title='' type='Attribution'>
                  <b:includable id='main'>
    <b:if cond='data:feedbackSurveyLink'>
      <div class='mobile-survey-link' style='text-align: center;'>
        <data:feedbackSurveyLink/>
      </div>
    </b:if>

    <div class='widget-content' style='text-align: center;'>
      <b:if cond='data:attribution != &quot;&quot;'>
       <data:attribution/>
      </b:if>
    </div>

    <b:include name='quickedit'/>
  </b:includable>
                </b:widget>
              </b:section>
      </div>
		

      <!-- spacer for skins that want sidebar and main to be the same height-->
      <div class='clear'>&#160;</div>

    </div> <!-- end content-wrapper -->

    <!-- Início do Footer-->
<div id='footer-wrapper'>
<div id='footer-column-container'>
<div id='footer-column-left'>
<b:section class='footer-column' id='footer2' maxwidgets='5' showaddelement='yes' style='float:left;'/>
</div>
<div id='footer-column-center'>
<b:section class='footer-column' id='footer3' maxwidgets='5' showaddelement='yes' style='float:left;'/>
</div>

<div id='footer-column-right'>
<b:section class='footer-column' id='footer4' maxwidgets='5' showaddelement='yes' style='float:right;'/>
</div>

<div style='clear:both;'/>

<div id='footer-bottom'>
<b:section class='footer' id='footer-column-bottom' maxwidgets='5' showaddelement='yes'/>
</div>
<div style='clear:both;'/>

</div></div>

<div style='clear:both;'/><!-- Fim área do Footer-->


<div class='credits'>
<div class='footleft'>Copyright &#169; 2014 <a expr:href='data:blog.homepageUrl'><data:blog.title/></a> &#8226; All Rights Reserved.</div>
<div class='footright'>	Template Design by <a href='http://www.btdesigner.net' target='_blank'>BTDesigner</a> Published.. <a href='http://gooyaabitemplates.com/'>Blogger Templates</a> &#8226; Powered by <a href='http://www.blogger.com/'>Blogger</a></div>
<div id='backtop' style='display: block;'><a href='#outer-wrapper' title='Back to Top'><img alt='back to top' src='http://3.bp.blogspot.com/-ggvoO88bhfM/USDi6IWVtFI/AAAAAAAAAjc/n4vpSkZgR00/s1600/back+to+top.png'/></a></div>				 
</div>

</div></div> <!-- end outer-wrapper -->

  <b:include data='blog' name='google-analytics'/>

<!--Page Navigation Starts-->
<script type='text/javascript'>
var home_page=&quot;/&quot;;
var urlactivepage=location.href;
var postperpage=3;
var numshowpage=4;
var upPageWord =&#39;Previous&#39;;
var downPageWord =&#39;Next&#39;;
</script>
<script src='http://mybloggertricksorg.googlecode.com/files/colorizetemplates-pagenav.js' type='text/javascript'/>
<!--Page Navigation Ends -->
</body>
</html>