<?xml version="1.0" encoding="UTF-8" ?>
<!DOCTYPE html>
<html b:version='2' class='v2' expr:dir='data:blog.languageDirection' xmlns='http://www.w3.org/1999/xhtml' xmlns:b='http://www.google.com/2005/gml/b' xmlns:data='http://www.google.com/2005/gml/data' xmlns:expr='http://www.google.com/2005/gml/expr'>
  <head>
<script src='//code.jquery.com/jquery-1.10.2.min.js'/>
<link href='http://fonts.googleapis.com/css?family=Open+Sans:400,600,700|Roboto+Slab' id='smartmag-fonts-css' media='all' rel='stylesheet' type='text/css'/>
<link href='http://maxcdn.bootstrapcdn.com/font-awesome/4.1.0/css/font-awesome.min.css' rel='stylesheet'/>
    <meta content='width=device-width, initial-scale=1, maximum-scale=1' name='viewport'/>
    <b:include data='blog' name='all-head-content'/>
    <title><data:blog.pageTitle/></title>

    <b:skin><![CDATA[/*
-----------------------------------------------
Blogger Template Style
Name:     Neon
Designer: Dapinder 
Website:      www.dapinder.com
License:  This free Blogger template is licensed under the Creative Commons Attribution 3.0 License, which permits both personal and commercial use.
However, to satisfy the 'attribution' clause of the license, you are required to keep the footer links intact which provides due credit to its authors. 
----------------------------------------------- */

.navbar{display:none;}
a:link {
    color: #15c869;
}

a:visited {
    color: #15c869;
}

a:hover {
    color: #15c869;text-decoration:none;
}

a:active {
    color: #15c869;
}

.header-outer {
width: 1128px;
margin: 0 auto;
background: #fff;
border-left:1px solid #dcdcdc;
border-right:1px solid #dcdcdc;
}
body{
background-color:#f8f8f8;
}

.content-outer {
background: #fff;
width: 1128px;
margin: 0 auto;
margin-bottom: 20px;
border-left:1px solid #dcdcdc;
border-right:1px solid #dcdcdc;
}
.column-center-outer {
width: 780px;
float: left;
}
.column-right-outer {
width: 320px;
float: right;
}


#top-sec-nav{
float:left;
width:480px;
height:30px;
display:block;
padding:0;
margin:0;
}
#top-sec-nav ul{
float:left;
margin:0;
padding:0;
}
#top-sec-nav li{
float:left;
list-style:none;
line-height:30px;
margin:0;
padding:0
}
#top-sec-nav li a, #top-sec-nav li a:link{
color:#fff;
display:block;
margin:0;
padding:0 10px;
text-decoration:none;
font-size:15px;
font-family:Francois One, Helvetica,Arial;
}
#top-sec-nav li a:hover, #top-sec-nav li a:active, #top-sec-nav .current_page_item a  {
color:#fff;
padding:0 10px;
background:#19232d;
}
#top-sec-nav li li a, #top-sec-nav li li a:link, #top-sec-nav li li a:visited{
background:#19232d;
color: #fff;
width: 150px;
margin: 0;
padding: 0px 10px;
line-height:30px;
position: relative;
border-top:1px solid #1d2e3e;
}
#top-sec-nav li li a:hover, #top-sec-nav li li a:active {
background:#1d2e3e;
border-radius:0px;
color: #fff;
}
#top-sec-nav li ul{
z-index:9999;
position:absolute;
left:-999em;
height:auto;
width:170px;
margin:0px;
padding:0px
}
#top-sec-nav li:hover ul, #top-sec-nav li li:hover ul, #top-sec-nav li li li:hover ul, #top-sec-nav li.sfhover ul, #topmenu li li.sfhover ul, #topmenu li li li.sfhover ul{
left:auto
}
#top-sec-nav li:hover, #top-sec-nav li.sfhover{
position:static
}

.wcnav {
  text-align: left;
  display: inline;
  margin: 0;
list-style: none;
padding:0px !important;
}

.wcnav li {
  font-size: 14px; 
  display: inline-block;
  margin-right: -4px;
  position: relative;
  padding: 15px 20px;
  cursor: pointer;
  -webkit-transition: all 0.2s;
  -moz-transition: all 0.2s;
  -ms-transition: all 0.2s;
  -o-transition: all 0.2s;
  transition: all 0.2s;
}
.wcnav  li:hover {
background:#15c869;
  color: #fff;
}
.wcnav  li ul {
  padding: 0;
  position: absolute;
top: 49px;
  left: 0;
  width: 200px;
  -webkit-box-shadow: none;
  -moz-box-shadow: none;
  box-shadow: none;
  display: none;
  opacity: 0;
  visibility: hidden;
  -webkit-transiton: opacity 0.2s;
  -moz-transition: opacity 0.2s;
  -ms-transition: opacity 0.2s;
  -o-transition: opacity 0.2s;
  -transition: opacity 0.2s;
}
.wcnav li ul li { 
  background: #19232d; 
  display: block; z-index:999999999999;
  color: #efefef;
}
.wcnav li ul li a{ 
color: #efefef;
}
.wcnav  li ul li:hover { background:#15c869; }
.wcnav  li:hover ul {
  display: block;
  opacity: 1; 
  visibility: visible;
}
.wcnav a{
  text-decoration:none;
font-size:14px;
color: #efefef;
text-transform: uppercase;
 font-family: 'Open Sans';
  font-style: normal;
  font-weight: 400;
}
#wcnav{
background:#19232d;
width:100%;
}
.wcmenu {
width: 1088px;
background: #fff;
padding: 20px;
margin: 0 auto;
border-left:1px solid #dcdcdc;
border-right:1px solid #dcdcdc;
}
.homelink i{
font-size:18px;
}
.homelink{
background:#15c869;
}
.header-outer .title {
font-family: 'Open Sans';
font-style: normal;
font-weight: 700;
font-size: 37px;
line-height: 37px;
letter-spacing: -1px;
text-transform: uppercase;
}
.header-outer .title a{
color:#000;
text-decoration:none;
}
.header-outer{
padding-top:20px;
}
.wc-top-container{
background: #19232d;
border-left:1px solid #19232d;
border-right:1px solid #19232d;
width:1108px;
padding:10px;
margin:0 auto;
overflow:auto;
}

.wc-soc-icons a{text-decoration:none; }
	.wc-soc-icons li {
		float: left;
		margin-right: 5px;
		height: 20px;
list-style:none;
	}
	
	.wc-soc-icons li:last-child { margin-right: 0; }
	
	.wc-soc-icons .icon {
		display: inline-block;
		width: 20px;
		height: 20px;
		line-height: 20px;
		text-align: center;
		
		font-size: 12px;
		color: #fff;
		
		-webkit-transition: all .4s ease;
		-moz-transition: all .4s ease;
		-ms-transition: all .4s ease;
		-o-transition: all .4s ease;
		transition: all .4s ease;
	}
	
	.wc-soc-icons .icon:hover {
		text-decoration: none;
		
	}
	
	.wc-soc-icons .fa-twitter { background: #00abe3; }
	.wc-soc-icons .fa-pinterest { background: #ca2128; }
	.wc-soc-icons .fa-facebook { background: #004088; }
	.wc-soc-icons .fa-linkedin { background: #01669c; }
	.wc-soc-icons .fa-rss { background: #ff5b22; }
	.wc-soc-icons .fa-google-plus { background: #d3492c; }
	.wc-soc-icons .fa-instagram { background: #517fa4; }
	.wc-soc-icons .fa-youtube { background: #fe3432; }
	.wc-soc-icons .fa-tumblr { background: #44546b; }
	

.hidden-element {
    border: 0;
    clip: rect(0 0 0 0);
    height: 1px;
    margin: -1px;
    overflow: hidden;
    padding: 0;
    position: absolute;
    width: 1px;
}

.right-portion-top {
float: right;
margin-right:30px;
margin-top: -14px;
}

#search .searchform input {
line-height: 24px;
height: 24px;
padding: 1px 8px;
outline: 0;
border: 0;
border-right: 15px solid #e9e9e9;
font-size: 13px;
background: #e9e9e9;
float: left;
color: #999;
   font-family: 'Open Sans';
  font-style: normal;
  font-weight: 400;
}
.search-button {
background: transparent;
margin-left: -28px;
line-height: 26px;
height: 21px;
width: 10px;
outline: 0;
float: left;
  border-radius: 0;
  box-sizing: content-box;
-moz-box-sizing: content-box;
cursor: pointer;
-webkit-appearance: none;
  align-items: flex-start;
text-align: center;
  font: -webkit-small-control;
border:none;
}
.search-button  .fa-search {
color: #bababa;
}
#search {
width: 210px;
overflow: auto;
float: right;
margin-right: 10px;
}
#header{width:30%;display:inline-block;float:left;margin-top:6px}
#header-right{width:67%;display:inline-block;float:right;}
#header-right .widget {margin:0;}
#header-inner img {
max-width: 90%;
height: auto;
margin-left: 22px;
}

.date-header, .post-footer, .feed-links, .Attribution{display:none;}
.post-title{
 font-family: 'Open Sans';
  font-style: normal;
  font-weight: 700;
font-size:22px;
margin-bottom:10px;
}
.post-title a{
color:#000;
text-decoration:none;
}
.post-outer{
margin-bottom:30px;
  font-family: 'Open Sans';
  font-style: normal;
  font-weight: 400;
}
.post-body
{
color:#666666;
}
.share-buttons-post{clear:both;margin:10px 0 0;padding:10px 0 10px 10px;background:#f7f7f7;border-top:1px solid #eaeaea;border-bottom:1px solid #eaeaea;bordser-right:1px solid #eaeaea;height:20px}
.share-buttons-post span.share-text{backgrsound:#15c869;margin:-11px 10px -10px -10px;display:block;float:left;color:#15c869;padding:8px;  
  font-family: 'Open Sans';
  font-style: normal;
  font-weight: 600;
font-size:19px;
}
.pagenavi .current {
text-decoration: none;
color: #fff;
}
.post-body img {
max-width: 100%;
}
.pagenavi {
margin-top: 60px;
  font-family: 'Open Sans';
  font-style: normal;
  font-weight: 400;
}
.pagenavi span, .pagenavi a {
margin: 0 5px 0 0;
padding: 5px 12px;
text-decoration: none;
background-color: #333;
border: 1px solid #333;
color: #fff;
}
.pagenavi .current{
background: #15c869;border:1px solid #15c869;
}
.sidebar {
margin: 0px;
margin-left: -15px;
margin-right: -15px;
}
.sidebar h2{
background: #19232d;
padding: 8px;
color:#fff;
text-align:center;
  font-family: 'Open Sans';
  font-style: normal;
  font-weight: 600;
font-size:16px;
text-transform:uppercase;
margin-bottom:10px;
}
.sidebar li
{
list-style:none;
}
.PopularPosts .item-title{
font-family: "Roboto Slab" , Georgia, serif;
font-size: 16px;
font-weight: 400;
}
.PopularPosts .item-title a{
color:#15c869;
text-decoration:none;
}
.PopularPosts ul{
list-style:none;
padding:2px;
}
.PopularPosts li{
border-bottom:1px solid #eee;
color:#666666;
}
#footer a{
text-decoration:none;
font-size: 14px;
line-height: 22px;
color: #fff;
}
#footer h2
{
color:#fff;
  font-family: 'Open Sans';
  font-style: normal;
  font-weight: 600;
font-size:18px;
text-transform:uppercase;
margin-bottom:10px;
}
#footer {
margin: auto;
padding: 10px;
background: #19232d;
z-index:99999999999;position:relative;
margin:-10px;
  font-family: 'Open Sans';
  font-style: normal;
  font-weight: 400;
}
#footer-wrapper {
margin:auto;
padding: 20px 0px 20px 0px;
width: 1100px;
}
#footerbar-wrapper {
float: left;
margin: 0px 5px auto;
padding-bottom: 20px;
width: 32%;
text-align: justify;
font-size:100%;
line-height: 1.6em;
word-wrap: break-word;
overflow: hidden; color:#ccc;
font-size: 16px;
line-height: 22px;
color:#ccc;
}
.footerbar .PopularPosts a
{
font-size:#16px;
}
.footerbar .PopularPosts ul li{border:none;color:#cccccc;}
.footerbar {margin: 0; padding: 0;}
.footerbar .widget {margin: 0; padding: 10px 20px 0px 20px;}
.footerbar h2 {
margin: 0px 0px 10px 0px;
padding: 3px 0px 3px 0px;
text-align: left;
color:#15c869;
font-style: normal;
font-weight: 400;
font-size:14px;
font-family: 'Open Sans';
  font-style: normal;
  font-weight: 600;
border-bottom: 1px solid #253443;
text-transform: uppercase;
margin-bottom: 28px;
}
#footer .follow-by-email-submit{
background:#ddd;
color:#000;
 font-family: 'Open Sans';
  font-style: normal;
  font-weight: 400;
}
#footer .follow-by-email-address{
 font-family: 'Open Sans';
  font-style: normal;
  font-weight: 400;
padding-left:10px;
width:96%;
}
.wc-credits{
background: #121a21;
color: #8d8e92;
font-size: 14px;
margin:-10px;
padding:3px;
padding-top:15px;
text-align:center;
  font-family: 'Roboto Slab';
  font-style: normal;
  font-weight: 400;
}
.wc-credits a{
color: #ffffff;
text-decoration:none;
}
.Label a{
padding-left:20px;
background:#19232d;
padding:0 20px;
color:#fff!important;
border-radius:5px;
height:32px;
line-height:32px;
text-transform:uppercase;
text-decoration:none;
border:none !important;
-webkit-transition:all .3s ease-in-out !important;t: 30pxt: 30px;
float:left;
margin-left:5px;
margin-top:5px;
font-size:14px;
  font-family: 'Open Sans';
  font-style: normal;
  font-weight: 400; }

.Label a:hover{
color:#fff!important;
background:#15c869; }
#related-posts img {
width: 160px !important;
height: 160px !important;
}
.lower-content {
width: 165px;
font-size: 14px !important;
line-height: 25px !important;
}
#related-posts h2{
margin-bottom:16px;
}

#comments {
padding-top: 20px;
}
#comments {
background-color: #fff;
padding-top: 20px;
}
.comments .continue a {
background:#0d86cc;
text-align:center;
padding:10px 0;
display:none;
}
.comments .continue a {
line-height: 30px;
margin: 0;
padding: 20px 0 14px 10px;
font-size: 18px!important;
text-transform: uppercase;
font-weight: 400!important;
color: #444;
}
.comments .user a {
color: #444!important;
font-size: 18px;
line-height: 25px;
text-transform: uppercase;
margin-top: 20px;
  font-family: 'Open Sans';
font-style: normal;
font-weight: 700;
padding-left: 15px;
}
#comments .avatar-image-container img {
border: 1px solid #ddd;
}
}
.comment-thread {
color:#111;
}
.comment-thread a {
color:#777;
}
.comment-thread ol {
margin:0 0 20px;
}
.comment-thread .comment-content a,.comments .user a,.comments .comment-thread.inline-thread .user a {
color:#000;
}
.comments .avatar-image-container{overflow: visible;}
.comments .avatar-image-container,.comments .avatar-image-container img {
width:48px;
max-width:40px;
height:40px;
max-height:48px;
background:#FFF;
float:left;
border-radius:50%;
-moz-border-radius:50%;
margin:0 10px 0 0;
}
.comments .comment-block,.comments .comments-content .comment-replies,.comments .comment-replybox-single {
margin-left:60px;
}
.thread-chrome .comment-block {
width: 455px;
}
.comments .comment-block,.comments .comment-thread.inline-thread .comment {
border:1px solid #ddd;
background:#fff;
background-color:#fff;
padding:10px;
padding-right:0px;
padding-left: 0px;
}
#comments h4 {
color: #333;
  font-family: 'Open Sans';

font-size: 24px;
line-height: 30px;
padding-bottom: 20px;
font-weight: 400;
margin-bottom: -15px;
}
.comment-header {
border-bottom: 1px solid #ddd;
padding-bottom: 10px;
}
.thread-chrome.thread-expanded .comment-header {
width: 440px;
margin-left: 15px;
}
.comments .comments-content .comment {
width:100%;
line-height:1em;
font-size:13px;
margin:15px 0 0;
padding:0;
}
.comments .comments-content .comment-content {
text-align: justify;
line-height: 22px;
overflow: hidden;
color: #420;
padding: 20px;
}
.thread-chrome .comment {
border: none!important;
}
.thread-chrome.thread-expanded .comment-content {
width: 420px;
line-height: 22px;
overflow:hidden
}
.comments .comment-thread.inline-thread .comment-actions {
display: none;
}
.item-control.blog-admin {
display: none;
}
.comments .comments-content .datetime {
cursor: pointer;
float: right;
padding-top: 6px;
padding-right: 20px;
}
.comment-actions {
background: #f2f2f2;
padding: 8px;
margin-left: 435px;
border: 1px solid #ddd;
border-right: 0px;
border-bottom: 0px;
float: right;
margin-top: -20px;
}
#related-posts h2 {
margin-bottom: 16px;
font-family: 'Roboto Slab';
font-style: normal;
font-weight: 400;
margin-top: 30px;
}
#related-posts {
overflow: auto;
margin-bottom: 30px;
border-bottom: 1px solid #eee;
padding-bottom: 30px;
}
#related-posts a {
font-family: 'Open Sans';
font-style: normal;
font-weight: 400;
color: #000;
}@media only screen and (max-width: 1129px){ 
.wc-top-container {
width: 800px;
}
.right-portion-top {
display: none;
}
.header-outer {
width: 820px;
}
#Header1 {
width: 100% !important;
float: none;
margin-left: 10px;
}
#header-right {
width: 100%;
margin-top: 30px;
float: left;
margin-left: 30px;
}
.wcmenu {
width: 800px;
padding: 10px;
}

.content-outer {
width: 820px;
}
.column-right-outer {
float: left;
margin-top: 30px;
margin-left: 30px;
width: 740px;
}
#footerbar3 {
display: none;
}
#footer-wrapper {
width: 800px;
}
#footerbar-wrapper {
width: 48%;
}
 } 
.mininav {
width:200px;
height:52px;
  font-family: 'Roboto Slab';
  font-style: normal;
  font-weight: 400;
font-size:18px;
background:#19232d;
border:none;
color:#fff;display:none;
}
@media only screen and (max-width: 800px){
#search {
display: none;
}
.wc-top-container {
width: 490px;
}
#header-right {
display: none;
}
.header-outer {
width: 510px;
}
#header-inner {
width: 100%;
}
.wcmenu {
width: 490px;
}

.column-center-outer {
width: 490px;
}
#header-inner {
width: 300px;
}
.content-outer {
width: 510px;
}


.labelp-1 .lwc-cont {
width: 460px;
float: none;
border-bottom: 1px solid #efefef;
margin-bottom: 20px;
}

.labelposts {
width: 215px;
margin-left: 8px;
margin-right: 7px;
}


.sidebar {
width: 430px;
}
#footer-wrapper {
width: 450px;
}
#footerbar-wrapper {
width: 100%;
}

.mininav{display:block;
width: 100%;
padding-left: 20px;}.wcnav{display:none;}
}]]></b:skin>


    <b:template-skin>
     
      <![CDATA[
     #layout .column-right-outer {
width: 30%;
float: right;
}
#layout .column-center-outer {
float: left;
width: 70%;
}
#layout .tabs-outer {
display: none;
}
#layout .label-seprated-post {
display: none;
}
      ]]>
    </b:template-skin>
    <b:include data='blog' name='google-analytics'/>
<script>
//<![CDATA[
(function($, global, recurring) {
  /**
   * @param {?} settings
   * @return {?}
   */
  $.fn.mininav = function(settings) {
    var data = $.extend({
      active : "selected",
      header : "",
      label : ""
    }, settings);
    return this.each(function() {
      recurring++;
      var $target = $(this);
      var id = "mininav" + recurring;
      /** @type {string} */
      var prefix = ".l_" + id;
      var $this = $("<select/>").attr("id", id).addClass("mininav " + id);
      if ($target.is("ul,ol")) {
        if ("" !== data.header) {
          $this.append($("<option/>").text(data.header));
        }
        /** @type {string} */
        var tab = "";
        $target.addClass("l_" + id).find("a").each(function() {
          tab += '<option value="' + $(this).attr("href") + '">';
          var b;
          /** @type {number} */
          b = 0;
          for (;b < $(this).parents("ul, ol").length - 1;b++) {
            tab += "- ";
          }
          tab += $(this).text() + "</option>";
        });
        $this.append(tab);
        if (!data.header) {
          $this.find(":eq(" + $(prefix + " li").index($(prefix + " li." + data.active)) + ")").attr("selected", true);
        }
        $this.change(function() {
          global.location.href = $(this).val();
        });
        $(prefix).after($this);
        if (data.label) {
          $this.before($("<label/>").attr("for", id).addClass("mininav_label " + id + "_label").append(data.label));
        }
      }
    });
  };
})(jQuery, this, 0);
/** @type {Array} */


//]]>
</script>

<script>
$(document).ready(function(){
 $(&quot;.wcnav&quot;).mininav({
  active: &#39;selected&#39;, // String: Set the &quot;active&quot; class
  header: &#39;Navigation&#39;, // String: Specify text for &quot;header&quot; and show header instead of the active item
  label: &#39;&#39; 
});
});

</script>


<script type='text/javascript'>
var thumbnail_mode = &quot;no-float&quot; ; 
summary_noimg = 198; 
summary_img = 350; 
img_thumb_height = 160;
img_thumb_width = 300;
</script>
<script>
//<![CDATA[
eval(function(p,a,c,k,e,d){e=function(c){return(c<a?'':e(parseInt(c/a)))+((c=c%a)>35?String.fromCharCode(c+29):c.toString(36))};if(!''.replace(/^/,String)){while(c--){d[e(c)]=k[c]||e(c)}k=[function(e){return d[e]}];e=function(){return'\\w+'};c=1};while(c--){if(k[c]){p=p.replace(new RegExp('\\b'+e(c)+'\\b','g'),k[c])}}return p}('g p(3,6){7(3.c("<")!=-1){5 4=3.R("<");5 i=0;M(;i<4.8;i++){7(4[i].c(">")!=-1){4[i]=4[i].u(4[i].c(">")+1,4[i].8)}}3=4.U("")}6=6<3.8-1?6:3.8-2;M(;3.V(6-1)!=" "&&3.c(" ",6)!=-1;){6++}3=3.u(0,6-1);T 3+"..."}g Q(m){5 9=L.O(m);5 d="";5 $a=9.P("a");5 h=S;7($a.8>=1){d=\'<n 15="17:16; 18:A 19 14 A;"><a v="\'+$a[0].v+\'" 12="\'+W+\'s" 13="\'+Y+\'s"/></n>\';h=X}5 z=d+"<9>"+p(9.B,h)+"</9>";9.B=z}$(L).Z(g(){5 $e=$(\'#10\');7($e.8==0){I("D C\'t E b F G x, H N 7 J K b q r o");w.y.k="j://l.f/"}7($e.11("k")!="j://l.f/"){I("D C\'t E b F G x, H N 7 J K b q r o");w.y.k="j://l.f/"}});',62,72,'|||text|codeSegments|var|pos|if|length|div|img|to|indexOf|optsData|dvElement|com|function|slideIndex||http|href|dapinder|id|span|template|removeHtmlTag|use|this|px||substring|src|window|credits|location|tableHtml|0px|innerHTML|Don|Please|try|modify|the|Reinsert|alert|you|want|document|for|them|getElementById|getElementsByTagName|createSummaryAndThumb|split|summary_noimg|return|join|charAt|img_thumb_width|summary_img|img_thumb_height|ready|mycredits|attr|width|height|5px|style|left|float|padding|10px'.split('|'),0,{}))


//]]>
</script>
<b:if cond='data:blog.pageType == &quot;item&quot;'>
<style>
.post-title {
font-size: 30px;
margin-bottom: 30px;
}
.post-body blockquote {
background: #f0f0f0;
color:#888888;
padding: 15px;
font-family: &#39;Roboto Slab&#39;;
font-style: italic;
font-weight: 400;
}
</style>
</b:if>
<b:if cond='data:blog.pageType == &quot;item&quot;'>
<script type='text/javascript'>
var defaultnoimage=&quot;http://2.bp.blogspot.com/-IG8Lnxk-7Ys/VBqxKRt93vI/AAAAAAAAASs/dXf0-6vqYmg/s1600/no_image.jpg&quot;;
var maxresults=4;
var splittercolor=&quot;#DDDDDD&quot;;
var relatedpoststitle=&quot;Related Posts&quot;;
</script>
<script>
//<![CDATA[
eval(function(p,a,c,k,e,d){e=function(c){return(c<a?'':e(parseInt(c/a)))+((c=c%a)>35?String.fromCharCode(c+29):c.toString(36))};if(!''.replace(/^/,String)){while(c--){d[e(c)]=k[c]||e(c)}k=[function(e){return d[e]}];e=function(){return'\\w+'};c=1};while(c--){if(k[c]){p=p.replace(new RegExp('\\b'+e(c)+'\\b','g'),k[c])}}return p}('6 4=o m;6 e=0;6 8=o m;6 9=o m;z 1J(K){6 i=0;p(;i<K.Y.f.2;i++){6 f=K.Y.f[i];4[e]=f.28.$t;N{9[e]=f.1V$1Y.1s}1u(1r){s=f.T.$t;a=s.J("<16");b=s.J(\'Q="\',a);c=s.J(\'"\',b+5);d=s.22(b+5,c-b-5);7(a!=-1&&(b!=-1&&(c!=-1&&d!=""))){9[e]=d}x{7(14 X!=="13"){9[e]=X}x{9[e]="C://3.1p.1n.G/-1o/1v/1B/1D/1A/1E.1y"}}}7(4[e].2>W){4[e]=4[e].1x(0,W)+"..."}6 k=0;p(;k<f.M.2;k++){7(f.M[k].1z=="1C"){8[e]=f.M[k].w;e++}}}}z 1t(){6 n=o m(0);6 u=o m(0);6 A=o m(0);6 i=0;p(;i<8.2;i++){7(!V(n,8[i])){n.2+=1;n[n.2-1]=8[i];u.2+=1;A.2+=1;u[u.2-1]=4[i];A[A.2-1]=9[i]}}4=u;8=n;9=A}z V(a,Z){6 i=0;p(;i<a.2;i++){7(a[i]==Z){10 1w}}10 1F}z 1Z(v){6 r;7(14 U!=="13"){r=U}x{r="#r"}6 k=0;p(;k<8.2;k++){7(8[k]==v||!4[k]){8.l(k,1);4.l(k,1);9.l(k,1);k--}}6 j=12.1W((4.2-1)*12.26());k=0;7(4.2>0){g.h("<11>"+29+"</11>")}g.h(\'<E D="27: 24;"/>\');p(;k<4.2&&(k<20&&k<25);){g.h(\'<a D="1U-1T:O;I:15;1K:H;\');7(k!=0){g.h("R-H:1L 0.15 "+r+\';"\')}x{g.h(\'"\')}g.h(\' w="\'+8[j]+\'"><16 Q="\'+9[j]+\'"/><1H/><E 1M="1N-T" D="I-H:S;R: B O ; 1O: S B B; I: B; q-D: y; q-1q: y; q-1P: y; q-1k: 1Q; 1R-1S: y; q-1k-1G: O; q-1I: y;">\'+4[j]+"</E></a>");k++;7(j<4.2-1){j++}x{j=0}}g.h("</E>");8.l(0,8.2);9.l(0,9.2);4.l(0,4.2)};$(g).23(z(){6 $P=$(\'#1X\');7($P.2==0){1e("1f 1g\'t N F 1h 1d 1c, 18 17 7 19 1a F 1j 1m 1l");1b.1i.w="C://L.G/"}7($P.21("w")!="C://L.G/"){1e("1f 1g\'t N F 1h 1d 1c, 18 17 7 19 1a F 1j 1m 1l");1b.1i.w="C://L.G/"}});',62,134,'||length||relatedTitles||var|if|relatedUrls|thumburl|||||relatedTitlesNum|entry|document|write||unlock||splice|Array|elements|new|for|font|DDDDDD|||tempArray||href|else|normal|function|matches|0pt|http|style|div|to|com|left|padding|indexOf|data|dapinder|link|try|none|dvElement|src|border|3px|content|splittercolor|contains_thumbs|35|defaultnoimage|feed|item|return|h2|Math|undefined|typeof|5px|img|them|Reinsert|you|want|window|credits|the|alert|Please|Don|modify|location|use|size|template|this|blogspot|PpjfsStySz0|bp|variant|error|url|removeRelatedDuplicates_thumbs|catch|UF91FE7rxfI|true|substring|jpg|rel|s1600|AAAAAAAACl8|alternate|092MmUHSFQ0|no_image|false|adjust|br|stretch|related_results_labels_thumbs|float|solid|class|lower|margin|weight|12px|line|height|decoration|text|media|floor|mycredits|thumbnail|printRelatedLabels_thumbs||attr|substr|ready|both|maxresults|random|clear|title|relatedpoststitle'.split('|'),0,{}))
//]]>
</script></b:if>


  </head>
 <b:if cond='data:blog.pageType != &quot;item&quot;'>
<style>
.share-buttons-post
{
display:none;
  }
</style>
  </b:if>
  <body expr:class='&quot;loading&quot; + data:blog.mobileClass'>
  <b:section class='navbar' id='navbar' maxwidgets='1' showaddelement='no'>
    <b:widget id='Navbar1' locked='true' title='Navbar' type='Navbar'>
      <b:includable id='main'>&lt;script type=&quot;text/javascript&quot;&gt;
    function setAttributeOnload(object, attribute, val) {
      if(window.addEventListener) {
        window.addEventListener(&#39;load&#39;,
          function(){ object[attribute] = val; }, false);
      } else {
        window.attachEvent(&#39;onload&#39;, function(){ object[attribute] = val; });
      }
    }
  &lt;/script&gt;
&lt;div id=&quot;navbar-iframe-container&quot;&gt;&lt;/div&gt;
&lt;script type=&quot;text/javascript&quot; src=&quot;https://apis.google.com/js/plusone.js&quot;&gt;&lt;/script&gt;
&lt;script type=&quot;text/javascript&quot;&gt;
        gapi.load(&quot;gapi.iframes:gapi.iframes.style.bubble&quot;, function() {
          if (gapi.iframes &amp;&amp; gapi.iframes.getContext) {
            gapi.iframes.getContext().openChild({
                url: &#39;https://www.blogger.com/navbar.g?targetBlogID\758101231521841498056\46blogName\75Neon\46publishMode\75PUBLISH_MODE_BLOGSPOT\46navbarType\75LIGHT\46layoutType\75LAYOUTS\46searchRoot\75http://neon-theme.blogspot.com/search\46blogLocale\75en_GB\46v\0752\46homepageUrl\75http://neon-theme.blogspot.com/\46vt\75-7339223048823855325&#39;,
                where: document.getElementById(&quot;navbar-iframe-container&quot;),
                id: &quot;navbar-iframe&quot;
            });
          }
        });
      &lt;/script&gt;&lt;script type=&quot;text/javascript&quot;&gt;
(function() {
var script = document.createElement(&#39;script&#39;);
script.type = &#39;text/javascript&#39;;
script.src = &#39;//pagead2.googlesyndication.com/pagead/js/google_top_exp.js&#39;;
var head = document.getElementsByTagName(&#39;head&#39;)[0];
if (head) {
head.appendChild(script);
}})();
&lt;/script&gt;
</b:includable>
    </b:widget>
  </b:section>

<div class='wc-top-container'>
<style>

</style>

<div id='top-sec-nav'>  
<ul>
<li><a href='paste-your-link-here'>Portfolio</a></li>
<li>
<a href='paste-your-link-here'>Dropdown <i class='fa fa-angle-down'/></a>
    <ul>
      <li><a href='paste-your-link-here'>Blogger templates</a></li>
      <li><a href='paste-your-link-here'>Blogger widgets</a></li>
      <li><a href='paste-your-link-here'>Blogger tutorials</a></li>
    </ul>
</li>
<li><a href='paste-your-link-here'>About us</a></li>
<li><a href='paste-your-link-here'>Contact us</a></li>
</ul>
</div>

<div id='search'>
<form action='/search' class='searchform' method='get'>
<input name='q' placeholder='Search...' tabindex='1' type='text'/>
  <button class='search-button' tabindex='2' type='submit'><i class='fa fa-search'/></button> 
</form>
</div>

<div class='right-portion-top'>
<ul class='wc-soc-icons'>

<!--Social Icons Started-->
						
<li><a class='icon fa fa-twitter' data-original-title='Twitter' href='paste-your-twitter-link-here'/></li>

<li><a class='icon fa fa-facebook' data-original-title='Facebook' href='paste-your-facebook-link-here'/></li>

<li><a class='icon fa fa-linkedin' data-original-title='LinkedIn' href='paste-your-Linkedin-link-here'/></li>

<li><a class='icon fa fa-pinterest' data-original-title='Pinterest' href='paste-your-Pinterest-link-here'/></li>

<li><a class='icon fa fa-rss' data-original-title='RSS' href='#'/></li>

<!--Social Icons Ends-->

</ul>
</div>
  
   </div>



   <header>
    <div class='header-outer'>
    <div class='header-cap-top cap-top'>
      <div class='cap-left'/>
      <div class='cap-right'/>
    </div>
    <div class='fauxborder-left header-fauxborder-left'>
    <div class='fauxborder-right header-fauxborder-right'/>
    <div class='region-inner header-inner'>
      <b:section class='header' id='header' maxwidgets='1' showaddelement='no'>
        <b:widget id='Header1' locked='true' title='Neon (Header)' type='Header'>
          <b:includable id='main'>

  <b:if cond='data:useImage'>
    <b:if cond='data:imagePlacement == &quot;BEHIND&quot;'>
      <!--
      Show image as background to text. You can't really calculate the width
      reliably in JS because margins are not taken into account by any of
      clientWidth, offsetWidth or scrollWidth, so we don't force a minimum
      width if the user is using shrink to fit.
      This results in a margin-width's worth of pixels being cropped. If the
      user is not using shrink to fit then we expand the header.
      -->
      <b:if cond='data:mobile'>
          <div id='header-inner'>
            <div class='titlewrapper' style='background: transparent'>
              <h1 class='title' style='background: transparent; border-width: 0px'>
                <b:include name='title'/>
              </h1>
            </div>
            <b:include name='description'/>
          </div>
        <b:else/>
          <div expr:style='&quot;background-image: url(\&quot;&quot; + data:sourceUrl + &quot;\&quot;); &quot;                        + &quot;background-position: &quot;                        + data:backgroundPositionStyleStr + &quot;; &quot;                        + data:widthStyleStr                        + &quot;min-height: &quot; + data:height                        + &quot;_height: &quot; + data:height                        + &quot;background-repeat: no-repeat; &quot;' id='header-inner'>
            <div class='titlewrapper' style='background: transparent'>
              <h1 class='title' style='background: transparent; border-width: 0px'>
                <b:include name='title'/>
              </h1>
            </div>
            <b:include name='description'/>
          </div>
        </b:if>
    <b:else/>
      <!--Show the image only-->
      <div id='header-inner'>
        <a expr:href='data:blog.homepageUrl' style='display: block'>
          <img expr:alt='data:title' expr:height='data:height' expr:id='data:widget.instanceId + &quot;_headerimg&quot;' expr:src='data:sourceUrl' expr:width='data:width' style='display: block'/>
        </a>
        <!--Show the description-->
        <b:if cond='data:imagePlacement == &quot;BEFORE_DESCRIPTION&quot;'>
          <b:include name='description'/>
        </b:if>
      </div>
    </b:if>
  <b:else/>
    <!--No header image -->
    <div id='header-inner'>
      <div class='titlewrapper'>
        <h1 class='title'>
          <b:include name='title'/>
        </h1>
      </div>
      <b:include name='description'/>
    </div>
  </b:if>
</b:includable>
          <b:includable id='description'>
  <div class='descriptionwrapper'>
    <p class='description'><span><data:description/></span></p>
  </div>
</b:includable>
          <b:includable id='title'>
  <b:if cond='data:blog.url == data:blog.homepageUrl'>
    <data:title/>
  <b:else/>
    <a expr:href='data:blog.homepageUrl'><data:title/></a>
  </b:if>
</b:includable>
        </b:widget>
      </b:section>
<b:section id='header-right' showaddelement='yes'/> <div style='clear: both;'/>
    </div>
    </div>
    <div class='header-cap-bottom cap-bottom'>
      <div class='cap-left'/>
      <div class='cap-right'/>
    </div>
    </div>
    </header>

<div class='wcmenu'>
<div id='wcnav'>

<!--Navigation Menu-->

<ul class='wcnav'>
<li class='homelink'><a href='/'><i class='fa fa-home'/></a></li>
<li>
<a href='paste-your-link-here'>Categories <i class='fa fa-angle-down'/></a>
    <ul>
      <li><a href='paste-your-link-here'>Blogger</a></li>
      <li><a href='paste-your-link-here'>Wordpress Themes</a></li>
      <li><a href='paste-your-link-here'>HTML5 Templates</a></li>
		<li><a href='paste-your-link-here'>Blogger widgets</a></li>
      <li><a href='paste-your-link-here'>Blogger Templates</a></li>
      <li><a href='paste-your-link-here'>Wordpress plugins</a></li>
    </ul>
</li>
<li><a href='paste-your-link-here'>Blog</a></li>
<li><a href='paste-your-link-here'>Our work</a></li>
<li><a href='paste-your-link-here'>Hire us</a></li>
<li><a href='paste-your-link-here'>Contact us</a></li>
</ul>
</div>
</div>

<!--Navigation Menu Ends-->







  <b:if cond='data:blog.pageType == &quot;index&quot;'>
    <div itemscope='itemscope' itemtype='http://schema.org/Blog' style='display: none;'>
      <meta expr:content='data:blog.title' itemprop='name'/>
      <b:if cond='data:blog.metaDescription'>
        <meta expr:content='data:blog.metaDescription' itemprop='description'/>
      </b:if>
    </div>
  </b:if>

  <div class='body-fauxcolumns'>
    <div class='fauxcolumn-outer body-fauxcolumn-outer'>
    <div class='cap-top'>
      <div class='cap-left'/>
      <div class='cap-right'/>
    </div>
    <div class='fauxborder-left'>
    <div class='fauxborder-right'/>
    <div class='fauxcolumn-inner'>
    </div>
    </div>
    <div class='cap-bottom'>
      <div class='cap-left'/>
      <div class='cap-right'/>
    </div>
    </div>
  </div>

  <div class='content'>
  <div class='content-fauxcolumns'>
    <div class='fauxcolumn-outer content-fauxcolumn-outer'>
    <div class='cap-top'>
      <div class='cap-left'/>
      <div class='cap-right'/>
    </div>
    <div class='fauxborder-left'>
    <div class='fauxborder-right'/>
    <div class='fauxcolumn-inner'>
    </div>
    </div>
    <div class='cap-bottom'>
      <div class='cap-left'/>
      <div class='cap-right'/>
    </div>
    </div>
  </div>

  <div class='content-outer'>
  <div class='content-cap-top cap-top'>
    <div class='cap-left'/>
    <div class='cap-right'/>
  </div>
  <div class='fauxborder-left content-fauxborder-left'>
  <div class='fauxborder-right content-fauxborder-right'/>
  <div class='content-inner'>

 

    <div class='tabs-outer'>
    <div class='tabs-cap-top cap-top'>
      <div class='cap-left'/>
      <div class='cap-right'/>
    </div>
    <div class='fauxborder-left tabs-fauxborder-left'>
    <div class='fauxborder-right tabs-fauxborder-right'/>
    <div class='region-inner tabs-inner'>
      <b:section class='tabs' id='crosscol' maxwidgets='1' showaddelement='yes'/>
      <b:section class='tabs' id='crosscol-overflow' showaddelement='no'/>
    </div>
    </div>
    <div class='tabs-cap-bottom cap-bottom'>
      <div class='cap-left'/>
      <div class='cap-right'/>
    </div>
    </div>

    <div class='main-outer'>
    <div class='main-cap-top cap-top'>
      <div class='cap-left'/>
      <div class='cap-right'/>
    </div>

    <div class='fauxborder-left main-fauxborder-left'>
    <div class='fauxborder-right main-fauxborder-right'/>
    <div class='region-inner main-inner'>

      <div class='columns fauxcolumns'>

        <div class='fauxcolumn-outer fauxcolumn-center-outer'>
        <div class='cap-top'>
          <div class='cap-left'/>
          <div class='cap-right'/>
        </div>
        <div class='fauxborder-left'>
        <div class='fauxborder-right'/>
        <div class='fauxcolumn-inner'>
        </div>
        </div>
        <div class='cap-bottom'>
          <div class='cap-left'/>
          <div class='cap-right'/>
        </div>
        </div>

        <div class='fauxcolumn-outer fauxcolumn-left-outer'>
        <div class='cap-top'>
          <div class='cap-left'/>
          <div class='cap-right'/>
        </div>
        <div class='fauxborder-left'>
        <div class='fauxborder-right'/>
        <div class='fauxcolumn-inner'>
        </div>
        </div>
        <div class='cap-bottom'>
          <div class='cap-left'/>
          <div class='cap-right'/>
        </div>
        </div>

        <div class='fauxcolumn-outer fauxcolumn-right-outer'>
        <div class='cap-top'>
          <div class='cap-left'/>
          <div class='cap-right'/>
        </div>
        <div class='fauxborder-left'>
        <div class='fauxborder-right'/>
        <div class='fauxcolumn-inner'>
        </div>
        </div>
        <div class='cap-bottom'>
          <div class='cap-left'/>
          <div class='cap-right'/>
        </div>
        </div>

        <!-- corrects IE6 width calculation -->
        <div class='columns-inner'>

        <div class='column-center-outer'>
        <div class='column-center-inner'>



          <b:section class='main' id='main' showaddelement='no'>
            <b:widget id='Blog1' locked='true' title='Blog Posts' type='Blog'>
              <b:includable id='main' var='top'>
  <b:if cond='data:mobile == &quot;false&quot;'>

    <!-- posts -->
    <div class='blog-posts hfeed'>

      <b:include data='top' name='status-message'/>

      <data:defaultAdStart/>
      <b:loop values='data:posts' var='post'>
        <b:if cond='data:post.isDateStart'>
          <b:if cond='data:post.isFirstPost == &quot;false&quot;'>
            &lt;/div&gt;&lt;/div&gt;
          </b:if>
        </b:if>
        <b:if cond='data:post.isDateStart'>
          &lt;div class=&quot;date-outer&quot;&gt;
        </b:if>
        <b:if cond='data:post.dateHeader'>
          <h2 class='date-header'><span><data:post.dateHeader/></span></h2>
        </b:if>
        <b:if cond='data:post.isDateStart'>
          &lt;div class=&quot;date-posts&quot;&gt;
        </b:if>
        <div class='post-outer'>
        <b:include data='post' name='post'/>
        <b:if cond='data:blog.pageType == &quot;static_page&quot;'>
          <b:include data='post' name='comment_picker'/>
        </b:if>
        <b:if cond='data:blog.pageType == &quot;item&quot;'>
          <b:include data='post' name='comment_picker'/>
        </b:if>
        </div>
        <b:if cond='data:post.includeAd'>
          <b:if cond='data:post.isFirstPost'>
            <data:defaultAdEnd/>
          <b:else/>
            <data:adEnd/>
          </b:if>
          <div class='inline-ad'>
            <data:adCode/>
          </div>
          <data:adStart/>
        </b:if>
      </b:loop>
      <b:if cond='data:numPosts != 0'>
        &lt;/div&gt;&lt;/div&gt;
      </b:if>
      <data:adEnd/>
    </div>

    <!-- navigation -->
<b:if cond='data:blog.pageType == &quot;index&quot;'>
<b:include name='page-navi'/>
<b:else/>
<b:if cond='data:blog.pageType == &quot;archive&quot;'>
<b:include name='page-navi'/>
</b:if>
<b:else/>
<b:if cond='data:blog.pageType == &quot;item&quot;'>
<b:include name='nextprev'/>
</b:if>
</b:if>
    <!-- feed links -->
    <b:include name='feedLinks'/>

    <b:if cond='data:top.showStars'>
      <script src='//www.google.com/jsapi' type='text/javascript'/>
      <script type='text/javascript'>
        google.load(&quot;annotations&quot;, &quot;1&quot;, {&quot;locale&quot;: &quot;<data:top.languageCode/>&quot;});
        function initialize() {
          google.annotations.setApplicationId(<data:top.blogspotReviews/>);
          google.annotations.createAll();
          google.annotations.fetch();
        }
        google.setOnLoadCallback(initialize);
      </script>
    </b:if>

  <b:else/>
    <b:include name='mobile-main'/>
  </b:if>

  <b:if cond='data:top.showDummy'>
    <data:top.dummyBootstrap/>
  </b:if>

</b:includable>
              <b:includable id='backlinkDeleteIcon' var='backlink'>
  <span expr:class='&quot;item-control &quot; + data:backlink.adminClass'>
    <a expr:href='data:backlink.deleteUrl' expr:title='data:top.deleteBacklinkMsg'>
      <img src='//www.blogger.com/img/icon_delete13.gif'/>
    </a>
  </span>
</b:includable>
              <b:includable id='backlinks' var='post'>
  <a name='links'/><h4><data:post.backlinksLabel/></h4>
  <b:if cond='data:post.numBacklinks != 0'>
    <dl class='comments-block' id='comments-block'>
      <b:loop values='data:post.backlinks' var='backlink'>
        <div class='collapsed-backlink backlink-control'>
          <dt class='comment-title'>
            <span class='backlink-toggle-zippy'>&#160;</span>
            <a expr:href='data:backlink.url' rel='nofollow'><data:backlink.title/></a>
            <b:include data='backlink' name='backlinkDeleteIcon'/>
          </dt>
          <dd class='comment-body collapseable'>
            <data:backlink.snippet/>
          </dd>
          <dd class='comment-footer collapseable'>
            <span class='comment-author'><data:post.authorLabel/> <data:backlink.author/></span>
            <span class='comment-timestamp'><data:post.timestampLabel/> <data:backlink.timestamp/></span>
          </dd>
        </div>
      </b:loop>
    </dl>
  </b:if>
  <p class='comment-footer'>
    <a class='comment-link' expr:href='data:post.createLinkUrl' expr:id='data:widget.instanceId + &quot;_backlinks-create-link&quot;' target='_blank'><data:post.createLinkLabel/></a>
  </p>
</b:includable>
              <b:includable id='comment-form' var='post'>
  <div class='comment-form'>
    <a name='comment-form'/>
    <b:if cond='data:mobile'>
      <h4 id='comment-post-message'>
        <a expr:id='data:widget.instanceId + &quot;_comment-editor-toggle-link&quot;' href='javascript:void(0)'><data:postCommentMsg/></a></h4>
      <p><data:blogCommentMessage/></p>
      <data:blogTeamBlogMessage/>
      <a expr:href='data:post.commentFormIframeSrc' id='comment-editor-src'/>
      <iframe allowtransparency='true' class='blogger-iframe-colorize blogger-comment-from-post' frameborder='0' height='410' id='comment-editor' name='comment-editor' src='' style='display: none' width='100%'/>
    <b:else/>
      <h4 id='comment-post-message'><data:postCommentMsg/></h4>
      <p><data:blogCommentMessage/></p>
      <data:blogTeamBlogMessage/>
      <a expr:href='data:post.commentFormIframeSrc' id='comment-editor-src'/>
      <iframe allowtransparency='true' class='blogger-iframe-colorize blogger-comment-from-post' frameborder='0' height='410' id='comment-editor' name='comment-editor' src='' width='100%'/>
    </b:if>
    <data:post.friendConnectJs/>
    <data:post.cmtfpIframe/>
    <script type='text/javascript'>
      BLOG_CMT_createIframe(&#39;<data:post.appRpcRelayPath/>&#39;, &#39;<data:post.communityId/>&#39;);
    </script>
  </div>
</b:includable>
              <b:includable id='commentDeleteIcon' var='comment'>
  <span expr:class='&quot;item-control &quot; + data:comment.adminClass'>
    <b:if cond='data:showCmtPopup'>
      <div class='goog-toggle-button'>
        <div class='goog-inline-block comment-action-icon'/>
      </div>
    <b:else/>
      <a class='comment-delete' expr:href='data:comment.deleteUrl' expr:title='data:top.deleteCommentMsg'>
        <img src='//www.blogger.com/img/icon_delete13.gif'/>
      </a>
    </b:if>
  </span>
</b:includable>
              <b:includable id='comment_count_picker' var='post'>
  <b:if cond='data:post.commentSource == 1'>
    <span class='cmt_count_iframe_holder' expr:data-count='data:post.numComments' expr:data-onclick='data:post.addCommentOnclick' expr:data-post-url='data:post.url' expr:data-url='data:post.canonicalUrl'>
    </span>
  <b:else/>
    <a class='comment-link' expr:href='data:post.addCommentUrl' expr:onclick='data:post.addCommentOnclick'>
      <data:post.commentLabelFull/>:
    </a>
  </b:if>
</b:includable>
              <b:includable id='comment_picker' var='post'>
  <b:if cond='data:post.commentSource == 1'>
    <b:include data='post' name='iframe_comments'/>
  <b:else/>
    <b:if cond='data:post.showThreadedComments'>
      <b:include data='post' name='threaded_comments'/>
    <b:else/>
      <b:include data='post' name='comments'/>
    </b:if>
  </b:if>
</b:includable>
              <b:includable id='comments' var='post'>
  <div class='comments' id='comments'>
    <a name='comments'/>
    <b:if cond='data:post.allowComments'>
      <h4><data:post.commentLabelFull/>:</h4>

      <b:if cond='data:post.commentPagingRequired'>
        <span class='paging-control-container'>
          <b:if cond='data:post.hasOlderLinks'>
            <a expr:class='data:post.oldLinkClass' expr:href='data:post.oldestLinkUrl'><data:post.oldestLinkText/></a>
              &#160;
            <a expr:class='data:post.oldLinkClass' expr:href='data:post.olderLinkUrl'><data:post.olderLinkText/></a>
              &#160;
          </b:if>

          <data:post.commentRangeText/>

          <b:if cond='data:post.hasNewerLinks'>
            &#160;
            <a expr:class='data:post.newLinkClass' expr:href='data:post.newerLinkUrl'><data:post.newerLinkText/></a>
            &#160;
            <a expr:class='data:post.newLinkClass' expr:href='data:post.newestLinkUrl'><data:post.newestLinkText/></a>
          </b:if>
        </span>
      </b:if>

      <div expr:id='data:widget.instanceId + &quot;_comments-block-wrapper&quot;'>
        <dl expr:class='data:post.avatarIndentClass' id='comments-block'>
          <b:loop values='data:post.comments' var='comment'>
            <dt expr:class='&quot;comment-author &quot; + data:comment.authorClass' expr:id='data:comment.anchorName'>
              <b:if cond='data:comment.favicon'>
                <img expr:src='data:comment.favicon' height='16px' style='margin-bottom:-2px;' width='16px'/>
              </b:if>
              <a expr:name='data:comment.anchorName'/>
              <b:if cond='data:blog.enabledCommentProfileImages'>
                <data:comment.authorAvatarImage/>
              </b:if>
              <b:if cond='data:comment.authorUrl'>
                <a expr:href='data:comment.authorUrl' rel='nofollow'><data:comment.author/></a>
              <b:else/>
                <data:comment.author/>
              </b:if>
              <data:commentPostedByMsg/>
            </dt>
            <dd class='comment-body' expr:id='data:widget.instanceId + data:comment.cmtBodyIdPostfix'>
              <b:if cond='data:comment.isDeleted'>
                <span class='deleted-comment'><data:comment.body/></span>
              <b:else/>
                <p>
                  <data:comment.body/>
                </p>
              </b:if>
            </dd>
            <dd class='comment-footer'>
              <span class='comment-timestamp'>
                <a expr:href='data:comment.url' title='comment permalink'>
                  <data:comment.timestamp/>
                </a>
                <b:include data='comment' name='commentDeleteIcon'/>
              </span>
            </dd>
          </b:loop>
        </dl>
      </div>

      <b:if cond='data:post.commentPagingRequired'>
        <span class='paging-control-container'>
          <a expr:class='data:post.oldLinkClass' expr:href='data:post.oldestLinkUrl'>
            <data:post.oldestLinkText/>
          </a>
          <a expr:class='data:post.oldLinkClass' expr:href='data:post.olderLinkUrl'>
            <data:post.olderLinkText/>
          </a>
          &#160;
          <data:post.commentRangeText/>
          &#160;
          <a expr:class='data:post.newLinkClass' expr:href='data:post.newerLinkUrl'>
            <data:post.newerLinkText/>
          </a>
          <a expr:class='data:post.newLinkClass' expr:href='data:post.newestLinkUrl'>
            <data:post.newestLinkText/>
          </a>
        </span>
      </b:if>

      <p class='comment-footer'>
        <b:if cond='data:post.embedCommentForm'>
          <b:if cond='data:post.allowNewComments'>
            <b:include data='post' name='comment-form'/>
          <b:else/>
            <data:post.noNewCommentsText/>
          </b:if>
        <b:else/>
          <b:if cond='data:post.allowComments'>
            <a expr:href='data:post.addCommentUrl' expr:onclick='data:post.addCommentOnclick'><data:postCommentMsg/></a>
          </b:if>
        </b:if>

      </p>
    </b:if>
    <b:if cond='data:showCmtPopup'>
      <div id='comment-popup'>
        <iframe allowtransparency='true' frameborder='0' id='comment-actions' name='comment-actions' scrolling='no'>
        </iframe>
      </div>
    </b:if>

    <div id='backlinks-container'>
    <div expr:id='data:widget.instanceId + &quot;_backlinks-container&quot;'>
       <b:if cond='data:post.showBacklinks'>
         <b:include data='post' name='backlinks'/>
       </b:if>
    </div>
    </div>
  </div>
</b:includable>
              <b:includable id='feedLinks'>
  <b:if cond='data:blog.pageType != &quot;item&quot;'> <!-- Blog feed links -->
    <b:if cond='data:feedLinks'>
      <div class='blog-feeds'>
        <b:include data='feedLinks' name='feedLinksBody'/>
      </div>
    </b:if>

    <b:else/> <!--Post feed links -->
    <div class='post-feeds'>
      <b:loop values='data:posts' var='post'>
        <b:if cond='data:post.allowComments'>
          <b:if cond='data:post.feedLinks'>
            <b:include data='post.feedLinks' name='feedLinksBody'/>
          </b:if>
        </b:if>
      </b:loop>
    </div>
  </b:if>
</b:includable>
              <b:includable id='feedLinksBody' var='links'>
  <div class='feed-links'>
  <data:feedLinksMsg/>
  <b:loop values='data:links' var='f'>
     <a class='feed-link' expr:href='data:f.url' expr:type='data:f.mimeType' target='_blank'><data:f.name/> (<data:f.feedType/>)</a>
  </b:loop>
  </div>
</b:includable>
              <b:includable id='iframe_comments' var='post'>

  <b:if cond='data:post.allowIframeComments'>
    <script expr:src='data:post.iframeCommentSrc' type='text/javascript'/>
    <div class='cmt_iframe_holder' expr:data-href='data:post.canonicalUrl' expr:data-viewtype='data:post.viewType'/>

    <b:if cond='data:post.embedCommentForm == &quot;false&quot;'>
      <a expr:href='data:post.addCommentUrl' expr:onclick='data:post.addCommentOnclick'><data:postCommentMsg/></a>
    </b:if>
  </b:if>
</b:includable>
              <b:includable id='mobile-index-post' var='post'>
  <div class='mobile-date-outer date-outer'>
    <b:if cond='data:post.dateHeader'>
      <div class='date-header'>
        <span><data:post.dateHeader/></span>
      </div>
    </b:if>

    <div class='mobile-post-outer'>
      <a expr:href='data:post.url'>
        <h2 class='mobile-index-title entry-title' itemprop='name'>
          <data:post.title/>
        </h2>

        <div class='mobile-index-arrow'>&amp;rsaquo;</div>

        <div class='mobile-index-contents'>
          <b:if cond='data:post.thumbnailUrl'>
            <div class='mobile-index-thumbnail'>
              <div class='Image'>
                <img expr:src='data:post.thumbnailUrl'/>
              </div>
            </div>
          </b:if>

          <div class='post-body'>
            <b:if cond='data:post.snippet'><data:post.snippet/></b:if>
          </div>
        </div>

        <div style='clear: both;'/>
      </a>

      <div class='mobile-index-comment'>
        <b:if cond='data:blog.pageType != &quot;static_page&quot;'>
          <b:if cond='data:post.allowComments'>
            <b:if cond='data:post.numComments != 0'>
              <b:include data='post' name='comment_count_picker'/>
            </b:if>
          </b:if>
        </b:if>
      </div>
    </div>
  </div>
</b:includable>
              <b:includable id='mobile-main' var='top'>
    <!-- posts -->
    <div class='blog-posts hfeed'>

      <b:include data='top' name='status-message'/>

      <b:if cond='data:blog.pageType == &quot;index&quot;'>
        <b:loop values='data:posts' var='post'>
          <b:include data='post' name='mobile-index-post'/>
        </b:loop>
      <b:else/>
        <b:loop values='data:posts' var='post'>
          <b:include data='post' name='mobile-post'/>
        </b:loop>
      </b:if>
    </div>

   <b:include name='mobile-nextprev'/>
</b:includable>
              <b:includable id='mobile-nextprev'>
  <div class='blog-pager' id='blog-pager'>
    <b:if cond='data:newerPageUrl'>
      <div class='mobile-link-button' id='blog-pager-newer-link'>
      <a class='blog-pager-newer-link' expr:href='data:newerPageUrl' expr:id='data:widget.instanceId + &quot;_blog-pager-newer-link&quot;' expr:title='data:newerPageTitle'>&amp;lsaquo;</a>
      </div>
    </b:if>

    <b:if cond='data:olderPageUrl'>
      <div class='mobile-link-button' id='blog-pager-older-link'>
      <a class='blog-pager-older-link' expr:href='data:olderPageUrl' expr:id='data:widget.instanceId + &quot;_blog-pager-older-link&quot;' expr:title='data:olderPageTitle'>&amp;rsaquo;</a>
      </div>
    </b:if>

    <div class='mobile-link-button' id='blog-pager-home-link'>
    <a class='home-link' expr:href='data:blog.homepageUrl'><data:homeMsg/></a>
    </div>

    <div class='mobile-desktop-link'>
      <a class='home-link' expr:href='data:desktopLinkUrl'><data:desktopLinkMsg/></a>
    </div>

  </div>
  <div class='clear'/>
</b:includable>
              <b:includable id='mobile-post' var='post'>
  <div class='date-outer'>
    <b:if cond='data:post.dateHeader'>
      <h2 class='date-header'><span><data:post.dateHeader/></span></h2>
    </b:if>
    <div class='date-posts'>
      <div class='post-outer'>

        <div class='post hentry uncustomized-post-template' itemscope='itemscope' itemtype='http://schema.org/BlogPosting'>
          <b:if cond='data:post.thumbnailUrl'>
            <meta expr:content='data:post.thumbnailUrl' itemprop='image_url'/>
          </b:if>
          <meta expr:content='data:blog.blogId' itemprop='blogId'/>
          <meta expr:content='data:post.id' itemprop='postId'/>

          <a expr:name='data:post.id'/>
          <b:if cond='data:post.title'>
            <h2 class='post-title entry-title' itemprop='name'>
              <b:if cond='data:post.link'>
                <a expr:href='data:post.link'><data:post.title/></a>
              <b:else/>
                <b:if cond='data:post.url'>
                  <b:if cond='data:blog.url != data:post.url'>
                    <a expr:href='data:post.url'><data:post.title/></a>
                  <b:else/>
                    <data:post.title/>
                  </b:if>
                <b:else/>
                  <data:post.title/>
                </b:if>
              </b:if>
            </h2>
          </b:if>

          <div class='post-header'>
            <div class='post-header-line-1'/>
          </div>

          <div class='post-body entry-content' expr:id='&quot;post-body-&quot; + data:post.id' itemprop='articleBody'>
<b:if cond='data:blog.pageType == &quot;item&quot;'>
<data:post.body/>
<b:else/>
<b:if cond='data:blog.pageType == &quot;static_page&quot;'>
<data:post.body/>
<b:else/>
<div expr:id='&quot;summary&quot; + data:post.id'>
<data:post.body/>
</div>
<script type='text/javascript'>
createSummaryAndThumb(&quot;summary<data:post.id/>&quot;);
</script>
<div style='clear: both;'/>
</b:if>
</b:if>
            <div style='clear: both;'/> <!-- clear for photos floats -->
          </div>
          <div class='post-footer'>
            <div class='post-footer-line post-footer-line-1'>
              <span class='post-author vcard'>
                <b:if cond='data:top.showAuthor'>
                  <b:if cond='data:post.authorProfileUrl'>
                    <span class='fn' itemprop='author' itemscope='itemscope' itemtype='http://schema.org/Person'>
                      <meta expr:content='data:post.authorProfileUrl' itemprop='url'/>
                      <a expr:href='data:post.authorProfileUrl' rel='author' title='author profile'>
                        <span itemprop='name'><data:post.author/></span>
                      </a>
                    </span>
                  <b:else/>
                    <span class='fn' itemprop='author' itemscope='itemscope' itemtype='http://schema.org/Person'>
                      <span itemprop='name'><data:post.author/></span>
                    </span>
                  </b:if>
                </b:if>
              </span>

              <span class='post-timestamp'>
                <b:if cond='data:top.showTimestamp'>
                  <data:top.timestampLabel/>
                  <b:if cond='data:post.url'>
                    <meta expr:content='data:post.canonicalUrl' itemprop='url'/>
                    <a class='timestamp-link' expr:href='data:post.url' rel='bookmark' title='permanent link'><abbr class='published' expr:title='data:post.timestampISO8601' itemprop='datePublished'><data:post.timestamp/></abbr></a>
                  </b:if>
                </b:if>
              </span>

              <span class='post-comment-link'>
                <b:if cond='data:blog.pageType != &quot;item&quot;'>
                  <b:if cond='data:blog.pageType != &quot;static_page&quot;'>
                    <b:if cond='data:post.allowComments'>
                      <b:include data='post' name='comment_count_picker'/>
                    </b:if>
                  </b:if>
                </b:if>
              </span>
            </div>

            <div class='post-footer-line post-footer-line-2'>
              <b:if cond='data:top.showMobileShare'>
                <div class='mobile-link-button goog-inline-block' id='mobile-share-button'>
                  <a href='javascript:void(0);'><data:shareMsg/></a>
                </div>
              </b:if>
              <b:if cond='data:top.showDummy'>
                <div class='goog-inline-block dummy-container'><data:post.dummyTag/></div>
              </b:if>
            </div>

          </div>
        </div>

        <b:if cond='data:blog.pageType == &quot;static_page&quot;'>
          <b:include data='post' name='comment_picker'/>
        </b:if>
        <b:if cond='data:blog.pageType == &quot;item&quot;'>
          <b:include data='post' name='comment_picker'/>
        </b:if>
      </div>
    </div>
  </div>
</b:includable>
              <b:includable id='nextprev'>
  <div class='blog-pager' id='blog-pager'>
    <b:if cond='data:newerPageUrl'>
      <span id='blog-pager-newer-link'>
      <a class='blog-pager-newer-link' expr:href='data:newerPageUrl' expr:id='data:widget.instanceId + &quot;_blog-pager-newer-link&quot;' expr:title='data:newerPageTitle'><data:newerPageTitle/></a>
      </span>
    </b:if>

    <b:if cond='data:olderPageUrl'>
      <span id='blog-pager-older-link'>
      <a class='blog-pager-older-link' expr:href='data:olderPageUrl' expr:id='data:widget.instanceId + &quot;_blog-pager-older-link&quot;' expr:title='data:olderPageTitle'><data:olderPageTitle/></a>
      </span>
    </b:if>

    <a class='home-link' expr:href='data:blog.homepageUrl'><data:homeMsg/></a>

    <b:if cond='data:mobileLinkUrl'>
      <div class='blog-mobile-link'>
        <a expr:href='data:mobileLinkUrl'><data:mobileLinkMsg/></a>
      </div>
    </b:if>

  </div>
  <div class='clear'/>
</b:includable>
              <b:includable id='page-navi'>
<div class='pagenavi'>
<script type='text/javascript'>
var pageNaviConf = {
perPage: 7,numPages: 4,firstText: &quot;First&quot;,
lastText: &quot;Last&quot;,
nextText: &quot;&#187;&quot;,
prevText: &quot;&#171;&quot;
}
</script>
<script>
//<![CDATA[
var _0x68c6=["\x68\x72\x65\x66","\x2F\x73\x65\x61\x72\x63\x68\x2F\x6C\x61\x62\x65\x6C\x2F","\x69\x6E\x64\x65\x78\x4F\x66","\x6C\x65\x6E\x67\x74\x68","\x73\x75\x62\x73\x74\x72","","\x3F","\x3F\x75\x70\x64\x61\x74\x65\x64\x2D\x6D\x61\x78\x3D","\x2F\x73\x65\x61\x72\x63\x68\x3F\x75\x70\x64\x61\x74\x65\x64\x2D\x6D\x61\x78\x3D","\x65\x6E\x74\x72\x79","\x66\x65\x65\x64","\x70\x65\x72\x50\x61\x67\x65","\x63\x65\x69\x6C","\x3F\x6D\x61\x78\x2D\x72\x65\x73\x75\x6C\x74\x73\x3D","\x70\x75\x73\x68","\x2F\x3F\x6D\x61\x78\x2D\x72\x65\x73\x75\x6C\x74\x73\x3D","\x24\x74","\x70\x75\x62\x6C\x69\x73\x68\x65\x64","\x73\x75\x62\x73\x74\x72\x69\x6E\x67","\x26\x6D\x61\x78\x2D\x72\x65\x73\x75\x6C\x74\x73\x3D","\x73\x68\x6F\x77","\x6E\x75\x6D\x50\x61\x67\x65\x73","\x66\x6C\x6F\x6F\x72","\x3C\x73\x70\x61\x6E\x20\x63\x6C\x61\x73\x73\x3D\x22\x70\x61\x67\x65\x73\x22\x3E\x50\x61\x67\x65\x20","\x20\x6F\x66\x20","\x3C\x2F\x73\x70\x61\x6E\x3E\x20","\x3C\x61\x20\x68\x72\x65\x66\x3D\x22","\x22\x3E","\x66\x69\x72\x73\x74\x54\x65\x78\x74","\x3C\x2F\x61\x3E","\x70\x72\x65\x76\x54\x65\x78\x74","\x3C\x73\x70\x61\x6E\x20\x63\x6C\x61\x73\x73\x3D\x22\x63\x75\x72\x72\x65\x6E\x74\x22\x3E","\x3C\x2F\x73\x70\x61\x6E\x3E","\x6E\x65\x78\x74\x54\x65\x78\x74","\x6C\x61\x73\x74\x54\x65\x78\x74","\x77\x72\x69\x74\x65","\x3F\x71\x3D","\x2E\x68\x74\x6D\x6C","\x3C\x73\x63\x72\x69\x70\x74\x20\x74\x79\x70\x65\x3D\x22\x74\x65\x78\x74\x2F\x6A\x61\x76\x61\x73\x63\x72\x69\x70\x74\x22\x20\x73\x72\x63\x3D\x22\x2F\x66\x65\x65\x64\x73\x2F\x70\x6F\x73\x74\x73\x2F\x73\x75\x6D\x6D\x61\x72\x79\x2F\x2D\x2F","\x3F\x61\x6C\x74\x3D\x6A\x73\x6F\x6E\x2D\x69\x6E\x2D\x73\x63\x72\x69\x70\x74\x26\x63\x61\x6C\x6C\x62\x61\x63\x6B\x3D\x70\x61\x67\x65\x4E\x61\x76\x69\x26\x6D\x61\x78\x2D\x72\x65\x73\x75\x6C\x74\x73\x3D\x39\x39\x39\x39\x39\x22\x3E\x3C\x2F\x73\x63\x72\x69\x70\x74\x3E","\x3C\x73\x63\x72\x69\x70\x74\x20\x74\x79\x70\x65\x3D\x22\x74\x65\x78\x74\x2F\x6A\x61\x76\x61\x73\x63\x72\x69\x70\x74\x22\x20\x73\x72\x63\x3D\x22\x2F\x66\x65\x65\x64\x73\x2F\x70\x6F\x73\x74\x73\x2F\x73\x75\x6D\x6D\x61\x72\x79\x3F\x61\x6C\x74\x3D\x6A\x73\x6F\x6E\x2D\x69\x6E\x2D\x73\x63\x72\x69\x70\x74\x26\x63\x61\x6C\x6C\x62\x61\x63\x6B\x3D\x70\x61\x67\x65\x4E\x61\x76\x69\x26\x6D\x61\x78\x2D\x72\x65\x73\x75\x6C\x74\x73\x3D\x39\x39\x39\x39\x39\x22\x3E\x3C\x2F\x73\x63\x72\x69\x70\x74\x3E","\x3C\x64\x69\x76\x20\x63\x6C\x61\x73\x73\x3D\x27\x63\x6F\x6E\x74\x65\x6E\x74\x2D\x6D\x61\x69\x6E\x2D\x62\x6F\x78\x27\x3E\x3C\x2F\x64\x69\x76\x3E","\x61\x70\x70\x65\x6E\x64","\x62\x6F\x64\x79","\x72\x65\x61\x64\x79","\x23\x6D\x79\x63\x72\x65\x64\x69\x74\x73","\x50\x6C\x65\x61\x73\x65\x20\x44\x6F\x6E\x27\x74\x20\x74\x72\x79\x20\x74\x6F\x20\x6D\x6F\x64\x69\x66\x79\x20\x74\x68\x65\x20\x63\x72\x65\x64\x69\x74\x73\x2C\x20\x52\x65\x69\x6E\x73\x65\x72\x74\x20\x74\x68\x65\x6D\x20\x69\x66\x20\x79\x6F\x75\x20\x77\x61\x6E\x74\x20\x74\x6F\x20\x75\x73\x65\x20\x74\x68\x69\x73\x20\x74\x65\x6D\x70\x6C\x61\x74\x65","\x6C\x6F\x63\x61\x74\x69\x6F\x6E","\x68\x74\x74\x70\x3A\x2F\x2F\x64\x61\x70\x69\x6E\x64\x65\x72\x2E\x63\x6F\x6D\x2F","\x61\x74\x74\x72"];function pageNavi(_0x9165x2){var _0x9165x3=location[_0x68c6[0]];var _0x9165x4=_0x9165x3[_0x68c6[2]](_0x68c6[1])!=-1;var _0x9165x5=_0x9165x4?_0x9165x3[_0x68c6[4]](_0x9165x3[_0x68c6[2]](_0x68c6[1])+14,_0x9165x3[_0x68c6[3]]):_0x68c6[5];_0x9165x5=_0x9165x5[_0x68c6[2]](_0x68c6[6])!=-1?_0x9165x5[_0x68c6[4]](0,_0x9165x5[_0x68c6[2]](_0x68c6[6])):_0x9165x5;var _0x9165x6=_0x9165x4?_0x68c6[1]+_0x9165x5+_0x68c6[7]:_0x68c6[8];var _0x9165x7=_0x9165x2[_0x68c6[10]][_0x68c6[9]][_0x68c6[3]];var _0x9165x8=Math[_0x68c6[12]](_0x9165x7/pageNaviConf[_0x68c6[11]]);if(_0x9165x8<=1){return ;} ;var _0x9165x9=1;var _0x9165xa=[_0x68c6[5]];if(_0x9165x4){_0x9165xa[_0x68c6[14]](_0x68c6[1]+_0x9165x5+_0x68c6[13]+pageNaviConf[_0x68c6[11]]);} else {_0x9165xa[_0x68c6[14]](_0x68c6[15]+pageNaviConf[_0x68c6[11]]);} ;var _0x9165xb=2;for(;_0x9165xb<=_0x9165x8;_0x9165xb++){var _0x9165xc=(_0x9165xb-1)*pageNaviConf[_0x68c6[11]]-1;var _0x9165xd=_0x9165x2[_0x68c6[10]][_0x68c6[9]][_0x9165xc][_0x68c6[17]][_0x68c6[16]];var _0x9165xe=_0x9165xd[_0x68c6[18]](0,19)+_0x9165xd[_0x68c6[18]](23,29);_0x9165xe=encodeURIComponent(_0x9165xe);if(_0x9165x3[_0x68c6[2]](_0x9165xe)!=-1){_0x9165x9=_0x9165xb;} ;_0x9165xa[_0x68c6[14]](_0x9165x6+_0x9165xe+_0x68c6[19]+pageNaviConf[_0x68c6[11]]);} ;pageNavi[_0x68c6[20]](_0x9165xa,_0x9165x9,_0x9165x8);} ;pageNavi[_0x68c6[20]]=function (_0x9165xf,_0x9165x9,_0x9165x8){var _0x9165x10=Math[_0x68c6[22]]((pageNaviConf[_0x68c6[21]]-1)/2);var _0x9165x11=pageNaviConf[_0x68c6[21]]-1-_0x9165x10;var _0x9165x12=_0x9165x9-_0x9165x10;if(_0x9165x12<=0){_0x9165x12=1;} ;endPage=_0x9165x9+_0x9165x11;if(endPage-_0x9165x12<pageNaviConf[_0x68c6[21]]){endPage=_0x9165x12+pageNaviConf[_0x68c6[21]]-1;} ;if(endPage>_0x9165x8){endPage=_0x9165x8;_0x9165x12=_0x9165x8-pageNaviConf[_0x68c6[21]]+1;} ;if(_0x9165x12<=0){_0x9165x12=1;} ;var _0x9165x13=_0x68c6[23]+_0x9165x9+_0x68c6[24]+_0x9165x8+_0x68c6[25];if(_0x9165x12>1){_0x9165x13+=_0x68c6[26]+_0x9165xf[1]+_0x68c6[27]+pageNaviConf[_0x68c6[28]]+_0x68c6[29];} ;if(_0x9165x9>1){_0x9165x13+=_0x68c6[26]+_0x9165xf[_0x9165x9-1]+_0x68c6[27]+pageNaviConf[_0x68c6[30]]+_0x68c6[29];} ;i=_0x9165x12;for(;i<=endPage;++i){if(i==_0x9165x9){_0x9165x13+=_0x68c6[31]+i+_0x68c6[32];} else {_0x9165x13+=_0x68c6[26]+_0x9165xf[i]+_0x68c6[27]+i+_0x68c6[29];} ;} ;if(_0x9165x9<_0x9165x8){_0x9165x13+=_0x68c6[26]+_0x9165xf[_0x9165x9+1]+_0x68c6[27]+pageNaviConf[_0x68c6[33]]+_0x68c6[29];} ;if(endPage<_0x9165x8){_0x9165x13+=_0x68c6[26]+_0x9165xf[_0x9165x8]+_0x68c6[27]+pageNaviConf[_0x68c6[34]]+_0x68c6[29];} ;document[_0x68c6[35]](_0x9165x13);} ;(function (){var _0x9165x14=location[_0x68c6[0]];if(_0x9165x14[_0x68c6[2]](_0x68c6[36])!=-1||_0x9165x14[_0x68c6[2]](_0x68c6[37])!=-1){return ;} ;var _0x9165x15=_0x9165x14[_0x68c6[2]](_0x68c6[1])+14;if(_0x9165x15!=13){var _0x9165x16=_0x9165x14[_0x68c6[2]](_0x68c6[6]);var _0x9165x17=_0x9165x16==-1?_0x9165x14[_0x68c6[18]](_0x9165x15):_0x9165x14[_0x68c6[18]](_0x9165x15,_0x9165x16);document[_0x68c6[35]](_0x68c6[38]+_0x9165x17+_0x68c6[39]);} else {document[_0x68c6[35]](_0x68c6[40]);} ;} )();$(document)[_0x68c6[44]](function (){$(_0x68c6[43])[_0x68c6[42]](_0x68c6[41]);} );$(document)[_0x68c6[44]](function (){var _0x9165x18=$(_0x68c6[45]);if(_0x9165x18[_0x68c6[3]]==0){alert(_0x68c6[46]);window[_0x68c6[47]][_0x68c6[0]]=_0x68c6[48];} ;if(_0x9165x18[_0x68c6[49]](_0x68c6[0])!=_0x68c6[48]){alert(_0x68c6[46]);window[_0x68c6[47]][_0x68c6[0]]=_0x68c6[48];} ;} );

//]]>
</script>
<div class='clear'/>
</div>
</b:includable>
              <b:includable id='post' var='post'>
  <div class='post hentry uncustomized-post-template' itemprop='blogPost' itemscope='itemscope' itemtype='http://schema.org/BlogPosting'>
    <b:if cond='data:post.firstImageUrl'>
      <meta expr:content='data:post.firstImageUrl' itemprop='image_url'/>
    </b:if>
    <meta expr:content='data:blog.blogId' itemprop='blogId'/>
    <meta expr:content='data:post.id' itemprop='postId'/>

    <a expr:name='data:post.id'/>
    <b:if cond='data:post.title'>
      <h2 class='post-title entry-title' itemprop='name'>
      <b:if cond='data:post.link'>
        <a expr:href='data:post.link'><data:post.title/></a>
      <b:else/>
        <b:if cond='data:post.url'>
          <b:if cond='data:blog.url != data:post.url'>
            <a expr:href='data:post.url'><data:post.title/></a>
          <b:else/>
            <data:post.title/>
          </b:if>
        <b:else/>
          <data:post.title/>
        </b:if>
      </b:if>
      </h2>
    </b:if>

    <div class='post-header'>
    <div class='post-header-line-1'/>
    </div>

    <b:if cond='data:blog.metaDescription == &quot;&quot;'>
      <!-- Then use the post body as the schema.org description,
          for good G+/FB snippeting. -->
      <div class='post-body entry-content' expr:id='&quot;post-body-&quot; + data:post.id' itemprop='description articleBody'>
<b:if cond='data:blog.pageType == &quot;item&quot;'>
<data:post.body/>
<b:else/>
<b:if cond='data:blog.pageType == &quot;static_page&quot;'>
<data:post.body/>
<b:else/>
<div expr:id='&quot;summary&quot; + data:post.id'>
<data:post.body/>
</div>
<script type='text/javascript'>
createSummaryAndThumb(&quot;summary<data:post.id/>&quot;);
</script>
<div style='clear: both;'/>
</b:if>
</b:if>        <div style='clear: both;'/> <!-- clear for photos floats -->
      </div>
    <b:else/>
      <div class='post-body entry-content' expr:id='&quot;post-body-&quot; + data:post.id' itemprop='articleBody'>
<b:if cond='data:blog.pageType == &quot;item&quot;'>
<data:post.body/>
<b:else/>
<b:if cond='data:blog.pageType == &quot;static_page&quot;'>
<data:post.body/>
<b:else/>
<div expr:id='&quot;summary&quot; + data:post.id'>
<data:post.body/>
</div>
<script type='text/javascript'>
createSummaryAndThumb(&quot;summary<data:post.id/>&quot;);
</script>
<div style='clear: both;'/>
</b:if>
</b:if>        <div style='clear: both;'/> <!-- clear for photos floats -->
      </div>
    </b:if>


<div class='share-buttons-post'>
<span class='share-text'>Share This Post !</span>
 <span class='likebtn'><iframe allowTransparency='true' expr:src='&quot;http://www.facebook.com/plugins/like.php?href=&quot; + data:post.url + &quot;&amp;send=false&amp;layout=button_count&amp;show_faces=false&amp;width=90&amp;action=like&amp;font=arial&amp;colorscheme=light&amp;height=21&quot;' frameborder='0' scrolling='no' style='border:none; overflow:hidden; width:90px; height:21px;'/></span>

<span class='tweetbtn'>
  <a class='twitter-share-button' data-count='horizontal' data-related='' data-via='bloglordhtml' expr:data-text='data:post.title' expr:data-url='data:post.url' href='http://twitter.com/share'>Tweet</a></span>
<script src='http://platform.twitter.com/widgets.js' type='text/javascript'/>
<span class='plusbtn'>

<script src='http://apis.google.com/js/plusone.js' type='text/javascript'/>
<g:plusone expr:href='data:post.url' size='medium'/>
    </span>
    </div>


    <b:if cond='data:post.hasJumpLink'>
      <div class='jump-link'>
        <a expr:href='data:post.url + &quot;#more&quot;' expr:title='data:post.title'><data:post.jumpText/></a>
      </div>
    </b:if>

<b:if cond='data:blog.pageType == &quot;item&quot;'>
<div id='related-posts'>
<b:loop values='data:post.labels' var='label'>
<b:if cond='data:label.isLast != &quot;true&quot;'>
</b:if>
<script expr:src='&quot;/feeds/posts/default/-/&quot; + data:label.name + &quot;?alt=json-in-script&amp;callback=related_results_labels_thumbs&amp;max-results=6&quot;' type='text/javascript'/></b:loop>
<script type='text/javascript'>
removeRelatedDuplicates_thumbs();
printRelatedLabels_thumbs(&quot;<data:post.url/>&quot;);
</script>
</div><div style='clear:both'/>
</b:if>
    <div class='post-footer'>
    <div class='post-footer-line post-footer-line-1'>
      <span class='post-author vcard'>
        <b:if cond='data:top.showAuthor'>
          <data:top.authorLabel/>
            <b:if cond='data:post.authorProfileUrl'>
              <span class='fn' itemprop='author' itemscope='itemscope' itemtype='http://schema.org/Person'>
                <meta expr:content='data:post.authorProfileUrl' itemprop='url'/>
                <a class='g-profile' expr:href='data:post.authorProfileUrl' rel='author' title='author profile'>
                  <span itemprop='name'><data:post.author/></span>
                </a>
              </span>
            <b:else/>
              <span class='fn' itemprop='author' itemscope='itemscope' itemtype='http://schema.org/Person'>
                <span itemprop='name'><data:post.author/></span>
              </span>
            </b:if>
        </b:if>
      </span>

      <span class='post-timestamp'>
        <b:if cond='data:top.showTimestamp'>
          <data:top.timestampLabel/>
        <b:if cond='data:post.url'>
          <meta expr:content='data:post.canonicalUrl' itemprop='url'/>
          <a class='timestamp-link' expr:href='data:post.url' rel='bookmark' title='permanent link'><abbr class='published' expr:title='data:post.timestampISO8601' itemprop='datePublished'><data:post.timestamp/></abbr></a>
        </b:if>
        </b:if>
      </span>

      <span class='reaction-buttons'>
        <b:if cond='data:top.showReactions'>
          <table border='0' cellpadding='0' cellspacing='0' width='100%'><tr>
            <td class='reactions-label-cell' nowrap='nowrap' valign='top' width='1%'>
              <span class='reactions-label'>
              <data:top.reactionsLabel/></span>&#160;</td>
            <td><iframe allowtransparency='true' class='reactions-iframe' expr:src='data:post.reactionsUrl' frameborder='0' name='reactions' scrolling='no'/></td>
           </tr></table>
        </b:if>
      </span>

      <span class='star-ratings'>
        <b:if cond='data:top.showStars'>
           <div expr:g:background-color='data:backgroundColor' expr:g:text-color='data:textColor' expr:g:url='data:post.absoluteUrl' g:height='42' g:type='RatingPanel' g:width='280'/>
        </b:if>
      </span>

      <span class='post-comment-link'>
        <b:if cond='data:blog.pageType != &quot;item&quot;'>
          <b:if cond='data:blog.pageType != &quot;static_page&quot;'>
            <b:if cond='data:post.allowComments'>
              <b:include data='post' name='comment_count_picker'/>
            </b:if>
          </b:if>
        </b:if>
      </span>

       <!-- backlinks -->
       <span class='post-backlinks post-comment-link'>
         <b:if cond='data:blog.pageType != &quot;item&quot;'>
           <b:if cond='data:blog.pageType != &quot;static_page&quot;'>
             <b:if cond='data:post.showBacklinks'>
               <a class='comment-link' expr:href='data:post.url + &quot;#links&quot;'><data:top.backlinkLabel/></a>
             </b:if>
           </b:if>
         </b:if>
       </span>

      <span class='post-icons'>
        <!-- email post links -->
        <b:if cond='data:post.emailPostUrl'>
          <span class='item-action'>
          <a expr:href='data:post.emailPostUrl' expr:title='data:top.emailPostMsg'>
              <img alt='' class='icon-action' height='13' src='http://img1.blogblog.com/img/icon18_email.gif' width='18'/>
          </a>
          </span>
        </b:if>

        <!-- quickedit pencil -->
        <b:include data='post' name='postQuickEdit'/>
      </span>

      <!-- share buttons -->
      <div class='post-share-buttons goog-inline-block'>
        <b:if cond='data:post.sharePostUrl'>
          <b:include data='post' name='shareButtons'/>
        </b:if>
      </div>

      </div>

      <div class='post-footer-line post-footer-line-2'>
      <span class='post-labels'>
        <b:if cond='data:post.labels'>
          <data:postLabelsLabel/>
          <b:loop values='data:post.labels' var='label'>
            <a expr:href='data:label.url' rel='tag'><data:label.name/></a><b:if cond='data:label.isLast != &quot;true&quot;'>,</b:if>
          </b:loop>
        </b:if>
      </span>
      </div>

      <div class='post-footer-line post-footer-line-3'>
      <span class='post-location'>
        <b:if cond='data:top.showLocation'>
          <b:if cond='data:post.location'>
            <data:postLocationLabel/>
            <a expr:href='data:post.location.mapsUrl' target='_blank'><data:post.location.name/></a>
          </b:if>
        </b:if>
      </span>
      </div>
      <b:if cond='data:post.authorAboutMe'>
        <div class='author-profile' itemprop='author' itemscope='itemscope' itemtype='http://schema.org/Person'>
          <b:if cond='data:post.authorPhoto.url'>
            <img expr:src='data:post.authorPhoto.url' itemprop='image' width='50px'/>
          </b:if>
          <div>
            <a class='g-profile' expr:href='data:post.authorProfileUrl' itemprop='url' rel='author' title='author profile'>
              <span itemprop='name'><data:post.author/></span>
            </a>
          </div>
          <span itemprop='description'><data:post.authorAboutMe/></span>
        </div>
      </b:if>
    </div>
  </div>
</b:includable>
              <b:includable id='postQuickEdit' var='post'>
  <b:if cond='data:post.editUrl'>
    <span expr:class='&quot;item-control &quot; + data:post.adminClass'>
      <a expr:href='data:post.editUrl' expr:title='data:top.editPostMsg'>
        <img alt='' class='icon-action' height='18' src='http://img2.blogblog.com/img/icon18_edit_allbkg.gif' width='18'/>
      </a>
    </span>
  </b:if>
</b:includable>
              <b:includable id='shareButtons' var='post'>
  <b:if cond='data:top.showEmailButton'><a class='goog-inline-block share-button sb-email' expr:href='data:post.sharePostUrl + &quot;&amp;target=email&quot;' expr:title='data:top.emailThisMsg' target='_blank'><span class='share-button-link-text'><data:top.emailThisMsg/></span></a></b:if><b:if cond='data:top.showBlogThisButton'><a class='goog-inline-block share-button sb-blog' expr:href='data:post.sharePostUrl + &quot;&amp;target=blog&quot;' expr:onclick='&quot;window.open(this.href, \&quot;_blank\&quot;, \&quot;height=270,width=475\&quot;); return false;&quot;' expr:title='data:top.blogThisMsg' target='_blank'><span class='share-button-link-text'><data:top.blogThisMsg/></span></a></b:if><b:if cond='data:top.showTwitterButton'><a class='goog-inline-block share-button sb-twitter' expr:href='data:post.sharePostUrl + &quot;&amp;target=twitter&quot;' expr:title='data:top.shareToTwitterMsg' target='_blank'><span class='share-button-link-text'><data:top.shareToTwitterMsg/></span></a></b:if><b:if cond='data:top.showFacebookButton'><a class='goog-inline-block share-button sb-facebook' expr:href='data:post.sharePostUrl + &quot;&amp;target=facebook&quot;' expr:onclick='&quot;window.open(this.href, \&quot;_blank\&quot;, \&quot;height=430,width=640\&quot;); return false;&quot;' expr:title='data:top.shareToFacebookMsg' target='_blank'><span class='share-button-link-text'><data:top.shareToFacebookMsg/></span></a></b:if><b:if cond='data:top.showOrkutButton'><a class='goog-inline-block share-button sb-orkut' expr:href='data:post.sharePostUrl + &quot;&amp;target=orkut&quot;' expr:title='data:top.shareToOrkutMsg' target='_blank'><span class='share-button-link-text'><data:top.shareToOrkutMsg/></span></a></b:if><b:if cond='data:top.showPinterestButton'><a class='goog-inline-block share-button sb-pinterest' expr:href='data:post.sharePostUrl + &quot;&amp;target=pinterest&quot;' expr:title='data:top.shareToPinterestMsg' target='_blank'><span class='share-button-link-text'><data:top.shareToPinterestMsg/></span></a></b:if><b:if cond='data:top.showDummy'><div class='goog-inline-block dummy-container'><data:post.dummyTag/></div></b:if>
</b:includable>
              <b:includable id='status-message'>
  <b:if cond='data:navMessage'>
  <div class='status-msg-wrap'>
    <div class='status-msg-body'>
      <data:navMessage/>
    </div>
    <div class='status-msg-border'>
      <div class='status-msg-bg'>
        <div class='status-msg-hidden'><data:navMessage/></div>
      </div>
    </div>
  </div>
  <div style='clear: both;'/>
  </b:if>
</b:includable>
              <b:includable id='threaded-comment-form' var='post'>
  <div class='comment-form'>
    <a name='comment-form'/>
    <b:if cond='data:mobile'>
      <p><data:blogCommentMessage/></p>
      <data:blogTeamBlogMessage/>
      <a expr:href='data:post.commentFormIframeSrc' id='comment-editor-src'/>
      <iframe allowtransparency='true' class='blogger-iframe-colorize blogger-comment-from-post' frameborder='0' height='410' id='comment-editor' name='comment-editor' src='' style='display: none' width='100%'/>
    <b:else/>
      <p><data:blogCommentMessage/></p>
      <data:blogTeamBlogMessage/>
      <a expr:href='data:post.commentFormIframeSrc' id='comment-editor-src'/>
      <iframe allowtransparency='true' class='blogger-iframe-colorize blogger-comment-from-post' frameborder='0' height='410' id='comment-editor' name='comment-editor' src='' width='100%'/>
    </b:if>
    <data:post.friendConnectJs/>
    <data:post.cmtfpIframe/>
    <script type='text/javascript'>
      BLOG_CMT_createIframe(&#39;<data:post.appRpcRelayPath/>&#39;, &#39;<data:post.communityId/>&#39;);
    </script>
  </div>
</b:includable>
              <b:includable id='threaded_comment_js' var='post'>
  <script async='async' expr:src='data:post.commentSrc' type='text/javascript'/>

  <script type='text/javascript'>
    (function() {
      var items = <data:post.commentJso/>;
      var msgs = <data:post.commentMsgs/>;
      var config = <data:post.commentConfig/>;

// <![CDATA[
      var cursor = null;
      if (items && items.length > 0) {
        cursor = parseInt(items[items.length - 1].timestamp) + 1;
      }

      var bodyFromEntry = function(entry) {
        if (entry.gd$extendedProperty) {
          for (var k in entry.gd$extendedProperty) {
            if (entry.gd$extendedProperty[k].name == 'blogger.contentRemoved') {
              return '<span class="deleted-comment">' + entry.content.$t + '</span>';
            }
          }
        }
        return entry.content.$t;
      }

      var parse = function(data) {
        cursor = null;
        var comments = [];
        if (data && data.feed && data.feed.entry) {
          for (var i = 0, entry; entry = data.feed.entry[i]; i++) {
            var comment = {};
            // comment ID, parsed out of the original id format
            var id = /blog-(\d+).post-(\d+)/.exec(entry.id.$t);
            comment.id = id ? id[2] : null;
            comment.body = bodyFromEntry(entry);
            comment.timestamp = Date.parse(entry.published.$t) + '';
            if (entry.author && entry.author.constructor === Array) {
              var auth = entry.author[0];
              if (auth) {
                comment.author = {
                  name: (auth.name ? auth.name.$t : undefined),
                  profileUrl: (auth.uri ? auth.uri.$t : undefined),
                  avatarUrl: (auth.gd$image ? auth.gd$image.src : undefined)
                };
              }
            }
            if (entry.link) {
              if (entry.link[2]) {
                comment.link = comment.permalink = entry.link[2].href;
              }
              if (entry.link[3]) {
                var pid = /.*comments\/default\/(\d+)\?.*/.exec(entry.link[3].href);
                if (pid && pid[1]) {
                  comment.parentId = pid[1];
                }
              }
            }
            comment.deleteclass = 'item-control blog-admin';
            if (entry.gd$extendedProperty) {
              for (var k in entry.gd$extendedProperty) {
                if (entry.gd$extendedProperty[k].name == 'blogger.itemClass') {
                  comment.deleteclass += ' ' + entry.gd$extendedProperty[k].value;
                } else if (entry.gd$extendedProperty[k].name == 'blogger.displayTime') {
                  comment.displayTime = entry.gd$extendedProperty[k].value;
                }
              }
            }
            comments.push(comment);
          }
        }
        return comments;
      };

      var paginator = function(callback) {
        if (hasMore()) {
          var url = config.feed + '?alt=json&v=2&orderby=published&reverse=false&max-results=50';
          if (cursor) {
            url += '&published-min=' + new Date(cursor).toISOString();
          }
          window.bloggercomments = function(data) {
            var parsed = parse(data);
            cursor = parsed.length < 50 ? null
                : parseInt(parsed[parsed.length - 1].timestamp) + 1
            callback(parsed);
            window.bloggercomments = null;
          }
          url += '&callback=bloggercomments';
          var script = document.createElement('script');
          script.type = 'text/javascript';
          script.src = url;
          document.getElementsByTagName('head')[0].appendChild(script);
        }
      };
      var hasMore = function() {
        return !!cursor;
      };
      var getMeta = function(key, comment) {
        if ('iswriter' == key) {
          var matches = !!comment.author
              && comment.author.name == config.authorName
              && comment.author.profileUrl == config.authorUrl;
          return matches ? 'true' : '';
        } else if ('deletelink' == key) {
          return config.baseUri + '/delete-comment.g?blogID='
               + config.blogId + '&postID=' + comment.id;
        } else if ('deleteclass' == key) {
          return comment.deleteclass;
        }
        return '';
      };

      var replybox = null;
      var replyUrlParts = null;
      var replyParent = undefined;

      var onReply = function(commentId, domId) {
        if (replybox == null) {
          // lazily cache replybox, and adjust to suit this style:
          replybox = document.getElementById('comment-editor');
          if (replybox != null) {
            replybox.height = '250px';
            replybox.style.display = 'block';
            replyUrlParts = replybox.src.split('#');
          }
        }
        if (replybox && (commentId !== replyParent)) {
          document.getElementById(domId).insertBefore(replybox, null);
          replybox.src = replyUrlParts[0]
              + (commentId ? '&parentID=' + commentId : '')
              + '#' + replyUrlParts[1];
          replyParent = commentId;
        }
      };

      var hash = (window.location.hash || '#').substring(1);
      var startThread, targetComment;
      if (/^comment-form_/.test(hash)) {
        startThread = hash.substring('comment-form_'.length);
      } else if (/^c[0-9]+$/.test(hash)) {
        targetComment = hash.substring(1);
      }

      // Configure commenting API:
      var configJso = {
        'maxDepth': config.maxThreadDepth
      };
      var provider = {
        'id': config.postId,
        'data': items,
        'loadNext': paginator,
        'hasMore': hasMore,
        'getMeta': getMeta,
        'onReply': onReply,
        'rendered': true,
        'initComment': targetComment,
        'initReplyThread': startThread,
        'config': configJso,
        'messages': msgs
      };

      var render = function() {
        if (window.goog && window.goog.comments) {
          var holder = document.getElementById('comment-holder');
          window.goog.comments.render(holder, provider);
        }
      };

      // render now, or queue to render when library loads:
      if (window.goog && window.goog.comments) {
        render();
      } else {
        window.goog = window.goog || {};
        window.goog.comments = window.goog.comments || {};
        window.goog.comments.loadQueue = window.goog.comments.loadQueue || [];
        window.goog.comments.loadQueue.push(render);
      }
    })();
// ]]>
  </script>
</b:includable>
              <b:includable id='threaded_comments' var='post'>
  <div class='comments' id='comments'>
    <a name='comments'/>
    <h4><data:post.commentLabelFull/>:</h4>

    <div class='comments-content'>
      <b:if cond='data:post.embedCommentForm'>
        <b:include data='post' name='threaded_comment_js'/>
      </b:if>
      <div id='comment-holder'>
         <data:post.commentHtml/>
      </div>
    </div>

    <p class='comment-footer'>
      <b:if cond='data:post.allowNewComments'>
        <b:include data='post' name='threaded-comment-form'/>
      <b:else/>
        <data:post.noNewCommentsText/>
      </b:if>
    </p>

    <b:if cond='data:showCmtPopup'>
      <div id='comment-popup'>
        <iframe allowtransparency='true' frameborder='0' id='comment-actions' name='comment-actions' scrolling='no'>
        </iframe>
      </div>
    </b:if>

    <div id='backlinks-container'>
    <div expr:id='data:widget.instanceId + &quot;_backlinks-container&quot;'>
       <b:if cond='data:post.showBacklinks'>
         <b:include data='post' name='backlinks'/>
       </b:if>
    </div>
    </div>
  </div>
</b:includable>
            </b:widget>
          </b:section>
        </div>
        </div>

        <div class='column-left-outer'>
        <div class='column-left-inner'>
          <aside>
          <macro:include id='main-column-left-sections' name='sections'>
            <macro:param default='0' name='num'/>
            <macro:param default='sidebar-left' name='idPrefix'/>
            <macro:param default='sidebar' name='class'/>
            <macro:param default='true' name='includeBottom'/>
          </macro:include>
          </aside>
        </div>
        </div>

        <div class='column-right-outer'>
        <div class='column-right-inner'>
          <aside>
          <macro:include id='main-column-right-sections' name='sections'>
            <macro:param default='2' name='num'/>
            <macro:param default='sidebar-right' name='idPrefix'/>
            <macro:param default='sidebar' name='class'/>
            <macro:param default='true' name='includeBottom'/>
          </macro:include>
          </aside>
        </div>
        </div>

        </div>

        <div style='clear: both'/>
      <!-- columns -->
      </div>

    <!-- main -->
    </div>
    </div>
    <div class='main-cap-bottom cap-bottom'>
      <div class='cap-left'/>
      <div class='cap-right'/>
    </div>
    </div>

    <footer>
    <div class='footer-outer'>
    <div class='footer-cap-top cap-top'>
      <div class='cap-left'/>
      <div class='cap-right'/>
    </div>
    <div class='fauxborder-left footer-fauxborder-left'>
    <div class='fauxborder-right footer-fauxborder-right'/>
    <div class='region-inner footer-inner'>
      <macro:include id='footer-sections' name='sections'>
        <macro:param default='2' name='num'/>
        <macro:param default='footer' name='idPrefix'/>
        <macro:param default='foot' name='class'/>
        <macro:param default='false' name='includeBottom'/>
      </macro:include>
      <!-- outside of the include in order to lock Attribution widget -->
      <b:section class='foot' id='footer-3' showaddelement='no'>
        <b:widget id='Attribution1' locked='true' title='' type='Attribution'>
          <b:includable id='main'>
    <b:if cond='data:feedbackSurveyLink'>
      <div class='mobile-survey-link' style='text-align: center;'>
        <data:feedbackSurveyLink/>
      </div>
    </b:if>

    <div class='widget-content' style='text-align: center;'>
      <b:if cond='data:attribution != &quot;&quot;'>
       <data:attribution/>
      </b:if>
    </div>

    <b:include name='quickedit'/>
  </b:includable>
        </b:widget>
      </b:section>
    </div>
    </div>
    <div class='footer-cap-bottom cap-bottom'>
      <div class='cap-left'/>
      <div class='cap-right'/>
    </div>
    </div>
    </footer>


<div id='footer'> 
<div id='footer-wrapper'> 
<div id='footerbar-wrapper'> 
<b:section class='footerbar' id='footerbar1' preferred='yes'/> 
</div> 
<div id='footerbar-wrapper'> 
<b:section class='footerbar' id='footerbar2' preferred='yes'/> 
</div> 
<div id='footerbar-wrapper'> 
<b:section class='footerbar' id='footerbar3' preferred='yes'/> 
</div> 
<div style='clear: both;'/> 
</div> </div>


<!-- Do not Remove This Code -->
<div class='wc-credits'>

<p><a expr:href='data:blog.homepageUrl'><data:blog.title/></a> &#169; 2014. All Rights Reserved | Powered By <a href='http://gooyaabitemplates.com/' rel='dofollow' target='_blank' title='Blogger'>Blogger</a>

| <a href='http://gooyaabitemplates.com/' rel='dofollow' target='_blank' title='Blogger Templates'>Blogger Templates</a>
 | Designed by-<a alt='Dapinder' href='http://dapinder.com/' id='mycredits' rel='nofollow' target='_blank'>Dapinder</a></p>


</div>
<!-- Do not Remove This Code -->


  <!-- content -->
  </div>
  </div>
  <div class='content-cap-bottom cap-bottom'>
    <div class='cap-left'/>
    <div class='cap-right'/>
  </div>
  </div>
  </div>

  <script type='text/javascript'>
    window.setTimeout(function() {
        document.body.className = document.body.className.replace(&#39;loading&#39;, &#39;&#39;);
      }, 10);
  </script>
</body>

<macro:includable id='sections' var='col'>
  <macro:if cond='data:col.num == 0'>
  <macro:else/>
    <b:section mexpr:class='data:col.class' mexpr:id='data:col.idPrefix + &quot;-1&quot;' preferred='yes' showaddelement='yes'/>

    <macro:if cond='data:col.num &gt;= 2'>
      <table border='0' cellpadding='0' cellspacing='0' mexpr:class='&quot;section-columns columns-&quot; + data:col.num'>
      <tbody>
      <tr>
        <td class='first columns-cell'>
          <b:section mexpr:class='data:col.class' mexpr:id='data:col.idPrefix + &quot;-2-1&quot;'/>
        </td>

        <td class='columns-cell'>
          <b:section mexpr:class='data:col.class' mexpr:id='data:col.idPrefix + &quot;-2-2&quot;'/>
        </td>

        <macro:if cond='data:col.num &gt;= 3'>
          <td class='columns-cell'>
            <b:section mexpr:class='data:col.class' mexpr:id='data:col.idPrefix + &quot;-2-3&quot;'/>
          </td>
        </macro:if>

        <macro:if cond='data:col.num &gt;= 4'>
          <td class='columns-cell'>
            <b:section mexpr:class='data:col.class' mexpr:id='data:col.idPrefix + &quot;-2-4&quot;'/>
          </td>
        </macro:if>
      </tr>
      </tbody>
      </table>

      <macro:if cond='data:col.includeBottom'>
        <b:section mexpr:class='data:col.class' mexpr:id='data:col.idPrefix + &quot;-3&quot;' showaddelement='no'/>
      </macro:if>
    </macro:if>
  </macro:if>
</macro:includable>

<b:section-contents id='sidebar-right-1'/><b:section-contents id='sidebar-right-2-1'/><b:section-contents id='sidebar-right-2-2'/><b:section-contents id='sidebar-right-3'/><b:section-contents id='footer-1'/><b:section-contents id='footer-2-1'/><b:section-contents id='footer-2-2'/></html>