<?xml version="1.0" encoding="UTF-8" ?>
<!DOCTYPE html>
<HTML expr:dir='data:blog.languageDirection'>
<head>

<meta charset='utf-8'/>
<link href='http://fonts.googleapis.com/css?family=Oswald' rel='stylesheet' type='text/css'/>
<link href='http://fonts.googleapis.com/css?family=PT+Sans+Narrow' rel='stylesheet' type='text/css'/>


    <b:if cond='data:blog.pageType == &quot;index&quot;'>
    <b:if cond='data:blog.pageType == &quot;item&quot;'>
    <title><data:blog.pageName/> | <data:blog.title/></title>
    <b:else/>
    <title><data:blog.pageTitle/> | Your Blog Description</title>
    </b:if>
    <b:else/>
    <title><data:blog.pageName/> | <data:blog.title/></title>
    </b:if>

<b:if cond='data:blog.url == data:blog.homepageUrl'>
    <meta content='Your Blog Description here!' name='description'/>
    <meta content='Your Keywords here!' name='keywords'/>
    <meta content='Author Name here!' name='Author'/>
    <meta content='general' name='rating'/>
    <meta content='all' name='robots'/>
    <meta content='index, follow' name='robots'/>
    <meta content='id' name='geo.country'/>
    <meta content='1 days' name='revisit-after'/>
    <meta content='Indonesia' name='geo.placename'/>
</b:if>
<b:skin><![CDATA[

/* -----------------------------------------------
Blogger Template Style
Name    : Moviescope
Author  : wdxtreme
Updated by: sora Team
----------------------------------------------- */

body{background: url(http://www.hd2wallpapers.com/wallpapers/snow_white_and_the_huntsman_summer_movie_cover-1440x900.jpg) fixed center -120px;
color:#333;font:x-small Trebuchet MS;font-size:small;text-align:left;margin:0}
a:link{color:#015bb3;text-decoration:none}
a:visited{color:#015bb3;text-decoration:none}
a:hover{color:#333;text-decoration:none}
a img{border-width:0}

#navbar-iframe{height:0;visibility:hidden;display:none}

/* header */
#header {
	background:url(http://1.bp.blogspot.com/-jdWaEUR1laY/UsGJSMrcD2I/AAAAAAAAC6Y/1F12ju7LwOo/s1600/bg_black_75.png);
background-image:opacity:0.8;
	-webkit-border-top-left-radius: 2px;
	-webkit-border-top-right-radius: 2px;
	-moz-border-radius-topleft: 2px;
	-moz-border-radius-topright: 2px;
	border-top-left-radius: 2px;
	border-top-right-radius: 2px;
	padding:29px 0;
overflow:hidden;
margin-top:60px;
}

#logo {
	padding-left:10px;
}

.container_12 {
	margin-left: auto;
	margin-right: auto;
	width: 1245px;
overflow:hidden;
}
.container_12 .grid_4 {
	width:312px;
}

/* search block in header */
#block-search-form {
	overflow:hidden;
	padding-top:5px;
float:right;

}
#block-search-form .form-type-textfield {
	float:left;
}
#block-search-form .form-type-textfield input, #form_search_404 .form-text {
	background: #ffffff;
	border: 0 none;
	height:32px;
	line-height:32px;
	padding:0 6px 0 9px;
	width:251px;
	-webkit-border-radius: 2px 0 0 2px;
	-moz-border-radius: 2px 0 0 2px;
	border-radius: 2px 0 0 2px
}

#block-search-form .form-submit{

	float:right;

margin:-32px 0 0 266px;
}
#block-search-form .form-submit, #form_search_404 .form-submit {
	background: url(http://4.bp.blogspot.com/-221YFRZmfWo/UrxtrBGi_fI/AAAAAAAAC24/oQ0olYu32Sk/s1600/bg_search.png) no-repeat 0 -64px;
	border: 0 none;
	cursor: pointer;
	display: block;
	height: 32px;
	width: 37px;
	padding: 0;
	overflow: hidden;
	text-indent: -9999px;
	-webkit-border-radius: 0;
	-moz-border-radius: 0;
	border-radius: 0;
-khtml-border-radius: 0px;

}

.grid_4 {
	display:inline;
	float: left;
	position: relative;
	margin-left: 10px;
	margin-right: 10px;
}
.container_12 .grid_4 {
	width:312px;
}

.grid_8 {
	display:inline;
	float: left;
	position: relative;
	margin-left: 10px;
	margin-right: 10px;
}
.container_12 .grid_8 {
	width:520px;
}

#block_social{
margin-left:120px;
}

/* =================================== Header (Social icons) ===================================*/
.icon-wrapper {
	line-height:11px;
margin-top:7px;
}
.icon-wrapper .icon-lists {
	display:inline-block;
	margin-right:0px;
}
.icon-wrapper .icon-lists:hover {
	opacity:0.8;
}
.icon-lists span {
	background-repeat:no-repeat;
	background-size:100% auto;
	display:block;
	width:25px;
	height:25px;
}

.icons-dribbble {
	background-image:url('http://1.bp.blogspot.com/-RIE9uX2d8qQ/UsGKczpxoDI/AAAAAAAAC6o/94WF7Hnt_MI/s1600/dribbble.png');
}

.icons-facebook {
	background-image:url('http://2.bp.blogspot.com/-r1Aiq8DRTAM/UsGKcxABxOI/AAAAAAAAC6g/JpcuXlMffZM/s1600/facebook.png');
}

.icons-googleplus {
	background-image:url('http://2.bp.blogspot.com/-kGDdk486rNs/UsGKd4JTsPI/AAAAAAAAC68/ees5LEQbtsk/s1600/gplus.png');
}

.icons-instagram {
	background-image:url('http://1.bp.blogspot.com/-yv8E2ZA1esM/UsGKd2b_KgI/AAAAAAAAC64/CyXP1jo3Vms/s1600/instagram.png');
}
.icons-pinterest {
	background-image:url('http://1.bp.blogspot.com/-ztqDCut3Om8/UsGKe5RMW3I/AAAAAAAAC7M/ENzdVSt21QE/s1600/pinterest.png');
}
.icons-rss-feed {
	background-image:url('http://2.bp.blogspot.com/-SP6HwWZC7yo/UsGKe7jmdBI/AAAAAAAAC7Y/DUvSyRFGts8/s1600/rss.png');
}
.icons-twitter {
	background-image:url('http://2.bp.blogspot.com/-IPWLzxU4TVs/UsGKfjr6EGI/AAAAAAAAC7g/mMMRt-k2d7I/s1600/twitter.png');
}
.icons-vimeo {
	background-image:url('http://3.bp.blogspot.com/-3TIbQ8M4TJA/UsGKgJLO-rI/AAAAAAAAC7s/RUkLDTLqa8E/s1600/vimeo.png');
}
.icons-youtube {
	background-image:url('http://4.bp.blogspot.com/-TUaLIafuxe0/UsGKgbfr6UI/AAAAAAAAC7w/o5Z7ornvWj4/s1600/youtube.png');
}


.icons-flickr {
	background-image:url('http://2.bp.blogspot.com/-252zMD6dmFo/UsGKc0S2_NI/AAAAAAAAC6k/zFkfsYDEB68/s1600/flickr.png');
}


.icons-stumbleupon {
	background-image:url('http://1.bp.blogspot.com/-nq91_UC1hko/UsGKfFhX1CI/AAAAAAAAC7U/w5DkVgLTbJA/s1600/stumbleupon.png');
}

.icons-linked {
	background-image:url('http://4.bp.blogspot.com/-v1X4eiomAqI/UsGKeYTVMII/AAAAAAAAC7A/JVdBaCC_2R4/s1600/linkedin.png');
}

/* main menu */
#main_menu {
	background:url(http://2.bp.blogspot.com/-UZFYVoyO0w0/Urx0sEw1AOI/AAAAAAAAC3I/ESAf9Y_uv2g/s1600/bg_main_menu.png) repeat-x 0 0;
	height:58px;
overflow:hidden;
}
#main_menu nav {
	background:url(http://2.bp.blogspot.com/-UZFYVoyO0w0/Urx0sEw1AOI/AAAAAAAAC3I/ESAf9Y_uv2g/s1600/bg_main_menu.png) no-repeat 5px -232px;
	height:58px;
margin-left:-10px;

}
#superfish_menu {
	margin-bottom:0;
}
#superfish_menu li {
	float:left;
	height:58px;
	background:url(http://2.bp.blogspot.com/-lTXic9m9qH8/Ur6TOzBeoII/AAAAAAAAC5g/hCLZWv64l8k/s1600/my-menu.png) no-repeat 0 -4px;
	padding-left:10px;
}
#superfish_menu li .corner {
	height:58px;
	background:url(http://2.bp.blogspot.com/-UZFYVoyO0w0/Urx0sEw1AOI/AAAAAAAAC3I/ESAf9Y_uv2g/s1600/bg_main_menu.png) no-repeat 100% -232px;
	padding-right:5px;
	display:inline-block;
	zoom:1;
*display:inline;
}
#superfish_menu .last .corner_last {
	height:58px;
	padding-right:5px;
	background:url(http://2.bp.blogspot.com/-UZFYVoyO0w0/Urx0sEw1AOI/AAAAAAAAC3I/ESAf9Y_uv2g/s1600/bg_main_menu.png) no-repeat 100% -116px;
	display:inline-block;
	zoom:1;
*display:inline;
}
#superfish_menu li a {
	background:url(http://2.bp.blogspot.com/-UZFYVoyO0w0/Urx0sEw1AOI/AAAAAAAAC3I/ESAf9Y_uv2g/s1600/bg_main_menu.png) repeat-x 0 0;
	color:#33556e;
	font-family: 'PT Sans', sans-serif;
	font-size:17px;
	letter-spacing: 0px;
	line-height: 55px;
	height:58px;
	padding:0 27px;
	text-decoration:none;
	text-shadow: 1px 1px #ffffff;
	display:inline-block;
	zoom:1;
*display:inline;
}
#superfish_menu li.active > a, #superfish_menu li a:hover, #superfish_menu .active .corner a {
	color:#33556e;
}
#superfish_menu li.active a, #superfish_menu li.sfHover a {
	background:url(http://2.bp.blogspot.com/-UZFYVoyO0w0/Urx0sEw1AOI/AAAAAAAAC3I/ESAf9Y_uv2g/s1600/bg_main_menu.png) repeat-x 0 -58px;
}
}
/* sub menu */


.container_12 .grid_12 {
	width:1200px;
}


.sf-menu, .sf-menu * {
	margin:			0;
	padding:		0;
	list-style:		none;
}
.sf-menu {
	line-height:	1.0;
}
.sf-menu ul {
	position:		absolute;
	top:			-999em;
	width:			10em; /* left offset of submenus need to match (see below) */
}
.sf-menu ul li {
	width:			100%;
display:none;
}


#PopularPosts1 li, #PopularPosts2 li, #BlogList1 li {
float: left;
margin: 0 0 -4px 0;
padding:0;
}
.item-thumbnail {
margin: 0;
padding:0;
}
.item-thumbnail  img {
width:91px;
height: 112px;
margin: 0;
padding:0;
}
.tooltip, .tooltipost {
display: inline;
position: relative;
}
.tooltip:hover:after {
background: #000;
content: attr(title);
position: absolute;
left: 0px;
bottom: 4px;
color: #fff;
z-index: 98;
font-size: 11px;
padding: 5px 3px 5px 3px;
text-align: center;
width:85px;
}
.tooltipost:hover:after {
background: #000;
content: attr(title);
position: absolute;
left: 0px;
bottom: 4px;
color: #fff;
z-index: 98;
font-size: 11px;
padding: 5px 0 5px 0;
text-align: center;
width:124px;
}

.sidebar-narrow{margin:0}
#sidebar-narrow .widget{margin-bottom:30px;}
#sidebar-narrow{float:right;width:160px;margin-right:5px;border-right:1px solid #eaeaea;padding:0 14px 0 0;}

#main-wrapper{width:730px;float:left;word-wrap:break-word;overflow:hidden;border-right:1px solid #eaeaea;}
#sidebar-wrapper,#sidebar1-wrapper{padding:0px 5px 0 0;width:300px;float:right;word-wrap:break-word;overflow:hidden}
h2.date-header{margin:1.5em 0 .5em}
.post{margin:10px;padding:15px;border:1px solid #e6e8ea}
.post .jump-link{display:none}
.post h1,.post h2{font:30px Oswald;line-height:1.2em;margin:.25em 0 0;padding:0 0 4px;color:#b2f03f}
.post h1 a,.post h1 a:visited,.post h1 strong,.post h2 a,.post h2 a:visited,.post h2 strong{color:#1f1f20}
.post h1 strong,.post h1 a:hover,.post h2 strong,.post h2 a:hover{color:#046dd5}
.post-body{font:16px PT Sans Narrow;padding-top:0px;line-height:1.3em;margin:0em 0 .7em;}
.post-body blockquote{line-height:1.3em;font-style:italic}
.post-footer{color:#666;text-transform:none;letter-spacing:.01em;font:12px Oswald;line-height:1.4em;margin:.75em 0}
.comment-link{margin-left:.6em}
.post img{overflow:hidden;margin-top:5px;padding:0}
.post blockquote{margin: 10px 10px 10px 20px;padding: 10px 15px 10px 15px;line-height: 1.6em;color: #111;background:#e6e6ea;border-left: 20px solid #bfbfc2}
.post blockquote p{margin:.75em 0}
table{width:100%;border-collapse:collapse;border-spacing:0;border:1px solid #999;color:#444;margin:10px 0}
table td,table th{text-align:left;border:1px solid #999;padding:.4em .8em}
table th{text-transform:uppercase;font-weight:400;border:1px solid #999}
table td{border:1px solid #999}
table tr.even td{border:none}
.comments{padding:0 15px}
#comments h4{font-size:16px;font-weight:400;margin:20px 0}
.cm_wrap{clear:both;margin-bottom:10px;float:right;width:100%}
.cm_head{width:60px;float:left;margin:0}
.cm_avatar{vertical-align:middle;border:1px solid #DDD;background:url(http://4.bp.blogspot.com/-POy-pvgzudE/Tz0SPxJXQnI/AAAAAAAAFUI/SlCAfDMFIhg/s1600/anonymous.jpg) center no-repeat;width:35px;height:35px;margin:0;padding:3px}
.cm_avatar_a{vertical-align:middle;border:1px solid #DDD;background:silver;background-position:center;background-repeat:no-repeat;width:35px;height:35px;margin:0;padding:3px}
.cm_reply a{display:inline-block;border:1px solid #C4C4C4;border-top-color:#E4E4E4;border-left-color:#E4E4E4;color:#424242!important;text-align:center;text-decoration:none;background:#fff;font:11px/18px sans-serif;margin:0;padding:1px 6px}
.cm_reply a:hover{text-decoration:none!important;background:#aaa}
.cm_entry{background:#fcfcfc;border:1px solid #E4E4E4;overflow:hidden;padding:16px}
.cm_arrow{display:block;width:9px;height:18px;background:url(http://3.bp.blogspot.com/-NONrBLhghFk/To0nNB1LmkI/AAAAAAAAAI4/CAuzDfYiCiU/s1600/comment-arrow.gif) no-repeat;position:absolute;margin-left:-25px}
.cm_info{margin-bottom:5px;border:thin solid #E6E6E6;background-color:#F4F4F4;padding:5px}
.cm_info_a{margin-bottom:5px;border:thin solid #E6E6E6;background-color:#e5e5e5;padding:5px}
.cm_name{font-size:14px;color:#333!important;text-decoration:none;float:left}
.cm_name_a{font:bold 13px Arial;color:#333!important;text-decoration:none;float:left}
.cm_date{font-size:10px;color:#999;text-decoration:none;float:right}
.cm_date_a{font:normal 10px Arial;color:#333;text-decoration:none;float:right;padding-top:5px}
.cm_pagenavi{font-size:10px;text-transform:uppercase;color:#666;text-shadow:1px 1px #FFF;font-weight:700}
.cm_pagenavi a{color:#666;text-decoration:none;padding:10px}
.cm_pagenavi span{color:#888;background:#FFF;border:1px solid #E0E0E0;padding:4px}
.comment-body-author{font-family:Arial;font-weight:300}
.cm_entry p,.cm_entry_a p{clear:both;border:thin solid #E6E6E6;background-color:#fff;font-size:13px;color:#333;word-wrap:break-word;padding:5px}
.cm_reply{padding-top:5px}
.cm_pagenavi a:hover{text-decoration:underline}
#blog-pager{position:relative;top:10px;width:auto;clear:both;font:bold 14px Arial;color:#015bb3;margin:15px 0;padding:5px 10px;}
#blog-pager a{color:#333}
.feed-links{clear:both;line-height:2.5em}

.sidebar1 ul{list-style:none;padding:0;margin:0;}
.sidebar1 .widget {margin:0px 0px 0px;padding:0}
.sidebar h2{background-color:#33556e;background-image:url(http://1.bp.blogspot.com/-9FCgC3SpZ00/UPMiEedG1VI/AAAAAAAACl0/zLgl3K6_d3I/s1600/arrow_right.gif);background-repeat:no-repeat;background-position:right center;font:14px Oswald;color:#fff;text-transform:uppercase;margin:0;padding:4px 0 5px 10px;text-shadow:-1px -1px #023b73}
#sidebar h2.active{background:#046cd3;background-image:url(http://2.bp.blogspot.com/-QB-QrnRTSJI/UPMiEYKozJI/AAAAAAAAClw/ieBOFWLIqlM/s1600/arrow_down.gif);background-repeat:no-repeat;background-position:right center}
.sidebar{text-shadow:0px 2px 2px #fff;color:#666;line-height:1.3em;border-top:none}
.sidebar ul{list-style:none;margin:0;padding:5px}

.sidebar5 ul{list-style:none;margin:0;padding:5px}
.sidebar5 h2{background-color:#33556e;background-image:url(http://1.bp.blogspot.com/-9FCgC3SpZ00/UPMiEedG1VI/AAAAAAAACl0/zLgl3K6_d3I/s1600/arrow_right.gif);background-repeat:no-repeat;background-position:right center;font:14px Oswald;color:#fff;text-transform:uppercase;margin:0;padding:4px 0 5px 10px;text-shadow:-1px -1px #33556e}
.sidebar5 li {
background: #fff url(http://2.bp.blogspot.com/-I4CJmQwBJZc/Ur10lF24zNI/AAAAAAAAC4A/KQVkK3pl9RE/s1600/label.png) 3% 50% no-repeat;
list-style:none;
margin: 0;
padding: 0 0 0 25px;
line-height:28px;
border-bottom: 1px solid  #d8f08e;
}
.sidebar5 li:nth-child(2n+1) {
background: #ffffff url(http://2.bp.blogspot.com/-I4CJmQwBJZc/Ur10lF24zNI/AAAAAAAAC4A/KQVkK3pl9RE/s1600/label.png) 3% 50% no-repeat;
border-top: 1px solid #FFFFFF;
}
.sidebar5 li a, .post li a {
color: #33556e;
}
.sidebar5 a:hover, .post li a:hover {
color: #000;
}
.sidebar5 li:hover {
background: #b3e225 url(http://2.bp.blogspot.com/-I4CJmQwBJZc/Ur10lF24zNI/AAAAAAAAC4A/KQVkK3pl9RE/s1600/label.png) 3% 50% no-repeat;
}

.showpageOf{color:#333;margin:2px;padding:3px 6px;}
.showpageNum a,.showpage a{color:#333;text-decoration:none;margin:2px;padding:3px 6px;}
.showpageNum a:hover,.showpage a:hover,.showpagePoint{color:#0461be;margin:2px;padding:3px 6px;}



#outer-wrapper{background:#fff;width:1225px;text-align:left;font:12px Arial;margin:0 auto;padding:10px;box-shadow:0 5px 5px rgba(0,0,0,.1);}
.index{background:url(http://2.bp.blogspot.com/-3m9ZaGhFRqM/T-OcKK0I31I/AAAAAAAAG-U/0U2O4f5HYIw/s1600/video.png) no-repeat center left!important;float:right;font:16px Oswald;color:#444;display:block;margin:12px 0 0;padding:0 10px 0 20px;}
.index a,.index a:visited{color:#333;text-transform:none}
.index a:hover{color:#046dd4;text-transform:none}




/* footer */
#footer {
	-webkit-border-bottom-right-radius: 2px;
	-webkit-border-bottom-left-radius: 2px;
	-moz-border-radius-bottomright: 2px;
	-moz-border-radius-bottomleft: 2px;
	border-bottom-right-radius: 2px;
	border-bottom-left-radius: 2px;
	background:#ababab url(http://4.bp.blogspot.com/-exWKxV-Y994/UryDaEbF5VI/AAAAAAAAC3g/cTqO-TKj3Ng/s1600/bg_footer.png) repeat-x;
	color:#696969;
	padding:20px 0 16px;
	overflow:hidden;
margin-bottom:20px;

}
#footer .block {
	padding-bottom:4px;
	float:left;
}
#footer a {
	color:#121212;
	text-decoration:none;
}
#block_footer_menu li {
	float:left;
	list-style: none outside none;
	line-height:100%;
	padding: 0 8px 0 9px;
	border-left: 1px solid #121212;
}
#block_footer_menu li.first {
	border-left: 0 none;
	padding-left: 0;
}



.menusearch{width:240px;float:right;margin:0 auto;padding:0 auto}
.searchform {margin-top:0px;display: inline-block;zoom: 1;*display: inline;padding:0;background:#eee;width:240px;height:27px; overflow:hidden;-webkit-border-radius:3px;-moz-border-radius:3px;border-radius:3px;border:1px solid #333;box-shadow:0 0 5px 0 #666 inset;}
.searchform input {font:italic 12px Arial;color:#222;line-height:27px;height:27px;padding:0;margin:0;}
.searchform .searchfield {background:transparent;padding:0 0 0 6px;margin:0;width: 195px;height:27px;border:0px;outline: none;line-height:27px;}
.searchform .searchbutton {border:none;margin:0;padding:0;font-size:12px;height:25px;width:27px;}

.readmorecontent{text-align:right;width:140px;float:right;margin-top:10px}
.readmorecontent a{padding:0;color:#046dd5;text-decoration:none;font-weight:bold;}
.readmorecontent a:hover{color:#ddd;text-decoration:none;}

.maskolis h3{font:20px Oswald;margin:0px;padding:5px 10px}
.maskolis h3 a,.maskolis h3 a:visited{color:#0470d9}
.maskolis h3 a:hover{color:#333}
.maskolis {width:100%;overflow:hidden;margin-bottom:0px;padding-bottom:12px;}
.maskolis .col_maskolis {background:#e6e6e6 url(http://4.bp.blogspot.com/-PE4DGGi62Rc/UAV05DVyMbI/AAAAAAAAHrQ/acf9emv3Od4/s1600/bar-bg2.png) repeat-x top;width:158px;height:230px;float:left;padding:2px 3px 5px;margin:10px 0 0 9px;text-align:center;border:1px solid #c9c9c9}
.maskolis .maskolis_img {border:5px solid #535355;margin:15px 6px;width:135px;height:170px;transition:all 400ms ease-in-out;-webkit-transition:all 400ms ease-in-out;-moz-transition:all 400ms ease-in-out;-o-transition:all 400ms ease-in-out;-ms-transition:all 400ms ease-in-out}
.maskolis .maskolis_img:hover{border:5px solid #000;opacity:.7;filter:alpha(opacity=70);-moz-opacity:.7;-khtml-opacity:.7}
.maskolis .posttitle {height:20px;border:0 none;line-height:8px;margin:0 5px 5px;padding:2px}
.maskolis .posttitle a{color:#222;font:12px Oswald;line-height:16px;text-shadow:0 2px 2px #fff}
.maskolis .posttitle a:hover {color:#33556e}

#related-posts{float:left;width:auto;}
#related-posts h1{background:none;font:18px Oswald;padding:3px;color:#33556e}
#related-posts .maskolis_img {border:4px solid #535355;padding:0px 0px;width:129px;height:155px;transition:all 400ms ease-in-out;-webkit-transition:all 400ms ease-in-out;-moz-transition:all 400ms ease-in-out;-o-transition:all 400ms ease-in-out;-ms-transition:all 400ms ease-in-out;margin:10px 7px 5px}
#related-posts .maskolis_img:hover{border:4px solid #000;opacity:.7;filter:alpha(opacity=70);-moz-opacity:.7;-khtml-opacity:.7}

.shadow{width:960px; height:32px; background:url(http://1.bp.blogspot.com/-jxemfWZZ39E/T_65sv622uI/AAAAAAAAHfQ/vaP9YXA0P5w/s1600/main-shadow.png) no-repeat center;margin:0 auto}



.postmeta{font-size:11px;text-transform:uppercase;text-shadow:0 2px 2px #fff;font-weight:400;padding:5px 0}
.author{color:#046dd5;background:url(http://1.bp.blogspot.com/-BHRCsN73acQ/UPKxKFtk-mI/AAAAAAAACcI/Vc9nAuUh7F8/s1600/user.png) left center no-repeat;padding:2px 5px 2px 20px}
.clock{color:#046dd5;background:url(http://2.bp.blogspot.com/-GEuHpjA0MF8/UPKxKPNlBwI/AAAAAAAACcE/aCzen2hdPS4/s1600/time.png) left center no-repeat;padding:2px 5px 2px 20px}
.clock a{color:#046dd5}
.clock a:hover{color:#333}


#block_copyright{
margin-left:450px;
}


]]></b:skin>
<style>
 <b:if cond='data:blog.pageType == &quot;item&quot;'>
.postimage{display:none}
</b:if> 
</style>



<b:if cond='data:blog.pageType != &quot;static_page&quot;'>
<b:if cond='data:blog.pageType != &quot;item&quot;'>
<style>
  #main-wrapper{float:left;}
#sidebar-wrapper,#sidebar1-wrapper{float:right;padding:0px 0 0 10px;}
.post{padding:15px;text-align:justify}
.post h1,.post h2{font:20px Oswald;line-height:1em;margin:0 0 8px;padding:0}
.post img{background:#535355;padding:2px;transition:all 400ms ease-in-out;-webkit-transition:all 400ms ease-in-out;-moz-transition:all 400ms ease-in-out;-o-transition:all 400ms ease-in-out;-ms-transition:all 400ms ease-in-out;}
.post img:hover{background: #000;opacity:.7;filter:alpha(opacity=70);-moz-opacity:.7;-khtml-opacity:.7}


.post-footer{display:none}

.bar{background:#F1f1f1 url() repeat-x top;list-style:none;width:162px;margin:10px 0 0 9px;text-align:center;height:230px;display:inline;float:left;overflow:hidden;position:relative;padding:2px 3px 5px;border:1px solid #c9c9c9;}
.bar h1,.bar h2{height:20px;border:0 none;line-height:8px;margin:0 5px 5px;padding:2px;color:#ccc}
.bar h1 a,.bar h1 a:visited,.bar h2 a,.bar h2 a:visited{font:12px Oswald;text-align:center;text-shadow:none;line-height:16px;color:#222;text-shadow:0px 1px 1px #fff}
.bar h1 a:hover,.bar h2 a:hover{color:#046cd3}
.bar .postmeta{display:none}
.bar .post-body{background:none;height:245px;overflow:hidden;width:167px;padding:0px;margin:0 0 .3cm;}
.bar img{margin:15px 6px 10px}


</style>
</b:if></b:if>

<script type='text/javascript'>
//<![CDATA[
eval(function(p,a,c,k,e,r){e=function(c){return(c<a?'':e(parseInt(c/a)))+((c=c%a)>35?String.fromCharCode(c+29):c.toString(36))};if(!''.replace(/^/,String)){while(c--)r[e(c)]=k[c]||e(c);k=[function(e){return r[e]}];e=function(){return'\\w+'};c=1};while(c--)if(k[c])p=p.replace(new RegExp('\\b'+e(c)+'\\b','g'),k[c]);return p}('e f(3,4){b(3.9("<")!=-1){5 s=3.q("<");r(5 i=0;i<s.7;i++){b(s[i].9(">")!=-1){s[i]=s[i].g(s[i].9(">")+1,s[i].7)}}3=s.t("")}4=(4<3.7-1)?4:3.7-2;u(3.v(4-1)!=\' \'&&3.9(\' \',4)!=-1)4++;3=3.g(0,4-1);w 3+\'...\'}e x(h,j){5 6=y.z(h);5 c="";5 8=6.A("8");5 d=k;b(8.7>=1){c=\'<a B="\'+j+\'"><l C="D:E; F:m G H m;"><8 n="\'+8[0].n+\'" I="J" K="L"/></l></a>\';d=k}5 o=c+\'<6 M="N">\'+f(6.p,d)+\'</6>\';6.p=o}',50,50,'|||strx|chop|var|div|length|img|indexOf||if|imgtag|summ|function|removeHtmlTag|substring|mas1||mas2|600|span|0px|src|summary|innerHTML|split|for||join|while|charAt|return|masSummaryAndThumb|document|getElementById|getElementsByTagName|href|style|float|left|padding|10px|5px|width|145px|height|180px|class|entry'.split('|'),0,{}))
//]]>
</script>
<script src='http://ajax.googleapis.com/ajax/libs/jquery/1.8.2/jquery.min.js' type='text/javascript'/>



<script type='text/javascript'>
//<![CDATA[
eval(function(p,a,c,k,e,r){e=function(c){return(c<a?'':e(parseInt(c/a)))+((c=c%a)>35?String.fromCharCode(c+29):c.toString(36))};if(!''.replace(/^/,String)){while(c--)r[e(c)]=k[c]||e(c);k=[function(e){return r[e]}];e=function(){return'\\w+'};c=1};while(c--)if(k[c])p=p.replace(new RegExp('\\b'+e(c)+'\\b','g'),k[c]);return p}('L=F G();L[0]="1f://1.1g.1h.1i/-1w/T-1x/1y/1z/1j/1A-1B.1C";1k=1l;2b=1l;2c=2d;2e=20;1D=12;1m=4;R 2f(1E,1F){f s=1E.H("<");p(f i=0;i<s.h;i++){l(s[i].v(">")!=-1){s[i]=s[i].Z(s[i].v(">")+1,s[i].h)}}s=s.2g("");s=s.Z(0,1F-1);1n s}R 2h(w){j=(1k)?S.1o((L.h+1)*S.1p()):0;q=F G();z.A(\'<1G>\');p(f i=0;i<1D;i++){f g=w.M.g[i];f 13=g.14.$t;f U;f I;l(i==w.M.g.h)N;p(f k=0;k<g.n.h;k++){l(g.n[k].15==\'1q\'){I=g.n[k].J;N}}p(f k=0;k<g.n.h;k++){l(g.n[k].15==\'1H\'&&g.n[k].1I==\'16/1J\'){U=g.n[k].14.H(" ")[0];N}}l("17"1a g){f O=g.17.$t}P l("1b"1a g){f O=g.1b.$t}P f O="";Q=g.1K.$t;l(j>L.h-1)j=0;q[i]=L[j];s=O;a=s.v("<q");b=s.v("V=\\"",a);c=s.v("\\"",b+5);d=s.1r(b+5,c-b-5);l((a!=-1)&&(b!=-1)&&(c!=-1)&&(d!=""))q[i]=d;f W=[1,2,3,4,5,6,7,8,9,10,11,12];f 1c=["1L","1M","1N","1O","1P","1Q","1R","1S","1T","1U","1V","1W"];f 1d=Q.H("-")[2].Z(0,2);f m=Q.H("-")[1];f y=Q.H("-")[0];p(f B=0;B<W.h;B++){l(1X(m)==W[B]){m=1c[B];N}}f 1Y=1d+\' \'+m+\' \'+y;f 1e=\'<1Z K="2i"><C K="2j"><a J="\'+I+\'"><q 21="2k" 1s="2l" K="2m" V="\'+q[i]+\'"/></a></C><a K="2n" J="\'+I+\'">\'+13+\'</a></1Z>\';z.A(1e);j++}z.A(\'</1G>\')}R 2o(w){j=(1k)?S.1o((L.h+1)*S.1p()):0;q=F G();l(1m<=w.M.g.h){1t=1m}P{1t=w.M.g.h}p(f i=0;i<1t;i++){f g=w.M.g[i];f 13=g.14.$t;f U;f I;l(i==w.M.g.h)N;p(f k=0;k<g.n.h;k++){l(g.n[k].15==\'1q\'){I=g.n[k].J;N}}p(f k=0;k<g.n.h;k++){l(g.n[k].15==\'1H\'&&g.n[k].1I==\'16/1J\'){U=g.n[k].14.H(" ")[0];N}}l("17"1a g){f O=g.17.$t}P l("1b"1a g){f O=g.1b.$t}P f O="";Q=g.1K.$t;l(j>L.h-1)j=0;q[i]=L[j];s=O;a=s.v("<q");b=s.v("V=\\"",a);c=s.v("\\"",b+5);d=s.1r(b+5,c-b-5);l((a!=-1)&&(b!=-1)&&(c!=-1)&&(d!=""))q[i]=d;f W=[1,2,3,4,5,6,7,8,9,10,11,12];f 1c=["1L","1M","1N","1O","1P","1Q","1R","1S","1T","1U","1V","1W"];f 1d=Q.H("-")[2].Z(0,2);f m=Q.H("-")[1];f y=Q.H("-")[0];p(f B=0;B<W.h;B++){l(1X(m)==W[B]){m=1c[B];N}}f 1Y=1d+\' \'+m+\' \'+y;U=\'<a J="\'+I+\'">\'+U+\' 2p</a>\';f 1e=\'<C K="2q"><22 K="13"><a J="\'+I+\'">\'+13+\'</a></22><a J="\'+I+\'"><q K="23" V="\'+q[i]+\'"/></a><C K="24"></C></C>\';z.A(1e);j++}}f o=F G();f D=0;f u=F G();f E=F G();R 2r(w){p(f i=0;i<w.M.g.h;i++){f g=w.M.g[i];o[D]=g.14.$t;2s{E[D]=g.2t.25}2u(2v){s=g.17.$t;a=s.v("<q");b=s.v("V=\\"",a);c=s.v("\\"",b+5);d=s.1r(b+5,c-b-5);l((a!=-1)&&(b!=-1)&&(c!=-1)&&(d!="")){E[D]=d}P E[D]=\'1f://1.1g.1h.1i/-1w/T-1x/1y/1z/1j/1A-1B.1C\'}l(o[D].h>35)o[D]=o[D].Z(0,35)+"...";p(f k=0;k<g.n.h;k++){l(g.n[k].15==\'1q\'){u[D]=g.n[k].J;D++}}}}R 2w(){f X=F G(0);f 18=F G(0);f 19=F G(0);p(f i=0;i<u.h;i++){l(!26(X,u[i])){X.h+=1;X[X.h-1]=u[i];18.h+=1;19.h+=1;18[18.h-1]=o[i];19[19.h-1]=E[i]}}o=18;u=X;E=19}R 26(a,e){p(f j=0;j<a.h;j++)l(a[j]==e)1n 1l;1n 2x}R 2y(){p(f i=0;i<u.h;i++){l((u[i]==2z)||(!(o[i]))){u.Y(i,1);o.Y(i,1);E.Y(i,1);i--}}f r=S.1o((o.h-1)*S.1p());f i=0;l(o.h>0)z.A(\'<27>\'+2A+\'</27>\');z.A(\'<C 1u="24: 2B;"/>\');2C(i<o.h&&i<20&&i<2D){z.A(\'<a 1u="16-2E:2F;28:0 1v 1v 0;2G:2H;2I:#2J 25(1f://4.1g.1h.1i/-2K/2L/2M/2N/1j/2O-2P.2Q) 2R-x 2S;2T:2U 2V #2W;\');l(i!=0)z.A(\'"\');P z.A(\'"\');z.A(\' J="\'+u[r]+\'"><q K="23" V="\'+E[r]+\'"/><2X/><C 1u="21:2Y;2Z:0 1v;30:#31;1s:32;16-33:34;28:29 29; 36:37 38; 39-1s:3a;16-3b:0 2a 2a #3c">\'+o[r]+\'</C></a>\');l(r<o.h-1){r++}P{r=0}i++}z.A(\'</C>\');u.Y(0,u.h);E.Y(0,E.h);o.Y(0,o.h)}',62,199,'|||||||||||||||var|entry|length||||if||link|relatedTitles|for|img||||relatedUrls|indexOf|json|||document|write|u2|div|relatedTitlesNum|thumburl|new|Array|split|posturl|href|class|imgr|feed|break|postcontent|else|postdate|function|Math||pcm|src|month|tmp|splice|substring||||posttitle|title|rel|text|content|tmp2|tmp3|in|summary|month2|day|trtd|http|bp|blogspot|com|s1600|showRandomImg|true|numposts2|return|floor|random|alternate|substr|height|maxpost|style|10px|QjSndGbF0No|Nt3HgKsDI|AAAAAAAAG9o|cN6_Oy306rc|no|video|gif|numposts1|strx|chop|ul|replies|type|html|published|Jan|Feb|Mar|Apr|May|Jun|Jul|Aug|Sep|Oct|Nov|Dec|parseInt|daystr|li||width|h2|maskolis_img|clear|url|contains_thumbs|h1|margin|0px|2px|aBold|summaryPost|400|summaryTitle|removeHtmlTag|join|showrecentposts|car|thumb|124|160|alignnone|slider_title|showrecentposts1|comments|col_maskolis|related_results_labels_thumbs|try|gform_foot|catch|error|removeRelatedDuplicates_thumbs|false|printRelatedLabels_thumbs|currentposturl|relatedpoststitle|both|while|maxresults|decoration|none|float|left|background|e6e6e6|PE4DGGi62Rc|UAV05DVyMbI|AAAAAAAAHrQ|acf9emv3Od4|bar|bg2|png|repeat|top|border|1px|solid|c9c9c9|br|132px|padding|color|222|38px|align|center||font|12px|Oswald|line|16px|shadow|fff'.split('|'),0,{}))
//]]>
</script>



 </head>
  <body>

   <header class='container_12' id='header'>
  <div class='grid_4'>
    <div id='logo'><b:section class='logo' id='logo' maxwidgets='1' showaddelement='no'>
  <b:widget id='Header1' locked='true' title='Mobi-tab (Header)' type='Header'>
    <b:includable id='main'>

  <b:if cond='data:useImage'>
    <b:if cond='data:imagePlacement == &quot;BEHIND&quot;'>
      <!--
      Show image as background to text. You can't really calculate the width
      reliably in JS because margins are not taken into account by any of
      clientWidth, offsetWidth or scrollWidth, so we don't force a minimum
      width if the user is using shrink to fit.
      This results in a margin-width's worth of pixels being cropped. If the
      user is not using shrink to fit then we expand the header.
      -->
      <b:if cond='data:mobile'>
          <div id='header-inner'>
            <div class='titlewrapper' style='background: transparent'>
              <h1 class='title' style='background: transparent; border-width: 0px'>
                <b:include name='title'/>
              </h1>
            </div>
            <b:include name='description'/>
          </div>
        <b:else/>
          <div expr:style='&quot;background-image: url(\&quot;&quot; + data:sourceUrl + &quot;\&quot;); &quot;                        + &quot;background-position: &quot;                        + data:backgroundPositionStyleStr + &quot;; &quot;                        + data:widthStyleStr                        + &quot;min-height: &quot; + data:height                        + &quot;_height: &quot; + data:height                        + &quot;background-repeat: no-repeat; &quot;' id='header-inner'>
            <div class='titlewrapper' style='background: transparent'>
              <h1 class='title' style='background: transparent; border-width: 0px'>
                <b:include name='title'/>
              </h1>
            </div>
            <b:include name='description'/>
          </div>
        </b:if>
    <b:else/>
      <!--Show the image only-->
      <div id='header-inner'>
        <a expr:href='data:blog.homepageUrl' style='display: block'>
          <img expr:alt='data:title' expr:height='data:height' expr:id='data:widget.instanceId + &quot;_headerimg&quot;' expr:src='data:sourceUrl' expr:width='data:width' style='display: block'/>
        </a>
        <!--Show the description-->
        <b:if cond='data:imagePlacement == &quot;BEFORE_DESCRIPTION&quot;'>
          <b:include name='description'/>
        </b:if>
      </div>
    </b:if>
  <b:else/>
    <!--No header image -->
    <div id='header-inner'>
      <div class='titlewrapper'>
        <h1 class='title'>
          <b:include name='title'/>
        </h1>
      </div>
      <b:include name='description'/>
    </div>
  </b:if>
</b:includable>
    <b:includable id='description'>
  <div class='descriptionwrapper'>
    <p class='description'><span><data:description/></span></p>
  </div>
</b:includable>
    <b:includable id='title'>
  <b:if cond='data:blog.url == data:blog.homepageUrl'>
    <data:title/>
  <b:else/>
    <a expr:href='data:blog.homepageUrl'><data:title/></a>
  </b:if>
</b:includable>
  </b:widget>
</b:section></div>
  </div>
  <div class='grid_4'>
    <div class='block clearfix' id='block-search-form'>
      <form action='/search' class='form-type-textfield' method='get'>
<input class='form-text' id='q' name='q' onblur='if(this.value==&apos;&apos;)this.value=this.defaultValue;' onfocus='if(this.value==this.defaultValue)this.value=&apos;&apos;' type='text' value='Search movies, actors, critics'/>
<div class='form-actions'><button class='form-submit' tabindex='2' type='submit'/> </div>
</form>
    </div>
  </div>
 

<div class='grid_8'>
    
    <div class='block clearfix' id='block_social'>
<ul class='icon-wrapper'>
          <li class='icon-lists'><a href='#'><span class='icons-facebook'/></a></li>
               <li class='icon-lists'><a href='#'><span class='icons-twitter'/></a></li>
               <li class='icon-lists'><a href='#'><span class='icons-googleplus'/></a></li>
               <li class='icon-lists'><a href='#'><span class='icons-pinterest'/></a></li>
               <li class='icon-lists'><a href='#'><span class='icons-rss-feed'/></a></li>
               <li class='icon-lists'><a href='#'><span class='icons-linked'/></a></li>
               <li class='icon-lists'><a href='#'><span class='icons-vimeo'/></a></li>
               <li class='icon-lists'><a href='#'><span class='icons-instagram'/></a></li>
               <li class='icon-lists'><a href='#'><span class='icons-dribbble'/></a></li>
               <li class='icon-lists'><a href='#'><span class='icons-flickr'/></a></li>
               <li class='icon-lists'><a href='#'><span class='icons-stumbleupon'/></a></li>
               <li class='icon-lists'><a href='#'><span class='icons-youtube'/></a></li>
    
     </ul>
    </div>
  </div>

</header>
<!-- end header -->
<div class='container_12' id='main_menu'>
  <nav>
      <!-- main menu in header -->
    <ul class='grid_12 sf-menu' id='superfish_menu'>
      <li class='active'><a href='#'>Home</a></li>
      <li><a href='#'>Movies</a>
     
      </li>
      <li><a href='#'>Features</a>
        
      </li>
      <li><a href='#'>Trailers</a>
       
      </li>
      <li><a href='#'>Photos</a>
      
      </li>
      <li><a href='#'>Review</a></li>
      <li><a href='#'>Blog</a>
        
      </li>
      <li><a href='#'>Contacts</a></li>
    </ul>
    <!-- end main menu --> 
  </nav>
</div>

 <div id='outer-wrapper'><div id='wrap2'>
    <div id='content-wrapper'>
<div id='sidebar-narrow' style='width:100%;max-width:160px;float:left;'>

        <b:section class='sidebar5' id='sidebar-lab' preferred='yes'>
          <b:widget id='Label7' locked='false' title='Labels' type='Label'>
            <b:includable id='main'>
  <b:if cond='data:title'>
    <h2><data:title/></h2>
  </b:if>
  <div expr:class='&quot;widget-content &quot; + data:display + &quot;-label-widget-content&quot;'>
    <b:if cond='data:display == &quot;list&quot;'>
      <ul>
      <b:loop values='data:labels' var='label'>
        <li>
          <b:if cond='data:blog.url == data:label.url'>
            <span expr:dir='data:blog.languageDirection'><data:label.name/></span>
          <b:else/>
            <a expr:dir='data:blog.languageDirection' expr:href='data:label.url'><data:label.name/></a>
          </b:if>
          <b:if cond='data:showFreqNumbers'>
            <span dir='ltr'>(<data:label.count/>)</span>
          </b:if>
        </li>
      </b:loop>
      </ul>
    <b:else/>
      <b:loop values='data:labels' var='label'>
        <span expr:class='&quot;label-size label-size-&quot; + data:label.cssSize'>
          <b:if cond='data:blog.url == data:label.url'>
            <span expr:dir='data:blog.languageDirection'><data:label.name/></span>
          <b:else/>
            <a expr:dir='data:blog.languageDirection' expr:href='data:label.url'><data:label.name/></a>
          </b:if>
          <b:if cond='data:showFreqNumbers'>
            <span class='label-count' dir='ltr'>(<data:label.count/>)</span>
          </b:if>
        </span>
      </b:loop>
    </b:if>
    <b:include name='quickedit'/>
  </div>
</b:includable>
          </b:widget>
          <b:widget id='HTML23' locked='false' title='Sponsor' type='HTML'>
            <b:includable id='main'>
  <!-- only display title if it's non-empty -->
  <b:if cond='data:title != &quot;&quot;'>
    <h2 class='title'><data:title/></h2>
  </b:if>
  <div class='widget-content'>
    <data:content/>
  </div>

  <b:include name='quickedit'/>
</b:includable>
          </b:widget>
        </b:section></div>



       <div id='main-wrapper'>
         
        <b:section class='main' id='main' showaddelement='yes'>
          <b:widget id='HTML2' locked='false' title='' type='HTML'>
            <b:includable id='main'>
  <!-- only display title if it's non-empty -->
  <b:if cond='data:title != &quot;&quot;'>
    <h2 class='title'><data:title/></h2>
  </b:if>
  <div class='widget-content'>
    <data:content/>
  </div>

  <b:include name='quickedit'/>
</b:includable>
          </b:widget>
          <b:widget id='Blog1' locked='true' title='Blog Posts' type='Blog'>
            <b:includable id='main' var='top'>
  <!-- posts -->
  <div class='blog-posts hfeed'>

    <b:include data='top' name='status-message'/>

    <data:defaultAdStart/>
    <b:loop values='data:posts' var='post'>
      <b:if cond='data:post.dateHeader'>
      </b:if>
      <b:include data='post' name='post'/>
      <b:if cond='data:blog.pageType == &quot;static_page&quot;'>
        <b:include data='post' name='comments'/>
      </b:if>
      <b:if cond='data:blog.pageType == &quot;item&quot;'>
        <b:include data='post' name='comments'/>
      </b:if>
      <b:if cond='data:post.includeAd'>
        <b:if cond='data:post.isFirstPost'>
          <data:defaultAdEnd/>
        <b:else/>
          <data:adEnd/>
        </b:if>
        <div class='inline-ad'>
          <data:adCode/>
        </div>
        <data:adStart/>
      </b:if>
      <b:if cond='data:post.trackLatency'>
        <data:post.latencyJs/>
      </b:if>
    </b:loop>
    <data:adEnd/>
  </div>

  <!-- navigation -->
  <b:include name='nextprev'/>


  <!-- feed links -->
  <b:include name='feedLinks'/>
  
  <b:if cond='data:top.showStars'>
    <script src='http://www.google.com/jsapi' type='text/javascript'/>
    <script type='text/javascript'>
      google.load(&quot;annotations&quot;, &quot;1&quot;, {&quot;locale&quot;: &quot;<data:top.languageCode/>&quot;});
      function initialize() {
        google.annotations.setApplicationId(<data:top.blogspotReviews/>);
        google.annotations.createAll();
        google.annotations.fetch();
      }
      google.setOnLoadCallback(initialize);
    </script>
  </b:if>
</b:includable>
            <b:includable id='backlinkDeleteIcon' var='backlink'>
  <span expr:class='&quot;item-control &quot; + data:backlink.adminClass'>
    <a expr:href='data:backlink.deleteUrl' expr:title='data:top.deleteBacklinkMsg'>
      <img src='http://www.blogger.com/img/icon_delete13.gif'/>
    </a>
  </span>
</b:includable>
            <b:includable id='backlinks' var='post'>
  <a name='links'/><h4><data:post.backlinksLabel/></h4>
  <b:if cond='data:post.numBacklinks != 0'>
    <dl class='comments-block' id='comments-block'>
      <b:loop values='data:post.backlinks' var='backlink'>
        <div class='collapsed-backlink backlink-control'>
          <dt class='comment-title'>
            <span class='backlink-toggle-zippy'>&#160;</span>
            <a expr:href='data:backlink.url' rel='nofollow'><data:backlink.title/></a>
            <b:include data='backlink' name='backlinkDeleteIcon'/>
          </dt>
          <dd class='comment-body collapseable'>
            <data:backlink.snippet/>
          </dd>
          <dd class='comment-footer collapseable'>
            <span class='comment-author'><data:post.authorLabel/> <data:backlink.author/></span>
            <span class='comment-timestamp'><data:post.timestampLabel/> <data:backlink.timestamp/></span>
          </dd>
        </div>
      </b:loop>
    </dl>
  </b:if>
  <p class='comment-footer'>
    <a class='comment-link' expr:href='data:post.createLinkUrl' expr:id='data:widget.instanceId + &quot;_backlinks-create-link&quot;' target='_blank'><data:post.createLinkLabel/></a>
  </p>
</b:includable>
            <b:includable id='comment-form' var='post'>
  <div class='comment-form'>
    <a name='comment-form'/>
    <h4 id='comment-post-message'><data:postCommentMsg/></h4>
    <p><data:blogCommentMessage/></p>
    <data:blogTeamBlogMessage/>
    <a expr:href='data:post.commentFormIframeSrc' id='comment-editor-src'/>
    <iframe allowtransparency='true' class='blogger-iframe-colorize blogger-comment-from-post' frameborder='0' height='410' id='comment-editor' name='comment-editor' src='' width='100%'/>
    <data:post.friendConnectJs/>
    <data:post.cmtfpIframe/>
    <script type='text/javascript'>
      BLOG_CMT_createIframe(&#39;<data:post.appRpcRelayPath/>&#39;, &#39;<data:post.communityId/>&#39;);
    </script>
  </div>
</b:includable>
            <b:includable id='comment-form-js' var='post'>
  <data:post.friendConnectJs/>
  <data:post.cmtfpIframe/>
  <script type='text/javascript'>
    BLOG_CMT_createIframe(&#39;<data:post.appRpcRelayPath/>&#39;, &#39;<data:post.communityId/>&#39;);
  </script>
</b:includable>
            <b:includable id='commentDeleteIcon' var='comment'>
  <span expr:class='&quot;item-control &quot; + data:comment.adminClass'>
    <a expr:href='data:comment.deleteUrl' expr:title='data:top.deleteCommentMsg'>
      <img src='http://www.blogger.com/img/icon_delete13.gif'/>
    </a>
  </span>
</b:includable>
            <b:includable id='comment_count_picker' var='post'>
  <b:if cond='data:post.forceIframeComments'>
    <span class='cmt_count_iframe_holder' expr:data-count='data:post.numComments' expr:data-onclick='data:post.addCommentOnclick' expr:data-url='data:post.canonicalUrl'>
    </span>
  <b:else/>
    <b:if cond='data:post.commentSource == 1'>
      <span class='cmt_count_iframe_holder' expr:data-count='data:post.numComments' expr:data-onclick='data:post.addCommentOnclick' expr:data-url='data:post.canonicalUrl'>
      </span>
    <b:else/>
      <a class='comment-link' expr:href='data:post.addCommentUrl' expr:onclick='data:post.addCommentOnclick'>
        <data:post.commentLabelFull/>:
      </a>
    </b:if>
  </b:if>
</b:includable>
            <b:includable id='comment_picker' var='post'>
  <b:if cond='data:post.forceIframeComments'>
    <b:include data='post' name='iframe_comments'/>
    <b:if cond='data:post.showThreadedComments'>
      <b:include data='post' name='threaded_comments'/>
    <b:else/>
      <b:include data='post' name='comments'/>
    </b:if>
  <b:else/>
    <b:if cond='data:post.commentSource == 1'>
      <b:include data='post' name='iframe_comments'/>
    <b:else/>
      <b:if cond='data:post.showThreadedComments'>
        <b:include data='post' name='threaded_comments'/>
      <b:else/>
        <b:include data='post' name='comments'/>
      </b:if>
    </b:if>
  </b:if>
</b:includable>
            <b:includable id='comments' var='post'>
<div class='comments' id='comments'>
  <a name='comments'/>
  <b:if cond='data:post.allowComments'>
  <h4>
  <b:if cond='data:post.numComments &gt; 0'>
<a href='#comment-form' style='float:right; margin-right:5px;'>+ <data:commentLabelPlural/> +</a>
  <b:if cond='data:post.numComments == 1'>
  <span id='cm_total'>1</span> <data:commentLabelPlural/> 
  <b:else/>
  <span id='cm_total'><data:post.numComments/></span> <data:commentLabelPlural/>
  </b:if>
  </b:if>
  </h4>
  
  <div id='cm_reply_css'/>
  
  <div class='cm_pagenavi' id='cm_page'/>
  
  <div id='cm_block'>
  <b:loop values='data:post.comments' var='comment'>
  <b:if cond='data:comment.isDeleted'>
  <b:else/>
  
  <div expr:id='data:comment.anchorName'>
  <div class='cm_wrap'>
  <a expr:name='data:comment.anchorName'/> 
  <div class='cm_head'>
  <div class='cm_avatar'>
  <b:if cond='data:blog.enabledCommentProfileImages'>
  <data:comment.authorAvatarImage/>
  </b:if> 
  </div>
  <div class='cm_reply'>
  <a expr:href='&quot;https://www.blogger.com/comment.g?blogID=981587371775371044&amp;postID=&quot; + data:post.id + &quot;&amp;isPopup=true&amp;postBody=%40%3C%61%20%68%72%65%66%3D%22%23&quot; + data:comment.anchorName + &quot;%22%3E&quot; + data:comment.author + &quot;%3C%2F%61%3E#form&quot;' onclick='javascript:window.open(this.href, &quot;bloggerPopup&quot;, &quot;toolbar=0,location=0,statusbar=1,menubar=0,scrollbars=yes,width=600,height=500&quot;); return false;'>Reply</a>
  </div>
  </div>
  <b:if cond='data:comment.author == data:post.author'>
  <dd class='cm_entry'>
 <span class='cm_arrow'/>
  <div class='cm_info_a'>
  <div class='cm_name_a'>
  <b:if cond='data:comment.authorUrl'>
  <img height='20px' src='http://3.bp.blogspot.com/-6Gojb1HMD_E/T6Z2eASl_jI/AAAAAAAABBQ/gtG7c-vY6j0/s1600/admin.png' title='Admin' width='20px'/>
  <a expr:href='data:comment.authorUrl' rel='nofollow' target='_blank'>
  <data:comment.author/>
  </a>
  <b:else/>
  <b><data:comment.author/></b>
  </b:if>
  </div>
  <div class='cm_date_a'>
  <data:comment.timestamp/>
  <b:include data='comment' name='commentDeleteIcon'/>
  </div>
  <div class='clear'/> 
  </div>
  
  <div class='comment-body-author'>
  <p><data:comment.body/></p>
  </div>
  </dd>
  <b:else/>
  <dd class='cm_entry'>
  <span class='cm_arrow'/>
  <div class='cm_info'>
  <div class='cm_name'>
  <b:if cond='data:comment.authorUrl'>
  <a expr:href='data:comment.authorUrl' rel='nofollow' target='_blank'>
  <data:comment.author/>
  </a>
  <b:else/>
  <b><data:comment.author/></b>
  </b:if>
  </div>
  <div class='cm_date'>
  <data:comment.timestamp/>
  <b:include data='comment' name='commentDeleteIcon'/>
  </div>
  <div class='clear'/> 
  </div>

 <p><data:comment.body/></p>
  </dd>
  </b:if>
  </div>
  </div>
  </b:if> 
  </b:loop>
  </div>
 <div class='cm_pagenavi' id='cm_page_copy'/>
  
  <b:if cond='data:post.embedCommentForm'>
  <b:if cond='data:post.allowNewComments'>
  <b:include data='post' name='comment-form'/>
  <b:else/>
  <data:post.noNewCommentsText/>
  </b:if>
  <b:else/>
  <b:if cond='data:post.allowComments'>
  <a expr:href='data:post.addCommentUrl' expr:onclick='data:post.addCommentOnclick'><data:postCommentMsg/></a>
  </b:if>
  </b:if>
 </b:if>
  </div>
</b:includable>
            <b:includable id='feedLinks'>
  <b:if cond='data:blog.pageType != &quot;item&quot;'> <!-- Blog feed links -->
    <b:if cond='data:feedLinks'>
      <div class='blog-feeds'>
        <b:include data='feedLinks' name='feedLinksBody'/>
      </div>
    </b:if>

    <b:else/> <!--Post feed links -->
    <div class='post-feeds'>
      <b:loop values='data:posts' var='post'>
        <b:if cond='data:post.allowComments'>
          <b:if cond='data:post.feedLinks'>
            <b:include data='post.feedLinks' name='feedLinksBody'/>
          </b:if>
        </b:if>
      </b:loop>
    </div>
  </b:if>
</b:includable>
            <b:includable id='feedLinksBody' var='links'>
</b:includable>
            <b:includable id='iframe_comments' var='post'>

  <b:if cond='data:post.allowIframeComments'>
    <script expr:src='data:post.iframeCommentSrc' type='text/javascript'/>
    <div class='cmt_iframe_holder'/>

    <b:if cond='data:post.embedCommentForm == &quot;false&quot;'>
      <a expr:href='data:post.addCommentUrl' expr:onclick='data:post.addCommentOnclick'><data:postCommentMsg/></a>
    </b:if>
  </b:if>
</b:includable>
            <b:includable id='mobile-index-post' var='post'>
  <b:if cond='data:post.dateHeader'>
    <div class='mobile-index-date'>
      <div class='date-header'>
        <span><data:post.dateHeader/></span>
      </div>
    </div>
  </b:if>
  <div class='mobile-post-outer'>
    <div class='mobile-index-title-outer'>
      <h3 class='mobile-index-title entry-title'>
        <a href='javascript:void(0)'><data:post.title/></a>
      </h3>
    </div>

    <div>
      <div class='mobile-index-arrow'>
        <a href='javascript:void(0)'>&amp;rsaquo;</a>
      </div>

      <div class='mobile-post-contents'>
        <b:if cond='data:post.thumbnailUrl'>
          <div class='mobile-index-thumbnail'>
            <div class='Image'>
              <img expr:src='data:post.thumbnailUrl'/>
            </div>
          </div>
        </b:if>

        <div class='post-body'>
          <b:if cond='data:post.snippet'><data:post.snippet/></b:if>
        </div>
      </div>
      <div style='clear: both;'/>
    </div>

    <div class='mobile-index-comment'>
      <b:if cond='data:blog.pageType != &quot;item&quot;'>
        <b:if cond='data:blog.pageType != &quot;static_page&quot;'>
          <b:if cond='data:post.allowComments'>
            <b:if cond='data:post.numComments != 0'>
              <a class='comment-link' expr:href='data:post.addCommentUrl' expr:onclick='data:post.addCommentOnclick'><b:if cond='data:post.numComments == 1'>1 <data:top.commentLabel/><b:else/><data:post.numComments/> <data:top.commentLabelPlural/></b:if></a>
            </b:if>
          </b:if>
        </b:if>
      </b:if>
    </div>
  </div>
</b:includable>
            <b:includable id='mobile-main' var='top'>
    <!-- posts -->
    <div class='blog-posts hfeed'>

      <b:include data='top' name='status-message'/>

      <b:if cond='data:blog.pageType == &quot;index&quot;'>
        <b:loop values='data:posts' var='post'>
          <b:include data='post' name='mobile-index-post'/>
        </b:loop>
      <b:else/>
        <b:loop values='data:posts' var='post'>
          <b:include data='post' name='mobile-post'/>
        </b:loop>
      </b:if>
    </div>

   <b:include name='mobile-nextprev'/>
</b:includable>
            <b:includable id='mobile-nextprev'>
  <div class='blog-pager' id='blog-pager'>
    <b:if cond='data:newerPageUrl'>
      <div class='mobile-link-button' id='blog-pager-newer-link'>
      <a class='blog-pager-newer-link' expr:href='data:newerPageUrl' expr:id='data:widget.instanceId + &quot;_blog-pager-newer-link&quot;' expr:title='data:newerPageTitle'>&amp;lsaquo;</a>
      </div>
    </b:if>

    <b:if cond='data:olderPageUrl'>
      <div class='mobile-link-button' id='blog-pager-older-link'>
      <a class='blog-pager-older-link' expr:href='data:olderPageUrl' expr:id='data:widget.instanceId + &quot;_blog-pager-older-link&quot;' expr:title='data:olderPageTitle'>&amp;rsaquo;</a>
      </div>
    </b:if>

    <div class='mobile-link-button' id='blog-pager-home-link'>
    <a class='home-link' expr:href='data:blog.homepageUrl'><data:homeMsg/></a>
    </div>

    <div class='mobile-desktop-link'>
      <a class='home-link' expr:href='data:desktopLinkUrl'><data:desktopLinkMsg/></a>
    </div>

  </div>
  <div class='clear'/>
</b:includable>
            <b:includable id='mobile-post' var='post'>
  <div class='date-outer'>
    <b:if cond='data:post.dateHeader'>
      <h2 class='date-header'><span><data:post.dateHeader/></span></h2>
    </b:if>
    <div class='date-posts'>
      <div class='post-outer'>

        <div class='post bar hentry uncustomized-post-template'>
          <a expr:name='data:post.id'/>
          <b:if cond='data:post.title'>
            <h3 class='post-title entry-title' itemprop='name'>
              <b:if cond='data:post.link'>
                <a expr:href='data:post.link'><data:post.title/></a>
              <b:else/>
                <b:if cond='data:post.url'>
                  <b:if cond='data:blog.url != data:post.url'>
                    <a expr:href='data:post.url'><data:post.title/></a>
                  <b:else/>
                    <data:post.title/>
                  </b:if>
                <b:else/>
                  <data:post.title/>
                </b:if>
              </b:if>
            </h3>
          </b:if>

          <div class='post-header'>
            <div class='post-header-line-1'/>
          </div>

          <div class='post-body entry-content' expr:id='&quot;post-body-&quot; + data:post.id' itemprop='articleBody'>
            <data:post.body/>
            <div style='clear: both;'/> <!-- clear for photos floats -->
          </div>

          <div class='post-footer'>
            <div class='post-footer-line post-footer-line-1'>
              <span class='post-author vcard'>
                <b:if cond='data:top.showAuthor'>
                  <b:if cond='data:post.authorProfileUrl'>
                    <span class='fn'>
                      <a expr:href='data:post.authorProfileUrl' itemprop='author' rel='author' title='author profile'>
                        <data:post.author/>
                      </a>
                    </span>
                  <b:else/>
                    <span class='fn'><data:post.author/></span>
                  </b:if>
                </b:if>
              </span>

              <span class='post-timestamp'>
                <b:if cond='data:top.showTimestamp'>
                  <data:top.timestampLabel/>
                  <b:if cond='data:post.url'>
                    <a class='timestamp-link' expr:href='data:post.url' itemprop='url' rel='bookmark' title='permanent link'><abbr class='published' expr:title='data:post.timestampISO8601' itemprop='datePublished'><data:post.timestamp/></abbr></a>
                  </b:if>
                </b:if>
              </span>

              <span class='post-comment-link'>
                <b:if cond='data:blog.pageType != &quot;item&quot;'>
                  <b:if cond='data:blog.pageType != &quot;static_page&quot;'>
                    <b:if cond='data:post.allowComments'>
                      <a class='comment-link' expr:href='data:post.addCommentUrl' expr:onclick='data:post.addCommentOnclick'><b:if cond='data:post.numComments == 1'>1 <data:top.commentLabel/><b:else/><data:post.numComments/> <data:top.commentLabelPlural/></b:if></a>
                    </b:if>
                  </b:if>
                </b:if>
              </span>
            </div>

            <div class='post-footer-line post-footer-line-2'>
              <b:if cond='data:top.showMobileShare'>
                <div class='mobile-link-button goog-inline-block' id='mobile-share-button'>
                  <a href='javascript:void(0);'><data:shareMsg/></a>
                </div>
              </b:if>
              <b:if cond='data:top.showDummy'>
                <div class='goog-inline-block dummy-container'><data:post.dummyTag/></div>
              </b:if>
            </div>

          </div>
        </div>

        <b:if cond='data:blog.pageType == &quot;static_page&quot;'>
          <b:if cond='data:post.showThreadedComments'>
            <b:include data='post' name='threaded_comments'/>
          <b:else/>
            <b:include data='post' name='comments'/>
          </b:if>
        </b:if>
        <b:if cond='data:blog.pageType == &quot;item&quot;'>
          <b:if cond='data:post.showThreadedComments'>
            <b:include data='post' name='threaded_comments'/>
          <b:else/>
            <b:include data='post' name='comments'/>
          </b:if>
        </b:if>
      </div>
    </div>
  </div>
</b:includable>
            <b:includable id='nextprev'>
  <div class='blog-pager' id='blog-pager'>
    <b:if cond='data:newerPageUrl'>
      <span id='blog-pager-newer-link'>
      <a class='blog-pager-newer-link' expr:href='data:newerPageUrl' expr:id='data:widget.instanceId + &quot;_blog-pager-newer-link&quot;' title='Previous Product'>&#171; Prev Movie</a>
      </span>
    </b:if>

    <b:if cond='data:olderPageUrl'>
      <span id='blog-pager-older-link'>
      <a class='blog-pager-older-link' expr:href='data:olderPageUrl' expr:id='data:widget.instanceId + &quot;_blog-pager-older-link&quot;' title='Next Product'>Next Movie &#187;</a>
      </span>
    </b:if>
<span id='home-link'>
    <a class='home-link' expr:href='data:blog.homepageUrl'><data:homeMsg/></a>
</span>
    <b:if cond='data:mobileLinkUrl'>
      <div class='blog-mobile-link'>
        <a expr:href='data:mobileLinkUrl'><data:mobileLinkMsg/></a>
      </div>
    </b:if>
  </div>
  <div class='clear'/>
</b:includable>
            <b:includable id='post' var='post'>
  <div class='post bar hentry'>
<b:if cond='data:blog.homepageUrl == data:blog.url'>
<b:else/>
<b:if cond='data:blog.pageType == &quot;item&quot;'>


  <div style='background:#ffffff;border:1px solid #DDDDDD;border-radius: 2px 2px 2px 2px;border-top: 1px solid #DDDDDD;font-size: 100%; font-weight:blod;height: 16px;margin-bottom: 10px;overflow: hidden;padding: 8px;'>
<a expr:href='data:blog.homepageUrl'>Home</a> &#187;
<b:if cond='data:post.labels'><b:loop values='data:post.labels' var='label'>
<a expr:href='data:label.url' rel='tag'><data:label.name/></a>
<b:if cond='data:label.isLast != &quot;true&quot;'> , </b:if>
</b:loop>
  </b:if> &#187; <data:post.title/>
  </div>
</b:if>
</b:if>
    <b:if cond='data:blog.pageType != &quot;item&quot;'>
<b:if cond='data:post.title'>
      <h2 class='post-title entry-title'>
     <b:if cond='data:post.link'>
       <a expr:href='data:post.link'><data:post.title/></a>
     <b:else/>
        <b:if cond='data:post.url'>
          <a expr:href='data:post.url'><data:post.title/></a>
        <b:else/>
          <data:post.title/>
        </b:if>
     </b:if>
      </h2>
</b:if>
<b:else/>
      <h1 class='post-title entry-title'>
     <b:if cond='data:post.link'>
       <a expr:href='data:post.link'><data:post.title/></a>
     <b:else/>
        <b:if cond='data:post.url'>
          <a expr:href='data:post.url'><data:post.title/></a>
        <b:else/>
          <data:post.title/>
        </b:if>
     </b:if>
      </h1>
</b:if>
<b:if cond='data:blog.pageType != &quot;static_page&quot;'>
<div class='postmeta'>
		
</div>
</b:if>

    <div class='post-header-line-1'/>
    <div class='post-body entry-content'>
<b:if cond='data:blog.pageType != &quot;static_page&quot;'>
<b:if cond='data:blog.pageType != &quot;item&quot;'>
<div expr:id='&quot;summary&quot; + data:post.id'><data:post.body/></div>
<script type='text/javascript'>
masSummaryAndThumb(&quot;summary<data:post.id/>&quot;,&quot;<data:post.url/>&quot;);
</script>
<div class='readmorecontent'><a expr:href='data:post.url'>Read more &#187;</a></div>
</b:if>
<div style='float:left;margin:10px 0'>
<div expr:id='&quot;labels_&quot; + data:post.id' style='display: none; visibility: hidden;'>
<b:if cond='data:post.labels'>
<b:loop values='data:post.labels' var='label'>
<data:label.name/>,</b:loop></b:if></div>
</div>
</b:if>
<b:if cond='data:blog.pageType == &quot;item&quot;'><data:post.body/></b:if>
<b:if cond='data:blog.pageType == &quot;static_page&quot;'><data:post.body/></b:if>
      <div style='clear: both;'/> <!-- clear for photos floats -->
    </div> 

<b:if cond='data:blog.pageType == &quot;item&quot;'>
<div style='padding:10px 0;margin:5px 0px 8px 0px;width:100%;float:left;height:20px;border-bottom:1px solid #dddfe2;'>
<div style='float:right;padding-right:10px;'>
<div class='addthis_toolbox addthis_default_style '>
<a class='addthis_button_facebook_like' fb:like:layout='button_count'/>
<a class='addthis_button_tweet'/>
<a class='addthis_button_google_plusone' g:plusone:size='medium'/>
<a class='addthis_counter addthis_pill_style'/>
</div>
<script src='http://s7.addthis.com/js/250/addthis_widget.js#pubid=4rifin' type='text/javascript'/></div>
<div style='float:right;padding:0px 10px 0px 0px;font:14px PT Sans Narrow;color:#333;'>
<strong>Share this article</strong> : 
</div>
</div>
</b:if>
<b:if cond='data:blog.pageType == &quot;item&quot;'>
<div id='related-posts'>
<b:loop values='data:post.labels' var='label'>
<b:if cond='data:label.isLast != &quot;true&quot;'>
</b:if>
<b:if cond='data:blog.pageType == &quot;item&quot;'>
<script expr:src='&quot;/feeds/posts/default/-/&quot; + data:label.name + &quot;?alt=json-in-script&amp;callback=related_results_labels_thumbs&amp;max-results=12&quot;' type='text/javascript'/></b:if></b:loop>
<script type='text/javascript'>
var currentposturl=&quot;<data:post.url/>&quot;;
var maxresults=8;
var relatedpoststitle=&quot;<b>Related movie you might like to see :</b>&quot;;
removeRelatedDuplicates_thumbs();
printRelatedLabels_thumbs();
</script>
</div><div class='clear'/>
</b:if>
    <div class='post-footer'><span class='post-labels'>
        <b:if cond='data:post.labels'>
          <data:postLabelsLabel/>
          <b:loop values='data:post.labels' var='label'>
            <a expr:href='data:label.url' rel='tag'><data:label.name/></a><b:if cond='data:label.isLast != &quot;true&quot;'>,</b:if>
          </b:loop>
        </b:if>
      </span>
      </div>
  </div>
</b:includable>
            <b:includable id='postQuickEdit' var='post'>
  <b:if cond='data:post.editUrl'>
    <span expr:class='&quot;item-control &quot; + data:post.adminClass'>
      <a expr:href='data:post.editUrl' expr:title='data:top.editPostMsg'>
        <img alt='' class='icon-action' height='18' src='http://www.blogger.com/img/icon18_edit_allbkg.gif' width='18'/>
      </a>
    </span>
  </b:if>
</b:includable>
            <b:includable id='shareButtons' var='post'>
  <b:if cond='data:top.showEmailButton'><a class='goog-inline-block share-button sb-email' expr:href='data:post.sharePostUrl + &quot;&amp;target=email&quot;' expr:title='data:top.emailThisMsg' target='_blank'><span class='share-button-link-text'><data:top.emailThisMsg/></span></a></b:if><b:if cond='data:top.showBlogThisButton'><a class='goog-inline-block share-button sb-blog' expr:href='data:post.sharePostUrl + &quot;&amp;target=blog&quot;' expr:onclick='&quot;window.open(this.href, \&quot;_blank\&quot;, \&quot;height=270,width=475\&quot;); return false;&quot;' expr:title='data:top.blogThisMsg' target='_blank'><span class='share-button-link-text'><data:top.blogThisMsg/></span></a></b:if><b:if cond='data:top.showTwitterButton'><a class='goog-inline-block share-button sb-twitter' expr:href='data:post.sharePostUrl + &quot;&amp;target=twitter&quot;' expr:title='data:top.shareToTwitterMsg' target='_blank'><span class='share-button-link-text'><data:top.shareToTwitterMsg/></span></a></b:if><b:if cond='data:top.showFacebookButton'><a class='goog-inline-block share-button sb-facebook' expr:href='data:post.sharePostUrl + &quot;&amp;target=facebook&quot;' expr:onclick='&quot;window.open(this.href, \&quot;_blank\&quot;, \&quot;height=430,width=620\&quot;); return false;&quot;' expr:title='data:top.shareToFacebookMsg' target='_blank'><span class='share-button-link-text'><data:top.shareToFacebookMsg/></span></a></b:if><b:if cond='data:top.showOrkutButton'><a class='goog-inline-block share-button sb-orkut' expr:href='data:post.sharePostUrl + &quot;&amp;target=orkut&quot;' expr:title='data:top.shareToOrkutMsg' target='_blank'><span class='share-button-link-text'><data:top.shareToOrkutMsg/></span></a></b:if><b:if cond='data:top.showDummy'><div class='goog-inline-block dummy-container'><data:post.dummyTag/></div></b:if>
</b:includable>
            <b:includable id='status-message'>
  <b:if cond='data:navMessage'>
  <div class='status-msg-wrap'>
    <div class='status-msg-body'>
      <data:navMessage/>
    </div>
    <div class='status-msg-border'>
      <div class='status-msg-bg'>
        <div class='status-msg-hidden'><data:navMessage/></div>
      </div>
    </div>
  </div>
  <div style='clear: both;'/>
  </b:if>
</b:includable>
            <b:includable id='threaded-comment-form' var='post'>
  <div class='comment-form'>
    <a name='comment-form'/>
    <b:if cond='data:mobile'>
      <p><data:blogCommentMessage/></p>
      <data:blogTeamBlogMessage/>
      <a expr:href='data:post.commentFormIframeSrc' id='comment-editor-src'/>
      <iframe allowtransparency='true' class='blogger-iframe-colorize blogger-comment-from-post' frameborder='0' height='410' id='comment-editor' name='comment-editor' src='' style='display: none' width='100%'/>
    <b:else/>
      <p><data:blogCommentMessage/></p>
      <data:blogTeamBlogMessage/>
      <a expr:href='data:post.commentFormIframeSrc' id='comment-editor-src'/>
      <iframe allowtransparency='true' class='blogger-iframe-colorize blogger-comment-from-post' frameborder='0' height='410' id='comment-editor' name='comment-editor' src='' width='100%'/>
    </b:if>
    <data:post.friendConnectJs/>
    <data:post.cmtfpIframe/>
    <script type='text/javascript'>
      BLOG_CMT_createIframe(&#39;<data:post.appRpcRelayPath/>&#39;, &#39;<data:post.communityId/>&#39;);
    </script>
  </div>
</b:includable>
            <b:includable id='threaded_comment_js' var='post'>
  <script defer='defer' expr:src='data:post.commentSrc' type='text/javascript'/>

<script type='text/javascript'>
(function() {
var items = <data:post.commentJso/>;
var msgs = <data:post.commentMsgs/>;
var config = <data:post.commentConfig/>;
 
// <![CDATA[
var cursor = null;
if (items && items.length > 0) {
cursor = parseInt(items[items.length - 1].timestamp) + 1;
}
 
var bodyFromEntry = function(entry) {
if (entry.gd$extendedProperty) {
for (var k in entry.gd$extendedProperty) {
if (entry.gd$extendedProperty[k].name == 'blogger.contentRemoved') {
return '<span class="deleted-comment">' + entry.content.$t + '</span>';
}
}
}
return entry.content.$t;
}
 
var parse = function(data) {
cursor = null;
var comments = [];
if (data && data.feed && data.feed.entry) {
for (var i = 0, entry; entry = data.feed.entry[i]; i++) {
var comment = {};
// comment ID, parsed out of the original id format
var id = /blog-(\d+).post-(\d+)/.exec(entry.id.$t);
comment.id = id ? id[2] : null;
comment.body = bodyFromEntry(entry);
comment.timestamp = Date.parse(entry.published.$t) + '';
if (entry.author && entry.author.constructor === Array) {
var auth = entry.author[0];
if (auth) {
comment.author = {
name: (auth.name ? auth.name.$t : undefined),
profileUrl: (auth.uri ? auth.uri.$t : undefined),
avatarUrl: (auth.gd$image ? auth.gd$image.src : undefined)
};
}
}
if (entry.link) {
if (entry.link[2]) {
comment.link = comment.permalink = entry.link[2].href;
}
if (entry.link[3]) {
var pid = /.*comments\/default\/(\d+)\?.*/.exec(entry.link[3].href);
if (pid && pid[1]) {
comment.parentId = pid[1];
}
}
}
comment.deleteclass = 'item-control blog-admin';
if (entry.gd$extendedProperty) {
for (var k in entry.gd$extendedProperty) {
if (entry.gd$extendedProperty[k].name == 'blogger.itemClass') {
comment.deleteclass += ' ' + entry.gd$extendedProperty[k].value;
}
}
}
comments.push(comment);
}
}
return comments;
};
 
var paginator = function(callback) {
if (hasMore()) {
var url = config.feed + '?alt=json&v=2&orderby=published&reverse=false&max-results=50';
if (cursor) {
url += '&published-min=' + new Date(cursor).toISOString();
}
window.bloggercomments = function(data) {
var parsed = parse(data);
cursor = parsed.length < 50 ? null
: parseInt(parsed[parsed.length - 1].timestamp) + 1
callback(parsed);
window.bloggercomments = null;
}
url += '&callback=bloggercomments';
var script = document.createElement('script');
script.type = 'text/javascript';
script.src = url;
document.getElementsByTagName('head')[0].appendChild(script);
}
};
var hasMore = function() {
return !!cursor;
};
var getMeta = function(key, comment) {
if ('iswriter' == key) {
var matches = !!comment.author
&& comment.author.name == config.authorName
&& comment.author.profileUrl == config.authorUrl;
return matches ? 'true' : '';
} else if ('deletelink' == key) {
return config.baseUri + '/delete-comment.g?blogID='
+ config.blogId + '&postID=' + comment.id;
} else if ('deleteclass' == key) {
return comment.deleteclass;
}
return '';
};
 
var replybox = null;
var replyUrlParts = null;
var replyParent = undefined;
 
var onReply = function(commentId, domId) {
if (replybox == null) {
// lazily cache replybox, and adjust to suit this style:
replybox = document.getElementById('comment-editor');
if (replybox != null) {
replybox.height = '250px';
replybox.style.display = 'block';
replyUrlParts = replybox.src.split('#');
}
}
if (replybox && (commentId !== replyParent)) {
document.getElementById(domId).insertBefore(replybox, null);
replybox.src = replyUrlParts[0]
+ (commentId ? '&parentID=' + commentId : '')
+ '#' + replyUrlParts[1];
replyParent = commentId;
}
};
 
var hash = (window.location.hash || '#').substring(1);
var startThread, targetComment;
if (/^comment-form_/.test(hash)) {
startThread = hash.substring('comment-form_'.length);
} else if (/^c[0-9]+$/.test(hash)) {
targetComment = hash.substring(1);
}
 
// Configure commenting API:
var configJso = {
'maxDepth': config.maxThreadDepth
};
var provider = {
'id': config.postId,
'data': items,
'loadNext': paginator,
'hasMore': hasMore,
'getMeta': getMeta,
'onReply': onReply,
'rendered': true,
'initComment': targetComment,
'initReplyThread': startThread,
'config': configJso,
'messages': msgs
};
 
var render = function() {
if (window.goog && window.goog.comments) {
var holder = document.getElementById('comment-holder');
window.goog.comments.render(holder, provider);
}
};
 
// render now, or queue to render when library loads:
if (window.goog && window.goog.comments) {
render();
} else {
window.goog = window.goog || {};
window.goog.comments = window.goog.comments || {};
window.goog.comments.loadQueue = window.goog.comments.loadQueue || [];
window.goog.comments.loadQueue.push(render);
}
})();
// ]]>
</script>
</b:includable>
            <b:includable id='threaded_comments' var='post'>
  <div class='comments' id='comments'>
    <a name='comments'/>
    <h4><data:post.commentLabelFull/>:</h4>

    <div class='comments-content'>
      <b:if cond='data:post.embedCommentForm'>
        <b:include data='post' name='threaded_comment_js'/>
      </b:if>
      <div id='comment-holder'>
         <data:post.commentHtml/>
      </div>
    </div>

    <p class='comment-footer'>
      <b:if cond='data:post.allowNewComments'>
        <b:include data='post' name='threaded-comment-form'/>
      <b:else/>
        <data:post.noNewCommentsText/>
      </b:if>
    </p>

    <b:if cond='data:showCmtPopup'>
      <div id='comment-popup'>
        <iframe allowtransparency='true' frameborder='0' id='comment-actions' name='comment-actions' scrolling='no'>
        </iframe>
      </div>
    </b:if>

    <div id='backlinks-container'>
    <div expr:id='data:widget.instanceId + &quot;_backlinks-container&quot;'>
       <b:if cond='data:post.showBacklinks'>
         <b:include data='post' name='backlinks'/>
       </b:if>
    </div>
    </div>
  </div>
</b:includable>
          </b:widget>
        </b:section>
<b:if cond='data:blog.url == data:blog.homepageUrl'>
<!--Page Navigation Starts-->
<script type='text/javascript'>
var pageCount=8;
var displayPageNum=6;
var upPageWord =&#39;Previous&#39;;
var downPageWord =&#39;Next&#39;;
</script>
<script type='text/javascript'>
//<![CDATA[
function showpageCount(n){var h=home_page_url;var f=new Array();var m=1;var c=1;var q=0;var s=0;var d=0;var e="";var a="";var o="";for(var l=0,k;k=n.feed.entry[l];l++){var r=k.published.$t.substring(0,19)+k.published.$t.substring(23,29);timestamp=encodeURIComponent(r);var t=k.title.$t;if(t!=""){if(q==0||(q%pageCount==(pageCount-1))){if(h.indexOf(timestamp)!=-1){m=c}if(t!=""){c++}f[f.length]="/search?updated-max="+timestamp+"&max-results="+pageCount}}q++}for(var g=0;g<f.length;g++){if(g>=(m-displayPageNum-1)&&g<(m+displayPageNum)){if(s==0&&g==m-2){if(m==2){a='<span class="showpage"><a href="/">'+upPageWord+"</a></span>"}else{a='<span class="showpage"><a href="'+f[g]+'">'+upPageWord+"</a></span>"}s++}if(g==(m-1)){e+='<span class="showpagePoint">'+m+"</span>"}else{if(g==0){e+='<span class="showpageNum"><a href="/">1</a></span>'}else{e+='<span class="showpageNum"><a href="'+f[g]+'">'+(g+1)+"</a></span>"}}if(d==0&&g==m){o='<span class="showpage"> <a href="'+f[g]+'">'+downPageWord+"</a></span>";d++}}}if(m>1){e=""+a+" "+e+" "}e='<div class="showpageArea"><span style="COLOR: #333333;" class="showpageOf">Pages ('+(c-1)+")</span>"+e;if(m<(c-1)){e+=o}if(c==1){c++}e+="</div>";var b=document.getElementsByName("pageArea");var j=document.getElementById("blog-pager");if(c<=2){e=""}for(var g=0;g<b.length;g++){b[g].innerHTML=e}if(b&&b.length>0){e=""}if(j){j.innerHTML=e}}function showpageCount2(r){var l=home_page_url;var k=new Array();var g=l.indexOf("/search/label/")!=-1;var d=g?l.substr(l.indexOf("/search/label/")+14,l.length):"";d=d.indexOf("?")!=-1?d.substr(0,d.indexOf("?")):d;var q=1;var e=1;var t=0;var v=0;var f=0;var h="";var a="";var s="";var c='<span class="showpageNum"><a href="/search/label/'+d+"?&max-results="+pageCount+'">';var l=home_page_url;for(var o=0,n;n=r.feed.entry[o];o++){var u=n.published.$t.substring(0,19)+n.published.$t.substring(23,29);timestamp=encodeURIComponent(u);var w=n.title.$t;if(w!=""){if(t==0||(t%pageCount==(pageCount-1))){if(l.indexOf(timestamp)!=-1){q=e}if(w!=""){e++}k[k.length]="/search/label/"+d+"?updated-max="+timestamp+"&max-results="+pageCount}}t++}for(var j=0;j<k.length;j++){if(j>=(q-displayPageNum-1)&&j<(q+displayPageNum)){if(v==0&&j==q-2){if(q==2){a=c+upPageWord+"</a></span>"}else{a='<span class="showpage"><a href="'+k[j]+'">'+upPageWord+"</a></span>"}v++}if(j==(q-1)){h+='<span class="showpagePoint">'+q+"</span>"}else{if(j==0){h=c+"1</a></span>"}else{h+='<span class="showpageNum"><a href="'+k[j]+'">'+(j+1)+"</a></span>"}}if(f==0&&j==q){s='<span class="showpage"> <a href="'+k[j]+'">'+downPageWord+"</a></span>";f++}}}if(q>1){if(!g){h=""+a+" "+h+" "}else{h=""+a+" "+h+" "}}h='<div class="showpageArea"><span style="COLOR: #333333;" class="showpageOf">Pages ('+(e-1)+")</span>"+h;if(q<(e-1)){h+=s}if(e==1){e++}h+="</div>";var b=document.getElementsByName("pageArea");var m=document.getElementById("blog-pager");if(e<=2){h=""}for(var j=0;j<b.length;j++){b[j].innerHTML=h}if(b&&b.length>0){h=""}if(m){m.innerHTML=h}}var home_page_url=location.href;var thisUrl=home_page_url;if(thisUrl.indexOf("/search/label/")!=-1){if(thisUrl.indexOf("?updated-max")!=-1){var lblname1=thisUrl.substring(thisUrl.indexOf("/search/label/")+14,thisUrl.indexOf("?updated-max"))}else{var lblname1=thisUrl.substring(thisUrl.indexOf("/search/label/")+14,thisUrl.indexOf("?&max"))}}var home_page="/";if(thisUrl.indexOf("?q=")==-1){if(thisUrl.indexOf("/search/label/")==-1){document.write('<script src="'+home_page+'feeds/posts/summary?alt=json-in-script&callback=showpageCount&max-results=99999" ><\/script>')}else{document.write('<script src="'+home_page+"feeds/posts/full/-/"+lblname1+'?alt=json-in-script&callback=showpageCount2&max-results=99999" ><\/script>')}};
//]]>
</script>
<!--Page Navigation Ends -->

</b:if> 
      </div>






      
      <div id='sidebar-wrapper'>
        <b:section class='sidebar' id='sidebar' preferred='yes'>
          <b:widget id='HTML1' locked='false' title='' type='HTML'>
            <b:includable id='main'>
  <!-- only display title if it's non-empty -->
  <b:if cond='data:title != &quot;&quot;'>
    <h2 class='title'><data:title/></h2>
  </b:if>
  <div class='widget-content'>
    <data:content/>
  </div>

  <b:include name='quickedit'/>
</b:includable>
          </b:widget>
          <b:widget id='HTML4' locked='false' title='Post of the week' type='HTML'>
            <b:includable id='main'>
  <!-- only display title if it's non-empty -->
  <b:if cond='data:title != &quot;&quot;'>
    <h2 class='title'><data:title/></h2>
  </b:if>
  <div class='widget-content'>
    <data:content/>
  </div>

  <b:include name='quickedit'/>
</b:includable>
          </b:widget>
          <b:widget id='HTML3' locked='false' title='Find us on facebook' type='HTML'>
            <b:includable id='main'>
  <!-- only display title if it's non-empty -->
  <b:if cond='data:title != &quot;&quot;'>
    <h2 class='title'><data:title/></h2>
  </b:if>
  <div class='widget-content'>
    <data:content/>
  </div>

  <b:include name='quickedit'/>
</b:includable>
          </b:widget>
          <b:widget id='HTML5' locked='false' title='Partners' type='HTML'>
            <b:includable id='main'>
  <!-- only display title if it's non-empty -->
  <b:if cond='data:title != &quot;&quot;'>
    <h2 class='title'><data:title/></h2>
  </b:if>
  <div class='widget-content'>
    <data:content/>
  </div>

  <b:include name='quickedit'/>
</b:includable>
          </b:widget>
        </b:section>
          
      
      </div>
      <!-- spacer for skins that want sidebar and main to be the same height-->
      <div class='clear'>&#160;</div>

    </div> <!-- end content-wrapper -->
  </div></div> <!-- end outer-wrapper -->
<!-- footer -->
<footer class='container_12' id='footer'>
  <div class='grid_9'>
    
    <div class='block clearfix' id='block_copyright'>
      <p> 2013 MovieScope. All rights reserved. Design By - <a href='http://www.soratemplates.com/'>Soratemplates</a> Published..<a href='http://gooyaabitemplates.com/' title='Blogger Templates'>Gooyaabi Templates</a> </p>
    </div>
  </div>
  
</footer>
<!-- end footer -->

<script type='text/javascript'>
//<![CDATA[
<!--
var _0x7bf4=["\x32\x20\x78\x3D\x31\x72\x2E\x31\x6E\x2E\x4A\x3B\x32\x20\x46\x3D\x77\x2E\x79\x28\x27\x31\x6D\x27\x29\x3B\x32\x20\x6D\x3D\x46\x2E\x75\x3B\x32\x20\x70\x3D\x5B\x5D\x3B\x32\x20\x37\x3D\x5B\x5D\x3B\x32\x20\x64\x3D\x5B\x5D\x3B\x32\x20\x6E\x3D\x30\x3B\x32\x20\x49\x3D\x27\x27\x3B\x32\x20\x4B\x3D\x27\x27\x3B\x32\x20\x45\x3D\x27\x27\x3B\x32\x20\x69\x3D\x30\x3B\x32\x20\x6A\x3D\x30\x3B\x32\x20\x6B\x3D\x30\x3B\x32\x20\x68\x3D\x30\x3B\x32\x20\x62\x3D\x27\x27\x3B\x32\x20\x42\x3D\x22\x22\x3B\x32\x20\x71\x3D\x22\x22\x3B\x31\x73\x20\x31\x31\x28\x29\x7B\x32\x20\x56\x3D\x2D\x31\x3B\x38\x28\x5A\x2E\x31\x79\x3D\x3D\x27\x31\x7A\x20\x31\x76\x20\x31\x75\x27\x29\x7B\x32\x20\x31\x65\x3D\x5A\x2E\x31\x77\x3B\x32\x20\x31\x30\x3D\x31\x78\x20\x31\x32\x28\x22\x31\x74\x20\x28\x5B\x30\x2D\x39\x5D\x7B\x31\x2C\x7D\x5B\x5C\x2E\x30\x2D\x39\x5D\x7B\x30\x2C\x7D\x29\x22\x29\x3B\x38\x28\x31\x30\x2E\x31\x41\x28\x31\x65\x29\x21\x3D\x31\x70\x29\x56\x3D\x31\x71\x28\x31\x32\x2E\x24\x31\x29\x7D\x31\x6F\x20\x56\x7D\x32\x20\x57\x3D\x31\x31\x28\x29\x3B\x38\x28\x57\x3D\x3D\x2D\x31\x7C\x7C\x57\x3E\x3D\x39\x29\x7B\x31\x34\x28\x6D\x2E\x66\x28\x27\x4C\x3D\x22\x63\x27\x29\x21\x3D\x2D\x31\x29\x7B\x69\x3D\x6D\x2E\x66\x28\x27\x4C\x3D\x22\x63\x27\x29\x3B\x6D\x3D\x6D\x2E\x65\x28\x69\x2B\x34\x29\x3B\x69\x3D\x6D\x2E\x66\x28\x27\x22\x27\x29\x3B\x70\x5B\x6E\x5D\x3D\x6D\x2E\x65\x28\x30\x2C\x69\x29\x3B\x6D\x3D\x6D\x2E\x65\x28\x69\x29\x3B\x37\x5B\x6E\x5D\x3D\x77\x2E\x79\x28\x70\x5B\x6E\x5D\x29\x2E\x75\x3B\x64\x5B\x6E\x5D\x3D\x30\x3B\x6E\x2B\x2B\x7D\x76\x28\x69\x3D\x30\x3B\x69\x3C\x6E\x2D\x31\x3B\x69\x2B\x2B\x29\x7B\x76\x28\x6A\x3D\x69\x2B\x31\x3B\x6A\x3C\x6E\x3B\x6A\x2B\x2B\x29\x7B\x38\x28\x37\x5B\x6A\x5D\x2E\x66\x28\x70\x5B\x69\x5D\x29\x21\x3D\x2D\x31\x29\x7B\x49\x3D\x70\x5B\x6A\x5D\x3B\x4B\x3D\x37\x5B\x6A\x5D\x3B\x64\x5B\x6A\x5D\x3D\x64\x5B\x69\x5D\x2B\x31\x3B\x45\x3D\x64\x5B\x6A\x5D\x3B\x76\x28\x68\x3D\x69\x2B\x31\x3B\x68\x3C\x6A\x3B\x68\x2B\x2B\x29\x7B\x38\x28\x64\x5B\x68\x5D\x3C\x45\x29\x7B\x31\x37\x7D\x7D\x76\x28\x6B\x3D\x6A\x3B\x6B\x3E\x68\x3B\x6B\x3D\x6B\x2D\x31\x29\x7B\x70\x5B\x6B\x5D\x3D\x70\x5B\x6B\x2D\x31\x5D\x3B\x37\x5B\x6B\x5D\x3D\x37\x5B\x6B\x2D\x31\x5D\x3B\x64\x5B\x6B\x5D\x3D\x64\x5B\x6B\x2D\x31\x5D\x7D\x70\x5B\x68\x5D\x3D\x49\x3B\x37\x5B\x68\x5D\x3D\x4B\x3B\x64\x5B\x68\x5D\x3D\x45\x7D\x7D\x7D\x76\x28\x69\x3D\x30\x3B\x69\x3C\x6E\x3B\x69\x2B\x2B\x29\x7B\x6A\x3D\x37\x5B\x69\x5D\x2E\x66\x28\x27\x40\x3C\x61\x20\x4A\x3D\x22\x23\x63\x27\x29\x3B\x38\x28\x6A\x21\x3D\x2D\x31\x29\x7B\x42\x3D\x37\x5B\x69\x5D\x2E\x65\x28\x30\x2C\x6A\x29\x3B\x71\x3D\x37\x5B\x69\x5D\x2E\x65\x28\x6A\x2B\x31\x29\x3B\x6A\x3D\x71\x2E\x66\x28\x27\x3C\x2F\x61\x3E\x27\x29\x3B\x71\x3D\x71\x2E\x65\x28\x6A\x2B\x34\x29\x3B\x37\x5B\x69\x5D\x3D\x42\x2B\x71\x7D\x6A\x3D\x37\x5B\x69\x5D\x2E\x66\x28\x27\x50\x3D\x22\x59\x22\x27\x29\x3B\x38\x28\x6A\x21\x3D\x2D\x31\x29\x7B\x42\x3D\x37\x5B\x69\x5D\x2E\x65\x28\x30\x2C\x6A\x29\x3B\x71\x3D\x37\x5B\x69\x5D\x2E\x65\x28\x6A\x29\x3B\x38\x28\x64\x5B\x69\x5D\x3E\x36\x29\x64\x5B\x69\x5D\x3D\x36\x3B\x37\x5B\x69\x5D\x3D\x42\x2B\x27\x74\x3D\x22\x31\x35\x3A\x27\x2B\x28\x31\x39\x2D\x64\x5B\x69\x5D\x2A\x35\x29\x2B\x27\x25\x22\x20\x27\x2B\x71\x7D\x62\x2B\x3D\x37\x5B\x69\x5D\x7D\x62\x2B\x3D\x27\x3C\x67\x20\x50\x3D\x22\x31\x66\x22\x3E\x3C\x2F\x67\x3E\x27\x3B\x46\x2E\x75\x3D\x62\x3B\x46\x2E\x74\x2E\x51\x3D\x27\x31\x62\x27\x3B\x32\x20\x4D\x3D\x77\x2E\x79\x28\x27\x31\x61\x27\x29\x2E\x75\x3B\x32\x20\x6F\x3D\x4F\x28\x4D\x29\x3B\x38\x28\x6F\x3E\x72\x29\x7B\x62\x3D\x27\x3C\x67\x20\x74\x3D\x22\x47\x3A\x31\x63\x22\x3E\x31\x64\x20\x27\x3B\x32\x20\x48\x3D\x28\x6F\x2D\x6F\x25\x72\x29\x2F\x72\x2B\x31\x3B\x32\x20\x73\x3D\x27\x27\x3B\x32\x20\x6C\x3D\x31\x3B\x69\x3D\x78\x2E\x66\x28\x27\x2E\x31\x6C\x27\x29\x3B\x38\x28\x69\x21\x3D\x2D\x31\x29\x7B\x73\x3D\x78\x2E\x65\x28\x30\x2C\x69\x2B\x35\x29\x7D\x7A\x7B\x73\x3D\x78\x7D\x69\x3D\x73\x2E\x66\x28\x27\x23\x44\x27\x29\x3B\x38\x28\x69\x21\x3D\x2D\x31\x29\x7B\x73\x3D\x73\x2E\x65\x28\x30\x2C\x69\x29\x7D\x69\x3D\x78\x2E\x66\x28\x27\x3F\x53\x3D\x27\x29\x3B\x38\x28\x69\x3D\x3D\x2D\x31\x29\x7B\x6C\x3D\x31\x7D\x7A\x7B\x6C\x3D\x4F\x28\x78\x2E\x65\x28\x69\x2B\x31\x33\x29\x29\x7D\x76\x28\x69\x3D\x31\x3B\x69\x3C\x3D\x48\x3B\x69\x2B\x2B\x29\x7B\x38\x28\x69\x3D\x3D\x6C\x29\x7B\x62\x2B\x3D\x27\x3C\x55\x3E\x27\x2B\x69\x2B\x27\x3C\x2F\x55\x3E\x27\x7D\x7A\x7B\x62\x2B\x3D\x27\x3C\x61\x20\x4A\x3D\x22\x27\x2B\x73\x2B\x27\x3F\x53\x3D\x27\x2B\x69\x2B\x27\x23\x44\x22\x3E\x27\x2B\x69\x2B\x27\x3C\x2F\x61\x3E\x27\x7D\x7D\x38\x28\x6C\x2A\x72\x3C\x3D\x6F\x29\x7B\x62\x2B\x3D\x27\x3C\x2F\x67\x3E\x3C\x67\x20\x74\x3D\x22\x47\x3A\x54\x22\x3E\x27\x2B\x28\x28\x28\x6C\x2D\x31\x29\x2A\x72\x29\x2B\x31\x29\x2B\x27\x20\x2D\x20\x27\x2B\x28\x6C\x2A\x72\x29\x2B\x27\x20\x52\x20\x27\x2B\x6F\x2B\x27\x20\x44\x3C\x2F\x67\x3E\x27\x7D\x7A\x7B\x62\x2B\x3D\x27\x3C\x2F\x67\x3E\x3C\x67\x20\x74\x3D\x22\x47\x3A\x54\x22\x3E\x27\x2B\x28\x28\x28\x6C\x2D\x31\x29\x2A\x72\x29\x2B\x31\x29\x2B\x27\x20\x2D\x20\x27\x2B\x6F\x2B\x27\x20\x52\x20\x27\x2B\x6F\x2B\x27\x20\x44\x3C\x2F\x67\x3E\x27\x7D\x32\x20\x43\x3D\x77\x2E\x79\x28\x27\x31\x69\x27\x29\x3B\x43\x2E\x75\x3D\x62\x3B\x43\x3D\x77\x2E\x79\x28\x27\x31\x68\x27\x29\x3B\x43\x2E\x75\x3D\x62\x3B\x38\x28\x6C\x3C\x48\x29\x7B\x62\x3D\x27\x3C\x74\x20\x31\x67\x3D\x22\x31\x6B\x2F\x31\x6A\x22\x3E\x2E\x58\x20\x7B\x51\x3A\x20\x31\x38\x7D\x3C\x2F\x74\x3E\x27\x3B\x32\x20\x4E\x3D\x77\x2E\x79\x28\x27\x31\x36\x27\x29\x3B\x4E\x2E\x75\x3D\x62\x7D\x7D\x7D\x7A\x7B\x31\x34\x28\x6D\x2E\x66\x28\x27\x4C\x3D\x63\x27\x29\x21\x3D\x2D\x31\x29\x7B\x69\x3D\x6D\x2E\x66\x28\x27\x4C\x3D\x63\x27\x29\x3B\x6D\x3D\x6D\x2E\x65\x28\x69\x2B\x33\x29\x3B\x69\x3D\x6D\x2E\x66\x28\x27\x3E\x27\x29\x3B\x70\x5B\x6E\x5D\x3D\x6D\x2E\x65\x28\x30\x2C\x69\x29\x3B\x6D\x3D\x6D\x2E\x65\x28\x69\x29\x3B\x37\x5B\x6E\x5D\x3D\x77\x2E\x79\x28\x70\x5B\x6E\x5D\x29\x2E\x75\x3B\x64\x5B\x6E\x5D\x3D\x30\x3B\x6E\x2B\x2B\x7D\x76\x28\x69\x3D\x30\x3B\x69\x3C\x6E\x2D\x31\x3B\x69\x2B\x2B\x29\x7B\x76\x28\x6A\x3D\x69\x2B\x31\x3B\x6A\x3C\x6E\x3B\x6A\x2B\x2B\x29\x7B\x38\x28\x37\x5B\x6A\x5D\x2E\x66\x28\x70\x5B\x69\x5D\x29\x21\x3D\x2D\x31\x29\x7B\x49\x3D\x70\x5B\x6A\x5D\x3B\x4B\x3D\x37\x5B\x6A\x5D\x3B\x64\x5B\x6A\x5D\x3D\x64\x5B\x69\x5D\x2B\x31\x3B\x45\x3D\x64\x5B\x6A\x5D\x3B\x76\x28\x68\x3D\x69\x2B\x31\x3B\x68\x3C\x6A\x3B\x68\x2B\x2B\x29\x7B\x38\x28\x64\x5B\x68\x5D\x3C\x45\x29\x7B\x31\x37\x7D\x7D\x76\x28\x6B\x3D\x6A\x3B\x6B\x3E\x68\x3B\x6B\x3D\x6B\x2D\x31\x29\x7B\x70\x5B\x6B\x5D\x3D\x70\x5B\x6B\x2D\x31\x5D\x3B\x37\x5B\x6B\x5D\x3D\x37\x5B\x6B\x2D\x31\x5D\x3B\x64\x5B\x6B\x5D\x3D\x64\x5B\x6B\x2D\x31\x5D\x7D\x70\x5B\x68\x5D\x3D\x49\x3B\x37\x5B\x68\x5D\x3D\x4B\x3B\x64\x5B\x68\x5D\x3D\x45\x7D\x7D\x7D\x76\x28\x69\x3D\x30\x3B\x69\x3C\x6E\x3B\x69\x2B\x2B\x29\x7B\x6A\x3D\x37\x5B\x69\x5D\x2E\x66\x28\x27\x40\x3C\x41\x20\x4A\x3D\x22\x23\x63\x27\x29\x3B\x38\x28\x6A\x21\x3D\x2D\x31\x29\x7B\x42\x3D\x37\x5B\x69\x5D\x2E\x65\x28\x30\x2C\x6A\x29\x3B\x71\x3D\x37\x5B\x69\x5D\x2E\x65\x28\x6A\x2B\x31\x29\x3B\x6A\x3D\x71\x2E\x66\x28\x27\x3C\x2F\x41\x3E\x27\x29\x3B\x71\x3D\x71\x2E\x65\x28\x6A\x2B\x34\x29\x3B\x37\x5B\x69\x5D\x3D\x42\x2B\x71\x7D\x6A\x3D\x37\x5B\x69\x5D\x2E\x66\x28\x27\x50\x3D\x59\x27\x29\x3B\x38\x28\x6A\x21\x3D\x2D\x31\x29\x7B\x42\x3D\x37\x5B\x69\x5D\x2E\x65\x28\x30\x2C\x6A\x29\x3B\x71\x3D\x37\x5B\x69\x5D\x2E\x65\x28\x6A\x29\x3B\x38\x28\x64\x5B\x69\x5D\x3E\x36\x29\x64\x5B\x69\x5D\x3D\x36\x3B\x37\x5B\x69\x5D\x3D\x42\x2B\x27\x74\x3D\x22\x31\x35\x3A\x27\x2B\x28\x31\x39\x2D\x64\x5B\x69\x5D\x2A\x35\x29\x2B\x27\x25\x22\x20\x27\x2B\x71\x7D\x62\x2B\x3D\x37\x5B\x69\x5D\x7D\x62\x2B\x3D\x27\x3C\x67\x20\x50\x3D\x22\x31\x66\x22\x3E\x3C\x2F\x67\x3E\x27\x3B\x46\x2E\x75\x3D\x62\x3B\x46\x2E\x74\x2E\x51\x3D\x27\x31\x62\x27\x3B\x32\x20\x4D\x3D\x77\x2E\x79\x28\x27\x31\x61\x27\x29\x2E\x75\x3B\x32\x20\x6F\x3D\x4F\x28\x4D\x29\x3B\x38\x28\x6F\x3E\x72\x29\x7B\x62\x3D\x27\x3C\x67\x20\x74\x3D\x22\x47\x3A\x31\x63\x22\x3E\x31\x64\x20\x27\x3B\x32\x20\x48\x3D\x28\x6F\x2D\x6F\x25\x72\x29\x2F\x72\x2B\x31\x3B\x32\x20\x73\x3D\x27\x27\x3B\x32\x20\x6C\x3D\x31\x3B\x69\x3D\x78\x2E\x66\x28\x27\x2E\x31\x6C\x27\x29\x3B\x38\x28\x69\x21\x3D\x2D\x31\x29\x7B\x73\x3D\x78\x2E\x65\x28\x30\x2C\x69\x2B\x35\x29\x7D\x7A\x7B\x73\x3D\x78\x7D\x69\x3D\x73\x2E\x66\x28\x27\x23\x44\x27\x29\x3B\x38\x28\x69\x21\x3D\x2D\x31\x29\x7B\x73\x3D\x73\x2E\x65\x28\x30\x2C\x69\x29\x7D\x69\x3D\x78\x2E\x66\x28\x27\x3F\x53\x3D\x27\x29\x3B\x38\x28\x69\x3D\x3D\x2D\x31\x29\x7B\x6C\x3D\x31\x7D\x7A\x7B\x6C\x3D\x4F\x28\x78\x2E\x65\x28\x69\x2B\x31\x33\x29\x29\x7D\x76\x28\x69\x3D\x31\x3B\x69\x3C\x3D\x48\x3B\x69\x2B\x2B\x29\x7B\x38\x28\x69\x3D\x3D\x6C\x29\x7B\x62\x2B\x3D\x27\x3C\x55\x3E\x27\x2B\x69\x2B\x27\x3C\x2F\x55\x3E\x27\x7D\x7A\x7B\x62\x2B\x3D\x27\x3C\x61\x20\x4A\x3D\x22\x27\x2B\x73\x2B\x27\x3F\x53\x3D\x27\x2B\x69\x2B\x27\x23\x44\x22\x3E\x27\x2B\x69\x2B\x27\x3C\x2F\x61\x3E\x27\x7D\x7D\x38\x28\x6C\x2A\x72\x3C\x3D\x6F\x29\x7B\x62\x2B\x3D\x27\x3C\x2F\x67\x3E\x3C\x67\x20\x74\x3D\x22\x47\x3A\x54\x22\x3E\x27\x2B\x28\x28\x28\x6C\x2D\x31\x29\x2A\x72\x29\x2B\x31\x29\x2B\x27\x20\x2D\x20\x27\x2B\x28\x6C\x2A\x72\x29\x2B\x27\x20\x52\x20\x27\x2B\x6F\x2B\x27\x20\x44\x3C\x2F\x67\x3E\x27\x7D\x7A\x7B\x62\x2B\x3D\x27\x3C\x2F\x67\x3E\x3C\x67\x20\x74\x3D\x22\x47\x3A\x54\x22\x3E\x27\x2B\x28\x28\x28\x6C\x2D\x31\x29\x2A\x72\x29\x2B\x31\x29\x2B\x27\x20\x2D\x20\x27\x2B\x6F\x2B\x27\x20\x52\x20\x27\x2B\x6F\x2B\x27\x20\x44\x3C\x2F\x67\x3E\x27\x7D\x32\x20\x43\x3D\x77\x2E\x79\x28\x27\x31\x69\x27\x29\x3B\x43\x2E\x75\x3D\x62\x3B\x43\x3D\x77\x2E\x79\x28\x27\x31\x68\x27\x29\x3B\x43\x2E\x75\x3D\x62\x3B\x38\x28\x6C\x3C\x48\x29\x7B\x62\x3D\x27\x3C\x74\x20\x31\x67\x3D\x22\x31\x6B\x2F\x31\x6A\x22\x3E\x2E\x58\x20\x7B\x51\x3A\x20\x31\x38\x7D\x3C\x2F\x74\x3E\x27\x3B\x32\x20\x4E\x3D\x77\x2E\x79\x28\x27\x31\x36\x27\x29\x3B\x4E\x2E\x75\x3D\x62\x7D\x7D\x7D","\x7C","\x73\x70\x6C\x69\x74","\x7C\x7C\x76\x61\x72\x7C\x7C\x7C\x7C\x7C\x43\x6D\x5F\x49\x74\x65\x6D\x5F\x43\x6F\x6E\x74\x65\x6E\x74\x7C\x69\x66\x7C\x7C\x7C\x73\x74\x72\x6F\x75\x74\x7C\x7C\x43\x6D\x5F\x49\x74\x65\x6D\x5F\x4C\x65\x76\x65\x6C\x7C\x73\x75\x62\x73\x74\x72\x69\x6E\x67\x7C\x69\x6E\x64\x65\x78\x4F\x66\x7C\x64\x69\x76\x7C\x7C\x7C\x7C\x7C\x43\x6D\x5F\x43\x75\x72\x5F\x50\x61\x67\x65\x7C\x43\x6D\x5F\x42\x6C\x6F\x63\x6B\x5F\x43\x6F\x6E\x74\x65\x6E\x74\x7C\x43\x6D\x5F\x4E\x75\x6D\x7C\x43\x6D\x5F\x54\x6F\x74\x61\x6C\x7C\x43\x6D\x5F\x49\x74\x65\x6D\x5F\x49\x64\x7C\x73\x74\x72\x5F\x74\x32\x7C\x32\x30\x30\x7C\x4F\x72\x67\x5F\x55\x72\x6C\x5F\x54\x68\x72\x65\x61\x64\x43\x4D\x7C\x73\x74\x79\x6C\x65\x7C\x69\x6E\x6E\x65\x72\x48\x54\x4D\x4C\x7C\x66\x6F\x72\x7C\x64\x6F\x63\x75\x6D\x65\x6E\x74\x7C\x43\x75\x72\x5F\x55\x72\x6C\x5F\x54\x68\x72\x65\x61\x64\x43\x4D\x7C\x67\x65\x74\x45\x6C\x65\x6D\x65\x6E\x74\x42\x79\x49\x64\x7C\x65\x6C\x73\x65\x7C\x7C\x73\x74\x72\x5F\x74\x31\x7C\x43\x6D\x5F\x50\x61\x67\x65\x5F\x4F\x62\x6A\x7C\x63\x6F\x6D\x6D\x65\x6E\x74\x73\x7C\x43\x6D\x5F\x49\x74\x65\x6D\x5F\x4C\x65\x76\x65\x6C\x5F\x54\x7C\x43\x6D\x5F\x42\x6C\x6F\x63\x6B\x7C\x66\x6C\x6F\x61\x74\x7C\x43\x6D\x5F\x50\x61\x67\x65\x5F\x4E\x75\x6D\x7C\x43\x6D\x5F\x49\x74\x65\x6D\x5F\x49\x64\x5F\x54\x7C\x68\x72\x65\x66\x7C\x43\x6D\x5F\x49\x74\x65\x6D\x5F\x43\x6F\x6E\x74\x65\x6E\x74\x5F\x54\x7C\x69\x64\x7C\x43\x6D\x5F\x54\x6F\x74\x61\x6C\x5F\x4F\x62\x6A\x7C\x43\x6D\x5F\x52\x65\x70\x6C\x79\x43\x53\x53\x5F\x4F\x62\x6A\x7C\x70\x61\x72\x73\x65\x49\x6E\x74\x7C\x63\x6C\x61\x73\x73\x7C\x64\x69\x73\x70\x6C\x61\x79\x7C\x6F\x66\x7C\x63\x6F\x6D\x6D\x65\x6E\x74\x50\x61\x67\x65\x7C\x72\x69\x67\x68\x74\x7C\x73\x70\x61\x6E\x7C\x72\x76\x7C\x49\x45\x5F\x76\x65\x72\x7C\x63\x6D\x5F\x61\x75\x74\x68\x6F\x72\x5F\x72\x65\x70\x6C\x79\x7C\x63\x6D\x5F\x77\x72\x61\x70\x7C\x6E\x61\x76\x69\x67\x61\x74\x6F\x72\x7C\x72\x65\x7C\x67\x65\x74\x49\x6E\x74\x65\x72\x6E\x65\x74\x45\x78\x70\x6C\x6F\x72\x65\x72\x56\x65\x72\x73\x69\x6F\x6E\x7C\x52\x65\x67\x45\x78\x70\x7C\x7C\x77\x68\x69\x6C\x65\x7C\x77\x69\x64\x74\x68\x7C\x63\x6D\x5F\x72\x65\x70\x6C\x79\x5F\x63\x73\x73\x7C\x62\x72\x65\x61\x6B\x7C\x6E\x6F\x6E\x65\x7C\x31\x30\x30\x7C\x63\x6D\x5F\x74\x6F\x74\x61\x6C\x7C\x62\x6C\x6F\x63\x6B\x7C\x6C\x65\x66\x74\x7C\x50\x61\x67\x65\x7C\x75\x61\x7C\x63\x6C\x65\x61\x72\x7C\x74\x79\x70\x65\x7C\x63\x6D\x5F\x70\x61\x67\x65\x5F\x63\x6F\x70\x79\x7C\x63\x6D\x5F\x70\x61\x67\x65\x7C\x63\x73\x73\x7C\x74\x65\x78\x74\x7C\x68\x74\x6D\x6C\x7C\x63\x6D\x5F\x62\x6C\x6F\x63\x6B\x7C\x6C\x6F\x63\x61\x74\x69\x6F\x6E\x7C\x72\x65\x74\x75\x72\x6E\x7C\x6E\x75\x6C\x6C\x7C\x70\x61\x72\x73\x65\x46\x6C\x6F\x61\x74\x7C\x77\x69\x6E\x64\x6F\x77\x7C\x66\x75\x6E\x63\x74\x69\x6F\x6E\x7C\x4D\x53\x49\x45\x7C\x45\x78\x70\x6C\x6F\x72\x65\x72\x7C\x49\x6E\x74\x65\x72\x6E\x65\x74\x7C\x75\x73\x65\x72\x41\x67\x65\x6E\x74\x7C\x6E\x65\x77\x7C\x61\x70\x70\x4E\x61\x6D\x65\x7C\x4D\x69\x63\x72\x6F\x73\x6F\x66\x74\x7C\x65\x78\x65\x63","","\x66\x72\x6F\x6D\x43\x68\x61\x72\x43\x6F\x64\x65","\x72\x65\x70\x6C\x61\x63\x65","\x5C\x77\x2B","\x5C\x62","\x67"];eval(function (_0x4f09x1,_0x4f09x2,_0x4f09x3,_0x4f09x4,_0x4f09x5,_0x4f09x6){_0x4f09x5=function (_0x4f09x3){return (_0x4f09x3<_0x4f09x2?_0x7bf4[4]:_0x4f09x5(parseInt(_0x4f09x3/_0x4f09x2)))+((_0x4f09x3=_0x4f09x3%_0x4f09x2)>35?String[_0x7bf4[5]](_0x4f09x3+29):_0x4f09x3.toString(36));} ;if(!_0x7bf4[4][_0x7bf4[6]](/^/,String)){while(_0x4f09x3--){_0x4f09x6[_0x4f09x5(_0x4f09x3)]=_0x4f09x4[_0x4f09x3]||_0x4f09x5(_0x4f09x3);} ;_0x4f09x4=[function (_0x4f09x5){return _0x4f09x6[_0x4f09x5];} ];_0x4f09x5=function (){return _0x7bf4[7];} ;_0x4f09x3=1;} ;while(_0x4f09x3--){if(_0x4f09x4[_0x4f09x3]){_0x4f09x1=_0x4f09x1[_0x7bf4[6]]( new RegExp(_0x7bf4[8]+_0x4f09x5(_0x4f09x3)+_0x7bf4[8],_0x7bf4[9]),_0x4f09x4[_0x4f09x3]);} ;} ;return _0x4f09x1;} (_0x7bf4[0],62,99,_0x7bf4[3][_0x7bf4[2]](_0x7bf4[1]),0,{}));
-->
//]]>
</script>

<script type='text/javascript'>
function postpopular(img,size){
var popular = document.getElementById(img);
var enlarge = popular.innerHTML;
popular.innerHTML = enlarge.replace(/s72-c/g,&quot;s&quot;+size+&quot;&quot;);
var imagenes = popular.getElementsByTagName(&quot;img&quot;);
for(var i=0;i&lt;imagenes.length;i++){ imagenes[i].width = size; imagenes[i].height = size; }
}
postpopular(&quot;BlogList1&quot;,112);
postpopular(&quot;PopularPosts1&quot;,112);
postpopular(&quot;PopularPosts2&quot;,112);
</script>
</body>
  
</HTML>