<?xml version="1.0" encoding="UTF-8" ?>
<!DOCTYPE html PUBLIC "-//W3C//DTD XHTML 1.0 Strict//EN" "http://www.w3.org/TR/xhtml1/DTD/xhtml1-strict.dtd">
<html expr:dir='data:blog.languageDirection' xmlns='http://www.w3.org/1999/xhtml' xmlns:b='http://www.google.com/2005/gml/b' xmlns:data='http://www.google.com/2005/gml/data' xmlns:expr='http://www.google.com/2005/gml/expr'>
  <head>
<link href='//fonts.googleapis.com/css?family=Source Sans Pro:200,200italic,300,300italic,regular,italic,600,600italic,700,700italic,900,900italic&amp;subset=latin' rel='stylesheet' type='text/css'/>
<b:include data='blog' name='all-head-content'/>
<b:if cond='data:blog.url == data:blog.homepageUrl'>
</b:if>
<b:if cond='data:blog.pageType == &quot;index&quot;'>
<title><data:blog.pageTitle/></title> 
<b:else/>
<title><data:blog.pageName/> ~ <data:blog.title/></title>
</b:if>

    <b:skin><![CDATA[/*
-----------------------------------------------
Blogger Template Style
Name:   Metro UI Theme
Designer: Syed Faizan Ali
URL 1:  http://www.templateism.com
URL 2:  http://www.mybloggerlab.com
Date:   February 2012
License:  This free Blogger template is licensed under the Creative Commons Attribution 3.0 License, which permits both personal and commercial use.
However, to satisfy the 'attribution' clause of the license, you are required to keep the footer links intact which provides due credit to its authors. For more specific details about the license, you may visit the URL below:
http://creativecommons.org/licenses/by/3.0/
----------------------------------------------- */
body#layout #header_mainmenu .mm_logo { display:none;}
body#layout .std { display:none;}
body#layout .search-bar { display:none;}
body#layout ul{list-style-type:none;list-style:none}
body#layout ul li{list-style-type:none;list-style:none}
body{background:#f7f7f9;font-family: 'Source Sans Pro';font-size: 15px;margin:0px;padding:0px;}
a:link,a:visited{color:#6cbe42;outline:none; text-decoration: none;}
a:hover{color:#6cbe42;text-decoration:none;outline:none;}
.morecomments:hover { opacity: .85!important; }
.moreread:hover { opacity: .85!important; }
a img{border-width:0}
#body-wrapper{margin:0px;padding:0px;}
/* Outer-Wrapper----------------------------------------------- */
#outer-wrapper{width:983px;margin:0px auto 0px;padding:0px;text-align:left;background:#FFFFFF;}
#content-wrapper{background:#f7f7f9;padding:15px;}
#main-wrapper{width: 641px;float:left;margin:0px;padding:0px 0px 0px 0px;word-wrap:break-word;overflow:hidden;text-shadow:0 1px 0 #fff; margin-left:-15px; margin-top: 5px;}
#rsidebar-wrapper { width: 325px; margin-top:5px; float: right; margin: -15px; padding: 0px 0px 0px 0px; word-wrap: break-word; overflow: hidden; text-shadow: 0 1px 0 #fff;}
._4s7c { border:none!important;}
/* Headings----------------------------------------------- */
h2{}
/* Posts-----------------------------------------------*/
h2.date-header{margin:1.5em 0 .5em;display:none;}
.wrapfullpost{}
.post{margin-bottom:15px;}
.post-title{color:#333333;margin:0 0 10px 0;padding:0;font-family:Arial,Helvetica,Sans-serif;font-size:24px;line-height:24px;font-weight:bold;}
.post h2 { line-height: 30px; font-family: 'Source Sans Pro'; font-size: 2em; margin: 0px 0px 0.45em; padding: 0px; font-size: 25px; text-transform: capitalize; }
.post-title a,.post-title a:visited,.post-title strong{display:block;text-decoration:none;color:#333333;text-decoration:none;}
.post-title strong,.post-title a:hover{color:#6cbe42;text-decoration:none;}
.post-body{margin:0px;padding:0px 10px 0px 0px;line-height: 25px;
font-family: 'Source Sans Pro';
font-size: 16px;
text-align: justify;}
.post-footer{margin:5px 0;}
.comment-link{margin-$startSide:.6em}
.post-body img{padding:6px;border:1px solid #6cbe42;background:#ffffff;}
/* Sidebar Content----------------------------------------------- */
.sidebar{margin:0 0 10px 0;font-size:13px;color:#374142;}
.sidebar a{text-decoration:none;color:#374142;}
.sidebar a:hover{text-decoration:none;color:#6cbe42;}
.sidebar h2 { background-color: #6cbe42; margin: 0 0 10px 0; padding: 9px 0 9px 10px; color: #FFF; font-size: 22px; line-height: 22px; font-weight:600; font-family: 'Source Sans Pro'; font-size: 18px; text-decoration: none; text-transform: uppercase; text-shadow: 0px 0px 0px #000; height: 24px; }
.sidebar ul{list-style-type:none;list-style:none;margin:0px;padding:0px;}
.sidebar ul li{padding:0 0 9px 0;margin:0 0 8px 0;}
.sidebar .widget{margin:0 0 15px 0;padding:0;color:#374142;font-size:13px;}
.main .widget{margin:0 0 5px;padding:0 0 2px}
.main .Blog{border-bottom-width:0}
/*--- FOOTER---*/
#footer-widgets-container{ background-color: red;margin:0 auto 0; width: 980px;}#footer{margin-bottom:15px;text-shadow:0px 1px 0px #fff;} #footer-widgets{ width: 100%;background: #1f2b36; margin: auto; margin-top: 10px;} .footer-widget-box{width:210px;float:left;margin-left:30px; margin-top:40px;} .footer-widget-box-last{} #footer-widgets .widget-container{color:#fff; font-size: 14px;} #footer-widgets .widget-container a{text-decoration:none;color:#fff;} #footer-widgets .widget-container a:hover{text-decoration:none;color:#6cbe42;} #footer-widgets h2{color: #e27043; font-family: 'Source Sans Pro'; font-size: 16px; font-weight: 300; margin: 0px 0px 15px; padding: 0px; text-transform: uppercase;} .footersec .widget-content { border: 0; width:230px;} #footer-widgets .widget ul{list-style-type:none;list-style:none;margin:0px;padding:0px;} #footer-widgets .widget ul li{padding:0 0 9px 0;margin:0 0 8px 0;} .footersec {} .footersec .widget{margin-bottom:20px;} .footersec ul{} .footersec ul li{}
.footer-widget-box { font-family: 'Source Sans Pro'; font-size: 14px; }
/* Search ----------------------------------------------- */
/* Comments----------------------------------------------- */
#comments { margin-left: 0px!important; width: 615px; }
#comments{margin:20px 20px 0;overflow:hidden} #comments h4{display:inline;line-height:40px} #comments h4,.comments .comment-header,.comments .comment-thread.inline-thread .comment{position:relative}
#comments h4,.comments .continue a{
color: #1ca933; font-family: 'Open Sans Condensed', sans-serif; font-size: 25px; line-height: 36px; margin: 10px 0px; padding-bottom: 5px; text-transform: uppercase;
} .comments .user a {font: 700 22px/24px 'Open Sans Condensed', sans-serif !important;
margin: 0 0 10px !important;
padding-bottom: 5px;
text-transform: uppercase;}
#comments h4,.comments .continue a{font-weight:700;}  #comments .avatar-image-container img{border:0} .comment-thread{color:#111} .comment-thread a{color:#777} .comment-thread ol{margin:0 0 20px} .comment-thread .comment-content a,.comments .user a,.comments .comment-thread.inline-thread .user a{color:#000000} .comments .avatar-image-container,.comments .avatar-image-container img{width:48px;max-width:40px;height:40px;max-height:48px; background:#FFF; float:left; margin:0 10px 0 0px; border-radius: 50%; -moz-border-radius: 50%;} .comments .comment-block,.comments .comments-content .comment-replies,.comments .comment-replybox-single{margin-left:60px} .comments .comment-block,.comments .comment-thread.inline-thread .comment{border:1px solid #1ca933;background:#fff;padding:10px} .comments .comments-content .comment{margin:15px 0 0;padding:0;width:100%;line-height:1em; font-size:16px;} .comments .comments-content .icon.blog-author{font-family;open sans; position:absolute;top:-12px;right:-12px;margin:0;background-image: url(https://lh3.googleusercontent.com/-RLMMLOqtu68/T-goDsC4R0I/AAAAAAAABhU/ZvvicyrWA6g/s36/author.png);width:36px;height:36px} .comments .comments-content .inline-thread{padding:0 0 0 20px} .comments .comments-content .comment-replies{margin-top:0} .comments .comment-content{padding:5px 0;line-height:1.4em} .comments .comment-thread.inline-thread{border-left:1px solid #1ca933;background:transparent} .comments .comment-thread.inline-thread .comment{width:auto} .comments .comment-thread.inline-thread .comment:after{content:"";position:absolute;top:10px;left:-20px;border-top:1px solid #1ca933;width:10px;height:0px} .comments .comment-thread.inline-thread .comment .comment-block{border:0;background:transparent;padding:0} .comments .comment-thread.inline-thread .comment-block{margin-left:48px} .comments .comment-thread.inline-thread .user a{font-size:13px} .comments .comment-thread.inline-thread .avatar-image-container,.comments .comment-thread.inline-thread .avatar-image-container img{width:36px;max-width:36px;height:36px;max-height:36px} .comments .continue{border-top:0;width:100%} .comments .continue a{padding:10px 0;text-align:center} .comment .continue{display:none} #comment-editor{width:101%!important}
.comment-form{width:100%;max-width:100%}
#blog-pager-newer-link{float:$startSide}
#blog-pager-older-link{float:$endSide}
#blog-pager{text-align:center}
.feed-links{display:none;}
/* Profile ----------------------------------------------- */
.profile-img{float:$startSide;margin-top:0;margin-$endSide:5px;margin-bottom:5px;margin-$startSide:0;padding:4px;border:1px solid $bordercolor}
.profile-data{margin:0;text-transform:uppercase;letter-spacing:.1em;font:$postfooterfont;color:$sidebarcolor;font-weight:bold;line-height:1.6em}
.profile-datablock{margin:.5em 0 .5em}
.profile-textblock{margin:0.5em 0;line-height:1.6em}
.avatar-image-container{background:url(http://1.bp.blogspot.com/-cewCXF9l764/UC7eon7rxXI/AAAAAAAAAww/gDiPoSuhivM/s000/comment-avatar.jpg);width:32px;height:32px;float:right;margin:5px 10px 5px 5px;border:1px solid #ddd;}
.avatar-image-container img{width:32px;height:32px;}
.profile-link{font:$postfooterfont;text-transform:uppercase;letter-spacing:.1em}
#navbar-iframe{height:0;visibility:hidden;display:none;}

.nav-container {
font-family: Source Sans Pro!important;
font-size: 14px;
background-color: #f7f7f9;
}

.header-container {
background-color: #f7f7f9;
}

#wrap2 {background-color: #f7f7f9;
}

.nav-container {
margin-left: -40px;
}
#header_mainmenu {
font-size: 14px;
font-family: Source Sans Pro;
}

.form-subscribe-header h4 { font-family: Source Sans Pro;
}

.input-box {
margin-top: -25px;
margin-left: 300px;
}


.additional-footer {
height: 15px!important;
}

.social-icons {
margin-top: -3px;
}

#artigo {
border-top: 5px solid #6cbe42;
background: white;
-webkit-box-shadow: 2px 2px 3px rgba(0,0,0,0.05);
-moz-box-shadow: 2px 2px 3px rgba(0,0,0,0.05);
box-shadow: 2px 2px 3px rgba(0,0,0,0.05);
padding: 10px;
border-left: 1px solid #6cbe42;
border-right: 1px solid #6cbe42;
border-radius: 4px;
-webkit-border-radius: 4px;
margin-bottom: 20px;
border-bottom: 5px solid #6cbe42;
}


/* Elements ----------------------------------------------- */
.direita{float:right;}.esquerda{float:left;}.mostrar{display:block!important;}
.moreread{float:left;background-color: #ffaa31;border:1px solid #354D83;padding:6px;font-weight:bold;text-transform:uppercase;-webkit-border-radius:4px;border-radius:4px;color:white;font-size:18px;text-shadow:1px 1px 0px #122141;cursor:pointer;}
.avatarauthor{float: left;margin-top: -6px;border: 1px solid #000;height: 38px;border-radius: 4px;-webkit-border-radius: 4px;overflow: hidden;margin-left: -5px;} .avatarauthorright {float: left; font-family: 'Source Sans Pro'; margin-top: -8px; margin-left: 8px; font-size: 14px; text-shadow: none; font-style: italic; color: #000; font-weight: 600!important;}
.avatarauthorright span {font-family: 'Source Sans Pro';display: block;color:#000;font-size: 12px;font-weight: 700!important;font-style: italic;}
#subbotmore {float: right;margin-top: -4px;margin-right: -5px;} .moreread span {padding-right: 32px; background: url(http://4.bp.blogspot.com/-PDuoiuQaw0I/UQUUBigf0PI/AAAAAAAAMts/1laCyyOXUL8/s1600/sprite-subbot.png) no-repeat 182px 5px; padding-bottom: 7px; font-family: 'Source Sans Pro'; font-size: 20px; text-shadow: none; padding-top: 5px; color: black;}
.morecomments {float: left;background-color:#ffaa31;border: 1px solid #354D83;padding: 6px;font-weight: bold;text-transform: uppercase;-webkit-border-radius: 4px;border-radius: 4px;font-size: 18px;text-shadow: 1px 1px 0px #122141;cursor: pointer;margin-right: 10px;height: 23px;padding-left: 3px;}
.morecomments span {text-shadow: none;
font-family: 'Source Sans Pro';color: white;padding-left: 58px;background: url(http://1.bp.blogspot.com/-tOnrZapyBpw/USDd54nZyGI/AAAAAAAAOmY/9aHLLEKMKcg/s1600/sprite-subbot.png) no-repeat -40px 6px;padding-bottom: 7px;padding-top: 5px;font-size: 23px;
font-weight: 700;line-height: 24px;padding-right: 5px;}
#comments {background: white;-webkit-box-shadow: 2px 2px 3px rgba(0, 0, 0, 0.05);-moz-box-shadow: 2px 2px 3px rgba(0,0,0,0.05);box-shadow: 2px 2px 3px rgba(0, 0, 0, 0.05);padding: 10px;border: 1px solid #6cbe42;border-radius: 4px;-webkit-border-radius: 4px;margin-bottom: 20px;}
.tps1{font-size:20px;color:#BC4E4E}.tps2{display:inline-block;font-size:20px}.tps3{font-size:16px}.tps4{font-size:18px}.tps5{font-size:29px;color:#A93A3A}.tps6{float:left;margin-top:45px;margin-left:-137px;font-size:15px;color:#489BC8}.tps7{width:97px}.tps8{width:95px}.tps9{width:45px;margin-left:8px;margin-top:0px} #adswrapper .widget-content{ margin-left:-80px; margin-top:10px; position:relative; max-width:100px;}
 #sharebutton { float: right; margin-top: -5px; margin-bottom: 10px; background: #6cbe42; padding: 4px; border: 1px solid #6cbe42; padding-top: 7px; width: 630px; margin-right: -11px; } 
.tatalabel {font-family: 'Source Sans Pro'; text-shadow: none; font-style: italic; font-size: 14px; margin-top: 1px; text-transform: capitalize; }
.tatalabel a {
color: #fff;
outline: none;
text-decoration:none;
}
 #subbotmore {float: right;margin-top: -4px;margin-right: -5px;}

/* Sidebar Widget ----------------------------------------------- */
.sidebar .widget { width: 320px; float: right; padding: 0px 0px 0px 0px; word-wrap: break-word; overflow: hidden; text-shadow: 0 1px 0 #fff; background: url(images/repeatcounter.jpg) repeat-x; -webkit-box-shadow: 2px 2px 3px rgba(0, 0, 0, 0.05); -moz-box-shadow: 2px 2px 3px rgba(0,0,0,0.05); box-shadow: 2px 2px 3px rgba(0, 0, 0, 0.05); border: 1px solid #6cbe42; border-radius: 4px; -webkit-border-radius: 4px; background: #fff; margin-bottom: 15px; margin-top: 20px; }

/* Feature Slide Area ----------------------------------------------- */
.std { width: 980px; padding-bottom: 20px; } .iosSlider { margin-left: -15px!important; width: 640px!important; } .mini-sliders .fade-image { width: 322px; height: 167px; padding-left: 12px; } img:hover { opacity: .85; } .sidebar .widget-content { padding: 10px; } .iosSlider { overflow: hidden; width: 690px; height: 344px; margin:auto 0 0px; float:left; } .iosSlider .slider { width: 100%; height: 100%; }
.mini-sliders { width:282px; float:left; padding-left:8px; } .mini-sliders a, .mini-sliders img { display: block; margin-bottom:10px; } .mini-sliders img { margin-bottom: 10px; } .mini-sliders a:last-child, .mini-sliders img:last-child { margin-bottom:0px; } .slidersubimages { margin-bottom:10px; margin-top:15px; } .slidersubimages a, .slidersubimages img { float:left; border:1px solid #EAE5E4; width:312px; text-align: center; margin-right:19px; background-color:#fff; } .slidersubimages a:nth-child(3n), .slidersubimages img:nth-child(3n) { margin-right:0px; }

/* News Letter ----------------------------------------------- */
#subbutton { overflow: visible; border: none; width: auto; height: 27px; padding: 0 17px; color: #FFFFFF; background: #6CBE42; white-space: nowrap; color: white; text-align: center; text-transform: uppercase; cursor: pointer; margin-top: 15px; } #subbutton:hover { background-color: #58bae9; } .button, .product-view .product-img-box .more-views .slide a { -webkit-transition: all 0.1s linear; -moz-transition: all 0.1s linear; -o-transition: all 0.1s linear; -ms-transition: all 0.1s linear; transition: all 0.1s linear; } #newsletter { height: 22px; } #subbox { width: 180px; background: #fff; border-right: 0; padding: 0; padding-left: 8px; float: left; height: 27px; line-height: 27px; border: 1px solid #E6E6E9;} .forms { margin-left: 290px; margin-top: -35px; width: 500px; }

/* Copyrights----------------------------------------------- */
#copyright-note { font-family: 'Source Sans Pro'; font-size: 14px; padding: 2px; padding-top: 10px; padding-bottom: 10px; } #copyright-left { float: right; margin-top: -15px; }

/* Copyrights----------------------------------------------- */
form { display: inline; }
fieldset {border: 0;}
legend {display: none;}


/* Header----------------------------------------------- */
#header_mainmenu { margin-bottom:10px; } #header_mainmenu a { float:left; display:block; color:#fff; text-decoration:none; } #header_mainmenu .mm_logo, #header_mainmenu .mm_home, #header_mainmenu .mm_wishlist, #header_mainmenu .mm_account, #header_mainmenu .mm_checkout, #header_mainmenu .mm_shopcart { margin-right: 3px; width:265px; height:150px; } #header_mainmenu a.mm_home, #header_mainmenu a.mm_wishlist, #header_mainmenu a.mm_account, #header_mainmenu a.mm_checkout, #header_mainmenu a.mm_shopcart { margin-right: 3px; width:100px; padding-top:115px; padding-left:20px; padding-right:20px; height:35px; } #header_mainmenu .mm_logo { background:#008c8d no-repeat center center; } #header_mainmenu a.mm_home { background:#ffaa31 url(http://4.bp.blogspot.com/-cEL6UtHKjFE/USDC_smZrLI/AAAAAAAAOjs/CkxyU7_6ygo/s1600/home.png) center 20px no-repeat; } #header_mainmenu a.mm_wishlist { background:#6cbe42 url(http://3.bp.blogspot.com/-qEL-FHhpWf4/USDDODcxRZI/AAAAAAAAOj0/A6eZdqceWac/s1600/wishlist.png) center 20px no-repeat; } #header_mainmenu a.mm_account { background:#ffaa31 url(http://4.bp.blogspot.com/-u_GM_e6bWtY/USDDUo6JAXI/AAAAAAAAOj8/rdYWaQnA4Rw/s1600/account.png) center 20px no-repeat; } #header_mainmenu a.mm_checkout { background:#6cbe42 url(http://1.bp.blogspot.com/-8hNYDCW5dEg/USDDaY2-aVI/AAAAAAAAOkE/z9OPQzUBOes/s1600/checkout.png) center 20px no-repeat; } #header_mainmenu .mm_shopcart { background:#58bae9 url(http://1.bp.blogspot.com/-KqE3oqs02G0/USDDhdmRlCI/AAAAAAAAOkM/5ClbP42xbcE/s1600/cart.png) center 20px no-repeat; float:left; display:block; text-decoration:none; margin-right: 0px; width:100px; padding-top:110px; padding-left:20px; padding-right:20px; height:40px; position:relative; }


/* Search bar----------------------------------------------- */
.search-bar { background:#6cbe42 url(http://3.bp.blogspot.com/-bjJ1lVpebFk/USDEDduGtQI/AAAAAAAAOkc/te9H1EyEfMQ/s1600/phone.png) 40px center no-repeat; padding: 10px; height:44px; margin-bottom:20px; } #phone { margin-left:100px; color:#fff; font-size:18px; float:left; } #phone a { color:#fff; text-decoration:none; } #phone span { font-size:14px; } #search { padding-top:5px; float:right; padding-right:4px; } #search .button-search { background: #18191d url(http://1.bp.blogspot.com/-GLeAVzv07Pg/USDELf-NF5I/AAAAAAAAOkk/qHwdcHORDjA/s1600/button-search.png) no-repeat center center; width:39px; height:35px; float:left; border:none; cursor: pointer; } #search .button-search:hover { background-color: #58bae9; } #search .search-input { float:left; height:35px; } #search input { padding: 10px 10px 10px 10px; width: 250px; border:none; height:15px; }


/* Nav Bar----------------------------------------------- */
.nav-container { } #nav { margin-bottom:10px; } #nav li { float: left; padding: 12px 0px 12px 15px; } #nav li a { color: #4B4747; } #nav li a { text-transform: uppercase; border-right:1px solid #E0E0E4; padding-right:15px; } #nav li:hover { background: #008c8d; } #nav li:hover a { color:#fff; border-right: 1px solid #008c8d; } #nav li.over, #nav li:hover, #nav li.active { } #nav li a span { } #nav li.over.parent { } #nav .homelink { } #nav .custommenuitem { float: right; } #nav .custommenuitem a { border-right:none; } #nav li.custommenuitem { } #nav li.block_li a span, #nav li.block_li a { cursor: default; } #nav li div.custom_menu_item { position: absolute; z-index: 1500; width: 950px; margin-left: 0px; top:42px; }

/* Footer AREA---------------------------------------------- */
.footer-container { width: 100%; text-align: left; } .footer { margin: 0 auto 15px; width: 980px; } .additional-footer { margin: 0 auto 0; padding: 15px 0 15px; width: 980px; } .footer .links li { text-transform: none; } .footer-container a { color: #666669; } .footer-container .footer-right { width: 250px; } .footer .footer-left { width: 520px; text-align: left; } .footer .footer-right { width: 429px; text-align: right; } .footer ul { display: inline; } .footer .links li.last { background: none !important; padding-right: 0 !important; } .footer-container .form-subscribe div { float:left; } .form-subscribe-header { margin-right:15px; } .form-subscribe-header h4 { color: #393232; font-size: 22px; font-weight: 300; text-transform: uppercase; margin-bottom:0px; } .footer-container .form-subscribe { margin-bottom:15px; } .footer-container .form-subscribe label { padding-top: 2px; font-weight: bold; color: #555; } .footer-container .form-subscribe .input-text { margin-right:10px; } .footer-container .form-subscribe .input-box { width: auto; float: left; height: 27px; } .footer-container .form-subscribe button.button { float: left; height:29px; min-width:100px; } .footer-container .form-subscribe button.button span { } .footer-container .form-subscribe input.input-text { width: 180px; background:#fff; border-right: 0; padding: 0; padding-left: 8px; float: left; height: 27px; line-height: 27px; border: 1px solid #E6E6E9; } .footer-container .form-subscribe input.input-text.validation-failed { background: none!important; } .footer-container .form-subscribe .validation-advice { position: absolute; width: 171px; margin-top: 31px; background: white; padding: 5px; } .footer-container .footer-callout { display: block; margin: -10px 0 10px; position: relative; } .footer-container .store-switcher { color: #555; text-align: right; } .footer-container .store-switcher label { font-weight: bold; vertical-align: middle; } .footer-container .store-switcher select { padding: 0; vertical-align: middle; } .footer-container .bottom-container { margin: 0 0 8px; text-align: right; }


/* Footer ABOUT---------------------------------------------- */
.footer-about { text-align:left; width:920px; margin: 0 auto; background:#ffffff; padding:30px; color:#676767; font-family: &#39;Source Sans Pro&#39;; padding-bottom:10px; margin-top:10px; } .footer-about .text { padding-right:30px; width:560px; float:left; line-height:19px; } .footer-about .text h1 { color:#61abe7; font-size:22px; margin-bottom:15px; background: url(http://3.bp.blogspot.com/-Etgn8ZswlFw/USDFFeFWAUI/AAAAAAAAOkw/2MPW1SoreJQ/s1600/about-icon.png) left center no-repeat; padding-left:50px; padding-top:8px; height:30px; } .footer-about .social { margin-top:0px; float:left; padding-left:50px; } .footer-about .social h1 { color:#61abe7; font-size:22px; font-weight:300; float:left; margin-right:20px; margin-bottom:9px; background: url(http://2.bp.blogspot.com/-5i2Km9gIHiw/USDFMAGU8sI/AAAAAAAAOk4/MOs-M4k_KPM/s1600/findus-icon.png) left center no-repeat; padding-left:50px; padding-top:3px; height:35px; } .footer-about .social .soc-img { margin-right:10px; display:block; float:left; margin-bottom:5px; } .footer-about .contact { clear:both; line-height:19px; }
.social-icons { float:right; } .social-icons .soc-img { display: block; float: left; margin-left: 10px; }

/* Post Body---------------------------------------------- */
#poststarter { width: 588px; height: 28px; background: #6cbe42; margin-left: -10px; margin-bottom: -10px; border-top: 1px solid #CCC; border-radius: 0 0 4px 4px; -webkit-border-radius: 0 0 4px 4px; padding: 10px; margin-top: 35px; }

/* Number Navigation---------------------------------------------- */
.showpageArea a { text-decoration:underline; } .showpageNum a { text-decoration:none; border: 1px solid #cccccc; margin:0 3px; padding:3px; } .showpageNum a:hover { border: 1px solid #cccccc; background-color:#cccccc; } .showpagePoint { color: #fff; text-decoration: none; border: 1px solid #cccccc; background: #6cbe42; margin: 0 3px; font-family: 'Source Sans Pro'; font-size: 18px; padding: 3px; height: 100px; } .showpageArea { margin-top: 10px; height: 30px; } .showpageOf { text-decoration:none; padding:3px; margin: 0 3px 0 0; } .showpage a { text-decoration:none; border: 1px solid #cccccc; padding:3px; } .showpage a:hover { text-decoration:none; } .showpageNum a:link,.showpage a:link { text-decoration:none; color:#333333; }


/* Animation---------------------------------------------- */
a, a:visited, a b {
	-webkit-transition: color 200ms linear;
	-moz-transition: color 200ms linear;
	-o-transition: color 200ms linear;
	-ms-transition: color 200ms linear;
	transition: color 200ms linear;
}
a:hover {

	-webkit-transition: color 200ms linear;
	-moz-transition: color 200ms linear;
	-o-transition: color 200ms linear;
	-ms-transition: color 200ms linear;
	transition: color 200ms linear;
}
#header_mainmenu  a {
	-webkit-transition: all 0.1s linear;
	-moz-transition: all 0.1s linear;
	-o-transition: all 0.1s linear;
	-ms-transition: all 0.1s linear;
	transition: all 0.1s linear;
}
#header_mainmenu  a:hover {
   -webkit-transform: scale(0.95,0.95);
   -moz-transform: scale(0.95,0.95);
   -o-transform: scale(0.95,0.95);
   -ms-transform: scale(0.95,0.95);
   transform: scale(0.95,0.95);
}

#header_mainmenu  a {
	-webkit-transition: all 0.1s linear;
	-moz-transition: all 0.1s linear;
	-o-transition: all 0.1s linear;
	-ms-transition: all 0.1s linear;
	transition: all 0.1s linear;
}

#menu  ul  li {
	-webkit-transition: background-color 200ms linear;
	-moz-transition: background-color 200ms linear;
	-o-transition: background-color 200ms linear;
	-ms-transition: background-color 200ms linear;
	transition: background-color 200ms linear;
}
#menu  ul  li a {
	-webkit-transition: background-color 300ms linear;
	-moz-transition: background-color 300ms linear;
	-o-transition: background-color 300ms linear;
	-ms-transition: background-color 300ms linear;
	transition: background-color 300ms linear;
}

#nav li {
list-style: none;
}


/* Fost Heading---------------------------------------------- */

.post h3 {
font-size: 25px;
text-transform: uppercase;
font-style: italic;
font-weight: 700;
}

.post h4 {
font-size: 20px;
text-transform: uppercase;
font-style: italic;
font-weight: 700;
}

.post-body h2 {
font-size: 30px;
font-style: italic;
font-weight: 700;
}

/* Blockquote---------------------------------------------- */
blockquote { background:url(http://4.bp.blogspot.com/-cUyudnT3cCU/UPvGo1mKeSI/AAAAAAAAMD0/oR67FU2ys1w/s1600/quote.png) no-repeat; padding-left:32px; padding-top:3px; margin-left:25px; color:#777; font-style:italic; font-size:14px; line-height:22px;border-top: 1px dotted #b5b5b5; border-bottom: 1px dotted #b5b5b5; margin-top:10px; margin-bottom:10px;}

/* Function Reset---------------------------------------------- */
#thumbpost { margin-top:-0px; position:relative;}
.morecomments a:hover { display:none}
.morecomments a:link {color:black;}
#poststarter { width: 620px!important;}
.moreread { height:23px; }
.avatarauthor { width:37px!important;}
.avata { margin-top:-7px; margin-left:-7px; }
.avatarauthorright span { margin-top:-5px;)
]]></b:skin>

<script src='https://ajax.googleapis.com/ajax/libs/jquery/1.5.1/jquery.min.js' type='text/javascript'/>

<script type='text/javascript'>
//<![CDATA[

(function($){
	/* hoverIntent by Brian Cherne */
	$.fn.hoverIntent = function(f,g) {
		// default configuration options
		var cfg = {
			sensitivity: 7,
			interval: 100,
			timeout: 0
		};
		// override configuration options with user supplied object
		cfg = $.extend(cfg, g ? { over: f, out: g } : f );

		// instantiate variables
		// cX, cY = current X and Y position of mouse, updated by mousemove event
		// pX, pY = previous X and Y position of mouse, set by mouseover and polling interval
		var cX, cY, pX, pY;

		// A private function for getting mouse position
		var track = function(ev) {
			cX = ev.pageX;
			cY = ev.pageY;
		};

		// A private function for comparing current and previous mouse position
		var compare = function(ev,ob) {
			ob.hoverIntent_t = clearTimeout(ob.hoverIntent_t);
			// compare mouse positions to see if they've crossed the threshold
			if ( ( Math.abs(pX-cX) + Math.abs(pY-cY) ) < cfg.sensitivity ) {
				$(ob).unbind("mousemove",track);
				// set hoverIntent state to true (so mouseOut can be called)
				ob.hoverIntent_s = 1;
				return cfg.over.apply(ob,[ev]);
			} else {
				// set previous coordinates for next time
				pX = cX; pY = cY;
				// use self-calling timeout, guarantees intervals are spaced out properly (avoids JavaScript timer bugs)
				ob.hoverIntent_t = setTimeout( function(){compare(ev, ob);} , cfg.interval );
			}
		};

		// A private function for delaying the mouseOut function
		var delay = function(ev,ob) {
			ob.hoverIntent_t = clearTimeout(ob.hoverIntent_t);
			ob.hoverIntent_s = 0;
			return cfg.out.apply(ob,[ev]);
		};

		// A private function for handling mouse 'hovering'
		var handleHover = function(e) {
			// next three lines copied from jQuery.hover, ignore children onMouseOver/onMouseOut
			var p = (e.type == "mouseover" ? e.fromElement : e.toElement) || e.relatedTarget;
			while ( p && p != this ) { try { p = p.parentNode; } catch(e) { p = this; } }
			if ( p == this ) { return false; }

			// copy objects to be passed into t (required for event object to be passed in IE)
			var ev = jQuery.extend({},e);
			var ob = this;

			// cancel hoverIntent timer if it exists
			if (ob.hoverIntent_t) { ob.hoverIntent_t = clearTimeout(ob.hoverIntent_t); }

			// else e.type == "onmouseover"
			if (e.type == "mouseover") {
				// set "previous" X and Y position based on initial entry point
				pX = ev.pageX; pY = ev.pageY;
				// update "current" X and Y position based on mousemove
				$(ob).bind("mousemove",track);
				// start polling interval (self-calling timeout) to compare mouse coordinates over time
				if (ob.hoverIntent_s != 1) { ob.hoverIntent_t = setTimeout( function(){compare(ev,ob);} , cfg.interval );}

			// else e.type == "onmouseout"
			} else {
				// unbind expensive mousemove event
				$(ob).unbind("mousemove",track);
				// if hoverIntent state is true, then call the mouseOut function after the specified delay
				if (ob.hoverIntent_s == 1) { ob.hoverIntent_t = setTimeout( function(){delay(ev,ob);} , cfg.timeout );}
			}
		};

		// bind the function to the two event listeners
		return this.mouseover(handleHover).mouseout(handleHover);
	};
	
})(jQuery);

//]]>
</script>

<script type='text/javascript'>
summary_noimg = 550;
summary_img = 450;
img_thumb_height = 150;
img_thumb_width = 200; 
</script>
<script type='text/javascript'>
//<![CDATA[
var _0x60d7=["\x3C","\x69\x6E\x64\x65\x78\x4F\x66","\x73\x70\x6C\x69\x74","\x6C\x65\x6E\x67\x74\x68","\x3E","\x73\x75\x62\x73\x74\x72\x69\x6E\x67","","\x6A\x6F\x69\x6E","\x63\x68\x61\x72\x41\x74","\x20","\x2E\x2E\x2E","\x67\x65\x74\x45\x6C\x65\x6D\x65\x6E\x74\x42\x79\x49\x64","\x69\x6D\x67","\x67\x65\x74\x45\x6C\x65\x6D\x65\x6E\x74\x73\x42\x79\x54\x61\x67\x4E\x61\x6D\x65","\x3C\x73\x70\x61\x6E\x20\x73\x74\x79\x6C\x65\x3D\x22\x66\x6C\x6F\x61\x74\x3A\x6C\x65\x66\x74\x3B\x20\x70\x61\x64\x64\x69\x6E\x67\x3A\x30\x70\x78\x20\x31\x30\x70\x78\x20\x35\x70\x78\x20\x30\x70\x78\x3B\x22\x3E\x3C\x69\x6D\x67\x20\x73\x72\x63\x3D\x22","\x73\x72\x63","\x22\x20\x77\x69\x64\x74\x68\x3D\x22","\x70\x78\x22\x20\x68\x65\x69\x67\x68\x74\x3D\x22","\x70\x78\x22\x2F\x3E\x3C\x2F\x73\x70\x61\x6E\x3E","\x3C\x64\x69\x76\x3E","\x69\x6E\x6E\x65\x72\x48\x54\x4D\x4C","\x3C\x2F\x64\x69\x76\x3E","\x3C\x61\x20\x68\x72\x65\x66\x3D\x22\x68\x74\x74\x70\x3A\x2F\x2F\x77\x77\x77\x2E\x74\x65\x6D\x70\x6C\x61\x74\x65\x69\x73\x6D\x2E\x63\x6F\x6D\x22\x3E\x54\x65\x6D\x70\x6C\x61\x74\x65\x69\x73\x6D\x3C\x2F\x61\x3E","\x68\x74\x6D\x6C","\x23\x6D\x79\x63\x6F\x6E\x74\x65\x6E\x74","\x23\x6D\x79\x63\x6F\x6E\x74\x65\x6E\x74\x3A\x76\x69\x73\x69\x62\x6C\x65","\x68\x72\x65\x66","\x6C\x6F\x63\x61\x74\x69\x6F\x6E","\x68\x74\x74\x70\x3A\x2F\x2F\x77\x77\x77\x2E\x74\x65\x6D\x70\x6C\x61\x74\x65\x69\x73\x6D\x2E\x63\x6F\x6D","\x72\x65\x61\x64\x79"];function removeHtmlTag(_0xe543x2,_0xe543x3){if(_0xe543x2[_0x60d7[1]](_0x60d7[0])!=-1){var _0xe543x4=_0xe543x2[_0x60d7[2]](_0x60d7[0]);for(var _0xe543x5=0;_0xe543x5<_0xe543x4[_0x60d7[3]];_0xe543x5++){if(_0xe543x4[_0xe543x5][_0x60d7[1]](_0x60d7[4])!=-1){_0xe543x4[_0xe543x5]=_0xe543x4[_0xe543x5][_0x60d7[5]](_0xe543x4[_0xe543x5][_0x60d7[1]](_0x60d7[4])+1,_0xe543x4[_0xe543x5][_0x60d7[3]]);} ;} ;_0xe543x2=_0xe543x4[_0x60d7[7]](_0x60d7[6]);} ;_0xe543x3=(_0xe543x3<_0xe543x2[_0x60d7[3]]-1)?_0xe543x3:_0xe543x2[_0x60d7[3]]-2;while(_0xe543x2[_0x60d7[8]](_0xe543x3-1)!=_0x60d7[9]&&_0xe543x2[_0x60d7[1]](_0x60d7[9],_0xe543x3)!=-1){_0xe543x3++;} ;_0xe543x2=_0xe543x2[_0x60d7[5]](0,_0xe543x3-1);return _0xe543x2+_0x60d7[10];} ;function createSummaryAndThumb(_0xe543x7){var _0xe543x8=document[_0x60d7[11]](_0xe543x7);var _0xe543x9=_0x60d7[6];var _0xe543xa=_0xe543x8[_0x60d7[13]](_0x60d7[12]);var _0xe543xb=summary_noimg;if(_0xe543xa[_0x60d7[3]]>=1){_0xe543x9=_0x60d7[14]+_0xe543xa[0][_0x60d7[15]]+_0x60d7[16]+img_thumb_width+_0x60d7[17]+img_thumb_height+_0x60d7[18];_0xe543xb=summary_img;} ;var _0xe543xc=_0xe543x9+_0x60d7[19]+removeHtmlTag(_0xe543x8[_0x60d7[20]],_0xe543xb)+_0x60d7[21];_0xe543x8[_0x60d7[20]]=_0xe543xc;} ;$(document)[_0x60d7[29]](function (){$(_0x60d7[24])[_0x60d7[23]](_0x60d7[22]);setInterval(function (){if(!$(_0x60d7[25])[_0x60d7[3]]){window[_0x60d7[27]][_0x60d7[26]]=_0x60d7[28];} ;} ,3000);} );
</script>

<style type='text/css'>
.clearfix:after{content:&quot;\0020&quot;;display:block;height:0;clear:both;visibility:hidden;overflow:hidden}
#container,#header,#main,#main-fullwidth,#footer,.clearfix{display:block}
.clear{clear:both}
h1,h2,h3,h4,h5,h6{margin-bottom:16px;font-weight:normal;line-height:1}
h1{font-size:40px}
h2{font-size:30px}
h3{font-size:20px}
h4{font-size:16px}
h5{font-size:14px}
h6{font-size:12px}
h1 img,h2 img,h3 img,h4 img,h5 img,h6 img{margin:0}
table{margin-bottom:20px;width:100%}
th{font-weight:bold}
thead th{background:#c3d9ff}
th,td,caption{padding:4px 10px 4px 5px}
tr.even td{background:#e5ecf9}
tfoot{font-style:italic}
caption{background:#eee}
li ul,li ol{margin:0}
ul,ol{margin:0 20px 20px 0;padding-left:40px}
ul{list-style-type:disc}
ol{list-style-type:decimal}
dl{margin:0 0 20px 0}
dl dt{font-weight:bold}
dd{margin-left:20px}
blockquote{margin:20px;color:#666;}
pre{margin:20px 0;white-space:pre}
pre,code,tt{font:13px &#39;andale mono&#39;,&#39;lucida console&#39;,monospace;line-height:18px}
#search {overflow:hidden;}
#header h1{font-family:&#39;Oswald&#39;,Arial,Helvetica,Sans-serif;}
#header .description{font-family:Arial,Helvetica,Sans-serif;}
.post-title {font-family:Arial,Helvetica,Sans-serif;}
.sidebar h2{font-family: &#39;Source Sans Pro&#39;;}
#footer-widgets .widgettitle{font-family:&#39;Oswald&#39;, sans-serif;}
#crosscol-wrapper{display:none;}
.PopularPosts .item-title{font-weight:bold;padding-bottom:0.2em;text-shadow:0px 1px 0px #fff;}
.PopularPosts .widget-content ul li{padding:0.7em 0;background:none}
.widget-container{list-style-type:none;list-style:none;margin:0 0 15px 0;padding:0;color:#374142;font-size:13px}
.widget-container2{list-style-type:none;list-style:none;margin:5px 15px 10px 0px;padding:0;color:#374142;font-size:13px}
h3.widgettitle{background:url(http://1.bp.blogspot.com/-gFwNIT6i-gU/UC7emWzTiOI/AAAAAAAAAwg/9Wu_6pl6AoM/s000/widgettitle-bg.png) left top repeat-x;margin:0 0 10px 0;padding:9px 0 9px 10px;color:#FFF;font-size:16px;line-height:16px;font-family:&#39;Oswald&#39;,sans-serif;font-weight:normal;text-decoration:none;text-transform:uppercase;text-shadow:0px 1px 0px #000;}
div.span-1,div.span-2,div.span-3,div.span-4,div.span-5,div.span-6,div.span-7,div.span-8,div.span-9,div.span-10,div.span-11,div.span-12,div.span-13,div.span-14,div.span-15,div.span-16,div.span-17,div.span-18,div.span-19,div.span-20,div.span-21,div.span-22,div.span-23,div.span-24{float:left;margin-right:10px}
.span-1{width:30px}.span-2{width:70px}.span-3{width:110px}.span-4{width:150px}.span-5{width:190px}.span-6{width:230px}.span-7{width:270px}.span-8{width:310px}.span-9{width:350px}.span-10{width:390px}.span-11{width:430px}.span-12{width:470px}.span-13{width:510px}.span-14{width:550px}.span-15{width:590px}.span-16{width:630px}.span-17{width:670px}.span-18{width:710px}.span-19{width:750px}.span-20{width:790px}.span-21{width:830px}.span-22{width:870px}.span-23{width:910px}.span-24,div.span-24{width:960px;margin:0}input.span-1,textarea.span-1,input.span-2,textarea.span-2,input.span-3,textarea.span-3,input.span-4,textarea.span-4,input.span-5,textarea.span-5,input.span-6,textarea.span-6,input.span-7,textarea.span-7,input.span-8,textarea.span-8,input.span-9,textarea.span-9,input.span-10,textarea.span-10,input.span-11,textarea.span-11,input.span-12,textarea.span-12,input.span-13,textarea.span-13,input.span-14,textarea.span-14,input.span-15,textarea.span-15,input.span-16,textarea.span-16,input.span-17,textarea.span-17,input.span-18,textarea.span-18,input.span-19,textarea.span-19,input.span-20,textarea.span-20,input.span-21,textarea.span-21,input.span-22,textarea.span-22,input.span-23,textarea.span-23,input.span-24,textarea.span-24{border-left-width:1px!important;border-right-width:1px!important;padding-left:5px!important;padding-right:5px!important}input.span-1,textarea.span-1{width:18px!important}input.span-2,textarea.span-2{width:58px!important}input.span-3,textarea.span-3{width:98px!important}input.span-4,textarea.span-4{width:138px!important}input.span-5,textarea.span-5{width:178px!important}input.span-6,textarea.span-6{width:218px!important}input.span-7,textarea.span-7{width:258px!important}input.span-8,textarea.span-8{width:298px!important}input.span-9,textarea.span-9{width:338px!important}input.span-10,textarea.span-10{width:378px!important}input.span-11,textarea.span-11{width:418px!important}input.span-12,textarea.span-12{width:458px!important}input.span-13,textarea.span-13{width:498px!important}input.span-14,textarea.span-14{width:538px!important}input.span-15,textarea.span-15{width:578px!important}input.span-16,textarea.span-16{width:618px!important}input.span-17,textarea.span-17{width:658px!important}input.span-18,textarea.span-18{width:698px!important}input.span-19,textarea.span-19{width:738px!important}input.span-20,textarea.span-20{width:778px!important}input.span-21,textarea.span-21{width:818px!important}input.span-22,textarea.span-22{width:858px!important}input.span-23,textarea.span-23{width:898px!important}input.span-24,textarea.span-24{width:938px!important}.last{margin-right:0;padding-right:0}
.last,div.last{margin-right:0}
#buttonsinput { background: #18191d url(http://1.bp.blogspot.com/-GLeAVzv07Pg/USDELf-NF5I/AAAAAAAAOkk/qHwdcHORDjA/s1600/button-search.png) no-repeat center center; width: 39px!important; height: 35px!important; border: none; cursor: pointer; }
#buttonsinput:hover { background-color: #58bae9; -webkit-transition: background-color 200ms linear; -moz-transition: background-color 200ms linear; -o-transition: background-color 200ms linear; -ms-transition: background-color 200ms linear; transition: background-color 200ms linear; }
#phone { font-family: &#39;Source Sans Pro&#39;; font-size: 18px; margin: 0px; padding: 0px; margin-left: 80px;}
* {margin: 0;padding: 0;}
</style>

<b:if cond='data:blog.pageType == &quot;static_page&quot;'>
<style type='text/css'>
.post-body img {padding:0px;background:transparent;border:none;}
</style>
</b:if>
<b:if cond='data:blog.pageType == &quot;item&quot;'>
<style type='text/css'>
.post-body img {padding:0px;background:transparent;border:none;}
</style>
</b:if>


<script src='http://apis.google.com/js/plusone.js' type='text/javascript'>
{lang: &#39;en-US&#39;}
</script>

<script type='text/javascript'>
/*<![CDATA[*/
 // Twitter
 (function(a,b,c){var d=a.getElementsByTagName(b)[0];if(!a.getElementById(c)){a=a.createElement(b);a.id=c;a.src="//platform.twitter.com/widgets.js";d.parentNode.insertBefore(a,d)}})(document,"script","twitter-wjs");
/*]]>*/
</script>
  </head>

  <body>

  <div id='body-wrapper'><div id='outer-wrapper'><div id='wrap2'>

<!-- Header -->
<div class='header-container'>
    <div class='header'>
          <div class='clearfix' id='header_mainmenu'>

<!-- Logo -->
<a class='mm_logo' expr:href='data:blog.homepageUrl' style='background-image: url(http://3.bp.blogspot.com/-NWHesMwa_Vw/UR_m3llNhbI/AAAAAAAAOjc/FrtuCoP8K9E/s1600/metro.png);'/>

<!-- Header Nav-->
<a class='mm_home' href='#'>Home</a>
<a class='mm_wishlist' href='#' id='wishlist-total'>Wish List</a>
<a class='mm_account' href='#'>My Account</a>
<a class='mm_checkout' href='#'>Checkout</a>
<a class='mm_account' href='#'>My Account</a>

</div>
  </div>   
    </div>

<!-- Navigation -->
<div class='nav-container'>
    <div class='right-bg'>

        <ul id='nav'>
 <li class='level0 first homelink'><a href='#'><span>Home</span></a></li>
<li class='level0 first homelink'><a href='#'><span>Desktop</span></a></li>
<li class='level0 first homelink'><a href='#'><span>Laptops</span></a></li>
<li class='level0 first homelink'><a href='#'><span>Others</span></a></li>
<li class='level0 first homelink'><a href='#'><span>Components</span></a></li>
 <li class='level0 first homelink'><a href='#'><span>Electronics</span></a></li>
<li class='level0 first homelink'><a href='#'><span>Softwares</span></a></li>
<li class='level0 first homelink'><a href='#'><span>Pc Consoles</span></a></li>
<li class='level0 first homelink'><a href='#'><span>Softwares</span></a></li>
 <li class='level0 first homelink'><a href='#'><span>Electron</span></a></li>
</ul>

 </div> </div>
<div style='clear:both;'/>

<!-- Search Bar -->
<div class='search-bar'>
<div id='phone'>
<p><strong>Support@example.com</strong> <br/> <span>Get in touch - Saturday: 8:30 am - 6:00 pm</span></p></div>
<form _lpchecked='1' action='search' class='search-form' id='search_mini_form' method='get'>
<fieldset>
<div id='search'>
<div class='search-input form-search'>
<input id='s' name='q' onblur='if (this.value == &apos;&apos;) {this.value = &apos;Search the site&apos;;}' onfocus='if (this.value == &apos;Search the site&apos;) {this.value = &apos;&apos;;}' type='text' value='Search the site'/>
<input id='buttonsinput' style='vertical-align: top;' type='submit' value=''/>
</div></div>
</fieldset>
</form></div>


<div id='content-wrapper'>

<b:if cond='data:blog.url == data:blog.homepageUrl'>
<!-- Slider -->
<div class='col-main'>
  <div class='std'>
     <div class='iosSlider'>

<div class='slider'>
<div class='slide'><a href='#'><img alt='' class='royalImage' src='http://4.bp.blogspot.com/-MVeksjQzzWk/USDGaH4JbAI/AAAAAAAAOlE/ZI12oR_9IQ4/s1600/slider1.jpg'/></a></div>
</div>
    </div>

<!-- Slider Mini -->
   <div class='mini-sliders'>
<a href='#'><img alt='Slider 1 mini' class='fade-image' src='http://3.bp.blogspot.com/-ibmqCsa3q-o/USDGljKBCHI/AAAAAAAAOlM/KrRVVC6MVVk/s1600/minislider1.jpg'/></a>

<a href='#'><img alt='Slider 2 mini' class='fade-image' src='http://2.bp.blogspot.com/-LCr9eYNzmaM/USDGrpuwIjI/AAAAAAAAOlU/7_yGPMvu-KY/s1600/minislider2.jpg'/></a>
</div>
   <div class='clear'/>
    </div>
          </div>
</b:if>

<!-- Main Wrapper-->
    <div id='main-wrapper'>

        <b:section class='main' id='main' showaddelement='no'>
<b:widget id='Blog1' locked='true' title='Blog Posts' type='Blog'>
<b:includable id='nextprev'>
  <div class='blog-pager' id='blog-pager'>
    <b:if cond='data:newerPageUrl'>
      <span id='blog-pager-newer-link'>
      <a class='blog-pager-newer-link' expr:href='data:newerPageUrl' expr:id='data:widget.instanceId + &quot;_blog-pager-newer-link&quot;' expr:title='data:newerPageTitle'><data:newerPageTitle/></a>
      </span>
    </b:if>

    <b:if cond='data:olderPageUrl'>
      <span id='blog-pager-older-link'>
      <a class='blog-pager-older-link' expr:href='data:olderPageUrl' expr:id='data:widget.instanceId + &quot;_blog-pager-older-link&quot;' expr:title='data:olderPageTitle'><data:olderPageTitle/></a>
      </span>
    </b:if>

    <a class='home-link' expr:href='data:blog.homepageUrl'><data:homeMsg/></a>

    <b:if cond='data:mobileLinkUrl'>
      <div class='blog-mobile-link'>
        <a expr:href='data:mobileLinkUrl'><data:mobileLinkMsg/></a>
      </div>
    </b:if>

  </div>
  <div class='clear'/>
</b:includable>
<b:includable id='shareButtons' var='post'>
  <b:if cond='data:top.showEmailButton'><a class='goog-inline-block share-button sb-email' expr:href='data:post.sharePostUrl + &quot;&amp;target=email&quot;' expr:title='data:top.emailThisMsg' target='_blank'><span class='share-button-link-text'><data:top.emailThisMsg/></span></a></b:if><b:if cond='data:top.showBlogThisButton'><a class='goog-inline-block share-button sb-blog' expr:href='data:post.sharePostUrl + &quot;&amp;target=blog&quot;' expr:onclick='&quot;window.open(this.href, \&quot;_blank\&quot;, \&quot;height=270,width=475\&quot;); return false;&quot;' expr:title='data:top.blogThisMsg' target='_blank'><span class='share-button-link-text'><data:top.blogThisMsg/></span></a></b:if><b:if cond='data:top.showTwitterButton'><a class='goog-inline-block share-button sb-twitter' expr:href='data:post.sharePostUrl + &quot;&amp;target=twitter&quot;' expr:title='data:top.shareToTwitterMsg' target='_blank'><span class='share-button-link-text'><data:top.shareToTwitterMsg/></span></a></b:if><b:if cond='data:top.showFacebookButton'><a class='goog-inline-block share-button sb-facebook' expr:href='data:post.sharePostUrl + &quot;&amp;target=facebook&quot;' expr:onclick='&quot;window.open(this.href, \&quot;_blank\&quot;, \&quot;height=430,width=640\&quot;); return false;&quot;' expr:title='data:top.shareToFacebookMsg' target='_blank'><span class='share-button-link-text'><data:top.shareToFacebookMsg/></span></a></b:if><b:if cond='data:top.showOrkutButton'><a class='goog-inline-block share-button sb-orkut' expr:href='data:post.sharePostUrl + &quot;&amp;target=orkut&quot;' expr:title='data:top.shareToOrkutMsg' target='_blank'><span class='share-button-link-text'><data:top.shareToOrkutMsg/></span></a></b:if><b:if cond='data:top.showDummy'><div class='goog-inline-block dummy-container'><data:post.dummyTag/></div></b:if>
</b:includable>
<b:includable id='backlinks' var='post'>
  <a name='links'/><h4><data:post.backlinksLabel/></h4>
  <b:if cond='data:post.numBacklinks != 0'>
    <dl class='comments-block' id='comments-block'>
      <b:loop values='data:post.backlinks' var='backlink'>
        <div class='collapsed-backlink backlink-control'>
          <dt class='comment-title'>
            <span class='backlink-toggle-zippy'>&#160;</span>
            <a expr:href='data:backlink.url' rel='nofollow'><data:backlink.title/></a>
            <b:include data='backlink' name='backlinkDeleteIcon'/>
          </dt>
          <dd class='comment-body collapseable'>
            <data:backlink.snippet/>
          </dd>
          <dd class='comment-footer collapseable'>
            <span class='comment-author'><data:post.authorLabel/> <data:backlink.author/></span>
            <span class='comment-timestamp'><data:post.timestampLabel/> <data:backlink.timestamp/></span>
          </dd>
        </div>
      </b:loop>
    </dl>
  </b:if>
  <p class='comment-footer'>
    <a class='comment-link' expr:href='data:post.createLinkUrl' expr:id='data:widget.instanceId + &quot;_backlinks-create-link&quot;' target='_blank'><data:post.createLinkLabel/></a>
  </p>
</b:includable>
<b:includable id='comment_count_picker' var='post'>
  <b:if cond='data:post.forceIframeComments'>
    <span class='cmt_count_iframe_holder' expr:data-count='data:post.numComments' expr:data-onclick='data:post.addCommentOnclick' expr:data-url='data:post.canonicalUrl'>
    </span>
  <b:else/>
    <b:if cond='data:post.commentSource == 1'>
      <span class='cmt_count_iframe_holder' expr:data-count='data:post.numComments' expr:data-onclick='data:post.addCommentOnclick' expr:data-url='data:post.canonicalUrl'>
      </span>
    <b:else/>
      <a class='comment-link' expr:href='data:post.addCommentUrl' expr:onclick='data:post.addCommentOnclick'>
        <data:post.commentLabelFull/>:
      </a>
    </b:if>
  </b:if>
</b:includable>
<b:includable id='threaded_comment_js' var='post'>
  <script async='async' expr:src='data:post.commentSrc' type='text/javascript'/>

  <script type='text/javascript'>
    (function() {
      var items = <data:post.commentJso/>;
      var msgs = <data:post.commentMsgs/>;
      var config = <data:post.commentConfig/>;

// <![CDATA[
      var cursor = null;
      if (items && items.length > 0) {
        cursor = parseInt(items[items.length - 1].timestamp) + 1;
      }

      var bodyFromEntry = function(entry) {
        if (entry.gd$extendedProperty) {
          for (var k in entry.gd$extendedProperty) {
            if (entry.gd$extendedProperty[k].name == 'blogger.contentRemoved') {
              return '<span class="deleted-comment">' + entry.content.$t + '</span>';
            }
          }
        }
        return entry.content.$t;
      }

      var parse = function(data) {
        cursor = null;
        var comments = [];
        if (data && data.feed && data.feed.entry) {
          for (var i = 0, entry; entry = data.feed.entry[i]; i++) {
            var comment = {};
            // comment ID, parsed out of the original id format
            var id = /blog-(\d+).post-(\d+)/.exec(entry.id.$t);
            comment.id = id ? id[2] : null;
            comment.body = bodyFromEntry(entry);
            comment.timestamp = Date.parse(entry.published.$t) + '';
            if (entry.author && entry.author.constructor === Array) {
              var auth = entry.author[0];
              if (auth) {
                comment.author = {
                  name: (auth.name ? auth.name.$t : undefined),
                  profileUrl: (auth.uri ? auth.uri.$t : undefined),
                  avatarUrl: (auth.gd$image ? auth.gd$image.src : undefined)
                };
              }
            }
            if (entry.link) {
              if (entry.link[2]) {
                comment.link = comment.permalink = entry.link[2].href;
              }
              if (entry.link[3]) {
                var pid = /.*comments\/default\/(\d+)\?.*/.exec(entry.link[3].href);
                if (pid && pid[1]) {
                  comment.parentId = pid[1];
                }
              }
            }
            comment.deleteclass = 'item-control blog-admin';
            if (entry.gd$extendedProperty) {
              for (var k in entry.gd$extendedProperty) {
                if (entry.gd$extendedProperty[k].name == 'blogger.itemClass') {
                  comment.deleteclass += ' ' + entry.gd$extendedProperty[k].value;
                }
              }
            }
            comments.push(comment);
          }
        }
        return comments;
      };

      var paginator = function(callback) {
        if (hasMore()) {
          var url = config.feed + '?alt=json&v=2&orderby=published&reverse=false&max-results=50';
          if (cursor) {
            url += '&published-min=' + new Date(cursor).toISOString();
          }
          window.bloggercomments = function(data) {
            var parsed = parse(data);
            cursor = parsed.length < 50 ? null
                : parseInt(parsed[parsed.length - 1].timestamp) + 1
            callback(parsed);
            window.bloggercomments = null;
          }
          url += '&callback=bloggercomments';
          var script = document.createElement('script');
          script.type = 'text/javascript';
          script.src = url;
          document.getElementsByTagName('head')[0].appendChild(script);
        }
      };
      var hasMore = function() {
        return !!cursor;
      };
      var getMeta = function(key, comment) {
        if ('iswriter' == key) {
          var matches = !!comment.author
              && comment.author.name == config.authorName
              && comment.author.profileUrl == config.authorUrl;
          return matches ? 'true' : '';
        } else if ('deletelink' == key) {
          return config.baseUri + '/delete-comment.g?blogID='
               + config.blogId + '&postID=' + comment.id;
        } else if ('deleteclass' == key) {
          return comment.deleteclass;
        }
        return '';
      };

      var replybox = null;
      var replyUrlParts = null;
      var replyParent = undefined;

      var onReply = function(commentId, domId) {
        if (replybox == null) {
          // lazily cache replybox, and adjust to suit this style:
          replybox = document.getElementById('comment-editor');
          if (replybox != null) {
            replybox.height = '250px';
            replybox.style.display = 'block';
            replyUrlParts = replybox.src.split('#');
          }
        }
        if (replybox && (commentId !== replyParent)) {
          document.getElementById(domId).insertBefore(replybox, null);
          replybox.src = replyUrlParts[0]
              + (commentId ? '&parentID=' + commentId : '')
              + '#' + replyUrlParts[1];
          replyParent = commentId;
        }
      };

      var hash = (window.location.hash || '#').substring(1);
      var startThread, targetComment;
      if (/^comment-form_/.test(hash)) {
        startThread = hash.substring('comment-form_'.length);
      } else if (/^c[0-9]+$/.test(hash)) {
        targetComment = hash.substring(1);
      }

      // Configure commenting API:
      var configJso = {
        'maxDepth': config.maxThreadDepth
      };
      var provider = {
        'id': config.postId,
        'data': items,
        'loadNext': paginator,
        'hasMore': hasMore,
        'getMeta': getMeta,
        'onReply': onReply,
        'rendered': true,
        'initComment': targetComment,
        'initReplyThread': startThread,
        'config': configJso,
        'messages': msgs
      };

      var render = function() {
        if (window.goog && window.goog.comments) {
          var holder = document.getElementById('comment-holder');
          window.goog.comments.render(holder, provider);
        }
      };

      // render now, or queue to render when library loads:
      if (window.goog && window.goog.comments) {
        render();
      } else {
        window.goog = window.goog || {};
        window.goog.comments = window.goog.comments || {};
        window.goog.comments.loadQueue = window.goog.comments.loadQueue || [];
        window.goog.comments.loadQueue.push(render);
      }
    })();
// ]]>
  </script>
</b:includable>
<b:includable id='mobile-main' var='top'>
    <!-- posts -->
    <div class='blog-posts hfeed'>

      <b:include data='top' name='status-message'/>

      <b:if cond='data:blog.pageType == &quot;index&quot;'>
        <b:loop values='data:posts' var='post'>
          <b:include data='post' name='mobile-index-post'/>
        </b:loop>
      <b:else/>
        <b:loop values='data:posts' var='post'>
          <b:include data='post' name='mobile-post'/>
        </b:loop>
      </b:if>
    </div>

   <b:include name='mobile-nextprev'/>
</b:includable>
<b:includable id='post' var='post'>
<div class='wrapfullpost'>
  <div class='post hentry'>
    <a expr:name='data:post.id'/>

<div id='artigo'>
    <b:if cond='data:post.title'>
      <h2 class='post-title entry-title'>
     <b:if cond='data:post.link'>
       <a expr:href='data:post.link'><data:post.title/></a>
     <b:else/>
        <b:if cond='data:post.url'>
          <a expr:href='data:post.url'><data:post.title/></a>
        <b:else/>
          <data:post.title/>
        </b:if>
     </b:if>
      </h2>
    </b:if>

<div id='sharebutton'>
<div class='esquerda entry-twitter'><a class='twitter-share-button' expr:data-text='data:post.title' expr:data-url='data:post.url' href='https://twitter.com/share'>Tweet</a></div>
<div class='esquerda tps7'><iframe allowTransparency='true' expr:src='&quot;//www.facebook.com/plugins/like.php?href=&quot; + data:post.url + &quot;&amp;send=false&amp;layout=button_count&amp;width=80&amp;show_faces=false&amp;action=like&amp;colorscheme=light&amp;font&amp;height=21&quot;' frameborder='0' scrolling='no' style='border:none; overflow:hidden; width:80px; height:21px;'/></div>
<div class='esquerda entry-gplus'><div class='g-plusone' data-size='medium' expr:data-href='data:post.url'/></div>
        <div class='tatalabel'><b>Filled under:</b> <b:if cond='data:post.labels'>
          <b:loop values='data:post.labels' var='label'>
<a expr:href='data:label.url+ &quot;?&amp;max-results=5&quot;' rel='tag'><data:label.name/></a><b:if cond='data:label.isLast != &quot;true&quot;'>,</b:if>
          </b:loop>
        </b:if></div></div>


    <div class='post-header-line-1'/>

<b:if cond='data:blog.pageType == &quot;item&quot;'>
<!--Google Adsense Ad Code (Below Post Title)-->
</b:if>

    <div class='post-body entry-content'>

<p>
<b:if cond='data:blog.pageType != &quot;static_page&quot;'>
<b:if cond='data:blog.pageType != &quot;item&quot;'>
<div expr:id='&quot;summary&quot; + data:post.id'><data:post.body/></div>
<script type='text/javascript'>createSummaryAndThumb(&quot;summary<data:post.id/>&quot;);</script>
</b:if>
</b:if>
<b:if cond='data:blog.pageType == &quot;item&quot;'><data:post.body/></b:if>

<b:if cond='data:blog.pageType == &quot;static_page&quot;'><data:post.body/></b:if></p>

<b:if cond='data:blog.pageType != &quot;static_page&quot;'>
<b:if cond='data:blog.pageType != &quot;item&quot;'>

<div id='poststarter'>
<div class='avatarauthor'>
<img alt='' class='avata' height='38' src='http://3.bp.blogspot.com/-9vPLs0NYNcA/UN98lkHLppI/AAAAAAAAKfA/ZVCulBGT_og/s45/photo.jpg' width='38'/>
</div>
<div class='avatarauthorright'>
Posted By <data:post.author/><span><data:post.timestamp/></span></div>

<div id='subbotmore'>
<div class='morecomments'><span class='thecomments'><b:if cond='data:post.allowComments'><a expr:href='data:post.addCommentUrl' expr:onclick='data:post.addCommentOnclick'><b:if cond='data:post.numComments == 0'>0</b:if><b:if cond='data:post.numComments == 1'>1</b:if><b:if cond='data:post.numComments &gt;= 2'><data:post.numComments/></b:if></a></b:if></span></div>

<a class='moreread' expr:href='data:post.url'><span>Continue Reading</span></a>

</div>
</div>
</b:if>
</b:if>

<b:if cond='data:blog.pageType == &quot;item&quot;'>
<!--Google Adsense Ad Code (At the End of Posts)-->
</b:if>

    </div></div>
    <div class='post-footer'>

<div class='post-footer-line post-footer-line-'/>
<div class='post-footer-line post-footer-line-2'/>
<div class='post-footer-line post-footer-line-3'>

<!-- Feature added by BTemplates.com -->
	<b:include data='post' name='postQuickEdit'/>
</div></div>
</div>
</div>

<b:if cond='data:blog.pageType == &quot;item&quot;'>
<!-- navigation -->
<b:include name='nextprev'/>
</b:if>

</b:includable>
<b:includable id='comment_picker' var='post'>
  <b:if cond='data:post.forceIframeComments'>
    <b:include data='post' name='iframe_comments'/>
    <b:if cond='data:post.showThreadedComments'>
      <b:include data='post' name='threaded_comments'/>
    <b:else/>
      <b:include data='post' name='comments'/>
    </b:if>
  <b:else/>
    <b:if cond='data:post.commentSource == 1'>
      <b:include data='post' name='iframe_comments'/>
    <b:else/>
      <b:if cond='data:post.showThreadedComments'>
        <b:include data='post' name='threaded_comments'/>
      <b:else/>
        <b:include data='post' name='comments'/>
      </b:if>
    </b:if>
  </b:if>
</b:includable>
<b:includable id='status-message'>
  <b:if cond='data:navMessage'>
  <div class='status-msg-wrap'>
    <div class='status-msg-body'>
      <data:navMessage/>
    </div>
    <div class='status-msg-border'>
      <div class='status-msg-bg'>
        <div class='status-msg-hidden'><data:navMessage/></div>
      </div>
    </div>
  </div>
  <div style='clear: both;'/>
  </b:if>
</b:includable>
<b:includable id='comment-form' var='post'>
  <div class='comment-form'>
    <a name='comment-form'/>
    <b:if cond='data:mobile'>
      <h4 id='comment-post-message'>
        <a expr:id='data:widget.instanceId + &quot;_comment-editor-toggle-link&quot;' href='javascript:void(0)'><data:postCommentMsg/></a></h4>
      <p><data:blogCommentMessage/></p>
      <data:blogTeamBlogMessage/>
      <a expr:href='data:post.commentFormIframeSrc' id='comment-editor-src'/>
      <iframe allowtransparency='true' class='blogger-iframe-colorize blogger-comment-from-post' frameborder='0' height='410' id='comment-editor' name='comment-editor' src='' style='display: none' width='100%'/>
    <b:else/>
      <h4 id='comment-post-message'><data:postCommentMsg/></h4>
      <p><data:blogCommentMessage/></p>
      <data:blogTeamBlogMessage/>
      <a expr:href='data:post.commentFormIframeSrc' id='comment-editor-src'/>
      <iframe allowtransparency='true' class='blogger-iframe-colorize blogger-comment-from-post' frameborder='0' height='410' id='comment-editor' name='comment-editor' src='' width='100%'/>
    </b:if>
    <data:post.friendConnectJs/>
    <data:post.cmtfpIframe/>
    <script type='text/javascript'>
      BLOG_CMT_createIframe(&#39;<data:post.appRpcRelayPath/>&#39;, &#39;<data:post.communityId/>&#39;);
    </script>
  </div>
</b:includable>
<b:includable id='threaded_comments' var='post'>
  <div class='comments' id='comments'>
    <a name='comments'/>
    <h4>
      <b:if cond='data:post.numComments == 1'>
        1 <data:commentLabel/>:
      <b:else/>
        <data:post.numComments/> <data:commentLabelPlural/>:
      </b:if>
    </h4>

    <div class='comments-content'>
      <b:if cond='data:post.embedCommentForm'>
        <b:include data='post' name='threaded_comment_js'/>
      </b:if>
      <div id='comment-holder'>
         <data:post.commentHtml/>
      </div>
    </div>

    <p class='comment-footer'>
      <b:if cond='data:post.allowNewComments'>
        <b:include data='post' name='threaded-comment-form'/>
      <b:else/>
        <data:post.noNewCommentsText/>
      </b:if>
    </p>

    <b:if cond='data:showCmtPopup'>
      <div id='comment-popup'>
        <iframe allowtransparency='true' frameborder='0' id='comment-actions' name='comment-actions' scrolling='no'>
        </iframe>
      </div>
    </b:if>

    <div id='backlinks-container'>
    <div expr:id='data:widget.instanceId + &quot;_backlinks-container&quot;'>
       <b:if cond='data:post.showBacklinks'>
         <b:include data='post' name='backlinks'/>
       </b:if>
    </div>
    </div>
  </div>
</b:includable>
<b:includable id='backlinkDeleteIcon' var='backlink'>
  <span expr:class='&quot;item-control &quot; + data:backlink.adminClass'>
    <a expr:href='data:backlink.deleteUrl' expr:title='data:top.deleteBacklinkMsg'>
      <img src='//www.blogger.com/img/icon_delete13.gif'/>
    </a>
  </span>
</b:includable>
<b:includable id='mobile-nextprev'>
  <div class='blog-pager' id='blog-pager'>
    <b:if cond='data:newerPageUrl'>
      <div class='mobile-link-button' id='blog-pager-newer-link'>
      <a class='blog-pager-newer-link' expr:href='data:newerPageUrl' expr:id='data:widget.instanceId + &quot;_blog-pager-newer-link&quot;' expr:title='data:newerPageTitle'>&amp;lsaquo;</a>
      </div>
    </b:if>

    <b:if cond='data:olderPageUrl'>
      <div class='mobile-link-button' id='blog-pager-older-link'>
      <a class='blog-pager-older-link' expr:href='data:olderPageUrl' expr:id='data:widget.instanceId + &quot;_blog-pager-older-link&quot;' expr:title='data:olderPageTitle'>&amp;rsaquo;</a>
      </div>
    </b:if>

    <div class='mobile-link-button' id='blog-pager-home-link'>
    <a class='home-link' expr:href='data:blog.homepageUrl'><data:homeMsg/></a>
    </div>

    <div class='mobile-desktop-link'>
      <a class='home-link' expr:href='data:desktopLinkUrl'><data:desktopLinkMsg/></a>
    </div>

  </div>
  <div class='clear'/>
</b:includable>
<b:includable id='mobile-post' var='post'>
  <div class='date-outer'>
    <b:if cond='data:post.dateHeader'>
      <h2 class='date-header'><span><data:post.dateHeader/></span></h2>
    </b:if>
    <div class='date-posts'>
      <div class='post-outer'>

        <div class='post hentry uncustomized-post-template'>
          <a expr:name='data:post.id'/>
          <b:if cond='data:post.title'>
            <h2 class='post-title entry-title'>
              <b:if cond='data:post.link'>
                <a expr:href='data:post.link'><data:post.title/></a>
              <b:else/>
                <b:if cond='data:post.url'>
                  <b:if cond='data:blog.url != data:post.url'>
                    <a expr:href='data:post.url'><data:post.title/></a>
                  <b:else/>
                    <data:post.title/>
                  </b:if>
                <b:else/>
                  <data:post.title/>
                </b:if>
              </b:if>
            </h2>
          </b:if>

          <div class='post-header'>
            <div class='post-header-line-1'/>
          </div>

          <div class='post-body entry-content' expr:id='&quot;post-body-&quot; + data:post.id'>
            <data:post.body/>
            <div style='clear: both;'/> <!-- clear for photos floats -->
          </div>

          <div class='post-footer'>
            <div class='post-footer-line post-footer-line-1'>
              <span class='post-author vcard'>
                <b:if cond='data:top.showAuthor'>
                  <b:if cond='data:post.authorProfileUrl'>
                    <span class='fn'>
                      <a expr:href='data:post.authorProfileUrl' rel='author' title='author profile'>
                        <data:post.author/>
                      </a>
                    </span>
                  <b:else/>
                    <span class='fn'><data:post.author/></span>
                  </b:if>
                </b:if>
              </span>

              <span class='post-timestamp'>
                <b:if cond='data:top.showTimestamp'>
                  <data:top.timestampLabel/>
                  <b:if cond='data:post.url'>
                    <a class='timestamp-link' expr:href='data:post.url' rel='bookmark' title='permanent link'><abbr class='published' expr:title='data:post.timestampISO8601'><data:post.timestamp/></abbr></a>
                  </b:if>
                </b:if>
              </span>

              <span class='post-comment-link'>
                <b:if cond='data:blog.pageType != &quot;item&quot;'>
                  <b:if cond='data:blog.pageType != &quot;static_page&quot;'>
                    <b:if cond='data:post.allowComments'>
                      <a class='comment-link' expr:href='data:post.addCommentUrl' expr:onclick='data:post.addCommentOnclick'><b:if cond='data:post.numComments == 1'>1 <data:top.commentLabel/><b:else/><data:post.numComments/> <data:top.commentLabelPlural/></b:if></a>
                    </b:if>
                  </b:if>
                </b:if>
              </span>
            </div>

            <div class='post-footer-line post-footer-line-2'>
              <b:if cond='data:top.showMobileShare'>
                <div class='mobile-link-button goog-inline-block' id='mobile-share-button'>
                  <a href='javascript:void(0);'><data:shareMsg/></a>
                </div>
              </b:if>
              <b:if cond='data:top.showDummy'>
                <div class='goog-inline-block dummy-container'><data:post.dummyTag/></div>
              </b:if>
            </div>

          </div>
        </div>

        <b:if cond='data:blog.pageType == &quot;static_page&quot;'>
          <b:if cond='data:post.showThreadedComments'>
            <b:include data='post' name='threaded_comments'/>
          <b:else/>
            <b:include data='post' name='comments'/>
          </b:if>
        </b:if>
        <b:if cond='data:blog.pageType == &quot;item&quot;'>
          <b:if cond='data:post.showThreadedComments'>
            <b:include data='post' name='threaded_comments'/>
          <b:else/>
            <b:include data='post' name='comments'/>
          </b:if>
        </b:if>
      </div>
    </div>
  </div>
</b:includable>
<b:includable id='postQuickEdit' var='post'>
  <b:if cond='data:post.editUrl'>
    <span expr:class='&quot;item-control &quot; + data:post.adminClass'>
      <a expr:href='data:post.editUrl' expr:title='data:top.editPostMsg'>
        <img alt='' class='icon-action' height='18' src='http://img2.blogblog.com/img/icon18_edit_allbkg.gif' width='18'/>
      </a>
    </span>
  </b:if>
</b:includable>
<b:includable id='main' var='top'>
  <b:if cond='data:mobile == &quot;false&quot;'>

    <!-- posts -->
    <div class='blog-posts hfeed'>

      <b:include data='top' name='status-message'/>

      <data:defaultAdStart/>
      <b:loop values='data:posts' var='post'>
        <b:if cond='data:post.isDateStart'>
          <b:if cond='data:post.isFirstPost == &quot;false&quot;'>
            &lt;/div&gt;&lt;/div&gt;
          </b:if>
        </b:if>
        <b:if cond='data:post.isDateStart'>
          &lt;div class=&quot;date-outer&quot;&gt;
        </b:if>
        <b:if cond='data:post.dateHeader'>
          <h2 class='date-header'><span><data:post.dateHeader/></span></h2>
        </b:if>
        <b:if cond='data:post.isDateStart'>
          &lt;div class=&quot;date-posts&quot;&gt;
        </b:if>
        <div class='post-outer'>
        <b:include data='post' name='post'/>
        <b:if cond='data:blog.pageType == &quot;static_page&quot;'>
          <b:if cond='data:post.showThreadedComments'>
            <b:include data='post' name='threaded_comments'/>
          <b:else/>
            <b:include data='post' name='comments'/>
          </b:if>
        </b:if>
        <b:if cond='data:blog.pageType == &quot;item&quot;'>
          <b:if cond='data:post.showThreadedComments'>
            <b:include data='post' name='threaded_comments'/>
          <b:else/>
            <b:include data='post' name='comments'/>
          </b:if>
        </b:if>
        </div>
        <b:if cond='data:post.includeAd'>
          <b:if cond='data:post.isFirstPost'>
            <data:defaultAdEnd/>
          <b:else/>
            <data:adEnd/>
          </b:if>
          <div class='inline-ad'>
            <data:adCode/>
          </div>
          <data:adStart/>
        </b:if>
      </b:loop>
      <b:if cond='data:numPosts != 0'>
        &lt;/div&gt;&lt;/div&gt;
      </b:if>
      <data:adEnd/>
    </div>

<b:if cond='data:blog.pageType != &quot;item&quot;'>
<!-- navigation -->
<b:include name='nextprev'/>
</b:if>

    <!-- feed links -->
    <b:include name='feedLinks'/>

    <b:if cond='data:top.showStars'>
      <script src='//www.google.com/jsapi' type='text/javascript'/>
      <script type='text/javascript'>
        google.load(&quot;annotations&quot;, &quot;1&quot;, {&quot;locale&quot;: &quot;<data:top.languageCode/>&quot;});
        function initialize() {
          google.annotations.setApplicationId(<data:top.blogspotReviews/>);
          google.annotations.createAll();
          google.annotations.fetch();
        }
        google.setOnLoadCallback(initialize);
      </script>
    </b:if>

  <b:else/>
    <b:include name='mobile-main'/>
  </b:if>

  <b:if cond='data:top.showDummy'>
    <data:top.dummyBootstrap/>
  </b:if>

</b:includable>
<b:includable id='commentDeleteIcon' var='comment'>
  <span expr:class='&quot;item-control &quot; + data:comment.adminClass'>
    <b:if cond='data:showCmtPopup'>
      <div class='goog-toggle-button'>
        <div class='goog-inline-block comment-action-icon'/>
      </div>
    <b:else/>
      <a class='comment-delete' expr:href='data:comment.deleteUrl' expr:title='data:top.deleteCommentMsg'>
        <img src='//www.blogger.com/img/icon_delete13.gif'/>
      </a>
    </b:if>
  </span>
</b:includable>
<b:includable id='feedLinks'>
  <b:if cond='data:blog.pageType != &quot;item&quot;'> <!-- Blog feed links -->
    <b:if cond='data:feedLinks'>
      <div class='blog-feeds'>
        <b:include data='feedLinks' name='feedLinksBody'/>
      </div>
    </b:if>

    <b:else/> <!--Post feed links -->
    <div class='post-feeds'>
      <b:loop values='data:posts' var='post'>
        <b:if cond='data:post.allowComments'>
          <b:if cond='data:post.feedLinks'>
            <b:include data='post.feedLinks' name='feedLinksBody'/>
          </b:if>
        </b:if>
      </b:loop>
    </div>
  </b:if>
</b:includable>
<b:includable id='threaded-comment-form' var='post'>
  <div class='comment-form'>
    <a name='comment-form'/>
    <b:if cond='data:mobile'>
      <p><data:blogCommentMessage/></p>
      <data:blogTeamBlogMessage/>
      <a expr:href='data:post.commentFormIframeSrc' id='comment-editor-src'/>
      <iframe allowtransparency='true' class='blogger-iframe-colorize blogger-comment-from-post' frameborder='0' height='410' id='comment-editor' name='comment-editor' src='' style='display: none' width='100%'/>
    <b:else/>
      <p><data:blogCommentMessage/></p>
      <data:blogTeamBlogMessage/>
      <a expr:href='data:post.commentFormIframeSrc' id='comment-editor-src'/>
      <iframe allowtransparency='true' class='blogger-iframe-colorize blogger-comment-from-post' frameborder='0' height='410' id='comment-editor' name='comment-editor' src='' width='100%'/>
    </b:if>
    <data:post.friendConnectJs/>
    <data:post.cmtfpIframe/>
    <script type='text/javascript'>
      BLOG_CMT_createIframe(&#39;<data:post.appRpcRelayPath/>&#39;, &#39;<data:post.communityId/>&#39;);
    </script>
  </div>
</b:includable>
<b:includable id='mobile-index-post' var='post'>
  <div class='mobile-date-outer date-outer'>
    <b:if cond='data:post.dateHeader'>
      <div class='date-header'>
        <span><data:post.dateHeader/></span>
      </div>
    </b:if>

    <div class='mobile-post-outer'>
      <a expr:href='data:post.url'>
        <h2 class='mobile-index-title entry-title'>
          <data:post.title/>
        </h2>

        <div class='mobile-index-arrow'>&amp;rsaquo;</div>

        <div class='mobile-index-contents'>
          <b:if cond='data:post.thumbnailUrl'>
            <div class='mobile-index-thumbnail'>
              <div class='Image'>
                <img expr:src='data:post.thumbnailUrl'/>
              </div>
            </div>
          </b:if>

          <div class='post-body'>
            <b:if cond='data:post.snippet'><data:post.snippet/></b:if>
          </div>
        </div>

        <div style='clear: both;'/>
      </a>

      <div class='mobile-index-comment'>
        <b:if cond='data:blog.pageType != &quot;static_page&quot;'>
          <b:if cond='data:post.allowComments'>
            <b:if cond='data:post.numComments != 0'>
              <a class='comment-link' expr:href='data:post.addCommentUrl' expr:onclick='data:post.addCommentOnclick'><b:if cond='data:post.numComments == 1'>1 <data:top.commentLabel/><b:else/><data:post.numComments/> <data:top.commentLabelPlural/></b:if></a>
            </b:if>
          </b:if>
        </b:if>
      </div>
    </div>
  </div>
</b:includable>
<b:includable id='iframe_comments' var='post'>

  <b:if cond='data:post.allowIframeComments'>
    <script expr:src='data:post.iframeCommentSrc' type='text/javascript'/>
    <div class='cmt_iframe_holder'/>

    <b:if cond='data:post.embedCommentForm == &quot;false&quot;'>
      <a expr:href='data:post.addCommentUrl' expr:onclick='data:post.addCommentOnclick'><data:postCommentMsg/></a>
    </b:if>
  </b:if>
</b:includable>
<b:includable id='feedLinksBody' var='links'>
  <div class='feed-links'>
  <data:feedLinksMsg/>
  <b:loop values='data:links' var='f'>
     <a class='feed-link' expr:href='data:f.url' expr:type='data:f.mimeType' target='_blank'><data:f.name/> (<data:f.feedType/>)</a>
  </b:loop>
  </div>
</b:includable>
<b:includable id='comments' var='post'>
  <div class='comments' id='comments'>
    <a name='comments'/>
    <b:if cond='data:post.allowComments'>
      <h4>
        <b:if cond='data:post.numComments == 1'>
          1 <data:commentLabel/>:
        <b:else/>
          <data:post.numComments/> <data:commentLabelPlural/>:
        </b:if>
      </h4>

      <b:if cond='data:post.commentPagingRequired'>
        <span class='paging-control-container'>
          <a expr:class='data:post.oldLinkClass' expr:href='data:post.oldestLinkUrl'><data:post.oldestLinkText/></a>
          &#160;
          <a expr:class='data:post.oldLinkClass' expr:href='data:post.olderLinkUrl'><data:post.olderLinkText/></a>
          &#160;
          <data:post.commentRangeText/>
          &#160;
          <a expr:class='data:post.newLinkClass' expr:href='data:post.newerLinkUrl'><data:post.newerLinkText/></a>
          &#160;
          <a expr:class='data:post.newLinkClass' expr:href='data:post.newestLinkUrl'><data:post.newestLinkText/></a>
        </span>
      </b:if>

      <div expr:id='data:widget.instanceId + &quot;_comments-block-wrapper&quot;'>
        <dl expr:class='data:post.avatarIndentClass' id='comments-block'>
          <b:loop values='data:post.comments' var='comment'>
            <dt expr:class='&quot;comment-author &quot; + data:comment.authorClass' expr:id='data:comment.anchorName'>
              <b:if cond='data:comment.favicon'>
                <img expr:src='data:comment.favicon' height='16px' style='margin-bottom:-2px;' width='16px'/>
              </b:if>
              <a expr:name='data:comment.anchorName'/>
              <b:if cond='data:blog.enabledCommentProfileImages'>
                <data:comment.authorAvatarImage/>
              </b:if>
              <b:if cond='data:comment.authorUrl'>
                <a expr:href='data:comment.authorUrl' rel='nofollow'><data:comment.author/></a>
              <b:else/>
                <data:comment.author/>
              </b:if>
              <data:commentPostedByMsg/>
            </dt>
            <dd class='comment-body' expr:id='data:widget.instanceId + data:comment.cmtBodyIdPostfix'>
              <b:if cond='data:comment.isDeleted'>
                <span class='deleted-comment'><data:comment.body/></span>
              <b:else/>
                <p>
                  <data:comment.body/>
                </p>
              </b:if>
            </dd>
            <dd class='comment-footer'>
              <span class='comment-timestamp'>
                <a expr:href='data:comment.url' title='comment permalink'>
                  <data:comment.timestamp/>
                </a>
                <b:include data='comment' name='commentDeleteIcon'/>
              </span>
            </dd>
          </b:loop>
        </dl>
      </div>

      <b:if cond='data:post.commentPagingRequired'>
        <span class='paging-control-container'>
          <a expr:class='data:post.oldLinkClass' expr:href='data:post.oldestLinkUrl'>
            <data:post.oldestLinkText/>
          </a>
          <a expr:class='data:post.oldLinkClass' expr:href='data:post.olderLinkUrl'>
            <data:post.olderLinkText/>
          </a>
          &#160;
          <data:post.commentRangeText/>
          &#160;
          <a expr:class='data:post.newLinkClass' expr:href='data:post.newerLinkUrl'>
            <data:post.newerLinkText/>
          </a>
          <a expr:class='data:post.newLinkClass' expr:href='data:post.newestLinkUrl'>
            <data:post.newestLinkText/>
          </a>
        </span>
      </b:if>

      <p class='comment-footer'>
        <b:if cond='data:post.embedCommentForm'>
          <b:if cond='data:post.allowNewComments'>
            <b:include data='post' name='comment-form'/>
          <b:else/>
            <data:post.noNewCommentsText/>
          </b:if>
        <b:else/>
          <b:if cond='data:post.allowComments'>
            <a expr:href='data:post.addCommentUrl' expr:onclick='data:post.addCommentOnclick'><data:postCommentMsg/></a>
          </b:if>
        </b:if>

      </p>
    </b:if>
    <b:if cond='data:showCmtPopup'>
      <div id='comment-popup'>
        <iframe allowtransparency='true' frameborder='0' id='comment-actions' name='comment-actions' scrolling='no'>
        </iframe>
      </div>
    </b:if>

    <div id='backlinks-container'>
    <div expr:id='data:widget.instanceId + &quot;_backlinks-container&quot;'>
       <b:if cond='data:post.showBacklinks'>
         <b:include data='post' name='backlinks'/>
       </b:if>
    </div>
    </div>
  </div>
</b:includable>
</b:widget>
</b:section>
      </div>

<!-- Sidebar Wrapper -->
      <div id='rsidebar-wrapper'>
	  
        <b:section class='sidebar' id='sidebarright' preferred='yes'>
<b:widget id='HTML6' locked='false' title='Follow us on Facebook :P' type='HTML'>
<b:includable id='main'>
  <!-- only display title if it's non-empty -->
  <b:if cond='data:title != &quot;&quot;'>
    <h2 class='title'><data:title/></h2>
  </b:if>
  <div class='widget-content'>
    <data:content/>
  </div>

  <b:include name='quickedit'/>
</b:includable>
</b:widget>
<b:widget id='Followers1' locked='false' title='Followers' type='Followers'>
<b:includable id='main'>
  <b:if cond='data:title != &quot;&quot;'>
    <b:if cond='data:codeSnippet != &quot;&quot;'>
      <h2 class='title'><data:title/></h2>
    <b:else/>
      <b:if cond='data:totalFollowerCount != &quot;&quot;'>
        <h2 class='title'><data:title/> (<data:totalFollowerCount/>)</h2>
      </b:if>
    </b:if>  
  </b:if>
  <div class='widget-content'>
    <div expr:id='data:widget.instanceId + &quot;-wrapper&quot;'>
      <b:if cond='data:codeSnippet != &quot;&quot;'>
        <div style='margin-right:2px;'>
          <data:codeSnippet/>
        </div>
      <b:else/>
        <b:if cond='data:totalFollowerCount == &quot;&quot;'>
          <span class='item-control following-not-admin'>
            <b><data:failureSnippet/></b>
          </span>
          <span class='item-control blog-admin'>
            <b><data:adminFailureSnippet/></b>
          </span>
        <b:else/>
          <b:if cond='data:followingLinkPresent'>
            <div class='follow-this profile-link item-control following-follow-this'>
              <a expr:href='&quot;javascript:_FollowersView._openPopup(\&quot;&quot; + data:followUri + &quot;\&quot;);&quot;'>
                <data:followThisMessage/>
              </a>
            </div>
            <div class='follow-this profile-link item-control following-stop-following-this'>
              <a expr:href='&quot;javascript:_FollowersView._openPopup(\&quot;&quot; + data:followUri + &quot;\&quot;);&quot;'>
                <data:stopFollowingMessage/>
              </a>
            </div>
          </b:if>
  
          <div class='followers-grid'>
            <b:if cond='data:totalFollowerCount == 0'>
              <div class='profile-link item-control following-follow-this'>
                <data:emptyFollowersMessage/>
              </div>
            </b:if>
            <!--
            Relies on the js written out in navbar.gxp
            -->
            <b:loop values='data:followers' var='follower'>
              <div class='follower'>
                <a expr:href='data:follower.profileUrl' expr:title='data:follower.displayName' rel='nofollow'>
                <img class='follower-img' expr:alt='data:follower.displayName' expr:height='data:follower.imageHeight' expr:onerror='&quot;this.onerror=null;this.src=\&quot;&quot; + data:anonFollowerImageUrl + &quot;\&quot;;&quot;' expr:onload='&quot;setAttributeOnload(this, \&quot;src\&quot;, \&quot;&quot; + data:follower.imageUrl + &quot;\&quot;)&quot;' expr:width='data:follower.imageWidth' src='http://img1.blogblog.com/img/blank.gif'/>
                </a>
              </div>
            </b:loop>
            <div class='clear'/>
          </div>
  
          <div class='followers-canvas profile-link'>
            <data:followersFooterMessage/>
            <span class='item-control following-not-admin'>
              <a expr:href='data:followersUri'>
                <data:viewAllMessage/>
              </a>
            </span>
            <span class='item-control blog-admin'>
              <a expr:href='data:manageFollowersUri'>
                <data:manageFollowersMessage/>
              </a>
            </span>
          </div>
          </b:if>
      </b:if>
    </div>
    <b:include name='quickedit'/>
  </div>
</b:includable>
</b:widget>
<b:widget id='BlogArchive1' locked='false' title='Blog Archive' type='BlogArchive'>
<b:includable id='main'>
  <b:if cond='data:title'>
    <h2><data:title/></h2>
  </b:if>
  <div class='widget-content'>
  <div id='ArchiveList'>
  <div expr:id='data:widget.instanceId + &quot;_ArchiveList&quot;'>
    <b:if cond='data:style == &quot;HIERARCHY&quot;'>
     <b:include data='data' name='interval'/>
    </b:if>
    <b:if cond='data:style == &quot;FLAT&quot;'>
      <b:include data='data' name='flat'/>
    </b:if>
    <b:if cond='data:style == &quot;MENU&quot;'>
      <b:include data='data' name='menu'/>
    </b:if>
  </div>
  </div>
  <b:include name='quickedit'/>
  </div>
</b:includable>
<b:includable id='flat' var='data'>
  <ul class='flat'>
    <b:loop values='data:data' var='i'>
      <li class='archivedate'>
        <a expr:href='data:i.url'><data:i.name/></a> (<data:i.post-count/>)
      </li>
    </b:loop>
  </ul>
</b:includable>
<b:includable id='menu' var='data'>
  <select expr:id='data:widget.instanceId + &quot;_ArchiveMenu&quot;'>
    <option value=''><data:title/></option>
    <b:loop values='data:data' var='i'>
      <option expr:value='data:i.url'><data:i.name/> (<data:i.post-count/>)</option>
    </b:loop>
  </select>
</b:includable>
<b:includable id='interval' var='intervalData'>
  <b:loop values='data:intervalData' var='i'>
      <ul class='hierarchy'>
        <li expr:class='&quot;archivedate &quot; + data:i.expclass'>
          <b:include data='i' name='toggle'/>
          <a class='post-count-link' expr:href='data:i.url'><data:i.name/></a>
            <span class='post-count' dir='ltr'>(<data:i.post-count/>)</span>
          <b:if cond='data:i.data'>
            <b:include data='i.data' name='interval'/>
          </b:if>
          <b:if cond='data:i.posts'>
            <b:include data='i.posts' name='posts'/>
          </b:if>
        </li>
      </ul>
  </b:loop>
</b:includable>
<b:includable id='toggle' var='interval'>
  <b:if cond='data:interval.toggleId'>
  <b:if cond='data:interval.expclass == &quot;expanded&quot;'>
    <a class='toggle' href='javascript:void(0)'>
      <span class='zippy toggle-open'>&#9660;&#160;</span>
    </a>
  <b:else/>
    <a class='toggle' href='javascript:void(0)'>
      <span class='zippy'>
        <b:if cond='data:blog.languageDirection == &quot;rtl&quot;'>
          &#9668;&#160;
        <b:else/>
          &#9658;&#160;
        </b:if>
      </span>
    </a>
  </b:if>
 </b:if>
</b:includable>
<b:includable id='posts' var='posts'>
  <ul class='posts'>
    <b:loop values='data:posts' var='i'>
      <li><a expr:href='data:i.url'><data:i.title/></a></li>
    </b:loop>
  </ul>
</b:includable>
</b:widget>
<b:widget id='Label1' locked='false' title='Labels' type='Label'>
<b:includable id='main'>
  <b:if cond='data:title'>
    <h2><data:title/></h2>
  </b:if>
  <div expr:class='&quot;widget-content &quot; + data:display + &quot;-label-widget-content&quot;'>
    <b:if cond='data:display == &quot;list&quot;'>
      <ul>
      <b:loop values='data:labels' var='label'>
        <li>
          <b:if cond='data:blog.url == data:label.url'>
            <span expr:dir='data:blog.languageDirection'><data:label.name/></span>
          <b:else/>
            <a expr:dir='data:blog.languageDirection' expr:href='data:label.url'><data:label.name/></a>
          </b:if>
          <b:if cond='data:showFreqNumbers'>
            <span dir='ltr'>(<data:label.count/>)</span>
          </b:if>
        </li>
      </b:loop>
      </ul>
    <b:else/>
      <b:loop values='data:labels' var='label'>
        <span expr:class='&quot;label-size label-size-&quot; + data:label.cssSize'>
          <b:if cond='data:blog.url == data:label.url'>
            <span expr:dir='data:blog.languageDirection'><data:label.name/></span>
          <b:else/>
            <a expr:dir='data:blog.languageDirection' expr:href='data:label.url'><data:label.name/></a>
          </b:if>
          <b:if cond='data:showFreqNumbers'>
            <span class='label-count' dir='ltr'>(<data:label.count/>)</span>
          </b:if>
        </span>
      </b:loop>
    </b:if>
    <b:include name='quickedit'/>
  </div>
</b:includable>
</b:widget>
<b:widget id='Stats1' locked='false' title='Total Pageviews' type='Stats'>
<b:includable id='main'>
  <b:if cond='data:title'><h2><data:title/></h2></b:if>
  <div class='widget-content'>
    <!-- Content is going to be visible when data will be fetched from server. -->
    <div expr:id='data:widget.instanceId + &quot;_content&quot;' style='display: none;'>
      <!-- Counter and image will be injected later via AJAX call. -->
      <b:if cond='data:showSparkline'>
        <img alt='Sparkline' expr:id='data:widget.instanceId + &quot;_sparkline&quot;' height='30' width='75'/>
      </b:if>
      <b:if cond='data:showGraphicalCounter'>
        <span class='counter-wrapper graph-counter-wrapper' expr:id='data:widget.instanceId + &quot;_totalCount&quot;'/>
      <b:else/>
        <span class='counter-wrapper text-counter-wrapper' expr:id='data:widget.instanceId + &quot;_totalCount&quot;'/>
      </b:if>
      <b:include name='quickedit'/>
    </div>
  </div>
</b:includable>
</b:widget>
</b:section>

<p/></div>

      <!-- spacer for skins that want sidebar and main to be the same height-->
      <div class='clear'>&#160;</div>

    </div> <!-- end content-wrapper -->
	
<div style='clear:both;'/>

<!-- Footer About -->
<div class='footer-about'>
    <div class='text'>
<h1>About Metro UI Theme</h1>
<p>Lorem ipsum dolor sit amet, consectetur adipisicing elit, sed do eiusmod tempor incididunt ut labore et dolore magna aliqua. Ut enim ad minim veniam, quis nostrud exercitation ullamco laboris nisi ut aliquip ex ea commodo consequat. Duis aute irure dolor in reprehenderit...</p>
</div>

<!-- Footer Contact Us -->
<div class='social'>
<h1>Contact us</h1>
<div class='contact'>
<div class='phone'><strong>Phone:</strong> 8(802)234-5678, 8(803)234-5678</div>
<div class='fax'><strong>Fax:</strong> 8(800)234-5678</div>
<div class='email'><a href='mailto:support@blog.com'>support@example.com</a></div>
<div class='email'><a href='mailto:sales@blog.com'>sales@example.com</a></div>
</div>
</div>
<div class='clear'/></div>

<!-- Footer Social -->
<div class='additional-footer'>
        <div class='social-icons'>
<p>
<a class='soc-img' href='http://facebook.com/templateism'><img alt='' class='fade-image' src='http://2.bp.blogspot.com/-VZY193M5dXM/USDG-nJVkdI/AAAAAAAAOlc/lkaKoiOxuE4/s1600/facebook1.png'/></a> 

<a class='soc-img' href='http://twitter.com/templateism'><img alt='' class='fade-image' src='http://2.bp.blogspot.com/-PRrqY1rd52E/USDHyRArkSI/AAAAAAAAOlo/_3W4KcRnKHE/s1600/twitter3.png'/></a> 

<a class='soc-img' href='http://pinterest.com/fosterzone/'><img alt='' class='fade-image' src='http://2.bp.blogspot.com/-ws6StBzrvx0/USDH7JDL8nI/AAAAAAAAOlw/cVHCs_Kw2Qw/s1600/pinterest1.png'/></a>

 <a class='soc-img' href='https://plus.google.com/106374439082237286396/'><img alt='' class='fade-image' src='http://4.bp.blogspot.com/-7JQUoWOhxzg/USDIC3Q7n7I/AAAAAAAAOl4/r3pBX_MEr-g/s1600/google-plus.pngg'/></a> 

<a class='soc-img' href='#'><img alt='' class='fade-image' src='http://1.bp.blogspot.com/-C2o_tWueI9c/USDIvb0kv-I/AAAAAAAAOmA/2UcPQf6G9eo/s1600/rss.png'/></a>

 <a class='soc-img' href='#'><img alt='' class='fade-image' src='http://2.bp.blogspot.com/-0Se8k5V8BV0/USDI7dR-8xI/AAAAAAAAOmI/djpc_2qD2wM/s1600/skype.png'/></a>
</p>
</div>

<!-- Footer Newsletter-->
<div id='newsletter'>
   <div class='form-subscribe clearfix'>
       <div class='form-subscribe-header'>

<h4>Sign up for our newsletter</h4></div>
<div class='forms'>
       <form action='http://feedburner.google.com/fb/a/mailverify' id='subscribe' method='post' onsubmit='window.open( &apos;http://feedburner.google.com/fb/a/mailverify?uri=mybloggerlab&apos;, &apos;popupwindow&apos;, &apos;scrollbars=yes,width=550,height=520&apos;);return true' target='popupwindow'>
<input id='subbox' name='email' onblur='if ( this.value == &apos;&apos; ) { this.value = &apos;Enter your email address...&apos;; }' onfocus='if ( this.value == &apos;Enter your email address...&apos;) { this.value = &apos;&apos;; }' type='text' value='Enter your email address...'/>
<input name='uri' type='hidden' value='mybloggerlab'/>
<input name='loc' type='hidden' value='en_US'/>
<input id='subbutton' type='submit' value='Subscribe!'/>
</form>
  </div>  
     </div>  
        </div>   
              </div>   
  <div class='clear'/>

<!-- Footer Widget Wrapper -->
<div id='footer-widgets-container'>
<div class='clearfix' id='footer-widgets'>

<div class='footer-widget-box'>
<ul class='widget-container'>
<li>
<b:section class='footersec' id='footersec1' showaddelement='yes'>
<b:widget id='HTML5' locked='false' title='Blogger news' type='HTML'>
<b:includable id='main'>
  <!-- only display title if it's non-empty -->
  <b:if cond='data:title != &quot;&quot;'>
    <h2 class='title'><data:title/></h2>
  </b:if>
  <div class='widget-content'>
    <data:content/>
  </div>

  <b:include name='quickedit'/>
</b:includable>
</b:widget>
</b:section>
</li>
</ul>
</div>

<div class='footer-widget-box'>
<ul class='widget-container'>
<li>
<b:section class='footersec' id='footersec2' showaddelement='yes'>
<b:widget id='HTML4' locked='false' title='Blogroll' type='HTML'>
<b:includable id='main'>
  <!-- only display title if it's non-empty -->
  <b:if cond='data:title != &quot;&quot;'>
    <h2 class='title'><data:title/></h2>
  </b:if>
  <div class='widget-content'>
    <data:content/>
  </div>

  <b:include name='quickedit'/>
</b:includable>
</b:widget>
</b:section>
</li>
</ul>
</div>

<div class='footer-widget-box'>
<ul class='widget-container'>
<li>
<b:section class='footersec' id='footersec4' showaddelement='yes'>
<b:widget id='HTML22' locked='false' title='Blogroll' type='HTML'>
<b:includable id='main'>
  <!-- only display title if it's non-empty -->
  <b:if cond='data:title != &quot;&quot;'>
    <h2 class='title'><data:title/></h2>
  </b:if>
  <div class='widget-content'>
    <data:content/>
  </div>

  <b:include name='quickedit'/>
</b:includable>
</b:widget>
</b:section>
</li>
</ul>
</div>

<div class='footer-widget-box footer-widget-box-last'>
<ul class='widget-container'>
<li>
<b:section class='footersec' id='footersec3' showaddelement='yes'>
<b:widget id='HTML3' locked='false' title='About' type='HTML'>
<b:includable id='main'>
  <!-- only display title if it's non-empty -->
  <b:if cond='data:title != &quot;&quot;'>
    <h2 class='title'><data:title/></h2>
  </b:if>
  <div class='widget-content'>
    <data:content/>
  </div>

  <b:include name='quickedit'/>
</b:includable>
</b:widget>
</b:section>
</li>
</ul>
</div>

</div>
</div>
<div style='clear:both;'/>

<!-- Footer Widget Wrapper -->
<div id='copyright-note'>
<p>Copyright &#169; 201. Metro UI Theme. Designed by: <a href='http://www.templateism.com' id='mycontent'>Templateism</a> <div id='copyright-left'>SEO Plugin by: <a href='http://www.mybloggerlab.com'>MyBloggerLab</a></div></p>
</div><!--copyright-->

  </div></div></div> <!-- end outer-wrapper -->

<!--Page Navigation Starts-->
<b:if cond='data:blog.pageType != &quot;item&quot;'>
<b:if cond='data:blog.pageType != &quot;static_page&quot;'>
<script type='text/javascript'>
var pageCount=2;
var displayPageNum=5;
var upPageWord =&#39;Previous&#39;;
var downPageWord =&#39;Next&#39;;
</script>
<script src='http://bloggergadgets.googlecode.com/files/blogger_pagenavi_min.js' type='text/javascript'/>
</b:if>
</b:if>
<!--Page Navigation Ends -->


</body>
</html>