<?xml version="1.0" encoding="UTF-8" ?>
<!DOCTYPE html PUBLIC "-//W3C//DTD XHTML 1.0 Strict//EN" "http://www.w3.org/TR/xhtml1/DTD/xhtml1-strict.dtd">
<html expr:dir='data:blog.languageDirection' xmlns='http://www.w3.org/1999/xhtml' xmlns:b='http://www.google.com/2005/gml/b' xmlns:data='http://www.google.com/2005/gml/data' xmlns:expr='http://www.google.com/2005/gml/expr'>
  <head>
<SCRIPT type='text/javascript'> var thumbnail_mode = &quot;no-float&quot; ; summary_noimg = 500; summary_img = 400; img_thumb_height = 125; img_thumb_width = 125; </SCRIPT><SCRIPT src='http://www.smashingtips.com/wp-content/uploads/2009/05/read-more.js' type='text/javascript'/>
    <b:include data='blog' name='all-head-content'/>
    <title><data:blog.pageTitle/></title>
    <b:skin><![CDATA[/*
-----------------------------------------------
      Blogger Template Style
-----------------------------------------------
Name           : Caprice Blogger Template
Converted by   : Vk Bhardwaj
Converters URI : http://www.besttheme.net/
Tags           : Tech, Technology, Ads Ready, Two Columns, Right Sidebar, Fixed 
-----------------------------------------------
WP.Author Name : NewWpThemes.com
WP.Author URI  : http://newwpthemes.com/
WP.Theme Url   : http://newwpthemes.com/livedemo/?wptheme=Caprice
----------------------------------------------- */
Caprice Blogger Template comes under a Creative Commons Attribution-Noncommercial-Share Alike 2.5 Malaysia License. 
This means it is free to use on your blog, and you must keep the footer link intact, also as a respect to the designer and converter.
We sincerely need your respect to continue our free Blogger template production, thank you.
besttheme.net
----------------------------------------------- */
body#layout #subscription,body#layout #topsearch,body#layout #footer,body#layout #footer2{display:none}
*{margin:0;padding:0}
#navbar-iframe{display:none}
/* reset.css */
html, body, div, span, object, iframe, h1, h2, h3, h4, h5, h6, p, blockquote, pre, a, abbr, acronym, address, code, del, dfn, em, img, q, dl, dt, dd, ol, ul, li, fieldset, form, label, legend, table, caption, tbody, tfoot, thead, tr, th, td {margin:0;padding:0;border:0;font-weight:inherit;font-style:inherit;font-size:100%;font-family:inherit;vertical-align:baseline;}
body {line-height:1.5;}
table {border-collapse:separate;border-spacing:0;}
caption, th, td {text-align:left;font-weight:normal;}
table, td, th {vertical-align:middle;}
blockquote:before, blockquote:after, q:before, q:after {content:"";}
blockquote, q {quotes:"" "";}
a img {border:none;}
/* typography.css */
body {font-size:75%;color:#222;background:#fff;font-family:"Helvetica Neue", Arial, Helvetica, sans-serif;}
h1, h2, h3, h4, h5, h6 {font-weight:normal;color:#111;}
h1 {font-size:3em;line-height:1;margin-bottom:0.5em;}
h2 {font-size:2em;margin-bottom:0.75em;}
h3 {font-size:1.5em;line-height:1;margin-bottom:1em;}
h4 {font-size:1.2em;line-height:1.25;margin-bottom:1.25em;}
h5 {font-size:1em;font-weight:bold;margin-bottom:1.5em;}
h6 {font-size:1em;font-weight:bold;}
h1 img, h2 img, h3 img, h4 img, h5 img, h6 img {margin:0;}
p {margin:0 0 1.5em;}
p img.left {float:left;margin:1.5em 1.5em 1.5em 0;padding:0;}
p img.right {float:right;margin:1.5em 0 1.5em 1.5em;}
a:focus, a:hover {color:#000;}
a {color:#009;text-decoration:underline;}
blockquote {margin:1.5em;color:#666;font-style:italic;}
strong {font-weight:bold;}
em, dfn {font-style:italic;}
dfn {font-weight:bold;}
sup, sub {line-height:0;}
abbr, acronym {border-bottom:1px dotted #666;}
address {margin:0 0 1.5em;font-style:italic;}
del {color:#666;}
pre {margin:1.5em 0;white-space:pre;}
pre, code, tt {font:1em 'andale mono', 'lucida console', monospace;line-height:1.5;}
li ul, li ol {margin:0 1.5em;}
ul, ol {margin:0 1.5em 1.5em 1.5em;}
ul {list-style-type:disc;}
ol {list-style-type:decimal;}
dl {margin:0 0 1.5em 0;}
dl dt {font-weight:bold;}
dd {margin-left:1.5em;}
table {margin-bottom:1.4em;width:100%;}
th {font-weight:bold;}
thead th {background:#c3d9ff;}
th, td, caption {padding:4px 10px 4px 5px;}
tr.even td {background:#e5ecf9;}
tfoot {font-style:italic;}
caption {background:#eee;}
.small {font-size:.8em;margin-bottom:1.875em;line-height:1.875em;}
.large {font-size:1.2em;line-height:2.5em;margin-bottom:1.25em;}
.hide {display:none;}
.quiet {color:#666;}
.loud {color:#000;}
.highlight {background:#ff0;}
.added {background:#060;color:#fff;}
.removed {background:#900;color:#fff;}
.first {margin-left:0;padding-left:0;}
.last {margin-right:0;padding-right:0;}
.top {margin-top:0;padding-top:0;}
.bottom {margin-bottom:0;padding-bottom:0;}
/* forms.css */
label {font-weight:bold;}
fieldset {padding:1.4em;margin:0 0 1.5em 0;border:1px solid #ccc;}
legend {font-weight:bold;font-size:1.2em;}
input.text, input.title, textarea, select {margin:0.5em 0;border:1px solid #bbb;}
input.text:focus, input.title:focus, textarea:focus, select:focus {border:1px solid #666;}
input.text, input.title {width:300px;padding:5px;}
input.title {font-size:1.5em;}
textarea {width:390px;height:250px;padding:5px;}
.error, .notice, .success {padding:.8em;margin-bottom:1em;border:2px solid #ddd;}
.error {background:#FBE3E4;color:#8a1f11;border-color:#FBC2C4;}
.notice {background:#FFF6BF;color:#514721;border-color:#FFD324;}
.success {background:#E6EFC2;color:#264409;border-color:#C6D880;}
.error a {color:#8a1f11;}
.notice a {color:#514721;}
.success a {color:#264409;}
/* grid.css */
.container {width:950px;margin:0 auto;}
.showgrid {background:url(src/grid.png);}
.column, div.span-1, div.span-2, div.span-3, div.span-4, div.span-5, div.span-6, div.span-7, div.span-8, div.span-9, div.span-10, div.span-11, div.span-12, div.span-13, div.span-14, div.span-15, div.span-16, div.span-17, div.span-18, div.span-19, div.span-20, div.span-21, div.span-22, div.span-23, div.span-24 {float:left;margin-right:10px;}
.last, div.last {margin-right:0;}
.span-1 {width:30px;}
.span-2 {width:70px;}
.span-3 {width:110px;}
.span-4 {width:150px;}
.span-5 {width:190px;}
.span-6 {width:230px;}
.span-7 {width:270px;}
.span-8 {width:310px;}
.span-9 {width:350px;}
.span-10 {width:390px;}
.span-11 {width:430px;}
.span-12 {width:470px;}
.span-13 {width:510px;}
.span-14 {width:550px;}
.span-15 {width:590px;}
.span-16 {width:630px;}
.span-17 {width:670px;}
.span-18 {width:710px;}
.span-19 {width:750px;}
.span-20 {width:790px;}
.span-21 {width:830px;}
.span-22 {width:870px;}
.span-23 {width:910px;}
.span-24, div.span-24 {width:950px;margin:0;}
input.span-1, textarea.span-1, input.span-2, textarea.span-2, input.span-3, textarea.span-3, input.span-4, textarea.span-4, input.span-5, textarea.span-5, input.span-6, textarea.span-6, input.span-7, textarea.span-7, input.span-8, textarea.span-8, input.span-9, textarea.span-9, input.span-10, textarea.span-10, input.span-11, textarea.span-11, input.span-12, textarea.span-12, input.span-13, textarea.span-13, input.span-14, textarea.span-14, input.span-15, textarea.span-15, input.span-16, textarea.span-16, input.span-17, textarea.span-17, input.span-18, textarea.span-18, input.span-19, textarea.span-19, input.span-20, textarea.span-20, input.span-21, textarea.span-21, input.span-22, textarea.span-22, input.span-23, textarea.span-23, input.span-24, textarea.span-24 {border-left-width:1px!important;border-right-width:1px!important;padding-left:5px!important;padding-right:5px!important;}
input.span-1, textarea.span-1 {width:18px!important;}
input.span-2, textarea.span-2 {width:58px!important;}
input.span-3, textarea.span-3 {width:98px!important;}
input.span-4, textarea.span-4 {width:138px!important;}
input.span-5, textarea.span-5 {width:178px!important;}
input.span-6, textarea.span-6 {width:218px!important;}
input.span-7, textarea.span-7 {width:258px!important;}
input.span-8, textarea.span-8 {width:298px!important;}
input.span-9, textarea.span-9 {width:338px!important;}
input.span-10, textarea.span-10 {width:378px!important;}
input.span-11, textarea.span-11 {width:418px!important;}
input.span-12, textarea.span-12 {width:458px!important;}
input.span-13, textarea.span-13 {width:498px!important;}
input.span-14, textarea.span-14 {width:538px!important;}
input.span-15, textarea.span-15 {width:578px!important;}
input.span-16, textarea.span-16 {width:618px!important;}
input.span-17, textarea.span-17 {width:658px!important;}
input.span-18, textarea.span-18 {width:698px!important;}
input.span-19, textarea.span-19 {width:738px!important;}
input.span-20, textarea.span-20 {width:778px!important;}
input.span-21, textarea.span-21 {width:818px!important;}
input.span-22, textarea.span-22 {width:858px!important;}
input.span-23, textarea.span-23 {width:898px!important;}
input.span-24, textarea.span-24 {width:938px!important;}
.append-1 {padding-right:40px;}
.append-2 {padding-right:80px;}
.append-3 {padding-right:120px;}
.append-4 {padding-right:160px;}
.append-5 {padding-right:200px;}
.append-6 {padding-right:240px;}
.append-7 {padding-right:280px;}
.append-8 {padding-right:320px;}
.append-9 {padding-right:360px;}
.append-10 {padding-right:400px;}
.append-11 {padding-right:440px;}
.append-12 {padding-right:480px;}
.append-13 {padding-right:520px;}
.append-14 {padding-right:560px;}
.append-15 {padding-right:600px;}
.append-16 {padding-right:640px;}
.append-17 {padding-right:680px;}
.append-18 {padding-right:720px;}
.append-19 {padding-right:760px;}
.append-20 {padding-right:800px;}
.append-21 {padding-right:840px;}
.append-22 {padding-right:880px;}
.append-23 {padding-right:920px;}
.prepend-1 {padding-left:40px;}
.prepend-2 {padding-left:80px;}
.prepend-3 {padding-left:120px;}
.prepend-4 {padding-left:160px;}
.prepend-5 {padding-left:200px;}
.prepend-6 {padding-left:240px;}
.prepend-7 {padding-left:280px;}
.prepend-8 {padding-left:320px;}
.prepend-9 {padding-left:360px;}
.prepend-10 {padding-left:400px;}
.prepend-11 {padding-left:440px;}
.prepend-12 {padding-left:480px;}
.prepend-13 {padding-left:520px;}
.prepend-14 {padding-left:560px;}
.prepend-15 {padding-left:600px;}
.prepend-16 {padding-left:640px;}
.prepend-17 {padding-left:680px;}
.prepend-18 {padding-left:720px;}
.prepend-19 {padding-left:760px;}
.prepend-20 {padding-left:800px;}
.prepend-21 {padding-left:840px;}
.prepend-22 {padding-left:880px;}
.prepend-23 {padding-left:920px;}
div.border {padding-right:4px;margin-right:5px;border-right:1px solid #eee;}
div.colborder {padding-right:24px;margin-right:25px;border-right:1px solid #eee;}
.pull-1 {margin-left:-40px;}
.pull-2 {margin-left:-80px;}
.pull-3 {margin-left:-120px;}
.pull-4 {margin-left:-160px;}
.pull-5 {margin-left:-200px;}
.pull-6 {margin-left:-240px;}
.pull-7 {margin-left:-280px;}
.pull-8 {margin-left:-320px;}
.pull-9 {margin-left:-360px;}
.pull-10 {margin-left:-400px;}
.pull-11 {margin-left:-440px;}
.pull-12 {margin-left:-480px;}
.pull-13 {margin-left:-520px;}
.pull-14 {margin-left:-560px;}
.pull-15 {margin-left:-600px;}
.pull-16 {margin-left:-640px;}
.pull-17 {margin-left:-680px;}
.pull-18 {margin-left:-720px;}
.pull-19 {margin-left:-760px;}
.pull-20 {margin-left:-800px;}
.pull-21 {margin-left:-840px;}
.pull-22 {margin-left:-880px;}
.pull-23 {margin-left:-920px;}
.pull-24 {margin-left:-960px;}
.pull-1, .pull-2, .pull-3, .pull-4, .pull-5, .pull-6, .pull-7, .pull-8, .pull-9, .pull-10, .pull-11, .pull-12, .pull-13, .pull-14, .pull-15, .pull-16, .pull-17, .pull-18, .pull-19, .pull-20, .pull-21, .pull-22, .pull-23, .pull-24 {float:left;position:relative;}
.push-1 {margin:0 -40px 1.5em 40px;}
.push-2 {margin:0 -80px 1.5em 80px;}
.push-3 {margin:0 -120px 1.5em 120px;}
.push-4 {margin:0 -160px 1.5em 160px;}
.push-5 {margin:0 -200px 1.5em 200px;}
.push-6 {margin:0 -240px 1.5em 240px;}
.push-7 {margin:0 -280px 1.5em 280px;}
.push-8 {margin:0 -320px 1.5em 320px;}
.push-9 {margin:0 -360px 1.5em 360px;}
.push-10 {margin:0 -400px 1.5em 400px;}
.push-11 {margin:0 -440px 1.5em 440px;}
.push-12 {margin:0 -480px 1.5em 480px;}
.push-13 {margin:0 -520px 1.5em 520px;}
.push-14 {margin:0 -560px 1.5em 560px;}
.push-15 {margin:0 -600px 1.5em 600px;}
.push-16 {margin:0 -640px 1.5em 640px;}
.push-17 {margin:0 -680px 1.5em 680px;}
.push-18 {margin:0 -720px 1.5em 720px;}
.push-19 {margin:0 -760px 1.5em 760px;}
.push-20 {margin:0 -800px 1.5em 800px;}
.push-21 {margin:0 -840px 1.5em 840px;}
.push-22 {margin:0 -880px 1.5em 880px;}
.push-23 {margin:0 -920px 1.5em 920px;}
.push-24 {margin:0 -960px 1.5em 960px;}
.push-1, .push-2, .push-3, .push-4, .push-5, .push-6, .push-7, .push-8, .push-9, .push-10, .push-11, .push-12, .push-13, .push-14, .push-15, .push-16, .push-17, .push-18, .push-19, .push-20, .push-21, .push-22, .push-23, .push-24 {float:right;position:relative;}
.prepend-top {margin-top:1.5em;}
.append-bottom {margin-bottom:1.5em;}
.box {padding:1.5em;margin-bottom:1.5em;background:#E5ECF9;}
hr {background:#ddd;color:#ddd;clear:both;float:none;width:100%;height:.1em;margin:0 0 1.45em;border:none;}
hr.space {background:#fff;color:#fff;}
.clearfix:after, .container:after {content:"\0020";display:block;height:0;clear:both;visibility:hidden;overflow:hidden;}
.clearfix, .container {display:block;}
.clear {clear:both;}
/* LAYOUT */

body {
	background: #1e1f20 url(http://1.bp.blogspot.com/_yPlAAAH9bEo/S_E5USYs7xI/AAAAAAAAANE/QykXRWevKKY/s1600/background.png) top left repeat-x;
	}

#wrapper {
	}

#container {
	margin-top: 13px;
    background: url(http://2.bp.blogspot.com/_yPlAAAH9bEo/S_E5cMO2g1I/AAAAAAAAANM/MDDRjb_GnKo/s1600/container-background.png) top left repeat-x;
	}

#contentwrap {
	background: url(http://4.bp.blogspot.com/_yPlAAAH9bEo/S_E5k39Zv_I/AAAAAAAAANU/iMtdkdYZqSo/s1600/contentwrap.png) top left repeat-y;
	}

a {
	color: #983c66;
	}

a:hover {
	color: #9c5f7b;
	}
/* HEADER */

#header {
	height: 146px;
	}

#header h1 {
	margin-bottom: 0px !important;
	padding: 32px 0 0 15px;
	font-weight: normal;
	font-family: Arial, Helvetica, Sans-serif;
	font-weight: bold;
	font-size: 48px;
	}

#header h1 a, #header h1 a:visited {
	color: #fff;
	text-decoration: none;
	}


#header h2 {
	padding-left: 15px;
	color: #d6afc0;
	font-size: 14px;
	line-height: 14px; 
	font-family: Arial, Helvetica, Sans-serif;
	}

.logoimg {
    margin: 10px 0 0 18px;    
}

/* NAVIGATION MENUS */

#pagemenucontainer {
	height: 30px;
    padding-left: 5px;
	}
	
#pagemenu {
	height: 30px;
	}

#pagemenu, #pagemenu ul { 
	padding: 0;
	margin: 0;
	list-style: none;
	line-height: 1;
	}
#pagemenu {
	margin-bottom: 1px;
	}
	
#pagemenu ul {
	float: left;
	list-style: none;
	margin: 0px 0px 0px 0px;
	padding: 0px;
	}
	
#pagemenu li {
	float: left;
	list-style: none;
	margin: 0px;
	padding: 0px;
	}
	
#pagemenu ul li {
	list-style: none;
	margin: 0px;
	padding: 0px;
	}
	
#pagemenu li a, #pagemenu li a:link {
	color: #3d041e;
	display: block;
    margin: 0px 0 0px 6px;
	padding: 15px 10px;
	text-decoration: none;
	font-weight: bold;
	text-transform: uppercase;
	font-size: 11px;
	font-family: Arial, Helvetica, sans-serif;
    text-shadow: 0 1px 0 #995875;
	}
	
#pagemenu li a:hover, #pagemenu li a:active{
	color: #ecbed3;
	display: block;
	text-decoration: none;
    text-shadow: 0 1px 0 #542138;
	}
	
#pagemenu  li.current_page_item a {
	color: #ecbed3;
    text-shadow: 0 1px 0 #542138;
	}

#pagemenu li:hover, #pagemenu li.sfhover { 
	position: static;
	}
	


.navcontainer {
	height: 36px;
    border-bottom: 7px solid #682e48;
    margin-bottom: 7px;
	}
	
#nav {
	height: 36px;
	background-repeat: repeat-x;
	}

#nav, #nav ul { 
	padding: 0;
	margin: 0;
	list-style: none;
	line-height: 1;
	}
#nav {
	margin-bottom: 1px;
	padding-left: 10px;
	}
	
#nav ul {
	float: left;
	list-style: none;
	margin: 0px 0px 0px 0px;
	padding: 0px;
	}
	
#nav li {
	float: left;
	list-style: none;
	margin: 0px;
	padding: 0px;
	}
	
#nav ul li {
	list-style: none;
	margin: 0px;
	padding: 0px;
	}
	
#nav li a, #nav li a:link {
	color: #fff;
	display: block;
    margin: 0px 3px 0px 3px;
	padding: 12px;
	text-decoration: none;
	font-size: 12px;
	font-weight: bold;
	text-transform: uppercase;
    font-family: Arial, Helvetica, Sans-serif;
    background: url(http://4.bp.blogspot.com/_yPlAAAH9bEo/S_E5whJCY6I/AAAAAAAAANc/etfCtN6j6Kw/s1600/nav-backgr.png) top left repeat-x;
    text-shadow: 0 1px 0 #3b021c;
	}
	
#nav li a:hover, #nav li a:active {
	background: url(http://2.bp.blogspot.com/_yPlAAAH9bEo/S_E59BJufkI/AAAAAAAAANk/NaIPOW1wT8E/s1600/nav-backgr-hover.png) top left repeat-x;
	color: #fff;
	display: block;
	text-decoration: none;
	}
	
#nav  li.current-cat a {
    background: url(http://4.bp.blogspot.com/_yPlAAAH9bEo/S_E6El5amzI/AAAAAAAAANs/4AXkpLOqMQI/s1600/nav-backgr-hover.png) top left repeat-x;
	color:#fff;
	}

#nav li:hover, #nav li.sfhover { 
	position: static;
	}

/* CONTENT */

#content {
	padding: 15px 5px 15px 15px;
    color: #bcbcbc;
	}
h1, h2, h3, h4, h5, h6 {
    color: #bcbcbc;
}
	
pre { overflow: auto; 
	width: 470px; 
	}

.post {
	padding-bottom: 15px;
	margin-bottom: 15px;
    border-bottom: 1px solid #272829;
	}

.post p {
	margin-bottom: 10px;
	}

.title {
	margin: 0 0 8px 0;
	padding: 0px;
	line-height: 22px;
	font-size: 22px;
	font-family: Arial, Helvetica, Sans-serif;
    font-weight: bold;
	color: #fff;
    text-shadow: 0 1px 0 #000;
	}

	
.title a {
	text-decoration: none;
	color: #fff;
	}

.title a:hover {
	text-decoration: none;
	color: #9c5f7b;
	}

.pagetitle {
	margin-bottom: 20px;
	line-height: 22px;
	font-family: Arial, Verdana;
	text-decoration: underline;
}

.postdate {
	font-size: 13px;
	font-family: Arial, Helvetica, Sans-serif;
    font-style: italic;
    color: #8a8a8a;
    text-shadow: 0 1px 0 #000;
	}


.postmeta {
	font-size: 11px;
	padding: 2px 4px;
	font-family: Arial, Verdana;
	}
	
.postdate img, .postmeta img {
	border: none;
	vertical-align: middle;
	margin:2px;
	}
	
.entry {
	text-align: justify;
	line-height: 20px;
	padding-top: 8px;
	font-family: Arial, Verdana;
	font-size: 14px;
	}
.navigation {
	padding: 10px 0;
	}

blockquote {
	overflow: hidden;
	padding-left: 9px;
	font-style: italic;
	color: #666;
	border-left: 3px solid #CADAE7;
	}
	
.post img {
	max-width: 680px;
	}

img.wp-smiley {
	max-height: 12px;
	margin: 0;
	padding: 0;
	border: none;
	}
	
.aligncenter,
div.aligncenter {
   display: block;
   margin-left: auto;
   margin-right: auto;
	}

.alignleft {
   float: left;
	}

.alignright {
   float: right;
	}

.readmorecontent{text-align:right}
a.readmore{padding:4px 15px;text-decoration:none;text-shadow:0 1px 0 #9c5f7b;font-size:12px}
a.readmore:hover{text-shadow:0 1px 0 #9c5f7b;color:#9c5f7b}

	
/* SIDEBAR(S) */

.sidebaradbox {
	margin-top: 5px; 
	text-align:center;
	}
	
.ad125 {
	margin: 6px;
	}


.sidebar {
	margin: 0 10px 10px 10px;
    color: #999999;
    font-size: 13px;
	}
	
.sidebar a {
	text-decoration: none;
	color: #999999;
	}

.sidebar a:hover {
	text-decoration: underline;
	color:#983c66;
	}
	
	
#search {
    border: 1px solid #904c6b;
    height: 30px;
    padding: 0;
    background: #853f5e;
    text-align: right;
    margin-top: 15px;
}

#search input {
	border: 0;
    background: none;
    color: #fff;
}
	
	
#s {
	width: 220px;
	padding: 4px;
    margin:3px 0 0 0;
    background: none;
}

#topsearch #search {
    margin: 10px 10px 0 0;
    }
    
#topsearch #s {
    width: 258px;
    }


.rssbox {
	background: #323232; 
	border: 1px solid #3f3f3f;
	padding: 10px;
	margin: 10px 0 0 0;
	}
    
.rssbox:hover {
    border: 1px solid #585858;
    }

.rssbox a {
	color: #8b8b8b;
	text-transform: uppercase;
	font-size: 12px;
	font-weight: bold;
	text-decoration: none;
    font-family: Arial, Helvetica, Sans-serif;
	}
.rssbox a:hover {
	color: #aaaaaa; 
	text-decoration: underline;
	}

.twitterbox {
	background: #323232; 
	border: 1px solid #3f3f3f;
	padding: 10px;
	margin: 10px 0 0 0;
	}
    
.twitterbox:hover {
    border: 1px solid #585858;
    }
	
.twitterbox a {
	color: #8b8b8b;
	text-transform: uppercase;
	font-size: 12px;
	font-weight: bold;
	text-decoration: none;
    font-family: Arial, Helvetica, Sans-serif;
	}
.twitterbox a:hover {
	color: #aaaaaa; 
	text-decoration: underline;
	}
	
		
/* Social icons */
.addthis_toolbox {
    padding: 15px 0 0px 0;
	text-align: center;
	}
.addthis_toolbox .custom_images a
{
    width: 32px;
    height: 32px;
    margin: 0 2px 0 2px;
    padding: 0;
}

.addthis_toolbox .custom_images a:hover img
{
    opacity: 1;
}

.addthis_toolbox .custom_images a img
{
    opacity: 0.85;
}


	
.sidebarvideo {

	}

.sidebar h2 {
	margin: 10px 0 0 0;
	padding: 8px 0 8px 10px;
	background: url(http://4.bp.blogspot.com/_yPlAAAH9bEo/S_E6flYKNxI/AAAAAAAAAN0/UG9NlZIWuyE/s1600/tab_backgr.png) left bottom repeat-x;
	background-repeat: repeat-x;
	background-position: top;
	font-size: 16px;
	font-family: Arial, Helvetica, Sans-serif;
	font-weight: bold;
	text-transform: uppercase;
    text-shadow: 0 1px 0 #2f0719;
	color: #fff;
	}

.sidebar ul {
	list-style-type: none;
	margin: 0px 0px 10px 0px;
	padding: 0px;
	}
	
.sidebar ul li {
	list-style-type: none;
	margin: 0px 0px 5px 0px;
	padding: 0px;
	}

.sidebar ul ul {
	list-style-type: none;
	margin: 0px;
	padding: 0px;
	}
	
.sidebar ul li {
	background: url(http://2.bp.blogspot.com/_QyYvzUJKPvk/S_CcB-n8nRI/AAAAAAAABls/rYsiCs9jlRk/s1600/bullet.png) left 12px no-repeat;
	padding: 6px 0px 6px 12px;
	margin: 0;
    border-bottom: 1px solid #362c24;
	}

	
.sidebar ul li ul li {
	background: url(http://4.bp.blogspot.com/_yPlAAAH9bEo/S_E7RUXPDxI/AAAAAAAAAN8/QXsW57uoQ0c/s1600/sidebar_separator.png) left bottom repeat-x;
	padding: 4px 0px 6px 4px;
	margin: 2px 0;
	}



#wp-calendar th {
	font-style: normal;
	text-transform: capitalize;
	color: #fceacf;
	background: none;
	}
#wp-calendar caption {
	padding: 2px 4px;
	text-transform: uppercase;	margin: 2px 0 2px 0;
	background: none;
	}

#wp-calendar td {
	color: #999999;
	font: normal 12px 'Lucida Grande', 'Lucida Sans Unicode', Verdana, sans-serif;
	letter-spacing: normal;
	padding: 2px 0;
	text-align: center;
	}

#wp-calendar td:hover, #wp-calendar #today {
	background: #eef0f4;
	color: #555;
	}
	
#wp-calendar {
	empty-cells: show;
	font-size: 14px;
	margin: 0;
	font-weight: bold; 
	width: 100%;
	}


/* FOOTER */

#footer {
	background: #4e1c33;
	padding: 22px;
	text-align: center;
	color: #fff;
	font-size: 13px;
	}

#footer a {
	color: #fff;
	} 

#footer a:hover {
	text-decoration: none;
	} 
	
#footer2 {
	color: #5b5b5b;
	font-size: 11px;
	text-align: center;
	padding: 10px;
	}
    	
#footer2 a {
	color: #5b5b5b;
    text-decoration: none;
	} 
	
/* COMMENTS */

#comments h3 {
	margin-bottom: 10px;	
}

#commentform input {
	width: 170px;
	padding: 2px;
	margin: 5px 5px 1px 0;
	}

#commentform {
	margin: 5px 10px 0 0;
	}
	
#commentform textarea {
	width: 100%;
	padding: 2px;
	}
	
#respond:after {
		content: "."; 
	    display: block; 
	    height: 0; 
	    clear: both; 
	    visibility: hidden;
	}
	
#commentform #submit {
	margin: 0 0 5px auto;
	float: right;
	}

.alt {
	margin: 0;
	padding: 10px;
	}

.commentlist {
	padding: 0;
	text-align: justify;
	}

.commentlist li {
	margin: 15px 0 10px;
	padding: 5px 5px 10px 10px;
	list-style: none;

	}
	
.commentlist li ul li { 
	margin-right: -5px;
	margin-left: 10px;
}

.commentlist p {
	margin: 10px 5px 10px 0;
}
.children { padding: 0; }

#commentform p {
	margin: 5px 0;
	}

.nocomments {
	text-align: center;
	margin: 0;
	padding: 0;
	}

.commentmetadata {
	margin: 0;
	display: block;
	}
	
.post_thumbnail {
    padding: 6px;
    background: #272829;
    border: 1px solid #333;
    margin: 0 10px 10px 0;
}


.feed-links{clear:both;line-height:2.5em;margin-left:10px}
#blog-pager-newer-link{float:left}
#blog-pager-older-link{float:right}
#blog-pager{text-align:center}

]]></b:skin>

  </head>
  <body>
<div id='wrapper'> 
<div class='container' id='container'>  
<div class='span-24'> 
<div class='span-16'> 
<div id='pagemenucontainer'> 
<ul id='pagemenu'> 
<li><a expr:href='data:blog.homepageUrl'>Home</a></li> 
<li class='page_item page-item-64'><a href='#' title='About'>About</a></li> 
<li class='page_item page-item-65'><a href='#' title='Services'>Services</a></li> 
<li class='page_item page-item-6'><a href='#' title='Parent Page'>Parent Page</a></li> 
<li class='page_item page-item-12'><a href='#' title='Contacts'>Contacts</a></li> 
</ul> 
</div> </div> 
				
<div class='span-8 last' id='topsearch'> 				 
<div id='search'> 
    <form action='/search' id='searchform' method='get'> 
        <input id='s' name='s' onblur='if (this.value == &apos;&apos;)  {this.value = &apos;Search&apos;;}' onfocus='if (this.value == &apos;Search&apos;) {this.value = &apos;&apos;;}' type='text' value='Search'/> 
        <input src='http://2.bp.blogspot.com/_yPlAAAH9bEo/S_E82D5SToI/AAAAAAAAAOE/H6-3Te9VqGw/s1600/search.gif' style='border:0; vertical-align: top;' type='image'/> 
    </form> 
</div> </div> </div> 
				
<div class='span-24' id='header'> 
					<div class='span-11'> 
	<a expr:href='data:blog.homepageUrl'><img alt='Best Theme' class='logoimg' src='http://3.bp.blogspot.com/_yPlAAAH9bEo/S_Feqdi2IWI/AAAAAAAAAOs/snOKOLXIVTs/s1600/logo.png' title='Best Theme'/></a> </div>

<div class='span-13 last' style='padding-top: 35px; text-align:center;'> 
<b:section class='adv' id='adv' maxwidgets='1' showaddelement='no'>
<b:widget id='AdSense1' locked='true' title='' type='AdSense'>
<b:includable id='main'>
  <div class='widget-content'>
    <data:adCode/>
    <b:include name='quickedit'/>
  </div>
</b:includable>
</b:widget>
</b:section>						
</div>
</div> 			
			
<div class='span-24'> 
<div class='navcontainer'> 
<ul id='nav'> 
<li><a expr:href='data:blog.homepageUrl'>Home</a></li> 
<li class='cat-item cat-item-3'><a href='#' title='View all posts filed under Browsers'>Browsers</a> 
</li> 
<li class='cat-item cat-item-4'><a href='#' title='View all posts filed under Computers'>Computers</a> 
</li> 
<li class='cat-item cat-item-5'><a href='#' title='View all posts filed under Featured'>Featured</a> 
</li> 	
<li class='cat-item cat-item-1'><a href='#' title='View all posts filed under General'>General</a> 
</li> 	
<li class='cat-item cat-item-7'><a href='#' title='View all posts filed under News'>News</a> 
</li> 
<li class='cat-item cat-item-8'><a href='#' title='View all posts filed under Parent Category'>Parent Category</a> 
</li> 
<li class='cat-item cat-item-9'><a href='#' title='View all posts filed under Web Design'>Web Design</a> 
</li> 
<li class='cat-item cat-item-10'><a href='#' title='View all posts filed under WordPress'>WordPress</a> 
</li> 
</ul> 
</div></div>	

<div class='span-24' id='contentwrap'>
      <div class='span-16'> 
<div id='content'>
<b:section class='main' id='main' showaddelement='no'>
<b:widget id='Blog1' locked='true' title='Blog Posts' type='Blog'>
<b:includable id='nextprev'>
  <div class='blog-pager' id='blog-pager'>
    <b:if cond='data:newerPageUrl'>
      <span id='blog-pager-newer-link'>
      <a class='blog-pager-newer-link' expr:href='data:newerPageUrl' expr:id='data:widget.instanceId + &quot;_blog-pager-newer-link&quot;' expr:title='data:newerPageTitle'><data:newerPageTitle/></a>
      </span>
    </b:if>

    <b:if cond='data:olderPageUrl'>
      <span id='blog-pager-older-link'>
      <a class='blog-pager-older-link' expr:href='data:olderPageUrl' expr:id='data:widget.instanceId + &quot;_blog-pager-older-link&quot;' expr:title='data:olderPageTitle'><data:olderPageTitle/></a>
      </span>
    </b:if>

    <a class='home-link' expr:href='data:blog.homepageUrl'><data:homeMsg/></a>

  </div>
  <div class='clear'/>
</b:includable>
<b:includable id='shareButtons' var='post'>
  <b:if cond='data:post.sharePostUrl'>
      <a class='share-button sb-email' expr:href='data:post.sharePostUrl + &quot;&amp;target=email&quot;' expr:title='data:top.emailThisMsg' target='_blank'>
        <span class='share-button-link-text'><data:top.emailThisMsg/></span></a>
      <a class='share-button sb-blog' expr:href='data:post.sharePostUrl + &quot;&amp;target=blog&quot;' expr:onclick='&quot;window.open(this.href, \&quot;&quot; + data:top.blogThisMsg             + &quot;\&quot;, \&quot;height=270,width=475\&quot;); return false;&quot;' expr:title='data:top.blogThisMsg' target='_blank'>
        <span class='share-button-link-text'><data:top.blogThisMsg/></span></a>
      <a class='share-button sb-twitter' expr:href='data:post.sharePostUrl + &quot;&amp;target=twitter&quot;' expr:title='data:top.shareToTwitterMsg' target='_blank'>
        <span class='share-button-link-text'><data:top.shareToTwitterMsg/></span></a>
      <a class='share-button sb-facebook' expr:href='data:post.sharePostUrl + &quot;&amp;target=facebook&quot;' expr:onclick='&quot;window.open(this.href, \&quot;&quot;             + data:top.shareToFacebookMsg + &quot;\&quot;, \&quot;height=430,width=640\&quot;); return false;&quot;' expr:title='data:top.shareToFacebookMsg' target='_blank'>
        <span class='share-button-link-text'><data:top.shareToFacebookMsg/></span></a>
      <a class='share-button sb-buzz' expr:href='data:post.sharePostUrl + &quot;&amp;target=buzz&quot;' expr:onclick='&quot;window.open(this.href, \&quot;&quot; + data:top.shareToBuzzMsg             + &quot;\&quot;, \&quot;height=415,width=690\&quot;); return false;&quot;' expr:title='data:top.shareToBuzzMsg' target='_blank'>
        <span class='share-button-link-text'><data:top.shareToBuzzMsg/></span></a>
  </b:if>
</b:includable>
<b:includable id='backlinks' var='post'>
  <a name='links'/><h4><data:post.backlinksLabel/></h4>
  <b:if cond='data:post.numBacklinks != 0'>
    <dl class='comments-block' id='comments-block'>
      <b:loop values='data:post.backlinks' var='backlink'>
        <div class='collapsed-backlink backlink-control'>
          <dt class='comment-title'>
            <span class='backlink-toggle-zippy'>&#160;</span>
            <a expr:href='data:backlink.url' rel='nofollow'><data:backlink.title/></a>
            <b:include data='backlink' name='backlinkDeleteIcon'/>
          </dt>
          <dd class='comment-body collapseable'>
            <data:backlink.snippet/>
          </dd>
          <dd class='comment-footer collapseable'>
            <span class='comment-author'><data:post.authorLabel/> <data:backlink.author/></span>
            <span class='comment-timestamp'><data:post.timestampLabel/> <data:backlink.timestamp/></span>
          </dd>
        </div>
      </b:loop>
    </dl>
  </b:if>
  <p class='comment-footer'>
    <a class='comment-link' expr:href='data:post.createLinkUrl' expr:id='data:widget.instanceId + &quot;_backlinks-create-link&quot;' target='_blank'><data:post.createLinkLabel/></a>
  </p>
</b:includable>
<b:includable id='post' var='post'>
  <div class='post hentry'>
    <a expr:name='data:post.id'/>
    <b:if cond='data:post.title'>
      <h2 class='title'>
     <b:if cond='data:post.link'>
       <a expr:href='data:post.link'><data:post.title/></a>
     <b:else/>
        <b:if cond='data:post.url'>
          <a expr:href='data:post.url'><data:post.title/></a>
        <b:else/>
          <data:post.title/>
        </b:if>
     </b:if>
      </h2>
    </b:if>
<div class='postdate'><img src='http://2.bp.blogspot.com/_rgHYBmPCWo4/S-1bKYoJ-uI/AAAAAAAAByA/4hrSgspNBnQ/s1600/date.png'/><data:post.timestamp/>
<img src='http://3.bp.blogspot.com/_rgHYBmPCWo4/S-1bXfmCLlI/AAAAAAAAByI/v0vOu-04Z08/s1600/user.png'/>
<data:post.author/>
</div>

    <div class='post-header'>
    <div class='post-header-line-1'/>
    </div>

    <div class='entry'>
      <b:if cond='data:blog.pageType == &quot;item&quot;'>
    <p><data:post.body/></p>
    <b:else/><DIV expr:id='&quot;summary&quot; + data:post.id'><p><data:post.body/></p></DIV> <SCRIPT type='text/javascript'>createSummaryAndThumb(&quot;summary<data:post.id/>&quot;);</SCRIPT> <div style='clear: both;'/> <div style='border:0px;padding-top:5px;;float:right;text-align:right;'><span class='readon'><a class='readmore' expr:href='data:post.url' rel='bookmark'>Keep Reading...&#187;</a></span></div>
    </b:if>
      <div style='clear: both;'/> <!-- clear for photos floats -->
    </div>
  <div class='postmeta'><img src='http://1.bp.blogspot.com/_rgHYBmPCWo4/S-1bmlZviQI/AAAAAAAAByQ/Igf7V9SU8MQ/s1600/folder.png'/> Posted in <span class='post-labels'>
        <b:if cond='data:post.labels'>          
          <b:loop values='data:post.labels' var='label'>
            <a expr:href='data:label.url' rel='tag'><data:label.name/></a><b:if cond='data:label.isLast != &quot;true&quot;'>,</b:if>
          </b:loop>
        </b:if>
      </span>
</div>
    <b:if cond='data:post.hasJumpLink'>
      <div class='jump-link'>
        <a expr:href='data:post.url + &quot;#more&quot;' expr:title='data:post.title'><data:post.jumpText/></a>  
      </div>
    </b:if>
    
    <div class='post-footer'>
    <div class='post-footer-line post-footer-line-1'>
      <span class='post-author vcard'>
        <b:if cond='data:top.showAuthor'>
          <data:top.authorLabel/>
          <span class='fn'><data:post.author/></span>
        </b:if>
      </span>

     
  
      <span class='reaction-buttons'>
        <b:if cond='data:top.showReactions'>
          <table border='0' cellpadding='0' cellspacing='0' width='100%'><tr>
            <td class='reactions-label-cell' nowrap='nowrap' valign='top' width='1%'>
              <span class='reactions-label'>
              <data:top.reactionsLabel/></span>&#160;</td>
            <td><iframe allowtransparency='true' class='reactions-iframe' expr:src='data:post.reactionsUrl' frameborder='0' name='reactions' scrolling='no'/></td>
           </tr></table>
        </b:if>
      </span>

      <span class='star-ratings'>
        <b:if cond='data:top.showStars'>
           <div expr:g:background-color='data:backgroundColor' expr:g:text-color='data:textColor' expr:g:url='data:post.absoluteUrl' g:height='42' g:type='RatingPanel' g:width='280'/>
        </b:if>
      </span>


       <!-- backlinks -->
       <span class='post-backlinks post-comment-link'>
         <b:if cond='data:blog.pageType != &quot;item&quot;'>
           <b:if cond='data:blog.pageType != &quot;static_page&quot;'>
             <b:if cond='data:post.showBacklinks'>
               <a class='comment-link' expr:href='data:post.url + &quot;#links&quot;'><data:top.backlinkLabel/></a>
             </b:if>
           </b:if>
         </b:if>
       </span>

      <span class='post-icons'>
        <!-- email post links -->
        <b:if cond='data:post.emailPostUrl'>
          <span class='item-action'>
          <a expr:href='data:post.emailPostUrl' expr:title='data:top.emailPostMsg'>
              <img alt='' class='icon-action' height='13' src='//www.blogger.com/img/icon18_email.gif' width='18'/>
          </a>
          </span>
        </b:if>

        <!-- quickedit pencil -->
        <b:include data='post' name='postQuickEdit'/>
      </span>
      </div>

      <div class='post-footer-line post-footer-line-2'>

      </div>

      <div class='post-footer-line post-footer-line-3'>
      <span class='post-location'>
        <b:if cond='data:top.showLocation'>
          <b:if cond='data:post.location'>
            <data:postLocationLabel/>
            <a expr:href='data:post.location.mapsUrl' target='_blank'><data:post.location.name/></a>
          </b:if>
        </b:if>
      </span>
      </div>
    </div>
  </div>
</b:includable>
<b:includable id='status-message'>
  <b:if cond='data:navMessage'>
  <div class='status-msg-wrap'>
    <div class='status-msg-body'>
      <data:navMessage/>
    </div>
    <div class='status-msg-border'>
      <div class='status-msg-bg'>
        <div class='status-msg-hidden'><data:navMessage/></div>
      </div>
    </div>
  </div>
  <div style='clear: both;'/>
  </b:if>
</b:includable>
<b:includable id='comment-form' var='post'>
  <div class='comment-form'>
    <a name='comment-form'/>
    <h4 id='comment-post-message'><data:postCommentMsg/></h4>
    <p><data:blogCommentMessage/></p>
    <data:blogTeamBlogMessage/>
    <a expr:href='data:post.commentFormIframeSrc' id='comment-editor-src'/>
    <iframe allowtransparency='true' class='blogger-iframe-colorize blogger-comment-from-post' frameborder='0' height='410' id='comment-editor' name='comment-editor' src='' width='150%'/>
    <data:post.friendConnectJs/>
    <data:post.cmtfpIframe/>
    <script type='text/javascript'>
      BLOG_CMT_createIframe(&#39;<data:post.appRpcRelayPath/>&#39;, &#39;<data:post.communityId/>&#39;);
    </script>
  </div>
</b:includable>
<b:includable id='backlinkDeleteIcon' var='backlink'>
  <span expr:class='&quot;item-control &quot; + data:backlink.adminClass'>
    <a expr:href='data:backlink.deleteUrl' expr:title='data:top.deleteBacklinkMsg'>
      <img src='//www.blogger.com/img/icon_delete13.gif'/>
    </a>
  </span>
</b:includable>
<b:includable id='postQuickEdit' var='post'>
  <b:if cond='data:post.editUrl'>
    <span expr:class='&quot;item-control &quot; + data:post.adminClass'>
      <a expr:href='data:post.editUrl' expr:title='data:top.editPostMsg'>
        <img alt='' class='icon-action' height='18' src='//www.blogger.com/img/icon18_edit_allbkg.gif' width='18'/>
      </a>
    </span>
  </b:if>
</b:includable>
<b:includable id='main' var='top'>
  <!-- posts -->
  <div class='blog-posts hfeed'>

    <b:include data='top' name='status-message'/>

    <data:defaultAdStart/>
    <b:loop values='data:posts' var='post'>
      <b:if cond='data:post.isDateStart'>
        <b:if cond='data:post.isFirstPost == &quot;false&quot;'>
          &lt;/div&gt;&lt;/div&gt;
        </b:if>
      </b:if>
      <b:if cond='data:post.isDateStart'>
        &lt;div class=&quot;date-outer&quot;&gt;
      </b:if>
      <b:if cond='data:post.dateHeader'>
      </b:if>
      <b:if cond='data:post.isDateStart'>
        &lt;div class=&quot;date-posts&quot;&gt;
      </b:if>
      <div class='post-outer'>
      <b:include data='post' name='post'/>
      <b:if cond='data:blog.pageType == &quot;static_page&quot;'>
        <b:include data='post' name='comments'/>
      </b:if>
      <b:if cond='data:blog.pageType == &quot;item&quot;'>
        <b:include data='post' name='comments'/>
      </b:if>
      </div>
      <b:if cond='data:post.includeAd'>
        <b:if cond='data:post.isFirstPost'>
          <data:defaultAdEnd/>
        <b:else/>
          <data:adEnd/>
        </b:if>
        <div class='inline-ad'>
          <data:adCode/>
        </div>
        <data:adStart/>
      </b:if>
      <b:if cond='data:post.trackLatency'>
        <data:post.latencyJs/>
      </b:if>
    </b:loop>
    <b:if cond='data:numPosts != 0'>
      &lt;/div&gt;&lt;/div&gt;
    </b:if>
    <data:adEnd/>
  </div>

  <!-- navigation -->
  <b:include name='nextprev'/>

  <!-- feed links -->
  <b:include name='feedLinks'/>
  
  <b:if cond='data:top.showStars'>
    <script src='//www.google.com/jsapi' type='text/javascript'/>
    <script type='text/javascript'>
      google.load(&quot;annotations&quot;, &quot;1&quot;, {&quot;locale&quot;: &quot;<data:top.languageCode/>&quot;});
      function initialize() {
        google.annotations.setApplicationId(<data:top.blogspotReviews/>);
        google.annotations.createAll();
        google.annotations.fetch();
      }
      google.setOnLoadCallback(initialize);
    </script>
  </b:if>
</b:includable>
<b:includable id='commentDeleteIcon' var='comment'>
  <span expr:class='&quot;item-control &quot; + data:comment.adminClass'>
    <a expr:href='data:comment.deleteUrl' expr:title='data:top.deleteCommentMsg'>
      <img src='//www.blogger.com/img/icon_delete13.gif'/>
    </a>
  </span>
</b:includable>
<b:includable id='feedLinks'>
  <b:if cond='data:blog.pageType != &quot;item&quot;'> <!-- Blog feed links -->
    <b:if cond='data:feedLinks'>
      <div class='blog-feeds'>
        <b:include data='feedLinks' name='feedLinksBody'/>
      </div>
    </b:if>

    <b:else/> <!--Post feed links -->
    <div class='post-feeds'>
      <b:loop values='data:posts' var='post'>
        <b:if cond='data:post.allowComments'>
          <b:if cond='data:post.feedLinks'>
            <b:include data='post.feedLinks' name='feedLinksBody'/>
          </b:if>
        </b:if>
      </b:loop>
    </div>
  </b:if>
</b:includable>
<b:includable id='feedLinksBody' var='links'>
  <div class='feed-links'>
  <data:feedLinksMsg/>
  <b:loop values='data:links' var='f'>
     <a class='feed-link' expr:href='data:f.url' expr:type='data:f.mimeType' target='_blank'><data:f.name/> (<data:f.feedType/>)</a>
  </b:loop>
  </div>
</b:includable>
<b:includable id='comments' var='post'>
    <div class='comments' id='comments'>
    <a name='comments'/>
    <b:if cond='data:post.allowComments'>
      <h4>
        <b:if cond='data:post.numComments == 0'>
          No Response to &quot;<data:post.title/>&quot;
        <b:else/>
          <data:post.numComments/> Response to &quot;<data:post.title/>&quot;
        </b:if>
      </h4>

      <b:if cond='data:post.commentPagingRequired'>
        <span class='paging-control-container'>
          <a expr:class='data:post.oldLinkClass' expr:href='data:post.oldestLinkUrl'><data:post.oldestLinkText/></a>
          &#160;
          <a expr:class='data:post.oldLinkClass' expr:href='data:post.olderLinkUrl'><data:post.olderLinkText/></a>
          &#160;
          <data:post.commentRangeText/>
          &#160;
          <a expr:class='data:post.newLinkClass' expr:href='data:post.newerLinkUrl'><data:post.newerLinkText/></a>
          &#160;
          <a expr:class='data:post.newLinkClass' expr:href='data:post.newestLinkUrl'><data:post.newestLinkText/></a>
        </span>
      </b:if>

      <dl expr:class='data:post.avatarIndentClass' id='comments-block'>
        <b:loop values='data:post.comments' var='comment'>
          <dt expr:class='&quot;comment-author &quot; + data:comment.authorClass' expr:id='data:comment.anchorName'>
            <b:if cond='data:comment.favicon'>
              <img expr:src='data:comment.favicon' height='16px' style='margin-bottom:-2px;' width='16px'/>
            </b:if>
            <a expr:name='data:comment.anchorName'/>
            <b:if cond='data:blog.enabledCommentProfileImages'>
              <data:comment.authorAvatarImage/>
            </b:if>
            <b:if cond='data:comment.authorUrl'>
              <a expr:href='data:comment.authorUrl' rel='nofollow'><data:comment.author/></a>
            <b:else/>
              <data:comment.author/>
            </b:if>
            <data:commentPostedByMsg/>
          </dt>
          <dd class='comment-footer'>
            <span class='comment-timestamp'>
              <a expr:href='data:comment.url' title='comment permalink'>
                <data:comment.timestamp/>
              </a>
              <b:include data='comment' name='commentDeleteIcon'/>
            </span>
          </dd>
          <dd class='comment-body'>
            <b:if cond='data:comment.isDeleted'>
              <span class='deleted-comment'><data:comment.body/></span>
            <b:else/>
              <p><data:comment.body/></p>
            </b:if>
          </dd>

        </b:loop>
      </dl>

      <b:if cond='data:post.commentPagingRequired'>
        <span class='paging-control-container'>
          <a expr:class='data:post.oldLinkClass' expr:href='data:post.oldestLinkUrl'>
            <data:post.oldestLinkText/>
          </a>
          <a expr:class='data:post.oldLinkClass' expr:href='data:post.olderLinkUrl'>
            <data:post.olderLinkText/>
          </a>
          &#160;
          <data:post.commentRangeText/>
          &#160;
          <a expr:class='data:post.newLinkClass' expr:href='data:post.newerLinkUrl'>
            <data:post.newerLinkText/>
          </a>
          <a expr:class='data:post.newLinkClass' expr:href='data:post.newestLinkUrl'>
            <data:post.newestLinkText/>
          </a>
        </span>
      </b:if>

      <p class='comment-footer'>
        <b:if cond='data:post.embedCommentForm'>
          <b:if cond='data:post.allowNewComments'>
            <b:include data='post' name='comment-form'/>
          <b:else/>
            <data:post.noNewCommentsText/>
          </b:if>
        <b:else/>
          <b:if cond='data:post.allowComments'>
            <a expr:href='data:post.addCommentUrl' expr:onclick='data:post.addCommentOnclick'><data:postCommentMsg/></a>
          </b:if>
        </b:if>

      </p>
    </b:if>

    <div id='backlinks-container'>
    <div expr:id='data:widget.instanceId + &quot;_backlinks-container&quot;'>
       <b:if cond='data:post.showBacklinks'>
         <b:include data='post' name='backlinks'/>
       </b:if>
    </div>
    </div>
  </div>
</b:includable>
</b:widget>
</b:section></div></div>

<div class='span-8 last' id='sidebar'>
<div class='addthis_toolbox'><div class='custom_images'> 
<a class='addthis_button_twitter'><img alt='Twitter' height='32' src='http://1.bp.blogspot.com/_rgHYBmPCWo4/S-1Ws_BC2fI/AAAAAAAABxA/Fnre2znZbvo/s1600/twitter.png' width='32'/></a> 
		            <a class='addthis_button_delicious'><img alt='Delicious' height='32' src='http://2.bp.blogspot.com/_rgHYBmPCWo4/S-1Xo0XHKFI/AAAAAAAABxI/WOn0ZzYeRLE/s1600/delicious.png' width='32'/></a> 
		            <a class='addthis_button_facebook'><img alt='Facebook' height='32' src='http://1.bp.blogspot.com/_rgHYBmPCWo4/S-1X7lOPshI/AAAAAAAABxQ/6YOCnnh3SMM/s1600/facebook.png' width='32'/></a> 
		            <a class='addthis_button_digg'><img alt='Digg' height='32' src='http://4.bp.blogspot.com/_rgHYBmPCWo4/S-1YH8lN6FI/AAAAAAAABxY/scwfhO0COlQ/s1600/digg.png' width='32'/></a> 
		            <a class='addthis_button_stumbleupon'><img alt='Stumbleupon' height='32' src='http://3.bp.blogspot.com/_rgHYBmPCWo4/S-1YTXL-1_I/AAAAAAAABxg/lYMnUPbwtHg/s1600/stumbleupon.png' width='32'/></a> 
		            <a class='addthis_button_favorites'><img alt='Favorites' height='32' src='http://1.bp.blogspot.com/_rgHYBmPCWo4/S-1YeVbU61I/AAAAAAAABxo/zA9AhSsxa4M/s1600/favorites.png' width='32'/></a> 
		            <a class='addthis_button_more'><img alt='More' height='32' src='http://2.bp.blogspot.com/_rgHYBmPCWo4/S-1YrAguiYI/AAAAAAAABxw/DzY8JgFsKYg/s1600/more.png' width='32'/></a> 
				</div> 
				    <script src='http://s7.addthis.com/js/250/addthis_widget.js?pub=xa-4a65e1d93cd75e94' type='text/javascript'/> 
				</div> 

<div class='sidebaradbox'> 
<a href='#125X125 Add Banner Url Here' target='_new'><img class='ad125' src='http://4.bp.blogspot.com/_yPlAAAH9bEo/S--FImn80XI/AAAAAAAAADY/6puKvKrxjV4/s1600/your_ad_here635436.jpg'/></a> 

<a href='#125X125 Add Banner Url Here' target='_new'><img class='ad125' src='http://4.bp.blogspot.com/_yPlAAAH9bEo/S--FImn80XI/AAAAAAAAADY/6puKvKrxjV4/s1600/your_ad_here635436.jpg'/></a> 
</div> 
         			
<div class='rssbox'> 
<a href='/feeds/posts/default/'><img alt='RSS Feed' src='http://2.bp.blogspot.com/_yPlAAAH9bEo/S--Ckdl7ziI/AAAAAAAAADQ/wRWGKbJ4o8A/s1600/rss.png' style='vertical-align:middle; margin-right: 5px;' title='RSS Feed'/></a><a href='/feeds/posts/default/'>Subscribe to Our RSS feed!</a> </div> 
    			    	
    	    			
<div class='twitterbox'> 
<a href='http://twitter.com/WPTwits'><img alt='Follow Us on Twitter!' src='http://newwpthemes.com/livedemo/wp-content/themes/Lenera/images/twitter.png' style='vertical-align:middle; margin-right: 5px;' title='Follow Us on Twitter!'/></a><a href='http://twitter.com/WPTwits'>Follow Us on Twitter!</a> 
    			</div> 
    			     
   

	        
<b:section class='sidebar' id='sidebar' preferred='yes'>
<b:widget id='HTML1' locked='false' title='Video' type='HTML'>
<b:includable id='main'>
  <!-- only display title if it's non-empty -->
  <b:if cond='data:title != &quot;&quot;'>
    <h2 class='title'><data:title/></h2>
  </b:if>
  <div class='widget-content'>
    <data:content/>
  </div>

  <b:include name='quickedit'/>
</b:includable>
</b:widget>
<b:widget id='Feed1' locked='false' title='Recent Post' type='Feed'>
<b:includable id='main'>
    <h2><data:title/></h2>
    <div class='widget-content' expr:id='data:widget.instanceId + &quot;_feedItemListDisplay&quot;'>
      <span style='filter: alpha(25); opacity: 0.25;'>
        <a expr:href='data:feedUrl'><data:loadingMsg/></a>
      </span>
    </div>
    <b:include name='quickedit'/>
  </b:includable>
</b:widget>
<b:widget id='Label1' locked='false' title='Labels' type='Label'>
<b:includable id='main'>
  <b:if cond='data:title'>
    <h2><data:title/></h2>
  </b:if>
  <div expr:class='&quot;widget-content &quot; + data:display + &quot;-label-widget-content&quot;'>
    <b:if cond='data:display == &quot;list&quot;'>
      <ul>
      <b:loop values='data:labels' var='label'>
        <li>
          <b:if cond='data:blog.url == data:label.url'>
            <span expr:dir='data:blog.languageDirection'><data:label.name/></span>
          <b:else/>
            <a expr:dir='data:blog.languageDirection' expr:href='data:label.url'><data:label.name/></a>
          </b:if>
          <b:if cond='data:showFreqNumbers'>
            <span dir='ltr'>(<data:label.count/>)</span>
          </b:if>
        </li>
      </b:loop>
      </ul>
    <b:else/>
      <b:loop values='data:labels' var='label'>
        <span expr:class='&quot;label-size label-size-&quot; + data:label.cssSize'>
          <b:if cond='data:blog.url == data:label.url'>
            <span expr:dir='data:blog.languageDirection'><data:label.name/></span>
          <b:else/>
            <a expr:dir='data:blog.languageDirection' expr:href='data:label.url'><data:label.name/></a>
          </b:if>
          <b:if cond='data:showFreqNumbers'>
            <span class='label-count' dir='ltr'>(<data:label.count/>)</span>
          </b:if>
        </span>
      </b:loop>
    </b:if>
    <b:include name='quickedit'/>
  </div>
</b:includable>
</b:widget>
<b:widget id='Followers1' locked='false' title='Followers' type='Followers'>
<b:includable id='main'>
  <b:if cond='data:title != &quot;&quot;'>
    <b:if cond='data:codeSnippet != &quot;&quot;'>
      <h2 class='title'><data:title/></h2>
    <b:else/>
      <b:if cond='data:totalFollowerCount != &quot;&quot;'>
        <h2 class='title'><data:title/> (<data:totalFollowerCount/>)</h2>
      </b:if>
    </b:if>  
  </b:if>
  <div class='widget-content'>
    <div expr:id='data:widget.instanceId + &quot;-wrapper&quot;'>
      <b:if cond='data:codeSnippet != &quot;&quot;'>
        <div style='margin-right:2px;'>
          <data:codeSnippet/>
        </div>
      <b:else/>
        <b:if cond='data:totalFollowerCount == &quot;&quot;'>
          <span class='item-control following-not-admin'>
            <b><data:failureSnippet/></b>
          </span>
          <span class='item-control blog-admin'>
            <b><data:adminFailureSnippet/></b>
          </span>
        <b:else/>
          <b:if cond='data:followingLinkPresent'>
            <div class='follow-this profile-link item-control following-follow-this'>
              <a expr:href='&quot;javascript:_FollowersView._openPopup(\&quot;&quot; + data:followUri + &quot;\&quot;);&quot;'>
                <data:followThisMessage/>
              </a>
            </div>
            <div class='follow-this profile-link item-control following-stop-following-this'>
              <a expr:href='&quot;javascript:_FollowersView._openPopup(\&quot;&quot; + data:followUri + &quot;\&quot;);&quot;'>
                <data:stopFollowingMessage/>
              </a>
            </div>
          </b:if>
  
          <div class='followers-grid'>
            <b:if cond='data:totalFollowerCount == 0'>
              <div class='profile-link item-control following-follow-this'>
                <data:emptyFollowersMessage/>
              </div>
            </b:if>
            <!--
            Relies on the js written out in navbar.gxp
            -->
            <b:loop values='data:followers' var='follower'>
              <div class='follower'>
                <a expr:href='data:follower.profileUrl' expr:title='data:follower.displayName' rel='nofollow'>
                <img class='follower-img' expr:alt='data:follower.displayName' expr:height='data:follower.imageHeight' expr:onerror='&quot;this.onerror=null;this.src=\&quot;&quot; + data:anonFollowerImageUrl + &quot;\&quot;;&quot;' expr:onload='&quot;setAttributeOnload(this, \&quot;src\&quot;, \&quot;&quot; + data:follower.imageUrl + &quot;\&quot;)&quot;' expr:width='data:follower.imageWidth' src='http://img1.blogblog.com/img/blank.gif'/>
                </a>
              </div>
            </b:loop>
            <div class='clear'/>
          </div>
  
          <div class='followers-canvas profile-link'>
            <data:followersFooterMessage/>
            <span class='item-control following-not-admin'>
              <a expr:href='data:followersUri'>
                <data:viewAllMessage/>
              </a>
            </span>
            <span class='item-control blog-admin'>
              <a expr:href='data:manageFollowersUri'>
                <data:manageFollowersMessage/>
              </a>
            </span>
          </div>
          </b:if>
      </b:if>
    </div>
    <b:include name='quickedit'/>
  </div>
</b:includable>
</b:widget>
<b:widget id='BlogArchive1' locked='false' title='Blog Archive' type='BlogArchive'>
<b:includable id='main'>
  <b:if cond='data:title'>
    <h2><data:title/></h2>
  </b:if>
  <div class='widget-content'>
  <div id='ArchiveList'>
  <div expr:id='data:widget.instanceId + &quot;_ArchiveList&quot;'>
    <b:if cond='data:style == &quot;HIERARCHY&quot;'>
     <b:include data='data' name='interval'/>
    </b:if>
    <b:if cond='data:style == &quot;FLAT&quot;'>
      <b:include data='data' name='flat'/>
    </b:if>
    <b:if cond='data:style == &quot;MENU&quot;'>
      <b:include data='data' name='menu'/>
    </b:if>
  </div>
  </div>
  <b:include name='quickedit'/>
  </div>
</b:includable>
<b:includable id='flat' var='data'>
  <ul class='flat'>
    <b:loop values='data:data' var='i'>
      <li class='archivedate'>
        <a expr:href='data:i.url'><data:i.name/></a> (<data:i.post-count/>)
      </li>
    </b:loop>
  </ul>
</b:includable>
<b:includable id='menu' var='data'>
  <select expr:id='data:widget.instanceId + &quot;_ArchiveMenu&quot;'>
    <option value=''><data:title/></option>
    <b:loop values='data:data' var='i'>
      <option expr:value='data:i.url'><data:i.name/> (<data:i.post-count/>)</option>
    </b:loop>
  </select>
</b:includable>
<b:includable id='interval' var='intervalData'>
  <b:loop values='data:intervalData' var='i'>
      <ul class='hierarchy'>
        <li expr:class='&quot;archivedate &quot; + data:i.expclass'>
          <b:include data='i' name='toggle'/>
          <a class='post-count-link' expr:href='data:i.url'><data:i.name/></a>
            <span class='post-count' dir='ltr'>(<data:i.post-count/>)</span>
          <b:if cond='data:i.data'>
            <b:include data='i.data' name='interval'/>
          </b:if>
          <b:if cond='data:i.posts'>
            <b:include data='i.posts' name='posts'/>
          </b:if>
        </li>
      </ul>
  </b:loop>
</b:includable>
<b:includable id='toggle' var='interval'>
  <b:if cond='data:interval.toggleId'>
  <b:if cond='data:interval.expclass == &quot;expanded&quot;'>
    <a class='toggle' href='javascript:void(0)'>
      <span class='zippy toggle-open'>&#9660;&#160;</span>
    </a>
  <b:else/>
    <a class='toggle' href='javascript:void(0)'>
      <span class='zippy'>
        <b:if cond='data:blog.languageDirection == &quot;rtl&quot;'>
          &#9668;&#160;
        <b:else/>
          &#9658;&#160;
        </b:if>
      </span>
    </a>
  </b:if>
 </b:if>
</b:includable>
<b:includable id='posts' var='posts'>
  <ul class='posts'>
    <b:loop values='data:posts' var='i'>
      <li><a expr:href='data:i.url'><data:i.title/></a></li>
    </b:loop>
  </ul>
</b:includable>
</b:widget>
</b:section></div>
<!-- spacer for skins that want sidebar and main to be the same height-->
<div class='clear'>&#160;</div></div> <!-- end content-wrapper -->
<div class='span-24'><div id='footer'>
Copyright &#169; <strong><data:blog.title/></strong> | converted by <a href='http://www.besttheme.net/' target='_blank'><strong>Best Theme</strong></a> | Designed by <strong>NewWpThemes.com </strong></div>
<div id='footer2'>powered by <a href='http://blogger.com/'><strong>Blogger</strong></a></div></div></div>
  </div> <!-- end outer-wrapper -->


</body>
</html>