<?xml version="1.0" encoding="UTF-8" ?>
<!DOCTYPE html PUBLIC "-//W3C//DTD XHTML 1.0 Strict//EN" "http://www.w3.org/TR/xhtml1/DTD/xhtml1-strict.dtd">
<html xmlns='http://www.w3.org/1999/xhtml' xmlns:b='http://www.google.com/2005/gml/b' xmlns:data='http://www.google.com/2005/gml/data' xmlns:expr='http://www.google.com/2005/gml/expr'>
  <head>
    <b:include data='blog' name='all-head-content'/>
    <b:if cond='data:blog.pageType == &quot;index&quot;'>
    <title><data:blog.pageTitle/></title>
    <b:else/>
    <title><data:blog.pageName/> - <data:blog.title/></title>
    </b:if>
<b:if cond='data:blog.pageType == &quot;index&quot;'>
<meta content='DESCRIPTION OF THE GENERAL WEBSITE CONTENT' name='description'/>
<meta content='HERE THE KEYWORDS, SEPARATED BY COMMAS' name='keywords'/>
<meta content='HERE THE KEYWORDS SEPARATED BY POINT ' name='robots'/>
<meta content='NAME OF AUTHOR' name='author'/>
</b:if>
    <b:skin><![CDATA[

/*-----------------------------------------------
Blogger Template Style
Name:       B.Behavior Theme
Design:    George Robinson
Author:    BTDesigner
URL:         http://btdesigner.blogspot.com
Date:        Jun 2012

THE CONTENTS OF THIS TEMPLATE IS MADE BY BTDESIGNER (Icon is copyrighted to respective artist).
PLEASE BE RESPECTFUL AND DO NOT REMOVE CREDIT FOOTER LINK WITHOUT MY PERMISSION.
YOU ARE ALLOWED TO DISTRIBUTE BUT NOT ALLOWED TO ADD ANY LINK ON FOOTER 
----------------------------------------------- */

/* Use this with templates/template-twocol.html */

#navbar-iframe {
display:none !important;
}

/* ---------->>> GLOBAL <<<-----------*/
body {
background:#fff;
color:#151515;
font-size:13px;
font-family:Arial, Helvetica, Georgia, sans-serif;
text-align:left;
margin:0 auto;
padding:0;
}

a {
color: #151515;
text-decoration:none;
outline:0;
}

a:visited {
text-decoration:none;
}

a:hover {
color:#57B5E9;
text-decoration:none;
}

a img {
border-width:0;
}

code,blockquote {
display:block;
border-left:5px solid #222;
margin-bottom:20px;
padding:10px;
}

code {
background-color:#222;
color:#ccc;
border:none;
}

blockquote {
border-left:5px solid #222;
}

blockquote p {
font-style:italic;
font-family:Georgia, "Times New Roman", Times, serif;
color:#333;
height:1%;
margin:0;
}

/* ---------->>> WRAP <<<-----------*/
#outer-wrapper {
background:#fff;
width:980px;
text-align:left;
margin:15px auto;
padding:0 10px;
}

/* ---------->>> HEADER <<<-----------*/
#head {
width:100%;
background:#fff;
-moz-box-shadow:0 0 10px #131313;
-webkit-box-shadow:0 0 5px #131313;
-goog-ms-box-shadow:0 0 5px #131313;
box-shadow:0 0 10px #131313;
margin:0 auto;
padding:0;
}

#header-wrapper {
width:970px;
height:110px;
color:#151515;
overflow:hidden;
margin:0 auto;
padding:5px;
}

#header-inner {
background-position:left;
background-repeat:no;
}

#header {
float:left;
width:480px;
margin:0 auto;
padding:0;
}

#header h1 {
text-align:left;
color:#151515;
font-size:50px;
font-weight:700;
line-height:1.4em;
margin:0 auto;
padding:0;
}

#header a {
color:#000;
text-decoration:none;
}

#header a:hover {
color:#57b5e9;
}

#header .description {
text-align:left;
color:#151515;
font-weight:400;
line-height:normal;
padding-top:10px;
margin:0 auto;
}

#header img {
margin:0 auto;
}

#headerright {
float:right;
width:470px;
margin:0 auto;
padding:0;
}

/* ---------->>> BANNER ADS <<<-----------*/
#banner-ads {
width:468px;
text-align:center;
margin:0 auto;
padding:20px 0;
}


/* ---------->>> MENU TOP<<<-----------*/
#top {
width:100%;
height:35px;
background:#1C1C1C;
border-bottom:3px solid #4F4F4F;
margin:0 auto;
padding:0;
}

#navwrap {
width:560px;
float:left;
text-align:right;
margin:0 auto;
}

ul#mtop {
margin-top:0;
list-style-type:none;
padding:0;
}

ul#mtop li {
position:relative;
float:left;
border-top:0 solid #efefef;
margin-right:10px;
padding-right:20px;
padding-top:0;
}

ul#mtop li a {
text-decoration:none;
font:bold 12px Verdana, Georgia, serif;
color:#fff;
padding:2px;
}

ul#mtop li a:hover {
color:#57B5E9;
border:none;
}

ul#mtop li span {
display:none;
position:absolute;
top:20px;
left:2px;
width:160px;
font:normal 9px Verdana, Georgia, "Times New Roman", Times, serif;
line-height:15px;
background:#2b2b2b;
padding:5px;
}

ul#mtop li a:hover span {
margin-top:3px;
display:block;
color:#57B5E9;
}

ul#mtop .current,ul#mtop li:hover {
border-top:0 solid #57B5E9;
}

#navwrapright {
width:400px;
float:right;
margin:0 auto;
}

/* ---------->>> ISOCIAL <<<-----------*/
ul.isocial {
list-style:none;
margin:0;
padding:5px 20px 0 0;
}

ul.isocial li {
float:right;
margin:0 5px;
padding:0;
}

ul.isocial li a {
float:right;
background-image:url(http://1.bp.blogspot.com/-Tg7BikflCm8/T4_x9T1aflI/AAAAAAAAAoo/jV53zVYzVDY/s1600/social+letter.png);
background-position:0 0;
background:repeat:no-repeat;
display:inline-block;
text-indent:-9999px;
overflow:hidden;
width:24px;
height:24px;
position:relative;
}

ul.isocial li a.rss {
background-position:0 0;
}

ul.isocial li a.rss:hover {
background-position:0 -25px;
}

ul.isocial li a.facebook {
background-position:-25px 0;
}

ul.isocial li a.facebook:hover {
background-position:-25px -25px;
}

ul.isocial li a.twitter {
background-position:-50px 0;
}

ul.isocial li a.twitter:hover {
background-position:-50px -25px;
}

ul.isocial li a.google {
background-position:-75px 0;
}

ul.isocial li a.google:hover {
background-position:-75px -25px;
}

ul.isocial li a.youtube {
background-position:-100px 0;
}

ul.isocial li a.youtube:hover {
background-position:-100px -25px;
}

#top-wrap1 {
width:100%;
border-top:1px dashed #adadad;
border-bottom:1px solid #adadad;
margin:0 auto;
padding:0;
}

/* ---------->>> MENU NAVIGATION <<<-----------*/
#navigation {
position:relative;
height:36px;
width:970px;
line-height:1.4em;
background:#fff;
padding-bottom:15px;
margin:0 145px auto;
}

#navigation li {
float:left;
height:36px;
list-style-type:none;
white-space:nowrap;
display:block;
}

#navigation li a {
display:block;
margin-top:10px;
font-family:Impact, sans serif;
font-size:15px;
font-weight:400;
letter-spacing:.2em;
color:#151515;
text-transform:uppercase;
border-right:0 dotted #333;
padding:0 10px;
}

* html #navigation a {
width:1%;
}

#navigation a:hover {
color:#57B5E9;
text-decoration:none;
display:block;
cursor:pointer;
border-bottom:3px solid #57b5e9;
}

/* ---------->>> CONTENT SLIDER <<<-----------*/
#slideshow {
overflow:hidden;
width:620px;
height:250px;
margin:5px auto;
padding:5px 0;
}

ul.slideshow {
list-style:none;
width:620px;
height:250px;
overflow:hidden;
position:relative;
font-family:Arial,Helvetica,Trebuchet MS,Verdana;
margin:0;
padding:0;
}

ul.slideshow li {
position:absolute;
left:0;
right:0;
}

ul.slideshow li.show {
z-index:500;
}

ul.slideshow img {
width:620px;
height:250px;
border:none;
}

#slideshow-caption {
width:620px;
height:70px;
position:absolute;
bottom:0;
left:0;
color:#fff;
background:#000;
z-index:500;
}

#slideshow-caption .slideshow-caption-container {
z-index:1000;
padding:5px 10px;
}

#slideshow-caption h3 {
color:#fff;
font-size:16px;
margin:0;
padding:0;
}

#slideshow-caption p {
margin:5px 0 0;
padding:0;
}

/* ---------->>> CONTENT <<<-----------*/

#main-wrapper {
float:left;
width:620px;
overflow:hidden;
word-wrap:break-word;
margin:0 auto;
padding:0;
}

.sidebar-wrapper {
float:right;
width:330px;
overflow:hidden;
word-wrap:break-word;
margin:0 auto;
padding:0;
}

/* ---------->>> POST <<<-----------*/
h2.date-header {
display:none;
margin:1.5em 0 .5em;
}

.post {
border:0 solid #DDD;
margin:.0 auto 5px;
padding:0 0 15px;
}

.post h3 {
font-size:30px;
font-family:Georgia;
line-height:100%;
color:#151515;
font-weight:400;
margin:0 auto;
padding:5px 0;
}

.post h3 a,.post h3 a:visited,.post h3 strong {
display:block;
text-decoration:none;
}

.post h3 strong,.post h3 a:hover {
text-decoration:none;
color:#57b5e9;
}

.post-body {
width:100%;
line-height:1.6em;
margin:1.1em 0 .75em;
padding:0 0 10px;
border-bottom:1px dashed #000;
}

.post-body blockquote {
line-height:1.3em;
}

.post-body ul {
list-style-type:circle;
font-size:95%;
margin:10px 25px;
}

.post-body ol {
font-size:95%;
margin:10px 25px;
}

.post-body li {
margin:0;
padding:0 0 8px;
}

.post-body p {
line-height:1.6em;
margin:0 0 .75em;
}

.post-header-line-1 {
color:#666;
font-size:11px;
line-height:18px;
margin:0 auto;
padding:5px 0;
}

.post-body img {
max-width:620px;
border:1px solid #fff;
margin:0 auto;
padding:0;
}

.post-body img:hover {
border:1px solid #232F01;
}

table {
	width: 100%;
	text-align: left;
}

th, td {
	padding: 10px 10px;
}

th {
	color: #fff;
	font-size: 12px;
	font-family: Arial, Helvetica, sans-serif;
	text-decoration: none;
	text-transform: uppercase;
	background: #333;
}

td {
	border-bottom: 1px solid #ccc;
}

.post-footer {
color:#000;
font:12px Arial, sans;
line-height:1.4em;
margin:.75em 0;
padding:0;
text-transform:none;
letter-spacing:.01em;
}

/*----------- Read More ----------------------*/
.readmore {
background:#000;
float:right;
cursor:pointer;
color:#fff;
font:12px Arial, sans-serif;
margin:0px auto;
padding:4px;
}

.readmore:hover {
background:#57B5E9;
color:#000;
font:12px Arial, sans-serif;
margin:0px auto;
padding:4px;
}

.readmore a {
color:#fff;
text-decoration:none;
font-weight:400;
}

.readmore a:hover {
color:#000;
text-decoration:underline;
}

/* ---------->>> COMMENTS <<<-----------*/
#comments {
overflow:hidden;
}

#comments h4 {
display:inline;
line-height:40px;
padding:8px;
}

#comments h4,.comments .comment-header,.comments .comment-thread.inline-thread .comment {
position:relative;
}

#comments h4,.comments .continue a {
background:#151515;
font-weight:400;
color:#fff;
}

#comments h4,.comments .user a,.comments .continue a {
font-size:16px;
}

#comments h4:after {
content:"";
position:absolute;
bottom:-10px;
left:10px;
border-top:10px solid #151515;
border-right:20px solid transparent;
width:0;
height:0;
line-height:0;
}

#comments .avatar-image-container img {
border:0;
}

.comment-thread {
color:#111;
}

.comment-thread a {
color:#777;
}

.comment-thread ol {
margin:0 0 20px;
}

.comment-thread .comment-content a,.comments .user a,.comments .comment-thread.inline-thread .user a {
color:#151515;
}

.comments .avatar-image-container,.comments .avatar-image-container img {
width:48px;
max-width:48px;
height:48px;
max-height:48px;
}

.comments .comment-block,.comments .comments-content .comment-replies,.comments .comment-replybox-single {
margin-left:60px;
}

.comments .comment-block,.comments .comment-thread.inline-thread .comment {
border:1px solid #ddd;
background:#f9f9f9;
padding:10px;
}

.comments .comments-content .comment {
width:100%;
line-height:1em;
margin:15px 0 0;
padding:0;
}

.comments .comments-content .icon.blog-author {
position:absolute;
top:-12px;
right:-12px;
background-image:url(http://4.bp.blogspot.com/-awl7HMjMgh4/T89YtINejTI/AAAAAAAAGmQ/XxcTVLKUAtI/s320/picresized_1338990142_comment-author-blue.gif);
width:36px;
height:36px;
margin:0;
}

.comments .comments-content .inline-thread {
padding:0 0 0 20px;
}

.comments .comments-content .comment-replies {
margin-top:0;
}

.comments .comment-content {
line-height:1.4em;
padding:5px 0;
}

.comments .comment-thread.inline-thread {
border-left:1px solid #ddd;
background:transparent;
}

.comments .comment-thread.inline-thread .comment {
width:auto;
}

.comments .comment-thread.inline-thread .comment:after {
content:"";
position:absolute;
top:10px;
left:-20px;
border-top:1px solid #ddd;
width:10px;
height:0;
}

.comments .comment-thread.inline-thread .comment .comment-block {
border:0;
background:transparent;
padding:0;
}

.comments .comment-thread.inline-thread .comment-block {
margin-left:48px;
}

.comments .comment-thread.inline-thread .user a {
font-size:13px;
}

.comments .comment-thread.inline-thread .avatar-image-container,.comments .comment-thread.inline-thread .avatar-image-container img {
width:36px;
max-width:36px;
height:36px;
max-height:36px;
}

.comments .continue {
border-top:0;
width:100%;
}

.comments .continue a {
text-align:center;
padding:10px 0;
}

#comment-editor {
width:103%;
}

.comment-form {
width:100%;
max-width:100%;
}

.deleted-comment {
font-style:italic;
color:gray;
}

#blog-pager-newer-link {
float:left;
padding:2px;
}

#blog-pager-older-link {
float:right;
padding:2px;
}

#blog-pager {
text-align:center;
font-size:140%;
}

.feed-links {
clear:both;
line-height:2.5em;
}

/* ---------->>> SEARCH FORM <<<-----------*/
#search {
float:right;
width:180px;
height:20px;
margin-top:2px;
padding-right:5px;
}

#search form {
float:left;
}

#search input[type="text"] {
background:#fff url(http://1.bp.blogspot.com/-sv3VBy8Tch0/T6UzB3zDYMI/AAAAAAAAA-Y/dVtCsOgvB_o/s1600/search_button.png) no-repeat scroll 4px center;
float:left;
border:1px solid #ccc;
width:146px;
margin-top:1px;
font-size:12px;
text-align:right;
padding:3px 15px;
}

#search input[type="text"]:focus {
background:#FFF;
}

/* ---------->>> SIDEBAR CONTENT <<<-----------*/
.sidebar {
line-height:1.6em;
margin:5px;
}

.sidebar h2 {
background:transparent url(http://4.bp.blogspot.com/-GnH5lv5_LpI/T-YAC8J_pjI/AAAAAAAADGY/_Z2FzSm3eDc/s1600/h4.png) no-repeat scroll left bottom;
color:#151515;
font-family:Arial, sans-serif;
font-size:16px;
text-transform:uppercase;
line-height:1.9em;
font-weight:700;
margin:0;
padding:0 0 15px 5px;
}

.sidebar ul {
list-style:none;
margin:0;
padding:0;
}

.sidebar li ul {
margin-bottom:1.8em;
list-style:none;
}

.sidebar li {
border-bottom:1px #eee dashed;
padding:5px 0;
}

.sidebar .widget,.main .widget {
border:0 solid #e3e3e3;
margin:5px;
padding:5px;
}

.sidebar .widget li a:hover {
margin-left:10px;
}

.main .Blog {
border-bottom-width:0;
}

/* ---------->>> PROFILE <<<-----------*/
.profile-img {
width:75px;
height:75px;
float:left;
border:1px solid #ccc;
margin:0 5px 5px 0;
padding:4px;
}

.profile-data {
text-transform:uppercase;
letter-spacing:.1em;
font:normal normal 78% Arial, Georgia, sans-serif;
color:#999;
font-weight:700;
line-height:1.6em;
margin:0;
}

.profile-textblock {
line-height:1.5em;
margin:0.5em 0;
}

.profile-link {
font:normal normal 78% Arial, Georgia, sans-serif;
text-transform:uppercase;
letter-spacing:.1em;
}

/* ---------->>> POPULAR POSTS <<<-----------*/
#PopularPosts {
width:100%;
margin:0 auto;
padding:5px 0;
}

.PopularPosts .widget-content ul {
width:100%;
list-style:none;
margin:0 auto;
padding:0;
}

.PopularPosts .widget-content li {
width:100%;
height:auto;
overflow:hidden;
list-style:none;
text-indent:0;
margin:0 5px;
}

.PopularPosts img {
width:72px;
height:72px;
border:1px solid #ccc;
margin:2px auto;
padding:3px;
}

.item-snippet {
font-size:11px;
line-height:1.5em;
}

/* ---------->>> LOWER SECTION <<<-----------*/
#lower {
width:100%;
background:#000;
border-bottom:2px solid #3f3f3f;
border-top:3px solid #262626;
margin:0 auto;
padding:0;
}

#lower-wrapper {
width:970px;
margin:auto;
padding:5px 0 20px;
}

.lower-wrapper .widget {
text-align:center;
border-bottom:3px solid #222;
margin:0 auto;
padding:0 0 20px;
}

#lowerbar-wrapper {
color:#fff;
float:left;
padding-bottom:20px;
width:32%;
text-align:justify;
font-size:100%;
line-height:1.6em;
word-wrap:break-word;
overflow:hidden;
margin:0 0 auto;
}

.lowerbar {
margin:0;
padding:0;
}

.lowerbar .widget {
background:transparent;
margin:0 auto;
padding:10px 0 0 20px;
}

.lowerbar h2 {
text-align:left;
color:#fff;
font-size:18px;
font-family:Georgia, trebuchet ms, times new roman;
font-weight:400;
border-bottom:1px solid #222;
margin:0 0 10px;
padding:3px 0 6px;
}

.lowerbar ul {
list-style-type:none;
margin:0;
padding:0;
}

.lowerbar li {
border-bottom:1px dotted #222;
margin:0 0 2px;
padding:0 0 1px;
}

.lowerbar a {
color:#fff;
text-decoration:none;
}

.lowerbar a:hover {
color:#57B5E9;
}

/* ---------->>> CREDIT <<<-----------*/
#credit {
background:#000;
border-top:2px solid #2b2b2b;
clear:both;
width:100%;
height:35px;
color:#fff;
margin:0 auto;
}

#credit a {
color:#fff;
}

#credit p {
text-align:center;
line-height:normal;
font-size:11px;
margin:0;
padding:10px 0 0;
}

/* ---------->>> BREADCRUMBS <<<-----------*/
.breadcrumbs {
background:#fff;
height:30px;
line-height:30px;
width:auto;
overflow:hidden;
color:#000;
margin:0;
}

.breadcrumbs li {
list-style-type:none;
display:inline-block;
float:left;
}

.breadcrumbs a {
display:inline-block;
padding-right:10px;
text-decoration:none;
color:#000;
outline:none;
font-weight:700;
}

.breadcrumbs a:hover {
color:#57B5E9;
font-weight:700;
}

/** Page structure tweaks for layout editor wireframe */
body#layout #outer-wrapper {
width:980px;
margin-right:0;
margin-left:0;
}

a:focus,.PopularPosts h2 {
color:#000;
}

#top-wrap,#content-wrapper {
width:970px;
margin:0 auto;
padding:0;
}

.comment .continue,#search input[type="submit"] {
display:none;
}

]]></b:skin>

<b:if cond='data:blog.pageType != &quot;static_page&quot;'>
<b:if cond='data:blog.pageType != &quot;item&quot;'>
<style type='text/css'>
.post-footer{display:none;}
</style>
</b:if></b:if>

<script type='text/javascript'>
summary_noimg = 600;
summary_img = 500;
img_thumb_height = 200;
img_thumb_width = 300; 
</script>
<script type='text/javascript'>
//<![CDATA[

function removeHtmlTag(strx,chop){ 
 if(strx.indexOf("<")!=-1)
 {
  var s = strx.split("<"); 
  for(var i=0;i<s.length;i++){ 
   if(s[i].indexOf(">")!=-1){ 
    s[i] = s[i].substring(s[i].indexOf(">")+1,s[i].length); 
   } 
  } 
  strx =  s.join(""); 
 }
 chop = (chop < strx.length-1) ? chop : strx.length-2; 
 while(strx.charAt(chop-1)!=' ' && strx.indexOf(' ',chop)!=-1) chop++; 
 strx = strx.substring(0,chop-1); 
 return strx+'...'; 
}

function createSummaryAndThumb(pID){
 var div = document.getElementById(pID);
 var imgtag = "";
 var img = div.getElementsByTagName("img");
 var summ = summary_noimg;
 if(img.length>=1) { 
  imgtag = '<span style="float:left; padding:0px 10px 5px 0px;"><img src="'+img[0].src+'" width="'+img_thumb_width+'px" height="'+img_thumb_height+'px"/></span>';
  summ = summary_img;
 }
 
 var summary = imgtag + '<div>' + removeHtmlTag(div.innerHTML,summ) + '</div>';
 div.innerHTML = summary;
}
//]]>
</script>



<script src='http://ajax.googleapis.com/ajax/libs/jquery/1.4.2/jquery.min.js' type='text/javascript'/>

<script type='text/javascript'>
//<![CDATA[

$(document).ready(function() {

//Execute the slideShow, set 6 seconds for each images
slideShow(3000);

});

function slideShow(speed) {


//append a LI item to the UL list for displaying caption
$('ul.slideshow').append('<li id="slideshow-caption" class="caption"><div class="slideshow-caption-container"><h3></h3><p></p></div></li>');

//Set the opacity of all images to 0
$('ul.slideshow li').css({opacity: 0.0});

//Get the first image and display it (set it to full opacity)
$('ul.slideshow li:first').css({opacity: 1.0});

//Get the caption of the first image from REL attribute and display it
$('#slideshow-caption h3').html($('ul.slideshow a:first').find('img').attr('title'));
$('#slideshow-caption p').html($('ul.slideshow a:first').find('img').attr('alt'));

//Display the caption
$('#slideshow-caption').css({opacity: 1.0, bottom:0});

//Call the gallery function to run the slideshow
var timer = setInterval('gallery()',speed);

//pause the slideshow on mouse over
$('ul.slideshow').hover(
function () {
clearInterval(timer);
},
function () {
timer = setInterval('gallery()',speed);
}
);

}

function gallery() {


//if no IMGs have the show class, grab the first image
var current = ($('ul.slideshow li.show')? $('ul.slideshow li.show') : $('#ul.slideshow li:first'));

//Get next image, if it reached the end of the slideshow, rotate it back to the first image
var next = ((current.next().length) ? ((current.next().attr('id') == 'slideshow-caption')? $('ul.slideshow li:first') :current.next()) : $('ul.slideshow li:first'));

//Get next image caption
var title = next.find('img').attr('title');
var desc = next.find('img').attr('alt');

//Set the fade in effect for the next image, show class has higher z-index
next.css({opacity: 0.0}).addClass('show').animate({opacity: 1.0}, 1000);

//Hide the caption first, and then set and display the caption
$('#slideshow-caption').animate({bottom:-70}, 300, function () {
//Display the content
$('#slideshow-caption h3').html(title);
$('#slideshow-caption p').html(desc);
$('#slideshow-caption').animate({bottom:0}, 500);
});

//Hide the current image
current.animate({opacity: 0.0}, 1000).removeClass('show');

}

//]]>
</script>

 </head>

  <body>

<div id='top'>
<div id='top-wrap'>
   <div id='navwrap'>	
		<div class='topnav'>
			<ul id='mtop'>
		<li class='current'><a expr:href='data:blog.homepageUrl'>Home<span>This takes you to the welcome page of the website - the starting point for everything.</span></a></li>
		<li><a href='#' title=''>About Us<span>We are a great team of people, with lots of fantastic things to offer.</span></a></li>
		<li><a href='#' title=''>Portfolio<span>Our portfolio showcases all the work that we&#39;ve done for the past few weeks.</span></a></li>
		<li><a href='#' title=''>Music<span>We also love to listen to some tunes while we work. Here we&#39;re sharing them with you all!</span></a></li>
		<li><a href='#' title=''>Contact Us<span>If you would like to get in touch with us, you can do so here via email or telephone.</span></a></li>
	</ul>
		</div>
           </div>

<div id='navwrapright'>
<div id='search'>
<form action='/search' id='search' method='get'>
<input id='s' name='q' onblur='if (this.value == &quot;&quot;) {this.value = &quot;search this blog..&quot;;}' onfocus='if (this.value == &quot;search this blog..&quot;) {this.value = &quot;&quot;;}' type='text' value='search this blog..'/>
</form>
</div>
<ul class='isocial'>
<li><a class='rss' href='#' target='_blank' title='Subscribe via RSS'/></li>
<li><a class='facebook' href='#' target='_blank' title='Become a Fan'/></li>
<li><a class='twitter' href='#' target='_blank' title='Follow Us'/></li>
<li><a class='google' href='#' target='_blank' title='Google Plus Profile'/></li>
<li><a class='youtube' href='#' target='_blank' title='Watch The Video'/></li>
</ul>
</div>
</div>
<div style='clear: both;'/>
</div>
<div style='clear: both;'/>

<div id='head'>
<div id='header-wrapper'>
      <b:section class='header' id='header' maxwidgets='1' showaddelement='no'>
<b:widget id='Header1' locked='true' title='B.Behavior Theme (Header)' type='Header'>
<b:includable id='title'>
  <b:if cond='data:blog.url == data:blog.homepageUrl'>
    <data:title/>
  <b:else/>
    <a expr:href='data:blog.homepageUrl'><data:title/></a>
  </b:if>
</b:includable>
<b:includable id='description'>
  <div class='descriptionwrapper'>
    <p class='description'><span><data:description/></span></p>
  </div>
</b:includable>
<b:includable id='main'>

  <b:if cond='data:useImage'>
    <b:if cond='data:imagePlacement == &quot;BEHIND&quot;'>
      <!--
      Show image as background to text. You can't really calculate the width
      reliably in JS because margins are not taken into account by any of
      clientWidth, offsetWidth or scrollWidth, so we don't force a minimum
      width if the user is using shrink to fit.
      This results in a margin-width's worth of pixels being cropped. If the
      user is not using shrink to fit then we expand the header.
      -->
      <b:if cond='data:mobile'>
          <div id='header-inner'>
            <div class='titlewrapper' style='background: transparent'>
              <h1 class='title' style='background: transparent; border-width: 0px'>
                <b:include name='title'/>
              </h1>
            </div>
            <b:include name='description'/>
          </div>
        <b:else/>
          <div expr:style='&quot;background-image: url(\&quot;&quot; + data:sourceUrl + &quot;\&quot;); &quot;                        + &quot;background-position: &quot;                        + data:backgroundPositionStyleStr + &quot;; &quot;                        + data:widthStyleStr                        + &quot;min-height: &quot; + data:height                        + &quot;_height: &quot; + data:height                        + &quot;background-repeat: no-repeat; &quot;' id='header-inner'>
            <div class='titlewrapper' style='background: transparent'>
              <h1 class='title' style='background: transparent; border-width: 0px'>
                <b:include name='title'/>
              </h1>
            </div>
            <b:include name='description'/>
          </div>
        </b:if>
    <b:else/>
      <!--Show the image only-->
      <div id='header-inner'>
        <a expr:href='data:blog.homepageUrl' style='display: block'>
          <img expr:alt='data:title' expr:height='data:height' expr:id='data:widget.instanceId + &quot;_headerimg&quot;' expr:src='data:sourceUrl' expr:width='data:width' style='display: block'/>
        </a>
        <!--Show the description-->
        <b:if cond='data:imagePlacement == &quot;BEFORE_DESCRIPTION&quot;'>
          <b:include name='description'/>
        </b:if>
      </div>
    </b:if>
  <b:else/>
    <!--No header image -->
    <div id='header-inner'>
      <div class='titlewrapper'>
        <h1 class='title'>
          <b:include name='title'/>
        </h1>
      </div>
      <b:include name='description'/>
    </div>
  </b:if>
</b:includable>
</b:widget>
</b:section>
     <div id='headerright'>
   <b:section class='banner-ads' id='banner-ads' preferred='yes'>
<b:widget id='Image1' locked='false' title='' type='Image'>
<b:includable id='main'>
    <b:if cond='data:title != &quot;&quot;'>
      <h2><data:title/></h2>
    </b:if>
    <div class='widget-content'>
      <b:if cond='data:link != &quot;&quot;'>
        <a expr:href='data:link'>
          <img expr:alt='data:title' expr:height='data:height' expr:id='data:widget.instanceId + &quot;_img&quot;' expr:src='data:sourceUrl' expr:width='data:width'/>
        </a>
      <b:else/>
        <img expr:alt='data:title' expr:height='data:height' expr:id='data:widget.instanceId + &quot;_img&quot;' expr:src='data:sourceUrl' expr:width='data:width'/>
      </b:if>
      <br/>
      <b:if cond='data:caption != &quot;&quot;'>
        <span class='caption'><data:caption/></span>
      </b:if>
    </div>
    <b:include name='quickedit'/>
  </b:includable>
</b:widget>
</b:section>
     </div>
    </div>

<div id='top-wrap1'>
   <div id='navigation'>
     <ul>
        <li><a href='YOUR LINK HERE' title=''> Politics </a></li>
        <li><a href='YOUR LINK HERE' title=''> Celebrities </a></li>
        <li><a href='YOUR LINK HERE' title=''> Business </a></li>
        <li><a href='YOUR LINK HERE' title=''> Blogging </a></li>
        <li><a href='YOUR LINK HERE' title=''> Templates </a></li>
        <li><a href='YOUR LINK HERE' title=''> Photoshop </a></li>
        <li><a href='YOUR LINK HERE' title=''> Opinion </a></li>
       <li><a href='YOUR LINK HERE' title=''> Entertainment </a></li>
    </ul>
  </div>
</div>
  </div>
<div style='clear:both;'/>

<div id='outer-wrapper'><div id='wrap2'>
   <div id='content-wrapper'>

            <div id='crosscol-wrapper' style='text-align:center'>
                <b:section class='crosscol' id='crosscol' showaddelement='yes'/>
           </div>
<div style='clear: both;'/>           
            <div id='main-wrapper'>
<b:if cond='data:blog.url == data:blog.homepageUrl'>
<div id='slideshow'>
 <ul class='slideshow'>
<li><a href='http://blogfortestlearn.blogspot.fr/2012/06/exaggerated-blogger-template.html'><img alt='Replace This Text With Your Featured Post 1 Description.' src='http://3.bp.blogspot.com/_4HKUHirY_2U/TEVd7gbRVeI/AAAAAAAABGc/J-aSBfN0rhw/s1600/1.jpg' title='This is featured post 1 title'/></a></li>

<li><a href='#'><img alt='Replace This Text With Your Featured Post 2 Description.' src='http://2.bp.blogspot.com/_4HKUHirY_2U/TEVd7zgT63I/AAAAAAAABGk/9vJ6VYTYGWM/s1600/2.jpg' title='This is featured post 2 title'/></a></li>

<li><a href='#'><img alt='Replace This Text With Your Featured Post 3 Description.' src='http://4.bp.blogspot.com/_4HKUHirY_2U/TEVd8JKsDaI/AAAAAAAABGs/vzECCT1mDws/s1600/3.jpg' title='This is featured post 3 title'/></a></li>

<li><a href='#'><img alt='Replace This Text With Your Featured Post 4 Description.' src='http://1.bp.blogspot.com/_4HKUHirY_2U/TEVd8VPgRRI/AAAAAAAABG0/O4yhLEWG5UU/s1600/4.jpg' title='This is featured post 4 title'/></a></li>
</ul>
</div>        
</b:if>

        <b:section class='main' id='main' showaddelement='no'>
<b:widget id='Blog1' locked='false' title='Blog Posts' type='Blog'>
<b:includable id='nextprev'>
  <div class='blog-pager' id='blog-pager'>
    <b:if cond='data:newerPageUrl'>
      <span id='blog-pager-newer-link'>
      <a class='blog-pager-newer-link' expr:href='data:newerPageUrl' expr:id='data:widget.instanceId + &quot;_blog-pager-newer-link&quot;' expr:title='data:newerPageTitle'><data:newerPageTitle/></a>
      </span>
    </b:if>

    <b:if cond='data:olderPageUrl'>
      <span id='blog-pager-older-link'>
      <a class='blog-pager-older-link' expr:href='data:olderPageUrl' expr:id='data:widget.instanceId + &quot;_blog-pager-older-link&quot;' expr:title='data:olderPageTitle'><data:olderPageTitle/></a>
      </span>
    </b:if>

    <a class='home-link' expr:href='data:blog.homepageUrl'><data:homeMsg/></a>

    <b:if cond='data:mobileLinkUrl'>
      <div class='blog-mobile-link'>
        <a expr:href='data:mobileLinkUrl'><data:mobileLinkMsg/></a>
      </div>
    </b:if>

  </div>
  <div class='clear'/>
</b:includable>
<b:includable id='shareButtons' var='post'>
  <b:if cond='data:top.showEmailButton'><a class='goog-inline-block share-button sb-email' expr:href='data:post.sharePostUrl + &quot;&amp;target=email&quot;' expr:title='data:top.emailThisMsg' target='_blank'><span class='share-button-link-text'><data:top.emailThisMsg/></span></a></b:if><b:if cond='data:top.showBlogThisButton'><a class='goog-inline-block share-button sb-blog' expr:href='data:post.sharePostUrl + &quot;&amp;target=blog&quot;' expr:onclick='&quot;window.open(this.href, \&quot;_blank\&quot;, \&quot;height=270,width=475\&quot;); return false;&quot;' expr:title='data:top.blogThisMsg' target='_blank'><span class='share-button-link-text'><data:top.blogThisMsg/></span></a></b:if><b:if cond='data:top.showTwitterButton'><a class='goog-inline-block share-button sb-twitter' expr:href='data:post.sharePostUrl + &quot;&amp;target=twitter&quot;' expr:title='data:top.shareToTwitterMsg' target='_blank'><span class='share-button-link-text'><data:top.shareToTwitterMsg/></span></a></b:if><b:if cond='data:top.showFacebookButton'><a class='goog-inline-block share-button sb-facebook' expr:href='data:post.sharePostUrl + &quot;&amp;target=facebook&quot;' expr:onclick='&quot;window.open(this.href, \&quot;_blank\&quot;, \&quot;height=430,width=640\&quot;); return false;&quot;' expr:title='data:top.shareToFacebookMsg' target='_blank'><span class='share-button-link-text'><data:top.shareToFacebookMsg/></span></a></b:if><b:if cond='data:top.showOrkutButton'><a class='goog-inline-block share-button sb-orkut' expr:href='data:post.sharePostUrl + &quot;&amp;target=orkut&quot;' expr:title='data:top.shareToOrkutMsg' target='_blank'><span class='share-button-link-text'><data:top.shareToOrkutMsg/></span></a></b:if><b:if cond='data:top.showDummy'><div class='goog-inline-block dummy-container'><data:post.dummyTag/></div></b:if>
</b:includable>
<b:includable id='threaded_comment_js' var='post'>
  <script async='async' expr:src='data:post.commentSrc' type='text/javascript'/>

  <script type='text/javascript'>
    (function() {
      var items = <data:post.commentJso/>;
      var msgs = <data:post.commentMsgs/>;
      var postId = &#39;<data:post.id/>&#39;;
      var feed = &#39;<data:post.commentFeed/>&#39;;
      var authorName = &#39;<data:post.author/>&#39;;
      var authorUrl = &#39;<data:post.authorUrl/>&#39;;
      var blogId = &#39;<data:top.id/>&#39;;
      var baseUri = &#39;<data:post.commentBase/>&#39;;
      var maxThreadDepth = &#39;<data:post.commentMaxThreadDepth/>&#39;;

// <![CDATA[
      feed += '?alt=json&v=2&orderby=published&reverse=false&max-results=50';
      var cursor = null;
      if (items && items.length > 0) {
        cursor = parseInt(items[items.length - 1].timestamp) + 1;
      }

      var bodyFromEntry = function(entry) {
        if (entry.gd$extendedProperty) {
          for (var k in entry.gd$extendedProperty) {
            if (entry.gd$extendedProperty[k].name == 'blogger.contentRemoved') {
              return '<span class="deleted-comment">' + entry.content.$t + '</span>';
            }
          }
        }
        return entry.content.$t;
      }

      var parse = function(data) {
        cursor = null;
        var comments = [];
        if (data && data.feed && data.feed.entry) {
          for (var i = 0, entry; entry = data.feed.entry[i]; i++) {
            var comment = {};
            // comment ID, parsed out of the original id format
            var id = /blog-(\d+).post-(\d+)/.exec(entry.id.$t);
            comment.id = id ? id[2] : null;
            comment.body = bodyFromEntry(entry);
            comment.timestamp = Date.parse(entry.published.$t) + '';
            if (entry.author && entry.author.constructor === Array) {
              var auth = entry.author[0];
              if (auth) {
                comment.author = {
                  name: (auth.name ? auth.name.$t : undefined),
                  profileUrl: (auth.uri ? auth.uri.$t : undefined),
                  avatarUrl: (auth.gd$image ? auth.gd$image.src : undefined)
                };
              }
            }
            if (entry.link) {
              if (entry.link[2]) {
                comment.link = comment.permalink = entry.link[2].href;
              }
              if (entry.link[3]) {
                var pid = /.*comments\/default\/(\d+)\?.*/.exec(entry.link[3].href);
                if (pid && pid[1]) {
                  comment.parentId = pid[1];
                }
              }
            }
            comment.deleteclass = 'item-control blog-admin';
            if (entry.gd$extendedProperty) {
              for (var k in entry.gd$extendedProperty) {
                if (entry.gd$extendedProperty[k].name == 'blogger.itemClass') {
                  comment.deleteclass += ' ' + entry.gd$extendedProperty[k].value;
                }
              }
            }
            comments.push(comment);
          }
        }
        return comments;
      };

      var paginator = function(callback) {
        if (hasMore()) {
          var url = feed;
          if (cursor) {
            url += '&published-min=' + new Date(cursor).toISOString();
          }
          window.bloggercomments = function(data) {
            var parsed = parse(data);
            cursor = parsed.length < 50 ? null
                : parseInt(parsed[parsed.length - 1].timestamp) + 1
            callback(parsed);
            window.bloggercomments = null;
          }
          url += '&callback=bloggercomments';
          var script = document.createElement('script');
          script.type = 'text/javascript';
          script.src = url;
          document.getElementsByTagName('head')[0].appendChild(script);
        }
      };
      var hasMore = function() {
        return !!cursor;
      };
      var getMeta = function(key, comment) {
        if ('iswriter' == key) {
          var matches = !!comment.author
              && comment.author.name == authorName
              && comment.author.profileUrl == authorUrl;
          return matches ? 'true' : '';
        } else if ('deletelink' == key) {
          return baseUri + '/delete-comment.g?blogID=' + blogId + '&postID=' + comment.id;
        } else if ('deleteclass' == key) {
          return comment.deleteclass;
        }
        return '';
      };

      var replybox = null;
      var replyUrlParts = null;
      var replyParent = undefined;

      var onReply = function(commentId, domId) {
        if (replybox == null) {
          // lazily cache replybox, and adjust to suit this style:
          replybox = document.getElementById('comment-editor');
          if (replybox != null) {
            replybox.height = '250px';
            replybox.style.display = 'block';
            replyUrlParts = replybox.src.split('#');
          }
        }
        if (replybox && (commentId !== replyParent)) {
          document.getElementById(domId).insertBefore(replybox, null);
          replybox.src = replyUrlParts[0]
              + (commentId ? '&parentID=' + commentId : '')
              + '#' + replyUrlParts[1];
          replyParent = commentId;
        }
      };

      var hash = (window.location.hash || '#').substring(1);
      var startThread, targetComment;
      if (/^comment-form_/.test(hash)) {
        startThread = hash.substring('comment-form_'.length);
      } else if (/^c[0-9]+$/.test(hash)) {
        targetComment = hash.substring(1);
      }

      // Configure commenting API:
      var configJso = {
        'maxDepth': maxThreadDepth
      };
      var provider = {
        'id': postId,
        'data': items,
        'loadNext': paginator,
        'hasMore': hasMore,
        'getMeta': getMeta,
        'onReply': onReply,
        'rendered': true,
        'initComment': targetComment,
        'initReplyThread': startThread,
        'config': configJso,
        'messages': msgs
      };

      var render = function() {
        if (window.goog && window.goog.comments) {
          var holder = document.getElementById('comment-holder');
          window.goog.comments.render(holder, provider);
        }
      };

      // render now, or queue to render when library loads:
      if (window.goog && window.goog.comments) {
        render();
      } else {
        window.goog = window.goog || {};
        window.goog.comments = window.goog.comments || {};
        window.goog.comments.loadQueue = window.goog.comments.loadQueue || [];
        window.goog.comments.loadQueue.push(render);
      }
    })();
// ]]>
  </script>
</b:includable>
<b:includable id='backlinks' var='post'>
  <a name='links'/><h4><data:post.backlinksLabel/></h4>
  <b:if cond='data:post.numBacklinks != 0'>
    <dl class='comments-block' id='comments-block'>
      <b:loop values='data:post.backlinks' var='backlink'>
        <div class='collapsed-backlink backlink-control'>
          <dt class='comment-title'>
            <span class='backlink-toggle-zippy'>&#160;</span>
            <a expr:href='data:backlink.url' rel='nofollow'><data:backlink.title/></a>
            <b:include data='backlink' name='backlinkDeleteIcon'/>
          </dt>
          <dd class='comment-body collapseable'>
            <data:backlink.snippet/>
          </dd>
          <dd class='comment-footer collapseable'>
            <span class='comment-author'><data:post.authorLabel/> <data:backlink.author/></span>
            <span class='comment-timestamp'><data:post.timestampLabel/> <data:backlink.timestamp/></span>
          </dd>
        </div>
      </b:loop>
    </dl>
  </b:if>
  <p class='comment-footer'>
    <a class='comment-link' expr:href='data:post.createLinkUrl' expr:id='data:widget.instanceId + &quot;_backlinks-create-link&quot;' target='_blank'><data:post.createLinkLabel/></a>
  </p>
</b:includable>
<b:includable id='mobile-main' var='top'>
    <!-- posts -->
    <div class='blog-posts hfeed'>

      <b:include data='top' name='status-message'/>
      <b:include data='posts' name='breadcrumb'/>

      <b:if cond='data:blog.pageType == &quot;index&quot;'>
        <b:loop values='data:posts' var='post'>
          <b:include data='post' name='mobile-index-post'/>
        </b:loop>
      <b:else/>
        <b:loop values='data:posts' var='post'>
          <b:include data='post' name='mobile-post'/>
        </b:loop>
      </b:if>
    </div>

   <b:include name='mobile-nextprev'/>
</b:includable>
<b:includable id='post' var='post'>
  <div class='post hentry'>
    <a expr:name='data:post.id'/>
    <b:if cond='data:post.title'>
      <h3 class='post-title entry-title'>
      <b:if cond='data:post.link'>
        <a expr:href='data:post.link'><data:post.title/></a>
      <b:else/>
        <b:if cond='data:post.url'>
          <b:if cond='data:blog.url != data:post.url'>
            <a expr:href='data:post.url'><data:post.title/></a>
          <b:else/>
            <data:post.title/>
          </b:if>
        <b:else/>
          <data:post.title/>
        </b:if>
      </b:if>
      </h3>
    </b:if>

    <div class='post-header'>
    <div class='post-header-line-1'>
<span class='post-author vcard'>
        <b:if cond='data:top.showAuthor'>
          <data:top.authorLabel/>
            <b:if cond='data:post.authorProfileUrl'>
              <span class='fn'>
                <a expr:href='data:post.authorProfileUrl' rel='author' title='author profile'>
                  <data:post.author/>
                </a>
              </span>
            <b:else/>
              <span class='fn'><data:post.author/></span>
            </b:if>
        </b:if>
      </span>
       <span class='post-timestamp'>
        <b:if cond='data:top.showTimestamp'>
          <data:top.timestampLabel/>
        <b:if cond='data:post.url'>
          <a class='timestamp-link' expr:href='data:post.url' rel='bookmark' title='permanent link'><abbr class='published' expr:title='data:post.timestampISO8601'><data:post.timestamp/></abbr></a>
        </b:if>
        </b:if>
      </span> 
           <span class='post-comment-link'>
        <b:if cond='data:blog.pageType != &quot;item&quot;'>
          <b:if cond='data:blog.pageType != &quot;static_page&quot;'>
            <b:if cond='data:post.allowComments'>
              <a class='comment-link' expr:href='data:post.addCommentUrl' expr:onclick='data:post.addCommentOnclick'><b:if cond='data:post.numComments == 1'>1 <data:top.commentLabel/><b:else/><data:post.numComments/> <data:top.commentLabelPlural/></b:if></a>
            </b:if>
          </b:if>
        </b:if>
      </span>
    </div></div>

    <div class='post-body entry-content' expr:id='&quot;post-body-&quot; + data:post.id'>
      <b:if cond='data:blog.pageType == &quot;item&quot;'> 
<data:post.body/> 
<b:else/> 
<b:if cond='data:blog.pageType == &quot;static_page&quot;'> 
<data:post.body/> 
<b:else/> 
<div expr:id='&quot;summary&quot; + data:post.id'> 
<data:post.body/> 
</div> 
<script type='text/javascript'> 
createSummaryAndThumb(&quot;summary<data:post.id/>&quot;); 
</script> 
<div style='clear: both;'/> 
<span class='readmore'><a expr:href='data:post.canonicalUrl' rel='bookmark'><b>Continue reading ...</b></a></span> 
</b:if> 
</b:if> 

<div style='clear: both;'/> <!-- clear for photos floats -->
    </div>
    <b:if cond='data:post.hasJumpLink'>
      <div class='jump-link'>
        <a expr:href='data:post.url + &quot;#more&quot;' expr:title='data:post.title'><data:post.jumpText/></a>
      </div>
    </b:if>
     
<b:if cond='data:blog.pageType == &quot;item&quot;'>
<div style='border-top:3px solid #151515;border-bottom:1px solid #333;width:100%;height:24px;text-align:left;font:normal 11px Arial;color:#333;margin:10px 0;padding:10px 0 5px'>
<div style='float:left;padding:1px 0;margin-right:15px;font:bold 13px Arial;color:#151515'>
<strong>Share this article</strong> : 
</div>
<!-- AddThis Button BEGIN -->
<div class='addthis_toolbox addthis_default_style '>
<a class='addthis_button_facebook_like' fb:like:layout='button_count'/>
<a class='addthis_button_tweet'/>
<a class='addthis_button_google_plusone' g:plusone:size='medium'/>
<a class='addthis_counter addthis_pill_style'/>
</div>
<script type='text/javascript'>var addthis_config = {&quot;data_track_addressbar&quot;:true};</script>
<script src='http://s7.addthis.com/js/250/addthis_widget.js#pubid=ra-4fea027b6493fe59' type='text/javascript'/>
<!-- AddThis Button END -->
</div>
</b:if>

    <div class='post-footer'>
    <div class='post-footer-line post-footer-line-1'>
         <span class='post-icons'>
        <!-- email post links -->
        <b:if cond='data:post.emailPostUrl'>
          <span class='item-action'>
          <a expr:href='data:post.emailPostUrl' expr:title='data:top.emailPostMsg'>
              <img alt='' class='icon-action' height='13' src='http://img1.blogblog.com/img/icon18_email.gif' width='18'/>
          </a>
          </span>
        </b:if>

        <!-- quickedit pencil -->
        <b:include data='post' name='postQuickEdit'/>
      </span> <div class='post-share-buttons goog-inline-block'>
        <b:if cond='data:post.sharePostUrl'>
          <b:include data='post' name='shareButtons'/>
        </b:if>
      </div> <span class='post-backlinks post-comment-link'>
         <b:if cond='data:blog.pageType != &quot;item&quot;'>
           <b:if cond='data:blog.pageType != &quot;static_page&quot;'>
             <b:if cond='data:post.showBacklinks'>
               <a class='comment-link' expr:href='data:post.url + &quot;#links&quot;'><data:top.backlinkLabel/></a>
             </b:if>
           </b:if>
         </b:if>
       </span> </div>

      <div class='post-footer-line post-footer-line-2'><span class='post-labels'>
        <b:if cond='data:post.labels'>
          <data:postLabelsLabel/>
          <b:loop values='data:post.labels' var='label'>
            <a expr:href='data:label.url' rel='tag'><data:label.name/></a><b:if cond='data:label.isLast != &quot;true&quot;'>,</b:if>
          </b:loop>
        </b:if>
      </span> </div>

      <div class='post-footer-line post-footer-line-3'><span class='reaction-buttons'>
        <b:if cond='data:top.showReactions'>
          <table border='0' cellpadding='0' cellspacing='0' width='100%'><tr>
            <td class='reactions-label-cell' nowrap='nowrap' valign='top' width='1%'>
              <span class='reactions-label'>
              <data:top.reactionsLabel/></span>&#160;</td>
            <td><iframe allowtransparency='true' class='reactions-iframe' expr:src='data:post.reactionsUrl' frameborder='0' name='reactions' scrolling='no'/></td>
           </tr></table>
        </b:if>
      </span> </div>
    </div>
  </div>
</b:includable>
<b:includable id='status-message'>
  <b:if cond='data:navMessage'>
  <div class='status-msg-wrap'>
    <div class='status-msg-body'>
      <data:navMessage/>
    </div>
    <div class='status-msg-border'>
      <div class='status-msg-bg'>
        <div class='status-msg-hidden'><data:navMessage/></div>
      </div>
    </div>
  </div>
  <div style='clear: both;'/>
  </b:if>
</b:includable>
<b:includable id='comment-form' var='post'>
  <div class='comment-form'>
    <a name='comment-form'/>
    <b:if cond='data:mobile'>
      <h4 id='comment-post-message'>
        <a expr:id='data:widget.instanceId + &quot;_comment-editor-toggle-link&quot;' href='javascript:void(0)'><data:postCommentMsg/></a></h4>
      <p><data:blogCommentMessage/></p>
      <data:blogTeamBlogMessage/>
      <a expr:href='data:post.commentFormIframeSrc' id='comment-editor-src'/>
      <iframe allowtransparency='true' class='blogger-iframe-colorize blogger-comment-from-post' frameborder='0' height='410' id='comment-editor' name='comment-editor' src='' style='display: none' width='100%'/>
    <b:else/>
      <h4 id='comment-post-message'><data:postCommentMsg/></h4>
      <p><data:blogCommentMessage/></p>
      <data:blogTeamBlogMessage/>
      <a expr:href='data:post.commentFormIframeSrc' id='comment-editor-src'/>
      <iframe allowtransparency='true' class='blogger-iframe-colorize blogger-comment-from-post' frameborder='0' height='410' id='comment-editor' name='comment-editor' src='' width='100%'/>
    </b:if>
    <data:post.friendConnectJs/>
    <data:post.cmtfpIframe/>
    <script type='text/javascript'>
      BLOG_CMT_createIframe(&#39;<data:post.appRpcRelayPath/>&#39;, &#39;<data:post.communityId/>&#39;);
    </script>
  </div>
</b:includable>
<b:includable id='threaded_comments' var='post'>
  <div class='comments' id='comments'>
    <a name='comments'/>
    <h4><data:post.commentLabelFull/>:</h4>

    <div class='comments-content'>
      <b:if cond='data:post.embedCommentForm'>
        <b:include data='post' name='threaded_comment_js'/>
      </b:if>
      <div id='comment-holder'>
         <data:post.commentHtml/>
      </div>
    </div>

    <p class='comment-footer'>
      <b:if cond='data:post.allowNewComments'>
        <b:include data='post' name='threaded-comment-form'/>
      <b:else/>
        <data:post.noNewCommentsText/>
      </b:if>
    </p>

    <b:if cond='data:showCmtPopup'>
      <div id='comment-popup'>
        <iframe allowtransparency='true' frameborder='0' id='comment-actions' name='comment-actions' scrolling='no'>
        </iframe>
      </div>
    </b:if>

    <div id='backlinks-container'>
    <div expr:id='data:widget.instanceId + &quot;_backlinks-container&quot;'>
       <b:if cond='data:post.showBacklinks'>
         <b:include data='post' name='backlinks'/>
       </b:if>
    </div>
    </div>
  </div>
</b:includable>
<b:includable id='backlinkDeleteIcon' var='backlink'>
  <span expr:class='&quot;item-control &quot; + data:backlink.adminClass'>
    <a expr:href='data:backlink.deleteUrl' expr:title='data:top.deleteBacklinkMsg'>
      <img src='//www.blogger.com/img/icon_delete13.gif'/>
    </a>
  </span>
</b:includable>
<b:includable id='mobile-nextprev'>
  <div class='blog-pager' id='blog-pager'>
    <b:if cond='data:newerPageUrl'>
      <div class='mobile-link-button' id='blog-pager-newer-link'>
      <a class='blog-pager-newer-link' expr:href='data:newerPageUrl' expr:id='data:widget.instanceId + &quot;_blog-pager-newer-link&quot;' expr:title='data:newerPageTitle'>&amp;lsaquo;</a>
      </div>
    </b:if>

    <b:if cond='data:olderPageUrl'>
      <div class='mobile-link-button' id='blog-pager-older-link'>
      <a class='blog-pager-older-link' expr:href='data:olderPageUrl' expr:id='data:widget.instanceId + &quot;_blog-pager-older-link&quot;' expr:title='data:olderPageTitle'>&amp;rsaquo;</a>
      </div>
    </b:if>

    <div class='mobile-link-button' id='blog-pager-home-link'>
    <a class='home-link' expr:href='data:blog.homepageUrl'><data:homeMsg/></a>
    </div>

    <div class='mobile-desktop-link'>
      <a class='home-link' expr:href='data:desktopLinkUrl'><data:desktopLinkMsg/></a>
    </div>

  </div>
  <div class='clear'/>
</b:includable>
<b:includable id='mobile-post' var='post'>
  <div class='date-outer'>
    <b:if cond='data:post.dateHeader'>
      <h2 class='date-header'><span><data:post.dateHeader/></span></h2>
    </b:if>
    <div class='date-posts'>
      <div class='post-outer'>

        <div class='post hentry uncustomized-post-template'>
          <a expr:name='data:post.id'/>
          <b:if cond='data:post.title'>
            <h3 class='post-title entry-title'>
              <b:if cond='data:post.link'>
                <a expr:href='data:post.link'><data:post.title/></a>
              <b:else/>
                <b:if cond='data:post.url'>
                  <b:if cond='data:blog.url != data:post.url'>
                    <a expr:href='data:post.url'><data:post.title/></a>
                  <b:else/>
                    <data:post.title/>
                  </b:if>
                <b:else/>
                  <data:post.title/>
                </b:if>
              </b:if>
            </h3>
          </b:if>

          <div class='post-header'>
            <div class='post-header-line-1'/>
          </div>

          <div class='post-body entry-content' expr:id='&quot;post-body-&quot; + data:post.id'>
            <data:post.body/>
            <div style='clear: both;'/> <!-- clear for photos floats -->
          </div>

          <div class='post-footer'>
            <div class='post-footer-line post-footer-line-1'>
              <span class='post-author vcard'>
                <b:if cond='data:top.showAuthor'>
                  <b:if cond='data:post.authorProfileUrl'>
                    <span class='fn'>
                      <a expr:href='data:post.authorProfileUrl' rel='author' title='author profile'>
                        <data:post.author/>
                      </a>
                    </span>
                  <b:else/>
                    <span class='fn'><data:post.author/></span>
                  </b:if>
                </b:if>
              </span>

              <span class='post-timestamp'>
                <b:if cond='data:top.showTimestamp'>
                  <data:top.timestampLabel/>
                  <b:if cond='data:post.url'>
                    <a class='timestamp-link' expr:href='data:post.url' rel='bookmark' title='permanent link'><abbr class='published' expr:title='data:post.timestampISO8601'><data:post.timestamp/></abbr></a>
                  </b:if>
                </b:if>
              </span>

              <span class='post-comment-link'>
                <b:if cond='data:blog.pageType != &quot;item&quot;'>
                  <b:if cond='data:blog.pageType != &quot;static_page&quot;'>
                    <b:if cond='data:post.allowComments'>
                      <a class='comment-link' expr:href='data:post.addCommentUrl' expr:onclick='data:post.addCommentOnclick'><b:if cond='data:post.numComments == 1'>1 <data:top.commentLabel/><b:else/><data:post.numComments/> <data:top.commentLabelPlural/></b:if></a>
                    </b:if>
                  </b:if>
                </b:if>
              </span>
            </div>

            <div class='post-footer-line post-footer-line-2'>
              <b:if cond='data:top.showMobileShare'>
                <div class='mobile-link-button goog-inline-block' id='mobile-share-button'>
                  <a href='javascript:void(0);'><data:shareMsg/></a>
                </div>
              </b:if>
              <b:if cond='data:top.showDummy'>
                <div class='goog-inline-block dummy-container'><data:post.dummyTag/></div>
              </b:if>
            </div>

          </div>
        </div>

        <b:if cond='data:blog.pageType == &quot;static_page&quot;'>
          <b:if cond='data:post.showThreadedComments'>
            <b:include data='post' name='threaded_comments'/>
          <b:else/>
            <b:include data='post' name='comments'/>
          </b:if>
        </b:if>
        <b:if cond='data:blog.pageType == &quot;item&quot;'>
          <b:if cond='data:post.showThreadedComments'>
            <b:include data='post' name='threaded_comments'/>
          <b:else/>
            <b:include data='post' name='comments'/>
          </b:if>
        </b:if>
      </div>
    </div>
  </div>
</b:includable>
<b:includable id='postQuickEdit' var='post'>
  <b:if cond='data:post.editUrl'>
    <span expr:class='&quot;item-control &quot; + data:post.adminClass'>
      <a expr:href='data:post.editUrl' expr:title='data:top.editPostMsg'>
        <img alt='' class='icon-action' height='18' src='http://img2.blogblog.com/img/icon18_edit_allbkg.gif' width='18'/>
      </a>
    </span>
  </b:if>
</b:includable>
<b:includable id='breadcrumb' var='posts'>
<b:if cond='data:blog.homepageUrl == data:blog.url'> 
<!-- No breadcrumb on front page --> 
<b:else/> 
<b:if cond='data:blog.pageType == &quot;item&quot;'> 
<div class='breadcrumbs'> 
Browse &#187; <a expr:href='data:blog.homepageUrl' rel='tag'>Home</a> 
<b:loop values='data:posts' var='post'> 
<b:if cond='data:post.labels'> 
<b:loop values='data:post.labels' var='label'> 
<b:if cond='data:label.isLast == &quot;true&quot;'> &#187; <a expr:href='data:label.url' rel='tag'><data:label.name/></a> </b:if> </b:loop> 
&#187; <span><data:post.title/></span> </b:if> </b:loop> </div> 
<b:else/> 
<b:if cond='data:blog.pageType == &quot;archive&quot;'> 
<div class='breadcrumbs'> 
Browse &#187; <a expr:href='data:blog.homepageUrl'>Home</a> &#187; Archives for <data:blog.pageName/> </div> <b:else/> 
<b:if cond='data:blog.pageType == &quot;index&quot;'> 
<div class='breadcrumbs'> 
<b:if cond='data:blog.pageName == &quot;&quot;'> 
Browse &#187; <a expr:href='data:blog.homepageUrl'>Home</a> &#187; All posts <b:else/> 
Browse &#187; <a expr:href='data:blog.homepageUrl'>Home</a> &#187;
Posts filed under <data:blog.pageName/> 
</b:if> </div> </b:if> </b:if> </b:if> 
</b:if>
</b:includable>
<b:includable id='main' var='top'>
  <b:if cond='data:mobile == &quot;false&quot;'>

    <!-- posts -->
    <div class='blog-posts hfeed'>
   <!--Breadcrumb Hack - disable default status message
<b:include data='top' name='status-message'/>default status message disabled --> 
<b:include data='posts' name='breadcrumb'/>
      <data:defaultAdStart/>
      
<b:loop values='data:posts' var='post'>
        <b:if cond='data:post.isDateStart'>
          <b:if cond='data:post.isFirstPost == &quot;false&quot;'>
            &lt;/div&gt;&lt;/div&gt;
          </b:if>
        </b:if>
        <b:if cond='data:post.isDateStart'>
          &lt;div class=&quot;date-outer&quot;&gt;
        </b:if>
        <b:if cond='data:post.dateHeader'>
          <h2 class='date-header'><span><data:post.dateHeader/></span></h2>
        </b:if>
        <b:if cond='data:post.isDateStart'>
          &lt;div class=&quot;date-posts&quot;&gt;
        </b:if>
        <div class='post-outer'>
        <b:include data='post' name='post'/>
        <b:if cond='data:blog.pageType == &quot;static_page&quot;'>
          <b:if cond='data:post.showThreadedComments'>
            <b:include data='post' name='threaded_comments'/>
          <b:else/>
            <b:include data='post' name='comments'/>
          </b:if>
        </b:if>
        <b:if cond='data:blog.pageType == &quot;item&quot;'>
          <b:if cond='data:post.showThreadedComments'>
            <b:include data='post' name='threaded_comments'/>
          <b:else/>
            <b:include data='post' name='comments'/>
          </b:if>
        </b:if>
        </div>
        <b:if cond='data:post.includeAd'>
          <b:if cond='data:post.isFirstPost'>
            <data:defaultAdEnd/>
          <b:else/>
            <data:adEnd/>
          </b:if>
          <div class='inline-ad'>
            <data:adCode/>
          </div>
          <data:adStart/>
        </b:if>
      </b:loop>
      <b:if cond='data:numPosts != 0'>
        &lt;/div&gt;&lt;/div&gt;
      </b:if>
      <data:adEnd/>
    </div>

    <!-- navigation -->
    <b:include name='nextprev'/>

    <!-- feed links -->
    <b:include name='feedLinks'/>

    <b:if cond='data:top.showStars'>
      <script src='//www.google.com/jsapi' type='text/javascript'/>
      <script type='text/javascript'>
        google.load(&quot;annotations&quot;, &quot;1&quot;, {&quot;locale&quot;: &quot;<data:top.languageCode/>&quot;});
        function initialize() {
          google.annotations.setApplicationId(<data:top.blogspotReviews/>);
          google.annotations.createAll();
          google.annotations.fetch();
        }
        google.setOnLoadCallback(initialize);
      </script>
    </b:if>

  <b:else/>
    <b:include name='mobile-main'/>
  </b:if>

  <b:if cond='data:top.showDummy'>
    <data:top.dummyBootstrap/>
  </b:if>

</b:includable>
<b:includable id='commentDeleteIcon' var='comment'>
  <span expr:class='&quot;item-control &quot; + data:comment.adminClass'>
    <b:if cond='data:showCmtPopup'>
      <div class='goog-toggle-button'>
        <div class='goog-inline-block comment-action-icon'/>
      </div>
    <b:else/>
      <a class='comment-delete' expr:href='data:comment.deleteUrl' expr:title='data:top.deleteCommentMsg'>
        <img src='//www.blogger.com/img/icon_delete13.gif'/>
      </a>
    </b:if>
  </span>
</b:includable>
<b:includable id='feedLinks'>
  <b:if cond='data:blog.pageType != &quot;item&quot;'> <!-- Blog feed links -->
    <b:if cond='data:feedLinks'>
      <div class='blog-feeds'>
        <b:include data='feedLinks' name='feedLinksBody'/>
      </div>
    </b:if>

    <b:else/> <!--Post feed links -->
    <div class='post-feeds'>
      <b:loop values='data:posts' var='post'>
        <b:if cond='data:post.allowComments'>
          <b:if cond='data:post.feedLinks'>
            <b:include data='post.feedLinks' name='feedLinksBody'/>
          </b:if>
        </b:if>
      </b:loop>
    </div>
  </b:if>
</b:includable>
<b:includable id='threaded-comment-form' var='post'>
  <div class='comment-form'>
    <a name='comment-form'/>
    <b:if cond='data:mobile'>
      <p><data:blogCommentMessage/></p>
      <data:blogTeamBlogMessage/>
      <a expr:href='data:post.commentFormIframeSrc' id='comment-editor-src'/>
      <iframe allowtransparency='true' class='blogger-iframe-colorize blogger-comment-from-post' frameborder='0' height='410' id='comment-editor' name='comment-editor' src='' style='display: none' width='100%'/>
    <b:else/>
      <p><data:blogCommentMessage/></p>
      <data:blogTeamBlogMessage/>
      <a expr:href='data:post.commentFormIframeSrc' id='comment-editor-src'/>
      <iframe allowtransparency='true' class='blogger-iframe-colorize blogger-comment-from-post' frameborder='0' height='410' id='comment-editor' name='comment-editor' src='' width='100%'/>
    </b:if>
    <data:post.friendConnectJs/>
    <data:post.cmtfpIframe/>
    <script type='text/javascript'>
      BLOG_CMT_createIframe(&#39;<data:post.appRpcRelayPath/>&#39;, &#39;<data:post.communityId/>&#39;);
    </script>
  </div>
</b:includable>
<b:includable id='mobile-index-post' var='post'>
  <div class='mobile-date-outer date-outer'>
    <b:if cond='data:post.dateHeader'>
      <div class='date-header'>
        <span><data:post.dateHeader/></span>
      </div>
    </b:if>

    <div class='mobile-post-outer'>
      <a expr:href='data:post.url'>
        <h3 class='mobile-index-title entry-title'>
          <data:post.title/>
        </h3>

        <div class='mobile-index-arrow'>&amp;rsaquo;</div>

        <div class='mobile-index-contents'>
          <b:if cond='data:post.thumbnailUrl'>
            <div class='mobile-index-thumbnail'>
              <div class='Image'>
                <img expr:src='data:post.thumbnailUrl'/>
              </div>
            </div>
          </b:if>

          <div class='post-body'>
            <b:if cond='data:post.snippet'><data:post.snippet/></b:if>
          </div>
        </div>

        <div style='clear: both;'/>
      </a>

      <div class='mobile-index-comment'>
        <b:if cond='data:blog.pageType != &quot;static_page&quot;'>
          <b:if cond='data:post.allowComments'>
            <b:if cond='data:post.numComments != 0'>
              <a class='comment-link' expr:href='data:post.addCommentUrl' expr:onclick='data:post.addCommentOnclick'><b:if cond='data:post.numComments == 1'>1 <data:top.commentLabel/><b:else/><data:post.numComments/> <data:top.commentLabelPlural/></b:if></a>
            </b:if>
          </b:if>
        </b:if>
      </div>
    </div>
  </div>
</b:includable>
<b:includable id='feedLinksBody' var='links'>
  <div class='feed-links'>
  <data:feedLinksMsg/>
  <b:loop values='data:links' var='f'>
     <a class='feed-link' expr:href='data:f.url' expr:type='data:f.mimeType' target='_blank'><data:f.name/> (<data:f.feedType/>)</a>
  </b:loop>
  </div>
</b:includable>
<b:includable id='comments' var='post'>
  <div class='comments' id='comments'>
    <a name='comments'/>
    <b:if cond='data:post.allowComments'>
      <h4>
        <b:if cond='data:post.numComments == 1'>
          1 <data:commentLabel/>:
        <b:else/>
          <data:post.numComments/> <data:commentLabelPlural/>:
        </b:if>
      </h4>

      <b:if cond='data:post.commentPagingRequired'>
        <span class='paging-control-container'>
          <a expr:class='data:post.oldLinkClass' expr:href='data:post.oldestLinkUrl'><data:post.oldestLinkText/></a>
          &#160;
          <a expr:class='data:post.oldLinkClass' expr:href='data:post.olderLinkUrl'><data:post.olderLinkText/></a>
          &#160;
          <data:post.commentRangeText/>
          &#160;
          <a expr:class='data:post.newLinkClass' expr:href='data:post.newerLinkUrl'><data:post.newerLinkText/></a>
          &#160;
          <a expr:class='data:post.newLinkClass' expr:href='data:post.newestLinkUrl'><data:post.newestLinkText/></a>
        </span>
      </b:if>

      <div expr:id='data:widget.instanceId + &quot;_comments-block-wrapper&quot;'>
        <dl expr:class='data:post.avatarIndentClass' id='comments-block'>
          <b:loop values='data:post.comments' var='comment'>
            <dt expr:class='&quot;comment-author &quot; + data:comment.authorClass' expr:id='data:comment.anchorName'>
              <b:if cond='data:comment.favicon'>
                <img expr:src='data:comment.favicon' height='16px' style='margin-bottom:-2px;' width='16px'/>
              </b:if>
              <a expr:name='data:comment.anchorName'/>
              <b:if cond='data:blog.enabledCommentProfileImages'>
                <data:comment.authorAvatarImage/>
              </b:if>
              <b:if cond='data:comment.authorUrl'>
                <a expr:href='data:comment.authorUrl' rel='nofollow'><data:comment.author/></a>
              <b:else/>
                <data:comment.author/>
              </b:if>
              <data:commentPostedByMsg/>
            </dt>
            <dd class='comment-body' expr:id='data:widget.instanceId + data:comment.cmtBodyIdPostfix'>
              <b:if cond='data:comment.isDeleted'>
                <span class='deleted-comment'><data:comment.body/></span>
              <b:else/>
                <p><data:comment.body/></p>
              </b:if>
            </dd>
            <dd class='comment-footer'>
              <span class='comment-timestamp'>
                <a expr:href='data:comment.url' title='comment permalink'>
                  <data:comment.timestamp/>
                </a>
                <b:include data='comment' name='commentDeleteIcon'/>
              </span>
            </dd>
          </b:loop>
        </dl>
      </div>

      <b:if cond='data:post.commentPagingRequired'>
        <span class='paging-control-container'>
          <a expr:class='data:post.oldLinkClass' expr:href='data:post.oldestLinkUrl'>
            <data:post.oldestLinkText/>
          </a>
          <a expr:class='data:post.oldLinkClass' expr:href='data:post.olderLinkUrl'>
            <data:post.olderLinkText/>
          </a>
          &#160;
          <data:post.commentRangeText/>
          &#160;
          <a expr:class='data:post.newLinkClass' expr:href='data:post.newerLinkUrl'>
            <data:post.newerLinkText/>
          </a>
          <a expr:class='data:post.newLinkClass' expr:href='data:post.newestLinkUrl'>
            <data:post.newestLinkText/>
          </a>
        </span>
      </b:if>

      <p class='comment-footer'>
        <b:if cond='data:post.embedCommentForm'>
          <b:if cond='data:post.allowNewComments'>
            <b:include data='post' name='comment-form'/>
          <b:else/>
            <data:post.noNewCommentsText/>
          </b:if>
        <b:else/>
          <b:if cond='data:post.allowComments'>
            <a expr:href='data:post.addCommentUrl' expr:onclick='data:post.addCommentOnclick'><data:postCommentMsg/></a>
          </b:if>
        </b:if>

      </p>
    </b:if>
    <b:if cond='data:showCmtPopup'>
      <div id='comment-popup'>
        <iframe allowtransparency='true' frameborder='0' id='comment-actions' name='comment-actions' scrolling='no'>
        </iframe>
      </div>
    </b:if>

    <div id='backlinks-container'>
    <div expr:id='data:widget.instanceId + &quot;_backlinks-container&quot;'>
       <b:if cond='data:post.showBacklinks'>
         <b:include data='post' name='backlinks'/>
       </b:if>
    </div>
    </div>
  </div>
</b:includable>
</b:widget>
</b:section>
      </div>

      <div class='sidebar-wrapper'>
          <b:section class='sidebar' id='sidebar2' preferred='yes'/>
      </div>
    <div style='clear:both;'/>

      <!-- spacer for skins that want sidebar and main to be the same height-->
      <div class='clear'>&#160;</div>

    </div> <!-- end content-wrapper -->
 </div></div> <!-- end outer-wrapper -->

<div id='navigation'>
     <ul>
        <li><a href='YOUR LINK HERE' title=''> Politics </a></li>
        <li><a href='YOUR LINK HERE' title=''> Celebrities </a></li>
        <li><a href='YOUR LINK HERE' title=''> Business </a></li>
        <li><a href='YOUR LINK HERE' title=''> Blogging </a></li>
        <li><a href='YOUR LINK HERE' title=''> Templates </a></li>
        <li><a href='YOUR LINK HERE' title=''> Photoshop </a></li>
        <li><a href='YOUR LINK HERE' title=''> Opinion </a></li>
       <li><a href='YOUR LINK HERE' title=''> Entertainment </a></li>
    </ul>
  </div>

     <div id='lower'> 
<div id='lower-wrapper'> 
<b:section class='lower-wrapper' id='lower-wrapper' preferred='yes'/>
<div id='lowerbar-wrapper'> 
<b:section class='lowerbar' id='lowerbar1' preferred='yes'/> 
</div> 
<div id='lowerbar-wrapper'> 
<b:section class='lowerbar' id='lowerbar2' preferred='yes'/> 
</div> 
<div id='lowerbar-wrapper'> 
<b:section class='lowerbar' id='lowerbar3' preferred='yes'/> 
</div> 
<div style='clear: both;'/> 
</div> </div>
<div id='credit'>   
<p><a expr:href='data:blog.homepageUrl'><data:blog.title/></a> - Copyright &#169; 2012 - All Rights Reserved 
 <!-- you don't have permission to remove or change these  -->
 | Blogger Theme by <a href='http://btdesigner.blogspot.com/' target='_blank' title='BTDesigner'>BTDesigner</a> Published..<a href='http://gooyaabitemplates.com/' target='_blank' title='Blogger Templates'>Blogger Templates</a>| Proudly powered by <a href='http://www.blogger.com/'>Blogger</a></p>
</div><!-- end credit -->

</body>
</html>