<?xml version="1.0" encoding="UTF-8" ?>
<!DOCTYPE html PUBLIC "-//W3C//DTD XHTML 1.0 Strict//EN" "http://www.w3.org/TR/xhtml1/DTD/xhtml1-strict.dtd">
<html expr:dir='data:blog.languageDirection' xmlns='http://www.w3.org/1999/xhtml' xmlns:b='http://www.google.com/2005/gml/b' xmlns:data='http://www.google.com/2005/gml/data' xmlns:expr='http://www.google.com/2005/gml/expr'>
  <head>
<SCRIPT type='text/javascript'> var thumbnail_mode = &quot;no-float&quot; ; summary_noimg = 450; summary_img = 550; img_thumb_height = 125; img_thumb_width = 125; </SCRIPT><SCRIPT src='http://btheme.googlecode.com/files/readmore.js' type='text/javascript'/>

    <b:include data='blog' name='all-head-content'/>
    <title><data:blog.pageTitle/></title>
    <b:skin><![CDATA[/*
-----------------------------------------------
Name          : Bussiness MO Blogger Template 
Converted by  : Kumar 
URL           : http://www.bloggertheme.net/ 
Designed By   : http://www.templatemo.com 

License:  This Blogger template is licensed under the Creative Commons Attribution 3.0 License, which permits both personal and commercial use.
However, to satisfy the 'attribution' clause of the license, you are required to keep the footer links intact which provides due credit to its authors. For more specific details about the license, you may visit the URL below:
http://creativecommons.org/licenses/by/3.0/
-----------------------------------------------
*/
#navbar-iframe{height:0px;visibility:hidden; display:none;}
body {
	margin:0px;
	padding:0px;
	color:#555;
	font-family: Arial, Helvetica, sans-serif;
	font-size:13px;
	line-height:1.5em; 
	background-color:#333333;
	background-image: url(http://lh3.ggpht.com/_0ncb0g2iwsc/TDqenSgH5sI/AAAAAAAAAGA/oc0CSl0SopM/s1600/templatemo_body.jpg);
	background-position:top;
	background-repeat:repeat-x;
}

a, a:link, a:visited {
	color: #037db0;
}

a:hover {
	color: #CC0000;
	text-decoration:none;
}

p { margin: 0px; padding: 0 0 10px 0; }

h1 { font-size: 36px; color: #000; }
h2 { font-size: 24px; color: #000; margin: 0 0 20px 0; padding: 0; }
h3 { font-size: 21px; color: #ccc; margin: 0 0 20px 0; padding: 0; }
h4 { font-size: 18px; color: #000; margin: 0 0 10px 0; padding: 0; }
h5 { font-size: 16px; color: #000; margin: 0 0 10px 0; padding: 0; }
h6 { font-size: 14px; margin: 0 0 5px 0; padding: 0;}

.cleaner { clear: both; width: 100%; height: 0px; font-size: 0px;  }

.cleaner_h10 { clear: both; width:100%; height: 10px; }
.cleaner_h20 { clear: both; width:100%; height: 20px; }
.cleaner_h30 { clear: both; width:100%; height: 30px; }
.cleaner_h40 { clear: both; width:100%; height: 40px; }
.cleaner_h50 { clear: both; width:100%; height: 50px; }
.cleaner_h60 { clear: both; width:100%; height: 60px; }

.float_l {
	float: left;
}

.float_r {
	float: right;
}

#templatemo_wrapper {
	width: 970px;
	margin: 0 auto;
	padding: 0 10px;
}
/* header */
#templatemo_header {
	width: 970px;
	height: 100px;
	margin-bottom: 50px;
}

#templatemo_header  #site_title {
	float: left;
	width: 300px;
	padding: 30px 0 0 40px;
}

#templatemo_header  #site_title h1 {
	margin: 0;
	padding: 0;
}

#templatemo_header  #site_title h1 a {
	margin: 0px;
	padding: 0px;
	font-size: 30px;
	color: #ffffff;
	font-weight: bold;
	text-decoration: none;
}

#templatemo_header  #site_title h1 a span {
	display: block;
	text-align: right;
	font-size: 14px;
	color: #CCC;
	font-weight: bold;
	letter-spacing: 2px;
}

.button a {
	clear: both;
	display: block;
	width: 85px;
	height: 24px;
	padding: 3px 15px 0 0;
	background:	url(http://lh3.ggpht.com/_0ncb0g2iwsc/TDqepZ5PAtI/AAAAAAAAAGI/cbsiehZ7h8Q/s1600/templatemo_button.png) no-repeat;
	
	
	color: #2a92e2;
	font-weight: bold;
	font-size: 12px;
	text-align: center;
	text-decoration: none;
}

.button a:hover {
	color: #333333;
}

/* end of header */

/* menu */
#templatemo_menu {
	float: right;
	height: 45px;
}

#templatemo_menu ul {
	margin: 0;
	padding: 0px;
	list-style: none;
}

#templatemo_menu ul li {
	padding: 0px;
	margin: 0px;
	display: inline;
}

#templatemo_menu ul li a {
	position: relative;
	float: left;
	width: 120px;
	display: block;
	height: 33px;
	padding: 12px 0 0 0;
	text-align: center;
	font-size: 14px;
	text-decoration: none;
	color: #2089ff;	
	font-weight: bold;
	outline: none;
}

#templatemo_menu li a:hover, #templatemo_menu li .current {
	color: #fff;
	background: url(http://lh3.ggpht.com/_0ncb0g2iwsc/TDqexpaaOpI/AAAAAAAAAGw/7Tk68B3slj0/s1600/templatemo_menu_hover.jpg);
}

/* end of menu */


/* content */

#slider-holder{width: 610px;height: 250px;overflow: hidden;
margin-bottom:-0px; margin-left:0px; margin-top:-20px;padding: 0px 0 0 0;}
#s3slider { width: 610px; /* important to be same as image width */
height: 250px; /* important to be same as image height */position: relative; /* important */overflow: hidden; /* important */}
#s3sliderContent {width: 610px; /* important to be same as image width or wider */
position: absolute; /* important */top: 0; /* important */margin-left: 0; /* important */}
.s3sliderImage {float: left; /* important */ position: relative; /* important */ display: none; /* important */}
.s3sliderImage span { position: absolute; /* important */ left: 0; font-weight: 700; font-size: 0.834em; color: #ffffff;  padding: 20px 15px 20px 13px;  height: 50px;  width: 610px;  background-color: #4e4d3c;
filter: alpha(opacity=70); /* here you can set the opacity of box with text */
-moz-opacity: 0.7; /* here you can set the opacity of box with text */
-khtml-opacity: 0.7; /* here you can set the opacity of box with text */
opacity: 0.7; /* here you can set the opacity of box with text */
display: none; /* important */bottom: 0;/*
if you put
top: 0; -> the box with text will be shown at the top of the image
if you put
bottom: 0; -> the box with text will be shown at the bottom of the image*/}
.s3sliderImage span a.featured-title:link,
.s3sliderImage span a.featured-title:visited{color: #fff;padding: 0px 0px 0px 0px;font-size: 1.167em;}
.s3sliderImage span a.featured-title:hover{color: #999;}
.s3sliderImage span a:link,
.s3sliderImage span a:visited{color: #888;}
.s3sliderImage span a:hover{color: #555;}

#s3slider ul {
	list-style: none;
}

#s3slider ul li {
	display: inline;
}

#templatemo_content {
	width: 610px;
	float: left;
	padding: 30px;
	background: #f6f6f6;
	border: 1px solid #fff;
}
.post_section {
	clear: both;
	padding-bottom: 30px;
	margin-bottom: 30px;
	border-bottom: 1px solid #CCC;
	background: url(images/templatemo_divider.jpg) bottom repeat-x;	
}

.post_section h2  {
	color: #749d07;
	font-weight: normal;
	margin: 0 0 5px 0;
	padding: 10px 0 5px 0;
	background: url(images/templatemo_header.png) no-repeat bottom left;
}

.post_section .post_content {
	clear: both;
	margin: 10px 0;
}
.post_content .left {
	float: left; 
	width: 130px;
}

.post_content .left img {
	border:1px solid #CCC;
	padding: 5px;
}

.post_content .right {
	float: right; 
	width: 450px;
}

.post_section p {
	padding-bottom: 5px;
	margin-bottom: 8px;
}

.post_section .comment_tab {
	padding: 10px 0;
	margin: 40px 0 20px 0;
	border-bottom: 1px dashed #666;
	font-size: 20px;
	font-weight: bold;
}

.post {margin:0 0 40px 20px;}
.post h3 {line-height:1.2em;color:#ffffff;font-size:29px;padding:0 0 0px;}
.post h3 a,.post h3 a:visited,.post h3 strong {display:block;text-decoration:none;font-weight:normal;}
.post h3 strong,.post h3 a:hover {color:#CC0000;}
.post-body {font-size:12.4px;word-spacing:3px;margin:20px 0 10px;line-height:1.8em;}
.post-body blockquote {line-height:1.3em;}
.jump-link {margin-top:15px;}
.jump-link a {padding:4px 15px;background:#A0C73F;color:#FFF;text-decoration:none;
-moz-border-radius:15px;-khtml-border-radius:15px;-webkit-border-radius:15px;border-radius:15px;font-size:12px;font-weight:bold;}
.jump-link a:hover {font-style:italic;}
.post-footer {font-style:italic;font-family:arial;margin:20px 0;color:#999999;letter-spacing:.1em;line-height:1.4em;}
.comment-link {margin-left:.6em;}
.post img,table.tr-caption-container {padding:4px;background:#EBEBEB;border:1px solid #FCFCFC;}
.tr-caption-container img {border:none;padding:0;}
.post blockquote {font-style:italic;margin:1em 20px;}
.post blockquote p {margin:.75em 0;}
#comments{margin-left:20px;}
#comments h4 {margin:1em 0;font-weight:bold;line-height:1.4em;text-transform:uppercase;letter-spacing:.2em;color:#999999;}
#comments-block {margin:1em 0 1.5em;line-height:1.6em;}
#comments-block .comment-author {margin:.5em 0;}
#comments-block .comment-body {margin:.25em 0 0;}
#comments-block .comment-footer {margin:-.25em 0 2em;line-height:1.4em;text-transform:uppercase;letter-spacing:.1em;}
#comments-block .comment-body p {margin:0 0 .75em;}
.deleted-comment {font-style:italic;color:gray;}
#blog-pager-newer-link {float:left;}
#blog-pager-older-link {float:right;}
#blog-pager {margin-left:20px;text-align:center;}
.feed-links {clear:both;margin:0 0 0 20px;line-height:2.5em;}

/*-----------------Sidebar Content-------------- */

.sidebaradbox {
	margin-top: 10px; 
	text-align:center;
	}
	
.ad125 {
	margin: 6px;
	}
#search {
    border: 1px solid #000;
    height: 28px;
    padding: 0;
    background: #fff;
    text-align: right;
    margin-top: 15px;
}

#search input {
	border: 0;
    background: none;
    color: #000;
}
	
	
#s {
	width: 240px;
	padding: 4px;
    margin:2px 0 0 0;
    background: none;
}

#topsearch #search {
    margin: 8px 0 0 0;
    padding-right: 4px;
    }
    
#topsearch #s {
    width: 228px;
    }


.sidebar h2 {
color:#000;
background: url('http://lh3.ggpht.com/_0ncb0g2iwsc/TDq86BQA3zI/AAAAAAAAAIA/_ylgyUY1Cv8/s1600/side.png') repeat;
height:30px;
font-size:14px;
font-family:Helvetica;
font-style:normal;
border-bottom:1px solid #2D2D2D;
padding: 10px 0px 0px 15px;
}
#sidebar-wrapper {
width:290px;
float:right;
word-wrap:break-word;
/* fix for long text breaking sidebar float in IE */
overflow:hidden;
/* fix for long non-text content breaking IE sidebar float */
}
.sidebar {
background:#fff;
border:1px solid #fff;
}
.sidebar a {
color:#000;
}
.sidebar ul {
list-style:none;
line-height:2.2em;
}
.sidebar li {
border-bottom:1px dashed #e6e6e6;
display:block;
padding:0 0 0 0px;
}
.sidebar li a:hover {
text-decoration:underline;
}
.sidebar .widget {
border-bottom:1px solid #fff;
}
.sidebar img {
padding:10px 0 0 25px;
}
.sidebar .widget-content {
}
.sidebar #ArchiveList {
margin-top:10px;
word-wrap:break-word;
/* fix for long text breaking sidebar float in IE */
overflow:hidden;
/* fix for long non-text content breaking IE sidebar float */
}
.sidebar #ArchiveList ul {
background:none;
margin:0;
line-height:1.5em;
padding:0 0 0 25px;
list-style-type:none;
}
.sidebar #ArchiveList ul li {
margin:0;
padding:0;
}


/* end of content */


/* footer */
#templatemo_footer {
	clear: both;
	width: 910px;
	padding: 30px;
	text-align: left;
	color: #ccc;
}

#templatemo_footer a {
	color: #ffffff;
	font-weight: normal;
	text-decoration: underline;
}

#templatemo_footer a:hover {
	text-decoration: none;
}

#templatemo_footer .footer_menu {
	margin: 0 0 10px 0;
	padding: 0px;
	list-style: none;
}

.footer_menu li {
	margin: 0px;
	padding: 0 20px 0 0;
	display: inline;
}

.footer_menu li a {
	color: #ffffff;
}

.footer_menu .last_menu {
	border: none;
}


/* end of footer */
]]></b:skin>

<script src='http://btheme.googlecode.com/files/jquery.js' type='text/javascript'/>
<script src='http://btheme.googlecode.com/files/Slider.js' type='text/javascript'/>

<script type='text/javascript'>
$(document).ready(function() {
$(&#39;#s3slider&#39;).s3Slider({
timeOut: 4000
});
});
</script>


<b:if cond='data:blog.pageType != &quot;item&quot;'>
<style>.comment-link {display:none;}
.post-footer-line-1 {display:none;}
.post-footer-line-3 {display:none;}
.post-labels {display:none;}
</style>
</b:if>

  </head>

  <body>
<div id='templatemo_wrapper'> 
<div id='templatemo_header'> 
<div id='site_title'> 
<h1><a expr:href='data:blog.homepageUrl'> 
<img alt='Www.BloggerTheme.Net' src='http://lh4.ggpht.com/_0ncb0g2iwsc/TDqewHV5lcI/AAAAAAAAAGo/SeLnmC-xdQk/s1600/templatemo_logo.png'/> 
<span>By Www.BloggerTheme.Net</span> 
</a></h1> 
</div> 

    

<div id='templatemo_menu'> 
<ul> 
<li><a class='current' expr:href='data:blog.homepageUrl'>Home</a></li> 
<li><a href='#'>Services</a></li> 
<li><a href='#'>News</a></li> 
<li><a href='#'>Gallery</a></li> 
<li><a href='#'>Contact</a></li> 
</ul>    	
</div><!-- end of templatemo_menu -->
<div class='cleaner'/>
</div>  <!-- end of templatemo_header -->  
    
<div id='templatemo_content'>  
<div class='content_section'> 

<b:if cond='data:blog.pageType != &quot;static_page&quot;'>
<b:if cond='data:blog.pageType != &quot;item&quot;'>
<div class='black-bg' id='slider-holder'>
<div id='s3slider'>
<ul id='s3sliderContent'>
<li class='s3sliderImage' style='display: list-item;'>
<a href='#YOUR LINKS TO THE POSTS HERE'><img alt='Imagen 1' src='http://lh6.ggpht.com/_0ncb0g2iwsc/TDq3d6ogWwI/AAAAAAAAAHg/I6_hX5Q2WZE/s1600/1.jpg'/></a>
<span style='display: block;'>
<a class='featured-title block' href='#YOUR LINKS TO THE POSTS HERE' rel='bookmark' title='YOUR POST TITLE'>YOUR POST TITLE HERE</a><br/>
SOME DESCRIPTION OF YOUR POST HERE
</span>

</li>
<li class='s3sliderImage' style='display: none;'>
<a href='#YOUR LINKS TO THE POSTS HERE'><img alt='Imagen 2' src='http://lh3.ggpht.com/_0ncb0g2iwsc/TDq4T9aZF-I/AAAAAAAAAHo/79uNR5ZQEfo/s1600/2.jpg'/></a>
<span style='display: none;'>
<a class='featured-title block' href='#YOUR LINKS TO THE POSTS HERE' rel='bookmark' title='YOUR POST TITLE HERE'>YOUR POST TITLE HERE</a><br/>

SOME DESCRIPTION OF YOUR POST HERE
</span>
</li>
<li class='s3sliderImage' style='display: none;'>
<a href='#YOUR LINKS TO THE POSTS HERE'><img alt='Imagen 3' src='http://lh6.ggpht.com/_0ncb0g2iwsc/TDq4WPaLI6I/AAAAAAAAAHw/qE5MMpzr6og/s1600/3.jpg'/></a>
<span style='display: none;'>
<a class='featured-title block' href='#YOUR LINKS TO THE POSTS HERE' rel='bookmark' title='YOUR POST TITLE HERE'>YOUR POST TITLE HERE</a><br/>
SOME DESCRIPTION OF YOUR POST HERE
</span>

</li>
<li class='s3sliderImage' style='display: none;'>
<a href='#YOUR LINKS TO THE POSTS HERE'><img alt='Imagen 4' src='http://lh6.ggpht.com/_0ncb0g2iwsc/TDq4YTPydcI/AAAAAAAAAH4/gh6zYu08Ujc/s1600/4.jpg'/></a>
<span style='display: none;'>
<a class='featured-title block' href='#YOUR LINKS TO THE POSTS HERE' rel='bookmark' title='YOUR POST TITLE HERE'>YOUR POST TITLE HERE</a><br/>
SOME DESCRIPTION OF YOUR POST HERE
</span>

</li>
<li class='clear s3sliderImage'/>
</ul>
</div>
</div>

</b:if></b:if>

<b:section class='main' id='main' showaddelement='no'>
<b:widget id='Blog1' locked='true' title='Blog Posts' type='Blog'>
<b:includable id='nextprev'>
  <div class='blog-pager' id='blog-pager'>
    <b:if cond='data:newerPageUrl'>
      <span id='blog-pager-newer-link'>
      <a class='blog-pager-newer-link' expr:href='data:newerPageUrl' expr:id='data:widget.instanceId + &quot;_blog-pager-newer-link&quot;' expr:title='data:newerPageTitle'><data:newerPageTitle/></a>
      </span>
    </b:if>

    <b:if cond='data:olderPageUrl'>
      <span id='blog-pager-older-link'>
      <a class='blog-pager-older-link' expr:href='data:olderPageUrl' expr:id='data:widget.instanceId + &quot;_blog-pager-older-link&quot;' expr:title='data:olderPageTitle'><data:olderPageTitle/></a>
      </span>
    </b:if>

    <a class='home-link' expr:href='data:blog.homepageUrl'><data:homeMsg/></a>

  </div>
  <div class='clear'/>
</b:includable>
<b:includable id='shareButtons' var='post'>
  <b:if cond='data:post.sharePostUrl'>
      <a class='share-button sb-email' expr:href='data:post.sharePostUrl + &quot;&amp;target=email&quot;' expr:title='data:top.emailThisMsg' target='_blank'>
        <span class='share-button-link-text'><data:top.emailThisMsg/></span></a>
      <a class='share-button sb-blog' expr:href='data:post.sharePostUrl + &quot;&amp;target=blog&quot;' expr:onclick='&quot;window.open(this.href, \&quot;&quot; + data:top.blogThisMsg             + &quot;\&quot;, \&quot;height=270,width=475\&quot;); return false;&quot;' expr:title='data:top.blogThisMsg' target='_blank'>
        <span class='share-button-link-text'><data:top.blogThisMsg/></span></a>
      <a class='share-button sb-twitter' expr:href='data:post.sharePostUrl + &quot;&amp;target=twitter&quot;' expr:title='data:top.shareToTwitterMsg' target='_blank'>
        <span class='share-button-link-text'><data:top.shareToTwitterMsg/></span></a>
      <a class='share-button sb-facebook' expr:href='data:post.sharePostUrl + &quot;&amp;target=facebook&quot;' expr:onclick='&quot;window.open(this.href, \&quot;&quot;             + data:top.shareToFacebookMsg + &quot;\&quot;, \&quot;height=430,width=640\&quot;); return false;&quot;' expr:title='data:top.shareToFacebookMsg' target='_blank'>
        <span class='share-button-link-text'><data:top.shareToFacebookMsg/></span></a>
      <a class='share-button sb-buzz' expr:href='data:post.sharePostUrl + &quot;&amp;target=buzz&quot;' expr:onclick='&quot;window.open(this.href, \&quot;&quot; + data:top.shareToBuzzMsg             + &quot;\&quot;, \&quot;height=415,width=690\&quot;); return false;&quot;' expr:title='data:top.shareToBuzzMsg' target='_blank'>
        <span class='share-button-link-text'><data:top.shareToBuzzMsg/></span></a>
  </b:if>
</b:includable>
<b:includable id='backlinks' var='post'>
  <a name='links'/><h4><data:post.backlinksLabel/></h4>
  <b:if cond='data:post.numBacklinks != 0'>
    <dl class='comments-block' id='comments-block'>
      <b:loop values='data:post.backlinks' var='backlink'>
        <div class='collapsed-backlink backlink-control'>
          <dt class='comment-title'>
            <span class='backlink-toggle-zippy'>&#160;</span>
            <a expr:href='data:backlink.url' rel='nofollow'><data:backlink.title/></a>
            <b:include data='backlink' name='backlinkDeleteIcon'/>
          </dt>
          <dd class='comment-body collapseable'>
            <data:backlink.snippet/>
          </dd>
          <dd class='comment-footer collapseable'>
            <span class='comment-author'><data:post.authorLabel/> <data:backlink.author/></span>
            <span class='comment-timestamp'><data:post.timestampLabel/> <data:backlink.timestamp/></span>
          </dd>
        </div>
      </b:loop>
    </dl>
  </b:if>
  <p class='comment-footer'>
    <a class='comment-link' expr:href='data:post.createLinkUrl' expr:id='data:widget.instanceId + &quot;_backlinks-create-link&quot;' target='_blank'><data:post.createLinkLabel/></a>
  </p>
</b:includable>
<b:includable id='post' var='post'>
  <div class='post hentry'>
    <a expr:name='data:post.id'/>
    <b:if cond='data:post.title'>
      <h3 class='post-title entry-title'>
     <b:if cond='data:post.link'>
       <a expr:href='data:post.link'><data:post.title/></a>
     <b:else/>
        <b:if cond='data:post.url'>
          <a expr:href='data:post.url'><data:post.title/></a>
        <b:else/>
          <data:post.title/>
        </b:if>
     </b:if>
      </h3>
    </b:if>

    <div class='post-header'>
    <div class='post-header-line-1'>
 </div>
    </div>

    <div class='post-body entry-content'>
      <b:if cond='data:blog.pageType == &quot;item&quot;'>
    <p><data:post.body/></p>
    <b:else/><DIV expr:id='&quot;summary&quot; + data:post.id'><p><data:post.body/></p></DIV> <SCRIPT type='text/javascript'>createSummaryAndThumb(&quot;summary<data:post.id/>&quot;);</SCRIPT> <div style='clear: both;'/> <div style='border:0px;padding-top:5px;;float:right;text-align:right;'><span class='readon'><a class='readmore' expr:href='data:post.url' rel='bookmark'>Read More...&#187;</a></span></div>
    </b:if>
      <div style='clear: both;'/> <!-- clear for photos floats -->
    </div>
  
    <b:if cond='data:post.hasJumpLink'>
      <div class='jump-link'>
        <a expr:href='data:post.url + &quot;#more&quot;' expr:title='data:post.title'><data:post.jumpText/></a>  
      </div>
    </b:if>
    
    <div class='post-footer'>
    <div class='post-footer-line post-footer-line-1'>

<span class='post-author vcard'>
        <b:if cond='data:top.showAuthor'>
          <data:top.authorLabel/>
          <span class='fn'><data:post.author/></span>
        </b:if>
      </span> 

 <b:if cond='data:post.dateHeader'>
        <span class='date-header'><span> on <data:post.dateHeader/></span></span>
      </b:if>


<span class='post-timestamp'>
        <b:if cond='data:top.showTimestamp'>
          <data:top.timestampLabel/>
        <b:if cond='data:post.url'>
          <a class='timestamp-link' expr:href='data:post.url' rel='bookmark' title='permanent link'><abbr class='published' expr:title='data:post.timestampISO8601'><data:post.timestamp/></abbr></a>
        </b:if>
        </b:if>
      </span> 

<span class='post-comment-link'>
        <b:if cond='data:blog.pageType != &quot;item&quot;'>
          <b:if cond='data:blog.pageType != &quot;static_page&quot;'>
            <b:if cond='data:post.allowComments'>
              <a class='comment-link' expr:href='data:post.addCommentUrl' expr:onclick='data:post.addCommentOnclick'><b:if cond='data:post.numComments == 1'>1 <data:top.commentLabel/><b:else/><data:post.numComments/> <data:top.commentLabelPlural/></b:if></a>
            </b:if>
          </b:if>
        </b:if>
      </span>

<span class='post-labels'>
        <b:if cond='data:post.labels'>
          <data:postLabelsLabel/>
          <b:loop values='data:post.labels' var='label'>
            <a expr:href='data:label.url' rel='tag'><data:label.name/></a><b:if cond='data:label.isLast != &quot;true&quot;'>,</b:if>
          </b:loop>
        </b:if>
      </span>

 <span class='post-icons'>
        <!-- email post links -->
        <b:if cond='data:post.emailPostUrl'>
          <span class='item-action'>
          <a expr:href='data:post.emailPostUrl' expr:title='data:top.emailPostMsg'>
              <img alt='' class='icon-action' height='13' src='http://img1.blogblog.com/img/icon18_email.gif' width='18'/>
          </a>
          </span>
        </b:if>

        <!-- quickedit pencil -->
        <b:include data='post' name='postQuickEdit'/>
      </span> </div>

      <div class='post-footer-line post-footer-line-2'/>

      <div class='post-footer-line post-footer-line-3'/>
    </div>
  </div>
</b:includable>
<b:includable id='status-message'>
  <b:if cond='data:navMessage'>
  <div class='status-msg-wrap'>
    <div class='status-msg-body'>
      <data:navMessage/>
    </div>
    <div class='status-msg-border'>
      <div class='status-msg-bg'>
        <div class='status-msg-hidden'><data:navMessage/></div>
      </div>
    </div>
  </div>
  <div style='clear: both;'/>
  </b:if>
</b:includable>
<b:includable id='comment-form' var='post'>
  <div class='comment-form'>
    <a name='comment-form'/>
    <h4 id='comment-post-message'><data:postCommentMsg/></h4>
    <p><data:blogCommentMessage/></p>
    <data:blogTeamBlogMessage/>
    <a expr:href='data:post.commentFormIframeSrc' id='comment-editor-src'/>
    <iframe allowtransparency='true' class='blogger-iframe-colorize blogger-comment-from-post' frameborder='0' height='410' id='comment-editor' name='comment-editor' src='' width='100%'/>
    <data:post.friendConnectJs/>
    <data:post.cmtfpIframe/>
    <script type='text/javascript'>
      BLOG_CMT_createIframe(&#39;<data:post.appRpcRelayPath/>&#39;, &#39;<data:post.communityId/>&#39;);
    </script>
  </div>
</b:includable>
<b:includable id='backlinkDeleteIcon' var='backlink'>
  <span expr:class='&quot;item-control &quot; + data:backlink.adminClass'>
    <a expr:href='data:backlink.deleteUrl' expr:title='data:top.deleteBacklinkMsg'>
      <img src='//www.blogger.com/img/icon_delete13.gif'/>
    </a>
  </span>
</b:includable>
<b:includable id='postQuickEdit' var='post'>
  <b:if cond='data:post.editUrl'>
    <span expr:class='&quot;item-control &quot; + data:post.adminClass'>
      <a expr:href='data:post.editUrl' expr:title='data:top.editPostMsg'>
        <img alt='' class='icon-action' height='18' src='http://img2.blogblog.com/img/icon18_edit_allbkg.gif' width='18'/>
      </a>
    </span>
  </b:if>
</b:includable>
<b:includable id='main' var='top'>
  <!-- posts -->
  <div class='blog-posts hfeed'>

    <b:include data='top' name='status-message'/>

    <data:defaultAdStart/>
    <b:loop values='data:posts' var='post'>
      <b:if cond='data:post.isDateStart'>
        <b:if cond='data:post.isFirstPost == &quot;false&quot;'>
          &lt;/div&gt;&lt;/div&gt;
        </b:if>
      </b:if>
      <b:if cond='data:post.isDateStart'>
        &lt;div class=&quot;date-outer&quot;&gt;
      </b:if>     
      <b:if cond='data:post.isDateStart'>
        &lt;div class=&quot;date-posts&quot;&gt;
      </b:if>
      <div class='post-outer'>
      <b:include data='post' name='post'/>
      <b:if cond='data:blog.pageType == &quot;static_page&quot;'>
        <b:include data='post' name='comments'/>
      </b:if>
      <b:if cond='data:blog.pageType == &quot;item&quot;'>
        <b:include data='post' name='comments'/>
      </b:if>
      </div>
      <b:if cond='data:post.includeAd'>
        <b:if cond='data:post.isFirstPost'>
          <data:defaultAdEnd/>
        <b:else/>
          <data:adEnd/>
        </b:if>
        <div class='inline-ad'>
          <data:adCode/>
        </div>
        <data:adStart/>
      </b:if>
      <b:if cond='data:post.trackLatency'>
        <data:post.latencyJs/>
      </b:if>
    </b:loop>
    <b:if cond='data:numPosts != 0'>
      &lt;/div&gt;&lt;/div&gt;
    </b:if>
    <data:adEnd/>
  </div>

  <!-- navigation -->
  <b:include name='nextprev'/>

  <!-- feed links -->
  <b:include name='feedLinks'/>
  
  <b:if cond='data:top.showStars'>
    <script src='//www.google.com/jsapi' type='text/javascript'/>
    <script type='text/javascript'>
      google.load(&quot;annotations&quot;, &quot;1&quot;, {&quot;locale&quot;: &quot;<data:top.languageCode/>&quot;});
      function initialize() {
        google.annotations.setApplicationId(<data:top.blogspotReviews/>);
        google.annotations.createAll();
        google.annotations.fetch();
      }
      google.setOnLoadCallback(initialize);
    </script>
  </b:if>
</b:includable>
<b:includable id='commentDeleteIcon' var='comment'>
  <span expr:class='&quot;item-control &quot; + data:comment.adminClass'>
    <a expr:href='data:comment.deleteUrl' expr:title='data:top.deleteCommentMsg'>
      <img src='//www.blogger.com/img/icon_delete13.gif'/>
    </a>
  </span>
</b:includable>
<b:includable id='feedLinks'>
  <b:if cond='data:blog.pageType != &quot;item&quot;'> <!-- Blog feed links -->
    <b:if cond='data:feedLinks'>
      <div class='blog-feeds'>
        <b:include data='feedLinks' name='feedLinksBody'/>
      </div>
    </b:if>

    <b:else/> <!--Post feed links -->
    <div class='post-feeds'>
      <b:loop values='data:posts' var='post'>
        <b:if cond='data:post.allowComments'>
          <b:if cond='data:post.feedLinks'>
            <b:include data='post.feedLinks' name='feedLinksBody'/>
          </b:if>
        </b:if>
      </b:loop>
    </div>
  </b:if>
</b:includable>
<b:includable id='feedLinksBody' var='links'>
  <div class='feed-links'>
  <data:feedLinksMsg/>
  <b:loop values='data:links' var='f'>
     <a class='feed-link' expr:href='data:f.url' expr:type='data:f.mimeType' target='_blank'><data:f.name/> (<data:f.feedType/>)</a>
  </b:loop>
  </div>
</b:includable>
<b:includable id='comments' var='post'>
  <div class='comments' id='comments'>
    <a name='comments'/>
    <b:if cond='data:post.allowComments'>
      <h4>
        <b:if cond='data:post.numComments == 1'>
          1 <data:commentLabel/>:
        <b:else/>
          <data:post.numComments/> <data:commentLabelPlural/>:
        </b:if>
      </h4>

      <b:if cond='data:post.commentPagingRequired'>
        <span class='paging-control-container'>
          <a expr:class='data:post.oldLinkClass' expr:href='data:post.oldestLinkUrl'><data:post.oldestLinkText/></a>
          &#160;
          <a expr:class='data:post.oldLinkClass' expr:href='data:post.olderLinkUrl'><data:post.olderLinkText/></a>
          &#160;
          <data:post.commentRangeText/>
          &#160;
          <a expr:class='data:post.newLinkClass' expr:href='data:post.newerLinkUrl'><data:post.newerLinkText/></a>
          &#160;
          <a expr:class='data:post.newLinkClass' expr:href='data:post.newestLinkUrl'><data:post.newestLinkText/></a>
        </span>
      </b:if>

      <div expr:class='data:post.postAuthorClass' expr:id='data:widget.instanceId + &quot;_comments-block-wrapper&quot;'>
        <dl expr:class='data:post.avatarIndentClass' id='comments-block'>
          <b:loop values='data:post.comments' var='comment'>
            <dt expr:class='&quot;comment-author &quot; + data:comment.authorClass' expr:id='data:comment.anchorName'>
              <b:if cond='data:comment.favicon'>
                <img expr:src='data:comment.favicon' height='16px' style='margin-bottom:-2px;' width='16px'/>
              </b:if>
              <a expr:name='data:comment.anchorName'/>
              <b:if cond='data:blog.enabledCommentProfileImages'>
                <data:comment.authorAvatarImage/>
              </b:if>
              <b:if cond='data:comment.authorUrl'>
                <a expr:href='data:comment.authorUrl' rel='nofollow'><data:comment.author/></a>
              <b:else/>
                <data:comment.author/>
              </b:if>
              <data:commentPostedByMsg/>
            </dt>
            <dd expr:class='&quot;comment-body &quot; + data:comment.commentAuthorClass' expr:id='data:widget.instanceId + data:comment.cmtBodyIdPostfix'>
              <b:if cond='data:comment.isDeleted'>
                <span class='deleted-comment'><data:comment.body/></span>
              <b:else/>
                <p>
                  <data:comment.body/>
                  <span class='interaction-iframe-guide'/>
                </p>
              </b:if>
            </dd>
            <dd class='comment-footer'>
              <span class='comment-timestamp'>
                <a expr:href='data:comment.url' title='comment permalink'>
                  <data:comment.timestamp/>
                </a>
                <b:include data='comment' name='commentDeleteIcon'/>
              </span>
            </dd>
          </b:loop>
        </dl>
      </div>

      <b:if cond='data:post.commentPagingRequired'>
        <span class='paging-control-container'>
          <a expr:class='data:post.oldLinkClass' expr:href='data:post.oldestLinkUrl'>
            <data:post.oldestLinkText/>
          </a>
          <a expr:class='data:post.oldLinkClass' expr:href='data:post.olderLinkUrl'>
            <data:post.olderLinkText/>
          </a>
          &#160;
          <data:post.commentRangeText/>
          &#160;
          <a expr:class='data:post.newLinkClass' expr:href='data:post.newerLinkUrl'>
            <data:post.newerLinkText/>
          </a>
          <a expr:class='data:post.newLinkClass' expr:href='data:post.newestLinkUrl'>
            <data:post.newestLinkText/>
          </a>
        </span>
      </b:if>

      <p class='comment-footer'>
        <b:if cond='data:post.embedCommentForm'>
          <b:if cond='data:post.allowNewComments'>
            <b:include data='post' name='comment-form'/>
          <b:else/>
            <data:post.noNewCommentsText/>
          </b:if>
        <b:else/>
          <b:if cond='data:post.allowComments'>
            <a expr:href='data:post.addCommentUrl' expr:onclick='data:post.addCommentOnclick'><data:postCommentMsg/></a>
          </b:if>
        </b:if>

      </p>
    </b:if>

    <div id='backlinks-container'>
    <div expr:id='data:widget.instanceId + &quot;_backlinks-container&quot;'>
       <b:if cond='data:post.showBacklinks'>
         <b:include data='post' name='backlinks'/>
       </b:if>
    </div>
    </div>
  </div>
</b:includable>
</b:widget>
</b:section>
</div> 

<b:section class='service_text' id='service_text2' preferred='yes'/>
<div class='cleaner'/> 
      </div>         
 <!-- end of templatemo_content --> 

<div id='sidebar-wrapper'>

<div class='sidebaradbox'> 
<a href='#' target='_new'><img class='ad125' src='http://4.bp.blogspot.com/_luXdt_wa0oM/TBdzix4rzNI/AAAAAAAAAFA/3Gh799dxKWY/s1600/ad125.png'/></a> 
<a href='#' target='_new'><img class='ad125' src='http://4.bp.blogspot.com/_luXdt_wa0oM/TBdzix4rzNI/AAAAAAAAAFA/3Gh799dxKWY/s1600/ad125.png'/></a>
<a href='#' target='_new'><img class='ad125' src='http://4.bp.blogspot.com/_luXdt_wa0oM/TBdzix4rzNI/AAAAAAAAAFA/3Gh799dxKWY/s1600/ad125.png'/></a> 
<a href='#' target='_new'><img class='ad125' src='http://4.bp.blogspot.com/_luXdt_wa0oM/TBdzix4rzNI/AAAAAAAAAFA/3Gh799dxKWY/s1600/ad125.png'/></a> 
</div> 
<div id='search'> 
<form action='/search' id='searchform' method='get'> 
<input id='s' name='s' onblur='if (this.value == &apos;&apos;)  {this.value = &apos;Search&apos;;}' onfocus='if (this.value == &apos;Search&apos;) {this.value = &apos;&apos;;}' type='text' value='Search'/> 
<input src='http://lh4.ggpht.com/_gQTW6AzEt50/TDIWJxI2nnI/AAAAAAAAAho/xyUTnE7MYDw/s1600/search.png' style='border:0; vertical-align: top;' type='image'/> 
</form> 
</div><br/>
<b:section class='sidebar' id='sidebar' preferred='yes'>
<b:widget id='Label1' locked='false' title='Labels' type='Label'>
<b:includable id='main'>
  <b:if cond='data:title'>
    <h2><data:title/></h2>
  </b:if>
  <div expr:class='&quot;widget-content &quot; + data:display + &quot;-label-widget-content&quot;'>
    <b:if cond='data:display == &quot;list&quot;'>
      <ul>
      <b:loop values='data:labels' var='label'>
        <li>
          <b:if cond='data:blog.url == data:label.url'>
            <span expr:dir='data:blog.languageDirection'><data:label.name/></span>
          <b:else/>
            <a expr:dir='data:blog.languageDirection' expr:href='data:label.url'><data:label.name/></a>
          </b:if>
          <b:if cond='data:showFreqNumbers'>
            <span dir='ltr'>(<data:label.count/>)</span>
          </b:if>
        </li>
      </b:loop>
      </ul>
    <b:else/>
      <b:loop values='data:labels' var='label'>
        <span expr:class='&quot;label-size label-size-&quot; + data:label.cssSize'>
          <b:if cond='data:blog.url == data:label.url'>
            <span expr:dir='data:blog.languageDirection'><data:label.name/></span>
          <b:else/>
            <a expr:dir='data:blog.languageDirection' expr:href='data:label.url'><data:label.name/></a>
          </b:if>
          <b:if cond='data:showFreqNumbers'>
            <span class='label-count' dir='ltr'>(<data:label.count/>)</span>
          </b:if>
        </span>
      </b:loop>
    </b:if>
    <b:include name='quickedit'/>
  </div>
</b:includable>
</b:widget>
</b:section>    
    </div>
<div id='templatemo_footer'> 
<ul class='footer_menu'> 
<li><a expr:href='data:blog.homepageUrl'>Home</a></li> 
<li><a href='#'>Services</a></li> 
<li><a href='#'>News</a></li> 
<li><a href='#'>Gallery</a></li> 
<li><a href='#'>Contact</a></li> 
</ul> 
    
<a expr:href='data:blog.homepageUrl'><data:blog.title/></a> Copyright &#169; 2010 <a href='http://www.templatemo.com/'><strong>Templatemo</strong></a> | Converted into <a href='http://www.bloggertheme.net/'><strong>Blogger Template</strong></a> by <a href='http://www.bloggertheme.net/'><strong>BloggerTheme</strong></a>
</div> <!-- end of footer --> 
</div> <!-- end of templatemo_wrapper --> 
</body> 
</html>