<?xml version="1.0" encoding="UTF-8" ?>
<!DOCTYPE html PUBLIC "-//W3C//DTD XHTML 1.0 Strict//EN" "http://www.w3.org/TR/xhtml1/DTD/xhtml1-strict.dtd">
<html expr:dir='data:blog.languageDirection' xmlns='http://www.w3.org/1999/xhtml' xmlns:b='http://www.google.com/2005/gml/b' xmlns:data='http://www.google.com/2005/gml/data' xmlns:expr='http://www.google.com/2005/gml/expr'>
  <head>
<SCRIPT type='text/javascript'> var thumbnail_mode = &quot;no-float&quot; ; summary_noimg = 450; summary_img = 550; img_thumb_height = 175; img_thumb_width = 200; </SCRIPT><SCRIPT src='http://www.smashingtips.com/wp-content/uploads/2009/05/read-more.js' type='text/javascript'/>
    <b:include data='blog' name='all-head-content'/>
    <title><data:blog.pageTitle/></title>
    <b:skin><![CDATA[[/*
-----------------------------------------------
      Blogger Template Style
-----------------------------------------------
Name           : Coastal Sun Blogger Theme
Designed by    : Vk Bhardwaj
URI            : http://www.besttheme.net/
Tags           : Tech, Technology, Ads Ready, Two Columns, Right Sidebar, Fixed 
-----------------------------------------------
css by         : http://camelgraph.com/
----------------------------------------------- */
/* Use this with templates/template-twocol.htmlhttp://www.besttheme.net*/
/*  The CSS Reset    */  
html, body, div, span, applet, object, iframe,h1, h2, h3, h4, h5, h6, p, blockquote, pre, abbr, del, dfn, em, font, img, ins, kbd, q, s, samp, acronym, address, big, cite,small, strike,text, strong, sub, sup, tt, var,dl, dt, dd,fieldset, label, legend,table, caption, tbody, tfoot, thead, tr, th, td {font-size:100%;font-family:inherit;vertical-align:baseline;margin:0;padding:0;border:0;outline:0;font-weight:inherit;font-style:inherit;}caption, th, td {text-align:left;font-weight:normal;}table {border-collapse:separate;border-spacing:0;}blockquote:before,blockquote:after,q:before,q:after {content: "";}blockquote, q {quotes: "" "";}*
{margin:0;padding:0;}{display:none;}*{margin:0;padding:0}#navbar-iframe{display:none}/* Theme Name: CoastalSun:Theme URL: http://www.besttheme.net/:Description: Best ThemeAuthor: Vk Bhardwaj:Author URI: http://www.besttheme.net/:Version: 1.0.0*//*  The CSS Reset  */ html, body, div, span, applet, object, iframe,h1, h2, h3, h4, h5, h6, p, blockquote, pre, abbr, del, dfn, em, font, img, ins, kbd, q, s, samp, acronym, address, big, cite,small, strike,text, strong, sub, sup, tt, var,dl, dt, dd,fieldset, label, legend,table, caption, tbody, tfoot, thead, tr, th, td {font-size:100%;font-family:inherit;vertical-align:baseline;margin:0;padding:0;border:0;outline:0;font-weight:inherit;font-style:inherit;}caption, th, td {text-align:left;font-weight:normal;}table {border-collapse:separate;border-spacing:0;}blockquote:before,blockquote:after,q:before,q:after {content: "";}blockquote, q {quotes: "" "";}
* {margin:0;padding:0;}
{display:none;}*{margin:0;padding:0}#navbar-iframe{display:none}
body{ font-family:"Segoe UI",Calibri,"Myriad Pro",Myriad,"Trebuchet MS",Helvetica,Arial,sans-serif;font-size:13px;color: #3e3e3e; background: #E79E19 url(http://3.bp.blogspot.com/_yPlAAAH9bEo/TAKCn21fLQI/AAAAAAAAB14/RBFxntrGptc/s1600/body-bg.jpg) no-repeat top center; }
.clear{ clear: both; }
a {color:#E7761A;text-decoration:none} 
a:hover {color:#F7AD71;} 
img.aligncenter {margin: 0 auto;display: block;}
img.alignleft {float: left;margin: 5px 10px 0 0;display: inline;}
img.alignright {float: right;display: inline;margin: 5px 0 0 10px;}
.alignleft{float:left;margin-right:8px;}
.alignright{float:right;margin-left:8px;}
blockquote {background: #FFEDC5 url(http://2.bp.blogspot.com/_yPlAAAH9bEo/TAKCzEuNWvI/AAAAAAAAB2A/psFDu9O-7go/s1600/quote.png) no-repeat top left;font-style: italic;margin-top:10px;margin-bottom:10px;padding:15px 15px 15px 30px;}
code { background:#FFFFB3 none repeat scroll 0 0;color:blue;font-family:inherit;font-size:11px;}
.search{float:left;width:225px;height:40px;display:inline;padding-top:5px;background:url(http://4.bp.blogspot.com/_yPlAAAH9bEo/TAKC7VWic4I/AAAAAAAAB2I/seeTgctVxlI/s1600/search-bg.png) no-repeat;margin:20px 0 20px 30px}
input#s { height:24px;padding-top:5px;width:160px; color:#E7761A;border:medium none;display:inline;float:left;margin:5px 0 0 15px}
input#searchsubmit {color:#fff; background:url(http://2.bp.blogspot.com/_yPlAAAH9bEo/TAKDFx5OThI/AAAAAAAAB2Q/YBUqe1QD9XY/s1600/search.png) no-repeat  top left;border:none;width:32px;height:32px;text-indent:-9999px;}
input#searchsubmit:hover {background:url(http://3.bp.blogspot.com/_yPlAAAH9bEo/TAKDNXKxwmI/AAAAAAAAB2Y/aqplh4HsOG4/s1600/search-hover.png) no-repeat  top left}
.searchtitle {margin-left:10px;font-size:20px;margin-bottom:10px;}
/*----------Upper-part Layout----------*/
#wrap{background:url(http://1.bp.blogspot.com/_yPlAAAH9bEo/TAKDWIHEQNI/AAAAAAAAB2g/duZWviU4Abk/s1600/wrap.png) no-repeat top center}
#bottomwrap{background:url(http://4.bp.blogspot.com/_yPlAAAH9bEo/TAKDiW1aJgI/AAAAAAAAB2o/4CxTmxxM8nw/s1600/bottom-wrap.jpg) no-repeat bottom center}
#header-wrap	{margin: 0 auto 60px; height:100px;width:1000px;}
#logo { float:left;height:70px;margin:40px 0 0 20px;}
#logoh1{background:url(http://1.bp.blogspot.com/_yPlAAAH9bEo/TAKDsXMjP0I/AAAAAAAAB2w/Zi2LalFnN9I/s1600/logo.png) top left no-repeat; text-indent: -9999px;float:left;width:279px;height:69px;}

/* Menu WRAP */ 
#menu-wrap { margin: 0px auto 30px; width: 998px; height:30px; background:url(http://4.bp.blogspot.com/_yPlAAAH9bEo/TAKD1ce6_0I/AAAAAAAAB24/H9w4mHUvAVQ/s1600/top-menu.png) }
#menu-wrap ul{float:left;padding-top:5px;margin-left:15px;}
#menu-wrap ul li {display:inline;margin-right:20px;font-size:12px;font-weight:bold;}
#menu-wrap ul li a {color:#fff;padding:1px;line-height:14px;text-decoration:none}
#menu-wrap ul li a:hover {color:#E78B1A;}

/*container */
#top-container { width:1003px; background:transparent url(http://1.bp.blogspot.com/_yPlAAAH9bEo/TAKD_hAWc0I/AAAAAAAAB3A/Bgbi5XUCSk8/s1600/top-container.png) no-repeat ;margin:0 auto ;height:45px}
#container { width:1003px; background:transparent url(http://1.bp.blogspot.com/_yPlAAAH9bEo/TAKENaC7e-I/AAAAAAAAB3I/zofX3rpVhoo/s1600/container.png) repeat-y ;margin:0 auto ;padding-bottom:20px; }
#bottom-container { width:1003px; background:transparent url(http://3.bp.blogspot.com/_yPlAAAH9bEo/TAKEWjComII/AAAAAAAAB3Q/usdHt0sYXdM/s1600/bottom-container.png) no-repeat ;margin:0 auto 60px ;height:49px}
#content {width:616px;float:left;display:inline;padding:0 0 10px 0;margin-left:30px}
#sidebar {width:310px; float:left;display:inline;margin:0 0 0 10px;padding:10px 0 10px 0;background:#FFEDC5} 
#gallery {width:616px; height:320px; margin:0 0 20px 0;float:left;display:inline;border-bottom:1px solid #DBE3E9;}
#twitter{padding:20px}
#main-wrapper {padding: 15px 5px 15px 15px;}
.main .widget {  margin:0 0 1.5em; padding:0 0 1.5em; }
.main .Blog {  border-bottom-width: 0;}
.postwrap {display:inline;float:left;margin-left:10px;} 
 #ads-wrap {width:270px; float:left;display:inline;margin:0 0 10px 30px;}  	
.post {float:left;width:570px;background:#fff url(http://4.bp.blogspot.com/_yPlAAAH9bEo/TAKEkl2F4GI/AAAAAAAAB3Y/z-YN-a4pSkM/s1600/post-bottom.jpg) no-repeat bottom left;margin:10px 0 10px 0;padding: 0 0 15px 0 }.post p {margin-bottom: 10px;	}
.title {height: 50px;width:500px;margin: 0 0 0 0;padding: 10px 0 0 50px;font-size:18px;color: #ffffff;font-weight: normal;background: url(http://1.bp.blogspot.com/_yPlAAAH9bEo/TAKEuEm03pI/AAAAAAAAB3g/3DzhQPrm_7w/s1600/postbg.jpg) no-repeat;}	
.title a {text-decoration: none;color: #E7761A;font-weight: bold;}
.title a:hover {text-decoration: none;color: #F7AD71;font-weight: bold;}
.pagetitle {margin-bottom: 20px;line-height: 22px;font-family: Arial;text-decoration: underline;}
.jump-link {text-align: right;}
.jump-link a {padding: 4px 15px;background: #b33519;color: #fff;text-decoration: none;text-shadow: 0 1px 0 #601302;}
.jump-link a:hover {background-color: #af2001;}
.post-header{font-size: 11px;padding: 1px 4px;font-family: Arial, Verdana;color: #5b5b5b;}.post-header img {border: none;vertical-align: middle;margin:2px;}
.post-body{text-align: justify;line-height: 20px;padding-top: 8px;font-family: Arial, Verdana;font-size: 14px;color: #474747;}
blockquote {overflow: hidden;padding-left: 9px;font-style: italic;color: #666;border-left: 3px solid #ffffff;}	
.post img {-moz-border-radius: 5px; -webkit-border-radius: 5px;
 border-radius: 5px;  -khtml-border-radius: 5px;  padding: 5px;background: #ffffff;
 border-top: 1px solid #969696;border-left: 1px solid #969696;
-moz-box-shadow: 2px 2px 4px #ffffff; -webkit-box-shadow:2px 2px 4px #696969;-ms-filter: "progid:DXImageTransform.Microsoft.Shadow(color=#ffffff,direction=120,strength=4)"; 
.post-footer {	font-size: 11px;padding: 2px 4px;font-family: Arial, Verdana;color: #474747;}}
.post img {  padding:4px; }
.post blockquote { margin:1em 20px;}
.post blockquote p { margin:.75em 0; }
#blog-pager-newer-link { float: left;}
#blog-pager-older-link {float: right; }
#blog-pager {  text-align: center;}
.feed-links {clear: both;line-height: 2.5em;}


/*-----------Single-Page---------------*/
.single-entry {font-size:13px;width:580px;float:left;display: inline;margin-top:15px;padding:0 0 20px 0}
.single-entry a {color:#F7AD71}
.single-entry a:hover {color:#E7761A}
.postnav-inside{float:left;display:inline;width:570px;color:#999;margin:0;}
.postnav-inside a{border:#ddd 1px solid;background-color:#fff;padding:3px 6px;text-decoration:none;font-size:11px;color:#999}
.postnav-inside a:hover{border:#E7761A 1px solid;background-color:#E7761A;color:#fff;}
.postnav-inside .page{margin:0;padding:0;background:none;display:inline;}
.postnav-inside span.current{border:#F7923E 1px solid;color:#fff;padding:3px 6px;text-decoration:none;background-color:#E7761A;}
/* Comments
----------------------------------------------- */
#comments{margin:0 auto;-moz-border-radius: 15px;-webkit-border-radius: 15px;border-radius: 15px;-khtml-border-radius: 15px;padding: 0 20px 0 20px;}
#comments h4 {margin:1em 0;font-weight: bold;line-height: 1.4em;text-transform:none;letter-spacing:0 auto;color: #999999;font-size: 120%;text-shadow: #fff 1px 1px 1px;}
#comments-block {margin:1em 0 1.5em;line-height:1.6em;}
#comments-block .comment-author {margin:.5em 0;}
#comments-block .comment-body {margin:.25em 0 0;}
#comments-block .comment-footer {margin:-.25em 0 2em;line-height: 1.4em;text-transform:uppercase;letter-spacing:.1em;}
#comments-block .comment-body p {margin:0 0 .75em;}
.deleted-comment {font-style:italic;color:gray;}
h2.title {font-size: 1em !important;text-transform: uppercase;margin-bottom: 15px;color: #565656;}
.notfound {padding: 40px;}
.notfound h2 {font-size: 18px;font-weight: normal;margin-bottom: 10px;}
/** END miscellaneous **/

/** BEGIN wordpress 2.7 comments **/
#comments ol {list-style-type: none;clear: both;padding: 0;margin: 0;}
#comments .buffer {padding: 10px;}
#comments ol li {margin-bottom: 10px;}
#comments ol li ul li {border: 1px solid #E0E0E0;padding: 10px;}
#comments ol li .avatar {float: right;}
#comments ol li .comment-author {}
#comments ol li .comment-author .fn {font-weight: bold;font-size: 1.2em;}
#comments ol li .comment-meta {font-size: 0.9em;color: #999999;margin: 5px 0 10px;}
#comments ol li .reply {font-size: 0.9em;font-weight: bold;padding-bottom: 10px;}
#comments .children {list-style-type: none;}
#comments .navigation {padding: 0 0 40px;font-size: 0.9em;}
#comments .navigation a {color: #999999;padding: 3px 8px;border: 1px solid #E0E0E0;}
#comments .navigation a:hover {color: #000000;border-color: #000000;text-decoration: none;}
#comments .says {display: none;}
/** END wordpress 2.7 comments **/
.avatar-image-container avatar-stock img,.avatar-image-container img{float:left;width:36px;height:36px;margin:5px}
.avatar-image-container{border-right:solid 1px #DDD;border-bottom:solid 1px #DDD;width:46px;height:46px;float:left;margin:0 10px 0 0}

#share{float:left;background:url(http://2.bp.blogspot.com/_yPlAAAH9bEo/TAKE8Irt3CI/AAAAAAAAB3o/ES7Sr-lH7KE/s1600/share-bg.png) ;display:inline;width:580px;padding:0 0 20px 0;margin:0 0 0 10px}
#share ul{padding-top:50px;margin-left:20px;padding-top:60px;}
#share li {display:inline;list-style-image:none;list-style-position:outside;list-style-type:none;margin:0 5px 0 0;}


/* Right Sidebar area */
#feeds {font-size:12px;width:290px;height:141px; background: url(http://2.bp.blogspot.com/_yPlAAAH9bEo/TAKFHgMnVII/AAAAAAAAB3w/us5BYR3o2xk/s1600/feed-bg.jpg);margin:0 0 20px 10px}
.textarea {background:#FFEDC5 none repeat scroll 0 0;border:medium none;font-size:12px;height:20px;margin:50px 0 5px 15px;padding:5px 0 0 5px;width:155px;}
#feeds a {font-size:11px;color:#FF7300;text-decoration:none}
#feeds p {color:#51616E;margin-left:15px;}
/* SIDEBAR(S) */
.sidebaradbox {width:300px;float:left;display:inline;font-size:12px;padding-bottom:10px;}	
.sidebar {margin: 0 10px 10px 10px;color: #fff;font-size: 13px;}	
.sidebar a {text-decoration: none;color: #fff;}
.sidebar a:hover {text-decoration: underline;color:#fff;}
.sidebar h2 {margin:0 0 20px 0;padding:25px 0 0 80px;background: url(http://4.bp.blogspot.com/_yPlAAAH9bEo/TAKFRjkxG2I/AAAAAAAAB34/HNvke6z1Dgs/s1600/right-head.png) top left repeat-x;height:39px;width:195px;
background-repeat: repeat-x;background-position: top;font-size: 15px;font-family: Arial, Helvetica, Sans-serif;font-weight: bold;text-transform: uppercase;
color: #fff;text-shadow: 0 1px 0 #141414;}
.sidebar ul {list-style-type: none;margin: 0px 0px 10px 0px;padding: 0px;}
.sidebar ul li {list-style-type: none;margin: 0px 0px 5px 0px;padding: 0px;}
.sidebar ul ul {list-style-type: none;margin: 0px;padding: 0px 10px;}
.sidebar ul li  {padding: 4px 0px 6px 10px;margin: 0px;
background: url(http://3.bp.blogspot.com/_yPlAAAH9bEo/TAKFa2RLHsI/AAAAAAAAB4A/S4xFMiI5W7g/s1600/bullet.png) left 11px no-repeat;}
.sidebar ul li ul li {padding: 4px 0px 6px 10px;margin: 2px 0;
 url(http://3.bp.blogspot.com/_yPlAAAH9bEo/TAKFa2RLHsI/AAAAAAAAB4A/S4xFMiI5W7g/s1600/bullet.png) left 11px no-repeat;}
.sidebar a {color:#E7761A;text-decoration:none}
.sidebar a:hover {color:#F7AD71;}
.sidebar a {padding-left:15px;text-align:justify;width:230px;}
.video-widget{width:245px;float:left;display:inline;font-size:12px;padding-bottom:10px;padding-left:30px}
.bottom-widget{width:300px;float:left;display:inline;font-size:12px;margin:10px}
h2 {margin:0 0 20px 0;padding:25px 0 0 80px;background: url(http://4.bp.blogspot.com/_yPlAAAH9bEo/TAKFRjkxG2I/AAAAAAAAB34/HNvke6z1Dgs/s1600/right-head.png) top left repeat-x;height:39px;width:195px;
background-repeat: repeat-x;background-position: top;font-size: 15px;font-family: Arial, Helvetica, Sans-serif;font-weight: bold;text-transform: uppercase;
color: #fff;text-shadow: 0 1px 0 #141414;}
.bottom-widget ul {list-style:url(images/bullet.png) outside;padding-left:25px;margin-left:30px;}
.bottom-widget li {font-size:12px;line-height:14px;margin-bottom:5px}
.bottom-widget a {color:#E7761A;text-decoration:none}
.bottom-widget a:hover {color:#F7AD71;}

/*------------Featured Slider-----------*/
#featured-area { height: 300px; position: relative; padding: 11px 0px 10px 0px; z-index: 1; width:616px}
#featured-area .pics { position: absolute; width: 490px; height: 298px; top: 11px; left: 14px; }
#featured-area .pics div.excerpt { background: url(http://4.bp.blogspot.com/_yPlAAAH9bEo/TARhQs5H3BI/AAAAAAAAB7w/EdcP3Bw8zag/s1600/feat-excerpt.png) repeat;bottom:0;font-size:18px;left:0;padding:10px 0 0 10px;position:absolute;width:480px;z-index:2;}
#featured-area .pics div.excerpt p { color: #E7761A;width:450px;}
#featured-area .pics div.excerpt a { color: #E7761A; font-weight:bold; }
#featured-area .pics div.excerpt a:hover { color: #F90E0E; text-decoration:none } 	
.excerpt-text {display:inline;float:left;font-size:10px;width:450px;padding:0 0 10px 0}#featured-area .pics span.feat-overlay { position: absolute; top: 0px; left: 0px; display: block; width: 490px; height: 298px; z-index: 1; }
#featured-area div#slider-control { position: absolute; width: 110px; height: 296px; border: 1px solid #b4b4b4; z-index: 4; top: 11px; right: 1px; }
#featured-area div#slider-control div.featitem { background: url(images/feat/featitem-bg.png) no-repeat top left; height: 77px; float: left; width: 76px; padding: 10px 16px 12px 18px; cursor: pointer; }
#featured-area div#slider-control div.featitem img { float: left; margin-right: 18px; border: 1px solid #f6f6f6; margin-top: 5px; }
#featured-area div#slider-control div.featitem span.order { display: none; }
#featured-area div#slider-control div.featitem h2 { font-size: 18px; line-height: 24px; float: left; width: 172px; padding-bottom: 4px; }
div#slider-control div.featitem h2 a { color: #959595; } 
#featured-area div#slider-control div.featitem span.meta { color: #b6b6b6; font-size: 11px; padding: 1px 0px; border: 1px solid #cfcfcf; border-width: 1px 0px; display: block; float: left; width: 172px; }			
#featured-area div#slider-control div.featitem.active { background: url(http://4.bp.blogspot.com/_yPlAAAH9bEo/TARhbcswx2I/AAAAAAAAB74/9m6bbLKNTrI/s1600/featitem-bg-active.png) no-repeat top left; margin-left: -20px; padding-left: 38px;}  
#featured-area div#slider-control div.featitem.active h2 { background: url(http://4.bp.blogspot.com/_yPlAAAH9bEo/TARhnDy9xkI/AAAAAAAAB8A/gH8GiFtc9gk/s1600/featitem-active-h2border.png) repeat-x bottom left; margin-bottom: 1px; color: #000000; }#featured-area div#slider-control div.featitem.active span.meta { color: #797979; border: 0px; }


/*-------------------Bottom-part Layout---------------------*/
#top-footer{height:45px;background:transparent url(http://3.bp.blogspot.com/_yPlAAAH9bEo/TAKGaF7GeNI/AAAAAAAAB4w/xCkNdtaWaWI/s1600/top-container.png) repeat-y scroll center top }
#footer {background:transparent url(http://1.bp.blogspot.com/_yPlAAAH9bEo/TAKGiqPCvHI/AAAAAAAAB44/8EGrBu-MM2Y/s1600/container.png) repeat-y scroll center top}
#bottom-footer {height:49px;background:transparent url(http://1.bp.blogspot.com/_yPlAAAH9bEo/TAKGq8ER9DI/AAAAAAAAB5A/brhnWhi9Y4Y/s1600/bottom-container.png) no-repeat scroll center top ;padding:50px 0 0 0}
#bottombar {width:1000px;margin:0 auto;padding:0 0 0 30px}
#credit {color:#696C6B;height:40px;width:1000px;margin:0 auto }
#credit p {color:#FFFFFF;font-size:12px;padding-top:10px;float:left;display:inline}
#credit a {color:#FFF;}
#credit a:hover {color:#FBD3B3}
#credit-logo {height:38px;width:160px;float:right;display:inline;margin-top:5px}
.fn  {font-size:18px;color:#565C62;font-style:normal;font-weight:bold;}
.fn a:link, .fn a:visited  {font-size:18px;color:#CB2D2D;font-style:normal;font-weight:bold;text-decoration:underline}
.fn a:hover {color:#E7761A}
.says {color:#E7761A}
.avatar {margin:15px 0 0 10px;float:left;display:inline;border:5px solid #FFFFFF;}
#respond {float:left;margin-bottom:30px;margin-left:10px;margin-top:10px;padding:10px ;display: inline;}
input#author{background:#F9F9F8;border:1px solid #DDDDDD ;color:#E7761A}
input#email{background:#F9F9F8;border:1px solid #DDDDDD ;color:#E7761A}
input#url{background:#F9F9F8;border:1px solid #DDDDDD ;color:#E7761A}
textarea#comment  {font-family:trebuchet MS;font-size:12px;background:#F9F9F8;border:1px solid #DDDDDD ;width:100%;color:#E7761A}
#submit {background: #E7761A; padding: 3px 8px;border:none;color:#fff}
#submit:hover {background:#090A0A;color:#fff}
]]></b:skin>

<script src='http://demo.camelgraph.com/coastal-sun/wp-includes/js/jquery/jquery.js?ver=1.3.2' type='text/javascript'/>

<script src='http://demo.camelgraph.com/coastal-sun/wp-content/themes/coastal-sun/js/jquery.cycle.all.min.js' type='text/javascript'/> 
<script type='text/javascript'> 
//<![CDATA[
	jQuery(function(){
		var $featured_area = jQuery('#featured-area');
		var $featured_item = jQuery('#featured-area div#slider-control div.featitem');
		var $slider_control = jQuery('#featured-area div#slider-control');
		var $image_container = jQuery('div#s1 > div');
		var ordernum;
		var pause_scroll = false;
			
		$featured_item.find('img').fadeTo("fast", 0.7);
		$slider_control.find("div.featitem.active img").fadeTo("fast", 1);
		$image_container.css("background-color","#000000");
		
		$image_container.hover(
			function () {
				jQuery(this).find("img").fadeTo("fast", 0.7);
			}, 
			function () {
				jQuery(this).find("img").fadeTo("fast", 1);
			}
		);
		
		function gonext(this_element){
			$slider_control.find("div.featitem.active img").fadeTo("fast", 0.7);
			$slider_control.find("div.featitem.active").removeClass('active');
			this_element.addClass('active');
			$slider_control.find("div.featitem.active img").fadeTo("fast", 1);
			ordernum = this_element.find("span.order").html();
			jQuery('#s1').cycle(ordernum - 1);
		} 
		
		$featured_item.click(function() {
			clearInterval(interval);
			gonext(jQuery(this)); 
			return false;
		});
		
		var auto_number;
		var interval;
		
		$featured_item.bind('autonext', function autonext(){
			if (!(pause_scroll)) gonext(jQuery(this)); 
			return false;
		});
 
 
		interval = setInterval(function () {
			auto_number = $slider_control.find("div.featitem.active span.order").html();
			if (auto_number == $featured_item.length) auto_number = 0;
			$featured_item.eq(auto_number).trigger('autonext');
		}, 5000);
 
	});
//]]>	
</script> 
  
<script type='text/javascript'> 
jQuery(function(){
	jQuery(&#39;#s1&#39;).cycle({
		timeout: 0, 
		speed: 1000,
		fx: &#39;fade&#39;
	});
 
});
</script> 
  
<!--[if IE 7]>
<style type='text/css' media='screen'>
</style>
<![endif]-->
  </head>
  <body>

<div id='wrap'> 
<div id='bottom-wrap'> 
<div id='menu-wrap'> 
<ul> 
<li><a expr:href='data:blog.homepageUrl'>Home</a></li> 
<li class='page_item page-item-2'><a href='#' title='About'>About</a></li> 
<li class='page_item page-item-125'><a href='#' title='Archives'>Archives</a></li> 
<li class='page_item page-item-44'><a href='#' title='Contact'>Contact</a></li> 
<li class='page_item page-item-93'><a href='#' title='Disclaimer'>Disclaimer</a></li> 
<li class='page_item page-item-128'><a href='#' title='Forum'>Forum</a></li> 
<li class='page_item page-item-41'><a href='#' title='Subscribe'>Subscribe</a></li> 
<li class='page_item page-item-46'><a href='#' title='History'>History</a></li> 
<li class='page_item page-item-48'><a href='#' title='Profiles'>Profiles</a></li></ul> 
</div> 
 

<div id='header-wrap'> 
<h1 id='logo'><a expr:href='data:blog.homepageUrl'><img alt='Coastal Sun Blogger Theme' src='http://2.bp.blogspot.com/_yPlAAAH9bEo/TARdPEXnOaI/AAAAAAAAB7o/kZHV3xP8Fu0/s1600/logo.png' title='Coastal Sun Blogger Theme'/></a></h1> 

<div class='ads468' style='padding-top:40px; text-align:right;'> 
<a href='#' title='Advertisement'> 
<img alt='top-ads' src='http://1.bp.blogspot.com/_yPlAAAH9bEo/TASPW-ZDk4I/AAAAAAAAB8w/dT1Crf0td6E/s1600/468x60-Banner-02.gif'/></a></div> 
<div class='clear'/></div>

<div id='top-container'/> 
<div id='container'> 						
<div id='content'> 
<b:section class='gallery' id='gallery'>
<b:widget id='HTML2' locked='true' title='' type='HTML'>
<b:includable id='main'>
  <!-- only display title if it's non-empty -->
  <b:if cond='data:title != &quot;&quot;'>
    <h2 class='title'><data:title/></h2>
  </b:if>
  <div class='widget-content'>
    <data:content/>
  </div>

  <b:include name='quickedit'/>
</b:includable>
</b:widget>
</b:section>	
<div id='main-wrapper'>
<b:section class='main' id='main' showaddelement='no'>
<b:widget id='Blog1' locked='true' title='Blog Posts' type='Blog'>
<b:includable id='nextprev'>
  <div class='blog-pager' id='blog-pager'>
    <b:if cond='data:newerPageUrl'>
      <span id='blog-pager-newer-link'>
      <a class='blog-pager-newer-link' expr:href='data:newerPageUrl' expr:id='data:widget.instanceId + &quot;_blog-pager-newer-link&quot;' expr:title='data:newerPageTitle'><data:newerPageTitle/></a>
      </span>
    </b:if>

    <b:if cond='data:olderPageUrl'>
      <span id='blog-pager-older-link'>
      <a class='blog-pager-older-link' expr:href='data:olderPageUrl' expr:id='data:widget.instanceId + &quot;_blog-pager-older-link&quot;' expr:title='data:olderPageTitle'><data:olderPageTitle/></a>
      </span>
    </b:if>

    <a class='home-link' expr:href='data:blog.homepageUrl'><data:homeMsg/></a>

  </div>
  <div class='clear'/>
</b:includable>
<b:includable id='shareButtons' var='post'>
  <b:if cond='data:post.sharePostUrl'>
      <a class='share-button sb-email' expr:href='data:post.sharePostUrl + &quot;&amp;target=email&quot;' expr:title='data:top.emailThisMsg' target='_blank'>
        <span class='share-button-link-text'><data:top.emailThisMsg/></span></a>
      <a class='share-button sb-blog' expr:href='data:post.sharePostUrl + &quot;&amp;target=blog&quot;' expr:onclick='&quot;window.open(this.href, \&quot;&quot; + data:top.blogThisMsg             + &quot;\&quot;, \&quot;height=270,width=475\&quot;); return false;&quot;' expr:title='data:top.blogThisMsg' target='_blank'>
        <span class='share-button-link-text'><data:top.blogThisMsg/></span></a>
      <a class='share-button sb-twitter' expr:href='data:post.sharePostUrl + &quot;&amp;target=twitter&quot;' expr:title='data:top.shareToTwitterMsg' target='_blank'>
        <span class='share-button-link-text'><data:top.shareToTwitterMsg/></span></a>
      <a class='share-button sb-facebook' expr:href='data:post.sharePostUrl + &quot;&amp;target=facebook&quot;' expr:onclick='&quot;window.open(this.href, \&quot;&quot;             + data:top.shareToFacebookMsg + &quot;\&quot;, \&quot;height=430,width=640\&quot;); return false;&quot;' expr:title='data:top.shareToFacebookMsg' target='_blank'>
        <span class='share-button-link-text'><data:top.shareToFacebookMsg/></span></a>
      <a class='share-button sb-buzz' expr:href='data:post.sharePostUrl + &quot;&amp;target=buzz&quot;' expr:onclick='&quot;window.open(this.href, \&quot;&quot; + data:top.shareToBuzzMsg             + &quot;\&quot;, \&quot;height=415,width=690\&quot;); return false;&quot;' expr:title='data:top.shareToBuzzMsg' target='_blank'>
        <span class='share-button-link-text'><data:top.shareToBuzzMsg/></span></a>
  </b:if>
</b:includable>
<b:includable id='backlinks' var='post'>
  <a name='links'/><h4><data:post.backlinksLabel/></h4>
  <b:if cond='data:post.numBacklinks != 0'>
    <dl class='comments-block' id='comments-block'>
      <b:loop values='data:post.backlinks' var='backlink'>
        <div class='collapsed-backlink backlink-control'>
          <dt class='comment-title'>
            <span class='backlink-toggle-zippy'>&#160;</span>
            <a expr:href='data:backlink.url' rel='nofollow'><data:backlink.title/></a>
            <b:include data='backlink' name='backlinkDeleteIcon'/>
          </dt>
          <dd class='comment-body collapseable'>
            <data:backlink.snippet/>
          </dd>
          <dd class='comment-footer collapseable'>
            <span class='comment-author'><data:post.authorLabel/> <data:backlink.author/></span>
            <span class='comment-timestamp'><data:post.timestampLabel/> <data:backlink.timestamp/></span>
          </dd>
        </div>
      </b:loop>
    </dl>
  </b:if>
  <p class='comment-footer'>
    <a class='comment-link' expr:href='data:post.createLinkUrl' expr:id='data:widget.instanceId + &quot;_backlinks-create-link&quot;' target='_blank'><data:post.createLinkLabel/></a>
  </p>
</b:includable>
<b:includable id='post' var='post'>
  <div class='post hentry'>
    <a expr:name='data:post.id'/>
    <b:if cond='data:post.title'>
      <h2 class='title'>
     <b:if cond='data:post.link'>
       <a expr:href='data:post.link'><data:post.title/></a>
     <b:else/>
        <b:if cond='data:post.url'>
          <a expr:href='data:post.url'><data:post.title/></a>
        <b:else/>
          <data:post.title/>
        </b:if>
     </b:if>
      </h2>
    </b:if>
<div class='postdate'><img src='http://2.bp.blogspot.com/_rgHYBmPCWo4/S-1bKYoJ-uI/AAAAAAAAByA/4hrSgspNBnQ/s1600/date.png'/><data:post.timestamp/>
<img src='http://3.bp.blogspot.com/_rgHYBmPCWo4/S-1bXfmCLlI/AAAAAAAAByI/v0vOu-04Z08/s1600/user.png'/>
<data:post.author/>
</div>

    <div class='post-header'>
    <div class='post-header-line-1'/>
    </div>

    <div class='entry'>
      <b:if cond='data:blog.pageType == &quot;item&quot;'>
    <p><data:post.body/></p>
    <b:else/><DIV expr:id='&quot;summary&quot; + data:post.id'><p><data:post.body/></p></DIV> <SCRIPT type='text/javascript'>createSummaryAndThumb(&quot;summary<data:post.id/>&quot;);</SCRIPT> <div style='clear: both;'/> <div style='border:0px;padding-top:-5px;;float:right;text-align:right;'/>
    </b:if>
      <div style='clear: both;'/> <!-- clear for photos floats -->
    </div>
  <div class='postmeta'><img src='http://1.bp.blogspot.com/_rgHYBmPCWo4/S-1bmlZviQI/AAAAAAAAByQ/Igf7V9SU8MQ/s1600/folder.png'/> Posted in <span class='post-labels'>
        <b:if cond='data:post.labels'>          
          <b:loop values='data:post.labels' var='label'>
            <a expr:href='data:label.url' rel='tag'><data:label.name/></a><b:if cond='data:label.isLast != &quot;true&quot;'>,</b:if>
          </b:loop>
        </b:if>
      </span>
</div>
    <b:if cond='data:post.hasJumpLink'>
      <div class='jump-link'>
        <a expr:href='data:post.url + &quot;#more&quot;' expr:title='data:post.title'><data:post.jumpText/></a>  
      </div>
    </b:if>
    
    <div class='post-footer'>
    <div class='post-footer-line post-footer-line-1'>
      <span class='post-author vcard'>
        <b:if cond='data:top.showAuthor'>
          <data:top.authorLabel/>
          <span class='fn'><data:post.author/></span>
        </b:if>
      </span>

     
  
      <span class='reaction-buttons'>
        <b:if cond='data:top.showReactions'>
          <table border='0' cellpadding='0' cellspacing='0' width='100%'><tr>
            <td class='reactions-label-cell' nowrap='nowrap' valign='top' width='1%'>
              <span class='reactions-label'>
              <data:top.reactionsLabel/></span>&#160;</td>
            <td><iframe allowtransparency='true' class='reactions-iframe' expr:src='data:post.reactionsUrl' frameborder='0' name='reactions' scrolling='no'/></td>
           </tr></table>
        </b:if>
      </span>

      <span class='star-ratings'>
        <b:if cond='data:top.showStars'>
           <div expr:g:background-color='data:backgroundColor' expr:g:text-color='data:textColor' expr:g:url='data:post.absoluteUrl' g:height='42' g:type='RatingPanel' g:width='280'/>
        </b:if>
      </span>


       <!-- backlinks -->
       <span class='post-backlinks post-comment-link'>
         <b:if cond='data:blog.pageType != &quot;item&quot;'>
           <b:if cond='data:blog.pageType != &quot;static_page&quot;'>
             <b:if cond='data:post.showBacklinks'>
               <a class='comment-link' expr:href='data:post.url + &quot;#links&quot;'><data:top.backlinkLabel/></a>
             </b:if>
           </b:if>
         </b:if>
       </span>

      <span class='post-icons'>
        <!-- email post links -->
        <b:if cond='data:post.emailPostUrl'>
          <span class='item-action'>
          <a expr:href='data:post.emailPostUrl' expr:title='data:top.emailPostMsg'>
              <img alt='' class='icon-action' height='13' src='//www.blogger.com/img/icon18_email.gif' width='18'/>
          </a>
          </span>
        </b:if>

        <!-- quickedit pencil -->
        <b:include data='post' name='postQuickEdit'/>
      </span>
      </div>

      <div class='post-footer-line post-footer-line-2'>

      </div>

      <div class='post-footer-line post-footer-line-3'>
      <span class='post-location'>
        <b:if cond='data:top.showLocation'>
          <b:if cond='data:post.location'>
            <data:postLocationLabel/>
            <a expr:href='data:post.location.mapsUrl' target='_blank'><data:post.location.name/></a>
          </b:if>
        </b:if>
      </span>
      </div>
    </div>
  </div>
</b:includable>
<b:includable id='status-message'>
  <b:if cond='data:navMessage'>
  <div class='status-msg-wrap'>
    <div class='status-msg-body'>
      <data:navMessage/>
    </div>
    <div class='status-msg-border'>
      <div class='status-msg-bg'>
        <div class='status-msg-hidden'><data:navMessage/></div>
      </div>
    </div>
  </div>
  <div style='clear: both;'/>
  </b:if>
</b:includable>
<b:includable id='comment-form' var='post'>
  <div class='comment-form'>
    <a name='comment-form'/>
    <h4 id='comment-post-message'><data:postCommentMsg/></h4>
    <p><data:blogCommentMessage/></p>
    <data:blogTeamBlogMessage/>
    <a expr:href='data:post.commentFormIframeSrc' id='comment-editor-src'/>
    <iframe allowtransparency='true' class='blogger-iframe-colorize blogger-comment-from-post' frameborder='0' height='410' id='comment-editor' name='comment-editor' src='' width='100%'/>
    <data:post.friendConnectJs/>
    <data:post.cmtfpIframe/>
    <script type='text/javascript'>
      BLOG_CMT_createIframe(&#39;<data:post.appRpcRelayPath/>&#39;, &#39;<data:post.communityId/>&#39;);
    </script>
  </div>
</b:includable>
<b:includable id='backlinkDeleteIcon' var='backlink'>
  <span expr:class='&quot;item-control &quot; + data:backlink.adminClass'>
    <a expr:href='data:backlink.deleteUrl' expr:title='data:top.deleteBacklinkMsg'>
      <img src='//www.blogger.com/img/icon_delete13.gif'/>
    </a>
  </span>
</b:includable>
<b:includable id='postQuickEdit' var='post'>
  <b:if cond='data:post.editUrl'>
    <span expr:class='&quot;item-control &quot; + data:post.adminClass'>
      <a expr:href='data:post.editUrl' expr:title='data:top.editPostMsg'>
        <img alt='' class='icon-action' height='18' src='//www.blogger.com/img/icon18_edit_allbkg.gif' width='18'/>
      </a>
    </span>
  </b:if>
</b:includable>
<b:includable id='main' var='top'>
  <!-- posts -->
  <div class='blog-posts hfeed'>

    <b:include data='top' name='status-message'/>

    <data:defaultAdStart/>
    <b:loop values='data:posts' var='post'>
      <b:if cond='data:post.isDateStart'>
        <b:if cond='data:post.isFirstPost == &quot;false&quot;'>
          &lt;/div&gt;&lt;/div&gt;
        </b:if>
      </b:if>
      <b:if cond='data:post.isDateStart'>
        &lt;div class=&quot;date-outer&quot;&gt;
      </b:if>
      <b:if cond='data:post.dateHeader'>
      </b:if>
      <b:if cond='data:post.isDateStart'>
        &lt;div class=&quot;date-posts&quot;&gt;
      </b:if>
      <div class='post-outer'>
      <b:include data='post' name='post'/>
      <b:if cond='data:blog.pageType == &quot;static_page&quot;'>
        <b:include data='post' name='comments'/>
      </b:if>
      <b:if cond='data:blog.pageType == &quot;item&quot;'>
        <b:include data='post' name='comments'/>
      </b:if>
      </div>
      <b:if cond='data:post.includeAd'>
        <b:if cond='data:post.isFirstPost'>
          <data:defaultAdEnd/>
        <b:else/>
          <data:adEnd/>
        </b:if>
        <div class='inline-ad'>
          <data:adCode/>
        </div>
        <data:adStart/>
      </b:if>
      <b:if cond='data:post.trackLatency'>
        <data:post.latencyJs/>
      </b:if>
    </b:loop>
    <b:if cond='data:numPosts != 0'>
      &lt;/div&gt;&lt;/div&gt;
    </b:if>
    <data:adEnd/>
  </div>

  <!-- navigation -->
  <b:include name='nextprev'/>

  <!-- feed links -->
  <b:include name='feedLinks'/>
  
  <b:if cond='data:top.showStars'>
    <script src='//www.google.com/jsapi' type='text/javascript'/>
    <script type='text/javascript'>
      google.load(&quot;annotations&quot;, &quot;1&quot;, {&quot;locale&quot;: &quot;<data:top.languageCode/>&quot;});
      function initialize() {
        google.annotations.setApplicationId(<data:top.blogspotReviews/>);
        google.annotations.createAll();
        google.annotations.fetch();
      }
      google.setOnLoadCallback(initialize);
    </script>
  </b:if>
</b:includable>
<b:includable id='breadcrumb' var='posts'>
    <b:if cond='data:blog.homepageUrl == data:blog.url'>

    <b:else/>
    <b:if cond='data:blog.pageType == &quot;item&quot;'>

    <p class='breadcrumbs'>
    <span class='labels'>
    You are here: <a expr:href='data:blog.homepageUrl' rel='tag'>Home</a>
    <b:loop values='data:posts' var='post'>
    <b:if cond='data:post.labels'>
    <b:loop values='data:post.labels' var='label'>
    <b:if cond='data:label.isLast == &quot;true&quot;'> &#187;
    <a expr:href='data:label.url' rel='tag'><data:label.name/></a>
    </b:if>
    </b:loop>
    <b:else/>
    &#187;Unlabelled
    </b:if>
    &#187; <span><data:post.title/></span>
    </b:loop>
    </span>
    </p>
    <b:else/>
    <b:if cond='data:blog.pageType == &quot;archive&quot;'>

    <p class='breadcrumbs'>
    <span class='labels'>
    You are here: <a expr:href='data:blog.homepageUrl'>Home</a> &#187; Arquivos de <data:blog.pageName/>
    </span>
    </p>
    <b:else/>
    <b:if cond='data:blog.pageType == &quot;index&quot;'>
    <p class='breadcrumbs'>
    <span class='labels'>
    <b:if cond='data:blog.pageName == &quot;&quot;'>
   You are here: <a expr:href='data:blog.homepageUrl'>Home</a> &#187; you are reading
    <b:else/>
    you are here: <a expr:href='data:blog.homepageUrl'>Home</a> &#187;reading <data:blog.pageName/>
    </b:if>
    </span>
    </p>
    </b:if>
    </b:if>
    </b:if>
    </b:if>
    </b:includable>
<b:includable id='commentDeleteIcon' var='comment'>
  <span expr:class='&quot;item-control &quot; + data:comment.adminClass'>
    <a expr:href='data:comment.deleteUrl' expr:title='data:top.deleteCommentMsg'>
      <img src='//www.blogger.com/img/icon_delete13.gif'/>
    </a>
  </span>
</b:includable>
<b:includable id='feedLinks'>
  <b:if cond='data:blog.pageType != &quot;item&quot;'> <!-- Blog feed links -->
    <b:if cond='data:feedLinks'>
      <div class='blog-feeds'>
        <b:include data='feedLinks' name='feedLinksBody'/>
      </div>
    </b:if>

    <b:else/> <!--Post feed links -->
    <div class='post-feeds'>
      <b:loop values='data:posts' var='post'>
        <b:if cond='data:post.allowComments'>
          <b:if cond='data:post.feedLinks'>
            <b:include data='post.feedLinks' name='feedLinksBody'/>
          </b:if>
        </b:if>
      </b:loop>
    </div>
  </b:if>
</b:includable>
<b:includable id='feedLinksBody' var='links'>
  <div class='feed-links'>
  <data:feedLinksMsg/>
  <b:loop values='data:links' var='f'>
     <a class='feed-link' expr:href='data:f.url' expr:type='data:f.mimeType' target='_blank'><data:f.name/> (<data:f.feedType/>)</a>
  </b:loop>
  </div>
</b:includable>
<b:includable id='comments' var='post'>
    <div class='comments' id='comments'>
    <a name='comments'/>
    <b:if cond='data:post.allowComments'>
      <h4>
        <b:if cond='data:post.numComments == 0'>
          No Response to &quot;<data:post.title/>&quot;
        <b:else/>
          <data:post.numComments/> Response to &quot;<data:post.title/>&quot;
        </b:if>
      </h4>

      <b:if cond='data:post.commentPagingRequired'>
        <span class='paging-control-container'>
          <a expr:class='data:post.oldLinkClass' expr:href='data:post.oldestLinkUrl'><data:post.oldestLinkText/></a>
          &#160;
          <a expr:class='data:post.oldLinkClass' expr:href='data:post.olderLinkUrl'><data:post.olderLinkText/></a>
          &#160;
          <data:post.commentRangeText/>
          &#160;
          <a expr:class='data:post.newLinkClass' expr:href='data:post.newerLinkUrl'><data:post.newerLinkText/></a>
          &#160;
          <a expr:class='data:post.newLinkClass' expr:href='data:post.newestLinkUrl'><data:post.newestLinkText/></a>
        </span>
      </b:if>

      <dl expr:class='data:post.avatarIndentClass' id='comments-block'>
        <b:loop values='data:post.comments' var='comment'>
          <dt expr:class='&quot;comment-author &quot; + data:comment.authorClass' expr:id='data:comment.anchorName'>
            <b:if cond='data:comment.favicon'>
              <img expr:src='data:comment.favicon' height='16px' style='margin-bottom:-2px;' width='16px'/>
            </b:if>
            <a expr:name='data:comment.anchorName'/>
            <b:if cond='data:blog.enabledCommentProfileImages'>
              <data:comment.authorAvatarImage/>
            </b:if>
            <b:if cond='data:comment.authorUrl'>
              <a expr:href='data:comment.authorUrl' rel='nofollow'><data:comment.author/></a>
            <b:else/>
              <data:comment.author/>
            </b:if>
            <data:commentPostedByMsg/>
          </dt>
          <dd class='comment-footer'>
            <span class='comment-timestamp'>
              <a expr:href='data:comment.url' title='comment permalink'>
                <data:comment.timestamp/>
              </a>
              <b:include data='comment' name='commentDeleteIcon'/>
            </span>
          </dd>
          <dd class='comment-body'>
            <b:if cond='data:comment.isDeleted'>
              <span class='deleted-comment'><data:comment.body/></span>
            <b:else/>
              <p><data:comment.body/></p>
            </b:if>
          </dd>

        </b:loop>
      </dl>

      <b:if cond='data:post.commentPagingRequired'>
        <span class='paging-control-container'>
          <a expr:class='data:post.oldLinkClass' expr:href='data:post.oldestLinkUrl'>
            <data:post.oldestLinkText/>
          </a>
          <a expr:class='data:post.oldLinkClass' expr:href='data:post.olderLinkUrl'>
            <data:post.olderLinkText/>
          </a>
          &#160;
          <data:post.commentRangeText/>
          &#160;
          <a expr:class='data:post.newLinkClass' expr:href='data:post.newerLinkUrl'>
            <data:post.newerLinkText/>
          </a>
          <a expr:class='data:post.newLinkClass' expr:href='data:post.newestLinkUrl'>
            <data:post.newestLinkText/>
          </a>
        </span>
      </b:if>

      <p class='comment-footer'>
        <b:if cond='data:post.embedCommentForm'>
          <b:if cond='data:post.allowNewComments'>
            <b:include data='post' name='comment-form'/>
          <b:else/>
            <data:post.noNewCommentsText/>
          </b:if>
        <b:else/>
          <b:if cond='data:post.allowComments'>
            <a expr:href='data:post.addCommentUrl' expr:onclick='data:post.addCommentOnclick'><data:postCommentMsg/></a>
          </b:if>
        </b:if>

      </p>
    </b:if>

    <div id='backlinks-container'>
    <div expr:id='data:widget.instanceId + &quot;_backlinks-container&quot;'>
       <b:if cond='data:post.showBacklinks'>
         <b:include data='post' name='backlinks'/>
       </b:if>
    </div>
    </div>
  </div>
</b:includable>
</b:widget>
</b:section>
</div><div class='clear'/></div> 
 
<div id='sidebar'> 
<div id='feeds'> 
<form action='http://feedburner.google.com/fb/a/mailverify' id='feedform' method='post' onsubmit='window.open(&apos;http://feedburner.google.com/fb/a/mailverify?uri=BestTheme&apos;, &apos;popupwindow&apos;, &apos;scrollbars=yes,width=550,height=520&apos;);return true' target='popupwindow'> 
 <input class='textarea' name='email' onblur='if (this.value == &apos;&apos;) {this.value = &apos;Enter email address here&apos;;}' onfocus='if (this.value == &apos;Enter email address here&apos;) {this.value = &apos;&apos;;}' type='text' value='Enter email address here'/> <br/> 
<input name='uri' type='hidden' value='BestTheme'/> 
<input name='title' type='hidden' value='Www.BestTheme.Net'/> 
<input name='loc' type='hidden' value='en_US'/> </form> 
	  
<p><a href='http://feeds.feedburner.com/BestTheme'><img alt='' height='26' src='http://feeds2.feedburner.com/~fc/camelgraph?bg=FD6D00&amp;fg=202931&amp;anim=1' style='border:0' width='88'/></a></p>

<p><a href='/feeds/posts/default'>Post (RSS)</a> | <a href='//feeds/comments/default'>Comments (RSS)</a> </p> 
</div> 
 
 
<form action='/search' class='search' method='get'> 
<input id='s' name='s' onfocus='this.value=&apos;&apos;;' type='text' value=''/> 
<input id='searchsubmit' type='submit' value=''/> 
</form> 
<div class='clear'/>   
		
<div id='ads-wrap'>	
<div class='clear'/> 
 <!-- Ad1 start --> 
<a href='http://www.besttheme.net/'><img alt='BestTheme.Net' class='ads' src='http://4.bp.blogspot.com/_yPlAAAH9bEo/TASAT-GaswI/AAAAAAAAB8o/IMiD7fJZQto/s1600/125x125BestthemeBanner.jpg'/></a> 
        
<!-- Ad2 start --> 
<a href='http://www.besttheme.net/'><img alt='BestTheme.Net' class='ads' src='http://4.bp.blogspot.com/_yPlAAAH9bEo/TASAT-GaswI/AAAAAAAAB8o/IMiD7fJZQto/s1600/125x125BestthemeBanner.jpg'/></a> 
<div class='clear'/><div style='overflow: hidden;'> 
			
<!-- Ad3 start --> 
<a href='http://www.besttheme.net/'><img alt='BestTheme.Net' class='ads' src='http://4.bp.blogspot.com/_yPlAAAH9bEo/TASAT-GaswI/AAAAAAAAB8o/IMiD7fJZQto/s1600/125x125BestthemeBanner.jpg'/></a> 
        
<!-- Ad4 start --> 
<a href='http://www.besttheme.net/'><img alt='BestTheme.Net' class='ads' src='http://4.bp.blogspot.com/_yPlAAAH9bEo/TASAT-GaswI/AAAAAAAAB8o/IMiD7fJZQto/s1600/125x125BestthemeBanner.jpg'/></a> 
</div><div class='clear'/></div> 
<div class='clear'/> 
 
 


<div id='twitter'> 
<script src='http://sites.google.com/site/wwwbestthemenet/www-besttheme-net/twitter.js' type='text/javascript'/> 
<script type='text/javascript'> 
new TWTR.Widget({
  version: 2,
  type: &#39;profile&#39;,
  rpp: 5,
  interval: 6000,
  width: 270,
  height: 300,
  theme: {
    shell: {
      background: &#39;#fff&#39;,
      color: &#39;#3e3e3e&#39;
    },
    tweets: {
      background: &#39;#fff&#39;,
      color: &#39;#3e3e3e&#39;,
      links: &#39;#4aed05&#39;
    }
  }, 
  features: {
    scrollbar: true,
    loop: false,
    live: false,
    hashtags: true,
    timestamp: true,
    avatars: false,
    behavior: &#39;all&#39;
  }
}).render().setUser(&#39;Vk_bhardwaj&#39;).start();
</script> 
</div> 
 
 
 
<div class='sidebar'>
<ul>
<b:section id='sidebar1' preferred='yes'>
<b:widget id='HTML1' locked='false' title='FEATURED VIDEO' type='HTML'>
<b:includable id='main'>
  <!-- only display title if it's non-empty -->
  <b:if cond='data:title != &quot;&quot;'>
    <h2 class='title'><data:title/></h2>
  </b:if>
  <div class='widget-content'>
    <data:content/>
  </div>

  <b:include name='quickedit'/>
</b:includable>
</b:widget>
<b:widget id='Feed1' locked='false' title='Recent Posts' type='Feed'>
<b:includable id='main'>
    <h2><data:title/></h2>
    <div class='widget-content' expr:id='data:widget.instanceId + &quot;_feedItemListDisplay&quot;'>
      <span style='filter: alpha(25); opacity: 0.25;'>
        <a expr:href='data:feedUrl'><data:loadingMsg/></a>
      </span>
    </div>
    <b:include name='quickedit'/>
  </b:includable>
</b:widget>
<b:widget id='Label1' locked='false' title='Category List' type='Label'>
<b:includable id='main'>
  <b:if cond='data:title'>
    <h2><data:title/></h2>
  </b:if>
  <div expr:class='&quot;widget-content &quot; + data:display + &quot;-label-widget-content&quot;'>
    <b:if cond='data:display == &quot;list&quot;'>
      <ul>
      <b:loop values='data:labels' var='label'>
        <li>
          <b:if cond='data:blog.url == data:label.url'>
            <span expr:dir='data:blog.languageDirection'><data:label.name/></span>
          <b:else/>
            <a expr:dir='data:blog.languageDirection' expr:href='data:label.url'><data:label.name/></a>
          </b:if>
          <b:if cond='data:showFreqNumbers'>
            <span dir='ltr'>(<data:label.count/>)</span>
          </b:if>
        </li>
      </b:loop>
      </ul>
    <b:else/>
      <b:loop values='data:labels' var='label'>
        <span expr:class='&quot;label-size label-size-&quot; + data:label.cssSize'>
          <b:if cond='data:blog.url == data:label.url'>
            <span expr:dir='data:blog.languageDirection'><data:label.name/></span>
          <b:else/>
            <a expr:dir='data:blog.languageDirection' expr:href='data:label.url'><data:label.name/></a>
          </b:if>
          <b:if cond='data:showFreqNumbers'>
            <span class='label-count' dir='ltr'>(<data:label.count/>)</span>
          </b:if>
        </span>
      </b:loop>
    </b:if>
    <b:include name='quickedit'/>
  </div>
</b:includable>
</b:widget>
</b:section>
</ul> </div><div class='clear'/></div> 
<div class='clear'/> 
<div class='clear'/> 
</div> 

<div id='bottom-container'/> 
<div id='top-footer'/> 
<div id='footer'> 
<div id='bottombar'> 
<div class='bottom-widget'><b:section class='fposts' id='fposts' showaddelement='yes'>
<b:widget id='Label2' locked='false' title='Category List' type='Label'>
<b:includable id='main'>
  <b:if cond='data:title'>
    <h2><data:title/></h2>
  </b:if>
  <div expr:class='&quot;widget-content &quot; + data:display + &quot;-label-widget-content&quot;'>
    <b:if cond='data:display == &quot;list&quot;'>
      <ul>
      <b:loop values='data:labels' var='label'>
        <li>
          <b:if cond='data:blog.url == data:label.url'>
            <span expr:dir='data:blog.languageDirection'><data:label.name/></span>
          <b:else/>
            <a expr:dir='data:blog.languageDirection' expr:href='data:label.url'><data:label.name/></a>
          </b:if>
          <b:if cond='data:showFreqNumbers'>
            <span dir='ltr'>(<data:label.count/>)</span>
          </b:if>
        </li>
      </b:loop>
      </ul>
    <b:else/>
      <b:loop values='data:labels' var='label'>
        <span expr:class='&quot;label-size label-size-&quot; + data:label.cssSize'>
          <b:if cond='data:blog.url == data:label.url'>
            <span expr:dir='data:blog.languageDirection'><data:label.name/></span>
          <b:else/>
            <a expr:dir='data:blog.languageDirection' expr:href='data:label.url'><data:label.name/></a>
          </b:if>
          <b:if cond='data:showFreqNumbers'>
            <span class='label-count' dir='ltr'>(<data:label.count/>)</span>
          </b:if>
        </span>
      </b:loop>
    </b:if>
    <b:include name='quickedit'/>
  </div>
</b:includable>
</b:widget>
</b:section>
</div>		
<div class='bottom-widget'>			
<b:section class='farcs' id='farcs' showaddelement='yes'>
<b:widget id='Label3' locked='false' title='Category List' type='Label'>
<b:includable id='main'>
  <b:if cond='data:title'>
    <h2><data:title/></h2>
  </b:if>
  <div expr:class='&quot;widget-content &quot; + data:display + &quot;-label-widget-content&quot;'>
    <b:if cond='data:display == &quot;list&quot;'>
      <ul>
      <b:loop values='data:labels' var='label'>
        <li>
          <b:if cond='data:blog.url == data:label.url'>
            <span expr:dir='data:blog.languageDirection'><data:label.name/></span>
          <b:else/>
            <a expr:dir='data:blog.languageDirection' expr:href='data:label.url'><data:label.name/></a>
          </b:if>
          <b:if cond='data:showFreqNumbers'>
            <span dir='ltr'>(<data:label.count/>)</span>
          </b:if>
        </li>
      </b:loop>
      </ul>
    <b:else/>
      <b:loop values='data:labels' var='label'>
        <span expr:class='&quot;label-size label-size-&quot; + data:label.cssSize'>
          <b:if cond='data:blog.url == data:label.url'>
            <span expr:dir='data:blog.languageDirection'><data:label.name/></span>
          <b:else/>
            <a expr:dir='data:blog.languageDirection' expr:href='data:label.url'><data:label.name/></a>
          </b:if>
          <b:if cond='data:showFreqNumbers'>
            <span class='label-count' dir='ltr'>(<data:label.count/>)</span>
          </b:if>
        </span>
      </b:loop>
    </b:if>
    <b:include name='quickedit'/>
  </div>
</b:includable>
</b:widget>
</b:section>
</div>
<div class='bottom-widget'>
<b:section class='bottom-widget' id='fcoms' showaddelement='yes'>
<b:widget id='Label4' locked='false' title='Category List' type='Label'>
<b:includable id='main'>
  <b:if cond='data:title'>
    <h2><data:title/></h2>
  </b:if>
  <div expr:class='&quot;widget-content &quot; + data:display + &quot;-label-widget-content&quot;'>
    <b:if cond='data:display == &quot;list&quot;'>
      <ul>
      <b:loop values='data:labels' var='label'>
        <li>
          <b:if cond='data:blog.url == data:label.url'>
            <span expr:dir='data:blog.languageDirection'><data:label.name/></span>
          <b:else/>
            <a expr:dir='data:blog.languageDirection' expr:href='data:label.url'><data:label.name/></a>
          </b:if>
          <b:if cond='data:showFreqNumbers'>
            <span dir='ltr'>(<data:label.count/>)</span>
          </b:if>
        </li>
      </b:loop>
      </ul>
    <b:else/>
      <b:loop values='data:labels' var='label'>
        <span expr:class='&quot;label-size label-size-&quot; + data:label.cssSize'>
          <b:if cond='data:blog.url == data:label.url'>
            <span expr:dir='data:blog.languageDirection'><data:label.name/></span>
          <b:else/>
            <a expr:dir='data:blog.languageDirection' expr:href='data:label.url'><data:label.name/></a>
          </b:if>
          <b:if cond='data:showFreqNumbers'>
            <span class='label-count' dir='ltr'>(<data:label.count/>)</span>
          </b:if>
        </span>
      </b:loop>
    </b:if>
    <b:include name='quickedit'/>
  </div>
</b:includable>
</b:widget>
</b:section>
</div></div> 
<div class='clear'/></div><div class='clear'/> 
		
<div id='bottom-footer'> 
<div id='credit'> 
<p>CoastalSun Theme Designed by 
<a href='http://www.besttheme.net/'>BestTheme</a> <br/> 
css by <a href='http://camelgraph.com'>camelgraph</a></p> 
</div></div> 
</div> <!--End #bottom-wrap --> 
</div> <!--End #wrap --> 
</body> 
</html>