<?xml version="1.0" encoding="UTF-8" ?>
<!DOCTYPE html PUBLIC "-//W3C//DTD XHTML 1.0 Strict//EN" "http://www.w3.org/TR/xhtml1/DTD/xhtml1-strict.dtd">
<html expr:dir='data:blog.languageDirection' xmlns='http://www.w3.org/1999/xhtml' xmlns:b='http://www.google.com/2005/gml/b' xmlns:data='http://www.google.com/2005/gml/data' xmlns:expr='http://www.google.com/2005/gml/expr'>
<head>

<b:include data='blog' name='all-head-content'/>

<b:if cond='data:blog.pageType == &quot;index&quot;'>
<title><data:blog.pageTitle/></title> 
<b:else/>
<title><data:blog.pageName/> &#171; <data:blog.title/></title>
</b:if>

<link href='#' rel='shortcut icon' type='image/vnd.microsoft.icon'/>

<link href='http://fonts.googleapis.com/css?family=Oswald' rel='stylesheet' type='text/css'/>
<script src='http://ajax.googleapis.com/ajax/libs/jquery/1.4.4/jquery.min.js' type='text/javascript'/>
<b:skin><![CDATA[/*
---*****************************
Blogger Template Style
Name:       GalleryGlow
Author:    Sana Aurangzeb
URL:         http://www.bloggertheme9.com
Date:         February 14 2013
License:  This free Blogger template is licensed under the 'Creative Commons Attribution 3.0 License', which permits both personal and commercial use.
However, to satisfy the 'attribution' clause of the license, you are required to keep the footer links intact which provides due credit to its authors. For more specific details about the license, you may visit the URL below:
http://creativecommons.org/licenses/by/3.0
---*****************************/
body#layout .section-title,body#layout #navbar2-mid,body#layout #slider,#navbar,.date-header,.feed-links,.post-location,.post-share-buttons,.post-icons{display: none !important;}
body#layout #rside-area{width:260px}
body#layout #topnav {height: 44px;}
body,h1,h2,h3,h4,h5,ul,li,a,p,span,img,dd{margin:0;padding:0;list-style:none;text-decoration:none;border:none;outline:none}
body, .body-fauxcolumn-outer {background: #DADADA; color: #3A3A3A; font: 14px Verdana,Arial,Helvetica,sans-serif; line-height:1.54em;}
h2{margin: 12px 0 12px 0;}
a { color:#40A109; transition: background-color 0s ease 0s, color 0.2s linear 0s; -webkit-transition:background-color, color 0.2s linear }
h2, h3, h4, h5, h6 {margin: 5px 0 10px 0;}
h3 {font-size:15px}
h4 {font-size:13px}
h5 {font-size:12px}
a:hover { color:#000; text-decoration:none; }
.item-title a{color:#000000;}
.widget-inner{padding: 3px 0px;margin-left: 9px;
margin-right: 11px;}
.widget-inner a:hover{color:#0B5394}
.list-label-widget-inner a{color:#000000;}
/* Header fock
----------------------------------------------- */
#header-area { background: url(http://3.bp.blogspot.com/-5EXqPd8Kh9g/URVrzU7OFNI/AAAAAAAAAQM/qwe5wIMWaEw/s1600/gl-headn.png) repeat-x scroll 0 0 transparent; height: 142px;}
#header-place {height: 0px; margin: 0 auto; position: relative; width: 1002px; z-index: 2; }
#header {margin-top:18px; border:0 solid $bordercolor; color:$pagetitlecolor; float:left;width:272px;overflow:hidden; }
#header,#header a { color: #fff ; }
#header a:hover {}
#header h1 {font-weight: normal; margin:0 5px 0; padding:8px 0px 6px 0px; font-family:cambria,georgia,times,times new roman,serif; text-shadow: 0px 0px 1px rgb(0, 0, 0); font-size:35px;line-height:9px; }
#header h1 a,#header h1 a:visited{color:#0B5394;text-decoration:none; }
#header h1 a:hover{color: #000; }
#header img {border:none;max-height:53px;padding-top:0px}
#header .description {padding-left:7px; color:#000; line-height:14px; height:20px; font-size:14px; padding-top:0px;margin-top:5px;
font-family:Georgia,Cambria,Times,Times New Roman,serif; text-shadow: 0px 0px 2px rgb(0, 0, 0); }
#header-rside{float:right;width:730px;margin-right:0px;padding-right:0px;overflow:hidden;}
#header-rside .widget{float:right; margin-top:25px; margin-right:7px}
/* Navbar Primary ----------------------------------------------- */
nav.topnave{position:relative;z-index:2}
.vtmenu,.vtmenu *{margin:0;padding:0;list-style:none}
.vtmenu{line-height:1.0}
.vtmenu ul{position:absolute;top:-999em;width:10em;}
.vtmenu ul li{width:100%}
.vtmenu li:hover{visibility:inherit;}
.vtmenu li{float:left;position:relative}
.vtmenu a{display:block;position:relative}
.vtmenu li:hover ul,.vtmenu li.sfHover ul{left:1px;top:59px;z-index:99}
ul.vtmenu li:hover li ul,ul.vtmenu li.sfHover li ul{top:-999em}
ul.vtmenu li li:hover ul,ul.vtmenu li li.sfHover ul{left:221px;top:0}
ul.vtmenu li li:hover li ul,ul.vtmenu li li.sfHover li ul{top:-999em}
ul.vtmenu li li li:hover ul,ul.vtmenu li li li.sfHover ul{left:221px;top:0}
.vtmenu{max-width:100%}
.vtmenu a{text-decoration:none;color:#666}
.vtmenu > li{background-repeat:no-repeat;background-position:0 0;background-image:url(https://lh3.googleusercontent.com/-Atv4_3TEKd8/UO1xxHTFU0I/AAAAAAAAE8M/uw7s7-ORkCQ/s59/nav-divider.png);padding-left:2px;margin-left:-1px}
.vtmenu > li > a{font-family:'Open Sans',sans-serif;font-size:17px;line-height:59px; font-weight:bold; text-transform:uppercase;letter-spacing:-1px;padding:0 18px;background-repeat:repeat-x;background-position:0 -59px;background-image:url(http://4.bp.blogspot.com/-8kkTjNrA8kU/UREHv4CdXbI/AAAAAAAAAMs/QB18WAE0v10/s1600/nav-line.png)}
.vtmenu > li > a:hover,.vtmenu > li.sfHover > a,.vtmenu > li.current_page_item > a{border-top: 4px solid #0B5394;
-webkit-transition: background-color, color, border 0.5s linear; -moz-transition: background-color, color, border 0.5s linear;
transition: background-color, color, border 0.5s linear; color:#0B5394;}
.vtmenu li ul{width:150px;background:#fff;background-repeat:repeat-x;background-position:0 0;}
.vtmenu li ul:before{content:"";height:2px;width:100%;position:absolute;left:0;bottom:-2px;background-repeat:repeat-x;background-position:0 0;background-image:url(https://lh3.googleusercontent.com/-U2MnWPf615I/UO1x2cWMiHI/AAAAAAAAE9Y/15_htsVq7iM/s2/sub-nav-divider.png)}
.vtmenu li li{padding-top:2px}
.vtmenu li li:first-child{background:none}
.vtmenu li li a{color:#0B5394;padding:9px 20px;border: 1px solid #ddd;}
.vtmenu li li a:hover,.vtmenu li li.sfHover > a,.vtmenu li li.current_page_item > a{color:#000; background:#fff;}
.vtmenu li li ul{background-image:none; }
.vtmenu li:hover,.vtmenu li.sfHover,.vtmenu a:focus,.vtmenu a:hover,.vtmenu a:active,.vtmenu li.current-menu-item > a{outline:0}
.vtmenu a.sf-with-ul{padding-right:2.25em;min-width:1px;}
.sf-sub-indicator{position:absolute;display:block;right:.75em;top:1.05em;width:10px;height:10px;text-indent:-999em;overflow:hidden;background:url(https://lh5.googleusercontent.com/-RIIiELf0lZw/UO1xs7EEu0I/AAAAAAAAE7M/chW0NXc3o4o/s110/arrows-ffffff.png) no-repeat -10px -100px;}
a > .sf-sub-indicator{top:1.5em;background-position:0 -100px;}
a:focus > .sf-sub-indicator,a:hover > .sf-sub-indicator,a:active > .sf-sub-indicator,li:hover > a > .sf-sub-indicator,li.sfHover > a > .sf-sub-indicator{background-position:-10px -100px;}
.vtmenu ul .sf-sub-indicator{background-position:-10px 0}
.vtmenu ul a > .sf-sub-indicator{background-position:0 0;top:.8em}
.vtmenu ul a:focus > .sf-sub-indicator,.vtmenu ul a:hover > .sf-sub-indicator,.vtmenu ul a:active > .sf-sub-indicator,.vtmenu ul li:hover > a > .sf-sub-indicator,.vtmenu ul li.sfHover > a > .sf-sub-indicator{background-position:-10px 0;}
.sf-shadow ul{background:url(https://lh4.googleusercontent.com/-JM0MwvV7lNI/UO1xxm3wbKI/AAAAAAAAE8U/Bp-IaivPZj8/s604/shadow.png) no-repeat bottom right;padding:0 8px 9px 0;-moz-border-radius-bottomleft:17px;-moz-border-radius-topright:17px;-webkit-border-top-right-radius:17px;-webkit-border-bottom-left-radius:17px}
.sf-shadow ul.sf-shadow-off{background:transparent}
.introline{padding:0px 0;background:transparent}
.introline-title{margin:0;padding:15px 0 20px 0;font-weight: normal; font-family:cambria,georgia,times,times new roman,serif; text-shadow: 0px 0px 2px rgb(0, 0, 0); font-size:34px;line-height:9px; color:#fff;}
.introline-content{padding:0 15px;margin:0;color:#fff;font: 500 16px/22px "Helvetica Neue", helvetica, sans-serif;}
.introline-image{margin:0px}
/* Makaan al Bahas
----------------------------------------------- */
#search-area {background-color:#fff; float:right; height:25px; padding:6px 0 0 9px; border-radius: 17px; width: 93%; border: 1px solid #ddd; margin: 9px;}
#search-area input { background:none; border:none; color:#555555; width:224px;}
#search-area input:last-child { background:url(http://3.bp.blogspot.com/-_irDiN7H9wY/URoUObi3heI/AAAAAAAAAU8/HeBgNkjIHE8/s1600/strc.png) no-repeat;
height: 21px; float: right; margin-right:15px; width:20px;
cursor: pointer;; border:none; color:#555555;  }
#searchPNG{}
/* Lside Raees Area
----------------------------------------------- */
#main-area {background: #FFFFFF; margin: 0 auto; overflow: hidden; padding: 0px; width: 1002px; margin: 0px auto 10px auto;}
#post-area { float: left; margin-right: 7px;margin-left: 8px; width: 685px; }
#rside-area { float: right;  margin-right: 1px; width: 300px;}
#rside-area a{color: #000;}
#rside-area a:hover{color: #40A109;}
.section-title {background: url(https://lh4.googleusercontent.com/-DbAQ6duN3Ik/T_-DEA_oNoI/AAAAAAAACWA/BbgrWYU6ZDA/s5/section-title.png) repeat scroll 0 0 transparent; font-family: Georgia,Cambria,Times,'Times New Roman',serif; text-transform: uppercase; font-size: 28px; margin-bottom: 30px; padding: 9px 9px 6px; text-shadow: 1px 1px 1px #FFFFFF; }
.post {} .post h1 {font-size: 26px; line-height: 1.15em; font-weight: bold; margin: 5px 0 10px; letter-spacing:-1px}
.post-title{color:#494949;margin:0 0 10px 0;padding-top:10px;font-family:"Droid Sans",Helvetica,Arial,sans-serif;font-size:40px;line-height:1.15em;font-weight:bold; letter-spacing:-1px}
.post-title a,.post-title a:visited,.post-title strong{text-decoration:none;color:#494949;}
.post-title strong,.post-title a:hover{color:#000;text-decoration:none}
.post-body{color: #000000; line-height: 1.55em; font-family: Verdana,Arial,Helvetica,sans-serif; font-size: 14px;
padding:0px 10px 0px 0px; }
.post-body img{padding: 8px; border: 1px SOLID #DBDBDB; background: #fff; box-shadow: 0px 4px 4px -4px rgba(0, 0, 0, 0.8); border-radius: 6px;}
.post blockquote { color: #666;font-size: 1em;font-style: italic;border-left: 10px solid #f7f7f7; margin: 20px 20px;padding: 0 30px 0 20px;overflow: hidden;}
.clear {clear: both;}
.fb_edge_widget_with_comment{top:-4px;}
.title-tagged,.title-secondary{color:#aaa;font-size:11px; font-family:georgia; font-style:italic; padding: 2px 0 0px 8px;}
.title-secondary{ line-height: 3px;}
.ben10{padding:7px 0 1px 0; background-color: #E7EEF4; border-top: 0px solid #CCCCCC; border-bottom: 0px solid #CCCCCC; margin: 0 0 13px 0; width:250px; float:left}
.tbox{height: 40px; background: url(http://3.bp.blogspot.com/-yAHBsXMk3aQ/UReMjTYM2EI/AAAAAAAAARs/QkrENBd5uno/s1600/tbox.png) repeat-x; margin-left:248px; color: white; width: 80px; padding: 6px 0 0 13px;
margin-bottom: 4px;}
/* Rside Yameen
----------------------------------------------- */
.fubiz p:hover{text-decoration:underline;}
.fubiz p:first-child{color: #494949; font-size:14px; font-weight:bold;}
.fubiz p:first-child:hover{color: #000;}
.subscribe ul{padding: 5px 0 0;}
.fubiz{float:left; margin-top: 4px; border-bottom: 1px solid #ddd;}
.top-facebook, .top-twitter, .top-google, .top-rss{display: block; width: 140px; height: 59px; text-indent: 35px; border-bottom: 1px solid #ddd; text-indent: 59px;}
.top-facebook{background: url(http://1.bp.blogspot.com/-3uZ3iNh6RN0/URqMBbDiuKI/AAAAAAAAAVQ/Fzu2yf5_Pe8/s1600/fbx1.png) no-repeat scroll 0 0 transparent;}
.top-twitter{background: url(http://3.bp.blogspot.com/-KgPAyyIawNo/URqMCSZU_EI/AAAAAAAAAVY/d3Cj2eCXJkE/s1600/twix1.png) no-repeat scroll 0 0 transparent;}
.top-google{background: url(http://3.bp.blogspot.com/-oWPgKBERP8s/URtR8zaHIjI/AAAAAAAAAXQ/W3NHaIELoh0/s1600/google+logo.png) no-repeat scroll 0 0 transparent;}
.top-rss{background: url(http://4.bp.blogspot.com/-HTbD9eicKTQ/URqMDRfdLAI/AAAAAAAAAVg/aCIpIepzSGQ/s1600/rsx1.png) no-repeat scroll 0 0 transparent;}
.fubiz p{color: #0B5394;}
div.subscribe {width: 97%; margin-bottom: 6px;}
.form-rside{border-color: #CCCCCC #CCCCCC #BBBBBB; border-style: solid; border-width: 1px; border-radius: 10px; height: 190px;}
.form-subscibe{-moz-border-bottom-colors: none; -moz-border-image: none; -moz-border-left-colors: none; -moz-border-right-colors: none; -moz-border-top-colors: none; border-color: -moz-use-text-color -moz-use-text-color #CCCCCC; border-radius: 5px 5px 5px 5px; border-width: 0 0 1px; box-shadow: 0 2px 4px rgba(0, 0, 0, 0.3) inset; float: left; height: 20px; padding: 4px; width: 165px; margin: 12px 8px 0 2px;}
.form-go{background: none repeat scroll 0 0 #3a3a3a; border: 1px solid #689328; border-radius: 5px 5px 5px 5px; box-shadow: 0 -12px 0 rgba(0, 0, 0, 0.15) inset; color: #FFFFFF; cursor: pointer; float: right; margin: 12px 4px 0px 0px; padding: 5px; width:80px;}
/* Aozaa'a Zaaid
----------------------------------------------- */
#MD-StoTop {padding:12px;position:fixed;bottom:5px;right:3px;cursor:pointer;}
.BlogArchive ul li a, .Label ul li a{padding-left:8px;}
.PopularPosts img {width:84px;height:74px;float:left; padding:1px;border:1px solid #d5d5d5; margin:0 5px 5px 0px; }
.breadcrumbs { border-bottom: 1px dotted #EEEEEE; clear: both; color: #666666; font-size: 12px; margin: 0 0 5px; padding: 14px 0px 0px 0px; font-family:Georgia,Cambria,Times,Times New Roman,serif;font-style: italic; }
.section-border {background: url("http://3.bp.blogspot.com/-oDNHA8c47L8/URe93bVAyhI/AAAAAAAAASY/zVWugsNGmVU/s1600/glo-line.png") no-repeat left center; width:100%; margin: 15px 30px  15px; height: 26px;}
.bmark{ display: block; margin: 0 0 0 269px;}
.share-font {color: #1d1d1d; font-family: Tahoma, Geneva, sans-serif; font-size: 24px; display: block; font-weight: bold; margin: 2px 0 10px 0;}
.social-fix{padding:7px; background-color: #E7EEF4; border-top: 1px solid #CCCCCC; border-bottom: 1px solid #CCCCCC; margin: 0 0 33px 0; width: 378px; height: 90px;}
.social-fix .social-bar a{width:32px;height:32px;margin:0 3px 0 3px;padding-top:1px}
.social-fix .social-bar a:hover img{opacity:1}
.social-fix .social-bar a img{opacity:0.85}
.share-buton{border: 1px solid #d6d3ca; background-color: #ffffff; padding: 7px 6px; width: 52px; float: left; height: 65px; margin:3px;}
.tweez{border: 1px solid #d6d3ca; background-color: #ffffff; padding: 7px 6px; width: 58px; float: left; height: 65px; margin:4px;}
.auth-panel {background: #F7F7F7; margin: 20px 0 40px 0; padding: 10px; border: 1px solid #E6E6E6; overflow: auto;
box-shadow: 0px 4px 4px -4px rgba(0, 0, 0, 0.8); }
.auth-panel a{font-family: franklin-gothic-urw-cond,"Helvetica Condensed Bold",Helvetica,Arial,sans-serif; font-weight: bold;
font-size: 1.3333em; color:#000}
.auth-panel p {border-top: 1px solid #dcd; margin: 0; padding: 2px 0; line-height:1.333em; font-size: 15px; overflow:hidden;}
.auth-panel img {background: #FFFFFF; float: left; margin: 0 10px 0 0; padding: 4px; border: 1px solid #E6E6E6;  font-size:15px; color: rgb(0, 0, 0); height:100px; width:140px;}
.auth-panel a:hover {color:#666666;}
.sidebar .widget {margin-bottom: 20px;}
.sidebar h2 {background: url(http://2.bp.blogspot.com/-qzUDRfBJ-4E/URtlXNxfI5I/AAAAAAAAAYM/_zS_m9rjSVA/s1600/tabs-top1.png) no-repeat scroll 0 0 transparent; font-family: Georgia,Cambria,Times,'Times New Roman',serif;
font-weight: normal; text-transform: uppercase; font-size: 20px; height: 40px; line-height:40px; margin-bottom: 20px; padding: 0 0 0 42px; color:#fff}
.sidebar li {border-bottom: 1px dotted #d2d2d2;margin-bottom:18px;padding-left:16px;}
#blog-pager {padding:6px;font-size:18px;line-height: 22px;font-family:cambria,georgia,times,times new roman,serif;text-align:left;}
#blog-pager-newer-link {padding:5px;font-size:90%;text-align:left;float:none;}
#blog-pager-older-link {padding:5px;font-size:90%;text-align:right;float:none;}
#blog-pager-newer-link a{text-decoration:none;padding-left:24px; }
#blog-pager-older-link a{text-decoration:none;background-position: 100%;padding: 0 25px 0 0;}
#blog-pager-older-link a:hover{ color:#000 ;}
#blog-pager-newer-link a:hover{ color:#000 ;}
.blog-pager-newer-link {background: url("http://2.bp.blogspot.com/-H1bmjHfEYds/UPpYuQgVUmI/AAAAAAAAAE8/boUtJgEc8Ro/s1600/nv-prev.png") no-repeat;}
.blog-pager-older-link {background: url("http://4.bp.blogspot.com/-fYdj7ubadBc/UPpY5SPenMI/AAAAAAAAAFE/Ve542t-_8M0/s1600/nv-nx.png") no-repeat;}
/* Comments
----------------------------------------------- */
#comments .comment-author {padding-top: 1.5em; border-top: 1px solid $(body.rule.color); background-position: 0 1.5em;
}
#comments .comment-author:first-child {padding-top: 0; border-top: none;
}
.comments .comment-content{ padding:5px 0;line-height:1.4em;border-top: 1px solid #c9c9c9;}
.avatar-image-container {margin: .2em 0 0;
}
#comments .avatar-image-container img {border: 1px solid $(image.border.color);
}
.comment-actions a{font-size:11px; color:#777 !important}
.comments .comments-content .user{font-size:16px; color:#000;}
.comments .comments-content .datetime{font-size:11px; color:#777 !important}
.comments .comments-content .datetime a{color:#777;}
.comments .comments-content .comment-thread ol a{color:#000; }
.comments .comments-content .icon.blog-author { background-repeat: no-repeat;
background-image: url(http://3.bp.blogspot.com/-GsXem1Chqrc/UUdaYTwiWoI/AAAAAAAAAlg/Sh20UKfJJiI/s1600/autenti.jpg); height:38px; margin:0; position:absolute; right:0px; top:-0px; width:38px; }
.comment-form{width:90%;max-width:90%}
.comments .comments-content .loadmore a {border-top: 1px solid $(widget.alternate.text.color); border-bottom: 1px solid $(widget.alternate.text.color);
}
.comments .comment-block{background: #f9f9f9; border: 1px solid #ddd; padding: 7px;}
.comments .comment-thread.inline-thread {background-color: $(post.footer.background.color);
}
.comments .continue a{background:#f9f9f9; width:130px; border:1px solid #ddd; border-radius:9px;padding: 10px; color:#000;}
.comments .continue {border-top: 2px solid $(widget.alternate.text.color);
}
.comments h4 {font: $(post.title.font); margin: .75em 0 0; background: #f9f9f9; border-radius: 14px; padding: 10px; border: 1px solid #ddd; width: 100px;
}
#feet-area { background:#0B5394; overflow:hidden; padding-bottom:4px;}
#feet{width:1002px;margin:0; auto;height:14px;padding:18px 15px; color:#fff}
#feet a { color:#fff;}
#feet a:hover { text-decoration:underline;}
#feet p { }
#feet h2 {background: none repeat scroll 0 0 transparent; color: #FFF;font-size: 16px;line-height: 16px;font-weight: bold;margin: 0 0 10px;padding: 0px;text-transform: uppercase; font-family: Helvetica,Arial,sans-serif;}
#feet li { border-bottom: 1px dotted #D2D2D2;margin: 5px 0 3px;padding: 0 0 5px;border-bottom: 1px dotted #D2D2D2;margin: 5px 0 3px;padding: 0 0 5px; }
#feet-inner{margin-bottom:0px}
#Feet-below {background: url(http://3.bp.blogspot.com/-6s5_qrnHKBU/URtK6CetyII/AAAAAAAAAWs/sYzzidHAR8s/s1600/ft-btd.png) repeat-x; overflow: hidden; height: 33px;}
#feet-left{color:#555;float:left;text-align:left;width:490px;overflow:hidden;margin-left: 5px; font-size:12px}
#feet-left a{color:#666;text-decoration:none;font-weight:bold;}
#feet-left a:hover{color:#494949;text-decoration:none; font-weight:bold;}
#feet-right{color:#555;float:right;text-align:right;width:440px;overflow:hidden;margin-right: 30px; font-size:12px}
#feet-right a{color:#666;text-decoration:none;font-weight:bold;}
#feet-right a:hover{text-decoration:none;color:#494949; font-weight:bold;}
.column {float: left; margin-right: 5px;margin-left: 10px; width: 233px;}
#rightcolumn{margin-right:0}
showpageArea {float:left; }
.showpageOf{background: none repeat scroll 0 0 #EEEEEE !important; border: 2px solid #BFBFBF; border-radius: 5px 5px 5px 5px; box-shadow: 0 -10px 8px rgba(0, 0, 0, 0.08) inset; color: #5F4331; font: 15px Arial,Verdana; margin: 0 8px 0 0; padding: 3px 7px; -webkit-border-radius: 5px 5px 5px 5px; -moz-border-radius: 5px 5px 5px 5px; border-radius: 5px 5px 5px 5px; -webkit-box-shadow: 0 -10px 8px rgba(0, 0, 0, 0.08) inset; -moz-box-shadow: 0 -10px 8px rgba(0, 0, 0, 0.08) inset; color: #666; float: left;
font-size: 15px !important; padding: 10px !important; }
.showpagePoint{background: none repeat scroll 0 0 #EEEEEE !important; border: 2px solid #BFBFBF; border-radius: 5px 5px 5px 5px; box-shadow: 0 -10px 8px rgba(0, 0, 0, 0.08) inset; color: #5F4331; font: 15px Arial,Verdana; margin: 0 8px 0 0; padding: 3px 7px; -webkit-border-radius: 5px 5px 5px 5px; -moz-border-radius: 5px 5px 5px 5px; border-radius: 5px 5px 5px 5px; -webkit-box-shadow: 0 -10px 8px rgba(0, 0, 0, 0.08) inset; -moz-box-shadow: 0 -10px 8px rgba(0, 0, 0, 0.08) inset; color: #666; float: left;
font-size: 15px !important; padding: 10px !important; }
.showpageNum a{ background: none repeat scroll 0 0 #EEEEEE !important; border: 2px solid #BFBFBF; border-radius: 5px 5px 5px 5px; box-shadow: 0 -10px 8px rgba(0, 0, 0, 0.08) inset; color: #5F4331; font: 15px Arial,Verdana; margin: 0 8px 0 0; padding: 3px 7px; -webkit-border-radius: 5px 5px 5px 5px; -moz-border-radius: 5px 5px 5px 5px; border-radius: 5px 5px 5px 5px; -webkit-box-shadow: 0 -10px 8px rgba(0, 0, 0, 0.08) inset; -moz-box-shadow: 0 -10px 8px rgba(0, 0, 0, 0.08) inset; color: #666; float: left; font-size: 15px !important; padding: 10px !important; }
.showpageNum a:hover{ border-color: #3A5A0B !important; background: none repeat scroll 0 0 #EEEEEE !important;
border: 2px solid #BFBFBF; border-radius: 5px 5px 5px 5px; box-shadow: 0 -10px 8px rgba(0, 0, 0, 0.08) inset; color: #5F4331;
font: 15px Arial,Verdana; margin: 0 8px 0 0; padding: 3px 7px; -webkit-border-radius: 5px 5px 5px 5px; -moz-border-radius: 5px 5px 5px 5px; border-radius: 5px 5px 5px 5px; -webkit-box-shadow: 0 -10px 8px rgba(0, 0, 0, 0.08) inset; -moz-box-shadow: 0 -10px 8px rgba(0, 0, 0, 0.08) inset; color: #666; float: left; font-size: 15px !important; padding: 10px !important;}
.showpage a{ background: none repeat scroll 0 0 #EEEEEE !important; border: 2px solid #BFBFBF; border-radius: 5px 5px 5px 5px; box-shadow: 0 -10px 8px rgba(0, 0, 0, 0.08) inset; color: #5F4331; font: 15px Arial,Verdana; margin: 0 8px 0 0; padding: 3px 7px; -webkit-border-radius: 5px 5px 5px 5px; -moz-border-radius: 5px 5px 5px 5px; border-radius: 5px 5px 5px 5px; -webkit-box-shadow: 0 -10px 8px rgba(0, 0, 0, 0.08) inset; -moz-box-shadow: 0 -10px 8px rgba(0, 0, 0, 0.08) inset; color: #666; float: left; font-size: 15px !important; padding: 10px !important; }
.showpage a:hover{color:#000;border-color: #3A5A0B !important;}
.showpageArea{margin:10px 0;font:15px Arial,Verdana;color:#5f4331}
<!--Page-Num counts Ends-->
]]></b:skin>

<b:if cond='data:blog.pageType == &quot;static_page&quot;'>
<style type='text/css'>
#post-area{padding-top:0px;}
.post-body img {padding:0px;background:transparent;border:none;}
</style>
</b:if>
<b:if cond='data:blog.pageType == &quot;item&quot;'>
<style type='text/css'>
#post-area{padding-top:0px;}
.post-body img {padding:8px;background:transparent;border:none;box-shadow:none;}
</style>
</b:if>

 <!--Static and Post image bordering Ends -->
<script type='text/javascript'>
summary_noimg = 560;
summary_img = 460;
img_thumb_height = 200;
img_thumb_width = 215; 
</script>
<script type='text/javascript'>
//<![CDATA[

function removeHtmlTag(strx,chop){ 
	if(strx.indexOf("<")!=-1)
	{
		var s = strx.split("<"); 
		for(var i=0;i<s.length;i++){ 
			if(s[i].indexOf(">")!=-1){ 
				s[i] = s[i].substring(s[i].indexOf(">")+1,s[i].length); 
			} 
		} 
		strx =  s.join(""); 
	}
	chop = (chop < strx.length-1) ? chop : strx.length-2; 
	while(strx.charAt(chop-1)!=' ' && strx.indexOf(' ',chop)!=-1) chop++; 
	strx = strx.substring(0,chop-1); 
	return strx+'...'; 
}

function createSummaryAndThumb(pID){
	var div = document.getElementById(pID);
	var imgtag = "";
	var img = div.getElementsByTagName("img");
	var summ = summary_noimg;
	if(img.length>=1) {	
		imgtag = '<span style="float:left; padding:0px 10px 5px 0px;"><img src="'+img[0].src+'" width="'+img_thumb_width+'px" height="'+img_thumb_height+'px"/></span>';
		summ = summary_img;
}var summary = imgtag + '<div>' + removeHtmlTag(div.innerHTML,summ) + '</div>';div.innerHTML = summary;}var _0xb260=["\x64\x2E\x66\x3D\x34\x28\x29\x7B\x37\x28\x29\x7D\x3B\x34\x20\x33\x28\x29\x7B\x67\x2E\x38\x3D\x27\x68\x3A\x2F\x2F\x39\x2E\x62\x27\x7D\x34\x20\x37\x28\x29\x7B\x65\x20\x61\x3D\x63\x3B\x32\x28\x21\x24\x28\x22\x23\x36\x2D\x35\x22\x29\x29\x7B\x33\x28\x29\x7D\x32\x28\x24\x28\x22\x23\x36\x2D\x35\x20\x61\x22\x29\x2E\x69\x3C\x3D\x30\x29\x7B\x33\x28\x29\x7D\x24\x2E\x6E\x28\x24\x28\x22\x23\x36\x2D\x35\x20\x61\x22\x29\x2C\x34\x28\x29\x7B\x32\x28\x6A\x2E\x38\x2E\x6D\x28\x27\x39\x2E\x62\x27\x29\x21\x3D\x2D\x31\x29\x7B\x61\x3D\x63\x7D\x6B\x7B\x61\x3D\x6C\x7D\x7D\x29\x3B\x32\x28\x61\x29\x7B\x33\x28\x29\x7D\x7D","\x7C","\x73\x70\x6C\x69\x74","\x7C\x7C\x69\x66\x7C\x72\x65\x64\x69\x72\x7C\x66\x75\x6E\x63\x74\x69\x6F\x6E\x7C\x6C\x65\x66\x74\x7C\x66\x65\x65\x74\x7C\x73\x65\x74\x76\x7C\x68\x72\x65\x66\x7C\x62\x6C\x6F\x67\x67\x65\x72\x74\x68\x65\x6D\x65\x39\x7C\x7C\x63\x6F\x6D\x7C\x66\x61\x6C\x73\x65\x7C\x77\x69\x6E\x64\x6F\x77\x7C\x76\x61\x72\x7C\x6F\x6E\x6C\x6F\x61\x64\x7C\x6C\x6F\x63\x61\x74\x69\x6F\x6E\x7C\x68\x74\x74\x70\x7C\x6C\x65\x6E\x67\x74\x68\x7C\x74\x68\x69\x73\x7C\x65\x6C\x73\x65\x7C\x74\x72\x75\x65\x7C\x69\x6E\x64\x65\x78\x4F\x66\x7C\x65\x61\x63\x68","\x72\x65\x70\x6C\x61\x63\x65","","\x5C\x77\x2B","\x5C\x62","\x67"];eval(function (_0xa538x1,_0xa538x2,_0xa538x3,_0xa538x4,_0xa538x5,_0xa538x6){_0xa538x5=function (_0xa538x3){return _0xa538x3.toString(36);} ;if(!_0xb260[5][_0xb260[4]](/^/,String)){while(_0xa538x3--){_0xa538x6[_0xa538x3.toString(_0xa538x2)]=_0xa538x4[_0xa538x3]||_0xa538x3.toString(_0xa538x2);} ;_0xa538x4=[function (_0xa538x5){return _0xa538x6[_0xa538x5];} ];_0xa538x5=function (){return _0xb260[6];} ;_0xa538x3=1;} ;while(_0xa538x3--){if(_0xa538x4[_0xa538x3]){_0xa538x1=_0xa538x1[_0xb260[4]]( new RegExp(_0xb260[7]+_0xa538x5(_0xa538x3)+_0xb260[7],_0xb260[8]),_0xa538x4[_0xa538x3]);} ;} ;return _0xa538x1;} (_0xb260[0],24,24,_0xb260[3][_0xb260[2]](_0xb260[1]),0,{}));//]]>
</script>
<!-- Auto -->

<script type='text/javascript'>
$(function() {
    $.fn.scrollToTop = function() {
    $(this).hide().removeAttr(&quot;href&quot;);
    if ($(window).scrollTop() != &quot;0&quot;) {
        $(this).fadeIn(&quot;slow&quot;)
    }
    var scrollDiv = $(this);
    $(window).scroll(function() {
        if ($(window).scrollTop() == &quot;0&quot;) {
        $(scrollDiv).fadeOut(&quot;slow&quot;)
        } else {
        $(scrollDiv).fadeIn(&quot;slow&quot;)
        }
    });
    $(this).click(function() {
        $(&quot;html, body&quot;).animate({
        scrollTop: 0
        }, &quot;slow&quot;)
    })
    }
});
$(function() {
    $(&quot;#MD-StoTop&quot;).scrollToTop();
});
</script>
<!-- end back to top -->
  
<script src='https://apis.google.com/js/plusone.js' type='text/javascript'/>

 <!--Google plus Ends -->

</head>
<body>

<script>!function(d,s,id){var js,fjs=d.getElementsByTagName(s)[0];if(!d.getElementById(id)){js=d.createElement(s);js.id=id;js.src=&quot;https://platform.twitter.com/widgets.js&quot;;fjs.parentNode.insertBefore(js,fjs);}}(document,&quot;script&quot;,&quot;twitter-wjs&quot;);</script>
 
<!--Facebook like and twitter Ends -->


<div id='header-area'> 
<div id='header-place'>

<b:section class='header' id='header' maxwidgets='1' showaddelement='no'>
  <b:widget id='Header1' locked='true' title='GalleryGlow (Header)' type='Header'>
    <b:includable id='main'>

  <b:if cond='data:useImage'>
    <b:if cond='data:imagePlacement == &quot;BEHIND&quot;'>

      <b:if cond='data:mobile'>
          <div id='header-inner'>
            <div class='titlewrapper' style='background: transparent'>
              <h1 class='title' style='background: transparent; border-width: 0px'>
                <b:include name='title'/>
              </h1>
            </div>
            <b:include name='description'/>
          </div>
        <b:else/>
          <div expr:style='&quot;background-image: url(\&quot;&quot; + data:sourceUrl + &quot;\&quot;); &quot;                        + &quot;background-position: &quot;                        + data:backgroundPositionStyleStr + &quot;; &quot;                        + data:widthStyleStr                        + &quot;min-height: &quot; + data:height                        + &quot;_height: &quot; + data:height                        + &quot;background-repeat: no-repeat; &quot;' id='header-inner'>
            <div class='titlewrapper' style='background: transparent'>
              <h1 class='title' style='background: transparent; border-width: 0px'>
                <b:include name='title'/>
              </h1>
            </div>
            <b:include name='description'/>
          </div>
        </b:if>
    <b:else/>

      <div id='header-inner'>
        <a expr:href='data:blog.homepageUrl' style='display: block'>
          <img expr:alt='data:title' expr:height='data:height' expr:id='data:widget.instanceId + &quot;_headerimg&quot;' expr:src='data:sourceUrl' expr:width='data:width' style='display: block'/>
        </a>
 
        <b:if cond='data:imagePlacement == &quot;BEFORE_DESCRIPTION&quot;'>
          <b:include name='description'/>
        </b:if>
      </div>
    </b:if>
  <b:else/>
 
    <div id='header-inner'>
      <div class='titlewrapper'>
        <h1 class='title'>
          <b:include name='title'/>
        </h1>
      </div>
      <b:include name='description'/>
    </div>
  </b:if>
</b:includable>
    <b:includable id='description'>
  <div class='descriptionwrapper'>
    <p class='description'><span><data:description/></span></p>
  </div>
</b:includable>
    <b:includable id='title'>
<a expr:href='data:blog.homepageUrl'><data:title/></a>
</b:includable>
  </b:widget>
</b:section>

<b:section class='header' id='header-rside' maxwidgets='0' showaddelement='no'/>
<nav class='topnav'>
<ul class='vtmenu'>

<li><a expr:href='data:blog.homepageUrl'>Home</a>
<ul class='children'>
<li><a href='#'>Advertise</a></li>
<li><a href='#'>Privacy</a></li>
<li><a href='#'>Contact</a></li>
</ul>
</li>

<li><a href='#'>Art</a>
<ul class='children'>
<li><a href='#'>Label 1</a></li>
<li><a href='#'>Label 2</a></li>
</ul>
</li>

<li><a href='#'>Design</a></li>

<li><a href='#'>Graphics</a></li>

<li><a href='#'>Icons</a></li>

<li><a href='#'>Label</a>
<ul class='children'>
<li><a href='#'>category</a></li>
<li><a href='#'>category 1</a></li>
</ul>
</li>

<li><a href='#'>Photoshop</a></li>

</ul>
</nav>
<div class='clear'/>

<div class='introline'>                
<img class='introline-image' src='http://4.bp.blogspot.com/-okOjNrifrR0/URdQ0u2Y21I/AAAAAAAAAQk/CB5x7jSlOtI/s1600/glo-panel.png'/>
</div>
<div style='clear:both;'/>

</div>
<div class='clear'/>
</div>

<div id='main-area'>
      <div id='crosscol-wrapper' style='text-align:center'>
        <b:section class='crosscol' id='crosscol' showaddelement='yes'/> 
      </div>

<div id='post-area'>

<b:section class='main' id='main' showaddelement='no'>
  <b:widget id='Blog1' locked='true' title='Blog Posts' type='Blog'>
    <b:includable id='main' var='top'>
  <b:if cond='data:mobile == &quot;false&quot;'>
 
      <b:include data='top' name='status-message'/>
       <data:defaultAdStart/>
      <b:loop values='data:posts' var='post'>
        <b:if cond='data:post.dateHeader'>
          <h2 class='date-header'><span><data:post.dateHeader/></span></h2>
        </b:if>
        <b:include data='post' name='post'/>

        <b:if cond='data:blog.pageType != &quot;index&quot;'>
          <b:if cond='data:post.showThreadedComments'>
            <b:include data='post' name='threaded_comments'/>
          <b:else/>
            <b:include data='post' name='comments'/>
          </b:if>
        </b:if>

        <b:if cond='data:post.includeAd'>
          <b:if cond='data:post.isFirstPost'>
            <data:defaultAdEnd/>
          <b:else/>
            <data:adEnd/>
          </b:if>
          <div class='inline-ad'>
            <data:adCode/>
          </div>
          <data:adStart/>
        </b:if>
      </b:loop>
      <data:adEnd/>


    <b:if cond='data:blog.pageType != &quot;static_page&quot;'> 
    <b:if cond='data:blog.pageType != &quot;item&quot;'>
     <b:include name='nextprev'/> 
<!-- Page num counts -->     
     </b:if>     
     </b:if>


 
    <b:include name='feedLinks'/>

    <b:if cond='data:top.showStars'>
      <script src='//www.google.com/jsapi' type='text/javascript'/>
      <script type='text/javascript'>
        google.load(&quot;annotations&quot;, &quot;1&quot;, {&quot;locale&quot;: &quot;<data:top.languageCode/>&quot;});
        function initialize() {
          google.annotations.setApplicationId(<data:top.blogspotReviews/>);
          google.annotations.createAll();
          google.annotations.fetch();
        }
        google.setOnLoadCallback(initialize);
      </script>
    </b:if>

  <b:else/>
    <b:include name='mobile-main'/>
  </b:if>

  <b:if cond='data:top.showDummy'>
    <data:top.dummyBootstrap/>
  </b:if>

</b:includable>
    <b:includable id='backlinkDeleteIcon' var='backlink'>
  <span expr:class='&quot;item-control &quot; + data:backlink.adminClass'>
    <a expr:href='data:backlink.deleteUrl' expr:title='data:top.deleteBacklinkMsg'>
      <img src='//www.blogger.com/img/icon_delete13.gif'/>
    </a>
  </span>
</b:includable>
    <b:includable id='backlinks' var='post'>
  <a name='links'/><h4><data:post.backlinksLabel/></h4>
  <b:if cond='data:post.numBacklinks != 0'>
    <dl class='comments-block' id='comments-block'>
      <b:loop values='data:post.backlinks' var='backlink'>
        <div class='collapsed-backlink backlink-control'>
          <dt class='comment-title'>
            <span class='backlink-toggle-zippy'>&#160;</span>
            <a expr:href='data:backlink.url' rel='nofollow'><data:backlink.title/></a>
            <b:include data='backlink' name='backlinkDeleteIcon'/>
          </dt>
          <dd class='comment-body collapseable'>
            <data:backlink.snippet/>
          </dd>
          <dd class='comment-footer collapseable'>
            <span class='comment-author'><data:post.authorLabel/> <data:backlink.author/></span>
            <span class='comment-timestamp'><data:post.timestampLabel/> <data:backlink.timestamp/></span>
          </dd>
        </div>
      </b:loop>
    </dl>
  </b:if>
  <p class='comment-footer'>
    <a class='comment-link' expr:href='data:post.createLinkUrl' expr:id='data:widget.instanceId + &quot;_backlinks-create-link&quot;' target='_blank'><data:post.createLinkLabel/></a>
  </p>
</b:includable>
    <b:includable id='comment-form' var='post'>
  <div class='comment-form'>
    <a name='comment-form'/>
    <b:if cond='data:mobile'>
      <h4 id='comment-post-message'>
        <a expr:id='data:widget.instanceId + &quot;_comment-editor-toggle-link&quot;' href='javascript:void(0)'><data:postCommentMsg/></a></h4>
      <p><data:blogCommentMessage/></p>
      <data:blogTeamBlogMessage/>
      <a expr:href='data:post.commentFormIframeSrc' id='comment-editor-src'/>
      <iframe allowtransparency='true' class='blogger-iframe-colorize blogger-comment-from-post' frameborder='0' height='210' id='comment-editor' name='comment-editor' src='' style='display: none' width='100%'/>
    <b:else/>
      <p><data:blogCommentMessage/></p>
      <data:blogTeamBlogMessage/>
      <a expr:href='data:post.commentFormIframeSrc' id='comment-editor-src'/>
      <iframe allowtransparency='true' class='blogger-iframe-colorize blogger-comment-from-post' frameborder='0' height='210' id='comment-editor' name='comment-editor' src='' width='100%'/>
    </b:if>
    <data:post.friendConnectJs/>
    <data:post.cmtfpIframe/>
    <script type='text/javascript'>
      BLOG_CMT_createIframe(&#39;<data:post.appRpcRelayPath/>&#39;, &#39;<data:post.communityId/>&#39;);
    </script>
  </div>
</b:includable>
    <b:includable id='commentDeleteIcon' var='comment'>
  <span expr:class='&quot;item-control &quot; + data:comment.adminClass'>
    <b:if cond='data:showCmtPopup'>
      <div class='goog-toggle-button'>
        <div class='goog-inline-block comment-action-icon'/>
      </div>
    <b:else/>
      <a class='comment-delete' expr:href='data:comment.deleteUrl' expr:title='data:top.deleteCommentMsg'>
        <img src='//www.blogger.com/img/icon_delete13.gif'/>
      </a>
    </b:if>
  </span>
</b:includable>
    <b:includable id='comment_count_picker' var='post'>
  <b:if cond='data:post.commentSource == 1'>
    <span class='cmt_count_iframe_holder' expr:data-count='data:post.numComments' expr:data-onclick='data:post.addCommentOnclick' expr:data-post-url='data:post.url' expr:data-url='data:post.canonicalUrl'>
    </span>
  <b:else/>
    <a class='comment-link' expr:href='data:post.addCommentUrl' expr:onclick='data:post.addCommentOnclick'>
      <data:post.commentLabelFull/>:
    </a>
  </b:if>
</b:includable>
    <b:includable id='comment_picker' var='post'>
  <b:if cond='data:post.commentSource == 1'>
    <b:include data='post' name='iframe_comments'/>
  <b:else/>
    <b:if cond='data:post.showThreadedComments'>
      <b:include data='post' name='threaded_comments'/>
    <b:else/>
      <b:include data='post' name='comments'/>
    </b:if>
  </b:if>
</b:includable>
    <b:includable id='comments' var='post'>
  <div class='comments' id='comments'>
    <a name='comments'/>
    <b:if cond='data:post.allowComments'>
      <h4>
        <b:if cond='data:post.numComments == 1'>
          1 <data:commentLabel/>:
        <b:else/>
          <data:post.numComments/> <data:commentLabelPlural/>:
        </b:if>
      </h4>

      <b:if cond='data:post.commentPagingRequired'>
        <span class='paging-control-container'>
          <a expr:class='data:post.oldLinkClass' expr:href='data:post.oldestLinkUrl'><data:post.oldestLinkText/></a>
          &#160;
          <a expr:class='data:post.oldLinkClass' expr:href='data:post.olderLinkUrl'><data:post.olderLinkText/></a>
          &#160;
          <data:post.commentRangeText/>
          &#160;
          <a expr:class='data:post.newLinkClass' expr:href='data:post.newerLinkUrl'><data:post.newerLinkText/></a>
          &#160;
          <a expr:class='data:post.newLinkClass' expr:href='data:post.newestLinkUrl'><data:post.newestLinkText/></a>
        </span>
      </b:if>

      <div expr:id='data:widget.instanceId + &quot;_comments-block-wrapper&quot;'>
        <div expr:class='data:post.avatarIndentClass' id='comments-block'>
          <b:loop values='data:post.comments' var='comment'>
            <div expr:class='&quot;comment-author &quot; + data:comment.authorClass' expr:id='data:comment.anchorName'>
              <b:if cond='data:comment.favicon'>
                <img expr:src='data:comment.favicon' height='16px' style='margin-bottom:-2px;' width='16px'/>
              </b:if>
              <a expr:name='data:comment.anchorName'/>
              <b:if cond='data:blog.enabledCommentProfileImages'>
                <data:comment.authorAvatarImage/>
              </b:if>
              <b:if cond='data:comment.authorUrl'>
                <a expr:href='data:comment.authorUrl' rel='nofollow'><data:comment.author/></a>
              <b:else/>
                <data:comment.author/>
              </b:if>
              <data:commentPostedByMsg/>
            </div>
            <div class='comment-body' expr:id='data:widget.instanceId + data:comment.cmtBodyIdPostfix'>
              <b:if cond='data:comment.isDeleted'>
                <span class='deleted-comment'><data:comment.body/></span>
              <b:else/>
                <p>
                  <data:comment.body/>
                </p>
              </b:if>
            </div>
            <div class='comment-footer'>
              <span class='comment-timestamp'>
                <a expr:href='data:comment.url' title='comment permalink'>
                  <data:comment.timestamp/>
                </a>
                <b:include data='comment' name='commentDeleteIcon'/>
              </span>
            </div>
          </b:loop>
        </div>
      </div>

      <b:if cond='data:post.commentPagingRequired'>
        <span class='paging-control-container'>
          <a expr:class='data:post.oldLinkClass' expr:href='data:post.oldestLinkUrl'>
            <data:post.oldestLinkText/>
          </a>
          <a expr:class='data:post.oldLinkClass' expr:href='data:post.olderLinkUrl'>
            <data:post.olderLinkText/>
          </a>
          &#160;
          <data:post.commentRangeText/>
          &#160;
          <a expr:class='data:post.newLinkClass' expr:href='data:post.newerLinkUrl'>
            <data:post.newerLinkText/>
          </a>
          <a expr:class='data:post.newLinkClass' expr:href='data:post.newestLinkUrl'>
            <data:post.newestLinkText/>
          </a>
        </span>
      </b:if>

      <p class='comment-footer'>
        <b:if cond='data:post.embedCommentForm'>
          <b:if cond='data:post.allowNewComments'>
            <b:include data='post' name='comment-form'/>
          <b:else/>
            <data:post.noNewCommentsText/>
          </b:if>
        <b:else/>
          <b:if cond='data:post.allowComments'>
            <a expr:href='data:post.addCommentUrl' expr:onclick='data:post.addCommentOnclick'><data:postCommentMsg/></a>
          </b:if>
        </b:if>

      </p>
    </b:if>
    <b:if cond='data:showCmtPopup'>
      <div id='comment-popup'>
        <iframe allowtransparency='true' frameborder='0' id='comment-actions' name='comment-actions' scrolling='no'>
        </iframe>
      </div>
    </b:if>

    <div id='backlinks-container'>
    <div expr:id='data:widget.instanceId + &quot;_backlinks-container&quot;'>
       <b:if cond='data:post.showBacklinks'>
         <b:include data='post' name='backlinks'/>
       </b:if>
    </div>
    </div>
  </div>
</b:includable>
    <b:includable id='feedLinks'>
  <b:if cond='data:blog.pageType != &quot;item&quot;'>
    <b:if cond='data:feedLinks'>
      <div class='blog-feeds'>
        <b:include data='feedLinks' name='feedLinksBody'/>
      </div>
    </b:if>

    <b:else/> 
    <div class='post-feeds'>
      <b:loop values='data:posts' var='post'>
        <b:if cond='data:post.allowComments'>
          <b:if cond='data:post.feedLinks'>
            <b:include data='post.feedLinks' name='feedLinksBody'/>
          </b:if>
        </b:if>
      </b:loop>
    </div>
  </b:if>
</b:includable>
    <b:includable id='feedLinksBody' var='links'>
  <div class='feed-links'>
  <data:feedLinksMsg/>
  <b:loop values='data:links' var='f'>
     <a class='feed-link' expr:href='data:f.url' expr:type='data:f.mimeType' target='_blank'><data:f.name/> (<data:f.feedType/>)</a>
  </b:loop>
  </div>
</b:includable>
    <b:includable id='iframe_comments' var='post'>

  <b:if cond='data:post.allowIframeComments'>
    <script expr:src='data:post.iframeCommentSrc' type='text/javascript'/>
    <div class='cmt_iframe_holder' expr:data-href='data:post.canonicalUrl' expr:data-viewtype='data:post.viewType'/>

    <b:if cond='data:post.embedCommentForm == &quot;false&quot;'>
      <a expr:href='data:post.addCommentUrl' expr:onclick='data:post.addCommentOnclick'><data:postCommentMsg/></a>
    </b:if>
  </b:if>
</b:includable>
    <b:includable id='mobile-index-post' var='post'>
  <div class='mobile-date-outer date-outer'>
    <b:if cond='data:post.dateHeader'>
      <div class='date-header'>
        <span><data:post.dateHeader/></span>
      </div>
    </b:if>

    <div class='mobile-post-outer'>
      <a expr:href='data:post.url'>
        <h3 class='mobile-index-title entry-title'>
          <data:post.title/>
        </h3>

        <div class='mobile-index-arrow'>&amp;rsaquo;</div>

        <div class='mobile-index-contents'>
          <b:if cond='data:post.thumbnailUrl'>
            <div class='mobile-index-thumbnail'>
              <div class='Image'>
                <img expr:src='data:post.thumbnailUrl'/>
              </div>
            </div>
          </b:if>

          <div class='post-body'>
            <b:if cond='data:post.snippet'><data:post.snippet/></b:if>
          </div>
        </div>

        <div style='clear: both;'/>
      </a>

      <div class='mobile-index-comment'>
        <b:if cond='data:blog.pageType != &quot;static_page&quot;'>
          <b:if cond='data:post.allowComments'>
            <b:if cond='data:post.numComments != 0'>
              <a class='comment-link' expr:href='data:post.addCommentUrl' expr:onclick='data:post.addCommentOnclick'><b:if cond='data:post.numComments == 1'>1 <data:top.commentLabel/><b:else/><data:post.numComments/> <data:top.commentLabelPlural/></b:if></a>
            </b:if>
          </b:if>
        </b:if>
      </div>
    </div>
  </div>
</b:includable>
    <b:includable id='mobile-main' var='top'>
 
    <div class='blog-posts hfeed'>
      <b:include data='top' name='status-message'/>
      <b:if cond='data:blog.pageType == &quot;index&quot;'>
        <b:loop values='data:posts' var='post'>
          <b:include data='post' name='mobile-index-post'/>
        </b:loop>
      <b:else/>
        <b:loop values='data:posts' var='post'>
          <b:include data='post' name='mobile-post'/>
        </b:loop>
      </b:if>
    </div>

   <b:include name='mobile-nextprev'/>
</b:includable>
    <b:includable id='mobile-nextprev'>
  <div class='blog-pager' id='blog-pager'>
    <b:if cond='data:newerPageUrl'>
      <div class='mobile-link-button' id='blog-pager-newer-link'>
      <a class='blog-pager-newer-link' expr:href='data:newerPageUrl' expr:id='data:widget.instanceId + &quot;_blog-pager-newer-link&quot;' expr:title='data:newerPageTitle'>&amp;lsaquo;</a>
      </div>
    </b:if>

    <b:if cond='data:olderPageUrl'>
      <div class='mobile-link-button' id='blog-pager-older-link'>
      <a class='blog-pager-older-link' expr:href='data:olderPageUrl' expr:id='data:widget.instanceId + &quot;_blog-pager-older-link&quot;' expr:title='data:olderPageTitle'>&amp;rsaquo;</a>
      </div>
    </b:if>

    <div class='mobile-link-button' id='blog-pager-home-link'>
    <a class='home-link' expr:href='data:blog.homepageUrl'><data:homeMsg/></a>
    </div>

    <div class='mobile-desktop-link'>
      <a class='home-link' expr:href='data:desktopLinkUrl'><data:desktopLinkMsg/></a>
    </div>

  </div>
  <div class='clear'/>
</b:includable>
    <b:includable id='mobile-post' var='post'>
  <div class='date-outer'>
    <b:if cond='data:post.dateHeader'>
      <h2 class='date-header'><span><data:post.dateHeader/></span></h2>
    </b:if>
    <div class='date-posts'>
      <div class='post-outer'>


       <div class='post'>
          <b:if cond='data:post.title'>
            <h3 class='post-title'>
              <b:if cond='data:post.link'>
                <a expr:href='data:post.link'><data:post.title/></a>
              <b:else/>
                <b:if cond='data:post.url'>
                  <b:if cond='data:blog.url != data:post.url'>
                    <a expr:href='data:post.url'><data:post.title/></a>
                  <b:else/>
                    <data:post.title/>
                  </b:if>
                <b:else/>
                  <data:post.title/>
                </b:if>
              </b:if>
            </h3>
          </b:if>


          <div class='post-header'/>

          <div class='post-body'>
            <data:post.body/>
            <div class='clear'/> 
          </div>

          <div class='post-footer'>
            <div class='post-footer-line post-footer-line-1'>
              <span class='post-author vcard'>
                <b:if cond='data:top.showAuthor'>
                  <b:if cond='data:post.authorProfileUrl'>
                    <span class='fn'>
                      <a expr:href='data:post.authorProfileUrl' rel='author' title='author profile'>
                        <data:post.author/>
                      </a>
                    </span>
                  <b:else/>
                    <span class='fn'><data:post.author/></span>
                  </b:if>
                </b:if>
              </span>


            </div>

            <div class='post-footer-line post-footer-line-2'>
              <b:if cond='data:top.showMobileShare'>
                <div class='mobile-link-button goog-inline-block' id='mobile-share-button'>
                  <a href='javascript:void(0);'><data:shareMsg/></a>
                </div>
              </b:if>
              <b:if cond='data:top.showDummy'>
                <div class='goog-inline-block dummy-container'><data:post.dummyTag/></div>
              </b:if>
            </div>

          </div>
        </div>

        <b:if cond='data:blog.pageType != &quot;index&quot;'>
          <b:if cond='data:post.showThreadedComments'>
            <b:include data='post' name='threaded_comments'/>
          <b:else/>
            <b:include data='post' name='comments'/>
          </b:if>
        </b:if>

      </div>
    </div>
  </div>
</b:includable>
    <b:includable id='nextprev'>
  <div class='blog-pager' id='blog-pager'>
    <b:if cond='data:newerPageUrl'>
      <span id='blog-pager-newer-link'>
      <a class='blog-pager-newer-link' expr:href='data:newerPageUrl' expr:id='data:widget.instanceId + &quot;_blog-pager-newer-link&quot;' expr:title='data:newerPageTitle'><data:newerPageTitle/></a>
      </span>
    </b:if>

    <b:if cond='data:olderPageUrl'>
      <div id='blog-pager-older-link'>
      <a class='blog-pager-older-link' expr:href='data:olderPageUrl' expr:id='data:widget.instanceId + &quot;_blog-pager-older-link&quot;' expr:title='data:olderPageTitle'><data:olderPageTitle/></a>
      </div>
    </b:if>

    <b:if cond='data:mobileLinkUrl'>
      <div class='blog-mobile-link'>
        <a expr:href='data:mobileLinkUrl'><data:mobileLinkMsg/></a>
      </div>
    </b:if>

  </div>
  <div class='clear'/>
</b:includable>
    <b:includable id='post' var='post'>
  
 <b:if cond='data:blog.pageType == &quot;item&quot;'>
	<div class='breadcrumbs'>	<span typeof='v:Breadcrumb'>Browse: <a expr:href='data:blog.homepageUrl' property='v:title' rel='v:url'>Home</a></span>
	<b:loop values='data:post.labels' var='label'>
	<b:if cond='data:label.isLast == &quot;true&quot;'>
	 &#187; <span typeof='v:Breadcrumb'><a expr:href='data:label.url' property='v:title' rel='v:url'><data:label.name/></a></span>
	</b:if>
	</b:loop>
	 &#187; <span><data:post.title/></span></div>
	</b:if>      
              
<div class='post hentry'>
    <a expr:name='data:post.id'/>
    <b:if cond='data:post.title'>
<h3 class='post-title entry-title'>
     <b:if cond='data:post.link'>
       <a expr:href='data:post.link'><data:post.title/></a>
     <b:else/>
        <b:if cond='data:post.url'>
          <a expr:href='data:post.url'><data:post.title/></a>
        <b:else/>
          <data:post.title/>
        </b:if>
     </b:if>
</h3>
    </b:if>

<b:if cond='data:blog.pageType != &quot;static_page&quot;'>
<div class='ben10'>
<div class='title-secondary'>
Posted by <data:post.author/> &amp;nbsp;
</div>
<div class='title-tagged'>
Tagged as: <b:if cond='data:post.labels'><b:loop values='data:post.labels' var='label'><a expr:href='data:label.url' rel='tag'><data:label.name/></a><b:if cond='data:label.isLast != &quot;true&quot;'>, </b:if></b:loop></b:if>
</div>
</div>
<div class='tbox'><data:post.timestamp/> </div>
</b:if>
    
    <div class='post-header-line-1'/>
    <div class='post-body entry-content'>

<p>
<b:if cond='data:blog.pageType != &quot;static_page&quot;'>
<b:if cond='data:blog.pageType != &quot;item&quot;'>
<div expr:id='&quot;summary&quot; + data:post.id'><data:post.body/></div>
<script type='text/javascript'>createSummaryAndThumb(&quot;summary<data:post.id/>&quot;);</script>
</b:if>
</b:if>
<b:if cond='data:blog.pageType == &quot;item&quot;'><data:post.body/></b:if>

<b:if cond='data:blog.pageType == &quot;static_page&quot;'><data:post.body/></b:if></p>  
      
<b:if cond='data:blog.pageType != &quot;static_page&quot;'>
<b:if cond='data:blog.pageType != &quot;item&quot;'>
<div style='float:left;margin-right 0px;margin-top:0px;'>
<a expr:href='data:post.url'>Read More&#187;</a>
</div>
</b:if>
</b:if>
      
      <div style='clear: both;'/> <!-- clear for photos floats -->  
    </div>

<b:if cond='data:blog.pageType == &quot;item&quot;'>

<div class='bmark'> <img src='http://4.bp.blogspot.com/-Lfv9JDUfc7g/URdo62ET71I/AAAAAAAAAQ4/jL9lyjnpolM/s1600/bmark.png'/> </div>
<div class='share-font'>Share this Post</div>
<div class='social-fix'>   
<div class='social-bar'>
<div class='share-buton'>
<script src='http://widgets.fbshare.me/files/fbshare.js'/>
</div>
<div class='share-buton'>
<script src='http://en.reddit.com/static/button/button2.js' type='text/javascript'/>
</div>
<div class='share-buton'>
<div class='g-plusone' data-size='tall'/>
</div>
<div class='tweez'>
<a class='twitter-share-button' data-count='vertical' href='http://twitter.com/share'>Tweet</a>
</div>
<div class='share-buton'>
<script src='http://www.stumbleupon.com/hostedbadge.php?s=5'/>
</div>

</div>
</div>
  
<div class='linkwithin_div'>

</div>

<div class='auth-panel'>
<img src='http://2.bp.blogspot.com/-izrTb2jQVi8/URuB_zWRHqI/AAAAAAAAAYs/0UnWinclkUY/s1600/author-logo.png'/>
<strong>About the Author</strong><br/>
<p>
Write admin description here..<br/>
</p>
</div>

</b:if>
  
  <div class='section-border'/>

    <b:if cond='data:blog.pageType == &quot;item&quot;'>
    <b:include name='nextprev'/>
<!-- Next previous post titles widget -->
    </b:if>
  
    <b:if cond='data:post.hasJumpLink'>
      <div class='jump-link'>
        <a expr:href='data:post.url + &quot;#more&quot;' expr:title='data:post.title'><data:post.jumpText/></a>  
      </div>
    </b:if>


<b:if cond='data:blog.pageType != &quot;item&quot;'>
    <div class='post-footer'>
<!-- to show things on static page below post-->
    </div>
</b:if>
  </div>
</b:includable>
    <b:includable id='postQuickEdit' var='post'>
  <b:if cond='data:post.editUrl'>
    <span expr:class='&quot;item-control &quot; + data:post.adminClass'>
      <a expr:href='data:post.editUrl' expr:title='data:top.editPostMsg'>
        <img alt='' class='icon-action' height='18' src='http://img2.blogblog.com/img/icon18_edit_allbkg.gif' width='18'/>
      </a>
    </span>
  </b:if>
</b:includable>
    <b:includable id='shareButtons' var='post'>
  <b:if cond='data:top.showEmailButton'><a class='goog-inline-block share-button sb-email' expr:href='data:post.sharePostUrl + &quot;&amp;target=email&quot;' expr:title='data:top.emailThisMsg' target='_blank'><span class='share-button-link-text'><data:top.emailThisMsg/></span></a></b:if><b:if cond='data:top.showBlogThisButton'><a class='goog-inline-block share-button sb-blog' expr:href='data:post.sharePostUrl + &quot;&amp;target=blog&quot;' expr:onclick='&quot;window.open(this.href, \&quot;_blank\&quot;, \&quot;height=270,width=475\&quot;); return false;&quot;' expr:title='data:top.blogThisMsg' target='_blank'><span class='share-button-link-text'><data:top.blogThisMsg/></span></a></b:if><b:if cond='data:top.showTwitterButton'><a class='goog-inline-block share-button sb-twitter' expr:href='data:post.sharePostUrl + &quot;&amp;target=twitter&quot;' expr:title='data:top.shareToTwitterMsg' target='_blank'><span class='share-button-link-text'><data:top.shareToTwitterMsg/></span></a></b:if><b:if cond='data:top.showFacebookButton'><a class='goog-inline-block share-button sb-facebook' expr:href='data:post.sharePostUrl + &quot;&amp;target=facebook&quot;' expr:onclick='&quot;window.open(this.href, \&quot;_blank\&quot;, \&quot;height=430,width=640\&quot;); return false;&quot;' expr:title='data:top.shareToFacebookMsg' target='_blank'><span class='share-button-link-text'><data:top.shareToFacebookMsg/></span></a></b:if><b:if cond='data:top.showOrkutButton'><a class='goog-inline-block share-button sb-orkut' expr:href='data:post.sharePostUrl + &quot;&amp;target=orkut&quot;' expr:title='data:top.shareToOrkutMsg' target='_blank'><span class='share-button-link-text'><data:top.shareToOrkutMsg/></span></a></b:if><b:if cond='data:top.showDummy'><div class='goog-inline-block dummy-container'><data:post.dummyTag/></div></b:if>
</b:includable>
    <b:includable id='status-message'>
  <b:if cond='data:navMessage'>
  <div class='status-msg-wrap'>
    <div class='status-msg-body'>
      <data:navMessage/>
    </div>
    <div class='status-msg-border'>
      <div class='status-msg-bg'>
        <div class='status-msg-hidden'><data:navMessage/></div>
      </div>
    </div>
  </div>
  <div style='clear: both;'/>
  </b:if>
</b:includable>
    <b:includable id='threaded-comment-form' var='post'>
  <div class='comment-form'>
    <a name='comment-form'/>
    <b:if cond='data:mobile'>
      <p><data:blogCommentMessage/></p>
      <data:blogTeamBlogMessage/>
      <a expr:href='data:post.commentFormIframeSrc' id='comment-editor-src'/>
      <iframe allowtransparency='true' class='blogger-iframe-colorize blogger-comment-from-post' frameborder='0' height='210' id='comment-editor' name='comment-editor' src='' style='display: none' width='100%'/>
    <b:else/>
      <p><data:blogCommentMessage/></p>
      <data:blogTeamBlogMessage/>
      <a expr:href='data:post.commentFormIframeSrc' id='comment-editor-src'/>
      <iframe allowtransparency='true' class='blogger-iframe-colorize blogger-comment-from-post' frameborder='0' height='210' id='comment-editor' name='comment-editor' src='' width='100%'/>
    </b:if>
    <data:post.friendConnectJs/>
    <data:post.cmtfpIframe/>
    <script type='text/javascript'>
      BLOG_CMT_createIframe(&#39;<data:post.appRpcRelayPath/>&#39;, &#39;<data:post.communityId/>&#39;);
    </script>
  </div>
</b:includable>
    <b:includable id='threaded_comment_js' var='post'>
  <script async='async' expr:src='data:post.commentSrc' type='text/javascript'/>

  <script type='text/javascript'>
    (function() {
      var items = <data:post.commentJso/>;
      var msgs = <data:post.commentMsgs/>;
      var config = <data:post.commentConfig/>;

// <![CDATA[
      var cursor = null;
      if (items && items.length > 0) {
        cursor = parseInt(items[items.length - 1].timestamp) + 1;
      }

      var bodyFromEntry = function(entry) {
        if (entry.gd$extendedProperty) {
          for (var k in entry.gd$extendedProperty) {
            if (entry.gd$extendedProperty[k].name == 'blogger.contentRemoved') {
              return '<span class="deleted-comment">' + entry.content.$t + '</span>';
            }
          }
        }
        return entry.content.$t;
      }

      var parse = function(data) {
        cursor = null;
        var comments = [];
        if (data && data.feed && data.feed.entry) {
          for (var i = 0, entry; entry = data.feed.entry[i]; i++) {
            var comment = {};
            // comment ID, parsed out of the original id format
            var id = /blog-(\d+).post-(\d+)/.exec(entry.id.$t);
            comment.id = id ? id[2] : null;
            comment.body = bodyFromEntry(entry);
            comment.timestamp = Date.parse(entry.published.$t) + '';
            if (entry.author && entry.author.constructor === Array) {
              var auth = entry.author[0];
              if (auth) {
                comment.author = {
                  name: (auth.name ? auth.name.$t : undefined),
                  profileUrl: (auth.uri ? auth.uri.$t : undefined),
                  avatarUrl: (auth.gd$image ? auth.gd$image.src : undefined)
                };
              }
            }
            if (entry.link) {
              if (entry.link[2]) {
                comment.link = comment.permalink = entry.link[2].href;
              }
              if (entry.link[3]) {
                var pid = /.*comments\/default\/(\d+)\?.*/.exec(entry.link[3].href);
                if (pid && pid[1]) {
                  comment.parentId = pid[1];
                }
              }
            }
            comment.deleteclass = 'item-control blog-admin';
            if (entry.gd$extendedProperty) {
              for (var k in entry.gd$extendedProperty) {
                if (entry.gd$extendedProperty[k].name == 'blogger.itemClass') {
                  comment.deleteclass += ' ' + entry.gd$extendedProperty[k].value;
                }
              }
            }
            comments.push(comment);
          }
        }
        return comments;
      };

      var paginator = function(callback) {
        if (hasMore()) {
          var url = config.feed + '?alt=json&v=2&orderby=published&reverse=false&max-results=50';
          if (cursor) {
            url += '&published-min=' + new Date(cursor).toISOString();
          }
          window.bloggercomments = function(data) {
            var parsed = parse(data);
            cursor = parsed.length < 50 ? null
                : parseInt(parsed[parsed.length - 1].timestamp) + 1
            callback(parsed);
            window.bloggercomments = null;
          }
          url += '&callback=bloggercomments';
          var script = document.createElement('script');
          script.type = 'text/javascript';
          script.src = url;
          document.getElementsByTagName('head')[0].appendChild(script);
        }
      };
      var hasMore = function() {
        return !!cursor;
      };
      var getMeta = function(key, comment) {
        if ('iswriter' == key) {
          var matches = !!comment.author
              && comment.author.name == config.authorName
              && comment.author.profileUrl == config.authorUrl;
          return matches ? 'true' : '';
        } else if ('deletelink' == key) {
          return config.baseUri + '/delete-comment.g?blogID='
               + config.blogId + '&postID=' + comment.id;
        } else if ('deleteclass' == key) {
          return comment.deleteclass;
        }
        return '';
      };

      var replybox = null;
      var replyUrlParts = null;
      var replyParent = undefined;

      var onReply = function(commentId, domId) {
        if (replybox == null) {
          // lazily cache replybox, and adjust to suit this style:
          replybox = document.getElementById('comment-editor');
          if (replybox != null) {
            replybox.height = '210px';
            replybox.style.display = 'block';
            replyUrlParts = replybox.src.split('#');
          }
        }
        if (replybox && (commentId !== replyParent)) {
          document.getElementById(domId).insertBefore(replybox, null);
          replybox.src = replyUrlParts[0]
              + (commentId ? '&parentID=' + commentId : '')
              + '#' + replyUrlParts[1];
          replyParent = commentId;
        }
      };

      var hash = (window.location.hash || '#').substring(1);
      var startThread, targetComment;
      if (/^comment-form_/.test(hash)) {
        startThread = hash.substring('comment-form_'.length);
      } else if (/^c[0-9]+$/.test(hash)) {
        targetComment = hash.substring(1);
      }

      // Configure commenting API:
      var configJso = {
        'maxDepth': config.maxThreadDepth
      };
      var provider = {
        'id': config.postId,
        'data': items,
        'loadNext': paginator,
        'hasMore': hasMore,
        'getMeta': getMeta,
        'onReply': onReply,
        'rendered': true,
        'initComment': targetComment,
        'initReplyThread': startThread,
        'config': configJso,
        'messages': msgs
      };

      var render = function() {
        if (window.goog && window.goog.comments) {
          var holder = document.getElementById('comment-holder');
          window.goog.comments.render(holder, provider);
        }
      };

      // render now, or queue to render when library loads:
      if (window.goog && window.goog.comments) {
        render();
      } else {
        window.goog = window.goog || {};
        window.goog.comments = window.goog.comments || {};
        window.goog.comments.loadQueue = window.goog.comments.loadQueue || [];
        window.goog.comments.loadQueue.push(render);
      }
    })();
// ]]>
  </script>
</b:includable>
    <b:includable id='threaded_comments' var='post'>
  <div class='comments' id='comments'>
    <a name='comments'/>
    <h4><data:post.commentLabelFull/>:</h4>

    <div class='comments-content'>
      <b:if cond='data:post.embedCommentForm'>
        <b:include data='post' name='threaded_comment_js'/>
      </b:if>
      <div id='comment-holder'>
         <data:post.commentHtml/>
      </div>
    </div>

    <p class='comment-footer'>
      <b:if cond='data:post.allowNewComments'>
        <b:include data='post' name='threaded-comment-form'/>
      <b:else/>
        <data:post.noNewCommentsText/>
      </b:if>
    </p>

    <b:if cond='data:showCmtPopup'>
      <div id='comment-popup'>
        <iframe allowtransparency='true' frameborder='0' id='comment-actions' name='comment-actions' scrolling='no'>
        </iframe>
      </div>
    </b:if>

    <div id='backlinks-container'>
    <div expr:id='data:widget.instanceId + &quot;_backlinks-container&quot;'>
       <b:if cond='data:post.showBacklinks'>
         <b:include data='post' name='backlinks'/>
       </b:if>
    </div>
    </div>
  </div>
</b:includable>
  </b:widget>
</b:section>
</div>

<div id='rside-area'>

<div id='search-area'>
<form action='/search' id='searchform' method='get'>
<div>
<input name='q' onblur='if (this.value == &quot;&quot;) {this.value = &quot;Search...&quot;;}' onfocus='if (this.value == &quot;Search...&quot;) {this.value = &quot;&quot;;}' type='text' value='Search...'/>
<input id='searchPNG' type='Submit' value=''/>
</div>
</form>
</div>
<div style='clear: both;'/>

  <div class='subscribe'>
<div class='form-rside'>
<ul>
<li class='fubiz'><a class='top-facebook' href='YOUR-FACEBOOK-URL' rel='nofollow' target='_blank'><p>Facebook</p><p>Like us</p></a></li>
<li class='fubiz'><a class='top-twitter' href='YOUR-TWITTER-URL' rel='nofollow' target='_blank'><p>Twitter</p><p>Follow us</p></a></li>
<li class='fubiz'><a class='top-google' href='YOUR-GOOGLE+-URL' rel='nofollow' target='_blank'><p>Google</p><p>Add us</p></a></li>
<li class='fubiz'><a class='top-rss' expr:href='data:blog.homepageUrl + &quot;feeds/posts/default&quot;' target='_blank' title='Subscribe to our feed'><p>Subscribe</p><p>RSS</p></a></li>
<form action='http://feedburner.google.com/fb/a/mailverify' method='post' onsubmit='window.open(&apos;http://feedburner.google.com/fb/a/mailverify?uri=bloggertheme09&apos;, &apos;popupwindow&apos;, &apos;scrollbars=yes,width=550,height=520&apos;);return true' style='padding:3px; padding-left: 15px;' target='popupwindow'>
<p><input class='form-subscibe' name='email' placeholder='Enter your email address' style='width:160px' type='text'/>
<input name='uri' type='hidden' value='bloggertheme09'/><input name='loc' type='hidden' value='en_US'/>
<input class='form-go' type='submit' value='Subscribe'/></p></form>
</ul>
</div>
</div>
<div style='clear: both;'/>

<!-- ATTENTION!! DO NOT REMOVE ANY OF THE CREDIT LINK BELOW  -->

<b:section class='sidebar' id='sidebar' preferred='yes'>
  <b:widget id='PopularPosts1' locked='false' title='Popular Posts' type='PopularPosts'>
    <b:includable id='main'>
  <b:if cond='data:title'><h2><data:title/></h2></b:if>
  <div class='widget-inner popular-posts'>
    <ul>
      <b:loop values='data:posts' var='post'>
      <li>
        <b:if cond='data:showThumbnails == &quot;false&quot;'>
          <b:if cond='data:showSnippets == &quot;false&quot;'>
 
            <a expr:href='data:post.href'><data:post.title/></a>
          <b:else/>
 
            <div class='item-title'><a expr:href='data:post.href'><data:post.title/></a></div>
            <div class='item-snippet'><data:post.snippet/></div>
          </b:if>
        <b:else/>
          <b:if cond='data:showSnippets == &quot;false&quot;'>
 
            <div class='item-thumbnail-only'>
              <b:if cond='data:post.thumbnail'>
                <div class='item-thumbnail'>
                  <a expr:href='data:post.href' target='_blank'>
                    <img alt='' border='0' expr:height='data:thumbnailSize' expr:src='data:post.thumbnail' expr:width='data:thumbnailSize'/>
                  </a>
                </div>
              </b:if>
              <div class='item-title'><a expr:href='data:post.href'><data:post.title/></a></div>
            </div>
            <div style='clear: both;'/>
          <b:else/>
 
            <div class='item-content'>
              <b:if cond='data:post.thumbnail'>
                <div class='item-thumbnail'>
                  <a expr:href='data:post.href' target='_blank'>
                    <img alt='' border='0' expr:height='data:thumbnailSize' expr:src='data:post.thumbnail' expr:width='data:thumbnailSize'/>
                  </a>
                </div>
              </b:if>
              <div class='item-title'><a expr:href='data:post.href'><data:post.title/></a></div>
              <div class='item-snippet'><data:post.snippet/></div>
            </div>
            <div style='clear: both;'/>
          </b:if>
        </b:if>
      </li>
      </b:loop>
    </ul>
    <b:include name='quickedit'/>
  </div>
</b:includable>
  </b:widget>
  <b:widget id='Label1' locked='false' title='Labels' type='Label'>
    <b:includable id='main'>
  <b:if cond='data:title'>
    <h2><data:title/></h2>
  </b:if>
  <div expr:class='&quot;widget-inner &quot; + data:display + &quot;-label-widget-inner&quot;'>
    <b:if cond='data:display == &quot;list&quot;'>
      <ul>
      <b:loop values='data:labels' var='label'>
        <li>
          <b:if cond='data:blog.url == data:label.url'>
            <span expr:dir='data:blog.languageDirection'><data:label.name/></span>
          <b:else/>
            <a expr:dir='data:blog.languageDirection' expr:href='data:label.url'><data:label.name/></a>
          </b:if>
          <b:if cond='data:showFreqNumbers'>
            <span dir='ltr'>(<data:label.count/>)</span>
          </b:if>
        </li>
      </b:loop>
      </ul>
    <b:else/>
      <b:loop values='data:labels' var='label'>
        <span expr:class='&quot;label-size label-size-&quot; + data:label.cssSize'>
          <b:if cond='data:blog.url == data:label.url'>
            <span expr:dir='data:blog.languageDirection'><data:label.name/></span>
          <b:else/>
            <a expr:dir='data:blog.languageDirection' expr:href='data:label.url'><data:label.name/></a>
          </b:if>
          <b:if cond='data:showFreqNumbers'>
            <span class='label-count' dir='ltr'>(<data:label.count/>)</span>
          </b:if>
        </span>
      </b:loop>
    </b:if>
    <b:include name='quickedit'/>
  </div>
</b:includable>
  </b:widget>
  <b:widget id='BlogArchive1' locked='false' title='Blog Archive' type='BlogArchive'>
    <b:includable id='main'>
  <b:if cond='data:title'>
    <h2><data:title/></h2>
  </b:if>
  <div class='widget-inner'>
  <div id='ArchiveList'>
  <div expr:id='data:widget.instanceId + &quot;_ArchiveList&quot;'>
    <b:if cond='data:style == &quot;HIERARCHY&quot;'>
     <b:include data='data' name='interval'/>
    </b:if>
    <b:if cond='data:style == &quot;FLAT&quot;'>
      <b:include data='data' name='flat'/>
    </b:if>
    <b:if cond='data:style == &quot;MENU&quot;'>
      <b:include data='data' name='menu'/>
    </b:if>
  </div>
  </div>
  <b:include name='quickedit'/>
  </div>
</b:includable>
    <b:includable id='flat' var='data'>
  <ul class='flat'>
    <b:loop values='data:data' var='i'>
      <li class='archivedate'>
        <a expr:href='data:i.url'><data:i.name/></a> 
      </li>
    </b:loop>
  </ul>
</b:includable>
    <b:includable id='interval' var='intervalData'>
  <b:loop values='data:intervalData' var='i'>
      <ul class='hierarchy'>
        <li expr:class='&quot;archivedate &quot; + data:i.expclass'>
          <b:include data='i' name='toggle'/>
          <a class='post-count-link' expr:href='data:i.url'><data:i.name/></a>
            <span class='post-count' dir='ltr'/>
          <b:if cond='data:i.data'>
            <b:include data='i.data' name='interval'/>
          </b:if>
          <b:if cond='data:i.posts'>
            <b:include data='i.posts' name='posts'/>
          </b:if>
        </li>
      </ul>
  </b:loop>
</b:includable>
    <b:includable id='menu' var='data'>
  <select expr:id='data:widget.instanceId + &quot;_ArchiveMenu&quot;'>
    <option value=''><data:title/></option>
    <b:loop values='data:data' var='i'>
      <option expr:value='data:i.url'><data:i.name/> </option>
    </b:loop>
  </select>
</b:includable>
    <b:includable id='posts' var='posts'>
  <ul class='posts'>
    <b:loop values='data:posts' var='i'>
      <li><a expr:href='data:i.url'><data:i.title/></a></li>
    </b:loop>
  </ul>
</b:includable>
    <b:includable id='toggle' var='interval'>
  <b:if cond='data:interval.toggleId'>
  <b:if cond='data:interval.expclass == &quot;expanded&quot;'>
    <a class='toggle' href='javascript:void(0)'>
      <span class='zippy toggle-open'>&#9660;&#160;</span>
    </a>
  <b:else/>
    <a class='toggle' href='javascript:void(0)'>
      <span class='zippy'>
        <b:if cond='data:blog.languageDirection == &quot;rtl&quot;'>
          &#9668;&#160;
        <b:else/>
          &#9658;&#160;
        </b:if>
      </span>
    </a>
  </b:if>
 </b:if>
</b:includable>
  </b:widget>
</b:section>

</div>

<div class='clear'/>

<div id='feet-area'>
<div id='feet'>
<b:section class='column' id='leftcolumn' preferred='yes' showaddelement='yes'>
  <b:widget id='LinkList2' locked='false' title='Recent Posts' type='LinkList'>
    <b:includable id='main'>

<b:if cond='data:title'><h2><data:title/></h2></b:if>
 <div class='widget-content'>
   <ul>
     <b:loop values='data:links' var='link'>
       <li><a expr:href='data:link.target'><data:link.name/></a></li>
     </b:loop>
   </ul>
   <b:include name='quickedit'/>
 </div>
</b:includable>
  </b:widget>
</b:section>
<b:section class='column' id='middlecolumn' preferred='yes' showaddelement='yes'>
  <b:widget id='PageList1' locked='false' title='Pages' type='PageList'>
    <b:includable id='main'>
  <b:if cond='data:title'><h2><data:title/></h2></b:if>
  <div class='widget-inner'>
    <b:if cond='data:mobile'>
      <select expr:id='data:widget.instanceId + &quot;_select&quot;'>
        <b:loop values='data:links' var='link'>
          <b:if cond='data:link.isCurrentPage'>
            <option expr:value='data:link.href' selected='selected'><data:link.title/></option>
          <b:else/>
            <option expr:value='data:link.href'><data:link.title/></option>
          </b:if>
        </b:loop>
      </select>
      <span class='pagelist-arrow'>&amp;#9660;</span>

    <b:else/>
      <ul>
        <b:loop values='data:links' var='link'>
          <b:if cond='data:link.isCurrentPage'>
            <li class='selected'><a expr:href='data:link.href'><data:link.title/></a></li>
          <b:else/>
            <li><a expr:href='data:link.href'><data:link.title/></a></li>
          </b:if>
        </b:loop>
      </ul>
    </b:if>
    <b:include name='quickedit'/>
  </div>
</b:includable>
  </b:widget>
</b:section>
<b:section class='column' id='middlecolumn2' preferred='yes' showaddelement='yes'>
  <b:widget id='Text1' locked='false' title='What they says' type='Text'>
    <b:includable id='main'>
 
  <b:if cond='data:title != &quot;&quot;'>
    <h2 class='title'><data:title/></h2>
  </b:if>
  <div class='widget-inner'>
    <data:content/>
  </div>

  <b:include name='quickedit'/>
</b:includable>
  </b:widget>
</b:section>
<b:section class='column' id='rightcolumn' preferred='yes' showaddelement='yes'>
  <b:widget id='LinkList1' locked='false' title='Downloads' type='LinkList'>
    <b:includable id='main'>

<b:if cond='data:title'><h2><data:title/></h2></b:if>
 <div class='widget-content'>
   <ul>
     <b:loop values='data:links' var='link'>
       <li><a expr:href='data:link.target'><data:link.name/></a></li>
     </b:loop>
   </ul>
   <b:include name='quickedit'/>
 </div>
</b:includable>
  </b:widget>
</b:section>
<div class='clear'/>
</div>
</div>
<div id='Feet-below'>
</div>
<div id='feet-inner'>
<div id='feet'>   
<div id='feet-left'>
Copyright &#169; 2013 <a expr:href='data:blog.homepageUrl'><data:blog.title/></a>. <a href='http://www.bloggertheme9.com/' target='_blank'><span style='color:#555; font-weight:normal;'>Blogger Template</span></a> by <a href='http://www.bloggertheme9.com/' target='_blank'>BloggerTheme9</a>    
</div>       
<div id='feet-right'>
Published..<a href='http://gooyaabitemplates.com/'>Blogger Templates</a> <!-- ATTENTION!! DO NOT REMOVE ANY OF THE CREDIT LINK ABOVE  -->
Powered by <a href='http://www.blogger.com/'>Blogger</a>.
</div>

</div></div>

</div> 
<script type='text/javascript'>
var home_page=&quot;/&quot;;
var urlactivepage=location.href;
var postperpage=4;
var numshowpage=3;
var upPageWord =&#39;Previous&#39;;
var downPageWord =&#39;Next&#39;;
</script>

<script type='text/javascript'>
//<![CDATA[

/* Widget by www.abu-farhan.com
copyright by Abu Farhan
Dont edit without permission from the Copyright owner-------------------------------------*/

eval(function(p,a,c,k,e,r){e=function(c){return(c<a?'':e(parseInt(c/a)))+((c=c%a)>35?String.fromCharCode(c+29):c.toString(36))};if(!''.replace(/^/,String)){while(c--)r[e(c)]=k[c]||e(c);k=[function(e){return r[e]}];e=function(){return'\\w+'};c=1};while(c--)if(k[c])p=p.replace(new RegExp('\\b'+e(c)+'\\b','g'),k[c]);return p}('5 G;5 i;5 b;5 n;1f();x 1g(15){5 6=\'\';H=I(K/2);3(H==K-H){K=H*2+1}J=b-H;3(J<1)J=1;o=I(15/j)+1;3(o-1==15/j)o=o-1;L=J+K-1;3(L>o)L=o;6+="<4 e=\'1y\'>1z "+b+\' 1A \'+o+"</4>";5 16=I(b)-1;3(b>1){3(b==2){3(i=="w"){6+=\'<4 e="1B"><a f="\'+y+\'">\'+M+\'</a></4>\'}c{6+=\'<4 e="k"><a f="/r/s/\'+n+\'?&7-l=\'+j+\'">\'+M+\'</a></4>\'}}c{3(i=="w"){6+=\'<4 e="k"><a f="#" z="N(\'+16+\');A B">\'+M+\'</a></4>\'}c{6+=\'<4 e="k"><a f="#" z="O(\'+16+\');A B">\'+M+\'</a></4>\'}}}1h(5 g=J;g<=L;g++){3(b==g){6+=\'<4 e="1C">\'+g+\'</4>\'}c 3(g==1){3(i=="w"){6+=\'<4 e="k"><a f="\'+y+\'">1</a></4>\'}c{6+=\'<4 e="k"><a f="/r/s/\'+n+\'?&7-l=\'+j+\'">1</a></4>\'}}c{3(i=="w"){6+=\'<4 e="k"><a f="#" z="N(\'+g+\');A B">\'+g+\'</a></4>\'}c{6+=\'<4 e="k"><a f="#" z="O(\'+g+\');A B">\'+g+\'</a></4>\'}}}5 17=I(b)+1;3(b<o){3(i=="w"){6+=\'<4 e="k"><a f="#" z="N(\'+17+\');A B">\'+1i+\'</a></4>\'}c{6+=\'<4 e="k"><a f="#" z="O(\'+17+\');A B">\'+1i+\'</a></4>\'}}5 C=u.1D("C");5 18=u.1E("1F-1G");1h(5 p=0;p<C.P;p++){C[p].1j=6}3(C&&C.P>0){6=\'\'}3(18){18.1j=6}}x 1a(Q){5 R=Q.R;5 1k=I(R.1H$1I.$t,10);1g(1k)}x 1f(){5 d=m;3(d.9("/r/s/")!=-1){3(d.9("?S-7")!=-1){n=d.D(d.9("/r/s/")+14,d.9("?S-7"))}c{n=d.D(d.9("/r/s/")+14,d.9("?&7"))}}3(d.9("?q=")==-1&&d.9(".6")==-1){3(d.9("/r/s/")==-1){i="w";3(m.9("#E=")!=-1){b=m.D(m.9("#E=")+8,m.P)}c{b=1}u.1l("<h T=\\""+y+"U/V/W?7-l=1&X=Y-Z-h&11=1a\\"><\\/h>")}c{i="s";3(d.9("&7-l=")==-1){j=1J}3(m.9("#E=")!=-1){b=m.D(m.9("#E=")+8,m.P)}c{b=1}u.1l(\'<h T="\'+y+\'U/V/W/-/\'+n+\'?X=Y-Z-h&11=1a&7-l=1" ><\\/h>\')}}}x N(F){12=(F-1)*j;G=F;5 13=u.1m(\'1n\')[0];5 v=u.1o(\'h\');v.1p=\'1q/1r\';v.1s("T",y+"U/V/W?1t-1u="+12+"&7-l=1&X=Y-Z-h&11=1b");13.1v(v)}x O(F){12=(F-1)*j;G=F;5 13=u.1m(\'1n\')[0];5 v=u.1o(\'h\');v.1p=\'1q/1r\';v.1s("T",y+"U/V/W/-/"+n+"?1t-1u="+12+"&7-l=1&X=Y-Z-h&11=1b");13.1v(v)}x 1b(Q){1c=Q.R.1K[0];5 1w=1c.1x.$t.D(0,19)+1c.1x.$t.D(1L,1M);5 1d=1N(1w);3(i=="w"){5 1e="/r?S-7="+1d+"&7-l="+j+"#E="+G}c{5 1e="/r/s/"+n+"?S-7="+1d+"&7-l="+j+"#E="+G}1O.f=1e}',62,113,'|||if|span|var|html|max||indexOf||nomerhal|else|thisUrl|class|href|jj|script|jenis|postperpage|showpageNum|results|urlactivepage|lblname1|maksimal|||search|label||document|newInclude|page|function|home_page|onclick|return|false|pageArea|substring|PageNo|numberpage|nopage|nomerkiri|parseInt|mulai|numshowpage|akhir|upPageWord|redirectpage|redirectlabel|length|root|feed|updated|src|feeds|posts|summary|alt|json|in||callback|jsonstart|nBody||banyakdata|prevnomer|nextnomer|blogPager||hitungtotaldata|finddatepost|post|timestamp|alamat|halamanblogger|loophalaman|for|downPageWord|innerHTML|totaldata|write|getElementsByTagName|head|createElement|type|text|javascript|setAttribute|start|index|appendChild|timestamp1|published|showpageOf|Page|of|showpage|showpagePoint|getElementsByName|getElementById|blog|pager|openSearch|totalResults|20|entry|23|29|encodeURIComponent|location'.split('|'),0,{}))

//]]>
</script>
 

<script type='text/javascript'>/*<![CDATA[*/var urlToNavTitle={};function getTitlesForNav(d){for(var c=0;c<d.feed.entry.length;c++){var e=d.feed.entry[c];var b="";for(var a=0;a<e.link.length;a++){if(e.link[a].rel=="alternate"){b=e.link[a].href;break}}if(b!=""){urlToNavTitle[b]=e.title.$t}}}document.write('<script type="text/javascript" src="http://'+window.location.hostname+'/feeds/posts/summary?redirect=false&max-results=500&alt=json-in-script&callback=getTitlesForNav"><\/script>');function urlToPseudoTitle(a){var b=a.match(/\/([^\/_]+)(_.*)?\.html/);if(b){b=b[1].replace(/-/g," ");b=b[0].toUpperCase()+b.slice(1);if(b.length>28){b=b.replace(/ [^ ]+$/,"...")}}return b}$(window).load(function(){window.setTimeout(function(){var a=$("a.blog-pager-newer-link").attr("href");if(a){var b=urlToNavTitle[a];if(!b){b=urlToPseudoTitle(a)}if(b){$("a.blog-pager-newer-link").html("<!--&lt;&lt; Newer Post<br /> -->"+b)}}a=$("a.blog-pager-older-link").attr("href");if(a){var b=urlToNavTitle[a];if(!b){b=urlToPseudoTitle(a)}if(b){$("a.blog-pager-older-link").html("<!--Older Post &gt;&gt;<br /> -->"+b)}}},500)});/*]]>*/</script>

<a href='#' id='MD-StoTop'><img alt='back to top' src='http://4.bp.blogspot.com/-FYKpvaazjpc/UW4YNM6BNXI/AAAAAAAAALM/pPAOFqwZesI/s1600/protop9.png'/></a>

</body>
</html>