<?xml version="1.0" encoding="UTF-8" ?>
<!DOCTYPE html PUBLIC "-//W3C//DTD XHTML 1.0 Strict//EN" "http://www.w3.org/TR/xhtml1/DTD/xhtml1-strict.dtd">
<html expr:dir='data:blog.languageDirection' xmlns='http://www.w3.org/1999/xhtml' xmlns:b='http://www.google.com/2005/gml/b' xmlns:data='http://www.google.com/2005/gml/data' xmlns:expr='http://www.google.com/2005/gml/expr'>
  <head>

<link href='http://fonts.googleapis.com/css?family=Open+Sans:300italic,400italic,600italic,700italic,800italic,400,800,700,600,300' rel='stylesheet' type='text/css'/>
<script src='https://ajax.googleapis.com/ajax/libs/jquery/1.5.1/jquery.min.js' type='text/javascript'/>
<b:include data='blog' name='all-head-content'/>
<b:if cond='data:blog.url == data:blog.homepageUrl'>
</b:if>
<b:if cond='data:blog.pageType == &quot;index&quot;'>
<title><data:blog.pageTitle/></title> 
<b:else/>
<title><data:blog.pageName/> ~ <data:blog.title/></title>
</b:if>

    <b:skin><![CDATA[/*
-----------------------------------------------
Blogger Template Style
Name:   Pakistan Mag
Author: Syed Faizan Ali
URL 1:  http://www.templateism.com
URL 2:  http://www.mybloggerlab.com
Date:   May 2012
License:  This free Blogger template is licensed under the Creative Commons Attribution 3.0 License, which permits both personal and commercial use.
However, to satisfy the 'attribution' clause of the license, you are required to keep the footer links intact which provides due credit to its authors. For more specific details about the license, you may visit the URL below:
http://creativecommons.org/licenses/by/3.0/
----------------------------------------------- */

body#layout ul{list-style-type:none;list-style:none}
body#layout ul li{list-style-type:none;list-style:none}
body#layout .Blog .widget-content {
height: 16em;
margin-top: -110px;
}

body{background: url(http://1.bp.blogspot.com/-92vg4bVZxiI/Ua0AWRHHiSI/AAAAAAAABS0/eq529NhgA28/s1600/Bgblue.png) repeat-x;
background-color: #d5edf1;color:#777777;font-family: 'Open Sans', Helvetica, Arial, sans-serif;font-size: 13px;margin:0px;padding:0px;}
a:link,a:visited{color:#8fa82e;text-decoration:none;outline:none;}
a:hover{color:#8fa82e;text-decoration:none;outline:none;}
a img{border-width:0}
#body-wrapper{margin:0px;padding:0px;}
/* Header-----------------------------------------------*/
#header-wrapper{
margin: 0px auto 0px;
padding: 20px 0px 15px 0px;
overflow: hidden;
background: url('http://charismaticmedia.com/themes/7lifes/green/images/header/header-bg.jpg') repeat-x;
position: relative;
margin-top: 90px;
border-bottom: 1px solid #dddddd;
}
#header-inner{background-position:center;margin-left:auto;margin-right:auto}
#header{margin: 0;
border: 0 solid #cccccc;
color: #666666;
float: left;
overflow: hidden;
margin-left: 30px;
padding-right: 10px;
border-right: 1px solid #cccccc;
padding-top: 13px;
padding-bottom: 2px;}
#header h1{color: #b3ca5e;
margin: 0 5px 0;
padding: 0px 0px 0px 0px;
font-size: 22px;
line-height: 15px;
font-style: italic;
font-weight: 700;}
#header .description{padding-left:7px;color:#374142;line-height:14px;font-size:14px;padding-top:0px;margin-top:10px;font-family:Arial,Helvetica,Sans-serif;}
#header h1 a,#header h1 a:visited{color:#b3ca5e;text-decoration:none}
#header h2{padding-left:5px;color:#374142;font:14px Arial,Helvetica,Sans-serif}
#header2{float:right;width:51%;margin-right:0px;padding-right:0px;overflow:hidden;}
#header2 .widget{padding:0px 0px 0px 0px;float:right}
/* Outer-Wrapper----------------------------------------------- */
#outer-wrapper{margin: 0px auto 0px;
padding: 0px;
background: #fff;
width: 1005px;
border-left: 1px solid #ddd;
border-right: 1px solid #ddd;
}
#content-wrapper{background:#fff;padding:15px; padding-left: 20px;
}
#main-wrapper{width:615px;float:left;margin:0px;padding:0px 0px 0px 0px;word-wrap:break-word;overflow:hidden; background:#fff;}
#rsidebar-wrapper{width:310px;float:right;margin:0px;padding:0px 0px 0px 0px;word-wrap:break-word; background:#fff;}
/* Headings----------------------------------------------- */
h2{}
/* Posts-----------------------------------------------*/
h2.date-header{margin:1.5em 0 .5em;display:none;}
#wrap2 {
background: #FFFFFF;
}
.wrapfullpost{}
.post{margin-bottom:15px;}
.post-title{color:#333333;margin:0 0 10px 0;padding:0;font-family:Arial,Helvetica,Sans-serif;font-size:24px;line-height:24px;font-weight:bold;}
.post-title a,.post-title a:visited,.post-title strong{display:block;text-decoration:none;color:#333333;text-decoration:none;}
.post-title strong,.post-title a:hover{color:#8fa82e;text-decoration:none;}
.post-body{margin: 0px;
padding: 0px 10px 0px 0px;
font-size: 14px;
line-height: 22px;
color: #444444;}
.post-footer{margin:5px 0;}
.comment-link{margin-$startSide:.6em}
/* Sidebar Content----------------------------------------------- */
.sidebar{margin:0 0 10px 0;font-size:13px;color:#374142;}
.sidebar a{text-decoration:none;color:#374142;}
.sidebar a:hover{text-decoration:none;color:#8fa82e;}
.sidebar h2{ font-size: 18px;
text-transform: uppercase;
border-bottom: 1px solid #dddddd;
color: #444444;
padding: 0 0 15px 0;
margin: 0 0 20px 0;}
.sidebar ul{list-style-type:none;list-style:none;margin:0px;padding:0px;}
.sidebar ul li{padding:0 0 9px 0;margin:0 0 8px 0;}
.sidebar .widget{margin: 0 0 15px 0;
padding: 0;
color: #374142;
font-size: 13px;
margin-bottom: 50px;}
.main .widget{margin:0 0 5px;padding:0 0 2px}
.main .Blog{border-bottom-width:0}
/* FOOTER ----------------------------------------------- */
#copyrights{background: #b5cb61;
text-align: left;
padding: 20px 0;
color: #533b30;
text-shadow: none;}
#copyrights a{color:#374142}
#copyrights a:hover{color:#374142;text-decoration:none}
#credits{color:#777;text-align:center;font-size:11px;padding:10px 0 0 0}
#credits a{color:#777;text-decoration:none}
#credits a:hover{text-decoration:none;color:#777}
.crelink {float:right;text-align:right;}
#footer-widgets{background:#b5cb61;padding:20px 0 0 0;}
.footer-widget-box{width:300px;float:left;margin-left:15px}
.footer-widget-box-last{}
#footer-widgets .widget-container{color:#374142;}
#footer-widgets .widget-container a{text-decoration:none;color:#374142;}
#footer-widgets .widget-container a:hover{text-decoration:none;color:#111;}
#footer-widgets h2{text-shadow: none;
color: #533b30;
font-size: 21px;
text-transform: uppercase;
border-bottom: 1px solid #533b30;
padding-bottom: 15px;}
#footer-widgets .widget ul{list-style-type:none;list-style:none;margin:0px;padding:0px;}
#footer-widgets .widget ul li{padding:0 0 9px 0;margin:0 0 8px 0;}
.footersec {}
.footersec .widget{margin-bottom:20px;}
.footersec ul{}
.footersec ul li{}
/* Search ----------------------------------------------- */
#search {
float: right;
padding: 5px;
padding-top: 2px;
padding-right: 20px;
padding-bottom: 0px;
}

#buttonsinput:hover { }

#buttonsinput {
border: 1px solid #ddd;
height: 37px;
font-family: 'Open Sans', Helvetica, Arial, sans-serif;
}

#s {
border: 1px solid #ddd;
height: 28px;
font-family: 'Open Sans', Helvetica, Arial, sans-serif;
color: #666666;
padding: 4px;
}
/* Comments----------------------------------------------- */
#comments {
background-color: #fff;
padding-top: 20px;
border-top: 1px solid #ddd;
}
#comments h4 {
display:inline;
line-height:40px;
padding:10px;
}
.comments .continue a {
background:#0d86cc;
text-align:center;
padding:10px 0;
display:none;
}
#comments h4,.comments .continue a {
line-height: 30px;
margin: 0;
padding: 20px 0 14px 10px;
font-size: 18px!important;
text-transform: uppercase;
font-weight: 400!important;
color: #444;
}
.comments .user a {
color: #444!important;
font-size: 18px;
line-height: 25px;
text-transform: capitalize;
margin-top: 20px;
font-weight: 600;
padding-left: 15px;
}
#comments .avatar-image-container img {
border: 1px solid #ddd;
}
}
.comment-thread {
color:#111;
}
.comment-thread a {
color:#777;
}
.comment-thread ol {
margin:0 0 20px;
}
.comment-thread .comment-content a,.comments .user a,.comments .comment-thread.inline-thread .user a {
color:#000;
}
.comments .avatar-image-container{overflow: visible;}

.comments .avatar-image-container,.comments .avatar-image-container img {
width:48px;
max-width:40px;
height:40px;
max-height:48px;
background:#FFF;
float:left;
border-radius:50%;
-moz-border-radius:50%;
margin:0 10px 0 0;
}
.comments .comment-block,.comments .comments-content .comment-replies,.comments .comment-replybox-single {
margin-left:60px;
width:490px;
}
.comments .comment-block,.comments .comment-thread.inline-thread .comment {
border:1px solid #ddd;
background:#fff;
background-color:#fff;
padding:10px;
padding-right:0px;
padding-left: 0px;
}

.comment-header {
border-bottom: 1px solid #ddd;
padding-bottom: 10px;
}

.thread-chrome.thread-expanded .comment-header {
width: 412px;
margin-left: 15px;
}

.comments .comments-content .comment {
width:100%;
line-height:1em;
font-size:13px;
margin:15px 0 0;
padding:0;
}

.comments .comments-content .comment-content {
text-align: justify;
line-height: 22px;
overflow: hidden;
}

.thread-chrome.thread-expanded .comment-content {
width: 380px;
line-height: 22px;
overflow:hidden
}

.comments .comment-thread.inline-thread .comment-actions {
display: none;
}

.item-control.blog-admin {
display: none;
}

.comments .comments-content .datetime {
cursor: pointer;
float: right;
padding-top: 6px;
padding-right: 20px;
}

.comment-actions {
background: #f2f2f2;
padding: 8px;
margin-left: 435px;
border: 1px solid #ddd;
border-right: 0px;
border-bottom: 0px;
float: right;
margin-top: -20px;
}

.comments .comments-content .icon.blog-author {
display: inline-block;
height: 18px;
margin: 0 0 -4px 6px;
width: 18px;
background-image: url(http://3.bp.blogspot.com/-oXtMYI4_PL4/UbCYKeISeSI/AAAAAAAABWk/Zx8WKou8CkU/s1600/Verificon.png);
}
.icon.user {
background: url(http://4.bp.blogspot.com/-IWb4aHUGy9Y/UbCY5Le708I/AAAAAAAABWs/7quaLpItlhM/s1600/online.png) no-repeat;
height: 12px;
width: 16px;
display: inline-block;
margin: 0 0 -4px 6px;
}

.comments .comments-content .comment-replies {
margin-top:0;
}
.comments .comment-content {
line-height: 1.4em;
padding: 15px;
}
.comments .comment-thread.inline-thread {
padding-left: 0px;
}
.comments .comment-thread.inline-thread .comment {
width:auto;
}
.comments .comment-thread.inline-thread .comment:after {
content:"";
position:absolute;
top:10px;
left:-20px;
border-top:1px solid #d2d2d2;
width:10px;
height:0;
}
.comments .comment-thread.inline-thread .comment .comment-block {
border:0;
background:transparent;
padding:0;
}
.comments .comment-thread.inline-thread .comment-block {
margin-left:48px;
}
.comments .comment-thread.inline-thread .user a {
font-size:13px;
margin: 0px;
padding: 0px;
}

.comments .comment-thread.inline-thread .avatar-image-container,.comments .comment-thread.inline-thread .avatar-image-container img {
width:36px;
max-width:36px;
height:36px;
max-height:36px;
margin-left: 5px;
}
.comments .continue {
border-top:0;
width:100%;
}
#comment-editor {
width:98%!important;
}
.comment-form {
width:100%;
max-width:100%;
}
#blog-pager-newer-link{float:$startSide}
#blog-pager-older-link{float:$endSide}
#blog-pager{text-align:center}
.feed-links{clear:both;line-height:2.5em;display: none;}
/* Profile ----------------------------------------------- */
.profile-img{float:$startSide;margin-top:0;margin-$endSide:5px;margin-bottom:5px;margin-$startSide:0;padding:4px;border:1px solid $bordercolor}
.profile-data{margin:0;text-transform:uppercase;letter-spacing:.1em;font:$postfooterfont;color:$sidebarcolor;font-weight:bold;line-height:1.6em}
.profile-datablock{margin:.5em 0 .5em}
.profile-textblock{margin:0.5em 0;line-height:1.6em}
.avatar-image-container{background:url(http://1.bp.blogspot.com/-cewCXF9l764/UC7eon7rxXI/AAAAAAAAAww/gDiPoSuhivM/s000/comment-avatar.jpg);width:32px;height:32px;float:right;margin:5px 10px 5px 5px;}
.avatar-image-container img{width:32px;height:32px;}
.profile-link{font:$postfooterfont;text-transform:uppercase;letter-spacing:.1em}
#navbar-iframe{height:0;visibility:hidden;display:none;}

#site-description {
float: left;
padding: 12px;
font-family: 'Open Sans', Helvetica, Arial, sans-serif;
font-size: 13px;
}

ul.rightmenu li {
float: left;
display: block;
padding: 10px;
margin-left: 10px;
border-radius: 5px;
font-weight: 400;
font-size: 14px;
text-transform: uppercase;
font-family: 'Open Sans', Helvetica, Arial, sans-serif;
}

.rightmenu {
margin: 0px;
padding: 0px;
float: left;
margin-top: 4px;
width: 100%;
background: #fff;
border-bottom: 1px solid #dddddd;
}


ul.rightmenu a {
color:#666666;
text-decoration:none;
}

ul.rightmenu a:hover {
color:#b5cb61;
text-decoration:none;
}

.rightmenu {
float: left;
margin-top: 4px;
margin-bottom: 18px;
width: 100%;
border-bottom: 1px solid #dddddd;
}

#footer-bac {
clear: both;
overflow: auto;
padding-top: 82px;
padding-right: 0px;
padding-bottom: 0px;
padding-left: 0px;
background-image: url(http://3.bp.blogspot.com/--hILg8J8Vyk/UbCWHShD_ZI/AAAAAAAABWM/2kaPAx5Qrjc/s1600/herbe.gif);
background-repeat: repeat-x;
overflow: auto;
margin-right: 0;
margin-left: 0;
margin-bottom: -2px;
margin-top: -50px;
}

#footer-wrap, .menu-wrapper, #copyrights-wrap, .flagwarp {
width: 980px;
margin: auto;
}

#copyrights-wrap {
padding-left: 20px;
}

#body-wrappers {
width: 100%;
height: 120px;
margin-top: 0px;
background: url(http://3.bp.blogspot.com/-sT3Bmg8bhLY/UazkmlbOLPI/AAAAAAAABSo/D095VuZ63Y0/s1600/Flag.png) repeat-x;
z-index: 7;
position: absolute;
}

.contento {
float: right;
width: 370px;
padding: 10px;
text-align: justify;
font-size: 13px;
line-height: 24px;
}

.icon-action { display: none;
}

.showpageArea a {
text-decoration:underline;
}
.showpageNum a:hover {
border:1px solid #cdcdcd;
background-color:#fff;
}
.showpagePoint {
color:#fff;
text-decoration:none;
border:1px solid #cdcdcd;
background:#8fa82e;
font-size:15px;
margin:0 3px;
padding:4px 10px;
}
.showpageOf {
text-decoration:none;
font-size:15px margin: 0 3px;
display:none;
margin:0 3px 0 0;
padding:3px;
}
.showpage a:hover {
text-decoration:none;
}
.showpageNum a:link,.showpage a:link {
text-decoration:none;
color:#333;
background-color:#fff;
}
.showpageNum {
margin:0 3px;
}

.showpageNum a,.showpage a {
text-decoration:none;
border:1px solid #cdcdcd;
font-size:15px;
padding:4px 10px;
}


.rthumbbig img {
height: 130px;
width: 187px;
border: 1px solid #ddd;
}
.rthumbbig h2 {
font-weight: 400;
font-size: 14px;
text-transform: capitalize;
line-height: 23px;
color: #444444;
padding:0!important;
background:none!important;
border: 0px!important;
}
.rthumbbig h2 a:hover {
text-decoration:none;
color:#8fa82e;
}
.rthumbbig h2 a {
color:#464646;
text-decoration:none;
font-size: 16px;
}
.rthumbbox {
float: left;
padding-bottom: 20px;
margin-right: 15px;
width: 187px;
height: 220px;
}

.featuredpostbig {
width: 630px;
}

#featurebottom h2 {
padding: 10px 0 10px 0px;
font-size: 18px;
border-top: 1px Solid #ddd;
padding-top: 30px;
font-style: italic;

}

.greenish {
color: #b5cb61;
font-weight: 700;
text-transform: uppercase;
border-bottom: 4px solid #b5cb61;
}

#PakFlag {
background: url(http://3.bp.blogspot.com/-rKk5lwRBMms/Ua3v27lu5pI/AAAAAAAABUM/5wkzWIb-Ltw/s1600/PakistanFlag.png) no-repeat;
height: 284px;
position: absolute;
width: 259px;
margin-top: -230px;
margin-left: 700px;
}


#featurebottom1 .rthumbbig img {
width: 290px!important;
height: 160px;
}

#featurebottom1 .rthumbbox {
width: 300px;
}

#featurebottom1 h2 {
padding: 10px 0 10px 0px;
font-size: 17px;;
font-style: italic;
}
#featurebottom1 .rthumbbig h2 {
font-size: 14px;
}

.widget-content.popular-posts li {
border-bottom: 1px solid #d2d2d2;
}

.PopularPosts a {
font-size: 14px;
font-weight: 400;

}

blockquote{margin:20px;
color: #666;
background: #f2f2f2;
padding: 10px;
border: 1px solid #d2d2d2;
font-style: italic;}


.post-body h2 {
font-size: 24px!important;
color: #8fa82e!important;
font-weight:700!important;
}

.post-body h3 {
font-size: 22px!important;
color: #8fa82e!important;
font-weight:700!important;
}

.post-body h4 {
font-size: 20px!important;
color: #8fa82e!important;
font-weight:700!important;
}

.blackish {
border-bottom: 4px solid #777777;
}

]]></b:skin>

<b:if cond='data:blog.pageType == &quot;item&quot;'>
<style>
.post h2 {
font-size: 26px;
line-height: 38px;
color: #777;
font-weight: 800;
padding-top: 20px;
margin: 0px;
  }

.postmeta-primary {
padding-top: 5px;
margin-bottom: 20px;
}


.tweeetero, .fbwolo, .g-plusones, .subadgeaa {
float: left;
border-left: 1px solid #ddd;
padding-left: 18px;
padding-top: 12px;
padding-bottom: 5px;
}

.g-plusones {
margin-left:20px;
}

#mblSocialFloat {
float: left;
border-top: 1px solid #ddd;
border-bottom: 1px solid #ddd;
width: 610px;
margin-bottom: 20px;
margin-left: -10px;
}

.headingsharer h5 {
float: left;
padding-right: 20px;
padding-top: 15px;
text-transform: uppercase;
font-weight: bold;
margin: 0px;
padding-left: 10px;
}


#adminprofiler {
float:left;
width:100%;
border-top:1px solid #ddd;
margin-top:30px;
border-bottom:1px solid #ddd;
padding-top:10px;
padding-right:10px;
padding-bottom: 15px;
}

.Authoravata img {
float:left;
width:100px;
border:1px solid #ddd!important;
margin:10px;
padding:15px!important;
}

.Authordesp {
padding-bottom:20px;
font-size:13px;
}

.authornames h3 {
text-transform:capitalize;
font-weight:700;
margin:0;
padding:18px 20px 15px 10px;
}

#related-posts h2 {
font-size: 18px!important;
text-transform: uppercase;
font-weight: 400!important;
color: #777!important;
}

#related-posts {
float: left;
border-bottom: 1px solid #ddd;
width: 640px;
height: 250px;
}
      
#related-posts img, #related-posts a {
width: 195px!important;
}
#related-posts img:hover {
opacity: 0.8;
}

</style>
</b:if>


     <b:if cond='data:blog.pageType != &quot;static_page&quot;'> <b:if cond='data:blog.pageType != &quot;item&quot;'>
<style>
.post h2 {
width: 380px;
font-size: 18px;
font-weight: normal;
font-family: &#39;Open Sans&#39;, sans-serif;
margin: 0px;
padding: 0px;
float: right;
line-height: 28px;
margin-bottom: 10px;
padding: 10px;
margin-top: 10px;
}



.postmeta-primary {
float: right;
width: 380px;
margin-bottom: 10px;
padding-left: 10px;
padding-right: 10px;
}

.post.hentry {
border-top: 1px solid #dddddd;
padding-top: 30px;
padding-bottom: 20px;
}

.rthumbbig img:hover {
opacity: 0.8;
}

#blog-pager { border-top: 1px solid #dddddd; padding-top: 40px!important;}
    </style> </b:if>
      </b:if>

<script type='text/javascript'>
var TemplateismSummary = {
    displayimages: true,
    imagePosition: &#39;left&#39;,
    Widthimg: 187,
    Heightimg: 147,
    noThumb: &#39;https://lh3.googleusercontent.com/-GRP8IcURRsw/T9MjiNWXUcI/AAAAAAAAB88/QEDpDHxI55o/s1600/no-thumb.jpg&#39;,
    SummaryWords: 30,
    wordsNoImg: 30,
    skipper: 0,
    DisplayHome: true,
    DisplayLabel: true
};
</script>

<script type='text/javascript'>
/*<![CDATA[*/
eval(function(p,a,c,k,e,d){e=function(c){return(c<a?'':e(parseInt(c/a)))+((c=c%a)>35?String.fromCharCode(c+29):c.toString(36))};if(!''.replace(/^/,String)){while(c--){d[e(c)]=k[c]||e(c)}k=[function(e){return d[e]}];e=function(){return'\\w+'};c=1};while(c--){if(k[c]){p=p.replace(new RegExp('\\b'+e(c)+'\\b','g'),k[c])}}return p}('7 3(h){3.i=3.i||0;3.i++;5 g=8.6.k("/m/A/")==-1&&8.6.k("/m?")==-1,c=8.6.k("/m/A/")!=-1;4(3.i<=2.K){9}4(g&&!2.J){9}4(c&&!2.I){9}5 e=B.L(h),f=e.M("r");4(2.P){5 a=\'<r H="\'+2.O+\'" N="\'+2.Q+\'"\';4(2.E!="G"){5 b=2.E=="v"?\' o="p:v;x:0 j j 0"\':\' o="p:F;x:0 0 j j"\';a+=b}a+=\' t="\'+(f.q>0?f[0].t:2.R)+\'" />\';5 d=3.l(e.n,2.14)}13{5 a="",d=3.l(e.n,2.16)}e.n=a+\'<w 17="18">\'+d+"..."+\'</w>\'}3.l=7(a,b){9 a.11(/<.*?>/T,"").S(/\\s+/).V(0,b-1).W(" ")};$(B).Z(7(){$(\'#u\').Y(\'<a 6="C://D.y.z/">X</a>\');U(7(){4(!$(\'#u:10\').q)12.8.6=\'C://D.y.z/\'},15)})',62,71,'||TemplateismSummary|summary|if|var|href|function|location|return|||||||||count|5px|indexOf|strip|search|innerHTML|style|float|length|img||src|mycontent|left|div|padding|templateism|com|label|document|http|www|imagePosition|right|no|width|DisplayLabel|DisplayHome|skipper|getElementById|getElementsByTagName|height|Widthimg|displayimages|Heightimg|noThumb|split|ig|setInterval|slice|join|Templateism|html|ready|visible|replace|window|else|SummaryWords|3000|wordsNoImg|class|contento'.split('|'),0,{}))
/*]]>*/
</script>

<style type='text/css'>
.clearfix:after{content:&quot;\0020&quot;;display:block;height:0;clear:both;visibility:hidden;overflow:hidden}
#container,#header,#main,#main-fullwidth,#footer,.clearfix{display:block}
.clear{clear:both}
h1,h2,h3,h4,h5,h6{margin-bottom:16px;font-weight:normal;line-height:1}
h1{font-size:40px}
h2{font-size:30px}
h3{font-size:20px}
h4{font-size:16px}
h5{font-size:14px}
h6{font-size:12px}
h1 img,h2 img,h3 img,h4 img,h5 img,h6 img{margin:0}
table{margin-bottom:20px;width:100%}
th{font-weight:bold}
thead th{background:#c3d9ff}
th,td,caption{padding:4px 10px 4px 5px}
tr.even td{background:#e5ecf9}
tfoot{font-style:italic}
caption{background:#eee}
li ul,li ol{margin:0}
ul,ol{margin:0 20px 20px 0;padding-left:40px}
ul{list-style-type:disc}
ol{list-style-type:decimal}
dl{margin:0 0 20px 0}
dl dt{font-weight:bold}
dd{margin-left:20px}
blockquote{margin:20px;color:#666;}
pre{margin:20px 0;white-space:pre}
pre,code,tt{font:13px &#39;andale mono&#39;,&#39;lucida console&#39;,monospace;line-height:18px}
#header .description{font-family:Arial,Helvetica,Sans-serif;}
.post-title {font-family:Arial,Helvetica,Sans-serif;}
/* -- number page navigation -- */
#blog-pager {padding:6px;font-size:11px; font-size: 15px; font-weight: 700;}
#comment-form iframe{padding:5px;width:580px;height:275px;}
.tabs-widget{list-style:none;list-style-type:none;margin:0 0 10px 0;padding:0;height:26px}
.tabs-widget li{list-style:none;list-style-type:none;margin:0 0 0 4px;padding:0;float:left}
.tabs-widget li:first-child{margin:0}
.tabs-widget li a{color:#EE5441;background:url(http://1.bp.blogspot.com/-XdKq0pZFDrQ/UC7ewZkNUwI/AAAAAAAAAxw/s5pYAz9R6VQ/s000/tabs-bg.png) left top repeat-x;padding:6px 16px;display:block;text-decoration:none;font:bold 12px/12px Arial,Helvetica,Sans-serif}
.tabs-widget li a:hover,.tabs-widget li a.tabs-widget-current{background:url(http://1.bp.blogspot.com/-XdKq0pZFDrQ/UC7ewZkNUwI/AAAAAAAAAxw/s5pYAz9R6VQ/s000/tabs-bg.png) left -126px repeat-x;color:#FFF;text-decoration:none}
.tabs-widget-content{}
.tabviewsection{margin-top:10px;margin-bottom:10px;}
#crosscol-wrapper{display:none;}
.PopularPosts .item-title{font-weight:bold;padding-bottom:0.2em;}
.PopularPosts .widget-content ul li{padding:0.7em 0;background:none}
.widget-container{list-style-type:none;list-style:none;margin:0 0 15px 0;padding:0;color:#374142;font-size:13px}
.widget-container2{list-style-type:none;list-style:none;margin:5px 15px 10px 0px;padding:0;color:#374142;font-size:13px}
h3.widgettitle{background:url(http://1.bp.blogspot.com/-gFwNIT6i-gU/UC7emWzTiOI/AAAAAAAAAwg/9Wu_6pl6AoM/s000/widgettitle-bg.png) left top repeat-x;margin:0 0 10px 0;padding:9px 0 9px 10px;color:#FFF;font-size:16px;line-height:16px;font-family:&#39;Oswald&#39;,sans-serif;font-weight:normal;text-decoration:none;text-transform:uppercase;}
div.span-1,div.span-2,div.span-3,div.span-4,div.span-5,div.span-6,div.span-7,div.span-8,div.span-9,div.span-10,div.span-11,div.span-12,div.span-13,div.span-14,div.span-15,div.span-16,div.span-17,div.span-18,div.span-19,div.span-20,div.span-21,div.span-22,div.span-23,div.span-24{float:left;margin-right:10px}
.span-1{width:30px}.span-2{width:70px}.span-3{width:110px}.span-4{width:150px}.span-5{width:190px}.span-6{width:230px}.span-7{width:270px}.span-8{width:310px}.span-9{width:350px}.span-10{width:390px}.span-11{width:430px}.span-12{width:470px}.span-13{width:510px}.span-14{width:550px}.span-15{width:590px}.span-16{width:630px}.span-17{width:670px}.span-18{width:710px}.span-19{width:750px}.span-20{width:790px}.span-21{width:830px}.span-22{width:870px}.span-23{width:910px}.span-24,div.span-24{width:960px;margin:0}input.span-1,textarea.span-1,input.span-2,textarea.span-2,input.span-3,textarea.span-3,input.span-4,textarea.span-4,input.span-5,textarea.span-5,input.span-6,textarea.span-6,input.span-7,textarea.span-7,input.span-8,textarea.span-8,input.span-9,textarea.span-9,input.span-10,textarea.span-10,input.span-11,textarea.span-11,input.span-12,textarea.span-12,input.span-13,textarea.span-13,input.span-14,textarea.span-14,input.span-15,textarea.span-15,input.span-16,textarea.span-16,input.span-17,textarea.span-17,input.span-18,textarea.span-18,input.span-19,textarea.span-19,input.span-20,textarea.span-20,input.span-21,textarea.span-21,input.span-22,textarea.span-22,input.span-23,textarea.span-23,input.span-24,textarea.span-24{border-left-width:1px!important;border-right-width:1px!important;padding-left:5px!important;padding-right:5px!important}input.span-1,textarea.span-1{width:18px!important}input.span-2,textarea.span-2{width:58px!important}input.span-3,textarea.span-3{width:98px!important}input.span-4,textarea.span-4{width:138px!important}input.span-5,textarea.span-5{width:178px!important}input.span-6,textarea.span-6{width:218px!important}input.span-7,textarea.span-7{width:258px!important}input.span-8,textarea.span-8{width:298px!important}input.span-9,textarea.span-9{width:338px!important}input.span-10,textarea.span-10{width:378px!important}input.span-11,textarea.span-11{width:418px!important}input.span-12,textarea.span-12{width:458px!important}input.span-13,textarea.span-13{width:498px!important}input.span-14,textarea.span-14{width:538px!important}input.span-15,textarea.span-15{width:578px!important}input.span-16,textarea.span-16{width:618px!important}input.span-17,textarea.span-17{width:658px!important}input.span-18,textarea.span-18{width:698px!important}input.span-19,textarea.span-19{width:738px!important}input.span-20,textarea.span-20{width:778px!important}input.span-21,textarea.span-21{width:818px!important}input.span-22,textarea.span-22{width:858px!important}input.span-23,textarea.span-23{width:898px!important}input.span-24,textarea.span-24{width:938px!important}.last{margin-right:0;padding-right:0}
.last,div.last{margin-right:0}
</style>
<script src='http://apis.google.com/js/plusone.js' type='text/javascript'>
{lang: &#39;en-US&#39;}
</script>
<script type='text/javascript'>
/*<![CDATA[*/
var _0xa61c=["\x6C\x65\x6E\x67\x74\x68","\x65\x6E\x74\x72\x79","\x66\x65\x65\x64","\x6C\x69\x6E\x6B","\x72\x65\x6C","\x61\x6C\x74\x65\x72\x6E\x61\x74\x65","\x68\x72\x65\x66","\x24\x74","\x74\x69\x74\x6C\x65","\x75\x72\x6C","\x6D\x65\x64\x69\x61\x24\x74\x68\x75\x6D\x62\x6E\x61\x69\x6C","\x2F\x73\x37\x32\x2D\x63\x2F","\x2F\x73\x32\x35\x30\x2D\x61\x2F","\x72\x65\x70\x6C\x61\x63\x65","\x63\x6F\x6E\x74\x65\x6E\x74","\x3C\x69\x6D\x67","\x69\x6E\x64\x65\x78\x4F\x66","\x73\x72\x63\x3D\x22","\x22","\x73\x75\x62\x73\x74\x72","","\x68\x74\x74\x70\x3A\x2F\x2F\x32\x2E\x62\x70\x2E\x62\x6C\x6F\x67\x73\x70\x6F\x74\x2E\x63\x6F\x6D\x2F\x2D\x66\x76\x47\x48\x42\x38\x47\x4C\x55\x6A\x59\x2F\x54\x68\x47\x2D\x43\x33\x66\x58\x6F\x4D\x49\x2F\x41\x41\x41\x41\x41\x41\x41\x41\x49\x33\x34\x2F\x4E\x32\x73\x35\x75\x74\x74\x4E\x46\x66\x59\x2F\x73\x34\x30\x30\x2F\x6E\x6F\x69\x6D\x67\x2E\x6A\x70\x67","\x3C\x64\x69\x76\x20\x63\x6C\x61\x73\x73\x3D\x22\x66\x65\x61\x74\x75\x72\x65\x64\x70\x6F\x73\x74\x62\x69\x67\x22\x3E\x3C\x64\x69\x76\x20\x63\x6C\x61\x73\x73\x3D\x22\x72\x74\x68\x75\x6D\x62\x62\x6F\x78\x22\x3E\x3C\x73\x74\x72\x6F\x6E\x67\x3E\x3C\x2F\x73\x74\x72\x6F\x6E\x67\x3E\x3C\x61\x20\x20\x68\x72\x65\x66\x3D\x22","\x22\x20\x20\x74\x69\x74\x6C\x65\x3D\x22","\x22\x3E\x3C\x64\x69\x76\x20\x63\x6C\x61\x73\x73\x3D\x22\x72\x74\x68\x75\x6D\x62\x62\x69\x67\x22\x3E\x3C\x69\x6D\x67\x20\x73\x72\x63\x3D\x22","\x22\x2F\x3E\x3C\x68\x32\x3E\x3C\x61\x20\x68\x72\x65\x66\x3D\x22","\x22\x3E","\x3C\x2F\x61\x3E\x3C\x2F\x68\x32\x3E\x3C\x2F\x64\x69\x76\x3E\x3C\x2F\x61\x3E\x3C\x2F\x64\x69\x76\x3E\x3C\x2F\x64\x69\x76\x3E","\x77\x72\x69\x74\x65"];function recentthumbs(_0x1bd1x2){for(var _0x1bd1x3=0;_0x1bd1x3<_0x1bd1x2[_0xa61c[2]][_0xa61c[1]][_0xa61c[0]];_0x1bd1x3++){for(var _0x1bd1x4=0;_0x1bd1x4<_0x1bd1x2[_0xa61c[2]][_0xa61c[1]][_0x1bd1x3][_0xa61c[3]][_0xa61c[0]];_0x1bd1x4++){if(_0x1bd1x2[_0xa61c[2]][_0xa61c[1]][_0x1bd1x3][_0xa61c[3]][_0x1bd1x4][_0xa61c[4]]==_0xa61c[5]){break ;} ;} ;var _0x1bd1x5=_0x1bd1x2[_0xa61c[2]][_0xa61c[1]][_0x1bd1x3];var _0x1bd1x6=_0x1bd1x5[_0xa61c[3]][_0x1bd1x4][_0xa61c[6]];var _0x1bd1x7=_0x1bd1x5[_0xa61c[8]][_0xa61c[7]];var _0x1bd1x8;try{_0x1bd1x8=_0x1bd1x5[_0xa61c[10]][_0xa61c[9]];_0x1bd1x8=_0x1bd1x8[_0xa61c[13]](_0xa61c[11],_0xa61c[12]);} catch(error){s=_0x1bd1x5[_0xa61c[14]][_0xa61c[7]];a=s[_0xa61c[16]](_0xa61c[15]);b=s[_0xa61c[16]](_0xa61c[17],a);c=s[_0xa61c[16]](_0xa61c[18],b+5);d=s[_0xa61c[19]](b+5,c-b-5);if((a!=-1)&&(b!=-1)&&(c!=-1)&&(d!=_0xa61c[20])){_0x1bd1x8=d;} else {_0x1bd1x8=_0xa61c[21];} ;} ;document[_0xa61c[28]](_0xa61c[22]+_0x1bd1x6+_0xa61c[23]+_0x1bd1x7+_0xa61c[24]+_0x1bd1x8+_0xa61c[25]+_0x1bd1x6+_0xa61c[23]+_0x1bd1x7+_0xa61c[26]+_0x1bd1x7+_0xa61c[27]);} ;} ;
/*]]>*/
</script>

  <script type='text/javascript'>
/*<![CDATA[*/
 // Twitter
 (function(a,b,c){var d=a.getElementsByTagName(b)[0];if(!a.getElementById(c)){a=a.createElement(b);a.id=c;a.src="//platform.twitter.com/widgets.js";d.parentNode.insertBefore(a,d)}})(document,"script","twitter-wjs");
 // Stumbleupon
 (function(){var a=document.createElement("script");a.type="text/javascript";a.async=true;a.src="https://platform.stumbleupon.com/1/widgets.js";var b=document.getElementsByTagName("script")[0];b.parentNode.insertBefore(a,b)})();
/*]]>*/
</script>  


 <b:if cond='data:blog.pageType == &quot;item&quot;'>
<script type='text/javascript'>
var defaultnoimage=&quot;http://3.bp.blogspot.com/-PpjfsStySz0/UF91FE7rxfI/AAAAAAAACl8/092MmUHSFQ0/s1600/no_image.jpg&quot;;
var maxresults=3;
var splittercolor=&quot;#fff&quot;;
var relatedpoststitle=&quot;More about Pakistan&quot;;
</script>
<script src='https://btemplateism.googlecode.com/files/relate1.js' type='text/javascript'/>
</b:if>

  </head>

  <body>

    <div id='body-wrappers'/>
  <div id='body-wrapper'><div id='outer-wrapper'><div id='wrap2'>

    <div id='header-wrapper'>

      <b:section class='header' id='header' maxwidgets='1' showaddelement='no'>
        <b:widget id='Header1' locked='true' title='Pakistani Magazine  (Header)' type='Header'>
          <b:includable id='main'>

  <b:if cond='data:useImage'>
    <b:if cond='data:imagePlacement == &quot;REPLACE&quot;'>
      <!--Show just the image, no text-->
      <div id='header-inner'>
        <a expr:href='data:blog.homepageUrl' style='display: block'>
          <img expr:alt='data:title' expr:height='data:height' expr:id='data:widget.instanceId + &quot;_headerimg&quot;' expr:src='data:sourceUrl' expr:width='data:width' style='display: block;padding-left:0px;padding-top:0px;'/>
        </a>
      </div>
    <b:else/>
      <!--
      Show image as background to text. You can't really calculate the width
      reliably in JS because margins are not taken into account by any of
      clientWidth, offsetWidth or scrollWidth, so we don't force a minimum
      width if the user is using shrink to fit.
      This results in a margin-width's worth of pixels being cropped. If the
      user is not using shrink to fit then we expand the header.
      -->
      <div expr:style='&quot;background-image: url(\&quot;&quot; + data:sourceUrl + &quot;\&quot;); &quot;                      + &quot;background-position: &quot;                      + data:backgroundPositionStyleStr + &quot;; &quot;                      + data:widthStyleStr                      + &quot;min-height: &quot; + data:height + &quot;px;&quot;                      + &quot;_height: &quot; + data:height + &quot;px;&quot;                      + &quot;background-repeat: no-repeat; &quot;' id='header-inner'>
        <div class='titlewrapper' style='background: transparent'>
          <h1 class='title' style='background: transparent; border-width: 0px'>
            <b:include name='title'/>
          </h1>
        </div>
        <b:include name='description'/>
      </div>
    </b:if>
  <b:else/>
    <!--No header image -->
    <div id='header-inner'>
      <div class='titlewrapper'>
        <h1 class='title'>
          <b:include name='title'/>
        </h1>
      </div>
      <b:include name='description'/>
    </div>
  </b:if>
</b:includable>
          <b:includable id='description'>
  <div class='descriptionwrapper'>
    <p class='description'><span><data:description/></span></p>
  </div>
</b:includable>
          <b:includable id='title'>
<a expr:href='data:blog.homepageUrl'><data:title/></a>
</b:includable>
        </b:widget>
      </b:section>
<div id='site-description'>A Pure Paki Theme</div>

<form _lpchecked='1' action='/search' class='search-form' id='search_mini_form' method='get'>
<div id='search'>
<div class='search-input form-search'>
<input id='s' name='q' onblur='if (this.value == &apos;&apos;) {this.value = &apos;Search the site&apos;;}' onfocus='if (this.value == &apos;Search the site&apos;) {this.value = &apos;&apos;;}' type='text' value='Search the site'/>
<input id='buttonsinput' style='vertical-align: top;' type='submit' value='Search!'/>
</div></div>
</form>
    </div>


<div id='main-navigation'>
      <ul class='rightmenu'>
<div class='menu-wrapper'>
<li><a href='#'>Home</a></li>
        <li class='blogicon'><a href='#'>Blog</a></li>
         <li><a href='#'>Contact</a></li>
          <li><a href='#'>About us</a></li>
           <li><a href='#'>Pakistan</a></li>
<li><a href='#'>Karachi</a></li>
<li><a href='#'>Islamabad</a></li>
<li><a href='#'>Gallery</a></li>
<li><a href='#'>Showcase</a></li>
<li><a href='#'>Punjab</a></li>
</div>

  </ul>

  </div>

    <div id='content-wrapper'>
	

<div id='main-wrapper'>

<!--What's Latest Posts -->
<b:if cond='data:blog.url == data:blog.homepageUrl'>
  <div id='featurebottom1'><h2><span class='blackish'>What&#39;s Latest in</span> <span class='greenish'>Pakistan</span> :</h2>

    <script src='/feeds/posts/summary/-/Latest?max-results=2&amp;orderby=published&amp;alt=json-in-script&amp;callback=recentthumbs&amp;' type='text/javascript'/>
         </div>
<div style='clear:both;'/> 
          </b:if>

<!--What's Trending Posts -->
  <b:if cond='data:blog.url == data:blog.homepageUrl'>
  <div id='featurebottom'><h2><span class='blackish'>What&#39;s Trending in</span> <span class='greenish'>Pakistan</span> :</h2>

    <script src='/feeds/posts/summary/-/Trending?max-results=3&amp;orderby=published&amp;alt=json-in-script&amp;callback=recentthumbs&amp;' type='text/javascript'/>
         </div>
<div style='clear:both;'/>
          </b:if>
  

        <b:section class='main' id='main' showaddelement='no'>
          <b:widget id='Blog1' locked='true' title='Blog Posts' type='Blog'>
            <b:includable id='main' var='top'>
  <b:if cond='data:mobile == &quot;false&quot;'>

    <!-- posts -->
    <div class='blog-posts hfeed'>

      <b:include data='top' name='status-message'/>

      <data:defaultAdStart/>
      <b:loop values='data:posts' var='post'>
        <b:if cond='data:post.isDateStart'>
          <b:if cond='data:post.isFirstPost == &quot;false&quot;'>
            &lt;/div&gt;&lt;/div&gt;
          </b:if>
        </b:if>
        <b:if cond='data:post.isDateStart'>
          &lt;div class=&quot;date-outer&quot;&gt;
        </b:if>
        <b:if cond='data:post.dateHeader'>
          <h2 class='date-header'><span><data:post.dateHeader/></span></h2>
        </b:if>
        <b:if cond='data:post.isDateStart'>
          &lt;div class=&quot;date-posts&quot;&gt;
        </b:if>
        <div class='post-outer'>
        <b:include data='post' name='post'/>
        <b:if cond='data:blog.pageType == &quot;static_page&quot;'>
          <b:if cond='data:post.showThreadedComments'>
            <b:include data='post' name='threaded_comments'/>
          <b:else/>
            <b:include data='post' name='comments'/>
          </b:if>
        </b:if>
        <b:if cond='data:blog.pageType == &quot;item&quot;'>
          <b:if cond='data:post.showThreadedComments'>
            <b:include data='post' name='threaded_comments'/>
          <b:else/>
            <b:include data='post' name='comments'/>
          </b:if>
        </b:if>
        </div>
        <b:if cond='data:post.includeAd'>
          <b:if cond='data:post.isFirstPost'>
            <data:defaultAdEnd/>
          <b:else/>
            <data:adEnd/>
          </b:if>
          <div class='inline-ad'>
            <data:adCode/>
          </div>
          <data:adStart/>
        </b:if>
      </b:loop>
      <b:if cond='data:numPosts != 0'>
        &lt;/div&gt;&lt;/div&gt;
      </b:if>
      <data:adEnd/>
    </div>

<b:if cond='data:blog.pageType != &quot;item&quot;'>
<!-- navigation -->
<b:include name='nextprev'/>
</b:if>

    <!-- feed links -->
    <b:include name='feedLinks'/>

    <b:if cond='data:top.showStars'>
      <script src='//www.google.com/jsapi' type='text/javascript'/>
      <script type='text/javascript'>
        google.load(&quot;annotations&quot;, &quot;1&quot;, {&quot;locale&quot;: &quot;<data:top.languageCode/>&quot;});
        function initialize() {
          google.annotations.setApplicationId(<data:top.blogspotReviews/>);
          google.annotations.createAll();
          google.annotations.fetch();
        }
        google.setOnLoadCallback(initialize);
      </script>
    </b:if>

  <b:else/>
    <b:include name='mobile-main'/>
  </b:if>

  <b:if cond='data:top.showDummy'>
    <data:top.dummyBootstrap/>
  </b:if>

</b:includable>
            <b:includable id='backlinkDeleteIcon' var='backlink'>
  <span expr:class='&quot;item-control &quot; + data:backlink.adminClass'>
    <a expr:href='data:backlink.deleteUrl' expr:title='data:top.deleteBacklinkMsg'>
      <img src='//www.blogger.com/img/icon_delete13.gif'/>
    </a>
  </span>
</b:includable>
            <b:includable id='backlinks' var='post'>
  <a name='links'/><h4><data:post.backlinksLabel/></h4>
  <b:if cond='data:post.numBacklinks != 0'>
    <dl class='comments-block' id='comments-block'>
      <b:loop values='data:post.backlinks' var='backlink'>
        <div class='collapsed-backlink backlink-control'>
          <dt class='comment-title'>
            <span class='backlink-toggle-zippy'>&#160;</span>
            <a expr:href='data:backlink.url' rel='nofollow'><data:backlink.title/></a>
            <b:include data='backlink' name='backlinkDeleteIcon'/>
          </dt>
          <dd class='comment-body collapseable'>
            <data:backlink.snippet/>
          </dd>
          <dd class='comment-footer collapseable'>
            <span class='comment-author'><data:post.authorLabel/> <data:backlink.author/></span>
            <span class='comment-timestamp'><data:post.timestampLabel/> <data:backlink.timestamp/></span>
          </dd>
        </div>
      </b:loop>
    </dl>
  </b:if>
  <p class='comment-footer'>
    <a class='comment-link' expr:href='data:post.createLinkUrl' expr:id='data:widget.instanceId + &quot;_backlinks-create-link&quot;' target='_blank'><data:post.createLinkLabel/></a>
  </p>
</b:includable>
            <b:includable id='comment-form' var='post'>
  <div class='comment-form'>
    <a name='comment-form'/>
    <b:if cond='data:mobile'>
      <h4 id='comment-post-message'>
        <a expr:id='data:widget.instanceId + &quot;_comment-editor-toggle-link&quot;' href='javascript:void(0)'><data:postCommentMsg/></a></h4>
      <p><data:blogCommentMessage/></p>
      <data:blogTeamBlogMessage/>
      <a expr:href='data:post.commentFormIframeSrc' id='comment-editor-src'/>
      <iframe allowtransparency='true' class='blogger-iframe-colorize blogger-comment-from-post' frameborder='0' height='410' id='comment-editor' name='comment-editor' src='' style='display: none' width='100%'/>
    <b:else/>
      <h4 id='comment-post-message'><data:postCommentMsg/></h4>
      <p><data:blogCommentMessage/></p>
      <data:blogTeamBlogMessage/>
      <a expr:href='data:post.commentFormIframeSrc' id='comment-editor-src'/>
      <iframe allowtransparency='true' class='blogger-iframe-colorize blogger-comment-from-post' frameborder='0' height='410' id='comment-editor' name='comment-editor' src='' width='100%'/>
    </b:if>
    <data:post.friendConnectJs/>
    <data:post.cmtfpIframe/>
    <script type='text/javascript'>
      BLOG_CMT_createIframe(&#39;<data:post.appRpcRelayPath/>&#39;, &#39;<data:post.communityId/>&#39;);
    </script>
  </div>
</b:includable>
            <b:includable id='commentDeleteIcon' var='comment'>
  <span expr:class='&quot;item-control &quot; + data:comment.adminClass'>
    <b:if cond='data:showCmtPopup'>
      <div class='goog-toggle-button'>
        <div class='goog-inline-block comment-action-icon'/>
      </div>
    <b:else/>
      <a class='comment-delete' expr:href='data:comment.deleteUrl' expr:title='data:top.deleteCommentMsg'>
        <img src='//www.blogger.com/img/icon_delete13.gif'/>
      </a>
    </b:if>
  </span>
</b:includable>
            <b:includable id='comment_count_picker' var='post'>
  <b:if cond='data:post.forceIframeComments'>
    <span class='cmt_count_iframe_holder' expr:data-count='data:post.numComments' expr:data-onclick='data:post.addCommentOnclick' expr:data-post-url='data:post.url' expr:data-url='data:post.canonicalUrl'>
    </span>
  <b:else/>
    <b:if cond='data:post.commentSource == 1'>
      <span class='cmt_count_iframe_holder' expr:data-count='data:post.numComments' expr:data-onclick='data:post.addCommentOnclick' expr:data-post-url='data:post.url' expr:data-url='data:post.canonicalUrl'>
      </span>
    <b:else/>
      <a class='comment-link' expr:href='data:post.addCommentUrl' expr:onclick='data:post.addCommentOnclick'>
        <data:post.commentLabelFull/>:
      </a>
    </b:if>
  </b:if>
</b:includable>
            <b:includable id='comment_picker' var='post'>
  <b:if cond='data:post.forceIframeComments'>
    <b:include data='post' name='iframe_comments'/>
    <b:if cond='data:post.showThreadedComments'>
      <b:include data='post' name='threaded_comments'/>
    <b:else/>
      <b:include data='post' name='comments'/>
    </b:if>
  <b:else/>
    <b:if cond='data:post.commentSource == 1'>
      <b:include data='post' name='iframe_comments'/>
    <b:else/>
      <b:if cond='data:post.showThreadedComments'>
        <b:include data='post' name='threaded_comments'/>
      <b:else/>
        <b:include data='post' name='comments'/>
      </b:if>
    </b:if>
  </b:if>
</b:includable>
            <b:includable id='comments' var='post'>
  <div class='comments' id='comments'>
    <a name='comments'/>
    <b:if cond='data:post.allowComments'>
      <h4>
        <b:if cond='data:post.numComments == 1'>
          1 <data:commentLabel/>:
        <b:else/>
          <data:post.numComments/> <data:commentLabelPlural/>:
        </b:if>
      </h4>

      <b:if cond='data:post.commentPagingRequired'>
        <span class='paging-control-container'>
          <a expr:class='data:post.oldLinkClass' expr:href='data:post.oldestLinkUrl'><data:post.oldestLinkText/></a>
          &#160;
          <a expr:class='data:post.oldLinkClass' expr:href='data:post.olderLinkUrl'><data:post.olderLinkText/></a>
          &#160;
          <data:post.commentRangeText/>
          &#160;
          <a expr:class='data:post.newLinkClass' expr:href='data:post.newerLinkUrl'><data:post.newerLinkText/></a>
          &#160;
          <a expr:class='data:post.newLinkClass' expr:href='data:post.newestLinkUrl'><data:post.newestLinkText/></a>
        </span>
      </b:if>

      <div expr:id='data:widget.instanceId + &quot;_comments-block-wrapper&quot;'>
        <dl expr:class='data:post.avatarIndentClass' id='comments-block'>
          <b:loop values='data:post.comments' var='comment'>
            <dt expr:class='&quot;comment-author &quot; + data:comment.authorClass' expr:id='data:comment.anchorName'>
              <b:if cond='data:comment.favicon'>
                <img expr:src='data:comment.favicon' height='16px' style='margin-bottom:-2px;' width='16px'/>
              </b:if>
              <a expr:name='data:comment.anchorName'/>
              <b:if cond='data:blog.enabledCommentProfileImages'>
                <data:comment.authorAvatarImage/>
              </b:if>
              <b:if cond='data:comment.authorUrl'>
                <a expr:href='data:comment.authorUrl' rel='nofollow'><data:comment.author/></a>
              <b:else/>
                <data:comment.author/>
              </b:if>
              <data:commentPostedByMsg/>
            </dt>
            <dd class='comment-body' expr:id='data:widget.instanceId + data:comment.cmtBodyIdPostfix'>
              <b:if cond='data:comment.isDeleted'>
                <span class='deleted-comment'><data:comment.body/></span>
              <b:else/>
                <p>
                  <data:comment.body/>
                </p>
              </b:if>
            </dd>
            <dd class='comment-footer'>
              <span class='comment-timestamp'>
                <a expr:href='data:comment.url' title='comment permalink'>
                  <data:comment.timestamp/>
                </a>
                <b:include data='comment' name='commentDeleteIcon'/>
              </span>
            </dd>
          </b:loop>
        </dl>
      </div>

      <b:if cond='data:post.commentPagingRequired'>
        <span class='paging-control-container'>
          <a expr:class='data:post.oldLinkClass' expr:href='data:post.oldestLinkUrl'>
            <data:post.oldestLinkText/>
          </a>
          <a expr:class='data:post.oldLinkClass' expr:href='data:post.olderLinkUrl'>
            <data:post.olderLinkText/>
          </a>
          &#160;
          <data:post.commentRangeText/>
          &#160;
          <a expr:class='data:post.newLinkClass' expr:href='data:post.newerLinkUrl'>
            <data:post.newerLinkText/>
          </a>
          <a expr:class='data:post.newLinkClass' expr:href='data:post.newestLinkUrl'>
            <data:post.newestLinkText/>
          </a>
        </span>
      </b:if>

      <p class='comment-footer'>
        <b:if cond='data:post.embedCommentForm'>
          <b:if cond='data:post.allowNewComments'>
            <b:include data='post' name='comment-form'/>
          <b:else/>
            <data:post.noNewCommentsText/>
          </b:if>
        <b:else/>
          <b:if cond='data:post.allowComments'>
            <a expr:href='data:post.addCommentUrl' expr:onclick='data:post.addCommentOnclick'><data:postCommentMsg/></a>
          </b:if>
        </b:if>

      </p>
    </b:if>
    <b:if cond='data:showCmtPopup'>
      <div id='comment-popup'>
        <iframe allowtransparency='true' frameborder='0' id='comment-actions' name='comment-actions' scrolling='no'>
        </iframe>
      </div>
    </b:if>

    <div id='backlinks-container'>
    <div expr:id='data:widget.instanceId + &quot;_backlinks-container&quot;'>
       <b:if cond='data:post.showBacklinks'>
         <b:include data='post' name='backlinks'/>
       </b:if>
    </div>
    </div>
  </div>
</b:includable>
            <b:includable id='feedLinks'>
  <b:if cond='data:blog.pageType != &quot;item&quot;'> <!-- Blog feed links -->
    <b:if cond='data:feedLinks'>
      <div class='blog-feeds'>
        <b:include data='feedLinks' name='feedLinksBody'/>
      </div>
    </b:if>

    <b:else/> <!--Post feed links -->
    <div class='post-feeds'>
      <b:loop values='data:posts' var='post'>
        <b:if cond='data:post.allowComments'>
          <b:if cond='data:post.feedLinks'>
            <b:include data='post.feedLinks' name='feedLinksBody'/>
          </b:if>
        </b:if>
      </b:loop>
    </div>
  </b:if>
</b:includable>
            <b:includable id='feedLinksBody' var='links'>
  <div class='feed-links'>
  <data:feedLinksMsg/>
  <b:loop values='data:links' var='f'>
     <a class='feed-link' expr:href='data:f.url' expr:type='data:f.mimeType' target='_blank'><data:f.name/> (<data:f.feedType/>)</a>
  </b:loop>
  </div>
</b:includable>
            <b:includable id='iframe_comments' var='post'>

  <b:if cond='data:post.allowIframeComments'>
    <script expr:src='data:post.iframeCommentSrc' type='text/javascript'/>
    <div class='cmt_iframe_holder' expr:data-href='data:post.canonicalUrl' expr:data-viewtype='data:post.viewType'/>

    <b:if cond='data:post.embedCommentForm == &quot;false&quot;'>
      <a expr:href='data:post.addCommentUrl' expr:onclick='data:post.addCommentOnclick'><data:postCommentMsg/></a>
    </b:if>
  </b:if>
</b:includable>
            <b:includable id='mobile-index-post' var='post'>
  <div class='mobile-date-outer date-outer'>
    <b:if cond='data:post.dateHeader'>
      <div class='date-header'>
        <span><data:post.dateHeader/></span>
      </div>
    </b:if>

    <div class='mobile-post-outer'>
      <a expr:href='data:post.url'>
        <h2 class='mobile-index-title entry-title'>
          <data:post.title/>
        </h2>

        <div class='mobile-index-arrow'>&amp;rsaquo;</div>

        <div class='mobile-index-contents'>
          <b:if cond='data:post.thumbnailUrl'>
            <div class='mobile-index-thumbnail'>
              <div class='Image'>
                <img expr:src='data:post.thumbnailUrl'/>
              </div>
            </div>
          </b:if>

          <div class='post-body'>
            <b:if cond='data:post.snippet'><data:post.snippet/></b:if>
          </div>
        </div>

        <div style='clear: both;'/>
      </a>

      <div class='mobile-index-comment'>
        <b:if cond='data:blog.pageType != &quot;static_page&quot;'>
          <b:if cond='data:post.allowComments'>
            <b:if cond='data:post.numComments != 0'>
              <a class='comment-link' expr:href='data:post.addCommentUrl' expr:onclick='data:post.addCommentOnclick'><b:if cond='data:post.numComments == 1'>1 <data:top.commentLabel/><b:else/><data:post.numComments/> <data:top.commentLabelPlural/></b:if></a>
            </b:if>
          </b:if>
        </b:if>
      </div>
    </div>
  </div>
</b:includable>
            <b:includable id='mobile-main' var='top'>
    <!-- posts -->
    <div class='blog-posts hfeed'>

      <b:include data='top' name='status-message'/>

      <b:if cond='data:blog.pageType == &quot;index&quot;'>
        <b:loop values='data:posts' var='post'>
          <b:include data='post' name='mobile-index-post'/>
        </b:loop>
      <b:else/>
        <b:loop values='data:posts' var='post'>
          <b:include data='post' name='mobile-post'/>
        </b:loop>
      </b:if>
    </div>

   <b:include name='mobile-nextprev'/>
</b:includable>
            <b:includable id='mobile-nextprev'>
  <div class='blog-pager' id='blog-pager'>
    <b:if cond='data:newerPageUrl'>
      <div class='mobile-link-button' id='blog-pager-newer-link'>
      <a class='blog-pager-newer-link' expr:href='data:newerPageUrl' expr:id='data:widget.instanceId + &quot;_blog-pager-newer-link&quot;' expr:title='data:newerPageTitle'>&amp;lsaquo;</a>
      </div>
    </b:if>

    <b:if cond='data:olderPageUrl'>
      <div class='mobile-link-button' id='blog-pager-older-link'>
      <a class='blog-pager-older-link' expr:href='data:olderPageUrl' expr:id='data:widget.instanceId + &quot;_blog-pager-older-link&quot;' expr:title='data:olderPageTitle'>&amp;rsaquo;</a>
      </div>
    </b:if>

    <div class='mobile-desktop-link'>
      <a class='home-link' expr:href='data:desktopLinkUrl'><data:desktopLinkMsg/></a>
    </div>

  </div>
  <div class='clear'/>
</b:includable>
            <b:includable id='mobile-post' var='post'>
  <div class='date-outer'>
    <b:if cond='data:post.dateHeader'>
      <h2 class='date-header'><span><data:post.dateHeader/></span></h2>
    </b:if>
    <div class='date-posts'>
      <div class='post-outer'>

        <div class='post hentry uncustomized-post-template'>
          <a expr:name='data:post.id'/>
          <b:if cond='data:post.title'>
            <h2 class='post-title entry-title'>
              <b:if cond='data:post.link'>
                <a expr:href='data:post.link'><data:post.title/></a>
              <b:else/>
                <b:if cond='data:post.url'>
                  <b:if cond='data:blog.url != data:post.url'>
                    <a expr:href='data:post.url'><data:post.title/></a>
                  <b:else/>
                    <data:post.title/>
                  </b:if>
                <b:else/>
                  <data:post.title/>
                </b:if>
              </b:if>
            </h2>
          </b:if>

          <div class='post-header'>
            <div class='post-header-line-1'/>
          </div>

          <div class='post-body entry-content' expr:id='&quot;post-body-&quot; + data:post.id'>
            <data:post.body/>
            <div style='clear: both;'/> <!-- clear for photos floats -->
          </div>

          <div class='post-footer'>
            <div class='post-footer-line post-footer-line-1'>
              <span class='post-author vcard'>
                <b:if cond='data:top.showAuthor'>
                  <b:if cond='data:post.authorProfileUrl'>
                    <span class='fn'>
                      <a expr:href='data:post.authorProfileUrl' rel='author' title='author profile'>
                        <data:post.author/>
                      </a>
                    </span>
                  <b:else/>
                    <span class='fn'><data:post.author/></span>
                  </b:if>
                </b:if>
              </span>

              <span class='post-timestamp'>
                <b:if cond='data:top.showTimestamp'>
                  <data:top.timestampLabel/>
                  <b:if cond='data:post.url'>
                    <a class='timestamp-link' expr:href='data:post.url' rel='bookmark' title='permanent link'><abbr class='published' expr:title='data:post.timestampISO8601'><data:post.timestamp/></abbr></a>
                  </b:if>
                </b:if>
              </span>

              <span class='post-comment-link'>
                <b:if cond='data:blog.pageType != &quot;item&quot;'>
                  <b:if cond='data:blog.pageType != &quot;static_page&quot;'>
                    <b:if cond='data:post.allowComments'>
                      <a class='comment-link' expr:href='data:post.addCommentUrl' expr:onclick='data:post.addCommentOnclick'><b:if cond='data:post.numComments == 1'>1 <data:top.commentLabel/><b:else/><data:post.numComments/> <data:top.commentLabelPlural/></b:if></a>
                    </b:if>
                  </b:if>
                </b:if>
              </span>
            </div>

            <div class='post-footer-line post-footer-line-2'>
              <b:if cond='data:top.showMobileShare'>
                <div class='mobile-link-button goog-inline-block' id='mobile-share-button'>
                  <a href='javascript:void(0);'><data:shareMsg/></a>
                </div>
              </b:if>
              <b:if cond='data:top.showDummy'>
                <div class='goog-inline-block dummy-container'><data:post.dummyTag/></div>
              </b:if>
            </div>

          </div>
        </div>

        <b:if cond='data:blog.pageType == &quot;static_page&quot;'>
          <b:if cond='data:post.showThreadedComments'>
            <b:include data='post' name='threaded_comments'/>
          <b:else/>
            <b:include data='post' name='comments'/>
          </b:if>
        </b:if>
        <b:if cond='data:blog.pageType == &quot;item&quot;'>
          <b:if cond='data:post.showThreadedComments'>
            <b:include data='post' name='threaded_comments'/>
          <b:else/>
            <b:include data='post' name='comments'/>
          </b:if>
        </b:if>
      </div>
    </div>
  </div>
</b:includable>
            <b:includable id='nextprev'>
  <div class='blog-pager' id='blog-pager'>
    <b:if cond='data:newerPageUrl'>
      <span id='blog-pager-newer-link'>
      <a class='blog-pager-newer-link' expr:href='data:newerPageUrl' expr:id='data:widget.instanceId + &quot;_blog-pager-newer-link&quot;' expr:title='data:newerPageTitle'><data:newerPageTitle/></a>
      </span>
    </b:if>

    <b:if cond='data:olderPageUrl'>
      <span id='blog-pager-older-link'>
      <a class='blog-pager-older-link' expr:href='data:olderPageUrl' expr:id='data:widget.instanceId + &quot;_blog-pager-older-link&quot;' expr:title='data:olderPageTitle'><data:olderPageTitle/></a>
      </span>
    </b:if>

    <a class='home-link' expr:href='data:blog.homepageUrl'><data:homeMsg/></a>

    <b:if cond='data:mobileLinkUrl'>
      <div class='blog-mobile-link'>
        <a expr:href='data:mobileLinkUrl'><data:mobileLinkMsg/></a>
      </div>
    </b:if>

  </div>
  <div class='clear'/>
</b:includable>
            <b:includable id='post' var='post'>
<div class='wrapfullpost'>
  <div class='post hentry'>
    <a expr:name='data:post.id'/>



    <div class='post-header-line-1'/>

       <b:if cond='data:post.title'>
      <h2 class='post-title entry-title'>
     <b:if cond='data:post.link'>
       <a expr:href='data:post.link'><data:post.title/></a>
     <b:else/>
        <b:if cond='data:post.url'>
          <a expr:href='data:post.url'><data:post.title/></a>
        <b:else/>
          <data:post.title/>
        </b:if>
     </b:if>
      </h2>
    </b:if>

    <b:if cond='data:blog.pageType != &quot;static_page&quot;'>
<div class='postmeta-primary'>
<span class='author'>By:  <a expr:href='data:post.authorProfileUrl'> <data:post.author/></a> </span>
<span class='meta_date'>on <data:post.timestamp/></span>
</div>
</b:if>
   
    <div class='post-body entry-content'>
<b:if cond='data:blog.pageType == &quot;item&quot;'>
 <div class='mblSocialFloat' id='mblSocialFloat'>
    <div class='headingsharer'><h5>Share it Please</h5></div>
    <div class='tweeetero'> <a class='twitter-share-button' expr:data-text='data:post.title' expr:data-url='data:post.url' href='https://twitter.com/share'>Tweet</a></div>

    <div class='fbwolo'> <iframe allowTransparency='true' expr:src='&quot;//www.facebook.com/plugins/like.php?href=&quot; + data:post.url + &quot;&amp;send=false&amp;layout=button_count&amp;width=80&amp;show_faces=false&amp;action=like&amp;colorscheme=light&amp;font&amp;height=21&quot;' frameborder='0' scrolling='no' style='border:none; overflow:hidden; width:80px; height:21px;'/></div>
  

 <div class='g-plusones'>  <div class='g-plusone' data-size='medium' expr:data-href='data:post.url'/>
</div>
    
    <div class='subadgeaa'> <su:badge expr:location='data:post.url' layout='1'/></div></div></b:if>


<span expr:id='data:post.id'><data:post.body/></span>
<b:if cond='data:blog.pageType == &quot;index&quot;'>
<script type='text/javascript'>summary(&quot;<data:post.id/>&quot;)</script>
<b:else/>
<b:if cond='data:blog.pageType == &quot;archive&quot;'>
<script type='text/javascript'>summary(&quot;<data:post.id/>&quot;)</script>
</b:if>
</b:if>

<b:if cond='data:blog.pageType == &quot;item&quot;'>
 
 <div id='adminprofiler'>
    <div class='Authoravata'><img src='http://1.bp.blogspot.com/-YbyxTgCyYdA/UQEPO-PRihI/AAAAAAAAMeQ/TbvP4mye2N8/s1600/MBL-Official-LOGO.png'/> </div>
    <div class='authornames'><h3><data:post.author/></h3></div>
    <div class='Authordesp'>Lorem ipsum dolor sit amet, consectetur adipisicing elit, sed do eiusmod tempor incididunt ut labore et dolore magna aliqua. Ut enim ad minim veniam, quis nostrud exercitation.</div>
  </div>
  

  <div id='related-posts'>
<b:loop values='data:post.labels' var='label'>
<b:if cond='data:label.isLast != &quot;true&quot;'>
</b:if>
<script expr:src='&quot;/feeds/posts/default/-/&quot; + data:label.name + &quot;?alt=json-in-script&amp;callback=related_results_labels_thumbs&amp;max-results=6&quot;' type='text/javascript'/></b:loop>
<script type='text/javascript'>
removeRelatedDuplicates_thumbs();
printRelatedLabels_thumbs(&quot;<data:post.url/>&quot;);
</script>
</div>
  
</b:if>

      <div style='clear: both;'/> <!-- clear for photos floats -->
    </div>

    <div class='post-footer'>

<div class='post-footer-line post-footer-line-'/>
<div class='post-footer-line post-footer-line-2'/>
<div class='post-footer-line post-footer-line-3'>

<!-- Feature added by BTemplates.com -->
	<b:include data='post' name='postQuickEdit'/>
</div></div>
</div>
</div>

<b:if cond='data:blog.pageType == &quot;item&quot;'>
<!-- navigation -->
<b:include name='nextprev'/>
</b:if>

</b:includable>
            <b:includable id='postQuickEdit' var='post'>
  <b:if cond='data:post.editUrl'>
    <span expr:class='&quot;item-control &quot; + data:post.adminClass'>
      <a expr:href='data:post.editUrl' expr:title='data:top.editPostMsg'>
        <img alt='' class='icon-action' height='18' src='http://img2.blogblog.com/img/icon18_edit_allbkg.gif' width='18'/>
      </a>
    </span>
  </b:if>
</b:includable>
            <b:includable id='shareButtons' var='post'>
  <b:if cond='data:top.showEmailButton'><a class='goog-inline-block share-button sb-email' expr:href='data:post.sharePostUrl + &quot;&amp;target=email&quot;' expr:title='data:top.emailThisMsg' target='_blank'><span class='share-button-link-text'><data:top.emailThisMsg/></span></a></b:if><b:if cond='data:top.showBlogThisButton'><a class='goog-inline-block share-button sb-blog' expr:href='data:post.sharePostUrl + &quot;&amp;target=blog&quot;' expr:onclick='&quot;window.open(this.href, \&quot;_blank\&quot;, \&quot;height=270,width=475\&quot;); return false;&quot;' expr:title='data:top.blogThisMsg' target='_blank'><span class='share-button-link-text'><data:top.blogThisMsg/></span></a></b:if><b:if cond='data:top.showTwitterButton'><a class='goog-inline-block share-button sb-twitter' expr:href='data:post.sharePostUrl + &quot;&amp;target=twitter&quot;' expr:title='data:top.shareToTwitterMsg' target='_blank'><span class='share-button-link-text'><data:top.shareToTwitterMsg/></span></a></b:if><b:if cond='data:top.showFacebookButton'><a class='goog-inline-block share-button sb-facebook' expr:href='data:post.sharePostUrl + &quot;&amp;target=facebook&quot;' expr:onclick='&quot;window.open(this.href, \&quot;_blank\&quot;, \&quot;height=430,width=640\&quot;); return false;&quot;' expr:title='data:top.shareToFacebookMsg' target='_blank'><span class='share-button-link-text'><data:top.shareToFacebookMsg/></span></a></b:if><b:if cond='data:top.showOrkutButton'><a class='goog-inline-block share-button sb-orkut' expr:href='data:post.sharePostUrl + &quot;&amp;target=orkut&quot;' expr:title='data:top.shareToOrkutMsg' target='_blank'><span class='share-button-link-text'><data:top.shareToOrkutMsg/></span></a></b:if><b:if cond='data:top.showDummy'><div class='goog-inline-block dummy-container'><data:post.dummyTag/></div></b:if>
</b:includable>
            <b:includable id='status-message'>
  <b:if cond='data:navMessage'>
  <div class='status-msg-wrap'>
    <div class='status-msg-body'>
      <data:navMessage/>
    </div>
    <div class='status-msg-border'>
      <div class='status-msg-bg'>
        <div class='status-msg-hidden'><data:navMessage/></div>
      </div>
    </div>
  </div>
  <div style='clear: both;'/>
  </b:if>
</b:includable>
            <b:includable id='threaded-comment-form' var='post'>
  <div class='comment-form'>
    <a name='comment-form'/>
    <b:if cond='data:mobile'>
      <p><data:blogCommentMessage/></p>
      <data:blogTeamBlogMessage/>
      <a expr:href='data:post.commentFormIframeSrc' id='comment-editor-src'/>
      <iframe allowtransparency='true' class='blogger-iframe-colorize blogger-comment-from-post' frameborder='0' height='410' id='comment-editor' name='comment-editor' src='' style='display: none' width='100%'/>
    <b:else/>
      <p><data:blogCommentMessage/></p>
      <data:blogTeamBlogMessage/>
      <a expr:href='data:post.commentFormIframeSrc' id='comment-editor-src'/>
      <iframe allowtransparency='true' class='blogger-iframe-colorize blogger-comment-from-post' frameborder='0' height='410' id='comment-editor' name='comment-editor' src='' width='100%'/>
    </b:if>
    <data:post.friendConnectJs/>
    <data:post.cmtfpIframe/>
    <script type='text/javascript'>
      BLOG_CMT_createIframe(&#39;<data:post.appRpcRelayPath/>&#39;, &#39;<data:post.communityId/>&#39;);
    </script>
  </div>
</b:includable>
            <b:includable id='threaded_comment_js' var='post'>
  <script async='async' expr:src='data:post.commentSrc' type='text/javascript'/>

  <script type='text/javascript'>
    (function() {
      var items = <data:post.commentJso/>;
      var msgs = <data:post.commentMsgs/>;
      var config = <data:post.commentConfig/>;

// <![CDATA[
      var cursor = null;
      if (items && items.length > 0) {
        cursor = parseInt(items[items.length - 1].timestamp) + 1;
      }

      var bodyFromEntry = function(entry) {
        if (entry.gd$extendedProperty) {
          for (var k in entry.gd$extendedProperty) {
            if (entry.gd$extendedProperty[k].name == 'blogger.contentRemoved') {
              return '<span class="deleted-comment">' + entry.content.$t + '</span>';
            }
          }
        }
        return entry.content.$t;
      }

      var parse = function(data) {
        cursor = null;
        var comments = [];
        if (data && data.feed && data.feed.entry) {
          for (var i = 0, entry; entry = data.feed.entry[i]; i++) {
            var comment = {};
            // comment ID, parsed out of the original id format
            var id = /blog-(\d+).post-(\d+)/.exec(entry.id.$t);
            comment.id = id ? id[2] : null;
            comment.body = bodyFromEntry(entry);
            comment.timestamp = Date.parse(entry.published.$t) + '';
            if (entry.author && entry.author.constructor === Array) {
              var auth = entry.author[0];
              if (auth) {
                comment.author = {
                  name: (auth.name ? auth.name.$t : undefined),
                  profileUrl: (auth.uri ? auth.uri.$t : undefined),
                  avatarUrl: (auth.gd$image ? auth.gd$image.src : undefined)
                };
              }
            }
            if (entry.link) {
              if (entry.link[2]) {
                comment.link = comment.permalink = entry.link[2].href;
              }
              if (entry.link[3]) {
                var pid = /.*comments\/default\/(\d+)\?.*/.exec(entry.link[3].href);
                if (pid && pid[1]) {
                  comment.parentId = pid[1];
                }
              }
            }
            comment.deleteclass = 'item-control blog-admin';
            if (entry.gd$extendedProperty) {
              for (var k in entry.gd$extendedProperty) {
                if (entry.gd$extendedProperty[k].name == 'blogger.itemClass') {
                  comment.deleteclass += ' ' + entry.gd$extendedProperty[k].value;
                }
              }
            }
            comments.push(comment);
          }
        }
        return comments;
      };

      var paginator = function(callback) {
        if (hasMore()) {
          var url = config.feed + '?alt=json&v=2&orderby=published&reverse=false&max-results=50';
          if (cursor) {
            url += '&published-min=' + new Date(cursor).toISOString();
          }
          window.bloggercomments = function(data) {
            var parsed = parse(data);
            cursor = parsed.length < 50 ? null
                : parseInt(parsed[parsed.length - 1].timestamp) + 1
            callback(parsed);
            window.bloggercomments = null;
          }
          url += '&callback=bloggercomments';
          var script = document.createElement('script');
          script.type = 'text/javascript';
          script.src = url;
          document.getElementsByTagName('head')[0].appendChild(script);
        }
      };
      var hasMore = function() {
        return !!cursor;
      };
      var getMeta = function(key, comment) {
        if ('iswriter' == key) {
          var matches = !!comment.author
              && comment.author.name == config.authorName
              && comment.author.profileUrl == config.authorUrl;
          return matches ? 'true' : '';
        } else if ('deletelink' == key) {
          return config.baseUri + '/delete-comment.g?blogID='
               + config.blogId + '&postID=' + comment.id;
        } else if ('deleteclass' == key) {
          return comment.deleteclass;
        }
        return '';
      };

      var replybox = null;
      var replyUrlParts = null;
      var replyParent = undefined;

      var onReply = function(commentId, domId) {
        if (replybox == null) {
          // lazily cache replybox, and adjust to suit this style:
          replybox = document.getElementById('comment-editor');
          if (replybox != null) {
            replybox.height = '250px';
            replybox.style.display = 'block';
            replyUrlParts = replybox.src.split('#');
          }
        }
        if (replybox && (commentId !== replyParent)) {
          document.getElementById(domId).insertBefore(replybox, null);
          replybox.src = replyUrlParts[0]
              + (commentId ? '&parentID=' + commentId : '')
              + '#' + replyUrlParts[1];
          replyParent = commentId;
        }
      };

      var hash = (window.location.hash || '#').substring(1);
      var startThread, targetComment;
      if (/^comment-form_/.test(hash)) {
        startThread = hash.substring('comment-form_'.length);
      } else if (/^c[0-9]+$/.test(hash)) {
        targetComment = hash.substring(1);
      }

      // Configure commenting API:
      var configJso = {
        'maxDepth': config.maxThreadDepth
      };
      var provider = {
        'id': config.postId,
        'data': items,
        'loadNext': paginator,
        'hasMore': hasMore,
        'getMeta': getMeta,
        'onReply': onReply,
        'rendered': true,
        'initComment': targetComment,
        'initReplyThread': startThread,
        'config': configJso,
        'messages': msgs
      };

      var render = function() {
        if (window.goog && window.goog.comments) {
          var holder = document.getElementById('comment-holder');
          window.goog.comments.render(holder, provider);
        }
      };

      // render now, or queue to render when library loads:
      if (window.goog && window.goog.comments) {
        render();
      } else {
        window.goog = window.goog || {};
        window.goog.comments = window.goog.comments || {};
        window.goog.comments.loadQueue = window.goog.comments.loadQueue || [];
        window.goog.comments.loadQueue.push(render);
      }
    })();
// ]]>
  </script>
</b:includable>
            <b:includable id='threaded_comments' var='post'>
  <div class='comments' id='comments'>
    <a name='comments'/>
    <h4>
      <b:if cond='data:post.numComments == 1'>
        1 <data:commentLabel/>:
      <b:else/>
        <data:post.numComments/> <data:commentLabelPlural/>:
      </b:if>
    </h4>

    <div class='comments-content'>
      <b:if cond='data:post.embedCommentForm'>
        <b:include data='post' name='threaded_comment_js'/>
      </b:if>
      <div id='comment-holder'>
         <data:post.commentHtml/>
      </div>
    </div>

    <p class='comment-footer'>
      <b:if cond='data:post.allowNewComments'>
        <b:include data='post' name='threaded-comment-form'/>
      <b:else/>
        <data:post.noNewCommentsText/>
      </b:if>
    </p>

    <b:if cond='data:showCmtPopup'>
      <div id='comment-popup'>
        <iframe allowtransparency='true' frameborder='0' id='comment-actions' name='comment-actions' scrolling='no'>
        </iframe>
      </div>
    </b:if>

    <div id='backlinks-container'>
    <div expr:id='data:widget.instanceId + &quot;_backlinks-container&quot;'>
       <b:if cond='data:post.showBacklinks'>
         <b:include data='post' name='backlinks'/>
       </b:if>
    </div>
    </div>
  </div>
</b:includable>
          </b:widget>
        </b:section>
      </div>

      <div id='rsidebar-wrapper'>
        <b:section class='sidebar' id='sidebarright' preferred='yes'>
          <b:widget id='HTML2' locked='false' title='' type='HTML'>
            <b:includable id='main'>
  <!-- only display title if it's non-empty -->
  <b:if cond='data:title != &quot;&quot;'>
    <h2 class='title'><data:title/></h2>
  </b:if>
  <div class='widget-content'>
    <data:content/>
  </div>

  <b:include name='quickedit'/>
</b:includable>
          </b:widget>
          <b:widget id='PopularPosts1' locked='false' title='What&apos;s HOT' type='PopularPosts'>
            <b:includable id='main'>
  <b:if cond='data:title'><h2><data:title/></h2></b:if>
  <div class='widget-content popular-posts'>
    <ul>
      <b:loop values='data:posts' var='post'>
      <li>
        <b:if cond='data:showThumbnails == &quot;false&quot;'>
          <b:if cond='data:showSnippets == &quot;false&quot;'>
            <!-- (1) No snippet/thumbnail -->
            <a expr:href='data:post.href'><data:post.title/></a>
          <b:else/>
            <!-- (2) Show only snippets -->
            <div class='item-title'><a expr:href='data:post.href'><data:post.title/></a></div>
            <div class='item-snippet'><data:post.snippet/></div>
          </b:if>
        <b:else/>
          <b:if cond='data:showSnippets == &quot;false&quot;'>
            <!-- (3) Show only thumbnails -->
            <div class='item-thumbnail-only'>
              <b:if cond='data:post.thumbnail'>
                <div class='item-thumbnail'>
                  <a expr:href='data:post.href' target='_blank'>
                    <img alt='' border='0' expr:height='data:thumbnailSize' expr:src='data:post.thumbnail' expr:width='data:thumbnailSize'/>
                  </a>
                </div>
              </b:if>
              <div class='item-title'><a expr:href='data:post.href'><data:post.title/></a></div>
            </div>
            <div style='clear: both;'/>
          <b:else/>
            <!-- (4) Show snippets and thumbnails -->
            <div class='item-content'>
              <b:if cond='data:post.thumbnail'>
                <div class='item-thumbnail'>
                  <a expr:href='data:post.href' target='_blank'>
                    <img alt='' border='0' expr:height='data:thumbnailSize' expr:src='data:post.thumbnail' expr:width='data:thumbnailSize'/>
                  </a>
                </div>
              </b:if>
              <div class='item-title'><a expr:href='data:post.href'><data:post.title/></a></div>
              <div class='item-snippet'><data:post.snippet/></div>
            </div>
            <div style='clear: both;'/>
          </b:if>
        </b:if>
      </li>
      </b:loop>
    </ul>
    <b:include name='quickedit'/>
  </div>
</b:includable>
          </b:widget>
          <b:widget id='HTML1' locked='false' title='Follow us on FB' type='HTML'>
            <b:includable id='main'>
  <!-- only display title if it's non-empty -->
  <b:if cond='data:title != &quot;&quot;'>
    <h2 class='title'><data:title/></h2>
  </b:if>
  <div class='widget-content'>
    <data:content/>
  </div>

  <b:include name='quickedit'/>
</b:includable>
          </b:widget>
          <b:widget id='Image1' locked='false' title='Sponsors' type='Image'>
            <b:includable id='main'>
    <b:if cond='data:title != &quot;&quot;'>
      <h2><data:title/></h2>
    </b:if>
    <div class='widget-content'>
      <b:if cond='data:link != &quot;&quot;'>
        <a expr:href='data:link'>
          <img expr:alt='data:title' expr:height='data:height' expr:id='data:widget.instanceId + &quot;_img&quot;' expr:src='data:sourceUrl' expr:width='data:width'/>
        </a>
      <b:else/>
        <img expr:alt='data:title' expr:height='data:height' expr:id='data:widget.instanceId + &quot;_img&quot;' expr:src='data:sourceUrl' expr:width='data:width'/>
      </b:if>
      <br/>
      <b:if cond='data:caption != &quot;&quot;'>
        <span class='caption'><data:caption/></span>
      </b:if>
    </div>
    <b:include name='quickedit'/>
  </b:includable>
          </b:widget>
          <b:widget id='HTML6' locked='false' title='Follow us on Google+' type='HTML'>
            <b:includable id='main'>
  <!-- only display title if it's non-empty -->
  <b:if cond='data:title != &quot;&quot;'>
    <h2 class='title'><data:title/></h2>
  </b:if>
  <div class='widget-content'>
    <data:content/>
  </div>

  <b:include name='quickedit'/>
</b:includable>
          </b:widget>
          <b:widget id='Navbar1' locked='true' title='Navbar' type='Navbar'>
            <b:includable id='main'>&lt;script type=&quot;text/javascript&quot;&gt;
    function setAttributeOnload(object, attribute, val) {
      if(window.addEventListener) {
        window.addEventListener(&#39;load&#39;,
          function(){ object[attribute] = val; }, false);
      } else {
        window.attachEvent(&#39;onload&#39;, function(){ object[attribute] = val; });
      }
    }
  &lt;/script&gt;
&lt;div id=&quot;navbar-iframe-container&quot;&gt;&lt;/div&gt;
&lt;script type=&quot;text/javascript&quot; src=&quot;https://apis.google.com/js/plusone.js&quot;&gt;&lt;/script&gt;
&lt;script type=&quot;text/javascript&quot;&gt;
        gapi.load(&quot;iframes-styles-bubble&quot;, function() {
          if (window.iframes &amp;&amp; iframes.open) {
            iframes.open(
                &#39;//www.blogger.com/navbar.g?targetBlogID\758345614540033333441\46blogName\75Pakistani+Magazine+\46publishMode\75PUBLISH_MODE_BLOGSPOT\46navbarType\75LIGHT\46layoutType\75LAYOUTS\46searchRoot\75http://pakimagtheme.blogspot.com/search\46blogLocale\75en_GB\46v\0752\46homepageUrl\75http://pakimagtheme.blogspot.com/\46blogFollowUrl\75https://plus.google.com/106374439082237286396\46vt\75-2367465641901617364&#39;,
                {
                  container: &quot;navbar-iframe-container&quot;,
                  id: &quot;navbar-iframe&quot;
                },
                {
                });
          }
        });
      &lt;/script&gt;&lt;script type=&quot;text/javascript&quot;&gt;
(function() {
var script = document.createElement(&#39;script&#39;);
script.type = &#39;text/javascript&#39;;
script.src = &#39;//pagead2.googlesyndication.com/pagead/js/google_top_exp.js&#39;;
var head = document.getElementsByTagName(&#39;head&#39;)[0];
if (head) {
head.appendChild(script);
}})();
&lt;/script&gt;
</b:includable>
          </b:widget>
          <b:widget id='BlogArchive1' locked='false' title='Blog Archive' type='BlogArchive'>
            <b:includable id='main'>
  <b:if cond='data:title'>
    <h2><data:title/></h2>
  </b:if>
  <div class='widget-content'>
  <div id='ArchiveList'>
  <div expr:id='data:widget.instanceId + &quot;_ArchiveList&quot;'>
    <b:if cond='data:style == &quot;HIERARCHY&quot;'>
     <b:include data='data' name='interval'/>
    </b:if>
    <b:if cond='data:style == &quot;FLAT&quot;'>
      <b:include data='data' name='flat'/>
    </b:if>
    <b:if cond='data:style == &quot;MENU&quot;'>
      <b:include data='data' name='menu'/>
    </b:if>
  </div>
  </div>
  <b:include name='quickedit'/>
  </div>
</b:includable>
            <b:includable id='flat' var='data'>
  <ul class='flat'>
    <b:loop values='data:data' var='i'>
      <li class='archivedate'>
        <a expr:href='data:i.url'><data:i.name/></a> (<data:i.post-count/>)
      </li>
    </b:loop>
  </ul>
</b:includable>
            <b:includable id='interval' var='intervalData'>
  <b:loop values='data:intervalData' var='i'>
      <ul class='hierarchy'>
        <li expr:class='&quot;archivedate &quot; + data:i.expclass'>
          <b:include data='i' name='toggle'/>
          <a class='post-count-link' expr:href='data:i.url'><data:i.name/></a>
            <span class='post-count' dir='ltr'>(<data:i.post-count/>)</span>
          <b:if cond='data:i.data'>
            <b:include data='i.data' name='interval'/>
          </b:if>
          <b:if cond='data:i.posts'>
            <b:include data='i.posts' name='posts'/>
          </b:if>
        </li>
      </ul>
  </b:loop>
</b:includable>
            <b:includable id='menu' var='data'>
  <select expr:id='data:widget.instanceId + &quot;_ArchiveMenu&quot;'>
    <option value=''><data:title/></option>
    <b:loop values='data:data' var='i'>
      <option expr:value='data:i.url'><data:i.name/> (<data:i.post-count/>)</option>
    </b:loop>
  </select>
</b:includable>
            <b:includable id='posts' var='posts'>
  <ul class='posts'>
    <b:loop values='data:posts' var='i'>
      <li><a expr:href='data:i.url'><data:i.title/></a></li>
    </b:loop>
  </ul>
</b:includable>
            <b:includable id='toggle' var='interval'>
  <b:if cond='data:interval.toggleId'>
  <b:if cond='data:interval.expclass == &quot;expanded&quot;'>
    <a class='toggle' href='javascript:void(0)'>
      <span class='zippy toggle-open'>&#9660;&#160;</span>
    </a>
  <b:else/>
    <a class='toggle' href='javascript:void(0)'>
      <span class='zippy'>
        <b:if cond='data:blog.languageDirection == &quot;rtl&quot;'>
          &#9668;&#160;
        <b:else/>
          &#9658;&#160;
        </b:if>
      </span>
    </a>
  </b:if>
 </b:if>
</b:includable>
          </b:widget>
        </b:section>


<p/></div>

      <!-- spacer for skins that want sidebar and main to be the same height-->
      <div class='clear'>&#160;</div>

    </div> <!-- end content-wrapper -->
	

 </div></div></div> <!-- end outer-wrapper -->


    <div class='flagwarp'><div id='PakFlag'/> </div> <div id='footer-bac'/>
<div id='footer-widgets-container'>
<div class='clearfix' id='footer-widgets'>
<div id='footer-wrap'>

<div class='footer-widget-box'>
<ul class='widget-container'>
<li>
<b:section class='footersec' id='footersec1' showaddelement='yes'>
  <b:widget id='HTML5' locked='false' title='Blogger news' type='HTML'>
    <b:includable id='main'>
  <!-- only display title if it's non-empty -->
  <b:if cond='data:title != &quot;&quot;'>
    <h2 class='title'><data:title/></h2>
  </b:if>
  <div class='widget-content'>
    <data:content/>
  </div>

  <b:include name='quickedit'/>
</b:includable>
  </b:widget>
</b:section>
</li>
</ul>
</div>

<div class='footer-widget-box'>
<ul class='widget-container'>
<li>
<b:section class='footersec' id='footersec2' showaddelement='yes'>
  <b:widget id='HTML4' locked='false' title='Blogroll' type='HTML'>
    <b:includable id='main'>
  <!-- only display title if it's non-empty -->
  <b:if cond='data:title != &quot;&quot;'>
    <h2 class='title'><data:title/></h2>
  </b:if>
  <div class='widget-content'>
    <data:content/>
  </div>

  <b:include name='quickedit'/>
</b:includable>
  </b:widget>
</b:section>
</li>
</ul>
</div>

<div class='footer-widget-box footer-widget-box-last'>
<ul class='widget-container'>
<li>
<b:section class='footersec' id='footersec3' showaddelement='yes'>
  <b:widget id='HTML3' locked='false' title='' type='HTML'>
    <b:includable id='main'>
  <!-- only display title if it's non-empty -->
  <b:if cond='data:title != &quot;&quot;'>
    <h2 class='title'><data:title/></h2>
  </b:if>
  <div class='widget-content'>
    <data:content/>
  </div>

  <b:include name='quickedit'/>
</b:includable>
  </b:widget>
</b:section>
</li>
</ul>
</div>
</div>
</div></div>
<div style='clear:both;'/>
<div id='footer-container'>
<div id='footer'>   
<div id='copyrights'>
<div id='copyrights-wrap'>
Copyright &amp;copy; <script type='text/javascript'>var creditsyear = new Date();document.write(creditsyear.getFullYear());</script> <a expr:href='data:blog.homepageUrl'><data:blog.title/></a> | Powered by <a href='http://www.blogger.com/'>Blogger</a> 
  <div id='authorrights'>Designed by <a href='http://www.templateism.com' id='mycontent'>Templateism</a> | <a href='http://www.pakistan66.com' id='mysponsor'>Pakistan66</a></div>   
</div>   </div>  
 
</div><!-- #footer -->
</div>
<div style='clear:both;'/>

     <!--Page Navigation Starts-->
<b:if cond='data:blog.pageType != &quot;item&quot;'>
<b:if cond='data:blog.pageType != &quot;static_page&quot;'>
<script type='text/javascript'>
var pageCount=4;
var displayPageNum=5;
var upPageWord =&#39;Previous&#39;;
var downPageWord =&#39;Next&#39;;
</script>
<script src='https://btemplateism.googlecode.com/files/blogger_pagenavi_min.js' type='text/javascript'/>
</b:if>
</b:if>
<!--Page Navigation Ends -->
 
</body>
</html>