<?xml version="1.0" encoding="UTF-8" ?>
<!DOCTYPE html PUBLIC "-//W3C//DTD XHTML 1.0 Strict//ES" "http://www.w3.org/TR/xhtml1/DTD/xhtml1-strict.dtd">
<html xmlns='http://www.w3.org/1999/xhtml' xmlns:b='http://www.google.com/2005/gml/b' xmlns:data='http://www.google.com/2005/gml/data' xmlns:expr='http://www.google.com/2005/gml/expr'>
  <head>
<script src='http://ajax.googleapis.com/ajax/libs/jquery/1.4.2/jquery.min.js' type='text/javascript'/>

    <b:include data='blog' name='all-head-content'/>



<SCRIPT type='text/javascript'> var thumbnail_mode = &quot;no-float&quot; ; summary_noimg = 500; summary_img = 470; img_thumb_height = 125; img_thumb_width = 125; </SCRIPT> 

<script type='text/javascript'>

//<![CDATA[
function removeHtmlTag(strx,chop){ 
	if(strx.indexOf("<")!=-1)
	{
		var s = strx.split("<"); 
		for(var i=0;i<s.length;i++){ 
			if(s[i].indexOf(">")!=-1){ 
				s[i] = s[i].substring(s[i].indexOf(">")+1,s[i].length); 
			} 
		} 
		strx =  s.join(""); 
	}
	chop = (chop < strx.length-1) ? chop : strx.length-2; 
	while(strx.charAt(chop-1)!=' ' && strx.indexOf(' ',chop)!=-1) chop++; 
	strx = strx.substring(0,chop-1); 
	return strx+'...'; 
}

function createSummaryAndThumb(pID){
	var div = document.getElementById(pID);
	var imgtag = "";
	var img = div.getElementsByTagName("img");
	var summ = summary_noimg;
	if(img.length>=1) {	
		imgtag = '<div class="thumbnail"><img src="'+img[0].src+'" width="'+img_thumb_width+'px" height="'+img_thumb_height+'px"/></div>';
		summ = summary_img;
	}
	
	if(img.length<1) {	
		imgtag = '<div class="thumbnail"><img src="http://4.bp.blogspot.com/_0s-GnnHKfng/TFG8RLxcXiI/AAAAAAAAAHQ/ZrAp7L9OBP4/s1600/ni.jpg" width="125px" height="125px"/></div>';
		summ = summary_img;
	}
	
	var summary = imgtag + '<div style="padding-top:14px;padding-right:10px;">' + removeHtmlTag(div.innerHTML,summ) + '</div>';
	div.innerHTML = summary;
}




//]]>

</script>

    <title><data:blog.pageTitle/></title>
    <b:skin><![CDATA[/*

/*---------------------------------------------
      Blogger Template 
-----------------------------------------------

Name           : Queensha Blogger Template
Converted by   : Kumar
Converters URI : http://www.bloggertheme.net/

License:  This free Blogger template is licensed under the Creative Commons Attribution 3.0 License, which permits both personal and commercial use.
However, to satisfy the 'attribution' clause of the license, you are required to keep the footer links intact which provides due credit to its authors. For more specific details about the license, you may visit the URL below:
http://creativecommons.org/licenses/by/3.0/

-----------------------------------------------
WP.Author Name : Camelgraph.com
WP.Author URI  : http://camelgraph.com/

----------------------------------------------- */

/*-- (Hiding the navbar) --*/
#navbar-iframe {
   height:0px;
   visibility:hidden;
   display:none;
}


* html img,
* html .png {
position:relative;
behavior: expression((this.runtimeStyle.behavior="none")&&(this.pngSet?this.pngSet=true:(this.nodeName == "IMG" && this.src.toLowerCase().indexOf('.png')>-1?(this.runtimeStyle.backgroundImage = "none",
this.runtimeStyle.filter = "progid:DXImageTransform.Microsoft.AlphaImageLoader(src='" + this.src + "', sizingMethod='image')",
this.src = "transparent.gif"):(this.origBg = this.origBg? this.origBg :this.currentStyle.backgroundImage.toString().replace('url("','').replace('")',''),
this.runtimeStyle.filter = "progid:DXImageTransform.Microsoft.AlphaImageLoader(src='" + this.origBg + "', sizingMethod='crop')",
this.runtimeStyle.backgroundImage = "none")),this.pngSet=true)
);
}


html, body, div, span, applet, object, iframe,h1, h2, h3, h4, h5, h6, p, blockquote, pre, abbr, del, dfn, em, font, img, ins, kbd, q, s, samp, acronym, address, big, cite,small, strike,text, strong, sub, sup, tt, var,dl, dt, dd,fieldset, label, legend,table, caption, tbody, tfoot, thead, tr, th, td {font-size:100%;font-family:inherit;vertical-align:baseline;margin:0;padding:0;border:0;outline:0;font-weight:inherit;font-style:inherit;}caption, th, td {text-align:left;font-weight:normal;}table {border-collapse:separate;border-spacing:0;}blockquote:before,blockquote:after,q:before,q:after {content: "";}blockquote, q {quotes: "" "";}
* {margin:0;padding:0;}

body{ font-family:"Segoe UI",Calibri,"Myriad Pro",Myriad,"Trebuchet MS",Helvetica,Arial,sans-serif;font-size:13px;color: #3e3e3e; background: #000 url(http://4.bp.blogspot.com/_v5Bt2NHC-zQ/TIkOevsS6wI/AAAAAAAAAM0/d3bkdhpy4W8/s1600/body-bg.jpg) no-repeat top center ; }

.clear{ clear: both; }
a {color:#2E8F12;text-decoration:none} 
a:hover {color:#F7951C;} 

img.aligncenter {margin: 0 auto;display: block;}
img.alignleft {float: left;margin: 5px 10px 0 0;display: inline;}
img.alignright {float: right;display: inline;margin: 5px 0 0 10px;}
.alignleft{float:left;margin-right:8px;}
.alignright{float:right;margin-left:8px;}
	
blockquote {background: #F8FDEE url(http://2.bp.blogspot.com/_v5Bt2NHC-zQ/TIkOt0XrGII/AAAAAAAAAOE/eUEdNC9Lq-I/s1600/quote.png) no-repeat top left;font-style: italic;margin-top:10px;margin-bottom:10px;padding:15px 15px 15px 30px;}


code { background:#FFFFB3 none repeat scroll 0 0;color:blue;font-family:inherit;font-size:11px;}

.search{float:left;width:225px;height:40px;display:inline;padding-top:5px;background:url(http://4.bp.blogspot.com/_v5Bt2NHC-zQ/TIkO2v9aplI/AAAAAAAAAOs/3bz8w0fx3Zg/s1600/search-bg.png) no-repeat;margin:20px 0 20px 30px}
input#s { height:24px;padding-top:5px;width:160px; color:#73950D;border:medium none;display:inline;float:left;margin:5px 0 0 15px}
input#searchsubmit {color:#fff; background:url(http://1.bp.blogspot.com/_v5Bt2NHC-zQ/TIkO2AVZMCI/AAAAAAAAAOk/oRJraLRy8es/s1600/search.png) no-repeat  top left;border:none;width:32px;height:32px;text-indent:-9999px;}
input#searchsubmit:hover {background:url(http://3.bp.blogspot.com/_v5Bt2NHC-zQ/TIkO21i8-NI/AAAAAAAAAO0/SJDC8qLSqpE/s1600/search-hover.png) no-repeat  top left}
.searchtitle {margin-left:10px;font-size:20px;margin-bottom:10px;}

/*-------------Upper-part Layout------------*/
#header-wrap	{margin: 0 auto 60px; height:100px;width:1000px;}
#logo { float:left;height:70px;margin:40px 0 0 20px;}
#logo h1{background: url(http://2.bp.blogspot.com/_v5Bt2NHC-zQ/TIkOnRXBvhI/AAAAAAAAANs/uZdohO1iT98/s1600/logo.png) top left no-repeat; text-indent: -9999px;float:left;width:279px;height:69px;}


/* Menu WRAP */ 
#menu-wrap { margin: 0px auto 30px; width: 998px; height:30px; background:url(http://1.bp.blogspot.com/_v5Bt2NHC-zQ/TIkO92ZS8-I/AAAAAAAAAPM/A3SVPHFcoHw/s1600/top-menu.png) }
#menu-wrap ul{float:left;padding-top:5px;margin-left:15px;}
#menu-wrap ul li {display:inline;margin-right:20px;font-size:12px;font-weight:bold;}
#menu-wrap ul li a {color:#fff;padding:1px;line-height:14px;text-decoration:none}
#menu-wrap ul li a:hover {color:#65B54F;}


/*container */
#top-container { width:1003px; background:transparent url(http://2.bp.blogspot.com/_v5Bt2NHC-zQ/TIkO37BvqbI/AAAAAAAAAPE/FmmonsUSzMo/s1600/top-container.png) no-repeat ;margin:0 auto ;height:45px}
#container { width:1003px; background:transparent url(http://1.bp.blogspot.com/_v5Bt2NHC-zQ/TIkOmR-onVI/AAAAAAAAANU/Nr3_s_xdciw/s1600/container.png) repeat-y ;margin:0 auto ;padding-bottom:20px; }
#bottom-container { width:1003px; background:transparent url(http://3.bp.blogspot.com/_v5Bt2NHC-zQ/TIkOe0Ro74I/AAAAAAAAAM8/DgLVYWe464w/s1600/bottom-container.png) no-repeat ;margin:0 auto 60px ;height:49px}

/* Share Area*/
.home-share {float:left;width:60px;margin:15px 0 0 10px}
.share-buttons {width:70px;height:80px;}


#content {width:616px;float:left;display:inline;padding:0 0 10px 0;margin-left:30px}
#sidebar {width:310px; float:left;display:inline;margin:0 0 0 10px;padding:10px 0 10px 0;background:#F0F9E0} 
#gallery {width:616px; height:320px; margin:0 0 20px 0;float:left;display:inline;border-bottom:1px solid #DBE3E9;}
#twitter{padding:20px}


#post-wrap{display:inline;float:left;margin-left:10px; min-width:450px;} 
 #ads-wrap {width:270px; float:left;display:inline;margin:0 0 10px 20px;}  
#ads-image {margin:5px 0 5px 0}
.ads {padding-left:4px;margin-bottom:5px;height:125px;width:125px} 
#ads468 {float:right;display:inline;margin:45px 20px 0 0;width:470px}

.post-home {float:left;width:600px;background:#fff url(http://4.bp.blogspot.com/_v5Bt2NHC-zQ/TIkOtXGfQQI/AAAAAAAAAN8/Dap-2DelzoU/s1600/post-bottom.jpg) no-repeat bottom left;margin:10px 0 10px 0;padding: 0 0 15px 0 }
.post-home h2 {margin:10px 0 0 60px;font-weight:bold;}
.post-home li {margin-left:40px;}
.post-home ul,ol {margin-top:10px;margin-bottom:10px}
.single{margin-left: 10px}
.post-head{float:left;display:inline;background:#fff url(http://3.bp.blogspot.com/_v5Bt2NHC-zQ/TIkOn7_w3uI/AAAAAAAAAN0/Gz7s0DDNBSE/s1600/postbg.jpg) no-repeat top left}
.inside{height:50px}

.posttitle  {font-size:18px; color:#73950D;text-decoration:none}
.posttitle a:hover {color:#F7951C}
.date {font-size:10px;margin-left:60px;display: inline;float:left;} 
.date a {color:#8FC321;text-decoration:none;font-weight:bold} 
.date a:hover {color:#F7951C;} 
.thumbnail {float:left;display: inline;margin:15px 10px 10px 20px ;width:125px;height:125px}

.entryhome {font-size:13px;width:420px;float:left;display: inline;margin-top:15px;padding:0 0 20px 0}
.entryhome a {color:#F7951C}
.entryhome a:hover {color:#8FC321}

.postnav{float:left;display:inline;color:#999;margin:20px 20px 20px 190px;}
.postnav a{border:#ddd 1px solid;background-color:#fff;padding:3px 6px;text-decoration:none;font-size:11px;color:#999}
.postnav a:hover{border:#73950D 1px solid;background-color:#73950D;color:#fff;}
.postnav .page{margin:0;padding:0;background:none;display:inline;}
.postnav span.current{border:#A7D322 1px solid;color:#fff;padding:3px 6px;text-decoration:none;background-color:#73950D;}



/*----------Single-Page----------*/

.single-entry {font-size:13px;width:580px;float:left;display: inline;margin-top:15px;padding:0 0 20px 0}
.single-entry a {color:#F7951C}
.single-entry a:hover {color:#8FC321}

.postnav-inside{float:left;display:inline;width:570px;color:#999;margin:0;}
.postnav-inside a{border:#ddd 1px solid;background-color:#fff;padding:3px 6px;text-decoration:none;font-size:11px;color:#999}
.postnav-inside a:hover{border:#73950D 1px solid;background-color:#73950D;color:#fff;}
.postnav-inside .page{margin:0;padding:0;background:none;display:inline;}
.postnav-inside span.current{border:#A7D322 1px solid;color:#fff;padding:3px 6px;text-decoration:none;background-color:#73950D;}

.comment-nav{float:left;display:inline;color:#999;margin:0;}
.comment-nav a{border:#ddd 1px solid;background-color:#fff;padding:3px 6px;text-decoration:none;font-size:11px;color:#999}
.comment-nav a:hover{border:#73950D 1px solid;background-color:#73950D;color:#fff;}
.comment-nav .page{margin:0;padding:0;background:none;display:inline;}
.comment-nav span.current{border:#A7D322 1px solid;color:#fff;padding:3px 6px;text-decoration:none;background-color:#73950D;}


/* Right Sidebar area */
#feeds {font-size:12px;width:290px;height:141px; background: url(http://4.bp.blogspot.com/_v5Bt2NHC-zQ/TIkOm0QZd4I/AAAAAAAAANc/zPZPSvrDeXI/s1600/feed-bg.jpg);margin:0 0 20px 10px}

.textarea {background:#E8EEF3 none repeat scroll 0 0;border:medium none;font-size:12px;height:20px;margin:50px 0 5px 15px;padding:5px 0 0 5px;width:155px;}
#feeds a {font-size:11px;color:#FF7300;text-decoration:none}
#feeds p {color:#51616E;margin-left:15px;}


.right-widget{width:300px;float:left;display:inline;font-size:12px;padding-bottom:10px;}

#sidebar .BlogArchive , #sidebar .Profile , #sidebar .BloggerButton , #sidebar .Subscribe , #sidebar .Label , #sidebar .NewsBar , #sidebar .Feed ,
#sidebar .TextList , #sidebar .LinkList , #sidebar .BlogList , #sidebar .Poll , #sidebar .VideoBar ,
#sidebar .Slideshow , #sidebar .Image , #sidebar .Text , #sidebar .HTML , #sidebar .CustomSearch , #sidebar .Followers , .PageList { width:300px;float:left;display:inline;font-size:12px;padding-bottom:10px;}



#sidebar .BlogArchive h2, #sidebar .Profile h2, #sidebar .BloggerButton h2, #sidebar .Subscribe h2, #sidebar .Label h2, #sidebar .NewsBar h2, #sidebar .Feed h2, #sidebar .TextList h2, #sidebar .LinkList h2, #sidebar .BlogList h2, #sidebar .Poll h2, #sidebar .VideoBar h2,
#sidebar .Slideshow h2, #sidebar .Image h2, #sidebar .Text h2, #sidebar .HTML h2, #sidebar .CustomSearch h2, #sidebar .Followers h2, #sidebar .PageList h2   {background:url(http://2.bp.blogspot.com/_v5Bt2NHC-zQ/TIkOuiKUJEI/AAAAAAAAAOU/UP-Mh1czd1I/s1600/right-head.png) no-repeat;height:39px;padding:25px 0 0 80px;width:195px; font-weight:bold;width:255px;font-size:14px;color:#103E17;margin:0 0 20px 0}




#sidebar .BlogArchive ul, #sidebar .Profile ul, #sidebar .BloggerButton ul, #sidebar .Subscribe ul, #sidebar .Label ul, #sidebar .NewsBar ul, #sidebar .Feed ul, #sidebar .TextList ul, #sidebar .LinkList ul, #sidebar .BlogList ul, #sidebar .Poll ul, #sidebar .VideoBar ul,
#sidebar .Slideshow ul, #sidebar .Image ul, #sidebar .Text ul, #sidebar .HTML ul, #sidebar .CustomSearch ul, #sidebar .Followers ul, #sidebar .PageList ul  {list-style:url(http://1.bp.blogspot.com/_v5Bt2NHC-zQ/TIkOfGj1txI/AAAAAAAAANE/-aS1xo6hQ3A/s1600/bullet.png) outside;padding-left:25px;margin-left:30px;}

#sidebar .BlogArchive li, #sidebar .Profile li, #sidebar .BloggerButton li, #sidebar .Subscribe li, #sidebar .Label li, #sidebar .NewsBar li, #sidebar .Feed li, #sidebar .TextList li, #sidebar .LinkList li, #sidebar .BlogList li, #sidebar .Poll li, #sidebar .VideoBar li,
#sidebar .Slideshow li, #sidebar .Image li, #sidebar .Text li, #sidebar .HTML li, #sidebar .CustomSearch li, #sidebar .Followers li, #sidebar .PageList li {font-size:12px;line-height:14px;margin-bottom:5px}

#sidebar .BlogArchive a, #sidebar .Profile a, #sidebar .BloggerButton a, #sidebar .Subscribe a, #sidebar .Label a, #sidebar .NewsBar a, #sidebar .Feed a, #sidebar .TextList a, #sidebar .LinkList a, #sidebar .BlogList a, #sidebar .Poll a, #sidebar .VideoBar a,
#sidebar .Slideshow a, #sidebar .Image a, #sidebar .Text a, #sidebar .HTML a, #sidebar .CustomSearch a, #sidebar .Followers a, #sidebar .PageList a  {color:#2E8F12;text-decoration:none}

#sidebar .BlogArchive a:hover, #sidebar .Profile a:hover, #sidebar .BloggerButton a:hover, #sidebar .Subscribe a:hover, #sidebar .Label a:hover, #sidebar .NewsBar a:hover, #sidebar .Feed a:hover, #sidebar .TextList a:hover, #sidebar .LinkList a:hover, #sidebar .BlogList a:hover, #sidebar .Poll a:hover, #sidebar .VideoBar a:hover,
#sidebar .Slideshow a:hover, #sidebar .Image a:hover, #sidebar .Text a:hover, #sidebar .HTML a:hover, #sidebar .CustomSearch a:hover, #sidebar .Followers a:hover, #sidebar .PageList a:hover  {color:#F7951C;}


.textwidget {padding-left:35px;text-align:justify;width:230px;}
.video-widget{width:245px;float:left;display:inline;font-size:12px;padding-bottom:10px;padding-left:30px}

.bottom-widget{width:300px;float:left;display:inline;font-size:12px;margin:0 10px 10px}

.bottom-widgettwo{width:300px;float:left;display:inline;font-size:12px;margin:0 10px 10px}


.bottom-widgetthree{width:300px;float:left;display:inline;font-size:12px;margin:0 10px 10px}


#bottom-widget .BlogArchive h2, #bottom-widget .Profile h2, #bottom-widget .BloggerButton h2, #bottom-widget .Subscribe h2, #bottom-widget .Label h2, #bottom-widget .NewsBar h2, #bottom-widget .Feed h2, #bottom-widget .TextList h2, #bottom-widget .LinkList h2, #bottom-widget .BlogList h2, #bottom-widget .Poll h2, #bottom-widget .VideoBar h2,
#bottom-widget .Slideshow h2, #bottom-widget .Image h2, #bottom-widget .Text h2, #bottom-widget .HTML h2, #bottom-widget .CustomSearch h2, #bottom-widget .Followers h2, #bottom-widget .PageList h2  {background:url(http://2.bp.blogspot.com/_v5Bt2NHC-zQ/TIkOuiKUJEI/AAAAAAAAAOU/UP-Mh1czd1I/s1600/right-head.png) no-repeat;height:39px;padding:25px 0 0 80px;width:195px; font-weight:bold;width:210px;font-size:14px;text-transform:uppercase;color:#103E17;margin:0 0 20px 0}

#bottom-widgettwo .BlogArchive h2, #bottom-widgettwo .Profile h2, #bottom-widgettwo .BloggerButton h2, #bottom-widgettwo .Subscribe h2, #bottom-widgettwo .Label h2, #bottom-widgettwo .NewsBar h2, #bottom-widgettwo .Feed h2, #bottom-widgettwo .TextList h2, #bottom-widgettwo .LinkList h2, #bottom-widgettwo .BlogList h2, #bottom-widgettwo .Poll h2, #bottom-widgettwo .VideoBar h2,
#bottom-widgettwo .Slideshow h2, #bottom-widgettwo .Image h2, #bottom-widgettwo .Text h2, #bottom-widgettwo .HTML h2, #bottom-widgettwo .CustomSearch h2, #bottom-widgettwo .Followers h2, #bottom-widgettwo .PageList h2  {background:url(http://2.bp.blogspot.com/_v5Bt2NHC-zQ/TIkOuiKUJEI/AAAAAAAAAOU/UP-Mh1czd1I/s1600/right-head.png) no-repeat;height:39px;padding:25px 0 0 80px;width:195px; font-weight:bold;width:210px;font-size:14px;text-transform:uppercase;color:#103E17;margin:0 0 20px 0}

#bottom-widgetthree .BlogArchive h2, #bottom-widgetthree .Profile h2, #bottom-widgetthree .BloggerButton h2, #bottom-widgetthree .Subscribe h2, #bottom-widgetthree .Label h2, #bottom-widgetthree .NewsBar h2, #bottom-widgetthree .Feed h2, #bottom-widgetthree .TextList h2, #bottom-widgetthree .LinkList h2, #bottom-widgetthree .BlogList h2, #bottom-widgetthree .Poll h2, #bottom-widgetthree .VideoBar h2,
#bottom-widgetthree .Slideshow h2, #bottom-widgetthree .Image h2, #bottom-widgetthree .Text h2, #bottom-widgetthree .HTML h2, #bottom-widgetthree .CustomSearch h2, #bottom-widgetthree .Followers h2, #bottom-widgetthree .PageList h2  {background:url(http://2.bp.blogspot.com/_v5Bt2NHC-zQ/TIkOuiKUJEI/AAAAAAAAAOU/UP-Mh1czd1I/s1600/right-head.png) no-repeat;height:39px;padding:25px 0 0 80px;width:195px; font-weight:bold;width:210px;font-size:14px;text-transform:uppercase;color:#103E17;margin:0 0 20px 0}


.bottom-widget ul {list-style:url(http://1.bp.blogspot.com/_v5Bt2NHC-zQ/TIkOfGj1txI/AAAAAAAAANE/-aS1xo6hQ3A/s1600/bullet.png) outside;padding-left:15px;margin-left:30px;}
.bottom-widget li {font-size:12px;line-height:14px;margin-bottom:5px}
.bottom-widget a {color:#2E8F12;text-decoration:none}
.bottom-widget a:hover {color:#F7951C;}

.bottom-widgettwo ul {list-style:url(http://1.bp.blogspot.com/_v5Bt2NHC-zQ/TIkOfGj1txI/AAAAAAAAANE/-aS1xo6hQ3A/s1600/bullet.png) outside;padding-left:15px;margin-left:30px;}
.bottom-widgettwo li {font-size:12px;line-height:14px;margin-bottom:5px}
.bottom-widgettwo a {color:#2E8F12;text-decoration:none}
.bottom-widgettwo a:hover {color:#F7951C;}

.bottom-widgetthree ul {list-style:url(http://1.bp.blogspot.com/_v5Bt2NHC-zQ/TIkOfGj1txI/AAAAAAAAANE/-aS1xo6hQ3A/s1600/bullet.png) outside;padding-left:15px;margin-left:30px;}
.bottom-widgetthree li {font-size:12px;line-height:14px;margin-bottom:5px}
.bottom-widgetthree a {color:#2E8F12;text-decoration:none}
.bottom-widgetthree a:hover {color:#F7951C;}





/*-----------------Featured Slider--------------*/


#featured-area { height: 300px; position: relative; padding: 11px 0px 10px 0px; z-index: 1; width:616px}
#featured-area .pics { position: absolute; width: 490px; height: 298px; top: 11px; left: 14px; }
#featured-area .pics div.excerpt { background: url(http://1.bp.blogspot.com/_0s-GnnHKfng/TFGHlPjZMTI/AAAAAAAAAE4/aPK91eKnKRc/s1600/feat-excerpt.png) repeat;bottom:0;font-size:18px;left:0;padding:10px 0 0 10px;position:absolute;width:480px;z-index:2;}
#featured-area .pics div.excerpt p { color: #69970B;width:450px;}
#featured-area .pics div.excerpt a { color: #567005; font-weight:bold; }
#featured-area .pics div.excerpt a:hover { color: #F90E0E; text-decoration:none } 
		
.excerpt-text {display:inline;float:left;font-size:10px;width:450px;padding:0 0 10px 0}
		
#featured-area .pics span.feat-overlay { position: absolute; top: 0px; left: 0px; display: block; width: 490px; height: 298px; z-index: 1; }

#featured-area div#slider-control { position: absolute; width: 110px; height: 296px; border: 1px solid #b4b4b4; z-index: 4; top: 11px; right: 1px; }
#featured-area div#slider-control div.featitem { background: url(http://4.bp.blogspot.com/_0s-GnnHKfng/TFGHmKKs9mI/AAAAAAAAAFI/R35reSC82D8/s1600/featitem-bg.png) no-repeat top left; height: 77px; float: left; width: 76px; padding: 10px 16px 12px 18px; cursor: pointer; }
#featured-area div#slider-control div.featitem img { float: left; margin-right: 18px; border: 1px solid #f6f6f6; margin-top: 5px; }
#featured-area div#slider-control div.featitem span.order { display: none; }
#featured-area div#slider-control div.featitem h2 { font-size: 18px; line-height: 24px; float: left; width: 172px; padding-bottom: 4px; }
div#slider-control div.featitem h2 a { color: #959595; } 
#featured-area div#slider-control div.featitem span.meta { color: #b6b6b6; font-size: 11px; padding: 1px 0px; border: 1px solid #cfcfcf; border-width: 1px 0px; display: block; float: left; width: 172px; }
			
#featured-area div#slider-control div.featitem.active { background: url(http://3.bp.blogspot.com/_0s-GnnHKfng/TFGHmV7GTWI/AAAAAAAAAFQ/guDx4dRf-F8/s1600/featitem-bg-active.png) no-repeat top left; margin-left: -20px; padding-left: 38px; }  
#featured-area div#slider-control div.featitem.active h2 { background: url(http://2.bp.blogspot.com/_0s-GnnHKfng/TFGHlsX4eNI/AAAAAAAAAFA/9f5fm7j8u40/s1600/featitem-active-h2border.png) repeat-x bottom left; margin-bottom: 1px; color: #000000; }
#featured-area div#slider-control div.featitem.active span.meta { color: #797979; border: 0px; }


/*------------Bottom-part Layout-----------*/
#top-footer{height:20px;background:url(http://3.bp.blogspot.com/_v5Bt2NHC-zQ/TIkOnCNfZfI/AAAAAAAAANk/TWYr8pYAbf8/s1600/footer.png) repeat-x }
#footer {background:#F0F9E0}
#bottom-footer {height:50px;background:url(http://3.bp.blogspot.com/_v5Bt2NHC-zQ/TIkOnCNfZfI/AAAAAAAAANk/TWYr8pYAbf8/s1600/footer.png) repeat-x}
#bottombar {width:1000px;margin:0 auto}




/*Comments */
#comments {background:  url(http://2.bp.blogspot.com/_v5Bt2NHC-zQ/TIkOfkIcPZI/AAAAAAAAANM/tEfccY1LfU8/s1600/comment.png) no-repeat top left ;float:left;font-size:13px;margin:10px 0 0 10px;width:580px ;display: inline;}
#comments h3 {color:#FFFFFF;font-size:24px;} 
#commentlist-wrap {float:left;margin:10px 0 0 0;width:580px;padding-bottom:10px;display: inline;}
.commentlist {float:left;list-style-position:inside;list-style-type:none;margin-bottom:10px;width:580px;display: inline;} 
.comment {background:#F0F9E0 none repeat scroll 0 0;clear:both;float:left;list-style-image:none;
list-style-position:outside;list-style-type:none;margin-bottom:15px;padding:0 10px 10px 10px;width:560px;display: inline;}
.comment-counts  {padding-top:40px;padding-left:22px;}
.nocomments {padding-left:22px;padding-top:40px}


.comment-author {height:80px;width:500px;}
.metacom{display:inline;float:left;margin:20px;}

#commentform {clear: both;float: left;margin-top:10px;display: inline;}
h3.reply-replace{width: 139px; height: 29px;background: url(http://4.bp.blogspot.com/_v5Bt2NHC-zQ/TIkOuNeY5II/AAAAAAAAAOM/N4RG5PfjQHk/s1600/reply.png);text-indent: -9999px;}.commentmetadata a:link, .commentmetadata a:hover, .commentmetadata a:visited {font-size:9px;color:#85A6AD;text-decoration:none;}
.comment-reply-link:hover {background-color: #73950D;color: #fff;}
.cancel-comment-reply a:link, .cancel-comment-reply a:visited {color: #fff !important;display: block;font-weight: bold;background-color: #73950D;padding: 0px 5px;text-transform: lowercase;font-size: 11px;float: left;clear: both;display: inline;}
.cancel-comment-reply a:hover {background-color: #73950D;	color: #fff;}
.children .comment {margin-left:20px;margin-bottom:10px; clear:both;width:90%;}
.comment-reply-link, .comment-reply-link:visited {background-color:#73950D;color:#FFFFFF !important;display:block;float:right;font-size:11px;font-weight:bold;margin-bottom:20px;margin-right:10px;margin-top:10px;padding:2px 7px;text-transform:lowercase;display: inline;}
#credit {color:#696C6B;height:40px;margin-top:22px;width:1000px;margin:0 auto}
#credit p {color:#696C6B;font-size:11px;padding-top:10px;float:left;display:inline}
#credit a {color:#337421;}
#credit a:hover {color:#FD9540}
#credit-logo {height:38px;width:160px;float:right;display:inline;margin-top:5px}
.fn  {font-size:18px;color:#565C62;font-style:normal;font-weight:bold;}
.fn a:link, .fn a:visited  {font-size:18px;color:#194E87;font-style:normal;font-weight:bold;text-decoration:underline}
.fn a:hover {color:#8FC321}
.says {color:#8FC321}
.avatar {margin:15px 0 0 10px;float:left;display:inline;border:5px solid #FFFFFF;}


#respond {float:left;margin-bottom:30px;margin-left:10px;margin-top:10px;padding:10px ;display: inline;}
input#author{background:#F9F9F8;border:1px solid #B8DB7B ;color:#73950D}
input#email{background:#F9F9F8;border:1px solid #B8DB7B ;color:#73950D}
input#url{background:#F9F9F8;border:1px solid #B8DB7B ;color:#73950D}
textarea#comment  {font-family:trebuchet MS;font-size:12px;background:#F9F9F8;border:1px solid #B8DB7B ;width:100%;color:#73950D}
 
#submit {background: #73950D; padding: 3px 8px;border:none;color:#fff}
#submit:hover {background:#254E09;color:#fff}


.post-icons {
display:none;
}

.date-header {
display:none;
}

.widget-item-control {
display:none;
}

.feed-links {
display:none;
}

.photo {
width:45px;
height:45px;
}

.status-msg-wrap {
display:none;
}

.status-msg-body {
display:none;
}


.showpageArea a {
text-decoration:underline;
background: #ffffff;
padding: 10px 10px 10px 10px;

}
.showpageNum a {
text-decoration:none;
border: 1px solid #cccccc;
border-top: 1px solid #cccccc;

margin:0 3px;
padding:3px;
}
.showpageNum a:hover {
border: 1px solid #cccccc;
background-color:#cccccc;
}
.showpagePoint {
color:#333;
text-decoration:none;
border: 1px solid #cccccc;
background: #cccccc;
margin:0 3px;
padding:3px;
}
.showpageOf {
text-decoration:none;
padding:3px;
margin: 0 3px 0 0;
}
.showpage a {
text-decoration:none;
border: 1px solid #cccccc;
padding:3px;
}
.showpage a:hover {
text-decoration:none;
}
.showpageNum a:link,.showpage a:link {
text-decoration:none;
color:#333333;
}


]]></b:skin>
</head>

<SCRIPT type='text/javascript'> var thumbnail_mode = &quot;no-float&quot; ; summary_noimg = 500; summary_img = 470; img_thumb_height = 125; img_thumb_width = 125; </SCRIPT> 


 <body>
  
<div id='top-nav-wrap'>
<div id='menu-wrap'>
	<div id='menu-wrap'>
		<ul>
			<li><a expr:href='data:blog.homepageUrl'>Home</a></li>
<li><a href='http://YOURLINK.blogspot.com'>About Us</a></li>
<li><a href='http://YOURLINK.blogspot.com'>Photos</a></li>
<li><a href='http://YOURLINK.blogspot.com'>Videos</a></li>
<li><a href='http://YOURLINK.blogspot.com'>Contact</a></li>


		</ul>
	</div>	
</div>

<div id='wrap'>

<div id='bottom-wrap'>



<div id='header-wrap'>
	 <h1 id='logo'><a expr:href='data:blog.homepageUrl'><img src='http://2.bp.blogspot.com/_v5Bt2NHC-zQ/TIkOnRXBvhI/AAAAAAAAANs/uZdohO1iT98/s1600/logo.png' title='Queensha Theme Demo'/></a></h1>





<div class='clear'/>
</div>
		<div id='top-container'/>


		<div id='container'>

<div id='content'>

<script type='text/javascript'>

//<![CDATA[
/*
 * jQuery Cycle Plugin (with Transition Definitions)
 * Examples and documentation at: http://jquery.malsup.com/cycle/
 * Copyright (c) 2007-2009 M. Alsup
 * Version: 2.65 (07-APR-2009)
 * Dual licensed under the MIT and GPL licenses:
 * http://www.opensource.org/licenses/mit-license.php
 * http://www.gnu.org/licenses/gpl.html
 * Requires: jQuery v1.2.6 or later
 *
 * Originally based on the work of:
 *	1) Matt Oakes
 *	2) Torsten Baldes (http://medienfreunde.com/lab/innerfade/)
 *	3) Benjamin Sterling (http://www.benjaminsterling.com/experiments/jqShuffle/)
 */
;(function($){var ver="2.65";if($.support==undefined){$.support={opacity:!($.browser.msie)};}function log(){if(window.console&&window.console.log){window.console.log("[cycle] "+Array.prototype.join.call(arguments," "));}}$.fn.cycle=function(options,arg2){var o={s:this.selector,c:this.context};if(this.length==0&&options!="stop"){if(!$.isReady&&o.s){log("DOM not ready, queuing slideshow");$(function(){$(o.s,o.c).cycle(options,arg2);});return this;}log("terminating; zero elements found by selector"+($.isReady?"":" (DOM not ready)"));return this;}return this.each(function(){options=handleArguments(this,options,arg2);if(options===false){return;}if(this.cycleTimeout){clearTimeout(this.cycleTimeout);}this.cycleTimeout=this.cyclePause=0;var $cont=$(this);var $slides=options.slideExpr?$(options.slideExpr,this):$cont.children();var els=$slides.get();if(els.length<2){log("terminating; too few slides: "+els.length);return;}var opts=buildOptions($cont,$slides,els,options,o);if(opts===false){return;}if(opts.timeout||opts.continuous){this.cycleTimeout=setTimeout(function(){go(els,opts,0,!opts.rev);},opts.continuous?10:opts.timeout+(opts.delay||0));}});};function handleArguments(cont,options,arg2){if(cont.cycleStop==undefined){cont.cycleStop=0;}if(options===undefined||options===null){options={};}if(options.constructor==String){switch(options){case"stop":cont.cycleStop++;if(cont.cycleTimeout){clearTimeout(cont.cycleTimeout);}cont.cycleTimeout=0;$(cont).removeData("cycle.opts");return false;case"pause":cont.cyclePause=1;return false;case"resume":cont.cyclePause=0;if(arg2===true){options=$(cont).data("cycle.opts");if(!options){log("options not found, can not resume");return false;}if(cont.cycleTimeout){clearTimeout(cont.cycleTimeout);cont.cycleTimeout=0;}go(options.elements,options,1,1);}return false;default:options={fx:options};}}else{if(options.constructor==Number){var num=options;options=$(cont).data("cycle.opts");if(!options){log("options not found, can not advance slide");return false;}if(num<0||num>=options.elements.length){log("invalid slide index: "+num);return false;}options.nextSlide=num;if(cont.cycleTimeout){clearTimeout(cont.cycleTimeout);cont.cycleTimeout=0;}if(typeof arg2=="string"){options.oneTimeFx=arg2;}go(options.elements,options,1,num>=options.currSlide);return false;}}return options;}function removeFilter(el,opts){if(!$.support.opacity&&opts.cleartype&&el.style.filter){try{el.style.removeAttribute("filter");}catch(smother){}}}function buildOptions($cont,$slides,els,options,o){var opts=$.extend({},$.fn.cycle.defaults,options||{},$.metadata?$cont.metadata():$.meta?$cont.data():{});if(opts.autostop){opts.countdown=opts.autostopCount||els.length;}var cont=$cont[0];$cont.data("cycle.opts",opts);opts.$cont=$cont;opts.stopCount=cont.cycleStop;opts.elements=els;opts.before=opts.before?[opts.before]:[];opts.after=opts.after?[opts.after]:[];opts.after.unshift(function(){opts.busy=0;});if(!$.support.opacity&&opts.cleartype){opts.after.push(function(){removeFilter(this,opts);});}if(opts.continuous){opts.after.push(function(){go(els,opts,0,!opts.rev);});}saveOriginalOpts(opts);if(!$.support.opacity&&opts.cleartype&&!opts.cleartypeNoBg){clearTypeFix($slides);}if($cont.css("position")=="static"){$cont.css("position","relative");}if(opts.width){$cont.width(opts.width);}if(opts.height&&opts.height!="auto"){$cont.height(opts.height);}if(opts.startingSlide){opts.startingSlide=parseInt(opts.startingSlide);}if(opts.random){opts.randomMap=[];for(var i=0;i<els.length;i++){opts.randomMap.push(i);}opts.randomMap.sort(function(a,b){return Math.random()-0.5;});opts.randomIndex=0;opts.startingSlide=opts.randomMap[0];}else{if(opts.startingSlide>=els.length){opts.startingSlide=0;}}opts.currSlide=opts.startingSlide=opts.startingSlide||0;var first=opts.startingSlide;$slides.css({position:"absolute",top:0,left:0}).hide().each(function(i){var z=first?i>=first?els.length-(i-first):first-i:els.length-i;$(this).css("z-index",z);});$(els[first]).css("opacity",1).show();removeFilter(els[first],opts);if(opts.fit&&opts.width){$slides.width(opts.width);}if(opts.fit&&opts.height&&opts.height!="auto"){$slides.height(opts.height);}var reshape=opts.containerResize&&!$cont.innerHeight();if(reshape){var maxw=0,maxh=0;for(var i=0;i<els.length;i++){var $e=$(els[i]),e=$e[0],w=$e.outerWidth(),h=$e.outerHeight();if(!w){w=e.offsetWidth;}if(!h){h=e.offsetHeight;}maxw=w>maxw?w:maxw;maxh=h>maxh?h:maxh;}if(maxw>0&&maxh>0){$cont.css({width:maxw+"px",height:maxh+"px"});}}if(opts.pause){$cont.hover(function(){this.cyclePause++;},function(){this.cyclePause--;});}if(supportMultiTransitions(opts)===false){return false;}if(!opts.multiFx){var init=$.fn.cycle.transitions[opts.fx];if($.isFunction(init)){init($cont,$slides,opts);}else{if(opts.fx!="custom"&&!opts.multiFx){log("unknown transition: "+opts.fx,"; slideshow terminating");return false;}}}var requeue=false;options.requeueAttempts=options.requeueAttempts||0;$slides.each(function(){var $el=$(this);this.cycleH=(opts.fit&&opts.height)?opts.height:$el.height();this.cycleW=(opts.fit&&opts.width)?opts.width:$el.width();if($el.is("img")){var loadingIE=($.browser.msie&&this.cycleW==28&&this.cycleH==30&&!this.complete);var loadingOp=($.browser.opera&&this.cycleW==42&&this.cycleH==19&&!this.complete);var loadingOther=(this.cycleH==0&&this.cycleW==0&&!this.complete);if(loadingIE||loadingOp||loadingOther){if(o.s&&opts.requeueOnImageNotLoaded&&++options.requeueAttempts<100){log(options.requeueAttempts," - img slide not loaded, requeuing slideshow: ",this.src,this.cycleW,this.cycleH);setTimeout(function(){$(o.s,o.c).cycle(options);},opts.requeueTimeout);requeue=true;return false;}else{log("could not determine size of image: "+this.src,this.cycleW,this.cycleH);}}}return true;});if(requeue){return false;}opts.cssBefore=opts.cssBefore||{};opts.animIn=opts.animIn||{};opts.animOut=opts.animOut||{};$slides.not(":eq("+first+")").css(opts.cssBefore);if(opts.cssFirst){$($slides[first]).css(opts.cssFirst);}if(opts.timeout){opts.timeout=parseInt(opts.timeout);if(opts.speed.constructor==String){opts.speed=$.fx.speeds[opts.speed]||parseInt(opts.speed);}if(!opts.sync){opts.speed=opts.speed/2;}while((opts.timeout-opts.speed)<250){opts.timeout+=opts.speed;}}if(opts.easing){opts.easeIn=opts.easeOut=opts.easing;}if(!opts.speedIn){opts.speedIn=opts.speed;}if(!opts.speedOut){opts.speedOut=opts.speed;}opts.slideCount=els.length;opts.currSlide=opts.lastSlide=first;if(opts.random){opts.nextSlide=opts.currSlide;if(++opts.randomIndex==els.length){opts.randomIndex=0;}opts.nextSlide=opts.randomMap[opts.randomIndex];}else{opts.nextSlide=opts.startingSlide>=(els.length-1)?0:opts.startingSlide+1;}var e0=$slides[first];if(opts.before.length){opts.before[0].apply(e0,[e0,e0,opts,true]);}if(opts.after.length>1){opts.after[1].apply(e0,[e0,e0,opts,true]);}if(opts.next){$(opts.next).click(function(){return advance(opts,opts.rev?-1:1);});}if(opts.prev){$(opts.prev).click(function(){return advance(opts,opts.rev?1:-1);});}if(opts.pager){buildPager(els,opts);}exposeAddSlide(opts,els);return opts;}function saveOriginalOpts(opts){opts.original={before:[],after:[]};opts.original.cssBefore=$.extend({},opts.cssBefore);opts.original.cssAfter=$.extend({},opts.cssAfter);opts.original.animIn=$.extend({},opts.animIn);opts.original.animOut=$.extend({},opts.animOut);$.each(opts.before,function(){opts.original.before.push(this);});$.each(opts.after,function(){opts.original.after.push(this);});}function supportMultiTransitions(opts){var txs=$.fn.cycle.transitions;if(opts.fx.indexOf(",")>0){opts.multiFx=true;opts.fxs=opts.fx.replace(/\s*/g,"").split(",");for(var i=0;i<opts.fxs.length;i++){var fx=opts.fxs[i];var tx=txs[fx];if(!tx||!txs.hasOwnProperty(fx)||!$.isFunction(tx)){log("discarding unknown transition: ",fx);opts.fxs.splice(i,1);i--;}}if(!opts.fxs.length){log("No valid transitions named; slideshow terminating.");return false;}}else{if(opts.fx=="all"){opts.multiFx=true;opts.fxs=[];for(p in txs){var tx=txs[p];if(txs.hasOwnProperty(p)&&$.isFunction(tx)){opts.fxs.push(p);}}}}if(opts.multiFx&&opts.randomizeEffects){var r1=Math.floor(Math.random()*20)+30;for(var i=0;i<r1;i++){var r2=Math.floor(Math.random()*opts.fxs.length);opts.fxs.push(opts.fxs.splice(r2,1)[0]);}log("randomized fx sequence: ",opts.fxs);}return true;}function exposeAddSlide(opts,els){opts.addSlide=function(newSlide,prepend){var $s=$(newSlide),s=$s[0];if(!opts.autostopCount){opts.countdown++;}els[prepend?"unshift":"push"](s);if(opts.els){opts.els[prepend?"unshift":"push"](s);}opts.slideCount=els.length;$s.css("position","absolute");$s[prepend?"prependTo":"appendTo"](opts.$cont);if(prepend){opts.currSlide++;opts.nextSlide++;}if(!$.support.opacity&&opts.cleartype&&!opts.cleartypeNoBg){clearTypeFix($s);}if(opts.fit&&opts.width){$s.width(opts.width);}if(opts.fit&&opts.height&&opts.height!="auto"){$slides.height(opts.height);}s.cycleH=(opts.fit&&opts.height)?opts.height:$s.height();s.cycleW=(opts.fit&&opts.width)?opts.width:$s.width();$s.css(opts.cssBefore);if(opts.pager){$.fn.cycle.createPagerAnchor(els.length-1,s,$(opts.pager),els,opts);}if($.isFunction(opts.onAddSlide)){opts.onAddSlide($s);}else{$s.hide();}};}$.fn.cycle.resetState=function(opts,fx){fx=fx||opts.fx;opts.before=[];opts.after=[];opts.cssBefore=$.extend({},opts.original.cssBefore);opts.cssAfter=$.extend({},opts.original.cssAfter);opts.animIn=$.extend({},opts.original.animIn);opts.animOut=$.extend({},opts.original.animOut);opts.fxFn=null;$.each(opts.original.before,function(){opts.before.push(this);});$.each(opts.original.after,function(){opts.after.push(this);});var init=$.fn.cycle.transitions[fx];if($.isFunction(init)){init(opts.$cont,$(opts.elements),opts);}};function go(els,opts,manual,fwd){if(manual&&opts.busy&&opts.manualTrump){$(els).stop(true,true);opts.busy=false;}if(opts.busy){return;}var p=opts.$cont[0],curr=els[opts.currSlide],next=els[opts.nextSlide];if(p.cycleStop!=opts.stopCount||p.cycleTimeout===0&&!manual){return;}if(!manual&&!p.cyclePause&&((opts.autostop&&(--opts.countdown<=0))||(opts.nowrap&&!opts.random&&opts.nextSlide<opts.currSlide))){if(opts.end){opts.end(opts);}return;}if(manual||!p.cyclePause){var fx=opts.fx;curr.cycleH=curr.cycleH||$(curr).height();curr.cycleW=curr.cycleW||$(curr).width();next.cycleH=next.cycleH||$(next).height();next.cycleW=next.cycleW||$(next).width();if(opts.multiFx){if(opts.lastFx==undefined||++opts.lastFx>=opts.fxs.length){opts.lastFx=0;}fx=opts.fxs[opts.lastFx];opts.currFx=fx;}if(opts.oneTimeFx){fx=opts.oneTimeFx;opts.oneTimeFx=null;}$.fn.cycle.resetState(opts,fx);if(opts.before.length){$.each(opts.before,function(i,o){if(p.cycleStop!=opts.stopCount){return;}o.apply(next,[curr,next,opts,fwd]);});}var after=function(){$.each(opts.after,function(i,o){if(p.cycleStop!=opts.stopCount){return;}o.apply(next,[curr,next,opts,fwd]);});};if(opts.nextSlide!=opts.currSlide){opts.busy=1;if(opts.fxFn){opts.fxFn(curr,next,opts,after,fwd);}else{if($.isFunction($.fn.cycle[opts.fx])){$.fn.cycle[opts.fx](curr,next,opts,after);}else{$.fn.cycle.custom(curr,next,opts,after,manual&&opts.fastOnEvent);}}}opts.lastSlide=opts.currSlide;if(opts.random){opts.currSlide=opts.nextSlide;if(++opts.randomIndex==els.length){opts.randomIndex=0;}opts.nextSlide=opts.randomMap[opts.randomIndex];}else{var roll=(opts.nextSlide+1)==els.length;opts.nextSlide=roll?0:opts.nextSlide+1;opts.currSlide=roll?els.length-1:opts.nextSlide-1;}if(opts.pager){$.fn.cycle.updateActivePagerLink(opts.pager,opts.currSlide);}}var ms=0;if(opts.timeout&&!opts.continuous){ms=getTimeout(curr,next,opts,fwd);}else{if(opts.continuous&&p.cyclePause){ms=10;}}if(ms>0){p.cycleTimeout=setTimeout(function(){go(els,opts,0,!opts.rev);},ms);}}$.fn.cycle.updateActivePagerLink=function(pager,currSlide){$(pager).find("a").removeClass("activeSlide").filter("a:eq("+currSlide+")").addClass("activeSlide");};function getTimeout(curr,next,opts,fwd){if(opts.timeoutFn){var t=opts.timeoutFn(curr,next,opts,fwd);if(t!==false){return t;}}return opts.timeout;}$.fn.cycle.next=function(opts){advance(opts,opts.rev?-1:1);};$.fn.cycle.prev=function(opts){advance(opts,opts.rev?1:-1);};function advance(opts,val){var els=opts.elements;var p=opts.$cont[0],timeout=p.cycleTimeout;if(timeout){clearTimeout(timeout);p.cycleTimeout=0;}if(opts.random&&val<0){opts.randomIndex--;if(--opts.randomIndex==-2){opts.randomIndex=els.length-2;}else{if(opts.randomIndex==-1){opts.randomIndex=els.length-1;}}opts.nextSlide=opts.randomMap[opts.randomIndex];}else{if(opts.random){if(++opts.randomIndex==els.length){opts.randomIndex=0;}opts.nextSlide=opts.randomMap[opts.randomIndex];}else{opts.nextSlide=opts.currSlide+val;if(opts.nextSlide<0){if(opts.nowrap){return false;}opts.nextSlide=els.length-1;}else{if(opts.nextSlide>=els.length){if(opts.nowrap){return false;}opts.nextSlide=0;}}}}if($.isFunction(opts.prevNextClick)){opts.prevNextClick(val>0,opts.nextSlide,els[opts.nextSlide]);}go(els,opts,1,val>=0);return false;}function buildPager(els,opts){var $p=$(opts.pager);$.each(els,function(i,o){$.fn.cycle.createPagerAnchor(i,o,$p,els,opts);});$.fn.cycle.updateActivePagerLink(opts.pager,opts.startingSlide);}$.fn.cycle.createPagerAnchor=function(i,el,$p,els,opts){var a=($.isFunction(opts.pagerAnchorBuilder))?opts.pagerAnchorBuilder(i,el):'<a href="#">'+(i+1)+"</a>";if(!a){return;}var $a=$(a);if($a.parents("body").length==0){var arr=[];if($p.length>1){$p.each(function(){var $clone=$a.clone(true);$(this).append($clone);arr.push($clone);});$a=$(arr);}else{$a.appendTo($p);}}$a.bind(opts.pagerEvent,function(){opts.nextSlide=i;var p=opts.$cont[0],timeout=p.cycleTimeout;if(timeout){clearTimeout(timeout);p.cycleTimeout=0;}if($.isFunction(opts.pagerClick)){opts.pagerClick(opts.nextSlide,els[opts.nextSlide]);}go(els,opts,1,opts.currSlide<i);return false;});if(opts.pauseOnPagerHover){$a.hover(function(){opts.$cont[0].cyclePause++;},function(){opts.$cont[0].cyclePause--;});}};$.fn.cycle.hopsFromLast=function(opts,fwd){var hops,l=opts.lastSlide,c=opts.currSlide;if(fwd){hops=c>l?c-l:opts.slideCount-l;}else{hops=c<l?l-c:l+opts.slideCount-c;}return hops;};function clearTypeFix($slides){function hex(s){s=parseInt(s).toString(16);return s.length<2?"0"+s:s;}function getBg(e){for(;e&&e.nodeName.toLowerCase()!="html";e=e.parentNode){var v=$.css(e,"background-color");if(v.indexOf("rgb")>=0){var rgb=v.match(/\d+/g);return"#"+hex(rgb[0])+hex(rgb[1])+hex(rgb[2]);}if(v&&v!="transparent"){return v;}}return"#ffffff";}$slides.each(function(){$(this).css("background-color",getBg(this));});}$.fn.cycle.commonReset=function(curr,next,opts,w,h,rev){$(opts.elements).not(curr).hide();opts.cssBefore.opacity=1;opts.cssBefore.display="block";if(w!==false&&next.cycleW>0){opts.cssBefore.width=next.cycleW;}if(h!==false&&next.cycleH>0){opts.cssBefore.height=next.cycleH;}opts.cssAfter=opts.cssAfter||{};opts.cssAfter.display="none";$(curr).css("zIndex",opts.slideCount+(rev===true?1:0));$(next).css("zIndex",opts.slideCount+(rev===true?0:1));};$.fn.cycle.custom=function(curr,next,opts,cb,speedOverride){var $l=$(curr),$n=$(next);var speedIn=opts.speedIn,speedOut=opts.speedOut,easeIn=opts.easeIn,easeOut=opts.easeOut;$n.css(opts.cssBefore);if(speedOverride){if(typeof speedOverride=="number"){speedIn=speedOut=speedOverride;}else{speedIn=speedOut=1;}easeIn=easeOut=null;}var fn=function(){$n.animate(opts.animIn,speedIn,easeIn,cb);};$l.animate(opts.animOut,speedOut,easeOut,function(){if(opts.cssAfter){$l.css(opts.cssAfter);}if(!opts.sync){fn();}});if(opts.sync){fn();}};$.fn.cycle.transitions={fade:function($cont,$slides,opts){$slides.not(":eq("+opts.currSlide+")").css("opacity",0);opts.before.push(function(curr,next,opts){$.fn.cycle.commonReset(curr,next,opts);opts.cssBefore.opacity=0;});opts.animIn={opacity:1};opts.animOut={opacity:0};opts.cssBefore={top:0,left:0};}};$.fn.cycle.ver=function(){return ver;};$.fn.cycle.defaults={fx:"fade",timeout:4000,timeoutFn:null,continuous:0,speed:1000,speedIn:null,speedOut:null,next:null,prev:null,prevNextClick:null,pager:null,pagerClick:null,pagerEvent:"click",pagerAnchorBuilder:null,before:null,after:null,end:null,easing:null,easeIn:null,easeOut:null,shuffle:null,animIn:null,animOut:null,cssBefore:null,cssAfter:null,fxFn:null,height:"auto",startingSlide:0,sync:1,random:0,fit:0,containerResize:1,pause:0,pauseOnPagerHover:0,autostop:0,autostopCount:0,delay:0,slideExpr:null,cleartype:!$.support.opacity,nowrap:0,fastOnEvent:0,randomizeEffects:1,rev:0,manualTrump:true,requeueOnImageNotLoaded:true,requeueTimeout:250};})(jQuery);

/*
 * jQuery Cycle Plugin Transition Definitions
 * This script is a plugin for the jQuery Cycle Plugin
 * Examples and documentation at: http://malsup.com/jquery/cycle/
 * Copyright (c) 2007-2008 M. Alsup
 * Version:	 2.52
 * Dual licensed under the MIT and GPL licenses:
 * http://www.opensource.org/licenses/mit-license.php
 * http://www.gnu.org/licenses/gpl.html
 */
;(function($){$.fn.cycle.transitions.scrollUp=function($cont,$slides,opts){$cont.css("overflow","hidden");opts.before.push($.fn.cycle.commonReset);var h=$cont.height();opts.cssBefore={top:h,left:0};opts.cssFirst={top:0};opts.animIn={top:0};opts.animOut={top:-h};};$.fn.cycle.transitions.scrollDown=function($cont,$slides,opts){$cont.css("overflow","hidden");opts.before.push($.fn.cycle.commonReset);var h=$cont.height();opts.cssFirst={top:0};opts.cssBefore={top:-h,left:0};opts.animIn={top:0};opts.animOut={top:h};};$.fn.cycle.transitions.scrollLeft=function($cont,$slides,opts){$cont.css("overflow","hidden");opts.before.push($.fn.cycle.commonReset);var w=$cont.width();opts.cssFirst={left:0};opts.cssBefore={left:w,top:0};opts.animIn={left:0};opts.animOut={left:0-w};};$.fn.cycle.transitions.scrollRight=function($cont,$slides,opts){$cont.css("overflow","hidden");opts.before.push($.fn.cycle.commonReset);var w=$cont.width();opts.cssFirst={left:0};opts.cssBefore={left:-w,top:0};opts.animIn={left:0};opts.animOut={left:w};};$.fn.cycle.transitions.scrollHorz=function($cont,$slides,opts){$cont.css("overflow","hidden").width();opts.before.push(function(curr,next,opts,fwd){$.fn.cycle.commonReset(curr,next,opts);opts.cssBefore.left=fwd?(next.cycleW-1):(1-next.cycleW);opts.animOut.left=fwd?-curr.cycleW:curr.cycleW;});opts.cssFirst={left:0};opts.cssBefore={top:0};opts.animIn={left:0};opts.animOut={top:0};};$.fn.cycle.transitions.scrollVert=function($cont,$slides,opts){$cont.css("overflow","hidden");opts.before.push(function(curr,next,opts,fwd){$.fn.cycle.commonReset(curr,next,opts);opts.cssBefore.top=fwd?(1-next.cycleH):(next.cycleH-1);opts.animOut.top=fwd?curr.cycleH:-curr.cycleH;});opts.cssFirst={top:0};opts.cssBefore={left:0};opts.animIn={top:0};opts.animOut={left:0};};$.fn.cycle.transitions.slideX=function($cont,$slides,opts){opts.before.push(function(curr,next,opts){$(opts.elements).not(curr).hide();$.fn.cycle.commonReset(curr,next,opts,false,true);opts.animIn.width=next.cycleW;});opts.cssBefore={left:0,top:0,width:0};opts.animIn={width:"show"};opts.animOut={width:0};};$.fn.cycle.transitions.slideY=function($cont,$slides,opts){opts.before.push(function(curr,next,opts){$(opts.elements).not(curr).hide();$.fn.cycle.commonReset(curr,next,opts,true,false);opts.animIn.height=next.cycleH;});opts.cssBefore={left:0,top:0,height:0};opts.animIn={height:"show"};opts.animOut={height:0};};$.fn.cycle.transitions.shuffle=function($cont,$slides,opts){var w=$cont.css("overflow","visible").width();$slides.css({left:0,top:0});opts.before.push(function(curr,next,opts){$.fn.cycle.commonReset(curr,next,opts,true,true,true);});opts.speed=opts.speed/2;opts.random=0;opts.shuffle=opts.shuffle||{left:-w,top:15};opts.els=[];for(var i=0;i<$slides.length;i++){opts.els.push($slides[i]);}for(var i=0;i<opts.currSlide;i++){opts.els.push(opts.els.shift());}opts.fxFn=function(curr,next,opts,cb,fwd){var $el=fwd?$(curr):$(next);$(next).css(opts.cssBefore);var count=opts.slideCount;$el.animate(opts.shuffle,opts.speedIn,opts.easeIn,function(){var hops=$.fn.cycle.hopsFromLast(opts,fwd);for(var k=0;k<hops;k++){fwd?opts.els.push(opts.els.shift()):opts.els.unshift(opts.els.pop());}if(fwd){for(var i=0,len=opts.els.length;i<len;i++){$(opts.els[i]).css("z-index",len-i+count);}}else{var z=$(curr).css("z-index");$el.css("z-index",parseInt(z)+1+count);}$el.animate({left:0,top:0},opts.speedOut,opts.easeOut,function(){$(fwd?this:curr).hide();if(cb){cb();}});});};opts.cssBefore={display:"block",opacity:1,top:0,left:0};};$.fn.cycle.transitions.turnUp=function($cont,$slides,opts){opts.before.push(function(curr,next,opts){$.fn.cycle.commonReset(curr,next,opts,true,false);opts.cssBefore.top=next.cycleH;opts.animIn.height=next.cycleH;});opts.cssFirst={top:0};opts.cssBefore={left:0,height:0};opts.animIn={top:0};opts.animOut={height:0};};$.fn.cycle.transitions.turnDown=function($cont,$slides,opts){opts.before.push(function(curr,next,opts){$.fn.cycle.commonReset(curr,next,opts,true,false);opts.animIn.height=next.cycleH;opts.animOut.top=curr.cycleH;});opts.cssFirst={top:0};opts.cssBefore={left:0,top:0,height:0};opts.animOut={height:0};};$.fn.cycle.transitions.turnLeft=function($cont,$slides,opts){opts.before.push(function(curr,next,opts){$.fn.cycle.commonReset(curr,next,opts,false,true);opts.cssBefore.left=next.cycleW;opts.animIn.width=next.cycleW;});opts.cssBefore={top:0,width:0};opts.animIn={left:0};opts.animOut={width:0};};$.fn.cycle.transitions.turnRight=function($cont,$slides,opts){opts.before.push(function(curr,next,opts){$.fn.cycle.commonReset(curr,next,opts,false,true);opts.animIn.width=next.cycleW;opts.animOut.left=curr.cycleW;});opts.cssBefore={top:0,left:0,width:0};opts.animIn={left:0};opts.animOut={width:0};};$.fn.cycle.transitions.zoom=function($cont,$slides,opts){opts.before.push(function(curr,next,opts){$.fn.cycle.commonReset(curr,next,opts,false,false,true);opts.cssBefore.top=next.cycleH/2;opts.cssBefore.left=next.cycleW/2;opts.animIn={top:0,left:0,width:next.cycleW,height:next.cycleH};opts.animOut={width:0,height:0,top:curr.cycleH/2,left:curr.cycleW/2};});opts.cssFirst={top:0,left:0};opts.cssBefore={width:0,height:0};};$.fn.cycle.transitions.fadeZoom=function($cont,$slides,opts){opts.before.push(function(curr,next,opts){$.fn.cycle.commonReset(curr,next,opts,false,false);opts.cssBefore.left=next.cycleW/2;opts.cssBefore.top=next.cycleH/2;opts.animIn={top:0,left:0,width:next.cycleW,height:next.cycleH};});opts.cssBefore={width:0,height:0};opts.animOut={opacity:0};};$.fn.cycle.transitions.blindX=function($cont,$slides,opts){var w=$cont.css("overflow","hidden").width();opts.before.push(function(curr,next,opts){$.fn.cycle.commonReset(curr,next,opts);opts.animIn.width=next.cycleW;opts.animOut.left=curr.cycleW;});opts.cssBefore={left:w,top:0};opts.animIn={left:0};opts.animOut={left:w};};$.fn.cycle.transitions.blindY=function($cont,$slides,opts){var h=$cont.css("overflow","hidden").height();opts.before.push(function(curr,next,opts){$.fn.cycle.commonReset(curr,next,opts);opts.animIn.height=next.cycleH;opts.animOut.top=curr.cycleH;});opts.cssBefore={top:h,left:0};opts.animIn={top:0};opts.animOut={top:h};};$.fn.cycle.transitions.blindZ=function($cont,$slides,opts){var h=$cont.css("overflow","hidden").height();var w=$cont.width();opts.before.push(function(curr,next,opts){$.fn.cycle.commonReset(curr,next,opts);opts.animIn.height=next.cycleH;opts.animOut.top=curr.cycleH;});opts.cssBefore={top:h,left:w};opts.animIn={top:0,left:0};opts.animOut={top:h,left:w};};$.fn.cycle.transitions.growX=function($cont,$slides,opts){opts.before.push(function(curr,next,opts){$.fn.cycle.commonReset(curr,next,opts,false,true);opts.cssBefore.left=this.cycleW/2;opts.animIn={left:0,width:this.cycleW};opts.animOut={left:0};});opts.cssBefore={width:0,top:0};};$.fn.cycle.transitions.growY=function($cont,$slides,opts){opts.before.push(function(curr,next,opts){$.fn.cycle.commonReset(curr,next,opts,true,false);opts.cssBefore.top=this.cycleH/2;opts.animIn={top:0,height:this.cycleH};opts.animOut={top:0};});opts.cssBefore={height:0,left:0};};$.fn.cycle.transitions.curtainX=function($cont,$slides,opts){opts.before.push(function(curr,next,opts){$.fn.cycle.commonReset(curr,next,opts,false,true,true);opts.cssBefore.left=next.cycleW/2;opts.animIn={left:0,width:this.cycleW};opts.animOut={left:curr.cycleW/2,width:0};});opts.cssBefore={top:0,width:0};};$.fn.cycle.transitions.curtainY=function($cont,$slides,opts){opts.before.push(function(curr,next,opts){$.fn.cycle.commonReset(curr,next,opts,true,false,true);opts.cssBefore.top=next.cycleH/2;opts.animIn={top:0,height:next.cycleH};opts.animOut={top:curr.cycleH/2,height:0};});opts.cssBefore={left:0,height:0};};$.fn.cycle.transitions.cover=function($cont,$slides,opts){var d=opts.direction||"left";var w=$cont.css("overflow","hidden").width();var h=$cont.height();opts.before.push(function(curr,next,opts){$.fn.cycle.commonReset(curr,next,opts);if(d=="right"){opts.cssBefore.left=-w;}else{if(d=="up"){opts.cssBefore.top=h;}else{if(d=="down"){opts.cssBefore.top=-h;}else{opts.cssBefore.left=w;}}}});opts.animIn={left:0,top:0};opts.animOut={opacity:1};opts.cssBefore={top:0,left:0};};$.fn.cycle.transitions.uncover=function($cont,$slides,opts){var d=opts.direction||"left";var w=$cont.css("overflow","hidden").width();var h=$cont.height();opts.before.push(function(curr,next,opts){$.fn.cycle.commonReset(curr,next,opts,true,true,true);if(d=="right"){opts.animOut.left=w;}else{if(d=="up"){opts.animOut.top=-h;}else{if(d=="down"){opts.animOut.top=h;}else{opts.animOut.left=-w;}}}});opts.animIn={left:0,top:0};opts.animOut={opacity:1};opts.cssBefore={top:0,left:0};};$.fn.cycle.transitions.toss=function($cont,$slides,opts){var w=$cont.css("overflow","visible").width();var h=$cont.height();opts.before.push(function(curr,next,opts){$.fn.cycle.commonReset(curr,next,opts,true,true,true);if(!opts.animOut.left&&!opts.animOut.top){opts.animOut={left:w*2,top:-h/2,opacity:0};}else{opts.animOut.opacity=0;}});opts.cssBefore={left:0,top:0};opts.animIn={left:0};};$.fn.cycle.transitions.wipe=function($cont,$slides,opts){var w=$cont.css("overflow","hidden").width();var h=$cont.height();opts.cssBefore=opts.cssBefore||{};var clip;if(opts.clip){if(/l2r/.test(opts.clip)){clip="rect(0px 0px "+h+"px 0px)";}else{if(/r2l/.test(opts.clip)){clip="rect(0px "+w+"px "+h+"px "+w+"px)";}else{if(/t2b/.test(opts.clip)){clip="rect(0px "+w+"px 0px 0px)";}else{if(/b2t/.test(opts.clip)){clip="rect("+h+"px "+w+"px "+h+"px 0px)";}else{if(/zoom/.test(opts.clip)){var t=parseInt(h/2);var l=parseInt(w/2);clip="rect("+t+"px "+l+"px "+t+"px "+l+"px)";}}}}}}opts.cssBefore.clip=opts.cssBefore.clip||clip||"rect(0px 0px 0px 0px)";var d=opts.cssBefore.clip.match(/(\d+)/g);var t=parseInt(d[0]),r=parseInt(d[1]),b=parseInt(d[2]),l=parseInt(d[3]);opts.before.push(function(curr,next,opts){if(curr==next){return;}var $curr=$(curr),$next=$(next);$.fn.cycle.commonReset(curr,next,opts,true,true,false);opts.cssAfter.display="block";var step=1,count=parseInt((opts.speedIn/13))-1;(function f(){var tt=t?t-parseInt(step*(t/count)):0;var ll=l?l-parseInt(step*(l/count)):0;var bb=b<h?b+parseInt(step*((h-b)/count||1)):h;var rr=r<w?r+parseInt(step*((w-r)/count||1)):w;$next.css({clip:"rect("+tt+"px "+rr+"px "+bb+"px "+ll+"px)"});(step++<=count)?setTimeout(f,13):$curr.css("display","none");})();});opts.cssBefore={display:"block",opacity:1,top:0,left:0};opts.animIn={left:0};opts.animOut={left:0};};})(jQuery);



//]]>

</script>

<script type='text/javascript'>
//<![CDATA[
	jQuery(function(){
		var $featured_area = jQuery('#featured-area');
		var $featured_item = jQuery('#featured-area div#slider-control div.featitem');
		var $slider_control = jQuery('#featured-area div#slider-control');
		var $image_container = jQuery('div#s1 > div');
		var ordernum;
		var pause_scroll = false;
			
		$featured_item.find('img').fadeTo("fast", 0.7);
		$slider_control.find("div.featitem.active img").fadeTo("fast", 1);
		$image_container.css("background-color","#000000");
		
		$image_container.hover(
			function () {
				jQuery(this).find("img").fadeTo("fast", 0.7);
			}, 
			function () {
				jQuery(this).find("img").fadeTo("fast", 1);
			}
		);
		
		function gonext(this_element){
			$slider_control.find("div.featitem.active img").fadeTo("fast", 0.7);
			$slider_control.find("div.featitem.active").removeClass('active');
			this_element.addClass('active');
			$slider_control.find("div.featitem.active img").fadeTo("fast", 1);
			ordernum = this_element.find("span.order").html();
			jQuery('#s1').cycle(ordernum - 1);
		} 
		
		$featured_item.click(function() {
			clearInterval(interval);
			gonext(jQuery(this)); 
			return false;
		});
		
		var auto_number;
		var interval;
		
		$featured_item.bind('autonext', function autonext(){
			if (!(pause_scroll)) gonext(jQuery(this)); 
			return false;
		});


		interval = setInterval(function () {
			auto_number = $slider_control.find("div.featitem.active span.order").html();
			if (auto_number == $featured_item.length) auto_number = 0;
			$featured_item.eq(auto_number).trigger('autonext');
		}, 5000);

	});
//]]>	
</script> 
  

<script type='text/javascript'>
jQuery(function(){
	jQuery(&#39;#s1&#39;).cycle({
		timeout: 0, 
		speed: 1000,
		fx: &#39;fade&#39;
	});

});
</script>

<b:section class='ssgallery' id='ssgallery' preferred='yes' showaddelement='no'>
<b:widget id='HTML3' locked='true' title='slideshow' type='HTML'>
<b:includable id='main'>
  
<b:if cond='data:blog.url == data:blog.homepageUrl'>

<div id='gallery'>
<!-- Featured Area -->
<div id='featured-area'>
<div class='pics' id='s1'>

<!-- FIRST SLIDE START -->

<div>
<img src='http://2.bp.blogspot.com/_v5Bt2NHC-zQ/TIkwXPp2DII/AAAAAAAAAQw/kNd-_CgaXdM/s1600/slide1.jpg' style='width: 490px; height: 294px;'/>
<div class='excerpt'>
<p><a href='#YOUR LINKS TO THE POSTS HERE'>This is First Slide Title</a></p>
<p class='excerpt-text'>Description of first Slide goes here.Vestibulum ante ipsum primis in faucibus orci luctus et ultrices posuere cubilia Curae...</p>
</div>
<a href='#YOUR LINKS TO THE POSTS HERE'><span class='feat-overlay'/></a>
</div>

<!-- FIRST SLIDE END -->

<!-- SECOND SLIDE START -->

<div>
<img src='http://3.bp.blogspot.com/_v5Bt2NHC-zQ/TIkwXpit5pI/AAAAAAAAAQ4/YOKe4d8XcB4/s1600/slide2.jpg' style='width: 490px; height: 294px;'/>
<div class='excerpt'>
<p><a href='#YOUR LINKS TO THE POSTS HERE'>This is Second Slide Title</a></p>
<p class='excerpt-text'>Description of second Slide goes here.Vestibulum ante ipsum primis in faucibus orci luctus et ultrices posuere cubilia Curae...</p>
</div>
<a href='#YOUR LINKS TO THE POSTS HERE'><span class='feat-overlay'/></a>
</div>

<!-- SECOND SLIDE END -->


<!-- THIRD SLIDE START -->

<div>
<img src='http://3.bp.blogspot.com/_v5Bt2NHC-zQ/TIkwXzmk_LI/AAAAAAAAARA/oHb96lU5x6I/s1600/slide3.jpg' style='width: 490px; height: 294px;'/>
<div class='excerpt'>
<p><a href='#YOUR LINKS TO THE POSTS HERE'>This is Third Slide Title</a></p>
<p class='excerpt-text'>Description of thrid Slide goes here.Vestibulum ante ipsum primis in faucibus orci luctus et ultrices posuere cubilia Curae...</p>
</div>
<a href='#YOUR LINKS TO THE POSTS HERE'><span class='feat-overlay'/></a>
</div>

<!-- THIRD SLIDE END -->

</div>

<div id='slider-control'>
<div class='featitem active'>

<img src='http://2.bp.blogspot.com/_v5Bt2NHC-zQ/TIkwXPp2DII/AAAAAAAAAQw/kNd-_CgaXdM/s1600/slide1.jpg' style='width: 67px; height: 67px;'/>
<span class='order'>1</span></div>


<div class='featitem '>

<img src='http://3.bp.blogspot.com/_v5Bt2NHC-zQ/TIkwXpit5pI/AAAAAAAAAQ4/YOKe4d8XcB4/s1600/slide2.jpg' style='width: 67px; height: 67px;'/>
<span class='order'>2</span></div>


<div class='featitem '>

<img src='http://3.bp.blogspot.com/_v5Bt2NHC-zQ/TIkwXzmk_LI/AAAAAAAAARA/oHb96lU5x6I/s1600/slide3.jpg' style='width: 67px; height: 67px;'/>
<span class='order'>3</span></div>

</div>

<!-- end slider-control div -->
<div class='clear'/>
</div>
<!-- end featured area -->
</div>

</b:if>


</b:includable>
</b:widget>
</b:section>	

 <!-- end gallery div -->			





 
<div id='post-wrap'>


<b:section class='mainn' id='mainn' showaddelement='no'>
<b:widget id='Blog1' locked='true' title='Blog Posts' type='Blog'>
<b:includable id='nextprev'>
<div style='clear:both;'/>
  <div class='blog-pager' id='blog-pager'>
    <b:if cond='data:newerPageUrl'>
      <span id='blog-pager-newer-link'>
      <a class='blog-pager-newer-link' expr:href='data:newerPageUrl' expr:id='data:widget.instanceId + &quot;_blog-pager-newer-link&quot;' expr:title='data:newerPageTitle'><data:newerPageTitle/></a>
      </span>
    </b:if>

    <b:if cond='data:olderPageUrl'>
      <span id='blog-pager-older-link'>
      <a class='blog-pager-older-link' expr:href='data:olderPageUrl' expr:id='data:widget.instanceId + &quot;_blog-pager-older-link&quot;' expr:title='data:olderPageTitle'><data:olderPageTitle/></a>
      </span>
    </b:if>

    <a class='home-link' expr:href='data:blog.homepageUrl'><data:homeMsg/></a>

  </div>
  <div class='clear'/>
</b:includable>
<b:includable id='shareButtons' var='post'>
  <b:if cond='data:post.sharePostUrl'>
      <a class='share-button sb-email' expr:href='data:post.sharePostUrl + &quot;&amp;target=email&quot;' expr:title='data:top.emailThisMsg' target='_blank'>
        <span class='share-button-link-text'><data:top.emailThisMsg/></span></a>
      <a class='share-button sb-blog' expr:href='data:post.sharePostUrl + &quot;&amp;target=blog&quot;' expr:onclick='&quot;window.open(this.href, \&quot;_blank\&quot;, \&quot;height=270,width=475\&quot;); return false;&quot;' expr:title='data:top.blogThisMsg' target='_blank'>
        <span class='share-button-link-text'><data:top.blogThisMsg/></span></a>
      <a class='share-button sb-twitter' expr:href='data:post.sharePostUrl + &quot;&amp;target=twitter&quot;' expr:title='data:top.shareToTwitterMsg' target='_blank'>
        <span class='share-button-link-text'><data:top.shareToTwitterMsg/></span></a>
      <a class='share-button sb-facebook' expr:href='data:post.sharePostUrl + &quot;&amp;target=facebook&quot;' expr:onclick='&quot;window.open(this.href, \&quot;_blank\&quot;, \&quot;height=430,width=640\&quot;); return false;&quot;' expr:title='data:top.shareToFacebookMsg' target='_blank'>
        <span class='share-button-link-text'><data:top.shareToFacebookMsg/></span></a>
      <a class='share-button sb-buzz' expr:href='data:post.sharePostUrl + &quot;&amp;target=buzz&quot;' expr:onclick='&quot;window.open(this.href, \&quot;_blank\&quot;, \&quot;height=415,width=690\&quot;); return false;&quot;' expr:title='data:top.shareToBuzzMsg' target='_blank'>
        <span class='share-button-link-text'><data:top.shareToBuzzMsg/></span></a>
  </b:if>
</b:includable>
<b:includable id='backlinks' var='post'>
  <a name='links'/><h4><data:post.backlinksLabel/></h4>
  <b:if cond='data:post.numBacklinks != 0'>
    <dl class='comments-block' id='comments-block'>
      <b:loop values='data:post.backlinks' var='backlink'>
        <div class='collapsed-backlink backlink-control'>
          <dt class='comment-title'>
            <span class='backlink-toggle-zippy'>&#160;</span>
            <a expr:href='data:backlink.url' rel='nofollow'><data:backlink.title/></a>
            <b:include data='backlink' name='backlinkDeleteIcon'/>
          </dt>
          <dd class='comment-body collapseable'>
            <data:backlink.snippet/>
          </dd>
          <dd class='comment-footer collapseable'>
            <span class='comment-author'><data:post.authorLabel/> <data:backlink.author/></span>
            <span class='comment-timestamp'><data:post.timestampLabel/> <data:backlink.timestamp/></span>
          </dd>
        </div>
      </b:loop>
    </dl>
  </b:if>
  <p class='comment-footer'>
    <a class='comment-link' expr:href='data:post.createLinkUrl' expr:id='data:widget.instanceId + &quot;_backlinks-create-link&quot;' target='_blank'><data:post.createLinkLabel/></a>
  </p>
</b:includable>
<b:includable id='post' var='post'>
  <div class='post hentry uncustomized-post-template'>




    <div class='post-home'>

	<div class='post-head'>
		
    <a expr:name='data:post.id'/>
   
      <h2 style='font-size:18px;'>
          <a expr:href='data:post.url'><data:post.title/></a>
      </h2>
    
	<div class='date'> Posted by <data:post.author/> | <data:post.dateHeader/> | Category:  
        <b:if cond='data:post.labels'>
          <b:loop values='data:post.labels' var='label'>
            <a expr:href='data:label.url + &quot;?&amp;max-results=5&quot;' rel='tag'><data:label.name/></a><b:if cond='data:label.isLast != &quot;true&quot;'>,</b:if>
          </b:loop>
        </b:if>
      
 |    <b:if cond='data:blog.pageType != &quot;item&quot;'>
          <b:if cond='data:blog.pageType != &quot;static_page&quot;'>
            <b:if cond='data:post.allowComments'>
              <a class='comment-link' expr:href='data:post.addCommentUrl' expr:onclick='data:post.addCommentOnclick'><b:if cond='data:post.numComments == 1'>1 <data:top.commentLabel/><b:else/><data:post.numComments/> <data:top.commentLabelPlural/></b:if></a>
            </b:if>
          </b:if>
        </b:if>  </div> 		
				</div>
				<div class='clear'/>



<div class='home-share'>
						<div class='share-buttons' style='padding-left:4px;'>		<script type='text/javascript'>

tweetmeme_url = &#39;<data:post.url/>&#39;;

</script>

<script src='http://tweetmeme.com/i/scripts/button.js' type='text/javascript'> </script>
	</div>

						<div class='share-buttons'>	

	
		<a expr:share_url='data:post.url' name='fb_share' rel='nofollow' type='box_count'/>  
<script src='http://static.ak.fbcdn.net/connect.php/js/FB.Share' type='text/javascript'/>

		
	</div>

					</div>

<b:if cond='data:blog.pageType == &quot;item&quot;'>

<p style='padding: 10px 10px 10px 10px;'> <data:post.body/> </p>


<b:else/>
     
<DIV expr:id='&quot;summary&quot; + data:post.id'>&lt;br/&gt;<p><data:post.body/></p></DIV>
 <SCRIPT type='text/javascript'>createSummaryAndThumb(&quot;summary<data:post.id/>&quot;);</SCRIPT> 

</b:if>


      <div style='clear: both;'/> <!-- clear for photos floats -->
    </div>
  
    <b:if cond='data:post.hasJumpLink'>
      <div class='jump-link'>
        <a expr:href='data:post.url + &quot;#more&quot;' expr:title='data:post.title'><data:post.jumpText/></a>  
      </div>
    </b:if>
    
    <div class='post-footer'>
    <div class='post-footer-line post-footer-line-1'>


 
  
      <span class='reaction-buttons'>
        <b:if cond='data:top.showReactions'>
          <table border='0' cellpadding='0' cellspacing='0' width='100%'><tr>
            <td class='reactions-label-cell' nowrap='nowrap' valign='top' width='1%'>
              <span class='reactions-label'>
              <data:top.reactionsLabel/></span>&#160;</td>
            <td><iframe allowtransparency='true' class='reactions-iframe' expr:src='data:post.reactionsUrl' frameborder='0' name='reactions' scrolling='no'/></td>
           </tr></table>
        </b:if>
      </span>

      <span class='star-ratings'>
        <b:if cond='data:top.showStars'>
           <div expr:g:background-color='data:backgroundColor' expr:g:text-color='data:textColor' expr:g:url='data:post.absoluteUrl' g:height='42' g:type='RatingPanel' g:width='280'/>
        </b:if>
      </span>


       <!-- backlinks -->
       <span class='post-backlinks post-comment-link'>
         <b:if cond='data:blog.pageType != &quot;item&quot;'>
           <b:if cond='data:blog.pageType != &quot;static_page&quot;'>
             <b:if cond='data:post.showBacklinks'>
               <a class='comment-link' expr:href='data:post.url + &quot;#links&quot;'><data:top.backlinkLabel/></a>
             </b:if>
           </b:if>
         </b:if>
       </span>

      <span class='post-icons'>
        <!-- email post links -->
        <b:if cond='data:post.emailPostUrl'>
          <span class='item-action'>
          <a expr:href='data:post.emailPostUrl' expr:title='data:top.emailPostMsg'>
              <img alt='' class='icon-action' height='13' src='http://img1.blogblog.com/img/icon18_email.gif' width='18'/>
          </a>
          </span>
        </b:if>

        <!-- quickedit pencil -->
        <b:include data='post' name='postQuickEdit'/>
      </span>

      <!-- share buttons -->
      <div class='post-share-buttons'>
        <b:include data='post' name='shareButtons'/>
      </div>

      </div>



      <div class='post-footer-line post-footer-line-3'>
      <span class='post-location'>
        <b:if cond='data:top.showLocation'>
          <b:if cond='data:post.location'>
            <data:postLocationLabel/>
            <a expr:href='data:post.location.mapsUrl' target='_blank'><data:post.location.name/></a>
          </b:if>
        </b:if>
      </span>
      </div>
    </div>
  </div>
</b:includable>
<b:includable id='status-message'>
  <b:if cond='data:navMessage'>
  <div class='status-msg-wrap'>
    <div class='status-msg-body'>
      <data:navMessage/>
    </div>
    <div class='status-msg-border'>
      <div class='status-msg-bg'>
        <div class='status-msg-hidden'><data:navMessage/></div>
      </div>
    </div>
  </div>
  <div style='clear: both;'/>
  </b:if>
</b:includable>
<b:includable id='comment-form' var='post'>
  <div id='respond'>
    <a name='comment-form'/>
    
<h3 class='reply-replace'>Leave a Reply</h3>
    <p><data:blogCommentMessage/></p>
    <data:blogTeamBlogMessage/>
    <a expr:href='data:post.commentFormIframeSrc' id='comment-editor-src'/>
    <iframe allowtransparency='true' class='blogger-iframe-colorize blogger-comment-from-post' frameborder='0' height='410' id='comment-editor' name='comment-editor' src='' width='400px'/>
    <data:post.friendConnectJs/>
    <data:post.cmtfpIframe/>
    <script type='text/javascript'>
      BLOG_CMT_createIframe(&#39;<data:post.appRpcRelayPath/>&#39;, &#39;<data:post.communityId/>&#39;);
    </script>
  </div>
</b:includable>
<b:includable id='backlinkDeleteIcon' var='backlink'>
  <span expr:class='&quot;item-control &quot; + data:backlink.adminClass'>
    <a expr:href='data:backlink.deleteUrl' expr:title='data:top.deleteBacklinkMsg'>
      <img src='//www.blogger.com/img/icon_delete13.gif'/>
    </a>
  </span>
</b:includable>
<b:includable id='postQuickEdit' var='post'>
  <b:if cond='data:post.editUrl'>
    <span expr:class='&quot;item-control &quot; + data:post.adminClass'>
      <a expr:href='data:post.editUrl' expr:title='data:top.editPostMsg'>
        <img alt='' class='icon-action' height='18' src='http://img2.blogblog.com/img/icon18_edit_allbkg.gif' width='18'/>
      </a>
    </span>
  </b:if>
</b:includable>
<b:includable id='main' var='top'>
  <!-- posts -->
  <div class='blog-posts hfeed'>

    <b:include data='top' name='status-message'/>

    <data:defaultAdStart/>
    <b:loop values='data:posts' var='post'>
      <b:if cond='data:post.isDateStart'>
        <b:if cond='data:post.isFirstPost == &quot;false&quot;'>
          &lt;/div&gt;&lt;/div&gt;
        </b:if>
      </b:if>
      <b:if cond='data:post.isDateStart'>
        &lt;div class=&quot;date-outer&quot;&gt;
      </b:if>
      <b:if cond='data:post.dateHeader'>
        <h2 class='date-header'><span><data:post.dateHeader/></span></h2>
      </b:if>
      <b:if cond='data:post.isDateStart'>
        &lt;div class=&quot;date-posts&quot;&gt;
      </b:if>
      <div class='post-outer'>
      <b:include data='post' name='post'/>
      <b:if cond='data:blog.pageType == &quot;static_page&quot;'>
        <b:include data='post' name='comments'/>
      </b:if>
      <b:if cond='data:blog.pageType == &quot;item&quot;'>
        <b:include data='post' name='comments'/>
      </b:if>
      </div>
      <b:if cond='data:post.includeAd'>
        <b:if cond='data:post.isFirstPost'>
          <data:defaultAdEnd/>
        <b:else/>
          <data:adEnd/>
        </b:if>
        <div class='inline-ad'>
          <data:adCode/>
        </div>
        <data:adStart/>
      </b:if>
      <b:if cond='data:post.trackLatency'>
        <data:post.latencyJs/>
      </b:if>
    </b:loop>
    <b:if cond='data:numPosts != 0'>
      &lt;/div&gt;&lt;/div&gt;
    </b:if>
    <data:adEnd/>
  </div>

  <!-- navigation -->
  <b:include name='nextprev'/>

  <!-- feed links -->
  <b:include name='feedLinks'/>
  
  <b:if cond='data:top.showStars'>
    <script src='//www.google.com/jsapi' type='text/javascript'/>
    <script type='text/javascript'>
      google.load(&quot;annotations&quot;, &quot;1&quot;, {&quot;locale&quot;: &quot;<data:top.languageCode/>&quot;});
      function initialize() {
        google.annotations.setApplicationId(<data:top.blogspotReviews/>);
        google.annotations.createAll();
        google.annotations.fetch();
      }
      google.setOnLoadCallback(initialize);
    </script>
  </b:if>
</b:includable>
<b:includable id='commentDeleteIcon' var='comment'>
  <span expr:class='&quot;item-control &quot; + data:comment.adminClass'>
    <a expr:href='data:comment.deleteUrl' expr:title='data:top.deleteCommentMsg'>
      <img src='//www.blogger.com/img/icon_delete13.gif'/>
    </a>
  </span>
</b:includable>
<b:includable id='feedLinks'>
  <b:if cond='data:blog.pageType != &quot;item&quot;'> <!-- Blog feed links -->
    <b:if cond='data:feedLinks'>
      <div class='blog-feeds'>
        <b:include data='feedLinks' name='feedLinksBody'/>
      </div>
    </b:if>

    <b:else/> <!--Post feed links -->
    <div class='post-feeds'>
      <b:loop values='data:posts' var='post'>
        <b:if cond='data:post.allowComments'>
          <b:if cond='data:post.feedLinks'>
            <b:include data='post.feedLinks' name='feedLinksBody'/>
          </b:if>
        </b:if>
      </b:loop>
    </div>
  </b:if>
</b:includable>
<b:includable id='feedLinksBody' var='links'>
  <div class='feed-links'>
  <data:feedLinksMsg/>
  <b:loop values='data:links' var='f'>
     <a class='feed-link' expr:href='data:f.url' expr:type='data:f.mimeType' target='_blank'><data:f.name/> (<data:f.feedType/>)</a>
  </b:loop>
  </div>
</b:includable>
<b:includable id='comments' var='post'>

  <div id='comments'>
  
      <a name='comments'/>

      <b:if cond='data:post.allowComments'>
	  
	  
          <p class='comment-counts'>Currently have   
		  <b:if cond='data:post.numComments == 1'>
          1 <data:commentLabel/>:
             <b:else/>
          <data:post.numComments/> <data:commentLabelPlural/>:
           </b:if>
		   </p>
		   
		  


   <div id='commentlist-wrap'>
   
   

      <b:if cond='data:post.commentPagingRequired'>
        <span class='paging-control-container'>
          <a expr:class='data:post.oldLinkClass' expr:href='data:post.oldestLinkUrl'><data:post.oldestLinkText/></a>
          &#160;
          <a expr:class='data:post.oldLinkClass' expr:href='data:post.olderLinkUrl'><data:post.olderLinkText/></a>
          &#160;
          <data:post.commentRangeText/>
          &#160;
          <a expr:class='data:post.newLinkClass' expr:href='data:post.newerLinkUrl'><data:post.newerLinkText/></a>
          &#160;
          <a expr:class='data:post.newLinkClass' expr:href='data:post.newestLinkUrl'><data:post.newestLinkText/></a>
        </span>
      </b:if>
	  
	
	  
	  <div expr:class='data:post.postAuthorClass' expr:id='data:widget.instanceId + &quot;_comments-block-wrapper&quot;'>
	  <div expr:class='data:post.avatarIndentClass' id='comments-blockse'>
	  
	  
	  
	  
			
			<ol class='commentlist'>

<b:loop values='data:post.comments' var='comment'>
			
			<li class='comment odd alt thread-odd thread-alt depth-1' id='li-comment-26'>
			
			<div expr:class='&quot;comment-authord &quot; + data:comment.authorClass' expr:id='data:comment.anchorName'>
     <div id='comment-26'>
	 
	 
      <div class='comment-author vcard'>
         
		

	
  
	

<div class='avatar'>
<b:if cond='data:comment.favicon'>

<img class='avatar' expr:src='data:comment.favicon' height='16px' width='16px'/>
</b:if>
<a expr:name='data:comment.anchorName'/>
<b:if cond='data:blog.enabledCommentProfileImages'>
<div expr:class='data:comment.avatarContainerClass'>
<data:comment.authorAvatarImage/>
</div>

</b:if>
</div>

	
	<div class='metacom'>
	
	
         <cite class='fn'>
		  <b:if cond='data:comment.authorUrl'>
                <a expr:href='data:comment.authorUrl' rel='nofollow'><data:comment.author/></a>
              <b:else/>
                <data:comment.author/>
              </b:if>
		 
		 </cite> <span class='says'>says:</span>	
		  
		  
			  	 
		<div class='comment-meta commentmetadata'>    <a expr:href='data:comment.url' title='comment permalink'>
                  <data:comment.timestamp/>
                </a>
                <b:include data='comment' name='commentDeleteIcon'/></div>
				
				
	</div>

			
      </div>
	  	<div class='clear'/>
		
		
	  
	  
	   <div expr:class='&quot;comment-body &quot; + data:comment.commentAuthorClass' expr:id='data:widget.instanceId + data:comment.cmtBodyIdPostfix'>
              <b:if cond='data:comment.isDeleted'>
                <p><data:comment.body/></p>
              <b:else/>
                <p>
                  <data:comment.body/>
                  <span class='interaction-iframe-guide'/>
                </p>
              </b:if>
            </div>
			
			

     </div>
	 
	 </div>
	 
</li>
   
   </b:loop>

			</ol> 
			
			
			
			
			
			
			<br/>
			
			      <b:if cond='data:post.commentPagingRequired'>
        <span class='paging-control-container'>
          <a expr:class='data:post.oldLinkClass' expr:href='data:post.oldestLinkUrl'>
            <data:post.oldestLinkText/>
          </a>
          <a expr:class='data:post.oldLinkClass' expr:href='data:post.olderLinkUrl'>
            <data:post.olderLinkText/>
          </a>
          &#160;
          <data:post.commentRangeText/>
          &#160;
          <a expr:class='data:post.newLinkClass' expr:href='data:post.newerLinkUrl'>
            <data:post.newerLinkText/>
          </a>
          <a expr:class='data:post.newLinkClass' expr:href='data:post.newestLinkUrl'>
            <data:post.newestLinkText/>
          </a>
        </span>
      </b:if>
	  
	  
			
			  </div> </div>
			  
			  
			  
			<div class='comment-nav'> </div> <!-- end comment pagination -->
	<div class='clear'/>
	
	
	</div> </b:if>

  

      <p class='comment-footer'>
        <b:if cond='data:post.embedCommentForm'>
          <b:if cond='data:post.allowNewComments'>
            <b:include data='post' name='comment-form'/>
          <b:else/>
            <data:post.noNewCommentsText/>
          </b:if>
        <b:else/>
          <b:if cond='data:post.allowComments'>
            <a expr:href='data:post.addCommentUrl' expr:onclick='data:post.addCommentOnclick'><data:postCommentMsg/></a>
          </b:if>
        </b:if>

      </p>
    

  </div>
</b:includable>
</b:widget>
</b:section>
		


						 <!-- end #postnavigation -->
	<div class='clear'/>

	</div> 
		</div> 
 			   <div id='sidebar'>







<div id='feeds'> 

			      &lt;form action=&quot;http://feedburner.google.com/fb/a/mailverify&quot; id=&quot;feedform&quot; method=&quot;post&quot; target=&quot;popupwindow&quot; onsubmit=&quot;window.open(&#39;http://feedburner.google.com/fb/a/mailverify?uri=BloggerThemenet&#39;, &#39;popupwindow&#39;, &#39;scrollbars=yes,width=550,height=520&#39;);return true&quot;&gt;
        &lt;input name=&quot;email&quot; type=&quot;text&quot; value=&quot;Enter email address here&quot; class=&quot;textarea&quot; onfocus=&quot;if (this.value == &#39;Enter email address here&#39;) {this.value = &#39;&#39;;}&quot; onblur=&quot;if (this.value == &#39;&#39;) {this.value = &#39;Enter email address here&#39;;}&quot; /&gt;
        &lt;br /&gt;
        &lt;input type=&quot;hidden&quot; value=&quot;BloggerThemenet&quot; name=&quot;uri&quot;/&gt;
        &lt;input type=&quot;hidden&quot; value=&quot;BloggerThemenet&quot; name=&quot;title&quot;/&gt;
        &lt;input type=&quot;hidden&quot; name=&quot;loc&quot; value=&quot;en_US&quot;/&gt;
       &lt;/form&gt;


				
	  
	  <p><a href='http://feeds2.feedburner.com/BloggerThemenet'><img alt='' height='26' src='http://feeds2.feedburner.com/~fc/BloggerThemenet?bg=990000&amp;fg=000000&amp;anim=1' style='border:0' width='88'/></a></p>
	  
		 <p><a expr:href='data:blog.homepageUrl + &quot;feeds/posts/default&quot;'>Post (RSS)</a> | <a expr:href='data:blog.homepageUrl + &quot;feeds/comments/default&quot;'>Comments (RSS)</a></p>
</div> 



<b:section class='sboxx' id='sboxx' preferred='yes' showaddelement='no'>
<b:widget id='HTML401' locked='true' title='Search Box' type='HTML'>
<b:includable id='main'>
  <form class='search' expr:action='data:blog.homepageUrl + &quot;search&quot;' method='get'>

 <input id='s' name='q' onfocus='this.value=&apos;&apos;;' type='text' value=''/>
 <input id='searchsubmit' type='submit' value=''/>
</form>
</b:includable>
</b:widget>
</b:section>

	<div id='ads-wrap'>	
	<div class='clear'/>
 <!-- Ad1 start -->
			<a href='#'><img alt='Advertisement' class='ads' src='http://1.bp.blogspot.com/_v5Bt2NHC-zQ/TIk3FVdg0CI/AAAAAAAAARo/sGLyR3Jy7Yc/s1600/ad125.png'/></a>
        
			<!-- Ad2 start -->
			<a href='#'><img alt='Advertisement' class='ads' src='http://1.bp.blogspot.com/_v5Bt2NHC-zQ/TIk3FVdg0CI/AAAAAAAAARo/sGLyR3Jy7Yc/s1600/ad125.png'/></a>

        
        <div class='clear'/>
	   <div style='overflow: hidden;'>
			<!-- Ad3 start -->
			<a href='#'><img alt='Advertisement' class='ads' src='http://1.bp.blogspot.com/_v5Bt2NHC-zQ/TIk3FVdg0CI/AAAAAAAAARo/sGLyR3Jy7Yc/s1600/ad125.png'/></a>
        
			<!-- Ad4 start -->
			<a href='#'><img alt='Advertisement' class='ads' src='http://1.bp.blogspot.com/_v5Bt2NHC-zQ/TIk3FVdg0CI/AAAAAAAAARo/sGLyR3Jy7Yc/s1600/ad125.png'/></a>
        </div>
        <div class='clear'/>
</div>

				<div class='clear'/>   
		

<b:section class='sidebarr' id='sidebarr' preferred='yes'>
<b:widget id='Label5' locked='false' title='Labels' type='Label'>
<b:includable id='main'>
  <b:if cond='data:title'>
    <h2><data:title/></h2>
  </b:if>
  <div expr:class='&quot;widget-content &quot; + data:display + &quot;-label-widget-content&quot;'>
    <b:if cond='data:display == &quot;list&quot;'>
      <ul>
      <b:loop values='data:labels' var='label'>
        <li>
          <b:if cond='data:blog.url == data:label.url'>
            <span expr:dir='data:blog.languageDirection'><data:label.name/></span>
          <b:else/>
            <a expr:dir='data:blog.languageDirection' expr:href='data:label.url'><data:label.name/></a>
          </b:if>
          <b:if cond='data:showFreqNumbers'>
            <span dir='ltr'>(<data:label.count/>)</span>
          </b:if>
        </li>
      </b:loop>
      </ul>
    <b:else/>
      <b:loop values='data:labels' var='label'>
        <span expr:class='&quot;label-size label-size-&quot; + data:label.cssSize'>
          <b:if cond='data:blog.url == data:label.url'>
            <span expr:dir='data:blog.languageDirection'><data:label.name/></span>
          <b:else/>
            <a expr:dir='data:blog.languageDirection' expr:href='data:label.url'><data:label.name/></a>
          </b:if>
          <b:if cond='data:showFreqNumbers'>
            <span class='label-count' dir='ltr'>(<data:label.count/>)</span>
          </b:if>
        </span>
      </b:loop>
    </b:if>
    <b:include name='quickedit'/>
  </div>
</b:includable>
</b:widget>
<b:widget id='Label1' locked='false' title='Categories' type='Label'>
<b:includable id='main'>
  <b:if cond='data:title'>
    <h2><data:title/></h2>
  </b:if>
  <div expr:class='&quot;widget-content &quot; + data:display + &quot;-label-widget-content&quot;'>
    <b:if cond='data:display == &quot;list&quot;'>
      <ul>
      <b:loop values='data:labels' var='label'>
        <li>
          <b:if cond='data:blog.url == data:label.url'>
            <span expr:dir='data:blog.languageDirection'><data:label.name/></span>
          <b:else/>
            <a expr:dir='data:blog.languageDirection' expr:href='data:label.url + &quot;?&amp;max-results=5&quot;'><data:label.name/></a>
          </b:if>
          <b:if cond='data:showFreqNumbers'>
            <span dir='ltr'>(<data:label.count/>)</span>
          </b:if>
        </li>
      </b:loop>
      </ul>
    <b:else/>
      <b:loop values='data:labels' var='label'>
        <span expr:class='&quot;label-size label-size-&quot; + data:label.cssSize'>
          <b:if cond='data:blog.url == data:label.url'>
            <span expr:dir='data:blog.languageDirection'><data:label.name/></span>
          <b:else/>
            <a expr:dir='data:blog.languageDirection' expr:href='data:label.url + &quot;?&amp;max-results=5&quot;'><data:label.name/></a>
          </b:if>
          <b:if cond='data:showFreqNumbers'>
            <span class='label-count' dir='ltr'>(<data:label.count/>)</span>
          </b:if>
        </span>
      </b:loop>
    </b:if>
    <b:include name='quickedit'/>
  </div>
</b:includable>
</b:widget>
</b:section>

	

		<div class='clear'/>

</div>

<div class='clear'/>
</div>
<div id='bottom-container'/>
		<div id='top-footer'/>
		<div id='footer'>
			
	<div id='bottombar'>


<b:section class='bottom-widget' id='bottom-widget' preferred='yes'>
<b:widget id='Label2' locked='false' title='Labels' type='Label'>
<b:includable id='main'>
  <b:if cond='data:title'>
    <h2><data:title/></h2>
  </b:if>
  <div expr:class='&quot;widget-content &quot; + data:display + &quot;-label-widget-content&quot;'>
    <b:if cond='data:display == &quot;list&quot;'>
      <ul>
      <b:loop values='data:labels' var='label'>
        <li>
          <b:if cond='data:blog.url == data:label.url'>
            <span expr:dir='data:blog.languageDirection'><data:label.name/></span>
          <b:else/>
            <a expr:dir='data:blog.languageDirection' expr:href='data:label.url'><data:label.name/></a>
          </b:if>
          <b:if cond='data:showFreqNumbers'>
            <span dir='ltr'>(<data:label.count/>)</span>
          </b:if>
        </li>
      </b:loop>
      </ul>
    <b:else/>
      <b:loop values='data:labels' var='label'>
        <span expr:class='&quot;label-size label-size-&quot; + data:label.cssSize'>
          <b:if cond='data:blog.url == data:label.url'>
            <span expr:dir='data:blog.languageDirection'><data:label.name/></span>
          <b:else/>
            <a expr:dir='data:blog.languageDirection' expr:href='data:label.url'><data:label.name/></a>
          </b:if>
          <b:if cond='data:showFreqNumbers'>
            <span class='label-count' dir='ltr'>(<data:label.count/>)</span>
          </b:if>
        </span>
      </b:loop>
    </b:if>
    <b:include name='quickedit'/>
  </div>
</b:includable>
</b:widget>
</b:section>    


<b:section class='bottom-widgettwo' id='bottom-widgettwo' preferred='yes'>
<b:widget id='Label3' locked='false' title='Labels' type='Label'>
<b:includable id='main'>
  <b:if cond='data:title'>
    <h2><data:title/></h2>
  </b:if>
  <div expr:class='&quot;widget-content &quot; + data:display + &quot;-label-widget-content&quot;'>
    <b:if cond='data:display == &quot;list&quot;'>
      <ul>
      <b:loop values='data:labels' var='label'>
        <li>
          <b:if cond='data:blog.url == data:label.url'>
            <span expr:dir='data:blog.languageDirection'><data:label.name/></span>
          <b:else/>
            <a expr:dir='data:blog.languageDirection' expr:href='data:label.url'><data:label.name/></a>
          </b:if>
          <b:if cond='data:showFreqNumbers'>
            <span dir='ltr'>(<data:label.count/>)</span>
          </b:if>
        </li>
      </b:loop>
      </ul>
    <b:else/>
      <b:loop values='data:labels' var='label'>
        <span expr:class='&quot;label-size label-size-&quot; + data:label.cssSize'>
          <b:if cond='data:blog.url == data:label.url'>
            <span expr:dir='data:blog.languageDirection'><data:label.name/></span>
          <b:else/>
            <a expr:dir='data:blog.languageDirection' expr:href='data:label.url'><data:label.name/></a>
          </b:if>
          <b:if cond='data:showFreqNumbers'>
            <span class='label-count' dir='ltr'>(<data:label.count/>)</span>
          </b:if>
        </span>
      </b:loop>
    </b:if>
    <b:include name='quickedit'/>
  </div>
</b:includable>
</b:widget>
</b:section>




<b:section class='bottom-widgetthree' id='bottom-widgetthree' preferred='yes'>
<b:widget id='Label4' locked='false' title='Labels' type='Label'>
<b:includable id='main'>
  <b:if cond='data:title'>
    <h2><data:title/></h2>
  </b:if>
  <div expr:class='&quot;widget-content &quot; + data:display + &quot;-label-widget-content&quot;'>
    <b:if cond='data:display == &quot;list&quot;'>
      <ul>
      <b:loop values='data:labels' var='label'>
        <li>
          <b:if cond='data:blog.url == data:label.url'>
            <span expr:dir='data:blog.languageDirection'><data:label.name/></span>
          <b:else/>
            <a expr:dir='data:blog.languageDirection' expr:href='data:label.url'><data:label.name/></a>
          </b:if>
          <b:if cond='data:showFreqNumbers'>
            <span dir='ltr'>(<data:label.count/>)</span>
          </b:if>
        </li>
      </b:loop>
      </ul>
    <b:else/>
      <b:loop values='data:labels' var='label'>
        <span expr:class='&quot;label-size label-size-&quot; + data:label.cssSize'>
          <b:if cond='data:blog.url == data:label.url'>
            <span expr:dir='data:blog.languageDirection'><data:label.name/></span>
          <b:else/>
            <a expr:dir='data:blog.languageDirection' expr:href='data:label.url'><data:label.name/></a>
          </b:if>
          <b:if cond='data:showFreqNumbers'>
            <span class='label-count' dir='ltr'>(<data:label.count/>)</span>
          </b:if>
        </span>
      </b:loop>
    </b:if>
    <b:include name='quickedit'/>
  </div>
</b:includable>
</b:widget>
</b:section>

    
    </div>
	
  


	 <div class='clear'/>
	</div>
			 <div class='clear'/>
		<div id='bottom-footer'>

					<div class='credit'> 
        <p> &#169; 2010 <strong><a expr:href='data:blog.homepageUrl'><data:blog.title/></a></strong> |Blogger Author <a href='http://www.bloggertheme.net/' target='_blank'><strong>BloggerTheme</strong></a> <br/>powered by <a href='http://blogger.com/'><strong>Blogger</strong></a> | WordPress by <a href='http://camelgraph.com' target='_blank'><strong>camelgraph</strong></a> | Converted by <a href='http://www.bloggertheme.net/' target='_blank'><strong>BloggerTheme</strong></a>.</p>


    </div>

		</div>
		
	
	
</div> <!--End #bottom-wrap -->
			</div> <!--End #wrap -->
</div> <!--End #top-nav-wrap -->


<b:if cond='data:blog.pageType != &quot;item&quot;'>
<b:if cond='data:blog.pageType != &quot;static_page&quot;'>
<script type='text/javascript'>
var pageCount=5;
var displayPageNum=5;
var upPageWord =&#39;Previous&#39;;
var downPageWord =&#39;Next&#39;;
</script>

<script type='text/javascript'>

//<![CDATA[

function showpageCount(json){var thisUrl=home_page_url;var htmlMap=new Array();var thisNum=1;var postNum=1;var itemCount=0;var fFlag=0;var eFlag=0;var html='';var upPageHtml='';var downPageHtml='';for(var i=0,post;post=json.feed.entry[i];i++){var timestamp1=post.published.$t.substring(0,19)+post.published.$t.substring(23,29);timestamp=encodeURIComponent(timestamp1);var title=post.title.$t;if(title!=''){if(itemCount==0||(itemCount%pageCount==(pageCount-1))){if(thisUrl.indexOf(timestamp)!=-1){thisNum=postNum}if(title!='')postNum++;htmlMap[htmlMap.length]='/search?updated-max='+timestamp+'&max-results='+pageCount}}itemCount++}for(var p=0;p<htmlMap.length;p++){if(p>=(thisNum-displayPageNum-1)&&p<(thisNum+displayPageNum)){if(fFlag==0&&p==thisNum-2){if(thisNum==2){upPageHtml='<span class="showpage"><a href="/">'+upPageWord+'</a></span>'}else{upPageHtml='<span class="showpage"><a href="'+htmlMap[p]+'">'+upPageWord+'</a></span>'}fFlag++}if(p==(thisNum-1)){html+='<span class="showpagePoint">'+thisNum+'</span>'}else{if(p==0){html+='<span class="showpageNum"><a href="/">1</a></span>'}else{html+='<span class="showpageNum"><a href="'+htmlMap[p]+'">'+(p+1)+'</a></span>'}}if(eFlag==0&&p==thisNum){downPageHtml='<span class="showpage"> <a href="'+htmlMap[p]+'">'+downPageWord+'</a></span>';eFlag++}}}if(thisNum>1){html=''+upPageHtml+' '+html+' '}html='<div class="showpageArea" style="padding:10px 10px 10px 10px;"><span style="COLOR: #000;" class="showpageOf"> Pages ('+(postNum-1)+')</span>'+html;if(thisNum<(postNum-1)){html+=downPageHtml}if(postNum==1)postNum++;html+='</div>';var pageArea=document.getElementsByName("pageArea");var blogPager=document.getElementById("blog-pager");if(postNum<=2){html=''}for(var p=0;p<pageArea.length;p++){pageArea[p].innerHTML=html}if(pageArea&&pageArea.length>0){html=''}if(blogPager){blogPager.innerHTML=html}}function showpageCount2(json){var thisUrl=home_page_url;var htmlMap=new Array();var isLablePage=thisUrl.indexOf("/search/label/")!=-1;var thisLable=isLablePage?thisUrl.substr(thisUrl.indexOf("/search/label/")+14,thisUrl.length):"";thisLable=thisLable.indexOf("?")!=-1?thisLable.substr(0,thisLable.indexOf("?")):thisLable;var thisNum=1;var postNum=1;var itemCount=0;var fFlag=0;var eFlag=0;var html='';var upPageHtml='';var downPageHtml='';var labelHtml='<span class="showpageNum"><a href="/search/label/'+thisLable+'?&max-results='+pageCount+'">';var thisUrl=home_page_url;for(var i=0,post;post=json.feed.entry[i];i++){var timestamp1=post.published.$t.substring(0,19)+post.published.$t.substring(23,29);timestamp=encodeURIComponent(timestamp1);var title=post.title.$t;if(title!=''){if(itemCount==0||(itemCount%pageCount==(pageCount-1))){if(thisUrl.indexOf(timestamp)!=-1){thisNum=postNum}if(title!='')postNum++;htmlMap[htmlMap.length]='/search/label/'+thisLable+'?updated-max='+timestamp+'&max-results='+pageCount}}itemCount++}for(var p=0;p<htmlMap.length;p++){if(p>=(thisNum-displayPageNum-1)&&p<(thisNum+displayPageNum)){if(fFlag==0&&p==thisNum-2){if(thisNum==2){upPageHtml=labelHtml+upPageWord+'</a></span>'}else{upPageHtml='<span class="showpage"><a href="'+htmlMap[p]+'">'+upPageWord+'</a></span>'}fFlag++}if(p==(thisNum-1)){html+='<span class="showpagePoint">'+thisNum+'</span>'}else{if(p==0){html=labelHtml+'1</a></span>'}else{html+='<span class="showpageNum"><a href="'+htmlMap[p]+'">'+(p+1)+'</a></span>'}}if(eFlag==0&&p==thisNum){downPageHtml='<span class="showpage"> <a href="'+htmlMap[p]+'">'+downPageWord+'</a></span>';eFlag++}}}if(thisNum>1){if(!isLablePage){html=''+upPageHtml+' '+html+' '}else{html=''+upPageHtml+' '+html+' '}}html='<div class="showpageArea"><span style="COLOR: #000;" class="showpageOf"> Pages ('+(postNum-1)+')</span>'+html;if(thisNum<(postNum-1)){html+=downPageHtml}if(postNum==1)postNum++;html+='</div>';var pageArea=document.getElementsByName("pageArea");var blogPager=document.getElementById("blog-pager");if(postNum<=2){html=''}for(var p=0;p<pageArea.length;p++){pageArea[p].innerHTML=html}if(pageArea&&pageArea.length>0){html=''}if(blogPager){blogPager.innerHTML=html}}var home_page_url=location.href;var thisUrl=home_page_url;if(thisUrl.indexOf("/search/label/")!=-1){if(thisUrl.indexOf("?updated-max")!=-1){var lblname1=thisUrl.substring(thisUrl.indexOf("/search/label/")+14,thisUrl.indexOf("?updated-max"))}else{var lblname1=thisUrl.substring(thisUrl.indexOf("/search/label/")+14,thisUrl.indexOf("?&max"))}}var home_page="/";if(thisUrl.indexOf("?q=")==-1){if(thisUrl.indexOf("/search/label/")==-1){document.write('<script src="'+home_page+'feeds/posts/summary?alt=json-in-script&callback=showpageCount&max-results=99999" ><\/script>')}else{document.write('<script src="'+home_page+'feeds/posts/full/-/'+lblname1+'?alt=json-in-script&callback=showpageCount2&max-results=99999" ><\/script>')}}

//]]>

</script>
</b:if>
</b:if>



	</body></html>