<?xml version="1.0" encoding="UTF-8" ?>
<!DOCTYPE html PUBLIC "-//W3C//DTD XHTML 1.0 Strict//EN" "http://www.w3.org/TR/xhtml1/DTD/xhtml1-strict.dtd">
<html expr:dir='data:blog.languageDirection' xmlns='http://www.w3.org/1999/xhtml' xmlns:b='http://www.google.com/2005/gml/b' xmlns:data='http://www.google.com/2005/gml/data' xmlns:expr='http://www.google.com/2005/gml/expr'>
<head>

<b:include data='blog' name='all-head-content'/>

<b:if cond='data:blog.pageType == &quot;index&quot;'>
<title><data:blog.pageTitle/></title> 
<b:else/>
<title><data:blog.pageName/> &#171; <data:blog.title/></title>
</b:if>

<meta content='' name='keywords'/>
<meta content='INDEX, FOLLOW' name='ROBOTS'/> 

<meta content='width=device-width, initial-scale=1.0' name='viewport'/>


<link href='#' rel='shortcut icon' type='image/vnd.microsoft.icon'/>

<script src='https://ajax.googleapis.com/ajax/libs/jquery/1.5.1/jquery.min.js' type='text/javascript'/>

<b:skin><![CDATA[/*
---*****************************
Blogger Template Style
Name:   Botox Responsive
Author: Naveed Iqbal
URL:    http://www.bloggertheme9.com
Date:   April 21 2014
License:  This free Blogger template is licensed under the 'Creative Commons Attribution 3.0 License', which permits both personal and commercial use.
However, to satisfy the 'attribution' clause of the license, you are required to keep the footer links intact which provides due credit to its authors. For more specific details about the license, you may visit the URL below:
http://creativecommons.org/licenses/by/3.0
---*****************************/

body#layout .section-title,body#layout #navbar2-mid,body#layout #slider,#navbar,.date-header,.feed-links,.post-location,.post-share-buttons,.post-icons, #crosscol-wrapper{display: none !important;}
body,h1,h2,h3,h4,h5,ul,li,a,p,span,img,dd{margin:0;padding:0;text-decoration:none;border:none;outline:none}
body, .body-fauxcolumn-outer {background:#F0F0F0; font-family:'Arimo',sans-serif; font-size: 15px; color: #333333; margin: 0px; padding: 0px; line-height:22px;}
h1, h2, h3, h4, h5, h6 {color: #222222; font-family: "HelveticaNeue-Light","Helvetica Neue Light","Helvetica Neue","Segoe UI",Helvetica,Arial,"Lucida Grande",sans-serif;    font-weight: bold; line-height: 1.2em; margin: 0;}
h1 {font-size:40px}
h2 {font-size:38px}
h3 {font-size:36px}
h4 {font-size:34px}
h5 {font-size:32px}
h6 {font-size:30px}
a { color:#DD3333;}
a:hover {color:#B71427; text-decoration:none;}

body#layout #main-area{overflow: visible; margin: 0px; width: 600px; padding-right: 0px; }
#skel-body {position: relative; width: 100%;}
#header-heed{background:#fff;}
#header-area{border-top:7px solid #F76300; margin:0 auto;}
#header-place{padding: 0px 20px 20px 20px; position:relative; width:960px; margin:0 auto;}
#header-inner{ background-position: center; margin-left: auto; margin-right: auto;}
#header {margin:35px 0 5px 15px; border: 0 solid #cccccc; color: #666666; float: left; width: 30%;
overflow: hidden; }
#header h1 {font-family:cambria,georgia,times,times new roman,serif; color: #EEEEEE; line-height: 42px; font-weight: normal; font-size: 46px; font-style:italic; margin: 0px;  padding: 0px; text-shadow:0 0 2px #DD3333;}
#header h1 a,#header h1 a:visited {color: #FF6600; text-decoration: none;}
#header h1 a:hover{color:#E65C00 ;}
#header .description {font-family:cambria,georgia,times,times new roman,serif; line-height: 18px; font-size: 16px; margin:4px 0 0; font-style:italic; text-shadow:0 0 1px #000000;}
#header .description span{}
#header-rside {width: 730px; height:90px; overflow: hidden; margin:30px 1px -16px; padding:0; float:right }
#header-rside h2{display: none;}
#header-rside .widget{float:right; margin:0; padding:0}
 

#nav-bar{background:#FF6600; border-bottom:3px solid #DD3333; margin:48px 0 0;}
.ftmenu{height:52px; float:left;}
.ftmenu a{color: #fff; padding: 0px 14px; font-size:14px; display:block; position:relative;text-decoration:none; line-height:52px; text-transformation:uppercase;}
.ftmenu li li a{padding:10px 12px; line-height:20px; box-shadow:2px 2px 6px rgba(0, 0, 0, 0.2); color:#333333 !important;}
.ftmenu li li a:hover{border:none}
.ftmenu li:hover ul,.ftmenu li.fube ul{left:0;top:55px;z-index:99}
.ftmenu,.ftmenu {list-style:none;margin:0;padding:0}
.ftmenu ul{position:absolute; top:-999em; width:140px;}
.ftmenu ul li{width:100%; list-style:none;}
.ftmenu li:hover{visibility:inherit}
.ftmenu li{float:left;position:relative;}
.ftmenu a,.ftmenu a:visited{color:#fff}
.ftmenu a:hover{border-bottom:3px solid #fff;}
.ftmenu li li{background:#fff;}
.ftmenu li:hover,.ftmenu li.fube,.ftmenu a:focus,.ftmenu a:hover,.ftmenu a:active{outline:0}
.ftmenu ul :active{border-bottom:3px solid #fff !important}
.ftmenu li li:hover,.ftmenu li li.fube,.ftmenu li li a:focus,.ftmenu li li a:hover,.ftmenu li li a:active{background:#FF6600; color:#fff !important;}
ul.ftmenu li:hover li ul,ul.ftmenu li.fube li ul,ul.ftmenu li li:hover li ul,ul.ftmenu li li.fube li ul{top:-999em}
ul.ftmenu li li:hover ul,ul.ftmenu li li.fube ul,ul.ftmenu li li li:hover ul,ul.ftmenu li li li.fube ul{left:10em;top:0}
.ftmenu > li:before {background-color: #FF841E;}
.ftmenu > li:before {-moz-box-sizing: border-box; content: ""; display: block; height: 9px; left: -1px; position: absolute; top: 23px; width: 1px;}
.ftmenu li {float: left; position: relative;}
.sf-sub-indicator {
background: url("http://3.bp.blogspot.com/-MgHaZXjcxgg/U0SWWlIrCBI/AAAAAAAACbA/Z8NrZnbi4dA/s1600/clip+arrow.PNG") no-repeat scroll 0 0 transparent;
display: block; overflow: hidden; position: absolute; right: 3px; text-indent: -999em; top: 24px; width: 10px;}

.ftmenu .menu_icon {position: relative; top: 15px;}
.td-sp-ico-home {height: 52px; width: 25px;}
.td-sp {background-image: url("http://4.bp.blogspot.com/-mfoZkTU5YeA/U0RI7B1H0tI/AAAAAAAACaw/EkMd0CdfqAE/s1600/home-icon.PNG"); background-repeat: no-repeat; display: block;}
.ftmenu .menu_hidden {display: none !important;}
.plan{border-bottom:3px solid #fff !important}

#social-media {float:right;position: relative;top: 6px;}
#search-area {background-color:#fff; border-radius:10px; float:right; width:162px; height:25px; margin:12px 10px 0; padding:6px 0 0 9px; }
#search-area input { background:none; border:none; color:#555555; width:119px;}
#search-area input:last-child { background:url(http://3.bp.blogspot.com/-_irDiN7H9wY/URoUObi3heI/AAAAAAAAAU8/HeBgNkjIHE8/s1600/strc.png) no-repeat;
height: 21px; float: right; margin-right:15px; width:20px;
cursor: pointer;; border:none; color:#555555;  }
#search-icon{}
#searchform{text-indent:3px;}

#main-place {background: #fff; padding: 0 0 0 0px; width: 100%; }
#main-area {width:600px; float: left; padding: 20px 0px; word-wrap: break-word; overflow: hidden; border-right: 1px solid #ddd;}
#rside-area {width:290px; float: left; padding: 0 0 0 20px; word-wrap: break-word; margin:20px 0 30px 0px; overflow:hidden;}

.post-body {}

.post {background:#fff; margin-bottom: 0px; padding:30px; border-radius:5px;}
.post a {}
.post-title {font-size: 18px; margin-bottom:15px;}
.post h2 a {color:#222222;}
.post h2 a:hover{color:#F76300;}

blockquote {color: #666; font-size: 16px; font-style: italic; border-left: 10px solid #f7f7f7; margin: 20px 20px;padding: 0 30px 0 20px; overflow: hidden;}
.post-body{padding:0px 0px 10px 0px; }

.sidebar h2 {font-family: 'Ubuntu',sans-serif; font-weight: bold;  z-index: 1;   background: url("http://3.bp.blogspot.com/-fwxZbyrCIj8/U0WgPJu__DI/AAAAAAAACbQ/53vOsC6o0dc/s1600/pppt.png") repeat-x scroll 0 0 rgba(0, 0, 0, 0); font-family: Arimo,sans-serif; font-size: 15px; line-height: 22px; margin: 0; padding:0 0 8px 0; position: relative; text-align: center; top: -9px;}

.sidebar {margin: 0 0 10px 0;}
.sidebar a {color: #3D5054;}
.PopularPosts .item-title a:hover, .sidebar a:hover {color: #B71427;}
.sidebar ul {list-style-type: none; list-style: none; margin: 0px; padding: 0px;}
.sidebar ul li { padding: 0 0 9px 0; margin: 0 0 8px 0;}
.sidebar .widget {background:#fff;  padding:25px; margin-bottom: 30px; box-shadow:0 4px 3px -3px #CCCCCC; border-radius:5px; border:1px solid #DFDFDF; clear:both;}

#skelar-body {backface-visibility: hidden; position: relative; -webkit-transition: all 0.25s linear 0s; -moz-transition: all 0.25s linear 0s; -ms-transition: all 0.25s linear 0s; -o-transition: all 0.25s linear 0s; transition: all 0.25s linear 0s; width: 100%;}

.column .widget {margin-bottom: 20px!important;}

.PopularPosts img {width:90px;height:80px;float:left; padding:0px;border:1px solid #d5d5d5; margin:4px 5px 5px 0px;}
.PopularPosts li{margin:0 5px 5px 0 !important;}
.PopularPosts .item-title a{color: #3D5054; font-size: 15px; font-weight: 700; line-height: 22px; padding-bottom: 0.2em; text-transform: capitalize;}
.sidebar li {border-bottom: 1px dotted #d2d2d2; padding:8px 0 10px 1px; list-style:none;}
.label-size-1{opacity:1 !important; font-size:14px !important}

#s3slider {background:#000000; border:3px solid #D5D5D5; height: 200px;
position: relative; overflow: hidden; margin:2px 0 30px; }
#s3sliderContent {position: absolute; top:0px; padding: 0px; margin: 0px; }
.s3sliderImage { float: left; position: relative; display: none; }
.s3sliderImage span { position: absolute; left: 0; font-family:Oswald,arial,Georgia,serif; font-size:22px; padding: 10px 14px 16px; background-color: #000; filter: alpha(opacity=80); -moz-opacity: 0.8; -khtml-opacity: 0.8; opacity: 0.8; color: #fff;
display: none; bottom: 0; }
.sli-size{height:200px}

.auth-panel {padding:20px 25px 30px ;}
.auth-panel a{font-size: 14px; font-weight: 700;}
.auth-panel p {margin: 0; padding: 2px 0; overflow:hidden;}
.auth-panel img {float: left; margin: 0 10px 0 0; padding: 4px; border-radius:100px;  max-width:100px;}
.auth-panel a:hover {color:#666666;}
#MD-StoTop {padding:0px 2px 0px; position:fixed; bottom:5px; right:3px; cursor:pointer;}

.title-secondary{color:#828282; font-size:13px; padding:2px 0 10px}
.admin{background: #FFFBBC; border: 1px dashed #FFA500; color: #555555; cursor: pointer; font-weight: 600; height: 20px; letter-spacing: 1px; padding: 5px 10px; text-align: center;}
.admin:hover{border: 1px solid #FFA500;}
.dater{padding:0 10px 0 0px;}

.share-t {background: url(http://3.bp.blogspot.com/-vQT2Fqct4oY/U0McIzHHlMI/AAAAAAAACaY/iTLah-pW-0k/s1600/share-icon.png) no-repeat 0 2px transparent; padding: 0px 8px 0px 8px; }
.date-t {background: url(http://1.bp.blogspot.com/-iTGQVX863hg/U0McOH09YqI/AAAAAAAACag/nX0BL6DDsW4/s1600/date-icon.png) no-repeat 0 2px transparent; padding: 0px 8px 0px 8px; }

.social-bar{ border: 1px dashed #CFCFCF; margin: -6px 0 0 6px; padding: 8px 10px 3px; position: absolute; border-radius:5px;}
.social-bar:hover{ border: 1px solid #CFCFCF;}
 
#comments .comment-author {
padding-top: 1.5em;
border-top: 1px solid $(body.rule.color);
background-position: 0 1.5em;
}
#comments .comment-author:first-child {
padding-top: 0;
border-top: none;
}
.comments .comment-content{ padding:5px 0;line-height:1.4em;border-top: 1px solid #c9c9c9;}
.avatar-image-container {
margin: .2em 0 0;
}
#comments .avatar-image-container img {
border: 1px solid $(image.border.color);
}
.avatar-image-container img {border-radius:0 999px 999px 999px;}
.comment-actions a{font-size:11px; color:#777 !important}
.comments .comments-content .user{font-size:16px; color:#000;}
.comments .comments-content .datetime{font-size:11px; color:#777 !important}
.comments .comments-content .datetime a{color:#777;}
.comments .comments-content .comment-thread ol a{color:#000; }
.comments .comments-content .icon.blog-author { background-repeat: no-repeat;
background-image: url(http://3.bp.blogspot.com/-GsXem1Chqrc/UUdaYTwiWoI/AAAAAAAAAlg/Sh20UKfJJiI/s1600/autenti.jpg); height:38px; margin:0; position:absolute; right:0px; top:-0px; width:38px; }
.comments .comments-content .loadmore a {
border-top: 1px solid $(widget.alternate.text.color);
border-bottom: 1px solid $(widget.alternate.text.color);
}
.comment-header{border-left:3px solid #b71427; padding:0 0px 0 10px;}
.comments .comment-block{background:#fff; border: 1px solid #DFDFDF; border-radius:5px ; padding: 14px; box-shadow:0 4px 3px -3px #CCCCCC;}
.comments .comment-thread.inline-thread {
background-color: $(post.footer.background.color);
}
.comments .continue a{width:130px; border:1px solid #ddd; border-radius:9px;padding: 10px; color:#000;}
.comments .continue {
border-top: 2px solid $(widget.alternate.text.color);
}
#delatepubpost h3,.comments h4 {color: #3D5054; font-size: 18px; font-weight: 800; line-height: 25px; padding-bottom: 10px; text-transform: uppercase; letter-spacing: 1px;}
.comments h4 {border-bottom: 1px solid #DDDDDD; margin: 0 0 15px;}
#delatepubpost h3{margin: 0 0 5px;}

.comment-form{width:90%;max-width:90%}

#delatepubpost{float:left;width:620px; margin-bottom:18px;}
#delatepubpost .mugs-in {width:182px; height:120px; margin:7px 20px 10px 0; border-radius:3px;}
#delatepubpost .mugs-in:hover{}
.delate-post{width:184px;}
#delatepubpost .mugs-in a{color:#000 !important;}

.balsam{float:left;margin:0px 20px 45px 0; box-shadow: 0 1px 3px #CCCCCC; text-align: center; vertical-align: middle;}

.form-rside{background: #fff; border:1px solid #DFDFDF; border-radius: 5px; box-shadow: 0 4px 3px -3px #CCCCCC;
float:right; margin: 0 0 26px; padding: 25px;}
.form-subscibe{border:1px solid #E9E9E9; -moz-use-text-color -moz-use-text-color #CCCCCC; border-radius: 3px; padding:10px 15px 10px 35px ; width: 80%; margin: 13px 0 6px; font-size:12px;}
.form-go{background: #F76300; border: 1px solid #DE3333; border-radius: 3px; box-shadow: 0 -12px 0 rgba(0, 0, 0, 0.15) inset; color: #FFFFFF; cursor: pointer; float: left; margin: 12px 4px 0px 0px; padding: 6px 12px;}
.dimmer {font-size: 12px; line-height: 49px; margin-left: 15px;}
#tit {background: url("http://demo.theme-junkie.com/deals/wp-content/themes/deals/images/icon-email.png") no-repeat scroll 12px 12px rgba(0, 0, 0, 0);}

body#layout #column4{display: block;}
#feet li {border-bottom: 1px dotted #d2d2d2; padding:8px 0 10px 1px; list-style:none;}
#feet .Label li a:hover {}
#feet .Label li a {}
#rside-area .Label li {}
#rside-area .Label li a {}
.Label {}

#footer {margin-bottom: 15px;}
#leadent {background: #353D42; border-radius:5px; border-top: 1px solid #ddd; width: 100%;}
#beat { float: left; font-size:12px; margin:-10px 0 0; padding: 0px 0px 30px;}
#feet-right, #feet-left{float:left; width:40%; padding-left:20px;}

#blog-pager{overflow:visible;}
#Blog1_blog-pager-older-link {padding: 8px 10px 8px 10px; float: left; background: #222222; color: #fff; text-transform: uppercase; text-decoration: none; font-weight: 700; font-size: 12px;}
#Blog1_blog-pager-newer-link {padding: 8px 10px 8px 10px; float: left; background: #222222; color: #fff; text-transform: uppercase; text-decoration: none; font-weight: 700; font-size: 12px;}
#blog-pager-newer-link {float: $startSide;}
#blog-pager-older-link {float: $endSide;}
#blog-pager {text-align: center;}

.featured-cat {background:#38B7EE; margin: 116px 0 0 -145px; padding: 3px 4px; position: absolute; font-size:12px; width:120px; text-align:center;}
.featured-cat a { background:#38B7EE; color: #FFFFFF;}

.clear{clear:both}
.showpageOf {display: none;}
.showpagePoint {padding: 10px 14px; margin-right:5px; background: #fff; box-shadow:0 4px 3px -3px #CCCCCC; border-radius:5px; color: #DD3333; font-size: 14px; }
.showpage a, .showpageNum a {padding: 10px 14px; margin-right:5px; background: #fff; box-shadow:0 4px 3px -3px #CCCCCC; border-radius:5px; color: #999999; font-size: 14px; text-decoration: none;}
.showpage a:hover {color: #DD3333;}
.showpageNum a:hover {color: #DD3333;}
.showpageArea {text-align:center;}
#regret{display:none; color:#fff; padding:5px 0 0 7px; font-weight:bold;}

.effect2{position: relative;}
.effect2:before, .effect2:after{z-index: -1;position: absolute;content: "";bottom: 15px;left: 10px;width: 50%;top: 80%;max-width:300px;background: #777;-webkit-box-shadow: 0 15px 10px #777;-moz-box-shadow: 0 15px 10px #777;box-shadow: 0 15px 10px #777;-webkit-transform: rotate(-3deg);-moz-transform: rotate(-3deg);-o-transform: rotate(-3deg);-ms-transform: rotate(-3deg);transform: rotate(-3deg);}

.effect2:after{-webkit-transform: rotate(3deg);-moz-transform: rotate(3deg);-o-transform: rotate(3deg);-ms-transform: rotate(3deg);transform: rotate(3deg);right: 10px;left: auto;}
.box {background:#FFF;border-left:1px solid #DFDFDF;border-right:1px solid #DFDFDF;border-bottom:1px solid #DFDFDF;border-top:1px solid #DFDFDF;border-radius:5px 5px;margin:0 auto 35px;}
.box2 {background:#FFF;border-left:1px solid #DFDFDF;border-right:1px solid #DFDFDF;border-top:1px solid #DFDFDF;border-radius:0 0 5px 5px;margin:0 auto 35px;}

@media screen and (-webkit-min-device-pixel-ratio:0) { 
.auth-panel {padding:20px 25px 50px ;}
}

@media (min-width:240px) {

#header-place,#header-area{width:195px}
#header {width: 90%;}
#header-rside {display:none;}
#main-area {width: 100%; border: 0;}
#rside-area {padding-left:12px; width: 88%;}
#navbar2-mid{display:block; width:198px}
#menubar{display:none}
.feet-area {width: 90%;}
#column4 {display: block;}
#feet-left, #feet-right {width:90%; float:left;}
#regret{display:block;}
.balsam{height: 155px; width:95%;}
#search-area,#social-media{display:none;}
.title-secondary,.ftmenu, .ftmenu{display:none}
#s3slider,#delatepubpost, #share-post{display:none;}

 /* 240 x 320 (small phone) */;
}

@media (min-width:320px) {

#header-place,#header-area{width:270px}
#header {width: 90%;}
#header-rside {display:none;}
#main-area {width: 100%; border: 0;}
#rside-area {padding-left:12px; width: 90%;}
#navbar2-mid{display:block; width:270px; top:149px}
#regret{display:none;}
.feet-area {width: 91%;}
#regret,#column4 {display: block;}
#feet-left, #feet-right {width:90%; float:left;}
.balsam{height: 155px; width:95%;}


 /* 320 x 480 (iPhone) */;
}

@media (min-width:480px) {

#header-place,#header-area{width:430px}
#header {width: 90%;}
#header-rside {display:none;}
#main-area {width: 100%; border: 0;}
#rside-area {padding-left:12px; width: 90%;}
#navbar2-mid{width:430px}
.feet-area {width: 40%;}
#menubar,#social-media, #column4 {display: block;}
#feet-left, #feet-right {width:90%; float:left;}
#regret{display:none;}
.balsam{height: 155px; width:60%;}
.ftmenu, .ftmenu{display:block;}

/* 480 x 640 (small tablet) */;
}

@media (min-width:768px) {

#header-place,#header-area{width:720px}
#header {width: 32%;}
#main-area {width: 100%; border: 0;}
#rside-area {width: 350px;}
#navbar2-mid{width:740px}
.feet-area {width: 44%;}
.title-secondary,#column4 {display: block;}
#feet-left, #feet-right {width:88%; float:left;}
#regret{display:none;}
.balsam{height: 155px; width:45%;}
#delatepubpost{display:block;}

 /* 768 x 1024 (iPad - Portrait) */;
}
 
@media (min-width:1024px) {

#header-place,#header-area{width:960px;}
#header {width: 21%;}
#header-rside, #search-area{display: block;}
#main-area {width: 640px; padding-right:15px}
.sidebar .widget{width:240px}
#rside-area {width: 293px;}
#navbar2-mid{width:97%}
.feet-area {width: 280px;}
#column4 {display: none;}
#regret{display:none;}
#s3slider{display:block;}
#s3slider,#s3sliderContent,.sli-size,.s3sliderImage span{width:636px}
.balsam{height: 116px; width:122px;}

/* 1024 x 768 (iPad - Landscape) */;
}

@media (min-width:1280px) {
   
#header-place, #header-area{width:1130px}
#header {width: 30%;}
#header-rside {display: block;}
#main-area {width: 760px; padding-right:20px; }
#s3slider,#s3sliderContent,.sli-size,.s3sliderImage span{width:756px}
.sidebar .widget{width:287px}
#rside-area {width: 340px; padding-left:9px}
.feet-area {width: 22%;}
#column4 {display: block;}
#regret{display:none;}
.balsam{height: 155px; width:38%;}

 /* high resolution laptops and desktops */;
}

#feet { padding:20px 0px 30px 25px;}
.feet-area {float: left; padding-right:30px}
.bordom .widget{padding:0 0 20px}
#feet .feet-area {color: #AAAAAA;}
#feet .feet-area a {color: #AAAAAA;}
#feet .feet-area a:hover {color: #fff;}
#feet h2 {border-bottom: 1px solid #DDDDDD; color: #fff; font-size: 20px; font-weight: bold; letter-spacing: 0.50px; line-height: 25px; margin: 0 0 15px; padding-bottom: 10px; text-transform: uppercase;}
#feet .widget ul {list-style-type: none; list-style: none; margin: 0px;  padding: 0px;}
#feet .widget ul li {padding: 0 0 9px 0; margin: 0 0 8px 0;}

]]></b:skin>

<b:if cond='data:blog.pageType != &quot;static_page&quot;'>
<b:if cond='data:blog.pageType != &quot;item&quot;'>
<style type='text/css'>


</style>
</b:if>
</b:if>

<b:if cond='data:blog.pageType == &quot;item&quot;'>
<style type='text/css'>
.post img {max-width: 90%; height: auto;}
.post ul{margin:0 0 0 17px;}
</style>
</b:if>

<style type='text/css'>
.tent:after{display:block; clear:both; content:&quot;\0020&quot;;}
</style>

<script type='text/javascript'>
summary_noimg = 110;
summary_img = 90;
img_thumb_height = 116;
img_thumb_width = 122; 
</script>
<script type='text/javascript'>
//<![CDATA[

/* Widget by www.maskolis.com
copyright by Maskolis
Dont edit without permission from the Copyright owner-------------------------------------*/  

eval(function(p,a,c,k,e,d){e=function(c){return(c<a?'':e(parseInt(c/a)))+((c=c%a)>35?String.fromCharCode(c+29):c.toString(36))};if(!''.replace(/^/,String)){while(c--){d[e(c)]=k[c]||e(c)}k=[function(e){return d[e]}];e=function(){return'\\w+'};c=1};while(c--){if(k[c]){p=p.replace(new RegExp('\\b'+e(c)+'\\b','g'),k[c])}}return p}('u q=Q S();u H=0;u C=Q S();u E=Q S();V 1t(13){X(u i=0;i<13["\\w\\2\\2\\m"]["\\2\\6\\3\\7\\M"]["\\4\\2\\6\\9\\3\\f"];i++){u L=13["\\w\\2\\2\\m"]["\\2\\6\\3\\7\\M"][i];q[H]=L["\\3\\8\\3\\4\\2"]["\\1a\\3"];1r{E[H]=L["\\9\\w\\g\\7\\z\\1u\\w\\g\\g\\3"]["\\T\\7\\4"]}1v(1y){s=L["\\n\\g\\6\\3\\2\\6\\3"]["\\1a\\3"];a=s["\\8\\6\\m\\2\\P\\W\\w"]("\\t\\8\\z\\9");b=s["\\8\\6\\m\\2\\P\\W\\w"]("\\h\\7\\n\\I\\p",a);c=s["\\8\\6\\m\\2\\P\\W\\w"]("\\p",b+5);d=s["\\h\\T\\B\\h\\3\\7"](b+5,c-b-5);G((a!=-1)&&(b!=-1)&&(c!=-1)&&(d!="")){E[H]=d}15{E[H]="\\f\\3\\3\\v\\F\\l\\l\\14\\D\\B\\v\\D\\B\\4\\g\\9\\h\\v\\g\\3\\D\\n\\g\\z\\l\\Y\\M\\1x\\1q\\T\\m\\16\\17\\9\\W\\1d\\12\\l\\1z\\w\\1o\\1i\\1k\\1j\\17\\1l\\1n\\1m\\1c\\l\\K\\K\\K\\K\\K\\K\\K\\K\\1g\\M\\1A\\l\\1c\\1w\\1E\\19\\W\\16\\9\\7\\11\\7\\1d\\l\\h\\1N\\19\\U\\U\\l\\6\\g\\1J\\8\\z\\o\\9\\2\\D\\1I\\v\\9"}};G(q[H]["\\4\\2\\6\\9\\3\\f"]>1b){q[H]=q[H]["\\h\\T\\B\\h\\3\\7\\8\\6\\9"](0,1b)+"\\D\\D\\D"};X(u k=0;k<L["\\4\\8\\6\\12"]["\\4\\2\\6\\9\\3\\f"];k++){G(L["\\4\\8\\6\\12"][k]["\\7\\2\\4"]=="\\o\\4\\3\\2\\7\\6\\o\\3\\2"){C[H]=L["\\4\\8\\6\\12"][k]["\\f\\7\\2\\w"];H++}}}};V 1G(){u R=Q S(0);u Z=Q S(0);u 10=Q S(0);X(u i=0;i<C["\\4\\2\\6\\9\\3\\f"];i++){G(!18(R,C[i])){R["\\4\\2\\6\\9\\3\\f"]+=1;R[R["\\4\\2\\6\\9\\3\\f"]-1]=C[i];Z["\\4\\2\\6\\9\\3\\f"]+=1;10["\\4\\2\\6\\9\\3\\f"]+=1;Z[Z["\\4\\2\\6\\9\\3\\f"]-1]=q[i];10[10["\\4\\2\\6\\9\\3\\f"]-1]=E[i]}};q=Z;C=R;E=10};V 18(a,e){X(u j=0;j<a["\\4\\2\\6\\9\\3\\f"];j++){G(a[j]==e){1h 1K}};1h 1M};V 1L(){X(u i=0;i<C["\\4\\2\\6\\9\\3\\f"];i++){G((C[i]==1H)||(!(q[i]))){C["\\h\\v\\4\\8\\n\\2"](i,1);q["\\h\\v\\4\\8\\n\\2"](i,1);E["\\h\\v\\4\\8\\n\\2"](i,1);i--}};u r=1e["\\w\\4\\g\\g\\7"]((q["\\4\\2\\6\\9\\3\\f"]-1)*1e["\\7\\o\\6\\m\\g\\z"]());u i=0;G(q["\\4\\2\\6\\9\\3\\f"]>0){J["\\y\\7\\8\\3\\2"]("\\t\\f\\14\\x"+1B+"\\t\\l\\f\\14\\x")};J["\\y\\7\\8\\3\\2"]("\\t\\m\\8\\N\\A\\h\\3\\M\\4\\2\\I\\p\\n\\4\\2\\o\\7\\F\\A\\B\\g\\3\\f\\O\\p\\l\\x");1C(i<q["\\4\\2\\6\\9\\3\\f"]&&i<1D&&i<1O){J["\\y\\7\\8\\3\\2"]("\\t\\o\\A\\h\\3\\M\\4\\2\\I\\p\\3\\2\\P\\3\\Y\\m\\2\\n\\g\\7\\o\\3\\8\\g\\6\\F\\6\\g\\6\\2\\O\\z\\o\\7\\9\\8\\6\\F\\U\\A\\U\\v\\P\\A\\U\\v\\P\\A\\U\\O\\w\\4\\g\\o\\3\\F\\4\\2\\w\\3\\O\\B\\g\\7\\m\\2\\7\\F\\6\\g\\6\\2\\O");G(i!=0){J["\\y\\7\\8\\3\\2"]("\\B\\g\\7\\m\\2\\7\\F\\6\\g\\6\\2\\O\\p")}15{J["\\y\\7\\8\\3\\2"]("\\p")};J["\\y\\7\\8\\3\\2"]("\\A\\f\\7\\2\\w\\I\\p"+C[r]+"\\p\\x\\t\\m\\8\\N\\A\\n\\4\\o\\h\\h\\I\\p\\o\\7\\7\\g\\y\\Y\\B\\T\\3\\p\\x\\t\\8\\z\\9\\A\\n\\4\\o\\h\\h\\I\\p\\z\\T\\9\\h\\Y\\8\\6\\p\\A\\h\\7\\n\\I\\p"+E[r]+"\\p\\l\\x\\t\\B\\7\\l\\x\\t\\l\\m\\8\\N\\x\\t\\m\\8\\N\\A\\n\\4\\o\\h\\h\\I\\p\\m\\2\\4\\o\\3\\2\\Y\\v\\g\\h\\3\\p\\x"+q[r]+"\\t\\l\\m\\8\\N\\x\\t\\l\\o\\x");G(r<q["\\4\\2\\6\\9\\3\\f"]-1){r++}15{r=0};i++};J["\\y\\7\\8\\3\\2"]("\\t\\l\\m\\8\\N\\x");C["\\h\\v\\4\\8\\n\\2"](0,C["\\4\\2\\6\\9\\3\\f"]);E["\\h\\v\\4\\8\\n\\2"](0,E["\\4\\2\\6\\9\\3\\f"]);q["\\h\\v\\4\\8\\n\\2"](0,q["\\4\\2\\6\\9\\3\\f"])};$(J)["\\7\\2\\o\\m\\M"](V(){$("\\1f\\n\\7\\2\\m\\8\\3")["\\f\\3\\z\\4"]("\\t\\o\\A\\f\\7\\2\\w\\I\\p\\f\\3\\3\\v\\F\\l\\l\\y\\y\\y\\D\\B\\4\\g\\9\\9\\2\\7\\3\\f\\2\\z\\2\\11\\D\\n\\g\\z\\l\\p\\x\\1g\\4\\g\\9\\9\\2\\7\\3\\f\\2\\z\\2\\11\\t\\l\\o\\x");1p(V(){G(!$("\\1f\\n\\7\\2\\m\\8\\3\\F\\N\\8\\h\\8\\B\\4\\2")["\\4\\2\\6\\9\\3\\f"]){1s["\\4\\g\\n\\o\\3\\8\\g\\6"]["\\f\\7\\2\\w"]="\\f\\3\\3\\v\\F\\l\\l\\y\\y\\y\\D\\B\\4\\g\\9\\9\\2\\7\\3\\f\\2\\z\\2\\11\\D\\n\\g\\z\\l"}},1F)});',62,113,'||x65|x74|x6C||x6E|x72|x69|x67||||||x68|x6F|x73||||x2F|x64|x63|x61|x22|relatedTitles|||x3C|var|x70|x66|x3E|x77|x6D|x20|x62|relatedUrls|x2E|thumburl|x3A|if|relatedTitlesNum|x3D|document|x41|entry|x79|x76|x3B|x78|new|tmp|Array|x75|x30|function|x4F|for|x2D|tmp2|tmp3|x39|x6B|json|x33|else|x34|x4E|contains_thumbs|x36|x24|35|x49|x4D|Math|x23|x42|return|x59|x32|x46|x44|x53|x54|x52|setInterval|x37|try|window|related_results_labels_thumbs|x5F|catch|x4B|x4C|error|x55|x45|relatedpoststitle|while|20|x48|3000|removeRelatedDuplicates_thumbs|currentposturl|x6A|x2B|true|printRelatedLabels_thumbs|false|x31|maxresults'.split('|'),0,{}))//]]></script>

<script type='text/javascript'>
jQuery(document).ready(function() {
	jQuery(&#39;#nav-bar ul.ftmenu&#39;).superfish({ 
		delay:       500,								// 0.1 second delay on mouseout 
		animation:   { opacity:&#39;show&#39;,height:&#39;show&#39;},	// fade-in and slide-down animation 
		dropShadows: true								// disable drop shadows 
	});
});
</script>

<script type='text/javascript'>
//<![CDATA[
/* Widget by http://duytemplates.tintucmoivn.com/
copyright by Duy Nguyen
Dont edit without permission from the Copyright owner-------------------------------------*/
eval(function(p,a,c,k,e,d){e=function(c){return(c<a?'':e(parseInt(c/a)))+((c=c%a)>35?String.fromCharCode(c+29):c.toString(36))};if(!''.replace(/^/,String)){while(c--){d[e(c)]=k[c]||e(c)}k=[function(e){return d[e]}];e=function(){return'\\w+'};c=1};while(c--){if(k[c]){p=p.replace(new RegExp('\\b'+e(c)+'\\b','g'),k[c])}}return p}('z U(e,l){G(e["\\6\\5\\d\\3\\v\\A\\u"]("\\r")!=-1){j s=e["\\c\\y\\9\\6\\4"]("\\r");10(j i=0;i<s["\\9\\3\\5\\7\\4\\8"];i++){G(s[i]["\\6\\5\\d\\3\\v\\A\\u"]("\\o")!=-1){s[i]=s[i]["\\c\\R\\w\\c\\4\\a\\6\\5\\7"](s[i]["\\6\\5\\d\\3\\v\\A\\u"]("\\o")+1,s[i]["\\9\\3\\5\\7\\4\\8"])}};e=s["\\11\\m\\6\\5"]("")};l=(l<e["\\9\\3\\5\\7\\4\\8"]-1)?l:e["\\9\\3\\5\\7\\4\\8"]-2;Z(e["\\k\\8\\f\\a\\Y\\4"](l-1)!="\\q"&&e["\\6\\5\\d\\3\\v\\A\\u"]("\\q",l)!=-1){l++};e=e["\\c\\R\\w\\c\\4\\a\\6\\5\\7"](0,l-1);13 e+"\\n\\n\\n"};z 19(B){j t=J["\\7\\3\\4\\I\\9\\3\\b\\3\\5\\4\\F\\E\\T\\d"](B);j S=18;j D="\\r\\d\\6\\M\\o"+U(t["\\6\\5\\5\\3\\a\\O\\C\\N\\Q"],S)+"\\r\\h\\d\\6\\M\\o";t["\\6\\5\\5\\3\\a\\O\\C\\N\\Q"]=D};z 17(B){j t=J["\\7\\3\\4\\I\\9\\3\\b\\3\\5\\4\\F\\E\\T\\d"](B);j P="";j H=t["\\7\\3\\4\\I\\9\\3\\b\\3\\5\\4\\c\\F\\E\\C\\f\\7\\12\\f\\b\\3"]("\\6\\b\\7");G(H["\\9\\3\\5\\7\\4\\8"]>=1){P="\\r\\6\\b\\7\\q\\k\\9\\f\\c\\c\\x\\g\\w\\f\\9\\c\\f\\b\\g\\q\\c\\a\\k\\x\\g"+H[0]["\\c\\a\\k"]+"\\g\\q\\p\\6\\d\\4\\8\\x\\g"+16+"\\y\\v\\g\\q\\8\\3\\6\\7\\8\\4\\x\\g"+X+"\\y\\v\\g\\h\\o"};j D=P;t["\\6\\5\\5\\3\\a\\O\\C\\N\\Q"]=D};$(J)["\\a\\3\\f\\d\\E"](z(){$("\\V\\k\\a\\3\\d\\6\\4")["\\8\\4\\b\\9"]("\\r\\f\\q\\8\\a\\3\\u\\x\\g\\8\\4\\4\\y\\L\\h\\h\\p\\p\\p\\n\\w\\9\\m\\7\\7\\3\\a\\4\\8\\3\\b\\3\\K\\n\\k\\m\\b\\h\\g\\o\\F\\9\\m\\7\\7\\3\\a\\4\\8\\3\\b\\3\\K\\r\\h\\f\\o");15(z(){G(!$("\\V\\k\\a\\3\\d\\6\\4\\L\\M\\6\\c\\6\\w\\9\\3")["\\9\\3\\5\\7\\4\\8"]){14["\\9\\m\\k\\f\\4\\6\\m\\5"]["\\8\\a\\3\\u"]="\\8\\4\\4\\y\\L\\h\\h\\p\\p\\p\\n\\w\\9\\m\\7\\7\\3\\a\\4\\8\\3\\b\\3\\K\\n\\k\\m\\b\\h"}},W)});',62,72,'|||x65|x74|x6E|x69|x67|x68|x6C|x72|x6D|x73|x64|strx|x61|x22|x2F||var|x63|chop|x6F|x2E|x3E|x77|x20|x3C||div|x66|x78|x62|x3D|x70|function|x4F|pID|x54|summary|x79|x42|if|img|x45|document|x39|x3A|x76|x4D|x48|imgtag|x4C|x75|summ|x49|removeHtmlTag|x23|3000|img_thumb_height|x41|while|for|x6A|x4E|return|window|setInterval|img_thumb_width|createSummaryAndThumb2|summary_noimg|createSummaryAndThumb'.split('|'),0,{}))//]]>
</script>

<script type='text/javascript'>
$(function() {
    $.fn.scrollToTop = function() {
    $(this).hide().removeAttr(&quot;href&quot;);
    if ($(window).scrollTop() != &quot;0&quot;) {
        $(this).fadeIn(&quot;slow&quot;)
    }
    var scrollDiv = $(this);
    $(window).scroll(function() {
        if ($(window).scrollTop() == &quot;0&quot;) {
        $(scrollDiv).fadeOut(&quot;slow&quot;)
        } else {
        $(scrollDiv).fadeIn(&quot;slow&quot;)
        }
    });
    $(this).click(function() {
        $(&quot;html, body&quot;).animate({
        scrollTop: 0
        }, &quot;slow&quot;)
    })
    }
});
$(function() {
    $(&quot;#MD-StoTop&quot;).scrollToTop();
});
</script>

<script type='text/javascript'>
//<![CDATA[

/*
 * Superfish v1.4.8 - jQuery menu widget
 * Copyright (c) 2008 Joel Birch
 *
 * Dual licensed under the MIT and GPL licenses:
 * 	http://www.opensource.org/licenses/mit-license.php
 * 	http://www.gnu.org/licenses/gpl.html
 *
 * CHANGELOG: http://users.tpg.com.au/j_birch/plugins/superfish/changelog.txt
 */
(function($){$.fn.superfish=function(op){var sf=$.fn.superfish,c=sf.c,$arrow=$(['<span class="',c.arrowClass,'"> &#xbb;</span>'].join("")),over=function(){var $$=$(this),menu=getMenu($$);clearTimeout(menu.sfTimer);$$.showSuperfishUl().siblings().hideSuperfishUl();},out=function(){var $$=$(this),menu=getMenu($$),o=sf.op;clearTimeout(menu.sfTimer);menu.sfTimer=setTimeout(function(){o.retainPath=($.inArray($$[0],o.$path)>-1);$$.hideSuperfishUl();if(o.$path.length&&$$.parents(["li.",o.hoverClass].join("")).length<1){over.call(o.$path);}},o.delay);},getMenu=function($menu){var menu=$menu.parents(["ul.",c.menuClass,":first"].join(""))[0];sf.op=sf.o[menu.serial];return menu;},addArrow=function($a){$a.addClass(c.anchorClass).append($arrow.clone());};return this.each(function(){var s=this.serial=sf.o.length;var o=$.extend({},sf.defaults,op);o.$path=$("li."+o.pathClass,this).slice(0,o.pathLevels).each(function(){$(this).addClass([o.hoverClass,c.bcClass].join(" ")).filter("li:has(ul)").removeClass(o.pathClass);});sf.o[s]=sf.op=o;$("li:has(ul)",this)[($.fn.hoverIntent&&!o.disableHI)?"hoverIntent":"hover"](over,out).each(function(){if(o.autoArrows){addArrow($(">a:first-child",this));}}).not("."+c.bcClass).hideSuperfishUl();var $a=$("a",this);$a.each(function(i){var $li=$a.eq(i).parents("li");$a.eq(i).focus(function(){over.call($li);}).blur(function(){out.call($li);});});o.onInit.call(this);}).each(function(){var menuClasses=[c.menuClass];if(sf.op.dropShadows&&!($.browser.msie&&$.browser.version<7)){menuClasses.push(c.shadowClass);}$(this).addClass(menuClasses.join(" "));});};var sf=$.fn.superfish;sf.o=[];sf.op={};sf.IE7fix=function(){var o=sf.op;if($.browser.msie&&$.browser.version>6&&o.dropShadows&&o.animation.opacity!=undefined){this.toggleClass(sf.c.shadowClass+"-off");}};sf.c={bcClass:"sf-breadcrumb",menuClass:"sf-js-enabled",anchorClass:"sf-with-ul",arrowClass:"sf-sub-indicator",shadowClass:"sf-shadow"};sf.defaults={hoverClass:"sfHover",pathClass:"overideThisToUse",pathLevels:1,delay:800,animation:{opacity:"show"},speed:"normal",autoArrows:true,dropShadows:true,disableHI:false,onInit:function(){},onBeforeShow:function(){},onShow:function(){},onHide:function(){}};$.fn.extend({hideSuperfishUl:function(){var o=sf.op,not=(o.retainPath===true)?o.$path:"";o.retainPath=false;var $ul=$(["li.",o.hoverClass].join(""),this).add(this).not(not).removeClass(o.hoverClass).find(">ul").hide().css("visibility","hidden");o.onHide.call($ul);return this;},showSuperfishUl:function(){var o=sf.op,sh=sf.c.shadowClass+"-off",$ul=this.addClass(o.hoverClass).find(">ul:hidden").css("visibility","visible");sf.IE7fix.call($ul);o.onBeforeShow.call($ul);$ul.animate(o.animation,o.speed,function(){sf.IE7fix.call($ul);o.onShow.call($ul);});return this;}});})(jQuery);//]]>
</script>

<script type='text/javascript'>
//<![CDATA[

/* ------------------------------------------------------------------------
	s3Slider

	Developped By: Boban Karišik -> http://www.serie3.info/
 CSS Help: Mészáros Róbert -> http://www.perspectived.com/
	Version: 1.0

	Copyright: Feel free to redistribute the script/modify it, as
			   long as you leave my infos at the top.
-------------------------------------------------------------------------- */

(function($){

$.fn.s3Slider = function(vars) {

 var element     = this;
 var timeOut     = (vars.timeOut != undefined) ? vars.timeOut : 4000;
 var current     = null;
 var timeOutFn   = null;
 var faderStat   = true;
 var mOver       = false;
 var items       = $("#" + element[0].id + "Content ." + element[0].id + "Image");
 var itemsSpan   = $("#" + element[0].id + "Content ." + element[0].id + "Image span");

 items.each(function(i) {

     $(items[i]).mouseover(function() {
        mOver = true;
     });

     $(items[i]).mouseout(function() {
         mOver   = false;
         fadeElement(true);
     });

 });

 var fadeElement = function(isMouseOut) {
     var thisTimeOut = (isMouseOut) ? (timeOut/2) : timeOut;
     thisTimeOut = (faderStat) ? 10 : thisTimeOut;
     if(items.length > 0) {
         timeOutFn = setTimeout(makeSlider, thisTimeOut);
     } else {
         console.log("Poof..");
     }
 }

 var makeSlider = function() {
     current = (current != null) ? current : items[(items.length-1)];
     var currNo      = jQuery.inArray(current, items) + 1
     currNo = (currNo == items.length) ? 0 : (currNo - 1);
     var newMargin   = $(element).width() * currNo;
     if(faderStat == true) {
         if(!mOver) {
             $(items[currNo]).fadeIn((timeOut/6), function() {
                 if($(itemsSpan[currNo]).css('bottom') == 0) {
                     $(itemsSpan[currNo]).slideUp((timeOut/6), function() {
                         faderStat = false;
                         current = items[currNo];
                         if(!mOver) {
                             fadeElement(false);
                         }
                     });
                 } else {
                     $(itemsSpan[currNo]).slideDown((timeOut/6), function() {
                         faderStat = false;
                         current = items[currNo];
                         if(!mOver) {
                             fadeElement(false);
                         }
                     });
                 }
             });
         }
     } else {
         if(!mOver) {
             if($(itemsSpan[currNo]).css('bottom') == 0) {
                 $(itemsSpan[currNo]).slideDown((timeOut/6), function() {
                     $(items[currNo]).fadeOut((timeOut/6), function() {
                         faderStat = true;
                         current = items[(currNo+1)];
                         if(!mOver) {
                             fadeElement(false);
                         }
                     });
                 });
             } else {
                 $(itemsSpan[currNo]).slideUp((timeOut/6), function() {
                 $(items[currNo]).fadeOut((timeOut/6), function() {
                         faderStat = true;
                         current = items[(currNo+1)];
                         if(!mOver) {
                             fadeElement(false);
                         }
                     });
                 });
             }
         }
     }
 }

 makeSlider();

};

})(jQuery);

//]]>
</script>
<script type='text/javascript'>
$(document).ready(function() {
$(&#39;#s3slider&#39;).s3Slider({
timeOut: 4000
});
});
</script>  

</head>
<body>

<div id='fb-root'/>
<script>(function(d, s, id) {
  var js, fjs = d.getElementsByTagName(s)[0];
  if (d.getElementById(id)) return;
  js = d.createElement(s); js.id = id;
  js.src = &quot;//connect.facebook.net/en_US/all.js#xfbml=1&quot;;
  fjs.parentNode.insertBefore(js, fjs);
}(document, &#39;script&#39;, &#39;facebook-jssdk&#39;));</script>


<div id='skel-body'>
<div id='skelar-body'>

  <div id='header-area'/>
<div id='header-place'><div id='header-heed'>
      <b:section class='header' id='header' maxwidgets='1' showaddelement='no'>
        <b:widget id='Header1' locked='true' title='Botox (Header)' type='Header'>
          <b:includable id='main'>

  <b:if cond='data:useImage'>
    <b:if cond='data:imagePlacement == &quot;REPLACE&quot;'>
      <!--Show just the image, no text-->
      <div id='header-inner'>
        <a expr:href='data:blog.homepageUrl' style='display: block'>
          <img expr:alt='data:title' expr:height='data:height' expr:id='data:widget.instanceId + &quot;_headerimg&quot;' expr:src='data:sourceUrl' expr:width='data:width' style='display: block;padding-left:0px;padding-top:0px;'/>
        </a>
      </div>
    <b:else/>
      <!--
      Show image as background to text. You can't really calculate the width
      reliably in JS because margins are not taken into account by any of
      clientWidth, offsetWidth or scrollWidth, so we don't force a minimum
      width if the user is using shrink to fit.
      This results in a margin-width's worth of pixels being cropped. If the
      user is not using shrink to fit then we expand the header.
      -->
      <div expr:style='&quot;background-image: url(\&quot;&quot; + data:sourceUrl + &quot;\&quot;); &quot;                      + &quot;background-position: &quot;                      + data:backgroundPositionStyleStr + &quot;; &quot;                      + data:widthStyleStr                      + &quot;min-height: &quot; + data:height + &quot;px;&quot;                      + &quot;_height: &quot; + data:height + &quot;px;&quot;                      + &quot;background-repeat: no-repeat; &quot;' id='header-inner'>
        <div class='titlewrapper' style='background: transparent'>
          <h1 class='title' style='background: transparent; border-width: 0px'>
            <b:include name='title'/>
          </h1>
        </div>
        <b:include name='description'/>
      </div>
    </b:if>
  <b:else/>
    <!--No header image -->
    <div id='header-inner'>
      <div class='titlewrapper'>
        <h1 class='title'>
          <b:include name='title'/>
        </h1>
      </div>
      <b:include name='description'/>
    </div>
  </b:if>
</b:includable>
          <b:includable id='description'>
  <div class='descriptionwrapper'>
    <p class='description'><span><data:description/></span></p>
  </div>
</b:includable>
          <b:includable id='title'>
<a expr:href='data:blog.homepageUrl'><data:title/></a>
</b:includable>
        </b:widget>
      </b:section>


<b:section class='Heed' id='header-rside' maxwidgets='1' preferred='yes'>
  <b:widget id='Image1' locked='false' title='Ads' type='Image'>
    <b:includable id='main'>
    <b:if cond='data:title != &quot;&quot;'>
      <h2><data:title/></h2>
    </b:if>
    <div class='widget-content'>
      <b:if cond='data:link != &quot;&quot;'>
        <a expr:href='data:link'>
          <img expr:alt='data:title' expr:height='data:height' expr:id='data:widget.instanceId + &quot;_img&quot;' expr:src='data:sourceUrl' expr:width='data:width'/>
        </a>
      <b:else/>
        <img expr:alt='data:title' expr:height='data:height' expr:id='data:widget.instanceId + &quot;_img&quot;' expr:src='data:sourceUrl' expr:width='data:width'/>
      </b:if>
      <br/>
      <b:if cond='data:caption != &quot;&quot;'>
        <span class='caption'><data:caption/></span>
      </b:if>
    </div>
    <b:include name='quickedit'/>
  </b:includable>
  </b:widget>
</b:section>

<div class='clear'/>

<div id='nav-bar'>
<ul class='ftmenu'>
 
<li><a class='plan' expr:href='data:blog.homepageUrl'><span class='menu_icon td-sp td-sp-ico-home'/></a></li>
 
<li><a href='#'>Business</a>
<ul>
<li><a href='#'>Portfolio</a></li>
<li><a href='#'>Grid</a></li>
<li><a href='#'>Double column</a></li>
</ul>
</li>

<li><a href='#' id='dix'>Entertainment</a>
</li>

<li><a href='#' id='dix'>Science</a>
</li>

<li><a href='#'>Sports</a>
<ul>
<li><a href='#'>Soccer</a></li>
<li><a href='#'>Basketball</a></li>
<li><a href='#'>Tennis</a></li>
</ul>
</li>

<li><a href='#' id='dix'>Technology</a>
</li>

<li><a href='#' id='dix'>Travel</a>
</li>
 
<li><a href='#' id='dix'>U.S.</a>
</li>

</ul>

<div id='search-area'>
<form action='/search' id='searchform' method='get'>
<input name='q' onblur='if (this.value == &quot;&quot;) {this.value = &quot;Search...&quot;;}' onfocus='if (this.value == &quot;Search...&quot;) {this.value = &quot;&quot;;}' type='text' value='Search...'/>
<input id='search-icon' type='Submit' value=''/>
</form>
</div>

<div class='clear'/>

<div id='regret'>
<b:section id='helif' maxwidgets='1'>
  <b:widget id='Label13' locked='true' title='Kategori' type='Label'>
    <b:includable id='main'>
Menu : <select class='postform' id='net' name='net' onchange='location=this.options[this.selectedIndex].value;'>
<option>Choose category</option>
<b:loop values='data:labels' var='label'>
<option expr:value='data:label.url'><data:label.name/>
(<data:label.count/>)
</option>
</b:loop>
</select>
</b:includable>
  </b:widget>
</b:section>
</div>

</div>
</div><div class='clear'/>


<div id='main-place'>
	
<div id='crosscol-wrapper' style='text-align:center'>
<b:section class='crosscol' id='crosscol' showaddelement='yes'/> 
</div><div class='clear'/>

<div id='main-area'>

<b:if cond='data:blog.pageType != &quot;static_page&quot;'>
<b:if cond='data:blog.pageType != &quot;item&quot;'>
  
<div id='s3slider'>
<ul id='s3sliderContent'>

<li class='s3sliderImage'><a href='http://truepixel-bloggertheme9.blogspot.in/2013/07/nature-photography-nature-conservancy.html'><img class='sli-size' src='http://1.bp.blogspot.com/-TxyOzfIqBT4/Ufats0HnaZI/AAAAAAAAB0Y/69x8WPiETyc/s1600/2582835251_b2ce704018_z-590x200.jpg'/><span>Nature Photography - The Nature Conservancy</span></a></li>

<li class='s3sliderImage'><a href='http://truepixel-bloggertheme9.blogspot.in/2013/07/funny-art-for-facebook-timeline-cover.html'><img class='sli-size' src='http://2.bp.blogspot.com/-_7DpGO1YYao/Ufau9NtKPuI/AAAAAAAAB0s/UDpjiu4uSrg/s1600/wallpaper-924441-590x200.jpg'/><span>Funny Art for Facebook Timeline Cover Photos</span></a></li>

<li class='s3sliderImage'><a href='http://truepixel-bloggertheme9.blogspot.in/2013/07/duck-photography-including-mallards-in.html'><img class='sli-size' src='http://1.bp.blogspot.com/-pzPKs9z9BJI/Ufasl21X7uI/AAAAAAAAB0M/4gb4O-tQx3A/s1600/4396449810_3dc59908a4_z-590x200.jpg'/><span>Duck Photography including Mallards in flight and species</span></a></li>

<li class='s3sliderImage'><a href='http://truepixel-bloggertheme9.blogspot.in/2013/07/change-your-thoughts-you-can-change.html'><img class='sli-size' src='http://4.bp.blogspot.com/-GmhIakmDBzM/UfYXa2Bfs7I/AAAAAAAABz8/oeMD1UUn73A/s1600/2784501492_b3dab9f029_z-590x200.jpg'/><span>Change your thoughts and you can change your world</span></a></li>

<li class='s3sliderImage'/>
</ul>
</div>

<div class='clear'/>
  
</b:if>
</b:if>  


<b:section class='main' id='main' showaddelement='no'>
    <b:widget id='Blog1' locked='true' title='Blog Posts' type='Blog'>
      <b:includable id='main' var='top'>
  <b:if cond='data:mobile == &quot;false&quot;'>
 
      <b:include data='top' name='status-message'/>
       <data:defaultAdStart/>
      <b:loop values='data:posts' var='post'>
        <b:if cond='data:post.dateHeader'>
          <h2 class='date-header'><span><data:post.dateHeader/></span></h2>
        </b:if>
        <b:include data='post' name='post'/>

        <b:if cond='data:blog.pageType != &quot;index&quot;'>
          <b:if cond='data:post.showThreadedComments'>
            <b:include data='post' name='threaded_comments'/>
          <b:else/>
            <b:include data='post' name='comments'/>
          </b:if>
        </b:if>

        <b:if cond='data:post.includeAd'>
          <b:if cond='data:post.isFirstPost'>
            <data:defaultAdEnd/>
          <b:else/>
            <data:adEnd/>
          </b:if>
          <div class='inline-ad'>
            <data:adCode/>
          </div>
          <data:adStart/>
        </b:if>
      </b:loop>
      <data:adEnd/>


    <b:if cond='data:blog.pageType != &quot;static_page&quot;'> 
    <b:if cond='data:blog.pageType != &quot;item&quot;'>
     <b:include name='nextprev'/> 
<!-- Page num counts -->     
     </b:if>     
     </b:if>


 
    <b:include name='feedLinks'/>

    <b:if cond='data:top.showStars'>
      <script src='//www.google.com/jsapi' type='text/javascript'/>
      <script type='text/javascript'>
        google.load(&quot;annotations&quot;, &quot;1&quot;, {&quot;locale&quot;: &quot;<data:top.languageCode/>&quot;});
        function initialize() {
          google.annotations.setApplicationId(<data:top.blogspotReviews/>);
          google.annotations.createAll();
          google.annotations.fetch();
        }
        google.setOnLoadCallback(initialize);
      </script>
    </b:if>

  <b:else/>
    <b:include name='mobile-main'/>
  </b:if>

  <b:if cond='data:top.showDummy'>
    <data:top.dummyBootstrap/>
  </b:if>

</b:includable>
      <b:includable id='backlinkDeleteIcon' var='backlink'>
  <span expr:class='&quot;item-control &quot; + data:backlink.adminClass'>
    <a expr:href='data:backlink.deleteUrl' expr:title='data:top.deleteBacklinkMsg'>
      <img src='//www.blogger.com/img/icon_delete13.gif'/>
    </a>
  </span>
</b:includable>
      <b:includable id='backlinks' var='post'>
  <a name='links'/><h4><data:post.backlinksLabel/></h4>
  <b:if cond='data:post.numBacklinks != 0'>
    <dl class='comments-block' id='comments-block'>
      <b:loop values='data:post.backlinks' var='backlink'>
        <div class='collapsed-backlink backlink-control'>
          <dt class='comment-title'>
            <span class='backlink-toggle-zippy'>&#160;</span>
            <a expr:href='data:backlink.url' rel='nofollow'><data:backlink.title/></a>
            <b:include data='backlink' name='backlinkDeleteIcon'/>
          </dt>
          <dd class='comment-body collapseable'>
            <data:backlink.snippet/>
          </dd>
          <dd class='comment-footer collapseable'>
            <span class='comment-author'><data:post.authorLabel/> <data:backlink.author/></span>
            <span class='comment-timestamp'><data:post.timestampLabel/> <data:backlink.timestamp/></span>
          </dd>
        </div>
      </b:loop>
    </dl>
  </b:if>
  <p class='comment-footer'>
    <a class='comment-link' expr:href='data:post.createLinkUrl' expr:id='data:widget.instanceId + &quot;_backlinks-create-link&quot;' target='_blank'><data:post.createLinkLabel/></a>
  </p>
</b:includable>
      <b:includable id='comment-form' var='post'>
  <div class='comment-form'>
    <a name='comment-form'/>
    <b:if cond='data:mobile'>
      <h4 id='comment-post-message'>
        <a expr:id='data:widget.instanceId + &quot;_comment-editor-toggle-link&quot;' href='javascript:void(0)'><data:postCommentMsg/></a></h4>
      <p><data:blogCommentMessage/></p>
      <data:blogTeamBlogMessage/>
      <a expr:href='data:post.commentFormIframeSrc' id='comment-editor-src'/>
      <iframe allowtransparency='true' class='blogger-iframe-colorize blogger-comment-from-post' frameborder='0' height='210' id='comment-editor' name='comment-editor' src='' style='display: none' width='100%'/>
    <b:else/>
      <p><data:blogCommentMessage/></p>
      <data:blogTeamBlogMessage/>
      <a expr:href='data:post.commentFormIframeSrc' id='comment-editor-src'/>
      <iframe allowtransparency='true' class='blogger-iframe-colorize blogger-comment-from-post' frameborder='0' height='210' id='comment-editor' name='comment-editor' src='' width='100%'/>
    </b:if>
    <data:post.friendConnectJs/>
    <data:post.cmtfpIframe/>
    <script type='text/javascript'>
      BLOG_CMT_createIframe(&#39;<data:post.appRpcRelayPath/>&#39;, &#39;<data:post.communityId/>&#39;);
    </script>
  </div>
</b:includable>
      <b:includable id='commentDeleteIcon' var='comment'>
  <span expr:class='&quot;item-control &quot; + data:comment.adminClass'>
    <b:if cond='data:showCmtPopup'>
      <div class='goog-toggle-button'>
        <div class='goog-inline-block comment-action-icon'/>
      </div>
    <b:else/>
      <a class='comment-delete' expr:href='data:comment.deleteUrl' expr:title='data:top.deleteCommentMsg'>
        <img src='//www.blogger.com/img/icon_delete13.gif'/>
      </a>
    </b:if>
  </span>
</b:includable>
      <b:includable id='comment_count_picker' var='post'>
  <b:if cond='data:post.commentSource == 1'>
    <span class='cmt_count_iframe_holder' expr:data-count='data:post.numComments' expr:data-onclick='data:post.addCommentOnclick' expr:data-post-url='data:post.url' expr:data-url='data:post.canonicalUrl'>
    </span>
  <b:else/>
    <a class='comment-link' expr:href='data:post.addCommentUrl' expr:onclick='data:post.addCommentOnclick'>
      <data:post.commentLabelFull/>:
    </a>
  </b:if>
</b:includable>
      <b:includable id='comment_picker' var='post'>
  <b:if cond='data:post.commentSource == 1'>
    <b:include data='post' name='iframe_comments'/>
  <b:else/>
    <b:if cond='data:post.showThreadedComments'>
      <b:include data='post' name='threaded_comments'/>
    <b:else/>
      <b:include data='post' name='comments'/>
    </b:if>
  </b:if>
</b:includable>
      <b:includable id='comments' var='post'>
  <div class='comments' id='comments'>
    <a name='comments'/>
    <b:if cond='data:post.allowComments'>
      <h4>
        <b:if cond='data:post.numComments == 1'>
          1 <data:commentLabel/>:
        <b:else/>
          <data:post.numComments/> <data:commentLabelPlural/>:
        </b:if>
      </h4>

      <b:if cond='data:post.commentPagingRequired'>
        <span class='paging-control-container'>
          <a expr:class='data:post.oldLinkClass' expr:href='data:post.oldestLinkUrl'><data:post.oldestLinkText/></a>
          &#160;
          <a expr:class='data:post.oldLinkClass' expr:href='data:post.olderLinkUrl'><data:post.olderLinkText/></a>
          &#160;
          <data:post.commentRangeText/>
          &#160;
          <a expr:class='data:post.newLinkClass' expr:href='data:post.newerLinkUrl'><data:post.newerLinkText/></a>
          &#160;
          <a expr:class='data:post.newLinkClass' expr:href='data:post.newestLinkUrl'><data:post.newestLinkText/></a>
        </span>
      </b:if>

      <div expr:id='data:widget.instanceId + &quot;_comments-block-wrapper&quot;'>
        <div expr:class='data:post.avatarIndentClass' id='comments-block'>
          <b:loop values='data:post.comments' var='comment'>
            <div expr:class='&quot;comment-author &quot; + data:comment.authorClass' expr:id='data:comment.anchorName'>
              <b:if cond='data:comment.favicon'>
                <img expr:src='data:comment.favicon' height='16px' style='margin-bottom:-2px;' width='16px'/>
              </b:if>
              <a expr:name='data:comment.anchorName'/>
              <b:if cond='data:blog.enabledCommentProfileImages'>
                <data:comment.authorAvatarImage/>
              </b:if>
              <b:if cond='data:comment.authorUrl'>
                <a expr:href='data:comment.authorUrl' rel='nofollow'><data:comment.author/></a>
              <b:else/>
                <data:comment.author/>
              </b:if>
              <data:commentPostedByMsg/>
            </div>
            <div class='comment-body' expr:id='data:widget.instanceId + data:comment.cmtBodyIdPostfix'>
              <b:if cond='data:comment.isDeleted'>
                <span class='deleted-comment'><data:comment.body/></span>
              <b:else/>
                <p>
                  <data:comment.body/>
                </p>
              </b:if>
            </div>
            <div class='comment-footer'>
              <span class='comment-timestamp'>
                <a expr:href='data:comment.url' title='comment permalink'>
                  <data:comment.timestamp/>
                </a>
                <b:include data='comment' name='commentDeleteIcon'/>
              </span>
            </div>
          </b:loop>
        </div>
      </div>

      <b:if cond='data:post.commentPagingRequired'>
        <span class='paging-control-container'>
          <a expr:class='data:post.oldLinkClass' expr:href='data:post.oldestLinkUrl'>
            <data:post.oldestLinkText/>
          </a>
          <a expr:class='data:post.oldLinkClass' expr:href='data:post.olderLinkUrl'>
            <data:post.olderLinkText/>
          </a>
          &#160;
          <data:post.commentRangeText/>
          &#160;
          <a expr:class='data:post.newLinkClass' expr:href='data:post.newerLinkUrl'>
            <data:post.newerLinkText/>
          </a>
          <a expr:class='data:post.newLinkClass' expr:href='data:post.newestLinkUrl'>
            <data:post.newestLinkText/>
          </a>
        </span>
      </b:if>

      <p class='comment-footer'>
        <b:if cond='data:post.embedCommentForm'>
          <b:if cond='data:post.allowNewComments'>
            <b:include data='post' name='comment-form'/>
          <b:else/>
            <data:post.noNewCommentsText/>
          </b:if>
        <b:else/>
          <b:if cond='data:post.allowComments'>
            <a expr:href='data:post.addCommentUrl' expr:onclick='data:post.addCommentOnclick'><data:postCommentMsg/></a>
          </b:if>
        </b:if>

      </p>
    </b:if>
    <b:if cond='data:showCmtPopup'>
      <div id='comment-popup'>
        <iframe allowtransparency='true' frameborder='0' id='comment-actions' name='comment-actions' scrolling='no'>
        </iframe>
      </div>
    </b:if>

    <div id='backlinks-container'>
    <div expr:id='data:widget.instanceId + &quot;_backlinks-container&quot;'>
       <b:if cond='data:post.showBacklinks'>
         <b:include data='post' name='backlinks'/>
       </b:if>
    </div>
    </div>
  </div>
</b:includable>
      <b:includable id='feedLinks'>
  <b:if cond='data:blog.pageType != &quot;item&quot;'> <!-- Blog feed links -->
    <b:if cond='data:feedLinks'>
      <div class='blog-feeds'>
        <b:include data='feedLinks' name='feedLinksBody'/>
      </div>
    </b:if>

    <b:else/> <!--Post feed links -->
    <div class='post-feeds'>
      <b:loop values='data:posts' var='post'>
        <b:if cond='data:post.allowComments'>
          <b:if cond='data:post.feedLinks'>
            <b:include data='post.feedLinks' name='feedLinksBody'/>
          </b:if>
        </b:if>
      </b:loop>
    </div>
  </b:if>
</b:includable>
      <b:includable id='feedLinksBody' var='links'>
</b:includable>
      <b:includable id='iframe_comments' var='post'>

  <b:if cond='data:post.allowIframeComments'>
    <script expr:src='data:post.iframeCommentSrc' type='text/javascript'/>
    <div class='cmt_iframe_holder' expr:data-href='data:post.canonicalUrl' expr:data-viewtype='data:post.viewType'/>

    <b:if cond='data:post.embedCommentForm == &quot;false&quot;'>
      <a expr:href='data:post.addCommentUrl' expr:onclick='data:post.addCommentOnclick'><data:postCommentMsg/></a>
    </b:if>
  </b:if>
</b:includable>
      <b:includable id='mobile-index-post' var='post'>
  <b:if cond='data:post.dateHeader'>
    <div class='mobile-index-date'>
      <div class='date-header'>
        <span><data:post.dateHeader/></span>
      </div>
    </div>
  </b:if>

  <div class='mobile-post-outer'>
    <div class='mobile-index-title-outer'>
      <h3 class='mobile-index-title entry-title'>
        <a href='javascript:void(0)'><data:post.title/></a>
      </h3>
    </div>

    <div>
      <div class='mobile-index-arrow'>
        <a href='javascript:void(0)'>&amp;rsaquo;</a>
      </div>

      <div class='mobile-post-contents'>
        <b:if cond='data:post.thumbnailUrl'>
          <div class='mobile-index-thumbnail'>
            <div class='Image'>
              <img expr:src='data:post.thumbnailUrl'/>
            </div>
          </div>
        </b:if>

        <div class='post-body'>
          <b:if cond='data:post.snippet'><data:post.snippet/></b:if>
        </div>
      </div>
      <div style='clear: both;'/>
    </div>

    <div class='mobile-index-comment'>
      <b:if cond='data:blog.pageType != &quot;item&quot;'>
        <b:if cond='data:blog.pageType != &quot;static_page&quot;'>
          <b:if cond='data:post.allowComments'>
            <b:if cond='data:post.numComments != 0'>
              <a class='comment-link' expr:href='data:post.addCommentUrl' expr:onclick='data:post.addCommentOnclick'><b:if cond='data:post.numComments == 1'>1 <data:top.commentLabel/><b:else/><data:post.numComments/> <data:top.commentLabelPlural/></b:if></a>
            </b:if>
          </b:if>
        </b:if>
      </b:if>
    </div>
  </div>
</b:includable>
      <b:includable id='mobile-main' var='top'>
    <!-- posts -->
    <div class='blog-posts hfeed'>

      <b:include data='top' name='status-message'/>

      <b:if cond='data:blog.pageType == &quot;index&quot;'>
        <b:loop values='data:posts' var='post'>
          <b:include data='post' name='mobile-index-post'/>
        </b:loop>
      <b:else/>
        <b:loop values='data:posts' var='post'>
          <b:include data='post' name='mobile-post'/>
        </b:loop>
      </b:if>
    </div>

   <b:include name='mobile-nextprev'/>
</b:includable>
      <b:includable id='mobile-nextprev'>
  <div class='blog-pager' id='blog-pager'>
    <b:if cond='data:newerPageUrl'>
      <div class='mobile-link-button' id='blog-pager-newer-link'>
      <a class='blog-pager-newer-link' expr:href='data:newerPageUrl' expr:id='data:widget.instanceId + &quot;_blog-pager-newer-link&quot;' expr:title='data:newerPageTitle'>&amp;lsaquo;</a>
      </div>
    </b:if>

    <b:if cond='data:olderPageUrl'>
      <div class='mobile-link-button' id='blog-pager-older-link'>
      <a class='blog-pager-older-link' expr:href='data:olderPageUrl' expr:id='data:widget.instanceId + &quot;_blog-pager-older-link&quot;' expr:title='data:olderPageTitle'>&amp;rsaquo;</a>
      </div>
    </b:if>

    <div class='mobile-link-button' id='blog-pager-home-link'>
    <a class='home-link' expr:href='data:blog.homepageUrl'><data:homeMsg/></a>
    </div>

    <div class='mobile-desktop-link'>
      <a class='home-link' expr:href='data:desktopLinkUrl'><data:desktopLinkMsg/></a>
    </div>

  </div>
  <div class='clear'/>
</b:includable>
      <b:includable id='mobile-post' var='post'>
  <div class='date-outer'>
    <b:if cond='data:post.dateHeader'>
      <h2 class='date-header'><span><data:post.dateHeader/></span></h2>
    </b:if>
    <div class='date-posts'>
      <div class='post-outer'>

        <div class='post hentry uncustomized-post-template' itemscope='itemscope' itemtype='http://schema.org/BlogPosting'>
          <a expr:name='data:post.id'/>
          <b:if cond='data:post.title'>
            <h3 class='post-title entry-title' itemprop='name'>
              <b:if cond='data:post.link'>
                <a expr:href='data:post.link'><data:post.title/></a>
              <b:else/>
                <b:if cond='data:post.url'>
                  <b:if cond='data:blog.url != data:post.url'>
                    <a expr:href='data:post.url'><data:post.title/></a>
                  <b:else/>
                    <data:post.title/>
                  </b:if>
                <b:else/>
                  <data:post.title/>
                </b:if>
              </b:if>
            </h3>
          </b:if>

          <div class='post-header'>
            <div class='post-header-line-1'/>
          </div>

          <div class='post-body entry-content' expr:id='&quot;post-body-&quot; + data:post.id' itemprop='articleBody'>
            <data:post.body/>
            <div style='clear: both;'/> <!-- clear for photos floats -->
          </div>

          <div class='post-footer'>
            <div class='post-footer-line post-footer-line-1'>
              <span class='post-author vcard'>
                <b:if cond='data:top.showAuthor'>
                  <b:if cond='data:post.authorProfileUrl'>
                    <span class='fn'>
                      <a expr:href='data:post.authorProfileUrl' itemprop='author' rel='author' title='author profile'>
                        <data:post.author/>
                      </a>
                    </span>
                  <b:else/>
                    <span class='fn'><data:post.author/></span>
                  </b:if>
                </b:if>
              </span>

              <span class='post-timestamp'>
                <b:if cond='data:top.showTimestamp'>
                  <data:top.timestampLabel/>
                  <b:if cond='data:post.url'>
                    <a class='timestamp-link' expr:href='data:post.url' itemprop='url' rel='bookmark' title='permanent link'><abbr class='published' expr:title='data:post.timestampISO8601' itemprop='datePublished'><data:post.timestamp/></abbr></a>
                  </b:if>
                </b:if>
              </span>

              <span class='post-comment-link'>
                <b:if cond='data:blog.pageType != &quot;item&quot;'>
                  <b:if cond='data:blog.pageType != &quot;static_page&quot;'>
                    <b:if cond='data:post.allowComments'>
                      <a class='comment-link' expr:href='data:post.addCommentUrl' expr:onclick='data:post.addCommentOnclick'><b:if cond='data:post.numComments == 1'>1 <data:top.commentLabel/><b:else/><data:post.numComments/> <data:top.commentLabelPlural/></b:if></a>
                    </b:if>
                  </b:if>
                </b:if>
              </span>
            </div>

            <div class='post-footer-line post-footer-line-2'>
              <b:if cond='data:top.showMobileShare'>
                <div class='mobile-link-button goog-inline-block' id='mobile-share-button'>
                  <a href='javascript:void(0);'><data:shareMsg/></a>
                </div>
              </b:if>
              <b:if cond='data:top.showDummy'>
                <div class='goog-inline-block dummy-container'><data:post.dummyTag/></div>
              </b:if>
            </div>

          </div>
        </div>

        <b:if cond='data:blog.pageType == &quot;static_page&quot;'>
          <b:if cond='data:post.showThreadedComments'>
            <b:include data='post' name='threaded_comments'/>
          <b:else/>
            <b:include data='post' name='comments'/>
          </b:if>
        </b:if>
        <b:if cond='data:blog.pageType == &quot;item&quot;'>
          <b:if cond='data:post.showThreadedComments'>
            <b:include data='post' name='threaded_comments'/>
          <b:else/>
            <b:include data='post' name='comments'/>
          </b:if>
        </b:if>
      </div>
    </div>
  </div>
</b:includable>
      <b:includable id='nextprev'>
  <div class='blog-pager' id='blog-pager'>
    <b:if cond='data:newerPageUrl'>
      <span id='blog-pager-newer-link'>
      <a class='blog-pager-newer-link' expr:href='data:newerPageUrl' expr:id='data:widget.instanceId + &quot;_blog-pager-newer-link&quot;' expr:title='data:newerPageTitle'><data:newerPageTitle/></a>
      </span>
    </b:if>
    
    <b:if cond='data:olderPageUrl'>
      <div id='blog-pager-older-link'>
      <a class='blog-pager-older-link' expr:href='data:olderPageUrl' expr:id='data:widget.instanceId + &quot;_blog-pager-older-link&quot;' expr:title='data:olderPageTitle'><data:olderPageTitle/></a>
      </div>
    </b:if>

    <b:if cond='data:mobileLinkUrl'>
      <div class='blog-mobile-link'>
        <a expr:href='data:mobileLinkUrl'><data:mobileLinkMsg/></a>
      </div>
    </b:if>

  </div>
  <div class='clear'/>
</b:includable>
      <b:includable id='post' var='post'>

<div class='box effect2'>
<div class='post hentry'>
 
<b:if cond='data:blog.pageType != &quot;static_page&quot;'>
<b:if cond='data:blog.pageType != &quot;item&quot;'>
<div expr:id='&quot;summary2&quot; + data:post.id'><data:post.body/></div>
<script type='text/javascript'>createSummaryAndThumb2(&quot;summary2<data:post.id/>&quot;);</script>
<b:loop values='data:post.labels' var='label'>
<b:if cond='data:label.isLast == &quot;true&quot;'>
<span class='featured-cat'><a expr:href='data:post.url' property='v:title' rel='v:url'><data:label.name/></a></span>
</b:if>
</b:loop>
</b:if>
</b:if>

<a expr:name='data:post.id'/>
<b:if cond='data:post.title'>
<h2 class='post-title entry-title'>
<b:if cond='data:post.link'>
<a expr:href='data:post.link'><data:post.title/></a>
<b:else/>
<b:if cond='data:post.url'>
<a expr:href='data:post.url'><data:post.title/></a>
<b:else/>
<data:post.title/>
</b:if>
</b:if>
</h2>
</b:if>

<div class='title-secondary'>
<b:if cond='data:blog.pageType != &quot;static_page&quot;'>
Posted by <span class='admin'><data:post.author/></span> &amp;nbsp;|&amp;nbsp <b:if cond='data:post.allowComments'><a expr:href='data:post.addCommentUrl' expr:onclick='data:post.addCommentOnclick'><b:if cond='data:post.numComments == 0'>No comments</b:if><b:if cond='data:post.numComments == 1'>1 comment</b:if><b:if cond='data:post.numComments &gt;= 2'><data:post.numComments/> comments</b:if></a></b:if>
</b:if>
</div>

<div class='post-header-line-1'/>
<div class='post-body entry-content'>

<p>
<b:if cond='data:blog.pageType != &quot;static_page&quot;'>
<b:if cond='data:blog.pageType != &quot;item&quot;'>
<div expr:id='&quot;summary&quot; + data:post.id'><data:post.body/></div>
<script type='text/javascript'>createSummaryAndThumb(&quot;summary<data:post.id/>&quot;);</script>
</b:if>
</b:if>
<b:if cond='data:blog.pageType == &quot;item&quot;'><data:post.body/></b:if>

<b:if cond='data:blog.pageType == &quot;static_page&quot;'><data:post.body/></b:if></p> 

<b:if cond='data:blog.pageType != &quot;static_page&quot;'>
<div class='title-secondary' style='margin-top:10px'>
<span class='date-t'/><span class='dater'><data:post.timestamp/></span>
<span class='share-t'/>Share:<span class='social-bar'>
<a expr:href='&quot;http://www.facebook.com/share.php?u=&quot; + data:post.url + &quot;&amp;t=&quot; + data:post.title + &quot; &quot;' rel='bookmark' target='_blank' title='Facebook'><img height='16' src='http://2.bp.blogspot.com/-uISL5-CwQtc/U0MV1--G9MI/AAAAAAAACZw/u6QCFlMsZYY/s1600/facebook_16.png' width='16'/></a>
<a expr:href='&quot;http://twitter.com/share?original_referer=&quot; + data:post.url + &quot;&amp;source=web&amp;text=&quot; + data:post.title + &quot; &amp;via=&amp;url=&quot; + data:post.url' rel='bookmark' target='_blank' title='Twitter'><img height='16' src='http://2.bp.blogspot.com/-YlAVvqY29zk/U0MV15cbeBI/AAAAAAAACZ0/pIBuZXSw-r4/s1600/twitter_16.png' width='16'/></a>
<a href='http://www.delicious.com/save' onclick='window.open(&quot;http://www.delicious.com/save?v=5&amp;noui&amp;jump=close&amp;url=&quot;+encodeURIComponent(location.href)+&quot;&amp;title=&quot;+encodeURIComponent(document.title), &quot;delicious&quot;,&quot;toolbar=no,width=550,height=550&quot;); return false;' rel='bookmark' target='_blank' title='Del.icio.us'><img height='16' src='http://2.bp.blogspot.com/-Vh08tMtATrk/U0MaDHJCZdI/AAAAAAAACaM/lRicyaL9K8M/s1600/deli_16.jpg' width='16'/></a>

<a expr:href='&quot;http://digg.com/submit?url=&quot; + data:post.url + &quot;&amp;title=&quot; + data:post.title + &quot; &quot;' title='Digg'><img height='16' src='http://3.bp.blogspot.com/-nuJmatQWhxU/U1L3qVur6bI/AAAAAAAACcA/kuZ8l2N0DAA/s1600/share-digg.png' width='16'/></a>
<a expr:href='&quot;http://www.stumbleupon.com/submit?url=&quot; + data:post.url + &quot;&amp;title=&quot; + data:post.title' rel='bookmark' target='_blank' title='Stumble'><img height='16' src='http://3.bp.blogspot.com/-WjOfv-lZR7c/U1L3qe-ycMI/AAAAAAAACcE/niIwkonhEhc/s1600/StumbleUpon.png' width='16'/></a>

</span>
</div>
</b:if>

      <div style='clear: both;'/> <!-- clear for photos floats -->  
    </div>
 
<b:if cond='data:blog.pageType == &quot;item&quot;'>

<div id='delatepubpost'>
<b:loop values='data:post.labels' var='label'>
<b:if cond='data:label.isLast != &quot;true&quot;'>
</b:if>
<b:if cond='data:blog.pageType == &quot;item&quot;'>
<script expr:src='&quot;/feeds/posts/default/-/&quot; + data:label.name + &quot;?alt=json-in-script&amp;callback=related_results_labels_thumbs&amp;max-results=8&quot;' type='text/javascript'/></b:if></b:loop>
<script type='text/javascript'>
var currentposturl=&quot;<data:post.url/>&quot;;
var maxresults=3;
var relatedpoststitle=&quot;Related Posts &quot;;
removeRelatedDuplicates_thumbs();
printRelatedLabels_thumbs();
</script>
</div><div class='clear'/>
  
</b:if>
  
    <b:if cond='data:blog.pageType == &quot;item&quot;'>
  
<!-- Next previous post titles widget -->
    </b:if>

    
<b:if cond='data:blog.pageType != &quot;item&quot;'>
    <div class='post-footer'>
<!-- to show things on static page below post-->
    </div>
</b:if>

</div>
</div>

<b:if cond='data:blog.pageType == &quot;item&quot;'>
<div class='box effect2'>
<div class='auth-panel'>
<img src='http://2.bp.blogspot.com/-75sZWrYeQo0/UlCcqKxideI/AAAAAAAACAQ/gwgXgyh8t1I/s1600/author-logo.jpg'/>
<strong>About <a href='#'>Naveed Iqbal</a></strong><br/>
<p>
Nulla sagittis convallis arcu. Sed sed nunc. Curabitur consequat. Quisque metus enim venenatis fermentum mollis. Duis vulputate elit in elit. Follow him on <a href='#'>Google+.</a><br/>
</p>
</div>
</div>
</b:if>

</b:includable>
      <b:includable id='postQuickEdit' var='post'>
  <b:if cond='data:post.editUrl'>
    <span expr:class='&quot;item-control &quot; + data:post.adminClass'>
      <a expr:href='data:post.editUrl' expr:title='data:top.editPostMsg'>
        <img alt='' class='icon-action' height='18' src='http://img2.blogblog.com/img/icon18_edit_allbkg.gif' width='18'/>
      </a>
    </span>
  </b:if>
</b:includable>
      <b:includable id='shareButtons' var='post'>
  <b:if cond='data:top.showEmailButton'><a class='goog-inline-block share-button sb-email' expr:href='data:post.sharePostUrl + &quot;&amp;target=email&quot;' expr:title='data:top.emailThisMsg' target='_blank'><span class='share-button-link-text'><data:top.emailThisMsg/></span></a></b:if><b:if cond='data:top.showBlogThisButton'><a class='goog-inline-block share-button sb-blog' expr:href='data:post.sharePostUrl + &quot;&amp;target=blog&quot;' expr:onclick='&quot;window.open(this.href, \&quot;_blank\&quot;, \&quot;height=270,width=475\&quot;); return false;&quot;' expr:title='data:top.blogThisMsg' target='_blank'><span class='share-button-link-text'><data:top.blogThisMsg/></span></a></b:if><b:if cond='data:top.showTwitterButton'><a class='goog-inline-block share-button sb-twitter' expr:href='data:post.sharePostUrl + &quot;&amp;target=twitter&quot;' expr:title='data:top.shareToTwitterMsg' target='_blank'><span class='share-button-link-text'><data:top.shareToTwitterMsg/></span></a></b:if><b:if cond='data:top.showFacebookButton'><a class='goog-inline-block share-button sb-facebook' expr:href='data:post.sharePostUrl + &quot;&amp;target=facebook&quot;' expr:onclick='&quot;window.open(this.href, \&quot;_blank\&quot;, \&quot;height=430,width=640\&quot;); return false;&quot;' expr:title='data:top.shareToFacebookMsg' target='_blank'><span class='share-button-link-text'><data:top.shareToFacebookMsg/></span></a></b:if><b:if cond='data:top.showOrkutButton'><a class='goog-inline-block share-button sb-orkut' expr:href='data:post.sharePostUrl + &quot;&amp;target=orkut&quot;' expr:title='data:top.shareToOrkutMsg' target='_blank'><span class='share-button-link-text'><data:top.shareToOrkutMsg/></span></a></b:if><b:if cond='data:top.showPinterestButton'><a class='goog-inline-block share-button sb-pinterest' expr:href='data:post.sharePostUrl + &quot;&amp;target=pinterest&quot;' expr:title='data:top.shareToPinterestMsg' target='_blank'><span class='share-button-link-text'><data:top.shareToPinterestMsg/></span></a></b:if><b:if cond='data:top.showDummy'><div class='goog-inline-block dummy-container'><data:post.dummyTag/></div></b:if>
</b:includable>
      <b:includable id='status-message'>
  <b:if cond='data:navMessage'>
  <div class='status-msg-wrap'>
    <div class='status-msg-body'>
      <data:navMessage/>
    </div>
    <div class='status-msg-border'>
      <div class='status-msg-bg'>
        <div class='status-msg-hidden'><data:navMessage/></div>
      </div>
    </div>
  </div>
  <div style='clear: both;'/>
  </b:if>
</b:includable>
      <b:includable id='threaded-comment-form' var='post'>
  <div class='comment-form'>
    <a name='comment-form'/>
    <b:if cond='data:mobile'>
      <p><data:blogCommentMessage/></p>
      <data:blogTeamBlogMessage/>
      <a expr:href='data:post.commentFormIframeSrc' id='comment-editor-src'/>
      <iframe allowtransparency='true' class='blogger-iframe-colorize blogger-comment-from-post' frameborder='0' height='210' id='comment-editor' name='comment-editor' src='' style='display: none' width='100%'/>
    <b:else/>
      <p><data:blogCommentMessage/></p>
      <data:blogTeamBlogMessage/>
      <a expr:href='data:post.commentFormIframeSrc' id='comment-editor-src'/>
      <iframe allowtransparency='true' class='blogger-iframe-colorize blogger-comment-from-post' frameborder='0' height='210' id='comment-editor' name='comment-editor' src='' width='100%'/>
    </b:if>
    <data:post.friendConnectJs/>
    <data:post.cmtfpIframe/>
    <script type='text/javascript'>
      BLOG_CMT_createIframe(&#39;<data:post.appRpcRelayPath/>&#39;, &#39;<data:post.communityId/>&#39;);
    </script>
  </div>
</b:includable>
      <b:includable id='threaded_comment_js' var='post'>
  <script async='async' expr:src='data:post.commentSrc' type='text/javascript'/>

  <script type='text/javascript'>
    (function() {
      var items = <data:post.commentJso/>;
      var msgs = <data:post.commentMsgs/>;
      var config = <data:post.commentConfig/>;

// <![CDATA[
      var cursor = null;
      if (items && items.length > 0) {
        cursor = parseInt(items[items.length - 1].timestamp) + 1;
      }

      var bodyFromEntry = function(entry) {
        if (entry.gd$extendedProperty) {
          for (var k in entry.gd$extendedProperty) {
            if (entry.gd$extendedProperty[k].name == 'blogger.contentRemoved') {
              return '<span class="deleted-comment">' + entry.content.$t + '</span>';
            }
          }
        }
        return entry.content.$t;
      }

      var parse = function(data) {
        cursor = null;
        var comments = [];
        if (data && data.feed && data.feed.entry) {
          for (var i = 0, entry; entry = data.feed.entry[i]; i++) {
            var comment = {};
            // comment ID, parsed out of the original id format
            var id = /blog-(\d+).post-(\d+)/.exec(entry.id.$t);
            comment.id = id ? id[2] : null;
            comment.body = bodyFromEntry(entry);
            comment.timestamp = Date.parse(entry.published.$t) + '';
            if (entry.author && entry.author.constructor === Array) {
              var auth = entry.author[0];
              if (auth) {
                comment.author = {
                  name: (auth.name ? auth.name.$t : undefined),
                  profileUrl: (auth.uri ? auth.uri.$t : undefined),
                  avatarUrl: (auth.gd$image ? auth.gd$image.src : undefined)
                };
              }
            }
            if (entry.link) {
              if (entry.link[2]) {
                comment.link = comment.permalink = entry.link[2].href;
              }
              if (entry.link[3]) {
                var pid = /.*comments\/default\/(\d+)\?.*/.exec(entry.link[3].href);
                if (pid && pid[1]) {
                  comment.parentId = pid[1];
                }
              }
            }
            comment.deleteclass = 'item-control blog-admin';
            if (entry.gd$extendedProperty) {
              for (var k in entry.gd$extendedProperty) {
                if (entry.gd$extendedProperty[k].name == 'blogger.itemClass') {
                  comment.deleteclass += ' ' + entry.gd$extendedProperty[k].value;
                }
              }
            }
            comments.push(comment);
          }
        }
        return comments;
      };

      var paginator = function(callback) {
        if (hasMore()) {
          var url = config.feed + '?alt=json&v=2&orderby=published&reverse=false&max-results=50';
          if (cursor) {
            url += '&published-min=' + new Date(cursor).toISOString();
          }
          window.bloggercomments = function(data) {
            var parsed = parse(data);
            cursor = parsed.length < 50 ? null
                : parseInt(parsed[parsed.length - 1].timestamp) + 1
            callback(parsed);
            window.bloggercomments = null;
          }
          url += '&callback=bloggercomments';
          var script = document.createElement('script');
          script.type = 'text/javascript';
          script.src = url;
          document.getElementsByTagName('head')[0].appendChild(script);
        }
      };
      var hasMore = function() {
        return !!cursor;
      };
      var getMeta = function(key, comment) {
        if ('iswriter' == key) {
          var matches = !!comment.author
              && comment.author.name == config.authorName
              && comment.author.profileUrl == config.authorUrl;
          return matches ? 'true' : '';
        } else if ('deletelink' == key) {
          return config.baseUri + '/delete-comment.g?blogID='
               + config.blogId + '&postID=' + comment.id;
        } else if ('deleteclass' == key) {
          return comment.deleteclass;
        }
        return '';
      };

      var replybox = null;
      var replyUrlParts = null;
      var replyParent = undefined;

      var onReply = function(commentId, domId) {
        if (replybox == null) {
          // lazily cache replybox, and adjust to suit this style:
          replybox = document.getElementById('comment-editor');
          if (replybox != null) {
            replybox.height = '210px';
            replybox.style.display = 'block';
            replyUrlParts = replybox.src.split('#');
          }
        }
        if (replybox && (commentId !== replyParent)) {
          document.getElementById(domId).insertBefore(replybox, null);
          replybox.src = replyUrlParts[0]
              + (commentId ? '&parentID=' + commentId : '')
              + '#' + replyUrlParts[1];
          replyParent = commentId;
        }
      };

      var hash = (window.location.hash || '#').substring(1);
      var startThread, targetComment;
      if (/^comment-form_/.test(hash)) {
        startThread = hash.substring('comment-form_'.length);
      } else if (/^c[0-9]+$/.test(hash)) {
        targetComment = hash.substring(1);
      }

      // Configure commenting API:
      var configJso = {
        'maxDepth': config.maxThreadDepth
      };
      var provider = {
        'id': config.postId,
        'data': items,
        'loadNext': paginator,
        'hasMore': hasMore,
        'getMeta': getMeta,
        'onReply': onReply,
        'rendered': true,
        'initComment': targetComment,
        'initReplyThread': startThread,
        'config': configJso,
        'messages': msgs
      };

      var render = function() {
        if (window.goog && window.goog.comments) {
          var holder = document.getElementById('comment-holder');
          window.goog.comments.render(holder, provider);
        }
      };

      // render now, or queue to render when library loads:
      if (window.goog && window.goog.comments) {
        render();
      } else {
        window.goog = window.goog || {};
        window.goog.comments = window.goog.comments || {};
        window.goog.comments.loadQueue = window.goog.comments.loadQueue || [];
        window.goog.comments.loadQueue.push(render);
      }
    })();
// ]]>
  </script>
</b:includable>
      <b:includable id='threaded_comments' var='post'>
  <div class='comments' id='comments'>
    <a name='comments'/>
    <h4><data:post.commentLabelFull/>:</h4>

    <div class='comments-content'>
      <b:if cond='data:post.embedCommentForm'>
        <b:include data='post' name='threaded_comment_js'/>
      </b:if>
      <div id='comment-holder'>
         <data:post.commentHtml/>
      </div>
    </div>

    <p class='comment-footer'>
      <b:if cond='data:post.allowNewComments'>
        <b:include data='post' name='threaded-comment-form'/>
      <b:else/>
        <data:post.noNewCommentsText/>
      </b:if>
    </p>

    <b:if cond='data:showCmtPopup'>
      <div id='comment-popup'>
        <iframe allowtransparency='true' frameborder='0' id='comment-actions' name='comment-actions' scrolling='no'>
        </iframe>
      </div>
    </b:if>

    <div id='backlinks-container'>
    <div expr:id='data:widget.instanceId + &quot;_backlinks-container&quot;'>
       <b:if cond='data:post.showBacklinks'>
         <b:include data='post' name='backlinks'/>
       </b:if>
    </div>
    </div>
  </div>
</b:includable>
    </b:widget>
  </b:section>
      </div>

<div id='rside-area'>	

<div class='form-rside'>
<form action='http://feedburner.google.com/fb/a/mailverify' method='post' onsubmit='window.open(&apos;http://feedburner.google.com/fb/a/mailverify?uri=bloggertheme09&apos;, &apos;popupwindow&apos;, &apos;scrollbars=yes,width=550,height=520&apos;);return true' style='' target='popupwindow'>
<span style='font-size:14px;font-weight: bold; margin-botton:10px;'>Get updates in your email box</span><br/>
<span style='font-size:12px;line-height: 1px;'>Complete the form below, and we&#39;ll send you the best coupons.</span>
<p><input class='form-subscibe' id='tit' name='email' placeholder='mail@yourwebsite.com' type='text'/>
<div style='clear: both;'/>
<input name='uri' type='hidden' value='bloggertheme09'/><input name='loc' type='hidden' value='en_US'/>
<input class='form-go' type='submit' value='Signup'/></p> <span class='dimmer'>Deliver via <a href='http://feedburner.google.com/' target='_blank'>FeedBurner</a></span></form>
</div>
<div style='clear: both;'/>  

<b:section class='sidebar' id='sidebar1' preferred='yes'>
    <b:widget id='PopularPosts2' locked='false' title='Recent Articles' type='PopularPosts'>
      <b:includable id='main'>
  <b:if cond='data:title'><h2><data:title/></h2></b:if>
  <div class='widget-content popular-posts'>
    <ul>
      <b:loop values='data:posts' var='post'>
      <li>
        <b:if cond='data:showThumbnails == &quot;false&quot;'>
          <b:if cond='data:showSnippets == &quot;false&quot;'>
            <!-- (1) No snippet/thumbnail -->
            <a expr:href='data:post.href'><data:post.title/></a>
          <b:else/>
            <!-- (2) Show only snippets -->
            <div class='item-title'><a expr:href='data:post.href'><data:post.title/></a></div>
            <div class='item-snippet'><data:post.snippet/></div>
          </b:if>
        <b:else/>
          <b:if cond='data:showSnippets == &quot;false&quot;'>
            <!-- (3) Show only thumbnails -->
            <div class='item-thumbnail-only'>
              <b:if cond='data:post.thumbnail'>
                <div class='item-thumbnail'>
                  <a expr:href='data:post.href' target='_blank'>
                    <img alt='' border='0' expr:height='data:thumbnailSize' expr:src='data:post.thumbnail' expr:width='data:thumbnailSize'/>
                  </a>
                </div>
              </b:if>
              <div class='item-title'><a expr:href='data:post.href'><data:post.title/></a></div>
            </div>
            <div style='clear: both;'/>
          <b:else/>
            <!-- (4) Show snippets and thumbnails -->
            <div class='item-content'>
              <b:if cond='data:post.thumbnail'>
                <div class='item-thumbnail'>
                  <a expr:href='data:post.href' target='_blank'>
                    <img alt='' border='0' expr:height='data:thumbnailSize' expr:src='data:post.thumbnail' expr:width='data:thumbnailSize'/>
                  </a>
                </div>
              </b:if>
              <div class='item-title'><a expr:href='data:post.href'><data:post.title/></a></div>
              <div class='item-snippet'><data:post.snippet/></div>
            </div>
            <div style='clear: both;'/>
          </b:if>
        </b:if>
      </li>
      </b:loop>
    </ul>
    <b:include name='quickedit'/>
  </div>
</b:includable>
    </b:widget>
    <b:widget id='HTML1' locked='false' title='Advertisement' type='HTML'>
      <b:includable id='main'>
  <!-- only display title if it's non-empty -->
  <b:if cond='data:title != &quot;&quot;'>
    <h2 class='title'><data:title/></h2>
  </b:if>
  <div class='widget-content'>
    <data:content/>
  </div>

  <b:include name='quickedit'/>
</b:includable>
    </b:widget>
    <b:widget id='HTML2' locked='false' title='' type='HTML'>
      <b:includable id='main'>
  <!-- only display title if it's non-empty -->
  <b:if cond='data:title != &quot;&quot;'>
    <h2 class='title'><data:title/></h2>
  </b:if>
  <div class='widget-content'>
    <data:content/>
  </div>

  <b:include name='quickedit'/>
</b:includable>
    </b:widget>
    <b:widget id='Label2' locked='false' title='Labels' type='Label'>
      <b:includable id='main'>
  <b:if cond='data:title'>
    <h2><data:title/></h2>
  </b:if>
  <div expr:class='&quot;widget-content &quot; + data:display + &quot;-label-widget-content&quot;'>
    <b:if cond='data:display == &quot;list&quot;'>
      <ul>
      <b:loop values='data:labels' var='label'>
        <li>
          <b:if cond='data:blog.url == data:label.url'>
            <span expr:dir='data:blog.languageDirection'><data:label.name/></span>
          <b:else/>
            <a expr:dir='data:blog.languageDirection' expr:href='data:label.url'><data:label.name/></a>
          </b:if>
          <b:if cond='data:showFreqNumbers'>
            <span dir='ltr'>(<data:label.count/>)</span>
          </b:if>
        </li>
      </b:loop>
      </ul>
    <b:else/>
      <b:loop values='data:labels' var='label'>
        <span expr:class='&quot;label-size label-size-&quot; + data:label.cssSize'>
          <b:if cond='data:blog.url == data:label.url'>
            <span expr:dir='data:blog.languageDirection'><data:label.name/></span>
          <b:else/>
            <a expr:dir='data:blog.languageDirection' expr:href='data:label.url'><data:label.name/></a>
          </b:if>
          <b:if cond='data:showFreqNumbers'>
            <span class='label-count' dir='ltr'>(<data:label.count/>)</span>
          </b:if>
        </span>
      </b:loop>
    </b:if>
    <b:include name='quickedit'/>
  </div>
</b:includable>
    </b:widget>
    <b:widget id='HTML3' locked='false' title='What they says' type='HTML'>
      <b:includable id='main'>
  <!-- only display title if it's non-empty -->
  <b:if cond='data:title != &quot;&quot;'>
    <h2 class='title'><data:title/></h2>
  </b:if>
  <div class='widget-content'>
    <data:content/>
  </div>

  <b:include name='quickedit'/>
</b:includable>
    </b:widget>
  </b:section>

</div>
</div><!-- end content-wrapper -->

<div class='clear'/>

<div class='box2 effect2'>
<div id='leadent'>
<div class='tent' id='feet'>

<div class='bordom'>
<b:section class='feet-area' id='column1' preferred='yes' showaddelement='yes'>
  <b:widget id='Label1' locked='false' title='Labels' type='Label'>
    <b:includable id='main'>
  <b:if cond='data:title'>
    <h2><data:title/></h2>
  </b:if>
  <div expr:class='&quot;widget-content &quot; + data:display + &quot;-label-widget-content&quot;'>
    <b:if cond='data:display == &quot;list&quot;'>
      <ul>
      <b:loop values='data:labels' var='label'>
        <li>
          <b:if cond='data:blog.url == data:label.url'>
            <span expr:dir='data:blog.languageDirection'><data:label.name/></span>
          <b:else/>
            <a expr:dir='data:blog.languageDirection' expr:href='data:label.url'><data:label.name/></a>
          </b:if>
          <b:if cond='data:showFreqNumbers'>
            <span dir='ltr'>(<data:label.count/>)</span>
          </b:if>
        </li>
      </b:loop>
      </ul>
    <b:else/>
      <b:loop values='data:labels' var='label'>
        <span expr:class='&quot;label-size label-size-&quot; + data:label.cssSize'>
          <b:if cond='data:blog.url == data:label.url'>
            <span expr:dir='data:blog.languageDirection'><data:label.name/></span>
          <b:else/>
            <a expr:dir='data:blog.languageDirection' expr:href='data:label.url'><data:label.name/></a>
          </b:if>
          <b:if cond='data:showFreqNumbers'>
            <span class='label-count' dir='ltr'>(<data:label.count/>)</span>
          </b:if>
        </span>
      </b:loop>
    </b:if>
    <b:include name='quickedit'/>
  </div>
</b:includable>
  </b:widget>
</b:section>

<b:section class='feet-area' id='column2' showaddelement='yes'>
  <b:widget id='HTML6' locked='false' title='Text Widget' type='HTML'>
    <b:includable id='main'>
  <!-- only display title if it's non-empty -->
  <b:if cond='data:title != &quot;&quot;'>
    <h2 class='title'><data:title/></h2>
  </b:if>
  <div class='widget-content'>
    <data:content/>
  </div>

  <b:include name='quickedit'/>
</b:includable>
  </b:widget>
</b:section>

<b:section class='feet-area' id='column3' showaddelement='yes'>
  <b:widget id='PopularPosts1' locked='false' title='Recent News' type='PopularPosts'>
    <b:includable id='main'>
  <b:if cond='data:title'><h2><data:title/></h2></b:if>
  <div class='widget-content popular-posts'>
    <ul>
      <b:loop values='data:posts' var='post'>
      <li>
        <b:if cond='data:showThumbnails == &quot;false&quot;'>
          <b:if cond='data:showSnippets == &quot;false&quot;'>
            <!-- (1) No snippet/thumbnail -->
            <a expr:href='data:post.href'><data:post.title/></a>
          <b:else/>
            <!-- (2) Show only snippets -->
            <div class='item-title'><a expr:href='data:post.href'><data:post.title/></a></div>
            <div class='item-snippet'><data:post.snippet/></div>
          </b:if>
        <b:else/>
          <b:if cond='data:showSnippets == &quot;false&quot;'>
            <!-- (3) Show only thumbnails -->
            <div class='item-thumbnail-only'>
              <b:if cond='data:post.thumbnail'>
                <div class='item-thumbnail'>
                  <a expr:href='data:post.href' target='_blank'>
                    <img alt='' border='0' expr:height='data:thumbnailSize' expr:src='data:post.thumbnail' expr:width='data:thumbnailSize'/>
                  </a>
                </div>
              </b:if>
              <div class='item-title'><a expr:href='data:post.href'><data:post.title/></a></div>
            </div>
            <div style='clear: both;'/>
          <b:else/>
            <!-- (4) Show snippets and thumbnails -->
            <div class='item-content'>
              <b:if cond='data:post.thumbnail'>
                <div class='item-thumbnail'>
                  <a expr:href='data:post.href' target='_blank'>
                    <img alt='' border='0' expr:height='data:thumbnailSize' expr:src='data:post.thumbnail' expr:width='data:thumbnailSize'/>
                  </a>
                </div>
              </b:if>
              <div class='item-title'><a expr:href='data:post.href'><data:post.title/></a></div>
              <div class='item-snippet'><data:post.snippet/></div>
            </div>
            <div style='clear: both;'/>
          </b:if>
        </b:if>
      </li>
      </b:loop>
    </ul>
    <b:include name='quickedit'/>
  </div>
</b:includable>
  </b:widget>
</b:section>

<b:section class='feet-area' id='column4' showaddelement='yes'>
  <b:widget id='HTML8' locked='false' title='About Us' type='HTML'>
    <b:includable id='main'>
  <!-- only display title if it's non-empty -->
  <b:if cond='data:title != &quot;&quot;'>
    <h2 class='title'><data:title/></h2>
  </b:if>
  <div class='widget-content'>
    <data:content/>
  </div>

  <b:include name='quickedit'/>
</b:includable>
  </b:widget>
</b:section>

</div>
</div>
</div>
  </div>

<div class='clear'/>

<div id='beat'>
<div id='feet-left'>
&#169; 2014 <a expr:href='data:blog.homepageUrl'><data:blog.title/></a>. <a href='http://www.bloggertheme9.com/' target='_blank'>Responsive Template</a> by <a href='http://www.bloggertheme9.com/' id='credit'>Bloggertheme9</a> Published..<a href='http://gooyaabitemplates.com/' id='credit' title='Blogger Templates'>Gooyaabi Templates</a> <!-- ATTENTION!! DO NOT REMOVE ANY OF THE CREDIT LINK ABOVE  -->
</div>       
<div id='feet-right'>
Proudly Powered by <a href='http://www.blogger.com/'>Blogger</a>.
</div>
</div>

</div><!-- Outer Wrapper (END) -->

</div></div>

<a href='#' id='MD-StoTop'><img alt='back to top' src='http://4.bp.blogspot.com/-WW8EOrpcwpA/Udmi3evqHuI/AAAAAAAABpE/qe9nJVakg0I/s1600/protop.png'/></a>

<script type='text/javascript'>
var home_page=&quot;/&quot;;
var urlactivepage=location.href;
var postperpage=6;
var numshowpage=3;
var upPageWord =&#39;&#171;&#39;;
var downPageWord =&#39;&#187;&#39;;
</script>

<script type='text/javascript'>
//<![CDATA[

/* Widget by www.abu-farhan.com
copyright by Abu Farhan
Dont edit without permission from the Copyright owner-------------------------------------*/

eval(function(p,a,c,k,e,r){e=function(c){return(c<a?'':e(parseInt(c/a)))+((c=c%a)>35?String.fromCharCode(c+29):c.toString(36))};if(!''.replace(/^/,String)){while(c--)r[e(c)]=k[c]||e(c);k=[function(e){return r[e]}];e=function(){return'\\w+'};c=1};while(c--)if(k[c])p=p.replace(new RegExp('\\b'+e(c)+'\\b','g'),k[c]);return p}('5 G;5 i;5 b;5 n;1f();x 1g(15){5 6=\'\';H=I(K/2);3(H==K-H){K=H*2+1}J=b-H;3(J<1)J=1;o=I(15/j)+1;3(o-1==15/j)o=o-1;L=J+K-1;3(L>o)L=o;6+="<4 e=\'1y\'>1z "+b+\' 1A \'+o+"</4>";5 16=I(b)-1;3(b>1){3(b==2){3(i=="w"){6+=\'<4 e="1B"><a f="\'+y+\'">\'+M+\'</a></4>\'}c{6+=\'<4 e="k"><a f="/r/s/\'+n+\'?&7-l=\'+j+\'">\'+M+\'</a></4>\'}}c{3(i=="w"){6+=\'<4 e="k"><a f="#" z="N(\'+16+\');A B">\'+M+\'</a></4>\'}c{6+=\'<4 e="k"><a f="#" z="O(\'+16+\');A B">\'+M+\'</a></4>\'}}}1h(5 g=J;g<=L;g++){3(b==g){6+=\'<4 e="1C">\'+g+\'</4>\'}c 3(g==1){3(i=="w"){6+=\'<4 e="k"><a f="\'+y+\'">1</a></4>\'}c{6+=\'<4 e="k"><a f="/r/s/\'+n+\'?&7-l=\'+j+\'">1</a></4>\'}}c{3(i=="w"){6+=\'<4 e="k"><a f="#" z="N(\'+g+\');A B">\'+g+\'</a></4>\'}c{6+=\'<4 e="k"><a f="#" z="O(\'+g+\');A B">\'+g+\'</a></4>\'}}}5 17=I(b)+1;3(b<o){3(i=="w"){6+=\'<4 e="k"><a f="#" z="N(\'+17+\');A B">\'+1i+\'</a></4>\'}c{6+=\'<4 e="k"><a f="#" z="O(\'+17+\');A B">\'+1i+\'</a></4>\'}}5 C=u.1D("C");5 18=u.1E("1F-1G");1h(5 p=0;p<C.P;p++){C[p].1j=6}3(C&&C.P>0){6=\'\'}3(18){18.1j=6}}x 1a(Q){5 R=Q.R;5 1k=I(R.1H$1I.$t,10);1g(1k)}x 1f(){5 d=m;3(d.9("/r/s/")!=-1){3(d.9("?S-7")!=-1){n=d.D(d.9("/r/s/")+14,d.9("?S-7"))}c{n=d.D(d.9("/r/s/")+14,d.9("?&7"))}}3(d.9("?q=")==-1&&d.9(".6")==-1){3(d.9("/r/s/")==-1){i="w";3(m.9("#E=")!=-1){b=m.D(m.9("#E=")+8,m.P)}c{b=1}u.1l("<h T=\\""+y+"U/V/W?7-l=1&X=Y-Z-h&11=1a\\"><\\/h>")}c{i="s";3(d.9("&7-l=")==-1){j=1J}3(m.9("#E=")!=-1){b=m.D(m.9("#E=")+8,m.P)}c{b=1}u.1l(\'<h T="\'+y+\'U/V/W/-/\'+n+\'?X=Y-Z-h&11=1a&7-l=1" ><\\/h>\')}}}x N(F){12=(F-1)*j;G=F;5 13=u.1m(\'1n\')[0];5 v=u.1o(\'h\');v.1p=\'1q/1r\';v.1s("T",y+"U/V/W?1t-1u="+12+"&7-l=1&X=Y-Z-h&11=1b");13.1v(v)}x O(F){12=(F-1)*j;G=F;5 13=u.1m(\'1n\')[0];5 v=u.1o(\'h\');v.1p=\'1q/1r\';v.1s("T",y+"U/V/W/-/"+n+"?1t-1u="+12+"&7-l=1&X=Y-Z-h&11=1b");13.1v(v)}x 1b(Q){1c=Q.R.1K[0];5 1w=1c.1x.$t.D(0,19)+1c.1x.$t.D(1L,1M);5 1d=1N(1w);3(i=="w"){5 1e="/r?S-7="+1d+"&7-l="+j+"#E="+G}c{5 1e="/r/s/"+n+"?S-7="+1d+"&7-l="+j+"#E="+G}1O.f=1e}',62,113,'|||if|span|var|html|max||indexOf||nomerhal|else|thisUrl|class|href|jj|script|jenis|postperpage|showpageNum|results|urlactivepage|lblname1|maksimal|||search|label||document|newInclude|page|function|home_page|onclick|return|false|pageArea|substring|PageNo|numberpage|nopage|nomerkiri|parseInt|mulai|numshowpage|akhir|upPageWord|redirectpage|redirectlabel|length|root|feed|updated|src|feeds|posts|summary|alt|json|in||callback|jsonstart|nBody||banyakdata|prevnomer|nextnomer|blogPager||hitungtotaldata|finddatepost|post|timestamp|alamat|halamanblogger|loophalaman|for|downPageWord|innerHTML|totaldata|write|getElementsByTagName|head|createElement|type|text|javascript|setAttribute|start|index|appendChild|timestamp1|published|showpageOf|Page|of|showpage|showpagePoint|getElementsByName|getElementById|blog|pager|openSearch|totalResults|20|entry|23|29|encodeURIComponent|location'.split('|'),0,{}))

//]]>
</script>


</body>
</html>