<?xml version="1.0" encoding="UTF-8" ?>
<!DOCTYPE html>
<html xmlns='http://www.w3.org/1999/xhtml' xmlns:b='http://www.google.com/2005/gml/b' xmlns:data='http://www.google.com/2005/gml/data' xmlns:expr='http://www.google.com/2005/gml/expr'>
  <head>
    <b:include data='blog' name='all-head-content'/>

    <title>
      <b:if cond='data:blog.pageType == &quot;index&quot;'>
        <data:blog.pageTitle/>
        <b:else/>
        <b:if cond='data:blog.pageType != &quot;error_page&quot;'>
          <data:blog.pageName/> | <data:blog.title/>
          <b:else/>
          Page Not Found | <data:blog.title/> 
        </b:if>
      </b:if>
    </title>
    
 
    <b:if cond='data:blog.pageType == &quot;archive&quot;'>
      <meta content='noindex,noarchive' name='robots'/>
    </b:if>
    <b:if cond='data:blog.metaDescription != &quot;&quot;'>
      <meta expr:content='data:blog.metaDescription' name='description'/>
    </b:if> 
    <meta charset='UTF-8'/>
    <meta content='width=device-width, initial-scale=1, maximum-scale=1' name='viewport'/>

    <b:skin><![CDATA[
/*====================================
Theme Name : Portfolio Blog
Author : Suryakant sao
Site : http://templatetrackers.com
License : Creative Commons Attribution License

Share and Use This With Proper Credit Or You Will Be In Problem
=================================================================*/

/*****************************************
reset.css
******************************************/
html,body,div,span,applet,object,iframe,h1,h2,h3,h4,h5,h6,p,blockquote,pre,a,abbr,acronym,address,big,cite,code,del,dfn,em,img,ins,kbd,q,s,samp,small,strike,strong,sub,sup,tt,var,b,u,i,center,dl,dt,dd,ol,ul,li,fieldset,form,label,legend,table,caption,tbody,tfoot,thead,tr,th,td,article,aside,canvas,details,embed,figure,figcaption,footer,header,hgroup,menu,nav,output,ruby,section,summary,time,mark,audio,video { border:0; font-size:100%; font:inherit; vertical-align:baseline; margin:0; padding:0; }
article,aside,details,figcaption,figure,footer,header,hgroup,menu,nav,section { display:block; }
body { line-height:1; }
ol,ul { list-style:none; }
blockquote, q { quotes:none; }
blockquote:before, blockquote:after, q:before,q:after { content:none; }
table { border-collapse:collapse; border-spacing:0; }
.clearfix:after { content: "."; display: block; height: 0; clear: both; visibility: hidden; } .clearfix { display: inline-block; } /* Hide from IE Mac \*/ .clearfix { display: block; } /* End hide from IE Mac */ .none { display: none; } /* End Clearfix */


::selection {  background: #2EB0EC;  color: #fff;  }
::-moz-selection {  background: #333;  color: #fff;  }
a img{	border: none;}
ol, ul { padding: 10px 0 20px;  margin: 0 0 0 35px;  text-align: left;  }
ol li { list-style-type: decimal;  padding:0 0 5px;  }
ul li { list-style-type: square;  padding: 0 0 5px;  }
ul ul, ol ol { padding: 0; }
h1, h2, h3,
h4, h5, h6,
h1 a, h2 a, h3 a,
h4 a, h5 a, h6 a { color: #272727; font-weight: bold; }

h1 a:hover, h2 a:hover, h3 a:hover,
h4 a:hover, h5 a:hover, h6 a:hover { color: #878787; }

h1 { font-size: 32px; line-height: 38px; }
h2 { font-size: 22px; line-height: 32px; }
h3 { font-size: 18px; line-height: 28px; }
h4 { font-size: 15px; line-height: 26px; }
h5 { font-size: 12px; line-height: 20px; }
h6 { font-size: 10px; line-height: 20px; }

.post-body h1 { margin: 55px 0 25px 0; }
.post-body h2 { margin: 35px 0 15px 0; }

.post-body h3, .post-body h4,
.post-body h5, .post-body h6 { margin: 15px 0; }


.post-body h1 { margin: 40px 0 20px; }
.post-body h2 { margin: 30px 0 15px; }
.post-body h3 { margin: 30px 0 10px; }
.post-body h4 { margin: 25px 0 8px; }
.post-body h5 { margin: 20px 0 5px; }
.post-body h6 { margin: 20px 0 5px; }


.post-body h1:first-child,
.post-body h2:first-child,
.post-body h3:first-child,
.post-body h4:first-child,
.post-body h5:first-child,
.post-body h6:first-child { margin-top: 0; }


.post-body a {
  font-weight: bold;
  color: #272727;
  text-decoration: underline;
  /*border-bottom: 1px solid #272727;*/
}

.post-body a:hover {
  color: #999;
  text-decoration: none;
  /*border-color: #999;*/
}

.content ul,
.content ol {
  list-style-position: outside;
  padding-left: 32px;
}

.post-body ul { list-style-type: disc; }
.post-body ol { list-style-type: decimal; }



/*****************************************
Global Links CSS
******************************************/
a{color:#999;text-decoration:none}
a:hover{color:#272727}
img{vertical-align:bottom;height:auto;width:auto;max-width:100%}
body{background:rgba(0,0,0,0);color:#444;height:100%;font-size:16px;font-family:"Helvetica Neue", Helvetica, Arial, sans-serif;line-height:1.5em;overflow-x:hidden;margin:0;padding:0}
.clr{clear:both;float:none}
.ct-wrapper:before,.ct-wrapper:after{content:"\0020";display:block;height:0;overflow:hidden}
.ct-wrapper:after{clear:both}
.ct-wrapper{position:relative;max-width:980px;margin:0 auto;padding:0}
.outer-wrapper{background:transparent;position:relative;margin:0 10px 40px}
.header-wrapper{background:rgba(0,0,0,0);display:inline-block;float:left;width:98%;position:relative;border-bottom:1px solid #E0E0E0;margin:2em 10px 1em;padding:0}
.main-wrapper{margin:0;padding:0}
#content{position:relative;width:68%;float:right;border-left:0;padding:0 15px}

/*===========================================
Do Not Change This is Layout Styling CSS 
==========================================*/
body#layout .header-wrapper{margin-top:10px}
body#layout .header-inner-wrap{width:50%;float:auto\9;height:auto\9;margin:3em 0 0}
body#layout #content{width:70%;float:right}
body#layout .sidebar-wrapper{float:right;width:30%}
body#layout #header{width:100%;margin:0;padding:0}
body#layout .header-right.section{max-width:50%;float:none;margin:0;padding:0}
body#layout #page-header{display:none}
body#layout .outer-wrapper,body#layout .sidebar-wrapper,body#layout .ct-wrapper{overflow:hidden;margin:0;padding:0}
body#layout div.footer{font-family:sans-serif;display:inline-table;position:relative;float:left;max-width:25%;margin:0 auto 2px;padding:0 0 10px}
#header h1 span#a2{position:relative;left:-5%;top:0;font-weight:100}
#header{width:auto;float:left}
.header-inner-wrap{height:75px;float:left;position:relative;bottom:-11px;margin:0;padding:0}
#header h1{height:60px;position:relative;bottom:-1px;border-bottom:3px solid #272727;letter-spacing:2px;text-transform:lowercase;line-height:normal;margin:0;padding:0}
#header-inner{margin:0;padding:0}
#header h1 a,#header h1 a:hover{color:#2d2d2d}
#header p.description{color:#333;font-size:20px;font-family:monospace;text-align:center;text-transform:capitalize;margin:2em auto 0;padding:0}
#header img{border:0 none;background:none;width:auto;height:auto;margin:0 auto}
/***** Header Right CSS *****/
.header-right { float: right; }
.header-right .widget-content { margin-top: 40px; }

/*------------ Page Header ---------*/

#page-header {
border-bottom: 5px solid #272727;
padding: 45px 0 18px;
margin-right: 10px;
margin-left: 10px;
}

#page-header #page-title {
font-size: 63px;
line-height: 63px;
-webkit-font-smoothing: antialiased;
}

#page-header #page-description {
font-size: 23px;
line-height: 34px;
padding-top: 12px;
color: #999;
font-family: Georgia, Times, "Times New Roman", serif;
font-style: italic;
}
#site-navigation li{list-style:none}
#site-navigation.default{float:right;position:relative;bottom:-1px}
#site-navigation.default > div > ul > li{float:left;margin-left:35px;position:relative}
.mobile-menu-button.active,#site-navigation.default ul li:hover > a,#site-navigation.default ul li > a:hover,#site-navigation.default > div > ul > li.current-menu-item > a,#site-navigation.default > div > ul > li.current_page_item > a,#site-navigation.default > div > ul > li.current_page_parent > a,#footer-navigation ul li > a:hover,#footer-navigation > div > ul > li.current-menu-item > a,#footer-navigation > div > ul > li.current_page_item > a{color:#272727;border-bottom-color:#272727;position:relative;z-index:2}
.mobile-menu-button{display:none;font-weight:700}
.mobile-menu-button,#site-navigation.default{float:right;position:relative;bottom:-11px}
#site-navigation.default ul{position:relative;margin:0;padding:0}
#site-navigation.default ul:after{content:"";clear:both;display:block}
.mobile-menu-button,#site-navigation.default > div > ul > li > a{border-bottom:3px solid rgba(0,0,0,0);padding-top:11px;height:50px;font-size:14px}
#site-navigation.default ul li ul{display:none;position:absolute;top:95%;left:0;width:200px;background:#FFF;border:1px solid #E1E1E1;font-size:13px;margin-top:-1px;z-index:100}
#site-navigation.default ul li ul li{position:relative;padding:0 15px}
#site-navigation.default ul li ul li a{border-top:1px solid #e1e1e1;padding:7px 0}
#site-navigation.default ul li ul li.current-menu-item > a,#site-navigation.default ul li ul li.current_page_item > a,#site-navigation.default ul li ul li.current_page_parent > a{color:#272727}
#site-navigation.default ul li ul li ul{position:absolute;top:0;left:200px;z-index:100;padding:5px}
#site-navigation.default ul li.right ul li ul{left:-185px}
#site-navigation.mobile{display:none;clear:both;background:#f1f1f1;border-top:1px solid #e1e1e1}
#site-navigation.mobile ul li,#site-navigation.mobile ul li ul.sub-menu li{border-top:1px solid #e5e5e5}
#site-navigation.mobile ul li a{display:block;font-size:15px;font-weight:500;color:#999;padding:10px 20px}
#site-navigation.mobile ul li a:hover,#site-navigation.mobile ul li.current_page_item > a{color:#414141;background:#e5e5e5}
#site-navigation.mobile ul li ul li a{padding-left:35px}
#site-navigation.mobile ul li ul li ul li a{padding-left:50px}
#site-navigation.default ul li a,#site-navigation.default ul li:hover > ul{display:block}
#site-navigation.default ul li ul > li:first-child > a,#site-navigation.mobile li:first-child{border-top:none}
@media only screen and max-width 900px {
.mobile-menu-button{display:block}
#main-nav.default{display:none}
}
@media only screen and max-width 480px {
.mobile-menu-button{z-index:1;float:none;clear:both;width:100%;height:auto;top:0;font-size:15px;background:#f9f9f9;border-top:1px solid #e1e1e1;border-bottom:none;padding:10px 20px}
}
.post-body .separator a{margin:auto 0!important}
.entry-thumbnail{opacity:.97;position:relative}
.entry-thumbnail:hover:after{content:"+";position:absolute;top:42%;left:45%;color:#FFF;font-size:5rem;-webkit-animation:bounceOut .3s;-moz-animation:bounceOut .3s;-o-animation:bounceOut .3s;animation:bounceOut .3s;-webkit-animation-iteration-count:1;-moz-animation-iteration-count:1;-o-animation-iteration-count:1;animation-iteration-count:1}
.entry-thumbnail:hover:before{content:"";position:absolute;top:0;bottom:7px;background:rgba(0,0,0,0.35);left:0;right:0}
.summ{display:block;text-align:center;line-height:normal;font-size:95%;font-style:italic;background:rgba(0,0,0,0.05);margin:0;padding:1.3em}
.summ h2{line-height:normal;font-size:1.5rem;font-style:normal;border-bottom:1px solid rgba(204,204,204,0.4);margin:0 0 .5em;padding:0 0 2%}
.summ h2 a{color:#2d2d2d}
.post{width:auto;margin:3% 0 0;padding:0 5px}
h2.entry-title{position:relative;line-height:normal;font-family:"Helvetica Neue", Helvetica, Arial, sans-serif;font-weight:700;margin:0 15px;padding:0}
.post-title{line-height:1.5em;text-decoration:none;text-align:left;position:relative;margin:0 0 5px;padding:0 0 5px}
.post-title a{color:$(post.title.text.color)}
.post-title a:hover{color:$(post.title.text.hover.color)}
.post-body.entry-content{border-bottom:0;font-size:16px;font-weight:400;line-height:1.6em;word-wrap:break-word;position:relative;margin:0 15px;padding:15px 0}
.body-post{font-size:16px;font-weight:400;margin:0;padding:0 0 5%}
.body-post p{font-size:14px;line-height:1.5em}
.post-header{color:#999;font-family:Verdana,Arial,Tahoma,sans-serif;font-size:12px;text-align:left;margin:5px 15px 0}
.post-header,.post-header a{color:#AAA;font-style:italic;font-family:georgia;font-size:14px}
.post-header a:hover{color:#303030}
.rmlink{float:right;line-height:normal;z-index:1000;position:absolute;right:0;bottom:10px}
#blog-pager-older-link{display:inline;float:right;text-align:right;font-weight:700;padding:0 1%}
#blog-pager-newer-link{display:inline;float:left;text-align:left;font-weight:700;padding:0 1%}
#blog-pager{clear:both;border-top:1px solid #E0E0E0;font-size:16px;line-height:normal;margin:0;padding:2em 1em}
.showpageNum a,.showpage a{margin:0 4px}
.showpagePoint{margin:0 2px 0 0}
.home-link,.showpageOf{display:none}
blockquote{background:url(http://3.bp.blogspot.com/-wkm2RmV1TH4/Ud0G27MPsiI/AAAAAAAACfI/xaL0uFOJUI8/s1600/quote.png) no-repeat 5.4% center;color:#888;font-style:italic;margin:10px 0 20px -3%;padding:1.5em 38px 10px 114px}
.status-msg-wrap{display:none}
.comments{clear:both;margin-top:10px;margin-bottom:0;padding:10px 5%}
.comments h4{font:normal normal 25px oswald}
.comments ol{list-style:none;counter-reset:trackit}
.comments li.comment{list-style:none;position:relative;counter-increment:trackit}
.comments .comment-block:before{content:counters(trackit,".");position:relative;float:left;z-index:10000;left:-2.3em;top:-.2em;background:#A9C5CC;border-radius:50%;-webkit-border-radius:50%;-moz-border-radius:50%;font-size:25px;color:#F7FCFF;text-align:center;padding:8px 16px 8px 14px}
.comments .comment-replies .comment-block:before{content:counters(trackit,".");position:relative;float:left;z-index:10000;left:-2.7em;top:.5em;background:#A9C5CC;border-radius:50%;-webkit-border-radius:50%;-moz-border-radius:50%;font-size:18px;color:#F7FCFF;text-align:center;padding:6px 7px}
.comment-header{background:#DCE4EB}
.comments .comments-content .comment-header,.comments .comments-content .comment-content{margin:5px 5px 10px;padding:0 10px 0 75px}
.comments .comment-thread.inline-thread .comment:after{content:"";position:absolute;top:4em;left:-68px;border-top:1px solid rgba(162,177,185,0.59);width:20px;height:0}
.comments .comment-thread.inline-thread{border-left:1px solid rgba(162,177,185,0.59);background:rgba(0,0,0,0);padding:0 0 0 2em}
.comments .comment-block{position:relative;border:1px solid #E7F5FF;min-height:100px;background:#F7FCFF;margin:0;padding:0 0 2em}
.comment-actions{position:absolute;left:4.5em;bottom:.5em;font-size:18px;padding:0}
.comments .comment .comment-actions a{padding-right:5px;padding-top:5px;margin:0}
.comments .comments-content .user a{color:#8B969E}
.comments .comments-content .user{font-style:italic;font-weight:400;color:#FFF;font-size:18px;text-shadow:1px 1px 1px #FFF}
.comments .comments-content .datetime,.comments .comments-content .datetime a,.comments .comments-content .datetime a:hover{margin-left:6px;float:right;text-transform:uppercase;font-size:12px;font-family:arial;font-weight:700;color:#237DAC}
.comments .avatar-image-container{background:#FFF;margin-left:-11px;max-height:70px;max-width:70px;overflow:hidden;width:70px;height:70px;position:absolute;left:-25px;margin-top:25px;z-index:10;border:1px solid #DDD;padding:3px}
.comments .avatar-image-container img{max-width:70px;max-height:70px;min-height:70px;min-width:70px}
.comments .thread-toggle{display:none}
#searchform{margin:0 0 1em}
#searchform #s{width:90%;border:0;outline:0;background:#EEE;padding:10px}
.PopularPosts .widget-content ul li {
padding:0;}
.sidebar-wrapper{float:left;width:25%;min-height:500px;background:#FFF;margin:3% 0 0;padding:0 20px}
.sidebar ul{margin:0;padding:0}
.sidebar li{list-style:none;margin:0 0 10px;padding:0}
.sidebar .widget h2{font-size:16px;line-height:1.5em;margin:0 0 10px}
.sidebar .widget{border-bottom:1px solid #E0E0E0;margin:1em 0;padding:10px 0}
#footer{width:100%;color:#3F3F3F}
.footer{float:left;width:25%}
.footer h2{color:#ddd;font-size:19px;font-weight:400;margin-bottom:12px;text-transform:none}
.footer .widget{clear:both;font-size:16px;line-height:26px;margin:15px 25px 25px}
.footer ul{list-style:none;margin:0;padding:0}
.footer li{text-transform:capitalize;margin:0 0 0 15px;padding:0 0 5px}
.footer-credits{font-size:80%;overflow:hidden;border-top:5px solid #272727;padding:40px 0}
.footer-credits .attribution{float:right}
.footer-credits .attribution a{font-style:italic}

/*****************************************
Responsive styles
******************************************/

@media screen and (max-width: 1024px) {
#header, .header-right { float: none; text-align: center; width: 100%; }
.header-right .widget-content { margin: 0; }
.header-wrapper:after{display:none;}
}
@media screen and (max-width: 960px) {
.ct-wrapper{    padding:0 15px;  }
.header-wrapper{margin-top:2em}
#header-navigation{display:none}
.main-wrapper, .opt-in .opt-in-wrap{    margin-right:0;    width:100%;  }
.sidebar-wrapper{ background:transparent;box-shadow:0;border:0;clear:both; float: none; max-width:100%;width: auto;  margin-left: 20px;  padding:10px;}
.sidebar .widget{
clear:none;
float:left;
width:47%;
margin:0 2% 2% 0}

}

@media screen and (max-width: 768px){
#header p.description { margin: 0; }
#comment-editor { margin:10px; }
.footer {
width: 100%;
clear: both;
}
}
@media screen and (max-width: 620px){
#header img { width:100%; }
.opt-in .inner .ct-wrapper {  padding: 0 10px; }
.post-title{font-size:1.2rem!important}
.rdmre{display:none}
.sidebar-wrapper {
float:none;
clear: both;
width: auto;
padding: 10px;
margin:0;
}
.sidebar .widget {
clear:both;
float:none;
width:100%;
}
.post-body{margin-top:4.5em}
}

@media screen and (max-width: 420px){
#header h1{font-size:3rem!important}
.comments .comments-content .datetime{    display:block;    float:none;    }
.comments .comments-content .comment-header {    height:70px;    }
.thumb{
clear:both;
float:none;
}
.post-labels {
display:none
}
}

@media screen and (max-width: 320px){
.footer { width: 100%; }
.ct-wrapper{ padding:0; }
.post-body img{  max-width: 100%; }
.comments .comments-content .comment-replies {    margin-left: 0;    }
}
/*****************************************
Hiding Header Date and Feed Links
******************************************/
h2.date-header,span.blog-admin{display:none!important;}

]]></b:skin>
<b:if cond='data:blog.pageType == &quot;item&quot;'>
<style type='text/css'>
  .ct-wrapper{
max-width:1060px} 
</style>
</b:if>
<b:if cond='data:blog.pageType != &quot;item&quot;'>
<style type='text/css'>
.outer-wrapper{background:transparent;margin:auto 0;padding:0}
.sidebar-wrapper{display:none;width:0;min-height:0}
#content{width:100%;padding:0}
.post{width:33.15%;float:left;height:auto;margin:-5px 0 0;padding:0}
h2.entry-title{position:relative;line-height:normal;font-family:&quot;font-weight:700;border-top:3px solid #272727;margin:0 15px;padding:10% 0 1%}
</style>
</b:if>
<b:if cond='data:blog.pageType == &quot;static_page&quot;'>
<style>
.main-wrapper{width:auto;margin:0}
.sidebar-wrapper{display:none}
.post-title:before,.post-title{display:none;padding:0 0 .2em}
  </style>
</b:if>

<b:if cond='data:blog.url != data:blog.homepageUrl'>
<!--[if !IE]><!-->
<style type='text/css'>
.post-body img{ max-width:100%; }
</style>
 <!--<![endif]-->
</b:if>

<script src='http://ajax.googleapis.com/ajax/libs/jquery/1.7.1/jquery.min.js' type='text/javascript'/>

<script type='text/javascript'>//<![CDATA[
// Header Splitter
eval(function(p,a,c,k,e,d){e=function(c){return c.toString(36)};if(!''.replace(/^/,String)){while(c--){d[c.toString(a)]=k[c]||c.toString(a)}k=[function(e){return d[e]}];e=function(){return'\\w+'};c=1};while(c--){if(k[c]){p=p.replace(new RegExp('\\b'+e(c)+'\\b','g'),k[c])}}return p}('$(b).d(4(){$(\'#9 f a\').7(4(){2 c=0;2 1=$(5).1().8(\' \');e(2 i=0,3=1.g;i<3;i++){1[i]=\'<6 j="a\'+(++c)+\'">\'+1[i]+\'</6>\'}$(5).h(1.k(\' \'))})})',21,21,'|text|var|len|function|this|span|each|split|header||window||load|for|h1|length|html||id|join'.split('|'),0,{}))
eval(function(p,a,c,k,e,d){e=function(c){return(c<a?'':e(parseInt(c/a)))+((c=c%a)>35?String.fromCharCode(c+29):c.toString(36))};if(!''.replace(/^/,String)){while(c--){d[e(c)]=k[c]||e(c)}k=[function(e){return d[e]}];e=function(){return'\\w+'};c=1};while(c--){if(k[c]){p=p.replace(new RegExp('\\b'+e(c)+'\\b','g'),k[c])}}return p}('q w(s,n){D s.F(/<.*?>/C,"").P(/\\s+/).O(0,n-1).G(" ")}q H(a){r p=L.J(a);b="";o="";4="";d=-1;6=p.z("6");k=p.z("f");K(r i=0;i<k.t;i++){4=k[i].8;9(4.g("//N.M.h/j")!=-1){d=i;E}c 9(4.g("//u.B.h/A/")!=-1){d=i}c(4.g("//u.I.h/A/j/"))}9(d!=-1)o=\'<2 5="7-j"><f l="e%" R="10" 8="\'+4+\'?Z=12&Q=0" 11="0" 14></f></2>\';c 9(6.t>=1)b=\'<2 5="7-m"><a 13="\'+y+\'"><6 5="X" 8="\'+6[0].8+\'" x="S-l:e%;l:e%;" /></a></2>\';c b=\'<2 5="7-m T-m"></2>\';p.v=o+b+\'<2 5="7-U" x="W: 3% 0 1%;"><2 5="7-V"><p>\'+w(p.v,Y)+\'...</p></2></2>\'}',62,67,'||div||ifrsrc|class|img|entry|src|if||imgtag|else|ifrtb|100|iframe|indexOf|com||video|ifr|width|image||ifrtag||function|var||length|www|innerHTML|stripTags|style||getElementsByTagName|embed|youtube|ig|return|break|replace|join|rm|dailymotion|getElementById|for|document|vimeo|player|slice|split|rel|height|max|no|container|content|padding|thumb|30|vq|200px|frameborder|medium|href|allowfullscreen'.split('|'),0,{}))
//]]></script>


</head>
<!--<body>-->
<body>
<div class='ct-wrapper'>
       <div class='header-wrapper'>
        <div class='ct-wrapper'>
        <div class='header-inner-wrap'>
                <b:section class='header' id='header' maxwidgets='1' showaddelement='yes'>
                  <b:widget id='Header1' locked='true' title='dark white (Header)' type='Header'>
                    <b:includable id='main'>
  <b:if cond='data:useImage'>
    <b:if cond='data:imagePlacement == &quot;BEHIND&quot;'>
      <!--
      Show image as background to text. You can't really calculate the width
      reliably in JS because margins are not taken into account by any of
      clientWidth, offsetWidth or scrollWidth, so we don't force a minimum
      width if the user is using shrink to fit.
      This results in a margin-width's worth of pixels being cropped. If the
      user is not using shrink to fit then we expand the header.
      -->
      <b:if cond='data:mobile'>
          <div id='header-inner'>
            <div class='titlewrapper' style='background: transparent'>
              <h1 class='title' style='background: transparent; border-width: 0px'>
                <b:include name='title'/>
              </h1>
            </div>
            <b:include name='description'/>
          </div>
        <b:else/>
          <div expr:style='&quot;background-image: url(\&quot;&quot; + data:sourceUrl + &quot;\&quot;); &quot;                        + &quot;background-position: &quot;                        + data:backgroundPositionStyleStr + &quot;; &quot;                        + data:widthStyleStr                        + &quot;min-height: &quot; + data:height                        + &quot;_height: &quot; + data:height                        + &quot;background-repeat: no-repeat; &quot;' id='header-inner'>
            <div class='titlewrapper' style='background: transparent'>
              <h1 class='title' style='background: transparent; border-width: 0px'>
                <b:include name='title'/>
              </h1>
            </div>
            <b:include name='description'/>
          </div>
        </b:if>
    <b:else/>
      <!--Show the image only-->
      <div id='header-inner'>
        <a expr:href='data:blog.homepageUrl' style='display: block'>
          <img expr:alt='data:title' expr:id='data:widget.instanceId + &quot;_headerimg&quot;' expr:src='data:sourceUrl' style='display: block'/>
        </a>
        <!--Show the description-->
        <b:if cond='data:imagePlacement == &quot;BEFORE_DESCRIPTION&quot;'>
          <b:include name='description'/>
        </b:if>
      </div>
    </b:if>
  <b:else/>
    <!--No header image -->
    <div id='header-inner'>
      <div class='titlewrapper'>
        <h1 class='title'>
          <b:include name='title'/>
        </h1>
      </div>
      <b:include name='description'/>
    </div>
  </b:if>
</b:includable>
                    <b:includable id='description'>
  <div class='descriptionwrapper'>
    <p class='description'><span><data:description/></span></p>
  </div>
</b:includable>
                    <b:includable id='title'>
    <a expr:href='data:blog.homepageUrl'><data:title/></a>
</b:includable>
                  </b:widget>
                </b:section>
        </div><!-- /header-inner-wrap -->

<nav class='default site-navigation' id='site-navigation' role='navigation'>
<div class='menu-main-container'>
<ul class='menu' id='menu-main'>
<li><a expr:href='data:blog.homepageUrl'>Home</a></li>
<li><a href='#'>Portfolio</a>
<ul class='sub-menu'>
<li><a href='#'>Filtered</a>

<ul class='sub-menu'>
<li><a href='#'>Two Columns</a></li>
<li><a href='#'>Three Columns</a></li>
<li><a href='#'>Four Columns</a></li>
</ul>
</li>
<li><a href='#'>Filtered and Cropped</a>
	
<ul class='sub-menu'>
<li><a href='#'>Two Columns</a></li>
<li><a href='#'>Three Columns</a></li>
<li><a href='#'>Four Columns</a></li>
</ul>
</li>
<li><a href='#'>Default</a>

<ul class='sub-menu'>
<li><a href='#'>Two Columns</a></li>
<li><a href='#'>Three Columns</a></li>
<li><a href='#'>Four Columns</a></li>	</ul>
</li>
<li><a href='#'>Default and Cropped</a>

<ul class='sub-menu'>
<li><a href='#'>Two Columns</a></li>
<li><a href='#'>Three Columns</a></li>
<li><a href='#'>Four Columns</a></li>
</ul>
</li>
</ul>
</li>

<li><a href='#'>Features</a>
<ul class='sub-menu'>
	<li><a href='#'>Standard Blog Layout</a></li>
	<li><a href='#'>Post with Comments</a></li>
	<li><a href='#'>Page: Right Sidebar</a></li>
</ul>
</li>
<li><a href='#'>Shortcodes</a></li>
  <li><a href='http://www.trackmyblog.com'>Archive</a></li>
  <li><a href='http://www.tepmlatetrackers.com/p/contact-us.html'>Contact</a></li>
</ul></div>        
</nav><!-- Navigation Menu Ends Here -->
</div>
 </div> <!-- header wrapper ends here -->
<div class='clr'/>

<!-- Page Header -->
<header class='wrapper' id='page-header'>
<h1 id='page-title'>
Namaste Folks        
</h1>
<!-- Add Your Quote Here -->
<div id='page-description'>
<!-- Your Quote Here -->
This is another great creation from Template Trackers<br/>
You write any description here in this section or write any welcome note.          
</div>
</header>
<div class='clr'/>
 
        <div class='ct-wrapper'>
           <div class='outer-wrapper'>
                      <div class='main-wrapper'>
                    <b:section class='content' id='content' showaddelement='no'>
                      <b:widget id='Blog1' locked='true' title='Blog Posts' type='Blog'>
                        <b:includable id='main' var='top'>
  <b:if cond='data:mobile == &quot;false&quot;'>

    <!-- posts -->
    <div class='blog-posts hfeed'>

      <b:include data='top' name='status-message'/>

      <data:defaultAdStart/>
      <b:loop values='data:posts' var='post'>
        <b:include data='post' name='post'/>
        <b:if cond='data:blog.pageType == &quot;static_page&quot;'>
          <b:include data='post' name='comment_picker'/>
        </b:if>
        <b:if cond='data:blog.pageType == &quot;item&quot;'>
          <b:include data='post' name='comment_picker'/>
        </b:if>
     
        <b:if cond='data:post.includeAd'>
          <b:if cond='data:post.isFirstPost'>
            <data:defaultAdEnd/>
          <b:else/>
            <data:adEnd/>
          </b:if>
          <div class='inline-ad'>
            <data:adCode/>
          </div>
          <data:adStart/>
        </b:if>
      </b:loop>
      <b:if cond='data:numPosts != 0'>
      </b:if>
      <data:adEnd/>
    </div>

    <!-- navigation -->
    <b:include name='nextprev'/>


    <b:if cond='data:top.showStars'>
      <script src='//www.google.com/jsapi' type='text/javascript'/>
      <script type='text/javascript'>
        google.load(&quot;annotations&quot;, &quot;1&quot;, {&quot;locale&quot;: &quot;<data:top.languageCode/>&quot;});
        function initialize() {
          google.annotations.setApplicationId(<data:top.blogspotReviews/>);
          google.annotations.createAll();
          google.annotations.fetch();
        }
        google.setOnLoadCallback(initialize);
      </script>
    </b:if>

  <b:else/>
    <b:include name='mobile-main'/>
  </b:if>

  <b:if cond='data:top.showDummy'>
    <data:top.dummyBootstrap/>
  </b:if>

</b:includable>
                        <b:includable id='backlinkDeleteIcon' var='backlink'>
  <span expr:class='&quot;item-control &quot; + data:backlink.adminClass'>
    <a expr:href='data:backlink.deleteUrl' expr:title='data:top.deleteBacklinkMsg'>
      <img src='//www.blogger.com/img/icon_delete13.gif'/>
    </a>
  </span>
</b:includable>
                        <b:includable id='backlinks' var='post'>
  <a name='links'/><h4><data:post.backlinksLabel/></h4>
  <b:if cond='data:post.numBacklinks != 0'>
    <dl class='comments-block' id='comments-block'>
      <b:loop values='data:post.backlinks' var='backlink'>
        <div class='collapsed-backlink backlink-control'>
          <dt class='comment-title'>
            <span class='backlink-toggle-zippy'>&#160;</span>
            <a expr:href='data:backlink.url' rel='nofollow'><data:backlink.title/></a>
            <b:include data='backlink' name='backlinkDeleteIcon'/>
          </dt>
          <dd class='comment-body collapseable'>
            <data:backlink.snippet/>
          </dd>
          <dd class='comment-footer collapseable'>
            <span class='comment-author'><data:post.authorLabel/> <data:backlink.author/></span>
            <span class='comment-timestamp'><data:post.timestampLabel/> <data:backlink.timestamp/></span>
          </dd>
        </div>
      </b:loop>
    </dl>
  </b:if>
  <p class='comment-footer'>
    <a class='comment-link' expr:href='data:post.createLinkUrl' expr:id='data:widget.instanceId + &quot;_backlinks-create-link&quot;' target='_blank'><data:post.createLinkLabel/></a>
  </p>
</b:includable>
                        <b:includable id='comment-form' var='post'>
  <div class='comment-form'>
    <a name='comment-form'/>
    <b:if cond='data:mobile'>
      <h4 id='comment-post-message'>
        <a expr:id='data:widget.instanceId + &quot;_comment-editor-toggle-link&quot;' href='javascript:void(0)'><data:postCommentMsg/></a></h4>
      <p><data:blogCommentMessage/></p>
      <data:blogTeamBlogMessage/>
      <a expr:href='data:post.commentFormIframeSrc' id='comment-editor-src'/>
      <iframe allowtransparency='true' class='blogger-iframe-colorize blogger-comment-from-post' frameborder='0' height='410' id='comment-editor' name='comment-editor' src='' style='display: none' width='100%'/>
    <b:else/>
      <h4 id='comment-post-message'><data:postCommentMsg/></h4>
      <p><data:blogCommentMessage/></p>
      <data:blogTeamBlogMessage/>
      <a expr:href='data:post.commentFormIframeSrc' id='comment-editor-src'/>
      <iframe allowtransparency='true' class='blogger-iframe-colorize blogger-comment-from-post' frameborder='0' height='410' id='comment-editor' name='comment-editor' src='' width='100%'/>
    </b:if>
    <data:post.friendConnectJs/>
    <data:post.cmtfpIframe/>
    <script type='text/javascript'>
      BLOG_CMT_createIframe(&#39;<data:post.appRpcRelayPath/>&#39;, &#39;<data:post.communityId/>&#39;);
    </script>
  </div>
</b:includable>
                        <b:includable id='commentDeleteIcon' var='comment'>
  <span expr:class='&quot;item-control &quot; + data:comment.adminClass'>
    <b:if cond='data:showCmtPopup'>
      <div class='goog-toggle-button'>
        <div class='goog-inline-block comment-action-icon'/>
      </div>
    <b:else/>
      <a class='comment-delete' expr:href='data:comment.deleteUrl' expr:title='data:top.deleteCommentMsg'>
        <img src='//www.blogger.com/img/icon_delete13.gif'/>
      </a>
    </b:if>
  </span>
</b:includable>
                        <b:includable id='comment_count_picker' var='post'>
  <b:if cond='data:post.commentSource == 1'>
    <span class='cmt_count_iframe_holder' expr:data-count='data:post.numComments' expr:data-onclick='data:post.addCommentOnclick' expr:data-post-url='data:post.url' expr:data-url='data:post.canonicalUrl'>
    </span>
  <b:else/>
    <a class='comment-link' expr:href='data:post.addCommentUrl' expr:onclick='data:post.addCommentOnclick'>
      <data:post.commentLabelFull/>:
    </a>
  </b:if>
</b:includable>
                        <b:includable id='comment_picker' var='post'>
  <b:if cond='data:post.commentSource == 1'>
    <b:include data='post' name='iframe_comments'/>
  <b:else/>
    <b:if cond='data:post.showThreadedComments'>
      <b:include data='post' name='threaded_comments'/>
    <b:else/>
      <b:include data='post' name='comments'/>
    </b:if>
  </b:if>
</b:includable>
                        <b:includable id='comments' var='post'>
  <div class='comments' id='comments'>
    <b:if cond='data:post.allowComments'>
      <h4>
        <b:if cond='data:post.numComments == 1'>
          1 <data:commentLabel/>:
        <b:else/>
          <data:post.numComments/> <data:commentLabelPlural/>:
        </b:if> 
    
      </h4>

      <b:if cond='data:post.commentPagingRequired'>
        <span class='paging-control-container'>
          <a expr:class='data:post.oldLinkClass' expr:href='data:post.oldestLinkUrl'><data:post.oldestLinkText/></a>
          &#160;
          <a expr:class='data:post.oldLinkClass' expr:href='data:post.olderLinkUrl'><data:post.olderLinkText/></a>
          &#160;
          <data:post.commentRangeText/>
          &#160;
          <a expr:class='data:post.newLinkClass' expr:href='data:post.newerLinkUrl'><data:post.newerLinkText/></a>
          &#160;
          <a expr:class='data:post.newLinkClass' expr:href='data:post.newestLinkUrl'><data:post.newestLinkText/></a>
        </span>
      </b:if>

      <div expr:id='data:widget.instanceId + &quot;_comments-block-wrapper&quot;'>
        <dl expr:class='data:post.avatarIndentClass' id='comments-block'>
          <b:loop values='data:post.comments' var='comment'>
            <dt expr:class='&quot;comment-author &quot; + data:comment.authorClass' expr:id='data:comment.anchorName'>
              <b:if cond='data:comment.favicon'>
                <img expr:src='data:comment.favicon' height='16px' style='margin-bottom:-2px;' width='16px'/>
 				<b:else/>
                <img src='http://1.bp.blogspot.com/-f4DhIdAP2-U/UqBom0sGmfI/AAAAAAAADrA/tB-ulx0Ux1c/s70/trackers+logo.png'/>
              </b:if>
              <a expr:name='data:comment.anchorName'/>
              <b:if cond='data:blog.enabledCommentProfileImages'>
                <data:comment.authorAvatarImage/>
              </b:if>
              <b:if cond='data:comment.authorUrl'>
                <a expr:href='data:comment.authorUrl' rel='nofollow'><data:comment.author/></a>
              <b:else/>
                <data:comment.author/>
              </b:if>
              <data:commentPostedByMsg/>
            </dt>
            <dd class='comment-body' expr:id='data:widget.instanceId + data:comment.cmtBodyIdPostfix'>
              <b:if cond='data:comment.isDeleted'>
                <span class='deleted-comment'><data:comment.body/></span>
              <b:else/>
                <p>
                  <data:comment.body/>
                </p>
              </b:if>
            </dd>
            <dd class='comment-footer'>
              <span class='comment-timestamp'>
                <a expr:href='data:comment.url' title='comment permalink'>
                  <data:comment.timestamp/>
                </a>
                <b:include data='comment' name='commentDeleteIcon'/>
              </span>
            </dd>
          </b:loop>
        </dl>
      </div>

      <b:if cond='data:post.commentPagingRequired'>
        <span class='paging-control-container'>
          <a expr:class='data:post.oldLinkClass' expr:href='data:post.oldestLinkUrl'>
            <data:post.oldestLinkText/>
          </a>
          <a expr:class='data:post.oldLinkClass' expr:href='data:post.olderLinkUrl'>
            <data:post.olderLinkText/>
          </a>
          &#160;
          <data:post.commentRangeText/>
          &#160;
          <a expr:class='data:post.newLinkClass' expr:href='data:post.newerLinkUrl'>
            <data:post.newerLinkText/>
          </a>
          <a expr:class='data:post.newLinkClass' expr:href='data:post.newestLinkUrl'>
            <data:post.newestLinkText/>
          </a>
        </span>
      </b:if>

      <p class='comment-footer'>
        <b:if cond='data:post.embedCommentForm'>
          <b:if cond='data:post.allowNewComments'>
            <b:include data='post' name='comment-form'/>
          <b:else/>
            <data:post.noNewCommentsText/>
          </b:if>
        <b:else/>
          <b:if cond='data:post.allowComments'>
            <a expr:href='data:post.addCommentUrl' expr:onclick='data:post.addCommentOnclick'><data:postCommentMsg/></a>
          </b:if>
        </b:if>

      </p>
    </b:if>
    <b:if cond='data:showCmtPopup'>
      <div id='comment-popup'>
        <iframe allowtransparency='true' frameborder='0' id='comment-actions' name='comment-actions' scrolling='no'>
        </iframe>
      </div>
    </b:if>

    <div id='backlinks-container'>
    <div expr:id='data:widget.instanceId + &quot;_backlinks-container&quot;'>
       <b:if cond='data:post.showBacklinks'>
         <b:include data='post' name='backlinks'/>
       </b:if>
    </div>
    </div>
  </div>
</b:includable>
                        <b:includable id='feedLinks'>
  <b:if cond='data:blog.pageType != &quot;item&quot;'> <!-- Blog feed links -->
    <b:if cond='data:feedLinks'>
      <div class='blog-feeds'>
        <b:include data='feedLinks' name='feedLinksBody'/>
      </div>
    </b:if>

    <b:else/> <!--Post feed links -->
    <div class='post-feeds'>
      <b:loop values='data:posts' var='post'>
        <b:if cond='data:post.allowComments'>
          <b:if cond='data:post.feedLinks'>
            <b:include data='post.feedLinks' name='feedLinksBody'/>
          </b:if>
        </b:if>
      </b:loop>
    </div>
  </b:if>
</b:includable>
                        <b:includable id='feedLinksBody' var='links'>
  <div class='feed-links'>
  <data:feedLinksMsg/>
  <b:loop values='data:links' var='f'>
     <a class='feed-link' expr:href='data:f.url' expr:type='data:f.mimeType' target='_blank'><data:f.name/> (<data:f.feedType/>)</a>
  </b:loop>
  </div>
</b:includable>
                        <b:includable id='iframe_comments' var='post'>

  <b:if cond='data:post.allowIframeComments'>
    <script expr:src='data:post.iframeCommentSrc' type='text/javascript'/>
    <div class='cmt_iframe_holder' expr:data-href='data:post.canonicalUrl' expr:data-viewtype='data:post.viewType'/>

    <b:if cond='data:post.embedCommentForm == &quot;false&quot;'>
      <a expr:href='data:post.addCommentUrl' expr:onclick='data:post.addCommentOnclick'><data:postCommentMsg/></a>
    </b:if>
  </b:if>
</b:includable>
                        <b:includable id='mobile-index-post' var='post'>
  <div class='mobile-date-outer date-outer'>
    <b:if cond='data:post.dateHeader'>
      <div class='date-header'>
        <span><data:post.dateHeader/></span>
      </div>
    </b:if>

    <div class='mobile-post-outer'>
      <a expr:href='data:post.url'>
        <h3 class='mobile-index-title entry-title' itemprop='name'>
          <data:post.title/>
        </h3>

        <div class='mobile-index-arrow'>&amp;rsaquo;</div>

        <div class='mobile-index-contents'>
          <b:if cond='data:post.thumbnailUrl'>
            <div class='mobile-index-thumbnail'>
              <div class='Image'>
                <img expr:src='data:post.thumbnailUrl'/>
              </div>
            </div>
          </b:if>

          <div class='post-body'>
            <b:if cond='data:post.snippet'><data:post.snippet/></b:if>
          </div>
        </div>

        <div style='clear: both;'/>
      </a>

      <div class='mobile-index-comment'>
        <b:if cond='data:blog.pageType != &quot;static_page&quot;'>
          <b:if cond='data:post.allowComments'>
            <b:if cond='data:post.numComments != 0'>
              <a class='comment-link' expr:href='data:post.addCommentUrl' expr:onclick='data:post.addCommentOnclick'><b:if cond='data:post.numComments == 1'>1 <data:top.commentLabel/><b:else/><data:post.numComments/> <data:top.commentLabelPlural/></b:if></a>
            </b:if>
          </b:if>
        </b:if>
      </div>
    </div>
  </div>
</b:includable>
                        <b:includable id='mobile-main' var='top'>
    <!-- posts -->
    <div class='blog-posts hfeed'>

      <b:include data='top' name='status-message'/>

      <b:if cond='data:blog.pageType == &quot;index&quot;'>
        <b:loop values='data:posts' var='post'>
          <b:include data='post' name='mobile-index-post'/>
        </b:loop>
      <b:else/>
        <b:loop values='data:posts' var='post'>
          <b:include data='post' name='mobile-post'/>
        </b:loop>
      </b:if>
    </div>

   <b:include name='mobile-nextprev'/>
</b:includable>
                        <b:includable id='mobile-nextprev'>
  <div class='blog-pager' id='blog-pager'>
    <b:if cond='data:newerPageUrl'>
      <div class='mobile-link-button' id='blog-pager-newer-link'>
      <a class='blog-pager-newer-link' expr:href='data:newerPageUrl' expr:id='data:widget.instanceId + &quot;_blog-pager-newer-link&quot;' expr:title='data:newerPageTitle'>&amp;lsaquo;</a>
      </div>
    </b:if>

    <b:if cond='data:olderPageUrl'>
      <div class='mobile-link-button' id='blog-pager-older-link'>
      <a class='blog-pager-older-link' expr:href='data:olderPageUrl' expr:id='data:widget.instanceId + &quot;_blog-pager-older-link&quot;' expr:title='data:olderPageTitle'>&amp;rsaquo;</a>
      </div>
    </b:if>

    <div class='mobile-link-button' id='blog-pager-home-link'>
    <a class='home-link' expr:href='data:blog.homepageUrl'><data:homeMsg/></a>
    </div>

    <div class='mobile-desktop-link'>
      <a class='home-link' expr:href='data:desktopLinkUrl'><data:desktopLinkMsg/></a>
    </div>

  </div>
  <div class='clear'/>
</b:includable>
                        <b:includable id='mobile-post' var='post'>
  <div class='date-outer'>
    <b:if cond='data:post.dateHeader'>
      <h2 class='date-header'><span><data:post.dateHeader/></span></h2>
    </b:if>
    <div class='date-posts'>
      <div class='post-outer'>

        <div class='post hentry uncustomized-post-template'>
          <a expr:name='data:post.id'/>
          <b:if cond='data:post.title'>
            <h1 class='post-title entry-title'>
              <b:if cond='data:post.link'>
                <a expr:href='data:post.link'><data:post.title/></a>
              <b:else/>
                <b:if cond='data:post.url'>
                  <b:if cond='data:blog.url != data:post.url'>
                    <a expr:href='data:post.url'><data:post.title/></a>
                  <b:else/>
                    <data:post.title/>
                  </b:if>
                <b:else/>
                  <data:post.title/>
                </b:if>
              </b:if>
            </h1>
          </b:if>

          <div class='post-header'>
            <div class='post-header-line-1'/>
          </div>

          <div class='post-body entry-content' expr:id='&quot;post-body-&quot; + data:post.id'>
            <data:post.body/>
            <div style='clear: both;'/> <!-- clear for photos floats -->
          </div>

          <div class='post-footer'>
            <div class='post-footer-line post-footer-line-1'>
              <span class='post-author vcard'>
                <b:if cond='data:top.showAuthor'>
                  <b:if cond='data:post.authorProfileUrl'>
                    <span class='fn'>
                      <a expr:href='data:post.authorProfileUrl' rel='author' title='author profile'>
                        <data:post.author/>
                      </a>
                    </span>
                  <b:else/>
                    <span class='fn'><data:post.author/></span>
                  </b:if>
                </b:if>
              </span>

              <span class='post-timestamp'>
                <b:if cond='data:top.showTimestamp'>
                  <data:top.timestampLabel/>
                  <b:if cond='data:post.url'>
                    <a class='timestamp-link' expr:href='data:post.url' rel='bookmark' title='permanent link'><abbr class='published' expr:title='data:post.timestampISO8601'><data:post.timestamp/></abbr></a>
                  </b:if>
                </b:if>
              </span>

              <span class='post-comment-link'>
                <b:if cond='data:blog.pageType != &quot;item&quot;'>
                  <b:if cond='data:blog.pageType != &quot;static_page&quot;'>
                    <b:if cond='data:post.allowComments'>
                      <a class='comment-link' expr:href='data:post.addCommentUrl' expr:onclick='data:post.addCommentOnclick'><b:if cond='data:post.numComments == 1'>1 <data:top.commentLabel/><b:else/><data:post.numComments/> <data:top.commentLabelPlural/></b:if></a>
                    </b:if>
                  </b:if>
                </b:if>
              </span>
            </div>

            <div class='post-footer-line post-footer-line-2'>
              <b:if cond='data:top.showMobileShare'>
                <div class='mobile-link-button goog-inline-block' id='mobile-share-button'>
                  <a href='javascript:void(0);'><data:shareMsg/></a>
                </div>
              </b:if>
              <b:if cond='data:top.showDummy'>
                <div class='goog-inline-block dummy-container'><data:post.dummyTag/></div>
              </b:if>
            </div>

          </div>
        </div>
        <b:if cond='data:blog.pageType == &quot;static_page&quot;'>
          <b:include data='post' name='comment_picker'/>
        </b:if>
        <b:if cond='data:blog.pageType == &quot;item&quot;'>
          <b:include data='post' name='comment_picker'/>
        </b:if>
      </div>
    </div>
  </div>
</b:includable>
                        <b:includable id='nextprev'>
  <div class='blog-pager' id='blog-pager'>
    <b:if cond='data:newerPageUrl'>
      <span id='blog-pager-newer-link'>
      <a class='blog-pager-newer-link' expr:href='data:newerPageUrl' expr:id='data:widget.instanceId + &quot;_blog-pager-newer-link&quot;' expr:title='data:newerPageTitle'><data:newerPageTitle/></a>
      </span>
    </b:if>

    <b:if cond='data:olderPageUrl'>
      <span id='blog-pager-older-link'>
      <a class='blog-pager-older-link' expr:href='data:olderPageUrl' expr:id='data:widget.instanceId + &quot;_blog-pager-older-link&quot;' expr:title='data:olderPageTitle'><data:olderPageTitle/></a>
      </span>
    </b:if>

    <a class='home-link' expr:href='data:blog.homepageUrl'><data:homeMsg/></a>

    <b:if cond='data:mobileLinkUrl'>
      <div class='blog-mobile-link'>
        <a expr:href='data:mobileLinkUrl'><data:mobileLinkMsg/></a>
      </div>
    </b:if>

  </div>
  <div class='clear'/>
</b:includable>
                        <b:includable id='post' var='post'>
  <div class='post hentry'>
<b:if cond='data:blog.pageType == &quot;item&quot;'>
<b:if cond='data:post.title'>
<h1 class='post-title entry-title'>
<b:if cond='data:post.link'>       
<a expr:href='data:post.link'><data:post.title/></a>    
<b:else/>
<b:if cond='data:post.url'>
<b:if cond='data:blog.url != data:post.url'>
<a expr:href='data:post.url'><data:post.title/></a>
<b:else/>
<data:post.title/>
</b:if>
<b:else/>
<data:post.title/>
</b:if>
</b:if>
</h1>
</b:if>
<b:else/>
<h2 class='entry-title'>     
<b:if cond='data:post.url'>
<b:if cond='data:blog.url != data:post.url'>
<a expr:href='data:post.url'><data:post.title/></a>
<b:else/>
<data:post.title/>
</b:if>
<b:else/>
<data:post.title/>
</b:if>
</h2>
</b:if>

 <div class='post-header'>
<span class='post-timestamp'>
<b:if cond='data:top.showTimestamp'>
<b:if cond='data:post.url'>
<a expr:href='data:post.url'>
<data:post.timestamp/>
</a>
</b:if>
</b:if>
</span> . 
<span class='post-author vcard'>
<b:if cond='data:top.showAuthor'>
  <span class='fn'><a expr:href='data:post.authorProfileUrl' rel='author'><data:post.author/></a> </span>
</b:if>
      </span> .  
<span class='post-label'>
<b:if cond='data:post.labels'>
<b:loop values='data:post.labels' var='label'>
<a expr:href='data:label.url' rel='tag'><data:label.name/></a><b:if cond='data:label.isLast != &quot;true&quot;'>,</b:if>
</b:loop>
</b:if>
</span>
</div>


<div class='post-body entry-content' expr:id='&quot;post-body-&quot; + data:post.id'>
<b:if cond='data:blog.pageType == &quot;item&quot;'>
<data:post.body/>
<b:else/>
<b:if cond='data:blog.pageType == &quot;static_page&quot;'>
<data:post.body/>
<b:else/>
<div class='body-post'>
<b:if cond='data:blog.pageType == &quot;index&quot;'>
<span expr:id='&quot;p&quot; + data:post.id'><data:post.body/></span>
<script type='text/javascript'>var x=&quot;<data:post.title/>&quot;,y=&quot;<data:post.url/>&quot;,t=&quot;<data:post.timestamp/>&quot;,u=&quot;<data:post.numComments/>&quot;;rm(&quot;p<data:post.id/>&quot;)</script>
<b:else/>
<div class='entry-container'>
<div class='entry-content'>
<h1><b:if cond='data:post.link'>
<a expr:href='data:post.link' expr:title='data:post.title'>
<data:post.title/>
</a>
<b:else/>
<data:post.title/>
</b:if>
</h1>
<data:post.body/>
</div>
</div>
</b:if>
</div>
</b:if>
</b:if>
      <div style='clear: both;'/> <!-- clear for photos floats -->
    </div>

    <div class='post-footer'>
    <div class='post-footer-line post-footer-line-1'>
<b:if cond='data:blog.pageType == &quot;item&quot;'>
</b:if>
</div>

      <div class='post-footer-line post-footer-line-2'>

 </div>

      <div class='post-footer-line post-footer-line-3'><span class='post-location'>
        <b:if cond='data:top.showLocation'>
          <b:if cond='data:post.location'>
            <data:postLocationLabel/>
            <a expr:href='data:post.location.mapsUrl' target='_blank'><data:post.location.name/></a>
          </b:if>
        </b:if>
      </span> </div>
    </div>
  </div>
</b:includable>
                        <b:includable id='postQuickEdit' var='post'>
  <b:if cond='data:post.editUrl'>
    <span expr:class='&quot;item-control &quot; + data:post.adminClass'>
      <a expr:href='data:post.editUrl' expr:title='data:top.editPostMsg'>
        <img alt='' class='icon-action' height='18' src='http://img2.blogblog.com/img/icon18_edit_allbkg.gif' width='18'/>
      </a>
    </span>
  </b:if>
</b:includable>
                        <b:includable id='shareButtons' var='post'>
  <b:if cond='data:top.showEmailButton'><a class='goog-inline-block share-button sb-email' expr:href='data:post.sharePostUrl + &quot;&amp;target=email&quot;' expr:title='data:top.emailThisMsg' target='_blank'><span class='share-button-link-text'><data:top.emailThisMsg/></span></a></b:if><b:if cond='data:top.showBlogThisButton'><a class='goog-inline-block share-button sb-blog' expr:href='data:post.sharePostUrl + &quot;&amp;target=blog&quot;' expr:onclick='&quot;window.open(this.href, \&quot;_blank\&quot;, \&quot;height=270,width=475\&quot;); return false;&quot;' expr:title='data:top.blogThisMsg' target='_blank'><span class='share-button-link-text'><data:top.blogThisMsg/></span></a></b:if><b:if cond='data:top.showTwitterButton'><a class='goog-inline-block share-button sb-twitter' expr:href='data:post.sharePostUrl + &quot;&amp;target=twitter&quot;' expr:title='data:top.shareToTwitterMsg' target='_blank'><span class='share-button-link-text'><data:top.shareToTwitterMsg/></span></a></b:if><b:if cond='data:top.showFacebookButton'><a class='goog-inline-block share-button sb-facebook' expr:href='data:post.sharePostUrl + &quot;&amp;target=facebook&quot;' expr:onclick='&quot;window.open(this.href, \&quot;_blank\&quot;, \&quot;height=430,width=640\&quot;); return false;&quot;' expr:title='data:top.shareToFacebookMsg' target='_blank'><span class='share-button-link-text'><data:top.shareToFacebookMsg/></span></a></b:if><b:if cond='data:top.showOrkutButton'><a class='goog-inline-block share-button sb-orkut' expr:href='data:post.sharePostUrl + &quot;&amp;target=orkut&quot;' expr:title='data:top.shareToOrkutMsg' target='_blank'><span class='share-button-link-text'><data:top.shareToOrkutMsg/></span></a></b:if><b:if cond='data:top.showDummy'><div class='goog-inline-block dummy-container'><data:post.dummyTag/></div></b:if>
</b:includable>
                        <b:includable id='status-message'>
  <b:if cond='data:navMessage'>
  <div class='status-msg-wrap'>
    <div class='status-msg-body'>
      <data:navMessage/>
    </div>
    <div class='status-msg-border'>
      <div class='status-msg-bg'>
        <div class='status-msg-hidden'><data:navMessage/></div>
      </div>
    </div>
  </div>
  <div style='clear: both;'/>
  </b:if>
</b:includable>
                        <b:includable id='threaded-comment-form' var='post'>
  <div class='comment-form'>
    <a name='comment-form'/>
    <b:if cond='data:mobile'>
      <p><data:blogCommentMessage/></p>
      <data:blogTeamBlogMessage/>
      <a expr:href='data:post.commentFormIframeSrc' id='comment-editor-src'/>
      <iframe allowtransparency='true' class='blogger-iframe-colorize blogger-comment-from-post' frameborder='0' height='410' id='comment-editor' name='comment-editor' src='' style='display: none' width='100%'/>
    <b:else/>
      <p><data:blogCommentMessage/></p>
      <data:blogTeamBlogMessage/>
      <a expr:href='data:post.commentFormIframeSrc' id='comment-editor-src'/>
      <iframe allowtransparency='true' class='blogger-iframe-colorize blogger-comment-from-post' frameborder='0' height='410' id='comment-editor' name='comment-editor' src='' width='100%'/>
    </b:if>
    <data:post.friendConnectJs/>
    <data:post.cmtfpIframe/>
    <script type='text/javascript'>
      BLOG_CMT_createIframe(&#39;<data:post.appRpcRelayPath/>&#39;, &#39;<data:post.communityId/>&#39;);
    </script>
  </div>
</b:includable>
                        <b:includable id='threaded_comment_css'>
  <style>

  </style>
</b:includable>
                        <b:includable id='threaded_comment_js' var='post'>
  <script async='async' expr:src='data:post.commentSrc' type='text/javascript'/>

  <script type='text/javascript'>
    (function() {
      var items = <data:post.commentJso/>;
      var msgs = <data:post.commentMsgs/>;
      var config = <data:post.commentConfig/>;

// <![CDATA[
      var cursor = null;
      if (items && items.length > 0) {
        cursor = parseInt(items[items.length - 1].timestamp) + 1;
      }

      var bodyFromEntry = function(entry) {
        if (entry.gd$extendedProperty) {
          for (var k in entry.gd$extendedProperty) {
            if (entry.gd$extendedProperty[k].name == 'blogger.contentRemoved') {
              return '<span class="deleted-comment">' + entry.content.$t + '</span>';
            }
          }
        }
        return entry.content.$t;
      }

      var parse = function(data) {
        cursor = null;
        var comments = [];
        if (data && data.feed && data.feed.entry) {
          for (var i = 0, entry; entry = data.feed.entry[i]; i++) {
            var comment = {};
            // comment ID, parsed out of the original id format
            var id = /blog-(\d+).post-(\d+)/.exec(entry.id.$t);
            comment.id = id ? id[2] : null;
            comment.body = bodyFromEntry(entry);
            comment.timestamp = Date.parse(entry.published.$t) + '';
            if (entry.author && entry.author.constructor === Array) {
              var auth = entry.author[0];
              if (auth) {
                comment.author = {
                  name: (auth.name ? auth.name.$t : undefined),
                  profileUrl: (auth.uri ? auth.uri.$t : undefined),
                  avatarUrl: (auth.gd$image ? auth.gd$image.src : undefined)
                };
              }
            }
            if (entry.link) {
              if (entry.link[2]) {
                comment.link = comment.permalink = entry.link[2].href;
              }
              if (entry.link[3]) {
                var pid = /.*comments\/default\/(\d+)\?.*/.exec(entry.link[3].href);
                if (pid && pid[1]) {
                  comment.parentId = pid[1];
                }
              }
            }
            comment.deleteclass = 'item-control blog-admin';
            if (entry.gd$extendedProperty) {
              for (var k in entry.gd$extendedProperty) {
                if (entry.gd$extendedProperty[k].name == 'blogger.itemClass') {
                  comment.deleteclass += ' ' + entry.gd$extendedProperty[k].value;
                } else if (entry.gd$extendedProperty[k].name == 'blogger.displayTime') {
                  comment.displayTime = entry.gd$extendedProperty[k].value;
                }
              }
            }
            comments.push(comment);
          }
        }
        return comments;
      };

      var paginator = function(callback) {
        if (hasMore()) {
          var url = config.feed + '?alt=json&v=2&orderby=published&reverse=false&max-results=50';
          if (cursor) {
            url += '&published-min=' + new Date(cursor).toISOString();
          }
          window.bloggercomments = function(data) {
            var parsed = parse(data);
            cursor = parsed.length < 50 ? null
                : parseInt(parsed[parsed.length - 1].timestamp) + 1
            callback(parsed);
            window.bloggercomments = null;
          }
          url += '&callback=bloggercomments';
          var script = document.createElement('script');
          script.type = 'text/javascript';
          script.src = url;
          document.getElementsByTagName('head')[0].appendChild(script);
        }
      };
      var hasMore = function() {
        return !!cursor;
      };
      var getMeta = function(key, comment) {
        if ('iswriter' == key) {
          var matches = !!comment.author
              && comment.author.name == config.authorName
              && comment.author.profileUrl == config.authorUrl;
          return matches ? 'true' : '';
        } else if ('deletelink' == key) {
          return config.baseUri + '/delete-comment.g?blogID='
               + config.blogId + '&postID=' + comment.id;
        } else if ('deleteclass' == key) {
          return comment.deleteclass;
        }
        return '';
      };

      var replybox = null;
      var replyUrlParts = null;
      var replyParent = undefined;

      var onReply = function(commentId, domId) {
        if (replybox == null) {
          // lazily cache replybox, and adjust to suit this style:
          replybox = document.getElementById('comment-editor');
          if (replybox != null) {
            replybox.height = '250px';
            replybox.style.display = 'block';
            replyUrlParts = replybox.src.split('#');
          }
        }
        if (replybox && (commentId !== replyParent)) {
          document.getElementById(domId).insertBefore(replybox, null);
          replybox.src = replyUrlParts[0]
              + (commentId ? '&parentID=' + commentId : '')
              + '#' + replyUrlParts[1];
          replyParent = commentId;
        }
      };

      var hash = (window.location.hash || '#').substring(1);
      var startThread, targetComment;
      if (/^comment-form_/.test(hash)) {
        startThread = hash.substring('comment-form_'.length);
      } else if (/^c[0-9]+$/.test(hash)) {
        targetComment = hash.substring(1);
      }

      // Configure commenting API:
      var configJso = {
        'maxDepth': config.maxThreadDepth
      };
      var provider = {
        'id': config.postId,
        'data': items,
        'loadNext': paginator,
        'hasMore': hasMore,
        'getMeta': getMeta,
        'onReply': onReply,
        'rendered': true,
        'initComment': targetComment,
        'initReplyThread': startThread,
        'config': configJso,
        'messages': msgs
      };

      var render = function() {
        if (window.goog && window.goog.comments) {
          var holder = document.getElementById('comment-holder');
          window.goog.comments.render(holder, provider);
        }
      };

      // render now, or queue to render when library loads:
      if (window.goog && window.goog.comments) {
        render();
      } else {
        window.goog = window.goog || {};
        window.goog.comments = window.goog.comments || {};
        window.goog.comments.loadQueue = window.goog.comments.loadQueue || [];
        window.goog.comments.loadQueue.push(render);
      }
    })();
// ]]>
  </script>
</b:includable>
                        <b:includable id='threaded_comments' var='post'>
  <div class='comments' id='comments'>
    <h4><data:post.commentLabelFull/>: <a expr:href='data:post.addCommentUrl' expr:onclick='data:post.addCommentOnclick'>Leave Your Comments</a></h4>

    <div class='comments-content'>
      <b:if cond='data:post.embedCommentForm'>
        <b:include data='post' name='threaded_comment_js'/>
      </b:if>
      <div id='comment-holder'>
         <data:post.commentHtml/>
      </div>
    </div>

    <p class='comment-footer'>
      <b:if cond='data:post.allowNewComments'>
        <b:include data='post' name='threaded-comment-form'/>
      <b:else/>
        <data:post.noNewCommentsText/>
      </b:if>
    </p>

    <b:if cond='data:showCmtPopup'>
      <div id='comment-popup'>
        <iframe allowtransparency='true' frameborder='0' id='comment-actions' name='comment-actions' scrolling='no'>
        </iframe>
      </div>
    </b:if>

    <div id='backlinks-container'>
    <div expr:id='data:widget.instanceId + &quot;_backlinks-container&quot;'>
       <b:if cond='data:post.showBacklinks'>
         <b:include data='post' name='backlinks'/>
       </b:if>
    </div>
    </div>
  </div>
</b:includable>
                      </b:widget>
                    </b:section>

<div class='sidebar-wrapper'>
<b:section class='sidebar' id='sidebar' showaddedelements='yes'>
  <b:widget id='HTML1' locked='false' title='Recent Comment' type='HTML'>
    <b:includable id='main'>
<form action='/search' id='searchform' method='get' role='search'>
  <input class='field' id='s' name='s' placeholder='Enter search term and hit enter' type='text' value=''/>
</form>
</b:includable>
  </b:widget>
  <b:widget id='PopularPosts1' locked='false' title='Popular Posts' type='PopularPosts'>
    <b:includable id='main'>
  <b:if cond='data:title'><h2><data:title/></h2></b:if>
  <div class='widget-content popular-posts'>
    <ul>
      <b:loop values='data:posts' var='post'>
      <li>
        <b:if cond='data:showThumbnails == &quot;false&quot;'>
          <b:if cond='data:showSnippets == &quot;false&quot;'>
            <!-- (1) No snippet/thumbnail -->
            <a expr:href='data:post.href'><data:post.title/></a>
          <b:else/>
            <!-- (2) Show only snippets -->
            <div class='item-title'><a expr:href='data:post.href'><data:post.title/></a></div>
            <div class='item-snippet'><data:post.snippet/></div>
          </b:if>
        <b:else/>
          <b:if cond='data:showSnippets == &quot;false&quot;'>
            <!-- (3) Show only thumbnails -->
            <div class='item-thumbnail-only'>
              <b:if cond='data:post.thumbnail'>
                <div class='item-thumbnail'>
                  <a expr:href='data:post.href' target='_blank'>
                    <img alt='' border='0' expr:height='data:thumbnailSize' expr:src='data:post.thumbnail' expr:width='data:thumbnailSize'/>
                  </a>
                </div>
              </b:if>
              <div class='item-title'><a expr:href='data:post.href'><data:post.title/></a></div>
            </div>
            <div style='clear: both;'/>
          <b:else/>
            <!-- (4) Show snippets and thumbnails -->
            <div class='item-content'>
              <b:if cond='data:post.thumbnail'>
                <div class='item-thumbnail'>
                  <a expr:href='data:post.href' target='_blank'>
                    <img alt='' border='0' expr:height='data:thumbnailSize' expr:src='data:post.thumbnail' expr:width='data:thumbnailSize'/>
                  </a>
                </div>
              </b:if>
              <div class='item-title'><a expr:href='data:post.href'><data:post.title/></a></div>
              <div class='item-snippet'><data:post.snippet/></div>
            </div>
            <div style='clear: both;'/>
          </b:if>
        </b:if>
      </li>
      </b:loop>
    </ul>
    <b:include name='quickedit'/>
  </div>
</b:includable>
  </b:widget>
  <b:widget id='Feed1' locked='false' title='Recent Posts' type='Feed'>
    <b:includable id='main'>
    <h2><data:title/></h2>
    <div class='widget-content' expr:id='data:widget.instanceId + &quot;_feedItemListDisplay&quot;'>
      <span style='filter: alpha(25); opacity: 0.25;'>
        <a expr:href='data:feedUrl'><data:loadingMsg/></a>
      </span>
    </div>
    <b:include name='quickedit'/>
  </b:includable>
  </b:widget>
  <b:widget id='HTML2' locked='false' title='' type='HTML'>
    <b:includable id='main'>
  <!-- only display title if it's non-empty -->
  <b:if cond='data:title != &quot;&quot;'>
    <h2 class='title'><data:title/></h2>
  </b:if>
  <div class='widget-content'>
    <data:content/>
  </div>

  <b:include name='quickedit'/>
</b:includable>
  </b:widget>
</b:section>                        
</div>
            </div><!-- /main-wrapper -->
<div class='clr'/>
            </div><!-- /ct-wrapper -->
            </div><!-- /outer-wrapper -->
  <div class='clr'/>
<div id='footer'>
    <div class='ct-wrapper'>
<b:section class='footer' id='footer1' preferred='yes'/>

<b:section class='footer' id='footer2' preferred='yes'/>

<b:section class='footer' id='footer3' preferred='yes'/>

<b:section class='footer' id='footer4' preferred='yes'/>

    <div class='clr'/>

            </div><!-- /ct-wrapper -->
</div><!-- footer -->

  <div class='footer-credits'>
    <div class='ct-wrapper'>
      <p style='float:left'>Copyright 2013 <a expr:href='data:blog.homepageUrl'><data:blog.title/></a></p><p style='float:right'>designed by <a href='http://www.templatetrackers.com' id='mycontent'>Template Trackers</a> | <a href='http://www.trackmyblog.com'>Trackmyblog</a> Published..<a href='http://gooyaabitemplates.com'>Blogger Templates</a> </p>
  
    </div><!-- /ct-wrapper -->
  </div><!-- footer-credits -->
<b:if cond='data:blog.pageType != &quot;item&quot;'>
<script type='text/javascript'>//<![CDATA[
/**
 * Isotope v1.5.21
 * An exquisite jQuery plugin for magical layouts
 * http://isotope.metafizzy.co
 *
 * Commercial use requires one-time license fee
 * http://metafizzy.co/#licenses
 *
 * Copyright 2012 David DeSandro / Metafizzy
 */
eval(function(p,a,c,k,e,d){e=function(c){return(c<a?'':e(parseInt(c/a)))+((c=c%a)>35?String.fromCharCode(c+29):c.toString(36))};if(!''.replace(/^/,String)){while(c--){d[e(c)]=k[c]||e(c)}k=[function(e){return d[e]}];e=function(){return'\\w+'};c=1};while(c--){if(k[c]){p=p.replace(new RegExp('\\b'+e(c)+'\\b','g'),k[c])}}return p}('(6(a,b,c){"3B 3C";7 d=a.3z,e=a.2E,f=6(a){8 a.2M(0).3w()+a.1t(1)},g="3y 3L O 3r".2x(" "),h=6(a){7 b=d.3n.C,c;A(1R b[a]=="2q")8 a;a=f(a);B(7 e=0,h=g.P;e<h;e++){c=g[e]+a;A(1R b[c]=="2q")8 c}},i=h("2w"),j=h("3f"),k={22:6(){8!!i},3c:6(){7 a=!!h("3i");A(a){7 c=" -o- -4b- -4c- -4j- -4h- ".2x(" "),d="@4e ("+c.4f("2w-3d),(")+"2s)",e=b("<C>"+d+"{#2s{I:43}}"+"</C>").2D("3R"),f=b(\'<3V 41="2s" />\').2D("35");a=f.I()===3,f.1N(),e.1N()}8 a},1p:6(){8!!j}},l;A(e)B(l 15 k)e.3Z(l)||e.3W(l,k[l]);1d{e=a.2E={3X:"1.3Y: 49 B 1f"};7 m=" ",n;B(l 15 k)n=k[l](),e[l]=n,m+=" "+(n?"":"1v-")+l;b("35").1s(m)}A(e.22){7 o=e.3c?{R:6(a){8"40("+a[0]+"1Q, "+a[1]+"1Q, 0) "},F:6(a){8"42("+a+", "+a+", 1) "}}:{R:6(a){8"R("+a[0]+"1Q, "+a[1]+"1Q) "},F:6(a){8"F("+a+") "}},p=6(a,c,d){7 e=b.G(a,"1H")||{},f={},g,h={},j;f[c]=d,b.1D(e,f);B(g 15 e)j=e[g],h[g]=o[g](j);7 k=h.R||"",l=h.F||"",m=k+l;b.G(a,"1H",e),a.C[i]=m};b.3a.F=!0,b.2v.F={2t:6(a,b){p(a,"F",b)},3e:6(a,c){7 d=b.G(a,"1H");8 d&&d.F?d.F:1}},b.3U.3O.F=6(a){b.2v.F.2t(a.3N,a.3Q+a.4g)},b.3a.R=!0,b.2v.R={2t:6(a,b){p(a,"R",b)},3e:6(a,c){7 d=b.G(a,"1H");8 d&&d.R?d.R:[0,0]}}}7 q,r;e.1p&&(q={3F:"3v",3H:"2J",3K:"3J 3D",3f:"2J"}[j],r=h("3A"));7 s=b.38,t;s.1Z.13={3x:6(){b(4).1O("1x",s.1Z.13.26)},3E:6(){b(4).1S("1x",s.1Z.13.26)},26:6(a,b){7 c=4,d=2y;a.3I="13",t&&3G(t),t=1V(6(){2G.38.3m.Z(c,d)},b==="3b"?0:3j)}},b.2o.13=6(a){8 a?4.1O("13",a):4.3u("13",["3b"])},b.1f=6(a,c,d){4.E=b(c),4.2F(a),4.2r(d)};7 u=["K","I"],v=b(a);b.1f.36={2I:!0,1k:"Q",2b:"D",1W:"D-2V",19:"D-37",1q:{27:0,F:.4k},1z:{27:1,F:1},2h:{1L:"47",4d:"37"},2Y:"4i-44",34:{3S:!1,3T:3P},2a:"1g-1e",2T:!0,32:!0,2W:!0,2P:!1},b.1f.2L={2F:6(a){4.9=b.1D({},b.1f.36,a),4.L=[],4.2j=0;7 c=4.E[0].C;4.1G={};7 d=u.1t(0);B(7 e 15 4.9.2h)d.M(e);B(7 f=0,g=d.P;f<g;f++)e=d[f],4.1G[e]=c[e]||"";4.E.12(4.9.2h),4.2Z(),4.1J();7 h={"1g-1e":6(a,b){8 b.2j++,b.2j},21:6(){8 z.21()}};4.9.25=b.1D(4.9.25,h),4.2C(),4.1F={1a:2z(4.E.12("2B-1a")||0,10),17:2z(4.E.12("2B-17")||0,10)};7 i=4;1V(6(){i.E.1s(i.9.2b)},0),4.9.2I&&v.1O("13.D",6(){i.1x()}),4.E.46("."+4.9.19,"39",6(){8!1})},2e:6(a){7 b=4.9.45,c=b?a.11(b).1T(a.3h(b)):a,d={1L:"48"};8 4.24&&(d.1a=0,d.17=0),c.12(d).1s(4.9.1W),4.23(c,!0),c},2r:6(a){4.$N=4.2i(4.$X),4.1o(),4.1i(a)},31:6(a){A(b.3M(a)){4.9=b.1D(!0,4.9,a);7 c;B(7 d 15 a)c="4a"+f(d),4[c]&&4[c]()}},2Z:6(){7 a=4.9.2Y.3t().3q(/[ 1h\\-]/g,""),b;3s(a){1Y"12":1Y"3p":b=!1;1w;1Y"3o":b=!0;1w;3k:b=!e.1p}4.1u=b,4.1J()},3l:6(){4.1J()},1J:6(){7 a=4.24=4.9.2W&&e.22&&e.1p&&!4.1u;a||(2S 4.9.1q.F,2S 4.9.1z.F),4.2O=a?4.2R:4.2Q},2i:6(a){7 b=4.9.11===""?"*":4.9.11;A(!b)8 a;7 c=4.9.19,d="."+c,e=a.11(d),f=e;A(b!=="*"){f=e.11(b);7 g=a.1r(d).1r(b).1s(c);4.L.M({$J:g,C:4.9.1q})}8 4.L.M({$J:f,C:4.9.1z}),f.1A(c),a.11(b)},23:6(a,c){7 d=4,e=4.9.25,f,g;a.H(6(){f=b(4),g={};B(7 a 15 e)!c&&a==="1g-1e"?g[a]=b.G(4,"D-1I-G")[a]:g[a]=e[a](f,d);b.G(4,"D-1I-G",g)})},1o:6(){7 a=4.9.2a,b=4.2U,c=4.9.2T?1:-1,d=6(d,e){7 f=b(d,a),g=b(e,a);8 f===g&&a!=="1g-1e"&&(f=b(d,"1g-1e"),g=b(e,"1g-1e")),(f>g?1:f<g?-1:0)*c};4.$N.1I(d)},2U:6(a,c){8 b.G(a,"D-1I-G")[c]},2R:6(a,b){8{R:[a,b]}},2Q:6(a,b){8{1a:a,17:b}},V:6(a,b,c){b=z.2N(b+4.1F.1a),c=z.2N(c+4.1F.17);7 d=4.2O(b,c);4.L.M({$J:a,C:d}),4.9.2P&&a.G("D-2V-1L",{x:b,y:c})},2k:6(a,b){7 c=4.9.1k;4["1h"+c+"4C"](a);A(4.9.32){7 d=4["1h"+c+"5p"]();4.L.M({$J:4.E,C:d})}4.2c(a,b),4.33=!0},2c:6(a,c){7 d=4.33?4.1u?"2X":"12":"12",f=4.9.34,g=4.9.56,h,i,j,k;i=6(a,b){b.$J[d](b.C,f)};A(4.2d&&4.1u)i=6(a,b){h=b.$J.5e("1v-28")?"12":d,b.$J[h](b.C,f)};1d A(c||g||f.1X){7 l=!1,m=[c,g,f.1X],n=4;j=!0,k=6(){A(l)8;7 b;B(7 c=0,d=m.P;c<d;c++)b=m[c],1R b=="6"&&b.1m(n.E,a,n);l=!0};A(4.1u&&d==="2X")f.1X=k,j=!1;1d A(e.1p){7 o=0,p=4.L[0],s=p&&p.$J,t;2n(!s||!s.P){t=4.L[o++];A(!t)8;s=t.$J}7 u=5a(5b(s[0])[r]);u>0&&(i=6(a,b){b.$J[d](b.C,f).5c(q,k)},j=!1)}}b.H(4.L,i),j&&k(),4.L=[]},1x:6(){4["1h"+4.9.1k+"59"]()&&4.1i()},1i:6(a){4["1h"+4.9.1k+"58"](),4.2k(4.$N,a)},2l:6(a,b){7 c=4.2e(a);4.$X=4.$X.1T(c),b&&b(c)},53:6(a,b){4.E.52(a);7 c=4;4.2l(a,6(a){7 d=c.2i(a);c.2f(d),c.1o(),c.1i(),c.29(d,b)})},54:6(a,b){7 c=4;4.2l(a,6(a){c.2f(a),c.2k(a),c.29(a,b)})},2f:6(a){4.$N=4.$N.1T(a),a.1s("1v-28"),4.2d=!0,4.L.M({$J:a,C:4.9.1q})},29:6(a,b){7 c=4;1V(6(){a.1A("1v-28"),c.L.M({$J:a,C:c.9.1z}),c.2d=!1,c.2c(a,b)},10)},2C:6(){4.$X=4.2e(4.E.5g())},1N:6(a,b){4.$X=4.$X.1r(a),4.$N=4.$N.1r(a);7 c=4,d=6(){a.1N(),b&&b.1m(c.E)};a.11(":1r(."+4.9.19+")").P?(4.L.M({$J:a,C:4.9.1q}),4.1o(),4.1i(d)):d()},4l:6(a){4.23(4.$X),4.9.2a="21",4.1o(),4.1i(a)},55:6(){7 a=4.24,b=4.9;4.$X.1A(b.19+" "+b.1W).H(6(){7 b=4.C;b.1L="",b.17="",b.1a="",b.27="",a&&(b[i]="")});7 c=4.E[0].C;B(7 d 15 4.1G)c[d]=4.1G[d];4.E.1S(".D").57("."+b.19,"39").1A(b.2b).5f("D"),v.1S(".D")},Y:6(a){7 b=4.9.1k,c=a?"1l":"1j",d=a?"I":"K",e=a?"T":"U",g=4.E[d](),h,i=4.9[b]&&4.9[b][c]||4.$N["5q"+f(d)](!0)||g;h=z.2u(g/i),h=z.14(h,1),4[b][e]=h,4[b][c]=i},1n:6(a){7 b=4.9.1k,c=a?"T":"U",d=4[b][c];8 4.Y(a),4[b][c]!==d},5r:6(){4.Q={},4.Y();7 a=4.Q.U;4.Q.1b=[];2n(a--)4.Q.1b.M(0)},5s:6(a){7 c=4,d=c.Q;a.H(6(){7 a=b(4),e=z.1y(a.18(!0)/d.1j);e=z.1B(e,d.U);A(e===1)c.2g(a,d.1b);1d{7 f=d.U+1-e,g=[],h,i;B(i=0;i<f;i++)h=d.1b.1t(i,i+e),g[i]=z.14.Z(z,h);c.2g(a,g)}})},2g:6(a,b){7 c=z.1B.Z(z,b),d=0;B(7 e=0,f=b.P;e<f;e++)A(b[e]===c){d=e;1w}7 g=4.Q.1j*d,h=c;4.V(a,g,h);7 i=c+a.16(!0),j=4.Q.U+1-f;B(e=0;e<j;e++)4.Q.1b[d+e]=i},5o:6(){7 a=z.14.Z(z,4.Q.1b);8{I:a}},5j:6(){8 4.1n()},5i:6(){4.2m={x:0,y:0,I:0}},5h:6(a){7 c=4,d=4.E.K(),e=4.2m;a.H(6(){7 a=b(4),f=a.18(!0),g=a.16(!0);e.x!==0&&f+e.x>d&&(e.x=0,e.y=e.I),c.V(a,e.x,e.y),e.I=z.14(e.y+g,e.I),e.x+=f})},5k:6(){8{I:4.2m.I}},5l:6(){8!0},5n:6(){4.1E={W:0},4.Y(),4.Y(!0)},5m:6(a){7 c=4,d=4.1E;a.H(6(){7 a=b(4),e=d.W%d.U,f=z.2u(d.W/d.U),g=(e+.5)*d.1j-a.18(!0)/2,h=(f+.5)*d.1l-a.16(!0)/2;c.V(a,g,h),d.W++})},5d:6(){8{I:z.1y(4.$N.P/4.1E.U)*4.1E.1l+4.1F.17}},50:6(){8 4.1n()},4z:6(){4.1C={y:0}},4y:6(a){7 c=4;a.H(6(a){7 d=b(4);c.V(d,0,c.1C.y),c.1C.y+=d.16(!0)})},4x:6(){8{I:4.1C.y}},4A:6(){8!0},4B:6(){4.S={},4.Y(!0);7 a=4.S.T;4.S.1c=[];2n(a--)4.S.1c.M(0)},4E:6(a){7 c=4,d=c.S;a.H(6(){7 a=b(4),e=z.1y(a.16(!0)/d.1l);e=z.1B(e,d.T);A(e===1)c.20(a,d.1c);1d{7 f=d.T+1-e,g=[],h,i;B(i=0;i<f;i++)h=d.1c.1t(i,i+e),g[i]=z.14.Z(z,h);c.20(a,g)}})},20:6(a,b){7 c=z.1B.Z(z,b),d=0;B(7 e=0,f=b.P;e<f;e++)A(b[e]===c){d=e;1w}7 g=c,h=4.S.1l*d;4.V(a,g,h);7 i=c+a.18(!0),j=4.S.T+1-f;B(e=0;e<j;e++)4.S.1c[d+e]=i},4D:6(){7 a=z.14.Z(z,4.S.1c);8{K:a}},51:6(){8 4.1n(!0)},4w:6(){4.2p={x:0,y:0,K:0}},4v:6(a){7 c=4,d=4.E.I(),e=4.2p;a.H(6(){7 a=b(4),f=a.18(!0),g=a.16(!0);e.y!==0&&g+e.y>d&&(e.x=e.K,e.y=0),c.V(a,e.x,e.y),e.K=z.14(e.x+f,e.K),e.y+=g})},4p:6(){8{K:4.2p.K}},4o:6(){8!0},4n:6(){4.1K={W:0},4.Y(),4.Y(!0)},4m:6(a){7 c=4,d=4.1K;a.H(6(){7 a=b(4),e=z.2u(d.W/d.T),f=d.W%d.T,g=(e+.5)*d.1j-a.18(!0)/2,h=(f+.5)*d.1l-a.16(!0)/2;c.V(a,g,h),d.W++})},4q:6(){8{K:z.1y(4.$N.P/4.1K.T)*4.1K.1j}},4r:6(){8 4.1n(!0)},4u:6(){4.1U={x:0}},4t:6(a){7 c=4;a.H(6(a){7 d=b(4);c.V(d,c.1U.x,0),c.1U.x+=d.18(!0)})},4s:6(){8{K:4.1U.x}},4F:6(){8!0}},b.2o.1P=6(a){6 h(){a.1m(c,d)}6 i(a){7 c=a.4G;c.1M!==f&&b.4U(c,g)===-1&&(g.M(c),--e<=0&&(1V(h),d.1S(".1P",i)))}7 c=4,d=c.3h("3g").1T(c.11("3g")),e=d.P,f="G:4T/4S;4V,4W///4Z==",g=[];8 e||h(),d.1O("4Y.1P 2K.1P",i).H(6(){7 a=4.1M;4.1M=f,4.1M=a}),c};7 w=6(b){a.2H&&a.2H.2K(b)};b.2o.D=6(a,c){A(1R a=="2q"){7 d=4X.2L.1t.1m(2y,1);4.H(6(){7 c=b.G(4,"D");A(!c){w("4R 1m 4Q 4K D 4J 2A 4I; 4H 2A 1m 30 \'"+a+"\'");8}A(!b.4L(c[a])||a.2M(0)==="1h"){w("1v 4M 30 \'"+a+"\' B D 4P");8}c[a].Z(c,d)})}1d 4.H(6(){7 d=b.G(4,"D");d?(d.31(a),d.2r(c)):b.G(4,"D",4O b.1f(a,4,c))});8 4}})(4N,2G);',62,339,'||||this||function|var|return|options||||||||||||||||||||||||||Math|if|for|style|isotope|element|scale|data|each|height|el|width|styleQueue|push|filteredAtoms||length|masonry|translate|masonryHorizontal|rows|cols|_pushPosition|index|allAtoms|_getSegments|apply||filter|css|smartresize|max|in|outerHeight|top|outerWidth|hiddenClass|left|colYs|rowXs|else|order|Isotope|original|_|reLayout|columnWidth|layoutMode|rowHeight|call|_checkIfSegmentsChanged|_sort|csstransitions|hiddenStyle|not|addClass|slice|isUsingJQueryAnimation|no|break|resize|ceil|visibleStyle|removeClass|min|straightDown|extend|cellsByRow|offset|originalStyle|isoTransform|sort|_updateUsingTransforms|cellsByColumn|position|src|remove|bind|imagesLoaded|px|typeof|unbind|add|straightAcross|setTimeout|itemClass|complete|case|special|_masonryHorizontalPlaceBrick|random|csstransforms|updateSortData|usingTransforms|getSortData|handler|opacity|transition|_revealAppended|sortBy|containerClass|_processStyleQueue|_isInserting|_getAtoms|_addHideAppended|_masonryPlaceBrick|containerStyle|_filter|elemCount|layout|addItems|fitRows|while|fn|fitColumns|string|_init|modernizr|set|floor|cssHooks|transform|split|arguments|parseInt|to|padding|reloadItems|appendTo|Modernizr|_create|jQuery|console|resizable|transitionend|error|prototype|charAt|round|getPositionStyles|itemPositionDataEnabled|_positionAbs|_translate|delete|sortAscending|_getSorter|item|transformsEnabled|animate|animationEngine|_updateAnimationEngine|method|option|resizesContainer|isLaidOut|animationOptions|html|settings|hidden|event|click|cssNumber|execAsap|csstransforms3d||get|transitionProperty|img|find|perspective|100|default|_updateTransformsEnabled|handle|documentElement|jquery|none|replace|Ms|switch|toLowerCase|trigger|webkitTransitionEnd|toUpperCase|setup|Moz|document|transitionDuration|use|strict|otransitionend|teardown|WebkitTransitionProperty|clearTimeout|MozTransitionProperty|type|oTransitionEnd|OTransitionProperty|Webkit|isPlainObject|elem|step|800|now|head|queue|duration|fx|div|addTest|_version|6ish|hasOwnProperty|translate3d|id|scale3d|3px|available|itemSelector|delegate|relative|absolute|miniModernizr|_update|moz|ms|overflow|media|join|unit|khtml|best|webkit|001|shuffle|_cellsByColumnLayout|_cellsByColumnReset|_fitColumnsResizeChanged|_fitColumnsGetContainerSize|_cellsByColumnGetContainerSize|_cellsByColumnResizeChanged|_straightAcrossGetContainerSize|_straightAcrossLayout|_straightAcrossReset|_fitColumnsLayout|_fitColumnsReset|_straightDownGetContainerSize|_straightDownLayout|_straightDownReset|_straightDownResizeChanged|_masonryHorizontalReset|Layout|_masonryHorizontalGetContainerSize|_masonryHorizontalLayout|_straightAcrossResizeChanged|target|attempted|initialization|prior|on|isFunction|such|window|new|instance|methods|cannot|gif|image|inArray|base64|R0lGODlhAQABAIAAAAAAAP|Array|load|ywAAAAAAQABAAACAUwAOw|_cellsByRowResizeChanged|_masonryHorizontalResizeChanged|append|insert|appended|destroy|onLayout|undelegate|Reset|ResizeChanged|parseFloat|getComputedStyle|one|_cellsByRowGetContainerSize|hasClass|removeData|children|_fitRowsLayout|_fitRowsReset|_masonryResizeChanged|_fitRowsGetContainerSize|_fitRowsResizeChanged|_cellsByRowLayout|_cellsByRowReset|_masonryGetContainerSize|GetContainerSize|outer|_masonryReset|_masonryLayout'.split('|'),0,{}))

jQuery(document).ready(function () {
    jQuery.Isotope.prototype._getMasonryGutterColumns = function () {
        var gutter = this.options.masonry && this.options.masonry.gutterWidth || 0;
        containerWidth = this.element.width();
        this.masonry.columnWidth = this.options.masonry && this.options.masonry.columnWidth || this.$filteredAtoms.outerWidth(true) || containerWidth;
        this.masonry.columnWidth += gutter;
        this.masonry.cols = Math.floor((containerWidth + gutter) / this.masonry.columnWidth);
        this.masonry.cols = Math.max(this.masonry.cols, 1)
    };
    jQuery.Isotope.prototype._masonryReset = function () {
        this.masonry = {};
        this._getMasonryGutterColumns();
        var i = this.masonry.cols;
        this.masonry.colYs = [];
        while (i--) {
            this.masonry.colYs.push(0)
        }
    };
    jQuery.Isotope.prototype._masonryResizeChanged = function () {
        var prevSegments = this.masonry.cols;
        this._getMasonryGutterColumns();
        return (this.masonry.cols !== prevSegments)
    };
    var $window = jQuery(window);
    var $container = jQuery('.blog-posts.hfeed');
    $container.imagesLoaded(function () {
        reLayout();
        $window.smartresize(reLayout)
    });

    function reLayout() {
        var mediaQueryId = getComputedStyle(document.body, ':after').getPropertyValue('content');
        if (navigator.userAgent.match('MSIE 8') == null) {
            mediaQueryId = mediaQueryId.replace(/"/g, '')
        }
        var windowSize = $window.width();
        var masonryOpts;
        switch (mediaQueryId) {
        case 'large':
            masonryOpts = {
                columnWidth: $container.width() / 3
            };
            break;
        case 'big':
            masonryOpts = {
                columnWidth: $container.width() / 3
            };
            break;
        case 'medium':
            masonryOpts = {
                columnWidth: $container.width() / 2
            };
            break;
        case 'small':
            masonryOpts = {
                columnWidth: $container.width() / 1
            };
            break;
        case 'tiny':
            masonryOpts = {
                columnWidth: $container.width() / 1
            };
            break
        }
        $container.isotope({
            resizable: false,
            itemSelector: '.post',
            masonry: masonryOpts
        }).isotope('reLayout')
    }
});

//]]></script>
</b:if>
<b:include data='blog' name='google-analytics'/>
  </div>
</body>
</html>