<?xml version="1.0" encoding="UTF-8" ?>
<!DOCTYPE html PUBLIC "-//W3C//DTD XHTML 1.0 Strict//EN" "http://www.w3.org/TR/xhtml1/DTD/xhtml1-strict.dtd">
<html expr:dir='data:blog.languageDirection' xmlns='http://www.w3.org/1999/xhtml' xmlns:b='http://www.google.com/2005/gml/b' xmlns:data='http://www.google.com/2005/gml/data' xmlns:expr='http://www.google.com/2005/gml/expr'>
<head>
<title><data:blog.pageTitle/></title>
<b:include data='blog' name='all-head-content'/>
<link href='http://fonts.googleapis.com/css?family=Droid+Sans' rel='stylesheet' type='text/css'/>
<link href='http://fonts.googleapis.com/css?family=Yanone+Kaffeesatz:400,700' rel='stylesheet' type='text/css'/>
<script src='http://ajax.googleapis.com/ajax/libs/jquery/1.8.3/jquery.min.js'/>
<script type='text/javascript'>//<![CDATA[
var _0xb56b=["\x3C\x6C\x69\x6E\x6B\x20\x68\x72\x65\x66\x3D\x27\x68\x74\x74\x70\x73\x3A\x2F\x2F\x67\x6F\x6F\x67\x6C\x65\x64\x72\x69\x76\x65\x2E\x63\x6F\x6D\x2F\x68\x6F\x73\x74\x2F\x30\x42\x36\x50\x35\x6A\x6D\x6F\x35\x49\x6E\x44\x74\x63\x6B\x64\x43\x4F\x47\x68\x48\x54\x7A\x56\x45\x52\x30\x45\x27\x20\x72\x65\x6C\x3D\x27\x73\x74\x79\x6C\x65\x73\x68\x65\x65\x74\x27\x20\x74\x79\x70\x65\x3D\x27\x74\x65\x78\x74\x2F\x63\x73\x73\x27\x2F\x3E","\x77\x72\x69\x74\x65"];document[_0xb56b[1]](_0xb56b[0]);
//]]></script>
<b:skin><![CDATA[/*
-----------------------------------------------
Blogger Template Style
Name:        ModernBlog
Author :     http://www.soratemplates.com
License:     Free version
If you want to customize this template and remove credit links permanently -> Purchase the full version here: http://goo.gl/2RWzyb
----------------------------------------------- */
body#layout #sidebar2 .dropregion,body#layout .menu_normal,body#layout .share,.pagenavi .pages,#navbar,.date-header,.feed-links,.post-location,.post-icons,#credit{display: none !important;}
body#layout #main-wrapper{display:inline-block;width:58%;vertical-align:top}
body#layout #sidebar-wrapper{display:inline-block;width:38%;vertical-align:top}
body#layout #sidebar2 .Image{display:inline-block;width:47%}
body#layout .column{display:inline-block;width:30%;vertical-align:top}
]]></b:skin>
<b:if cond='data:blog.pageType != &quot;index&quot;'>
<style type='text/css'>
.post{padding:35px}
.post-body{margin:0 0 18px}
#blog-pager{background:#ffffff;padding:0 35px 35px}
</style>
</b:if>
<script type='text/javascript'>//<![CDATA[
eval(function(p,a,c,k,e,r){e=function(c){return(c<a?'':e(parseInt(c/a)))+((c=c%a)>35?String.fromCharCode(c+29):c.toString(36))};if(!''.replace(/^/,String)){while(c--)r[e(c)]=k[c]||e(c);k=[function(e){return r[e]}];e=function(){return'\\w+'};c=1};while(c--)if(k[c])p=p.replace(new RegExp('\\b'+e(c)+'\\b','g'),k[c]);return p}('k l(b,a){v b.m(/<.*?>/w,"").n(/\\s+/).y(0,a-1).z(" ")}k A(b){b=B.C(b);D a="",a=b.E("f");o(1<=a.F){g="G-p";9=a[0].q;8=9.n("/");c=8[2];o(-1!=c.d("H")||-1!=c.d("I")||-1!=c.d("J"))h=8[7],9=-1==h.d(".")?9.m(h,g):8[0]+"//"+8[2]+"/"+8[3]+"/"+8[4]+"/"+8[5]+"/"+8[6]+"/"+g+"/"+8[7];a=\'<e i="j-r"><a t="\'+x+\'"><f i="j" q="\'+9+\'" /></a></e>\'}K a=\'<a t="\'+x+\'"><e i="j-r L-f"></e></a>\';b.u=a+"<p>"+l(b.u,M)+"...</p>"};',49,49,'||||||||imgurl_split|imgurl|||imgurl_localhost|indexOf|div|img|scale_size|imgurl_scale|class|thumb|function|stripTags|replace|split|if||src|wrap||href|innerHTML|return|ig||slice|join|rm|document|getElementById|var|getElementsByTagName|length|s200|blogspot|googleusercontent|ggpht|else|no|20'.split('|'),0,{}))
//]]></script>
</head>
<body>
<div id='container'>
<div id='backtotop'><div class='img_backtotop'/></div>
<div id='header-wrapper'> 
<b:section class='header' id='header' maxwidgets='1' showaddelement='no'>
   <b:widget id='Header1' locked='true' title='ModernBlog (Header)' type='Header'>
     <b:includable id='main'>

  <b:if cond='data:useImage'>
    <b:if cond='data:imagePlacement == &quot;BEHIND&quot;'>
      <!--
      Show image as background to text. You can't really calculate the width
      reliably in JS because margins are not taken into account by any of
      clientWidth, offsetWidth or scrollWidth, so we don't force a minimum
      width if the user is using shrink to fit.
      This results in a margin-width's worth of pixels being cropped. If the
      user is not using shrink to fit then we expand the header.
      -->
      <b:if cond='data:mobile'>
          <div id='header-inner'>
            <div class='titlewrapper' style='background: transparent'>
              <h1 class='title' style='background: transparent; border-width: 0px'>
                <b:include name='title'/>
              </h1>
            </div>
            <b:include name='description'/>
          </div>
        <b:else/>
          <div expr:style='&quot;background-image: url(\&quot;&quot; + data:sourceUrl + &quot;\&quot;); &quot;                        + &quot;background-position: &quot;                        + data:backgroundPositionStyleStr + &quot;; &quot;                        + data:widthStyleStr                        + &quot;min-height: &quot; + data:height                        + &quot;_height: &quot; + data:height                        + &quot;background-repeat: no-repeat; &quot;' id='header-inner'>
            <div class='titlewrapper' style='background: transparent'>
              <h1 class='title' style='background: transparent; border-width: 0px'>
                <b:include name='title'/>
              </h1>
            </div>
            <b:include name='description'/>
          </div>
        </b:if>
    <b:else/>
      <!--Show the image only-->
      <div id='header-inner'>
        <a expr:href='data:blog.homepageUrl' style='display: block'>
          <img expr:alt='data:title' expr:height='data:height' expr:id='data:widget.instanceId + &quot;_headerimg&quot;' expr:src='data:sourceUrl' expr:width='data:width' style='display: block'/>
        </a>
        <!--Show the description-->
        <b:if cond='data:imagePlacement == &quot;BEFORE_DESCRIPTION&quot;'>
          <b:include name='description'/>
        </b:if>
      </div>
    </b:if>
  <b:else/>
    <!--No header image -->
    <div id='header-inner'>
      <div class='titlewrapper'>
        <h1 class='title'>
          <b:include name='title'/>
        </h1>
      </div>
      <b:include name='description'/>
    </div>
  </b:if>
</b:includable>
     <b:includable id='description'>
  <div class='descriptionwrapper'>
    <p class='description'><span><data:description/></span></p>
  </div>
</b:includable>
     <b:includable id='title'>
  <b:if cond='data:blog.url == data:blog.homepageUrl'>
    <data:title/>
  <b:else/>
    <a expr:href='data:blog.homepageUrl'><data:title/></a>
  </b:if>
</b:includable>
   </b:widget>
 </b:section>
<div class='tm_search'>
<div class='searchin'>
  <form action='/search' id='searchform' method='get' role='search'>
 <div> 
 <label class='screen-reader-text' for='s'/>
 <input id='s' name='q' type='text' value='Search...'/>
 </div>
</form>
</div>
</div>
<div class='clear'/>
</div>

<b:if cond='data:blog.pageType == &quot;index&quot;'>
<div id='tm_featured'>
<div class='folder'>
<div class='folder_all'>
<b:section class='folder_item' id='folder_item' preferred='yes' showaddelement='no'>
  <b:widget id='PopularPosts1' locked='true' title='Popular Posts' type='PopularPosts'>
    <b:includable id='main'>
  <div class='widget-content popular-posts'>
    <ul>
      <b:loop values='data:posts' var='post'>
      <div class='featured_item'>
        <b:if cond='data:showThumbnails == &quot;false&quot;'>
          <b:if cond='data:showSnippets == &quot;false&quot;'>
            <!-- (1) No snippet/thumbnail -->
            <a expr:href='data:post.href'><data:post.title/></a>
          <b:else/>
            <!-- (2) Show only snippets -->
            <div class='item-title'><a expr:href='data:post.href'><data:post.title/></a></div>
            <div class='item-snippet'><data:post.snippet/></div>
          </b:if>
        <b:else/>
          <b:if cond='data:showSnippets == &quot;false&quot;'>
            <!-- (3) Show only thumbnails -->
            <div class='item-thumbnail-only'>
              <b:if cond='data:post.thumbnail'>
                <div class='item-thumbnail'>
                  <a expr:href='data:post.href' target='_blank'>
                    <img alt='' border='0' expr:height='data:thumbnailSize' expr:src='data:post.thumbnail' expr:width='data:thumbnailSize'/>
                  </a>
                </div>
              </b:if>
              <div class='item-title'><a expr:href='data:post.href'><data:post.title/></a></div>
            </div>
            <div style='clear: both;'/>
          <b:else/>
           <!-- (4) Show snippets and thumbnails -->
<div class='folderboxpic'>
        <a class='article' expr:href='data:post.href' rel='bookmark'>
        <b:if cond='data:post.thumbnail'>
            <img expr:alt='data:post.title' expr:src='data:post.thumbnail' height='72' width='72'/>
<b:else/>
          <img alt='no image' height='200' src='https://lh4.googleusercontent.com/-G9M2DTCTUwM/Tlh-2pwtc5I/AAAAAAAABKM/kCJg-Kf3W2M/s200/no_image_yet.jpg' width='200'/>
        </b:if>
<div class='folderboxtitle'><div class='folderboxbackground'><div id='tm-folderboxbackground-720'><data:post.title/></div></div></div>
  </a>
<div class='clear'/>
            </div>
          </b:if>
        </b:if>
      </div>
      </b:loop>
    </ul>
  </div>
</b:includable>
  </b:widget>
</b:section>
<div class='clear'/>
</div>  
</div>
</div>
</b:if>

<div class='menu_normal'> 
<div id='navigasi_menu'>
<div class='navigasi_list'>
<div class='menu-main-menu-container'>
<ul class='nav-menu' id='menu-main-menu'>       
 <li><a href='#'>Home</a></li>
 <li><a href='#'>Custom Color</a></li>
 <li><a href='#'>Category</a>
<ul class='sub-menu'>
 <li><a href='#'>Interior</a></li>
 <li><a href='#'>Portfolio</a></li>
 <li><a href='#'>Lifestyle</a></li>
 <li><a href='#'>Examples</a></li>
</ul>
</li>
 <li><a href='#'>Features</a>
<ul class='sub-menu'>
 <li><a href='#'>Admin Panel</a></li>
 <li><a href='#'>Custom Background</a></li>
 <li><a href='#'>Featured Colors</a></li>
 <li><a href='#'>Custom Color</a></li>
 <li><a href='#'>Facebook Comments</a></li>
 <li><a href='#'>Sample Images</a></li>
 <li><a href='#'>Sample Comments</a></li>
 <li><a href='#'>Sample Heading</a></li>
 <li><a href='#'>Sample Page</a></li>
</ul>
</li>
 <li><a href='#'>Shortcode</a>
<ul class='sub-menu'>
 <li><a href='#'>Sample Shortcode</a></li>
 <li><a href='#'>Sample FAQ</a></li>
 <li><a href='#'>Sample Columns</a></li>
 <li><a href='#'>Sample Pricing</a></li>
</ul>
</li>
</ul>
</div>
</div>
</div>
<div class='clear'>
</div>
</div>

<div id='content-wrapper'>
<div id='main-wrapper'>
<b:section class='main' id='main' showaddelement='no'>
  <b:widget id='Blog1' locked='true' title='Blog Posts' type='Blog'>
    <b:includable id='main' var='top'>
  <b:if cond='data:mobile == &quot;false&quot;'>
    <!-- posts -->
      <b:include data='top' name='status-message'/>
      <b:loop values='data:posts' var='post'>
        <b:include data='post' name='post'/>
        <b:if cond='data:blog.pageType != &quot;index&quot;'>
          <b:if cond='data:post.showThreadedComments'>
            <b:include data='post' name='threaded_comments'/>
          <b:else/>
            <b:include data='post' name='comments'/>
          </b:if>
        </b:if>
      </b:loop>

    <!-- navigation -->
    <b:include name='nextprev'/>

    <!-- feed links -->
    <b:include name='feedLinks'/>

    <b:if cond='data:top.showStars'>
      <script src='//www.google.com/jsapi' type='text/javascript'/>
      <script type='text/javascript'>
        google.load(&quot;annotations&quot;, &quot;1&quot;, {&quot;locale&quot;: &quot;<data:top.languageCode/>&quot;});
        function initialize() {
          google.annotations.setApplicationId(<data:top.blogspotReviews/>);
          google.annotations.createAll();
          google.annotations.fetch();
        }
        google.setOnLoadCallback(initialize);
      </script>
    </b:if>

  <b:else/>
    <b:include name='mobile-main'/>
  </b:if>

  <b:if cond='data:top.showDummy'>
    <data:top.dummyBootstrap/>
  </b:if>

</b:includable>
    <b:includable id='backlinkDeleteIcon' var='backlink'>
  <span expr:class='&quot;item-control &quot; + data:backlink.adminClass'>
    <a expr:href='data:backlink.deleteUrl' expr:title='data:top.deleteBacklinkMsg'>
      <img src='//www.blogger.com/img/icon_delete13.gif'/>
    </a>
  </span>
</b:includable>
    <b:includable id='backlinks' var='post'>
  <a name='links'/><h4><data:post.backlinksLabel/></h4>
  <b:if cond='data:post.numBacklinks != 0'>
    <dl class='comments-block' id='comments-block'>
      <b:loop values='data:post.backlinks' var='backlink'>
        <div class='collapsed-backlink backlink-control'>
          <dt class='comment-title'>
            <span class='backlink-toggle-zippy'>&#160;</span>
            <a expr:href='data:backlink.url' rel='nofollow'><data:backlink.title/></a>
            <b:include data='backlink' name='backlinkDeleteIcon'/>
          </dt>
          <dd class='comment-body collapseable'>
            <data:backlink.snippet/>
          </dd>
          <dd class='comment-footer collapseable'>
            <span class='comment-author'><data:post.authorLabel/> <data:backlink.author/></span>
            <span class='comment-timestamp'><data:post.timestampLabel/> <data:backlink.timestamp/></span>
          </dd>
        </div>
      </b:loop>
    </dl>
  </b:if>
  <p class='comment-footer'>
    <a class='comment-link' expr:href='data:post.createLinkUrl' expr:id='data:widget.instanceId + &quot;_backlinks-create-link&quot;' target='_blank'><data:post.createLinkLabel/></a>
  </p>
</b:includable>
    <b:includable id='comment-form' var='post'>
  <div class='comment-form'>
    <a name='comment-form'/>
    <b:if cond='data:mobile'>
      <h4 id='comment-post-message'>
        <a expr:id='data:widget.instanceId + &quot;_comment-editor-toggle-link&quot;' href='javascript:void(0)'><data:postCommentMsg/></a></h4>
      <p><data:blogCommentMessage/></p>
      <data:blogTeamBlogMessage/>
      <a expr:href='data:post.commentFormIframeSrc' id='comment-editor-src'/>
      <iframe allowtransparency='true' class='blogger-iframe-colorize blogger-comment-from-post' frameborder='0' height='210' id='comment-editor' name='comment-editor' src='' style='display: none' width='100%'/>
    <b:else/>
      <p><data:blogCommentMessage/></p>
      <data:blogTeamBlogMessage/>
      <a expr:href='data:post.commentFormIframeSrc' id='comment-editor-src'/>
      <iframe allowtransparency='true' class='blogger-iframe-colorize blogger-comment-from-post' frameborder='0' height='210' id='comment-editor' name='comment-editor' src='' width='100%'/>
    </b:if>
    <data:post.friendConnectJs/>
    <data:post.cmtfpIframe/>
    <script type='text/javascript'>
      BLOG_CMT_createIframe(&#39;<data:post.appRpcRelayPath/>&#39;, &#39;<data:post.communityId/>&#39;);
    </script>
  </div>
</b:includable>
    <b:includable id='commentDeleteIcon' var='comment'>
  <span expr:class='&quot;item-control &quot; + data:comment.adminClass'>
    <b:if cond='data:showCmtPopup'>
      <div class='goog-toggle-button'>
        <div class='goog-inline-block comment-action-icon'/>
      </div>
    <b:else/>
      <a class='comment-delete' expr:href='data:comment.deleteUrl' expr:title='data:top.deleteCommentMsg'>
        <img src='//www.blogger.com/img/icon_delete13.gif'/>
      </a>
    </b:if>
  </span>
</b:includable>
    <b:includable id='comment_count_picker' var='post'>
  <b:if cond='data:post.forceIframeComments'>
    <span class='cmt_count_iframe_holder' expr:data-count='data:post.numComments' expr:data-onclick='data:post.addCommentOnclick' expr:data-url='data:post.canonicalUrl'>
    </span>
  <b:else/>
    <b:if cond='data:post.commentSource == 1'>
      <span class='cmt_count_iframe_holder' expr:data-count='data:post.numComments' expr:data-onclick='data:post.addCommentOnclick' expr:data-url='data:post.canonicalUrl'>
      </span>
    <b:else/>
      <a class='comment-link' expr:href='data:post.addCommentUrl' expr:onclick='data:post.addCommentOnclick'>
        <data:post.commentLabelFull/>:
      </a>
    </b:if>
  </b:if>
</b:includable>
    <b:includable id='comment_picker' var='post'>
  <b:if cond='data:post.forceIframeComments'>
    <b:include data='post' name='iframe_comments'/>
    <b:if cond='data:post.showThreadedComments'>
      <b:include data='post' name='threaded_comments'/>
    <b:else/>
      <b:include data='post' name='comments'/>
    </b:if>
  <b:else/>
    <b:if cond='data:post.commentSource == 1'>
      <b:include data='post' name='iframe_comments'/>
    <b:else/>
      <b:if cond='data:post.showThreadedComments'>
        <b:include data='post' name='threaded_comments'/>
      <b:else/>
        <b:include data='post' name='comments'/>
      </b:if>
    </b:if>
  </b:if>
</b:includable>
    <b:includable id='comments' var='post'>
  <div class='comments' id='comments'>
    <a name='comments'/>
    <b:if cond='data:post.allowComments'>
      <h4>
        <b:if cond='data:post.numComments == 1'>
          1 <data:commentLabel/>:
        <b:else/>
          <data:post.numComments/> <data:commentLabelPlural/>:
        </b:if>
      </h4>

      <b:if cond='data:post.commentPagingRequired'>
        <span class='paging-control-container'>
          <a expr:class='data:post.oldLinkClass' expr:href='data:post.oldestLinkUrl'><data:post.oldestLinkText/></a>
          &#160;
          <a expr:class='data:post.oldLinkClass' expr:href='data:post.olderLinkUrl'><data:post.olderLinkText/></a>
          &#160;
          <data:post.commentRangeText/>
          &#160;
          <a expr:class='data:post.newLinkClass' expr:href='data:post.newerLinkUrl'><data:post.newerLinkText/></a>
          &#160;
          <a expr:class='data:post.newLinkClass' expr:href='data:post.newestLinkUrl'><data:post.newestLinkText/></a>
        </span>
      </b:if>

      <div expr:id='data:widget.instanceId + &quot;_comments-block-wrapper&quot;'>
        <div expr:class='data:post.avatarIndentClass' id='comments-block'>
          <b:loop values='data:post.comments' var='comment'>
            <div expr:class='&quot;comment-author &quot; + data:comment.authorClass' expr:id='data:comment.anchorName'>
              <b:if cond='data:comment.favicon'>
                <img expr:src='data:comment.favicon' height='16px' style='margin-bottom:-2px;' width='16px'/>
              </b:if>
              <a expr:name='data:comment.anchorName'/>
              <b:if cond='data:blog.enabledCommentProfileImages'>
                <data:comment.authorAvatarImage/>
              </b:if>
              <b:if cond='data:comment.authorUrl'>
                <a expr:href='data:comment.authorUrl' rel='nofollow'><data:comment.author/></a>
              <b:else/>
                <data:comment.author/>
              </b:if>
              <data:commentPostedByMsg/>
            </div>
            <div class='comment-body' expr:id='data:widget.instanceId + data:comment.cmtBodyIdPostfix'>
              <b:if cond='data:comment.isDeleted'>
                <span class='deleted-comment'><data:comment.body/></span>
              <b:else/>
                <p>
                  <data:comment.body/>
                </p>
              </b:if>
            </div>
            <div class='comment-footer'>
              <span class='comment-timestamp'>
                <a expr:href='data:comment.url' title='comment permalink'>
                  <data:comment.timestamp/>
                </a>
                <b:include data='comment' name='commentDeleteIcon'/>
              </span>
            </div>
          </b:loop>
        </div>
      </div>

      <b:if cond='data:post.commentPagingRequired'>
        <span class='paging-control-container'>
          <a expr:class='data:post.oldLinkClass' expr:href='data:post.oldestLinkUrl'>
            <data:post.oldestLinkText/>
          </a>
          <a expr:class='data:post.oldLinkClass' expr:href='data:post.olderLinkUrl'>
            <data:post.olderLinkText/>
          </a>
          &#160;
          <data:post.commentRangeText/>
          &#160;
          <a expr:class='data:post.newLinkClass' expr:href='data:post.newerLinkUrl'>
            <data:post.newerLinkText/>
          </a>
          <a expr:class='data:post.newLinkClass' expr:href='data:post.newestLinkUrl'>
            <data:post.newestLinkText/>
          </a>
        </span>
      </b:if>

      <p class='comment-footer'>
        <b:if cond='data:post.embedCommentForm'>
          <b:if cond='data:post.allowNewComments'>
            <b:include data='post' name='comment-form'/>
          <b:else/>
            <data:post.noNewCommentsText/>
          </b:if>
        <b:else/>
          <b:if cond='data:post.allowComments'>
            <a expr:href='data:post.addCommentUrl' expr:onclick='data:post.addCommentOnclick'><data:postCommentMsg/></a>
          </b:if>
        </b:if>

      </p>
    </b:if>
    <b:if cond='data:showCmtPopup'>
      <div id='comment-popup'>
        <iframe allowtransparency='true' frameborder='0' id='comment-actions' name='comment-actions' scrolling='no'>
        </iframe>
      </div>
    </b:if>

    <div id='backlinks-container'>
    <div expr:id='data:widget.instanceId + &quot;_backlinks-container&quot;'>
       <b:if cond='data:post.showBacklinks'>
         <b:include data='post' name='backlinks'/>
       </b:if>
    </div>
    </div>
  </div>
</b:includable>
    <b:includable id='feedLinks'>
  <b:if cond='data:blog.pageType != &quot;item&quot;'> <!-- Blog feed links -->
    <b:if cond='data:feedLinks'>
      <div class='blog-feeds'>
        <b:include data='feedLinks' name='feedLinksBody'/>
      </div>
    </b:if>

    <b:else/> <!--Post feed links -->
    <div class='post-feeds'>
      <b:loop values='data:posts' var='post'>
        <b:if cond='data:post.allowComments'>
          <b:if cond='data:post.feedLinks'>
            <b:include data='post.feedLinks' name='feedLinksBody'/>
          </b:if>
        </b:if>
      </b:loop>
    </div>
  </b:if>
</b:includable>
    <b:includable id='feedLinksBody' var='links'>
  <div class='feed-links'>
  <data:feedLinksMsg/>
  <b:loop values='data:links' var='f'>
     <a class='feed-link' expr:href='data:f.url' expr:type='data:f.mimeType' target='_blank'><data:f.name/> (<data:f.feedType/>)</a>
  </b:loop>
  </div>
</b:includable>
    <b:includable id='iframe_comments' var='post'>

  <b:if cond='data:post.allowIframeComments'>
    <script expr:src='data:post.iframeCommentSrc' type='text/javascript'/>
    <div class='cmt_iframe_holder'/>

    <b:if cond='data:post.embedCommentForm == &quot;false&quot;'>
      <a expr:href='data:post.addCommentUrl' expr:onclick='data:post.addCommentOnclick'><data:postCommentMsg/></a>
    </b:if>
  </b:if>
</b:includable>
    <b:includable id='mobile-index-post' var='post'>
  <div class='mobile-date-outer date-outer'>
    <div class='mobile-post-outer'>
      <a expr:href='data:post.url'>
        <h3 class='mobile-index-title entry-title'>
          <data:post.title/>
        </h3>

        <div class='mobile-index-arrow'>&amp;rsaquo;</div>

        <div class='mobile-index-contents'>
          <b:if cond='data:post.thumbnailUrl'>
            <div class='mobile-index-thumbnail'>
              <div class='Image'>
                <img expr:src='data:post.thumbnailUrl'/>
              </div>
            </div>
          </b:if>

          <div class='post-body'>
            <b:if cond='data:post.snippet'><data:post.snippet/></b:if>
          </div>
        </div>

        <div style='clear: both;'/>
      </a>

      <div class='mobile-index-comment'>
        <b:if cond='data:blog.pageType != &quot;static_page&quot;'>
          <b:if cond='data:post.allowComments'>
            <b:if cond='data:post.numComments != 0'>
              <a class='comment-link' expr:href='data:post.addCommentUrl' expr:onclick='data:post.addCommentOnclick'><b:if cond='data:post.numComments == 1'>1 <data:top.commentLabel/><b:else/><data:post.numComments/> <data:top.commentLabelPlural/></b:if></a>
            </b:if>
          </b:if>
        </b:if>
      </div>
    </div>
  </div>
</b:includable>
    <b:includable id='mobile-main' var='top'>
    <!-- posts -->
    <div class='blog-posts hfeed'>
      <b:include data='top' name='status-message'/>
      <b:if cond='data:blog.pageType == &quot;index&quot;'>
        <b:loop values='data:posts' var='post'>
          <b:include data='post' name='mobile-index-post'/>
        </b:loop>
      <b:else/>
        <b:loop values='data:posts' var='post'>
          <b:include data='post' name='mobile-post'/>
        </b:loop>
      </b:if>
    </div>

   <b:include name='mobile-nextprev'/>
</b:includable>
    <b:includable id='mobile-nextprev'>
  <div class='blog-pager' id='blog-pager'>
    <b:if cond='data:newerPageUrl'>
      <div class='mobile-link-button' id='blog-pager-newer-link'>
      <a class='blog-pager-newer-link' expr:href='data:newerPageUrl' expr:id='data:widget.instanceId + &quot;_blog-pager-newer-link&quot;' expr:title='data:newerPageTitle'>&amp;lsaquo;</a>
      </div>
    </b:if>

    <b:if cond='data:olderPageUrl'>
      <div class='mobile-link-button' id='blog-pager-older-link'>
      <a class='blog-pager-older-link' expr:href='data:olderPageUrl' expr:id='data:widget.instanceId + &quot;_blog-pager-older-link&quot;' expr:title='data:olderPageTitle'>&amp;rsaquo;</a>
      </div>
    </b:if>

    <div class='mobile-link-button' id='blog-pager-home-link'>
    <a class='home-link' expr:href='data:blog.homepageUrl'><data:homeMsg/></a>
    </div>

    <div class='mobile-desktop-link'>
      <a class='home-link' expr:href='data:desktopLinkUrl'><data:desktopLinkMsg/></a>
    </div>

  </div>
  <div class='clear'/>
</b:includable>
    <b:includable id='mobile-post' var='post'>
  <div class='date-outer'>
    <div class='date-posts'>
      <div class='post-outer'>

        <div class='post'>
          <b:if cond='data:post.title'>
            <h3 class='post-title'>
              <b:if cond='data:post.link'>
                <a expr:href='data:post.link'><data:post.title/></a>
              <b:else/>
                <b:if cond='data:post.url'>
                  <b:if cond='data:blog.url != data:post.url'>
                    <a expr:href='data:post.url'><data:post.title/></a>
                  <b:else/>
                    <data:post.title/>
                  </b:if>
                <b:else/>
                  <data:post.title/>
                </b:if>
              </b:if>
            </h3>
          </b:if>

          <div class='post-header'/>

          <div class='post-body'>
            <data:post.body/>
            <div class='clear'/> 
          </div>

          <div class='post-footer'>
            <div class='post-footer-line post-footer-line-1'>
              <span class='post-author vcard'>
                <b:if cond='data:top.showAuthor'>
                  <b:if cond='data:post.authorProfileUrl'>
                    <span class='fn'>
                      <a expr:href='data:post.authorProfileUrl' rel='author' title='author profile'>
                        <data:post.author/>
                      </a>
                    </span>
                  <b:else/>
                    <span class='fn'><data:post.author/></span>
                  </b:if>
                </b:if>
              </span>

              <span class='post-timestamp'>
                <b:if cond='data:top.showTimestamp'>
                  <data:top.timestampLabel/>
                  <b:if cond='data:post.url'>
                    <a class='timestamp-link' expr:href='data:post.url' rel='bookmark' title='permanent link'><abbr class='published' expr:title='data:post.timestampISO8601'><data:post.timestamp/></abbr></a>
                  </b:if>
                </b:if>
              </span>

              <span class='post-comment-link'>
                <b:if cond='data:blog.pageType != &quot;item&quot;'>
                  <b:if cond='data:blog.pageType != &quot;static_page&quot;'>
                    <b:if cond='data:post.allowComments'>
                      <a class='comment-link' expr:href='data:post.addCommentUrl' expr:onclick='data:post.addCommentOnclick'><b:if cond='data:post.numComments == 1'>1 <data:top.commentLabel/><b:else/><data:post.numComments/> <data:top.commentLabelPlural/></b:if></a>
                    </b:if>
                  </b:if>
                </b:if>
              </span>
            </div>

            <div class='post-footer-line post-footer-line-2'>
              <b:if cond='data:top.showMobileShare'>
                <div class='mobile-link-button goog-inline-block' id='mobile-share-button'>
                  <a href='javascript:void(0);'><data:shareMsg/></a>
                </div>
              </b:if>
              <b:if cond='data:top.showDummy'>
                <div class='goog-inline-block dummy-container'><data:post.dummyTag/></div>
              </b:if>
            </div>

          </div>
        </div>

        <b:if cond='data:blog.pageType != &quot;index&quot;'>
          <b:if cond='data:post.showThreadedComments'>
            <b:include data='post' name='threaded_comments'/>
          <b:else/>
            <b:include data='post' name='comments'/>
          </b:if>
        </b:if>

      </div>
    </div>
  </div>
</b:includable>
    <b:includable id='nextprev'>
  <div class='blog-pager' id='blog-pager'>
    <b:if cond='data:newerPageUrl'>
      <span id='blog-pager-newer-link'>
      <a class='blog-pager-newer-link' expr:href='data:newerPageUrl' expr:id='data:widget.instanceId + &quot;_blog-pager-newer-link&quot;' expr:title='data:newerPageTitle'><data:newerPageTitle/></a>
      </span>
    </b:if>
	
    <a class='home-link' expr:href='data:blog.homepageUrl'><data:homeMsg/></a>
	
    <b:if cond='data:olderPageUrl'>
      <span id='blog-pager-older-link'>
      <a class='blog-pager-older-link' expr:href='data:olderPageUrl' expr:id='data:widget.instanceId + &quot;_blog-pager-older-link&quot;' expr:title='data:olderPageTitle'><data:olderPageTitle/></a>
      </span>
    </b:if>

    <b:if cond='data:mobileLinkUrl'>
      <div class='blog-mobile-link'>
        <a expr:href='data:mobileLinkUrl'><data:mobileLinkMsg/></a>
      </div>
    </b:if>

  </div>
  <div class='clear'/>
</b:includable>
    <b:includable id='post' var='post'>
<div class='post'>
<b:if cond='data:blog.pageType == &quot;index&quot;'>
<div class='post-header'>
<b:if cond='data:post.title'>
<h3>
<b:if cond='data:post.link'>
<a expr:href='data:post.link' expr:title='data:post.title'><data:post.title/></a>
<b:else/>
<b:if cond='data:post.url'>
<a expr:href='data:post.url' expr:title='data:post.title'><data:post.title/></a>
<b:else/><data:post.title/>
</b:if>
</b:if>
</h3>
</b:if>
<div class='post-meta'>
<span class='post-author'>
        <b:if cond='data:top.showAuthor'>
          By <data:post.author/>
        </b:if>
      </span>

<span class='post-comment-link'>
            <b:if cond='data:post.allowComments'>
              <a class='comment-link' expr:href='data:post.addCommentUrl' expr:onclick='data:post.addCommentOnclick'><b:if cond='data:post.numComments == 1'>1 <data:top.commentLabel/><b:else/><data:post.numComments/> <data:top.commentLabelPlural/></b:if></a>
        </b:if>
</span>

<span class='post-timestamp' rel='bookmark' title='permanent link'>
        <b:if cond='data:top.showTimestamp'>
        <b:if cond='data:post.url'>
          <data:post.timestamp/>
        </b:if>
        </b:if>
      </span>
  </div>
  </div>
<b:else/>
<h1><b:if cond='data:post.link'><a expr:href='data:post.link' expr:title='data:post.title'><data:post.title/></a><b:else/><data:post.title/>
</b:if></h1>
</b:if>

<div class='post-body'>
<b:if cond='data:blog.pageType == &quot;index&quot;'>
 <span expr:id='&quot;p&quot; + data:post.id'><data:post.body/></span>
 <script type='text/javascript'>var x=&quot;<data:post.url/>&quot;;rm(&quot;p<data:post.id/>&quot;)</script><b:else/><data:post.body/></b:if>
 <b:if cond='data:post.hasJumpLink'>
   <div class='jump-link'><a expr:href='data:post.url + &quot;#more&quot;' rel='nofollow'>READ MORE</a></div><b:else/>
 <b:if cond='data:blog.pageType == &quot;index&quot;'>
<div class='jump-link'><a expr:href='data:post.url' rel='nofollow'>READ MORE</a></div>
</b:if>
</b:if>
</div>
<div class='clear'/>
<b:if cond='data:blog.pageType == &quot;item&quot;'>
<div class='post-footer'>
<div class='post-labels'>
        <b:if cond='data:post.labels'>
          <data:postLabelsLabel/>
          <b:loop values='data:post.labels' var='label'>
            <a expr:href='data:label.url' rel='tag'><data:label.name/></a>
          </b:loop>
        </b:if>
</div> 
	  
<div class='post-share-buttons goog-inline-block'>
        <b:if cond='data:post.sharePostUrl'>
          <b:include data='post' name='shareButtons'/>
        </b:if>
</div>

<span class='post-icons'>
        <!-- email post links -->
        <b:if cond='data:post.emailPostUrl'>
          <span class='item-action'>
          <a expr:href='data:post.emailPostUrl' expr:title='data:top.emailPostMsg'>
              <img alt='' class='icon-action' height='13' src='http://img1.blogblog.com/img/icon18_email.gif' width='18'/>
          </a>
          </span>
        </b:if>
        <!-- quickedit pencil -->
        <b:include data='post' name='postQuickEdit'/>
      </span>

      <span class='post-location'>
        <b:if cond='data:top.showLocation'>
          <b:if cond='data:post.location'>
            <data:postLocationLabel/>
            <a expr:href='data:post.location.mapsUrl' target='_blank'><data:post.location.name/></a>
          </b:if>
        </b:if>
      </span> 

<div class='author_post'>
 <div class='author_post_item'>
 <div class='author_post_name'>
 <h4>About &quot;<a href='#' rel='author'>Administrator</a>&quot;</h4>
 </div>
 <div class='author_post_pic'>
 <img class='avatar avatar-56 photo' height='56' src='https://lh6.googleusercontent.com/-ucW54KrUUxs/UbXqMVx_HRI/AAAAAAAABxQ/vsoaxabM_NE/s56/avatar.png' width='56'/></div>
 <div class='author_post_desc'>
 Lorem ipsum dolor sit amet, consectetur adipiscing elit. Vivamus suscipit, augue quis mattis gravida, est dolor elementum felis, sed vehicula metus quam a mi. Praesent dolor felis, consectetur nec convallis vitae. </div>
 <div class='clear'/>
 </div>
 </div>
<div id='related-posts'>
<script type='text/javascript'>//<![CDATA[
var ry='<h3 class="heading-border"><span>Related Articles</span></h3>';rn='<h3 class="heading-border"><span>No related article available</span></h3>';rcomment='comments';rdisable='disable comments';commentYN='yes';
var dw='';titles=new Array();titlesNum=0;urls=new Array();timeR=new Array();thumb=new Array();commentsNum=new Array();comments=new Array();function related_results_labels(c){for(var b=0;b<c.feed.entry.length;b++){var d=c.feed.entry[b];titles[titlesNum]=d.title.$t;for(var a=0;a<d.link.length;a++){if('thr$total' in d){commentsNum[titlesNum]=d.thr$total.$t+' '+rcomment}else{commentsNum[titlesNum]=rdisable};if(d.link[a].rel=="alternate"){urls[titlesNum]=d.link[a].href;timeR[titlesNum]=d.published.$t;if('media$thumbnail' in d){thumb[titlesNum]=d.media$thumbnail.url}else{thumb[titlesNum]='http://lh3.ggpht.com/--Z8SVBQZ4X8/TdDxPVMl_sI/AAAAAAAAAAA/jhAgjCpZtRQ/no-image.png'};titlesNum++;break}}}}function removeRelatedDuplicates(){var b=new Array(0);c=new Array(0);e=new Array(0);f=new Array(0);g=new Array(0);for(var a=0;a<urls.length;a++){if(!contains(b,urls[a])){b.length+=1;b[b.length-1]=urls[a];c.length+=1;c[c.length-1]=titles[a];e.length+=1;e[e.length-1]=timeR[a];f.length+=1;f[f.length-1]=thumb[a];g.length+=1;g[g.length-1]=commentsNum[a]}}urls=b;titles=c;timeR=e;thumb=f;commentsNum=g}function contains(b,d){for(var c=0;c<b.length;c++){if(b[c]==d){return true}}return false}function printRelatedLabels(a){var y=a.indexOf('?m=0');if(y!=-1){a=a.replace(/\?m=0/g,'')}for(var b=0;b<urls.length;b++){if(urls[b]==a){urls.splice(b,1);titles.splice(b,1);timeR.splice(b,1);thumb.splice(b,1);commentsNum.splice(b,1)}}var c=Math.floor((titles.length-1)*Math.random());var b=0;if(titles.length==0){dw+=rn}else{dw+=ry;dw+='<ul>';while(b<titles.length&&b<20&&b<maxresults){if(y!=-1){urls[c]=urls[c]+'?m=0'}if(commentYN=='yes'){comments[c]=' - '+commentsNum[c]}else{comments[c]=''};dw+='<li><div class="pthumb"><a href="'+urls[c]+'" rel="nofollow"><img alt="'+titles[c]+'" src="'+ thumb[c].replace("/s72-c/","/s150/")+'"/></a></div><a href="'+urls[c]+'" rel="nofollow">'+titles[c]+'</a><div class="clear"></div></li></div>';if(c<titles.length-1){c++}else{c=0}b++}dw+='</ul>'};urls.splice(0,urls.length);titles.splice(0,titles.length);document.getElementById('related-posts').innerHTML=dw};
//]]></script>
<b:loop values='data:post.labels' var='label'>
<script expr:src='&quot;/feeds/posts/default/-/&quot; + data:label.name + &quot;?alt=json-in-script&amp;callback=related_results_labels&quot;' type='text/javascript'/>
</b:loop>
<script type='text/javascript'>var maxresults=4;removeRelatedDuplicates();printRelatedLabels(&#39;<data:post.url/>&#39;);</script>
</div>
<div class='clear'/>
 </div>
  </b:if>
  </div>
</b:includable>
    <b:includable id='postQuickEdit' var='post'>
  <b:if cond='data:post.editUrl'>
    <span expr:class='&quot;item-control &quot; + data:post.adminClass'>
      <a expr:href='data:post.editUrl' expr:title='data:top.editPostMsg'>
        <img alt='' class='icon-action' height='18' src='http://img2.blogblog.com/img/icon18_edit_allbkg.gif' width='18'/>
      </a>
    </span>
  </b:if>
</b:includable>
    <b:includable id='shareButtons' var='post'>
  <b:if cond='data:top.showEmailButton'><a class='goog-inline-block share-button sb-email' expr:href='data:post.sharePostUrl + &quot;&amp;target=email&quot;' expr:title='data:top.emailThisMsg' target='_blank'><span class='share-button-link-text'><data:top.emailThisMsg/></span></a></b:if><b:if cond='data:top.showBlogThisButton'><a class='goog-inline-block share-button sb-blog' expr:href='data:post.sharePostUrl + &quot;&amp;target=blog&quot;' expr:onclick='&quot;window.open(this.href, \&quot;_blank\&quot;, \&quot;height=270,width=475\&quot;); return false;&quot;' expr:title='data:top.blogThisMsg' target='_blank'><span class='share-button-link-text'><data:top.blogThisMsg/></span></a></b:if><b:if cond='data:top.showTwitterButton'><a class='goog-inline-block share-button sb-twitter' expr:href='data:post.sharePostUrl + &quot;&amp;target=twitter&quot;' expr:title='data:top.shareToTwitterMsg' target='_blank'><span class='share-button-link-text'><data:top.shareToTwitterMsg/></span></a></b:if><b:if cond='data:top.showFacebookButton'><a class='goog-inline-block share-button sb-facebook' expr:href='data:post.sharePostUrl + &quot;&amp;target=facebook&quot;' expr:onclick='&quot;window.open(this.href, \&quot;_blank\&quot;, \&quot;height=430,width=640\&quot;); return false;&quot;' expr:title='data:top.shareToFacebookMsg' target='_blank'><span class='share-button-link-text'><data:top.shareToFacebookMsg/></span></a></b:if><b:if cond='data:top.showOrkutButton'><a class='goog-inline-block share-button sb-orkut' expr:href='data:post.sharePostUrl + &quot;&amp;target=orkut&quot;' expr:title='data:top.shareToOrkutMsg' target='_blank'><span class='share-button-link-text'><data:top.shareToOrkutMsg/></span></a></b:if><b:if cond='data:top.showDummy'><div class='goog-inline-block dummy-container'><data:post.dummyTag/></div></b:if>
</b:includable>
    <b:includable id='status-message'>
  <b:if cond='data:navMessage'>
  <div class='status-msg-wrap'>
    <div class='status-msg-body'>
      <data:navMessage/>
    </div>
  </div>
  <div class='clear'/>
  </b:if>
</b:includable>
    <b:includable id='threaded-comment-form' var='post'>
  <div class='comment-form'>
    <a name='comment-form'/>
    <b:if cond='data:mobile'>
      <p><data:blogCommentMessage/></p>
      <data:blogTeamBlogMessage/>
      <a expr:href='data:post.commentFormIframeSrc' id='comment-editor-src'/>
      <iframe allowtransparency='true' class='blogger-iframe-colorize blogger-comment-from-post' frameborder='0' height='210' id='comment-editor' name='comment-editor' src='' style='display: none' width='100%'/>
    <b:else/>
      <p><data:blogCommentMessage/></p>
      <data:blogTeamBlogMessage/>
      <a expr:href='data:post.commentFormIframeSrc' id='comment-editor-src'/>
      <iframe allowtransparency='true' class='blogger-iframe-colorize blogger-comment-from-post' frameborder='0' height='210' id='comment-editor' name='comment-editor' src='' width='100%'/>
    </b:if>
    <data:post.friendConnectJs/>
    <data:post.cmtfpIframe/>
    <script type='text/javascript'>
      BLOG_CMT_createIframe(&#39;<data:post.appRpcRelayPath/>&#39;, &#39;<data:post.communityId/>&#39;);
    </script>
  </div>
</b:includable>
    <b:includable id='threaded_comment_js' var='post'>
  <script async='async' expr:src='data:post.commentSrc' type='text/javascript'/>

  <script type='text/javascript'>
    (function() {
      var items = <data:post.commentJso/>;
      var msgs = <data:post.commentMsgs/>;
      var config = <data:post.commentConfig/>;

// <![CDATA[
      var cursor = null;
      if (items && items.length > 0) {
        cursor = parseInt(items[items.length - 1].timestamp) + 1;
      }

      var bodyFromEntry = function(entry) {
        if (entry.gd$extendedProperty) {
          for (var k in entry.gd$extendedProperty) {
            if (entry.gd$extendedProperty[k].name == 'blogger.contentRemoved') {
              return '<span class="deleted-comment">' + entry.content.$t + '</span>';
            }
          }
        }
        return entry.content.$t;
      }

      var parse = function(data) {
        cursor = null;
        var comments = [];
        if (data && data.feed && data.feed.entry) {
          for (var i = 0, entry; entry = data.feed.entry[i]; i++) {
            var comment = {};
            // comment ID, parsed out of the original id format
            var id = /blog-(\d+).post-(\d+)/.exec(entry.id.$t);
            comment.id = id ? id[2] : null;
            comment.body = bodyFromEntry(entry);
            comment.timestamp = Date.parse(entry.published.$t) + '';
            if (entry.author && entry.author.constructor === Array) {
              var auth = entry.author[0];
              if (auth) {
                comment.author = {
                  name: (auth.name ? auth.name.$t : undefined),
                  profileUrl: (auth.uri ? auth.uri.$t : undefined),
                  avatarUrl: (auth.gd$image ? auth.gd$image.src : undefined)
                };
              }
            }
            if (entry.link) {
              if (entry.link[2]) {
                comment.link = comment.permalink = entry.link[2].href;
              }
              if (entry.link[3]) {
                var pid = /.*comments\/default\/(\d+)\?.*/.exec(entry.link[3].href);
                if (pid && pid[1]) {
                  comment.parentId = pid[1];
                }
              }
            }
            comment.deleteclass = 'item-control blog-admin';
            if (entry.gd$extendedProperty) {
              for (var k in entry.gd$extendedProperty) {
                if (entry.gd$extendedProperty[k].name == 'blogger.itemClass') {
                  comment.deleteclass += ' ' + entry.gd$extendedProperty[k].value;
                }
              }
            }
            comments.push(comment);
          }
        }
        return comments;
      };

      var paginator = function(callback) {
        if (hasMore()) {
          var url = config.feed + '?alt=json&v=2&orderby=published&reverse=false&max-results=50';
          if (cursor) {
            url += '&published-min=' + new Date(cursor).toISOString();
          }
          window.bloggercomments = function(data) {
            var parsed = parse(data);
            cursor = parsed.length < 50 ? null
                : parseInt(parsed[parsed.length - 1].timestamp) + 1
            callback(parsed);
            window.bloggercomments = null;
          }
          url += '&callback=bloggercomments';
          var script = document.createElement('script');
          script.type = 'text/javascript';
          script.src = url;
          document.getElementsByTagName('head')[0].appendChild(script);
        }
      };
      var hasMore = function() {
        return !!cursor;
      };
      var getMeta = function(key, comment) {
        if ('iswriter' == key) {
          var matches = !!comment.author
              && comment.author.name == config.authorName
              && comment.author.profileUrl == config.authorUrl;
          return matches ? 'true' : '';
        } else if ('deletelink' == key) {
          return config.baseUri + '/delete-comment.g?blogID='
               + config.blogId + '&postID=' + comment.id;
        } else if ('deleteclass' == key) {
          return comment.deleteclass;
        }
        return '';
      };

      var replybox = null;
      var replyUrlParts = null;
      var replyParent = undefined;

      var onReply = function(commentId, domId) {
        if (replybox == null) {
          // lazily cache replybox, and adjust to suit this style:
          replybox = document.getElementById('comment-editor');
          if (replybox != null) {
            replybox.height = '210px';
            replybox.style.display = 'block';
            replyUrlParts = replybox.src.split('#');
          }
        }
        if (replybox && (commentId !== replyParent)) {
cancelRep = document.getElementById('bc_0_' + items.length + 'I');
document.getElementById(domId).insertBefore(cancelRep, null);
cancelRep.innerHTML = cancelRep.innerHTML.replace(msgs.addComment, 'Cancel reply');
if ((commentId != replyParent) && (replybox.src.indexOf('&parentID=') == -1)) {
    cancelRep.style.display = 'inline-block'
}
          document.getElementById(domId).insertBefore(replybox, null);
          replybox.src = replyUrlParts[0]
              + (commentId ? '&parentID=' + commentId : '')
              + '#' + replyUrlParts[1];
          replyParent = commentId;
        }
      };

      var hash = (window.location.hash || '#').substring(1);
      var startThread, targetComment;
      if (/^comment-form_/.test(hash)) {
        startThread = hash.substring('comment-form_'.length);
      } else if (/^c[0-9]+$/.test(hash)) {
        targetComment = hash.substring(1);
      }

      // Configure commenting API:
      var configJso = {
        'maxDepth': config.maxThreadDepth
      };
      var provider = {
        'id': config.postId,
        'data': items,
        'loadNext': paginator,
        'hasMore': hasMore,
        'getMeta': getMeta,
        'onReply': onReply,
        'rendered': true,
        'initComment': targetComment,
        'initReplyThread': startThread,
        'config': configJso,
        'messages': msgs
      };

      var render = function() {
        if (window.goog && window.goog.comments) {
          var holder = document.getElementById('comment-holder');
          window.goog.comments.render(holder, provider);
        }
      };

      // render now, or queue to render when library loads:
      if (window.goog && window.goog.comments) {
        render();
      } else {
        window.goog = window.goog || {};
        window.goog.comments = window.goog.comments || {};
        window.goog.comments.loadQueue = window.goog.comments.loadQueue || [];
        window.goog.comments.loadQueue.push(render);
      }
    })();
// ]]>
  </script>
</b:includable>
    <b:includable id='threaded_comments' var='post'>
  <div class='comments' id='comments'>
    <a name='comments'/>
    <h4><data:post.commentLabelFull/>:</h4>

    <div class='comments-content'>
      <b:if cond='data:post.embedCommentForm'>
        <b:include data='post' name='threaded_comment_js'/>
      </b:if>
      <div id='comment-holder'>
         <data:post.commentHtml/>
      </div>
    </div>

    <p class='comment-footer'>
      <b:if cond='data:post.allowNewComments'>
        <b:include data='post' name='threaded-comment-form'/>
      <b:else/>
        <data:post.noNewCommentsText/>
      </b:if>
    </p>

    <b:if cond='data:showCmtPopup'>
      <div id='comment-popup'>
        <iframe allowtransparency='true' frameborder='0' id='comment-actions' name='comment-actions' scrolling='no'>
        </iframe>
      </div>
    </b:if>

    <div id='backlinks-container'>
    <div expr:id='data:widget.instanceId + &quot;_backlinks-container&quot;'>
       <b:if cond='data:post.showBacklinks'>
         <b:include data='post' name='backlinks'/>
       </b:if>
    </div>
    </div>
  </div>
</b:includable>
  </b:widget>
</b:section>
</div>

<div id='sidebar-wrapper'>
<div class='share'>
 <div class='share_item'>
 <a class='twitterIcon' href='#'>twitter</a> 
 <a class='facebookIcon' href='#'>facebook</a> 
 <a class='googleIcon' href='#'>google</a> 
 <a class='inIcon' href='#'>linkedIn</a> 
 <a class='youtubeIcon' href='#'>youtube</a> 
 <a class='shareIcon' href='#'>shareThis</a> 
 <a class='dribbleIcon' href='#'>dribble</a>
</div>
</div>
<b:section class='sidebar' id='sidebar' preferred='yes'>
  <b:widget id='Label1' locked='false' title='Labels' type='Label'>
    <b:includable id='main'>
  <b:if cond='data:title'>
    <h2><data:title/></h2>
  </b:if>
  <div expr:class='&quot;widget-content &quot; + data:display + &quot;-label-widget-content&quot;'>
    <b:if cond='data:display == &quot;list&quot;'>
      <ul>
      <b:loop values='data:labels' var='label'>
        <li>
          <b:if cond='data:blog.url == data:label.url'>
            <span expr:dir='data:blog.languageDirection'><data:label.name/></span>
          <b:else/>
            <a expr:dir='data:blog.languageDirection' expr:href='data:label.url'><data:label.name/></a>
          </b:if>
        </li>
      </b:loop>
      </ul>
    <b:else/>
      <b:loop values='data:labels' var='label'>
        <span expr:class='&quot;label-size label-size-&quot; + data:label.cssSize'>
          <b:if cond='data:blog.url == data:label.url'>
            <span expr:dir='data:blog.languageDirection'><data:label.name/></span>
          <b:else/>
            <a expr:dir='data:blog.languageDirection' expr:href='data:label.url'><data:label.name/></a>
          </b:if>
          <b:if cond='data:showFreqNumbers'>
            <span class='label-count' dir='ltr'>(<data:label.count/>)</span>
          </b:if>
        </span>
      </b:loop>
    </b:if>
    <b:include name='quickedit'/>
  </div>
</b:includable>
  </b:widget>
  <b:widget id='HTML1' locked='false' title='Flickr Widget' type='HTML'>
    <b:includable id='main'>
  <!-- only display title if it's non-empty -->
  <b:if cond='data:title != &quot;&quot;'>
    <h2 class='title'><data:title/></h2>
  </b:if>
  <div class='widget-content'>
    <data:content/>
  </div>

  <b:include name='quickedit'/>
</b:includable>
  </b:widget>
</b:section>
<b:section class='sidebar' id='sidebar2' maxwidgets='4' preferred='yes' showaddelement='no'>
  <b:widget id='Image1' locked='true' title='Banner1' type='Image'>
    <b:includable id='main'>
    <b:if cond='data:title != &quot;&quot;'>
      <h2><data:title/></h2>
    </b:if>
    <div class='widget-content'>
      <b:if cond='data:link != &quot;&quot;'>
        <a expr:href='data:link' expr:title='data:caption'>
          <img expr:alt='data:title' expr:height='data:height' expr:id='data:widget.instanceId + &quot;_img&quot;' expr:src='data:sourceUrl' expr:width='data:width'/>
        </a>
      <b:else/>
        <img expr:alt='data:title' expr:height='data:height' expr:id='data:widget.instanceId + &quot;_img&quot;' expr:src='data:sourceUrl' expr:width='data:width'/>
      </b:if>
    </div>
    <b:include name='quickedit'/>
  </b:includable>
  </b:widget>
  <b:widget id='Image2' locked='true' title='Banner2' type='Image'>
    <b:includable id='main'>
    <b:if cond='data:title != &quot;&quot;'>
      <h2><data:title/></h2>
    </b:if>
    <div class='widget-content'>
      <b:if cond='data:link != &quot;&quot;'>
        <a expr:href='data:link' expr:title='data:caption'>
          <img expr:alt='data:title' expr:height='data:height' expr:id='data:widget.instanceId + &quot;_img&quot;' expr:src='data:sourceUrl' expr:width='data:width'/>
        </a>
      <b:else/>
        <img expr:alt='data:title' expr:height='data:height' expr:id='data:widget.instanceId + &quot;_img&quot;' expr:src='data:sourceUrl' expr:width='data:width'/>
      </b:if>
    </div>
    <b:include name='quickedit'/>
  </b:includable>
  </b:widget>
  <b:widget id='Image3' locked='true' title='Banner3' type='Image'>
    <b:includable id='main'>
    <b:if cond='data:title != &quot;&quot;'>
      <h2><data:title/></h2>
    </b:if>
    <div class='widget-content'>
      <b:if cond='data:link != &quot;&quot;'>
        <a expr:href='data:link' expr:title='data:caption'>
          <img expr:alt='data:title' expr:height='data:height' expr:id='data:widget.instanceId + &quot;_img&quot;' expr:src='data:sourceUrl' expr:width='data:width'/>
        </a>
      <b:else/>
        <img expr:alt='data:title' expr:height='data:height' expr:id='data:widget.instanceId + &quot;_img&quot;' expr:src='data:sourceUrl' expr:width='data:width'/>
      </b:if>
    </div>
    <b:include name='quickedit'/>
  </b:includable>
  </b:widget>
  <b:widget id='Image4' locked='true' title='Banner4' type='Image'>
    <b:includable id='main'>
    <b:if cond='data:title != &quot;&quot;'>
      <h2><data:title/></h2>
    </b:if>
    <div class='widget-content'>
      <b:if cond='data:link != &quot;&quot;'>
        <a expr:href='data:link' expr:title='data:caption'>
          <img expr:alt='data:title' expr:height='data:height' expr:id='data:widget.instanceId + &quot;_img&quot;' expr:src='data:sourceUrl' expr:width='data:width'/>
        </a>
      <b:else/>
        <img expr:alt='data:title' expr:height='data:height' expr:id='data:widget.instanceId + &quot;_img&quot;' expr:src='data:sourceUrl' expr:width='data:width'/>
      </b:if>
    </div>
    <b:include name='quickedit'/>
  </b:includable>
  </b:widget>
  <b:widget id='HTML4' locked='false' title='' type='HTML'>
    <b:includable id='main'>
  <!-- only display title if it's non-empty -->
  <b:if cond='data:title != &quot;&quot;'>
    <h2 class='title'><data:title/></h2>
  </b:if>
  <div class='widget-content'>
    <data:content/>
  </div>

  <b:include name='quickedit'/>
</b:includable>
  </b:widget>
</b:section>
</div>
<div class='clear'/>
</div> 
   
<div id='footer'>
<b:section class='column' id='column1' preferred='yes'>
  <b:widget id='HTML2' locked='false' title='About me' type='HTML'>
    <b:includable id='main'>
  <!-- only display title if it's non-empty -->
  <b:if cond='data:title != &quot;&quot;'>
    <h2 class='title'><data:title/></h2>
  </b:if>
  <div class='widget-content'>
    <data:content/>
  </div>

  <b:include name='quickedit'/>
</b:includable>
  </b:widget>
</b:section>
<b:section class='column' id='column2' preferred='yes'>
  <b:widget id='HTML3' locked='false' title='Latest Posts' type='HTML'>
    <b:includable id='main'>
  <!-- only display title if it's non-empty -->
  <b:if cond='data:title != &quot;&quot;'>
    <h2 class='title'><data:title/></h2>
  </b:if>
  <div class='widget-content'>
    <data:content/>
  </div>

  <b:include name='quickedit'/>
</b:includable>
  </b:widget>
</b:section>
<b:section class='column' id='column3' preferred='yes'>
  <b:widget id='Label2' locked='false' title='Labels' type='Label'>
    <b:includable id='main'>
  <b:if cond='data:title'>
    <h2><data:title/></h2>
  </b:if>
  <div expr:class='&quot;widget-content &quot; + data:display + &quot;-label-widget-content&quot;'>
    <b:if cond='data:display == &quot;list&quot;'>
      <ul>
      <b:loop values='data:labels' var='label'>
        <li>
          <b:if cond='data:blog.url == data:label.url'>
            <span expr:dir='data:blog.languageDirection'><data:label.name/></span>
          <b:else/>
            <a expr:dir='data:blog.languageDirection' expr:href='data:label.url'><data:label.name/></a>
          </b:if>
          <b:if cond='data:showFreqNumbers'>
            <span dir='ltr'>(<data:label.count/>)</span>
          </b:if>
        </li>
      </b:loop>
      </ul>
    <b:else/>
      <b:loop values='data:labels' var='label'>
          <b:if cond='data:blog.url == data:label.url'>
            <span expr:dir='data:blog.languageDirection'><data:label.name/></span>
          <b:else/>
            <a expr:dir='data:blog.languageDirection' expr:href='data:label.url'><data:label.name/></a>
          </b:if>
          <b:if cond='data:showFreqNumbers'>
            <span class='label-count' dir='ltr'>(<data:label.count/>)</span>
          </b:if>
      </b:loop>
    </b:if>
    <b:include name='quickedit'/>
  </div>
</b:includable>
  </b:widget>
</b:section>
<div class='clear'/>
</div>
  <div class='footerin'>Copyright &#169; 2013 <a expr:href='data:blog.homepageUrl' id='copyright'><data:blog.title/></a> and <a href='http://www.mybloggerthemes.com'>Blogger Templates</a> - <a href='http://www.softwanime.com'>Anime OST</a>.</div> 
</div>
<script type='text/javascript'>//<![CDATA[
var posts=4,
    num=2,
    previous="&#171;",
    next="&#187;";
eval(function(p,a,c,k,e,r){e=function(c){return(c<a?'':e(parseInt(c/a)))+((c=c%a)>35?String.fromCharCode(c+29):c.toString(36))};if(!''.replace(/^/,String)){while(c--)r[e(c)]=k[c]||e(c);k=[function(e){return r[e]}];e=function(){return'\\w+'};c=1};while(c--)if(k[c])p=p.replace(new RegExp('\\b'+e(c)+'\\b','g'),k[c]);return p}('1M((1s(x){11 d="";11 p=0;1O(p<x.18){15(x.1t(p)!="`")d+=x.1t(p++);16{11 l=x.1j(p+3)-28;15(l>4)d+=d.1P(d.18-x.1j(p+1)*1Q-x.1j(p+2)+1S-l,l);16 d+="`";p+=4}}1k d})("11 G = \\"/\\", C = 1u.17, H, D, B, F;I();1s 1T(a) {11 b = \\"\\";1U = 1X(1m / 2);15 (` 7\'= 1m - ` *%) {1m =` (& * 2 + 1;}1Z = B` E(` m!` 4\\"< 1) {` >$1;}21`!>(a / 22)` p!` Y!` ?$- 1 == ` 8\'{` X\'` ;(;}23 = `!)\\"+`\\"!#` k\\"` 6\\">` I%) {` F%` ,#;}b += \\"<1a 25=\'26\'>27 \\" + B + \\" 2a` (!`!6%+ \\"</1a>\\";11 c`\\"3(B)`!=%B >`\\"l!` &\\"== 2` &#D == \\"2b\\") {`!A#a 17=\\\\\\"\\" + G + \\"\\\\\\">\\" + 2d`!2\\"a>\\";} 16` H./2e/2f/\\" + F + \\"?&1v-2g=` n!2h` k!` 2i` }#`!M>#\\\\\\" 2j=\\\\\\"2k(\\" + c + \\");1k 1n`!2n` 2o`\\"A!` 2p}2q (11 d`%v$; d <= `%^!; d++`$I(d`\\"J&`%`\'\\\\\\"2r`!\\"#d`%I)`#2\'d ==`%=%`$2s`$2u` l$`$3d`\\"O!`#2v`\\"g#`$2w` 2x}11 e`)1+`+O$B <`*V(`!o]e`!:2y`!q^` 2z`\\"Q!f = 1o.2A(`\\"@!2B\\")`,@!g` 2C(\\"2D-2F\\");`(7%p = 0; p < f.18; p`(9!f[p].1w = b;}15 (f &&` D% > 0`#a!`1R!` ;!g) {g` L)\\"<1b`(l%2G`\\"Q#b`\\"O\\"1b`)t\\"`2V$2H`2U)a.2I`.g.b.2J`(S!$` V!R`(B\\".$t, 10);`3H(c);`!%&I(` y#a = C`0|\\".2K(`)<,) != -`*J$` =\'?2L-1v` ;\'F`!o!2M` ]9+ 14, ` [5)`&R%` 2N&` f$`$O!` .(q=\\") == -1 &&` H(.1x` 4$`\\"J.`!$-` @$D `)H$`#R!C` I&#2O=`# \'B = C`\\"+\'` 2P+ 8, C`&]#`\\"i&B = 1;}`\'{%2Q(\\"<2R 1d`.W(2S/`-y!/2T?`.0(1&2W=2X-2Y-` ^\\"&2Z=`&q+\\\\\\"></` >\\">\\"`!H&`\\"W!`\\"m!`\\"W\\"`#%\'`/:*`#%&`/I\\"= 20`(j\\"`\\".~`\\"30/-`1N\'`\\"32`\\"O)1\\\\\\" `#/*`*\\\\\'`.u)a) {33 = (a - 1) *`2^\\";H = a`*r!b`-34`-w\\"35\\")[0]`+?%` H%36` M#(\\"`!T\\"\\");c.37 = \\"1p/38` 5#;c.3a(\\"1d\\",`&.6`!}!-`$F!`3b!`\\",&+ `%L*`&H:3c\\");b.3e`,s*`1>*`\\"H~`\\"H~`&P.`\\"T~`#F,` >(`#P!3f`1Y%.3g`\\"q$b =`#Y!.3h.$t`)p\'0, 19) +` (3i, 29)`#a%3j(b)`+f!D =`.P$`24#d = `.$`3k(`#\'!c`\\"s-\\"`!D#s + `+C& + H`+8%` f,`/u$`$)%` 3l.17 = d;}(`#r%($) {$.3m = ` 8&a) {1k $(a).3n(\\"` C)`.&!= 3o;};$.` 3q, g`#G#h = 1e;h.$1q = $(f);h.` \'!f` 0\\"` }1, h`$Z\\"i = 1n` )!j = ` P!` )!k` /!` &\\"m` \'!n = 0` %!o ` \\"$p = -1` &!q ` \\"%r = 3r` W\\"s` .!t;`*^\'1y`!L\\"() {j.3s(\\"3t`\\"T*\\");1y` 4#();` H\'u` 1z`!G#n = j.1A().1f;o` %*1g`\'*!h.3u` 5#s) {o +` <- - j.3v` Y$`3$!p`39& = o;}k`!&!3w(\\"` I$\\");i = 1r`!\'+1B`3O%`\\"i*`\\"2!`\\"3x` &!`\\"e*`\\"[2`2(\'3y(`&\\"#a`%4!`!@$3z`\\"l\\"!`\'4\'0`\\"=\\"3A a === \\"` j$\\"` >&a.3B(j);}` +$`,D\'1h`!j#` H%k` d#`!b!` =)3C` ;.a` 3#` B*`%W%` F%!(`!&&||` f)`-x(`#=& {`\\"S!` M%) {r`$[!{1C:`$h#` (#\\"), 1D:j.3D(1r), 1E` 3$H` )!` 4$\'3E\'` h$` )!\\")});3F`$$\\" =`/I!`%r!:`\\"z#, 1f:`%d-`&S! ? 3G() : \\"\\", ` >\\"` ;6\\"\\" :`%5\'` 8\\", \'m` e!-1g\':\\"3I\\"}`%Q\\"` B&3K`\\"Q!) {`!r&.`\\"q!`\'z!` %!();}`\\"E\\"` :&);j.3L`45!3M-3N-`\\"E!-`\\"J\\"`3P\\"`!\'&3Q`(=!` U%` -0`)9\\"`&0%`%\\")`&/(`\'z$`(,&`3$%o`!/+3R`*v%b`-C!a = a - n;}`$3S`\'(%`$Z\\"a, 1g:b`#3U`$I%\\"`# m`\\"m!`(3W`.3(`\'|%` )%) {`.)#`((\\"`\'v%, \\"3X\\");`!&\\"{`(\'\\"\\"\\", `\\"T%l`\\"F#\\"`\\"V#m.1f`\\"H-\\"});j`#Z#`$3Y` U(`%;6`1W!`%D*3Z(x`\\"U#x != q` l!`\\"J!1g\\", o - x`40\\"x`.!+`)*(`.!/`\\"F\\"1F`-@41`3J&`!!!$.1h`/y)(j`,l!` Y!;}`!^$i`!N\\"i` 6!`4/\'` <\\"x = $(42).`$-\\"`#\'!`(@\\"y` ,/`\\"a!`([%`(l\'`$K*43`\'B! &&` X\'`\'6# <`#2(` C#`&g/ || `#J!44`4,%`2c(46` H#`3,0` a%` G(u` 1z}} 16 `47`.*!`!\\\\#b > 0 && y >= b -`%U+`\\" &`+\'`!48` H$`!49` b&`!]L`!b!n`!4a`3;\'`!B>` H!`!4b` 1i#`(]!-1` J(`!4c`)O&;`!g#`$@~`\\"v;`#+\'`%!!`\\"}#y +`\';\'1E() - j.4d` ,\\"1r)`%L$(`+*+||`#|\\"B`&,!()`#x$`#v%`!4e (l`+U\\"`/t%) {`%e*`#Y$`\\"f)}`%^G`%]+`%%]`%2(`%I>`!t\'`%j%`.v)`#N$`!a#`)p,`.f)` ##` 4,`.F\'`\\"-*`/j&`4f#`2V$`#v#a `#l,`\\"`(4g`#%`\\"&.`&E&` 1i\\"`4h#` Q-`#4i`\\"n$` >+`%1G}`/o!u = `\\"@%(a`#+#j.1h(\\":4j\\"`&x! = 1n;`13);}}`/z!v` W-` 8+` A!w` 9)`#@\'1o.1H`#B!` )%4k && a &&`2~\\"4l` +\\"4m` ,!` s#b` n(` [)(\\"1b`$J#!b.`%n!4n`%\\\\&4o;}b.1w = \\"x\\";b.1I.4p = `%D%:`#p!;1f:4q;\\";`!f)(b`31\\"c = a` `#`+D\\", 4r`$J$p` >\\"` &$;` B* = \\"4s\\";` ;\' = 4t` !d = `\\"-3().t` ^4u` T!e = d`+G!4v;`#U)(b)` +`!e-;`#7#e`({%`#B\\"` v!z`%=)e) {e = e || `.3\\".4w`$<!e.4x` )!4y) {` #,();}e.`!!\\"4z`\'%%};h.4A`&J,`*G% = $.4B({}, $`(<*.d` |\\"O` H\\", g);h.$1q`*W\\"z-4C\\",`+6\'4D);r = $(\\"<1b />\\");k`+ 1l`+4E`!H,j.1A()`\'1\\"`2m\'`\\"*!$1q.4F(r);}`1V&4G(\\"4H`+c,, u);` :,`$n\\"` 9-v`!0\\"`\\"<&`/O$`,:!` U\\"`/4I`\\"p(` M%;}` `+`,p$` d(`,4J` d)` O%` a-`2|%`!U*`-;2`!V+` R$`!4K` c/`./5`![,` 4L`4M$`!`*`4N`!`+` S%`!\\\\0` 4O`1.6`!b,` 4P`\\"U,`\\"?<`\\"4Q`#<-` +#` 4R` L$` \\\\,4S) {r.4T` (!` ,3;}`!+$`(\'3`+$)r`-W#(j`-`#());});` \\\\$`(4U` W)`4/(`&1G);4V`%1i$();` H\'`\\"4W)`4!,`!I&4X`!4Y) {z(a` y)` 4Z`+Q&50`+]F` D$`+51` ;%`!\\"-`-B\\"`1c\\"52(\\"` 2,});u()`0/%` &!`/V: = {53:0, 54:0, 1B:-1, `/o\\":1J};$.55`2t%` n!`12)a) {`2l#1e.56(`%\\\\)57`19,(1e, a`!}!};})(58);` \\"\\"(1o).59` f\'$) {15 ($(\\"#5a\\").18) {$(\\"<a 5b=\\\\\\"` 7%1K\\\\\\" 1I=\\\\\\"1p`2E!5c: 0 !5d; 1C: 5e` /)`2($: 5f` 1*5g:` &\\"l` 2*`3V#: 5h` -)5i-5j: 5k` /)5l: #5m` /(\\\\\\" 17=\\\\\\"5n://5o.5p.1L\\\\\\"> - T` ,# 5q <1a`\\"c%` x$5r` r*>5s` S$s</1a></a>\\").5t`4>!`#{)`3T!`$/)1K\\").1h(\\":5u\\")) {`$x$.1u.17 = `!5v\\"`-1i\\"$(\\"a[`\\"K.` C$5w.1L/\\\\\\"]`%U(`)V\\"` 5x` 4~`\\" L`!M~` <u`-o&`+k\\"`+;*`!M\\"1e` 8$1F() != 0`*S\\"#5y\\").5z();} 16` +5A`-q!});` .,5B`!3*$(\\"1H,1x\\").5C({`!D%:0}, 1J`,t!$(\\"#5D\\"`!n&`-A\\"` ?!5E:1p\\")`-l/11 a = `\\"R$5F` S!` (\\"5G`\\"5H` H! == a`!z!` +&\\"\\"`\\"N$` .\\"5I` D?\\"\\"` Y+a` a\\"});11 b = 5J;$(\\".5K 5L`!5M(\\"1D`3p!` $., b` ),5N`+x!` \'/1d\\",` n+1d\\").5O(\\"/s\\" + a + \\"-c/\\", ` +#b` *$)`1`\\"});$.5P();"))',62,362,'|||||||||||||||||||||||||||||||||||||||||||||||||||||||||||||||var||||if|else|href|length||span|div||src|this|top|left|is|_|charCodeAt|return||num|false|document|text|el|true|function|charAt|location|max|innerHTML|html|set|93|offset|bottom|display|width|height|Top|Q4|body|style|1000|ed|com|eval||while|substr|96||3104|loophalaman|nomerkiri|||parseInt||mulai||maksimal|posts|akhir||class|pages|Page|||of|page||previous|search|label|results|ost|i6|onclick|redirectpage|||gM|m2|RN|for|current|oF1||7o|b1|8X|WB|5next|WE|getElementsByName|Area|92ById|blog||pager|pagenavi|hitungtotaldata|feed|openS|indexOf|updated|substring|7Z|PageNo|82|write|script|feeds|summary|||alt|json|in|callback|VV||cG|jsonstart|a5Tag|head|create|type|java||setAttribute|4_|finddatepost||appendChild|post|entry|published|923|encodeURIComponent|0j|HZlocation|isScrollToFixed|data|undefined||X6f|nul|trigger|preUnfixed|options|position|css|a0|getLimit|limi|typeof|apply|Absolute|outerWidth|float|cssO|getMarginTop||0px||dontSet|addClass|oll|to||0d|className|removeO|E4||Q1||J0|none|wW|Left|0u|tcheck|window|min|postP||pre|4D1|fA|x0|L7|M0|L3|outerH|nTif|0K|os|2_|92|visible|createElement|endChild|remove|undingClientRect|null|cssText|100px|original|3000px|500|0c|100|event|pr|Default|Value|init|extend|index|zIndex|61m|after|bind|resiz|S3|u3|S0|_5re|00|073|e0|b5|C2u|O7|spacerClass|add|A3|se|c2|detach|87a|ng|un|o6j|Data|marginTop|limit|fn|each|new|jQuery|ready|copyright|id|nt|important|inline|relativ|visibility|9999|font|size|16px|color|ffffff|http|www|soratemplates|by|FFD508|Sora|insertA|hidden|q9|parablogspot|Rd|backtotop|fadeIn|2Ou|click|animate|navigasi_menu|input|val|focus|m6|blur|200|featured_item|img|yAattr|he|replace|noConflict'.split('|'),0,{}))
//]]></script>
</body>
</html>