<?xml version="1.0" encoding="UTF-8" ?>
<!DOCTYPE html>
<html lang='id' xmlns='http://www.w3.org/1999/xhtml' xmlns:b='http://www.google.com/2005/gml/b' xmlns:data='http://www.google.com/2005/gml/data' xmlns:expr='http://www.google.com/2005/gml/expr'>
<link href='http://fonts.googleapis.com/css?family=PT+Serif+Caption' rel='stylesheet' type='text/css'/>
<link href='http://fonts.googleapis.com/css?family=Architects+Daughter' rel='stylesheet' type='text/css'/>
<link href='http://fonts.googleapis.com/css?family=Pacifico' rel='stylesheet' type='text/css'/>
<head>
<b:include data='blog' name='all-head-content'/>
<title><data:blog.pageTitle/></title>
<b:skin><![CDATA[/*
-----------------------------------------------------------
<----------->Blogger Template Style<------------------------>
-----------------------------------------------------------
Template Name  : Lycus | Blogger Template
Author         : Best Theme / vk bhardwaj
Author URI     : http://besttheme.net/
Created Time   : 17:11 Tuesday (IST) - Time in India
Created Date   : Tuesday, May 31, 2011
------------------------------------------------------------
<------> Credit> BestTheme.Net / Www.Web2feel.Com    <------->
-----------------------------------------------------------*/
#navbar-iframe{display:none;}*{margin: 0px;padding: 0px;}
#LinkList11 h2{display:none;}
body#layout #sidebar-wrapper {margin-top:20px;width:280px;}
body#layout .blogname {margin:15px 0 0 0px;}
/*----------------------------------------------------
           {--------}  Generic  {--------}
----------------------------------------------------*/
body {
	margin:0 auto;
	padding:0px 0px 0px 0px;
	background:#212121  url(http://1.bp.blogspot.com/-4kBav_6LXXQ/TeShvzsXMBI/AAAAAAAAFRQ/mTzB8dtAt9c/s1600/body.jpg);
	font-family: Arial, verdana,Tahoma,Century gothic,  sans-serif;
	font-size:12px;
	}
img {
	border:0;
	margin: 0 0;
	}	
a {
	color: #9F3B27;
	text-decoration: none;
	outline:none;
	}
a:visited {
	color: #9F3B27;
	}
a:hover, a:active {
	color: #7F1500;
	text-decoration: none;
	}

h1,h2, h3, h4, h5, h6 {
	line-height:125%;
	font-weight: bold;
	}

table {
	border: 1px solid #e7e7e7;
	margin: 0 -1px 24px 0;
	text-align: left;
	width: 100%;
}
tr th,
thead th {
	color: #fff;
	font-size: 14px;
	font-weight: bold;
	line-height: 18px;
	padding: 9px 24px;
	border: 1px solid #e7e7e7;
	text-shadow:1px 1px 1px #6B6F7A;
	background:#858A99;
}
tr td {
	border: 1px solid #e7e7e7;
	padding: 6px 24px;
}
tr.odd td {
	background: #f2f7fc;
}


ul {
	list-style: square;
	}


blockquote {
	font-style: italic;
	color: #555;
	padding:10px;
	}
blockquote blockquote {
	color: #777;
	}
blockquote em {
	font-style: normal;
	}
pre {
	padding: 9px;
	background: #f9f9f9;
	border: 1px solid #ccc;
	}
code {
	padding: 0 3px;
	background: #eee;
	}
pre code {
	background: transparent;
	}
.clear {
	clear:both;
	}
img.centered  {
	display: block;
	margin-left: auto;
	margin-right: auto;
	margin-bottom: 10px;
	padding: 0px;
	}
	
img.alignnone {
	padding: 5px 5px;
	margin: 0px 0px 10px 0px;
	display: inline;
	background:#D3B06F;
	border: 1px solid #fff;
	}

img.alignright {
	padding: 5px 5px;
	margin: 5px 0px 10px 10px;
	display: inline;
	background:#D3B06F;
        border: 1px solid #fff;
	}

img.alignleft {
	padding: 5px 5px;
	margin: 5px 10px 10px 0px;
	display: inline;
	background:#D3B06F;
        border: 1px solid #fff;
	}
	
.aligncenter {
	display: block;
	margin-left: auto;
	margin-right: auto;
	margin-bottom: 10px;
	margin-top: 10px;
	}
.alignright {
	float: right;
	margin: 0px 0px 10px 10px;
	}

.alignleft {
	float: left;
	margin: 0px 10px 10px 0px;
	}
	
.rounded{
	border-radius: 5px;
	-moz-border-radius: 5px;
	-webkit-border-radius: 5px;
}

.insetshadow{
	box-shadow:inset 0 0 5px #ddd;
	-moz-box-shadow:inset 0 0 5px #ddd;
	-webkit-box-shadow:inset 0 0 5px #ddd;
}	
	
/*----------------------------------------------------
           {--------}  The Outer Cover  {--------}
----------------------------------------------------*/
#topx{
	width:1000px;
	margin:30px auto;	
}

#wrapper {
	margin:0px 0px;
	position:relative;
	padding:0px 0px;
	background:#271606;
	}

#casing {
	padding:0px 0px ;
	width:980px;
	margin:0px 10px;
	background:url(http://1.bp.blogspot.com/-7OkDvpMa5yc/TeSh6za3-eI/AAAAAAAAFRY/8SFe4-UCs7I/s1600/casing.png) repeat-y;
	}		

	
/*----------------------------------------------------
           {--------}  The Header  {--------}
----------------------------------------------------*/
.masthead{
	height:72px;
	background:url(http://4.bp.blogspot.com/-a2T0SrPnLFA/TeSiCvVjzqI/AAAAAAAAFRg/E44uxobxQ3I/s1600/head.png) no-repeat;
	}
	
#top {
	height:72px;
	margin:auto;
	position:relative;

	}
	
.head{
	width:1000px;
	margin:0px auto;
}

.blogname {
	width:270px;
	margin:20px 0 0 20px;
	height:50px;
	text-align:left;
	float:left;
	font-family:'PT Serif Caption', arial, serif;

	}
.blogname h1  {
	font-size:26px;
	padding:0px 0 0px 0;
	font-weight:bold;
	text-shadow:1px 1px 0px #172527;
        color: #FAF8C9;
	}
.blogname h1  a:link, .blogname h1  a:visited{ 
	color: #FAF8C9; 
	display:block;
	margin:0px 0 0 0px;
	}
	
.blogname h1  a:hover { 
	color: #fff; 
	}
.blogname h2 {
	margin:0px 0px 0px 0px;
	font-size:16px;
	font-weight:bold;
	color: #DEE0E5; 
	text-shadow:1px 1px 0px #172527;
	}


/*----------------------------------------------------
           {--------}  The Search  {--------}
----------------------------------------------------*/	
#search {

	width:260px;
	padding:5px 5px ;
	margin:0px 0px 0px 0px;
	background:url(images/search.png);
	display:inline-block;
	border:none;
	height:28px;
}

#search form {
	margin: 0px 0px 0px 0px;
	padding: 0;
}

#search fieldset {
	margin: 0;
	padding: 0;
	border: none;
}

#search p {
	margin: 0;
	font-size: 85%;
}

#s {
	width:155px;
	background:transparent;
	margin:0px 0px 0px 0px;
	padding: 3px 5px;
	height:18px;
	border:none;
	font: normal 100% "Tahoma", Arial, Helvetica, sans-serif;
	color:#595647;
	float:left;
	display:inline;
}

#searchsubmit{
	background:url(http://3.bp.blogspot.com/-UMpbg6BTqMQ/TeSiJ_EpcQI/AAAAAAAAFRo/L11baFuIEJo/s1600/searchbutton.png);
	border:none;
	color:#fff;
	display:block;
	margin:0px 0px 0px 10px;
	width:77px;
	height:29px;
	float:left; 
	cursor:pointer;
}	

#searchpage{
	background:#fff;
	border:1px solid #DBDBDB;
	margin:15px 15px 0px 0px;
}

#sform{
	width:400px;
	border:none;
	padding:4px 5px;
}

#formsubmit{
	float:right;
	background:#C7323E ;
	border-left:1px solid #DBDBDB!important;
	color:#fff;
	border:none;
	padding:3px 5px;
}
.scover{
	
	width:670px;
}
.sboxs{
	padding:10px 5px;
	margin-left:150px;
}
.shead{
	margin:10px 0px 25px 10px;
	width:500px;
	margin-left:150px;
}
.shead p{
	margin-left:15px;
	margin-bottom:10px;
	color:#222;
}

h2.stitle{
	color:#513419;
	font-weight:normal;
}
h2.stitle a{
	color:#513419;

}
.searchmeta{
	margin-top:5px; 
	color:#0163C4;
}

/*----------------------------------------------------
           {--------}  Page Menu  {--------}
----------------------------------------------------*/
#foxmenucontainer{
	height:40px;
	display:block;
	margin:15px 0px 0px 0px;
	font-size: 12px;
	font-family:Arial, verdana,Tahoma,Century gothic,  sans-serif;	
	width:700px;
	float:left;
	}
	
#menu {

	margin: 0 auto 0;
	}
	
#menu ul {
	width: 100%;
	float: left;
	list-style: none;
	margin: 0;
	padding: 0;
	}
	
#menu li {
	float: left;
	list-style: none;
	margin: 0;
	padding: 0;
	line-height:40px;
	color: #E8E5B0;	
	}
	
#menu li a {

	color: #E8E5B0;
	display: block;
        margin: 0;
	padding: 0px 10px;
	text-decoration: none;
	position: relative;
	text-shadow:1px 1px 0px #22282D;
	}

#menu li a:hover, #menu li a:active, #menu .current_page_item a  {
	color: #fff;

	}
	
#menu li a.sf-with-ul {
	padding-right: 20px;
	}	
	
#menu li a .sf-sub-indicator {
	display: block;
	width: 10px;
	height: 10px;
	text-indent: -9999px;
	overflow: hidden;
	position: absolute;
	top: 19px;
	right: 5px;
	}
	
#menu li li a, #menu li li a:link, #menu li li a:visited {
	color: #A57D59;
	width: 148px; 
	font-family: Arial, Tahoma, Verdana;
	margin: 0;
	padding: 0px 10px;
	line-height:30px;
	border-bottom: 1px solid #3C240F;
	text-transform: none;
	position: relative;
	}
	
#menu li li a:hover, #menu li li a:active {
	color: #fff;
	
	}

#menu li li a .sf-sub-indicator {

	top: 10px;
	}
ul.sub-menu li:first-child{
	border-top:1px solid #3C240F;
}
#menu li ul {
	z-index: 9999;
	position: absolute;
	left: -999em;
	height: auto;
	width: 170px;
	margin: 0;
	padding: 10px 10px;
	background:#2B1807;
	border-radius: 5px;
	-moz-border-radius: 5px;
	-webkit-border-radius: 5px;
	
	}

#menu li ul a { 
	width: 150px;
	}

#menu li ul a:hover, #menu li ul a:active { 
	}

#menu li ul ul {
	margin: -41px 0 0 184px;
	}

#menu li:hover ul ul, #menu li:hover ul ul ul, #menu li.sfHover ul ul, #menu li.sfHover ul ul ul {
	left: -999em;
	}

#menu li:hover ul, #menu li li:hover ul, #menu li li li:hover ul, #menu li.sfHover ul, #menu li li.sfHover ul, #menu li li li.sfHover ul {
	left: auto;
	}

#menu li:hover, #menu li.sfHover { 
	position: static;
	}
	
/*----------------------------------------------------
           {--------}  Main Content  {--------}
----------------------------------------------------*/	
#content {
	float:left;
	width: 670px;
	height:100%;
	padding:20px 0px 0px 0px ;
	margin:0px 0px 30px 0px;
	display:inline;
	overflow:hidden;
	}	
.entry img{
	float:left;
	margin:5px 0px 10px 0px;
	max-width:500px;
	padding:5px 5px ;
	background:#d3b06f;
        -moz-border-radius: 4px;
       -webkit-border-radius: 4px;
        border: 1px solid #797d7e;

}

.post {
	height:100%;
	color:#63574b;
	padding:15px 0px;
	margin:0px 0px ;
	position:relative;

	}
	
.pleft{
	width:135px;
	float:left;
	
	
}

.date-bar{
	height:28px;
	line-height:28px;
	background:url(http://3.bp.blogspot.com/-fbo3luRTJCc/TeSiUtJm9QI/AAAAAAAAFRw/PUfiWvjE-yI/s1600/date-bar.png) no-repeat;
	color:#fff;
	padding-left:12px;
}

.cat-bar{
	padding:5px 5px;

}
.cat-bar a{
	padding:0px 0px;
	float:left;
	display:block;
	padding:3px 5px;
	background:#59391E;
	margin:3px 3px;
	font-size:10px;
	border-radius: 5px;
	-moz-border-radius: 5px;
	-webkit-border-radius: 5px;	
}


.cat-bar a:link, .cat-bar a:visited{
	color:#fff;
}

.pright{
	float:right;
	width:510px;
	margin-right:5px;
}
.title{
	margin:  0px;
	padding:  0px 0px 0px 0px;
	display:inline-block;

}	
	
.title  h2 {
	margin: 0px 0 0px 0;
	padding: 0px 5px 15px 0px;
	font-size: 28px;
	font-weight:normal;
	overflow:hidden;
	float:left;
	font-family: 'Pacifico', arial, serif;
	}

.title  h2 a:link,.title  h2 a:visited  {
	color:#54361B;
	background-color: transparent;
	}
	
.title  h2 a:hover  {
	color: #b80303;
	background-color: transparent;
	}	

.postmeta{
	font-family: 'Architects Daughter', arial, serif;
	display:inline-block;
	width:510px;
	font-size:12px;
	font-weight:bold;
}
.pmet{
	
	display:block;
	padding:0px 10px 3px 20px;
	float:left;
	color:#b80303;
}
.author{

	text-transform:uppercase;
	background:url(http://4.bp.blogspot.com/-eXKGj3hv4ss/TeSicM6FvdI/AAAAAAAAFR4/QtGgohhDmjc/s1600/user.png) no-repeat;
}
.comm{
	text-transform:uppercase;
	background:url(http://3.bp.blogspot.com/-qWZgT1cgyJQ/TeSihiZ6d-I/AAAAAAAAFSA/eHX6DjM_ll8/s1600/comments.png) no-repeat;
}

.comm a:link,
.comm a:visited {
	color:#b80303;
	
}
.comm a:hover{
	color:#000;

}
.singim{
	padding:10px;
	background:#fff;
	width:580px;
	height:200px;
	margin-top:15px;
}

.entry {
	margin:0 0;
	padding: 5px 0px 5px 0px;
	font-size:12px;
	
	}	
	
.entry :link,
.entry a:visited {
	color:#B80303;
	background-color: transparent;
}
.entry a:hover {
	color:#F70404;
	background-color: transparent;
	text-decoration: none;
}

.entry ul, .entry ol{
        margin: .4em 0 1em;
        line-height: 150%;
}

.entry ul li, .entry ol li{
        list-style-position:outside;
        margin-left: 1.6em;
}

.entry p{
	margin:0px 0px 15px 0px;
	padding:0px 0px;
	line-height:200%;
}

a.rmore{
	float:right;
	height:38px;
	font-size:14px;
	line-height:38px;
	width:131px;
	text-align:center;
	font-weight:bold;
	background:url(http://2.bp.blogspot.com/-kCUm0jRHjqA/TeSiosGh8TI/AAAAAAAAFSI/eQsWdEiN3Xc/s1600/more.png);

}

a.rmore:link,
a.rmore:visited {
	color:#b80303!important;
	}
a.rmore:hover{
	color:#000;
	}

.endcont{
	 background:url(images/endcont.png) bottom no-repeat;
	 height:10px;
}

/*----------------------------------------------------
      {--------}  Sidebar  {--------}
----------------------------------------------------*/
#sidebar-wrapper {
	 float:right;
	 width:270px;
	 padding:0px 0px 0px 0;
	 display:inline;
	 overflow:hidden;
	 margin-right:20px;
}
/*--------------------------------------------
     {--------}  Sidebar Title {--------}
--------------------------------------------*/
.sidebar h2 {
	 color:#383021;
	 font-size:16px;
	 padding:8px 0px;
	 border-bottom:3px solid #d56d48;
         
}

/*--------------------------------------------
     {--------}  Sidebar Widget {--------}
--------------------------------------------*/
.sidebar .widget {
         width:270px;
	 margin:20px 0px 10px 0px;
	 list-style:none;
         color:#716349;
}
/*----------------------------------------------------------
     {--------}  Sidebar Widget Content {--------}
-----------------------------------------------------------*/
.sidebar .widget-content {
         padding: 10px 10px;
         margin:0;
}
/*----------------------------------------------------------
     {--------}  Sidebar Widget Underline {--------}
-----------------------------------------------------------*/
.sidebar ul {
        list-style-type: none;
        margin: 0 0 0 -10px ;
        padding: 0;
}
/*----------------------------------------------------------
     {--------}  Sidebar Widget List {--------}
-----------------------------------------------------------*/

.sidebar li  {
       color:#716349;
       text-decoration: none;
       padding: 0px 0px 0px 10px;
       display:block;
       list-style-type:none;
       line-height:28px;
}
/*-----------------------------------------------------------------
     {--------}  Sidebar Widget List Link A Visited {--------}
------------------------------------------------------------------*/
.sidebar li a:link, .sidebar li a:visited {
       color:#716349;
       text-decoration: none;
}  
/*-------------------------------------------------------------------
     {--------}  Sidebar Widget List Link A Hover {--------}
-------------------------------------------------------------------*/
.sidebar li a:hover {
       color: #b80303;
}
/*----------------------------------------------------------
     {--------}  Sidebar Widget Image {--------}
-----------------------------------------------------------*/
.sidebar img {
       padding: 4px; 
       background:#d3b06f; 
      -moz-border-radius: 4px;
      -webkit-border-radius: 4px;
       border: 1px solid #797d7e;
       margin: 0 10px 10px 0;
}


/*----------------------------------------------------
     {--------}  Blog Archive  {--------}
----------------------------------------------------*/
#BlogArchive1_ArchiveMenu {
       background:#d3b06f; 
       border:1px dotted #555;
       color:#000;
       text-decoration: none;
       margin-top:5px;
       padding:10px;
       width:260px;
    
}
/*----------------------------------------------------
       {--------}  Followers  {--------}
----------------------------------------------------*/
#Followers1-wrapper {
       background:#d3b06f none repeat scroll 0 0;
       border:1px dotted #555;
       color:#716349
       width:270px;
}
/*----------------------------------------------------
{--------}  Profile  {--------}
----------------------------------------------------*/
.profile-link {
       display:none;
}	

/*-----------------------------------------
  {--------}  Popular Post  {--------}
-------------------------------------------*/
.item-thumbnail img {
	margin: 2px 10px 0 0;
	padding: 4px;
	float: left;
        -moz-border-radius: 4px;
       -webkit-border-radius: 4px;
        border: 1px solid #595d5e;
	background-color: #d3b06f;
	text-align: left;
        width:105px;
        height:105px;
        
}
.item-snippet {
        display:none;
}
.item-title{display:none;}

.popular-posts {
	width: 290px;
	float: left;
	margin:0 0 10px 0;
}
.popular-posts ul {
	width: 290px;
	margin: 0px 0 0 0;
	padding: 0;
	float: left;
	list-style: none;
}
.popular-posts ul li {
	width: 105px;
	height: auto;
	margin:0 10px;
	float: left;
	display: block;
	font: normal 13px Arial, Helvetica, sans-serif;
	color: #000;
	line-height: 22px;
	background: none;
}

/*----------------------------------------------------
           {--------}  Footer  {--------}
----------------------------------------------------*/		
#footer {
	height:130px;
	color:#7C6E56;
	font-size:12px;
	margin:0px auto;
	background:url(http://4.bp.blogspot.com/-Zx-gmlHTqII/TeSi37QWm1I/AAAAAAAAFSQ/XnhAcQnl9Co/s1600/foot.png);
	}

#footer a:link , #footer a:visited{
	color:#7C6E56;
	}

#footer a:hover {
	color:#7C6E56;
	}
.fcred{
	text-align:center;
	margin:0px 0px 10px 10px;
	padding-top:25px;
	line-height:16px;
}

/*----------------------------------------------------
           {--------} The Navigation  {--------}
----------------------------------------------------*/
#navigation{	
	margin:0px 0px 10px 150px;
	padding:5px;
	width:500px;
	height:27px;
	}

/*----------------------------------------------------
           {--------}  The Attachment  {--------}
----------------------------------------------------*/	
.contentCenter {
	text-align:center;
	}

/*----------------------------------------------------
           {--------} The Page Title  {--------}
----------------------------------------------------*/
h2.pagetitle {
	font-family:Georgia,Tahoma,Century gothic, sans-serif;
	color:#B80303;
	font-size:16px;
	padding:10px 0px 10px 150px;
	font-weight:normal;
	}
h2.pagetitle a {
 	color:#507409;
}
/*----------------------------------------------------
           {--------}  Comments  {--------}
----------------------------------------------------*/ 
#commentsbox {
	margin:10px 0px;
}

h3#comments{
	font-size:24px;
	color:#222827;
	font-weight:bold;
	padding:10px 0px 10px 160px ;
	margin-top:10px;
	font-family: 'Pacifico', arial, serif;
}

ol.commentlist {
	margin:0px 0 0;
	clear:both;
	overflow:hidden;
	list-style:none;

}

ol.commentlist li{
	padding:0px;
	margin:10px 0px 20px 0px;
	list-style:none;
}

ul.children li{
	margin-bottom:20px;
}

.comment-body{
	width:660px;
	display:inline-block;
}

.authordata{
	float:left;
	width:130px;
}
.avatar{
	width:64px;
        height:64px;
        float:right;
        margin-right:20px;
}
.avatar img{
	background:#F4CF8D;
	padding:5px;
}
.avatar-image-container {        
        height:64px;
        width:64px;
}
.avatar-image-container img {
       height:64px;
       width:64px;
}
span.fn{
	font-size:14px;
	font-weight:bold;
	color:#55371D;

}
.comment-meta{
	font-size:12px;
	color:#B80303;
}

.comment-content{
	padding:5px 0px;
	line-height:180%;
        color:#63574b;
}

.comment-wrap{
	float:right;
	width:500px;
}

.reply-container a{
	padding:3px 10px;
	background:#B80303;
	color:#fff;
	border-radius: 5px;
       -moz-border-radius: 5px;
       -webkit-border-radius: 5px;
}

.comment-nav{
	padding:5px ;
	height:20px;

}

.comment-nav a:link,.comment-nav a:visited{
	color:#00608F;
}
#respond{
	padding:0px 0px ;
	margin:10px 0px 0px 160px;
	}

#respond a{
	color:#DF4E00;
}
#respond h3 {
	font-size:14px;
	color:#fff;
	background:#FFAB06;
	font-weight:bold;
	padding:10px 10px ;

}
#commentform {
	padding:10px 0px;
	margin:0px 0px;

}
#commentform p{
	margin:5px 0px ;
	color:#444;
}
 #respond label{
	display:block;
	padding:5px 0;
	color:#444;	
}
 #respond  label small {
	font-size:10px;
}
 #respond input {
	margin-bottom:10px;
	padding:5px 5px;
	margin:0 10px 10px 0;
	background:#fff;
	border:1px solid #ddd;
	color:#555;
}
#commentform  input{
	width:50%;
}
#respond  input#commentSubmit {
	background:#443D30;
	border:1px solid #2e353d;
	color:#fff;
	text-decoration:none;
	border-radius: 5px;
       -moz-border-radius: 5px;
       -webkit-border-radius: 5px;	
	padding:3px 10px;
	width:100px;
	margin:10px 0px;

	cursor:pointer;
}
textarea#comment{
	background:#fff;
	border:1px solid #ddd;
	width:70%;
	margin:10px 0px 0px 0px;
	padding:5px 5px;
	color:#555;
}
.thumb img {
        margin: 0 10px 10px 10px;
        padding:5px 5px ;
	background:#d3b06f;
}
]]></b:skin>
</head>
<body>
<div id='topx'>
<div class='masthead'>
<div id='top'> 
<div class='head'>
<div class='blogname'>
<b:section class='blog-title' id='blog-title' maxwidgets='1' showaddelement='no'>
<b:widget id='Header1' locked='true' title='Lycus (Header)' type='Header'>
<b:includable id='title'>
  <b:if cond='data:blog.url == data:blog.homepageUrl'>
    <data:title/>
  <b:else/>
    <a expr:href='data:blog.homepageUrl'><data:title/></a>
  </b:if>
</b:includable>
<b:includable id='description'>
  <div class='descriptionwrapper'>
    <p class='description'><span><data:description/></span></p>
  </div>
</b:includable>
<b:includable id='main'>

  <b:if cond='data:useImage'>
    <b:if cond='data:imagePlacement == &quot;BEHIND&quot;'>
      <!--
      Show image as background to text. You can't really calculate the width
      reliably in JS because margins are not taken into account by any of
      clientWidth, offsetWidth or scrollWidth, so we don't force a minimum
      width if the user is using shrink to fit.
      This results in a margin-width's worth of pixels being cropped. If the
      user is not using shrink to fit then we expand the header.
      -->
      <div expr:style='&quot;background-image: url(\&quot;&quot; + data:sourceUrl + &quot;\&quot;); &quot;                      + &quot;background-position: &quot;                      + data:backgroundPositionStyleStr + &quot;; &quot;                      + data:widthStyleStr                      + &quot;min-height: &quot; + data:height + &quot;px;&quot;                      + &quot;_height: &quot; + data:height + &quot;px;&quot;                      + &quot;background-repeat: no-repeat; &quot;' id='header-inner'>
        <div class='titlewrapper' style='background: transparent'>
          <h1 class='title' style='background: transparent; border-width: 0px'>
            <b:include name='title'/>
          </h1>
        </div>
        <b:include name='description'/>
      </div>
    <b:else/>
      <!--Show the image only-->
      <div id='header-inner'>
        <a expr:href='data:blog.homepageUrl' style='display: block'>
          <img expr:alt='data:title' expr:height='data:height' expr:id='data:widget.instanceId + &quot;_headerimg&quot;' expr:src='data:sourceUrl' expr:width='data:width' style='display: block'/>
        </a>
        <!--Show the description-->
        <b:if cond='data:imagePlacement == &quot;BEFORE_DESCRIPTION&quot;'>
          <b:include name='description'/>
        </b:if>
      </div>
    </b:if>
  <b:else/>
    <!--No header image -->
    <div id='header-inner'>
      <div class='titlewrapper'>
        <h1 class='title'>
          <b:include name='title'/>
        </h1>
      </div>
      <b:include name='description'/>
    </div>
  </b:if>
</b:includable>
</b:widget>
</b:section>
</div>
</div>

<div id='foxmenucontainer'>
<div class='menu-primary-container' id='menu'>
<b:section class='menu' id='catmenu2' preferred='yes' showaddelement='no'>
<b:widget id='LinkList11' locked='true' title='Top Menu' type='LinkList'>
<b:includable id='main'>

<b:if cond='data:title'><h2><data:title/></h2></b:if>
 <div class='widget-content'>
   <ul>
<li><a expr:href='data:blog.homepageUrl' id='homeButton'>Home</a></li>
     <b:loop values='data:links' var='link'>
       <li class='page_item'><span class='menu_bg'><a expr:href='data:link.target'><data:link.name/></a></span></li>
     </b:loop>
   </ul>
   <b:include name='quickedit'/>
 </div>
</b:includable>
</b:widget>
</b:section> 	
</div>	
</div>
</div>
</div>

<div id='wrapper'>
<div id='casing'>		
<div id='content'>
<b:section class='main' id='main' showaddelement='yes'>
<b:widget id='Blog1' locked='true' title='Blog Posts' type='Blog'>
<b:includable id='nextprev'>
<div class='blog-pager' id='blog-pager'>
<b:if cond='data:newerPageUrl'>
<span id='blog-pager-newer-link'>
<a class='blog-pager-newer-link' expr:href='data:newerPageUrl' expr:id='data:widget.instanceId + &quot;_blog-pager-newer-link&quot;' expr:title='data:newerPageTitle'><data:newerPageTitle/></a>
</span>
</b:if>

<b:if cond='data:olderPageUrl'>
<span id='blog-pager-older-link'>
<a class='blog-pager-older-link' expr:href='data:olderPageUrl' expr:id='data:widget.instanceId + &quot;_blog-pager-older-link&quot;' expr:title='data:olderPageTitle'><data:olderPageTitle/></a>
</span>
</b:if>
</div>
<div class='clear'/>
</b:includable>
<b:includable id='shareButtons' var='post'>
<b:if cond='data:post.sharePostUrl'>
<a class='share-button sb-email' expr:href='data:post.sharePostUrl + &quot;&amp;target=email&quot;' expr:title='data:top.emailThisMsg' target='_blank'>
<span class='share-button-link-text'><data:top.emailThisMsg/></span></a>
<a class='share-button sb-blog' expr:href='data:post.sharePostUrl + &quot;&amp;target=blog&quot;' expr:onclick='&quot;window.open(this.href, \&quot;_blank\&quot;, \&quot;height=270,width=475\&quot;); return false;&quot;' expr:title='data:top.blogThisMsg' target='_blank'>
<span class='share-button-link-text'><data:top.blogThisMsg/></span></a>
<a class='share-button sb-twitter' expr:href='data:post.sharePostUrl + &quot;&amp;target=twitter&quot;' expr:title='data:top.shareToTwitterMsg' target='_blank'>
<span class='share-button-link-text'><data:top.shareToTwitterMsg/></span></a>
<a class='share-button sb-facebook' expr:href='data:post.sharePostUrl + &quot;&amp;target=facebook&quot;' expr:onclick='&quot;window.open(this.href, \&quot;_blank\&quot;, \&quot;height=430,width=640\&quot;); return false;&quot;' expr:title='data:top.shareToFacebookMsg' target='_blank'>
<span class='share-button-link-text'><data:top.shareToFacebookMsg/></span></a>
<a class='share-button sb-buzz' expr:href='data:post.sharePostUrl + &quot;&amp;target=buzz&quot;' expr:onclick='&quot;window.open(this.href, \&quot;_blank\&quot;, \&quot;height=415,width=690\&quot;); return false;&quot;' expr:title='data:top.shareToBuzzMsg' target='_blank'>
<span class='share-button-link-text'><data:top.shareToBuzzMsg/></span></a>
</b:if>
</b:includable>
<b:includable id='backlinks' var='post'>
<a name='links'/><h4><data:post.backlinksLabel/></h4>
<b:if cond='data:post.numBacklinks != 0'>
<dl class='comments-block' id='comments-block'>
<b:loop values='data:post.backlinks' var='backlink'>
<div class='collapsed-backlink backlink-control'>
<dt class='comment-title'>
<span class='backlink-toggle-zippy'>&#160;</span>
<a expr:href='data:backlink.url' rel='nofollow'><data:backlink.title/></a>
<b:include data='backlink' name='backlinkDeleteIcon'/>
</dt>
<dd class='comment-body collapseable'>
<data:backlink.snippet/>
</dd>
<dd class='comment-footer collapseable'>
<span class='comment-author'><data:post.authorLabel/> <data:backlink.author/></span>
<span class='comment-timestamp'><data:post.timestampLabel/> <data:backlink.timestamp/></span>
</dd>
</div>
</b:loop>
</dl>
</b:if>
<p class='comment-footer'>
<a class='comment-link' expr:href='data:post.createLinkUrl' expr:id='data:widget.instanceId + &quot;_backlinks-create-link&quot;' target='_blank'><data:post.createLinkLabel/></a>
</p>
</b:includable>
<b:includable id='post' var='post'> 
<b:if cond='data:blog.pageType == &quot;static_page&quot;'> 
<div class='post' id='post'>
<div class='pleft'/>
<div class='pright'>
<div class='title'>
<h2><b:if cond='data:post.link'>
<a expr:href='data:post.link'><data:post.title/></a>
<b:else/>
<b:if cond='data:post.url'>
<a expr:href='data:post.url'><data:post.title/></a>
<b:else/>
<data:post.title/>
</b:if>
</b:if></h2>

<div class='postmeta'>
<div class='pmet author'>Posted by <data:post.author/></div>
<div class='pmet comm'> <a class='comment-link' expr:href='data:post.addCommentUrl' expr:onclick='data:post.addCommentOnclick'><b:if cond='data:post.numComments == 1'>1 <data:top.commentLabel/><b:else/><data:post.numComments/> <data:top.commentLabelPlural/></b:if></a>  </div>
</div>	
</div>

<div class='entry'>
<p><data:post.body/></p>
<div class='clear'/>
</div>
</div>
<div class='clear'/>
</div>
<div class='clear'/>
</b:if> 

<b:if cond='data:blog.pageType != &quot;static_page&quot;'> 
<b:if cond='data:blog.pageType != &quot;item&quot;'>  
<div class='post' id='post'>
<div class='pleft'>
<b:if cond='data:post.thumbnailUrl'>
<div class='Image thumb'>
<b:if cond='data:comment.favicon'>
<img expr:src='data:comment.favicon'/>
</b:if>
<b:if cond='data:blog.enabledCommentProfileImages'>
<data:comment.authorAvatarImage/>
</b:if>	
</div>
</b:if>


<div class='date-bar'><script type='text/javascript'>
var timestamp = &quot;<data:post.dateHeader/>&quot;;
if (timestamp != &#39;&#39;) {
var timesplit = timestamp.split(&quot;,&quot;);
var date_yyyy = timesplit[2];
var timesplit = timesplit[1].split(&quot; &quot;);
var date_dd = timesplit[2];
var date_mmm = timesplit[1].substring(0, 3);
}
</script>
<script type='text/javascript'>document.write(date_dd);</script> - <script type='text/javascript'>document.write(date_mmm);</script> - <script type='text/javascript'>document.write(date_yyyy);</script>
</div>
<div class='cat-bar'>
<b:if cond='data:post.labels'>
<b:loop values='data:post.labels' var='label'>
<a expr:href='data:label.url' rel='tag'><data:label.name/></a><b:if cond='data:label.isLast != &quot;true&quot;'>,</b:if>
</b:loop>
</b:if>
</div>
</div>

<div class='pright'>
<div class='title'>
<h2><b:if cond='data:post.link'>
<a expr:href='data:post.link'><data:post.title/></a>
<b:else/>
<b:if cond='data:post.url'>
<a expr:href='data:post.url'><data:post.title/></a>
<b:else/>
<data:post.title/>
</b:if>
</b:if></h2>

<div class='postmeta'>
<div class='pmet author'>Posted by <data:post.author/></div>
<div class='pmet comm'> <a class='comment-link' expr:href='data:post.addCommentUrl' expr:onclick='data:post.addCommentOnclick'><b:if cond='data:post.numComments == 1'>1 <data:top.commentLabel/><b:else/><data:post.numComments/> <data:top.commentLabelPlural/></b:if></a>  </div>
</div>	
</div>

<div class='entry'>
<p><data:post.body/></p>
<a class='rmore' expr:href='data:post.url'>Continue</a>
<div class='clear'/>
</div>
</div>
<div class='clear'/>
</div>
<div class='clear'/>
</b:if></b:if>

<b:if cond='data:blog.pageType == &quot;item&quot;'>
<div class='post' id='post'>
<div class='pleft'>
<b:if cond='data:post.thumbnailUrl'>
<div class='Image thumb'>
<img expr:src='data:post.thumbnailUrl'/>
</div>
</b:if>

<div class='date-bar'><script type='text/javascript'>
var timestamp = &quot;<data:post.dateHeader/>&quot;;
if (timestamp != &#39;&#39;) {
var timesplit = timestamp.split(&quot;,&quot;);
var date_yyyy = timesplit[2];
var timesplit = timesplit[1].split(&quot; &quot;);
var date_dd = timesplit[2];
var date_mmm = timesplit[1].substring(0, 3);
}
</script>
<script type='text/javascript'>document.write(date_dd);</script> - <script type='text/javascript'>document.write(date_mmm);</script> - <script type='text/javascript'>document.write(date_yyyy);</script>
</div>
<div class='cat-bar'>
<b:if cond='data:post.labels'>
<b:loop values='data:post.labels' var='label'>
<a expr:href='data:label.url' rel='tag'><data:label.name/></a><b:if cond='data:label.isLast != &quot;true&quot;'>,</b:if>
</b:loop>
</b:if>
</div>
</div>

<div class='pright'>
<div class='title'>
<h2><b:if cond='data:post.link'>
<a expr:href='data:post.link'><data:post.title/></a>
<b:else/>
<b:if cond='data:post.url'>
<a expr:href='data:post.url'><data:post.title/></a>
<b:else/>
<data:post.title/>
</b:if>
</b:if></h2>

<div class='postmeta'>
<div class='pmet author'>Posted by <data:post.author/></div>
<div class='pmet comm'> <a class='comment-link' expr:href='data:post.addCommentUrl' expr:onclick='data:post.addCommentOnclick'><b:if cond='data:post.numComments == 1'>1 <data:top.commentLabel/><b:else/><data:post.numComments/> <data:top.commentLabelPlural/></b:if></a>  </div>
</div>	
</div>

<div class='entry'>
<p><data:post.body/></p>
<div class='clear'/>
</div>
</div>
<div class='clear'/>
</div>
<div class='clear'/>
</b:if>
</b:includable>
<b:includable id='status-message'>
<b:if cond='data:navMessage'>
<div class='status-msg-wrap'>
<div class='status-msg-body'>
<data:navMessage/>
</div>
<div class='status-msg-border'>
<div class='status-msg-bg'>
<div class='status-msg-hidden'><data:navMessage/></div>
</div>
</div>
</div>
<div style='clear: both;'/>
</b:if>
</b:includable>
<b:includable id='comment-form' var='post'>
<div id='comment-form'>
<div id='respond'>
<a name='comment-form'/>
<h3>Leave a Reply</h3>
<p><data:blogCommentMessage/></p>
<data:blogTeamBlogMessage/>
<a expr:href='data:post.commentFormIframeSrc' id='comment-editor-src'/>
<iframe allowtransparency='true' class='blogger-iframe-colorize blogger-comment-from-post' frameborder='0' height='410' id='comment-editor' name='comment-editor' src='' width='103%'/>
<data:post.friendConnectJs/>
<data:post.cmtfpIframe/>
<script type='text/javascript'>
BLOG_CMT_createIframe(&#39;<data:post.appRpcRelayPath/>&#39;, &#39;<data:post.communityId/>&#39;);
</script>
</div>
</div>
</b:includable>
<b:includable id='backlinkDeleteIcon' var='backlink'>
<span expr:class='&quot;item-control &quot; + data:backlink.adminClass'>
<a expr:href='data:backlink.deleteUrl' expr:title='data:top.deleteBacklinkMsg'>
<img src='//www.blogger.com/img/icon_delete13.gif'/>
</a>
</span>
</b:includable>
<b:includable id='mobile-nextprev'>
<div class='blog-pager' id='blog-pager'>
<b:if cond='data:newerPageUrl'>
<div class='mobile-link-button' id='blog-pager-newer-link'>
<a class='blog-pager-newer-link' expr:href='data:newerPageUrl' expr:id='data:widget.instanceId + &quot;_blog-pager-newer-link&quot;' expr:title='data:newerPageTitle'><data:newerPageTitle/></a>
</div>
</b:if>

<b:if cond='data:olderPageUrl'>
<div class='mobile-link-button' id='blog-pager-older-link'>
<a class='blog-pager-older-link' expr:href='data:olderPageUrl' expr:id='data:widget.instanceId + &quot;_blog-pager-older-link&quot;' expr:title='data:olderPageTitle'><data:olderPageTitle/></a>
</div>
</b:if>

<div class='mobile-link-button' id='blog-pager-home-link'>
<a class='home-link' expr:href='data:blog.homepageUrl'><data:homeMsg/></a>
</div>

<div class='mobile-desktop-link'>
<a class='home-link' expr:href='data:desktopLinkUrl'><data:desktopLinkMsg/></a>
</div>
</div>
<div class='clear'/>
</b:includable>
<b:includable id='postQuickEdit' var='post'>
<b:if cond='data:post.editUrl'>
<span expr:class='&quot;item-control &quot; + data:post.adminClass'>
<a expr:href='data:post.editUrl' expr:title='data:top.editPostMsg'>
<img alt='' class='icon-action' height='18' src='http://img2.blogblog.com/img/icon18_edit_allbkg.gif' width='18'/>
</a>
</span>
</b:if>
</b:includable>
<b:includable id='main' var='top'>
<!-- posts -->
<div class='blog-posts hfeed'>
<b:include data='top' name='status-message'/>
<data:defaultAdStart/>
<b:loop values='data:posts' var='post'>
<b:if cond='data:post.isDateStart'>
<b:if cond='data:post.isFirstPost == &quot;false&quot;'>
&lt;/div&gt;&lt;/div&gt;
</b:if>
</b:if>
<b:if cond='data:post.isDateStart'>
&lt;div class=&quot;date-outer&quot;&gt;
</b:if>
<b:if cond='data:post.isDateStart'>
&lt;div class=&quot;date-posts&quot;&gt;
</b:if>
<div class='post-outer'>
<b:include data='post' name='post'/>
<b:if cond='data:blog.pageType == &quot;static_page&quot;'>
<b:include data='post' name='comments'/>
</b:if>
<b:if cond='data:blog.pageType == &quot;item&quot;'>
<b:include data='post' name='comments'/>
</b:if>
</div>
<b:if cond='data:post.includeAd'>
<b:if cond='data:post.isFirstPost'>
<data:defaultAdEnd/>
<b:else/>
<data:adEnd/>
</b:if>
<div class='inline-ad'>
<data:adCode/>
</div>
<data:adStart/>
</b:if>
<b:if cond='data:post.trackLatency'>
<data:post.latencyJs/>
</b:if>
</b:loop>
<b:if cond='data:numPosts != 0'>
&lt;/div&gt;&lt;/div&gt;
</b:if>
<data:adEnd/>
</div>
<div class='clear'/>
<b:if cond='data:blog.pageType != &quot;item&quot;'>
<b:if cond='data:blog.pageType != &quot;static_page&quot;'>
<div id='navigation'>
<div class='wp-pagenavi'> 
<!-- navigation -->
<b:include name='nextprev'/>
</div></div>
</b:if>
</b:if>
  
<b:if cond='data:top.showStars'>
<script src='//www.google.com/jsapi' type='text/javascript'/>
<script type='text/javascript'>
google.load(&quot;annotations&quot;, &quot;1&quot;, {&quot;locale&quot;: &quot;<data:top.languageCode/>&quot;});
function initialize() {
google.annotations.setApplicationId(<data:top.blogspotReviews/>);
google.annotations.createAll();
google.annotations.fetch();
}
google.setOnLoadCallback(initialize);
</script>
</b:if>
</b:includable>
<b:includable id='commentDeleteIcon' var='comment'>
<span expr:class='&quot;item-control &quot; + data:comment.adminClass'>
<a expr:href='data:comment.deleteUrl' expr:title='data:top.deleteCommentMsg'>
<img src='//www.blogger.com/img/icon_delete13.gif'/>
</a>
</span>
</b:includable>
<b:includable id='feedLinks'>
<b:if cond='data:blog.pageType != &quot;item&quot;'> <!-- Blog feed links -->
<b:if cond='data:feedLinks'>
<div class='blog-feeds'>
<b:include data='feedLinks' name='feedLinksBody'/>
</div>
</b:if>

<b:else/> <!--Post feed links -->
<div class='post-feeds'>
<b:loop values='data:posts' var='post'>
<b:if cond='data:post.allowComments'>
<b:if cond='data:post.feedLinks'>
<b:include data='post.feedLinks' name='feedLinksBody'/>
</b:if>
</b:if>
</b:loop>
</div>
</b:if>
</b:includable>
<b:includable id='comment-form-js' var='post'>
<data:post.friendConnectJs/>
<data:post.cmtfpIframe/>
<script type='text/javascript'>
BLOG_CMT_createIframe(&#39;<data:post.appRpcRelayPath/>&#39;, &#39;<data:post.communityId/>&#39;);
</script>
</b:includable>
<b:includable id='mobile-index-post' var='post'>
<b:if cond='data:post.dateHeader'>
<div class='mobile-index-date'>
<div class='date-header'>
<span><data:post.dateHeader/></span>
</div>
</div>
</b:if>

<div class='mobile-post-outer'>
<div class='mobile-index-title-outer'>
<h3 class='mobile-index-title entry-title'>
<a href='javascript:void(0)'><data:post.title/></a>
</h3>
</div>
<div>
      
<div class='mobile-index-arrow'>
<a href='javascript:void(0)'>&amp;rsaquo;</a>
</div>

<div class='mobile-post-contents'>
<b:if cond='data:post.thumbnailUrl'>
<div class='mobile-index-thumbnail'>
<div class='Image'>
<img expr:src='data:post.thumbnailUrl'/>
</div>
</div>
</b:if>

<div class='post-body'>
<b:if cond='data:post.snippet'><data:post.snippet/></b:if>
</div>
</div>
<div style='clear: both;'/>
</div>

<div class='mobile-index-comment'>
<b:if cond='data:blog.pageType != &quot;item&quot;'>
<b:if cond='data:blog.pageType != &quot;static_page&quot;'>
<b:if cond='data:post.allowComments'>
<b:if cond='data:post.numComments != 0'>
<a class='comment-link' expr:href='data:post.addCommentUrl' expr:onclick='data:post.addCommentOnclick'><b:if cond='data:post.numComments == 1'>1 <data:top.commentLabel/><b:else/><data:post.numComments/> <data:top.commentLabelPlural/></b:if></a>
</b:if>
</b:if>
</b:if>
</b:if>
</div>
</div>
</b:includable>
<b:includable id='feedLinksBody' var='links'>
<div class='feed-links'>
<data:feedLinksMsg/>
<b:loop values='data:links' var='f'>
<a class='feed-link' expr:href='data:f.url' expr:type='data:f.mimeType' target='_blank'><data:f.name/> (<data:f.feedType/>)</a>
</b:loop>
</div>
</b:includable>
<b:includable id='comments' var='post'>
<div class='clear'/>
<div id='commentsbox'>
<a name='comments'/>
<b:if cond='data:post.allowComments'>
<b:if cond='data:post.numComments != 0'>
<h3 id='comments'>
<b:if cond='data:post.numComments == 1'>
One Response so far.
<b:else/>
<data:post.numComments/> Responses so far.
</b:if>
</h3>
</b:if>

<b:if cond='data:post.commentPagingRequired'>
<span class='paging-control-container'>
<a expr:class='data:post.oldLinkClass' expr:href='data:post.oldestLinkUrl'><data:post.oldestLinkText/></a>
&#160;
<a expr:class='data:post.oldLinkClass' expr:href='data:post.olderLinkUrl'><data:post.olderLinkText/></a>
&#160;
<data:post.commentRangeText/>
&#160;
<a expr:class='data:post.newLinkClass' expr:href='data:post.newerLinkUrl'><data:post.newerLinkText/></a>
&#160;
<a expr:class='data:post.newLinkClass' expr:href='data:post.newestLinkUrl'><data:post.newestLinkText/></a>
</span>
</b:if>


<ol class='commentlist'>
<b:loop values='data:post.comments' var='comment'>
<b:if cond='data:comment.adminClass == data:post.adminClass'>

<li class='comment even thread-even depth-1' id='li-comment'>
<div class='comment-body clearfix' id='comment'>
<div class='alignleft authordata'>
<div class='avatar'>
<b:if cond='data:comment.favicon'>
<img expr:src='data:comment.favicon'/>
</b:if>
<b:if cond='data:blog.enabledCommentProfileImages'>
<data:comment.authorAvatarImage/>
</b:if>		
</div> <!-- end .avatar-->
</div>

			
<div class='comment-wrap'>
<div class='comment-wrap-inner clearfix'>
<span class='fn'> <b:if cond='data:comment.authorUrl'>
<a expr:href='data:comment.authorUrl' rel='nofollow'><data:comment.author/></a>
<b:else/>
<data:comment.author/>
</b:if> says: <em class='moderation'><b:include data='comment' name='commentDeleteIcon'/></em></span>					
<div class='comment-meta commentmetadata'><data:comment.timestamp/></div>										
<br/>
<b:if cond='data:comment.isDeleted'>
<span class='deleted-comment'><data:comment.body/></span>
<b:else/>
<p>
<data:comment.body/>
<span class='interaction-iframe-guide'/>
</p>
</b:if>
<br/>
</div> <!-- end comment-wrap-inner -->  
</div> <!-- end comment-wrap-->
</div> <!-- end comment-body-->	
</li> 
</b:if>
</b:loop>
</ol>

<b:if cond='data:post.commentPagingRequired'>
<span class='paging-control-container'>
<a expr:class='data:post.oldLinkClass' expr:href='data:post.oldestLinkUrl'>
<data:post.oldestLinkText/>
</a>
<a expr:class='data:post.oldLinkClass' expr:href='data:post.olderLinkUrl'>
<data:post.olderLinkText/>
</a>
&#160;
<data:post.commentRangeText/>
&#160;
<a expr:class='data:post.newLinkClass' expr:href='data:post.newerLinkUrl'>
<data:post.newerLinkText/>
</a>
<a expr:class='data:post.newLinkClass' expr:href='data:post.newestLinkUrl'>
<data:post.newestLinkText/>
</a>
</span>
</b:if>

<p class='comment-footer'>
<b:if cond='data:post.embedCommentForm'>
<b:if cond='data:post.allowNewComments'>
<b:include data='post' name='comment-form'/>
<b:else/>
<data:post.noNewCommentsText/>
</b:if>
<b:else/>
<b:if cond='data:post.allowComments'>
<a expr:href='data:post.addCommentUrl' expr:onclick='data:post.addCommentOnclick'><data:postCommentMsg/></a>
</b:if>
</b:if>
</p>
</b:if>

<div id='backlinks-container'>
<div expr:id='data:widget.instanceId + &quot;_backlinks-container&quot;'>
<b:if cond='data:post.showBacklinks'>
<b:include data='post' name='backlinks'/>
</b:if>
</div>
</div>
</div>
</b:includable>
</b:widget>
</b:section>
<div class='clear'/>
</div>

<!-- begin sidebar_container -->
<div id='sidebar-wrapper'>
<b:section class='sidebar' id='sidebar' preferred='yes'>
<b:widget id='PopularPosts1' locked='false' title='Popular Posts' type='PopularPosts'>
<b:includable id='main'>
  <b:if cond='data:title'><h2><data:title/></h2></b:if>
  <div class='widget-content popular-posts'>
    <ul>
      <b:loop values='data:posts' var='post'>
      <li>
        <b:if cond='data:showThumbnails == &quot;false&quot;'>
          <b:if cond='data:showSnippets == &quot;false&quot;'>
            <!-- (1) No snippet/thumbnail -->
            <a expr:href='data:post.href'><data:post.title/></a>
          <b:else/>
            <!-- (2) Show only snippets -->
            <div class='item-title'><a expr:href='data:post.href'><data:post.title/></a></div>

            <div class='item-snippet'><data:post.snippet/></div>
          </b:if>
        <b:else/>
          <b:if cond='data:showSnippets == &quot;false&quot;'>
            <!-- (3) Show only thumbnails -->
            <div class='item-thumbnail-only'>
              <b:if cond='data:post.thumbnail'>
                <div class='item-thumbnail'>
                  <a expr:href='data:post.href' target='_blank'>
                    <img border='0' class='thumbim' expr:height='data:thumbnailSize' expr:src='data:post.thumbnail' expr:title='data:post.title' expr:width='data:thumbnailSize'/>
                  </a>
                </div>
              </b:if>
              <div class='item-title'><a expr:href='data:post.href'><data:post.title/></a></div>
            </div>
            <div style='clear: both;'/>
          <b:else/>
            <!-- (4) Show snippets and thumbnails -->
            <div class='item-content'>
              <b:if cond='data:post.thumbnail'>
                <div class='item-thumbnail'>
                  <a expr:href='data:post.href' target='_blank'>
                    <img alt='' border='0' expr:height='data:thumbnailSize' expr:src='data:post.thumbnail' expr:width='data:thumbnailSize'/>
                  </a>
                </div>
              </b:if>
              <div class='item-title'><a expr:href='data:post.href'><data:post.title/></a></div>
              <div class='item-snippet'><data:post.snippet/></div>
            </div>
            <div style='clear: both;'/>
          </b:if>
        </b:if>
      </li>
      </b:loop>
    </ul>
    <b:include name='quickedit'/>
  </div><div class='clear'/> 
</b:includable>
</b:widget>
<b:widget id='Profile1' locked='false' title='About Me' type='Profile'>
<b:includable id='main'>
    <b:if cond='data:title != &quot;&quot;'>
      <h2><data:title/></h2>
    </b:if>
    <div class='widget-content'>
    <b:if cond='data:team == &quot;true&quot;'> <!-- team blog profile -->
      <ul>
        <b:loop values='data:authors' var='i'>
          <li><a expr:href='data:i.userUrl'><data:i.display-name/></a></li>
        </b:loop>
      </ul>

      <b:else/> <!-- normal blog profile -->

      <b:if cond='data:photo.url != &quot;&quot;'>
        <a expr:href='data:userUrl'><img class='profile-img' expr:alt='data:photo.alt' expr:height='data:photo.height' expr:src='data:photo.url' expr:width='data:photo.width'/></a>
      </b:if>

      <dl class='profile-datablock'>
        <dt class='profile-data'><data:displayname/></dt>

        <b:if cond='data:showlocation == &quot;true&quot;'>
          <dd class='profile-data'><data:location/></dd>
        </b:if>

        <b:if cond='data:aboutme != &quot;&quot;'><dd class='profile-textblock'><data:aboutme/></dd></b:if>
      </dl>
      <a class='profile-link' expr:href='data:userUrl'><data:viewProfileMsg/></a>
    </b:if>

     <b:include name='quickedit'/>
    </div>
  </b:includable>
</b:widget>
<b:widget id='Label1' locked='false' title='Category List' type='Label'>
<b:includable id='main'>
  <b:if cond='data:title'>
    <h2><data:title/></h2>
  </b:if>
  <div expr:class='&quot;widget-content &quot; + data:display + &quot;-label-widget-content&quot;'>
    <b:if cond='data:display == &quot;list&quot;'>
      <ul>
      <b:loop values='data:labels' var='label'>
        <li>
          <b:if cond='data:blog.url == data:label.url'>
            <span expr:dir='data:blog.languageDirection'><data:label.name/></span>
          <b:else/>
            <a expr:dir='data:blog.languageDirection' expr:href='data:label.url'><data:label.name/></a>
          </b:if>
          <b:if cond='data:showFreqNumbers'>
            <span dir='ltr'>(<data:label.count/>)</span>
          </b:if>
        </li>
      </b:loop>
      </ul>
    <b:else/>
      <b:loop values='data:labels' var='label'>
        <span expr:class='&quot;label-size label-size-&quot; + data:label.cssSize'>
          <b:if cond='data:blog.url == data:label.url'>
            <span expr:dir='data:blog.languageDirection'><data:label.name/></span>
          <b:else/>
            <a expr:dir='data:blog.languageDirection' expr:href='data:label.url'><data:label.name/></a>
          </b:if>
          <b:if cond='data:showFreqNumbers'>
            <span class='label-count' dir='ltr'>(<data:label.count/>)</span>
          </b:if>
        </span>
      </b:loop>
    </b:if>
    <b:include name='quickedit'/>
  </div>
</b:includable>
</b:widget>
<b:widget id='BlogArchive1' locked='false' title='Blog Archive' type='BlogArchive'>
<b:includable id='main'>
  <b:if cond='data:title'>
    <h2><data:title/></h2>
  </b:if>
  <div class='widget-content'>
  <div id='ArchiveList'>
  <div expr:id='data:widget.instanceId + &quot;_ArchiveList&quot;'>
    <b:if cond='data:style == &quot;HIERARCHY&quot;'>
     <b:include data='data' name='interval'/>
    </b:if>
    <b:if cond='data:style == &quot;FLAT&quot;'>
      <b:include data='data' name='flat'/>
    </b:if>
    <b:if cond='data:style == &quot;MENU&quot;'>
      <b:include data='data' name='menu'/>
    </b:if>
  </div>
  </div>
  <b:include name='quickedit'/>
  </div>
</b:includable>
<b:includable id='flat' var='data'>
  <ul class='flat'>
    <b:loop values='data:data' var='i'>
      <li class='archivedate'>
        <a expr:href='data:i.url'><data:i.name/></a> (<data:i.post-count/>)
      </li>
    </b:loop>
  </ul>
</b:includable>
<b:includable id='menu' var='data'>
  <select expr:id='data:widget.instanceId + &quot;_ArchiveMenu&quot;'>
    <option value=''><data:title/></option>
    <b:loop values='data:data' var='i'>
      <option expr:value='data:i.url'><data:i.name/> (<data:i.post-count/>)</option>
    </b:loop>
  </select>
</b:includable>
<b:includable id='interval' var='intervalData'>
  <b:loop values='data:intervalData' var='i'>
      <ul class='hierarchy'>
        <li expr:class='&quot;archivedate &quot; + data:i.expclass'>
          <b:include data='i' name='toggle'/>
          <a class='post-count-link' expr:href='data:i.url'><data:i.name/></a>
            <span class='post-count' dir='ltr'>(<data:i.post-count/>)</span>
          <b:if cond='data:i.data'>
            <b:include data='i.data' name='interval'/>
          </b:if>
          <b:if cond='data:i.posts'>
            <b:include data='i.posts' name='posts'/>
          </b:if>
        </li>
      </ul>
  </b:loop>
</b:includable>
<b:includable id='toggle' var='interval'>
  <b:if cond='data:interval.toggleId'>
  <b:if cond='data:interval.expclass == &quot;expanded&quot;'>
    <a class='toggle' href='javascript:void(0)'>
      <span class='zippy toggle-open'>&#9660;&#160;</span>
    </a>
  <b:else/>
    <a class='toggle' href='javascript:void(0)'>
      <span class='zippy'>
        <b:if cond='data:blog.languageDirection == &quot;rtl&quot;'>
          &#9668;&#160;
        <b:else/>
          &#9658;&#160;
        </b:if>
      </span>
    </a>
  </b:if>
 </b:if>
</b:includable>
<b:includable id='posts' var='posts'>
  <ul class='posts'>
    <b:loop values='data:posts' var='i'>
      <li><a expr:href='data:i.url'><data:i.title/></a></li>
    </b:loop>
  </ul>
</b:includable>
</b:widget>
<b:widget id='Followers1' locked='false' title='Followers' type='Followers'>
<b:includable id='main'>
  <b:if cond='data:title != &quot;&quot;'>
    <b:if cond='data:codeSnippet != &quot;&quot;'>
      <h2 class='title'><data:title/></h2>
    <b:else/>
      <b:if cond='data:totalFollowerCount != &quot;&quot;'>
        <h2 class='title'><data:title/> (<data:totalFollowerCount/>)</h2>
      </b:if>
    </b:if>  
  </b:if>
  <div class='widget-content'>
    <div expr:id='data:widget.instanceId + &quot;-wrapper&quot;'>
      <b:if cond='data:codeSnippet != &quot;&quot;'>
        <div style='margin-right:2px;'>
          <data:codeSnippet/>
        </div>
      <b:else/>
        <b:if cond='data:totalFollowerCount == &quot;&quot;'>
          <span class='item-control following-not-admin'>
            <b><data:failureSnippet/></b>
          </span>
          <span class='item-control blog-admin'>
            <b><data:adminFailureSnippet/></b>
          </span>
        <b:else/>
          <b:if cond='data:followingLinkPresent'>
            <div class='follow-this profile-link item-control following-follow-this'>
              <a expr:href='&quot;javascript:_FollowersView._openPopup(\&quot;&quot; + data:followUri + &quot;\&quot;);&quot;'>
                <data:followThisMessage/>
              </a>
            </div>
            <div class='follow-this profile-link item-control following-stop-following-this'>
              <a expr:href='&quot;javascript:_FollowersView._openPopup(\&quot;&quot; + data:followUri + &quot;\&quot;);&quot;'>
                <data:stopFollowingMessage/>
              </a>
            </div>
          </b:if>
  
          <div class='followers-grid'>
            <b:if cond='data:totalFollowerCount == 0'>
              <div class='profile-link item-control following-follow-this'>
                <data:emptyFollowersMessage/>
              </div>
            </b:if>
            <!--
            Relies on the js written out in navbar.gxp
            -->
            <b:loop values='data:followers' var='follower'>
              <div class='follower'>
                <a expr:href='data:follower.profileUrl' expr:title='data:follower.displayName' rel='nofollow'>
                <img class='follower-img' expr:alt='data:follower.displayName' expr:height='data:follower.imageHeight' expr:onerror='&quot;this.onerror=null;this.src=\&quot;&quot; + data:anonFollowerImageUrl + &quot;\&quot;;&quot;' expr:onload='&quot;setAttributeOnload(this, \&quot;src\&quot;, \&quot;&quot; + data:follower.imageUrl + &quot;\&quot;)&quot;' expr:width='data:follower.imageWidth' src='http://img1.blogblog.com/img/blank.gif'/>
                </a>
              </div>
            </b:loop>
            <div class='clear'/>
          </div>
  
          <div class='followers-canvas profile-link'>
            <data:followersFooterMessage/>
            <span class='item-control following-not-admin'>
              <a expr:href='data:followersUri'>
                <data:viewAllMessage/>
              </a>
            </span>
            <span class='item-control blog-admin'>
              <a expr:href='data:manageFollowersUri'>
                <data:manageFollowersMessage/>
              </a>
            </span>
          </div>
          </b:if>
      </b:if>
    </div>
    <b:include name='quickedit'/>
  </div>
</b:includable>
</b:widget>
</b:section>
</div><div class='clear'/>
<!-- end sidebar_container --><div class='clear'/> 
</div> 
<div id='footer'> 
<div class='fcred'> 
Copyright &#169; 2011 <a expr:href='data:blog.homepageUrl'><data:blog.title/></a> - <br/> 
Blogger by <a href='http://besttheme.net/'>Best Blogger Themes</a> | <a href='http://premiumbloggerthemes.com/'>Premium Blogger Themes</a> - <br/> 
Designs by <a href='http://www.fabthemes.com' title='WordPress Themes Designs'>Fab Themes</a> |  <a href='http://www.web2feel.com/' title='Web2feel Designs'>Web2feel</a>  
</div>	
</div> 
</div> 
</div> 
</body> 
</html>