<?xml version="1.0" encoding="UTF-8" ?>
<!DOCTYPE html>
<html b:version='2' class='v2' expr:dir='data:blog.languageDirection' xmlns='http://www.w3.org/1999/xhtml' xmlns:b='http://www.google.com/2005/gml/b' xmlns:data='http://www.google.com/2005/gml/data' xmlns:expr='http://www.google.com/2005/gml/expr'> 
  <head>
<b:if cond='data:blog.url == data:blog.homepageUrl'> <title><data:blog.title/></title> <meta content='Your Site Description Goes Here' name='Description'/> <meta content='Site Keywords' name='Keywords'/> </b:if> <b:if cond='data:blog.pageType == &quot;index&quot;'> <title><data:blog.title/></title> <b:else/><title><data:blog.pageName/></title> </b:if> <b:if cond='data:blog.pageType == &quot;item&quot;'> <meta expr:content='data:blog.pageName' name='Keywords'/> </b:if>
    <meta content='IE=EmulateIE7' http-equiv='X-UA-Compatible'/> 
    <b:if cond='data:blog.isMobile'> 
      <meta content='width=device-width,initial-scale=1.0,minimum-scale=1.0,maximum-scale=1.0' name='viewport'/> 
    <b:else/> 
      <meta content='width=1100' name='viewport'/> 
    </b:if> 
    <b:include data='blog' name='all-head-content'/> 
    <title><data:blog.pageTitle/></title>
<script src='https://ajax.googleapis.com/ajax/libs/jquery/1.5.1/jquery.min.js' type='text/javascript'/>
<link href='https://fonts.googleapis.com/css?family=Lora:400,700,400italic|Oswald:400,700' rel='stylesheet' type='text/css'/>
   <b:skin><![CDATA[/* 
-----------------------------------------------
Blogger Template Style
Name              : Indus Blogger Theme
Author           : Way2themes
Url Author     : http://www.way2themes.com/
Published by       : Way2themes
Url Published : http://www.Way2themes.com/
License:  This free Blogger template is licensed under the Creative Commons Attribution 3.0 License, which permits both personal and commercial use.
However, to satisfy the 'attribution' clause of the license, you are required to keep the footer links intact which provides due credit to its authors. For more specific details about the license, you may visit the URL below:
http://creativecommons.org/licenses/by/3.0/
----------------------------------------------- */
#navbar-iframe {   height:0px;   visibility:hidden;   display:none   } 
/* Main DIVs
----------------------------------------------- */
body {
    background-color: #ddd;
    font-family: Helvetica, Arial;
background:#fefefe;
}

#body {
    width: 1007px;
    margin: 0 auto;
}



body#layout .headerleft { margin-top: 40px; }  
body#layout .header{ margin-top: 60px; }

#content {
    width: 1007px;
}
#content-wrapper {
margin: 0px auto 0;
width: 1000px;
}
#main-wrapper {
width: 680px;
padding: 5px;
float: left;
}
#sidebar-wrapper {
display: inline;
margin: -1px 0 0;
width: 300px;
float: right;
}
.section {
margin: 0px!important;
}
/* Body
----------------------------------------------- */
body a {
    text-decoration: none;
color:#555555;
}

body a:hover {
    text-decoration: block;
    color: #444444;
}

body a:visited {
    text-decoration: none;
}

::selection {
    background: #444444;
    color: #ffffff;
}

::-moz-selection {
    background: #444444;
    color: #ffffff;
}

::-webkit-selection {
    background: #444444;
    color: #ffffff;
}
/*------Header-----*/ 
#header {
width: 100%;
background:#dedede;
height:150px;
}
#header-wrapper{ 
    width: 960px; 
    color: #000; 
    margin: 0px auto 0; 
    padding: 0px; 
    overflow: hidden;
} 
#header-inner { 
    background-position: left; 
    background-repeat: no; 
} 
.headerleft h1, .headerleft h1 a,.headerleft h1 a:hover,.headerleft h1 a:visited { 
    color: #BF0100; 
    font-size: 36px; 
    font-family: 'Ultra', serif, Arial; 
    font-weight: bold; 
    margin: 0; 
    padding: 0px 0 5px 0; 
    text-decoration: none; 
      text-shadow: 6px 6px 4px #ccc; 
       line-height:1.2em; 
}
.headerleft h3 { 
    font-family: arial, tahoma,  Sans-Serif; 
    font-weight: normal; 
    margin: 0; 
    padding: 0; 
}
.headerleft .description { 
        color: #3B3B3B; 
    font:bold 12px Helvetica, arial,  sans-serif; 
    margin: 0px; 
    padding: 0 0 20px 0; 
        text-shadow: 4px 4px 6px #ccc; 
}

.headerleft { 
         width: 450px; 
         float: left; 
         margin: 0; 
         padding: 0;    
} 
.headerright { 
         width: 468px;
         float: right; 
         margin-top: 40px;
         padding:1px 0 0 0; 
         
}
  
/* Post
----------------------------------------------- */
.post {
    position: relative;
    margin-top: 10px;
    background: #ffffff;
    border: 1px solid silver;
    box-shadow: 0px 0px 0px silver;
    color: #666666;
}

h3.post-title {
    padding: 10px;
    font-family: Helvetica, Arial;
    line-height: 1.1em;
    font-weight: bold;
    text-shadow: 0 1px 0 white;
    font-size: 26px;
    letter-spacing: -1px;
    background: #E4E4E4;
    border-bottom: 1px solid #CCC;
    width: auto;
    box-shadow: 0 0 0 1px white inset;
    -moz-box-shadow: 0 0 0 1px #fff inset;
    -webkit-box-shadow: 0 0 0 1px white inset;
}

h3.post-title a {
    color: #444;
    text-decoration: none;
    text-decoration: none;
    border-bottom: 0px solid #CCC;
}

h3.post-title a:hover {
    color: #444;
    text-decoration: none;
    background: #eee;
    text-decoration: none;
    border-bottom: 0px solid #CCC;
}


.post-body h2 {
    box-shadow: white 0px -1px 0px inset;
    padding: 10px 0px 5px 0px;
    font: 28px/normal Georgia, "Times New Roman", Times, serif;
    line-height: 1.1em;
    font-weight: bold;
    text-shadow: 0 1px 0 white;
    font-size: 28px;
    letter-spacing: -1px;
    margin: 0px 0px 10px 0px;
    border-bottom: 1px solid #D8D8D8;
    color: #444444:;
}

.post-body h3 {
    box-shadow: white 0px -1px 0px inset;
    padding: 10px 0px 5px 0px;
    font: 24px/normal Georgia, "Times New Roman", Times, serif;
    line-height: 1.1em;
    font-weight: bold;
    text-shadow: 0 1px 0 white;
    font-size: 24px;
    letter-spacing: -1px;
    margin: 0px 0px 10px 0px;
    border-bottom: 1px solid #D8D8D8;
}

.post-body h4 {
    box-shadow: white 0px -1px 0px inset;
    padding: 10px 0px 5px 0px;
    font: 20px/normal Georgia, "Times New Roman", Times, serif;
    line-height: 1.1em;
    font-weight: bold;
    text-shadow: 0 1px 0 white;
    font-size: 20px;
    letter-spacing: -1px;
    margin: 0px 0px 10px 0px;
    border-bottom: 1px solid #D8D8D8;
}

.more {
    margin-bottom:0px;
    margin-right: 5px;
    float: right;
    font-family: Helvetica, Arial;
    font-weight: bold;
    text-shadow: 0 1px 0 white;
    font-size: 16px;
    border-bottom: 1px solid #CCC;
}

.post-footer {
    width: auto;
    font-size: 12px;
    height: 35px;
    border-top: 1px solid #CCC;
    background-color: #E4E4E4;
    box-shadow: 0 0 0 1px white inset;
    -moz-box-shadow: 0 0 0 1px #fff inset;
    -webkit-box-shadow: 0 0 0 1px white inset;
    padding: 5px 20px;
}

.post-comment-link, .post-labels, .post-icons {
    margin-left: 5px;
}

.post-comment-link {
float: right;
}



.post-body {
    padding-bottom: 5px;
    padding: 20px;
    font: normal 15px Verdana, Geneva, sans-serif;
    line-height: 1.4;
    width: 96%;
text-align:justify;
}

td, tr {
    padding: 5px;
}

.post-body h2 {
    box-shadow: white 0px -1px 0px inset;
    padding: 10px 0px 5px 0px;
    font: 28px/normal Georgia, "Times New Roman", Times, serif;
    line-height: 1.1em;
    font-weight: bold;
    text-shadow: 0 1px 0 white;
    font-size: 28px;
    letter-spacing: -1px;
    margin: 0px 0px 10px 0px;
    border-bottom: 1px solid #D8D8D8;
}

.post-body h3 {
    box-shadow: white 0px -1px 0px inset;
    padding: 10px 0px 5px 0px;
    font: 24px/normal Georgia, "Times New Roman", Times, serif;
    line-height: 1.1em;
    font-weight: bold;
    text-shadow: 0 1px 0 white;
    font-size: 24px;
    letter-spacing: -1px;
    margin: 0px 0px 10px 0px;
    border-bottom: 1px solid #D8D8D8;
}

.post img {
    border: none;
    background: none;
}

blockquote {
    background-attachment: scroll;
    background-color: #e4e4e4;
    background-image: url(http://i1203.photobucket.com/albums/bb382/chandeep10/copyblogger/blockquote.png);
    background-position: 0% 0%;
    background-repeat: no-repeat no-repeat;
    border: 0px;
    color: #666666;
    font-family: Georgia, Times, 'Times New Roman', serif;
    font-size: 16px;
    font-style: italic;
    line-height: 22px;
    margin: 0px 0px 20px -20px;
    padding: 25px 30px 25px 80px;
    vertical-align: baseline;
}

.post-body ul, .post-body ol {
    margin-left: 30px;
}

.post-body ul li:hover, .post-body ol li:hover {
    font-weight: bold;
}
#blog-pager {
font-family: lora,sans-serif;
font-size: 18px;
font-weight: 700;
font-style: italic;
}
/*----- MBT MULTI COLUMN FOOTER WIDGET -----*/
#lower { 
margin:auto; 
padding: 0px 0px 10px 0px; 
width: 100%; 
border-top:5px dashed #fff;
background:#333333; 
margin-top: 25px;
} 
#lower-wrapper { 
background:#333333; 
margin:auto; 
padding: 20px 0px 20px 0px; 
width: 960px; 
border:0; 
} 
#lowerbar-wrapper { 
background:#333333; 
float: left; 
margin: 0px 5px auto; 
padding-bottom: 20px; 
width: 32%; 
text-align: justify; 
color:#ddd; 
font: bold 12px Arial, Tahoma, Verdana; 
line-height: 1.6em; 
word-wrap: break-word; 
overflow: hidden; 
} 
.lowerbar {margin: 0; padding: 0;} 
.lowerbar .widget {margin: 0; padding: 10px 20px 0px 20px;} 
.lowerbar h2 {
margin: 0px 0px 10px 0px;
background:url(http://3.bp.blogspot.com/-lQcoGKf989w/ULiFSzaY95I/AAAAAAAAA1I/fnJTl-DKbsI/s1600/Black+Dot.gif) repeat-x scroll bottom;
padding: 8px;
text-align: left;
border: 0;
font-family: oswald;
color: #ddd;
text-transform: uppercase;
font-size: 17px;
letter-spacing: 1px;
}
.lowerbar ul { 
color:#fff; 
margin: 0 auto; 
padding: 0; 
list-style-type: none; 
} 
.lowerbar li { 
display:block; 
color:#fff; 
line-height: 1.6em; 
margin-left: 0 !important; 
padding: 6px; 
border-bottom: 1px solid #222; 
border-top: 1px solid #444; 
list-style-type: none; 
} 
.lowerbar li a { 
text-decoration:none; color: #DBDBDB; 
} 
.lowerbar li a:hover { 
text-decoration:underline; 
} 
.lowerbar li:hover { 
display:block; 
background: #222; 
}

/* Page Navigation
----------------------------------------------- */
.pagination {
    margin-bottom: 5px;
    padding: 15px;
}

.blog-mobile-link a,.pagination {
    background: #f4f4f4;
    border: 1px solid silver;
    box-shadow: 0px 2px 13px silver;
    display: inline-block;
    font-size: 14px;
    line-height: 12px;
    text-decoration: none;
    padding: 5px;
}

.pagination a:hover {
    text-shadow: 0px 1px 0px #000;
}

.blog-mobile-link {
    margin-left: -15px;
}

#blog-pager {
margin: 1em 0;
text-align: center;
overflow: visible;
}

#blog-pager-newer-link {
    float: left;
}

#blog-pager-older-link {
    float: right;
}

html #blog-pager-older-link {
    width: auto;
}

html #blog-pager-newer-link {
    width: auto;
}

html #blog-pager-home-link {
    width: 140px;
    margin: 0 auto;
}

html .blog-pager-older-link,html .blog-pager-newer-link {
    font-family: Arial;
    line-height: 20px !important;
}

html .blog-pager-older-link,html .home-link,html .blog-pager-newer-link {
    display: block;
    height: 20px;
    line-height: 20px;
    padding: 0;
    width: 100%;
}
  
/* Widgets
----------------------------------------------- */
.sidebar .widget h2 {
    width: 266px;
    padding: 10px 15px;
    margin: -5px 0px 5px -5px;
    font-family: Helvetica, Arial;
    line-height: 1.1em;
    font-weight: bold;
    text-shadow: 0 1px 0 white;
    font-size: 20px;
    letter-spacing: -1px;
    color: #333;
    background: #E4E4E4;
    border: 1px solid white;
}

.sidebar .widget {
    margin-top: 20px;
    font: normal normal 14px Verdana, Geneva, sans-serif;
    color: #666666;
    padding: 5px;
    background: #f4f4f4;
    border: 1px solid silver;
    box-shadow: 0px 2px 13px silver;
}

.sidebar .widget ul {
    clear: both;
}

.sidebar .widget ul li {
    list-style-type: none;
    padding: 0;
}

.sidebar .widget li a {
    text-decoration: none;
    color: #333;
    border-top: 1px solid #E0E0E0;
    border-bottom: 1px solid white;
    font-size: 12px;
    font-weight: normal;
    display: block;
    padding: 0.7em 0em;
}

.sidebar .widget ul li a:hover {
    color: #074F77;
    text-decoration: none;
    background: #eee;
    text-decoration: none;
}

.sidebar .widget .popular-posts .item-content .item-thumbnail {
    float: left;
    margin-right: 5px;
    margin-bottom: -11px;
}

.sidebar .widget .popular-posts .item-content {
    border-bottom: 1px solid #444;
    padding-bottom: 5px;
}

.sidebar .widget .popular-posts .item-content  .item-snippet {
    font-size: 11px;
}

.sidebar .widget .popular-posts li a {
    text-decoration: none;
    color: #333;
    border-top: 0px solid #E0E0E0;
    border-bottom: 0px solid white;
    font-size: 12px;
    font-weight: normal;
    display: block;
    padding: 0.7em 0em;
}

.sidebar .widget .popular-posts  ul li a:hover {
    text-decoration: underline;
    background: #f4f4f4;
}

/* Comments
----------------------------------------------- */   
.comments {
    margin-top: 10px;
    background-color: #f4f4f4;
    box-shadow: 0 0 0 1px silver;
    -moz-box-shadow: 0 0 0 1px silver;
    -webkit-box-shadow: 0 0 0 1px silver;
    font: normal 11pt "ms sans serif", Arial;
    color: #2F97FF;
    color: #444444;
}

.comments h4 {
    padding: 10px;
    font-family: Helvetica, Arial;
    line-height: 1.1em;
    font-weight: bold;
    text-shadow: 0 1px 0 white;
    font-size: 20px;
    letter-spacing: -1px;
    color: #333;
    background: #E4E4E4;
    border-bottom: 1px solid #ccc;
    width: auto;
    box-shadow: 0 0 0 1px white inset;
    -moz-box-shadow: 0 0 0 1px #fff inset;
    -webkit-box-shadow: 0 0 0 1px white inset;
}

.comments-content {
    padding: 10px;
}

.comment-thread ol {
    list-style: none;
}

#comments {
    overflow: hidden;
    background: #f4f4f4;
}

.comments .comment-header,.comments .comment-thread.inline-thread .comment {
    position: relative;
}

.comments .continue a {
    background: #444444;
}

.comments .user a,.comments .continue a {
    font-size: 16px;
}

.comments .continue a {
    font-weight: normal;
    color: #fff;
}

#comments .avatar-image-container img {
    border: 0;
}

.comment-thread {
    color: #111;
}

.comment-thread a {
    color: #777;
}

.comment-thread ol {
    margin: 0 0 20px;
}

.comment-thread .comment-content a,.comments .user a,.comments .comment-thread.inline-thread .user a {
    color: #444444;
}

.comments .avatar-image-container,.comments .avatar-image-container img {
    float: left;
    width: 48px;
    max-width: 48px;
    height: 48px;
    max-height: 48px;
}

.comments .comment-block,.comments .comments-content .comment-replies,.comments .comment-replybox-single {
    margin-left: 60px;
}

.comments .comment-block,.comments .comment-thread.inline-thread .comment {
    border: 1px solid #ddd;
    background: #f9f9f9;
    padding: 10px;
}

.comments .comments-content .comment {
    margin: 15px 0 0;
    padding: 0;
    width: 100%;
    line-height: 1em;
}

.comments .comments-content .icon.blog-author {
position: absolute;
top: -10px;
right: -10px;
margin: 0;
background-image: url(http://4.bp.blogspot.com/-pLzbR7dRJ_M/UcbQMLJAw1I/AAAAAAAAAh8/16rH5vfHKsM/s1600/admin_comment1.png);
width: 105px;
height: 95px;
}

.comments .comments-content .inline-thread {
    padding: 0 0 0 20px;
}

.comments .comments-content {
    margin-top: 0;
}

.comments .comment-content {
    padding: 5px 0;
    line-height: 1.4em;
}

.comments .comment-thread.inline-thread {
    border-left: 1px solid #ddd;
    background: transparent;
}

.comments .comment-thread.inline-thread .comment {
    width: auto;
}

.comments .comment-thread.inline-thread .comment:after {
    content: "";
    position: absolute;
    top: 10px;
    left: -20px;
    border-top: 1px solid #ddd;
    width: 10px;
    height: 0px;
}

.comments .comment-thread.inline-thread .comment .comment-block {
    border: 0;
    background: transparent;
    padding: 0;
}

.comments .comment-thread.inline-thread .comment-block {
    margin-left: 48px;
}

.comments .comment-thread.inline-thread .avatar-image-container,.comments .comment-thread.inline-thread .avatar-image-container img {
    width: 36px;
    max-width: 36px;
    height: 36px;
    max-height: 36px;
}

.comments .continue {
    border-top: 0;
    width: 100%;
}

.comments .continue a {
    padding: 10px 0;
    text-align: center;
    display: block;
}

.comment .continue {
    display: none;
}

#comment-editor {
    width: 100%!important;
}

#threaded-comment-form, .comment-form {
    background: #f9fafb;
    width: 97%;
    padding-top: 5px;
    padding-bottom: 5px;
    padding-left: 10px;
    padding-right: 10px;
    border-radius: 3px;
    -moz-border-radius: 3px;
    -webkit-border-radius: 3px;
    border: 1px solid #e6e6e6;
    color: #000;
    text-align: left;
    line-height: 25px;
}

.comment-form p {
    padding: 5px;
}

.comments .thread-toggle {
    cursor: pointer;
    display: inline-block;
}

.comments .thread-chrome.thread-collapsed {
    display: none;
}

.comments .thread-toggle {
    display: inline-block;
}

.comments .thread-toggle .thread-arrow {
    display: inline-block;
    height: 6px;
    width: 7px;
    overflow: visible;
    margin: 0.3em;
    padding-right: 4px;
}

.comments .thread-expanded .thread-arrow {
    background: url("data:image/png;base64,iVBORw0KGgoAAAANSUhEUgAAAAc AAAAHCAYAAADEUlfTAAAAG0lEQVR42mNgwAfKy8v/48I4FeA0AacVDFQBAP9wJkE/KhUMAAAAAElFTkSuQmCC") no-repeat scroll 0 0 transparent;
}

.comments .thread-collapsed .thread-arrow {
    background: url("data:image/png;base64,iVBORw0KGgoAAAANSUhEUgAAA AcAAAAHCAYAAADEUlfTAAAAJUlEQVR42mNgAILy8vL/DLgASBKnApgkVgXIkhgKiNKJ005s4gDLbCZBiSxfygAAAAB JRU5ErkJggg==") no-repeat scroll 0 0 transparent;
} 
#menu5 {
    font-family: Arial,sans-serif;
    font-size: 12px;
    -moz-box-shadow:inset 0px 0px 1px #fff;
    -webkit-box-shadow:inset 0px 0px 1px #fff;
    background:#e2e2e2;
    background:-moz-linear-gradient(#f3f3f3, #e2e2e2);
    background:-webkit-gradient(linear, 0 0, 0 100%, from(#f3f3f3), to(#e2e2e2));
    width: 900px;
    height: 40px;
    -webkit-border-radius: 5px;
    -moz-border-radius: 5px;
    -ms-border-radius: 5px;
    -o-border-radius: 5px;
    border-radius: 5px;
    margin: -20px auto 0;
    padding: 0 20px;
    display: block;
    line-height: 1;
}

#menu5 h1,#menu5 ul,#menu5 p,#menu5 img {
    margin: 0;
    padding: 0;
    border: 0;
}

#menu5 h1 {
    font-weight: normal;
}

#menu5 ul {
    list-style: none;
}

#menu5 a {
    text-decoration: none;
    color: #5f5f5f;
}

#menu5 .menu-label {
    font-weight: bold;
    text-transform: uppercase;
}

#menu5 .menu-top>li {
    float: left;
    position: relative;
    text-align: center;
    -webkit-transition: background-color .2s;
    -moz-transition: background-color .2s;
    -ms-transition: background-color .2s;
    -o-transition: background-color .2s;
    transition: background-color .2s;
}

#menu5 .menu-top>li:hover {
    background-color: #0af;
    -webkit-transition: background-color .2s;
    -moz-transition: background-color .2s;
    -ms-transition: background-color .2s;
    -o-transition: background-color .2s;
    transition: background-color .2s;
}

#menu5 .menu-top .menu-right {
    float: right;
}

#menu5 .menu-button {
    display: block;
    line-height: 40px;
    padding: 0 20px;
    color: #5f5f5f;
    -webkit-transition: color .2s;
    -moz-transition: color .2s;
    -ms-transition: color .2s;
    -o-transition: color .2s;
    transition: color .2s;
}

#menu5 li:hover .menu-button {
    color: #fafafa;
    -webkit-transition: color .2s;
    -moz-transition: color .2s;
    -ms-transition: color .2s;
    -o-transition: color .2s;
    transition: color .2s;
}

#menu5 .menu-drop {
    padding-right: 15px;
}

#menu5 .menu-drop .menu-label {
    padding-right: 20px;
    background: url("http://4.bp.blogspot.com/-dvh6rfJiXEY/Uj_s9arD9YI/AAAAAAAACRQ/OY7JhP8Ilmw/s1600/popular-scroll-bottom.png") no-repeat right;
    -webkit-transition: background .2s;
    -moz-transition: background .2s;
    -ms-transition: background .2s;
    -o-transition: background .2s;
    transition: background .2s;
}

#menu5 li:hover .menu-drop .menu-label {
    background: url("http://3.bp.blogspot.com/--2l9ZNrkG4g/Uj_s9Pv0VvI/AAAAAAAACQk/L-OKeF2dyRU/s1600/popular-scroll-bottom+(1).png") no-repeat right;
    -webkit-transition: background .2s;
    -moz-transition: background .2s;
    -ms-transition: background .2s;
    -o-transition: background .2s;
    transition: background .2s;
}

#menu5 .menu-dropdown {
    text-align: left;
    background-color: #0af;
    -webkit-border-radius: 0 0 5px 5px;
    -moz-border-radius: 0 0 5px 5px;
    -ms-border-radius: 0 0 5px 5px;
    -o-border-radius: 0 0 5px 5px;
    border-radius: 0 0 5px 5px;
    position: absolute;
    left: -5000px;
    opacity: 0;
    z-index: 100;
}

#menu5 li:hover .menu-dropdown {
    left: 0;
    opacity: 1;
    -webkit-transition: opacity .2s;
    -moz-transition: opacity .2s;
    -ms-transition: opacity .2s;
    -o-transition: opacity .2s;
    transition: opacity .2s;
}

#menu5 .menu-right:hover .menu-dropdown {
    left: auto;
    right: 0;
}

#menu5 .menu-sub {
    margin: 5px 0;
}

#menu5 .menu-sub li {
    white-space: nowrap;
    -webkit-transition: background-color .1s;
    -moz-transition: background-color .1s;
    -ms-transition: background-color .1s;
    -o-transition: background-color .1s;
    transition: background-color .1s;
}

#menu5 .menu-sub li:hover {
    background: #fafafa url("http://3.bp.blogspot.com/-YFo1n_emJ24/Uj_3wycY8cI/AAAAAAAACTE/J2S0_8R4umU/s1600/load-more-bg+(2).png") no-repeat 10px;
    -webkit-transition: background-color .2s;
    -moz-transition: background-color .2s;
    -ms-transition: background-color .2s;
    -o-transition: background-color .2s;
    transition: background-color .2s;
}

#menu5 .menu-subbutton {
    display: block;
    padding: 7px 20px;
    line-height: 1.3;
    color: #fafafa;
    -webkit-transition: color .2s;
    -moz-transition: color .2s;
    -ms-transition: color .2s;
    -o-transition: color .2s;
    transition: color .2s;
}

#menu5 .menu-sub li:hover .menu-subbutton {
    color: #5f5f5f;
    -webkit-transition: color .2s;
    -moz-transition: color .2s;
    -ms-transition: color .2s;
    -o-transition: color .2s;
    transition: color .2s;
}

#menu5 .menu-desc {
    font-style: italic;
    color: #eaeaea;
    -webkit-transition: color .2s;
    -moz-transition: color .2s;
    -ms-transition: color .2s;
    -o-transition: color .2s;
    transition: color .2s;
}

#menu5 .menu-sub li:hover .menu-desc {
    color: #707070;
    -webkit-transition: color .2s;
    -moz-transition: color .2s;
    -ms-transition: color .2s;
    -o-transition: color .2s;
    transition: color .2s;
}

#menu5 .menu-row {
    vertical-align: text-top;
    display: inline-block;
    zoom: 1;
    *display: inline;
}

#menu5 .menu-row .menu-sub {
    margin: 0;
}

#menu5 h1 {
    font-size: 2em;
    color: #f0f0f0;
}

#menu5 p {
    color: #f0f0f0;
}

#menu5 .emp {
    font-weight: bold;
}

#menu5 .quote {
    font-style: italic;
}

#menu5 .menu-dropdown3 {
    padding-top: 5px;
    white-space: nowrap;
}

#menu5 .menu-dropdown3 h1 {
    margin: 0 0 5px 20px;
}

#menu5 .menu-dropdown3 .menu-row {
    border-right: 1px dotted #707070;
    margin: 5px 0;
}

#menu5 .menu-dropdown3 .menu-row:last-child {
    border-right: 0;
}

#menu5 .menu-dropdown4 {
    padding-top: 5px;
    white-space: nowrap;
}

#menu5 .menu-dropdown4 h1 {
    margin: 0 0 5px 20px;
}

#menu5 .menu-dropdown4 .menu-row div {
    border-right: 1px dotted #707070;
    margin: 5px 0 10px 0;
}

#menu5 .menu-dropdown4 .menu-row:last-child div {
    border-right: 0;
}

#menu5 .menu-dropdown4 .menu-row div:last-child {
    margin-bottom: 5px;
}

#menu5 .menu-dropdown6 img {
    margin-right: 5px;
    vertical-align: middle;
}

#menu5 .menu-dropdown6 .menu-label {
    vertical-align: middle;
}

#menu5 .menu-dropdown6 .menu-subbutton {
    padding: 5px 20px;
}

#menu5 .menu-dropdown7 {
    padding: 10px;
    width: 210px;
}

#menu5 .menu-dropdown7 p {
    margin-top: 7px;
}

#menu5 .menu-dropdown7 h1 {
    color: #f0f0f0;
    padding-bottom: 3px;
    border-bottom: 1px solid #e0e0e0;
}
.showpageNum a {
background: #0af;
padding: 5px;
padding-left: 10px;
border: 1px solid #b9b9b9;
padding-right: 10px;
margin-right: 5px;
color: #000;
font-weight: bold;
}
.showpage a {
background: #0af;
padding: 5px;
padding-left: 10px;
border: 1px solid #b9b9b9;
padding-right: 10px;
margin-right: 5px;
color: #000;
font-weight: bold;
}
.showpageArea {
float: left;
}
.feed-links {
display: none;
}
.showpageArea a {
float: left;
font-size: 15px;
color: #fff!important;
padding-left: 15px;
padding-right: 15px;
}
.showpagePoint {
float: left;
font-size: 15px;
padding-left: 15px;
padding-right: 15px;
}
.showpageArea a {
text-decoration: none;
}
.showpageArea {
float: left;
width: 363px;
margin-top: 10px;
}
.footer-lower {
background: #151619;
font-family: 'Cabin', sans-serif;
font-weight: 700;
text-transform: uppercase;
color:#fff;
}
.footer-inner {
margin: 0 auto;
overflow: hidden;
padding: 3em 0 3em;
width: 940px;
}
.footer-lower .footer-inner { padding: 1.875em 0; }
.copyright,
.credit {
font-size: 12px;
margin-bottom: 0;
}
.copyright {
float: left;
margin-left: 2.127659574%; /* 20px */
}
.copyright a {
color:#cccccc;
}
.credit {
float: right;
margin-right: 2.127659574%; /* 20px */
}
#w2t-share ul {list-style: none;
clear: none;
padding: 30px 0px;
margin: 5px 0;
margin-left: 100px;}
#w2t-share ul li {display: inline;background:none;margin:0;padding:0;}
#w2t-share ul li a {display: block;float: left;width: 32px;height:32px;background-image: url('http://4.bp.blogspot.com/-94xCOZSsMhI/Td9Cglmov5I/AAAAAAAAA4M/0kADSqbjdek/s1600/way2blogging-share-icons-sprite.png') ;margin-left:3px;background-repeat: no-repeat;margin-right: 2px;-moz-transition: all 0.3s ease;-o-transition: all 0.3s ease; -webkit-transition: all 0.3s ease; -ms-transition: all 0.3s ease; transition: all 0.3s ease; }
#w2t-share ul li a.twitter    {background-position: -0px -0px;   }
#w2t-share ul li a.twitter:hover {background-position: -0px -33px;  }
#w2t-share ul li a.facebook   {background-position: -32px -0px;  }
#w2t-share ul li a.facebook:hover {background-position: -32px -33px; }
#w2t-share ul li a.stumbleupon  {background-position: -64px -0px;  }
#w2t-share ul li a.stumbleupon:hover{background-position: -64px -33px; }
#w2t-share ul li a.digg    {background-position: -192px -0px; }
#w2t-share ul li a.digg:hover  {background-position: -192px -33px;}
#w2t-share ul li a.reddit   {background-position: -160px -0px; }
#w2t-share ul li a.reddit:hover  {background-position: -160px -33px;}
#w2t-share ul li a.google   {background-position: -128px -0px; }
#w2t-share ul li a.google:hover  {background-position: -128px -33px;}
#w2t-share ul li a.del-icio-us  {background-position: -480px -0px; }
#w2t-share ul li a.del-icio-us:hover{background-position: -480px -33px;}
#w2t-share ul li a.mixx    {background-position: -96px -0px;  }
#w2t-share ul li a.mixx:hover  {background-position: -96px -33px; }
#w2t-share ul li a.technorati  {background-position: -416px -0px; }
#w2t-share ul li a.technorati:hover {background-position: -416px -33px;}
#w2t-share ul li a.linkin   {background-position: -256px -0px; }
#w2t-share ul li a.linkin:hover  {background-position: -256px -33px;}
#w2t-share ul li a.yahoobuzz  {background-position: -448px -0px; }
#w2t-share ul li a.yahoobuzz:hover {background-position: -448px -33px;}
#w2t-share ul li a.myspace   {background-position: -512px -0px; }
#w2t-share ul li a.myspace:hover {background-position: -512px -33px;}
#w2t-share ul li a.more    {background-position: -576px -0px; }
#w2t-share ul li a.more:hover  {background-position: -576px -33px;}
]]></b:skin>
<b:if cond='data:blog.pageType == &quot;item&quot;'>
<style>
  .post-body{margin-top:-40px; padding: 0 0 0 10px;text-align:justify;}
#sidebar-wrapper {margin-top: -17px;
}
    </style></b:if>
   <!-- Auto Image Thumbnail & ReadMore Link By Way2themes Script Start-->
<b:if cond='data:blog.pageType != &quot;item&quot;'>
<b:if cond='data:blog.pageType != &quot;static_page&quot;'>
<script type='text/javascript'>
var thumbnail_mode = &quot;yes&quot; ;
summary_noimg = 500;
summary_img = 210;
img_thumb_height = 120;
img_thumb_width = 305;
/*
Copyright (c) 2013 Way2themes From www.Way2themes.com
*/
</script>
<script src='http://goo.gl/KFHxev' type='text/javascript'/>
<style type='text/css'>
.post {width:46.7%;height:320px;float:left;margin:10px;position:relative;display: block;}
.post h3{height:32px;margin-top:0px;padding:5px;font-family: Helvetica, Arial;line-height:1em;font-weight: bold;  font-size:16px;letter-spacing:-0.5px;}
.post-body {padding:5px;height:236px;font-family: Helvetica, Arial; font-size: 13px;width:98%;text-align:justify; }
.post-footer {margin-top:0px;height:20px;}
.post-labels {display:none;}

</style>
</b:if>
</b:if>
<!-- Auto Image Thumbnail & ReadMore Link By Way2themes Script End -->
<style>
#related-posts {
float: left;
width: 650px;
border-bottom: 1px solid #ddd;
height: 290px;
}
#related-posts h2 {
margin-top: 50px;
border-bottom: 0px;
border-top: 1px solid #ccc;
padding:0 0 0 10px;
padding-top: 10px;
margin-bottom: 0px;
margin-left: 3px;
color: #666;
font-size: 16px;
    background:#e4e4e4;
}
</style>
<b:if cond='data:blog.pageType == &quot;item&quot;'>
<script type='text/javascript'>
var defaultnoimage=&quot;http://3.bp.blogspot.com/-PpjfsStySz0/UF91FE7rxfI/AAAAAAAACl8/092MmUHSFQ0/s1600/no_image.jpg&quot;;
var maxresults=3;
var splittercolor=&quot;#fff&quot;;
var relatedpoststitle=&quot;Related Articles:&quot;;
</script>
<script src='https://ajax.googleapis.com/ajax/libs/jquery/1.5.1/jquery.min.js' type='text/javascript'/>
<script type='text/javascript'>
//<![CDATA[
var relatedTitles = new Array();
var relatedTitlesNum = 0;
var relatedUrls = new Array();
var thumburl = new Array();
function related_results_labels_thumbs(json) {
for (var i = 0; i < json.feed.entry.length; i++) {
var entry = json.feed.entry[i];
relatedTitles[relatedTitlesNum] = entry.title.$t;
try
{thumburl[relatedTitlesNum]=entry.media$thumbnail.url;}

catch (error){
s=entry.content.$t;a=s.indexOf("<img");b=s.indexOf("src=\"",a);c=s.indexOf("\"",b+5);d=s.substr(b+5,c-b-5);
if((a!=-1)&&(b!=-1)&&(c!=-1)&&(d!=""))
{thumburl[relatedTitlesNum]=d;} else {if(typeof(defaultnoimage) !== 'undefined') thumburl[relatedTitlesNum]=defaultnoimage; else thumburl[relatedTitlesNum]="http://3.bp.blogspot.com/-PpjfsStySz0/UF91FE7rxfI/AAAAAAAACl8/092MmUHSFQ0/s1600/no_image.jpg";}
}
if(relatedTitles[relatedTitlesNum].length>35) relatedTitles[relatedTitlesNum]=relatedTitles[relatedTitlesNum].substring(0, 35)+"...";
for (var k = 0; k < entry.link.length; k++) {
if (entry.link[k].rel == 'alternate') {
relatedUrls[relatedTitlesNum] = entry.link[k].href;
relatedTitlesNum++;

}
}
}
}
function removeRelatedDuplicates_thumbs() {
var tmp = new Array(0);
var tmp2 = new Array(0);
var tmp3 = new Array(0);
for(var i = 0; i < relatedUrls.length; i++) {
if(!contains_thumbs(tmp, relatedUrls[i]))
{
tmp.length += 1;
tmp[tmp.length - 1] = relatedUrls[i];
tmp2.length += 1;
tmp3.length += 1;
tmp2[tmp2.length - 1] = relatedTitles[i];
tmp3[tmp3.length - 1] = thumburl[i];
}
}
relatedTitles = tmp2;
relatedUrls = tmp;
thumburl=tmp3;

}
function contains_thumbs(a, e) {
for(var j = 0; j < a.length; j++) if (a[j]==e) return true;
return false;
}

function printRelatedLabels_thumbs(current) {
var splitbarcolor;
if(typeof(splittercolor) !== 'undefined') splitbarcolor=splittercolor; else splitbarcolor="#DDDDDD";
for(var i = 0; i < relatedUrls.length; i++)
{
if((relatedUrls[i]==current)||(!relatedTitles[i]))
{
relatedUrls.splice(i,1);
relatedTitles.splice(i,1);
thumburl.splice(i,1);
i--;
}
}

var r = Math.floor((relatedTitles.length - 1) * Math.random());
var i = 0;
if(relatedTitles.length>0) document.write('<h2>'+relatedpoststitle+'</h2>');
document.write('<div style="clear: both;"/>');
while (i < relatedTitles.length && i < 20 && i<maxresults) {
document.write('<a style="text-decoration:none;padding:5px;float:left;');
if(i!=0) document.write('border-left:solid 0.5px '+splitbarcolor+';"');
else document.write('"');
document.write(' href="' + relatedUrls[r] + '"><img style="width:200px;height:120px;border:0px;" src="'+thumburl[r]+'"/><br/><div style="padding-left:3px;height:65px;border: 0pt none ; margin: 3px 0pt 0pt; padding: 0pt; font-style: normal; font-variant: normal; font-weight: normal; font-size: 12px; line-height: normal; font-size-adjust: none; font-stretch: normal;">'+relatedTitles[r]+'</div></a>');
i++;

if (r < relatedTitles.length - 1) {
r++;
} else {
r = 0;
}
};
document.write('</div>');
relatedUrls.splice(0,relatedUrls.length);
thumburl.splice(0,thumburl.length);
relatedTitles.splice(0,relatedTitles.length);
}
//]]>
</script>
</b:if>
  </head>
  <body><div id='header'> 
<div id='header-wrapper'> 
<div class='headerleft'> 
      <b:section class='headerleft' id='headerleft' maxwidgets='1' showaddelement='no'>
         <b:widget id='Header1' locked='true' title='Indus (Header)' type='Header'>
           <b:includable id='main'>

  <b:if cond='data:useImage'>
    <b:if cond='data:imagePlacement == &quot;BEHIND&quot;'>
      <!--
      Show image as background to text. You can't really calculate the width
      reliably in JS because margins are not taken into account by any of
      clientWidth, offsetWidth or scrollWidth, so we don't force a minimum
      width if the user is using shrink to fit.
      This results in a margin-width's worth of pixels being cropped. If the
      user is not using shrink to fit then we expand the header.
      -->
      <b:if cond='data:mobile'>
          <div id='header-inner'>
            <div class='titlewrapper' style='background: transparent'>
              <h1 class='title' style='background: transparent; border-width: 0px'>
                <b:include name='title'/>
              </h1>
            </div>
            <b:include name='description'/>
          </div>
        <b:else/>
          <div expr:style='&quot;background-image: url(\&quot;&quot; + data:sourceUrl + &quot;\&quot;); &quot;                        + &quot;background-position: &quot;                        + data:backgroundPositionStyleStr + &quot;; &quot;                        + data:widthStyleStr                        + &quot;min-height: &quot; + data:height                        + &quot;_height: &quot; + data:height                        + &quot;background-repeat: no-repeat; &quot;' id='header-inner'>
            <div class='titlewrapper' style='background: transparent'>
              <h1 class='title' style='background: transparent; border-width: 0px'>
                <b:include name='title'/>
              </h1>
            </div>
            <b:include name='description'/>
          </div>
        </b:if>
    <b:else/>
      <!--Show the image only-->
      <div id='header-inner'>
        <a expr:href='data:blog.homepageUrl' style='display: block'>
          <img expr:alt='data:title' expr:height='data:height' expr:id='data:widget.instanceId + &quot;_headerimg&quot;' expr:src='data:sourceUrl' expr:width='data:width' style='display: block'/>
        </a>
        <!--Show the description-->
        <b:if cond='data:imagePlacement == &quot;BEFORE_DESCRIPTION&quot;'>
          <b:include name='description'/>
        </b:if>
      </div>
    </b:if>
  <b:else/>
    <!--No header image -->
    <div id='header-inner'>
      <div class='titlewrapper'>
        <h1 class='title'>
          <b:include name='title'/>
        </h1>
      </div>
      <b:include name='description'/>
    </div>
  </b:if>
</b:includable>
           <b:includable id='description'>
  <div class='descriptionwrapper'>
    <p class='description'><span><data:description/></span></p>
  </div>
</b:includable>
           <b:includable id='title'>
  <b:if cond='data:blog.url == data:blog.homepageUrl'>
    <data:title/>
  <b:else/>
    <a expr:href='data:blog.homepageUrl'><data:title/></a>
  </b:if>
</b:includable>
         </b:widget>
       </b:section> 
</div>
<div class='headerright'> 
<b:section class='headerright' id='headerright' maxwidgets='1' showaddelement='yes'>
   <b:widget id='HTML2' locked='false' title='' type='HTML'>
     <b:includable id='main'>
  <!-- only display title if it's non-empty -->
  <b:if cond='data:title != &quot;&quot;'>
    <h2 class='title'><data:title/></h2>
  </b:if>
  <div class='widget-content'>
    <data:content/>
  </div>

  <b:include name='quickedit'/>
</b:includable>
   </b:widget>
 </b:section> 
</div></div></div>
    <div id='menu5'><ul class='menu-top'><li><a class='menu-button' href='#'><span class='menu-label'>Home</span></a></li><li><a class='menu-button menu-drop' href='#'><span class='menu-label'>About</span></a><div class='menu-dropdown menu-dropdown1'><ul class='menu-sub'><li><a class='menu-subbutton' href='#'><span class='menu-label'>Who We Are</span></a></li><li><a class='menu-subbutton' href='#'><span class='menu-label'>What We Do</span></a></li><li><a class='menu-subbutton' href='#'><span class='menu-label'>Our Goals</span></a></li><li><a class='menu-subbutton' href='#'><span class='menu-label'>Our Awards</span></a></li><li><a class='menu-subbutton' href='#'><span class='menu-label'>Our Team</span></a></li></ul></div></li><li><a class='menu-button menu-drop' href='#'><span class='menu-label'>Services</span></a><div class='menu-dropdown menu-dropdown2'><ul class='menu-sub'><li><a class='menu-subbutton' href='#'><span class='menu-label'>Web Design</span><div class='menu-desc'>Lorem ipsum dolor</div></a></li><li><a class='menu-subbutton' href='#'><span class='menu-label'>Programming</span><div class='menu-desc'>Lorem ipsum dolor</div></a></li><li><a class='menu-subbutton' href='#'><span class='menu-label'>Advertising</span><div class='menu-desc'>Lorem ipsum dolor</div></a></li><li><a class='menu-subbutton' href='#'><span class='menu-label'>Marketing</span><div class='menu-desc'>Lorem ipsum dolor</div></a></li><li><a class='menu-subbutton' href='#'><span class='menu-label'>E-commerce</span><div class='menu-desc'>Lorem ipsum dolor</div></a></li></ul></div></li><li><a class='menu-button menu-drop' href='#'><span class='menu-label'>Portfolio</span></a><div class='menu-dropdown menu-dropdown3'><div class='menu-row'><h1>HTML</h1><ul class='menu-sub'><li><a class='menu-subbutton' href='#'><span class='menu-label'>Pellentesq</span></a></li><li><a class='menu-subbutton' href='#'><span class='menu-label'>Et rhoncus</span></a></li><li><a class='menu-subbutton' href='#'><span class='menu-label'>Ligula eget</span></a></li><li><a class='menu-subbutton' href='#'><span class='menu-label'>Turpis quis</span></a></li><li><a class='menu-subbutton' href='#'><span class='menu-label'>Vivamus ut</span></a></li></ul></div><div class='menu-row'><h1>Flash</h1><ul class='menu-sub'><li><a class='menu-subbutton' href='#'><span class='menu-label'>Commodo</span></a></li><li><a class='menu-subbutton' href='#'><span class='menu-label'>Pulvinar</span></a></li><li><a class='menu-subbutton' href='#'><span class='menu-label'>Curabitur</span></a></li><li><a class='menu-subbutton' href='#'><span class='menu-label'>Aliquam</span></a></li><li><a class='menu-subbutton' href='#'><span class='menu-label'>Vulputate</span></a></li></ul></div><div class='menu-row'><h1>Mobile</h1><ul class='menu-sub'><li><a class='menu-subbutton' href='#'><span class='menu-label'>Lorem ipsum</span></a></li><li><a class='menu-subbutton' href='#'><span class='menu-label'>Dolor amet</span></a></li><li><a class='menu-subbutton' href='#'><span class='menu-label'>Consectetur</span></a></li><li><a class='menu-subbutton' href='#'><span class='menu-label'>Adipiscing</span></a></li><li><a class='menu-subbutton' href='#'><span class='menu-label'>Duis ut nibh</span></a></li></ul></div></div></li><li><a class='menu-button menu-drop' href='#'><span class='menu-label'>Clients</span></a><div class='menu-dropdown menu-dropdown4'><div class='menu-row'><div><h1>America</h1><ul class='menu-sub'><li><a class='menu-subbutton' href='#'><span class='menu-label'>Lorem ipsum</span></a></li><li><a class='menu-subbutton' href='#'><span class='menu-label'>Dolor amet</span></a></li><li><a class='menu-subbutton' href='#'><span class='menu-label'>Consectetur</span></a></li></ul></div><div><h1>Africa</h1><ul class='menu-sub'><li><a class='menu-subbutton' href='#'><span class='menu-label'>Pulvinar in</span></a></li><li><a class='menu-subbutton' href='#'><span class='menu-label'>Consectet</span></a></li><li><a class='menu-subbutton' href='#'><span class='menu-label'>Aliquam eu</span></a></li></ul></div></div><div class='menu-row'><div><h1>Europe</h1><ul class='menu-sub'><li><a class='menu-subbutton' href='#'><span class='menu-label'>Pellentesq</span></a></li><li><a class='menu-subbutton' href='#'><span class='menu-label'>Et rhoncus</span></a></li><li><a class='menu-subbutton' href='#'><span class='menu-label'>Ligula eget</span></a></li></ul></div><div><h1>Asia</h1><ul class='menu-sub'><li><a class='menu-subbutton' href='#'><span class='menu-label'>Turpis quis</span></a></li><li><a class='menu-subbutton' href='#'><span class='menu-label'>Vivamus ut</span></a></li><li><a class='menu-subbutton' href='#'><span class='menu-label'>Commodo</span></a></li></ul></div></div></div></li><li><a class='menu-button menu-drop' href='#'><span class='menu-label'>Contact</span></a><div class='menu-dropdown menu-dropdown5'><ul class='menu-sub'><li><a class='menu-subbutton' href='#'><span class='menu-label'>Pellente</span><span class='menu-desc'> - Lorem ipsum dolor sit am</span></a></li><li><a class='menu-subbutton' href='#'><span class='menu-label'>Et rhonc</span><span class='menu-desc'> - Lorem ipsum dolor sit am</span></a></li><li><a class='menu-subbutton' href='#'><span class='menu-label'>Ligulaeg</span><span class='menu-desc'> - Lorem ipsum dolor sit am</span></a></li><li><a class='menu-subbutton' href='#'><span class='menu-label'>Turpisqu</span><span class='menu-desc'> - Lorem ipsum dolor sit am</span></a></li><li><a class='menu-subbutton' href='#'><span class='menu-label'>Vivamus</span><span class='menu-desc'> - Lorem ipsum dolor sit am</span></a></li><li><a class='menu-subbutton' href='#'><span class='menu-label'>Doloram</span><span class='menu-desc'> - Lorem ipsum dolor sit am</span></a></li><li><a class='menu-subbutton' href='#'><span class='menu-label'>Consect</span><span class='menu-desc'> - Lorem ipsum dolor sit am</span></a></li><li><a class='menu-subbutton' href='#'><span class='menu-label'>Loremipe</span><span class='menu-desc'> - Lorem ipsum dolor sit am</span></a></li></ul></div></li><li class='menu-right'><a class='menu-button menu-drop' href='#'><span class='menu-label'>Info</span></a><div class='menu-dropdown menu-dropdown7'><h1>Quick Info</h1><p><span class='emp'>Lorem ipsum dolor</span> sit amet, optiones congue adipiscing elit, sed diam exp nonummy nibh euismod tincidunt utd.</p><p/><p class='quote'>Laoreet dolore magna aliquam erates volutpat. Ut wisi enim ad eleifend exp minim veniam, quis. u feugiat nulla.</p><p><span class='emp'>Facilisis at vero</span> eros et accumsan et iusto nostrud exerci tation ullamcorper suscipit lobortis nisl ut aliquip ex ea.</p><p class='quote'>Commodo consequat duis autem vel eum iriure dolor in hendrerit in nulla vulputate velit esse consequat erates.</p><p><span class='emp'>Vel illum dolore</span> e odio dignissim quie blandit praesent luptatum zzril delenis augue duis.</p></div></li><li class='menu-right'><a class='menu-button menu-drop' href='#'><span class='menu-label'>Social</span></a><div class='menu-dropdown menu-dropdown6'><ul class='menu-sub'><li><a class='menu-subbutton' href='#'><img src='http://2.bp.blogspot.com/-_94cvbRp7rk/Uj_0LpV9qQI/AAAAAAAACSg/jfWFYBq8ZVc/s1600/facebook+(1).png'/><span class='menu-label'>Facebook</span></a></li><li><a class='menu-subbutton' href='#'><img src='http://2.bp.blogspot.com/-mUgZruTAP8M/Uj_0MW_QRuI/AAAAAAAACS0/lTKumlQgTqU/s1600/twitter+(1).png'/><span class='menu-label'>Twitter</span></a></li><li><a class='menu-subbutton' href='#'><img src='http://2.bp.blogspot.com/-p1RGg_Qvf0A/Uj_0L8m-MQI/AAAAAAAACSs/UA4VFXzlXiw/s1600/googleplus.png'/><span class='menu-label'>Google+</span></a></li><li><a class='menu-subbutton' href='#'><img src='http://2.bp.blogspot.com/-ud8XO4_gnLk/Uj_0L2-vibI/AAAAAAAACSk/nGpIr1NTEjc/s1600/linkedin.png'/><span class='menu-label'>LinkedIn</span></a></li></ul></div></li></ul></div>
 <div id='content-wrapper'>
	<div id='main-wrapper'>
		<b:section class='main' id='main' showaddelement='no'>
<b:widget id='HTML4' locked='false' title='' type='HTML'>
  <b:includable id='main'>
<b:if cond='data:blog.url == data:blog.homepageUrl'>
  <!-- only display title if it's non-empty -->
  <b:if cond='data:title != &quot;&quot;'>
    <h2 class='title'><data:title/></h2>
  </b:if>
  <div class='widget-content'>
    <data:content/>
  </div>

  <b:include name='quickedit'/>
</b:if>
</b:includable>
</b:widget>
<b:widget id='Blog1' locked='true' title='Blog Posts' type='Blog'>
  <b:includable id='main' var='top'>
  <b:if cond='data:mobile == &quot;false&quot;'>

    <!-- posts -->
    <div class='blog-posts hfeed'>

      <b:include data='top' name='status-message'/>

      <data:defaultAdStart/>
      <b:loop values='data:posts' var='post'>
        <b:if cond='data:post.isDateStart'>
          <b:if cond='data:post.isFirstPost == &quot;false&quot;'>
            &lt;/div&gt;&lt;/div&gt;
          </b:if>
        </b:if>
        <b:if cond='data:post.isDateStart'>
          &lt;div class=&quot;date-outer&quot;&gt;
        </b:if>
        <b:if cond='data:post.dateHeader'>
          <h2 class='date-header'><span><data:post.dateHeader/></span></h2>
        </b:if>
        <b:if cond='data:post.isDateStart'>
          &lt;div class=&quot;date-posts&quot;&gt;
        </b:if>
        <div class='post-outer'>
        <b:include data='post' name='post'/>
        <b:if cond='data:blog.pageType == &quot;static_page&quot;'>
          <b:include data='post' name='comment_picker'/>
        </b:if>
        <b:if cond='data:blog.pageType == &quot;item&quot;'>
          <b:include data='post' name='comment_picker'/>
        </b:if>
        </div>
        <b:if cond='data:post.includeAd'>
          <b:if cond='data:post.isFirstPost'>
            <data:defaultAdEnd/>
          <b:else/>
            <data:adEnd/>
          </b:if>
          <div class='inline-ad'>
            <data:adCode/>
          </div>
          <data:adStart/>
        </b:if>
      </b:loop>
      <b:if cond='data:numPosts != 0'>
        &lt;/div&gt;&lt;/div&gt;
      </b:if>
      <data:adEnd/>
    </div>

    <!-- navigation -->
    <b:include name='nextprev'/>

    <!-- feed links -->
    <b:include name='feedLinks'/>

    <b:if cond='data:top.showStars'>
      <script src='//www.google.com/jsapi' type='text/javascript'/>
      <script type='text/javascript'>
        google.load(&quot;annotations&quot;, &quot;1&quot;, {&quot;locale&quot;: &quot;<data:top.languageCode/>&quot;});
        function initialize() {
          google.annotations.setApplicationId(<data:top.blogspotReviews/>);
          google.annotations.createAll();
          google.annotations.fetch();
        }
        google.setOnLoadCallback(initialize);
      </script>
    </b:if>

  <b:else/>
    <b:include name='mobile-main'/>
  </b:if>

  <b:if cond='data:top.showDummy'>
    <data:top.dummyBootstrap/>
  </b:if>

</b:includable>
  <b:includable id='backlinkDeleteIcon' var='backlink'>
  <span expr:class='&quot;item-control &quot; + data:backlink.adminClass'>
    <a expr:href='data:backlink.deleteUrl' expr:title='data:top.deleteBacklinkMsg'>
      <img src='//www.blogger.com/img/icon_delete13.gif'/>
    </a>
  </span>
</b:includable>
  <b:includable id='backlinks' var='post'>
  <a name='links'/><h4><data:post.backlinksLabel/></h4>
  <b:if cond='data:post.numBacklinks != 0'>
    <dl class='comments-block' id='comments-block'>
      <b:loop values='data:post.backlinks' var='backlink'>
        <div class='collapsed-backlink backlink-control'>
          <dt class='comment-title'>
            <span class='backlink-toggle-zippy'>&#160;</span>
            <a expr:href='data:backlink.url' rel='nofollow'><data:backlink.title/></a>
            <b:include data='backlink' name='backlinkDeleteIcon'/>
          </dt>
          <dd class='comment-body collapseable'>
            <data:backlink.snippet/>
          </dd>
          <dd class='comment-footer collapseable'>
            <span class='comment-author'><data:post.authorLabel/> <data:backlink.author/></span>
            <span class='comment-timestamp'><data:post.timestampLabel/> <data:backlink.timestamp/></span>
          </dd>
        </div>
      </b:loop>
    </dl>
  </b:if>
  <p class='comment-footer'>
    <a class='comment-link' expr:href='data:post.createLinkUrl' expr:id='data:widget.instanceId + &quot;_backlinks-create-link&quot;' target='_blank'><data:post.createLinkLabel/></a>
  </p>
</b:includable>
  <b:includable id='comment-form' var='post'>
  <div class='comment-form'>
    <a name='comment-form'/>
    <b:if cond='data:mobile'>
      <h4 id='comment-post-message'>
        <a expr:id='data:widget.instanceId + &quot;_comment-editor-toggle-link&quot;' href='javascript:void(0)'><data:postCommentMsg/></a></h4>
      <p><data:blogCommentMessage/></p>
      <data:blogTeamBlogMessage/>
      <a expr:href='data:post.commentFormIframeSrc' id='comment-editor-src'/>
      <iframe allowtransparency='true' class='blogger-iframe-colorize blogger-comment-from-post' frameborder='0' height='410' id='comment-editor' name='comment-editor' src='' style='display: none' width='100%'/>
    <b:else/>
      <h4 id='comment-post-message'><data:postCommentMsg/></h4>
      <p><data:blogCommentMessage/></p>
      <data:blogTeamBlogMessage/>
      <a expr:href='data:post.commentFormIframeSrc' id='comment-editor-src'/>
      <iframe allowtransparency='true' class='blogger-iframe-colorize blogger-comment-from-post' frameborder='0' height='410' id='comment-editor' name='comment-editor' src='' width='100%'/>
    </b:if>
    <data:post.friendConnectJs/>
    <data:post.cmtfpIframe/>
    <script type='text/javascript'>
      BLOG_CMT_createIframe(&#39;<data:post.appRpcRelayPath/>&#39;, &#39;<data:post.communityId/>&#39;);
    </script>
  </div>
</b:includable>
  <b:includable id='commentDeleteIcon' var='comment'>
  <span expr:class='&quot;item-control &quot; + data:comment.adminClass'>
    <b:if cond='data:showCmtPopup'>
      <div class='goog-toggle-button'>
        <div class='goog-inline-block comment-action-icon'/>
      </div>
    <b:else/>
      <a class='comment-delete' expr:href='data:comment.deleteUrl' expr:title='data:top.deleteCommentMsg'>
        <img src='//www.blogger.com/img/icon_delete13.gif'/>
      </a>
    </b:if>
  </span>
</b:includable>
  <b:includable id='comment_count_picker' var='post'>
  <b:if cond='data:post.commentSource == 1'>
    <span class='cmt_count_iframe_holder' expr:data-count='data:post.numComments' expr:data-onclick='data:post.addCommentOnclick' expr:data-post-url='data:post.url' expr:data-url='data:post.canonicalUrl'>
    </span>
  <b:else/>
    <a class='comment-link' expr:href='data:post.addCommentUrl' expr:onclick='data:post.addCommentOnclick'>
      <data:post.commentLabelFull/>:
    </a>
  </b:if>
</b:includable>
  <b:includable id='comment_picker' var='post'>
  <b:if cond='data:post.commentSource == 1'>
    <b:include data='post' name='iframe_comments'/>
  <b:else/>
    <b:if cond='data:post.showThreadedComments'>
      <b:include data='post' name='threaded_comments'/>
    <b:else/>
      <b:include data='post' name='comments'/>
    </b:if>
  </b:if>
</b:includable>
  <b:includable id='comments' var='post'>
  <div class='comments' id='comments'>
    <a name='comments'/>
    <b:if cond='data:post.allowComments'>
      <h4><data:post.commentLabelFull/>:</h4>

      <b:if cond='data:post.commentPagingRequired'>
        <span class='paging-control-container'>
          <b:if cond='data:post.hasOlderLinks'>
            <a expr:class='data:post.oldLinkClass' expr:href='data:post.oldestLinkUrl'><data:post.oldestLinkText/></a>
              &#160;
            <a expr:class='data:post.oldLinkClass' expr:href='data:post.olderLinkUrl'><data:post.olderLinkText/></a>
              &#160;
          </b:if>

          <data:post.commentRangeText/>

          <b:if cond='data:post.hasNewerLinks'>
            &#160;
            <a expr:class='data:post.newLinkClass' expr:href='data:post.newerLinkUrl'><data:post.newerLinkText/></a>
            &#160;
            <a expr:class='data:post.newLinkClass' expr:href='data:post.newestLinkUrl'><data:post.newestLinkText/></a>
          </b:if>
        </span>
      </b:if>

      <div expr:id='data:widget.instanceId + &quot;_comments-block-wrapper&quot;'>
        <dl expr:class='data:post.avatarIndentClass' id='comments-block'>
          <b:loop values='data:post.comments' var='comment'>
            <dt expr:class='&quot;comment-author &quot; + data:comment.authorClass' expr:id='data:comment.anchorName'>
              <b:if cond='data:comment.favicon'>
                <img expr:src='data:comment.favicon' height='16px' style='margin-bottom:-2px;' width='16px'/>
              </b:if>
              <a expr:name='data:comment.anchorName'/>
              <b:if cond='data:blog.enabledCommentProfileImages'>
                <data:comment.authorAvatarImage/>
              </b:if>
              <b:if cond='data:comment.authorUrl'>
                <a expr:href='data:comment.authorUrl' rel='nofollow'><data:comment.author/></a>
              <b:else/>
                <data:comment.author/>
              </b:if>
              <data:commentPostedByMsg/>
            </dt>
            <dd class='comment-body' expr:id='data:widget.instanceId + data:comment.cmtBodyIdPostfix'>
              <b:if cond='data:comment.isDeleted'>
                <span class='deleted-comment'><data:comment.body/></span>
              <b:else/>
                <p>
                  <data:comment.body/>
                </p>
              </b:if>
            </dd>
            <dd class='comment-footer'>
              <span class='comment-timestamp'>
                <a expr:href='data:comment.url' title='comment permalink'>
                  <data:comment.timestamp/>
                </a>
                <b:include data='comment' name='commentDeleteIcon'/>
              </span>
            </dd>
          </b:loop>
        </dl>
      </div>

      <b:if cond='data:post.commentPagingRequired'>
        <span class='paging-control-container'>
          <a expr:class='data:post.oldLinkClass' expr:href='data:post.oldestLinkUrl'>
            <data:post.oldestLinkText/>
          </a>
          <a expr:class='data:post.oldLinkClass' expr:href='data:post.olderLinkUrl'>
            <data:post.olderLinkText/>
          </a>
          &#160;
          <data:post.commentRangeText/>
          &#160;
          <a expr:class='data:post.newLinkClass' expr:href='data:post.newerLinkUrl'>
            <data:post.newerLinkText/>
          </a>
          <a expr:class='data:post.newLinkClass' expr:href='data:post.newestLinkUrl'>
            <data:post.newestLinkText/>
          </a>
        </span>
      </b:if>

      <p class='comment-footer'>
        <b:if cond='data:post.embedCommentForm'>
          <b:if cond='data:post.allowNewComments'>
            <b:include data='post' name='comment-form'/>
          <b:else/>
            <data:post.noNewCommentsText/>
          </b:if>
        <b:else/>
          <b:if cond='data:post.allowComments'>
            <a expr:href='data:post.addCommentUrl' expr:onclick='data:post.addCommentOnclick'><data:postCommentMsg/></a>
          </b:if>
        </b:if>

      </p>
    </b:if>
    <b:if cond='data:showCmtPopup'>
      <div id='comment-popup'>
        <iframe allowtransparency='true' frameborder='0' id='comment-actions' name='comment-actions' scrolling='no'>
        </iframe>
      </div>
    </b:if>

    <div id='backlinks-container'>
    <div expr:id='data:widget.instanceId + &quot;_backlinks-container&quot;'>
       <b:if cond='data:post.showBacklinks'>
         <b:include data='post' name='backlinks'/>
       </b:if>
    </div>
    </div>
  </div>
</b:includable>
  <b:includable id='feedLinks'>
  <b:if cond='data:blog.pageType != &quot;item&quot;'> <!-- Blog feed links -->
    <b:if cond='data:feedLinks'>
      <div class='blog-feeds'>
   
      </div>
    </b:if>

    <b:else/> <!--Post feed links -->
    <div class='post-feeds'>
      <b:loop values='data:posts' var='post'>
        <b:if cond='data:post.allowComments'>
          <b:if cond='data:post.feedLinks'>
            <b:include data='post.feedLinks' name='feedLinksBody'/>
          </b:if>
        </b:if>
      </b:loop>
    </div>
  </b:if>
</b:includable>
  <b:includable id='feedLinksBody' var='links'>
  <div class='feed-links'>
  <data:feedLinksMsg/>
  <b:loop values='data:links' var='f'>
     <a class='feed-link' expr:href='data:f.url' expr:type='data:f.mimeType' target='_blank'><data:f.name/> (<data:f.feedType/>)</a>
  </b:loop>
  </div>
</b:includable>
  <b:includable id='iframe_comments' var='post'>

  <b:if cond='data:post.allowIframeComments'>
    <script expr:src='data:post.iframeCommentSrc' type='text/javascript'/>
    <div class='cmt_iframe_holder' expr:data-href='data:post.canonicalUrl' expr:data-viewtype='data:post.viewType'/>

    <b:if cond='data:post.embedCommentForm == &quot;false&quot;'>
      <a expr:href='data:post.addCommentUrl' expr:onclick='data:post.addCommentOnclick'><data:postCommentMsg/></a>
    </b:if>
  </b:if>
</b:includable>
  <b:includable id='mobile-index-post' var='post'>
  <div class='mobile-date-outer date-outer'>
    <b:if cond='data:post.dateHeader'>
      <div class='date-header'>
        <span><data:post.dateHeader/></span>
      </div>
    </b:if>

    <div class='mobile-post-outer'>
      <a expr:href='data:post.url'>
        <h3 class='mobile-index-title entry-title' itemprop='name'>
          <data:post.title/>
        </h3>

        <div class='mobile-index-arrow'>&amp;rsaquo;</div>

        <div class='mobile-index-contents'>
          <b:if cond='data:post.thumbnailUrl'>
            <div class='mobile-index-thumbnail'>
              <div class='Image'>
                <img expr:src='data:post.thumbnailUrl'/>
              </div>
            </div>
          </b:if>

          <div class='post-body'>
            <b:if cond='data:post.snippet'><data:post.snippet/></b:if>
          </div>
        </div>

        <div style='clear: both;'/>
      </a>

      <div class='mobile-index-comment'>
        <b:if cond='data:blog.pageType != &quot;static_page&quot;'>
          <b:if cond='data:post.allowComments'>
            <b:if cond='data:post.numComments != 0'>
              <b:include data='post' name='comment_count_picker'/>
            </b:if>
          </b:if>
        </b:if>
      </div>
    </div>
  </div>
</b:includable>
  <b:includable id='mobile-main' var='top'>
    <!-- posts -->
    <div class='blog-posts hfeed'>

      <b:include data='top' name='status-message'/>

      <b:if cond='data:blog.pageType == &quot;index&quot;'>
        <b:loop values='data:posts' var='post'>
          <b:include data='post' name='mobile-index-post'/>
        </b:loop>
      <b:else/>
        <b:loop values='data:posts' var='post'>
          <b:include data='post' name='mobile-post'/>
        </b:loop>
      </b:if>
    </div>

   <b:include name='mobile-nextprev'/>
</b:includable>
  <b:includable id='mobile-nextprev'>
  <div class='blog-pager' id='blog-pager'>
    <b:if cond='data:newerPageUrl'>
      <div class='mobile-link-button' id='blog-pager-newer-link'>
      <a class='blog-pager-newer-link' expr:href='data:newerPageUrl' expr:id='data:widget.instanceId + &quot;_blog-pager-newer-link&quot;' expr:title='data:newerPageTitle'>&amp;lsaquo;</a>
      </div>
    </b:if>

    <b:if cond='data:olderPageUrl'>
      <div class='mobile-link-button' id='blog-pager-older-link'>
      <a class='blog-pager-older-link' expr:href='data:olderPageUrl' expr:id='data:widget.instanceId + &quot;_blog-pager-older-link&quot;' expr:title='data:olderPageTitle'>&amp;rsaquo;</a>
      </div>
    </b:if>

    <div class='mobile-link-button' id='blog-pager-home-link'>
    <a class='home-link' expr:href='data:blog.homepageUrl'><data:homeMsg/></a>
    </div>

    <div class='mobile-desktop-link'>
      <a class='home-link' expr:href='data:desktopLinkUrl'><data:desktopLinkMsg/></a>
    </div>

  </div>
  <div class='clear'/>
</b:includable>
  <b:includable id='mobile-post' var='post'>
  <div class='date-outer'>
    <b:if cond='data:post.dateHeader'>
      <h2 class='date-header'><span><data:post.dateHeader/></span></h2>
    </b:if>
    <div class='date-posts'>
      <div class='post-outer'>

        <div class='post hentry uncustomized-post-template' itemscope='itemscope' itemtype='http://schema.org/BlogPosting'>
          <b:if cond='data:post.thumbnailUrl'>
            <meta expr:content='data:post.thumbnailUrl' itemprop='image_url'/>
          </b:if>
          <meta expr:content='data:blog.blogId' itemprop='blogId'/>
          <meta expr:content='data:post.id' itemprop='postId'/>

          <a expr:name='data:post.id'/>
          <b:if cond='data:post.title'>
            <h3 class='post-title entry-title' itemprop='name'>
              <b:if cond='data:post.link'>
                <a expr:href='data:post.link'><data:post.title/></a>
              <b:else/>
                <b:if cond='data:post.url'>
                  <b:if cond='data:blog.url != data:post.url'>
                    <a expr:href='data:post.url'><data:post.title/></a>
                  <b:else/>
                    <data:post.title/>
                  </b:if>
                <b:else/>
                  <data:post.title/>
                </b:if>
              </b:if>
            </h3>
          </b:if>

          <div class='post-header'>
            <div class='post-header-line-1'/>
          </div>

          <div class='post-body entry-content' expr:id='&quot;post-body-&quot; + data:post.id' itemprop='articleBody'>
            <data:post.body/>
            <div style='clear: both;'/> <!-- clear for photos floats -->
          </div>

          <div class='post-footer'>
            <div class='post-footer-line post-footer-line-1'>
              <span class='post-author vcard'>
                <b:if cond='data:top.showAuthor'>
                  <b:if cond='data:post.authorProfileUrl'>
                    <span class='fn' itemprop='author' itemscope='itemscope' itemtype='http://schema.org/Person'>
                      <meta expr:content='data:post.authorProfileUrl' itemprop='url'/>
                      <a expr:href='data:post.authorProfileUrl' rel='author' title='author profile'>
                        <span itemprop='name'><data:post.author/></span>
                      </a>
                    </span>
                  <b:else/>
                    <span class='fn' itemprop='author' itemscope='itemscope' itemtype='http://schema.org/Person'>
                      <span itemprop='name'><data:post.author/></span>
                    </span>
                  </b:if>
                </b:if>
              </span>

              <span class='post-timestamp'>
                <b:if cond='data:top.showTimestamp'>
                  <data:top.timestampLabel/>
                  <b:if cond='data:post.url'>
                    <meta expr:content='data:post.canonicalUrl' itemprop='url'/>
                    <a class='timestamp-link' expr:href='data:post.url' rel='bookmark' title='permanent link'><abbr class='published' expr:title='data:post.timestampISO8601' itemprop='datePublished'><data:post.timestamp/></abbr></a>
                  </b:if>
                </b:if>
              </span>

              <span class='post-comment-link'>
                <b:if cond='data:blog.pageType != &quot;item&quot;'>
                  <b:if cond='data:blog.pageType != &quot;static_page&quot;'>
                    <b:if cond='data:post.allowComments'>
                      <b:include data='post' name='comment_count_picker'/>
                    </b:if>
                  </b:if>
                </b:if>
              </span>
            </div>

            <div class='post-footer-line post-footer-line-2'>
              <b:if cond='data:top.showMobileShare'>
                <div class='mobile-link-button goog-inline-block' id='mobile-share-button'>
                  <a href='javascript:void(0);'><data:shareMsg/></a>
                </div>
              </b:if>
              <b:if cond='data:top.showDummy'>
                <div class='goog-inline-block dummy-container'><data:post.dummyTag/></div>
              </b:if>
            </div>

          </div>
        </div>

        <b:if cond='data:blog.pageType == &quot;static_page&quot;'>
          <b:include data='post' name='comment_picker'/>
        </b:if>
        <b:if cond='data:blog.pageType == &quot;item&quot;'>
          <b:include data='post' name='comment_picker'/>
        </b:if>
      </div>
    </div>
  </div>
</b:includable>
  <b:includable id='nextprev'>
  <div class='blog-pager' id='blog-pager'>
    <b:if cond='data:newerPageUrl'>
      <span id='blog-pager-newer-link'>
      <a class='blog-pager-newer-link' expr:href='data:newerPageUrl' expr:id='data:widget.instanceId + &quot;_blog-pager-newer-link&quot;' expr:title='data:newerPageTitle'><data:newerPageTitle/></a>
      </span>
    </b:if>

    <b:if cond='data:olderPageUrl'>
      <span id='blog-pager-older-link'>
      <a class='blog-pager-older-link' expr:href='data:olderPageUrl' expr:id='data:widget.instanceId + &quot;_blog-pager-older-link&quot;' expr:title='data:olderPageTitle'><data:olderPageTitle/></a>
      </span>
    </b:if>

    <a class='home-link' expr:href='data:blog.homepageUrl'><data:homeMsg/></a>

    <b:if cond='data:mobileLinkUrl'>
      <div class='blog-mobile-link'>
        <a expr:href='data:mobileLinkUrl'><data:mobileLinkMsg/></a>
      </div>
    </b:if>

  </div>
  <div class='clear'/>
</b:includable>
  <b:includable id='post' var='post'>
  <div class='post hentry uncustomized-post-template' itemprop='blogPost' itemscope='itemscope' itemtype='http://schema.org/BlogPosting'>
    <b:if cond='data:post.firstImageUrl'>
      <meta expr:content='data:post.firstImageUrl' itemprop='image_url'/>
    </b:if>
    <meta expr:content='data:blog.blogId' itemprop='blogId'/>
    <meta expr:content='data:post.id' itemprop='postId'/>

    <a expr:name='data:post.id'/>
   <b:if cond='data:post.title'>
      <h3 class='post-title entry-title' itemprop='name'>
      <b:if cond='data:post.link'>
        <a expr:href='data:post.link'><data:post.title/></a>
      <b:else/>
        <b:if cond='data:post.url'>
          <b:if cond='data:blog.url != data:post.url'>
            <a expr:href='data:post.url'><data:post.title/></a>
          <b:else/>
            <data:post.title/>
          </b:if>
        <b:else/>
          <data:post.title/>
        </b:if>
      </b:if>
      </h3>
    </b:if>

    <div class='post-header'>
    <div class='post-header-line-1'/>
    </div>

    <b:if cond='data:blog.metaDescription == &quot;&quot;'>
      <!-- Then use the post body as the schema.org description,
          for good G+/FB snippeting. -->
      <div class='post-body entry-content' expr:id='&quot;post-body-&quot; + data:post.id' itemprop='description articleBody'>
<!-- Auto Auto Image Thumbnail & ReadMore Link By way2themes Code Start -->
<b:if cond='data:blog.pageType == &quot;item&quot;'> <data:post.body/> <b:else/> <b:if cond='data:blog.pageType == &quot;static_page&quot;'> <data:post.body/> <b:else/> <div expr:id='&quot;summary&quot; + data:post.id'><data:post.body/></div> <script type='text/javascript'> createSummaryAndThumb(&quot;summary<data:post.id/>&quot;); </script> <a class='more' expr:href='data:post.url'>Read More...</a> </b:if> </b:if>
<!-- Auto Auto Image Thumbnail & ReadMore Link By way2themes Code End -->
 
        <div style='clear: both;'/> <!-- clear for photos floats -->
      </div>
    <b:else/>
      <div class='post-body entry-content' expr:id='&quot;post-body-&quot; + data:post.id' itemprop='articleBody'>
        <data:post.body/>
        <div style='clear: both;'/> <!-- clear for photos floats -->
      </div>
    </b:if>

    <b:if cond='data:post.hasJumpLink'>
      <div class='jump-link'>
        <a expr:href='data:post.url + &quot;#more&quot;' expr:title='data:post.title'><data:post.jumpText/></a>
      </div>
    </b:if>
<center>
<b:if cond='data:blog.pageType == &quot;item&quot;'>
<div id='w2t-share'>
<ul>
<li><a class='twitter' expr:href='&quot;http://twitter.com/?status=&quot; + data:post.title + &quot; - &quot; + data:post.url ' rel='nofollow' target='_blank' title='Share this post on twitter'/></li>
<li><a class='facebook' expr:href='&quot;http://www.facebook.com/sharer.php?u=&quot; + data:post.url + &quot;&amp;title=&quot; + data:post.title' rel='nofollow' target='_blank' title='Share this post on Facebook'/></li>
<li><a class='stumbleupon' expr:href='&quot; http://www.stumbleupon.com/submit?url=&quot; + data:post.url + &quot;&amp;title=&quot; + data:post.title' rel='nofollow' target='_blank' title='Share this post on Stunbleupon'/></li>
<li><a class='digg' expr:href='&quot;http://digg.com/submit?url=&quot; + data:post.url + &quot;&amp;title=&quot; + data:post.title' rel='nofollow' target='_blank' title='Share this post on Digg'/></li>
<li><a class='reddit' expr:href='&quot; http://www.reddit.com/submit?url=&quot; + data:post.url + &quot;&amp;title=&quot; + data:post.title' rel='nofollow' target='_blank' title='Share this post on Reddit'/></li>
<li><a class='google' expr:href='&quot;http://www.google.com/bookmarks/mark?op=add&amp;bkmk=&quot; + data:post.url + &quot;&amp;title=&quot; + data:post.title' rel='nofollow' target='_blank' title='Bookmark this post on Google'/></li>
<li><a class='del-icio-us' expr:href='&quot;http://del.icio.us/post?url=&quot; + data:post.url + &quot;&amp;title=&quot; + data:post.title' rel='nofollow' target='_blank' title='Share this post on delicious'/></li>
<li><a class='mixx' expr:href='&quot;http://www.mixx.com/submit?page_url=&quot; + data:post.url + &quot;&amp;title=&quot; + data:post.title ' rel='nofollow' target='_blank' title='Share this post on Mixx'/></li>
<li><a class='technorati' expr:href='&quot; http://technorati.com/faves?add=&quot; + data:post.url + &quot;&amp;title=&quot; + data:post.title' rel='nofollow' target='_blank' title='Fav on Technorati'/></li>
<li><a class='yahoobuzz' expr:href='&quot;http://buzz.yahoo.com/submit/?url=&quot;+ data:post.url' rel='nofollow' target='_blank' title='Share this post on Yahoo!Buzz'/></li>
<li><a class='myspace' expr:href='&quot;http://www.myspace.com/Modules/PostTo/Pages/?u=&quot;+ data:post.url + &quot;&amp;t=&quot; + data:post.title' rel='nofollow' target='_blank' title='Sahre this post on Myspace'/></li>
<li><a class='a2a_dd more' expr:href='&quot;http://www.addtoany.com/share_save?url=&quot; + data:post.url + &quot;&amp;title=&quot; + data:post.title '/><script src='http://static.addtoany.com/menu/page.js' type='text/javascript'/></li>
</ul>
</div>
</b:if></center>
    <div class='post-footer'>
    <div class='post-footer-line post-footer-line-1'>
      <span class='post-author vcard'>
        <b:if cond='data:top.showAuthor'>
          <data:top.authorLabel/>
            <b:if cond='data:post.authorProfileUrl'>
              <span class='fn' itemprop='author' itemscope='itemscope' itemtype='http://schema.org/Person'>
                <meta expr:content='data:post.authorProfileUrl' itemprop='url'/>
                <a class='g-profile' expr:href='data:post.authorProfileUrl' rel='author' title='author profile'>
                  <span itemprop='name'><data:post.author/></span>
                </a>
              </span>
            <b:else/>
              <span class='fn' itemprop='author' itemscope='itemscope' itemtype='http://schema.org/Person'>
                <span itemprop='name'><data:post.author/></span>
              </span>
            </b:if>
        </b:if>
      </span>

      <span class='post-timestamp'>
        <b:if cond='data:top.showTimestamp'>
          <data:top.timestampLabel/>
        <b:if cond='data:post.url'>
          <meta expr:content='data:post.canonicalUrl' itemprop='url'/>
          <a class='timestamp-link' expr:href='data:post.url' rel='bookmark' title='permanent link'><abbr class='published' expr:title='data:post.timestampISO8601' itemprop='datePublished'><data:post.timestamp/></abbr></a>
        </b:if>
        </b:if>
      </span>

      <span class='reaction-buttons'>
        <b:if cond='data:top.showReactions'>
          <table border='0' cellpadding='0' cellspacing='0' width='100%'><tr>
            <td class='reactions-label-cell' nowrap='nowrap' valign='top' width='1%'>
              <span class='reactions-label'>
              <data:top.reactionsLabel/></span>&#160;</td>
            <td><iframe allowtransparency='true' class='reactions-iframe' expr:src='data:post.reactionsUrl' frameborder='0' name='reactions' scrolling='no'/></td>
           </tr></table>
        </b:if>
      </span>

      <span class='star-ratings'>
        <b:if cond='data:top.showStars'>
           <div expr:g:background-color='data:backgroundColor' expr:g:text-color='data:textColor' expr:g:url='data:post.absoluteUrl' g:height='42' g:type='RatingPanel' g:width='280'/>
        </b:if>
      </span>

      <span class='post-comment-link'>
        <b:if cond='data:blog.pageType != &quot;item&quot;'>
          <b:if cond='data:blog.pageType != &quot;static_page&quot;'>
            <b:if cond='data:post.allowComments'>
              <b:include data='post' name='comment_count_picker'/>
            </b:if>
          </b:if>
        </b:if>
      </span>

       <!-- backlinks -->
       <span class='post-backlinks post-comment-link'>
         <b:if cond='data:blog.pageType != &quot;item&quot;'>
           <b:if cond='data:blog.pageType != &quot;static_page&quot;'>
             <b:if cond='data:post.showBacklinks'>
               <a class='comment-link' expr:href='data:post.url + &quot;#links&quot;'><data:top.backlinkLabel/></a>
             </b:if>
           </b:if>
         </b:if>
       </span>

      <span class='post-icons'>
        <!-- email post links -->
        <b:if cond='data:post.emailPostUrl'>
          <span class='item-action'>
          <a expr:href='data:post.emailPostUrl' expr:title='data:top.emailPostMsg'>
              <img alt='' class='icon-action' height='13' src='http://img1.blogblog.com/img/icon18_email.gif' width='18'/>
          </a>
          </span>
        </b:if>

        <!-- quickedit pencil -->
        <b:include data='post' name='postQuickEdit'/>
      </span>

      <!-- share buttons -->
      <div class='post-share-buttons goog-inline-block'>
        <b:if cond='data:post.sharePostUrl'>
          <b:include data='post' name='shareButtons'/>
        </b:if>
      </div>

      </div>

      <div class='post-footer-line post-footer-line-2'>
      <span class='post-labels'>
        <b:if cond='data:post.labels'>
          <data:postLabelsLabel/>
          <b:loop values='data:post.labels' var='label'>
            <a expr:href='data:label.url' rel='tag'><data:label.name/></a><b:if cond='data:label.isLast != &quot;true&quot;'>,</b:if>
          </b:loop>
        </b:if>
      </span>
      </div>

      <div class='post-footer-line post-footer-line-3'>
      <span class='post-location'>
        <b:if cond='data:top.showLocation'>
          <b:if cond='data:post.location'>
            <data:postLocationLabel/>
            <a expr:href='data:post.location.mapsUrl' target='_blank'><data:post.location.name/></a>
          </b:if>
        </b:if>
      </span>
      </div>
      <b:if cond='data:post.authorAboutMe'>
        <div class='author-profile' itemprop='author' itemscope='itemscope' itemtype='http://schema.org/Person'>
          <b:if cond='data:post.authorPhoto.url'>
            <img expr:src='data:post.authorPhoto.url' itemprop='image' width='50px'/>
          </b:if>
          <div>
            <a class='g-profile' expr:href='data:post.authorProfileUrl' itemprop='url' rel='author' title='author profile'>
              <span itemprop='name'><data:post.author/></span>
            </a>
          </div>
          <span itemprop='description'><data:post.authorAboutMe/></span>
        </div>
      </b:if>
    </div>
  </div>
<b:if cond='data:blog.pageType == &quot;item&quot;'>
<div id='related-posts'>
<b:loop values='data:post.labels' var='label'>
<b:if cond='data:label.isLast != &quot;true&quot;'>
</b:if>
<script expr:src='&quot;/feeds/posts/default/-/&quot; + data:label.name + &quot;?alt=json-in-script&amp;callback=related_results_labels_thumbs&amp;max-results=6&quot;' type='text/javascript'/></b:loop>
<script type='text/javascript'>
removeRelatedDuplicates_thumbs();
printRelatedLabels_thumbs(&quot;<data:post.url/>&quot;);
</script>
</div></b:if>
</b:includable>
  <b:includable id='postQuickEdit' var='post'>
  <b:if cond='data:post.editUrl'>
    <span expr:class='&quot;item-control &quot; + data:post.adminClass'>
      <a expr:href='data:post.editUrl' expr:title='data:top.editPostMsg'>
        <img alt='' class='icon-action' height='18' src='http://img2.blogblog.com/img/icon18_edit_allbkg.gif' width='18'/>
      </a>
    </span>
  </b:if>
</b:includable>
  <b:includable id='shareButtons' var='post'>
  <b:if cond='data:top.showEmailButton'><a class='goog-inline-block share-button sb-email' expr:href='data:post.sharePostUrl + &quot;&amp;target=email&quot;' expr:title='data:top.emailThisMsg' target='_blank'><span class='share-button-link-text'><data:top.emailThisMsg/></span></a></b:if><b:if cond='data:top.showBlogThisButton'><a class='goog-inline-block share-button sb-blog' expr:href='data:post.sharePostUrl + &quot;&amp;target=blog&quot;' expr:onclick='&quot;window.open(this.href, \&quot;_blank\&quot;, \&quot;height=270,width=475\&quot;); return false;&quot;' expr:title='data:top.blogThisMsg' target='_blank'><span class='share-button-link-text'><data:top.blogThisMsg/></span></a></b:if><b:if cond='data:top.showTwitterButton'><a class='goog-inline-block share-button sb-twitter' expr:href='data:post.sharePostUrl + &quot;&amp;target=twitter&quot;' expr:title='data:top.shareToTwitterMsg' target='_blank'><span class='share-button-link-text'><data:top.shareToTwitterMsg/></span></a></b:if><b:if cond='data:top.showFacebookButton'><a class='goog-inline-block share-button sb-facebook' expr:href='data:post.sharePostUrl + &quot;&amp;target=facebook&quot;' expr:onclick='&quot;window.open(this.href, \&quot;_blank\&quot;, \&quot;height=430,width=640\&quot;); return false;&quot;' expr:title='data:top.shareToFacebookMsg' target='_blank'><span class='share-button-link-text'><data:top.shareToFacebookMsg/></span></a></b:if><b:if cond='data:top.showOrkutButton'><a class='goog-inline-block share-button sb-orkut' expr:href='data:post.sharePostUrl + &quot;&amp;target=orkut&quot;' expr:title='data:top.shareToOrkutMsg' target='_blank'><span class='share-button-link-text'><data:top.shareToOrkutMsg/></span></a></b:if><b:if cond='data:top.showDummy'><div class='goog-inline-block dummy-container'><data:post.dummyTag/></div></b:if>
</b:includable>
  <b:includable id='status-message'>
  <b:if cond='data:navMessage'>
  <div class='status-msg-wrap'>
    <div class='status-msg-body'>
      <data:navMessage/>
    </div>
    <div class='status-msg-border'>
      <div class='status-msg-bg'>
        <div class='status-msg-hidden'><data:navMessage/></div>
      </div>
    </div>
  </div>
  <div style='clear: both;'/>
  </b:if>
</b:includable>
  <b:includable id='threaded-comment-form' var='post'>
  <div class='comment-form'>
    <a name='comment-form'/>
    <b:if cond='data:mobile'>
      <p><data:blogCommentMessage/></p>
      <data:blogTeamBlogMessage/>
      <a expr:href='data:post.commentFormIframeSrc' id='comment-editor-src'/>
      <iframe allowtransparency='true' class='blogger-iframe-colorize blogger-comment-from-post' frameborder='0' height='410' id='comment-editor' name='comment-editor' src='' style='display: none' width='100%'/>
    <b:else/>
      <p><data:blogCommentMessage/></p>
      <data:blogTeamBlogMessage/>
      <a expr:href='data:post.commentFormIframeSrc' id='comment-editor-src'/>
      <iframe allowtransparency='true' class='blogger-iframe-colorize blogger-comment-from-post' frameborder='0' height='410' id='comment-editor' name='comment-editor' src='' width='100%'/>
    </b:if>
    <data:post.friendConnectJs/>
    <data:post.cmtfpIframe/>
    <script type='text/javascript'>
      BLOG_CMT_createIframe(&#39;<data:post.appRpcRelayPath/>&#39;, &#39;<data:post.communityId/>&#39;);
    </script>
  </div>
</b:includable>
  <b:includable id='threaded_comment_js' var='post'>
  <script async='async' expr:src='data:post.commentSrc' type='text/javascript'/>

  <script type='text/javascript'>
    (function() {
      var items = <data:post.commentJso/>;
      var msgs = <data:post.commentMsgs/>;
      var config = <data:post.commentConfig/>;

// <![CDATA[
      var cursor = null;
      if (items && items.length > 0) {
        cursor = parseInt(items[items.length - 1].timestamp) + 1;
      }

      var bodyFromEntry = function(entry) {
        if (entry.gd$extendedProperty) {
          for (var k in entry.gd$extendedProperty) {
            if (entry.gd$extendedProperty[k].name == 'blogger.contentRemoved') {
              return '<span class="deleted-comment">' + entry.content.$t + '</span>';
            }
          }
        }
        return entry.content.$t;
      }

      var parse = function(data) {
        cursor = null;
        var comments = [];
        if (data && data.feed && data.feed.entry) {
          for (var i = 0, entry; entry = data.feed.entry[i]; i++) {
            var comment = {};
            // comment ID, parsed out of the original id format
            var id = /blog-(\d+).post-(\d+)/.exec(entry.id.$t);
            comment.id = id ? id[2] : null;
            comment.body = bodyFromEntry(entry);
            comment.timestamp = Date.parse(entry.published.$t) + '';
            if (entry.author && entry.author.constructor === Array) {
              var auth = entry.author[0];
              if (auth) {
                comment.author = {
                  name: (auth.name ? auth.name.$t : undefined),
                  profileUrl: (auth.uri ? auth.uri.$t : undefined),
                  avatarUrl: (auth.gd$image ? auth.gd$image.src : undefined)
                };
              }
            }
            if (entry.link) {
              if (entry.link[2]) {
                comment.link = comment.permalink = entry.link[2].href;
              }
              if (entry.link[3]) {
                var pid = /.*comments\/default\/(\d+)\?.*/.exec(entry.link[3].href);
                if (pid && pid[1]) {
                  comment.parentId = pid[1];
                }
              }
            }
            comment.deleteclass = 'item-control blog-admin';
            if (entry.gd$extendedProperty) {
              for (var k in entry.gd$extendedProperty) {
                if (entry.gd$extendedProperty[k].name == 'blogger.itemClass') {
                  comment.deleteclass += ' ' + entry.gd$extendedProperty[k].value;
                } else if (entry.gd$extendedProperty[k].name == 'blogger.displayTime') {
                  comment.displayTime = entry.gd$extendedProperty[k].value;
                }
              }
            }
            comments.push(comment);
          }
        }
        return comments;
      };

      var paginator = function(callback) {
        if (hasMore()) {
          var url = config.feed + '?alt=json&v=2&orderby=published&reverse=false&max-results=50';
          if (cursor) {
            url += '&published-min=' + new Date(cursor).toISOString();
          }
          window.bloggercomments = function(data) {
            var parsed = parse(data);
            cursor = parsed.length < 50 ? null
                : parseInt(parsed[parsed.length - 1].timestamp) + 1
            callback(parsed);
            window.bloggercomments = null;
          }
          url += '&callback=bloggercomments';
          var script = document.createElement('script');
          script.type = 'text/javascript';
          script.src = url;
          document.getElementsByTagName('head')[0].appendChild(script);
        }
      };
      var hasMore = function() {
        return !!cursor;
      };
      var getMeta = function(key, comment) {
        if ('iswriter' == key) {
          var matches = !!comment.author
              && comment.author.name == config.authorName
              && comment.author.profileUrl == config.authorUrl;
          return matches ? 'true' : '';
        } else if ('deletelink' == key) {
          return config.baseUri + '/delete-comment.g?blogID='
               + config.blogId + '&postID=' + comment.id;
        } else if ('deleteclass' == key) {
          return comment.deleteclass;
        }
        return '';
      };

      var replybox = null;
      var replyUrlParts = null;
      var replyParent = undefined;

      var onReply = function(commentId, domId) {
        if (replybox == null) {
          // lazily cache replybox, and adjust to suit this style:
          replybox = document.getElementById('comment-editor');
          if (replybox != null) {
            replybox.height = '250px';
            replybox.style.display = 'block';
            replyUrlParts = replybox.src.split('#');
          }
        }
        if (replybox && (commentId !== replyParent)) {
          document.getElementById(domId).insertBefore(replybox, null);
          replybox.src = replyUrlParts[0]
              + (commentId ? '&parentID=' + commentId : '')
              + '#' + replyUrlParts[1];
          replyParent = commentId;
        }
      };

      var hash = (window.location.hash || '#').substring(1);
      var startThread, targetComment;
      if (/^comment-form_/.test(hash)) {
        startThread = hash.substring('comment-form_'.length);
      } else if (/^c[0-9]+$/.test(hash)) {
        targetComment = hash.substring(1);
      }

      // Configure commenting API:
      var configJso = {
        'maxDepth': config.maxThreadDepth
      };
      var provider = {
        'id': config.postId,
        'data': items,
        'loadNext': paginator,
        'hasMore': hasMore,
        'getMeta': getMeta,
        'onReply': onReply,
        'rendered': true,
        'initComment': targetComment,
        'initReplyThread': startThread,
        'config': configJso,
        'messages': msgs
      };

      var render = function() {
        if (window.goog && window.goog.comments) {
          var holder = document.getElementById('comment-holder');
          window.goog.comments.render(holder, provider);
        }
      };

      // render now, or queue to render when library loads:
      if (window.goog && window.goog.comments) {
        render();
      } else {
        window.goog = window.goog || {};
        window.goog.comments = window.goog.comments || {};
        window.goog.comments.loadQueue = window.goog.comments.loadQueue || [];
        window.goog.comments.loadQueue.push(render);
      }
    })();
// ]]>
  </script>
</b:includable>
  <b:includable id='threaded_comments' var='post'>
  <div class='comments' id='comments'>
    <a name='comments'/>
    <h4><data:post.commentLabelFull/>:</h4>

    <div class='comments-content'>
      <b:if cond='data:post.embedCommentForm'>
        <b:include data='post' name='threaded_comment_js'/>
      </b:if>
      <div id='comment-holder'>
         <data:post.commentHtml/>
      </div>
    </div>

    <p class='comment-footer'>
      <b:if cond='data:post.allowNewComments'>
        <b:include data='post' name='threaded-comment-form'/>
      <b:else/>
        <data:post.noNewCommentsText/>
      </b:if>
    </p>

    <b:if cond='data:showCmtPopup'>
      <div id='comment-popup'>
        <iframe allowtransparency='true' frameborder='0' id='comment-actions' name='comment-actions' scrolling='no'>
        </iframe>
      </div>
    </b:if>

    <div id='backlinks-container'>
    <div expr:id='data:widget.instanceId + &quot;_backlinks-container&quot;'>
       <b:if cond='data:post.showBacklinks'>
         <b:include data='post' name='backlinks'/>
       </b:if>
    </div>
    </div>
  </div>
</b:includable>
</b:widget>
</b:section>
	</div>

	<div id='sidebar-wrapper'>
<div style='height: 12px;clear:both;'/>
		<b:section class='sidebar' id='sidebar' preferred='yes'>
<b:widget id='HTML3' locked='false' title='SB Ad' type='HTML'>
  <b:includable id='main'>
  <!-- only display title if it's non-empty -->
  <b:if cond='data:title != &quot;&quot;'>
    <h2 class='title'><data:title/></h2>
  </b:if>
  <div class='widget-content'>
    <data:content/>
  </div>

  <b:include name='quickedit'/>
</b:includable>
</b:widget>
<b:widget id='Label1' locked='false' title='Labels' type='Label'>
  <b:includable id='main'>
  <b:if cond='data:title'>
    <h2><data:title/></h2>
  </b:if>
  <div expr:class='&quot;widget-content &quot; + data:display + &quot;-label-widget-content&quot;'>
    <b:if cond='data:display == &quot;list&quot;'>
      <ul>
      <b:loop values='data:labels' var='label'>
        <li>
          <b:if cond='data:blog.url == data:label.url'>
            <span expr:dir='data:blog.languageDirection'><data:label.name/></span>
          <b:else/>
            <a expr:dir='data:blog.languageDirection' expr:href='data:label.url'><data:label.name/></a>
          </b:if>
          <b:if cond='data:showFreqNumbers'>
            <span dir='ltr'>(<data:label.count/>)</span>
          </b:if>
        </li>
      </b:loop>
      </ul>
    <b:else/>
      <b:loop values='data:labels' var='label'>
        <span expr:class='&quot;label-size label-size-&quot; + data:label.cssSize'>
          <b:if cond='data:blog.url == data:label.url'>
            <span expr:dir='data:blog.languageDirection'><data:label.name/></span>
          <b:else/>
            <a expr:dir='data:blog.languageDirection' expr:href='data:label.url'><data:label.name/></a>
          </b:if>
          <b:if cond='data:showFreqNumbers'>
            <span class='label-count' dir='ltr'>(<data:label.count/>)</span>
          </b:if>
        </span>
      </b:loop>
    </b:if>
    <b:include name='quickedit'/>
  </div>
</b:includable>
</b:widget>
<b:widget id='PopularPosts1' locked='false' title='Popular Posts' type='PopularPosts'>
  <b:includable id='main'>
  <b:if cond='data:title'><h2><data:title/></h2></b:if>
  <div class='widget-content popular-posts'>
    <ul>
      <b:loop values='data:posts' var='post'>
      <li>
        <b:if cond='data:showThumbnails == &quot;false&quot;'>
          <b:if cond='data:showSnippets == &quot;false&quot;'>
            <!-- (1) No snippet/thumbnail -->
            <a expr:href='data:post.href'><data:post.title/></a>
          <b:else/>
            <!-- (2) Show only snippets -->
            <div class='item-title'><a expr:href='data:post.href'><data:post.title/></a></div>
            <div class='item-snippet'><data:post.snippet/></div>
          </b:if>
        <b:else/>
          <b:if cond='data:showSnippets == &quot;false&quot;'>
            <!-- (3) Show only thumbnails -->
            <div class='item-thumbnail-only'>
              <b:if cond='data:post.thumbnail'>
                <div class='item-thumbnail'>
                  <a expr:href='data:post.href' target='_blank'>
                    <img alt='' border='0' expr:height='data:thumbnailSize' expr:src='data:post.thumbnail' expr:width='data:thumbnailSize'/>
                  </a>
                </div>
              </b:if>
              <div class='item-title'><a expr:href='data:post.href'><data:post.title/></a></div>
            </div>
            <div style='clear: both;'/>
          <b:else/>
            <!-- (4) Show snippets and thumbnails -->
            <div class='item-content'>
              <b:if cond='data:post.thumbnail'>
                <div class='item-thumbnail'>
                  <a expr:href='data:post.href' target='_blank'>
                    <img alt='' border='0' expr:height='data:thumbnailSize' expr:src='data:post.thumbnail' expr:width='data:thumbnailSize'/>
                  </a>
                </div>
              </b:if>
              <div class='item-title'><a expr:href='data:post.href'><data:post.title/></a></div>
              <div class='item-snippet'><data:post.snippet/></div>
            </div>
            <div style='clear: both;'/>
          </b:if>
        </b:if>
      </li>
      </b:loop>
    </ul>
    <b:include name='quickedit'/>
  </div>
</b:includable>
</b:widget>
<b:widget id='ContactForm1' locked='false' title='Contact Form' type='ContactForm'>
  <b:includable id='main'>
  <b:if cond='data:title != &quot;&quot;'>
    <h2 class='title'><data:title/></h2>
  </b:if>
  <div class='contact-form-widget'>
    <div class='form'>
      <form name='contact-form'>
        <p/>
        <data:contactFormNameMsg/>
        <br/>
        <input class='contact-form-name' expr:id='data:widget.instanceId + &quot;_contact-form-name&quot;' name='name' size='30' type='text' value=''/>
        <p/>
        <data:contactFormEmailMsg/> <span style='font-weight: bolder;'>*</span>
        <br/>
        <input class='contact-form-email' expr:id='data:widget.instanceId + &quot;_contact-form-email&quot;' name='email' size='30' type='text' value=''/>
        <p/>
        <data:contactFormMessageMsg/> <span style='font-weight: bolder;'>*</span>
        <br/>
        <textarea class='contact-form-email-message' cols='25' expr:id='data:widget.instanceId + &quot;_contact-form-email-message&quot;' name='email-message' rows='5'/>
        <p/>
        <input class='contact-form-button contact-form-button-submit' expr:id='data:widget.instanceId + &quot;_contact-form-submit&quot;' expr:value='data:contactFormSendMsg' type='button'/>
        <p/>
        <div style='text-align: center; max-width: 222px; width: 100%'>
          <p class='contact-form-error-message' expr:id='data:widget.instanceId + &quot;_contact-form-error-message&quot;'/>
          <p class='contact-form-success-message' expr:id='data:widget.instanceId + &quot;_contact-form-success-message&quot;'/>
        </div>
      </form>
    </div>
  </div>
  <b:include name='quickedit'/>
</b:includable>
</b:widget>
</b:section>	

	</div>
</div><div style='clear: both;'/> 
<div id='lower'> 
<div id='lower-wrapper'>

<div id='lowerbar-wrapper'> 
<b:section class='lowerbar' id='lowerbar1' preferred='yes'>
   <b:widget id='PlusFollowers1' locked='false' title='Google+ Followers' type='PlusFollowers'>
     <b:includable id='main'>
  <b:if cond='data:title != &quot;&quot;'>
    <h2 class='title'><data:title/></h2>
  </b:if>
  <div class='widget-content'>
    <b:if cond='data:profileUrl != &quot;&quot;'>
      <div class='g-plus' data-action='followers' data-source='blogger:blog:followers' expr:data-height='data:height' expr:data-href='data:profileUrl' expr:data-theme='data:theme' expr:data-width='data:width'/>
      <script type='text/javascript'>
        window.___gcfg = {&#39;lang&#39;: &#39;<data:language/>&#39;};
      </script>
    </b:if>
  </div>
</b:includable>
   </b:widget>
 </b:section> 
</div>

<div id='lowerbar-wrapper'> 
<b:section class='lowerbar' id='lowerbar2' preferred='yes'>
   <b:widget id='Poll1' locked='false' title='DId You Like This Theme' type='Poll'>
     <b:includable id='main'>
  <!-- only display title if it's non-empty -->
  <b:if cond='data:title != &quot;&quot;'>
    <h2 class='title'><data:title/></h2>
  </b:if>

 <div class='widget-content' id='widget-content'>
   <iframe allowtransparency='true' expr:height='data:iframeheight' expr:name='&quot;poll-widget&quot; + data:pollid' expr:src='data:iframeurl' frameborder='0' style='border:none; width:100%;'/>
   <b:include name='quickedit'/>
  </div>
</b:includable>
   </b:widget>
 </b:section> 
</div>

<div id='lowerbar-wrapper'> 
<b:section class='lowerbar' id='lowerbar3' preferred='yes'>
   <b:widget id='HTML1' locked='false' title='Google+ Followers' type='HTML'>
     <b:includable id='main'>
  <!-- only display title if it's non-empty -->
  <b:if cond='data:title != &quot;&quot;'>
    <h2 class='title'><data:title/></h2>
  </b:if>
  <div class='widget-content'>
    <data:content/>
  </div>

  <b:include name='quickedit'/>
</b:includable>
   </b:widget>
 </b:section> 
</div>


<div style='clear: both;'/> 
</div> </div>
<div class='footer-lower'>
<div class='footer-inner'>
<!-- You Can Remove This Credits Thanks For Purchasing Licensed Version Of Smartify -->
<p class='copyright'>
&#169; 2013  Indus Is Designed By <a href='http://www.way2themes.com' id='w2tid'>- Way 2 themes</a> 
Sponsored By
 <a href='http://www.skillblogger.com' id='skillid'> Skillblogger</a> Published..<a href='http://gooyaabitemplates.com' id='skillid' title='Blogger Templates'>Blogger Templates</a> </p>
<p class='credit'>
</p>
</div>
</div>
<!--Page Navigation Starts-->
<b:if cond='data:blog.pageType != &quot;item&quot;'>
<b:if cond='data:blog.pageType != &quot;static_page&quot;'>
<script type='text/javascript'>
var pageCount=6;
var displayPageNum=6;
var upPageWord =&#39;Previous&#39;;
var downPageWord =&#39;Next&#39;;
</script>
<script src='http://goo.gl/tJ9wTZ' type='text/javascript'/>
</b:if>
</b:if>
<!--Page Navigation Ends -->
  </body> 
</html>