<?xml version="1.0" encoding="UTF-8" ?>
<!DOCTYPE html>
<html xmlns='http://www.w3.org/1999/xhtml' xmlns:b='http://www.google.com/2005/gml/b' xmlns:data='http://www.google.com/2005/gml/data' xmlns:expr='http://www.google.com/2005/gml/expr'>
  <head>
    <b:include data='blog' name='all-head-content'/>

    <title>
      <b:if cond='data:blog.pageType == &quot;index&quot;'>
        <data:blog.pageTitle/>
        <b:else/>
        <b:if cond='data:blog.pageType != &quot;error_page&quot;'>
          <data:blog.pageName/> | <data:blog.title/>
          <b:else/>
          Page Not Found | <data:blog.title/> 
        </b:if>
      </b:if>
    </title>
    
    <!-- Meta Tags ~ www.way2themes.com  -->
    <b:if cond='data:blog.pageType == &quot;archive&quot;'>
      <meta content='noindex,noarchive' name='robots'/>
    </b:if>
    <b:if cond='data:blog.metaDescription != &quot;&quot;'>
      <meta expr:content='data:blog.metaDescription' name='description'/>
    </b:if> 
    <meta charset='UTF-8'/>
    <meta content='width=device-width, initial-scale=1, maximum-scale=1' name='viewport'/>
    <!-- /Meta Tags ~ www.way2themes.com -->
<script src='http://code.jquery.com/jquery-1.11.1.min.js' type='text/javascript'/>
<link href='http://fonts.googleapis.com/css?family=Open+Sans%3A400italic%2C400%2C300%2C700' media='all' rel='stylesheet' type='text/css'/>
<link href='//netdna.bootstrapcdn.com/font-awesome/4.1.0/css/font-awesome.min.css' rel='stylesheet'/>
    <b:skin><![CDATA[/*
-----------------------------------------------
Blogger Template Style
Name:   Craper Responsive
Author: Way2themes
URL 1:  http://www.way2themes.com/
Date:   July 2014
License:  This free Blogger template is licensed under the Creative Commons Attribution 3.0 License, which permits both personal and commercial use.
However, to satisfy the 'attribution' clause of the license, you are required to keep the footer links intact which provides due credit to its authors. For more specific details about the license, you may visit the URL below:
http://creativecommons.org/licenses/by/3.0/
----------------------------------------------- */

body#layout .maincontainer {
    padding: 0;
}
body#layout .sidebar-wrapper {
    width: 37%;
}
body#layout .main-wrapper {
    float: left;  width: 60%;
    padding: 0;
}
body#layout header.site-heaer {
    float: left;
    margin-top: 100px;
}
body#layout .headercenter {
    float: left;
    width: 500px;
    display: block;
    vertical-align: inherit;
}
body#layout .headerleft {
    display: none;
}
body#layout:before {
content:"\00A9 \0020 \0032 \0020 \0030 \0020 \0031 \0020 \0034 \0020 \002D \0020 \0054 \0020 \0065 \0020 \006D \0020 \0070 \0020 \006C \0020 \0061 \0020 \0074 \0020 \0065 \0020 \002D \0020 \0062 \0020 \0079 \0020 \002D \0020 \0077 \0020 \0077 \0020 \0077 \0020 \002E \0020 \0057 \0020 \0061 \0020 \0079 \0020 \0032 \0020 \0074 \0020 \0068 \0020 \0065 \0020 \006D \0020 \0065 \0020 \0073 \0020 \002E \0020 \0063 \0020 \006F \0020 \006D";
float: right;
margin: 0 20px;
}
/*! normalize.css v3.0.1 | MIT License | git.io/normalize */html{font-family:Open Sans;-ms-text-size-adjust:100%;-webkit-text-size-adjust:100%}body{margin:0}article,aside,details,figcaption,figure,footer,header,hgroup,main,nav,section,summary{display:block}audio,canvas,progress,video{display:inline-block;vertical-align:baseline}audio:not([controls]){display:none;height:0}[hidden],template{display:none}a{background:0 0}a:active,a:hover{outline:0}abbr[title]{border-bottom:1px dotted}b,strong{font-weight:700}dfn{font-style:italic}h1{font-size:2em;margin:.67em 0}mark{background:#ff0;color:#000}small{font-size:80%}sub,sup{font-size:75%;line-height:0;position:relative;vertical-align:baseline}sup{top:-.5em}sub{bottom:-.25em}img{border:0}svg:not(:root){overflow:hidden}figure{margin:1em 40px}hr{-moz-box-sizing:content-box;box-sizing:content-box;height:0}pre{overflow:auto}code,kbd,pre,samp{font-family:monospace,monospace;font-size:1em}button,input,optgroup,select,textarea{color:inherit;font:inherit;margin:0}button{overflow:visible}button,select{text-transform:none}button,html input[type=button],input[type=reset],input[type=submit]{-webkit-appearance:button;cursor:pointer}button[disabled],html input[disabled]{cursor:default}button::-moz-focus-inner,input::-moz-focus-inner{border:0;padding:0}input{line-height:normal}input[type=checkbox],input[type=radio]{box-sizing:border-box;padding:0}input[type=number]::-webkit-inner-spin-button,input[type=number]::-webkit-outer-spin-button{height:auto}input[type=search]{-webkit-appearance:textfield;-moz-box-sizing:content-box;-webkit-box-sizing:content-box;box-sizing:content-box}input[type=search]::-webkit-search-cancel-button,input[type=search]::-webkit-search-decoration{-webkit-appearance:none}fieldset{border:1px solid silver;margin:0 2px;padding:.35em .625em .75em}legend{border:0;padding:0}textarea{overflow:auto}optgroup{font-weight:700}table{border-collapse:collapse;border-spacing:0}td,th{padding:0}
html {
font: 1em/1.5 "Open Sans";
overflow-y: scroll;
min-height: 100%;
}
body {
    color: #424242;
    line-height: 1.6;
    font-size: 16px;
    font-weight: 300;
    margin: 0;
    max-width: 100%;
    overflow: hidden;
}
h1, h2, h3, h4, h5, h6, p, blockquote, pre, dl, dd, ol, ul, form, fieldset, legend, table, th, td, caption, hr {
margin: 0;
padding: 0;
}
h1, h2, h3, h4, h5, h6 {
color: #1a1919;
}
h1, h2, h3, h4, h5, h6, hgroup, h1 a, h2 a, h3 a, h4 a, h5 a, h6 a, blockquote{
font-family: Open Sans;
}
.is--active-search .search__wrapper {
height: auto;
filter: progid:DXImageTransform.Microsoft.Alpha(Opacity=100);
opacity: 1;
}
.is--active-search .search-fullscreen .search-input {
-webkit-transform: translateY(0);
-moz-transform: translateY(0);
-ms-transform: translateY(0);
-o-transform: translateY(0);
transform: translateY(0);
filter: progid:DXImageTransform.Microsoft.Alpha(Opacity=100);
opacity: 1;
}
a{
text-decoration: none;
}
.search-fullscreen .search-button {
top: 12px;
position: absolute;
right: 0;
font-size: 26px;
font-size: 1.625rem;
line-height: 1.39462;
}
.search__wrapper {
position: fixed;
top: 0;
left: 0;
right: 0;
bottom: 0;
z-index: 300;
height: 0;
overflow: hidden;
background: white;
filter: progid:DXImageTransform.Microsoft.Alpha(Opacity=0);
opacity: 0;
}
.search__wrapper {
-webkit-transition: all 0.2s linear;
-moz-transition: all 0.2s linear;
-o-transition: all 0.2s linear;
transition: all 0.2s linear;
}
.search__wrapper button {
border: 0;
color: #919191;
background: transparent;
}
button, input {
outline: 0 !important;
}
.search__close {
position: absolute;
top: 12px;
right: 12px;
padding: 24px;
font-size: 40px;
font-size: 2.5rem;
line-height: 1.21;
}
.search__close:before, .search__close:after {
content: "";
position: absolute;
left: 12px;
top: 24px;
height: 24px;
width: 24px;
display: inline-block;
}
.search__close:before {
border-left: 2px solid #1a1919;
-webkit-transform: rotate(45deg);
-moz-transform: rotate(45deg);
-ms-transform: rotate(45deg);
-o-transform: rotate(45deg);
transform: rotate(45deg);
}
.search__close:after {
left: -4px;
border-right: 2px solid #1a1919;
-webkit-transform: rotate(-45deg);
-moz-transform: rotate(-45deg);
-ms-transform: rotate(-45deg);
-o-transform: rotate(-45deg);
transform: rotate(-45deg);
}
.search__container {
max-width: 1500px;
margin: 0 auto;
margin-top: 149px;
padding: 0 96px;
}
.search-fullscreen {
position: relative;
}
.search-fullscreen .search-input {
font-size: 40px;
font-size: 2.5rem;
line-height: 1.21;
-webkit-transition: all 0.5s cubic-bezier(0.86, 0, 0.07, 1);
-moz-transition: all 0.5s cubic-bezier(0.86, 0, 0.07, 1);
-o-transition: all 0.5s cubic-bezier(0.86, 0, 0.07, 1);
transition: all 0.5s cubic-bezier(0.86, 0, 0.07, 1);
}
.search-fullscreen .search-input {
padding-left: 0;
padding-right: 40px;
border: 0;
background: transparent;
outline: none !important;
-webkit-transform: translateY(-100%);
-moz-transform: translateY(-100%);
-ms-transform: translateY(-100%);
-o-transform: translateY(-100%);
transform: translateY(-100%);
filter: progid:DXImageTransform.Microsoft.Alpha(Opacity=0);
opacity: 0;
}
.search__wrapper button {
border: 0;
color: #919191;
background: transparent;
}
.header {
-webkit-transition: padding 0.15s;
-moz-transition: padding 0.15s;
-o-transition: padding 0.15s;
transition: padding 0.15s;
background: #fff;
table-layout: fixed;
display: table;
width: 100%;
}
div.headerleft {
    text-align: left;
    display: table-cell;  vertical-align: middle;
    width: 33.333%;
}
.site-header__menu {
list-style: none;
margin-left: 0;
}
.site-header__menu a {
padding: 12px;
font-size: 26px;
-webkit-transition: all 0.15s;
-moz-transition: all 0.15s;
-o-transition: all 0.15s;
transition: all 0.15s;
}
.site-header__menu a, .widget a {
color: #1a1919;
}

.fa {
    width: auto;  height: auto;  line-height: normal;  vertical-align: baseline;  background-image: none;  background-position: 0% 0%;  background-repeat: repeat;  margin-top: 0;
}
.fa:before {
    font-style: normal;  font-weight: normal;  speak: none;  display: inline-block;  text-decoration: inherit;  width: 1em;  margin-right: .2em;  text-align: center;  font-variant: normal;  text-transform: none;  line-height: 1em;  margin-left: .2em;
}
div.headercontainer {
    max-width: 1500px;
    position: relative;  max-width: 1500px;  margin-bottom: 0;  margin-left: auto;  margin-right: auto;
    margin: 0 auto;
    background: #fff;
}
div.headercenter {
  width: 33.333%;
    display: table-cell;  vertical-align: middle;
}
div.headerright {
width: 33.333%;
    display: table-cell;  vertical-align: middle;
    text-align: right;
}
#logo img {
    max-height: 90px;
    webkit-transition: max-height 0.15s ease-out;  -moz-transition: max-height 0.15s ease-out;  -o-transition: max-height 0.15s ease-out;  transition: max-height 0.15s ease-out;
    display: block;  margin: 0 auto;
    max-width: 100%;
}

.nav--main {
margin-bottom: 0;
font-size: initial;
line-height: 1;
}
.nav--main {
text-align: center;
}
ul {
    list-style: none;
margin-left: 0;
}
.nav--main li {
border-bottom-color: #0093bf;
display: inline-block;
zoom: 1;
position:relative;

/* float: left; */
}
.nav--main> li > a {
padding: 21px 24px;
font-family: Open Sans;
line-height: 1.72429;
color: #1a1919;
font-weight: 600;
text-decoration: none;
display: inline-block;  zoom: 1;
}


li.hasUl>a:before {
    content: "+";
    margin-right: 6px;
    
}
.nav--main li:hover > ul {
    display: block;
    filter: progid:DXImageTransform.Microsoft.Alpha(Opacity=100);  opacity: 1;
    width: 174px;
left: 50%;
}

.navigation a {
font-family: Open Sans;
}
.navigation a {
text-transform: uppercase;
zoom: 1;
display: block;
}
.navigation a {
font-size: 14px;
}

.navigation a:hover{
color: #0093bf;
}
a:hover{
color: #0093bf;
}
div.maincontainer {
    padding: 0 96px;
    margin: 0 auto;  
    background-color: #fff;
}
.content {
border-bottom: 1px solid #d8d8d8;
}
.content {
position: relative;
}
.main-wrapper {
padding: 48px 0;
width: 100%;
float: left;
}
div.sidebar-wrapper {
    position: relative;  z-index: 5;  float: right;  width: 325px;
}
div.post-outer {
z-index: 1;
border: 18px solid transparent;
float: left;
}
#blog-pager {
text-align: center;
}
.blog-pager a:hover {
color: #FFF;
text-decoration: none;
}
.showpageArea {
float: left;
margin-bottom: 30px;
}
.showpageOf {
display: none;
}
.showpagePoint {
padding: 10px 15px 10px 15px;
background: #00a8da;
float: left;
color: #fff;
font-size: 14px;
font-weight: bold;
}
.showpageNum a,.showpage a {
padding: 10px 15px 10px 15px;
background: #303030;
float: left;
color: #fff;
font-size: 14px;
text-decoration: none;
}
.showpageNum a:hover,.showpage a:hover {
background: #00a8da;
}
div.blog-posts.hfeed {
    clear: both;
    padding-bottom: 48px;
}
div.post-outer:hover:before {
    top: -18px;  right: -18px;  bottom: -18px;  left: -18px;  filter: progid:DXImageTransform.Microsoft.Alpha(Opacity=100);  opacity: 1;
}
div.post-outer:before {
    content: "";  position: absolute;  top: 0;  right: 0;  bottom: 0;  left: 0;  z-index: -1;  border: 1px solid #d8d8d8;  filter: progid:DXImageTransform.Microsoft.Alpha(Opacity=0);  opacity: 0;  -webkit-transition: all 0.25s cubic-bezier(0.000, 0.000, 0.580, 1.000);  -moz-transition: all 0.25s cubic-bezier(0.000, 0.000, 0.580, 1.000);  -o-transition: all 0.25s cubic-bezier(0.000, 0.000, 0.580, 1.000);  transition: all 0.25s cubic-bezier(0.000,0.000,0.580,1.000);
}
div#main {
padding-right: 48px;
}
div#Blog1 {
    margin: -18px;
}
.post img {
    max-width: 100%;
}
.sidebar .widget {
    padding: 24px;  padding-right: 0;  border-bottom: 1px solid #d8d8d8;  font-size: 0.875rem;  line-height: 1.72429;
}
.sidebar h2 {
    font-size: 0.9375rem;  line-height: 1.61;
    margin-top: 0;  text-transform: uppercase;
    font-family: Open Sans;
}
.post-labels {
    margin: 12px 0 3px;  font-size: 11px;
    text-transform: uppercase;  line-height: 1;  color: #919191;
}
.post-labels a {
    color: #b3b3b3;
}
.post-labels a:hover {
    color: #0093bf;
}
.post-title {
    margin-top: 0;  margin-bottom: 12px;
    font-family: Open Sans;
}
div.entry-meta {
    margin-top: 12px;
}
span.meta-date {
    margin-right: 12px;  color: #919191;  text-transform: uppercase;  
    font-size: 14px;
    line-height: 1.5;
}
span.meta-comments {
    margin-right: 12px;  color: #919191;  text-transform: uppercase;  
    font-size: 14px;
    line-height: 1.5;
}
.item .post-outer , .static_page .post-outer{
    width: 100%!important;
}
h1.post-title {
    margin-top: 12px;  margin-bottom: 12px;
}
.banner728 {
    clear: both;
    width: 748px;  height: 90px;    
    margin: 20px auto;
}
.adv-btn {
    width: 20px;  
    height: 90px;  
    display: inline-block;  
    float: right;  
    background: url(http://4.bp.blogspot.com/-BiebkmW2MU0/U8TpXbqwsrI/AAAAAAAACOY/JywDex-d7y4/s1600/ah20x90_1.gif)no-repeat 0 0;
}
.postbanner {
    float: left;
    width: 728px;
}
hr {
margin-top: -2px;
}
hr.sep {
    height: 1px;  border: 0;  border-bottom: 1px solid #d8d8d8;
}
.site-footer {
margin: 36px 0;
}
.accessibility, .visuallyhidden {
border: 0 !important;
clip: rect(0 0 0 0) !important;
height: 1px !important;
margin: -1px !important;
overflow: hidden !important;
padding: 0 !important;
position: absolute !important;
width: 1px !important;
}

ul#menu-footer-menu {
    margin-bottom: 0;  font-size: initial;  line-height: 1;
    margin: 0 auto;
}
ul#menu-footer-menu li {
    padding: 0;
    display: inline-block;
    zoom: 1;
}
ul#menu-footer-menu li a {
    padding: 10px 13px;
    font-size: 13px;  font-weight: 600;  
    display: inline-block;
    zoom: 1;
    margin: 10px 13px;
    line-height: 1.72429;
    border-radius: 3px;
    color: #1a1919;
    /* text-align: center; */
}
.copyright-text {
font-size: 13px;
font-size: 0.8125rem;
line-height: 1.85615;
text-align: center;
color: #919191;
}

div.footer-menu {
    text-align: center;
}
ul#menu-footer-menu li a:hover {
    color: #00a8da;
    background: #f7f7f7;
}
ul#menu-footer-menu li:hover {
    border-bottom-color: #00a8da;
}
#comments{overflow:hidden}
#comments h4{display:inline;padding:10px;line-height:40px}
#comments h4,.comments .comment-header,.comments .comment-thread.inline-thread .comment{position:relative}
#comments h4,.comments .continue a{background: #0093bf;}
#comments h4,.comments .user a,.comments .continue a{font-size:16px}
#comments h4,.comments .continue a{font-weight:normal;color:#fff}
#comments h4:after{content:"";position:absolute;bottom:-10px;left:10px;border-top:10px solid #0093bf;border-right:20px solid transparent;width:0;height:0;line-height:0}
#comments .avatar-image-container img{border:0}
.comment-thread{color:#111}
.comment-thread a{color:#777}
.comment-thread ol{margin:0 0 20px}
.comment-thread .comment-content a,.comments .user a,.comments .comment-thread.inline-thread .user a{color:#0093bf}
.comments .avatar-image-container,.comments .avatar-image-container img{width:48px;max-width:48px;height:48px;max-height:48px}
.comments .comment-block,.comments .comments-content .comment-replies,.comments .comment-replybox-single{margin-left:60px}
.comments .comment-block,.comments .comment-thread.inline-thread .comment{border:1px solid #ddd;background:#f9f9f9;padding:10px}
.comments .comments-content .comment{margin:15px 0 0;padding:0;width:100%;line-height:1em}
.comments .comments-content .icon.blog-author{position:absolute;top:-12px;right:-12px;margin:0;background-image: url(http://4.bp.blogspot.com/-awl7HMjMgh4/T89YtINejTI/AAAAAAAAGmQ/XxcTVLKUAtI/s320/picresized_1338990142_comment-author-blue.gif);width:36px;height:36px}
.comments .comments-content .inline-thread{padding:0 0 0 20px}
.comments .comments-content .comment-replies{margin-top:0}
.comments .comment-content{padding:5px 0;line-height:1.4em}
.comments .comment-thread.inline-thread{border-left:1px solid #ddd;background:transparent}
.comments .comment-thread.inline-thread .comment{width:auto}
.comments .comment-thread.inline-thread .comment:after{content:"";position:absolute;top:10px;left:-20px;border-top:1px solid #ddd;width:10px;height:0px}
.comments .comment-thread.inline-thread .comment .comment-block{border:0;background:transparent;padding:0}
.comments .comment-thread.inline-thread .comment-block{margin-left:48px}
.comments .comment-thread.inline-thread .user a{font-size:13px}
.comments .comment-thread.inline-thread .avatar-image-container,.comments .comment-thread.inline-thread .avatar-image-container img{width:36px;max-width:36px;height:36px;max-height:36px}
.comments .continue{border-top:0;width:100%}
.comments .continue a{padding:10px 0;text-align:center}
.comment .continue{display:none}
#comment-editor{width:103%!important}
.comment-form{width:100%;max-width:100%}
div.post-feeds , div.blog-feeds{
    display: none;
}

]]></b:skin>
    <style type='text/css'>
@media screen and (min-width: 1250px){
.post-outer {
width: 29%;
}
  }
@media screen and (max-width: 1249px) and (min-width: 1100px){
.post-outer {
width: 45%;
}
      }
@media screen and (max-width: 1099px) and (min-width: 1000px){
   .post-outer {
width: 42.5%;
}   
}
@media screen and (max-width: 999px) and (min-width: 900px){
   .post-outer {
width: 95%;
}   
}
@media only screen and (min-width: 900px){
.main-wrapper {
margin-right: -325px;
        }
div#main {
margin-right: 325px;
        }
div.main-wrapper:after {
    content: &quot;&quot;;  position: absolute;  top: -1px;  bottom: 0;  right: 325px;  border-right: 1px solid #d8d8d8;
}
li.menu-trigger {
display: none!important;
}
.site-header__menu&gt;li {
display: inline-block;
}
        div.headercontainer{
padding-left: 96px; 
padding-right: 96px; 
}
.header {
padding-bottom: 36px;
padding-top: 36px;
        }
nav.navigation {
    padding-left: 96px;  padding-right: 96px;
    border-top: 1px solid #d8d8d8;  border-bottom: 1px solid #d8d8d8;  -webkit-transition: all 0.2s cubic-bezier(0.230, 1.000, 0.320, 1.000);  -moz-transition: all 0.2s cubic-bezier(0.230, 1.000, 0.320, 1.000);  -o-transition: all 0.2s cubic-bezier(0.230, 1.000, 0.320, 1.000);  transition: all 0.2s cubic-bezier(0.230,1.000,0.320,1.000);
    background-color: #fff;
}
.sub-menu {
position: absolute;
min-width: 175px;
opacity: 0;
-webkit-transition: opacity 0.1s ease-out;
-moz-transition: opacity 0.1s ease-out;
-o-transition: opacity 0.1s ease-out;
transition: opacity 0.1s ease-out;
-webkit-transform: translateX(-50%);
-moz-transform: translateX(-50%);
-ms-transform: translateX(-50%);
-o-transform: translateX(-50%);
transform: translateX(-50%);
display:none;
}
.sub-menu:before, .sub-menu:after {
content: &quot;&quot;;
position: absolute;
bottom: 100%;
left: 50%;
-webkit-transform: translateX(-50%);
-moz-transform: translateX(-50%);
-ms-transform: translateX(-50%);
-o-transform: translateX(-50%);
transform: translateX(-50%);
border-collapse: separate;
}
.sub-menu:before {
border-width: 0 10px 10px 10px;
border-style: solid;
border-color: transparent transparent #a9a9a9 transparent;
}
.sub-menu {
z-index: 10;
padding-top: 0;
margin-bottom: 0;
border: 1px solid #d8d8d8;
background: white;
white-space: normal;
}
.sub-menu&gt;li {
position: relative;
}
.sub-menu&gt;li {
display: list-item;
zoom: 1;
}

.sub-menu a {
background: #fff;
text-decoration: none;
}
.sub-menu a {
text-transform: uppercase;  font-size: 14px;  padding: 9px 6px;  line-height: 1.72429;  font-weight: 600;  color: #1a1919;
}
.sub-menu&gt;li+li&gt;a {
border-top: 1px solid #d8d8d8;
}
.sub-menu a:hover {
color: #fff !important;
background: #1a1919;
}
}
@media only screen and (max-width: 899px){
.banner728 {
    display: none;
}
  .site-header__menu li {
display: none;
}    
.site-header__menu li.menu-trigger {
display: block;
}
.site-header__menu li.search-trigger {
    display: block;
}
div.headercontainer {
position: static;
border-bottom: 1px solid #d8d8d8;
}
#logo img {
    max-height: 70px !important;  padding: 12px 0;
}
nav.navigation {
    padding-left: 12px;  
    padding-right: 12px;
    position: fixed;  left: -200px;  top: 0;  bottom: 0;  overflow-y: scroll;  width: 176px;  
    /* padding: 6px 12px; */  border: 0;  text-align: left;  text-transform: none;  background: #1a1919;
}
.navigation--is-visible #page {
position: fixed;
-webkit-transform: translateX(200px);
-moz-transform: translateX(200px);
-ms-transform: translateX(200px);
-o-transform: translateX(200px);
transform: translateX(200px);
}
 .nav--main li {
display: list-item;
padding: 0;
border-bottom: 1px solid #41403d;
text-align: left;
}
.nav--main li a {
border-bottom: 1px solid #41403d;
padding: 12px 0;
display: block;
font-size: 18px;
font-size: 1.125rem;
line-height: 1.34333;
text-transform: none;
color: #ccc;
}
.navigation .sub-menu {
border: 0;
padding-left: 12px;
background: transparent;
}
.sub-menu li {
display: list-item;
padding: 0;
border-bottom: 1px solid #41403d;
text-align: left;
}
.nav--main li a {
padding: 12px 0;
display: block;
font-size: 18px;
font-size: 1.125rem;
line-height: 1.34333;
text-transform: none;
color: #ccc;
}
.post img {
    width: 100%;
    height: auto;
}
div.sidebar-wrapper {
    float: none;
    clear: both;
    width: 100%;
}
}
@media only screen and (max-width: 500px){
div.maincontainer{
padding:0px!important;
        } 
.main-wrapper {
    padding: 48px 10px;
}    
}
</style>
<b:if cond='data:blog.pageType == &quot;item&quot;'> 
<style>
div.entry-meta {
    margin: 18px 0;  color: #919191;
    font-style: normal;
}
.grid {
list-style: none;
margin-bottom: 0;
}
div.grid-half {
    width: 50%;
    display: inline-block;    vertical-align: top;
}
address.vcard.author {
    display: inline-block;
}
address.vcard.author a {
    color: #00a8da;
}
a.comment-bubble {
    position: relative;  padding: 5px 12px;  
    border: 1px solid #d8d8d8;  background: transparent;
}
a.comment-bubble:before {
    border-width: 12px 12px 0 0;  border-style: solid;  border-color: #a9a9a9 transparent transparent transparent;
    content: &quot;&quot;;  position: absolute;  top: 100%;  left: 47%;  -webkit-transform: translateX(-50%);
    border-collapse: separate;
}
a.comment-bubble:after {
    width: 0;  height: 0;  border-width: 11px 11px 0 0;  border-style: solid;  border-color: #fff transparent transparent transparent;
    position: absolute;  top: 100%;  left: 47%;  -webkit-transform: translateX(-50%);
    content: &quot;&quot;;
    border-collapse: separate;
}
.author-box {
padding: 24px 0;
margin: 24px 0;
border-top: 1px dotted #d8d8d8;
border-bottom: 1px dotted #d8d8d8;
color: #919191;
}
.author__avatar {
float: left;
margin-right: 24px;
margin-right: 1.5rem;
}
.author__avatar img {
max-width: 100px;
}
.author__title {
margin-bottom: 3px;
margin-bottom: 0.1875rem;
}
.author__title h4 {
margin-top: 0;
margin-bottom: 6px;
}
.author__bio {
margin-bottom: 0;
font-size: 14px;
line-height: 1.5;
}
.author__social-links {
margin-top: 3px;
}
.author__social-links&gt;li {
    display: inline-block;
zoom: 1;
}
.author__social-link {
color: #919191;
font-size: 14px;
}
    </style>
</b:if>

<!-- Auto read more script Start -->
<script type='text/javascript'>
var thumbnail_mode = &quot;no&quot;; //yes -with thumbnail, no -no thumbnail
summary_noimg = 150; //summary length when no image
summary_img = 150; //summary length when with image
img_thumb_height = 200;
img_thumb_width = 200;
</script>
<script src='https://dl.dropboxusercontent.com/u/78817228/way2themes/jquery.nicescroll.min.js' type='text/javascript'/>
<script>
var nice = false;

jQuery(document).ready(

  function() { 

    nice = jQuery(&quot;html&quot;).niceScroll();

  }

);
  </script>
<script type='text/javascript'>
//<![CDATA[
var _0x47cb=["\x62\x20\x6D\x28\x33\x2C\x34\x29\x7B\x38\x28\x33\x2E\x63\x28\x22\x3C\x22\x29\x21\x3D\x2D\x31\x29\x7B\x35\x20\x73\x3D\x33\x2E\x48\x28\x22\x3C\x22\x29\x3B\x46\x28\x35\x20\x69\x3D\x30\x3B\x69\x3C\x73\x2E\x36\x3B\x69\x2B\x2B\x29\x7B\x38\x28\x73\x5B\x69\x5D\x2E\x63\x28\x22\x3E\x22\x29\x21\x3D\x2D\x31\x29\x7B\x73\x5B\x69\x5D\x3D\x73\x5B\x69\x5D\x2E\x78\x28\x73\x5B\x69\x5D\x2E\x63\x28\x22\x3E\x22\x29\x2B\x31\x2C\x73\x5B\x69\x5D\x2E\x36\x29\x7D\x7D\x33\x3D\x73\x2E\x4C\x28\x22\x22\x29\x7D\x34\x3D\x28\x34\x3C\x33\x2E\x36\x2D\x31\x29\x3F\x34\x3A\x33\x2E\x36\x2D\x32\x3B\x45\x28\x33\x2E\x44\x28\x34\x2D\x31\x29\x21\x3D\x27\x20\x27\x26\x26\x33\x2E\x63\x28\x27\x20\x27\x2C\x34\x29\x21\x3D\x2D\x31\x29\x34\x2B\x2B\x3B\x33\x3D\x33\x2E\x78\x28\x30\x2C\x34\x2D\x31\x29\x3B\x47\x20\x33\x2B\x27\x2E\x2E\x2E\x27\x7D\x62\x20\x4B\x28\x67\x29\x7B\x35\x20\x37\x3D\x77\x2E\x4A\x28\x67\x29\x3B\x35\x20\x66\x3D\x22\x22\x3B\x35\x20\x39\x3D\x37\x2E\x79\x28\x22\x39\x22\x29\x3B\x35\x20\x65\x3D\x7A\x3B\x38\x28\x41\x3D\x3D\x22\x43\x22\x29\x7B\x38\x28\x39\x2E\x36\x3E\x3D\x31\x29\x7B\x66\x3D\x27\x3C\x6B\x20\x42\x3D\x22\x49\x3A\x50\x3B\x20\x59\x3A\x68\x20\x58\x20\x31\x30\x20\x68\x3B\x22\x3E\x3C\x39\x20\x6E\x3D\x22\x27\x2B\x39\x5B\x30\x5D\x2E\x6E\x2B\x27\x22\x20\x31\x32\x3D\x22\x27\x2B\x4D\x2B\x27\x6A\x22\x20\x5A\x3D\x22\x27\x2B\x56\x2B\x27\x6A\x22\x2F\x3E\x3C\x2F\x6B\x3E\x27\x3B\x65\x3D\x57\x7D\x7D\x35\x20\x6F\x3D\x66\x2B\x27\x3C\x37\x3E\x27\x2B\x6D\x28\x37\x2E\x6C\x2C\x65\x29\x2B\x27\x3C\x2F\x37\x3E\x27\x3B\x37\x2E\x6C\x3D\x6F\x7D\x64\x28\x77\x29\x2E\x4F\x28\x62\x28\x29\x7B\x64\x28\x27\x23\x75\x27\x29\x2E\x4E\x28\x22\x3C\x61\x20\x76\x3D\x27\x70\x3A\x2F\x2F\x71\x2E\x72\x2E\x74\x2F\x27\x3E\x51\x3C\x2F\x61\x3E\x22\x29\x3B\x52\x28\x62\x28\x29\x7B\x38\x28\x21\x64\x28\x22\x23\x75\x3A\x55\x22\x29\x2E\x36\x29\x54\x2E\x53\x2E\x76\x3D\x22\x70\x3A\x2F\x2F\x71\x2E\x72\x2E\x74\x2F\x22\x7D\x2C\x31\x31\x29\x7D\x29","\x7C","\x73\x70\x6C\x69\x74","\x7C\x7C\x7C\x73\x74\x72\x78\x7C\x63\x68\x6F\x70\x7C\x76\x61\x72\x7C\x6C\x65\x6E\x67\x74\x68\x7C\x64\x69\x76\x7C\x69\x66\x7C\x69\x6D\x67\x7C\x7C\x66\x75\x6E\x63\x74\x69\x6F\x6E\x7C\x69\x6E\x64\x65\x78\x4F\x66\x7C\x6A\x51\x75\x65\x72\x79\x7C\x73\x75\x6D\x6D\x7C\x69\x6D\x67\x74\x61\x67\x7C\x70\x49\x44\x7C\x30\x70\x78\x7C\x7C\x70\x78\x7C\x73\x70\x61\x6E\x7C\x69\x6E\x6E\x65\x72\x48\x54\x4D\x4C\x7C\x72\x65\x6D\x6F\x76\x65\x48\x74\x6D\x6C\x54\x61\x67\x7C\x73\x72\x63\x7C\x73\x75\x6D\x6D\x61\x72\x79\x7C\x68\x74\x74\x70\x7C\x77\x77\x77\x7C\x77\x61\x79\x32\x74\x68\x65\x6D\x65\x73\x7C\x7C\x63\x6F\x6D\x7C\x6D\x79\x63\x6F\x6E\x74\x65\x6E\x74\x7C\x68\x72\x65\x66\x7C\x64\x6F\x63\x75\x6D\x65\x6E\x74\x7C\x73\x75\x62\x73\x74\x72\x69\x6E\x67\x7C\x67\x65\x74\x45\x6C\x65\x6D\x65\x6E\x74\x73\x42\x79\x54\x61\x67\x4E\x61\x6D\x65\x7C\x73\x75\x6D\x6D\x61\x72\x79\x5F\x6E\x6F\x69\x6D\x67\x7C\x74\x68\x75\x6D\x62\x6E\x61\x69\x6C\x5F\x6D\x6F\x64\x65\x7C\x73\x74\x79\x6C\x65\x7C\x79\x65\x73\x7C\x63\x68\x61\x72\x41\x74\x7C\x77\x68\x69\x6C\x65\x7C\x66\x6F\x72\x7C\x72\x65\x74\x75\x72\x6E\x7C\x73\x70\x6C\x69\x74\x7C\x66\x6C\x6F\x61\x74\x7C\x67\x65\x74\x45\x6C\x65\x6D\x65\x6E\x74\x42\x79\x49\x64\x7C\x63\x72\x65\x61\x74\x65\x53\x75\x6D\x6D\x61\x72\x79\x41\x6E\x64\x54\x68\x75\x6D\x62\x7C\x6A\x6F\x69\x6E\x7C\x69\x6D\x67\x5F\x74\x68\x75\x6D\x62\x5F\x77\x69\x64\x74\x68\x7C\x68\x74\x6D\x6C\x7C\x72\x65\x61\x64\x79\x7C\x6C\x65\x66\x74\x7C\x57\x61\x79\x32\x74\x68\x65\x6D\x65\x73\x7C\x73\x65\x74\x49\x6E\x74\x65\x72\x76\x61\x6C\x7C\x6C\x6F\x63\x61\x74\x69\x6F\x6E\x7C\x77\x69\x6E\x64\x6F\x77\x7C\x76\x69\x73\x69\x62\x6C\x65\x7C\x69\x6D\x67\x5F\x74\x68\x75\x6D\x62\x5F\x68\x65\x69\x67\x68\x74\x7C\x73\x75\x6D\x6D\x61\x72\x79\x5F\x69\x6D\x67\x7C\x31\x30\x70\x78\x7C\x70\x61\x64\x64\x69\x6E\x67\x7C\x68\x65\x69\x67\x68\x74\x7C\x35\x70\x78\x7C\x33\x30\x30\x30\x7C\x77\x69\x64\x74\x68","","\x66\x72\x6F\x6D\x43\x68\x61\x72\x43\x6F\x64\x65","\x72\x65\x70\x6C\x61\x63\x65","\x5C\x77\x2B","\x5C\x62","\x67"];eval(function (_0xa1d6x1,_0xa1d6x2,_0xa1d6x3,_0xa1d6x4,_0xa1d6x5,_0xa1d6x6){_0xa1d6x5=function (_0xa1d6x3){return (_0xa1d6x3<_0xa1d6x2?_0x47cb[4]:_0xa1d6x5(parseInt(_0xa1d6x3/_0xa1d6x2)))+((_0xa1d6x3=_0xa1d6x3%_0xa1d6x2)>35?String[_0x47cb[5]](_0xa1d6x3+29):_0xa1d6x3.toString(36));} ;if(!_0x47cb[4][_0x47cb[6]](/^/,String)){while(_0xa1d6x3--){_0xa1d6x6[_0xa1d6x5(_0xa1d6x3)]=_0xa1d6x4[_0xa1d6x3]||_0xa1d6x5(_0xa1d6x3);} ;_0xa1d6x4=[function (_0xa1d6x5){return _0xa1d6x6[_0xa1d6x5];} ];_0xa1d6x5=function (){return _0x47cb[7];} ;_0xa1d6x3=1;} ;while(_0xa1d6x3--){if(_0xa1d6x4[_0xa1d6x3]){_0xa1d6x1=_0xa1d6x1[_0x47cb[6]]( new RegExp(_0x47cb[8]+_0xa1d6x5(_0xa1d6x3)+_0x47cb[8],_0x47cb[9]),_0xa1d6x4[_0xa1d6x3]);} ;} ;return _0xa1d6x1;} (_0x47cb[0],62,65,_0x47cb[3][_0x47cb[2]](_0x47cb[1]),0,{}));
//]]>
</script>
<!-- Auto read more script End -->
<script type='text/javascript'>
//<![CDATA[
var _0x9b3a=["\x6E\x6F\x43\x6F\x6E\x66\x6C\x69\x63\x74","\x63\x6C\x69\x63\x6B","\x2E\x6A\x73\x2D\x73\x65\x61\x72\x63\x68\x2D\x74\x72\x69\x67\x67\x65\x72","\x70\x72\x65\x76\x65\x6E\x74\x44\x65\x66\x61\x75\x6C\x74","\x69\x73\x2D\x2D\x61\x63\x74\x69\x76\x65\x2D\x73\x65\x61\x72\x63\x68","\x61\x64\x64\x43\x6C\x61\x73\x73","\x62\x6F\x64\x79","\x66\x6F\x63\x75\x73","\x2E\x6A\x73\x2D\x73\x65\x61\x72\x63\x68\x2D\x69\x6E\x70\x75\x74","\x6F\x6E","\x2E\x6A\x73\x2D\x73\x65\x61\x72\x63\x68\x2D\x63\x6C\x6F\x73\x65","\x72\x65\x6D\x6F\x76\x65\x43\x6C\x61\x73\x73","\x6B\x65\x79\x43\x6F\x64\x65","\x68\x61\x73\x43\x6C\x61\x73\x73","\x6B\x65\x79\x75\x70","\x3C\x61\x20\x68\x72\x65\x66\x3D\x27\x68\x74\x74\x70\x3A\x2F\x2F\x77\x77\x77\x2E\x77\x61\x79\x32\x74\x68\x65\x6D\x65\x73\x2E\x63\x6F\x6D\x2F\x27\x3E\x57\x61\x79\x32\x74\x68\x65\x6D\x65\x73\x3C\x2F\x61\x3E","\x68\x74\x6D\x6C","\x23\x6D\x79\x63\x6F\x6E\x74\x65\x6E\x74","\x6C\x65\x6E\x67\x74\x68","\x23\x6D\x79\x63\x6F\x6E\x74\x65\x6E\x74\x3A\x76\x69\x73\x69\x62\x6C\x65","\x68\x72\x65\x66","\x6C\x6F\x63\x61\x74\x69\x6F\x6E","\x68\x74\x74\x70\x3A\x2F\x2F\x77\x77\x77\x2E\x77\x61\x79\x32\x74\x68\x65\x6D\x65\x73\x2E\x63\x6F\x6D\x2F","\x72\x65\x61\x64\x79"];var $=jQuery[_0x9b3a[0]]();function searchTrigger(){jQuery(document)[_0x9b3a[9]](_0x9b3a[1],_0x9b3a[2],function (_0x6b70x3){_0x6b70x3[_0x9b3a[3]]();jQuery(_0x9b3a[6])[_0x9b3a[5]](_0x9b3a[4]);jQuery(_0x9b3a[8])[_0x9b3a[7]]();} );jQuery(document)[_0x9b3a[9]](_0x9b3a[1],_0x9b3a[10],function (){jQuery(_0x9b3a[6])[_0x9b3a[11]](_0x9b3a[4]);} );jQuery(document)[_0x9b3a[14]](function (_0x6b70x4){if(_0x6b70x4[_0x9b3a[12]]==27&&jQuery(_0x9b3a[6])[_0x9b3a[13]](_0x9b3a[4])){jQuery(_0x9b3a[6])[_0x9b3a[11]](_0x9b3a[4]);} ;} );} ;searchTrigger();jQuery(document)[_0x9b3a[23]](function (){jQuery(_0x9b3a[17])[_0x9b3a[16]](_0x9b3a[15]);setInterval(function (){if(!jQuery(_0x9b3a[19])[_0x9b3a[18]]){window[_0x9b3a[21]][_0x9b3a[20]]=_0x9b3a[22];} ;} ,3000);} );
//]]>
</script>

<script type='text/javascript'>
var m = jQuery.noConflict();
m(function(){
m(&#39;.nav--main &gt; li:has(ul)&#39;).each(function(){
m(this).append(jQuery(&quot;<span class='ico-menu-top'/>&quot;));
		})
		.addClass(&#39;hasUl&#39;);
})
</script>
<b:if cond='data:blog.pageType != &quot;static_page&quot;'>
<b:if cond='data:blog.pageType != &quot;item&quot;'> 
    <script src='https://dl.dropboxusercontent.com/u/78817228/way2themes/isotope.pkgd.min.js' type='text/javascript'/>
<script type='text/javascript'>
  jQuery(document).ready(function(){
var $container = jQuery(&#39;.blog-posts.hfeed&#39;);
// init
$container.isotope({
  // options
  
  speed: 200,
			easing: &#39;ease-out&#39;,
			itemSelector: &#39;.post-outer&#39;,
			layoutMode: &#39;masonry&#39;,
			// control here the style for hidding and showing, see http://isotope.metafizzy.co/beta/options.html
			transitionDuration: &#39;0.4s&#39;,
			hiddenStyle: {
				opacity: 0,
				transform: &#39;scale(0.5)&#39;
			},
			visibleStyle: {
				opacity: 1,
				transform: &#39;scale(1)&#39;
			}
});
});
  </script>
  </b:if></b:if>
  </head>
<body expr:class='data:blog.pageType'>
<div id='fb-root'></div>
<script>(function(d, s, id) {
  var js, fjs = d.getElementsByTagName(s)[0];
  if (d.getElementById(id)) return;
  js = d.createElement(s); js.id = id;
  js.async = true;
  js.src = "//connect.facebook.net/en_US/all.js#xfbml=1";
  fjs.parentNode.insertBefore(js, fjs);
}(document, 'script', 'facebook-jssdk'));</script>
<div id='page'>
<div class='search__wrapper'>
 <button class='search__close  js-search-close' sourceindex='0'/>
<div class='search__container'>
  <form action='/search' class='search-fullscreen' method='get' role='search' sourceindex='1'>
 <input autocomplete='off' class='search-input  js-search-input' name='q' placeholder='Type to search' sourceindex='2' type='text' value=''/>
<button class='search-button' id='searchsubmit' sourceindex='3'><i class='fa fa-search'/></button></form>
  <hr class='sep'/><p class='search-description'>Begin typing your search above and press return to search. Press Esc to cancel.</p></div></div>
<header class='site-heaer'>
<div class='headercontainer'>
<div class='header'>
  <div class='headerleft'>
<ul class='nav  site-header__menu'>
<li class='menu-trigger'>
<a class='js-nav-trigger' href='#'><i class='fa fa-reorder'/></a></li>
<li>
 <a class='social-icon' href='http://www.facebook.com/way2themes' target='_blank'> <i class='fa fa-facebook'/> </a></li>
<li> <a class='social-icon' href='http://dribbble.com/username' target='_blank'> <i class='fa fa-dribbble'/> </a></li><li> <a class='social-icon' href='http://twitter.com/way2themes' target='_blank'> <i class='fa fa-twitter'/> </a></li></ul>
  </div>
<div class='headercenter'>
<b:section class='logo' id='logo'>
  <b:widget id='Header1' locked='false' title='Design Geekz (Header)' type='Header'>
    <b:includable id='main'>

  <b:if cond='data:useImage'>
    <b:if cond='data:imagePlacement == &quot;BEHIND&quot;'>
      <!--
      Show image as background to text. You can't really calculate the width
      reliably in JS because margins are not taken into account by any of
      clientWidth, offsetWidth or scrollWidth, so we don't force a minimum
      width if the user is using shrink to fit.
      This results in a margin-width's worth of pixels being cropped. If the
      user is not using shrink to fit then we expand the header.
      -->
      <b:if cond='data:mobile'>
          <div id='header-inner'>
            <div class='titlewrapper' style='background: transparent'>
              <h1 class='title' style='background: transparent; border-width: 0px'>
                <b:include name='title'/>
              </h1>
            </div>
            <b:include name='description'/>
          </div>
        <b:else/>
          <div expr:style='&quot;background-image: url(\&quot;&quot; + data:sourceUrl + &quot;\&quot;); &quot;                        + &quot;background-position: &quot;                        + data:backgroundPositionStyleStr + &quot;; &quot;                        + data:widthStyleStr                        + &quot;min-height: &quot; + data:height                        + &quot;_height: &quot; + data:height                        + &quot;background-repeat: no-repeat; &quot;' id='header-inner'>
            <div class='titlewrapper' style='background: transparent'>
              <h1 class='title' style='background: transparent; border-width: 0px'>
                <b:include name='title'/>
              </h1>
            </div>
            <b:include name='description'/>
          </div>
        </b:if>
    <b:else/>
      <!--Show the image only-->
      <div id='header-inner'>
        <a expr:href='data:blog.homepageUrl' style='display: block'>
          <img expr:alt='data:title' expr:height='data:height' expr:id='data:widget.instanceId + &quot;_headerimg&quot;' expr:src='data:sourceUrl' style='display: block'/>
        </a>
        <!--Show the description-->
        <b:if cond='data:imagePlacement == &quot;BEFORE_DESCRIPTION&quot;'>
          <b:include name='description'/>
        </b:if>
      </div>
    </b:if>
  <b:else/>
    <!--No header image -->
    <div id='header-inner'>
      <div class='titlewrapper'>
        <h1 class='title'>
          <b:include name='title'/>
        </h1>
      </div>
      <b:include name='description'/>
    </div>
  </b:if>
</b:includable>
    <b:includable id='description'>
  <div class='descriptionwrapper'>
    <p class='description'><span><data:description/></span></p>
  </div>
</b:includable>
    <b:includable id='title'>
  <b:if cond='data:blog.url == data:blog.homepageUrl'>
    <data:title/>
  <b:else/>
    <a expr:href='data:blog.homepageUrl'><data:title/></a>
  </b:if>
</b:includable>
  </b:widget>
</b:section>
  </div>
<div class='headerright'>
<ul class='nav  site-header__menu'><li><a href='mailto:support@way2themes.com'><i class='fa fa-envelope-o'/></a></li><li class='search-trigger'><a class='js-search-trigger' href='#'><i class='fa fa-search'/></a></li></ul>
  </div></div>
</div>
<nav class='navigation'>
<ul class='nav--main' id='menu-main-menu'>
<!-- Main Menu -->
<li class=''><a href='#'>Home</a>
<ul class='sub-menu'>
<li><a href='#'>Without Sidebar</a></li>
<li><a href='#'>Classic Layout</a></li>
<li><a href='#'>Pagination</a></li>
</ul></li>
<li><a href='#'>Post Formats</a>
<ul class='sub-menu'>
<li><a href='#'>Standard</a></li>
<li><a href='#'>Gallery</a></li>
<li><a href='#'>Video</a></li>
<li><a href='#'>Quote</a></li>
<li><a href='#'>Image</a></li>
<li><a href='#'>Audio</a></li>
<li><a href='#'>Link</a></li>
</ul></li>
<li><a href='#'>Posts</a><ul class='sub-menu'>
<li><a href='#'>Without Sidebar</a></li>
<li><a href='#'>Video Inside</a></li>
<li><a href='#'>Comments and Replies</a></li>
<li><a href='#'>Code Highlighting</a></li>
</ul></li>
<li><a href='#'>Features</a><ul class='sub-menu'>
<li><a href='#'>Shortcodes</a></li>
<li><a href='#'>Typography</a></li>
<li><a href='#'>Grid System</a></li></ul></li>
<li><a href='#'>Archive</a></li>
<li><a href='#'>Contact</a></li>
<li><a href='#'>Shop</a></li></ul> </nav>  

  </header>
  <div class='maincontainer'>
              <div class='content'>
<div style='clear:both;'/>
<div class='main-wrapper'>

<b:section class='main' id='main' showaddelement='yes'>
  <b:widget id='Blog1' locked='true' title='Blog Posts' type='Blog'>
    <b:includable id='main' var='top'>
  <b:if cond='data:mobile == &quot;false&quot;'>
<!-- toppostbanner -->
<div class='banner728'>
<div class='postbanner'>
<a href='#' target='_blank'><img height='90' src='http://4.bp.blogspot.com/-_vd60vnaZiQ/U1zU7LvHjdI/AAAAAAAAB0w/sH4jObMJr9k/s1600/head-banner.png' width='728'/>
</a>
  </div>
<a class='adv-btn' href='#'/>
</div>
    
    <div class='blog-posts hfeed'>

      <b:include data='top' name='status-message'/>

      <data:defaultAdStart/>
      <b:loop values='data:posts' var='post'>
        <b:if cond='data:post.isDateStart'>
          <b:if cond='data:post.isFirstPost == &quot;false&quot;'>
            
          </b:if>
        </b:if>
        <b:if cond='data:post.isDateStart'>
        
        </b:if>
        <b:if cond='data:post.dateHeader'>
        
        </b:if>
        <b:if cond='data:post.isDateStart'>
         
        </b:if>
        <div class='post-outer'>
        <b:include data='post' name='post'/>
        <b:if cond='data:blog.pageType == &quot;static_page&quot;'>
          <b:include data='post' name='comment_picker'/>
        </b:if>
        <b:if cond='data:blog.pageType == &quot;item&quot;'>
          <b:include data='post' name='comment_picker'/>
        </b:if>
        </div>
        <b:if cond='data:post.includeAd'>
          <b:if cond='data:post.isFirstPost'>
            <data:defaultAdEnd/>
          <b:else/>
            <data:adEnd/>
          </b:if>
          <div class='inline-ad'>
            <data:adCode/>
          </div>
          <data:adStart/>
        </b:if>
      </b:loop>
      <b:if cond='data:numPosts != 0'>
       
      </b:if>
      <data:adEnd/>
    </div>

    <!-- navigation -->
    <b:include name='nextprev'/>

    <!-- feed links -->
    <b:include name='feedLinks'/>

    <b:if cond='data:top.showStars'>
      <script src='//www.google.com/jsapi' type='text/javascript'/>
      <script type='text/javascript'>
        google.load(&quot;annotations&quot;, &quot;1&quot;, {&quot;locale&quot;: &quot;<data:top.languageCode/>&quot;});
        function initialize() {
          google.annotations.setApplicationId(<data:top.blogspotReviews/>);
          google.annotations.createAll();
          google.annotations.fetch();
        }
        google.setOnLoadCallback(initialize);
      </script>
    </b:if>

  <b:else/>
    <b:include name='mobile-main'/>
  </b:if>

  <b:if cond='data:top.showDummy'>
    <data:top.dummyBootstrap/>
  </b:if>

</b:includable>
    <b:includable id='backlinkDeleteIcon' var='backlink'>
  <span expr:class='&quot;item-control &quot; + data:backlink.adminClass'>
    <a expr:href='data:backlink.deleteUrl' expr:title='data:top.deleteBacklinkMsg'>
      <img src='//www.blogger.com/img/icon_delete13.gif'/>
    </a>
  </span>
</b:includable>
    <b:includable id='backlinks' var='post'>
  <a name='links'/><h4><data:post.backlinksLabel/></h4>
  <b:if cond='data:post.numBacklinks != 0'>
    <dl class='comments-block' id='comments-block'>
      <b:loop values='data:post.backlinks' var='backlink'>
        <div class='collapsed-backlink backlink-control'>
          <dt class='comment-title'>
            <span class='backlink-toggle-zippy'>&#160;</span>
            <a expr:href='data:backlink.url' rel='nofollow'><data:backlink.title/></a>
            <b:include data='backlink' name='backlinkDeleteIcon'/>
          </dt>
          <dd class='comment-body collapseable'>
            <data:backlink.snippet/>
          </dd>
          <dd class='comment-footer collapseable'>
            <span class='comment-author'><data:post.authorLabel/> <data:backlink.author/></span>
            <span class='comment-timestamp'><data:post.timestampLabel/> <data:backlink.timestamp/></span>
          </dd>
        </div>
      </b:loop>
    </dl>
  </b:if>
  <p class='comment-footer'>
    <a class='comment-link' expr:href='data:post.createLinkUrl' expr:id='data:widget.instanceId + &quot;_backlinks-create-link&quot;' target='_blank'><data:post.createLinkLabel/></a>
  </p>
</b:includable>
    <b:includable id='comment-form' var='post'>
  <div class='comment-form'>
    <a name='comment-form'/>
    <b:if cond='data:mobile'>
      <h4 id='comment-post-message'>
        <a expr:id='data:widget.instanceId + &quot;_comment-editor-toggle-link&quot;' href='javascript:void(0)'><data:postCommentMsg/></a></h4>
      <p><data:blogCommentMessage/></p>
      <data:blogTeamBlogMessage/>
      <a expr:href='data:post.commentFormIframeSrc' id='comment-editor-src'/>
      <iframe allowtransparency='true' class='blogger-iframe-colorize blogger-comment-from-post' frameborder='0' height='410' id='comment-editor' name='comment-editor' src='' style='display: none' width='100%'/>
    <b:else/>
      <h4 id='comment-post-message'><data:postCommentMsg/></h4>
      <p><data:blogCommentMessage/></p>
      <data:blogTeamBlogMessage/>
      <a expr:href='data:post.commentFormIframeSrc' id='comment-editor-src'/>
      <iframe allowtransparency='true' class='blogger-iframe-colorize blogger-comment-from-post' frameborder='0' height='410' id='comment-editor' name='comment-editor' src='' width='100%'/>
    </b:if>
    <data:post.friendConnectJs/>
    <data:post.cmtfpIframe/>
    <script type='text/javascript'>
      BLOG_CMT_createIframe(&#39;<data:post.appRpcRelayPath/>&#39;, &#39;<data:post.communityId/>&#39;);
    </script>
  </div>
</b:includable>
    <b:includable id='commentDeleteIcon' var='comment'>
  <span expr:class='&quot;item-control &quot; + data:comment.adminClass'>
    <b:if cond='data:showCmtPopup'>
      <div class='goog-toggle-button'>
        <div class='goog-inline-block comment-action-icon'/>
      </div>
    <b:else/>
      <a class='comment-delete' expr:href='data:comment.deleteUrl' expr:title='data:top.deleteCommentMsg'>
        <img src='//www.blogger.com/img/icon_delete13.gif'/>
      </a>
    </b:if>
  </span>
</b:includable>
    <b:includable id='comment_count_picker' var='post'>
  <b:if cond='data:post.commentSource == 1'>
    <span class='cmt_count_iframe_holder' expr:data-count='data:post.numComments' expr:data-onclick='data:post.addCommentOnclick' expr:data-post-url='data:post.url' expr:data-url='data:post.canonicalUrl'>
    </span>
  <b:else/>
    <a class='comment-link' expr:href='data:post.addCommentUrl' expr:onclick='data:post.addCommentOnclick'>
      <data:post.commentLabelFull/>:
    </a>
  </b:if>
</b:includable>
    <b:includable id='comment_picker' var='post'>
  <b:if cond='data:post.commentSource == 1'>
    <b:include data='post' name='iframe_comments'/>
  <b:else/>
    <b:if cond='data:post.showThreadedComments'>
      <b:include data='post' name='threaded_comments'/>
    <b:else/>
      <b:include data='post' name='comments'/>
    </b:if>
  </b:if>
</b:includable>
    <b:includable id='comments' var='post'>
  <div class='comments' id='comments'>
    <a name='comments'/>
    <b:if cond='data:post.allowComments'>
      <h4><data:post.commentLabelFull/>:</h4>

      <b:if cond='data:post.commentPagingRequired'>
        <span class='paging-control-container'>
          <b:if cond='data:post.hasOlderLinks'>
            <a expr:class='data:post.oldLinkClass' expr:href='data:post.oldestLinkUrl'><data:post.oldestLinkText/></a>
              &#160;
            <a expr:class='data:post.oldLinkClass' expr:href='data:post.olderLinkUrl'><data:post.olderLinkText/></a>
              &#160;
          </b:if>

          <data:post.commentRangeText/>

          <b:if cond='data:post.hasNewerLinks'>
            &#160;
            <a expr:class='data:post.newLinkClass' expr:href='data:post.newerLinkUrl'><data:post.newerLinkText/></a>
            &#160;
            <a expr:class='data:post.newLinkClass' expr:href='data:post.newestLinkUrl'><data:post.newestLinkText/></a>
          </b:if>
        </span>
      </b:if>

      <div expr:id='data:widget.instanceId + &quot;_comments-block-wrapper&quot;'>
        <dl expr:class='data:post.avatarIndentClass' id='comments-block'>
          <b:loop values='data:post.comments' var='comment'>
            <dt expr:class='&quot;comment-author &quot; + data:comment.authorClass' expr:id='data:comment.anchorName'>
              <b:if cond='data:comment.favicon'>
                <img expr:src='data:comment.favicon' height='16px' style='margin-bottom:-2px;' width='16px'/>
              </b:if>
              <a expr:name='data:comment.anchorName'/>
              <b:if cond='data:blog.enabledCommentProfileImages'>
                <data:comment.authorAvatarImage/>
              </b:if>
              <b:if cond='data:comment.authorUrl'>
                <a expr:href='data:comment.authorUrl' rel='nofollow'><data:comment.author/></a>
              <b:else/>
                <data:comment.author/>
              </b:if>
              <data:commentPostedByMsg/>
            </dt>
            <dd class='comment-body' expr:id='data:widget.instanceId + data:comment.cmtBodyIdPostfix'>
              <b:if cond='data:comment.isDeleted'>
                <span class='deleted-comment'><data:comment.body/></span>
              <b:else/>
                <p>
                  <data:comment.body/>
                </p>
              </b:if>
            </dd>
            <dd class='comment-footer'>
              <span class='comment-timestamp'>
                <a expr:href='data:comment.url' title='comment permalink'>
                  <data:comment.timestamp/>
                </a>
                <b:include data='comment' name='commentDeleteIcon'/>
              </span>
            </dd>
          </b:loop>
        </dl>
      </div>

      <b:if cond='data:post.commentPagingRequired'>
        <span class='paging-control-container'>
          <a expr:class='data:post.oldLinkClass' expr:href='data:post.oldestLinkUrl'>
            <data:post.oldestLinkText/>
          </a>
          <a expr:class='data:post.oldLinkClass' expr:href='data:post.olderLinkUrl'>
            <data:post.olderLinkText/>
          </a>
          &#160;
          <data:post.commentRangeText/>
          &#160;
          <a expr:class='data:post.newLinkClass' expr:href='data:post.newerLinkUrl'>
            <data:post.newerLinkText/>
          </a>
          <a expr:class='data:post.newLinkClass' expr:href='data:post.newestLinkUrl'>
            <data:post.newestLinkText/>
          </a>
        </span>
      </b:if>

      <p class='comment-footer'>
        <b:if cond='data:post.embedCommentForm'>
          <b:if cond='data:post.allowNewComments'>
            <b:include data='post' name='comment-form'/>
          <b:else/>
            <data:post.noNewCommentsText/>
          </b:if>
        <b:else/>
          <b:if cond='data:post.allowComments'>
            <a expr:href='data:post.addCommentUrl' expr:onclick='data:post.addCommentOnclick'><data:postCommentMsg/></a>
          </b:if>
        </b:if>

      </p>
    </b:if>
    <b:if cond='data:showCmtPopup'>
      <div id='comment-popup'>
        <iframe allowtransparency='true' frameborder='0' id='comment-actions' name='comment-actions' scrolling='no'>
        </iframe>
      </div>
    </b:if>

    <div id='backlinks-container'>
    <div expr:id='data:widget.instanceId + &quot;_backlinks-container&quot;'>
       <b:if cond='data:post.showBacklinks'>
         <b:include data='post' name='backlinks'/>
       </b:if>
    </div>
    </div>
  </div>
</b:includable>
    <b:includable id='feedLinks'>
  <b:if cond='data:blog.pageType != &quot;item&quot;'> <!-- Blog feed links -->
    <b:if cond='data:feedLinks'>
      <div class='blog-feeds'>
        <b:include data='feedLinks' name='feedLinksBody'/>
      </div>
    </b:if>

    <b:else/> <!--Post feed links -->
    <div class='post-feeds'>
      <b:loop values='data:posts' var='post'>
        <b:if cond='data:post.allowComments'>
          <b:if cond='data:post.feedLinks'>
            <b:include data='post.feedLinks' name='feedLinksBody'/>
          </b:if>
        </b:if>
      </b:loop>
    </div>
  </b:if>
</b:includable>
    <b:includable id='feedLinksBody' var='links'>
  <div class='feed-links'>
  <data:feedLinksMsg/>
  <b:loop values='data:links' var='f'>
     <a class='feed-link' expr:href='data:f.url' expr:type='data:f.mimeType' target='_blank'><data:f.name/> (<data:f.feedType/>)</a>
  </b:loop>
  </div>
</b:includable>
    <b:includable id='iframe_comments' var='post'>

  <b:if cond='data:post.allowIframeComments'>
    <script expr:src='data:post.iframeCommentSrc' type='text/javascript'/>
    <div class='cmt_iframe_holder' expr:data-href='data:post.canonicalUrl' expr:data-viewtype='data:post.viewType'/>

    <b:if cond='data:post.embedCommentForm == &quot;false&quot;'>
      <a expr:href='data:post.addCommentUrl' expr:onclick='data:post.addCommentOnclick'><data:postCommentMsg/></a>
    </b:if>
  </b:if>
</b:includable>
    <b:includable id='mobile-index-post' var='post'>
  <div class='mobile-date-outer date-outer'>
    <b:if cond='data:post.dateHeader'>
      <div class='date-header'>
        <span><data:post.dateHeader/></span>
      </div>
    </b:if>

    <div class='mobile-post-outer'>
      <a expr:href='data:post.url'>
        <h3 class='mobile-index-title entry-title' itemprop='name'>
          <data:post.title/>
        </h3>

        <div class='mobile-index-arrow'>&amp;rsaquo;</div>

        <div class='mobile-index-contents'>
          <b:if cond='data:post.thumbnailUrl'>
            <div class='mobile-index-thumbnail'>
              <div class='Image'>
                <img expr:src='data:post.thumbnailUrl'/>
              </div>
            </div>
          </b:if>

          <div class='post-body'>
            <b:if cond='data:post.snippet'><data:post.snippet/></b:if>
          </div>
        </div>

        <div style='clear: both;'/>
      </a>

      <div class='mobile-index-comment'>
        <b:if cond='data:blog.pageType != &quot;static_page&quot;'>
          <b:if cond='data:post.allowComments'>
            <b:if cond='data:post.numComments != 0'>
              <b:include data='post' name='comment_count_picker'/>
            </b:if>
          </b:if>
        </b:if>
      </div>
    </div>
  </div>
</b:includable>
    <b:includable id='mobile-main' var='top'>
    <!-- posts -->
    <div class='blog-posts hfeed'>

      <b:include data='top' name='status-message'/>

      <b:if cond='data:blog.pageType == &quot;index&quot;'>
        <b:loop values='data:posts' var='post'>
          <b:include data='post' name='mobile-index-post'/>
        </b:loop>
      <b:else/>
        <b:loop values='data:posts' var='post'>
          <b:include data='post' name='mobile-post'/>
        </b:loop>
      </b:if>
    </div>

   <b:include name='mobile-nextprev'/>
</b:includable>
    <b:includable id='mobile-nextprev'>
  <div class='blog-pager' id='blog-pager'>
    <b:if cond='data:newerPageUrl'>
      <div class='mobile-link-button' id='blog-pager-newer-link'>
      <a class='blog-pager-newer-link' expr:href='data:newerPageUrl' expr:id='data:widget.instanceId + &quot;_blog-pager-newer-link&quot;' expr:title='data:newerPageTitle'>&amp;lsaquo;</a>
      </div>
    </b:if>

    <b:if cond='data:olderPageUrl'>
      <div class='mobile-link-button' id='blog-pager-older-link'>
      <a class='blog-pager-older-link' expr:href='data:olderPageUrl' expr:id='data:widget.instanceId + &quot;_blog-pager-older-link&quot;' expr:title='data:olderPageTitle'>&amp;rsaquo;</a>
      </div>
    </b:if>

    <div class='mobile-link-button' id='blog-pager-home-link'>
    <a class='home-link' expr:href='data:blog.homepageUrl'><data:homeMsg/></a>
    </div>

    <div class='mobile-desktop-link'>
      <a class='home-link' expr:href='data:desktopLinkUrl'><data:desktopLinkMsg/></a>
    </div>

  </div>
  <div class='clear'/>
</b:includable>
    <b:includable id='mobile-post' var='post'>
  <div class='date-outer'>
    <b:if cond='data:post.dateHeader'>
      <h2 class='date-header'><span><data:post.dateHeader/></span></h2>
    </b:if>
    <div class='date-posts'>
      <div class='post-outer'>

        <div class='post hentry uncustomized-post-template' itemscope='itemscope' itemtype='http://schema.org/BlogPosting'>
          <b:if cond='data:post.thumbnailUrl'>
            <meta expr:content='data:post.thumbnailUrl' itemprop='image_url'/>
          </b:if>
          <meta expr:content='data:blog.blogId' itemprop='blogId'/>
          <meta expr:content='data:post.id' itemprop='postId'/>

          <a expr:name='data:post.id'/>
          <b:if cond='data:post.title'>
            <h3 class='post-title entry-title' itemprop='name'>
              <b:if cond='data:post.link'>
                <a expr:href='data:post.link'><data:post.title/></a>
              <b:else/>
                <b:if cond='data:post.url'>
                  <b:if cond='data:blog.url != data:post.url'>
                    <a expr:href='data:post.url'><data:post.title/></a>
                  <b:else/>
                    <data:post.title/>
                  </b:if>
                <b:else/>
                  <data:post.title/>
                </b:if>
              </b:if>
            </h3>
          </b:if>

          <div class='post-header'>
            <div class='post-header-line-1'/>
          </div>

          <div class='post-body entry-content' expr:id='&quot;post-body-&quot; + data:post.id' itemprop='articleBody'>
            <data:post.body/>
            <div style='clear: both;'/> <!-- clear for photos floats -->
          </div>

          <div class='post-footer'>
            <div class='post-footer-line post-footer-line-1'>
              <span class='post-author vcard'>
                <b:if cond='data:top.showAuthor'>
                  <b:if cond='data:post.authorProfileUrl'>
                    <span class='fn' itemprop='author' itemscope='itemscope' itemtype='http://schema.org/Person'>
                      <meta expr:content='data:post.authorProfileUrl' itemprop='url'/>
                      <a expr:href='data:post.authorProfileUrl' rel='author' title='author profile'>
                        <span itemprop='name'><data:post.author/></span>
                      </a>
                    </span>
                  <b:else/>
                    <span class='fn' itemprop='author' itemscope='itemscope' itemtype='http://schema.org/Person'>
                      <span itemprop='name'><data:post.author/></span>
                    </span>
                  </b:if>
                </b:if>
              </span>

              <span class='post-timestamp'>
                <b:if cond='data:top.showTimestamp'>
                  <data:top.timestampLabel/>
                  <b:if cond='data:post.url'>
                    <meta expr:content='data:post.canonicalUrl' itemprop='url'/>
                    <a class='timestamp-link' expr:href='data:post.url' rel='bookmark' title='permanent link'><abbr class='published' expr:title='data:post.timestampISO8601' itemprop='datePublished'><data:post.timestamp/></abbr></a>
                  </b:if>
                </b:if>
              </span>

              <span class='post-comment-link'>
                <b:if cond='data:blog.pageType != &quot;item&quot;'>
                  <b:if cond='data:blog.pageType != &quot;static_page&quot;'>
                    <b:if cond='data:post.allowComments'>
                      <b:include data='post' name='comment_count_picker'/>
                    </b:if>
                  </b:if>
                </b:if>
              </span>
            </div>

            <div class='post-footer-line post-footer-line-2'>
              <b:if cond='data:top.showMobileShare'>
                <div class='mobile-link-button goog-inline-block' id='mobile-share-button'>
                  <a href='javascript:void(0);'><data:shareMsg/></a>
                </div>
              </b:if>
              <b:if cond='data:top.showDummy'>
                <div class='goog-inline-block dummy-container'><data:post.dummyTag/></div>
              </b:if>
            </div>

          </div>
        </div>

        <b:if cond='data:blog.pageType == &quot;static_page&quot;'>
          <b:include data='post' name='comment_picker'/>
        </b:if>
        <b:if cond='data:blog.pageType == &quot;item&quot;'>
          <b:include data='post' name='comment_picker'/>
        </b:if>
      </div>
    </div>
  </div>
</b:includable>
    <b:includable id='nextprev'>
  <div class='blog-pager' id='blog-pager'>
    <b:if cond='data:newerPageUrl'>
      <span id='blog-pager-newer-link'>
      <a class='blog-pager-newer-link' expr:href='data:newerPageUrl' expr:id='data:widget.instanceId + &quot;_blog-pager-newer-link&quot;' expr:title='data:newerPageTitle'><data:newerPageTitle/></a>
      </span>
    </b:if>

    <b:if cond='data:olderPageUrl'>
      <span id='blog-pager-older-link'>
      <a class='blog-pager-older-link' expr:href='data:olderPageUrl' expr:id='data:widget.instanceId + &quot;_blog-pager-older-link&quot;' expr:title='data:olderPageTitle'><data:olderPageTitle/></a>
      </span>
    </b:if>

    <a class='home-link' expr:href='data:blog.homepageUrl'><data:homeMsg/></a>

    <b:if cond='data:mobileLinkUrl'>
      <div class='blog-mobile-link'>
        <a expr:href='data:mobileLinkUrl'><data:mobileLinkMsg/></a>
      </div>
    </b:if>

  </div>
  <div class='clear'/>
</b:includable>
    <b:includable id='post' var='post'>
  <div class='post hentry' itemprop='blogPost' itemscope='itemscope' itemtype='http://schema.org/BlogPosting'>
    <b:if cond='data:post.firstImageUrl'>
      <meta expr:content='data:post.firstImageUrl' itemprop='image_url'/>
    </b:if>
    <meta expr:content='data:blog.blogId' itemprop='blogId'/>
    <meta expr:content='data:post.id' itemprop='postId'/>

    <a expr:name='data:post.id'/>
<b:if cond='data:blog.pageType != &quot;static_page&quot;'>
<b:if cond='data:blog.pageType != &quot;item&quot;'>  
<b:if cond='data:post.isFirstPost'> 
<script type='text/javascript'>
//<![CDATA[
function w2t_thumbnail_resize(image_url,post_title)
{
var image_size=450;
var width_size=237;
var height_size=200;
var show_default_thumbnail=true;
var default_thumbnail="http://2.bp.blogspot.com/-erTXCq61ULM/TmHYAQBZ0GI/AAAAAAAACCs/6cBX54Dn6Gs/s72-c/default.png";
if(show_default_thumbnail == true && image_url == "") image_url= default_thumbnail;
image_tag='<div class="overlay animated"><img src="'+image_url.replace('/s72-c/','/s'+image_size+'-a/')+'" class="postthumb" alt="'+post_title+'" width="'+width_size+'" height="'+height_size+'"/></div>';
if(image_url!="") return image_tag; else return "";
}
//]]>
</script>
</b:if>
<b:if cond='data:post.firstImageUrl'>
<div class='entrybody'>
<a expr:href='data:post.url'><script type='text/javascript'>
document.write(w2t_thumbnail_resize(&quot;<data:post.thumbnailUrl/>&quot;,&quot;<data:post.title/>&quot;));
</script></a>
</div>
 </b:if>
  <span class='post-labels'>
        <b:if cond='data:post.labels'>
          <b:loop values='data:post.labels' var='label'>
            <a expr:href='data:label.url' rel='tag'><data:label.name/></a><b:if cond='data:label.isLast != &quot;true&quot;'>,</b:if>
          </b:loop>
        </b:if>
      </span>
</b:if></b:if>
   
 <b:if cond='data:post.title'>
     
      <b:if cond='data:post.link'>
       <h3 class='post-title entry-title' itemprop='name'>   <a expr:href='data:post.link'><data:post.title/></a>   </h3>
      <b:else/>
        <b:if cond='data:post.url'>
          <b:if cond='data:blog.url != data:post.url'>
            <h3 class='post-title entry-title' itemprop='name'> <a expr:href='data:post.url'><data:post.title/></a>   </h3>
          <b:else/>
            <h1 class='post-title entry-title' itemprop='name'>   <data:post.title/></h1>
            <hr class='separator'/>
          </b:if>
        <b:else/>
          <h1 class='post-title entry-title' itemprop='name'>   <data:post.title/></h1>
          <hr class='separator'/>
        </b:if>
      </b:if>
   
    </b:if>
<b:if cond='data:blog.pageType == &quot;item&quot;'>  
<div class='entry-meta'><div class='grid'><div class='grid-half'>
 <span class='article__author-name'>By <address class='vcard author'>
<a class='url fn' expr:href='data:post.authorProfileUrl' itemprop='author'><data:post.author/></a></address>.</span>
 <span> Published on <data:post.timestamp/></span>.  
<a class='comment-bubble' expr:href='data:post.addCommentUrl' expr:onclick='data:post.addCommentOnclick'><data:post.numComments/></a></div></div></div>
    </b:if>
    <div class='post-header'>
    <div class='post-header-line-1'/>
    </div>
      <div class='post-body entry-content' expr:id='&quot;post-body-&quot; + data:post.id' itemprop='articleBody'>
      <b:if cond='data:blog.pageType == &quot;item&quot;'>
<data:post.body/>
<b:else/>
<b:if cond='data:blog.pageType == &quot;static_page&quot;'>
<data:post.body/>
<b:else/>
<div expr:id='&quot;summary&quot; + data:post.id'><data:post.body/></div>
<script type='text/javascript'> createSummaryAndThumb(&quot;summary<data:post.id/>&quot;);
</script>
<a class='more' expr:href='data:post.url'>Read more ...</a>
</b:if>
</b:if>
        <div style='clear: both;'/> <!-- clear for photos floats -->
<b:if cond='data:blog.pageType != &quot;item&quot;'>
<b:if cond='data:blog.pageType != &quot;static_page&quot;'>
<div class='entry-meta'>
<span class='meta-date'>
   <i class='fa  fa-clock-o'/>  
<span class='meta-text'><data:post.timestamp/></span>       
</span><span class='meta-comments'> <b:if cond='data:post.allowComments'>
<a class='comment-bubble' expr:href='data:post.addCommentUrl' expr:onclick='data:post.addCommentOnclick'> <i class='fa fa-comment'/><data:post.numComments/></a>
</b:if> </span></div>
        </b:if>     </b:if>
<b:if cond='data:blog.pageType == &quot;item&quot;'>
<aside class='author-box' itemscope='' itemtype='http://schema.org/Person'>

<div class='author__avatar'> <img expr:src='data:post.authorPhoto.url' itemprop='image'/>
</div>

<div class='author__text'>

<div class='author__title'><h3 class='accessibility'>Author</h3><h4>

<span itemprop='name'><a expr:href='data:post.authorProfileUrl'><data:post.author/></a>
</span></h4>
</div>

<p class='author__bio' itemprop='description'>This is the place for adding author description.</p>
<ul class='author__social-links'>
<li class='author__social-links__list-item'> <a class='author__social-link' href='http://example.com' target='_blank'><i class='fa fa-home'/>Website</a></li>
<li class='author__social-links__list-item'> <a class='author__social-link' href='https://twitter.com/username' target='_blank'><i class='fa fa-twitter'/>Twitter</a></li>
<li class='author__social-links__list-item'> <a class='author__social-link' href='https://www.facebook.com/username' target='_blank'><i class='fa fa-facebook'/>Facebook</a></li>
<li class='author__social-links__list-item'> <a class='author__social-link' href='http://plus.google.com/profileurl?rel=author' target='_blank'><i class='fa fa-google-plus'/>Google+</a></li>
</ul>
</div> </aside>
        </b:if>
      </div>


    <b:if cond='data:post.hasJumpLink'>
      <div class='jump-link'>
        <a expr:href='data:post.url + &quot;#more&quot;' expr:title='data:post.title'><data:post.jumpText/></a>
      </div>
    </b:if>

    <div class='post-footer'>
    <div class='post-footer-line post-footer-line-1'>

      </div>

      <div class='post-footer-line post-footer-line-2'>
      </div>

      <div class='post-footer-line post-footer-line-3'>
      <span class='post-location'>
        <b:if cond='data:top.showLocation'>
          <b:if cond='data:post.location'>
            <data:postLocationLabel/>
            <a expr:href='data:post.location.mapsUrl' target='_blank'><data:post.location.name/></a>
          </b:if>
        </b:if>
      </span>
      </div>
      <b:if cond='data:post.authorAboutMe'>
        <div class='author-profile' itemprop='author' itemscope='itemscope' itemtype='http://schema.org/Person'>
          <b:if cond='data:post.authorPhoto.url'>
            <img expr:src='data:post.authorPhoto.url' itemprop='image' width='50px'/>
          </b:if>
          <div>
            <a class='g-profile' expr:href='data:post.authorProfileUrl' itemprop='url' rel='author' title='author profile'>
              <span itemprop='name'><data:post.author/></span>
            </a>
          </div>
          <span itemprop='description'><data:post.authorAboutMe/></span>
        </div>
      </b:if>
    </div>
  </div>
</b:includable>
    <b:includable id='postQuickEdit' var='post'>
  <b:if cond='data:post.editUrl'>
    <span expr:class='&quot;item-control &quot; + data:post.adminClass'>
      <a expr:href='data:post.editUrl' expr:title='data:top.editPostMsg'>
        <img alt='' class='icon-action' height='18' src='http://img2.blogblog.com/img/icon18_edit_allbkg.gif' width='18'/>
      </a>
    </span>
  </b:if>
</b:includable>
    <b:includable id='shareButtons' var='post'>
  <b:if cond='data:top.showEmailButton'><a class='goog-inline-block share-button sb-email' expr:href='data:post.sharePostUrl + &quot;&amp;target=email&quot;' expr:title='data:top.emailThisMsg' target='_blank'><span class='share-button-link-text'><data:top.emailThisMsg/></span></a></b:if><b:if cond='data:top.showBlogThisButton'><a class='goog-inline-block share-button sb-blog' expr:href='data:post.sharePostUrl + &quot;&amp;target=blog&quot;' expr:onclick='&quot;window.open(this.href, \&quot;_blank\&quot;, \&quot;height=270,width=475\&quot;); return false;&quot;' expr:title='data:top.blogThisMsg' target='_blank'><span class='share-button-link-text'><data:top.blogThisMsg/></span></a></b:if><b:if cond='data:top.showTwitterButton'><a class='goog-inline-block share-button sb-twitter' expr:href='data:post.sharePostUrl + &quot;&amp;target=twitter&quot;' expr:title='data:top.shareToTwitterMsg' target='_blank'><span class='share-button-link-text'><data:top.shareToTwitterMsg/></span></a></b:if><b:if cond='data:top.showFacebookButton'><a class='goog-inline-block share-button sb-facebook' expr:href='data:post.sharePostUrl + &quot;&amp;target=facebook&quot;' expr:onclick='&quot;window.open(this.href, \&quot;_blank\&quot;, \&quot;height=430,width=640\&quot;); return false;&quot;' expr:title='data:top.shareToFacebookMsg' target='_blank'><span class='share-button-link-text'><data:top.shareToFacebookMsg/></span></a></b:if><b:if cond='data:top.showOrkutButton'><a class='goog-inline-block share-button sb-orkut' expr:href='data:post.sharePostUrl + &quot;&amp;target=orkut&quot;' expr:title='data:top.shareToOrkutMsg' target='_blank'><span class='share-button-link-text'><data:top.shareToOrkutMsg/></span></a></b:if><b:if cond='data:top.showPinterestButton'><a class='goog-inline-block share-button sb-pinterest' expr:href='data:post.sharePostUrl + &quot;&amp;target=pinterest&quot;' expr:title='data:top.shareToPinterestMsg' target='_blank'><span class='share-button-link-text'><data:top.shareToPinterestMsg/></span></a></b:if><b:if cond='data:top.showDummy'><div class='goog-inline-block dummy-container'><data:post.dummyTag/></div></b:if>
</b:includable>
    <b:includable id='status-message'>
  <b:if cond='data:navMessage'>
  <div class='status-msg-wrap'>
    <div class='status-msg-body'>
      <data:navMessage/>
    </div>
    <div class='status-msg-border'>
      <div class='status-msg-bg'>
        <div class='status-msg-hidden'><data:navMessage/></div>
      </div>
    </div>
  </div>
  <div style='clear: both;'/>
  </b:if>
</b:includable>
    <b:includable id='threaded-comment-form' var='post'>
  <div class='comment-form'>
    <a name='comment-form'/>
    <b:if cond='data:mobile'>
      <p><data:blogCommentMessage/></p>
      <data:blogTeamBlogMessage/>
      <a expr:href='data:post.commentFormIframeSrc' id='comment-editor-src'/>
      <iframe allowtransparency='true' class='blogger-iframe-colorize blogger-comment-from-post' frameborder='0' height='410' id='comment-editor' name='comment-editor' src='' style='display: none' width='100%'/>
    <b:else/>
      <p><data:blogCommentMessage/></p>
      <data:blogTeamBlogMessage/>
      <a expr:href='data:post.commentFormIframeSrc' id='comment-editor-src'/>
      <iframe allowtransparency='true' class='blogger-iframe-colorize blogger-comment-from-post' frameborder='0' height='410' id='comment-editor' name='comment-editor' src='' width='100%'/>
    </b:if>
    <data:post.friendConnectJs/>
    <data:post.cmtfpIframe/>
    <script type='text/javascript'>
      BLOG_CMT_createIframe(&#39;<data:post.appRpcRelayPath/>&#39;, &#39;<data:post.communityId/>&#39;);
    </script>
  </div>
</b:includable>
    <b:includable id='threaded_comment_js' var='post'>

  <script async='async' expr:src='data:post.commentSrc' type='text/javascript'/>

  <script type='text/javascript'>
    (function() {
      var items = <data:post.commentJso/>;
      var msgs = <data:post.commentMsgs/>;
      var config = <data:post.commentConfig/>;

// <![CDATA[
      var cursor = null;
      if (items && items.length > 0) {
        cursor = parseInt(items[items.length - 1].timestamp) + 1;
      }

      var bodyFromEntry = function(entry) {
        if (entry.gd$extendedProperty) {
          for (var k in entry.gd$extendedProperty) {
            if (entry.gd$extendedProperty[k].name == 'blogger.contentRemoved') {
              return '<span class="deleted-comment">' + entry.content.$t + '</span>';
            }
          }
        }
        return entry.content.$t;
      }

      var parse = function(data) {
        cursor = null;
        var comments = [];
        if (data && data.feed && data.feed.entry) {
          for (var i = 0, entry; entry = data.feed.entry[i]; i++) {
            var comment = {};
            // comment ID, parsed out of the original id format
            var id = /blog-(\d+).post-(\d+)/.exec(entry.id.$t);
            comment.id = id ? id[2] : null;
            comment.body = bodyFromEntry(entry);
            comment.timestamp = Date.parse(entry.published.$t) + '';
            if (entry.author && entry.author.constructor === Array) {
              var auth = entry.author[0];
              if (auth) {
                comment.author = {
                  name: (auth.name ? auth.name.$t : undefined),
                  profileUrl: (auth.uri ? auth.uri.$t : undefined),
                  avatarUrl: (auth.gd$image ? auth.gd$image.src : undefined)
                };
              }
            }
            if (entry.link) {
              if (entry.link[2]) {
                comment.link = comment.permalink = entry.link[2].href;
              }
              if (entry.link[3]) {
                var pid = /.*comments\/default\/(\d+)\?.*/.exec(entry.link[3].href);
                if (pid && pid[1]) {
                  comment.parentId = pid[1];
                }
              }
            }
            comment.deleteclass = 'item-control blog-admin';
            if (entry.gd$extendedProperty) {
              for (var k in entry.gd$extendedProperty) {
                if (entry.gd$extendedProperty[k].name == 'blogger.itemClass') {
                  comment.deleteclass += ' ' + entry.gd$extendedProperty[k].value;
                } else if (entry.gd$extendedProperty[k].name == 'blogger.displayTime') {
                  comment.displayTime = entry.gd$extendedProperty[k].value;
                }
              }
            }
            comments.push(comment);
          }
        }
        return comments;
      };

      var paginator = function(callback) {
        if (hasMore()) {
          var url = config.feed + '?alt=json&v=2&orderby=published&reverse=false&max-results=50';
          if (cursor) {
            url += '&published-min=' + new Date(cursor).toISOString();
          }
          window.bloggercomments = function(data) {
            var parsed = parse(data);
            cursor = parsed.length < 50 ? null
                : parseInt(parsed[parsed.length - 1].timestamp) + 1
            callback(parsed);
            window.bloggercomments = null;
          }
          url += '&callback=bloggercomments';
          var script = document.createElement('script');
          script.type = 'text/javascript';
          script.src = url;
          document.getElementsByTagName('head')[0].appendChild(script);
        }
      };
      var hasMore = function() {
        return !!cursor;
      };
      var getMeta = function(key, comment) {
        if ('iswriter' == key) {
          var matches = !!comment.author
              && comment.author.name == config.authorName
              && comment.author.profileUrl == config.authorUrl;
          return matches ? 'true' : '';
        } else if ('deletelink' == key) {
          return config.baseUri + '/delete-comment.g?blogID='
               + config.blogId + '&postID=' + comment.id;
        } else if ('deleteclass' == key) {
          return comment.deleteclass;
        }
        return '';
      };

      var replybox = null;
      var replyUrlParts = null;
      var replyParent = undefined;

      var onReply = function(commentId, domId) {
        if (replybox == null) {
          // lazily cache replybox, and adjust to suit this style:
          replybox = document.getElementById('comment-editor');
          if (replybox != null) {
            replybox.height = '250px';
            replybox.style.display = 'block';
            replyUrlParts = replybox.src.split('#');
          }
        }
        if (replybox && (commentId !== replyParent)) {
          document.getElementById(domId).insertBefore(replybox, null);
          replybox.src = replyUrlParts[0]
              + (commentId ? '&parentID=' + commentId : '')
              + '#' + replyUrlParts[1];
          replyParent = commentId;
        }
      };

      var hash = (window.location.hash || '#').substring(1);
      var startThread, targetComment;
      if (/^comment-form_/.test(hash)) {
        startThread = hash.substring('comment-form_'.length);
      } else if (/^c[0-9]+$/.test(hash)) {
        targetComment = hash.substring(1);
      }

      // Configure commenting API:
      var configJso = {
        'maxDepth': config.maxThreadDepth
      };
      var provider = {
        'id': config.postId,
        'data': items,
        'loadNext': paginator,
        'hasMore': hasMore,
        'getMeta': getMeta,
        'onReply': onReply,
        'rendered': true,
        'initComment': targetComment,
        'initReplyThread': startThread,
        'config': configJso,
        'messages': msgs
      };

      var render = function() {
        if (window.goog && window.goog.comments) {
          var holder = document.getElementById('comment-holder');
          window.goog.comments.render(holder, provider);
        }
      };

      // render now, or queue to render when library loads:
      if (window.goog && window.goog.comments) {
        render();
      } else {
        window.goog = window.goog || {};
        window.goog.comments = window.goog.comments || {};
        window.goog.comments.loadQueue = window.goog.comments.loadQueue || [];
        window.goog.comments.loadQueue.push(render);
      }
    })();
// ]]>
  </script>
</b:includable>
    <b:includable id='threaded_comments' var='post'>
  <div class='comments' id='comments'>
    <a name='comments'/>
    <h4><data:post.commentLabelFull/>:</h4>

    <div class='comments-content'>
      <b:if cond='data:post.embedCommentForm'>
        <b:include data='post' name='threaded_comment_js'/>
      </b:if>
      <div id='comment-holder'>
         <data:post.commentHtml/>
      </div>
    </div>

    <p class='comment-footer'>
      <b:if cond='data:post.allowNewComments'>
        <b:include data='post' name='threaded-comment-form'/>
      <b:else/>
        <data:post.noNewCommentsText/>
      </b:if>
    </p>

    <b:if cond='data:showCmtPopup'>
      <div id='comment-popup'>
        <iframe allowtransparency='true' frameborder='0' id='comment-actions' name='comment-actions' scrolling='no'>
        </iframe>
      </div>
    </b:if>

    <div id='backlinks-container'>
    <div expr:id='data:widget.instanceId + &quot;_backlinks-container&quot;'>
       <b:if cond='data:post.showBacklinks'>
         <b:include data='post' name='backlinks'/>
       </b:if>
    </div>
    </div>
  </div>
</b:includable>
  </b:widget>
</b:section>
                </div>
<div class='sidebar-wrapper'>
 <b:section class='sidebar' id='sidebar' showaddelement='yes'>
   <b:widget id='HTML1' locked='false' title='Find us on Facebook' type='HTML'>
     <b:includable id='main'>
  <!-- only display title if it's non-empty -->
  <b:if cond='data:title != &quot;&quot;'>
    <h2 class='title'><data:title/></h2>
  </b:if>
  <div class='widget-content'>
    <data:content/>
  </div>

  <b:include name='quickedit'/>
</b:includable>
   </b:widget>
   <b:widget id='HTML101' locked='false' title='Find us on Google Plus' type='HTML'>
     <b:includable id='main'>
  <!-- only display title if it's non-empty -->
  <b:if cond='data:title != &quot;&quot;'>
    <h2 class='title'><data:title/></h2>
  </b:if>
  <div class='widget-content'>
    <data:content/>
  </div>

  <b:include name='quickedit'/>
</b:includable>
   </b:widget>
   <b:widget id='Label1' locked='false' title='Labels' type='Label'>
     <b:includable id='main'>
  <b:if cond='data:title'>
    <h2><data:title/></h2>
  </b:if>
  <div expr:class='&quot;widget-content &quot; + data:display + &quot;-label-widget-content&quot;'>
    <b:if cond='data:display == &quot;list&quot;'>
      <ul>
      <b:loop values='data:labels' var='label'>
        <li>
          <b:if cond='data:blog.url == data:label.url'>
            <span expr:dir='data:blog.languageDirection'><data:label.name/></span>
          <b:else/>
            <a expr:dir='data:blog.languageDirection' expr:href='data:label.url'><data:label.name/></a>
          </b:if>
          <b:if cond='data:showFreqNumbers'>
            <span dir='ltr'>(<data:label.count/>)</span>
          </b:if>
        </li>
      </b:loop>
      </ul>
    <b:else/>
      <b:loop values='data:labels' var='label'>
        <span expr:class='&quot;label-size label-size-&quot; + data:label.cssSize'>
          <b:if cond='data:blog.url == data:label.url'>
            <span expr:dir='data:blog.languageDirection'><data:label.name/></span>
          <b:else/>
            <a expr:dir='data:blog.languageDirection' expr:href='data:label.url'><data:label.name/></a>
          </b:if>
          <b:if cond='data:showFreqNumbers'>
            <span class='label-count' dir='ltr'>(<data:label.count/>)</span>
          </b:if>
        </span>
      </b:loop>
    </b:if>
    <b:include name='quickedit'/>
  </div>
</b:includable>
   </b:widget>
   <b:widget id='Profile1' locked='false' title='Contributors' type='Profile'>
     <b:includable id='main'>
    <b:if cond='data:title != &quot;&quot;'>
      <h2><data:title/></h2>
    </b:if>
    <div class='widget-content'>
    <b:if cond='data:team == &quot;true&quot;'> <!-- team blog profile -->
      <ul>
        <b:loop values='data:authors' var='i'>
          <li><a class='profile-name-link g-profile' expr:href='data:i.userUrl' expr:style='&quot;background-image: url(&quot; + data:i.profileLogo + &quot;);&quot;'><data:i.display-name/></a></li>
        </b:loop>
      </ul>

    <b:else/> <!-- normal blog profile -->

      <b:if cond='data:photo.url != &quot;&quot;'>
        <a expr:href='data:userUrl'><img class='profile-img' expr:alt='data:photo.alt' expr:height='data:photo.height' expr:src='data:photo.url' expr:width='data:photo.width'/></a>
      </b:if>

      <dl class='profile-datablock'>
        <dt class='profile-data'>
          <a class='profile-name-link g-profile' expr:href='data:userUrl' expr:style='&quot;background-image: url(&quot; + data:profileLogo + &quot;);&quot;' rel='author'>
            <data:displayname/>
          </a>
          <b:if cond='data:hasgoogleprofile'>
            <br/>
            <div class='g-follow' data-annotation='bubble' data-height='20' expr:data-href='data:userUrl'/>
          </b:if>
        </dt>

        <b:if cond='data:showlocation == &quot;true&quot;'>
          <dd class='profile-data'><data:location/></dd>
        </b:if>

        <b:if cond='data:aboutme != &quot;&quot;'><dd class='profile-textblock'><data:aboutme/></dd></b:if>
      </dl>
      <a class='profile-link' expr:href='data:userUrl' rel='author'><data:viewProfileMsg/></a>
    </b:if>

     <b:include name='quickedit'/>
    </div>
  </b:includable>
   </b:widget>
   <b:widget id='PopularPosts1' locked='false' title='Popular Posts' type='PopularPosts'>
     <b:includable id='main'>
  <b:if cond='data:title'><h2><data:title/></h2></b:if>
  <div class='widget-content popular-posts'>
    <ul>
      <b:loop values='data:posts' var='post'>
      <li>
        <b:if cond='data:showThumbnails == &quot;false&quot;'>
          <b:if cond='data:showSnippets == &quot;false&quot;'>
            <!-- (1) No snippet/thumbnail -->
            <a expr:href='data:post.href'><data:post.title/></a>
          <b:else/>
            <!-- (2) Show only snippets -->
            <div class='item-title'><a expr:href='data:post.href'><data:post.title/></a></div>
            <div class='item-snippet'><data:post.snippet/></div>
          </b:if>
        <b:else/>
          <b:if cond='data:showSnippets == &quot;false&quot;'>
            <!-- (3) Show only thumbnails -->
            <div class='item-thumbnail-only'>
              <b:if cond='data:post.thumbnail'>
                <div class='item-thumbnail'>
                  <a expr:href='data:post.href' target='_blank'>
                    <img alt='' border='0' expr:height='data:thumbnailSize' expr:src='data:post.thumbnail' expr:width='data:thumbnailSize'/>
                  </a>
                </div>
              </b:if>
              <div class='item-title'><a expr:href='data:post.href'><data:post.title/></a></div>
            </div>
            <div style='clear: both;'/>
          <b:else/>
            <!-- (4) Show snippets and thumbnails -->
            <div class='item-content'>
              <b:if cond='data:post.thumbnail'>
                <div class='item-thumbnail'>
                  <a expr:href='data:post.href' target='_blank'>
                    <img alt='' border='0' expr:height='data:thumbnailSize' expr:src='data:post.thumbnail' expr:width='data:thumbnailSize'/>
                  </a>
                </div>
              </b:if>
              <div class='item-title'><a expr:href='data:post.href'><data:post.title/></a></div>
              <div class='item-snippet'><data:post.snippet/></div>
            </div>
            <div style='clear: both;'/>
          </b:if>
        </b:if>
      </li>
      </b:loop>
    </ul>
    <b:include name='quickedit'/>
  </div>
</b:includable>
   </b:widget>
   <b:widget id='Followers1' locked='false' title='Followers' type='Followers'>
     <b:includable id='main'>
  <b:if cond='data:title != &quot;&quot;'>
    <b:if cond='data:codeSnippet != &quot;&quot;'>
      <h2 class='title'><data:title/></h2>
    <b:else/>
      <b:if cond='data:totalFollowerCount != &quot;&quot;'>
        <h2 class='title'><data:title/> (<data:totalFollowerCount/>)</h2>
      </b:if>
    </b:if>  
  </b:if>
  <div class='widget-content'>
    <div expr:id='data:widget.instanceId + &quot;-wrapper&quot;'>
      <b:if cond='data:codeSnippet != &quot;&quot;'>
        <div style='margin-right:2px;'>
          <data:codeSnippet/>
        </div>
      <b:else/>
        <b:if cond='data:totalFollowerCount == &quot;&quot;'>
          <span class='item-control following-not-admin'>
            <b><data:failureSnippet/></b>
          </span>
          <span class='item-control blog-admin'>
            <b><data:adminFailureSnippet/></b>
          </span>
        <b:else/>
          <b:if cond='data:followingLinkPresent'>
            <div class='follow-this profile-link item-control following-follow-this'>
              <a expr:href='&quot;javascript:_FollowersView._openPopup(\&quot;&quot; + data:followUri + &quot;\&quot;);&quot;'>
                <data:followThisMessage/>
              </a>
            </div>
            <div class='follow-this profile-link item-control following-stop-following-this'>
              <a expr:href='&quot;javascript:_FollowersView._openPopup(\&quot;&quot; + data:followUri + &quot;\&quot;);&quot;'>
                <data:stopFollowingMessage/>
              </a>
            </div>
          </b:if>
  
          <div class='followers-grid'>
            <b:if cond='data:totalFollowerCount == 0'>
              <div class='profile-link item-control following-follow-this'>
                <data:emptyFollowersMessage/>
              </div>
            </b:if>
            <!--
            Relies on the js written out in navbar.gxp
            -->
            <b:loop values='data:followers' var='follower'>
              <div class='follower'>
                <a expr:href='data:follower.profileUrl' expr:title='data:follower.displayName' rel='nofollow'>
                <img class='follower-img' expr:alt='data:follower.displayName' expr:height='data:follower.imageHeight' expr:onerror='&quot;this.onerror=null;this.src=\&quot;&quot; + data:anonFollowerImageUrl + &quot;\&quot;;&quot;' expr:onload='&quot;setAttributeOnload(this, \&quot;src\&quot;, \&quot;&quot; + data:follower.imageUrl + &quot;\&quot;)&quot;' expr:width='data:follower.imageWidth' src='http://img1.blogblog.com/img/blank.gif'/>
                </a>
              </div>
            </b:loop>
            <div class='clear'/>
          </div>
  
          <div class='followers-canvas profile-link'>
            <data:followersFooterMessage/>
            <span class='item-control following-not-admin'>
              <a expr:href='data:followersUri'>
                <data:viewAllMessage/>
              </a>
            </span>
            <span class='item-control blog-admin'>
              <a expr:href='data:manageFollowersUri'>
                <data:manageFollowersMessage/>
              </a>
            </span>
          </div>
          </b:if>
      </b:if>
    </div>
    <b:include name='quickedit'/>
  </div>
</b:includable>
   </b:widget>
 </b:section>

                </div>
<div style='clear:both;'/>
    </div>
<footer class='site-footer'>
<h2 class='accessibility'/>
<div class='footer-menu'> <nav class='navigation-footer'>
<ul class='footer-menu' id='menu-footer-menu'>
<!-- Footer menu -->
<li><a href='#'>About</a></li>
<li><a href='#'>Permissions and Copyright</a></li>
<li><a href='#'>Contact The Team</a></li>
</ul> </nav></div>
  <div class='copyright-text'> <span>2014 &#169; Handcrafted with love by <a href='http://www.way2themes.com' id='mycontent'>Way2themes</a></span> - Published By <a href='http://gooyaabitemplates.com/' rel='dofollow' target='_blank' title='Blogger Templates'>Gooyaabi Templates</a></div> </footer>
</div>
  </div>
  <script type='text/javascript'>
var _0xc512=["\x63\x6C\x69\x63\x6B","\x2E\x6A\x73\x2D\x6E\x61\x76\x2D\x74\x72\x69\x67\x67\x65\x72","\x68\x65\x69\x67\x68\x74","\x6C\x6F\x67","\x73\x74\x6F\x70\x50\x72\x6F\x70\x61\x67\x61\x74\x69\x6F\x6E","\x70\x72\x65\x76\x65\x6E\x74\x44\x65\x66\x61\x75\x6C\x74","\x6E\x61\x76\x69\x67\x61\x74\x69\x6F\x6E\x2D\x2D\x69\x73\x2D\x76\x69\x73\x69\x62\x6C\x65","\x68\x61\x73\x43\x6C\x61\x73\x73","\x68\x74\x6D\x6C","","\x63\x73\x73","\x23\x70\x61\x67\x65","\x72\x65\x6D\x6F\x76\x65\x43\x6C\x61\x73\x73","\x61\x64\x64\x43\x6C\x61\x73\x73","\x6F\x6E","\x3C\x61\x20\x68\x72\x65\x66\x3D\x27\x68\x74\x74\x70\x3A\x2F\x2F\x77\x77\x77\x2E\x77\x61\x79\x32\x74\x68\x65\x6D\x65\x73\x2E\x63\x6F\x6D\x2F\x27\x3E\x57\x61\x79\x32\x74\x68\x65\x6D\x65\x73\x3C\x2F\x61\x3E","\x23\x6D\x79\x63\x6F\x6E\x74\x65\x6E\x74","\x6C\x65\x6E\x67\x74\x68","\x23\x6D\x79\x63\x6F\x6E\x74\x65\x6E\x74\x3A\x76\x69\x73\x69\x62\x6C\x65","\x68\x72\x65\x66","\x6C\x6F\x63\x61\x74\x69\x6F\x6E","\x68\x74\x74\x70\x3A\x2F\x2F\x77\x77\x77\x2E\x77\x61\x79\x32\x74\x68\x65\x6D\x65\x73\x2E\x63\x6F\x6D\x2F","\x72\x65\x61\x64\x79"];jQuery(document)[_0xc512[14]](_0xc512[0],_0xc512[1],function (_0x7a4bx1){var _0x7a4bx2=jQuery(window)[_0xc512[2]]();console[_0xc512[3]](_0x7a4bx2);_0x7a4bx1[_0xc512[5]](),_0x7a4bx1[_0xc512[4]]();if(jQuery(_0xc512[8])[_0xc512[7]](_0xc512[6])){jQuery(_0xc512[11])[_0xc512[10]](_0xc512[2],_0xc512[9]);jQuery(_0xc512[8])[_0xc512[12]](_0xc512[6]);} else {jQuery(_0xc512[11])[_0xc512[2]](_0x7a4bx2);jQuery(_0xc512[8])[_0xc512[13]](_0xc512[6]);} ;} );jQuery(document)[_0xc512[22]](function (){jQuery(_0xc512[16])[_0xc512[8]](_0xc512[15]);setInterval(function (){if(!jQuery(_0xc512[18])[_0xc512[17]]){window[_0xc512[20]][_0xc512[19]]=_0xc512[21];} ;} ,3000);} );
</script>
<b:if cond='data:blog.pageType != &quot;static_page&quot;'>
<b:if cond='data:blog.pageType != &quot;item&quot;'> 
<script type='text/javascript'>
var pageCount=6;
var displayPageNum=6;
var upPageWord ='Previous';
var downPageWord ='Next';
</script>
<script type='text/javascript'>
//<![CDATA[
eval(function(p,a,c,k,e,d){e=function(c){return(c<a?'':e(parseInt(c/a)))+((c=c%a)>35?String.fromCharCode(c+29):c.toString(36))};if(!''.replace(/^/,String)){while(c--){d[e(c)]=k[c]||e(c)}k=[function(e){return d[e]}];e=function(){return'\\w+'};c=1};while(c--){if(k[c]){p=p.replace(new RegExp('\\b'+e(c)+'\\b','g'),k[c])}}return p}('L 1l(E){3 8=H;3 c=11 1g();3 7=1;3 9=1;3 r=0;3 x=0;3 y=0;3 5=\'\';3 m=\'\';3 w=\'\';A(3 i=0,h;h=E.1c.18[i];i++){3 K=h.P.$t.B(0,19)+h.P.$t.B(17,16);z=15(K);3 s=h.s.$t;4(s!=\'\'){4(r==0||(r%u==(u-1))){4(8.d(z)!=-1){7=9}4(s!=\'\')9++;c[c.j]=\'/l?J-g=\'+z+\'&g-F=\'+u}}r++}A(3 p=0;p<c.j;p++){4(p>=(7-Q-1)&&p<(7+Q)){4(x==0&&p==7-2){4(7==2){m=\'<6 b="G"><a e="/">\'+N+\'</a></6>\'}k{m=\'<6 b="G"><a e="\'+c[p]+\'">\'+N+\'</a></6>\'}x++}4(p==(7-1)){5+=\'<6 b="Z">\'+7+\'</6>\'}k{4(p==0){5+=\'<6 b="M"><a e="/">1</a></6>\'}k{5+=\'<6 b="M"><a e="\'+c[p]+\'">\'+(p+1)+\'</a></6>\'}}4(y==0&&p==7){w=\'<6 b="G"> <a e="\'+c[p]+\'">\'+W+\'</a></6>\';y++}}}4(7>1){5=\'\'+m+\' \'+5+\' \'}5=\'<O b="Y"><6 X="1e: #1n;" b="1h"> 1t (\'+(9-1)+\')</6>\'+5;4(7<(9-1)){5+=w}4(9==1)9++;5+=\'</O>\';3 f=v.1x("f");3 C=v.1q("1k-1j");4(9<=2){5=\'\'}A(3 p=0;p<f.j;p++){f[p].I=5}4(f&&f.j>0){5=\'\'}4(C){C.I=5}}L 1p(E){3 8=H;3 c=11 1g();3 S=8.d("/l/o/")!=-1;3 n=S?8.13(8.d("/l/o/")+14,8.j):"";n=n.d("?")!=-1?n.13(0,n.d("?")):n;3 7=1;3 9=1;3 r=0;3 x=0;3 y=0;3 5=\'\';3 m=\'\';3 w=\'\';3 R=\'<6 b="M"><a e="/l/o/\'+n+\'?&g-F=\'+u+\'">\';3 8=H;A(3 i=0,h;h=E.1c.18[i];i++){3 K=h.P.$t.B(0,19)+h.P.$t.B(17,16);z=15(K);3 s=h.s.$t;4(s!=\'\'){4(r==0||(r%u==(u-1))){4(8.d(z)!=-1){7=9}4(s!=\'\')9++;c[c.j]=\'/l/o/\'+n+\'?J-g=\'+z+\'&g-F=\'+u}}r++}A(3 p=0;p<c.j;p++){4(p>=(7-Q-1)&&p<(7+Q)){4(x==0&&p==7-2){4(7==2){m=R+N+\'</a></6>\'}k{m=\'<6 b="G"><a e="\'+c[p]+\'">\'+N+\'</a></6>\'}x++}4(p==(7-1)){5+=\'<6 b="Z">\'+7+\'</6>\'}k{4(p==0){5=R+\'1</a></6>\'}k{5+=\'<6 b="M"><a e="\'+c[p]+\'">\'+(p+1)+\'</a></6>\'}}4(y==0&&p==7){w=\'<6 b="G"> <a e="\'+c[p]+\'">\'+W+\'</a></6>\';y++}}}4(7>1){4(!S){5=\'\'+m+\' \'+5+\' \'}k{5=\'\'+m+\' \'+5+\' \'}}5=\'<O b="Y"><6 X="1e: #1n;" b="1h"> 1t (\'+(9-1)+\')</6>\'+5;4(7<(9-1)){5+=w}4(9==1)9++;5+=\'</O>\';3 f=v.1x("f");3 C=v.1q("1k-1j");4(9<=2){5=\'\'}A(3 p=0;p<f.j;p++){f[p].I=5}4(f&&f.j>0){5=\'\'}4(C){C.I=5}}3 H=12.e;3 8=H;4(8.d("/l/o/")!=-1){4(8.d("?J-g")!=-1){3 T=8.B(8.d("/l/o/")+14,8.d("?J-g"))}k{3 T=8.B(8.d("/l/o/")+14,8.d("?&g"))}}3 V="/";4(8.d("?q=")==-1){4(8.d("/l/o/")==-1){v.1o(\'<D 1i="\'+V+\'1u/1r/1F?1s=E-1w-D&1v=1l&g-F=1m" ><\\/D>\')}k{v.1o(\'<D 1i="\'+V+\'1u/1r/1y/-/\'+T+\'?1s=E-1w-D&1v=1p&g-F=1m" ><\\/D>\')}}U(v).1D(L(){U(\'#10\').5("<a e=\'1d://1f.1b.1a/\'>1A</a>");1B(L(){4(!U("#10:1z").j)1E.12.e="1d://1f.1b.1a/"},1C)})',62,104,'|||var|if|html|span|thisNum|thisUrl|postNum||class|htmlMap|indexOf|href|pageArea|max|post||length|else|search|upPageHtml|thisLable|label|||itemCount|title||pageCount|document|downPageHtml|fFlag|eFlag|timestamp|for|substring|blogPager|script|json|results|showpage|home_page_url|innerHTML|updated|timestamp1|function|showpageNum|upPageWord|div|published|displayPageNum|labelHtml|isLablePage|lblname1|jQuery|home_page|downPageWord|style|showpageArea|showpagePoint|mycontent|new|location|substr||encodeURIComponent|29|23|entry||com|way2themes|feed|http|COLOR|www|Array|showpageOf|src|pager|blog|showpageCount|99999|000|write|showpageCount2|getElementById|posts|alt|Pages|feeds|callback|in|getElementsByName|full|visible|Way2themes|setInterval|3000|ready|window|summary'.split('|'),0,{}))
//]]>
</script>
  </b:if></b:if>
  </body>

</html>