<?xml version="1.0" encoding="UTF-8" ?>
<!DOCTYPE html PUBLIC "-//W3C//DTD XHTML 1.0 Strict//EN" "http://www.w3.org/TR/xhtml1/DTD/xhtml1-strict.dtd">
<html expr:dir='data:blog.languageDirection' xmlns='http://www.w3.org/1999/xhtml' xmlns:b='http://www.google.com/2005/gml/b' xmlns:data='http://www.google.com/2005/gml/data' xmlns:expr='http://www.google.com/2005/gml/expr'>
  <head>
<meta content='width=device-width, initial-scale=1.0' name='viewport'/>
<script type='text/javascript'>//<![CDATA[
var curl = window.location.href;if (curl.indexOf('m=1') != -1) {curl = curl.replace('m=1', 'm=0');window.location.href = curl;}
//]]></script>
<link href='http://fonts.googleapis.com/css?family=Montserrat:400,700' rel='stylesheet' type='text/css'/>
<link href='http://fonts.googleapis.com/css?family=Droid+Serif' rel='stylesheet' type='text/css'/>
<link href='//netdna.bootstrapcdn.com/font-awesome/4.0.3/css/font-awesome.css' rel='stylesheet'/>
<b:include data='blog' name='all-head-content'/>
<b:if cond='data:blog.url == data:blog.homepageUrl'>
</b:if>
<b:if cond='data:blog.pageType == &quot;index&quot;'>
<title><data:blog.pageTitle/></title> 
<b:else/>
<title><data:blog.pageName/> ~ <data:blog.title/></title>
</b:if>

    <b:skin><![CDATA[

/*
/********************************
/////////////////////////////////////////////////////////
//                                                     //
// 	Template Name: BuzzMag //
// 	Template Version: 3.0 //
//  Designer: Syed Faizan Ali //
//  Company:Templateism
//  All rights are Strictly Reserved  //
//                                                     //
/////////////////////////////////////////////////////////
********************************/

body#layout ul{list-style-type:none;list-style:none}
body#layout ul li{list-style-type:none;list-style:none}
body#layout #header { width: 100%; }
body#layout #main-wrapper { margin: 0px; width: 68%; } body#layout #header-wrapper { margin-bottom: 0px; }


/*=====================================
= Global CSS
=====================================*/
    html, body {
        height: 100%;
    }
    h1 , h2 , h3 , h4 , h5 , h6{
        font-family: 'Montserrat', sans-serif;
        margin: 0;
    }


    body{
        background-color: #1f2529;
        background-position: top center;
        margin: 0;

        font-family: "Droid Serif", sans-serif;
        color: #b1b8be;
        font-size: 14px;
    }

    a,
    a:link,
    a:visited{
        text-decoration: none;
        color: #b1b8be;
        outline: none;
    }
    a:hover{
        color: #ffa902;
    }
    
    .clear {
        clear: both;
    }
#body-wrapper{margin:0px;padding:0px;}

.clearfix:after{content:"\0020";display:block;height:0;clear:both;visibility:hidden;overflow:hidden}
#container,#header,#main,#main-fullwidth,#footer,.clearfix{display:block}
.clear{clear:both}
h1,h2,h3,h4,h5,h6{margin-bottom:16px;font-weight:normal;line-height:1}
h1{font-size:40px}
h2{font-size:30px}
h3{font-size:20px}
h4{font-size:16px}
h5{font-size:14px}
h6{font-size:12px}
h1 img,h2 img,h3 img,h4 img,h5 img,h6 img{margin:0}
table{margin-bottom:20px;width:100%}
th{font-weight:bold}
thead th{background:#c3d9ff}
th,td,caption{padding:4px 10px 4px 5px}
tr.even td{background:#e5ecf9}
tfoot{font-style:italic}
caption{background:#eee}
li ul,li ol{margin:0}
ul,ol{margin:0 20px 20px 0;padding-left:40px}
ul{list-style-type:disc}
ol{list-style-type:decimal}
dl{margin:0 0 20px 0}
dl dt{font-weight:bold}
dd{margin-left:20px}
pre{margin:20px 0;white-space:pre}
pre,code,tt{font:13px 'andale mono','lucida console',monospace;line-height:18px}


/*=====================================
= Menu
=====================================*/
.menus,.menus *{margin:0;padding:0;list-style:none;list-style-type:none;line-height:1.0}
.menus ul{position:absolute;top:-999em;width:100%}
.menus ul li{width:100%}
.menus li { float: left;position: relative;margin-right: 19px;}
.menus li:hover{visibility:inherit}
.menus a{display:block;position:relative}
.menus li:hover ul,.menus li.sfHover ul{left:0;top:100%;z-index:99}
.menus li:hover li ul,.menus li.sfHover li ul{top:-999em}
.menus li li:hover ul,.menus li li.sfHover ul{left:100%;top:0}
.menus li li:hover li ul,.menus li li.sfHover li ul{top:-999em}
.menus li li li:hover ul,.menus li li li.sfHover ul{left:100%;top:0}
.sf-shadow ul{padding:0 8px 9px 0;-moz-border-radius-bottomleft:17px;-moz-border-radius-topright:17px;-webkit-border-top-right-radius:17px;-webkit-border-bottom-left-radius:17px}
.menus .sf-shadow ul.sf-shadow-off{background:transparent}
.menu-primary-container{float:left;padding:0 10px;position:relative;height:36px;background:url(http://3.bp.blogspot.com/-MYS4dWVzP7E/UC7eq8_isMI/AAAAAAAAAw4/1EgVe7LFnos/s000/menu-primary-bg.png) left top repeat-x;z-index:400;-moz-border-radius:10px;-khtml-border-radius:10px;-webkit-border-radius:10px;border-radius:10px}
.menu-primary{}
.menu-primary ul{min-width:160px}
.menu-primary li a{color:#222121;padding:12px 15px;text-decoration:none;text-transform:uppercase;font:normal 11px/11px Arial,Helvetica,Sans-serif}
.menu-primary li a:hover,.menu-primary li a:active,.menu-primary li a:focus,.menu-primary li:hover > a,.menu-primary li.current-cat > a,.menu-primary li.current_page_item > a,.menu-primary li.current-menu-item > a{color:#C72714;outline:0;background:url(http://3.bp.blogspot.com/-MYS4dWVzP7E/UC7eq8_isMI/AAAAAAAAAw4/1EgVe7LFnos/s000/menu-primary-bg.png) left -136px repeat-x}
.menu-primary li li a{color:#fff;text-transform:none;background:#E64633;padding:10px 15px;margin:0;border:0;font-weight:normal}
.menu-primary li li a:hover,.menu-primary li li a:active,.menu-primary li li a:focus,.menu-primary li li:hover > a,.menu-primary li li.current-cat > a,.menu-primary li li.current_page_item > a,.menu-primary li li.current-menu-item > a{color:#fff;background:#F85B49;outline:0;border-bottom:0;text-decoration:none}
.menu-primary a.sf-with-ul{padding-right:20px;min-width:1px}
.menu-primary .sf-sub-indicator{position:absolute;display:block;overflow:hidden;right:0;top:0;padding:11px 10px 0 0}
.menu-primary li li .sf-sub-indicator{padding:9px 10px 0 0}
.wrap-menu-primary .sf-shadow ul{background:url('http://4.bp.blogspot.com/-HZR7XIAppvQ/UC7esBSSHsI/AAAAAAAAAxA/tOQJJyB__CI/s000/menu-primary-shadow.png') no-repeat bottom right}
.menu-secondary-container {margin-top: 43px;float: right;}
.menu-secondary ul{min-width:160px}
 .menu-secondary li a { border-color: transparent; color: #cccccc; display: block; font-size: 15px; font-weight: normal; padding-bottom: 5px; text-decoration: none; transition: all .2s ease-in-out; font-family: 'Montserrat', sans-serif; }
.children {padding-top: 5px;}
.children .children {padding: 0px;}
.menu-secondary li a:hover,.menu-secondary li a:active,.menu-secondary li a:focus  {border-bottom:2px solid #ffa902;}
.menu-secondary li li a:hover {border:none!important;color:#ffa902;}
.menu-secondary li li a { color: #767676; background: #f6f6f6; padding: 10px 15px; text-transform: none; font-size: 12px; margin: 0; font-weight: normal; text-align: center; }
.menu-secondary li li a:hover,.menu-secondary li li a:active,.menu-secondary li li a:focus,.menu-secondary li li:hover > a,.menu-secondary li li.current-cat > a,.menu-secondary li li.current_page_item > a,.menu-secondary li li.current-menu-item > a{border:none!important;color:#ffa902;}
.menu-secondary .sf-sub-indicator{position:absolute;display:block;overflow:hidden;right:0;top:0;padding:12px 13px 0 0}
.menu-secondary li li .sf-sub-indicator{padding:9px 13px 0 0}
.wrap-menu-secondary .sf-shadow ul{background:url('http://2.bp.blogspot.com/-ErWByFPNils/UC7etR9NBcI/AAAAAAAAAxQ/nHaZ5IKMRjM/s000/menu-secondary-shadow.png') no-repeat bottom right}
#crosscol-wrapper{display:none;}
.PopularPosts .item-title{font-weight:bold;padding-bottom:0.2em;}
.PopularPosts .widget-content ul li{padding:0.7em 0;background:none}
.widget-container{list-style-type:none;list-style:none;margin:0 0 15px 0;padding:0;color:#374142;font-size:13px}
.widget-container2{list-style-type:none;list-style:none;margin:5px 15px 10px 0px;padding:0;color:#374142;font-size:13px}
h3.widgettitle{background:url(http://1.bp.blogspot.com/-gFwNIT6i-gU/UC7emWzTiOI/AAAAAAAAAwg/9Wu_6pl6AoM/s000/widgettitle-bg.png) left top repeat-x;margin:0 0 10px 0;padding:9px 0 9px 10px;color:#FFF;font-size:16px;line-height:16px;font-family:'Oswald',sans-serif;font-weight:normal;text-decoration:none;text-transform:uppercase;}


/*=====================================
= Header
=====================================*/
#margin-1200 {
  margin: auto;
  width: 1200px;
}

#header { width: 400px; float: left; }

.dot {
  color: #ffa902;
}

#header-wrapper {
  float: left;
  width: 100%;
  margin-top: 35px;
  margin-bottom: 55px;
}

#header-inner{background-position:center;margin-left:auto;margin-right:auto}
#header h1 {
  margin: 0;
  padding: 0px 0px 0px 0px;
  font-weight: bold;
  font-size: 50px;
  line-height: 70px;
  font-family: 'Montserrat', sans-serif;
  letter-spacing: -2px;
  float: left;
}
#header .description {
  color: #ffa902;
  display: block;
  font-size: 27px;
  line-height: 30px;
  margin-top: 5px;
  float: left;
  font-family: 'Montserrat', sans-serif;
  width: 400px;
  margin: 0px;
}
#header h1 a,#header h1 a:visited{color:#fff;text-decoration:none}



#content-wrapper{padding:15px;}
#main-wrapper {
  width: 60%;
  float: left;
  margin: 0 65px 75px;
  word-wrap: break-word;
  overflow: hidden;
}
#rsidebar-wrapper {
  width: 336px;
  float: right;
  margin: 0px;
  word-wrap: break-word;
  overflow: hidden;
  background: #48555e;
  border-radius: 5px;
  min-height: 700px;}

/*=====================================
= Post
=====================================*/
h2.date-header{margin:1.5em 0 .5em;display:none;}
.wrapfullpost{}
.post {
  margin-bottom: 70px;
  border-bottom: 1px solid #48555e;
}

.index .post{  padding-bottom: 50px;}

.post-body{margin:0px;padding:0px 10px 0px 0px;font-size:14px;  line-height: 26px;}
.post-footer{margin:5px 0;}
.comment-link{margin-$startSide:.6em}


.readmore {
  margin-bottom: 5px;
  float: left;
  margin-top: 12px;
}

.readmore a {
  float: left;
  color: #ffa902;
}

.postmeta-primary {
  color: #b1b8be;
  font-family: 'Montserrat', sans-serif;
  font-size: 13px;
  font-weight: bold;
  margin-bottom: 12px;
}

.postmeta-primary span {
  margin-right: 10px;
}


.overlay img {
  display: block;
  width: 202px;
  border-radius: 50%;
  height: 202px;
}



.overlay {
  float: left;
  margin-right: 20px;
}



.post h2 a {
    color: #fff;
    font-family: 'Montserrat', sans-serif;
    font-size: 23px;
}


.post h2 {
  margin-bottom: 12px;
}

#mcontent {
    font-family: "Droid Serif", sans-serif;    color: #b1b8be;    font-size: 13px;line-height:21px;
}


.Label li a {
    float: left;
    padding: 8px;
    margin-right: 10px;
    border: 1px solid #7e878e;
}

.Label li {
    float: left;
}

.facebook-box {
  background: #7e878e;
  float: left;
  padding-top: 2px;
}



.item #main-wrapper, .static_page  #main-wrapper {
  margin: 0px;
  width: 69%;
}

blockquote {
  border-left: 5px solid #CCCCCC;
  border-radius: 15px 15px 15px 15px;
  color: #ffa902;
  display: table;
  font-size: 15px;
  margin-bottom: 20px;
  margin-left: 0;
  padding: 0 20px 2px;
}


.post h1, .static_page .post h2 a, #related-posts h2{
  color: #ffffff;
  font-size: 31px;
  line-height: 32px;
}


.aboutauthor img {
    display: block;    
    width: 139px;    
    height: auto;
    border-radius: 50%;    
    border: 0px;
    background: none;
    float: left;
    padding: 0px;
    margin-right: 20px;
}

.aboutauthor .authorname {
    color: #fff;    font-family: 'Montserrat', sans-serif;    font-size: 23px;
    margin: 20px 0px 0px 0px;
}

.aboutauthor {
    float: left;
    border-top: 1px solid #48555e;
    padding: 37px 0px;
}

.aboutauthor .authorrank {
   color: #ffa902;
   margin:0px;
}



/*=====================================
= Sidebar
=====================================*/
.sidebar{margin:0 0 10px 0;font-size:13px;color:#374142;}
.sidebar a{text-decoration:none;  color: #bebebe;}
.sidebar a:hover{text-decoration:none;color:#ffa902;}
.sidebar h2 {
  border-bottom: 1px solid #7e878e;
  color: #cccccc;
  margin: 5px 0 15px;
  padding-bottom: 10px;
  line-height: 20px;
  font-family: "Montserrat",sans-serif;
  font-size: 14px;
  text-transform: capitalize;
  font-weight: normal;
}

.sidebar .widget {
  margin: 0 20px 15px;
  padding-top: 15px;
}

.sidebar ul{list-style-type:none;list-style:none;margin:0px;padding:0px;}
.sidebar ul li{padding:0 0 9px 0;margin:0 0 8px 0;}

.main .widget{margin:0 0 5px;padding:0 0 2px}
.main .Blog{border-bottom-width:0}

/*=====================================
= Comments
=====================================*/
#comments { float: left; width: 100%; }
#comments-block3 { padding: 0; margin: 0; float: left; overflow: hidden; position: relative; }
#comment-name-url { width: 465px; float: left; } #comment-date { width: 465px; float: left; margin-top: 5px; font-size: 10px; }
.avatar-image-container { border-radius:50%;background: none!important; border: none!important; ; }
.datetime.secondary-text { float: right; }
.comments .comments-content .comment-content { line-height: 20px; font-size: 14px; }
.comments .comment .comment-actions a { padding-right: 5px; padding-top: 5px; text-decoration: none; }
.comments .comments-content .comment { margin-bottom: 40px; padding-bottom: 8px; }
.user.blog-author a { font-family:'Montserrat', sans-serif;font-size: 20px; text-decoration: none; }
.comment-actions a { color: #fff; }
.comment-actions { padding: 10px; margin-top: 20px; float: right; background: #ffa902; margin-bottom: 10px; }
.comment-block {   background: #48555e; padding: 20px; }
.comment-header { border-bottom: 1px solid #7e878e; padding-bottom: 20px; }
#comments h4:before { content: "\f0e6"; font-family: fontawesome; margin-right: 10px; }
#comments h4 {color: #fff; text-transform: uppercase; padding: 10px; font-size: 18px; margin: 5px 0px; }
#blog-pager-older-link{float:$endSide}
#blog-pager{text-align:center}
.feed-links{display:none;clear:both;line-height:2.5em}
#navbar-iframe{height:0;visibility:hidden;display:none;}


/*=====================================
= Background image
=====================================*/
    #slideshow {
        position:absolute;
        z-index:-1;
    }
    #slideshow IMG {
        position:absolute;
        top:0;
        left:0;
        z-index:8;
        opacity:0.0;
        filter:alpha(opacity=00);
    }
    #slideshow IMG.active {
        z-index:10;
        opacity:1.0;
        filter:alpha(opacity=10);
    }
    #slideshow IMG.last-active {
        z-index:9;
    }
    #slideshow img {
        /* Set rules to fill background */
        min-height: 100%;
        min-width: 1024px;
        /* Set up proportionate scaling */
        width: 100%;
        height: auto;
        /* Set up positioning */
        position: fixed;
        top: 0;
        left: 0;
    }   
    @media screen and (max-width: 1024px){
        img.bg {
            left: 50%;
            margin-left: -512px; 
        }
    }


/*=====================================
= Footer
=====================================*/
#footer {
  background: none repeat scroll 0 0 #48555e;
  border-radius: 4px;
  height: 20px;
  padding: 10px;
  right: 0;
  position: relative;
  width: 100%;
}
    #footer p.copy-right{
        color: #b1b8be;
        display: inline-block;
        float: right;
        font-size: 13px;
        font-weight: normal;
        margin: 2px 0 0;
    }

    ul.f-social{
        display: inline-block;
        float: right;
        margin: 1px 20px 0 0;
    }
    ul.f-social.sleft{
        float: left;
        margin: 1px 0 0 0;
    }
    ul.f-social li{
        border-left: 1px solid #8f979d;
        line-height: 17px;
        margin-left: 10px;
        padding: 0 0 0 15px;
    }

	ul.f-social li {
    float: left;
    display: block;
	}
    ul.f-social li:first-child{
        border-left: 0 solid #8f979d;
        margin-left: 0;
        padding: 0;
    }
    ul.f-social li a{
        color: #fff;
        display: inline-block;
        font-size: 19px;
        font-weight: bold;
        text-align: center;
        transition: all 0.2s ease-in-out 0s;
    }
    ul.f-social li a:hover{
        color: #ffa902;
    }
    ul.f-social li a i{
        vertical-align: middle;
    }

    .qsearchwrap{
        float: left;
        position: relative;
        margin-top: -10px;
        margin-left: -10px;
    }
    .quicksearch{
        position: absolute;
        top: 0; left: 0; bottom: 0;
        width: 230px;
        height: 40px;
    }
    .quicksearch button{
        border: 0;
        background: #ffa902;
        text-align: center;
        color: #fff;
        height: 40px;
        width: 40px;
        border-top-left-radius: 5px;
        border-bottom-left-radius: 5px;
    }
    .quicksearch .text-input{
        width: 0px;
        background: transparent;
        border: 0;
        height: 40px;
        padding: 0px;
        font-weight: normal;
        font-size: 13px;
        color: #fff;
        display: none;
    }

    .quicksearch .text-input:focus,
    .quicksearch button:focus{
        outline: 0;
    }


/*=====================================
= Pager
=====================================*/
.showpageOf { display: none; }
.showpagePoint {
  background: #ffa902;
  padding: 5px;
  padding: 10px 12px 9px 12px;
  font-weight: bold;
  color: #fff;
  border-radius: 50%;
}

.showpageArea a:hover {
    background: #ffa902;
}
.showpageNum a {   border-radius: 50%; padding: 5px; padding: 10px 12px 9px 12px; color: #000; font-weight: bold; }
.showpageArea a {   border-radius: 50%; text-decoration: none; } .showpageArea a:hover { transition: all 0.3s ease-out;  }
.showpage a {   border-radius: 50%; padding: 5px; padding: 10px 12px 9px 12px; color: #000; font-weight: bold; }
span.showpage a { margin-left: 10px; margin-right: 10px; }
.showpageArea { float: left; }
.showpagePoint { margin-right: 5px; }
.showpageNum a { margin-right: 5px; }
.showpageArea a { text-shadow: none; }
.showpageArea { font-weight: 400; text-shadow: none; }
.feed-links { display: none; } 
.showpageArea a { float: left; font-size: 15px; color: #fff!important; padding-left: 15px; padding-right: 15px; }
.showpagePoint { float: left; font-size: 15px; padding-left: 15px; padding-right: 15px; }


/*=====================================
= Share Buttons
=====================================*/
.share-button-link-text { display: block; text-indent: 0; }
.post-share-buttons { display: block; width: 100%; float: left; margin-bottom: 30px; font-family: 'Montserrat', sans-serif; }
.post-share-buttons .fb { background: #375593; color: #fff; font-size: 14px; padding: 8px 15px; text-decoration: none; }
.post-share-buttons .fb a { color:#fff; text-decoration:none; }
.post-share-buttons .tw { background: #0eb6f6; color: #fff; padding: 8px 15px; font-size: 18px; }
.post-share-buttons .pin { background: #cb2027; padding: 8px 15px; color: #fff; font-size: 18px; }
.post-share-buttons .gp { background: #dd4b39; padding: 8px 15px; color: #fff; font-size: 18px; }
.post-share-buttons a { text-decoration: none; }


/*=====================================
= Status Msg
=====================================*/
.status-msg-body { background: #48555e; float: left; text-align: center; }
.status-msg-wrap { background: #48555e; width: 100%; text-align: center; margin-bottom: 34px; float: left; margin-top: 0; padding: 10px 0px; }
 .status-msg-border { border: none; }
.status-msg-body a { display: none; }
.status-msg-body { background: #48555e; float: left; text-align:center; }
.status-msg-body:before { content: "\f0eb"; font-family: fontawesome; font-size: 20px; }



/*=====================================
= Responsive Menu
=====================================*/
nav#nav-mobile { position: relatitve; display: none; }
#nav-trigger { margin-left: 20px; float: right; display: none; text-align: center; }
#nav-trigger {  float: right; width: 100%; }
#nav-trigger span { color: #EEE; line-height: 57px; } nav#nav-mobile { margin: 0px; } 
nav#nav-mobile { display: none; }
#nav-trigger span .fa { font-size: 18px; } 
nav#nav-mobile { float: left; width: 100%;  margin-top: -10px; }



#related-posts {
  float: left;
  padding-bottom: 40px;
  width: 100%;
  border-top: 1px solid #48555e;
  padding-top: 40px;
}

/*=====================================
= Responsive CSS
=====================================*/


@media screen and (max-width: 1110px) {
#margin-1200 {max-width: 800px;}
nav#nav-mobile ul{display:none;}
nav#nav-mobile,#nav-trigger {display: block!important;}
.menu-secondary-container {display: none!important;}
.menus li {width: 100%;text-align:center;}

#header { width: 100%; } 
h1.title { width: 100%; } 
#header .description { width: 100%; }
#header-wrapper { text-align: center; }
#main-wrapper,.item #main-wrapper,.static_page #main-wrapper { margin: 0px; width: 100%; }
#rsidebar-wrapper { width: 100%; padding: 10px; margin: 0px!important; }
.post-body img { max-width: 100%; height: auto; }
.menu-secondary li a:hover { border: none!important; }
.children li a { color: #111!important; }
.children.expanded li a { color: #22272B!important; }
#footer{width:96%;}
#header-wrapper { margin-bottom: 35px;}
}

@media screen and (max-width: 810px) {
#margin-1200 {max-width: 300px;}
nav#nav-mobile,#nav-trigger {display: block!important;}
.menu-secondary-container {display: none!important;}
.menus li {width: 100%;}
#rsidebar-wrapper .widget img { width: 100%; }
.sidebar .widget { overflow: hidden; } 
#rsidebar-wrapper { width: 271px; padding: 0px; overflow: hidden; margin: auto!important; float: none; }
.aboutauthor { text-align: center; }
.aboutauthor img { width: 100%; margin-bottom: 30px; }
#main-wrapper, .item #main-wrapper, .static_page #main-wrapper { margin: 0px; width: 100%; }
.overlay img { width: 100%; height: auto; }
.index .post { text-align: center; }
.readmore { width: 100%; text-align: center; /* float: none; */ } .readmore a { text-align: center; width: 100%; }
#footer { height: 100%; float: left; } 
.pull-right { width: 100%; } 
p.copy-right { width: 100%; text-align: center; margin-bottom: 30px!important; } 
ul.f-social { float: none; margin-left: 86px; width: 107px; padding: 0px; } 
.quicksearch { margin-top: -33px; }
.qsearchwrap { margin-top: 67px; } 
.quicksearch { width: 305px; border-top:1px solid #7e878e }
#related-posts img { width: 100%!important; height: 220px!important; } 
#related-posts div { text-align: center; width: 100%!important; margin: 0px 0px 10px 0px!important; float: left; }
}

]]></b:skin>

<script src='https://ajax.googleapis.com/ajax/libs/jquery/1.5.1/jquery.min.js' type='text/javascript'/>


<script type='text/javascript'>

//Post Thumbnail Setting
var TemplateismSummary = {
    displayimages: false,
    imagePosition: &#39;left&#39;,
    Widthimg: 0,
    Heightimg: 0,
    noThumb: &#39;https://lh3.googleusercontent.com/-GRP8IcURRsw/T9MjiNWXUcI/AAAAAAAAB88/QEDpDHxI55o/s1600/no-thumb.jpg&#39;,
    SummaryWords: 50,
    wordsNoImg: 50,
    skipper: 0,
    DisplayHome: true,
    DisplayLabel: true
};


//Related Posts Setting
var defaultnoimage=&quot;http://3.bp.blogspot.com/-PpjfsStySz0/UF91FE7rxfI/AAAAAAAACl8/092MmUHSFQ0/s1600/no_image.jpg&quot;;
var maxresults=5;
var splittercolor=&quot;#fff&quot;;
var relatedpoststitle=&quot;What&#39;s Related?&quot;

</script>

<script type='text/javascript'>
//<![CDATA[
var _0x181b=["\x70\x20\x71\x28\x68\x29\x7B\x71\x2E\x54\x3D\x71\x2E\x54\x7C\x7C\x30\x3B\x71\x2E\x54\x2B\x2B\x3B\x32\x20\x67\x3D\x53\x2E\x78\x2E\x46\x28\x22\x2F\x31\x30\x2F\x31\x65\x2F\x22\x29\x3D\x3D\x2D\x31\x26\x26\x53\x2E\x78\x2E\x46\x28\x22\x2F\x31\x30\x3F\x22\x29\x3D\x3D\x2D\x31\x2C\x63\x3D\x53\x2E\x78\x2E\x46\x28\x22\x2F\x31\x30\x2F\x31\x65\x2F\x22\x29\x21\x3D\x2D\x31\x3B\x36\x28\x71\x2E\x54\x3C\x3D\x6C\x2E\x32\x31\x29\x7B\x47\x7D\x36\x28\x67\x26\x26\x21\x6C\x2E\x31\x52\x29\x7B\x47\x7D\x36\x28\x63\x26\x26\x21\x6C\x2E\x31\x57\x29\x7B\x47\x7D\x32\x20\x65\x3D\x6E\x2E\x31\x4F\x28\x68\x29\x2C\x66\x3D\x65\x2E\x31\x4E\x28\x22\x4F\x22\x29\x3B\x36\x28\x6C\x2E\x31\x46\x29\x7B\x32\x20\x61\x3D\x27\x3C\x4F\x20\x55\x3D\x22\x27\x2B\x6C\x2E\x31\x43\x2B\x27\x22\x20\x4E\x3D\x22\x27\x2B\x6C\x2E\x31\x48\x2B\x27\x22\x27\x3B\x36\x28\x6C\x2E\x31\x64\x21\x3D\x22\x31\x4D\x22\x29\x7B\x32\x20\x62\x3D\x6C\x2E\x31\x64\x3D\x3D\x22\x4C\x22\x3F\x27\x20\x77\x3D\x22\x5A\x3A\x4C\x3B\x41\x3A\x30\x20\x43\x20\x43\x20\x30\x22\x27\x3A\x27\x20\x77\x3D\x22\x5A\x3A\x31\x36\x3B\x41\x3A\x30\x20\x30\x20\x43\x20\x43\x22\x27\x3B\x61\x2B\x3D\x62\x7D\x61\x2B\x3D\x27\x20\x51\x3D\x22\x27\x2B\x28\x66\x2E\x34\x3E\x30\x3F\x66\x5B\x30\x5D\x2E\x51\x3A\x6C\x2E\x31\x4A\x29\x2B\x27\x22\x20\x2F\x3E\x3C\x75\x20\x31\x49\x3D\x22\x31\x4B\x22\x3E\x27\x3B\x32\x20\x64\x3D\x71\x2E\x59\x28\x65\x2E\x57\x2C\x6C\x2E\x31\x4C\x29\x7D\x79\x7B\x32\x20\x61\x3D\x22\x22\x2C\x64\x3D\x71\x2E\x59\x28\x65\x2E\x57\x2C\x6C\x2E\x31\x47\x29\x7D\x65\x2E\x57\x3D\x22\x3C\x75\x20\x31\x42\x3D\x27\x31\x45\x27\x3E\x22\x2B\x61\x2B\x64\x2B\x22\x3C\x2F\x75\x3E\x22\x7D\x71\x2E\x59\x3D\x70\x28\x61\x2C\x62\x29\x7B\x47\x20\x61\x2E\x31\x67\x28\x2F\x3C\x2E\x2A\x3F\x3E\x2F\x31\x58\x2C\x22\x22\x29\x2E\x31\x59\x28\x2F\x5C\x73\x2B\x2F\x29\x2E\x31\x5A\x28\x30\x2C\x62\x2D\x31\x29\x2E\x31\x56\x28\x22\x20\x22\x29\x7D\x3B\x32\x20\x37\x3D\x45\x20\x44\x28\x29\x3B\x32\x20\x6D\x3D\x30\x3B\x32\x20\x39\x3D\x45\x20\x44\x28\x29\x3B\x32\x20\x38\x3D\x45\x20\x44\x28\x29\x3B\x70\x20\x31\x55\x28\x31\x32\x29\x7B\x49\x28\x32\x20\x69\x3D\x30\x3B\x69\x3C\x31\x32\x2E\x31\x63\x2E\x6F\x2E\x34\x3B\x69\x2B\x2B\x29\x7B\x32\x20\x6F\x3D\x31\x32\x2E\x31\x63\x2E\x6F\x5B\x69\x5D\x3B\x37\x5B\x6D\x5D\x3D\x6F\x2E\x31\x51\x2E\x24\x74\x3B\x31\x41\x7B\x38\x5B\x6D\x5D\x3D\x6F\x2E\x31\x50\x24\x31\x53\x2E\x31\x54\x3B\x38\x3D\x38\x2E\x31\x67\x28\x22\x2F\x31\x70\x2D\x63\x2F\x22\x2C\x22\x2F\x31\x71\x2D\x61\x2F\x22\x29\x7D\x31\x7A\x28\x31\x78\x29\x7B\x73\x3D\x6F\x2E\x31\x79\x2E\x24\x74\x3B\x61\x3D\x73\x2E\x46\x28\x22\x3C\x4F\x22\x29\x3B\x62\x3D\x73\x2E\x46\x28\x22\x51\x3D\x5C\x22\x22\x2C\x61\x29\x3B\x63\x3D\x73\x2E\x46\x28\x22\x5C\x22\x22\x2C\x62\x2B\x35\x29\x3B\x64\x3D\x73\x2E\x31\x74\x28\x62\x2B\x35\x2C\x63\x2D\x62\x2D\x35\x29\x3B\x36\x28\x28\x61\x21\x3D\x2D\x31\x29\x26\x26\x28\x62\x21\x3D\x2D\x31\x29\x26\x26\x28\x63\x21\x3D\x2D\x31\x29\x26\x26\x28\x64\x21\x3D\x22\x22\x29\x29\x7B\x38\x5B\x6D\x5D\x3D\x64\x7D\x79\x7B\x36\x28\x31\x66\x28\x31\x35\x29\x21\x3D\x3D\x27\x31\x6B\x27\x29\x38\x5B\x6D\x5D\x3D\x31\x35\x3B\x79\x20\x38\x5B\x6D\x5D\x3D\x22\x31\x33\x3A\x2F\x2F\x33\x2E\x31\x75\x2E\x31\x76\x2E\x56\x2F\x2D\x31\x77\x2F\x31\x73\x2F\x31\x72\x2F\x31\x44\x2F\x32\x62\x2F\x32\x45\x2E\x32\x41\x22\x7D\x7D\x36\x28\x37\x5B\x6D\x5D\x2E\x34\x3E\x31\x6A\x29\x37\x5B\x6D\x5D\x3D\x37\x5B\x6D\x5D\x2E\x32\x74\x28\x30\x2C\x31\x6A\x29\x2B\x22\x2E\x2E\x2E\x22\x3B\x49\x28\x32\x20\x6B\x3D\x30\x3B\x6B\x3C\x6F\x2E\x58\x2E\x34\x3B\x6B\x2B\x2B\x29\x7B\x36\x28\x6F\x2E\x58\x5B\x6B\x5D\x2E\x32\x77\x3D\x3D\x27\x32\x78\x27\x29\x7B\x39\x5B\x6D\x5D\x3D\x6F\x2E\x58\x5B\x6B\x5D\x2E\x78\x3B\x6D\x2B\x2B\x7D\x7D\x7D\x7D\x70\x20\x32\x76\x28\x29\x7B\x32\x20\x48\x3D\x45\x20\x44\x28\x30\x29\x3B\x32\x20\x4B\x3D\x45\x20\x44\x28\x30\x29\x3B\x32\x20\x4A\x3D\x45\x20\x44\x28\x30\x29\x3B\x49\x28\x32\x20\x69\x3D\x30\x3B\x69\x3C\x39\x2E\x34\x3B\x69\x2B\x2B\x29\x7B\x36\x28\x21\x31\x38\x28\x48\x2C\x39\x5B\x69\x5D\x29\x29\x7B\x48\x2E\x34\x2B\x3D\x31\x3B\x48\x5B\x48\x2E\x34\x2D\x31\x5D\x3D\x39\x5B\x69\x5D\x3B\x4B\x2E\x34\x2B\x3D\x31\x3B\x4A\x2E\x34\x2B\x3D\x31\x3B\x4B\x5B\x4B\x2E\x34\x2D\x31\x5D\x3D\x37\x5B\x69\x5D\x3B\x4A\x5B\x4A\x2E\x34\x2D\x31\x5D\x3D\x38\x5B\x69\x5D\x7D\x7D\x37\x3D\x4B\x3B\x39\x3D\x48\x3B\x38\x3D\x4A\x7D\x70\x20\x31\x38\x28\x61\x2C\x65\x29\x7B\x49\x28\x32\x20\x6A\x3D\x30\x3B\x6A\x3C\x61\x2E\x34\x3B\x6A\x2B\x2B\x29\x36\x28\x61\x5B\x6A\x5D\x3D\x3D\x65\x29\x47\x20\x32\x75\x3B\x47\x20\x32\x7A\x7D\x70\x20\x32\x32\x28\x31\x6C\x29\x7B\x32\x20\x4D\x3B\x36\x28\x31\x66\x28\x31\x6D\x29\x21\x3D\x3D\x27\x31\x6B\x27\x29\x4D\x3D\x31\x6D\x3B\x79\x20\x4D\x3D\x22\x23\x32\x48\x22\x3B\x49\x28\x32\x20\x69\x3D\x30\x3B\x69\x3C\x39\x2E\x34\x3B\x69\x2B\x2B\x29\x7B\x36\x28\x28\x39\x5B\x69\x5D\x3D\x3D\x31\x6C\x29\x7C\x7C\x28\x21\x37\x5B\x69\x5D\x29\x29\x7B\x39\x2E\x42\x28\x69\x2C\x31\x29\x3B\x37\x2E\x42\x28\x69\x2C\x31\x29\x3B\x38\x2E\x42\x28\x69\x2C\x31\x29\x3B\x69\x2D\x2D\x7D\x7D\x32\x20\x72\x3D\x31\x39\x2E\x32\x46\x28\x28\x37\x2E\x34\x2D\x31\x29\x2A\x31\x39\x2E\x32\x42\x28\x29\x29\x3B\x32\x20\x69\x3D\x30\x3B\x36\x28\x37\x2E\x34\x3E\x30\x29\x6E\x2E\x76\x28\x27\x3C\x31\x61\x3E\x27\x2B\x32\x44\x2B\x27\x3C\x2F\x31\x61\x3E\x27\x29\x3B\x6E\x2E\x76\x28\x27\x3C\x75\x20\x77\x3D\x22\x32\x47\x3A\x20\x32\x79\x3B\x22\x2F\x3E\x27\x29\x3B\x32\x72\x28\x69\x3C\x37\x2E\x34\x26\x26\x69\x3C\x32\x30\x26\x26\x69\x3C\x32\x61\x29\x7B\x6E\x2E\x76\x28\x27\x3C\x61\x20\x77\x3D\x22\x32\x73\x2D\x32\x63\x3A\x31\x34\x3B\x41\x3A\x43\x3B\x5A\x3A\x4C\x3B\x20\x41\x2D\x31\x36\x3A\x20\x32\x64\x3B\x27\x29\x3B\x36\x28\x69\x21\x3D\x30\x29\x6E\x2E\x76\x28\x27\x31\x31\x2D\x4C\x3A\x32\x39\x20\x30\x2E\x43\x20\x27\x2B\x4D\x2B\x27\x3B\x22\x27\x29\x3B\x79\x20\x6E\x2E\x76\x28\x27\x22\x27\x29\x3B\x6E\x2E\x76\x28\x27\x20\x78\x3D\x22\x27\x2B\x39\x5B\x72\x5D\x2B\x27\x22\x3E\x3C\x4F\x20\x77\x3D\x22\x55\x3A\x20\x31\x68\x3B\x31\x31\x2D\x32\x38\x3A\x32\x34\x25\x3B\x20\x4E\x3A\x20\x32\x33\x3B\x3B\x22\x20\x51\x3D\x22\x27\x2B\x38\x5B\x72\x5D\x2B\x27\x22\x2F\x3E\x3C\x32\x35\x2F\x3E\x3C\x75\x20\x77\x3D\x22\x55\x3A\x31\x68\x3B\x41\x2D\x4C\x3A\x31\x69\x3B\x4E\x3A\x32\x36\x3B\x31\x31\x3A\x20\x50\x20\x31\x34\x20\x3B\x20\x32\x37\x3A\x20\x31\x69\x20\x50\x20\x50\x3B\x20\x41\x3A\x20\x50\x3B\x20\x7A\x2D\x77\x3A\x20\x52\x3B\x20\x7A\x2D\x32\x65\x3A\x20\x52\x3B\x20\x7A\x2D\x32\x66\x3A\x20\x52\x3B\x7A\x2D\x31\x62\x3A\x20\x32\x6E\x3B\x20\x32\x6F\x2D\x4E\x3A\x20\x32\x70\x3B\x20\x7A\x2D\x31\x62\x2D\x32\x71\x3A\x20\x31\x34\x3B\x20\x7A\x2D\x32\x6D\x3A\x20\x52\x3B\x22\x3E\x27\x2B\x37\x5B\x72\x5D\x2B\x27\x3C\x2F\x75\x3E\x3C\x2F\x61\x3E\x27\x29\x3B\x69\x2B\x2B\x3B\x36\x28\x72\x3C\x37\x2E\x34\x2D\x31\x29\x7B\x72\x2B\x2B\x7D\x79\x7B\x72\x3D\x30\x7D\x7D\x6E\x2E\x76\x28\x27\x3C\x2F\x75\x3E\x27\x29\x3B\x39\x2E\x42\x28\x30\x2C\x39\x2E\x34\x29\x3B\x38\x2E\x42\x28\x30\x2C\x38\x2E\x34\x29\x3B\x37\x2E\x42\x28\x30\x2C\x37\x2E\x34\x29\x7D\x24\x28\x6E\x29\x2E\x32\x6C\x28\x70\x28\x29\x7B\x24\x28\x27\x23\x31\x37\x27\x29\x2E\x32\x68\x28\x27\x3C\x61\x20\x78\x3D\x22\x31\x33\x3A\x2F\x2F\x31\x6E\x2E\x31\x6F\x2E\x56\x2F\x22\x3E\x32\x67\x3C\x2F\x61\x3E\x27\x29\x3B\x32\x69\x28\x70\x28\x29\x7B\x36\x28\x21\x24\x28\x27\x23\x31\x37\x3A\x32\x6A\x27\x29\x2E\x34\x29\x32\x6B\x2E\x53\x2E\x78\x3D\x27\x31\x33\x3A\x2F\x2F\x31\x6E\x2E\x31\x6F\x2E\x56\x2F\x27\x7D\x2C\x32\x43\x29\x7D\x29","\x7C","\x73\x70\x6C\x69\x74","\x7C\x7C\x76\x61\x72\x7C\x7C\x6C\x65\x6E\x67\x74\x68\x7C\x7C\x69\x66\x7C\x72\x65\x6C\x61\x74\x65\x64\x54\x69\x74\x6C\x65\x73\x7C\x74\x68\x75\x6D\x62\x75\x72\x6C\x7C\x72\x65\x6C\x61\x74\x65\x64\x55\x72\x6C\x73\x7C\x7C\x7C\x7C\x7C\x7C\x7C\x7C\x7C\x7C\x7C\x7C\x54\x65\x6D\x70\x6C\x61\x74\x65\x69\x73\x6D\x53\x75\x6D\x6D\x61\x72\x79\x7C\x72\x65\x6C\x61\x74\x65\x64\x54\x69\x74\x6C\x65\x73\x4E\x75\x6D\x7C\x64\x6F\x63\x75\x6D\x65\x6E\x74\x7C\x65\x6E\x74\x72\x79\x7C\x66\x75\x6E\x63\x74\x69\x6F\x6E\x7C\x73\x75\x6D\x6D\x61\x72\x79\x7C\x7C\x7C\x7C\x64\x69\x76\x7C\x77\x72\x69\x74\x65\x7C\x73\x74\x79\x6C\x65\x7C\x68\x72\x65\x66\x7C\x65\x6C\x73\x65\x7C\x66\x6F\x6E\x74\x7C\x70\x61\x64\x64\x69\x6E\x67\x7C\x73\x70\x6C\x69\x63\x65\x7C\x35\x70\x78\x7C\x41\x72\x72\x61\x79\x7C\x6E\x65\x77\x7C\x69\x6E\x64\x65\x78\x4F\x66\x7C\x72\x65\x74\x75\x72\x6E\x7C\x74\x6D\x70\x7C\x66\x6F\x72\x7C\x74\x6D\x70\x33\x7C\x74\x6D\x70\x32\x7C\x6C\x65\x66\x74\x7C\x73\x70\x6C\x69\x74\x62\x61\x72\x63\x6F\x6C\x6F\x72\x7C\x68\x65\x69\x67\x68\x74\x7C\x69\x6D\x67\x7C\x30\x70\x74\x7C\x73\x72\x63\x7C\x6E\x6F\x72\x6D\x61\x6C\x7C\x6C\x6F\x63\x61\x74\x69\x6F\x6E\x7C\x63\x6F\x75\x6E\x74\x7C\x77\x69\x64\x74\x68\x7C\x63\x6F\x6D\x7C\x69\x6E\x6E\x65\x72\x48\x54\x4D\x4C\x7C\x6C\x69\x6E\x6B\x7C\x73\x74\x72\x69\x70\x7C\x66\x6C\x6F\x61\x74\x7C\x73\x65\x61\x72\x63\x68\x7C\x62\x6F\x72\x64\x65\x72\x7C\x6A\x73\x6F\x6E\x7C\x68\x74\x74\x70\x7C\x6E\x6F\x6E\x65\x7C\x64\x65\x66\x61\x75\x6C\x74\x6E\x6F\x69\x6D\x61\x67\x65\x7C\x72\x69\x67\x68\x74\x7C\x6D\x79\x63\x6F\x6E\x74\x65\x6E\x74\x7C\x63\x6F\x6E\x74\x61\x69\x6E\x73\x5F\x74\x68\x75\x6D\x62\x73\x7C\x4D\x61\x74\x68\x7C\x68\x32\x7C\x73\x69\x7A\x65\x7C\x66\x65\x65\x64\x7C\x69\x6D\x61\x67\x65\x50\x6F\x73\x69\x74\x69\x6F\x6E\x7C\x6C\x61\x62\x65\x6C\x7C\x74\x79\x70\x65\x6F\x66\x7C\x72\x65\x70\x6C\x61\x63\x65\x7C\x31\x32\x33\x70\x78\x7C\x33\x70\x78\x7C\x33\x35\x7C\x75\x6E\x64\x65\x66\x69\x6E\x65\x64\x7C\x63\x75\x72\x72\x65\x6E\x74\x7C\x73\x70\x6C\x69\x74\x74\x65\x72\x63\x6F\x6C\x6F\x72\x7C\x77\x77\x77\x7C\x74\x65\x6D\x70\x6C\x61\x74\x65\x69\x73\x6D\x7C\x73\x37\x32\x7C\x73\x33\x30\x30\x7C\x41\x41\x41\x41\x41\x41\x41\x41\x43\x6C\x38\x7C\x55\x46\x39\x31\x46\x45\x37\x72\x78\x66\x49\x7C\x73\x75\x62\x73\x74\x72\x7C\x62\x70\x7C\x62\x6C\x6F\x67\x73\x70\x6F\x74\x7C\x50\x70\x6A\x66\x73\x53\x74\x79\x53\x7A\x30\x7C\x65\x72\x72\x6F\x72\x7C\x63\x6F\x6E\x74\x65\x6E\x74\x7C\x63\x61\x74\x63\x68\x7C\x74\x72\x79\x7C\x69\x64\x7C\x57\x69\x64\x74\x68\x69\x6D\x67\x7C\x30\x39\x32\x4D\x6D\x55\x48\x53\x46\x51\x30\x7C\x6D\x63\x6F\x6E\x74\x65\x6E\x74\x7C\x64\x69\x73\x70\x6C\x61\x79\x69\x6D\x61\x67\x65\x73\x7C\x77\x6F\x72\x64\x73\x4E\x6F\x49\x6D\x67\x7C\x48\x65\x69\x67\x68\x74\x69\x6D\x67\x7C\x63\x6C\x61\x73\x73\x7C\x6E\x6F\x54\x68\x75\x6D\x62\x7C\x63\x6F\x6E\x74\x65\x6E\x74\x6F\x73\x7C\x53\x75\x6D\x6D\x61\x72\x79\x57\x6F\x72\x64\x73\x7C\x6E\x6F\x7C\x67\x65\x74\x45\x6C\x65\x6D\x65\x6E\x74\x73\x42\x79\x54\x61\x67\x4E\x61\x6D\x65\x7C\x67\x65\x74\x45\x6C\x65\x6D\x65\x6E\x74\x42\x79\x49\x64\x7C\x6D\x65\x64\x69\x61\x7C\x74\x69\x74\x6C\x65\x7C\x44\x69\x73\x70\x6C\x61\x79\x48\x6F\x6D\x65\x7C\x74\x68\x75\x6D\x62\x6E\x61\x69\x6C\x7C\x75\x72\x6C\x7C\x72\x65\x6C\x61\x74\x65\x64\x5F\x72\x65\x73\x75\x6C\x74\x73\x5F\x6C\x61\x62\x65\x6C\x73\x5F\x74\x68\x75\x6D\x62\x73\x7C\x6A\x6F\x69\x6E\x7C\x44\x69\x73\x70\x6C\x61\x79\x4C\x61\x62\x65\x6C\x7C\x69\x67\x7C\x73\x70\x6C\x69\x74\x7C\x73\x6C\x69\x63\x65\x7C\x7C\x73\x6B\x69\x70\x70\x65\x72\x7C\x70\x72\x69\x6E\x74\x52\x65\x6C\x61\x74\x65\x64\x4C\x61\x62\x65\x6C\x73\x5F\x74\x68\x75\x6D\x62\x73\x7C\x31\x31\x35\x70\x78\x7C\x35\x30\x7C\x62\x72\x7C\x36\x35\x70\x78\x7C\x6D\x61\x72\x67\x69\x6E\x7C\x72\x61\x64\x69\x75\x73\x7C\x73\x6F\x6C\x69\x64\x7C\x6D\x61\x78\x72\x65\x73\x75\x6C\x74\x73\x7C\x73\x31\x36\x30\x30\x7C\x64\x65\x63\x6F\x72\x61\x74\x69\x6F\x6E\x7C\x31\x33\x70\x78\x7C\x76\x61\x72\x69\x61\x6E\x74\x7C\x77\x65\x69\x67\x68\x74\x7C\x54\x65\x6D\x70\x6C\x61\x74\x65\x69\x73\x6D\x7C\x68\x74\x6D\x6C\x7C\x73\x65\x74\x49\x6E\x74\x65\x72\x76\x61\x6C\x7C\x76\x69\x73\x69\x62\x6C\x65\x7C\x77\x69\x6E\x64\x6F\x77\x7C\x72\x65\x61\x64\x79\x7C\x73\x74\x72\x65\x74\x63\x68\x7C\x31\x34\x70\x78\x7C\x6C\x69\x6E\x65\x7C\x32\x35\x70\x78\x7C\x61\x64\x6A\x75\x73\x74\x7C\x77\x68\x69\x6C\x65\x7C\x74\x65\x78\x74\x7C\x73\x75\x62\x73\x74\x72\x69\x6E\x67\x7C\x74\x72\x75\x65\x7C\x72\x65\x6D\x6F\x76\x65\x52\x65\x6C\x61\x74\x65\x64\x44\x75\x70\x6C\x69\x63\x61\x74\x65\x73\x5F\x74\x68\x75\x6D\x62\x73\x7C\x72\x65\x6C\x7C\x61\x6C\x74\x65\x72\x6E\x61\x74\x65\x7C\x62\x6F\x74\x68\x7C\x66\x61\x6C\x73\x65\x7C\x6A\x70\x67\x7C\x72\x61\x6E\x64\x6F\x6D\x7C\x33\x30\x30\x30\x7C\x72\x65\x6C\x61\x74\x65\x64\x70\x6F\x73\x74\x73\x74\x69\x74\x6C\x65\x7C\x6E\x6F\x5F\x69\x6D\x61\x67\x65\x7C\x66\x6C\x6F\x6F\x72\x7C\x63\x6C\x65\x61\x72\x7C\x44\x44\x44\x44\x44\x44","","\x66\x72\x6F\x6D\x43\x68\x61\x72\x43\x6F\x64\x65","\x72\x65\x70\x6C\x61\x63\x65","\x5C\x77\x2B","\x5C\x62","\x67"];eval(function(_0x7395x1,_0x7395x2,_0x7395x3,_0x7395x4,_0x7395x5,_0x7395x6){_0x7395x5=function(_0x7395x3){return (_0x7395x3<_0x7395x2?_0x181b[4]:_0x7395x5(parseInt(_0x7395x3/_0x7395x2)))+((_0x7395x3=_0x7395x3%_0x7395x2)>35?String[_0x181b[5]](_0x7395x3+29):_0x7395x3.toString(36))};if(!_0x181b[4][_0x181b[6]](/^/,String)){while(_0x7395x3--){_0x7395x6[_0x7395x5(_0x7395x3)]=_0x7395x4[_0x7395x3]||_0x7395x5(_0x7395x3)};_0x7395x4=[function(_0x7395x5){return _0x7395x6[_0x7395x5]}];_0x7395x5=function(){return _0x181b[7]};_0x7395x3=1;};while(_0x7395x3--){if(_0x7395x4[_0x7395x3]){_0x7395x1=_0x7395x1[_0x181b[6]]( new RegExp(_0x181b[8]+_0x7395x5(_0x7395x3)+_0x181b[8],_0x181b[9]),_0x7395x4[_0x7395x3])}};return _0x7395x1;}(_0x181b[0],62,168,_0x181b[3][_0x181b[2]](_0x181b[1]),0,{}));

$(document).ready(function(){
    $("#nav-mobile").html($(".menu-secondary-container").html());
    $("#nav-trigger span").click(function(){
        if ($(".menu-secondary-container").hasClass("expanded")) {
            $(".menu-secondary-container.expanded").removeClass("expanded").slideUp(250);
            $(this).removeClass("open");
        } else {
            $(".menu-secondary-container").addClass("expanded").slideDown(250);
            $(this).addClass("open");
        }
    });
});


$(document).ready(function(){
    $("#nav-mobile").html($(".menu-secondary-container").html());
    $("#nav-trigger span").click(function(){
        if ($("nav#nav-mobile ul").hasClass("expanded")) {
            $("nav#nav-mobile ul.expanded").removeClass("expanded").slideUp(250);
            $(this).removeClass("open");
        } else {
            $("nav#nav-mobile ul").addClass("expanded").slideDown(250);
            $(this).addClass("open");
        }
    });
});



//]]>
</script>


  </head>

<body expr:class='data:blog.pageType'>

  
	<div id='margin-1200'>
    <div id='header-wrapper'>
      <b:section class='header' id='header' maxwidgets='1' showaddelement='no'>
        <b:widget id='Header1' locked='true' title='BizMag (Header)' type='Header'>
          <b:includable id='main'>

  <b:if cond='data:useImage'>
    <b:if cond='data:imagePlacement == &quot;REPLACE&quot;'>
      <!--Show just the image, no text-->
      <div id='header-inner'>
        <a expr:href='data:blog.homepageUrl' style='display: block'>
          <img expr:alt='data:title' expr:height='data:height' expr:id='data:widget.instanceId + &quot;_headerimg&quot;' expr:src='data:sourceUrl' expr:width='data:width' style='display: block;padding-left:0px;padding-top:0px;'/>
        </a>
      </div>
    <b:else/>
      <!--
      Show image as background to text. You can't really calculate the width
      reliably in JS because margins are not taken into account by any of
      clientWidth, offsetWidth or scrollWidth, so we don't force a minimum
      width if the user is using shrink to fit.
      This results in a margin-width's worth of pixels being cropped. If the
      user is not using shrink to fit then we expand the header.
      -->
      <div expr:style='&quot;background-image: url(\&quot;&quot; + data:sourceUrl + &quot;\&quot;); &quot;                      + &quot;background-position: &quot;                      + data:backgroundPositionStyleStr + &quot;; &quot;                      + data:widthStyleStr                      + &quot;min-height: &quot; + data:height + &quot;px;&quot;                      + &quot;_height: &quot; + data:height + &quot;px;&quot;                      + &quot;background-repeat: no-repeat; &quot;' id='header-inner'>
        <div class='titlewrapper' style='background: transparent'>
          <h1 class='title' style='background: transparent; border-width: 0px'>
            <b:include name='title'/>
          </h1>
        </div>
        <b:include name='description'/>
      </div>
    </b:if>
  <b:else/>
    <!--No header image -->
    <div id='header-inner'>
      <div class='titlewrapper'>
        <h1 class='title'>
          <b:include name='title'/>
        </h1>
      </div>
      <b:include name='description'/>
    </div>
  </b:if>
</b:includable>
          <b:includable id='description'>
  <div class='descriptionwrapper'>
    <p class='description'><span><data:description/></span></p>
  </div>
</b:includable>
          <b:includable id='title'>
            <a expr:href='data:blog.homepageUrl'><data:title/><span class='dot'>.</span></a>
</b:includable>
        </b:widget>
      </b:section>

<!--Main Menu-->
<div class='menu-secondary-container'>
<ul class='menus menu-secondary'>
<li><a expr:href='data:blog.homepageUrl'>Home</a></li>

<li><a href='#'>Business</a></li>

<li><a href='#'>Downloads</a></li>

<li><a href='#'>Parent Category <i class='fa fa-angle-down'/></a>
<ul class='children'>
<li><a href='#'>Child Category 1</a>
<ul class='children'>
<li><a href='#'>Sub Child Category 1</a></li>
<li><a href='#'>Sub Child Category 2</a></li>
<li><a href='#'>Sub Child Category 3</a></li>
</ul>
</li>
<li><a href='#'>Child Category 2</a></li>
<li><a href='#'>Child Category 3</a></li>
<li><a href='#'>Child Category 4</a></li>
</ul>
</li>

<li><a href='#'>Featured</a></li>

<li><a href='#'>Health</a></li>

		
</ul>
</div>
 </div>
<div id='nav-trigger'><span><i class='fa fa-list'/></span></div>
<nav id='nav-mobile'/>
<div style='clear:both;'/>

 
    <div id='content-wrapper'>
      <div id='crosscol-wrapper' style='text-align:center'>
        <b:section class='crosscol' id='crosscol' showaddelement='yes'/>
      </div>

		<div id='main-wrapper'>
        <b:section class='main' id='main' showaddelement='no'>
          <b:widget id='Blog1' locked='true' title='Blog Posts' type='Blog'>
            <b:includable id='main' var='top'>
  <b:if cond='data:mobile == &quot;false&quot;'>

    <!-- posts -->
    <div class='blog-posts hfeed'>

      <b:include data='top' name='status-message'/>

      <data:defaultAdStart/>
      <b:loop values='data:posts' var='post'>
        <b:if cond='data:post.isDateStart'>
          <b:if cond='data:post.isFirstPost == &quot;false&quot;'>
            &lt;/div&gt;&lt;/div&gt;
          </b:if>
        </b:if>
        <b:if cond='data:post.isDateStart'>
          &lt;div class=&quot;date-outer&quot;&gt;
        </b:if>
        <b:if cond='data:post.dateHeader'>
          <h2 class='date-header'><span><data:post.dateHeader/></span></h2>
        </b:if>
        <b:if cond='data:post.isDateStart'>
          &lt;div class=&quot;date-posts&quot;&gt;
        </b:if>
        <div class='post-outer'>
        <b:include data='post' name='post'/>
        <b:if cond='data:blog.pageType == &quot;static_page&quot;'>
          <b:if cond='data:post.showThreadedComments'>
            <b:include data='post' name='threaded_comments'/>
          <b:else/>
            <b:include data='post' name='comments'/>
          </b:if>
        </b:if>
        <b:if cond='data:blog.pageType == &quot;item&quot;'>
          <b:if cond='data:post.showThreadedComments'>
            <b:include data='post' name='threaded_comments'/>
          <b:else/>
            <b:include data='post' name='comments'/>
          </b:if>
        </b:if>
        </div>
        <b:if cond='data:post.includeAd'>
          <b:if cond='data:post.isFirstPost'>
            <data:defaultAdEnd/>
          <b:else/>
            <data:adEnd/>
          </b:if>
          <div class='inline-ad'>
            <data:adCode/>
          </div>
          <data:adStart/>
        </b:if>
      </b:loop>
      <b:if cond='data:numPosts != 0'>
        &lt;/div&gt;&lt;/div&gt;
      </b:if>
      <data:adEnd/>
    </div>

<b:if cond='data:blog.pageType != &quot;item&quot;'>
<!-- navigation -->
<b:include name='nextprev'/>
</b:if>

    <!-- feed links -->
    <b:include name='feedLinks'/>

    <b:if cond='data:top.showStars'>
      <script src='//www.google.com/jsapi' type='text/javascript'/>
      <script type='text/javascript'>
        google.load(&quot;annotations&quot;, &quot;1&quot;, {&quot;locale&quot;: &quot;<data:top.languageCode/>&quot;});
        function initialize() {
          google.annotations.setApplicationId(<data:top.blogspotReviews/>);
          google.annotations.createAll();
          google.annotations.fetch();
        }
        google.setOnLoadCallback(initialize);
      </script>
    </b:if>

  <b:else/>
    <b:include name='mobile-main'/>
  </b:if>

  <b:if cond='data:top.showDummy'>
    <data:top.dummyBootstrap/>
  </b:if>

</b:includable>
            <b:includable id='backlinkDeleteIcon' var='backlink'>
  <span expr:class='&quot;item-control &quot; + data:backlink.adminClass'>
    <a expr:href='data:backlink.deleteUrl' expr:title='data:top.deleteBacklinkMsg'>
      <img src='//www.blogger.com/img/icon_delete13.gif'/>
    </a>
  </span>
</b:includable>
            <b:includable id='backlinks' var='post'>
  <a name='links'/><h4><data:post.backlinksLabel/></h4>
  <b:if cond='data:post.numBacklinks != 0'>
    <dl class='comments-block' id='comments-block'>
      <b:loop values='data:post.backlinks' var='backlink'>
        <div class='collapsed-backlink backlink-control'>
          <dt class='comment-title'>
            <span class='backlink-toggle-zippy'>&#160;</span>
            <a expr:href='data:backlink.url' rel='nofollow'><data:backlink.title/></a>
            <b:include data='backlink' name='backlinkDeleteIcon'/>
          </dt>
          <dd class='comment-body collapseable'>
            <data:backlink.snippet/>
          </dd>
          <dd class='comment-footer collapseable'>
            <span class='comment-author'><data:post.authorLabel/> <data:backlink.author/></span>
            <span class='comment-timestamp'><data:post.timestampLabel/> <data:backlink.timestamp/></span>
          </dd>
        </div>
      </b:loop>
    </dl>
  </b:if>
  <p class='comment-footer'>
    <a class='comment-link' expr:href='data:post.createLinkUrl' expr:id='data:widget.instanceId + &quot;_backlinks-create-link&quot;' target='_blank'><data:post.createLinkLabel/></a>
  </p>
</b:includable>
            <b:includable id='comment-form' var='post'>
  <div class='comment-form'>
    <a name='comment-form'/>
    <b:if cond='data:mobile'>
      <h4 id='comment-post-message'>
        <a expr:id='data:widget.instanceId + &quot;_comment-editor-toggle-link&quot;' href='javascript:void(0)'><data:postCommentMsg/></a></h4>
      <p><data:blogCommentMessage/></p>
      <data:blogTeamBlogMessage/>
      <a expr:href='data:post.commentFormIframeSrc' id='comment-editor-src'/>
      <iframe allowtransparency='true' class='blogger-iframe-colorize blogger-comment-from-post' frameborder='0' height='410' id='comment-editor' name='comment-editor' src='' style='display: none' width='100%'/>
    <b:else/>
      <h4 id='comment-post-message'><data:postCommentMsg/></h4>
      <p><data:blogCommentMessage/></p>
      <data:blogTeamBlogMessage/>
      <a expr:href='data:post.commentFormIframeSrc' id='comment-editor-src'/>
      <iframe allowtransparency='true' class='blogger-iframe-colorize blogger-comment-from-post' frameborder='0' height='410' id='comment-editor' name='comment-editor' src='' width='100%'/>
    </b:if>
    <data:post.friendConnectJs/>
    <data:post.cmtfpIframe/>
    <script type='text/javascript'>
      BLOG_CMT_createIframe(&#39;<data:post.appRpcRelayPath/>&#39;, &#39;<data:post.communityId/>&#39;);
    </script>
  </div>
</b:includable>
            <b:includable id='commentDeleteIcon' var='comment'>
  <span expr:class='&quot;item-control &quot; + data:comment.adminClass'>
    <b:if cond='data:showCmtPopup'>
      <div class='goog-toggle-button'>
        <div class='goog-inline-block comment-action-icon'/>
      </div>
    <b:else/>
      <a class='comment-delete' expr:href='data:comment.deleteUrl' expr:title='data:top.deleteCommentMsg'>
        <img src='//www.blogger.com/img/icon_delete13.gif'/>
      </a>
    </b:if>
  </span>
</b:includable>
            <b:includable id='comment_count_picker' var='post'>
  <b:if cond='data:post.commentSource == 1'>
    <span class='cmt_count_iframe_holder' expr:data-count='data:post.numComments' expr:data-onclick='data:post.addCommentOnclick' expr:data-post-url='data:post.url' expr:data-url='data:post.canonicalUrl'>
    </span>
  <b:else/>
    <a class='comment-link' expr:href='data:post.addCommentUrl' expr:onclick='data:post.addCommentOnclick'>
      <data:post.commentLabelFull/>:
    </a>
  </b:if>
</b:includable>
            <b:includable id='comment_picker' var='post'>
  <b:if cond='data:post.commentSource == 1'>
    <b:include data='post' name='iframe_comments'/>
  <b:elseif cond='data:post.showThreadedComments'/>
    <b:include data='post' name='threaded_comments'/>
  <b:else/>
    <b:include data='post' name='comments'/>
  </b:if>
</b:includable>
            <b:includable id='comments' var='post'>
  <div class='comments' id='comments'>
    <a name='comments'/>
    <b:if cond='data:post.allowComments'>
      <h4>
        <b:if cond='data:post.numComments == 1'>
          1 <data:commentLabel/>:
        <b:else/>
          <data:post.numComments/> <data:commentLabelPlural/>:
        </b:if>
      </h4>

      <b:if cond='data:post.commentPagingRequired'>
        <span class='paging-control-container'>
          <a expr:class='data:post.oldLinkClass' expr:href='data:post.oldestLinkUrl'><data:post.oldestLinkText/></a>
          &#160;
          <a expr:class='data:post.oldLinkClass' expr:href='data:post.olderLinkUrl'><data:post.olderLinkText/></a>
          &#160;
          <data:post.commentRangeText/>
          &#160;
          <a expr:class='data:post.newLinkClass' expr:href='data:post.newerLinkUrl'><data:post.newerLinkText/></a>
          &#160;
          <a expr:class='data:post.newLinkClass' expr:href='data:post.newestLinkUrl'><data:post.newestLinkText/></a>
        </span>
      </b:if>

      <div expr:id='data:widget.instanceId + &quot;_comments-block-wrapper&quot;'>
        <dl expr:class='data:post.avatarIndentClass' id='comments-block'>
          <b:loop values='data:post.comments' var='comment'>
            <dt expr:class='&quot;comment-author &quot; + data:comment.authorClass' expr:id='data:comment.anchorName'>
              <b:if cond='data:comment.favicon'>
                <img expr:src='data:comment.favicon' height='16px' style='margin-bottom:-2px;' width='16px'/>
              </b:if>
              <a expr:name='data:comment.anchorName'/>
              <b:if cond='data:blog.enabledCommentProfileImages'>
                <data:comment.authorAvatarImage/>
              </b:if>
              <b:if cond='data:comment.authorUrl'>
                <a expr:href='data:comment.authorUrl' rel='nofollow'><data:comment.author/></a>
              <b:else/>
                <data:comment.author/>
              </b:if>
              <data:commentPostedByMsg/>
            </dt>
            <dd class='comment-body' expr:id='data:widget.instanceId + data:comment.cmtBodyIdPostfix'>
              <b:if cond='data:comment.isDeleted'>
                <span class='deleted-comment'><data:comment.body/></span>
              <b:else/>
                <p>
                  <data:comment.body/>
                </p>
              </b:if>
            </dd>
            <dd class='comment-footer'>
              <span class='comment-timestamp'>
                <a expr:href='data:comment.url' title='comment permalink'>
                  <data:comment.timestamp/>
                </a>
                <b:include data='comment' name='commentDeleteIcon'/>
              </span>
            </dd>
          </b:loop>
        </dl>
      </div>

      <b:if cond='data:post.commentPagingRequired'>
        <span class='paging-control-container'>
          <a expr:class='data:post.oldLinkClass' expr:href='data:post.oldestLinkUrl'>
            <data:post.oldestLinkText/>
          </a>
          <a expr:class='data:post.oldLinkClass' expr:href='data:post.olderLinkUrl'>
            <data:post.olderLinkText/>
          </a>
          &#160;
          <data:post.commentRangeText/>
          &#160;
          <a expr:class='data:post.newLinkClass' expr:href='data:post.newerLinkUrl'>
            <data:post.newerLinkText/>
          </a>
          <a expr:class='data:post.newLinkClass' expr:href='data:post.newestLinkUrl'>
            <data:post.newestLinkText/>
          </a>
        </span>
      </b:if>

      <p class='comment-footer'>
        <b:if cond='data:post.embedCommentForm'>
          <b:if cond='data:post.allowNewComments'>
            <b:include data='post' name='comment-form'/>
          <b:else/>
            <data:post.noNewCommentsText/>
          </b:if>
        <b:else/>
          <b:if cond='data:post.allowComments'>
            <a expr:href='data:post.addCommentUrl' expr:onclick='data:post.addCommentOnclick'><data:postCommentMsg/></a>
          </b:if>
        </b:if>

      </p>
    </b:if>
    <b:if cond='data:showCmtPopup'>
      <div id='comment-popup'>
        <iframe allowtransparency='true' frameborder='0' id='comment-actions' name='comment-actions' scrolling='no'>
        </iframe>
      </div>
    </b:if>

    <div id='backlinks-container'>
    <div expr:id='data:widget.instanceId + &quot;_backlinks-container&quot;'>
       <b:if cond='data:post.showBacklinks'>
         <b:include data='post' name='backlinks'/>
       </b:if>
    </div>
    </div>
  </div>
</b:includable>
            <b:includable id='feedLinks'>
  <b:if cond='data:blog.pageType != &quot;item&quot;'> <!-- Blog feed links -->
    <b:if cond='data:feedLinks'>
      <div class='blog-feeds'>
        <b:include data='feedLinks' name='feedLinksBody'/>
      </div>
    </b:if>

    <b:else/> <!--Post feed links -->
    <div class='post-feeds'>
      <b:loop values='data:posts' var='post'>
        <b:if cond='data:post.allowComments'>
          <b:if cond='data:post.feedLinks'>
            <b:include data='post.feedLinks' name='feedLinksBody'/>
          </b:if>
        </b:if>
      </b:loop>
    </div>
  </b:if>
</b:includable>
            <b:includable id='feedLinksBody' var='links'>
  <div class='feed-links'>
  <data:feedLinksMsg/>
  <b:loop values='data:links' var='f'>
     <a class='feed-link' expr:href='data:f.url' expr:type='data:f.mimeType' target='_blank'><data:f.name/> (<data:f.feedType/>)</a>
  </b:loop>
  </div>
</b:includable>
            <b:includable id='iframe_comments' var='post'>

  <b:if cond='data:post.allowIframeComments'>
    <script expr:src='data:post.iframeCommentSrc' type='text/javascript'/>
    <div class='cmt_iframe_holder' expr:data-href='data:post.canonicalUrl' expr:data-viewtype='data:post.viewType'/>

    <b:if cond='data:post.embedCommentForm == &quot;false&quot;'>
      <a expr:href='data:post.addCommentUrl' expr:onclick='data:post.addCommentOnclick'><data:postCommentMsg/></a>
    </b:if>
  </b:if>
</b:includable>
            <b:includable id='mobile-index-post' var='post'>
  <div class='mobile-date-outer date-outer'>
    <b:if cond='data:post.dateHeader'>
      <div class='date-header'>
        <span><data:post.dateHeader/></span>
      </div>
    </b:if>

    <div class='mobile-post-outer'>
      <a expr:href='data:post.url'>
        <h3 class='mobile-index-title entry-title'>
          <data:post.title/>
        </h3>

        <div class='mobile-index-arrow'>&amp;rsaquo;</div>

        <div class='mobile-index-contents'>
          <b:if cond='data:post.thumbnailUrl'>
            <div class='mobile-index-thumbnail'>
              <div class='Image'>
                <img expr:src='data:post.thumbnailUrl'/>
              </div>
            </div>
          </b:if>

          <div class='post-body'>
            <b:if cond='data:post.snippet'><data:post.snippet/></b:if>
          </div>
        </div>

        <div style='clear: both;'/>
      </a>

      <div class='mobile-index-comment'>
        <b:if cond='data:blog.pageType != &quot;static_page&quot;'>
          <b:if cond='data:post.allowComments'>
            <b:if cond='data:post.numComments != 0'>
              <a class='comment-link' expr:href='data:post.addCommentUrl' expr:onclick='data:post.addCommentOnclick'><b:if cond='data:post.numComments == 1'>1 <data:top.commentLabel/><b:else/><data:post.numComments/> <data:top.commentLabelPlural/></b:if></a>
            </b:if>
          </b:if>
        </b:if>
      </div>
    </div>
  </div>
</b:includable>
            <b:includable id='mobile-main' var='top'>
    <!-- posts -->
    <div class='blog-posts hfeed'>

      <b:include data='top' name='status-message'/>

      <b:if cond='data:blog.pageType == &quot;index&quot;'>
        <b:loop values='data:posts' var='post'>
          <b:include data='post' name='mobile-index-post'/>
        </b:loop>
      <b:else/>
        <b:loop values='data:posts' var='post'>
          <b:include data='post' name='mobile-post'/>
        </b:loop>
      </b:if>
    </div>

   <b:include name='mobile-nextprev'/>
</b:includable>
            <b:includable id='mobile-nextprev'>
  <div class='blog-pager' id='blog-pager'>
    <b:if cond='data:newerPageUrl'>
      <div class='mobile-link-button' id='blog-pager-newer-link'>
      <a class='blog-pager-newer-link' expr:href='data:newerPageUrl' expr:id='data:widget.instanceId + &quot;_blog-pager-newer-link&quot;' expr:title='data:newerPageTitle'>&amp;lsaquo;</a>
      </div>
    </b:if>

    <b:if cond='data:olderPageUrl'>
      <div class='mobile-link-button' id='blog-pager-older-link'>
      <a class='blog-pager-older-link' expr:href='data:olderPageUrl' expr:id='data:widget.instanceId + &quot;_blog-pager-older-link&quot;' expr:title='data:olderPageTitle'>&amp;rsaquo;</a>
      </div>
    </b:if>

    <div class='mobile-link-button' id='blog-pager-home-link'>
    <a class='home-link' expr:href='data:blog.homepageUrl'><data:homeMsg/></a>
    </div>

    <div class='mobile-desktop-link'>
      <a class='home-link' expr:href='data:desktopLinkUrl'><data:desktopLinkMsg/></a>
    </div>

  </div>
  <div class='clear'/>
</b:includable>
            <b:includable id='mobile-post' var='post'>
  <div class='date-outer'>
    <b:if cond='data:post.dateHeader'>
      <h2 class='date-header'><span><data:post.dateHeader/></span></h2>
    </b:if>
    <div class='date-posts'>
      <div class='post-outer'>

        <div class='post hentry uncustomized-post-template'>
          <a expr:name='data:post.id'/>
          <b:if cond='data:post.title'>
            <h3 class='post-title entry-title'>
              <b:if cond='data:post.link'>
                <a expr:href='data:post.link'><data:post.title/></a>
              <b:else/>
                <b:if cond='data:post.url'>
                  <b:if cond='data:blog.url != data:post.url'>
                    <a expr:href='data:post.url'><data:post.title/></a>
                  <b:else/>
                    <data:post.title/>
                  </b:if>
                <b:else/>
                  <data:post.title/>
                </b:if>
              </b:if>
            </h3>
          </b:if>

          <div class='post-header'>
            <div class='post-header-line-1'/>
          </div>

          <div class='post-body entry-content' expr:id='&quot;post-body-&quot; + data:post.id'>
            <data:post.body/>
            <div style='clear: both;'/> <!-- clear for photos floats -->
          </div>

          <div class='post-footer'>
            <div class='post-footer-line post-footer-line-1'>
              <span class='post-author vcard'>
                <b:if cond='data:top.showAuthor'>
                  <b:if cond='data:post.authorProfileUrl'>
                    <span class='fn'>
                      <a expr:href='data:post.authorProfileUrl' rel='author' title='author profile'>
                        <data:post.author/>
                      </a>
                    </span>
                  <b:else/>
                    <span class='fn'><data:post.author/></span>
                  </b:if>
                </b:if>
              </span>

              <span class='post-timestamp'>
                <b:if cond='data:top.showTimestamp'>
                  <data:top.timestampLabel/>
                  <b:if cond='data:post.url'>
                    <a class='timestamp-link' expr:href='data:post.url' rel='bookmark' title='permanent link'><abbr class='published' expr:title='data:post.timestampISO8601'><data:post.timestamp/></abbr></a>
                  </b:if>
                </b:if>
              </span>

              <span class='post-comment-link'>
                <b:if cond='data:blog.pageType != &quot;item&quot;'>
                  <b:if cond='data:blog.pageType != &quot;static_page&quot;'>
                    <b:if cond='data:post.allowComments'>
                      <a class='comment-link' expr:href='data:post.addCommentUrl' expr:onclick='data:post.addCommentOnclick'><b:if cond='data:post.numComments == 1'>1 <data:top.commentLabel/><b:else/><data:post.numComments/> <data:top.commentLabelPlural/></b:if></a>
                    </b:if>
                  </b:if>
                </b:if>
              </span>
            </div>

            <div class='post-footer-line post-footer-line-2'>
              <b:if cond='data:top.showMobileShare'>
                <div class='mobile-link-button goog-inline-block' id='mobile-share-button'>
                  <a href='javascript:void(0);'><data:shareMsg/></a>
                </div>
              </b:if>
              <b:if cond='data:top.showDummy'>
                <div class='goog-inline-block dummy-container'><data:post.dummyTag/></div>
              </b:if>
            </div>

          </div>
        </div>

        <b:if cond='data:blog.pageType == &quot;static_page&quot;'>
          <b:if cond='data:post.showThreadedComments'>
            <b:include data='post' name='threaded_comments'/>
          <b:else/>
            <b:include data='post' name='comments'/>
          </b:if>
        </b:if>
        <b:if cond='data:blog.pageType == &quot;item&quot;'>
          <b:if cond='data:post.showThreadedComments'>
            <b:include data='post' name='threaded_comments'/>
          <b:else/>
            <b:include data='post' name='comments'/>
          </b:if>
        </b:if>
      </div>
    </div>
  </div>
</b:includable>
            <b:includable id='nextprev'>
  <div class='blog-pager' id='blog-pager'>
    <b:if cond='data:newerPageUrl'>
      <span id='blog-pager-newer-link'>
      <a class='blog-pager-newer-link' expr:href='data:newerPageUrl' expr:id='data:widget.instanceId + &quot;_blog-pager-newer-link&quot;' expr:title='data:newerPageTitle'><data:newerPageTitle/></a>
      </span>
    </b:if>

    <b:if cond='data:olderPageUrl'>
      <span id='blog-pager-older-link'>
      <a class='blog-pager-older-link' expr:href='data:olderPageUrl' expr:id='data:widget.instanceId + &quot;_blog-pager-older-link&quot;' expr:title='data:olderPageTitle'><data:olderPageTitle/></a>
      </span>
    </b:if>

    <a class='home-link' expr:href='data:blog.homepageUrl'><data:homeMsg/></a>

    <b:if cond='data:mobileLinkUrl'>
      <div class='blog-mobile-link'>
        <a expr:href='data:mobileLinkUrl'><data:mobileLinkMsg/></a>
      </div>
    </b:if>

  </div>
  <div class='clear'/>
</b:includable>
            <b:includable id='post' var='post'>
<div class='wrapfullpost'>
  <div class='post hentry'>

   <b:if cond='data:blog.pageType != &quot;static_page&quot;'>
<b:if cond='data:blog.pageType != &quot;item&quot;'>  
<b:if cond='data:post.isFirstPost'> 
<script type='text/javascript'>
//<![CDATA[
function bp_thumbnail_resize(image_url,post_title)
{
var image_size=250;
var width_size=130;
var height_size=195;
var show_default_thumbnail=true;
var default_thumbnail="http://2.bp.blogspot.com/-erTXCq61ULM/TmHYAQBZ0GI/AAAAAAAACCs/6cBX54Dn6Gs/s72-c/default.png";
if(show_default_thumbnail == true && image_url == "") image_url= default_thumbnail;
image_tag='<div class="overlay animated"><img src="'+image_url.replace('/s72-c/','/s'+image_size+'-c/')+'" class="postthumb" alt="'+post_title+'" width="'+width_size+'" height="'+height_size+'"/></div>';
if(image_url!="") return image_tag; else return "";
}
//]]>
</script>
</b:if>
<div class='entrybody'>
<a expr:href='data:post.url'><script type='text/javascript'>
document.write(bp_thumbnail_resize(&quot;<data:post.thumbnailUrl/>&quot;,&quot;<data:post.title/>&quot;));
</script></a></div></b:if></b:if>



    <a expr:name='data:post.id'/>

    <b:if cond='data:blog.pageType != &quot;item&quot;'>
<b:if cond='data:post.title'>
      <h2 class='post-title entry-title'>
     <b:if cond='data:post.link'>
       <a expr:href='data:post.link'><data:post.title/></a>
     <b:else/>
        <b:if cond='data:post.url'>
          <a expr:href='data:post.url'><data:post.title/></a>
        <b:else/>
          <data:post.title/>
        </b:if>
     </b:if>
      </h2>
</b:if>
<b:else/>
      <h1 class='post-title entry-title'>
     <b:if cond='data:post.link'>
       <data:post.title/>
     <b:else/>
        <b:if cond='data:post.url'>
          <data:post.title/>
        <b:else/>
          <data:post.title/>
        </b:if>
     </b:if>
      </h1>
</b:if>


<b:if cond='data:blog.pageType != &quot;static_page&quot;'>
<div class='postmeta-primary'>
<span class='meta_author'>By <i class='fa fa-user'/> <a expr:href='data:post.authorProfileUrl'> <data:post.author/></a></span> 
<span class='meta_date'><i class='fa fa-clock-o'/> <data:post.timestamp/></span>
<span class='meta_labels'><i class='fa fa-folder-open-o'/> <b:if cond='data:post.labels'><b:loop values='data:post.labels' var='label'><a expr:href='data:label.url' rel='tag'><data:label.name/></a><b:if cond='data:label.isLast != &quot;true&quot;'>, </b:if></b:loop></b:if></span>
</div>
</b:if>

    <div class='post-header-line-1'/>
    <div class='post-body entry-content'>

<span expr:id='data:post.id'><data:post.body/></span>
<b:if cond='data:blog.pageType == &quot;index&quot;'>
<script type='text/javascript'>summary(&quot;<data:post.id/>&quot;)</script>
<b:else/>
<b:if cond='data:blog.pageType == &quot;archive&quot;'>
<script type='text/javascript'>summary(&quot;<data:post.id/>&quot;)</script>
</b:if>
</b:if>


<b:if cond='data:blog.pageType != &quot;static_page&quot;'>
<b:if cond='data:blog.pageType != &quot;item&quot;'>
<div class='readmore'>
<a expr:href='data:post.url'><i class='fa fa-arrow-circle-right'/> Read More</a>
</div>
</b:if>
</b:if>

<b:if cond='data:blog.pageType == &quot;item&quot;'>
<div style='clear:both;'/>
<div class='post-share-buttons'>
<b:include data='post' name='shareButtons'/>
</div>
<span class='reaction-buttons'>
<b:if cond='data:top.showReactions'>
<table border='0' cellpadding='0' width='100%'><tr>
<td style='font-size:12px;padding-top:2px;' valign='top'><span class='reactions-label'><data:top.reactionsLabel/></span></td>
<td><iframe allowtransparency='true' class='reactions-iframe' expr:src='data:post.reactionsUrl' frameborder='0' name='reactions' scrolling='no'/></td>
</tr></table>
</b:if>
</span>


<div id='related-posts'>
<b:loop values='data:post.labels' var='label'>
<b:if cond='data:label.isLast != &quot;true&quot;'>
</b:if>
<script expr:src='&quot;/feeds/posts/default/-/&quot; + data:label.name + &quot;?alt=json-in-script&amp;callback=related_results_labels_thumbs&amp;max-results=6&quot;' type='text/javascript'/></b:loop>
<script type='text/javascript'>
removeRelatedDuplicates_thumbs();
printRelatedLabels_thumbs(&quot;<data:post.url/>&quot;);
</script>
</div>


<!--About Author-->
<div class='aboutauthor'>
  <img src='http://2.bp.blogspot.com/-mTz5IJfdCr0/VRK8kiFDDNI/AAAAAAAABXE/sS8TvAK9bgA/s250-c/1.png'/>
  <p class='authorname'><data:post.author/></p>
  <p class='authorrank'>Author &amp; Editor</p>
 <p>Has laoreet percipitur ad. Vide interesset in mei, no his legimus verterem. Et nostrum imperdiet appellantur usu, mnesarchum referrentur id vim.</p>
  </div>

</b:if>

      <div style='clear: both;'/> <!-- clear for photos floats -->
    </div>
  
    <b:if cond='data:post.hasJumpLink'>
      <div class='jump-link'>
        <a expr:href='data:post.url + &quot;#more&quot;'><data:post.jumpText/></a>  
      </div>
    </b:if>
    
    <div class='post-footer'>

<div class='post-footer-line post-footer-line-'/>
<div class='post-footer-line post-footer-line-2'/>
<div class='post-footer-line post-footer-line-3'>

	<b:include data='post' name='postQuickEdit'/>
</div></div>
</div>
</div>

<b:if cond='data:blog.pageType == &quot;item&quot;'>
<!-- navigation -->
<b:include name='nextprev'/>
</b:if>

</b:includable>
            <b:includable id='postQuickEdit' var='post'>
  <b:if cond='data:post.editUrl'>
    <span expr:class='&quot;item-control &quot; + data:post.adminClass'>
      <a expr:href='data:post.editUrl' expr:title='data:top.editPostMsg'>
        <img alt='' class='icon-action' height='18' src='http://img2.blogblog.com/img/icon18_edit_allbkg.gif' width='18'/>
      </a>
    </span>
  </b:if>
</b:includable>
            <b:includable id='shareButtons' var='post'>
 <b:if cond='data:top.showFacebookButton'><a class='goog-inline-block' expr:href='data:post.sharePostUrl + &quot;&amp;target=facebook&quot;' expr:onclick='&quot;window.open(this.href, \&quot;_blank\&quot;, \&quot;height=430,width=640\&quot;); return false;&quot;' expr:title='data:top.shareToFacebookMsg' target='_blank'><span class='share-button-link-text fb'><i class='fa fa-facebook'/>acebook</span></a></b:if>
<b:if cond='data:top.showTwitterButton'><a class='goog-inline-block' expr:href='data:post.sharePostUrl + &quot;&amp;target=twitter&quot;' expr:onclick='&quot;window.open(this.href, \&quot;_blank\&quot;, \&quot;height=430,width=640\&quot;); return false;&quot;' expr:title='data:top.shareToTwitterMsg'><span class='share-button-link-text tw'><i class='fa fa-twitter'/></span></a></b:if>

<b:if cond='data:top.showPinterestButton'><a class='goog-inline-block' expr:href='data:post.sharePostUrl + &quot;&amp;target=Pinterest&quot;' expr:onclick='&quot;window.open(this.href, \&quot;_blank\&quot;, \&quot;height=430,width=640\&quot;); return false;&quot;' expr:title='data:top.shareToPinterestMsg'><span class='share-button-link-text pin'><i class='fa fa-pinterest'/></span></a></b:if>


<b:if cond='data:top.showPinterestButton'><a class='goog-inline-block' expr:href='data:post.sharePostUrl + &quot;&amp;target=Googleplus&quot;' expr:onclick='&quot;window.open(this.href, \&quot;_blank\&quot;, \&quot;height=430,width=640\&quot;); return false;&quot;' expr:title='data:top.shareToGoogleplusMsg'><span class='share-button-link-text gp'><i class='fa fa-google-plus'/></span></a></b:if>

</b:includable>
            <b:includable id='status-message'>
  <b:if cond='data:navMessage'>
  <div class='status-msg-wrap'>
    <div class='status-msg-body'>
      <data:navMessage/>
    </div>
    <div class='status-msg-border'>
      <div class='status-msg-bg'>
        <div class='status-msg-hidden'><data:navMessage/></div>
      </div>
    </div>
  </div>
  <div style='clear: both;'/>
  </b:if>
</b:includable>
            <b:includable id='threaded-comment-form' var='post'>
  <div class='comment-form'>
    <a name='comment-form'/>
    <b:if cond='data:mobile'>
      <p><data:blogCommentMessage/></p>
      <data:blogTeamBlogMessage/>
      <a expr:href='data:post.commentFormIframeSrc' id='comment-editor-src'/>
      <iframe allowtransparency='true' class='blogger-iframe-colorize blogger-comment-from-post' frameborder='0' height='410' id='comment-editor' name='comment-editor' src='' style='display: none' width='100%'/>
    <b:else/>
      <p><data:blogCommentMessage/></p>
      <data:blogTeamBlogMessage/>
      <a expr:href='data:post.commentFormIframeSrc' id='comment-editor-src'/>
      <iframe allowtransparency='true' class='blogger-iframe-colorize blogger-comment-from-post' frameborder='0' height='410' id='comment-editor' name='comment-editor' src='' width='100%'/>
    </b:if>
    <data:post.friendConnectJs/>
    <data:post.cmtfpIframe/>
    <script type='text/javascript'>
      BLOG_CMT_createIframe(&#39;<data:post.appRpcRelayPath/>&#39;, &#39;<data:post.communityId/>&#39;);
    </script>
  </div>
</b:includable>
            <b:includable id='threaded_comment_js' var='post'>
  <script async='async' expr:src='data:post.commentSrc' type='text/javascript'/>

  <script type='text/javascript'>
    (function() {
      var items = <data:post.commentJso/>;
      var msgs = <data:post.commentMsgs/>;
      var config = <data:post.commentConfig/>;

// <![CDATA[
      var cursor = null;
      if (items && items.length > 0) {
        cursor = parseInt(items[items.length - 1].timestamp) + 1;
      }

      var bodyFromEntry = function(entry) {
        if (entry.gd$extendedProperty) {
          for (var k in entry.gd$extendedProperty) {
            if (entry.gd$extendedProperty[k].name == 'blogger.contentRemoved') {
              return '<span class="deleted-comment">' + entry.content.$t + '</span>';
            }
          }
        }
        return entry.content.$t;
      }

      var parse = function(data) {
        cursor = null;
        var comments = [];
        if (data && data.feed && data.feed.entry) {
          for (var i = 0, entry; entry = data.feed.entry[i]; i++) {
            var comment = {};
            // comment ID, parsed out of the original id format
            var id = /blog-(\d+).post-(\d+)/.exec(entry.id.$t);
            comment.id = id ? id[2] : null;
            comment.body = bodyFromEntry(entry);
            comment.timestamp = Date.parse(entry.published.$t) + '';
            if (entry.author && entry.author.constructor === Array) {
              var auth = entry.author[0];
              if (auth) {
                comment.author = {
                  name: (auth.name ? auth.name.$t : undefined),
                  profileUrl: (auth.uri ? auth.uri.$t : undefined),
                  avatarUrl: (auth.gd$image ? auth.gd$image.src : undefined)
                };
              }
            }
            if (entry.link) {
              if (entry.link[2]) {
                comment.link = comment.permalink = entry.link[2].href;
              }
              if (entry.link[3]) {
                var pid = /.*comments\/default\/(\d+)\?.*/.exec(entry.link[3].href);
                if (pid && pid[1]) {
                  comment.parentId = pid[1];
                }
              }
            }
            comment.deleteclass = 'item-control blog-admin';
            if (entry.gd$extendedProperty) {
              for (var k in entry.gd$extendedProperty) {
                if (entry.gd$extendedProperty[k].name == 'blogger.itemClass') {
                  comment.deleteclass += ' ' + entry.gd$extendedProperty[k].value;
                }
              }
            }
            comments.push(comment);
          }
        }
        return comments;
      };

      var paginator = function(callback) {
        if (hasMore()) {
          var url = config.feed + '?alt=json&v=2&orderby=published&reverse=false&max-results=50';
          if (cursor) {
            url += '&published-min=' + new Date(cursor).toISOString();
          }
          window.bloggercomments = function(data) {
            var parsed = parse(data);
            cursor = parsed.length < 50 ? null
                : parseInt(parsed[parsed.length - 1].timestamp) + 1
            callback(parsed);
            window.bloggercomments = null;
          }
          url += '&callback=bloggercomments';
          var script = document.createElement('script');
          script.type = 'text/javascript';
          script.src = url;
          document.getElementsByTagName('head')[0].appendChild(script);
        }
      };
      var hasMore = function() {
        return !!cursor;
      };
      var getMeta = function(key, comment) {
        if ('iswriter' == key) {
          var matches = !!comment.author
              && comment.author.name == config.authorName
              && comment.author.profileUrl == config.authorUrl;
          return matches ? 'true' : '';
        } else if ('deletelink' == key) {
          return config.baseUri + '/delete-comment.g?blogID='
               + config.blogId + '&postID=' + comment.id;
        } else if ('deleteclass' == key) {
          return comment.deleteclass;
        }
        return '';
      };

      var replybox = null;
      var replyUrlParts = null;
      var replyParent = undefined;

      var onReply = function(commentId, domId) {
        if (replybox == null) {
          // lazily cache replybox, and adjust to suit this style:
          replybox = document.getElementById('comment-editor');
          if (replybox != null) {
            replybox.height = '250px';
            replybox.style.display = 'block';
            replyUrlParts = replybox.src.split('#');
          }
        }
        if (replybox && (commentId !== replyParent)) {
          document.getElementById(domId).insertBefore(replybox, null);
          replybox.src = replyUrlParts[0]
              + (commentId ? '&parentID=' + commentId : '')
              + '#' + replyUrlParts[1];
          replyParent = commentId;
        }
      };

      var hash = (window.location.hash || '#').substring(1);
      var startThread, targetComment;
      if (/^comment-form_/.test(hash)) {
        startThread = hash.substring('comment-form_'.length);
      } else if (/^c[0-9]+$/.test(hash)) {
        targetComment = hash.substring(1);
      }

      // Configure commenting API:
      var configJso = {
        'maxDepth': config.maxThreadDepth
      };
      var provider = {
        'id': config.postId,
        'data': items,
        'loadNext': paginator,
        'hasMore': hasMore,
        'getMeta': getMeta,
        'onReply': onReply,
        'rendered': true,
        'initComment': targetComment,
        'initReplyThread': startThread,
        'config': configJso,
        'messages': msgs
      };

      var render = function() {
        if (window.goog && window.goog.comments) {
          var holder = document.getElementById('comment-holder');
          window.goog.comments.render(holder, provider);
        }
      };

      // render now, or queue to render when library loads:
      if (window.goog && window.goog.comments) {
        render();
      } else {
        window.goog = window.goog || {};
        window.goog.comments = window.goog.comments || {};
        window.goog.comments.loadQueue = window.goog.comments.loadQueue || [];
        window.goog.comments.loadQueue.push(render);
      }
    })();
// ]]>
  </script>
</b:includable>
            <b:includable id='threaded_comments' var='post'>
  <div class='comments' id='comments'>
    <a name='comments'/>
    <h4>
      <b:if cond='data:post.numComments == 1'>
        1 <data:commentLabel/>:
      <b:else/>
        <data:post.numComments/> <data:commentLabelPlural/>:
      </b:if>
    </h4>

    <div class='comments-content'>
      <b:if cond='data:post.embedCommentForm'>
        <b:include data='post' name='threaded_comment_js'/>
      </b:if>
      <div id='comment-holder'>
         <data:post.commentHtml/>
      </div>
    </div>

    <p class='comment-footer'>
      <b:if cond='data:post.allowNewComments'>
        <b:include data='post' name='threaded-comment-form'/>
      <b:else/>
        <data:post.noNewCommentsText/>
      </b:if>
    </p>

    <b:if cond='data:showCmtPopup'>
      <div id='comment-popup'>
        <iframe allowtransparency='true' frameborder='0' id='comment-actions' name='comment-actions' scrolling='no'>
        </iframe>
      </div>
    </b:if>

    <div id='backlinks-container'>
    <div expr:id='data:widget.instanceId + &quot;_backlinks-container&quot;'>
       <b:if cond='data:post.showBacklinks'>
         <b:include data='post' name='backlinks'/>
       </b:if>
    </div>
    </div>
  </div>
</b:includable>
          </b:widget>
        </b:section>
      </div>

      <div id='rsidebar-wrapper'>
	

        <b:section class='sidebar' id='sidebarright' preferred='yes'>
          <b:widget id='PopularPosts1' locked='false' title='Popular Posts' type='PopularPosts'>
            <b:includable id='main'>
  <b:if cond='data:title != &quot;&quot;'><h2><i class='fa fa-heart'/> <data:title/></h2></b:if>
  <div class='widget-content popular-posts'>
    <ul>
      <b:loop values='data:posts' var='post'>
      <li>
        <b:if cond='!data:showThumbnails'>
          <b:if cond='!data:showSnippets'>
            <!-- (1) No snippet/thumbnail -->
            <a expr:href='data:post.href'><data:post.title/></a>
          <b:else/>
            <!-- (2) Show only snippets -->
            <div class='item-title'><a expr:href='data:post.href'><data:post.title/></a></div>
            <div class='item-snippet'><data:post.snippet/></div>
          </b:if>
        <b:else/>
          <!-- (3) Show only thumbnails or (4) Snippets and thumbnails. -->
          <div expr:class='data:showSnippets ? &quot;item-content&quot; : &quot;item-thumbnail-only&quot;'>
            <b:if cond='data:post.thumbnail'>
              <div class='item-thumbnail'>
                <a expr:href='data:post.href' target='_blank'>
                  <img alt='' border='0' expr:height='data:thumbnailSize' expr:src='data:post.thumbnail' expr:width='data:thumbnailSize'/>
                </a>
              </div>
            </b:if>
            <div class='item-title'><a expr:href='data:post.href'><data:post.title/></a></div>
            <b:if cond='data:showSnippets'>
              <div class='item-snippet'><data:post.snippet/></div>
            </b:if>
          </div>
          <div style='clear: both;'/>
        </b:if>
      </li>
      </b:loop>
    </ul>
    <b:include name='quickedit'/>
  </div>
</b:includable>
          </b:widget>
          <b:widget id='HTML1' locked='false' title='' type='HTML'>
            <b:includable id='main'>
  <!-- only display title if it's non-empty -->
  <b:if cond='data:title != &quot;&quot;'>
    <h2 class='title'><data:title/></h2>
  </b:if>
  <div class='widget-content'>
    <data:content/>
  </div>

  <b:include name='quickedit'/>
</b:includable>
          </b:widget>
          <b:widget id='Label1' locked='false' title='Labels' type='Label'>
            <b:includable id='main'>
  <b:if cond='data:title != &quot;&quot;'>
    <h2><i class='fa fa-tags'/> <data:title/></h2>
  </b:if>
  <div expr:class='&quot;widget-content &quot; + data:display + &quot;-label-widget-content&quot;'>
    <b:if cond='data:display == &quot;list&quot;'>
      <ul>
        <b:loop values='data:labels' var='label'>
          <li>
            <b:if cond='data:blog.url == data:label.url'>
              <span expr:dir='data:blog.languageDirection'><data:label.name/></span>
            <b:else/>
              <a expr:dir='data:blog.languageDirection' expr:href='data:label.url'><data:label.name/></a>
            </b:if>
            <b:if cond='data:showFreqNumbers'>
              <span dir='ltr'>(<data:label.count/>)</span>
            </b:if>
          </li>
        </b:loop>
      </ul>
    <b:else/>
      <b:loop values='data:labels' var='label'>
        <span expr:class='&quot;label-size label-size-&quot; + data:label.cssSize'>
          <b:if cond='data:blog.url == data:label.url'>
            <span expr:dir='data:blog.languageDirection'><data:label.name/></span>
          <b:else/>
            <a expr:dir='data:blog.languageDirection' expr:href='data:label.url'><data:label.name/></a>
          </b:if>
          <b:if cond='data:showFreqNumbers'>
            <span class='label-count' dir='ltr'>(<data:label.count/>)</span>
          </b:if>
        </span>
      </b:loop>
    </b:if>
    <b:include name='quickedit'/>
  </div>
</b:includable>
          </b:widget>
          <b:widget id='HTML2' locked='false' title='Join us on Facebook' type='HTML'>
            <b:includable id='main'>
  <!-- only display title if it's non-empty -->
  <b:if cond='data:title != &quot;&quot;'>
    <h2 class='title'><i class='fa fa-facebook'/> <data:title/></h2>
  </b:if>
  <div class='widget-content'>
    <data:content/>
  </div>

  <b:include name='quickedit'/>
</b:includable>
          </b:widget>
          <b:widget id='BlogArchive1' locked='false' title='Blog Archive' type='BlogArchive'>
            <b:includable id='main'>
  <b:if cond='data:title != &quot;&quot;'>
    <h2><data:title/></h2>
  </b:if>
  <div class='widget-content'>
  <div id='ArchiveList'>
  <div expr:id='data:widget.instanceId + &quot;_ArchiveList&quot;'>
    <b:include cond='data:style == &quot;HIERARCHY&quot;' data='data' name='interval'/>
    <b:include cond='data:style == &quot;FLAT&quot;' data='data' name='flat'/>
    <b:include cond='data:style == &quot;MENU&quot;' data='data' name='menu'/>
  </div>
  </div>
  <b:include name='quickedit'/>
  </div>
</b:includable>
            <b:includable id='flat' var='data'>
  <ul class='flat'>
    <b:loop values='data:data' var='i'>
      <li class='archivedate'>
        <a expr:href='data:i.url'><data:i.name/></a> (<data:i.post-count/>)
      </li>
    </b:loop>
  </ul>
</b:includable>
            <b:includable id='interval' var='intervalData'>
  <b:loop values='data:intervalData' var='i'>
      <ul class='hierarchy'>
        <li expr:class='&quot;archivedate &quot; + data:i.expclass'>
          <b:include data='i' name='toggle'/>
          <a class='post-count-link' expr:href='data:i.url'><data:i.name/></a>
            <span class='post-count' dir='ltr'>(<data:i.post-count/>)</span>
          <b:include cond='data:i.data' data='i.data' name='interval'/>
          <b:include cond='data:i.posts' data='i.posts' name='posts'/>
        </li>
      </ul>
  </b:loop>
</b:includable>
            <b:includable id='menu' var='data'>
  <select expr:id='data:widget.instanceId + &quot;_ArchiveMenu&quot;'>
    <option value=''><data:title/></option>
    <b:loop values='data:data' var='i'>
      <option expr:value='data:i.url'><data:i.name/> (<data:i.post-count/>)</option>
    </b:loop>
  </select>
</b:includable>
            <b:includable id='posts' var='posts'>
  <ul class='posts'>
    <b:loop values='data:posts' var='i'>
      <li><a expr:href='data:i.url'><data:i.title/></a></li>
    </b:loop>
  </ul>
</b:includable>
            <b:includable id='toggle' var='interval'>
  <b:if cond='data:interval.toggleId'>
  <b:if cond='data:interval.expclass == &quot;expanded&quot;'>
    <a class='toggle' href='javascript:void(0)'>
      <span class='zippy toggle-open'>&#9660;&#160;</span>
    </a>
  <b:else/>
    <a class='toggle' href='javascript:void(0)'>
      <span class='zippy'>
        <b:if cond='data:blog.languageDirection == &quot;rtl&quot;'>
          &#9668;&#160;
        <b:else/>
          &#9658;&#160;
        </b:if>
      </span>
    </a>
  </b:if>
 </b:if>
</b:includable>
          </b:widget>
        </b:section>

<p/></div>

      <!-- spacer for skins that want sidebar and main to be the same height-->
      <div class='clear'>&#160;</div>

    </div> <!-- end content-wrapper -->
	
<div style='clear:both;'/>

<footer class='clearfix' id='footer'>
    	<div class='pull-right foot-copyright'>
    		<p class='copy-right'>
              Copyrights @ <data:blog.title/> - <a href='http://gooyaabitemplates.com/' rel='dofollow' target='_blank' title='Blogger Templates'>Blogger Templates</a> 
Designed by <a href='http://www.templateism.com' id='mycontent'>Templateism</a></p>
    	</div>

        <!-- Social -->
        <ul class='f-social list-inline'>
                            <li><a href='#'>
                    <i class='fa fa-google-plus'/>
                </a></li>
                            <li><a href='#'>
                    <i class='fa fa-facebook'/>
                </a></li>
                            <li><a href='#'>
                    <i class='fa fa-twitter'/>
                </a></li>
                    </ul>
		
        <!-- Search -->
                    <div class='qsearchwrap'>
                <div class='quicksearch'>
                    <form action='/search' method='get'>
                        <button id='qsearchsubmit'><i class='fa fa-search'/></button>
                        <input class='text-input' name='q' placeholder='Search Here..' style='display: inline-block; width: 150px;' type='text'/>
                    </form>
                </div>
            </div>
        
    </footer>


</div>


<b:if cond='data:blog.pageType != &quot;static_page&quot;'>
<b:if cond='data:blog.pageType != &quot;item&quot;'>
<!--Page Navigation Starts-->
<script type='text/javascript'>
var pageCount=6;
var displayPageNum=5;
var upPageWord =&#39;Previous&#39;;
var downPageWord =&#39;Next&#39;;
</script>
<script type='text/javascript'>
//<![CDATA[
function showpageCount(json) {
    var thisUrl = home_page_url;
    var htmlMap = new Array();
    var thisNum = 1;
    var postNum = 1;
    var itemCount = 0;
    var fFlag = 0;
    var eFlag = 0;
    var html = '';
    var upPageHtml = '';
    var downPageHtml = '';
    for (var i = 0, post; post = json.feed.entry[i]; i++) {
        var timestamp1 = post.published.$t.substring(0, 19) + post.published.$t.substring(23, 29);
        timestamp = encodeURIComponent(timestamp1);
        var title = post.title.$t;
        if (title != '') {
            if (itemCount == 0 || (itemCount % pageCount == (pageCount - 1))) {
                if (thisUrl.indexOf(timestamp) != -1) {
                    thisNum = postNum
                }
                if (title != '') postNum++;
                htmlMap[htmlMap.length] = '/search?updated-max=' + timestamp + '&max-results=' + pageCount
            }
        }
        itemCount++
    }
    for (var p = 0; p < htmlMap.length; p++) {
        if (p >= (thisNum - displayPageNum - 1) && p < (thisNum + displayPageNum)) {
            if (fFlag == 0 && p == thisNum - 2) {
                if (thisNum == 2) {
                    upPageHtml = ''
                } else {
                    upPageHtml = ''
                }
                fFlag++
            }
            if (p == (thisNum - 1)) {
                html += '<span class="showpagePoint">' + thisNum + '</span>'
            } else {
                if (p == 0) {
                    html += '<span class="showpageNum"><a href="/">1</a></span>'
                } else {
                    html += '<span class="showpageNum"><a href="' + htmlMap[p] + '">' + (p + 1) + '</a></span>'
                }
            } if (eFlag == 0 && p == thisNum) {
                downPageHtml = '';
                eFlag++
            }
        }
    }
    if (thisNum > 1) {
        html = '' + upPageHtml + ' ' + html + ' '
    }
    html = '<div class="showpageArea"><span style="COLOR: #000;" class="showpageOf"> Pages (' + (postNum - 1) + ')</span>' + html;
    if (thisNum < (postNum - 1)) {
        html += downPageHtml
    }
    if (postNum == 1) postNum++;
    html += '</div>';
    var pageArea = document.getElementsByName("pageArea");
    var blogPager = document.getElementById("blog-pager");
    if (postNum <= 2) {
        html = ''
    }
    for (var p = 0; p < pageArea.length; p++) {
        pageArea[p].innerHTML = html
    }
    if (pageArea && pageArea.length > 0) {
        html = ''
    }
    if (blogPager) {
        blogPager.innerHTML = html
    }
}


var home_page_url = location.href;
var thisUrl = home_page_url;
if (thisUrl.indexOf("/search/label/") != -1) {
    if (thisUrl.indexOf("?updated-max") != -1) {
        var lblname1 = thisUrl.substring(thisUrl.indexOf("/search/label/") + 14, thisUrl.indexOf("?updated-max"))
    } else {
        var lblname1 = thisUrl.substring(thisUrl.indexOf("/search/label/") + 14, thisUrl.indexOf("?&max"))
    }
}
var home_page = "/";
if (thisUrl.indexOf("?q=") == -1) {
    if (thisUrl.indexOf("/search/label/") == -1) {
        document.write('<script src="' + home_page + 'feeds/posts/summary?alt=json-in-script&callback=showpageCount&max-results=99999" ><\/script>')
    } else {
        document.write('<script src="' + home_page + 'feeds/posts/full/-/' + lblname1 + '?alt=json-in-script&callback=showpageCount2&max-results=99999" ><\/script>')
    }
}

//]]>
</script>
<!--Page Navigation Ends -->
</b:if></b:if>

<div id='slideshow'>
            <img alt='biz.' class='active' src='http://1.bp.blogspot.com/-hgq2qrixePM/VRQU9IznwJI/AAAAAAAABYQ/lXZxgd80doI/s1600/thebackground.png'/>
    </div>
</body>
</html>