<?xml version="1.0" encoding="UTF-8" ?>
<!DOCTYPE html PUBLIC "-//W3C//DTD XHTML 1.0 Strict//EN" "http://www.w3.org/TR/xhtml1/DTD/xhtml1-strict.dtd">
<html expr:dir='data:blog.languageDirection' xmlns='http://www.w3.org/1999/xhtml' xmlns:b='http://www.google.com/2005/gml/b' xmlns:data='http://www.google.com/2005/gml/data' xmlns:expr='http://www.google.com/2005/gml/expr'>
  <head>
    <link href='http://fonts.googleapis.com/css?family=Noto+Sans:400,700' rel='stylesheet' type='text/css'/>
<script src='https://ajax.googleapis.com/ajax/libs/jquery/1.5.1/jquery.min.js' type='text/javascript'/>

<b:include data='blog' name='all-head-content'/>
<b:if cond='data:blog.url == data:blog.homepageUrl'>
</b:if>
<b:if cond='data:blog.pageType == &quot;index&quot;'>
<title><data:blog.pageTitle/></title> 
<b:else/>
<title><data:blog.pageName/> ~ <data:blog.title/></title>
</b:if>


    <b:skin><![CDATA[/*
-----------------------------------------------
URL 1:  http://bloggerchili.blogspot.com/
Date:   April 2014
----------------------------------------------- */

body#layout ul{list-style-type:none;list-style:none}
body#layout ul li{list-style-type:none;list-style:none}
body#layout .home-banner {display: none;}
body#layout #main-wrapper {min-height:auto!important;}


.rsideright {
float:right;
width:150px;
overflow:hidden;
padding:3px;
}

.rsideleft {
float:left;
width:150px;
overflow:hidden;
padding:3px;
}

.rsideleft h2,.rsideright h2 {
font-family:&#39;
font-weight:500;
text-transform:uppercase;
font-size:13px;
border-bottom:#d2d2d2 1px solid;
color:#111;
text-shadow:none;
padding-bottom:5px;
line-height:30px;
margin-bottom:10px;
}

body {
background:#f3f3f3;
color:#555;
font-family:'Noto Sans',Arial,Helvetica,sans-serif;
font-size:13px;
margin:0;
padding:0;
}

a:link,a:visited {
color:#2aa4cf;
text-decoration:underline;
outline:none;
}

a:hover {
color:##2aa4cf;
text-decoration:none;
outline:none;
}

a img {
border-width:0;
}

#body-wrapper {
margin:0;
padding:0;
}

#header-wrapper {
width:960px;
height:66px;
overflow:hidden;
margin:0 auto;
padding:75px 0 30px;
}

#header-inner {
background-position:center;
margin-left:auto;
margin-right:auto;
}

#header {
border:0 solid $bordercolor;
color:$pagetitlecolor;
float:left;
overflow:hidden;
margin:-5px 0 0;
width:220px;
}

#header h1 {
color: #374142;
font-weight: 700;
line-height: 32px;
margin: 0 5px;
padding: 0;
font-family: 'Noto Sans',Arial,Helvetica,sans-serif!important;
font-size: 48px;
MARGIN-TOP: 20PX;
}

#header .description {
padding-left:7px;
color:#374142;
line-height:14px;
font-size:14px;
padding-top:0;
margin-top:10px;
font-family:Arial,Helvetica,Sans-serif;
}

#header h2 {
padding-left:5px;
color:#374142;
font:14px Arial,Helvetica,Sans-serif;
}

#header2 {
float:right;
width:51%;
margin-right:0;
padding-right:0;
overflow:hidden;
}

#header2 .widget {
float:right;
padding:0;
}

.social-profiles-widget img {
margin:0 4px 0 0;
}

#top-social-profiles {
padding-top:10px;
height:32px;
text-align:right;
float:right;
}

#top-social-profiles img {
margin:0 6px 0 0 !important;
}

#top-social-profiles .widget-container {
background:none;
border:0;
padding:0;
}

#outer-wrapper {
width:960px;
text-align:left;
margin:0 auto;
padding:0;
}

#content-wrapper {
background:#f2f2f2;
border:1px solid #d2d2d2;
padding:0;
}

#main-wrapper {
width:630px;
float:left;
word-wrap:break-word;
overflow:hidden;
text-indent:1px;
background:#fff;
border-right:1px solid #d2d2d2;
min-height:1400px!important;
margin:0;
padding:20px 0 0;
}

#rsidebar-wrapper {
width:300px;
float:left;
word-wrap:break-word;
margin:0;
padding:0 0 0 15px;
}

h2.date-header {
display:none;
margin:1.5em 0 .5em;
}

.post-title {
color:#333;
font-font-family:'Noto Sans',Arial,Helvetica,sans-serif;
font-size:24px;
line-height:24px;
font-weight:700;
margin:0 0 10px;
padding:0;
}

.post-title a,.post-title a:visited,.post-title strong {
display:block;
color:#333;
text-decoration:none;
}

.post-title strong,.post-title a:hover {
color:#2aa4cf;
text-decoration:none;
}

.post-body {
font-size:14px;
line-height:26px;
margin:0;
padding:0 10px 0 0;
}

.post-body h2 {
font-weight:700;
}

.post-body h3 {
font-weight:700;
font-size:20px;
}

.post-body h4 {
font-weight:700;
font-size:18px;
}

.comment-link {
margin-startside:.6em;
}

.post-body img {
border:1px solid #eee;
background:#fff;
padding:6px;
}

.readmore {
margin-bottom:5px;
float:right;
}

.readmore a {
color:#F85B48;
background:#EAEAEA url(http://4.bp.blogspot.com/-m6AJDK0k2xA/UC7emOYbEbI/AAAAAAAAAwY/Q4o73QiZdc4/s000/readmore-bg.png) left top repeat-x;
display:inline-block;
font-size:12px;
line-height:12px;
text-decoration:none;
text-transform:uppercase;
padding:8px 14px;
}

.readmore a:hover {
color:#fff;
background:#E74F3D url(http://4.bp.blogspot.com/-m6AJDK0k2xA/UC7emOYbEbI/AAAAAAAAAwY/Q4o73QiZdc4/s000/readmore-bg.png) left -126px repeat-x;
text-decoration:none;
}

.sidebar {
font-size:13px;
color:#374142;
margin:0 0 10px;
}

.sidebar h2 {
font-family:'Noto Sans',Arial,Helvetica,sans-serif;
font-weight:400;
text-transform:uppercase;
font-size:18px;
border-bottom:#d2d2d2 1px solid;
color:#111;
text-shadow:none;
margin-bottom:5px;
width:307px!important;
margin-left:-15px;
padding:10px 10px 20px;
}

.sidebar .widget {
color:#374142;
font-size:13px;
border-bottom:1px solid #d2d2d2;
margin:0 0 15px;
padding:0;
}

.main .widget {
margin:0 0 5px;
padding:0 0 2px;
}

.main .Blog {
border-bottom-width:0;
}

#copyrights {
color:#374142;
background:#EDEDED;
text-align:center;
padding:20px 0;
}

#copyrights a {
color:#374142;
}

#credits {
color:#777;
text-align:center;
font-size:11px;
padding:10px 0 0;
}

#credits a {
color:#777;
text-decoration:none;
}

#credits a:hover {
text-decoration:none;
color:#777;
}

.crelink {
float:right;
text-align:right;
}

#footer-widgets {
background:#2d2520;
padding:20px 0 0;
}

.footer-widget-box {
width:300px;
float:left;
margin-left:15px;
}

#footer-widgets .widget-container {
color:#9d8c81;
line-height:25px;
}

#footer-widgets h2 {
font-family:'Noto Sans',Arial,Helvetica,sans-serif;
font-weight:700;
text-transform:capitalize;
font-size:15px;
color:#fff;
text-shadow:none;
}

.footersec .widget {
margin-bottom:20px;
}

#search {
border:1px solid #D8D8D8;
background:#fff url(http://1.bp.blogspot.com/-DqsSIdDHoXE/UC7emvfWcII/AAAAAAAAAwo/X7HUuvC4oBs/s000/search.png) 99% 50% no-repeat;
text-align:left;
padding:6px 24px 6px 6px;
}

#search #s {
background:none;
color:#979797;
border:0;
width:100%;
outline:none;
margin:0;
padding:0;
}

#content-search {
width:300px;
padding:15px 0;
}

#topsearch {
float:right;
}

#topsearch #s {
width:220px;
}

#comments {
background-color:#fff;
margin-top:35px;
padding:20px;
}

#comments h4 {
display:inline;
line-height:40px;
padding:10px;
}

.comments .continue a {
background:#0d86cc;
text-align:center;
padding:10px 0;
display:none;
}

#comments h4,.comments .continue a {
line-height:30px;
font-family:'Noto Sans',Arial,Helvetica,sans-serif;
font-size:22px;
font-weight:700!important;
margin:0;
padding:20px 0 14px 10px;
}

.comments .user a {
color:#222;
font-family: 'Noto Sans',Arial,Helvetica,sans-serif;
font-size:18px;
line-height:25px;
text-transform:capitalize;
margin-top:20px;
}

#comments .avatar-image-container img {
border:0;
}

.comment-thread {
color:#111;
}

.comment-thread a {
color:#777;
}

.comment-thread ol {
margin:0 0 20px;
}

.comment-thread .comment-content a,.comments .user a,.comments .comment-thread.inline-thread .user a {
color:#000;
}

.comments .avatar-image-container,.comments .avatar-image-container img {
width:48px;
max-width:40px;
height:40px;
max-height:48px;
background:#FFF;
float:left;
border-radius:50%;
-moz-border-radius:50%;
margin:0 10px 0 0;
}

.comments .comment-block,.comments .comments-content .comment-replies,.comments .comment-replybox-single {
margin-left:60px;
width:490px;
}

.comments .comment-block,.comments .comment-thread.inline-thread .comment {
border:1px solid #cdcdcd;
background:#fff;
background-color:#F0F0F0;
padding:10px;
}

.comments .comments-content .comment {
width:100%;
line-height:1em;
font-size:16px;
margin:15px 0 0;
padding:0;
}

.comments .comments-content .comment-replies {
margin-top:0;
}

.comments .comment-content {
line-height:1.4em;
padding:5px 0;
}

.comments .comment-thread.inline-thread {
border-left:1px solid #2aa4cf;
background:transparent;
}

.comments .comment-thread.inline-thread .comment {
width:auto;
}

.comments .comment-thread.inline-thread .comment:after {
content:"";
position:absolute;
top:10px;
left:-20px;
border-top:1px solid #d2d2d2;
width:10px;
height:0;
}

.comments .comment-thread.inline-thread .comment .comment-block {
border:0;
background:transparent;
padding:0;
}

.comments .comment-thread.inline-thread .comment-block {
margin-left:48px;
}

.comments .comment-thread.inline-thread .user a {
font-size:13px;
}

.comments .comment-thread.inline-thread .avatar-image-container,.comments .comment-thread.inline-thread .avatar-image-container img {
width:36px;
max-width:36px;
height:36px;
max-height:36px;
}

.comments .continue {
border-top:0;
width:100%;
}

#comment-editor {
width:98%!important;
}

.comment-form {
width:100%;
max-width:100%;
}

#blog-pager-newer-link {
float:$startSide;
}

#blog-pager-older-link {
float:$endSide;
}

#blog-pager {
text-align:center;
overflow:visible!important;
padding:0 20px;
}

.feed-links {
display:none;
clear:both;
line-height:2.5em;
}

.profile-img {
float:$startSide;
margin-top:0;
margin-endside:5px;
margin-bottom:5px;
margin-startside:0;
border:1px solid $bordercolor;
padding:4px;
}

.profile-data {
text-transform:uppercase;
letter-spacing:.1em;
font:$postfooterfont;
color:$sidebarcolor;
font-weight:700;
line-height:1.6em;
margin:0;
}

.profile-datablock {
margin:.5em 0;
}

.profile-textblock {
line-height:1.6em;
margin:.5em 0;
}

.avatar-image-container {
background:url(http://1.bp.blogspot.com/-cewCXF9l764/UC7eon7rxXI/AAAAAAAAAww/gDiPoSuhivM/s000/comment-avatar.jpg);
width:32px;
height:32px;
float:right;
border:1px solid #ddd;
margin:5px 10px 5px 5px;
}

.avatar-image-container img {
width:32px;
height:32px;
}

.profile-link {
font:$postfooterfont;
text-transform:uppercase;
letter-spacing:.1em;
}

#navbar-iframe {
height:0;
visibility:hidden;
display:none;
}

.readmoron {
float:right;
background:#fafafa;
border:1px solid #d2d2d2;
padding:10px;
}

.showpageArea a {
text-decoration:underline;
}

.showpageNum a:hover {
border:1px solid #cdcdcd;
background-color:#fff;
}

.showpagePoint {
color:#333;
text-decoration:none;
border:1px solid #cdcdcd;
background:#2aa4cf;
font-size:15px;
margin:0 3px;
padding:4px 10px;
}

.showpageOf {
text-decoration:none;
font-size:15px margin: 0 3px;
display:none;
margin:0 3px 0 0;
padding:3px;
}

.showpage a:hover {
text-decoration:none;
}

.showpageNum a:link,.showpage a:link {
text-decoration:none;
color:#333;
background-color:#fff;
}

.showpageNum {
margin:0 3px;
}

#adminprofiler {
float:left;
width:100%;
border-top:1px solid #eaeaea;
margin-top:30px;
border:1px solid #eaeaea;
padding-top:10px;
padding-right:10px;
background:#fdfdfd!important;
margin-bottom:30px;
}

.Authoravata img {
float:left;
width:100px;
border:1px solid #eaeaea!important;
background:#f8f8f8!important;
margin:10px;
padding:15px!important;
}

.Authordesp {
padding-bottom:20px;
font-size:13px;
}

.authornames h3 {
text-transform:uppercase;
font-weight:700;
margin:0;
padding:18px 20px 15px 10px;
}

.post.hentry {
padding:20px;
}

.contento {
float:right;
width:350px;
font-family:'Noto Sans',Arial,Helvetica,sans-serif;
font-size:13px;
line-height:25px;
}

.postmeta {
float:left;
width:565px;
border:1px solid #d2d2d2;
margin-bottom:10px;
margin-top:10px;
background:#f2f2f2;
padding:10px;
}

.annocementtop p {
margin:10px;
}

.rthumbbig img {
height:180px;
width:280px;
border:1px solid #d2d2d2;
}

.rthumbbig h2 {
width:280px;
font-weight:500;
font-size:16px;
font-family:'Noto Sans',Arial,Helvetica,sans-serif;
text-transform:capitalize;
line-height:30px;
}

.rthumbbig h2 a:hover {
text-decoration:none;
color:#ff6200;
}

.rthumbbig h2 a {
color:#464646;
text-decoration:none;
}

.rthumbbox {
float:left;
margin-left:16px;
padding-bottom:20px;
margin-right:15px;
border-bottom:1px solid #d2d2d2;
margin-bottom:30px;
}

.clears {
clear:both;
margin-top:-10px;
}

.adspot {
float: right; margin-top: -5px; width: 731px;
}

.googlepkwrap {
float:left;
background:#fff;
margin-left:5px;
margin-top:10px;
height:32px;
width:80px;
border-top:5px solid #d44339;
padding:10px 10px 0;
}

.twitterwrap {
float:left;
background:#fff;
margin-left:5px;
margin-top:10px;
height:32px;
width:150px;
border-top:5px solid #00acee;
padding:10px 10px 0;
}

.facebookwrap {
float:left;
background:#fff;
margin-left:5px;
margin-top:10px;
height:32px;
width:80px;
border-top:5px solid #3b5998;
padding:10px 10px 0;
}

.search-dropdown.lefraaa {
margin-left:-274px;
padding:10px 10px 20px;
}

.dropdown.leftro {
float:right;
width:110px;
margin-right:30px;
}

.homeage {
padding-bottom:14px!important;
padding-top:10px!important;
height:18px!important;
}

.dropdown > div {
position:absolute;
z-index:1000;
top:100%;
left:-9999px;
opacity:0;
transition:opacity 0.2;
-o-transition:opacity 0.2;
-ms-transition:opacity 0.2;
-moz-transition:opacity 0.2;
-webkit-transition:opacity 0.2;
border-top:1px solid #3c3c3c;
}

#menuheader {
float:left;
width:100%;
height:42px;
background-color:#2aa4cf;
position:fixed;
z-index:1000000000000;
-webkit-box-shadow:rgba(0,0,0,0.3) 0 2px 2px -1px;
-moz-box-shadow:rgba(0,0,0,0.3) 0 2px 2px -1px;
box-shadow:rgba(0,0,0,0.3) 0 2px 2px -1px;
}

ul.righthead li {
display:block;
float:left;
font-family:Arial,Helvetica,sans-serif;
font-weight:700;
text-transform:capitalize;
font-size:14px;
border-left:1px solid #ff873c;
height:18px;
padding:12px 25px;
}

ul.righthead li:hover {
background-color:#2d2520;
}

ul.righthead li a {
color:#fff;
text-decoration:none;
}

li.dropdown {
padding-right:0!important;
border-right:1px solid #ff873c;
}

.righthead .dropdown > a {
padding-right:38px;
}

.righthead .dropdown > a:after {
border-left:3px solid transparent;
border-right:3px solid transparent;
border-top:4px solid #ddd;
content:"";
height:0;
margin-top:-1px;
position:absolute;
right:23px;
top:50%;
width:0;
}

.righthead .dropdown.leftro > a:after {
border-left:0 solid transparent;
border-right:0 solid transparent;
border-top:0 solid #ddd;
content:"";
height:0;
margin-top:-1px;
position:absolute;
right:23px;
top:50%;
width:0;
}

.righthead .dropdown:hover > div {
left:0;
opacity:1;
}

.righthead .navigation-right.dropdown:hover > div {
right:0;
left:auto;
}

.righthead .search-dropdown {
width:389px;
}

.righthead form {
text-align:right;
padding:20px;
}

.righthead input,.righthead textarea,.righthead input:focus,.righthead textarea:focus {
border:none;
background:#fff;
}

.righthead {
background:#658db5;
border-right:1px solid #7397BB;
border-left:1px solid #7397BB;
max-width:1248px;
margin:0 auto;
}

.righthead .dropdown > div {
background:#2d2520;
}

.annocementtop h2 {
float:left;
font-size:15px;
font-weight:700;
font-family:'Noto Sans',Arial,Helvetica,sans-serif;
border-right:1px solid #d2d2d2;
background:#f2f2f2;
margin:0 15px 0 0;
padding:13px 15px 12px;
}

.annocementtop {
float:left;
width:100%;
background:#fff;
border:1px solid #d2d2d2;
height:40px;
margin-bottom:20px;
}

.headingsman {
float:left;
width:610px;
border-bottom:1px solid #d2d2d2;
margin-bottom:20px;
border-top:1px solid #d2d2d2;
padding:20px 10px 25px;
}

.headingsman h2 {
float:left;
font-size:20px;
text-transform:uppercase;
font-weight:400;
background:url(http://1.bp.blogspot.com/-hEQfzqqZJNo/UaBof8kIsaI/AAAAAAAABOE/DxKUEW91BLI/s1600/MIC.png) no-repeat;
padding-left:40px;
height:35px;
line-height:35px;
border-right:1px solid #d2d2d2;
padding-right:10px;
margin:0 0 0 10px;
}

.viewmore {
float:right;
font-size:14px;
margin:5px 0 0;
}

.home-banner {
position:relative;
width:100%;
max-width:1367px;
overflow:hidden;
text-align:center;
margin:0 auto 23px;
}

.home-banner-images {
padding-bottom:32.553%;
margin-bottom:-27px;
margin-left:0;
padding-left:10px;
}

.home-banner-images li {
position:absolute;
top:100%;
width:100%;
height:100%;
background-size:cover;
background-position:center center;
display:block;
list-style:none;
}

.home-banner-images li.current {
top:0;
z-index:1;
}

.home-banner-nav {
position:relative;
display:inline-block;
z-index:10;
}

.home-banner-nav li {
display:inline-block;
background-color:#924f39;
font-size:1.33333em;
font-weight:700;
line-height:27px;
margin:0 3px;
}

.home-banner-nav li a {
display:block;
width:27px;
color:#fff;
text-decoration:none;
}

.home-banner-nav li:nth-of-type(1) {
background-color:#924f39;
}

.home-banner-nav li:nth-of-type(2) {
background-color:#dba209;
}

.home-banner-nav li:nth-of-type(5) {
background-color:#999495;
}

.home-banner-nav li:nth-of-type(4),.page-numbers.current {
background-color:#856983;
}

.home-banner-nav li.current,.info-box-social-image:hover .social-image-pattern {
background-color:transparent;
}

.current a {
background:#111;
}

.copyrightstheme {
text-align:center;
font-size:15px;
font-weight:500;
color:#444;
padding:30px;
}

.blogoname {
color:#2aa4cf;
}

body#layout ul,body#layout ul li {
list-style-type:none;
list-style:none;
}

#header h1 a,#header h1 a:visited,#copyrights a:hover {
color:#374142;
text-decoration:none;
}

.social-profiles-widget img:hover,#top-social-profiles img:hover {
opacity:0.8;
}

.post,#footer {
margin-bottom:15px;
}

.sidebar a,#footer-widgets .widget-container a {
text-decoration:none;
color:#374142;
}

.sidebar a:hover,#footer-widgets .widget-container a:hover {
text-decoration:none;
color:#F95C49;
}

.sidebar ul,#footer-widgets .widget ul {
list-style-type:none;
list-style:none;
margin:0;
padding:0;
}

.sidebar ul li,#footer-widgets .widget ul li {
margin:0 0 8px;
padding:0 0 9px;
}

#comments h4,.comments .comment-header,.comments .comment-thread.inline-thread .comment,.righthead li {
position:relative;
}

.comment .continue,.icon-action {
display:none;
}

.showpageNum a,.showpage a {
text-decoration:none;
border:1px solid #cdcdcd;
font-size:15px;
padding:4px 10px;
}
.post blockquote {-webkit-box-shadow: rgb(221, 221, 221) 4px 4px 4px; background-image: url(https://lh4.googleusercontent.com/-ww2fRAtmAlU/U0BA3i7NM7I/AAAAAAAACFk/rouotrHrKGI/h120/Free+BC.png); background-position: 0% 0%; background-repeat: no-repeat repeat; border-bottom-left-radius: 6px; border-bottom-right-radius: 6px; border-color: rgb(221, 221, 221) rgb(102, 102, 102) rgb(102, 102, 102) rgb(221, 221, 221);
color:#3B0B0B;
margin:10px;
padding:10px 10px 10px 40px
}          

]]></b:skin>
    
    <b:if cond='data:blog.pageType == &quot;item&quot;'>

    <style>
      
      .tweeetero, .fbwolo, .g-plusones, .subadgeaa {
float: left;
border-left: 1px solid #eaeaea;
padding-left: 18px;
padding-top: 15px;
padding-bottom: 10px;
}

.g-plusones {
margin-left:20px;
}

#mblSocialFloat {
float: left;
border-top: 1px solid #eaeaea;
border-bottom: 1px solid #eaeaea;
width: 610px;
margin-bottom: 20px;
margin-left: -10px;
}

.headingsharer h5 {
float: left;
padding-right: 20px;
padding-top: 18px;
text-transform: uppercase;
font-weight: bold;
margin: 0px;
padding-left: 10px;
}

      
#related-posts {
float: left;
border-bottom: 1px solid #d2d2d2;
border-top: 1px solid #d2d2d2;
        width: 590px;
}
      
#related-posts img, #related-posts a {
width: 183px!important;
}
#related-posts img:hover {
opacity: 0.8;
}
      
.post-body img {
max-width: 580px;
}
      
.post h2 {
font-family: &#39;Noto Sans&#39;,Arial,Helvetica,sans-serif;
line-height: 30px;
font-size: 22px;
}
      
.postmeta { margin-bottom: 30px!important; }
    </style></b:if>
    
<b:if cond='data:blog.pageType == &quot;static_page&quot;'>  
<style> 
.post-body img {
max-width: 580px;
}
</style>
</b:if>
    
     <b:if cond='data:blog.pageType != &quot;static_page&quot;'> <b:if cond='data:blog.pageType != &quot;item&quot;'>
    <style>
          .post h2 {
font-family: &#39;Noto Sans&#39;,Arial,Helvetica,sans-serif;
line-height: 30px;
float: right;
width: 360px;
margin-top: 10px;
font-size: 18px;
border-bottom: 1px solid #d2d2d2;
padding-bottom: 10px;
margin-bottom: 20px;
 
}
      
.post-body img {
float: left;
}
      
.post.hentry {
border-top: 1px solid #d2d2d2;
border-bottom: 1px solid #d2d2d2;
}   
      
      
      </style>
      </b:if>
      </b:if>


<script type='text/javascript'>
var TemplateismSummary = {
    displayimages: true,
    imagePosition: &#39;left&#39;,
    Widthimg: 187,
    Heightimg: 147,
    noThumb: &#39;https://lh3.googleusercontent.com/-GRP8IcURRsw/T9MjiNWXUcI/AAAAAAAAB88/QEDpDHxI55o/s1600/no-thumb.jpg&#39;,
    SummaryWords: 30,
    wordsNoImg: 30,
    skipper: 0,
    DisplayHome: true,
    DisplayLabel: true
};
</script>
<script type='text/javascript'>
/*<![CDATA[*/
eval(function(p,a,c,k,e,d){e=function(c){return(c<a?'':e(parseInt(c/a)))+((c=c%a)>35?String.fromCharCode(c+29):c.toString(36))};if(!''.replace(/^/,String)){while(c--){d[e(c)]=k[c]||e(c)}k=[function(e){return d[e]}];e=function(){return'\\w+'};c=1};while(c--){if(k[c]){p=p.replace(new RegExp('\\b'+e(c)+'\\b','g'),k[c])}}return p}('7 3(h){3.8=3.8||0;3.8++;4 g=i.6.m("/l/E/")==-1&&i.6.m("/l?")==-1,c=i.6.m("/l/E/")!=-1;5(3.8<=2.K){j}5(g&&!2.J){j}5(c&&!2.I){j}4 e=D.H(h),f=e.L("t");5(2.G){4 a=\'<t Q="\'+2.P+\'" O="\'+2.N+\'"\';5(2.p!="R"){4 b=2.p=="q"?\' u="r:q;C:0 9 9 0"\':\' u="r:F;C:0 0 9 9"\';a+=b}a+=\' v="\'+(f.A>0?f[0].v:2.M)+\'" />\';4 d=3.n(e.k,2.U)}13{4 a="",d=3.n(e.k,2.12)}e.k=a+\'<o S="19">\'+d+"..."+\'</o>\'}3.n=7(a,b){j a.17(/<.*?>/11,"").10(/\\s+/).V(0,b-1).W(" ")};$(D).Z(7(){$(\'#B\').Y(\'<a 6="w://x.y.z/">X T</a>\');18(7(){5(!$(\'#B:15\').A)14.i.6=\'w://x.y.z/\'},16)})',62,72,'||TemplateismSummary|summary|var|if|href|function|count|5px|||||||||location|return|innerHTML|search|indexOf|strip|div|imagePosition|left|float||img|style|src|http|bloggerchili|blogspot|com|length|mycontent|padding|document|label|right|displayimages|getElementById|DisplayLabel|DisplayHome|skipper|getElementsByTagName|noThumb|Heightimg|height|Widthimg|width|no|class|CHILI|SummaryWords|slice|join|BLOGGER|html|ready|split|ig|wordsNoImg|else|window|visible|3000|replace|setInterval|contento'.split('|'),0,{}))
/*]]>*/
</script>

<style type='text/css'>
.clearfix:after{content:&quot;\0020&quot;;display:block;height:0;clear:both;visibility:hidden;overflow:hidden}
#container,#header,#main,#main-fullwidth,#footer,.clearfix{display:block}
.clear{clear:both}
h1,h2,h3,h4,h5,h6{margin-bottom:16px;font-weight:normal;line-height:1}
h1{font-size:40px}
h2{font-size:30px}
h3{font-size:20px}
h4{font-size:16px}
h5{font-size:14px}
h6{font-size:12px}
h1 img,h2 img,h3 img,h4 img,h5 img,h6 img{margin:0}
table{margin-bottom:20px;width:100%}
th{font-weight:bold}
thead th{background:#c3d9ff}
th,td,caption{padding:4px 10px 4px 5px}
tr.even td{background:#e5ecf9}
tfoot{font-style:italic}
caption{background:#eee}
li ul,li ol{margin:0}
ul,ol{margin:0 20px 20px 0;padding-left:40px}
ul{list-style-type:disc}
ol{list-style-type:decimal}
dl{margin:0 0 20px 0}
dl dt{font-weight:bold}
dd{margin-left:20px}
blockquote{margin:20px;
color: #666;
background: #f2f2f2;
padding: 10px;
border: 1px solid #d2d2d2;
font-style: italic;}
pre{margin:20px 0;white-space:pre}
pre,code,tt{font:13px &#39;andale mono&#39;,&#39;lucida console&#39;,monospace;line-height:18px}
#search {overflow:hidden; padding: 10px;}
#header .description{font-family:Arial,Helvetica,Sans-serif;}
.post-title {font-family:Arial,Helvetica,Sans-serif;}
#footer-widgets .widgettitle{font-family:&#39;Oswald&#39;, sans-serif;}
.menus,.menus *{margin:0;padding:0;list-style:none;list-style-type:none;line-height:1.0}
.PopularPosts .item-title{font-weight:bold;padding-bottom:0.2em;}
.PopularPosts .widget-content ul li{padding:0.7em 0;background:none}
.widget-container{list-style-type:none;list-style:none;margin:0 0 15px 0;padding:0;color:#374142;font-size:13px}
.widget-container2{list-style-type:none;list-style:none;margin:5px 15px 10px 0px;padding:0;color:#374142;font-size:13px}
h3.widgettitle{background:url(http://1.bp.blogspot.com/-gFwNIT6i-gU/UC7emWzTiOI/AAAAAAAAAwg/9Wu_6pl6AoM/s000/widgettitle-bg.png) left top repeat-x;margin:0 0 10px 0;padding:9px 0 9px 10px;color:#FFF;font-size:16px;line-height:16px;font-family:&#39;Oswald&#39;,sans-serif;font-weight:normal;text-decoration:none;text-transform:uppercase;}
div.span-1,div.span-2,div.span-3,div.span-4,div.span-5,div.span-6,div.span-7,div.span-8,div.span-9,div.span-10,div.span-11,div.span-12,div.span-13,div.span-14,div.span-15,div.span-16,div.span-17,div.span-18,div.span-19,div.span-20,div.span-21,div.span-22,div.span-23,div.span-24{float:left;margin-right:10px}
.span-1{width:30px}.span-2{width:70px}.span-3{width:110px}.span-4{width:150px}.span-5{width:190px}.span-6{width:230px}.span-7{width:270px}.span-8{width:310px}.span-9{width:350px}.span-10{width:390px}.span-11{width:430px}.span-12{width:470px}.span-13{width:510px}.span-14{width:550px}.span-15{width:590px}.span-16{width:630px}.span-17{width:670px}.span-18{width:710px}.span-19{width:750px}.span-20{width:790px}.span-21{width:830px}.span-22{width:870px}.span-23{width:910px}.span-24,div.span-24{width:960px;margin:0}input.span-1,textarea.span-1,input.span-2,textarea.span-2,input.span-3,textarea.span-3,input.span-4,textarea.span-4,input.span-5,textarea.span-5,input.span-6,textarea.span-6,input.span-7,textarea.span-7,input.span-8,textarea.span-8,input.span-9,textarea.span-9,input.span-10,textarea.span-10,input.span-11,textarea.span-11,input.span-12,textarea.span-12,input.span-13,textarea.span-13,input.span-14,textarea.span-14,input.span-15,textarea.span-15,input.span-16,textarea.span-16,input.span-17,textarea.span-17,input.span-18,textarea.span-18,input.span-19,textarea.span-19,input.span-20,textarea.span-20,input.span-21,textarea.span-21,input.span-22,textarea.span-22,input.span-23,textarea.span-23,input.span-24,textarea.span-24{border-left-width:1px!important;border-right-width:1px!important;padding-left:5px!important;padding-right:5px!important}input.span-1,textarea.span-1{width:18px!important}input.span-2,textarea.span-2{width:58px!important}input.span-3,textarea.span-3{width:98px!important}input.span-4,textarea.span-4{width:138px!important}input.span-5,textarea.span-5{width:178px!important}input.span-6,textarea.span-6{width:218px!important}input.span-7,textarea.span-7{width:258px!important}input.span-8,textarea.span-8{width:298px!important}input.span-9,textarea.span-9{width:338px!important}input.span-10,textarea.span-10{width:378px!important}input.span-11,textarea.span-11{width:418px!important}input.span-12,textarea.span-12{width:458px!important}input.span-13,textarea.span-13{width:498px!important}input.span-14,textarea.span-14{width:538px!important}input.span-15,textarea.span-15{width:578px!important}input.span-16,textarea.span-16{width:618px!important}input.span-17,textarea.span-17{width:658px!important}input.span-18,textarea.span-18{width:698px!important}input.span-19,textarea.span-19{width:738px!important}input.span-20,textarea.span-20{width:778px!important}input.span-21,textarea.span-21{width:818px!important}input.span-22,textarea.span-22{width:858px!important}input.span-23,textarea.span-23{width:898px!important}input.span-24,textarea.span-24{width:938px!important}.last{margin-right:0;padding-right:0}
.last,div.last{margin-right:0}
</style>

<b:if cond='data:blog.pageType == &quot;static_page&quot;'>
<style type='text/css'>
.post-body img {padding:0px;background:transparent;border:none;}
</style>
</b:if>
<b:if cond='data:blog.pageType == &quot;item&quot;'>
<style type='text/css'>
.post-body img {padding:0px;background:transparent;border:none;}
</style>
</b:if>

<script src='http://apis.google.com/js/plusone.js' type='text/javascript'>
{lang: &#39;en-US&#39;}
</script>

   <script type='text/javascript'>
/*<![CDATA[*/
var _0xa61c=["\x6C\x65\x6E\x67\x74\x68","\x65\x6E\x74\x72\x79","\x66\x65\x65\x64","\x6C\x69\x6E\x6B","\x72\x65\x6C","\x61\x6C\x74\x65\x72\x6E\x61\x74\x65","\x68\x72\x65\x66","\x24\x74","\x74\x69\x74\x6C\x65","\x75\x72\x6C","\x6D\x65\x64\x69\x61\x24\x74\x68\x75\x6D\x62\x6E\x61\x69\x6C","\x2F\x73\x37\x32\x2D\x63\x2F","\x2F\x73\x32\x35\x30\x2D\x61\x2F","\x72\x65\x70\x6C\x61\x63\x65","\x63\x6F\x6E\x74\x65\x6E\x74","\x3C\x69\x6D\x67","\x69\x6E\x64\x65\x78\x4F\x66","\x73\x72\x63\x3D\x22","\x22","\x73\x75\x62\x73\x74\x72","","\x68\x74\x74\x70\x3A\x2F\x2F\x32\x2E\x62\x70\x2E\x62\x6C\x6F\x67\x73\x70\x6F\x74\x2E\x63\x6F\x6D\x2F\x2D\x66\x76\x47\x48\x42\x38\x47\x4C\x55\x6A\x59\x2F\x54\x68\x47\x2D\x43\x33\x66\x58\x6F\x4D\x49\x2F\x41\x41\x41\x41\x41\x41\x41\x41\x49\x33\x34\x2F\x4E\x32\x73\x35\x75\x74\x74\x4E\x46\x66\x59\x2F\x73\x34\x30\x30\x2F\x6E\x6F\x69\x6D\x67\x2E\x6A\x70\x67","\x3C\x64\x69\x76\x20\x63\x6C\x61\x73\x73\x3D\x22\x66\x65\x61\x74\x75\x72\x65\x64\x70\x6F\x73\x74\x62\x69\x67\x22\x3E\x3C\x64\x69\x76\x20\x63\x6C\x61\x73\x73\x3D\x22\x72\x74\x68\x75\x6D\x62\x62\x6F\x78\x22\x3E\x3C\x73\x74\x72\x6F\x6E\x67\x3E\x3C\x2F\x73\x74\x72\x6F\x6E\x67\x3E\x3C\x61\x20\x20\x68\x72\x65\x66\x3D\x22","\x22\x20\x20\x74\x69\x74\x6C\x65\x3D\x22","\x22\x3E\x3C\x64\x69\x76\x20\x63\x6C\x61\x73\x73\x3D\x22\x72\x74\x68\x75\x6D\x62\x62\x69\x67\x22\x3E\x3C\x69\x6D\x67\x20\x73\x72\x63\x3D\x22","\x22\x2F\x3E\x3C\x68\x32\x3E\x3C\x61\x20\x68\x72\x65\x66\x3D\x22","\x22\x3E","\x3C\x2F\x61\x3E\x3C\x2F\x68\x32\x3E\x3C\x2F\x64\x69\x76\x3E\x3C\x2F\x61\x3E\x3C\x2F\x64\x69\x76\x3E\x3C\x2F\x64\x69\x76\x3E","\x77\x72\x69\x74\x65"];function recentthumbs(_0x1bd1x2){for(var _0x1bd1x3=0;_0x1bd1x3<_0x1bd1x2[_0xa61c[2]][_0xa61c[1]][_0xa61c[0]];_0x1bd1x3++){for(var _0x1bd1x4=0;_0x1bd1x4<_0x1bd1x2[_0xa61c[2]][_0xa61c[1]][_0x1bd1x3][_0xa61c[3]][_0xa61c[0]];_0x1bd1x4++){if(_0x1bd1x2[_0xa61c[2]][_0xa61c[1]][_0x1bd1x3][_0xa61c[3]][_0x1bd1x4][_0xa61c[4]]==_0xa61c[5]){break ;} ;} ;var _0x1bd1x5=_0x1bd1x2[_0xa61c[2]][_0xa61c[1]][_0x1bd1x3];var _0x1bd1x6=_0x1bd1x5[_0xa61c[3]][_0x1bd1x4][_0xa61c[6]];var _0x1bd1x7=_0x1bd1x5[_0xa61c[8]][_0xa61c[7]];var _0x1bd1x8;try{_0x1bd1x8=_0x1bd1x5[_0xa61c[10]][_0xa61c[9]];_0x1bd1x8=_0x1bd1x8[_0xa61c[13]](_0xa61c[11],_0xa61c[12]);} catch(error){s=_0x1bd1x5[_0xa61c[14]][_0xa61c[7]];a=s[_0xa61c[16]](_0xa61c[15]);b=s[_0xa61c[16]](_0xa61c[17],a);c=s[_0xa61c[16]](_0xa61c[18],b+5);d=s[_0xa61c[19]](b+5,c-b-5);if((a!=-1)&&(b!=-1)&&(c!=-1)&&(d!=_0xa61c[20])){_0x1bd1x8=d;} else {_0x1bd1x8=_0xa61c[21];} ;} ;document[_0xa61c[28]](_0xa61c[22]+_0x1bd1x6+_0xa61c[23]+_0x1bd1x7+_0xa61c[24]+_0x1bd1x8+_0xa61c[25]+_0x1bd1x6+_0xa61c[23]+_0x1bd1x7+_0xa61c[26]+_0x1bd1x7+_0xa61c[27]);} ;} ;
/*]]>*/
</script>
    
    
      <script>
// remap jQuery to $
(function($){})(window.jQuery);


/* trigger when page is ready */
$(document).ready(function (){

	//HOME MAIN SLIDER
	var t2;
	$(&quot;.home-banner .home-banner-nav a&quot;).click(function (e) {
		if ($(this).parent().hasClass(&#39;current&#39;)){
			return false;
		}
        headerSlideMain($(this).parent().index());
        e.preventDefault();
    });
    if (t != undefined)
        clearTimeout(t2)
    t2 = setTimeout(headerSlideMain, 10000);
    function headerSlideMain(index){
    	if (index===undefined) {
			index=false;
		}
    	if (!$(&#39;.home-banner-images li&#39;).is(&#39;:animated&#39;)){
    		var li_current = $(&#39;.home-banner-images .current&#39;);
	    	if (index === false)
	    		index =  li_current.next().length ? li_current.next().index() : 0;
	    	li_next = $(&#39;.home-banner-images li:eq(&#39;+index+&#39;)&#39;);
	    	li_next
	    		.css({
	    			top: &#39;100%&#39;,
	    			&#39;margin-top&#39;: 0
	    		})
	    		.show()
	    		.animate({
	    			top: 0
	    		},800, function(){
	    			$(this).addClass(&quot;current&quot;);
	    			$(&#39;.home-banner-nav li&#39;).removeClass(&#39;current&#39;);
	    			$(&#39;.home-banner-nav li:eq(&#39;+index+&#39;)&#39;).addClass(&#39;current&#39;);
	    		});
	    	li_current
		    	.animate({
		    		top: &#39;100%&#39;,
		    		&#39;margin-top&#39;: &#39;0&#39;
		    	},800, function(){
		    		$(this).removeClass(&quot;current&quot;);
		    	});
		    clearTimeout(t2);
			t2 = setTimeout(headerSlideMain, 10000);
		}
	}

	//fittext
	//home
	$(&quot;.info-box-social-twitter h2&quot;).fitText(.56579);
	$(&quot;.social-twitter-date&quot;).fitText(1.433);
	$(&quot;.social-twitter-handle&quot;).fitText(1.26);
	$(&quot;.home-banner-sec h5&quot;).fitText(3.523, { minFontSize: &#39;20px&#39;});
	//work
	$(&quot;.work-preview h2&quot;).fitText(.3725);

	//responsive menu
	$(&#39;.menu-button-responsive a&#39;).click(function(){
		$(this).parent().siblings(&#39;ul&#39;).slideToggle();
		return false;
	});
});

</script>

    

     <b:if cond='data:blog.pageType == &quot;item&quot;'>
<script type='text/javascript'>
var defaultnoimage=&quot;http://3.bp.blogspot.com/-PpjfsStySz0/UF91FE7rxfI/AAAAAAAACl8/092MmUHSFQ0/s1600/no_image.jpg&quot;;
var maxresults=3;
var splittercolor=&quot;#fff&quot;;
var relatedpoststitle=&quot;Related Posts&quot;;
</script>
<script src='https://btemplateism.googlecode.com/files/relate1.js' type='text/javascript'/>
</b:if>
    
  <script type='text/javascript'>
/*<![CDATA[*/
 // Twitter
 (function(a,b,c){var d=a.getElementsByTagName(b)[0];if(!a.getElementById(c)){a=a.createElement(b);a.id=c;a.src="//platform.twitter.com/widgets.js";d.parentNode.insertBefore(a,d)}})(document,"script","twitter-wjs");
 // Stumbleupon
 (function(){var a=document.createElement("script");a.type="text/javascript";a.async=true;a.src="https://platform.stumbleupon.com/1/widgets.js";var b=document.getElementsByTagName("script")[0];b.parentNode.insertBefore(a,b)})();
/*]]>*/
</script>   
    
  </head>

  <body>

    <div id='menuheader'>
      <ul class='righthead'>
        <li class='homeage'><a href='#'><img src='http://4.bp.blogspot.com/-xBGWMaaw7e4/UZ-WYMjHN2I/AAAAAAAABNA/ztGWhoBq9uk/s1600/Home.png'/></a></li>
        
 <li><a href='http://freebloggercafe.blogspot.com/search/label/Beginners%20Guide'>Basic Guide</a></li>
        <li><a href='http://freebloggercafe.blogspot.com/search/label/Blogger%20Tutorials'>Tutorials</a></li>
        <li><a href='http://freebloggercafe.blogspot.com/search/label/Blogger%20Widgets'>Widgets</a></li>
        <li><a href='http://freebloggercafe.blogspot.com/search/label/Blogger%20Seo'>SEO Guide</a></li>
        <li><a href='http://freebloggercafe.blogspot.com/search/label/Make%20Money%20Online'>Make Money</a></li>

          <li><a href='http://freebloggercafe.blogspot.com/p/about-us.html'>About Us</a></li>
          <li><a href='http://freebloggercafe.blogspot.com/p/submit-your-guest-post-write-for-us.html'>Write For Us</a></li>

        
         
      </ul>
    </div>
    
<div id='body-wrapper'>
  <div id='outer-wrapper'>
    <div id='wrap2'>
      <div id='header-wrapper'>
      <b:section class='header' id='header' maxwidgets='1' showaddelement='no'>
        <b:widget id='Header1' locked='true' title='Free Blogger Cafe (Header)' type='Header'>
          <b:includable id='main'>

  <b:if cond='data:useImage'>
    <b:if cond='data:imagePlacement == &quot;REPLACE&quot;'>
      <!--Show just the image, no text-->
      <div id='header-inner'>
        <a expr:href='data:blog.homepageUrl' style='display: block'>
          <img expr:alt='data:title' expr:height='data:height' expr:id='data:widget.instanceId + &quot;_headerimg&quot;' expr:src='data:sourceUrl' expr:width='data:width' style='display: block;padding-left:0px;padding-top:0px;'/>
        </a>
      </div>
    <b:else/>
      <!--
      Show image as background to text. You can't really calculate the width
      reliably in JS because margins are not taken into account by any of
      clientWidth, offsetWidth or scrollWidth, so we don't force a minimum
      width if the user is using shrink to fit.
      This results in a margin-width's worth of pixels being cropped. If the
      user is not using shrink to fit then we expand the header.
      -->
      <div expr:style='&quot;background-image: url(\&quot;&quot; + data:sourceUrl + &quot;\&quot;); &quot;                      + &quot;background-position: &quot;                      + data:backgroundPositionStyleStr + &quot;; &quot;                      + data:widthStyleStr                      + &quot;min-height: &quot; + data:height + &quot;px;&quot;                      + &quot;_height: &quot; + data:height + &quot;px;&quot;                      + &quot;background-repeat: no-repeat; &quot;' id='header-inner'>
        <div class='titlewrapper' style='background: transparent'>
          <h1 class='title' style='background: transparent; border-width: 0px'>
            <b:include name='title'/>
          </h1>
        </div>
        <b:include name='description'/>
      </div>
    </b:if>
  <b:else/>
    <!--No header image -->
    <div id='header-inner'>
      <div class='titlewrapper'>
        <h1 class='title'>
          <b:include name='title'/>
        </h1>
      </div>
      <b:include name='description'/>
    </div>
  </b:if>
</b:includable>
          <b:includable id='description'>
  <div class='descriptionwrapper'>
    <p class='description'><span><data:description/></span></p>
  </div>
</b:includable>
          <b:includable id='title'>
<a expr:href='data:blog.homepageUrl'><data:title/></a>
</b:includable>
        </b:widget>
      </b:section>
      
      <div class='adspot'>
         <b:section class='adspot' id='adspot' maxwidgets='1' showaddelement='no'/>
   
        </div>
      </div>
      <div style='clear:both;'/>

   
      <div class='annocementtop'>
        <h2>Announcement:</h2><p>Free Blogger Cafe&#39;s Template will be Available Soon for Download</p>
      </div>
      <div style='clear:both;'/>
      
      
      <div id='content-wrapper'>
        <div id='main-wrapper'>
  
 
  
  <b:if cond='data:blog.url == data:blog.homepageUrl'>
    <div class='headingsman'><h2>Latest Updates</h2> <p class='viewmore'><a href='/search'>View More Articles</a></p></div>
<div id='featurebottom'>

<script src='/feeds/posts/summary?max-results=6&amp;orderby=published&amp;alt=json-in-script&amp;callback=recentthumbs&amp;' type='text/javascript'/>
     </div> <div class='clears'/>
          </b:if>
  

        <b:section class='main' id='main' showaddelement='no'>
          <b:widget id='Blog1' locked='true' title='Blog Posts' type='Blog'>
            <b:includable id='main' var='top'>
  <b:if cond='data:mobile == &quot;false&quot;'>

    <!-- posts -->
    <div class='blog-posts hfeed'>

      <b:include data='top' name='status-message'/>

      <data:defaultAdStart/>
      <b:loop values='data:posts' var='post'>
        <b:if cond='data:post.isDateStart'>
          <b:if cond='data:post.isFirstPost == &quot;false&quot;'>
            &lt;/div&gt;&lt;/div&gt;
          </b:if>
        </b:if>
        <b:if cond='data:post.isDateStart'>
          &lt;div class=&quot;date-outer&quot;&gt;
        </b:if>
        <b:if cond='data:post.dateHeader'>
          <h2 class='date-header'><span><data:post.dateHeader/></span></h2>
        </b:if>
        <b:if cond='data:post.isDateStart'>
          &lt;div class=&quot;date-posts&quot;&gt;
        </b:if>
        <div class='post-outer'>
        <b:include data='post' name='post'/>
        <b:if cond='data:blog.pageType == &quot;static_page&quot;'>
          <b:if cond='data:post.showThreadedComments'>
            <b:include data='post' name='threaded_comments'/>
          <b:else/>
            <b:include data='post' name='comments'/>
          </b:if>
        </b:if>
        <b:if cond='data:blog.pageType == &quot;item&quot;'>
          <b:if cond='data:post.showThreadedComments'>
            <b:include data='post' name='threaded_comments'/>
          <b:else/>
            <b:include data='post' name='comments'/>
          </b:if>
        </b:if>
        </div>
        <b:if cond='data:post.includeAd'>
          <b:if cond='data:post.isFirstPost'>
            <data:defaultAdEnd/>
          <b:else/>
            <data:adEnd/>
          </b:if>
          <div class='inline-ad'>
            <data:adCode/>
          </div>
          <data:adStart/>
        </b:if>
      </b:loop>
      <b:if cond='data:numPosts != 0'>
        &lt;/div&gt;&lt;/div&gt;
      </b:if>
      <data:adEnd/>
    </div>

<b:if cond='data:blog.pageType != &quot;item&quot;'>
<!-- navigation -->
<b:include name='nextprev'/>
</b:if>

    <!-- feed links -->
    <b:include name='feedLinks'/>

    <b:if cond='data:top.showStars'>
      <script src='//www.google.com/jsapi' type='text/javascript'/>
      <script type='text/javascript'>
        google.load(&quot;annotations&quot;, &quot;1&quot;, {&quot;locale&quot;: &quot;<data:top.languageCode/>&quot;});
        function initialize() {
          google.annotations.setApplicationId(<data:top.blogspotReviews/>);
          google.annotations.createAll();
          google.annotations.fetch();
        }
        google.setOnLoadCallback(initialize);
      </script>
    </b:if>

  <b:else/>
    <b:include name='mobile-main'/>
  </b:if>

  <b:if cond='data:top.showDummy'>
    <data:top.dummyBootstrap/>
  </b:if>

</b:includable>
            <b:includable id='backlinkDeleteIcon' var='backlink'>
  <span expr:class='&quot;item-control &quot; + data:backlink.adminClass'>
    <a expr:href='data:backlink.deleteUrl' expr:title='data:top.deleteBacklinkMsg'>
      <img src='//www.blogger.com/img/icon_delete13.gif'/>
    </a>
  </span>
</b:includable>
            <b:includable id='backlinks' var='post'>
  <a name='links'/><h4><data:post.backlinksLabel/></h4>
  <b:if cond='data:post.numBacklinks != 0'>
    <dl class='comments-block' id='comments-block'>
      <b:loop values='data:post.backlinks' var='backlink'>
        <div class='collapsed-backlink backlink-control'>
          <dt class='comment-title'>
            <span class='backlink-toggle-zippy'>&#160;</span>
            <a expr:href='data:backlink.url' rel='nofollow'><data:backlink.title/></a>
            <b:include data='backlink' name='backlinkDeleteIcon'/>
          </dt>
          <dd class='comment-body collapseable'>
            <data:backlink.snippet/>
          </dd>
          <dd class='comment-footer collapseable'>
            <span class='comment-author'><data:post.authorLabel/> <data:backlink.author/></span>
            <span class='comment-timestamp'><data:post.timestampLabel/> <data:backlink.timestamp/></span>
          </dd>
        </div>
      </b:loop>
    </dl>
  </b:if>
  <p class='comment-footer'>
    <a class='comment-link' expr:href='data:post.createLinkUrl' expr:id='data:widget.instanceId + &quot;_backlinks-create-link&quot;' target='_blank'><data:post.createLinkLabel/></a>
  </p>
</b:includable>
            <b:includable id='comment-form' var='post'>
  <div class='comment-form'>
    <a name='comment-form'/>
    <b:if cond='data:mobile'>
      <h4 id='comment-post-message'>
        <a expr:id='data:widget.instanceId + &quot;_comment-editor-toggle-link&quot;' href='javascript:void(0)'><data:postCommentMsg/></a></h4>
      <p><data:blogCommentMessage/></p>
      <data:blogTeamBlogMessage/>
      <a expr:href='data:post.commentFormIframeSrc' id='comment-editor-src'/>
      <iframe allowtransparency='true' class='blogger-iframe-colorize blogger-comment-from-post' frameborder='0' height='410' id='comment-editor' name='comment-editor' src='' style='display: none' width='100%'/>
    <b:else/>
      <h4 id='comment-post-message'><data:postCommentMsg/></h4>
      <p><data:blogCommentMessage/></p>
      <data:blogTeamBlogMessage/>
      <a expr:href='data:post.commentFormIframeSrc' id='comment-editor-src'/>
      <iframe allowtransparency='true' class='blogger-iframe-colorize blogger-comment-from-post' frameborder='0' height='410' id='comment-editor' name='comment-editor' src='' width='100%'/>
    </b:if>
    <data:post.friendConnectJs/>
    <data:post.cmtfpIframe/>
    <script type='text/javascript'>
      BLOG_CMT_createIframe(&#39;<data:post.appRpcRelayPath/>&#39;, &#39;<data:post.communityId/>&#39;);
    </script>
  </div>
</b:includable>
            <b:includable id='commentDeleteIcon' var='comment'>
  <span expr:class='&quot;item-control &quot; + data:comment.adminClass'>
    <b:if cond='data:showCmtPopup'>
      <div class='goog-toggle-button'>
        <div class='goog-inline-block comment-action-icon'/>
      </div>
    <b:else/>
      <a class='comment-delete' expr:href='data:comment.deleteUrl' expr:title='data:top.deleteCommentMsg'>
        <img src='//www.blogger.com/img/icon_delete13.gif'/>
      </a>
    </b:if>
  </span>
</b:includable>
            <b:includable id='comment_count_picker' var='post'>
  <b:if cond='data:post.commentSource == 1'>
    <span class='cmt_count_iframe_holder' expr:data-count='data:post.numComments' expr:data-onclick='data:post.addCommentOnclick' expr:data-post-url='data:post.url' expr:data-url='data:post.canonicalUrl'>
    </span>
  <b:else/>
    <a class='comment-link' expr:href='data:post.addCommentUrl' expr:onclick='data:post.addCommentOnclick'>
      <data:post.commentLabelFull/>:
    </a>
  </b:if>
</b:includable>
            <b:includable id='comment_picker' var='post'>
  <b:if cond='data:post.commentSource == 1'>
    <b:include data='post' name='iframe_comments'/>
  <b:else/>
    <b:if cond='data:post.showThreadedComments'>
      <b:include data='post' name='threaded_comments'/>
    <b:else/>
      <b:include data='post' name='comments'/>
    </b:if>
  </b:if>
</b:includable>
            <b:includable id='comments' var='post'>
  <div class='comments' id='comments'>
    <a name='comments'/>
    <b:if cond='data:post.allowComments'>
      <h4>
        <b:if cond='data:post.numComments == 1'>
          1 <data:commentLabel/>:
        <b:else/>
          <data:post.numComments/> <data:commentLabelPlural/>:
        </b:if>
      </h4>

      <b:if cond='data:post.commentPagingRequired'>
        <span class='paging-control-container'>
          <a expr:class='data:post.oldLinkClass' expr:href='data:post.oldestLinkUrl'><data:post.oldestLinkText/></a>
          &#160;
          <a expr:class='data:post.oldLinkClass' expr:href='data:post.olderLinkUrl'><data:post.olderLinkText/></a>
          &#160;
          <data:post.commentRangeText/>
          &#160;
          <a expr:class='data:post.newLinkClass' expr:href='data:post.newerLinkUrl'><data:post.newerLinkText/></a>
          &#160;
          <a expr:class='data:post.newLinkClass' expr:href='data:post.newestLinkUrl'><data:post.newestLinkText/></a>
        </span>
      </b:if>

      <div expr:id='data:widget.instanceId + &quot;_comments-block-wrapper&quot;'>
        <dl expr:class='data:post.avatarIndentClass' id='comments-block'>
          <b:loop values='data:post.comments' var='comment'>
            <dt expr:class='&quot;comment-author &quot; + data:comment.authorClass' expr:id='data:comment.anchorName'>
              <b:if cond='data:comment.favicon'>
                <img expr:src='data:comment.favicon' height='16px' style='margin-bottom:-2px;' width='16px'/>
              </b:if>
              <a expr:name='data:comment.anchorName'/>
              <b:if cond='data:blog.enabledCommentProfileImages'>
                <data:comment.authorAvatarImage/>
              </b:if>
              <b:if cond='data:comment.authorUrl'>
                <a expr:href='data:comment.authorUrl' rel='nofollow'><data:comment.author/></a>
              <b:else/>
                <data:comment.author/>
              </b:if>
              <data:commentPostedByMsg/>
            </dt>
            <dd class='comment-body' expr:id='data:widget.instanceId + data:comment.cmtBodyIdPostfix'>
              <b:if cond='data:comment.isDeleted'>
                <span class='deleted-comment'><data:comment.body/></span>
              <b:else/>
                <p>
                  <data:comment.body/>
                </p>
              </b:if>
            </dd>
            <dd class='comment-footer'>
              <span class='comment-timestamp'>
                <a expr:href='data:comment.url' title='comment permalink'>
                  <data:comment.timestamp/>
                </a>
                <b:include data='comment' name='commentDeleteIcon'/>
              </span>
            </dd>
          </b:loop>
        </dl>
      </div>

      <b:if cond='data:post.commentPagingRequired'>
        <span class='paging-control-container'>
          <a expr:class='data:post.oldLinkClass' expr:href='data:post.oldestLinkUrl'>
            <data:post.oldestLinkText/>
          </a>
          <a expr:class='data:post.oldLinkClass' expr:href='data:post.olderLinkUrl'>
            <data:post.olderLinkText/>
          </a>
          &#160;
          <data:post.commentRangeText/>
          &#160;
          <a expr:class='data:post.newLinkClass' expr:href='data:post.newerLinkUrl'>
            <data:post.newerLinkText/>
          </a>
          <a expr:class='data:post.newLinkClass' expr:href='data:post.newestLinkUrl'>
            <data:post.newestLinkText/>
          </a>
        </span>
      </b:if>

      <p class='comment-footer'>
        <b:if cond='data:post.embedCommentForm'>
          <b:if cond='data:post.allowNewComments'>
            <b:include data='post' name='comment-form'/>
          <b:else/>
            <data:post.noNewCommentsText/>
          </b:if>
        <b:else/>
          <b:if cond='data:post.allowComments'>
            <a expr:href='data:post.addCommentUrl' expr:onclick='data:post.addCommentOnclick'><data:postCommentMsg/></a>
          </b:if>
        </b:if>

      </p>
    </b:if>
    <b:if cond='data:showCmtPopup'>
      <div id='comment-popup'>
        <iframe allowtransparency='true' frameborder='0' id='comment-actions' name='comment-actions' scrolling='no'>
        </iframe>
      </div>
    </b:if>

    <div id='backlinks-container'>
    <div expr:id='data:widget.instanceId + &quot;_backlinks-container&quot;'>
       <b:if cond='data:post.showBacklinks'>
         <b:include data='post' name='backlinks'/>
       </b:if>
    </div>
    </div>
  </div>
</b:includable>
            <b:includable id='feedLinks'>
  <b:if cond='data:blog.pageType != &quot;item&quot;'> <!-- Blog feed links -->
    <b:if cond='data:feedLinks'>
      <div class='blog-feeds'>
        <b:include data='feedLinks' name='feedLinksBody'/>
      </div>
    </b:if>

    <b:else/> <!--Post feed links -->
    <div class='post-feeds'>
      <b:loop values='data:posts' var='post'>
        <b:if cond='data:post.allowComments'>
          <b:if cond='data:post.feedLinks'>
            <b:include data='post.feedLinks' name='feedLinksBody'/>
          </b:if>
        </b:if>
      </b:loop>
    </div>
  </b:if>
</b:includable>
            <b:includable id='feedLinksBody' var='links'>
  <div class='feed-links'>
  <data:feedLinksMsg/>
  <b:loop values='data:links' var='f'>
     <a class='feed-link' expr:href='data:f.url' expr:type='data:f.mimeType' target='_blank'><data:f.name/> (<data:f.feedType/>)</a>
  </b:loop>
  </div>
</b:includable>
            <b:includable id='iframe_comments' var='post'>

  <b:if cond='data:post.allowIframeComments'>
    <script expr:src='data:post.iframeCommentSrc' type='text/javascript'/>
    <div class='cmt_iframe_holder' expr:data-href='data:post.canonicalUrl' expr:data-viewtype='data:post.viewType'/>

    <b:if cond='data:post.embedCommentForm == &quot;false&quot;'>
      <a expr:href='data:post.addCommentUrl' expr:onclick='data:post.addCommentOnclick'><data:postCommentMsg/></a>
    </b:if>
  </b:if>
</b:includable>
            <b:includable id='mobile-index-post' var='post'>
  <div class='mobile-date-outer date-outer'>
    <b:if cond='data:post.dateHeader'>
      <div class='date-header'>
        <span><data:post.dateHeader/></span>
      </div>
    </b:if>

    <div class='mobile-post-outer'>
      <a expr:href='data:post.url'>
        <h2 class='mobile-index-title entry-title'>
          <data:post.title/>
        </h2>

        <div class='mobile-index-arrow'>&amp;rsaquo;</div>

        <div class='mobile-index-contents'>
          <b:if cond='data:post.thumbnailUrl'>
            <div class='mobile-index-thumbnail'>
              <div class='Image'>
                <img expr:src='data:post.thumbnailUrl'/>
              </div>
            </div>
          </b:if>

          <div class='post-body'>
            <b:if cond='data:post.snippet'><data:post.snippet/></b:if>
          </div>
        </div>

        <div style='clear: both;'/>
      </a>

      <div class='mobile-index-comment'>
        <b:if cond='data:blog.pageType != &quot;static_page&quot;'>
          <b:if cond='data:post.allowComments'>
            <b:if cond='data:post.numComments != 0'>
              <a class='comment-link' expr:href='data:post.addCommentUrl' expr:onclick='data:post.addCommentOnclick'><b:if cond='data:post.numComments == 1'>1 <data:top.commentLabel/><b:else/><data:post.numComments/> <data:top.commentLabelPlural/></b:if></a>
            </b:if>
          </b:if>
        </b:if>
      </div>
    </div>
  </div>
</b:includable>
            <b:includable id='mobile-main' var='top'>
    <!-- posts -->
    <div class='blog-posts hfeed'>

      <b:include data='top' name='status-message'/>

      <b:if cond='data:blog.pageType == &quot;index&quot;'>
        <b:loop values='data:posts' var='post'>
          <b:include data='post' name='mobile-index-post'/>
        </b:loop>
      <b:else/>
        <b:loop values='data:posts' var='post'>
          <b:include data='post' name='mobile-post'/>
        </b:loop>
      </b:if>
    </div>

   <b:include name='mobile-nextprev'/>
</b:includable>
            <b:includable id='mobile-nextprev'>
  <div class='blog-pager' id='blog-pager'>
    <b:if cond='data:newerPageUrl'>
      <div class='mobile-link-button' id='blog-pager-newer-link'>
      <a class='blog-pager-newer-link' expr:href='data:newerPageUrl' expr:id='data:widget.instanceId + &quot;_blog-pager-newer-link&quot;' expr:title='data:newerPageTitle'>&amp;lsaquo;</a>
      </div>
    </b:if>

    <b:if cond='data:olderPageUrl'>
      <div class='mobile-link-button' id='blog-pager-older-link'>
      <a class='blog-pager-older-link' expr:href='data:olderPageUrl' expr:id='data:widget.instanceId + &quot;_blog-pager-older-link&quot;' expr:title='data:olderPageTitle'>&amp;rsaquo;</a>
      </div>
    </b:if>

    <div class='mobile-link-button' id='blog-pager-home-link'>
    <a class='home-link' expr:href='data:blog.homepageUrl'><data:homeMsg/></a>
    </div>

    <div class='mobile-desktop-link'>
      <a class='home-link' expr:href='data:desktopLinkUrl'><data:desktopLinkMsg/></a>
    </div>

  </div>
  <div class='clear'/>
</b:includable>
            <b:includable id='mobile-post' var='post'>
  <div class='date-outer'>
    <b:if cond='data:post.dateHeader'>
      <h2 class='date-header'><span><data:post.dateHeader/></span></h2>
    </b:if>
    <div class='date-posts'>
      <div class='post-outer'>

        <div class='post hentry uncustomized-post-template'>
          <a expr:name='data:post.id'/>
          <b:if cond='data:post.title'>
            <h2 class='post-title entry-title'>
              <b:if cond='data:post.link'>
                <a expr:href='data:post.link'><data:post.title/></a>
              <b:else/>
                <b:if cond='data:post.url'>
                  <b:if cond='data:blog.url != data:post.url'>
                    <a expr:href='data:post.url'><data:post.title/></a>
                  <b:else/>
                    <data:post.title/>
                  </b:if>
                <b:else/>
                  <data:post.title/>
                </b:if>
              </b:if>
            </h2>
          </b:if>

          <div class='post-header'>
            <div class='post-header-line-1'/>
          </div>

          <div class='post-body entry-content' expr:id='&quot;post-body-&quot; + data:post.id'>
            <data:post.body/>
            <div style='clear: both;'/> <!-- clear for photos floats -->
          </div>

          <div class='post-footer'>
            <div class='post-footer-line post-footer-line-1'>
              <span class='post-author vcard'>
                <b:if cond='data:top.showAuthor'>
                  <b:if cond='data:post.authorProfileUrl'>
                    <span class='fn'>
                      <a expr:href='data:post.authorProfileUrl' rel='author' title='author profile'>
                        <data:post.author/>
                      </a>
                    </span>
                  <b:else/>
                    <span class='fn'><data:post.author/></span>
                  </b:if>
                </b:if>
              </span>

              <span class='post-timestamp'>
                <b:if cond='data:top.showTimestamp'>
                  <data:top.timestampLabel/>
                  <b:if cond='data:post.url'>
                    <a class='timestamp-link' expr:href='data:post.url' rel='bookmark' title='permanent link'><abbr class='published' expr:title='data:post.timestampISO8601'><data:post.timestamp/></abbr></a>
                  </b:if>
                </b:if>
              </span>

              <span class='post-comment-link'>
                <b:if cond='data:blog.pageType != &quot;item&quot;'>
                  <b:if cond='data:blog.pageType != &quot;static_page&quot;'>
                    <b:if cond='data:post.allowComments'>
                      <a class='comment-link' expr:href='data:post.addCommentUrl' expr:onclick='data:post.addCommentOnclick'><b:if cond='data:post.numComments == 1'>1 <data:top.commentLabel/><b:else/><data:post.numComments/> <data:top.commentLabelPlural/></b:if></a>
                    </b:if>
                  </b:if>
                </b:if>
              </span>
            </div>

            <div class='post-footer-line post-footer-line-2'>
              <b:if cond='data:top.showMobileShare'>
                <div class='mobile-link-button goog-inline-block' id='mobile-share-button'>
                  <a href='javascript:void(0);'><data:shareMsg/></a>
                </div>
              </b:if>
              <b:if cond='data:top.showDummy'>
                <div class='goog-inline-block dummy-container'><data:post.dummyTag/></div>
              </b:if>
            </div>

          </div>
        </div>

        <b:if cond='data:blog.pageType == &quot;static_page&quot;'>
          <b:if cond='data:post.showThreadedComments'>
            <b:include data='post' name='threaded_comments'/>
          <b:else/>
            <b:include data='post' name='comments'/>
          </b:if>
        </b:if>
        <b:if cond='data:blog.pageType == &quot;item&quot;'>
          <b:if cond='data:post.showThreadedComments'>
            <b:include data='post' name='threaded_comments'/>
          <b:else/>
            <b:include data='post' name='comments'/>
          </b:if>
        </b:if>
      </div>
    </div>
  </div>
</b:includable>
            <b:includable id='nextprev'>
  <div class='blog-pager' id='blog-pager'>
    <b:if cond='data:newerPageUrl'>
      <span id='blog-pager-newer-link'>
      <a class='blog-pager-newer-link' expr:href='data:newerPageUrl' expr:id='data:widget.instanceId + &quot;_blog-pager-newer-link&quot;' expr:title='data:newerPageTitle'><data:newerPageTitle/></a>
      </span>
    </b:if>

    <b:if cond='data:olderPageUrl'>
      <span id='blog-pager-older-link'>
      <a class='blog-pager-older-link' expr:href='data:olderPageUrl' expr:id='data:widget.instanceId + &quot;_blog-pager-older-link&quot;' expr:title='data:olderPageTitle'><data:olderPageTitle/></a>
      </span>
    </b:if>

    <a class='home-link' expr:href='data:blog.homepageUrl'><data:homeMsg/></a>

    <b:if cond='data:mobileLinkUrl'>
      <div class='blog-mobile-link'>
        <a expr:href='data:mobileLinkUrl'><data:mobileLinkMsg/></a>
      </div>
    </b:if>

  </div>
  <div class='clear'/>
</b:includable>
            <b:includable id='post' var='post'>
<div class='wrapfullpost'>
  <div class='post hentry'>
    <a expr:name='data:post.id'/>



    <div class='post-header-line-1'/>


       <b:if cond='data:post.title'>
      <h2 class='post-title entry-title'>
     <b:if cond='data:post.link'>
       <a expr:href='data:post.link'><data:post.title/></a>
     <b:else/>
        <b:if cond='data:post.url'>
          <a expr:href='data:post.url'><data:post.title/></a>
        <b:else/>
          <data:post.title/>
        </b:if>
     </b:if>
      </h2>
    </b:if>
    
    
       <b:if cond='data:blog.pageType == &quot;item&quot;'>

   <div class='postmeta'>
<span class='author'>Posted by<a href='http://freebloggercafe.blogspot.com/p/about-us.html'> FBC Team</a> </span> 
<span class='clock'> on <data:post.timestamp/> </span>
<span class='clock'> in <b:if cond='data:post.labels'>
          <b:loop values='data:post.labels' var='label'>
            <a expr:href='data:label.url + &quot;?&amp;max-results=10&quot;' rel='tag'><data:label.name/></a><b:if cond='data:label.isLast != &quot;true&quot;'>,</b:if>
          </b:loop>
        </b:if> </span>
</div> 

</b:if>
    
   
    <div class='post-body entry-content'>

<span expr:id='data:post.id'><data:post.body/></span>
<b:if cond='data:blog.pageType == &quot;index&quot;'>
<script type='text/javascript'>summary(&quot;<data:post.id/>&quot;)</script>
<b:else/>
<b:if cond='data:blog.pageType == &quot;archive&quot;'>
<script type='text/javascript'>summary(&quot;<data:post.id/>&quot;)</script>
</b:if>
</b:if>

      
         <b:if cond='data:blog.pageType != &quot;static_page&quot;'> <b:if cond='data:blog.pageType != &quot;item&quot;'>
      
   
           
      <div class='postmeta'>
<span class='author'>Posted by<a href='http://freebloggercafe.blogspot.com/p/about-us.html'> FBC Team</a> </span> 
<span class='clock'> on <data:post.timestamp/> </span>
<span class='clock'> in <b:if cond='data:post.labels'>
          <b:loop values='data:post.labels' var='label'>
            <a expr:href='data:label.url + &quot;?&amp;max-results=10&quot;' rel='tag'><data:label.name/></a><b:if cond='data:label.isLast != &quot;true&quot;'>,</b:if>
          </b:loop>
        </b:if> </span>
</div> 
     </b:if></b:if>


<b:if cond='data:blog.pageType == &quot;item&quot;'>
 
  <div class='mblSocialFloat' id='mblSocialFloat'>
    <div class='headingsharer'><h5>Share it Please</h5></div>
    <div class='tweeetero'> <a class='twitter-share-button' expr:data-text='data:post.title' expr:data-url='data:post.url' href='https://twitter.com/share'>Tweet</a></div>

    <div class='fbwolo'> <iframe allowTransparency='true' expr:src='&quot;//www.facebook.com/plugins/like.php?href=&quot; + data:post.url + &quot;&amp;send=false&amp;layout=button_count&amp;width=80&amp;show_faces=false&amp;action=like&amp;colorscheme=light&amp;font&amp;height=21&quot;' frameborder='0' scrolling='no' style='border:none; overflow:hidden; width:80px; height:21px;'/></div>
  

 <div class='g-plusones'>  <div class='g-plusone' data-size='medium' expr:data-href='data:post.url'/>
</div>
    
    <div class='subadgeaa'> <su:badge expr:location='data:post.url' layout='1'/></div></div>
 
  <div id='adminprofiler'>
    <div class='Authoravata'><img src='http://1.bp.blogspot.com/-YbyxTgCyYdA/UQEPO-PRihI/AAAAAAAAMeQ/TbvP4mye2N8/s1600/MBL-Official-LOGO.png'/> </div>
    <div class='authornames'><h3><data:post.author/></h3></div>
    <div class='Authordesp'>I&#39;m Ahsan,. I&#39;m a freelance writer on topics related to Website Optimization (SEO), blogger customizations and making money online. I&#39;m blogging since 2010.If you need help, feel free to contact anytime! <a href='https://plus.google.com/u/0/118397958500842924656?rel=author'>Google</a> and <a href='https://twitter.com/im1af'>Twitter</a></div>
  </div>
  

  <div id='related-posts'>
<b:loop values='data:post.labels' var='label'>
<b:if cond='data:label.isLast != &quot;true&quot;'>
</b:if>
<script expr:src='&quot;/feeds/posts/default/-/&quot; + data:label.name + &quot;?alt=json-in-script&amp;callback=related_results_labels_thumbs&amp;max-results=6&quot;' type='text/javascript'/></b:loop>
<script type='text/javascript'>
removeRelatedDuplicates_thumbs();
printRelatedLabels_thumbs(&quot;<data:post.url/>&quot;);
</script>
</div>
  
</b:if>

      <div style='clear: both;'/> <!-- clear for photos floats -->
    </div>
  
    <b:if cond='data:post.hasJumpLink'>
      <div class='jump-link'>
        <a expr:href='data:post.url + &quot;#more&quot;'><data:post.jumpText/></a>  
      </div>
    </b:if>
    
    <div class='post-footer'>

<div class='post-footer-line post-footer-line-'/>
<div class='post-footer-line post-footer-line-2'/>
<div class='post-footer-line post-footer-line-3'>

<!-- Feature added by BTemplates.com -->
	<b:include data='post' name='postQuickEdit'/>
</div></div>
</div>
</div>

<b:if cond='data:blog.pageType == &quot;item&quot;'>
<!-- navigation -->
<b:include name='nextprev'/>
</b:if>

</b:includable>
            <b:includable id='postQuickEdit' var='post'>
  <b:if cond='data:post.editUrl'>
    <span expr:class='&quot;item-control &quot; + data:post.adminClass'>
      <a expr:href='data:post.editUrl' expr:title='data:top.editPostMsg'>
        <img alt='' class='icon-action' height='18' src='http://img2.blogblog.com/img/icon18_edit_allbkg.gif' width='18'/>
      </a>
    </span>
  </b:if>
</b:includable>
            <b:includable id='shareButtons' var='post'>
  <b:if cond='data:top.showEmailButton'><a class='goog-inline-block share-button sb-email' expr:href='data:post.sharePostUrl + &quot;&amp;target=email&quot;' expr:title='data:top.emailThisMsg' target='_blank'><span class='share-button-link-text'><data:top.emailThisMsg/></span></a></b:if><b:if cond='data:top.showBlogThisButton'><a class='goog-inline-block share-button sb-blog' expr:href='data:post.sharePostUrl + &quot;&amp;target=blog&quot;' expr:onclick='&quot;window.open(this.href, \&quot;_blank\&quot;, \&quot;height=270,width=475\&quot;); return false;&quot;' expr:title='data:top.blogThisMsg' target='_blank'><span class='share-button-link-text'><data:top.blogThisMsg/></span></a></b:if><b:if cond='data:top.showTwitterButton'><a class='goog-inline-block share-button sb-twitter' expr:href='data:post.sharePostUrl + &quot;&amp;target=twitter&quot;' expr:title='data:top.shareToTwitterMsg' target='_blank'><span class='share-button-link-text'><data:top.shareToTwitterMsg/></span></a></b:if><b:if cond='data:top.showFacebookButton'><a class='goog-inline-block share-button sb-facebook' expr:href='data:post.sharePostUrl + &quot;&amp;target=facebook&quot;' expr:onclick='&quot;window.open(this.href, \&quot;_blank\&quot;, \&quot;height=430,width=640\&quot;); return false;&quot;' expr:title='data:top.shareToFacebookMsg' target='_blank'><span class='share-button-link-text'><data:top.shareToFacebookMsg/></span></a></b:if><b:if cond='data:top.showOrkutButton'><a class='goog-inline-block share-button sb-orkut' expr:href='data:post.sharePostUrl + &quot;&amp;target=orkut&quot;' expr:title='data:top.shareToOrkutMsg' target='_blank'><span class='share-button-link-text'><data:top.shareToOrkutMsg/></span></a></b:if><b:if cond='data:top.showDummy'><div class='goog-inline-block dummy-container'><data:post.dummyTag/></div></b:if>
</b:includable>
            <b:includable id='status-message'>
  <b:if cond='data:navMessage'>
  <div class='status-msg-wrap'>
    <div class='status-msg-body'>
      <data:navMessage/>
    </div>
    <div class='status-msg-border'>
      <div class='status-msg-bg'>
        <div class='status-msg-hidden'><data:navMessage/></div>
      </div>
    </div>
  </div>
  <div style='clear: both;'/>
  </b:if>
</b:includable>
            <b:includable id='threaded-comment-form' var='post'>
  <div class='comment-form'>
    <a name='comment-form'/>
    <b:if cond='data:mobile'>
      <p><data:blogCommentMessage/></p>
      <data:blogTeamBlogMessage/>
      <a expr:href='data:post.commentFormIframeSrc' id='comment-editor-src'/>
      <iframe allowtransparency='true' class='blogger-iframe-colorize blogger-comment-from-post' frameborder='0' height='410' id='comment-editor' name='comment-editor' src='' style='display: none' width='100%'/>
    <b:else/>
      <p><data:blogCommentMessage/></p>
      <data:blogTeamBlogMessage/>
      <a expr:href='data:post.commentFormIframeSrc' id='comment-editor-src'/>
      <iframe allowtransparency='true' class='blogger-iframe-colorize blogger-comment-from-post' frameborder='0' height='410' id='comment-editor' name='comment-editor' src='' width='100%'/>
    </b:if>
    <data:post.friendConnectJs/>
    <data:post.cmtfpIframe/>
    <script type='text/javascript'>
      BLOG_CMT_createIframe(&#39;<data:post.appRpcRelayPath/>&#39;, &#39;<data:post.communityId/>&#39;);
    </script>
  </div>
</b:includable>
            <b:includable id='threaded_comment_js' var='post'>
  <script async='async' expr:src='data:post.commentSrc' type='text/javascript'/>

  <script type='text/javascript'>
    (function() {
      var items = <data:post.commentJso/>;
      var msgs = <data:post.commentMsgs/>;
      var config = <data:post.commentConfig/>;

// <![CDATA[
      var cursor = null;
      if (items && items.length > 0) {
        cursor = parseInt(items[items.length - 1].timestamp) + 1;
      }

      var bodyFromEntry = function(entry) {
        if (entry.gd$extendedProperty) {
          for (var k in entry.gd$extendedProperty) {
            if (entry.gd$extendedProperty[k].name == 'blogger.contentRemoved') {
              return '<span class="deleted-comment">' + entry.content.$t + '</span>';
            }
          }
        }
        return entry.content.$t;
      }

      var parse = function(data) {
        cursor = null;
        var comments = [];
        if (data && data.feed && data.feed.entry) {
          for (var i = 0, entry; entry = data.feed.entry[i]; i++) {
            var comment = {};
            // comment ID, parsed out of the original id format
            var id = /blog-(\d+).post-(\d+)/.exec(entry.id.$t);
            comment.id = id ? id[2] : null;
            comment.body = bodyFromEntry(entry);
            comment.timestamp = Date.parse(entry.published.$t) + '';
            if (entry.author && entry.author.constructor === Array) {
              var auth = entry.author[0];
              if (auth) {
                comment.author = {
                  name: (auth.name ? auth.name.$t : undefined),
                  profileUrl: (auth.uri ? auth.uri.$t : undefined),
                  avatarUrl: (auth.gd$image ? auth.gd$image.src : undefined)
                };
              }
            }
            if (entry.link) {
              if (entry.link[2]) {
                comment.link = comment.permalink = entry.link[2].href;
              }
              if (entry.link[3]) {
                var pid = /.*comments\/default\/(\d+)\?.*/.exec(entry.link[3].href);
                if (pid && pid[1]) {
                  comment.parentId = pid[1];
                }
              }
            }
            comment.deleteclass = 'item-control blog-admin';
            if (entry.gd$extendedProperty) {
              for (var k in entry.gd$extendedProperty) {
                if (entry.gd$extendedProperty[k].name == 'blogger.itemClass') {
                  comment.deleteclass += ' ' + entry.gd$extendedProperty[k].value;
                }
              }
            }
            comments.push(comment);
          }
        }
        return comments;
      };

      var paginator = function(callback) {
        if (hasMore()) {
          var url = config.feed + '?alt=json&v=2&orderby=published&reverse=false&max-results=50';
          if (cursor) {
            url += '&published-min=' + new Date(cursor).toISOString();
          }
          window.bloggercomments = function(data) {
            var parsed = parse(data);
            cursor = parsed.length < 50 ? null
                : parseInt(parsed[parsed.length - 1].timestamp) + 1
            callback(parsed);
            window.bloggercomments = null;
          }
          url += '&callback=bloggercomments';
          var script = document.createElement('script');
          script.type = 'text/javascript';
          script.src = url;
          document.getElementsByTagName('head')[0].appendChild(script);
        }
      };
      var hasMore = function() {
        return !!cursor;
      };
      var getMeta = function(key, comment) {
        if ('iswriter' == key) {
          var matches = !!comment.author
              && comment.author.name == config.authorName
              && comment.author.profileUrl == config.authorUrl;
          return matches ? 'true' : '';
        } else if ('deletelink' == key) {
          return config.baseUri + '/delete-comment.g?blogID='
               + config.blogId + '&postID=' + comment.id;
        } else if ('deleteclass' == key) {
          return comment.deleteclass;
        }
        return '';
      };

      var replybox = null;
      var replyUrlParts = null;
      var replyParent = undefined;

      var onReply = function(commentId, domId) {
        if (replybox == null) {
          // lazily cache replybox, and adjust to suit this style:
          replybox = document.getElementById('comment-editor');
          if (replybox != null) {
            replybox.height = '250px';
            replybox.style.display = 'block';
            replyUrlParts = replybox.src.split('#');
          }
        }
        if (replybox && (commentId !== replyParent)) {
          document.getElementById(domId).insertBefore(replybox, null);
          replybox.src = replyUrlParts[0]
              + (commentId ? '&parentID=' + commentId : '')
              + '#' + replyUrlParts[1];
          replyParent = commentId;
        }
      };

      var hash = (window.location.hash || '#').substring(1);
      var startThread, targetComment;
      if (/^comment-form_/.test(hash)) {
        startThread = hash.substring('comment-form_'.length);
      } else if (/^c[0-9]+$/.test(hash)) {
        targetComment = hash.substring(1);
      }

      // Configure commenting API:
      var configJso = {
        'maxDepth': config.maxThreadDepth
      };
      var provider = {
        'id': config.postId,
        'data': items,
        'loadNext': paginator,
        'hasMore': hasMore,
        'getMeta': getMeta,
        'onReply': onReply,
        'rendered': true,
        'initComment': targetComment,
        'initReplyThread': startThread,
        'config': configJso,
        'messages': msgs
      };

      var render = function() {
        if (window.goog && window.goog.comments) {
          var holder = document.getElementById('comment-holder');
          window.goog.comments.render(holder, provider);
        }
      };

      // render now, or queue to render when library loads:
      if (window.goog && window.goog.comments) {
        render();
      } else {
        window.goog = window.goog || {};
        window.goog.comments = window.goog.comments || {};
        window.goog.comments.loadQueue = window.goog.comments.loadQueue || [];
        window.goog.comments.loadQueue.push(render);
      }
    })();
// ]]>
  </script>
</b:includable>
            <b:includable id='threaded_comments' var='post'>
  <div class='comments' id='comments'>
    <a name='comments'/>
    <h4>
      <b:if cond='data:post.numComments == 1'>
        1 <data:commentLabel/>:
      <b:else/>
        <data:post.numComments/> <data:commentLabelPlural/>:
      </b:if>
    </h4>

    <div class='comments-content'>
      <b:if cond='data:post.embedCommentForm'>
        <b:include data='post' name='threaded_comment_js'/>
      </b:if>
      <div id='comment-holder'>
         <data:post.commentHtml/>
      </div>
    </div>

    <p class='comment-footer'>
      <b:if cond='data:post.allowNewComments'>
        <b:include data='post' name='threaded-comment-form'/>
      <b:else/>
        <data:post.noNewCommentsText/>
      </b:if>
    </p>

    <b:if cond='data:showCmtPopup'>
      <div id='comment-popup'>
        <iframe allowtransparency='true' frameborder='0' id='comment-actions' name='comment-actions' scrolling='no'>
        </iframe>
      </div>
    </b:if>

    <div id='backlinks-container'>
    <div expr:id='data:widget.instanceId + &quot;_backlinks-container&quot;'>
       <b:if cond='data:post.showBacklinks'>
         <b:include data='post' name='backlinks'/>
       </b:if>
    </div>
    </div>
  </div>
</b:includable>
          </b:widget>
        </b:section>
      </div>

      <div id='rsidebar-wrapper'>
        <b:section class='sidebar' id='sidebarright' preferred='yes'/>

<p/></div>

      <!-- spacer for skins that want sidebar and main to be the same height-->
     
        
        <div class='rsideleft'>
        
            
             <b:section class='rsideleft' id='rsideleft' preferred='yes'/>
        </div>
        
        
          <div class='rsideright'>
            
             <b:section class='rsideright' id='rsideright' preferred='yes'/>
            
           
        </div>
        
        <div id='rsidebar-wrapper'>
        <b:section class='sidebar' id='sidebarright2' preferred='yes'>
          <b:widget id='FollowByEmail1' locked='false' title='Subscribe via email' type='FollowByEmail'>
            <b:includable id='main'>
  <b:if cond='data:title != &quot;&quot;'><h2 class='title'><data:title/></h2></b:if>
  <div class='widget-content'>
    <div class='follow-by-email-inner'>
      <form action='http://feedburner.google.com/fb/a/mailverify' expr:onsubmit='&quot;window.open(\&quot;http://feedburner.google.com/fb/a/mailverify?uri=&quot; + data:feedPath + &quot;\&quot;, \&quot;popupwindow\&quot;, \&quot;scrollbars=yes,width=550,height=520\&quot;); return true&quot;' method='post' target='popupwindow'>
        <table width='100%'>
          <tr>
            <td>
              <input class='follow-by-email-address' name='email' placeholder='Email address...' type='text'/>
            </td>
            <td width='64px'>
              <input class='follow-by-email-submit' type='submit' value='Submit'/>
            </td>
          </tr>
        </table>
        <input expr:value='data:feedPath' name='uri' type='hidden'/>
        <input name='loc' type='hidden' value='en_US'/>
      </form>
    </div>
  </div>
  <span class='item-control blog-admin'>
    <b:include name='quickedit'/>
  </span>
</b:includable>
          </b:widget>
          <b:widget id='HTML1' locked='false' title='Like Us' type='HTML'>
            <b:includable id='main'>
  <!-- only display title if it's non-empty -->
  <b:if cond='data:title != &quot;&quot;'>
    <h2 class='title'><data:title/></h2>
  </b:if>
  <div class='widget-content'>
    <data:content/>
  </div>

  <b:include name='quickedit'/>
</b:includable>
          </b:widget>
          <b:widget id='PopularPosts1' locked='false' title='Popular Posts' type='PopularPosts'>
            <b:includable id='main'>
  <b:if cond='data:title'><h2><data:title/></h2></b:if>
  <div class='widget-content popular-posts'>
    <ul>
      <b:loop values='data:posts' var='post'>
      <li>
        <b:if cond='data:showThumbnails == &quot;false&quot;'>
          <b:if cond='data:showSnippets == &quot;false&quot;'>
            <!-- (1) No snippet/thumbnail -->
            <a expr:href='data:post.href'><data:post.title/></a>
          <b:else/>
            <!-- (2) Show only snippets -->
            <div class='item-title'><a expr:href='data:post.href'><data:post.title/></a></div>
            <div class='item-snippet'><data:post.snippet/></div>
          </b:if>
        <b:else/>
          <b:if cond='data:showSnippets == &quot;false&quot;'>
            <!-- (3) Show only thumbnails -->
            <div class='item-thumbnail-only'>
              <b:if cond='data:post.thumbnail'>
                <div class='item-thumbnail'>
                  <a expr:href='data:post.href' target='_blank'>
                    <img alt='' border='0' expr:height='data:thumbnailSize' expr:src='data:post.thumbnail' expr:width='data:thumbnailSize'/>
                  </a>
                </div>
              </b:if>
              <div class='item-title'><a expr:href='data:post.href'><data:post.title/></a></div>
            </div>
            <div style='clear: both;'/>
          <b:else/>
            <!-- (4) Show snippets and thumbnails -->
            <div class='item-content'>
              <b:if cond='data:post.thumbnail'>
                <div class='item-thumbnail'>
                  <a expr:href='data:post.href' target='_blank'>
                    <img alt='' border='0' expr:height='data:thumbnailSize' expr:src='data:post.thumbnail' expr:width='data:thumbnailSize'/>
                  </a>
                </div>
              </b:if>
              <div class='item-title'><a expr:href='data:post.href'><data:post.title/></a></div>
              <div class='item-snippet'><data:post.snippet/></div>
            </div>
            <div style='clear: both;'/>
          </b:if>
        </b:if>
      </li>
      </b:loop>
    </ul>
    <b:include name='quickedit'/>
  </div>
</b:includable>
          </b:widget>
          <b:widget id='Label1' locked='false' title='Tags' type='Label'>
            <b:includable id='main'>
  <b:if cond='data:title'>
    <h2><data:title/></h2>
  </b:if>
  <div expr:class='&quot;widget-content &quot; + data:display + &quot;-label-widget-content&quot;'>
    <b:if cond='data:display == &quot;list&quot;'>
      <ul>
      <b:loop values='data:labels' var='label'>
        <li>
          <b:if cond='data:blog.url == data:label.url'>
            <span expr:dir='data:blog.languageDirection'><data:label.name/></span>
          <b:else/>
            <a expr:dir='data:blog.languageDirection' expr:href='data:label.url'><data:label.name/></a>
          </b:if>
          <b:if cond='data:showFreqNumbers'>
            <span dir='ltr'>(<data:label.count/>)</span>
          </b:if>
        </li>
      </b:loop>
      </ul>
    <b:else/>
      <b:loop values='data:labels' var='label'>
        <span expr:class='&quot;label-size label-size-&quot; + data:label.cssSize'>
          <b:if cond='data:blog.url == data:label.url'>
            <span expr:dir='data:blog.languageDirection'><data:label.name/></span>
          <b:else/>
            <a expr:dir='data:blog.languageDirection' expr:href='data:label.url'><data:label.name/></a>
          </b:if>
          <b:if cond='data:showFreqNumbers'>
            <span class='label-count' dir='ltr'>(<data:label.count/>)</span>
          </b:if>
        </span>
      </b:loop>
    </b:if>
    <b:include name='quickedit'/>
  </div>
</b:includable>
          </b:widget>
        </b:section>  </div>
        
        <div class='clears'/>
     
    </div> <!-- end content-wrapper -->
	
<div style='clear:both;'/>
<div id='footer-widgets-container'>
<div class='clearfix' id='footer-widgets'>

<div class='footer-widget-box'>
<ul class='widget-container'>
<li>
<b:section class='footersec' id='footersec1' showaddelement='yes'/>
</li>
</ul>
</div>

<div class='footer-widget-box'>
<ul class='widget-container'>
<li>
<b:section class='footersec' id='footersec2' showaddelement='yes'/>
</li>
</ul>
</div>

<div class='footer-widget-box footer-widget-box-last'>
<ul class='widget-container'>
<li>
<b:section class='footersec' id='footersec3' showaddelement='yes'/>
</li>
</ul>
</div>

</div>
</div>
<div style='clear:both;'/>


  </div></div></div> <!-- end outer-wrapper -->

<div class='copyrightstheme'>Copyright @ 2014 <b><data:blog.title/></b>. Designed by <a href='http://bloggerchili.blogspot.com/' id='mycontent' target='_blank'>BLOGGER CHILI</a> Published By <a href='http://gooyaabitemplates.com/' title='Blogger Templates'>Gooyaabi Templates</a> </div>
    

    
    <!--Page Navigation Starts-->
<b:if cond='data:blog.pageType != &quot;item&quot;'>
<b:if cond='data:blog.pageType != &quot;static_page&quot;'>
<script type='text/javascript'>
var pageCount=6;
var displayPageNum=5;
var upPageWord =&#39;Previous&#39;;
var downPageWord =&#39;Next&#39;;
</script>
<script src='https://btemplateism.googlecode.com/files/blogger_pagenavi_min.js' type='text/javascript'/>
</b:if>
</b:if>
<!--Page Navigation Ends -->
    

       
</body>
</html>