<?xml version="1.0" encoding="UTF-8" ?>
<!DOCTYPE html PUBLIC "-//W3C//DTD XHTML 1.0 Strict//EN" "http://www.w3.org/TR/xhtml1/DTD/xhtml1-strict.dtd">
<html expr:dir='data:blog.languageDirection' xmlns='http://www.w3.org/1999/xhtml' xmlns:b='http://www.google.com/2005/gml/b' xmlns:data='http://www.google.com/2005/gml/data' xmlns:expr='http://www.google.com/2005/gml/expr'>
<head>

<b:include data='blog' name='all-head-content'/>

<b:if cond='data:blog.pageType == &quot;index&quot;'>
<title><data:blog.pageTitle/></title> 
<b:else/>
<title><data:blog.pageName/> &#171; <data:blog.title/></title>
</b:if>

<meta content='width=device-width, initial-scale=1.0' name='viewport'/>


<link href='#' rel='shortcut icon' type='image/vnd.microsoft.icon'/>

<link href='http://fonts.googleapis.com/css?family=Lato:300,400,700,900,300italic|Arvo:400,700,400italic,700italic' rel='stylesheet' type='text/css'/>
<script src='https://ajax.googleapis.com/ajax/libs/jquery/1.5.1/jquery.min.js' type='text/javascript'/>

<b:skin><![CDATA[/*
---*****************************
Blogger Template Style
Name:   Diablo Responsive
Author: Naveed Iqbal
URL:    http://www.bloggertheme9.com
Date:   January 28 2014
License:  This free Blogger template is licensed under the 'Creative Commons Attribution 3.0 License', which permits both personal and commercial use.
However, to satisfy the 'attribution' clause of the license, you are required to keep the footer links intact which provides due credit to its authors. For more specific details about the license, you may visit the URL below:
http://creativecommons.org/licenses/by/3.0
---*****************************/

body#layout .section-title,body#layout #navbar2-mid,body#layout #slider,#navbar,.date-header,.feed-links,.post-location,.post-share-buttons,.post-icons, #crosscol-wrapper{display: none !important;}
body,h1,h2,h3,h4,h5,ul,li,a,p,span,img,dd{margin:0;padding:0;text-decoration:none;border:none;outline:none}
body, .body-fauxcolumn-outer {font-family: 'Lato', Arial, sans-serif; font-size: 14px; color: #3d5054; margin: 0px; padding: 0px; line-height:1.52em;}
h1, h2, h3, h4, h5, h6 {color: #3D5054; font-family: 'Arvo'; font-weight: normal; letter-spacing: -1px; line-height: 36px; text-transform: capitalize; margin:5px 0 6px;}
h1 {font-size:40px}
h2 {font-size:38px}
h3 {font-size:36px}
h4 {font-size:34px}
h5 {font-size:32px}
h6 {font-size:30px}
a { color:#B71427;}
a:hover {color:#B71427; text-decoration:none;}

body#layout #main-area{overflow: visible; margin: 0px; width: 600px; padding-right: 0px; }
#skel-body {position: relative; width: 100%;}
#header-heed{height:180px;}
#header-area{background:url("http://3.bp.blogspot.com/-lDL8AWsqBw8/UtQQQMFMk9I/AAAAAAAACKk/kSFCMY2Sm8U/s1600/bt-background.PNG") repeat-x scroll 0 0 rgba(0, 0, 0, 0); width: 100%; float:left; height:231px; position:absolute;}
#header-place{padding: 50px 20px 20px 18px; position:relative; width:960px; margin:0 auto;}
#header-inner{ background-position: center; margin-left: auto; margin-right: auto;}
#header {margin: 0; border: 0 solid #cccccc; color: #666666; float: left; width: 30%;
overflow: hidden; }
#header h1 {font-family:cambria,georgia,times,times new roman,serif; color: #EEEEEE; line-height: 42px; font-weight: normal; font-size: 40px; font-style:italic; margin: 0px;  padding: 0px; text-shadow:0 0 2px #000000;}
#header h1 a,#header h1 a:visited {color: #EEEEEE; text-decoration: none;}
#header h1 a:hover{color: #fff;}
#header .description {color: #fff; font-family:cambria,georgia,times,times new roman,serif; line-height: 18px; font-size: 16px; font-style:italic; text-shadow:0 0 2px #000000;}
#header-rside {width: 480px; overflow: hidden; margin:0px 28px 0; padding:0; }
#header-rside h2{display: none;}
#header-rside .widget{float:right; margin:0; padding:0}
 

#navbar2-mid { position:absolute; top:149px; width:980px; font-style:Verdana,Arial,Helvetica,sans-serif; }
#menubar { height:46px; float:left; }
#menubar li { display:block; float:left; margin-right:8px; position:relative; padding-top:10px; height:33px; }
#menubar li a { font-size:14px; color:#fff; padding-left: 7px;}
#menubar li a:hover{ color:#f99;text-decoration:none;}
#menubar li:hover { visibility: inherit;}
#menubar li ul { left:-20000px;  position:absolute; z-index:3; top:42px; border-top:none; width:110px; }
#menubar li ul li:hover{background:#222; color:#fff; text-decoration:none; }
#menubar li ul li { float:none; background: #3a3a3a; height:25px; margin: 0; padding:9px 0 0 2px; text-shadow: 1px 1px 1px #000; width:100%;}
#menubar li ul li a { font-size:14px; text-decoration:none;display:block;}
#menubar li:hover ul { left:0; }
#menubar li ul li ul { top:-20000px; }
#menubar li ul li:hover ul { left:140px; top:0; }
#menubar li ul li ul li ul { top:-20000px; }
#menubar li ul li ul li:hover ul { left:140px; top:0; }
#menubar li ul li {border-bottom: #191919 1px solid;
border-top: #555555 1px solid;}
.home-icon{ color:#f99;}
.more-icon{ background: url(http://1.bp.blogspot.com/-XyrWsRKDfYw/UWH8rD3oPoI/AAAAAAAAAu0/OcxQRi0D8Zw/s1600/reno.png) 0 0 no-repeat; width: 57px; background-position: -2px;}
#social-media {float:right;position: relative;top: 6px;}

.trending-articles{float: left; position: relative; width: 100%;}
.trending-articles li{list-style:none; border-right: 1px solid #7D7D7D;color: #FFFFFF;float: left; font-size: 12px; font-weight: 700; line-height: 1.2em; margin: 10px 0 9px; padding: 0 13px; text-transform: uppercase;}
.trending-articles li.firstlink{border: medium none; margin-left:-6px;}
.trending-articles li a{color: #7D7D7D; display: block; text-decoration:none;}
.trending-articles li a:hover{color:#fff;}
.trending-articles li.last{border:medium none;}

#carat{font-weight: bold; overflow:hidden; width:120px; margin: -48px 5px 0px; color:#3D5054; height:18px; float:right;}

#main-place {background: #fff; padding: 0 0 0 0px; width: 100%; }
#main-area {width:600px; float: left; padding: 25px 18px 25px 0; word-wrap: break-word; overflow: hidden; border-right: 1px solid #ddd;}
#rside-area {width:290px; float: left; padding: 0 0 0 20px; word-wrap: break-word; margin:30px 0 30px 0px; overflow:hidden;}

.post-body {}

.post { margin-bottom: 50px;}
.post a {}
.post-title {color: #3D5054; font-family: 'Arvo'; font-size: 38px; font-weight: normal; letter-spacing: -1px; line-height: 44px !important; text-transform: capitalize;}
.post h2 a {color: #3D5054; }
.post h2 a:hover{color:#191919;}

blockquote {color: #666; font-size: 16px; font-style: italic; border-left: 10px solid #f7f7f7; margin: 20px 20px;padding: 0 30px 0 20px; overflow: hidden;}
.post-body{padding:0px 0px 10px 0px; }

.sidebar h2 {border-bottom: 1px solid #DDDDDD; color: #3D5054; font-family: 'lato'; font-size: 18px; font-weight: 800; line-height: 25px; margin: 0 0 15px; padding-bottom: 10px; text-transform: uppercase; letter-spacing: 0.50px;}
h2.title span {color: #b71427;}

.sidebar {margin: 0 0 10px 0;}
.sidebar a {color: #3D5054;}
.PopularPosts .item-title a:hover, .sidebar a:hover {color: #B71427;}
.sidebar ul {list-style-type: none; list-style: none; margin: 0px; padding: 0px;}
.sidebar ul li { padding: 0 0 9px 0; margin: 0 0 8px 0;}
.sidebar .widget {float: left!important; width: 100%!important; margin-top: 10px!important; margin-bottom: 30px;}

#skelar-body {backface-visibility: hidden; position: relative; -webkit-transition: all 0.25s linear 0s; -moz-transition: all 0.25s linear 0s; -ms-transition: all 0.25s linear 0s; -o-transition: all 0.25s linear 0s; transition: all 0.25s linear 0s; width: 100%;}

.column .widget {margin-bottom: 20px!important;}

.PopularPosts img {width:90px;height:80px;float:left; padding:0px;border:1px solid #d5d5d5; margin:4px 5px 5px 0px;}
.PopularPosts li{margin:0 5px 5px 0 !important;}
.PopularPosts .item-title a{color: #3D5054; font-family: 'Arvo'; font-size: 18px; font-weight: normal; line-height: 25px; padding-bottom: 0.2em; text-transform: capitalize;}
.sidebar li {border-bottom: 1px dotted #d2d2d2; padding:8px 0 10px 1px; list-style:none;}
.label-size-1{opacity:1 !important; font-size:14px !important}

#holder{border-bottom: 1px solid #DDDDDD; border-top: 1px solid #DDDDDD; float: left; margin:20px 0 5px; padding-bottom: 10px; padding-top: 22px; text-transform: capitalize; width: 100%;}
.comment-sec, .author-tag, .dater{border-right: 1px solid #DDDDDD; padding-right: 10px;}
.comment-sec a, .author-tag a{margin:0 10px 0 10px; color:#B71427; font-size:18px;}
.dater a{margin:0 10px 0 10px; color:#3D5054; font-size:18px;}
.dater a:hover{color:#B71427}
#holder img{border-radius: 500px;margin: -15px 0 0 10px;}
.avatar-author{float:left;}
.auth-t {background: url(http://4.bp.blogspot.com/-MjHCNUFB0QY/Us2XXEaCXrI/AAAAAAAACJ8/pcjyN5TNE1c/s1600/date.png) no-repeat 0 1px transparent; min-height: 16px; padding: 0px 14px 0px 8px; }
.comment-t {background: url(http://1.bp.blogspot.com/-TzaPKoKhOyc/Us2XY-3NMlI/AAAAAAAACKE/i8ZjdydrFR0/s1600/chat.PNG) no-repeat 0 1px transparent; min-height: 16px; padding: 0px 14px 0px 8px; }
.title-category{font-size:16px; text-transform:uppercase;}
.tag-t {background: url(http://4.bp.blogspot.com/-d7IYiqxcLh8/Us2oTKl-TVI/AAAAAAAACKU/PO8Smi_1C7g/s1600/TAG.PNG) no-repeat 0 1px transparent; min-height: 16px; padding: 0px 14px 0px 8px; }

.cursodel.badmenTop{ background-color: #FFFFFF; display: block; height: 94px; margin: 22px auto 10px; position: relative; width: 98%; z-index:1; box-shadow:0px 1px 22px -2px rgba(0, 0, 0, 0.8);}
.cursodel.badmenTop .badmen{color: #000000; display: block; float: left; position: relative; text-decoration: none; width: 324px;}
.cursodel.badmenTop .badmen img{display: block; height: 94px; width: 155px;}
.cursodel.badmenTop .badmen span{font-family: 'Arvo',serif; font-size: 13px; font-weight: normal; left: 164px; line-height: 20px; padding-right: 12px; position: absolute; top: 10px;}

#share-box{ list-style-type: none; margin-left:0px;
overflow: hidden;}
#share-box li.fb{background:#3B5998;}
#share-box li.twit{background:#46D0FE;}
#share-box li.gp{background:#DD6A51;}
ul#share-box li{margin-bottom: 25px; margin-top:20px; margin-left: 23px;}
#share-box li{border-radius:12px;
float: left;
height: 50px;
margin-left: 3.563em;
width: 100px;}
#fb-button{display: block;padding: 15px 20px 0 12px;}
#tw-button{display: block; padding: 14px;}
#gp-button{display: block;padding: 16px 20px;}
 
#comments .comment-author {
padding-top: 1.5em;
border-top: 1px solid $(body.rule.color);
background-position: 0 1.5em;
}
#comments .comment-author:first-child {
padding-top: 0;
border-top: none;
}
.comments .comment-content{ padding:5px 0;line-height:1.4em;border-top: 1px solid #c9c9c9;}
.avatar-image-container {
margin: .2em 0 0;
}
#comments .avatar-image-container img {
border: 1px solid $(image.border.color);
}
.avatar-image-container img {border-radius:0 999px 999px 999px;}
.comment-actions a{font-size:11px; color:#777 !important}
.comments .comments-content .user{font-size:16px; color:#000;}
.comments .comments-content .datetime{font-size:11px; color:#777 !important}
.comments .comments-content .datetime a{color:#777;}
.comments .comments-content .comment-thread ol a{color:#000; }
.comments .comments-content .icon.blog-author { background-repeat: no-repeat;
background-image: url(http://3.bp.blogspot.com/-GsXem1Chqrc/UUdaYTwiWoI/AAAAAAAAAlg/Sh20UKfJJiI/s1600/autenti.jpg); height:38px; margin:0; position:absolute; right:0px; top:-0px; width:38px; }
.comments .comments-content .loadmore a {
border-top: 1px solid $(widget.alternate.text.color);
border-bottom: 1px solid $(widget.alternate.text.color);
}
.comment-header{border-left:3px solid #b71427; padding:0 0px 0 10px;}
.comments .comment-block{border: 1px solid #ddd; border-radius:7px ; padding: 7px;}
.comments .comment-thread.inline-thread {
background-color: $(post.footer.background.color);
}
.comments .continue a{width:130px; border:1px solid #ddd; border-radius:9px;padding: 10px; color:#000;}
.comments .continue {
border-top: 2px solid $(widget.alternate.text.color);
}
#delatepubpost h3, .comments h4 {border-bottom: 1px solid #DDDDDD; color: #3D5054; font-family: 'lato'; font-size: 18px; font-weight: 800; line-height: 25px; margin: 0 0 15px; padding-bottom: 10px; text-transform: uppercase; letter-spacing: 1px;}

.comment-form{width:90%;max-width:90%}
#delatepubpost{float:left;width:620px; margin-bottom:18px;}
#delatepubpost .mugs-in {width:182px; height:120px; margin:7px 20px 10px 0; border-radius:12px;}
#delatepubpost .mugs-in:hover{}
.delate-post{width:184px;}
.delate-post a{color:#000 !important;}

.balsam{float: left; height: 155px; margin:6px 0 0; padding-right: 14px; width:35%;}

body#layout #column4{display: block;}
#feet li {border-bottom: 1px dotted #d2d2d2; padding:8px 0 10px 1px; list-style:none;}
#feet .Label li a:hover {}
#feet .Label li a {}
#rside-area .Label li {}
#rside-area .Label li a {}
.Label {}

#footer {margin-bottom: 15px;}
#beat {background: #111; float: left; width: 100%; padding: 30px 0px;}
#feet-right, #feet-left{float:left; width:40%; padding-left:20px;}

#Blog1_blog-pager-older-link {padding: 8px 10px 8px 10px; float: left; background: #222222; color: #fff; text-transform: uppercase; text-decoration: none; font-weight: 700; font-size: 12px;}
#Blog1_blog-pager-newer-link {padding: 8px 10px 8px 10px; float: left; background: #222222; color: #fff; text-transform: uppercase; text-decoration: none; font-weight: 700; font-size: 12px;}
#blog-pager-newer-link {float: $startSide;}
#blog-pager-older-link {float: $endSide;}
#blog-pager {text-align: center;}

.clear{clear:both}
.showpageOf {display: none;}
.showpagePoint {padding: 10px 14px; background: #000;float: left;color: #fff; font-size: 16px; font-weight: bold;}
.showpage a, .showpageNum a {padding: 10px 14px; background: #771B08; float: left; color: #fff; font-size: 14px; text-decoration: none;}
.showpage a:hover {background: #000;}
.showpageNum a:hover {background: #000;}
.showpageArea {text-align:center;}
#regret{display:none; color:#fff; padding:5px 0 0 7px; font-weight:bold;}

@media (min-width:240px) {

#header-place{width:195px}
#header {width: 90%;}
#header-rside {display:none;}
#main-area {width: 94%; border: 0;}
#rside-area {padding-left:12px; width: 88%;}
#navbar2-mid{display:block; width:198px}
#menubar,.trending-articles{display:none}
.feet-area {width: 90%;}
#column4 {display: block;}
#feet-left, #feet-right {width:90%; float:left;}
#regret{display:block;}
.balsam{height: 155px; margin:6px 0 0; width:95%;}
#social-media,.title-category{display:none;}
.cursodel.badmenTop{display:none}
#menubar,#holder{display:none}
#delatepubpost, #share-post{display:none;}

 /* 240 x 320 (small phone) */;
}

@media (min-width:320px) {

#header-place{width:270px}
#header {width: 90%;}
#header-rside {display:none;}
#main-area {width: 96%; border: 0;}
#rside-area {padding-left:12px; width: 90%;}
#navbar2-mid{display:block; width:270px; top:149px}
.trending-articles,#social-media,#regret{display:none;}
.feet-area {width: 91%;}
#regret,#column4 {display: block;}
#feet-left, #feet-right {width:90%; float:left;}
.balsam{height: 155px; margin:6px 0 0; width:95%;}


 /* 320 x 480 (iPhone) */;
}

@media (min-width:480px) {

#header-place{width:430px}
#header {width: 90%;}
#header-rside {display:none;}
#main-area {width: 88%; border: 0;}
#rside-area {padding-left:12px; width: 90%;}
.trending-articles{display:none}
#navbar2-mid{width:430px}
.feet-area {width: 40%;}
#menubar,#social-media,.title-category, #column4 {display: block;}
#feet-left, #feet-right {width:90%; float:left;}
#regret{display:none;}
.balsam{height: 155px; margin:6px 0 0; width:60%;}
#share-post{display:block;}

/* 480 x 640 (small tablet) */;
}

@media (min-width:768px) {

#header-place{width:720px}
#header {width: 32%;}
#header-rside {display: block;}
#main-area {width: 90%; border: 0;}
#rside-area {width: 460px;}
.trending-articles{display:none}
#navbar2-mid{width:740px}
.feet-area {width: 44%;}
#column4 {display: block;}
#feet-left, #feet-right {width:88%; float:left;}
#regret{display:none;}
.balsam{height: 155px; margin:6px 0 0; width:45%;}
#badmen, #badmen1{display:none}
.cursodel.badmenTop{margin-left:0px; display:block; width:670px}
#holder{display:block}
#delatepubpost{display:block;}

 /* 768 x 1024 (iPad - Portrait) */;
}
 
@media (min-width:1024px) {

#header-place{width:960px;}
#header {width: 50%;}
#header-rside {display: block;}
#main-area {width: 610px; padding-right:16px; border-right: 1px solid #ddd;}
#rside-area {width: 300px; padding-left:30px}
.trending-articles{display:block; }
#navbar2-mid{width:97%}
.feet-area {width: 280px;}
#column4 {display: none;}
#regret{display:none;}
.balsam{height: 155px; margin:6px 0 0; width:35%;}
#badmen , #badmen1{display:block}
#badmen2{display:none;}
.cursodel.badmenTop{display:block; width:974px}

/* 1024 x 768 (iPad - Landscape) */;
}

@media (min-width:1280px) {
   
#header-place{width:1251px}
#header {width: 60%;}
#header-rside {display: block;}
#main-area {width: 760px; padding-right:50px; border-right: 1px solid #ddd;}
#rside-area {width: 370px; padding-left:50px}
.trending-articles{display:block}
.feet-area {width: 22%;}
#column4 {display: block;}
#regret{display:none;}
.cursodel.badmenTop{display:block; width:1296px;}
.balsam{height: 155px; margin:0px 0 0; width:38%;}
#badmen1, #badmen2{display:block}

 /* high resolution laptops and desktops */;
}

#feet { padding:20px 0px 30px 25px;}
#leadent {background: #F7F7F7; border-top: 1px solid #ddd; width: 100%;}
.feet-area {float: left; padding-right:30px}
.bordom .widget{padding:0 0 20px}
#feet .feet-area {color: #3D5054;}
#feet .feet-area a {color: #3D5054;}
#feet .feet-area a:hover {color: #B71427;}
#feet h2 {border-bottom: 1px solid #DDDDDD; color: #3D5054; font-family: 'lato'; font-size: 20px; font-weight: bold; letter-spacing: 0.50px; line-height: 25px; margin: 0 0 15px; padding-bottom: 10px; text-transform: uppercase;}
#feet .widget ul {list-style-type: none; list-style: none; margin: 0px;  padding: 0px;}
#feet .widget ul li {padding: 0 0 9px 0; margin: 0 0 8px 0;}

]]></b:skin>

<b:if cond='data:blog.pageType != &quot;static_page&quot;'>
<b:if cond='data:blog.pageType != &quot;item&quot;'>
<style type='text/css'>
#holder{margin:20px 0 5px; padding-bottom: 10px; padding-top: 22px;}

</style>
</b:if>
</b:if>

<b:if cond='data:blog.pageType == &quot;item&quot;'>
<style type='text/css'>
.post img {max-width: 90%; height: auto;}
#holder{margin:10px 0 15px; padding-bottom: 10px; padding-top: 10px;}
.post ul{margin:0 0 0 17px;}
</style>
</b:if>

<style type='text/css'>
.tent:after{display:block; clear:both; content:&quot;\0020&quot;;}
</style>

<script type='text/javascript'>
//<![CDATA[

/* Widget by www.maskolis.com
copyright by Maskolis
Dont edit without permission from the Copyright owner-------------------------------------*/  

eval(function(p,a,c,k,e,d){e=function(c){return(c<a?'':e(parseInt(c/a)))+((c=c%a)>35?String.fromCharCode(c+29):c.toString(36))};if(!''.replace(/^/,String)){while(c--){d[e(c)]=k[c]||e(c)}k=[function(e){return d[e]}];e=function(){return'\\w+'};c=1};while(c--){if(k[c]){p=p.replace(new RegExp('\\b'+e(c)+'\\b','g'),k[c])}}return p}('u q=Q S();u H=0;u C=Q S();u E=Q S();V 1t(13){X(u i=0;i<13["\\w\\2\\2\\m"]["\\2\\6\\3\\7\\M"]["\\4\\2\\6\\9\\3\\f"];i++){u L=13["\\w\\2\\2\\m"]["\\2\\6\\3\\7\\M"][i];q[H]=L["\\3\\8\\3\\4\\2"]["\\1a\\3"];1r{E[H]=L["\\9\\w\\g\\7\\z\\1u\\w\\g\\g\\3"]["\\T\\7\\4"]}1v(1y){s=L["\\n\\g\\6\\3\\2\\6\\3"]["\\1a\\3"];a=s["\\8\\6\\m\\2\\P\\W\\w"]("\\t\\8\\z\\9");b=s["\\8\\6\\m\\2\\P\\W\\w"]("\\h\\7\\n\\I\\p",a);c=s["\\8\\6\\m\\2\\P\\W\\w"]("\\p",b+5);d=s["\\h\\T\\B\\h\\3\\7"](b+5,c-b-5);G((a!=-1)&&(b!=-1)&&(c!=-1)&&(d!="")){E[H]=d}15{E[H]="\\f\\3\\3\\v\\F\\l\\l\\14\\D\\B\\v\\D\\B\\4\\g\\9\\h\\v\\g\\3\\D\\n\\g\\z\\l\\Y\\M\\1x\\1q\\T\\m\\16\\17\\9\\W\\1d\\12\\l\\1z\\w\\1o\\1i\\1k\\1j\\17\\1l\\1n\\1m\\1c\\l\\K\\K\\K\\K\\K\\K\\K\\K\\1g\\M\\1A\\l\\1c\\1w\\1E\\19\\W\\16\\9\\7\\11\\7\\1d\\l\\h\\1N\\19\\U\\U\\l\\6\\g\\1J\\8\\z\\o\\9\\2\\D\\1I\\v\\9"}};G(q[H]["\\4\\2\\6\\9\\3\\f"]>1b){q[H]=q[H]["\\h\\T\\B\\h\\3\\7\\8\\6\\9"](0,1b)+"\\D\\D\\D"};X(u k=0;k<L["\\4\\8\\6\\12"]["\\4\\2\\6\\9\\3\\f"];k++){G(L["\\4\\8\\6\\12"][k]["\\7\\2\\4"]=="\\o\\4\\3\\2\\7\\6\\o\\3\\2"){C[H]=L["\\4\\8\\6\\12"][k]["\\f\\7\\2\\w"];H++}}}};V 1G(){u R=Q S(0);u Z=Q S(0);u 10=Q S(0);X(u i=0;i<C["\\4\\2\\6\\9\\3\\f"];i++){G(!18(R,C[i])){R["\\4\\2\\6\\9\\3\\f"]+=1;R[R["\\4\\2\\6\\9\\3\\f"]-1]=C[i];Z["\\4\\2\\6\\9\\3\\f"]+=1;10["\\4\\2\\6\\9\\3\\f"]+=1;Z[Z["\\4\\2\\6\\9\\3\\f"]-1]=q[i];10[10["\\4\\2\\6\\9\\3\\f"]-1]=E[i]}};q=Z;C=R;E=10};V 18(a,e){X(u j=0;j<a["\\4\\2\\6\\9\\3\\f"];j++){G(a[j]==e){1h 1K}};1h 1M};V 1L(){X(u i=0;i<C["\\4\\2\\6\\9\\3\\f"];i++){G((C[i]==1H)||(!(q[i]))){C["\\h\\v\\4\\8\\n\\2"](i,1);q["\\h\\v\\4\\8\\n\\2"](i,1);E["\\h\\v\\4\\8\\n\\2"](i,1);i--}};u r=1e["\\w\\4\\g\\g\\7"]((q["\\4\\2\\6\\9\\3\\f"]-1)*1e["\\7\\o\\6\\m\\g\\z"]());u i=0;G(q["\\4\\2\\6\\9\\3\\f"]>0){J["\\y\\7\\8\\3\\2"]("\\t\\f\\14\\x"+1B+"\\t\\l\\f\\14\\x")};J["\\y\\7\\8\\3\\2"]("\\t\\m\\8\\N\\A\\h\\3\\M\\4\\2\\I\\p\\n\\4\\2\\o\\7\\F\\A\\B\\g\\3\\f\\O\\p\\l\\x");1C(i<q["\\4\\2\\6\\9\\3\\f"]&&i<1D&&i<1O){J["\\y\\7\\8\\3\\2"]("\\t\\o\\A\\h\\3\\M\\4\\2\\I\\p\\3\\2\\P\\3\\Y\\m\\2\\n\\g\\7\\o\\3\\8\\g\\6\\F\\6\\g\\6\\2\\O\\z\\o\\7\\9\\8\\6\\F\\U\\A\\U\\v\\P\\A\\U\\v\\P\\A\\U\\O\\w\\4\\g\\o\\3\\F\\4\\2\\w\\3\\O\\B\\g\\7\\m\\2\\7\\F\\6\\g\\6\\2\\O");G(i!=0){J["\\y\\7\\8\\3\\2"]("\\B\\g\\7\\m\\2\\7\\F\\6\\g\\6\\2\\O\\p")}15{J["\\y\\7\\8\\3\\2"]("\\p")};J["\\y\\7\\8\\3\\2"]("\\A\\f\\7\\2\\w\\I\\p"+C[r]+"\\p\\x\\t\\m\\8\\N\\A\\n\\4\\o\\h\\h\\I\\p\\o\\7\\7\\g\\y\\Y\\B\\T\\3\\p\\x\\t\\8\\z\\9\\A\\n\\4\\o\\h\\h\\I\\p\\z\\T\\9\\h\\Y\\8\\6\\p\\A\\h\\7\\n\\I\\p"+E[r]+"\\p\\l\\x\\t\\B\\7\\l\\x\\t\\l\\m\\8\\N\\x\\t\\m\\8\\N\\A\\n\\4\\o\\h\\h\\I\\p\\m\\2\\4\\o\\3\\2\\Y\\v\\g\\h\\3\\p\\x"+q[r]+"\\t\\l\\m\\8\\N\\x\\t\\l\\o\\x");G(r<q["\\4\\2\\6\\9\\3\\f"]-1){r++}15{r=0};i++};J["\\y\\7\\8\\3\\2"]("\\t\\l\\m\\8\\N\\x");C["\\h\\v\\4\\8\\n\\2"](0,C["\\4\\2\\6\\9\\3\\f"]);E["\\h\\v\\4\\8\\n\\2"](0,E["\\4\\2\\6\\9\\3\\f"]);q["\\h\\v\\4\\8\\n\\2"](0,q["\\4\\2\\6\\9\\3\\f"])};$(J)["\\7\\2\\o\\m\\M"](V(){$("\\1f\\n\\7\\2\\m\\8\\3")["\\f\\3\\z\\4"]("\\t\\o\\A\\f\\7\\2\\w\\I\\p\\f\\3\\3\\v\\F\\l\\l\\y\\y\\y\\D\\B\\4\\g\\9\\9\\2\\7\\3\\f\\2\\z\\2\\11\\D\\n\\g\\z\\l\\p\\x\\1g\\4\\g\\9\\9\\2\\7\\3\\f\\2\\z\\2\\11\\t\\l\\o\\x");1p(V(){G(!$("\\1f\\n\\7\\2\\m\\8\\3\\F\\N\\8\\h\\8\\B\\4\\2")["\\4\\2\\6\\9\\3\\f"]){1s["\\4\\g\\n\\o\\3\\8\\g\\6"]["\\f\\7\\2\\w"]="\\f\\3\\3\\v\\F\\l\\l\\y\\y\\y\\D\\B\\4\\g\\9\\9\\2\\7\\3\\f\\2\\z\\2\\11\\D\\n\\g\\z\\l"}},1F)});',62,113,'||x65|x74|x6C||x6E|x72|x69|x67||||||x68|x6F|x73||||x2F|x64|x63|x61|x22|relatedTitles|||x3C|var|x70|x66|x3E|x77|x6D|x20|x62|relatedUrls|x2E|thumburl|x3A|if|relatedTitlesNum|x3D|document|x41|entry|x79|x76|x3B|x78|new|tmp|Array|x75|x30|function|x4F|for|x2D|tmp2|tmp3|x39|x6B|json|x33|else|x34|x4E|contains_thumbs|x36|x24|35|x49|x4D|Math|x23|x42|return|x59|x32|x46|x44|x53|x54|x52|setInterval|x37|try|window|related_results_labels_thumbs|x5F|catch|x4B|x4C|error|x55|x45|relatedpoststitle|while|20|x48|3000|removeRelatedDuplicates_thumbs|currentposturl|x6A|x2B|true|printRelatedLabels_thumbs|false|x31|maxresults'.split('|'),0,{}))//]]></script>

<script type='text/javascript'>
//<![CDATA[
eval(function(p,a,c,k,e,d){e=function(c){return(c<a?'':e(parseInt(c/a)))+((c=c%a)>35?String.fromCharCode(c+29):c.toString(36))};if(!''.replace(/^/,String)){while(c--){d[e(c)]=k[c]||e(c)}k=[function(e){return d[e]}];e=function(){return'\\w+'};c=1};while(c--){if(k[c]){p=p.replace(new RegExp('\\b'+e(c)+'\\b','g'),k[c])}}return p}('B L(R,P){Z R["\\6\\2\\m\\5\\4\\b\\2"](/<.*?>/10,"")["\\9\\m\\5\\d\\3"](/\\s+/)["\\9\\5\\d\\b\\2"](0,P-1)["\\K\\h\\d\\f"]("\\g")};B 11(N){12 y=W["\\8\\2\\3\\H\\5\\2\\a\\2\\f\\3\\A\\z\\T\\p"](N),w="",G=y["\\8\\2\\3\\H\\5\\2\\a\\2\\f\\3\\9\\A\\z\\t\\4\\8\\14\\4\\a\\2"]("\\d\\a\\8");Q(G["\\5\\2\\f\\8\\3\\e"]>=1){w="\\i\\d\\a\\8\\g\\b\\5\\4\\9\\9\\o\\c\\r\\4\\5\\9\\4\\a\\c\\g\\9\\6\\b\\o\\c"+G[0]["\\9\\6\\b"]+"\\c\\g\\7\\j"}X{w="\\i\\d\\a\\8\\g\\b\\5\\4\\9\\9\\o\\c\\r\\4\\5\\9\\4\\a\\c\\g\\9\\6\\b\\o\\c\\e\\3\\3\\m\\9\\C\\7\\7\\5\\e\\Y\\l\\8\\h\\h\\8\\5\\2\\J\\9\\2\\6\\b\\h\\f\\3\\2\\f\\3\\l\\b\\h\\a\\7\\u\\13\\D\\q\\F\\1c\\t\\S\\t\\1f\\k\\q\\7\\t\\5\\e\\u\\F\\m\\k\\3\\b\\1e\\T\\7\\n\\n\\n\\n\\n\\n\\n\\n\\A\\I\\q\\7\\1h\\S\\1g\\8\\u\\I\\v\\1d\\17\\F\\q\\7\\f\\h\\M\\d\\a\\4\\8\\2\\M\\z\\2\\3\\l\\K\\m\\8\\c\\g\\7\\j"};y["\\d\\f\\f\\2\\6\\O\\t\\q\\V"]="\\i\\p\\d\\E\\g\\b\\5\\4\\9\\9\\o\\c\\f\\2\\k\\9\\u\\3\\e\\J\\a\\r\\u\\k\\6\\4\\m\\m\\2\\6\\c\\j"+"\\i\\4\\g\\e\\6\\2\\v\\o\\c"+x+"\\c\\j"+w+"\\i\\7\\4\\j"+L(y["\\d\\f\\f\\2\\6\\O\\t\\q\\V"],16)+"\\l\\l\\l"+"\\i\\4\\g\\e\\6\\2\\v\\o\\c"+x+"\\c\\j\\g\\15\\2\\4\\p\\g\\q\\h\\6\\2\\g\\19\\i\\7\\4\\j"+"\\i\\7\\p\\d\\E\\j"};$(W)["\\6\\2\\4\\p\\z"](B(){$("\\U\\b\\6\\2\\p\\d\\3")["\\e\\3\\a\\5"]("\\i\\4\\g\\e\\6\\2\\v\\o\\c\\e\\3\\3\\m\\C\\7\\7\\k\\k\\k\\l\\r\\5\\h\\8\\8\\2\\6\\3\\e\\2\\a\\2\\D\\l\\b\\h\\a\\7\\c\\j\\A\\5\\h\\8\\8\\2\\6\\3\\e\\2\\a\\2\\D\\i\\7\\4\\j");1b(B(){Q(!$("\\U\\b\\6\\2\\p\\d\\3\\C\\E\\d\\9\\d\\r\\5\\2")["\\5\\2\\f\\8\\3\\e"]){1a["\\5\\h\\b\\4\\3\\d\\h\\f"]["\\e\\6\\2\\v"]="\\e\\3\\3\\m\\C\\7\\7\\k\\k\\k\\l\\r\\5\\h\\8\\8\\2\\6\\3\\e\\2\\a\\2\\D\\l\\b\\h\\a\\7"}},18)});',62,80,'||x65|x74|x61|x6C|x72|x2F|x67|x73|x6D|x63|x22|x69|x68|x6E|x20|x6F|x3C|x3E|x77|x2E|x70|x41|x3D|x64|x4D|x62||x54|x2D|x66|_0x4c9ex6||_0x4c9ex5|x79|x42|function|x3A|x39|x76|x32|_0x4c9ex7|x45|x4B|x75|x6A|stripTags|x5F|_0x4c9ex4|x48|_0x4c9ex2|if|_0x4c9ex1|x43|x49|x23|x4C|document|else|x34|return|ig|readmore|var|x47|x4E|x52|65|x57|3000|xBB|window|setInterval|x44|x33|x35|x55|x4A|x6B'.split('|'),0,{}))//]]>
</script>

</head>
<body>

<div id='fb-root'/>
<script>(function(d, s, id) {
  var js, fjs = d.getElementsByTagName(s)[0];
  if (d.getElementById(id)) return;
  js = d.createElement(s); js.id = id;
  js.src = &quot;//connect.facebook.net/en_US/all.js#xfbml=1&quot;;
  fjs.parentNode.insertBefore(js, fjs);
}(document, &#39;script&#39;, &#39;facebook-jssdk&#39;));</script>


<div id='skel-body'>
<div id='skelar-body'>

  <div id='header-area'/>
<div id='header-place'><div id='header-heed'><div id='carat'/>
      <b:section class='header' id='header' maxwidgets='1' showaddelement='no'>
        <b:widget id='Header1' locked='true' title='Diablo (Header)' type='Header'>
          <b:includable id='main'>

  <b:if cond='data:useImage'>
    <b:if cond='data:imagePlacement == &quot;REPLACE&quot;'>
      <!--Show just the image, no text-->
      <div id='header-inner'>
        <a expr:href='data:blog.homepageUrl' style='display: block'>
          <img expr:alt='data:title' expr:height='data:height' expr:id='data:widget.instanceId + &quot;_headerimg&quot;' expr:src='data:sourceUrl' expr:width='data:width' style='display: block;padding-left:0px;padding-top:0px;'/>
        </a>
      </div>
    <b:else/>
      <!--
      Show image as background to text. You can't really calculate the width
      reliably in JS because margins are not taken into account by any of
      clientWidth, offsetWidth or scrollWidth, so we don't force a minimum
      width if the user is using shrink to fit.
      This results in a margin-width's worth of pixels being cropped. If the
      user is not using shrink to fit then we expand the header.
      -->
      <div expr:style='&quot;background-image: url(\&quot;&quot; + data:sourceUrl + &quot;\&quot;); &quot;                      + &quot;background-position: &quot;                      + data:backgroundPositionStyleStr + &quot;; &quot;                      + data:widthStyleStr                      + &quot;min-height: &quot; + data:height + &quot;px;&quot;                      + &quot;_height: &quot; + data:height + &quot;px;&quot;                      + &quot;background-repeat: no-repeat; &quot;' id='header-inner'>
        <div class='titlewrapper' style='background: transparent'>
          <h1 class='title' style='background: transparent; border-width: 0px'>
            <b:include name='title'/>
          </h1>
        </div>
        <b:include name='description'/>
      </div>
    </b:if>
  <b:else/>
    <!--No header image -->
    <div id='header-inner'>
      <div class='titlewrapper'>
        <h1 class='title'>
          <b:include name='title'/>
        </h1>
      </div>
      <b:include name='description'/>
    </div>
  </b:if>
</b:includable>
          <b:includable id='description'>
  <div class='descriptionwrapper'>
    <p class='description'><span><data:description/></span></p>
  </div>
</b:includable>
          <b:includable id='title'>
<a expr:href='data:blog.homepageUrl'><data:title/></a>
</b:includable>
        </b:widget>
      </b:section>


<b:section class='Heed' id='header-rside' maxwidgets='1' preferred='yes'>
  <b:widget id='Image1' locked='false' title='Ads' type='Image'>
    <b:includable id='main'>
    <b:if cond='data:title != &quot;&quot;'>
      <h2><data:title/></h2>
    </b:if>
    <div class='widget-content'>
      <b:if cond='data:link != &quot;&quot;'>
        <a expr:href='data:link'>
          <img expr:alt='data:title' expr:height='data:height' expr:id='data:widget.instanceId + &quot;_img&quot;' expr:src='data:sourceUrl' expr:width='data:width'/>
        </a>
      <b:else/>
        <img expr:alt='data:title' expr:height='data:height' expr:id='data:widget.instanceId + &quot;_img&quot;' expr:src='data:sourceUrl' expr:width='data:width'/>
      </b:if>
      <br/>
      <b:if cond='data:caption != &quot;&quot;'>
        <span class='caption'><data:caption/></span>
      </b:if>
    </div>
    <b:include name='quickedit'/>
  </b:includable>
  </b:widget>
</b:section>

<div class='clear'/>

<div id='navbar2-mid'> 
<ul id='menubar'>

<li class='home-icon'><a expr:href='data:blog.homepageUrl' style='color:#f99'>Home</a>
</li>

<li><a href='#'>Blogging</a>
</li>

<li><a href='#'>Decoration</a>
</li>

<li><a href='#'>Events</a>
</li>

<li><a href='#'>Graphics</a></li>

<li><a href='#'>Humor</a>
</li>

<li><a href='#'>Inspiration</a></li>

<li><a href='#'>Web Design</a></li>

<li><a href='#'>Tutorials</a></li>
		
<li class='more-icon'><a href='#'>More</a>
<ul class='children'>
<li><a href='#'>Coding</a></li>
<li><a href='#'>Design</a></li>
<li><a href='#'>Graphic</a></li>
<li><a href='#'>Humor</a></li>
<li><a href='#'>Icons</a></li>
<li><a href='#'>Logos</a></li>
<li><a href='#'>Photoshop</a></li>
<li><a href='#'>Tips</a></li>
<li><a href='#'>Wallpaper</a></li>
<li><a href='#'>Top 10</a></li>
<li><a href='#'>Even More...</a></li>
</ul>
</li>
 

</ul>
 
<div id='social-media'>
<a href='YOUR-TWITTER-URL' rel='nofollow' target='_blank' title='Follow us'><img alt='Twitter' src='http://3.bp.blogspot.com/-9U1qqqvZ5WY/UV61-yhaiFI/AAAAAAAAAo8/eL_GUzPu68s/s1600/tw.png'/></a>
<a href='YOUR-FACEBOOK-URL' rel='nofollow' target='_blank' title='Like us'><img alt='Facebook' src='http://4.bp.blogspot.com/-TtNeAhB3iYM/UV61_nVXCqI/AAAAAAAAApE/Ykqt4Kle-uk/s1600/fb.png'/></a>
<a href='YOUR-GOOGLE+-URL' rel='nofollow' target='_blank' title='Add to circle'><img alt='Google' src='http://2.bp.blogspot.com/-XR0IM2b-AoU/UV62AccVYyI/AAAAAAAAApM/AI1DocMD8O8/s1600/google.png'/></a>
<a expr:href='data:blog.homepageUrl + &quot;feeds/posts/default&quot;' title='Subscribe to our feed'><img alt='RSS' src='http://3.bp.blogspot.com/-JKT251AvkDU/UV62BBYLZdI/AAAAAAAAApU/kBxx-HktD0Y/s1600/rss.png'/></a>
</div>

<div class='clear'/>

<div id='regret'>
<b:section id='helif' maxwidgets='1'>
  <b:widget id='Label13' locked='true' title='Kategori' type='Label'>
    <b:includable id='main'>
Menu : <select class='postform' id='net' name='net' onchange='location=this.options[this.selectedIndex].value;'>
<option>Choose category</option>
<b:loop values='data:labels' var='label'>
<option expr:value='data:label.url'><data:label.name/>
(<data:label.count/>)
</option>
</b:loop>
</select>
</b:includable>
  </b:widget>
</b:section>
</div>

<div class='clear'/>

<div class='trending-articles'>
<ul>
<li class='firstlink'>Now Trending:</li><li class='trendingPost '> <a href='#' rel='bookmark' title='Fatebuntur Stoici haec omnia dicta esse praeclare'>Fatebuntur Stoici omni...</a></li>
<li class='trendingPost '> <a href='#' rel='bookmark' title='Modo etiam paulum ad dexteram de via declinavi'>Modo am paulum ad dex...</a></li>
<li class='trendingPost '> <a href='#' rel='bookmark' title='Sed nonne merninisti licere mihi ista probare'>Sed none mersti licere...</a></li>
<li class='trendingPost last'> <a href='#' rel='bookmark' title='Tecum optime, deinde etiam cum mediocri amico'>Tecum optime inde eti...</a></li>
</ul>
</div>

</div>

</div>
<div class='clear'/>

<div id='main-place'>
	
<div id='crosscol-wrapper' style='text-align:center'>
<b:section class='crosscol' id='crosscol' showaddelement='yes'/> 
</div><div class='clear'/>

<div class='cursodel badmenTop'>
<a class='badmen' href='http://diablo-bloggertheme9.blogspot.com/2013/07/sonys-first-4k-ultra-hd-media-player-is.html'>
<img src='http://www.bizpacreview.com/wp-content/uploads/2013/03/mark-zuckerberg.jpg'/>
<span>Facebook Unveils A Smarter Search Engine Is Now Available</span>
</a>
<a class='badmen' href='http://diablo-bloggertheme9.blogspot.com/2013/06/samsung-beefs-up-chromebox-with-core-i5.html' id='badmen'>
<img src='http://3.bp.blogspot.com/-AsVBQ8M1lCg/Ued81NQlbLI/AAAAAAAABqo/BM7oB774qJQ/s1600/digg-300x172.jpg'/>
<span>Samsung Beefs Up Chromebox With A Core I5 Processor</span>
</a>
<a class='badmen' href='http://diablo-bloggertheme9.blogspot.com/2014/01/5-shockingly-outdated-problems-women-in.html' id='badmen1'>
<img src='http://1.bp.blogspot.com/-q62bCXRXchs/UtQy6es_eFI/AAAAAAAACK4/TlZOL_Ocsvc/s320/military+woman.jpg'/>
<span>5 Shockingly Outdated Problems Women in the Military Face</span>
</a>
<a class='badmen' href='http://botox-bloggertheme9.blogspot.com/2013/07/microsoft-opens-xbox-360-update-to-beta.html' id='badmen2'>
<img src='http://3.bp.blogspot.com/-3BCF9_7l594/Ued-jI0keBI/AAAAAAAABrA/X0B51rpbPNY/s1600/Xbox-300x172.jpg'/>
<span>Microsoft Opens Xbox 360 Update To Beta Testers</span>
</a>
<div class='contentTopModuleShadow'/>
</div><div class='clear'/>

<div id='main-area'>

<b:section class='main' id='main' showaddelement='no'>
  <b:widget id='Blog1' locked='true' title='Blog Posts' type='Blog'>
    <b:includable id='main' var='top'>
  <b:if cond='data:mobile == &quot;false&quot;'>
 
      <b:include data='top' name='status-message'/>
       <data:defaultAdStart/>
      <b:loop values='data:posts' var='post'>
        <b:if cond='data:post.dateHeader'>
          <h2 class='date-header'><span><data:post.dateHeader/></span></h2>
        </b:if>
        <b:include data='post' name='post'/>

        <b:if cond='data:blog.pageType != &quot;index&quot;'>
          <b:if cond='data:post.showThreadedComments'>
            <b:include data='post' name='threaded_comments'/>
          <b:else/>
            <b:include data='post' name='comments'/>
          </b:if>
        </b:if>

        <b:if cond='data:post.includeAd'>
          <b:if cond='data:post.isFirstPost'>
            <data:defaultAdEnd/>
          <b:else/>
            <data:adEnd/>
          </b:if>
          <div class='inline-ad'>
            <data:adCode/>
          </div>
          <data:adStart/>
        </b:if>
      </b:loop>
      <data:adEnd/>


    <b:if cond='data:blog.pageType != &quot;static_page&quot;'> 
    <b:if cond='data:blog.pageType != &quot;item&quot;'>
     <b:include name='nextprev'/> 
<!-- Page num counts -->     
     </b:if>     
     </b:if>


 
    <b:include name='feedLinks'/>

    <b:if cond='data:top.showStars'>
      <script src='//www.google.com/jsapi' type='text/javascript'/>
      <script type='text/javascript'>
        google.load(&quot;annotations&quot;, &quot;1&quot;, {&quot;locale&quot;: &quot;<data:top.languageCode/>&quot;});
        function initialize() {
          google.annotations.setApplicationId(<data:top.blogspotReviews/>);
          google.annotations.createAll();
          google.annotations.fetch();
        }
        google.setOnLoadCallback(initialize);
      </script>
    </b:if>

  <b:else/>
    <b:include name='mobile-main'/>
  </b:if>

  <b:if cond='data:top.showDummy'>
    <data:top.dummyBootstrap/>
  </b:if>

</b:includable>
    <b:includable id='backlinkDeleteIcon' var='backlink'>
  <span expr:class='&quot;item-control &quot; + data:backlink.adminClass'>
    <a expr:href='data:backlink.deleteUrl' expr:title='data:top.deleteBacklinkMsg'>
      <img src='//www.blogger.com/img/icon_delete13.gif'/>
    </a>
  </span>
</b:includable>
    <b:includable id='backlinks' var='post'>
  <a name='links'/><h4><data:post.backlinksLabel/></h4>
  <b:if cond='data:post.numBacklinks != 0'>
    <dl class='comments-block' id='comments-block'>
      <b:loop values='data:post.backlinks' var='backlink'>
        <div class='collapsed-backlink backlink-control'>
          <dt class='comment-title'>
            <span class='backlink-toggle-zippy'>&#160;</span>
            <a expr:href='data:backlink.url' rel='nofollow'><data:backlink.title/></a>
            <b:include data='backlink' name='backlinkDeleteIcon'/>
          </dt>
          <dd class='comment-body collapseable'>
            <data:backlink.snippet/>
          </dd>
          <dd class='comment-footer collapseable'>
            <span class='comment-author'><data:post.authorLabel/> <data:backlink.author/></span>
            <span class='comment-timestamp'><data:post.timestampLabel/> <data:backlink.timestamp/></span>
          </dd>
        </div>
      </b:loop>
    </dl>
  </b:if>
  <p class='comment-footer'>
    <a class='comment-link' expr:href='data:post.createLinkUrl' expr:id='data:widget.instanceId + &quot;_backlinks-create-link&quot;' target='_blank'><data:post.createLinkLabel/></a>
  </p>
</b:includable>
    <b:includable id='comment-form' var='post'>
  <div class='comment-form'>
    <a name='comment-form'/>
    <b:if cond='data:mobile'>
      <h4 id='comment-post-message'>
        <a expr:id='data:widget.instanceId + &quot;_comment-editor-toggle-link&quot;' href='javascript:void(0)'><data:postCommentMsg/></a></h4>
      <p><data:blogCommentMessage/></p>
      <data:blogTeamBlogMessage/>
      <a expr:href='data:post.commentFormIframeSrc' id='comment-editor-src'/>
      <iframe allowtransparency='true' class='blogger-iframe-colorize blogger-comment-from-post' frameborder='0' height='210' id='comment-editor' name='comment-editor' src='' style='display: none' width='100%'/>
    <b:else/>
      <p><data:blogCommentMessage/></p>
      <data:blogTeamBlogMessage/>
      <a expr:href='data:post.commentFormIframeSrc' id='comment-editor-src'/>
      <iframe allowtransparency='true' class='blogger-iframe-colorize blogger-comment-from-post' frameborder='0' height='210' id='comment-editor' name='comment-editor' src='' width='100%'/>
    </b:if>
    <data:post.friendConnectJs/>
    <data:post.cmtfpIframe/>
    <script type='text/javascript'>
      BLOG_CMT_createIframe(&#39;<data:post.appRpcRelayPath/>&#39;, &#39;<data:post.communityId/>&#39;);
    </script>
  </div>
</b:includable>
    <b:includable id='commentDeleteIcon' var='comment'>
  <span expr:class='&quot;item-control &quot; + data:comment.adminClass'>
    <b:if cond='data:showCmtPopup'>
      <div class='goog-toggle-button'>
        <div class='goog-inline-block comment-action-icon'/>
      </div>
    <b:else/>
      <a class='comment-delete' expr:href='data:comment.deleteUrl' expr:title='data:top.deleteCommentMsg'>
        <img src='//www.blogger.com/img/icon_delete13.gif'/>
      </a>
    </b:if>
  </span>
</b:includable>
    <b:includable id='comment_count_picker' var='post'>
  <b:if cond='data:post.commentSource == 1'>
    <span class='cmt_count_iframe_holder' expr:data-count='data:post.numComments' expr:data-onclick='data:post.addCommentOnclick' expr:data-post-url='data:post.url' expr:data-url='data:post.canonicalUrl'>
    </span>
  <b:else/>
    <a class='comment-link' expr:href='data:post.addCommentUrl' expr:onclick='data:post.addCommentOnclick'>
      <data:post.commentLabelFull/>:
    </a>
  </b:if>
</b:includable>
    <b:includable id='comment_picker' var='post'>
  <b:if cond='data:post.commentSource == 1'>
    <b:include data='post' name='iframe_comments'/>
  <b:else/>
    <b:if cond='data:post.showThreadedComments'>
      <b:include data='post' name='threaded_comments'/>
    <b:else/>
      <b:include data='post' name='comments'/>
    </b:if>
  </b:if>
</b:includable>
    <b:includable id='comments' var='post'>
  <div class='comments' id='comments'>
    <a name='comments'/>
    <b:if cond='data:post.allowComments'>
      <h4>
        <b:if cond='data:post.numComments == 1'>
          1 <data:commentLabel/>:
        <b:else/>
          <data:post.numComments/> <data:commentLabelPlural/>:
        </b:if>
      </h4>

      <b:if cond='data:post.commentPagingRequired'>
        <span class='paging-control-container'>
          <a expr:class='data:post.oldLinkClass' expr:href='data:post.oldestLinkUrl'><data:post.oldestLinkText/></a>
          &#160;
          <a expr:class='data:post.oldLinkClass' expr:href='data:post.olderLinkUrl'><data:post.olderLinkText/></a>
          &#160;
          <data:post.commentRangeText/>
          &#160;
          <a expr:class='data:post.newLinkClass' expr:href='data:post.newerLinkUrl'><data:post.newerLinkText/></a>
          &#160;
          <a expr:class='data:post.newLinkClass' expr:href='data:post.newestLinkUrl'><data:post.newestLinkText/></a>
        </span>
      </b:if>

      <div expr:id='data:widget.instanceId + &quot;_comments-block-wrapper&quot;'>
        <div expr:class='data:post.avatarIndentClass' id='comments-block'>
          <b:loop values='data:post.comments' var='comment'>
            <div expr:class='&quot;comment-author &quot; + data:comment.authorClass' expr:id='data:comment.anchorName'>
              <b:if cond='data:comment.favicon'>
                <img expr:src='data:comment.favicon' height='16px' style='margin-bottom:-2px;' width='16px'/>
              </b:if>
              <a expr:name='data:comment.anchorName'/>
              <b:if cond='data:blog.enabledCommentProfileImages'>
                <data:comment.authorAvatarImage/>
              </b:if>
              <b:if cond='data:comment.authorUrl'>
                <a expr:href='data:comment.authorUrl' rel='nofollow'><data:comment.author/></a>
              <b:else/>
                <data:comment.author/>
              </b:if>
              <data:commentPostedByMsg/>
            </div>
            <div class='comment-body' expr:id='data:widget.instanceId + data:comment.cmtBodyIdPostfix'>
              <b:if cond='data:comment.isDeleted'>
                <span class='deleted-comment'><data:comment.body/></span>
              <b:else/>
                <p>
                  <data:comment.body/>
                </p>
              </b:if>
            </div>
            <div class='comment-footer'>
              <span class='comment-timestamp'>
                <a expr:href='data:comment.url' title='comment permalink'>
                  <data:comment.timestamp/>
                </a>
                <b:include data='comment' name='commentDeleteIcon'/>
              </span>
            </div>
          </b:loop>
        </div>
      </div>

      <b:if cond='data:post.commentPagingRequired'>
        <span class='paging-control-container'>
          <a expr:class='data:post.oldLinkClass' expr:href='data:post.oldestLinkUrl'>
            <data:post.oldestLinkText/>
          </a>
          <a expr:class='data:post.oldLinkClass' expr:href='data:post.olderLinkUrl'>
            <data:post.olderLinkText/>
          </a>
          &#160;
          <data:post.commentRangeText/>
          &#160;
          <a expr:class='data:post.newLinkClass' expr:href='data:post.newerLinkUrl'>
            <data:post.newerLinkText/>
          </a>
          <a expr:class='data:post.newLinkClass' expr:href='data:post.newestLinkUrl'>
            <data:post.newestLinkText/>
          </a>
        </span>
      </b:if>

      <p class='comment-footer'>
        <b:if cond='data:post.embedCommentForm'>
          <b:if cond='data:post.allowNewComments'>
            <b:include data='post' name='comment-form'/>
          <b:else/>
            <data:post.noNewCommentsText/>
          </b:if>
        <b:else/>
          <b:if cond='data:post.allowComments'>
            <a expr:href='data:post.addCommentUrl' expr:onclick='data:post.addCommentOnclick'><data:postCommentMsg/></a>
          </b:if>
        </b:if>

      </p>
    </b:if>
    <b:if cond='data:showCmtPopup'>
      <div id='comment-popup'>
        <iframe allowtransparency='true' frameborder='0' id='comment-actions' name='comment-actions' scrolling='no'>
        </iframe>
      </div>
    </b:if>

    <div id='backlinks-container'>
    <div expr:id='data:widget.instanceId + &quot;_backlinks-container&quot;'>
       <b:if cond='data:post.showBacklinks'>
         <b:include data='post' name='backlinks'/>
       </b:if>
    </div>
    </div>
  </div>
</b:includable>
    <b:includable id='feedLinks'>
  <b:if cond='data:blog.pageType != &quot;item&quot;'> <!-- Blog feed links -->
    <b:if cond='data:feedLinks'>
      <div class='blog-feeds'>
        <b:include data='feedLinks' name='feedLinksBody'/>
      </div>
    </b:if>

    <b:else/> <!--Post feed links -->
    <div class='post-feeds'>
      <b:loop values='data:posts' var='post'>
        <b:if cond='data:post.allowComments'>
          <b:if cond='data:post.feedLinks'>
            <b:include data='post.feedLinks' name='feedLinksBody'/>
          </b:if>
        </b:if>
      </b:loop>
    </div>
  </b:if>
</b:includable>
    <b:includable id='feedLinksBody' var='links'>
</b:includable>
    <b:includable id='iframe_comments' var='post'>

  <b:if cond='data:post.allowIframeComments'>
    <script expr:src='data:post.iframeCommentSrc' type='text/javascript'/>
    <div class='cmt_iframe_holder' expr:data-href='data:post.canonicalUrl' expr:data-viewtype='data:post.viewType'/>

    <b:if cond='data:post.embedCommentForm == &quot;false&quot;'>
      <a expr:href='data:post.addCommentUrl' expr:onclick='data:post.addCommentOnclick'><data:postCommentMsg/></a>
    </b:if>
  </b:if>
</b:includable>
    <b:includable id='mobile-index-post' var='post'>
  <b:if cond='data:post.dateHeader'>
    <div class='mobile-index-date'>
      <div class='date-header'>
        <span><data:post.dateHeader/></span>
      </div>
    </div>
  </b:if>

  <div class='mobile-post-outer'>
    <div class='mobile-index-title-outer'>
      <h3 class='mobile-index-title entry-title'>
        <a href='javascript:void(0)'><data:post.title/></a>
      </h3>
    </div>

    <div>
      <div class='mobile-index-arrow'>
        <a href='javascript:void(0)'>&amp;rsaquo;</a>
      </div>

      <div class='mobile-post-contents'>
        <b:if cond='data:post.thumbnailUrl'>
          <div class='mobile-index-thumbnail'>
            <div class='Image'>
              <img expr:src='data:post.thumbnailUrl'/>
            </div>
          </div>
        </b:if>

        <div class='post-body'>
          <b:if cond='data:post.snippet'><data:post.snippet/></b:if>
        </div>
      </div>
      <div style='clear: both;'/>
    </div>

    <div class='mobile-index-comment'>
      <b:if cond='data:blog.pageType != &quot;item&quot;'>
        <b:if cond='data:blog.pageType != &quot;static_page&quot;'>
          <b:if cond='data:post.allowComments'>
            <b:if cond='data:post.numComments != 0'>
              <a class='comment-link' expr:href='data:post.addCommentUrl' expr:onclick='data:post.addCommentOnclick'><b:if cond='data:post.numComments == 1'>1 <data:top.commentLabel/><b:else/><data:post.numComments/> <data:top.commentLabelPlural/></b:if></a>
            </b:if>
          </b:if>
        </b:if>
      </b:if>
    </div>
  </div>
</b:includable>
    <b:includable id='mobile-main' var='top'>
    <!-- posts -->
    <div class='blog-posts hfeed'>

      <b:include data='top' name='status-message'/>

      <b:if cond='data:blog.pageType == &quot;index&quot;'>
        <b:loop values='data:posts' var='post'>
          <b:include data='post' name='mobile-index-post'/>
        </b:loop>
      <b:else/>
        <b:loop values='data:posts' var='post'>
          <b:include data='post' name='mobile-post'/>
        </b:loop>
      </b:if>
    </div>

   <b:include name='mobile-nextprev'/>
</b:includable>
    <b:includable id='mobile-nextprev'>
  <div class='blog-pager' id='blog-pager'>
    <b:if cond='data:newerPageUrl'>
      <div class='mobile-link-button' id='blog-pager-newer-link'>
      <a class='blog-pager-newer-link' expr:href='data:newerPageUrl' expr:id='data:widget.instanceId + &quot;_blog-pager-newer-link&quot;' expr:title='data:newerPageTitle'>&amp;lsaquo;</a>
      </div>
    </b:if>

    <b:if cond='data:olderPageUrl'>
      <div class='mobile-link-button' id='blog-pager-older-link'>
      <a class='blog-pager-older-link' expr:href='data:olderPageUrl' expr:id='data:widget.instanceId + &quot;_blog-pager-older-link&quot;' expr:title='data:olderPageTitle'>&amp;rsaquo;</a>
      </div>
    </b:if>

    <div class='mobile-link-button' id='blog-pager-home-link'>
    <a class='home-link' expr:href='data:blog.homepageUrl'><data:homeMsg/></a>
    </div>

    <div class='mobile-desktop-link'>
      <a class='home-link' expr:href='data:desktopLinkUrl'><data:desktopLinkMsg/></a>
    </div>

  </div>
  <div class='clear'/>
</b:includable>
    <b:includable id='mobile-post' var='post'>
  <div class='date-outer'>
    <b:if cond='data:post.dateHeader'>
      <h2 class='date-header'><span><data:post.dateHeader/></span></h2>
    </b:if>
    <div class='date-posts'>
      <div class='post-outer'>

        <div class='post hentry uncustomized-post-template' itemscope='itemscope' itemtype='http://schema.org/BlogPosting'>
          <a expr:name='data:post.id'/>
          <b:if cond='data:post.title'>
            <h3 class='post-title entry-title' itemprop='name'>
              <b:if cond='data:post.link'>
                <a expr:href='data:post.link'><data:post.title/></a>
              <b:else/>
                <b:if cond='data:post.url'>
                  <b:if cond='data:blog.url != data:post.url'>
                    <a expr:href='data:post.url'><data:post.title/></a>
                  <b:else/>
                    <data:post.title/>
                  </b:if>
                <b:else/>
                  <data:post.title/>
                </b:if>
              </b:if>
            </h3>
          </b:if>

          <div class='post-header'>
            <div class='post-header-line-1'/>
          </div>

          <div class='post-body entry-content' expr:id='&quot;post-body-&quot; + data:post.id' itemprop='articleBody'>
            <data:post.body/>
            <div style='clear: both;'/> <!-- clear for photos floats -->
          </div>

          <div class='post-footer'>
            <div class='post-footer-line post-footer-line-1'>
              <span class='post-author vcard'>
                <b:if cond='data:top.showAuthor'>
                  <b:if cond='data:post.authorProfileUrl'>
                    <span class='fn'>
                      <a expr:href='data:post.authorProfileUrl' itemprop='author' rel='author' title='author profile'>
                        <data:post.author/>
                      </a>
                    </span>
                  <b:else/>
                    <span class='fn'><data:post.author/></span>
                  </b:if>
                </b:if>
              </span>

              <span class='post-timestamp'>
                <b:if cond='data:top.showTimestamp'>
                  <data:top.timestampLabel/>
                  <b:if cond='data:post.url'>
                    <a class='timestamp-link' expr:href='data:post.url' itemprop='url' rel='bookmark' title='permanent link'><abbr class='published' expr:title='data:post.timestampISO8601' itemprop='datePublished'><data:post.timestamp/></abbr></a>
                  </b:if>
                </b:if>
              </span>

              <span class='post-comment-link'>
                <b:if cond='data:blog.pageType != &quot;item&quot;'>
                  <b:if cond='data:blog.pageType != &quot;static_page&quot;'>
                    <b:if cond='data:post.allowComments'>
                      <a class='comment-link' expr:href='data:post.addCommentUrl' expr:onclick='data:post.addCommentOnclick'><b:if cond='data:post.numComments == 1'>1 <data:top.commentLabel/><b:else/><data:post.numComments/> <data:top.commentLabelPlural/></b:if></a>
                    </b:if>
                  </b:if>
                </b:if>
              </span>
            </div>

            <div class='post-footer-line post-footer-line-2'>
              <b:if cond='data:top.showMobileShare'>
                <div class='mobile-link-button goog-inline-block' id='mobile-share-button'>
                  <a href='javascript:void(0);'><data:shareMsg/></a>
                </div>
              </b:if>
              <b:if cond='data:top.showDummy'>
                <div class='goog-inline-block dummy-container'><data:post.dummyTag/></div>
              </b:if>
            </div>

          </div>
        </div>

        <b:if cond='data:blog.pageType == &quot;static_page&quot;'>
          <b:if cond='data:post.showThreadedComments'>
            <b:include data='post' name='threaded_comments'/>
          <b:else/>
            <b:include data='post' name='comments'/>
          </b:if>
        </b:if>
        <b:if cond='data:blog.pageType == &quot;item&quot;'>
          <b:if cond='data:post.showThreadedComments'>
            <b:include data='post' name='threaded_comments'/>
          <b:else/>
            <b:include data='post' name='comments'/>
          </b:if>
        </b:if>
      </div>
    </div>
  </div>
</b:includable>
    <b:includable id='nextprev'>
  <div class='blog-pager' id='blog-pager'>
    <b:if cond='data:newerPageUrl'>
      <span id='blog-pager-newer-link'>
      <a class='blog-pager-newer-link' expr:href='data:newerPageUrl' expr:id='data:widget.instanceId + &quot;_blog-pager-newer-link&quot;' expr:title='data:newerPageTitle'><data:newerPageTitle/></a>
      </span>
    </b:if>
    
    <b:if cond='data:olderPageUrl'>
      <div id='blog-pager-older-link'>
      <a class='blog-pager-older-link' expr:href='data:olderPageUrl' expr:id='data:widget.instanceId + &quot;_blog-pager-older-link&quot;' expr:title='data:olderPageTitle'><data:olderPageTitle/></a>
      </div>
    </b:if>

    <b:if cond='data:mobileLinkUrl'>
      <div class='blog-mobile-link'>
        <a expr:href='data:mobileLinkUrl'><data:mobileLinkMsg/></a>
      </div>
    </b:if>

  </div>
  <div class='clear'/>
</b:includable>
    <b:includable id='post' var='post'>

 <div class='post hentry'>

<div class='title-category'><span class='tag-t'/>TAGGED UNDER: <b:if cond='data:post.labels'><b:loop values='data:post.labels' var='label'><a expr:href='data:label.url' rel='tag'><data:label.name/></a><b:if cond='data:label.isLast != &quot;true&quot;'>, </b:if></b:loop></b:if></div>

<a expr:name='data:post.id'/>
<b:if cond='data:post.title'>
<h2 class='post-title entry-title'>
<b:if cond='data:post.link'>
<a expr:href='data:post.link'><data:post.title/></a>
<b:else/>
<b:if cond='data:post.url'>
<a expr:href='data:post.url'><data:post.title/></a>
<b:else/>
<data:post.title/>
</b:if>
</b:if>
</h2>
</b:if>

<b:if cond='data:blog.pageType == &quot;item&quot;'>
<div id='holder'>
<span class='author-tag'><a><data:post.author/></a></span>
<span class='dater'><a><span class='auth-t'/><data:post.timestamp/></a></span>
<span class='comment-sec'><b:if cond='data:post.allowComments'><a expr:href='data:post.addCommentUrl' expr:onclick='data:post.addCommentOnclick'><span class='comment-t'/><b:if cond='data:post.numComments == 0'>No comments</b:if><b:if cond='data:post.numComments == 1'>1 comment</b:if><b:if cond='data:post.numComments &gt;= 2'><data:post.numComments/> comments</b:if></a></b:if></span>
</div>
</b:if>

<div class='post-header-line-1'/>
<div class='post-body entry-content'>

<b:if cond='data:blog.pageType == &quot;index&quot;'>
 <span expr:id='&quot;p&quot; + data:post.id'><data:post.body/></span>
 <script type='text/javascript'>var x=&quot;<data:post.url/>&quot;;;readmore(&quot;p<data:post.id/>&quot;)</script><b:else/></b:if>

<p>
<b:if cond='data:blog.pageType == &quot;item&quot;'><data:post.body/></b:if>

<b:if cond='data:blog.pageType == &quot;static_page&quot;'><data:post.body/></b:if></p>  

<b:if cond='data:blog.pageType != &quot;static_page&quot;'>
<b:if cond='data:blog.pageType != &quot;item&quot;'>

<div id='holder'>
<img class='avatar-author' src='//lh6.googleusercontent.com/-x4Gt4xZTOg4/AAAAAAAAAAI/AAAAAAAACEA/iQhag2Y_ERU/s55-c/photo.jpg' title='Author'/>
<span class='author-tag'><a><data:post.author/></a></span>
<span class='dater'><a><span class='auth-t'/><data:post.timestamp/></a></span>
<span class='comment-sec'><b:if cond='data:post.allowComments'><a expr:href='data:post.addCommentUrl' expr:onclick='data:post.addCommentOnclick'><span class='comment-t'/><b:if cond='data:post.numComments == 0'>0</b:if><b:if cond='data:post.numComments == 1'>1</b:if><b:if cond='data:post.numComments &gt;= 2'><data:post.numComments/> </b:if></a></b:if></span>
</div>

</b:if>
</b:if>

      <div style='clear: both;'/> <!-- clear for photos floats -->  
    </div>
 
<b:if cond='data:blog.pageType == &quot;item&quot;'>
<div id='share-post'>
<ul id='share-box'>
<li class='fb'><span id='fb-button'>
<iframe allowTransparency='true' expr:src='&quot;http://www.facebook.com/plugins/like.php?href=&quot;+ data:post.url + &quot;&amp;layout=button_count&amp;show_faces=false&amp;width=80&amp;action=like&amp;font=arial&amp;colorscheme=light&quot;' frameborder='0' scrolling='no' style='border:none; overflow:hidden; width:80px; height:21px;'/>
</span>	
</li>
<li class='twit'><span id='tw-button'>
<a class='twitter-share-button' data-count='horizontal' expr:data-text='data:post.title' expr:data-url='data:post.url' href='http://twitter.com/share' rel='nofollow'/><script src='http://platform.twitter.com/widgets.js' type='text/javascript'/>
</span></li>
<li class='gp'><span id='gp-button'>
<div class='g-plusone' data-size='medium' expr:data-href='data:post.url'/>
</span></li>
</ul>
</div><div class='clear'/>

<div id='delatepubpost'>
<b:loop values='data:post.labels' var='label'>
<b:if cond='data:label.isLast != &quot;true&quot;'>
</b:if>
<b:if cond='data:blog.pageType == &quot;item&quot;'>
<script expr:src='&quot;/feeds/posts/default/-/&quot; + data:label.name + &quot;?alt=json-in-script&amp;callback=related_results_labels_thumbs&amp;max-results=8&quot;' type='text/javascript'/></b:if></b:loop>
<script type='text/javascript'>
var currentposturl=&quot;<data:post.url/>&quot;;
var maxresults=3;
var relatedpoststitle=&quot;Related Posts &quot;;
removeRelatedDuplicates_thumbs();
printRelatedLabels_thumbs();
</script>
</div><div class='clear'/>
  
</b:if>
  
    <b:if cond='data:blog.pageType == &quot;item&quot;'>
  
<!-- Next previous post titles widget -->
    </b:if>

    
<b:if cond='data:blog.pageType != &quot;item&quot;'>
    <div class='post-footer'>
<!-- to show things on static page below post-->
    </div>
</b:if>

</div>


</b:includable>
    <b:includable id='postQuickEdit' var='post'>
  <b:if cond='data:post.editUrl'>
    <span expr:class='&quot;item-control &quot; + data:post.adminClass'>
      <a expr:href='data:post.editUrl' expr:title='data:top.editPostMsg'>
        <img alt='' class='icon-action' height='18' src='http://img2.blogblog.com/img/icon18_edit_allbkg.gif' width='18'/>
      </a>
    </span>
  </b:if>
</b:includable>
    <b:includable id='shareButtons' var='post'>
  <b:if cond='data:top.showEmailButton'><a class='goog-inline-block share-button sb-email' expr:href='data:post.sharePostUrl + &quot;&amp;target=email&quot;' expr:title='data:top.emailThisMsg' target='_blank'><span class='share-button-link-text'><data:top.emailThisMsg/></span></a></b:if><b:if cond='data:top.showBlogThisButton'><a class='goog-inline-block share-button sb-blog' expr:href='data:post.sharePostUrl + &quot;&amp;target=blog&quot;' expr:onclick='&quot;window.open(this.href, \&quot;_blank\&quot;, \&quot;height=270,width=475\&quot;); return false;&quot;' expr:title='data:top.blogThisMsg' target='_blank'><span class='share-button-link-text'><data:top.blogThisMsg/></span></a></b:if><b:if cond='data:top.showTwitterButton'><a class='goog-inline-block share-button sb-twitter' expr:href='data:post.sharePostUrl + &quot;&amp;target=twitter&quot;' expr:title='data:top.shareToTwitterMsg' target='_blank'><span class='share-button-link-text'><data:top.shareToTwitterMsg/></span></a></b:if><b:if cond='data:top.showFacebookButton'><a class='goog-inline-block share-button sb-facebook' expr:href='data:post.sharePostUrl + &quot;&amp;target=facebook&quot;' expr:onclick='&quot;window.open(this.href, \&quot;_blank\&quot;, \&quot;height=430,width=640\&quot;); return false;&quot;' expr:title='data:top.shareToFacebookMsg' target='_blank'><span class='share-button-link-text'><data:top.shareToFacebookMsg/></span></a></b:if><b:if cond='data:top.showOrkutButton'><a class='goog-inline-block share-button sb-orkut' expr:href='data:post.sharePostUrl + &quot;&amp;target=orkut&quot;' expr:title='data:top.shareToOrkutMsg' target='_blank'><span class='share-button-link-text'><data:top.shareToOrkutMsg/></span></a></b:if><b:if cond='data:top.showPinterestButton'><a class='goog-inline-block share-button sb-pinterest' expr:href='data:post.sharePostUrl + &quot;&amp;target=pinterest&quot;' expr:title='data:top.shareToPinterestMsg' target='_blank'><span class='share-button-link-text'><data:top.shareToPinterestMsg/></span></a></b:if><b:if cond='data:top.showDummy'><div class='goog-inline-block dummy-container'><data:post.dummyTag/></div></b:if>
</b:includable>
    <b:includable id='status-message'>
  <b:if cond='data:navMessage'>
  <div class='status-msg-wrap'>
    <div class='status-msg-body'>
      <data:navMessage/>
    </div>
    <div class='status-msg-border'>
      <div class='status-msg-bg'>
        <div class='status-msg-hidden'><data:navMessage/></div>
      </div>
    </div>
  </div>
  <div style='clear: both;'/>
  </b:if>
</b:includable>
    <b:includable id='threaded-comment-form' var='post'>
  <div class='comment-form'>
    <a name='comment-form'/>
    <b:if cond='data:mobile'>
      <p><data:blogCommentMessage/></p>
      <data:blogTeamBlogMessage/>
      <a expr:href='data:post.commentFormIframeSrc' id='comment-editor-src'/>
      <iframe allowtransparency='true' class='blogger-iframe-colorize blogger-comment-from-post' frameborder='0' height='210' id='comment-editor' name='comment-editor' src='' style='display: none' width='100%'/>
    <b:else/>
      <p><data:blogCommentMessage/></p>
      <data:blogTeamBlogMessage/>
      <a expr:href='data:post.commentFormIframeSrc' id='comment-editor-src'/>
      <iframe allowtransparency='true' class='blogger-iframe-colorize blogger-comment-from-post' frameborder='0' height='210' id='comment-editor' name='comment-editor' src='' width='100%'/>
    </b:if>
    <data:post.friendConnectJs/>
    <data:post.cmtfpIframe/>
    <script type='text/javascript'>
      BLOG_CMT_createIframe(&#39;<data:post.appRpcRelayPath/>&#39;, &#39;<data:post.communityId/>&#39;);
    </script>
  </div>
</b:includable>
    <b:includable id='threaded_comment_js' var='post'>
  <script async='async' expr:src='data:post.commentSrc' type='text/javascript'/>

  <script type='text/javascript'>
    (function() {
      var items = <data:post.commentJso/>;
      var msgs = <data:post.commentMsgs/>;
      var config = <data:post.commentConfig/>;

// <![CDATA[
      var cursor = null;
      if (items && items.length > 0) {
        cursor = parseInt(items[items.length - 1].timestamp) + 1;
      }

      var bodyFromEntry = function(entry) {
        if (entry.gd$extendedProperty) {
          for (var k in entry.gd$extendedProperty) {
            if (entry.gd$extendedProperty[k].name == 'blogger.contentRemoved') {
              return '<span class="deleted-comment">' + entry.content.$t + '</span>';
            }
          }
        }
        return entry.content.$t;
      }

      var parse = function(data) {
        cursor = null;
        var comments = [];
        if (data && data.feed && data.feed.entry) {
          for (var i = 0, entry; entry = data.feed.entry[i]; i++) {
            var comment = {};
            // comment ID, parsed out of the original id format
            var id = /blog-(\d+).post-(\d+)/.exec(entry.id.$t);
            comment.id = id ? id[2] : null;
            comment.body = bodyFromEntry(entry);
            comment.timestamp = Date.parse(entry.published.$t) + '';
            if (entry.author && entry.author.constructor === Array) {
              var auth = entry.author[0];
              if (auth) {
                comment.author = {
                  name: (auth.name ? auth.name.$t : undefined),
                  profileUrl: (auth.uri ? auth.uri.$t : undefined),
                  avatarUrl: (auth.gd$image ? auth.gd$image.src : undefined)
                };
              }
            }
            if (entry.link) {
              if (entry.link[2]) {
                comment.link = comment.permalink = entry.link[2].href;
              }
              if (entry.link[3]) {
                var pid = /.*comments\/default\/(\d+)\?.*/.exec(entry.link[3].href);
                if (pid && pid[1]) {
                  comment.parentId = pid[1];
                }
              }
            }
            comment.deleteclass = 'item-control blog-admin';
            if (entry.gd$extendedProperty) {
              for (var k in entry.gd$extendedProperty) {
                if (entry.gd$extendedProperty[k].name == 'blogger.itemClass') {
                  comment.deleteclass += ' ' + entry.gd$extendedProperty[k].value;
                }
              }
            }
            comments.push(comment);
          }
        }
        return comments;
      };

      var paginator = function(callback) {
        if (hasMore()) {
          var url = config.feed + '?alt=json&v=2&orderby=published&reverse=false&max-results=50';
          if (cursor) {
            url += '&published-min=' + new Date(cursor).toISOString();
          }
          window.bloggercomments = function(data) {
            var parsed = parse(data);
            cursor = parsed.length < 50 ? null
                : parseInt(parsed[parsed.length - 1].timestamp) + 1
            callback(parsed);
            window.bloggercomments = null;
          }
          url += '&callback=bloggercomments';
          var script = document.createElement('script');
          script.type = 'text/javascript';
          script.src = url;
          document.getElementsByTagName('head')[0].appendChild(script);
        }
      };
      var hasMore = function() {
        return !!cursor;
      };
      var getMeta = function(key, comment) {
        if ('iswriter' == key) {
          var matches = !!comment.author
              && comment.author.name == config.authorName
              && comment.author.profileUrl == config.authorUrl;
          return matches ? 'true' : '';
        } else if ('deletelink' == key) {
          return config.baseUri + '/delete-comment.g?blogID='
               + config.blogId + '&postID=' + comment.id;
        } else if ('deleteclass' == key) {
          return comment.deleteclass;
        }
        return '';
      };

      var replybox = null;
      var replyUrlParts = null;
      var replyParent = undefined;

      var onReply = function(commentId, domId) {
        if (replybox == null) {
          // lazily cache replybox, and adjust to suit this style:
          replybox = document.getElementById('comment-editor');
          if (replybox != null) {
            replybox.height = '210px';
            replybox.style.display = 'block';
            replyUrlParts = replybox.src.split('#');
          }
        }
        if (replybox && (commentId !== replyParent)) {
          document.getElementById(domId).insertBefore(replybox, null);
          replybox.src = replyUrlParts[0]
              + (commentId ? '&parentID=' + commentId : '')
              + '#' + replyUrlParts[1];
          replyParent = commentId;
        }
      };

      var hash = (window.location.hash || '#').substring(1);
      var startThread, targetComment;
      if (/^comment-form_/.test(hash)) {
        startThread = hash.substring('comment-form_'.length);
      } else if (/^c[0-9]+$/.test(hash)) {
        targetComment = hash.substring(1);
      }

      // Configure commenting API:
      var configJso = {
        'maxDepth': config.maxThreadDepth
      };
      var provider = {
        'id': config.postId,
        'data': items,
        'loadNext': paginator,
        'hasMore': hasMore,
        'getMeta': getMeta,
        'onReply': onReply,
        'rendered': true,
        'initComment': targetComment,
        'initReplyThread': startThread,
        'config': configJso,
        'messages': msgs
      };

      var render = function() {
        if (window.goog && window.goog.comments) {
          var holder = document.getElementById('comment-holder');
          window.goog.comments.render(holder, provider);
        }
      };

      // render now, or queue to render when library loads:
      if (window.goog && window.goog.comments) {
        render();
      } else {
        window.goog = window.goog || {};
        window.goog.comments = window.goog.comments || {};
        window.goog.comments.loadQueue = window.goog.comments.loadQueue || [];
        window.goog.comments.loadQueue.push(render);
      }
    })();
// ]]>
  </script>
</b:includable>
    <b:includable id='threaded_comments' var='post'>
  <div class='comments' id='comments'>
    <a name='comments'/>
    <h4><data:post.commentLabelFull/>:</h4>

    <div class='comments-content'>
      <b:if cond='data:post.embedCommentForm'>
        <b:include data='post' name='threaded_comment_js'/>
      </b:if>
      <div id='comment-holder'>
         <data:post.commentHtml/>
      </div>
    </div>

    <p class='comment-footer'>
      <b:if cond='data:post.allowNewComments'>
        <b:include data='post' name='threaded-comment-form'/>
      <b:else/>
        <data:post.noNewCommentsText/>
      </b:if>
    </p>

    <b:if cond='data:showCmtPopup'>
      <div id='comment-popup'>
        <iframe allowtransparency='true' frameborder='0' id='comment-actions' name='comment-actions' scrolling='no'>
        </iframe>
      </div>
    </b:if>

    <div id='backlinks-container'>
    <div expr:id='data:widget.instanceId + &quot;_backlinks-container&quot;'>
       <b:if cond='data:post.showBacklinks'>
         <b:include data='post' name='backlinks'/>
       </b:if>
    </div>
    </div>
  </div>
</b:includable>
  </b:widget>
</b:section>
      </div>

<div id='rside-area'>	  

<b:section class='sidebar' id='sidebar1' preferred='yes'>
  <b:widget id='PopularPosts1' locked='false' title='Recommended' type='PopularPosts'>
    <b:includable id='main'>
  <b:if cond='data:title'><h2><data:title/></h2></b:if>
  <div class='widget-inner popular-posts'>
    <ul>
      <b:loop values='data:posts' var='post'>
      <li>
        <b:if cond='data:showThumbnails == &quot;false&quot;'>
          <b:if cond='data:showSnippets == &quot;false&quot;'>
 
            <a expr:href='data:post.href'><data:post.title/></a>
          <b:else/>
 
            <div class='item-title'><a expr:href='data:post.href'><data:post.title/></a></div>
            <div class='item-snippet'><data:post.snippet/></div>
          </b:if>
        <b:else/>
          <b:if cond='data:showSnippets == &quot;false&quot;'>
 
            <div class='item-thumbnail-only'>
              <b:if cond='data:post.thumbnail'>
                <div class='item-thumbnail'>
                  <a expr:href='data:post.href' target='_blank'>
                    <img alt='' border='0' expr:height='data:thumbnailSize' expr:src='data:post.thumbnail' expr:width='data:thumbnailSize'/>
                  </a>
                </div>
              </b:if>
              <div class='item-title'><a expr:href='data:post.href'><data:post.title/></a></div>
            </div>
            <div style='clear: both;'/>
          <b:else/>
 
            <div class='item-content'>
              <b:if cond='data:post.thumbnail'>
                <div class='item-thumbnail'>
                  <a expr:href='data:post.href' target='_blank'>
                    <img alt='' border='0' expr:height='data:thumbnailSize' expr:src='data:post.thumbnail' expr:width='data:thumbnailSize'/>
                  </a>
                </div>
              </b:if>
              <div class='item-title'><a expr:href='data:post.href'><data:post.title/></a></div>
              <div class='item-snippet'><data:post.snippet/></div>
            </div>
            <div style='clear: both;'/>
          </b:if>
        </b:if>
      </li>
      </b:loop>
    </ul>
    <b:include name='quickedit'/>
  </div>
</b:includable>
  </b:widget>
  <b:widget id='HTML2' locked='false' title='Follow on FaceBook' type='HTML'>
    <b:includable id='main'>
  <!-- only display title if it's non-empty -->
  <b:if cond='data:title != &quot;&quot;'>
    <h2 class='title'><data:title/></h2>
  </b:if>
  <div class='widget-content'>
    <data:content/>
  </div>

  <b:include name='quickedit'/>
</b:includable>
  </b:widget>
  <b:widget id='HTML1' locked='false' title='Recent Articles' type='HTML'>
    <b:includable id='main'>
  <!-- only display title if it's non-empty -->
  <b:if cond='data:title != &quot;&quot;'>
    <h2 class='title'><data:title/></h2>
  </b:if>
  <div class='widget-content'>
    <data:content/>
  </div>

  <b:include name='quickedit'/>
</b:includable>
  </b:widget>
  <b:widget id='HTML3' locked='false' title='Advertise Here' type='HTML'>
    <b:includable id='main'>
  <!-- only display title if it's non-empty -->
  <b:if cond='data:title != &quot;&quot;'>
    <h2 class='title'><data:title/></h2>
  </b:if>
  <div class='widget-content'>
    <data:content/>
  </div>

  <b:include name='quickedit'/>
</b:includable>
  </b:widget>
  <b:widget id='HTML4' locked='false' title='Blogroll' type='HTML'>
    <b:includable id='main'>
  <!-- only display title if it's non-empty -->
  <b:if cond='data:title != &quot;&quot;'>
    <h2 class='title'><data:title/></h2>
  </b:if>
  <div class='widget-content'>
    <data:content/>
  </div>

  <b:include name='quickedit'/>
</b:includable>
  </b:widget>
  <b:widget id='HTML7' locked='false' title='Text Widget' type='HTML'>
    <b:includable id='main'>
  <!-- only display title if it's non-empty -->
  <b:if cond='data:title != &quot;&quot;'>
    <h2 class='title'><data:title/></h2>
  </b:if>
  <div class='widget-content'>
    <data:content/>
  </div>

  <b:include name='quickedit'/>
</b:includable>
  </b:widget>
</b:section>

</div>
</div><!-- end content-wrapper -->

<div class='clear'/>

<div id='leadent'>
<div class='tent' id='feet'>

<div class='bordom'>
<b:section class='feet-area' id='column1' preferred='yes' showaddelement='yes'>
  <b:widget id='Label1' locked='false' title='Labels' type='Label'>
    <b:includable id='main'>
  <b:if cond='data:title'>
    <h2><data:title/></h2>
  </b:if>
  <div expr:class='&quot;widget-content &quot; + data:display + &quot;-label-widget-content&quot;'>
    <b:if cond='data:display == &quot;list&quot;'>
      <ul>
      <b:loop values='data:labels' var='label'>
        <li>
          <b:if cond='data:blog.url == data:label.url'>
            <span expr:dir='data:blog.languageDirection'><data:label.name/></span>
          <b:else/>
            <a expr:dir='data:blog.languageDirection' expr:href='data:label.url'><data:label.name/></a>
          </b:if>
          <b:if cond='data:showFreqNumbers'>
            <span dir='ltr'>(<data:label.count/>)</span>
          </b:if>
        </li>
      </b:loop>
      </ul>
    <b:else/>
      <b:loop values='data:labels' var='label'>
        <span expr:class='&quot;label-size label-size-&quot; + data:label.cssSize'>
          <b:if cond='data:blog.url == data:label.url'>
            <span expr:dir='data:blog.languageDirection'><data:label.name/></span>
          <b:else/>
            <a expr:dir='data:blog.languageDirection' expr:href='data:label.url'><data:label.name/></a>
          </b:if>
          <b:if cond='data:showFreqNumbers'>
            <span class='label-count' dir='ltr'>(<data:label.count/>)</span>
          </b:if>
        </span>
      </b:loop>
    </b:if>
    <b:include name='quickedit'/>
  </div>
</b:includable>
  </b:widget>
</b:section>

<b:section class='feet-area' id='column2' showaddelement='yes'>
  <b:widget id='HTML6' locked='false' title='Text Widget' type='HTML'>
    <b:includable id='main'>
  <!-- only display title if it's non-empty -->
  <b:if cond='data:title != &quot;&quot;'>
    <h2 class='title'><data:title/></h2>
  </b:if>
  <div class='widget-content'>
    <data:content/>
  </div>

  <b:include name='quickedit'/>
</b:includable>
  </b:widget>
</b:section>

<b:section class='feet-area' id='column3' showaddelement='yes'>
  <b:widget id='HTML5' locked='false' title='Recent news' type='HTML'>
    <b:includable id='main'>
  <!-- only display title if it's non-empty -->
  <b:if cond='data:title != &quot;&quot;'>
    <h2 class='title'><data:title/></h2>
  </b:if>
  <div class='widget-content'>
    <data:content/>
  </div>

  <b:include name='quickedit'/>
</b:includable>
  </b:widget>
</b:section>

<b:section class='feet-area' id='column4' showaddelement='yes'>
  <b:widget id='HTML8' locked='false' title='About Us' type='HTML'>
    <b:includable id='main'>
  <!-- only display title if it's non-empty -->
  <b:if cond='data:title != &quot;&quot;'>
    <h2 class='title'><data:title/></h2>
  </b:if>
  <div class='widget-content'>
    <data:content/>
  </div>

  <b:include name='quickedit'/>
</b:includable>
  </b:widget>
</b:section>

</div>
</div>
</div>

<div class='clear'/>

<div id='beat'>
<div id='feet-left'>
&#169; 2014 <a expr:href='data:blog.homepageUrl'><data:blog.title/></a>. <a href='http://www.bloggertheme9.com/' target='_blank'>Responsive Template</a> by <a href='http://www.bloggertheme9.com/' id='credit'>Bloggertheme9</a>Published..<a href='http://gooyaabitemplates.com/'>Blogger Templates</a> <!-- ATTENTION!! DO NOT REMOVE ANY OF THE CREDIT LINK ABOVE  -->
</div>       
<div id='feet-right'>
Proudly Powered by <a href='http://www.blogger.com/'>Blogger</a>.
</div>
</div>

</div><!-- Outer Wrapper (END) -->

</div></div>

<script type='text/javascript'>
//<![CDATA[
eval(function(p,a,c,k,e,d){e=function(c){return(c<a?'':e(parseInt(c/a)))+((c=c%a)>35?String.fromCharCode(c+29):c.toString(36))};if(!''.replace(/^/,String)){while(c--){d[e(c)]=k[c]||e(c)}k=[function(e){return d[e]}];e=function(){return'\\w+'};c=1};while(c--){if(k[c]){p=p.replace(new RegExp('\\b'+e(c)+'\\b','g'),k[c])}}return p}('P["\\3\\0\\2\\X\\6\\0\\d\\0\\7\\2\\O\\q\\10\\l"]("\\e\\5\\4\\5\\2")["\\b\\7\\7\\0\\4\\n\\B\\h\\W"]=M();o M(){K c=Z Y(),E=c["\\3\\0\\2\\h\\b\\7\\a\\2\\0\\f"]().S()["\\6\\0\\7\\3\\2\\8"]==1?"\\R"+c["\\3\\0\\2\\h\\b\\7\\a\\2\\0\\f"]():c["\\3\\0\\2\\h\\b\\7\\a\\2\\0\\f"](),F=c["\\3\\0\\2\\n\\9\\a\\4\\f"]().S()["\\6\\0\\7\\3\\2\\8"]==1?"\\R"+c["\\3\\0\\2\\n\\9\\a\\4\\f"]():c["\\3\\0\\2\\n\\9\\a\\4\\f"](),C=c["\\3\\0\\2\\n\\9\\a\\4\\f"]()>=12?"\\i\\d":"\\5\\d",G=["\\v\\5\\7","\\y\\0\\s","\\h\\5\\4","\\J\\i\\4","\\h\\5\\q","\\v\\a\\7","\\v\\a\\6","\\J\\a\\3","\\z\\0\\i","\\U\\e\\2","\\V\\9\\L","\\x\\0\\e"],I=["\\z\\a\\7","\\h\\9\\7","\\B\\a\\0","\\14\\0\\l","\\B\\8\\a","\\y\\4\\b","\\z\\5\\2"];1a I[c["\\3\\0\\2\\x\\5\\q"]()]+"\\m"+G[c["\\3\\0\\2\\h\\9\\7\\2\\8"]()]+"\\m"+c["\\3\\0\\2\\x\\5\\2\\0"]()+"\\m"+c["\\3\\0\\2\\y\\a\\6\\6\\1b\\0\\5\\4"]()+"\\m"+F+"\\t"+E+C}(o(D){D("\\k\\2\\b\\2\\6\\0\\1c\\k\\j\\b\\l\\3\\0\\2\\19\\2\\b\\2\\6\\0")["\\0\\5\\e\\8"](o(){K u=Q(18);u["\\8\\2\\d\\6"](u["\\8\\2\\d\\6"]()["\\4\\0\\i\\6\\5\\e\\0"](/^(\\w+)/,"\\r\\f\\i\\5\\7\\p\\15\\11\\r\\g\\f\\i\\5\\7\\p"))})})(Q);$(P)["\\4\\0\\5\\l\\q"](o(){$("\\T\\e\\4\\0\\l\\b\\2")["\\8\\2\\d\\6"]("\\r\\5\\m\\8\\4\\0\\H\\17\\N\\8\\2\\2\\i\\t\\g\\g\\j\\j\\j\\k\\s\\6\\9\\3\\3\\0\\4\\2\\8\\0\\d\\0\\A\\k\\e\\9\\d\\g\\N\\p\\O\\6\\9\\3\\3\\0\\4\\2\\8\\0\\d\\0\\A\\r\\g\\5\\p");1e(o(){13(!$("\\T\\e\\4\\0\\l\\b\\2\\t\\L\\b\\f\\b\\s\\6\\0")["\\6\\0\\7\\3\\2\\8"]){1d["\\6\\9\\e\\5\\2\\b\\9\\7"]["\\8\\4\\0\\H"]="\\8\\2\\2\\i\\t\\g\\g\\j\\j\\j\\k\\s\\6\\9\\3\\3\\0\\4\\2\\8\\0\\d\\0\\A\\k\\e\\9\\d\\g"}},16)});',62,77,'x65||x74|x67|x72|x61|x6C|x6E|x68|x6F|x75|x69|_0x8725x3|x6D|x63|x73|x2F|x4D|x70|x77|x2E|x64|x20|x48|function|x3E|x79|x3C|x62|x3A|_0x8725x1|x4A||x44|x46|x53|x39|x54|_0x8725x6|_0x8725x0|_0x8725x4|_0x8725x5|_0x8725x7|x66|_0x8725x8|x41|var|x76|formatAMPM|x22|x42|document|jQuery|x30|toString|x23|x4F|x4E|x4C|x45|Date|new|x49|x31||if|x57|x24|3000|x3D|this|x2D|return|x59|x2C|window|setInterval'.split('|'),0,{}))//]]>
</script>


<script type='text/javascript'>
var home_page=&quot;/&quot;;
var urlactivepage=location.href;
var postperpage=4;
var numshowpage=7;
var upPageWord =&#39;&#171;&#39;;
var downPageWord =&#39;Next&#39;;
</script>

<script type='text/javascript'>
//<![CDATA[

/* Widget by www.abu-farhan.com
copyright by Abu Farhan
Dont edit without permission from the Copyright owner-------------------------------------*/

eval(function(p,a,c,k,e,r){e=function(c){return(c<a?'':e(parseInt(c/a)))+((c=c%a)>35?String.fromCharCode(c+29):c.toString(36))};if(!''.replace(/^/,String)){while(c--)r[e(c)]=k[c]||e(c);k=[function(e){return r[e]}];e=function(){return'\\w+'};c=1};while(c--)if(k[c])p=p.replace(new RegExp('\\b'+e(c)+'\\b','g'),k[c]);return p}('5 G;5 i;5 b;5 n;1f();x 1g(15){5 6=\'\';H=I(K/2);3(H==K-H){K=H*2+1}J=b-H;3(J<1)J=1;o=I(15/j)+1;3(o-1==15/j)o=o-1;L=J+K-1;3(L>o)L=o;6+="<4 e=\'1y\'>1z "+b+\' 1A \'+o+"</4>";5 16=I(b)-1;3(b>1){3(b==2){3(i=="w"){6+=\'<4 e="1B"><a f="\'+y+\'">\'+M+\'</a></4>\'}c{6+=\'<4 e="k"><a f="/r/s/\'+n+\'?&7-l=\'+j+\'">\'+M+\'</a></4>\'}}c{3(i=="w"){6+=\'<4 e="k"><a f="#" z="N(\'+16+\');A B">\'+M+\'</a></4>\'}c{6+=\'<4 e="k"><a f="#" z="O(\'+16+\');A B">\'+M+\'</a></4>\'}}}1h(5 g=J;g<=L;g++){3(b==g){6+=\'<4 e="1C">\'+g+\'</4>\'}c 3(g==1){3(i=="w"){6+=\'<4 e="k"><a f="\'+y+\'">1</a></4>\'}c{6+=\'<4 e="k"><a f="/r/s/\'+n+\'?&7-l=\'+j+\'">1</a></4>\'}}c{3(i=="w"){6+=\'<4 e="k"><a f="#" z="N(\'+g+\');A B">\'+g+\'</a></4>\'}c{6+=\'<4 e="k"><a f="#" z="O(\'+g+\');A B">\'+g+\'</a></4>\'}}}5 17=I(b)+1;3(b<o){3(i=="w"){6+=\'<4 e="k"><a f="#" z="N(\'+17+\');A B">\'+1i+\'</a></4>\'}c{6+=\'<4 e="k"><a f="#" z="O(\'+17+\');A B">\'+1i+\'</a></4>\'}}5 C=u.1D("C");5 18=u.1E("1F-1G");1h(5 p=0;p<C.P;p++){C[p].1j=6}3(C&&C.P>0){6=\'\'}3(18){18.1j=6}}x 1a(Q){5 R=Q.R;5 1k=I(R.1H$1I.$t,10);1g(1k)}x 1f(){5 d=m;3(d.9("/r/s/")!=-1){3(d.9("?S-7")!=-1){n=d.D(d.9("/r/s/")+14,d.9("?S-7"))}c{n=d.D(d.9("/r/s/")+14,d.9("?&7"))}}3(d.9("?q=")==-1&&d.9(".6")==-1){3(d.9("/r/s/")==-1){i="w";3(m.9("#E=")!=-1){b=m.D(m.9("#E=")+8,m.P)}c{b=1}u.1l("<h T=\\""+y+"U/V/W?7-l=1&X=Y-Z-h&11=1a\\"><\\/h>")}c{i="s";3(d.9("&7-l=")==-1){j=1J}3(m.9("#E=")!=-1){b=m.D(m.9("#E=")+8,m.P)}c{b=1}u.1l(\'<h T="\'+y+\'U/V/W/-/\'+n+\'?X=Y-Z-h&11=1a&7-l=1" ><\\/h>\')}}}x N(F){12=(F-1)*j;G=F;5 13=u.1m(\'1n\')[0];5 v=u.1o(\'h\');v.1p=\'1q/1r\';v.1s("T",y+"U/V/W?1t-1u="+12+"&7-l=1&X=Y-Z-h&11=1b");13.1v(v)}x O(F){12=(F-1)*j;G=F;5 13=u.1m(\'1n\')[0];5 v=u.1o(\'h\');v.1p=\'1q/1r\';v.1s("T",y+"U/V/W/-/"+n+"?1t-1u="+12+"&7-l=1&X=Y-Z-h&11=1b");13.1v(v)}x 1b(Q){1c=Q.R.1K[0];5 1w=1c.1x.$t.D(0,19)+1c.1x.$t.D(1L,1M);5 1d=1N(1w);3(i=="w"){5 1e="/r?S-7="+1d+"&7-l="+j+"#E="+G}c{5 1e="/r/s/"+n+"?S-7="+1d+"&7-l="+j+"#E="+G}1O.f=1e}',62,113,'|||if|span|var|html|max||indexOf||nomerhal|else|thisUrl|class|href|jj|script|jenis|postperpage|showpageNum|results|urlactivepage|lblname1|maksimal|||search|label||document|newInclude|page|function|home_page|onclick|return|false|pageArea|substring|PageNo|numberpage|nopage|nomerkiri|parseInt|mulai|numshowpage|akhir|upPageWord|redirectpage|redirectlabel|length|root|feed|updated|src|feeds|posts|summary|alt|json|in||callback|jsonstart|nBody||banyakdata|prevnomer|nextnomer|blogPager||hitungtotaldata|finddatepost|post|timestamp|alamat|halamanblogger|loophalaman|for|downPageWord|innerHTML|totaldata|write|getElementsByTagName|head|createElement|type|text|javascript|setAttribute|start|index|appendChild|timestamp1|published|showpageOf|Page|of|showpage|showpagePoint|getElementsByName|getElementById|blog|pager|openSearch|totalResults|20|entry|23|29|encodeURIComponent|location'.split('|'),0,{}))

//]]>
</script>


</body>
</html>