<?xml version="1.0" encoding="UTF-8" ?>
<!DOCTYPE html PUBLIC "-//W3C//DTD XHTML 1.0 Strict//EN" "http://www.w3.org/TR/xhtml1/DTD/xhtml1-strict.dtd">
<html expr:dir='data:blog.languageDirection' xmlns='http://www.w3.org/1999/xhtml' xmlns:b='http://www.google.com/2005/gml/b' xmlns:data='http://www.google.com/2005/gml/data' xmlns:expr='http://www.google.com/2005/gml/expr'>
  <head>
    <b:include data='blog' name='all-head-content'/>
    <b:if cond='data:blog.pageName == &quot;&quot;'>
    <title><data:blog.title/></title>
    <b:else/>
    <title><data:blog.pageName/> | <data:blog.title/></title>
    </b:if>
    <b:skin><![CDATA[/*
-----------------------------------------------
Theme Name: Farmville 2
Theme URI: http://www.free-wordpress-theme.net/2010/02/farmville-2/
Description: A free WP theme for the many fans of the Farmville game
Version: 1.1
Author: V
Author URI: http://www.wordpress-solutions.net/
Converter: Best Theme
Converter URI: http://www.besttheme.net/
Tags: 2 columns layout, widget ready, fixed width, green,Smoking Header Logo.	
----------------------------------------------- */
#navbar-iframe { display:none; }* :focus { outline: 0; }
body {font-size: 12px;font-family: Georgia, Verdana, Arial, Sans-Serif;background: #caf2fe;color: #fff;text-align: center;margin: 0;padding: 0;}
#page {color: #000;text-align: left;margin: 0px auto;padding: 0;width: 1000px;overflow: hidden;}
.depth-1 {border: 1px solid #ddd;}
small {font-family: Arial, Helvetica, Sans-Serif;font-size: 10px;line-height: 15px;}
h1.main, h1.main a, h1.main a:hover, h1.main a:visited{font-family: georgia;font-size: 38px;font-weight: normal;font-style: oblique;margin:20px 0 0 20px;padding: 0;
text-decoration: none;color:#fff;text-align: left;}
h1, h1 a, h1 a:hover, h1 a:visited {font-size: 22px;font-weight: bold;margin: 0px;text-decoration: none;color:#000;}
h2, h2 a, h2 a:hover, h2 a:visited {font-size: 18px;font-weight: bold;margin: 0px;text-decoration: none;color:#000;}
h3, h3 a, h3 a:hover, h3 a:visited {font-size: 16px;font-weight: bold;margin: 0px;text-decoration: none;color:#000;}
h4, h4 a, h4 a:hover, h4 a:visited {font-size: 15px;font-weight: bold;margin: 0px;text-decoration: none;color:#000;}
h5, h5 a, h5 a:hover, h5 a:visited {font-size: 14px;font-weight: bold;margin: 0px;text-decoration: none;color:#000;}
h6, h6 a, h6 a:hover, h6 a:visited {font-size: 13px;font-weight: bold;margin: 0px;text-decoration: none;color:#000;}
a, a:visited{color: #df1708;text-decoration: none;}
a:hover {color: #ffaa00;text-decoration: none;}
code {font: 12px 'Courier New', Courier, Fixed;}
acronym, abbr, span.caps {font-size: 10px;cursor: help;}
acronym, abbr {border-bottom: 1px dashed #999;}
blockquote {margin: 15px 30px 0 10px;padding: 1px 15px;background:#efefef;font-style: oblique;}
blockquote cite {margin: 5px 0 0;display: block;}
.center {text-align: center;}
.hidden {display: none;}
hr {display: none;}
.navigation {float: right;display: block;text-align: center;margin-top: 0px;margin: 10px;font-weight: bold;}
#search{width: 200px;height: 50px;float: left;}
#searchform {width:200px;background: #efefef;color: #d4181f;
font-size: 12px;font-family: Georgia, Times New Roman, Trebuchet MS;margin: 20px 5px 10px 0;padding: 4px 2px 3px 2px;}
#submit {background: url(images/go.png) top no-repeat;margin: 12px 0 0 0;width: 32px;height: 32px;border:none;position: absolute;}
.entry form { /* This is mainly for password protected posts, makes them look better. */text-align:center;}
select {width: 130px;}


#header {background: url(http://2.bp.blogspot.com/_yPlAAAH9bEo/TAXwxVHVcgI/AAAAAAAACB0/KYYnRVu7TFQ/s1600/header.jpg) top no-repeat;margin: 0px;padding: 0;width: 1000px;height: 257px;float: left;}
#smokeSpawnPoint{background: url(http://1.bp.blogspot.com/_yPlAAAH9bEo/TAXw7HWV3hI/AAAAAAAACB8/D48y1gHaroM/s1600/tractor.png) top no-repeat;width: 247px;height: 179px;float: left;margin: 0 0 0 20px;}
.puff {position: absolute;width: 0px;height: 0px;}
#pagetop{background: url(http://1.bp.blogspot.com/_yPlAAAH9bEo/TAXxEIRdbaI/AAAAAAAACCE/oVonTNng0_k/s1600/pagetop.jpg) top no-repeat;width: 1000px;height: 184px;float: left;margin: 0;}

#menu{position: relative;width: 300px;height: 220px;margin: 130px 0 0 300px;padding: 5px;text-align: justify;}
#paglist {position: relative;float: left;width: 300px;padding: 0; margin: 0;overflow: hidden;font-size: 20px;font-weight: normal;font-family: georgia;text-transform: uppercase;font-weight: bold;}
#paglist li { padding: 5px 0 5px 0; list-style: none;margin: 0 0 5px 0;} 
#paglist li a, paglist li a:visited { background: url(http://3.bp.blogspot.com/_yPlAAAH9bEo/TAXxMc_mIaI/AAAAAAAACCM/Hf23ZFXRs8k/s1600/menu.png) left no-repeat;padding: 5px 0 5px 30px;color: #700000;} 
#paglist li a:hover, #paglist li.current_page_item a{background: url(http://4.bp.blogspot.com/_yPlAAAH9bEo/TAXxS0S1VrI/AAAAAAAACCU/-E4fwlc1Z1w/s1600/menuh.png) left no-repeat;color: #b50000;}
 
#searchh {position: relative;float: right;width:270px;background: none;border: none;color: #890000;font-size: 20px;text-align: left;font-style: oblique;
font-family: Georgia, Times New Roman, Trebuchet MS;margin: 42px 60px 0 0;padding: 2px 2px 1px 2px;}

#pbody {background: url(http://3.bp.blogspot.com/_yPlAAAH9bEo/TAYDuUClImI/AAAAAAAACEc/QgFhTOWO45g/s1600/pbody.jpg) top repeat-y;width:1000px;margin:0;padding: 0;float: left;}
#content {width:640px;margin:0 0 0 7px;float:left;overflow: hidden;}
.post {background: url(http://3.bp.blogspot.com/_yPlAAAH9bEo/TAYD9cwJM8I/AAAAAAAACEk/GROXwYxDpFY/s1600/post.jpg) top repeat-y;width: 640px;float: left;text-align: justify;font-size:14px;margin: 0;}
.ptitle{width: 580px;float: left;background: url(http://2.bp.blogspot.com/_yPlAAAH9bEo/TAYELTLsGpI/AAAAAAAACEs/1eSHRYJjHQ8/s1600/ptitle.jpg) top no-repeat;margin: 0;text-align: left;padding: 40px 30px 5px 30px;}
.pbot{width: 580px;min-height: 30px;float: left;background: url(http://4.bp.blogspot.com/_yPlAAAH9bEo/TAYEdDpzgrI/AAAAAAAACE0/wnuMZ5-jrwY/s1600/pmeta.jpg) bottom no-repeat;margin: 0;text-align: left;padding: 0 30px 30px 30px;font-size: 10px;line-height: 150%;}
.more, .date, .com {background: url(images/date.png) left no-repeat;padding: 0 0 0 16px;padding: 3px 5px;margin: 10px 0 0 5px;float: left;font-size: 12px;color: #b50000;}
.more a, .more a:visited, .com a, .com a:visited{color: #b50000;}
.more a:hover, .com a:hover{color: #000;}
h2.title, h2.title a, h2.title a:hover, h2.title a:visited{font-size: 24px;font-weight: normal;margin:10px 0 0 0;padding: 0;text-decoration: none;
color:#c3050c;text-align: left;}
.entry {padding: 0 30px;margin: 0;line-height: 150%;  float: left;}
.entry p{margin: 0;}
.clear {clear: both;}
.entry ul {margin: 0px;padding: 0 0 0 20px;list-style-type: disc;
list-style-image: url(http://lh5.ggpht.com/_yPlAAAH9bEo/TAYLOAHSKBI/AAAAAAAACFo/XxHdChi_pq0/bullet.png);list-style-position: inside;text-indent: 5px;}
.entry li {margin: 5px 0 0 10px;}
.entry ol {padding: 0 0 0 35px;margin: 0;}
.entry ol li {margin: 0;padding: 0;}


.ads_small {width: 280px;margin: -140px 0 0 28px;position: absolute;}
.ads_small img {padding: 5px;}
#sidebar{background: url(http://1.bp.blogspot.com/_yPlAAAH9bEo/TAYGkMPEUlI/AAAAAAAACFM/wp3DS_SpW8o/s1600/side.jpg) top repeat-y;float:right;width: 332px;padding: 0;margin: 0px 13px 0 0px;font-size: 12px;overflow: hidden;color: #154269;}
.sidebarwidget {
float: left;background: url(images/widget.png) top left no-repeat;width: 290px;padding: 0 20px;margin: 0 0 10px 0;}
#sidebar h2 {width: 290px;padding: 5px 0;margin: 0;font-size:20px;text-align: center;color: #840000;}
#sidebot{background: url(http://4.bp.blogspot.com/_yPlAAAH9bEo/TAYHQivBKEI/AAAAAAAACFU/qrIuUhSStks/s1600/sbot.jpg) bottom no-repeat;float:left;width: 332px;padding: 150px 0 40px 0;margin:0;}
#sidebar li{list-style-type: none;}
#sidebar ul {list-style-type: none;margin: 0 ;padding: 0;}
#sidebar ul ul  {list-style-type: none;margin: 0;padding: 0;}
#sidebar ul ul ul {list-style-type: none;margin: 0;padding: 0;border:0;}
#sidebar ul ul ul ul {list-style-type: none;margin: 0;padding: 0;border:0;}	
#sidebar ul li {height:100%;line-height:18px;}
#sidebar p {padding: 7px 10px;margin:0;}
#sidebar table {width:100%;text-align:center;}	
#sidebar ul li a:link, #sidebar ul li a:visited {color: #000;text-decoration: none;padding: 5px 10px 5px 25px;margin: 0;display:block;background:  url(http://lh5.ggpht.com/_yPlAAAH9bEo/TAYLOAHSKBI/AAAAAAAACFo/XxHdChi_pq0/bullet.png) left no-repeat;border-bottom: 1px dashed #eae3c6;}
#sidebar ul li a:hover {color:#d4181f;background:  url(http://lh5.ggpht.com/_yPlAAAH9bEo/TAYLOAHSKBI/AAAAAAAACFo/XxHdChi_pq0/bullet.png) left no-repeat;}
#sidebar ul li {list-style-type: none;}

#replies {float: left;padding: 0;margin: 0;text-align: left;}
#respond{float: left;padding-left: 20px;  padding-right:20px;margin: 0px;  width:600px;display:block;}
h3.comments{font-weight: normal;font-size: 20px;text-align: center;margin: 0 10px;padding: 15px 15px 0 15px;color: #fff;}
ol.commentlist {margin:0;padding:0;}
.commentlist li {width: 620px;list-style:none;margin: 0 10px 10px 10px;float: left;}
.commentlist cite {width: 620px;float: left;padding: 10px 10px 0 20px;display:block;font-style:normal;}
.commentlist .author, .commentlist .author a, .commentlist .author a:visited {font: small-caps bold 16px Georgia, "Times New Roman", Times, serif;color: #fffed8;}
.commentlist .time {background: url(images/time.png) left no-repeat;padding:5px 0 5px 15px;}
.commenttext {background: #fffed8;float: left;width: 600px;padding: 0 10px;display:block;font-style:normal;margin: 0 10px;}
#commentform input {background: #fff url(images/feat.png) top repeat;color: #000;width: 170px;padding: 2px;margin: 5px 5px 1px 15px;}
#commentform {margin: 5px 10px 0 0;}
#commentform textarea {background: #fff url(images/feat.png) top repeat;color: #000;width: 500px;padding: 2px;margin: 5px 0 10px 15px;}
#respond:after {content: ".";display: block;height: 0;clear: both;visibility: hidden;}
#commentform #submit {margin: -5px 0 10px 15px;float: left;width: 120px;height: 28px;background: #b50000;color: #fff;}
#commentform p {margin: 5px 10px;font-weight: normal;line-height: 14px;text-transform: none;font-family: Georgia,'Lucida Grande', Verdana, Arial, Sans-Serif;}
.nocomments {text-align: center;margin: 0;padding: 0;}

#footer {background: url(http://1.bp.blogspot.com/_yPlAAAH9bEo/TAXzPG8pR9I/AAAAAAAACD8/hoJJBCK55Es/s1600/footer.jpg) top no-repeat;width:980px;height: 15px;float:left;
padding: 40px 10px 5px 10px;clear: both;text-align: center;font-size: 10px;}
p img {padding: 0;max-width: 100%;}
img.centered {display: block;margin-left: auto;margin-right: auto;}
img.alignright {padding: 4px;margin: 0 0 2px 7px;display: inline;}
img.alignleft {padding: 4px;margin: 0 7px 2px 0;display: inline;}
.alignright {display: block;float: right;}
.alignleft {display: block;float: left;}
a img {border: none;}


.aligncenter, div.aligncenter {display: block;margin-left: auto;margin-right: auto;}
#blog-pager-newer-link {float:left;}
#blog-pager-older-link {margin-right:0;float:right;}
#blog-pager-older-link a,#blog-pager-newer-link a {
width: 106px;height: 36px;font-size: 13px; text-align: center; padding-top: 10px; dsiplay:block;  color: #fff; float: left;}
#blog-pager {text-align:center;padding-left:50px;margin-top:40px;}
.feed-links {clear:both;padding-left:60px;line-height:1.6em;margin-top:20px;}


]]></b:skin>
<script src='http://www.free-wordpress-theme.net/demo/wp-content/plugins/gravatargrid/js/gravatargrid.js' type='text/javascript'/>
<script src='http://www.free-wordpress-theme.net/demo/wp-content/themes/farmville_2/js/smokeEffect.js' type='text/javascript'/> 
<script src='http://www.free-wordpress-theme.net/demo/wp-content/themes/farmville_2/js/jquery-1.2.pack.js' type='text/javascript'/>  
  </head>

  <body>
<div id='page'> 
<div id='header'> 
<form action='/search' method='get'> 
<input id='searchh' name='s' onblur='if (this.value == &apos;&apos;) {this.value = &apos;Search...&apos;;}' onfocus='if (this.value == &apos;Search...&apos;) {this.value = &apos;&apos;;}' type='text' value='Search...'/></form> 
 
<div id='menu'> 
<ul id='paglist'>   
<li class='current_page_item'> 
<a expr:href='data:blog.homepageUrl' title='Homepage'>Home</a></li> 
<li class='page_item page-item-54'><a href='#' title='Contact'>Contact</a></li> 
<li class='page_item page-item-31'><a href='#' title='Page One'>Page One</a></li> 
<li class='page_item page-item-154'><a href='#' title='WP Gallery'>WP Gallery</a></li></ul> 
</div></div> 
 
<div id='pagetop'> 
<div id='smokeSpawnPoint'/> 
<script type='text/javascript'> 
SmokeEffect.imgLocation = &quot;http://www.free-wordpress-theme.net/demo/wp-content/themes/farmville_2/images/logo.png&quot;;
SmokeEffect.smokeWidth = 267;
SmokeEffect.smokeHeight = 136;
SmokeEffect.makeEffect(&quot;smokeSpawnPoint&quot;, 145, 10);
</script> 
</div> 
 
<div id='pbody'> 
<hr/> 
<div id='content'>
<b:section class='main' id='main' showaddelement='no'>
<b:widget id='Blog1' locked='true' title='Blog Posts' type='Blog'>
<b:includable id='nextprev'>
  <div class='blog-pager' id='blog-pager'>
    <b:if cond='data:newerPageUrl'>
      <span id='blog-pager-newer-link'>
      <a class='blog-pager-newer-link' expr:href='data:newerPageUrl' expr:id='data:widget.instanceId + &quot;_blog-pager-newer-link&quot;' expr:title='data:newerPageTitle'><data:newerPageTitle/></a>
      </span>
    </b:if>

    <b:if cond='data:olderPageUrl'>
      <span id='blog-pager-older-link'>
      <a class='blog-pager-older-link' expr:href='data:olderPageUrl' expr:id='data:widget.instanceId + &quot;_blog-pager-older-link&quot;' expr:title='data:olderPageTitle'><data:olderPageTitle/></a>
      </span>
    </b:if>

    <b:if cond='data:blog.homepageUrl != data:blog.url'>
      <a class='home-link' expr:href='data:blog.homepageUrl'><data:homeMsg/></a>
      <b:else/>
      <b:if cond='data:newerPageUrl'>
        <a class='home-link' expr:href='data:blog.homepageUrl'><data:homeMsg/></a>
      </b:if>
    </b:if>

  </div>
  <div class='clear'/>
</b:includable>
<b:includable id='shareButtons' var='post'>
  <b:if cond='data:post.sharePostUrl'>
      <a class='share-button sb-email' expr:href='data:post.sharePostUrl + &quot;&amp;target=email&quot;' expr:title='data:top.emailThisMsg' target='_blank'>
        <span class='share-button-link-text'><data:top.emailThisMsg/></span></a>
      <a class='share-button sb-blog' expr:href='data:post.sharePostUrl + &quot;&amp;target=blog&quot;' expr:onclick='&quot;window.open(this.href, \&quot;&quot; + data:top.blogThisMsg             + &quot;\&quot;, \&quot;height=270,width=475\&quot;); return false;&quot;' expr:title='data:top.blogThisMsg' target='_blank'>
        <span class='share-button-link-text'><data:top.blogThisMsg/></span></a>
      <a class='share-button sb-twitter' expr:href='data:post.sharePostUrl + &quot;&amp;target=twitter&quot;' expr:title='data:top.shareToTwitterMsg' target='_blank'>
        <span class='share-button-link-text'><data:top.shareToTwitterMsg/></span></a>
      <a class='share-button sb-facebook' expr:href='data:post.sharePostUrl + &quot;&amp;target=facebook&quot;' expr:onclick='&quot;window.open(this.href, \&quot;&quot;             + data:top.shareToFacebookMsg + &quot;\&quot;, \&quot;height=430,width=640\&quot;); return false;&quot;' expr:title='data:top.shareToFacebookMsg' target='_blank'>
        <span class='share-button-link-text'><data:top.shareToFacebookMsg/></span></a>
      <a class='share-button sb-buzz' expr:href='data:post.sharePostUrl + &quot;&amp;target=buzz&quot;' expr:onclick='&quot;window.open(this.href, \&quot;&quot; + data:top.shareToBuzzMsg             + &quot;\&quot;, \&quot;height=415,width=690\&quot;); return false;&quot;' expr:title='data:top.shareToBuzzMsg' target='_blank'>
        <span class='share-button-link-text'><data:top.shareToBuzzMsg/></span></a>
  </b:if>
</b:includable>
<b:includable id='backlinks' var='post'>
  <a name='links'/><h4><data:post.backlinksLabel/></h4>
  <b:if cond='data:post.numBacklinks != 0'>
    <dl class='comments-block' id='comments-block'>
      <b:loop values='data:post.backlinks' var='backlink'>
        <div class='collapsed-backlink backlink-control'>
          <dt class='comment-title'>
            <span class='backlink-toggle-zippy'>&#160;</span>
            <a expr:href='data:backlink.url' rel='nofollow'><data:backlink.title/></a>
            <b:include data='backlink' name='backlinkDeleteIcon'/>
          </dt>
          <dd class='comment-body collapseable'>
            <data:backlink.snippet/>
          </dd>
          <dd class='comment-footer collapseable'>
            <span class='comment-author'><data:post.authorLabel/> <data:backlink.author/></span>
            <span class='comment-timestamp'><data:post.timestampLabel/> <data:backlink.timestamp/></span>
          </dd>
        </div>
      </b:loop>
    </dl>
  </b:if>
  <p class='comment-footer'>
    <a class='comment-link' expr:href='data:post.createLinkUrl' expr:id='data:widget.instanceId + &quot;_backlinks-create-link&quot;' target='_blank'><data:post.createLinkLabel/></a>
  </p>
</b:includable>
<b:includable id='post' var='post'>
<div class='post'>
<div class='ptitle'>
<a expr:name='data:post.id'/>
    <b:if cond='data:post.title'>
      <h2 class='title'>
     <b:if cond='data:post.link'>
       <a expr:href='data:post.link'><data:post.title/></a>
     <b:else/>
        <b:if cond='data:post.url'>
          <a expr:href='data:post.url'><data:post.title/></a>
        <b:else/>
          <data:post.title/>
        </b:if>
     </b:if>
      </h2>
    </b:if>
</div>

 <div class='entry'>
      <p><data:post.body/></p>
      <div style='clear: both;'/> <!-- clear for photos floats -->
    </div>
  <div class='post-footer'>
    <div class='post-footer-line post-footer-line-1'>
      <span class='reaction-buttons'>
        <b:if cond='data:top.showReactions'>
          <table border='0' cellpadding='0' cellspacing='0' width='100%'><tr>
            <td class='reactions-label-cell' nowrap='nowrap' valign='top' width='1%'>
              <span class='reactions-label'>
              <data:top.reactionsLabel/></span>&#160;</td>
            <td><iframe allowtransparency='true' class='reactions-iframe' expr:src='data:post.reactionsUrl' frameborder='0' name='reactions' scrolling='no'/></td>
           </tr></table>
        </b:if>
      </span>

      <span class='star-ratings'>
        <b:if cond='data:top.showStars'>
           <div expr:g:background-color='data:backgroundColor' expr:g:text-color='data:textColor' expr:g:url='data:post.absoluteUrl' g:height='42' g:type='RatingPanel' g:width='280'/>
        </b:if>
      </span>
       <!-- backlinks -->
       <span class='post-backlinks post-comment-link'>
         <b:if cond='data:blog.pageType != &quot;item&quot;'>
           <b:if cond='data:post.showBacklinks'>
             <a class='comment-link' expr:href='data:post.url + &quot;#links&quot;'><data:top.backlinkLabel/></a>
           </b:if>
         </b:if>
       </span>
      </div>

      <div class='post-footer-line post-footer-line-2'>
      </div>

      <div class='post-footer-line post-footer-line-3'>
      </div>
    </div>  
</div>
	
<div class='pbot'>
<div class='date'><img alt='date' src='http://lh5.ggpht.com/_yPlAAAH9bEo/TAYOn717GmI/AAAAAAAACFs/5OqNodR45Tw/date.png' style='float: left; margin: 0 5px 0 0;'/><b:if cond='data:post.dateHeader'>
<script>var ultimaFecha = &#39;<data:post.dateHeader/>&#39;;</script>
<data:post.dateHeader/>
<b:else/>
<script>document.write(ultimaFecha);</script>
</b:if></div>

<div class='com'><img alt='comments' src='http://lh5.ggpht.com/_yPlAAAH9bEo/TAYO0IwuDGI/AAAAAAAACFw/JndWIqcGISQ/com.png' style='float: left; margin: 0 5px 0 0;'/><b:if cond='data:post.allowComments'>
            <a class='comment-link' expr:href='data:post.addCommentUrl' expr:onclick='data:post.addCommentOnclick'><b:if cond='data:post.numComments == 1'>1 Comment <b:else/><data:post.numComments/> Comments</b:if></a>
          </b:if></div>
<b:if cond='data:blog.pageType != &quot;item&quot;'>
<div class='more'><img alt='more' src='http://lh3.ggpht.com/_yPlAAAH9bEo/TAYPdTF_6YI/AAAAAAAACF0/eM626oAEXm4/user.png' style='float: left; margin: 0 5px 0 0;'/> <a expr:href='data:post.url + &quot;#more&quot;' expr:title='data:post.title'>&#8594;more</a>  
</div>
</b:if>
</div> 
</b:includable>
<b:includable id='status-message'>
  <b:if cond='data:navMessage'>
  <div class='status-msg-wrap'>
    <div class='status-msg-body'>
      <data:navMessage/>
    </div>
    <div class='status-msg-border'>
      <div class='status-msg-bg'>
        <div class='status-msg-hidden'><data:navMessage/></div>
      </div>
    </div>
  </div>
  <div style='clear: both;'/>
  </b:if>
</b:includable>
<b:includable id='comment-form' var='post'>
  <div id='respond'>
    <a name='comment-form'/>
    <h3 class='comments'>Leave a Reply:</h3>
    <p><data:blogCommentMessage/></p>
    <data:blogTeamBlogMessage/>
    <a expr:href='data:post.commentFormIframeSrc' id='comment-editor-src'/>
    <iframe allowtransparency='true' class='blogger-iframe-colorize blogger-comment-from-post' frameborder='0' height='410' id='comment-editor' name='comment-editor' src='' width='100%'/>
    <data:post.friendConnectJs/>
    <data:post.cmtfpIframe/>
    <script type='text/javascript'>
      BLOG_CMT_createIframe(&#39;<data:post.appRpcRelayPath/>&#39;, &#39;<data:post.communityId/>&#39;);
    </script>
  </div>
</b:includable>
<b:includable id='backlinkDeleteIcon' var='backlink'>
  <span expr:class='&quot;item-control &quot; + data:backlink.adminClass'>
    <a expr:href='data:backlink.deleteUrl' expr:title='data:top.deleteBacklinkMsg'>
      <img src='http://www.blogger.com/img/icon_delete13.gif'/>
    </a>
  </span>
</b:includable>
<b:includable id='postQuickEdit' var='post'>
  <b:if cond='data:post.editUrl'>
    <span expr:class='&quot;item-control &quot; + data:post.adminClass'>
      <a expr:href='data:post.editUrl' expr:title='data:top.editPostMsg'>
        <img alt='' class='icon-action' height='18' src='http://www.blogger.com/img/icon18_edit_allbkg.gif' width='18'/>
      </a>
    </span>
  </b:if>
</b:includable>
<b:includable id='main' var='top'>
  <!-- posts -->
  <div class='blog-posts hfeed'>

    <b:include data='top' name='status-message'/>

    <data:defaultAdStart/>
    <b:loop values='data:posts' var='post'>
      <b:include data='post' name='post'/>
      <b:if cond='data:blog.pageType == &quot;static_page&quot;'>
        <b:include data='post' name='comments'/>
      </b:if>
      <b:if cond='data:blog.pageType == &quot;item&quot;'>
        <b:include data='post' name='comments'/>
      </b:if>
      <b:if cond='data:post.includeAd'>
        <b:if cond='data:post.isFirstPost'>
          <data:defaultAdEnd/>
        <b:else/>
          <data:adEnd/>
        </b:if>
        <div class='inline-ad'>
          <data:adCode/>
        </div>
        <data:adStart/>
      </b:if>
      <b:if cond='data:post.trackLatency'>
        <data:post.latencyJs/>
      </b:if>
    </b:loop>
    <data:adEnd/>
  </div>

  <!-- navigation -->
  <b:include name='nextprev'/>

  <b:if cond='data:top.showStars'>
    <script src='http://www.google.com/jsapi' type='text/javascript'/>
    <script type='text/javascript'>
      google.load(&quot;annotations&quot;, &quot;1&quot;, {&quot;locale&quot;: &quot;<data:top.languageCode/>&quot;});
      function initialize() {
        google.annotations.setApplicationId(<data:top.blogspotReviews/>);
        google.annotations.createAll();
        google.annotations.fetch();
      }
      google.setOnLoadCallback(initialize);
    </script>
  </b:if>
</b:includable>
<b:includable id='commentDeleteIcon' var='comment'>
  <span expr:class='&quot;item-control &quot; + data:comment.adminClass'>
    <a expr:href='data:comment.deleteUrl' expr:title='data:top.deleteCommentMsg'>
      <img src='http://www.blogger.com/img/icon_delete13.gif'/>
    </a>
  </span>
</b:includable>
<b:includable id='feedLinks'>
  <b:if cond='data:blog.pageType != &quot;item&quot;'> <!-- Blog feed links -->
    <b:if cond='data:feedLinks'>
      <div class='blog-feeds'>
        <b:include data='feedLinks' name='feedLinksBody'/>
      </div>
    </b:if>

    <b:else/> <!--Post feed links -->
    <div class='post-feeds'>
      <b:loop values='data:posts' var='post'>
        <b:if cond='data:post.allowComments'>
          <b:if cond='data:post.feedLinks'>
            <b:include data='post.feedLinks' name='feedLinksBody'/>
          </b:if>
        </b:if>
      </b:loop>
    </div>
  </b:if>
</b:includable>
<b:includable id='feedLinksBody' var='links'>
  <div class='feed-links'>
  <data:feedLinksMsg/>
  <b:loop values='data:links' var='f'>
     <a class='feed-link' expr:href='data:f.url' expr:type='data:f.mimeType' target='_blank'><data:f.name/> (<data:f.feedType/>)</a>
  </b:loop>
  </div>
</b:includable>
<b:includable id='comments' var='post'>
  <div id='replies'>
    <a name='comments'/>
    <b:if cond='data:post.allowComments'>
      <h3 class='comments'>
        <b:if cond='data:post.numComments == 1'>
          1 <data:commentLabel/> to &amp;#8220;<data:post.title/>&amp;#8221;
        <b:else/>
          <data:post.numComments/> <data:commentLabelPlural/> to &amp;#8220;<data:post.title/>&amp;#8221;
        </b:if>
      </h3>

      <b:if cond='data:post.commentPagingRequired'>
        <span class='paging-control-container'>
          <a expr:class='data:post.oldLinkClass' expr:href='data:post.oldestLinkUrl'><data:post.oldestLinkText/></a>
          &#160;
          <a expr:class='data:post.oldLinkClass' expr:href='data:post.olderLinkUrl'><data:post.olderLinkText/></a>
          &#160;
          <data:post.commentRangeText/>
          &#160;
          <a expr:class='data:post.newLinkClass' expr:href='data:post.newerLinkUrl'><data:post.newerLinkText/></a>
          &#160;
          <a expr:class='data:post.newLinkClass' expr:href='data:post.newestLinkUrl'><data:post.newestLinkText/></a>
        </span>
      </b:if>

 
        <b:loop values='data:post.comments' var='comment'>
<ol class='commentlist'>
<li id='comment'> 
<cite> 
           <b:if cond='data:comment.favicon'>
              <img expr:src='data:comment.favicon' height='16px' style='margin-bottom:-2px;' width='16px'/>
            </b:if>
            <a expr:name='data:comment.anchorName'/>
            <b:if cond='data:blog.enabledCommentProfileImages'>
              <data:comment.authorAvatarImage/>
            </b:if>
<span class='author'>
            <b:if cond='data:comment.authorUrl'>
              <a expr:href='data:comment.authorUrl' rel='nofollow'><data:comment.author/></a>
            <b:else/>
              <data:comment.author/>
            </b:if>
</span>
<br/>
<span class='time'>
<a expr:href='data:comment.url' title='comment permalink'>
                <data:comment.timestamp/>
              </a>
              <b:include data='comment' name='commentDeleteIcon'/>
</span>
</cite>        

          <div class='commenttext'> 
            <b:if cond='data:comment.isDeleted'>
              <span class='deleted-comment'><data:comment.body/></span>
            <b:else/>
              <p><data:comment.body/></p>
            </b:if>
          </div>
</li>
</ol>
        </b:loop>


      <b:if cond='data:post.commentPagingRequired'>
        <span class='paging-control-container'>
          <a expr:class='data:post.oldLinkClass' expr:href='data:post.oldestLinkUrl'>
            <data:post.oldestLinkText/>
          </a>
          <a expr:class='data:post.oldLinkClass' expr:href='data:post.olderLinkUrl'>
            <data:post.olderLinkText/>
          </a>
          &#160;
          <data:post.commentRangeText/>
          &#160;
          <a expr:class='data:post.newLinkClass' expr:href='data:post.newerLinkUrl'>
            <data:post.newerLinkText/>
          </a>
          <a expr:class='data:post.newLinkClass' expr:href='data:post.newestLinkUrl'>
            <data:post.newestLinkText/>
          </a>
        </span>
      </b:if>

      <p class='comment-footer'>
        <b:if cond='data:post.embedCommentForm'>
          <b:if cond='data:post.allowNewComments'>
            <b:include data='post' name='comment-form'/>
          <b:else/>
            <data:post.noNewCommentsText/>
          </b:if>
        <b:else/>
          <b:if cond='data:post.allowComments'>
            <a expr:href='data:post.addCommentUrl' expr:onclick='data:post.addCommentOnclick'><data:postCommentMsg/></a>
          </b:if>
        </b:if>

      </p>
    </b:if>

    <div id='backlinks-container'>
    <div expr:id='data:widget.instanceId + &quot;_backlinks-container&quot;'>
       <b:if cond='data:post.showBacklinks'>
         <b:include data='post' name='backlinks'/>
       </b:if>
    </div>
    </div>
  </div>
</b:includable>
</b:widget>
</b:section>
</div>

<div id='sidebar'>
<div class='ads_small'> 
 
<a href='http://www.(Input URL)'><img alt='' src='http://4.bp.blogspot.com/_yPlAAAH9bEo/TAYUz1xgFRI/AAAAAAAACF4/WdTR4uuSobQ/s1600/ad.png'/></a> 
 
<a href='http://www.(Input URL)'><img alt='' src='http://4.bp.blogspot.com/_yPlAAAH9bEo/TAYUz1xgFRI/AAAAAAAACF4/WdTR4uuSobQ/s1600/ad.png'/></a> 
 
<a href='http://www.(Input URL)'><img alt='' src='http://4.bp.blogspot.com/_yPlAAAH9bEo/TAYUz1xgFRI/AAAAAAAACF4/WdTR4uuSobQ/s1600/ad.png'/></a> 

<a href='http://www.(Input URL)'><img alt='' src='http://4.bp.blogspot.com/_yPlAAAH9bEo/TAYUz1xgFRI/AAAAAAAACF4/WdTR4uuSobQ/s1600/ad.png'/></a> 
</div> 
 <div id='sidebot'> 
<b:section class='sidebarwidget' id='sidebarwidget' showaddelement='yes'>
<b:widget id='Feed1' locked='false' title='Recent Post' type='Feed'>
<b:includable id='main'>
    <h2><data:title/></h2>
    <div class='widget-content' expr:id='data:widget.instanceId + &quot;_feedItemListDisplay&quot;'>
      <span style='filter: alpha(25); opacity: 0.25;'>
        <a expr:href='data:feedUrl'><data:loadingMsg/></a>
      </span>
    </div>
    <b:include name='quickedit'/>
  </b:includable>
</b:widget>
<b:widget id='Label1' locked='false' title='Category List' type='Label'>
<b:includable id='main'>
  <b:if cond='data:title'>
    <h2><data:title/></h2>
  </b:if>
  <div expr:class='&quot;widget-content &quot; + data:display + &quot;-label-widget-content&quot;'>
    <b:if cond='data:display == &quot;list&quot;'>
      <ul>
      <b:loop values='data:labels' var='label'>
        <li>
          <b:if cond='data:blog.url == data:label.url'>
            <span expr:dir='data:blog.languageDirection'><data:label.name/></span>
          <b:else/>
            <a expr:dir='data:blog.languageDirection' expr:href='data:label.url'><data:label.name/></a>
          </b:if>
          <b:if cond='data:showFreqNumbers'>
            <span dir='ltr'>(<data:label.count/>)</span>
          </b:if>
        </li>
      </b:loop>
      </ul>
    <b:else/>
      <b:loop values='data:labels' var='label'>
        <span expr:class='&quot;label-size label-size-&quot; + data:label.cssSize'>
          <b:if cond='data:blog.url == data:label.url'>
            <span expr:dir='data:blog.languageDirection'><data:label.name/></span>
          <b:else/>
            <a expr:dir='data:blog.languageDirection' expr:href='data:label.url'><data:label.name/></a>
          </b:if>
          <b:if cond='data:showFreqNumbers'>
            <span class='label-count' dir='ltr'>(<data:label.count/>)</span>
          </b:if>
        </span>
      </b:loop>
    </b:if>
    <b:include name='quickedit'/>
  </div>
</b:includable>
</b:widget>
<b:widget id='Followers1' locked='false' title='Followers' type='Followers'>
<b:includable id='main'>
  <b:if cond='data:title != &quot;&quot;'>
    <b:if cond='data:codeSnippet != &quot;&quot;'>
      <h2 class='title'><data:title/></h2>
    <b:else/>
      <b:if cond='data:totalFollowerCount != &quot;&quot;'>
        <h2 class='title'><data:title/> (<data:totalFollowerCount/>)</h2>
      </b:if>
    </b:if>  
  </b:if>
  <div class='widget-content'>
    <div expr:id='data:widget.instanceId + &quot;-wrapper&quot;'>
      <b:if cond='data:codeSnippet != &quot;&quot;'>
        <div style='margin-right:2px;'>
          <data:codeSnippet/>
        </div>
      <b:else/>
        <b:if cond='data:totalFollowerCount == &quot;&quot;'>
          <span class='item-control following-not-admin'>
            <b><data:failureSnippet/></b>
          </span>
          <span class='item-control blog-admin'>
            <b><data:adminFailureSnippet/></b>
          </span>
        <b:else/>
          <b:if cond='data:followingLinkPresent'>
            <div class='follow-this profile-link item-control following-follow-this'>
              <a expr:href='&quot;javascript:_FollowersView._openPopup(\&quot;&quot; + data:followUri + &quot;\&quot;);&quot;'>
                <data:followThisMessage/>
              </a>
            </div>
            <div class='follow-this profile-link item-control following-stop-following-this'>
              <a expr:href='&quot;javascript:_FollowersView._openPopup(\&quot;&quot; + data:followUri + &quot;\&quot;);&quot;'>
                <data:stopFollowingMessage/>
              </a>
            </div>
          </b:if>
  
          <div class='followers-grid'>
            <b:if cond='data:totalFollowerCount == 0'>
              <div class='profile-link item-control following-follow-this'>
                <data:emptyFollowersMessage/>
              </div>
            </b:if>
            <!--
            Relies on the js written out in navbar.gxp
            -->
            <b:loop values='data:followers' var='follower'>
              <div class='follower'>
                <a expr:href='data:follower.profileUrl' expr:title='data:follower.displayName' rel='nofollow'>
                <img class='follower-img' expr:alt='data:follower.displayName' expr:height='data:follower.imageHeight' expr:onerror='&quot;this.onerror=null;this.src=\&quot;&quot; + data:anonFollowerImageUrl + &quot;\&quot;;&quot;' expr:onload='&quot;setAttributeOnload(this, \&quot;src\&quot;, \&quot;&quot; + data:follower.imageUrl + &quot;\&quot;)&quot;' expr:width='data:follower.imageWidth' src='http://img1.blogblog.com/img/blank.gif'/>
                </a>
              </div>
            </b:loop>
            <div class='clear'/>
          </div>
  
          <div class='followers-canvas profile-link'>
            <data:followersFooterMessage/>
            <span class='item-control following-not-admin'>
              <a expr:href='data:followersUri'>
                <data:viewAllMessage/>
              </a>
            </span>
            <span class='item-control blog-admin'>
              <a expr:href='data:manageFollowersUri'>
                <data:manageFollowersMessage/>
              </a>
            </span>
          </div>
          </b:if>
      </b:if>
    </div>
    <b:include name='quickedit'/>
  </div>
</b:includable>
</b:widget>
</b:section>
</div>
</div></div>
<div style='clear:both;'/> 
 
<div id='footer'>
<a expr:href='data:blog.homepageUrl'><data:blog.title/></a>Converted by<a href='http://www.besttheme.net/' title='Blogger Templates'>Blogger Templates</a> by <a href='http://www.besttheme.net/' title='Www.BestTheme.Net'>Best Theme</a>  | designed by 
<a href='http://www.free-wordpress-theme.net/'>Free Wordpress Themes</a>And<a href='http://www.wordpress-solutions.net/'>V</a><br/>
</div>
</div>

</body>
</html>