<?xml version="1.0" encoding="UTF-8" ?>
<!DOCTYPE html PUBLIC "-//W3C//DTD XHTML 1.0 Strict//EN" "http://www.w3.org/TR/xhtml1/DTD/xhtml1-strict.dtd">
<html expr:dir='data:blog.languageDirection' xmlns='http://www.w3.org/1999/xhtml' xmlns:b='http://www.google.com/2005/gml/b' xmlns:data='http://www.google.com/2005/gml/data' xmlns:expr='http://www.google.com/2005/gml/expr'>
  <head>
    <b:include data='blog' name='all-head-content'/>
    <b:if cond='data:blog.pageType == &quot;index&quot;'>
    <title><data:blog.pageTitle/></title>
    <b:else/>
    <title><data:blog.pageName/> - <data:blog.title/></title>
    </b:if>
    <meta content='Your Blog Description here!' name='description'/>
    <meta content='Your Keywords here!' name='keywords'/>
    <meta content='Author Name here!' name='Author'/>
    <meta content='Author Email Address here!' name='Email'/>
    <meta content='document' name='resource-type'/>
    <meta content='all' name='audience'/>
    <meta content='general' name='rating'/>
    <meta content='all' name='robots'/>
    <meta content='index, follow' name='robots'/>
    <meta content='id' name='language'/>
    <meta content='id' name='geo.country'/>
    <meta content='global' name='distribution'/>
    <meta content='1 days' name='revisit-after'/>
    <meta content='Indonesia' name='geo.placename'/>
<b:skin><![CDATA[

/* -----------------------------------------------
Blogger Template Style
Name:     Minima
Date:     26 Feb 2004
Updated by: Blogger Team
----------------------------------------------- */

/* Variable definitions
   ====================
   <Variable name="bgcolor" description="Page Background Color"
             type="color" default="#fff" value="#eeeeee">
   <Variable name="textcolor" description="Text Color"
             type="color" default="#333" value="#000000">
   <Variable name="linkcolor" description="Link Color"
             type="color" default="#58a" value="#005d78">
   <Variable name="pagetitlecolor" description="Blog Title Color"
             type="color" default="#666" value="#333333">
   <Variable name="descriptioncolor" description="Blog Description Color"
             type="color" default="#999" value="#666666">
   <Variable name="titlecolor" description="Post Title Color"
             type="color" default="#c60" value="#000000">
   <Variable name="bordercolor" description="Border Color"
             type="color" default="#ccc" value="#dcd9d9">
   <Variable name="sidebarcolor" description="Sidebar Title Color"
             type="color" default="#999" value="#333333">
   <Variable name="sidebartextcolor" description="Sidebar Text Color"
             type="color" default="#666" value="#666666">
   <Variable name="visitedlinkcolor" description="Visited Link Color"
             type="color" default="#999" value="#357798">
   <Variable name="bodyfont" description="Text Font"
             type="font" default="normal normal 100% Georgia, Serif" value="normal normal 12px Arial, Tahoma, Helvetica, FreeSans, sans-serif">
   <Variable name="headerfont" description="Sidebar Title Font"
             type="font"
             default="normal normal 78% 'Trebuchet MS',Trebuchet,Arial,Verdana,Sans-serif" value="normal bold 14px Arial, Tahoma, Helvetica, FreeSans, sans-serif">
   <Variable name="pagetitlefont" description="Blog Title Font"
             type="font"
             default="normal normal 200% Georgia, Serif" value="normal normal 26px Georgia, Serif">
   <Variable name="descriptionfont" description="Blog Description Font"
             type="font"
             default="normal normal 78% 'Trebuchet MS', Trebuchet, Arial, Verdana, Sans-serif" value="normal normal 12px Lucida Sans, Tahoma, Helvetica, FreeSans, sans-serif">
   <Variable name="postfooterfont" description="Post Footer Font"
             type="font"
             default="normal normal 78% 'Trebuchet MS', Trebuchet, Arial, Verdana, Sans-serif" value="normal normal 12px Arial, Tahoma, Helvetica, FreeSans, sans-serif">
   <Variable name="startSide" description="Side where text starts in blog language"
             type="automatic" default="left" value="left">
   <Variable name="endSide" description="Side where text ends in blog language"
             type="automatic" default="right" value="right">
*/

#navbar-iframe{height:0;visibility:hidden;display:none}
body{background:#000 url(http://4.bp.blogspot.com/-PweUg1CcMLM/T0I4UKOOGZI/AAAAAAAAFZg/5pB2G9mFvVk/s1600/body-bg.gif) repeat-x top;color:$textcolor;font:x-small Trebuchet MS;font-size:small;text-align:center;margin:0}
a:link{color:$linkcolor;text-decoration:none}
a:visited{color:$visitedlinkcolor;text-decoration:none}
a:hover{color:$titlecolor;text-decoration:none}
a img{border-width:0}
#header-wrapper{background:#000 url(http://2.bp.blogspot.com/-MPik4yz03rE/T0Ild__cnOI/AAAAAAAAFYQ/KnFuovHcdPk/s1600/header.png) repeat-x top;width:940px;border:0 solid $bordercolor;margin:0 auto}
#header-inner{background-position:center;margin-left:auto;margin-right:auto}
#header{float:left;width:400px;border:0 solid $bordercolor;text-align:left;color:$pagetitlecolor;margin:0}
#header2{float:right;width:468px;margin-right:10px;text-align:left;color:#555}
.header .widget,.header2 .widget{margin:0 auto;padding:15px 0 10px}
#header h1{line-height:1.2em;text-transform:uppercase;letter-spacing:.1em;font:$pagetitlefont;margin:0 auto;padding:10px 5px .15em}
#header a{color:$pagetitlecolor;text-decoration:none}
#header a:hover{color:$pagetitlecolor}
#header .description{max-width:100%;text-transform:uppercase;letter-spacing:.01em;line-height:1.2em;font:$descriptionfont;color:$descriptioncolor;margin:0 auto;padding:0 5px 5px}
#header img{margin-startside:auto;margin-endside:auto}
#crosscol-wrapper{margin:0 auto;padding:0 auto}
.crosscol .widget{margin:0 auto;padding:0 0 6px}
#mainpage-wrapper{width:620px;float:left;word-wrap:break-word;overflow:hidden}
#main-wrapper{background:#f0f0f0 url(http://4.bp.blogspot.com/-5Ulj4hKKPok/TzuWP4ACk3I/AAAAAAAAFR4/dqNxYNY99FI/s1600/maincol-grad.png) repeat-x top;border-top:2px solid #005d78;width:620px;float:$startSide;word-wrap:break-word;overflow:hidden}
#sidebar-wrapper{width:320px;float:$endSide;word-wrap:break-word;overflow:hidden}
#main2-wrapper{width:350px;float:left;word-wrap:break-word;overflow:hidden}
#sidebarleft-wrapper{width:270px;float:$startSide;word-wrap:break-word;overflow:hidden}
h2{font:$headerfont;line-height:1.4em;text-transform:uppercase;letter-spacing:.01em;color:$sidebarcolor;margin:.5em 0 .25em}
h2.date-header{text-transform:none;font:normal 12px Arial;color:#999;line-height:1.2em;margin:.1em 0}
.post{margin:.5em 0 .1em;padding:15px}
.post h3{font:bold 18px Arial;line-height:1.2em;color:$titlecolor;margin:.25em 0 0;padding:0 0 4px}
.post h3 a,.post h3 a:visited,.post h3 strong{display:block;text-decoration:none;color:$titlecolor;font-weight:700}
.post h3 strong,.post h3 a:hover{color:$textcolor}
.post-body{border-top:2px solid #bbb;padding-top:6px;line-height:1.4em;margin:3.1em 0 .75em}
.post-body blockquote{line-height:1.3em}
.post-footer{color:#666;text-transform:none;letter-spacing:.01em;font:$postfooterfont;line-height:1.4em;margin:.75em 0}
.comment-link{margin-startside:.6em}
.post img,table.tr-caption-container{overflow:hidden;margin-top:5px;padding:0}
.tr-caption-container img{border:none;padding:0}
.post blockquote{font:Italic 16px Georgia;color:#000;letter-spacing:.001em;line-height:1em;float:left;margin:0 15px 10px 0;padding:10px 0 0 30px}
.post blockquote p{margin:.75em 0}
.comments{padding:0 15px}
#comments h4{font-size:16px;font-weight:400;margin:20px 0}
.cm_wrap{clear:both;margin-bottom:10px;float:right;width:100%}
.cm_head{width:60px;float:left;margin:0}
.cm_avatar{vertical-align:middle;border:1px solid #DDD;background:url(http://4.bp.blogspot.com/-POy-pvgzudE/Tz0SPxJXQnI/AAAAAAAAFUI/SlCAfDMFIhg/s1600/anonymous.jpg) center no-repeat;width:35px;height:35px;margin:0;padding:3px}
.cm_avatar_a{vertical-align:middle;border:1px solid #DDD;background:silver;background-position:center;background-repeat:no-repeat;width:35px;height:35px;margin:0;padding:3px}
.cm_reply{padding-top:5px}
.cm_reply a{display:inline-block;border:1px solid #C4C4C4;border-top-color:#E4E4E4;border-left-color:#E4E4E4;color:#424242!important;text-align:center;text-shadow:0 -1px 0 #FFF;text-decoration:none;-webkit-border-radius:2px;-moz-border-radius:2px;border-radius:2px;background:0;font:11px/18px sans-serif;margin:0;padding:1px 6px}
.cm_reply a:hover{text-decoration:none!important;background:0}
.cm_entry{background:#fcfcfc;border:1px solid #E4E4E4;overflow:hidden;padding:16px}
.cm_arrow{display:block;width:9px;height:18px;background:url(http://3.bp.blogspot.com/-NONrBLhghFk/To0nNB1LmkI/AAAAAAAAAI4/CAuzDfYiCiU/s1600/comment-arrow.gif) no-repeat;position:absolute;margin-left:-25px}
.cm_info{margin-bottom:5px;border:thin solid #E6E6E6;background-color:#F4F4F4;padding:5px}
.cm_info_a{margin-bottom:5px;border:thin solid #E6E6E6;background-color:#dff0fa;padding:5px}
.cm_name{font-size:14px;color:#666!important;text-decoration:none;float:left}
.cm_name_a{font:bold 13px Arial;color:#666!important;text-decoration:none;float:left}
.cm_date{font-size:10px;color:#999;text-decoration:none;float:right}
.cm_date_a{font:normal 10px Arial;color:#2D5E7B;text-decoration:none;float:right;padding-top:5px}
.cm_pagenavi{font-size:10px;text-transform:uppercase;color:#666;text-shadow:1px 1px #FFF;font-weight:700}
.cm_pagenavi a{color:#666;text-decoration:none;padding:10px}
.cm_pagenavi span{color:#888;background:#FFF;border:1px solid #E0E0E0;padding:4px}
.comment-body-author{font-family:Arial;font-weight:300}
#blog-pager-newer-link{float:$startSide}
#blog-pager-older-link{float:$endSide}
#blog-pager{text-align:center}
.feed-links{clear:both;line-height:2.5em}
img.label_thumb{float:left;border:1px solid #8f8f8f;background:#D2D0D0;margin-right:10px;height:60px;width:60px;padding:2px}
img.label_thumb:hover{background:#f7f6f6}
.label_with_thumbs{float:left;width:100%;min-height:70px;margin:0 5px 2px 0}
ul.label_with_thumbs li{min-height:65px;margin:2px 0;padding:4px 0}
.sidebar h2,.sidebarleft h2,.main2 h2{background:url(http://4.bp.blogspot.com/-w24CwVjYGO8/T0EL1smfKtI/AAAAAAAAFXQ/eHJye-wTdNQ/s1600/rss.png) no-repeat 3px 22px;letter-spacing:-.001em;font:bold 13px Arial;color:#005d78;text-transform:uppercase;border-bottom:3px solid #616161;margin:0 10px;padding:20px 0 8px 25px}
.sidebar,.sidebarleft{background:#fff url(http://3.bp.blogspot.com/-FEpKunwcves/TzubRkcUGvI/AAAAAAAAFSA/csB-ULWb-4Q/s1600/col-grad.png) repeat-x top;color:$sidebartextcolor;line-height:1.3em;border:1px solid #adacac;border-top:2px solid #005d78}
.sidebar ul,.sidebarleft ul,.main2 ul{list-style:none;margin:0;padding:0}
.sidebar li,.sidebarleft li,.main2 li{border-bottom:1px dotted $bordercolor;text-indent:0;line-height:1.3em;margin:0;padding:3px 0 4px}
.sidebar .widget,.sidebarleft .widget,.main2 .widget{border:0 solid $bordercolor;margin:0 0 5px}
.sidebar .widget-content,.sidebarleft .widget-content,.main2 .widget-content{margin:0 auto;padding:6px 9px}
.sidebar a:link,.sidebar a:visited,.sidebarleft a:link,.sidebarleft a:visited,.main2 a:link,.main2 a:visited{font:bold 12px Arial;color:#393939;text-decoration:none}
.main2{background:#f0f0f0 url(http://4.bp.blogspot.com/-5Ulj4hKKPok/TzuWP4ACk3I/AAAAAAAAFR4/dqNxYNY99FI/s1600/maincol-grad.png) repeat-x top;color:$sidebartextcolor;line-height:1.3em;border-top:2px solid #005d78}
.main .widget{border-bottom:1px dotted $bordercolor;margin:0 0 1.5em;padding:0 0 1.5em}
.main .Blog{border-bottom-width:0}
.footer h2{background:url(http://1.bp.blogspot.com/-fYmhotWGQeU/T0Jb1m6Qj3I/AAAAAAAAFag/faKfPehrgDo/s1600/batas.gif) repeat-x scroll bottom;font:bold 13px Arial;padding-bottom:10px;margin-bottom:15px;line-height:1.3em;text-transform:uppercase;letter-spacing:.01em;color:#ccc}
.footer{color:#ccc;line-height:1.3em;font:normal 13px Arial}
.footer ul{list-style:none;color:#EAE9E8;margin:0;padding:0}
.footer li{background:url(http://2.bp.blogspot.com/_tUdwiyEcqV4/TVHCX_dIPyI/AAAAAAAAAuQ/RiYAdsKOCTg/s1600/arrow_box.GIF) no-repeat 1px 8px;font:normal 13px Arial;color:#EAE9E8;text-indent:0;line-height:1.3em;margin:0;padding:2px 0 3px 12px}
.footer .widget{margin:0 0 8px;padding:6px 0}
.footer .widget-content{padding:0 auto}
.profile-img{float:$startSide;margin-top:0;margin-endside:10px;margin-bottom:5px;margin-startside:0;border:1px solid $bordercolor;padding:4px}
.profile-data{text-transform:uppercase;letter-spacing:.01em;font:bold 13px Arial;color:$sidebarcolor;line-height:1.3em;margin:0}
.profile-datablock{margin:.5em 0}
.profile-textblock{line-height:1.3em;margin:.5em 0}
.profile-link{font:$postfooterfont;text-transform:none;letter-spacing:.01em}
.picfooter{background:#050505 url(http://3.bp.blogspot.com/-rPPvruw-oT0/T0JSGtBzRMI/AAAAAAAAFaQ/Uc0mcoqUewU/s1600/footer-bg.png) repeat-x top;border-top:1px solid #000;width:940px;margin-startside:auto;margin-endside:auto;text-align:center;font:$bodyfont}
#footer-wrapper{width:900px;text-align:left;font:$bodyfont;margin:0 auto;padding:10px}
#footer1-wrapper{width:280px;float:$startSide;word-wrap:break-word;overflow:hidden}
#footer2-wrapper{margin-left:15px;width:290px;float:left;word-wrap:break-word;overflow:hidden;padding:0 10px}
#footer3-wrapper{width:280px;float:$endSide;word-wrap:break-word;overflow:hidden}
.creditpic{background:url(http://3.bp.blogspot.com/-lFziDzljNI4/T0JSsb91sgI/AAAAAAAAFaY/GWDu86y-dZA/s1600/credit-bg.png) repeat-x;width:940px;margin:0 auto;padding:0 auto}
.credit{width:920px;line-height:1.6em;text-align:center;font-family:Arial;font-size:12px;color:#ccc;overflow:hidden;clear:both;margin:0 auto;padding:10px 0 15px}
#searchbar{background:url(http://2.bp.blogspot.com/-gl6uX2jd7NI/T0In3CHK1YI/AAAAAAAAFYo/BGBDI34jIMY/s1600/search-bg.png) repeat-x top;width:940px;height:40px;font-size:12px;font-family:Arial, Tahoma, Verdana;color:#616161;font-weight:700;margin:0 auto;padding:0}
#searchbarleft{width:315px;float:left;margin:0;padding:8px 0 0 10px}
#searchbarmiddle{width:295px;float:left;margin:0;padding:8px 0 0}
#searchbarright{width:300px;float:left;margin:0;padding:2px 0 0}
#searchbarright a,#searchbarright a:visited{font-weight:700;color:#616161;text-decoration:none}
#searchbarright a img{border:none;margin:0 3px 1px 0;padding:0}
#searchbarform{display:inline;overflow:hidden;margin:10px 0 0}
#searchbarformheader{margin:0}
#searchbarsearch{background:url(http://1.bp.blogspot.com/-sx0WDssh-sQ/Tzu5tVQYn0I/AAAAAAAAFSc/gPBT1y4A2DU/s1600/field-bg.gif) no-repeat;width:200px;color:#222;font-family:Arial, Tahoma, Verdana;border:0 solid #666;display:inline;margin:3px 5px 0 3px;padding:2px 0 3px 5px}
#cat{background:url(http://1.bp.blogspot.com/-sx0WDssh-sQ/Tzu5tVQYn0I/AAAAAAAAFSc/gPBT1y4A2DU/s1600/field-bg.gif) no-repeat;width:220px;color:#222;font-family:Arial, Tahoma, Verdana;border:0 solid #666;display:inline;margin:3px;padding:3px 2px 2px}
.postform{color:#222;font-size:12px;font-family:Arial, Tahoma, Verdana;display:inline;margin:5px 0 0;padding:5px}
.rsslink{background:url(http://4.bp.blogspot.com/-w24CwVjYGO8/T0EL1smfKtI/AAAAAAAAFXQ/eHJye-wTdNQ/s1600/rss.png) no-repeat left center;padding:2px 5px 2px 15px}
#searchbarsubmit,#subbutton{background:#005d78;color:#FFF;-moz-border-radius:3px;-khtml-border-radius:3px;-webkit-border-radius:3px;font-family:Arial, Tahoma, Verdana;font-size:11px;font-weight:700;text-decoration:none;border:1px solid #0182a7;margin:0;padding:2px 3px}
#featured{background:url(http://4.bp.blogspot.com/-Kp7FcZLN3zA/Tz0K3tMZw0I/AAAAAAAAFT4/uR5RjkamNE0/s1600/slider.png) repeat-x top;border-top:2px solid #005d78;margin:0;padding:10px 10px 0}
.sliderwrapper{position:relative;overflow:hidden;height:240px}
.sliderwrapper .contentdiv{visibility:hidden;position:absolute;left:0;top:0;height:100%;padding:0}
.pagination{text-align:right;padding:10px 0}
.pagination a{font-size:11px;color:#000;background:#eaeaea;padding:3px 6px}
.pagination a:hover,.pagination a.selected{color:#fff;background-color:#111}
.featuredPost{width:300px;background:#191919;filter:alpha(opacity=75);-moz-opacity:.75;opacity:.75;color:#dedde5;position:absolute;bottom:0;margin:10px;padding:10px 10px 0}
.featuredPost a{color:#fff}
.featuredPost a:hover{color:#dedde5}
.featuredPost h2{font-size:12px;line-height:1;margin:0}
.featuredPost span{font-size:10px}
.featuredPost p{font-size:11px}
.showpageOf{border:1px solid #7b7c7d;color:#000;margin:2px;padding:2px 5px}
.showpageNum a,.showpage a{border:1px solid #7b7c7d;color:#000;text-decoration:none;margin:2px;padding:2px 5px}
.showpageNum a:hover,.showpage a:hover,.showpagePoint{border:1px solid #949493;background:#005d78;color:#fff;margin:2px;padding:2px 5px}
#topwrapper{background:url(http://3.bp.blogspot.com/-r59jzaglcf4/T0D-DvtuxaI/AAAAAAAAFXA/KS_ZdJlGTuw/s1600/navbar.png) repeat-x top;width:940px;margin:0 auto;padding:0 auto}
#topnav{width:940px;height:25px;margin:0 auto}
#top{width:100%}
#top,#top ul{list-style:none;font-family:Trebuchet MS;margin:0;padding:0}
#top a{display:block;text-decoration:none;font:normal 11px Arial;text-transform:none;color:#01bfe1;border-right:1px solid #008198;border-left:1px solid #003a52;padding:3px 12px 6px}
#top a.trigger{background-image:url(http://2.bp.blogspot.com/-RrMNxJ-LHEM/T0EGCniEi9I/AAAAAAAAFXI/PgTFPfKHsqM/s1600/arrow_white.gif);background-repeat:no-repeat;background-position:right center;padding:3px 24px 6px 12px}
#top li{float:left;position:static;width:auto}
#top li ul,#top ul li{width:170px}
#top ul li a{text-align:left;color:#000;font-size:12px;font-weight:400;text-transform:none;font-family:Arial;border:none;padding:5px 10px}
#top li ul{z-index:100;position:absolute;display:none;background:#004764;padding-bottom:0;-moz-box-shadow:0 2px 2px rgba(0,0,0,0.6);-webkit-box-shadow:0 2px 2px rgba(0,0,0,0.6);filter:alpha(opacity=87);-moz-opacity:.87;opacity:.87}
#top li:hover a,#top a:active,#top a:focus,#top li.hvr a{background-color:#004764;color:#000}
#top li:hover ul,#top li.hvr ul{display:block}
#top li:hover ul a,#top li.hvr ul a{color:#01bfe1;background-color:transparent;text-decoration:none}
#top li ul li.hr{border-bottom:1px solid #00709e;border-top:1px solid #00151e;display:block;font-size:1px;height:0;line-height:0;margin:0}
#top ul a:hover{background-color:#006a95!important;color:#000!important;text-decoration:none}
#top a span,#top a.arrow span{font:bold 12px Trebuchet MS;color:#e8e8e8;display:block;line-height:16px;text-transform:uppercase}
#top li:hover a span,#top li:hover a.arrow span{color:#01bfe1}
.navbottom{background:url(http://2.bp.blogspot.com/-quRoRWWN1fg/T0JQ_iy6AyI/AAAAAAAAFaA/3MW307LgrXw/s1600/bottommenu.png) repeat-x top left;width:940px;height:42px;margin:0 auto;padding:0 auto}
.nav1{width:630px;float:left;height:20px;margin:0 auto;padding:14px 0}
.nav1 ul{padding-left:0;color:#ccc;list-style-type:none;font:bold 12px Arial,sans-serif;margin:0}
.nav1 li a{background:url(http://1.bp.blogspot.com/-Osq4I2NHdIc/T0JRSoP19yI/AAAAAAAAFaI/3TZvq8Ml8zc/s1600/divine.png) no-repeat center right;float:left;display:block;color:#ccc;line-height:1.2em;padding:3px 12px}
.nav1 li a:visited{color:#ccc}
.nav1 li{display:inline;margin:0}
#outer-wrapper,#footer-outer{border:8px solid #d1d1d1;background:#fff;width:940px;text-align:$startSide;font:$bodyfont;margin:10px auto;padding:0}
.cm_entry p,.cm_entry_a p{clear:both;border:thin solid #E6E6E6;background-color:#fff;font-size:13px;color:#333;word-wrap:break-word;padding:5px}
.cm_pagenavi a:hover,#searchbarright a:hover{text-decoration:underline}
.sidebar li a:hover,.sidebarleft li a:hover,.main2 li a:hover,.footer li a:hover{color:#005d78}
.footer a:link,.footer li a:visited,.credit a:link,.credit a:visited{color:#ccc;text-decoration:none}
.credit a:hover,.nav1 li a:hover{color:#005d78;text-decoration:none}
#related{border:1px solid #fff;border-radius:7px;-webkit-border-radius:7px;-moz-border-radius:7px;-webkit-box-shadow:#084B8A 0 2px 12px;-moz-box-shadow:#084B8A 0 2px 7px;width:auto;text-shadow:0 1px 0 #FFF;margin:0 0 5px;padding:10px}
#related .related-posts{font-weight:400;width:53%;float:right}
#related .related-posts p{margin:0}
#related .related-posts h3,#related .related-posts h2,#related .related-posts h1{font-size:12pt;letter-spacing:0;margin:0}
#related .related-posts ol{font-weight:400;margin:2px 0 0 -20px}
#related .subscribe{background:url(http://3.bp.blogspot.com/-Su4dLp9tZWI/TvnUmvgAqfI/AAAAAAAAA2U/7f4tn4C_8uM/s1600/icontexto-inside-rss.png) no-repeat bottom right;width:43%;float:left;color:#000}
#related .subscribe p.intro{font-weight:400}
#related .subscribe p.feed{margin-bottom:10px;font-weight:700;padding-left:21px;background:url(http://lh3.ggpht.com/_pt7i0nbIOCY/SuPmf8r8eqI/AAAAAAAACXM/BYjbuwVwxas/FeedIcon-16_thumb.gif) 0 50% no-repeat;vertical-align:middle}
.clearfix:after{content:".";display:block;height:0;clear:both;visibility:hidden}
.clearfix{display:inline-block}

]]></b:skin>

<style type='text/css'>
<b:if cond='data:blog.pageType != &quot;item&quot;'>
#main-wrapper {width: 350px;padding-left:0}
h2.date-header, .post-timestamp, .post-body, .jump-link, .feed-links, .post-footer{display:none;}
.post h3 {background:url(http://4.bp.blogspot.com/-CetnW4aSnp4/Tzzms5OvwvI/AAAAAAAAFTo/C_Q4Y90axkI/s1600/arrowList_2.gif) no-repeat 0px 4px;font:normal 12px Arial;margin:0 0 0 5px;padding:4px 6px 4px 15px;line-height:1.3em;position:relative;}
.post h3 a, .post h3 a:visited, .post h3 strong {font-weight:normal}
.post h3 strong, .post h3 a:hover {color:#005d78;}
.post {border-bottom:1px dotted #ccc;margin:0px;padding:0px;}
.main .Blog {padding:7px;}
#blog-pager {font:normal 11px Arial;text-align:left;margin:6px 0 1px 0;padding:7px 0px 7px 0px;}
</b:if>
</style>

<script src='https://masolis-javascript.googlecode.com/svn/trunk/related-portal.js' type='text/javascript'/>
<script src='https://masolis-javascript.googlecode.com/svn/trunk/label.js' type='text/javascript'/>
<script>
//<![CDATA[
/* Script from:http://simplexdesign.blogspot.com/ */
imgr = new Array();
imgr[0] = "http://2.bp.blogspot.com/-uitX7ROPtTU/Tyv-G4NA_uI/AAAAAAAAFBY/NcWLPVnYEnU/s1600/no+image.jpg";
showRandomImg = true;
aBold = true;
summaryPost = 100;

numposts1 = 5;
label1 = "sport";

function removeHtmlTag(strx,chop){var s=strx.split("<");for(var i=0;i<s.length;i++){if(s[i].indexOf(">")!=-1){s[i]=s[i].substring(s[i].indexOf(">")+1,s[i].length)}}s=s.join("");s=s.substring(0,chop-1);return s}

function showrecentposts1(json){j=(showRandomImg)?Math.floor((imgr.length+1)*Math.random()):0;img=new Array();for(var i=0;i<numposts1;i++){var entry=json.feed.entry[i];var posttitle=entry.title.$t;var pcm;var posturl;if(i==json.feed.entry.length)break;for(var k=0;k<entry.link.length;k++){if(entry.link[k].rel=='alternate'){posturl=entry.link[k].href;break}}for(var k=0;k<entry.link.length;k++){if(entry.link[k].rel=='replies'&&entry.link[k].type=='text/html'){pcm=entry.link[k].title.split("")[0];break}}
      
if ("content" in entry) {
var postcontent = entry.content.$t;}
else
if ("summary" in entry) {
var postcontent = entry.summary.$t;}
else var postcontent = "";
postdate = entry.published.$t;
if(j>imgr.length-1) j=0;
img[i] = imgr[j];
s = postcontent    ; a = s.indexOf("<img"); b = s.indexOf("src=\"",a); c = s.indexOf("\"",b+5); d = s.substr(b+5,c-b-5);
if((a!=-1)&&(b!=-1)&&(c!=-1)&&(d!="")) img[i] = d;

var month=[1,2,3,4,5,6,7,8,9,10,11,12];var month2=["January","February","March","April","May","Juny","July","August","September","October","November","December"];var day=postdate.split("-")[2].substring(0,2);var m=postdate.split("-")[1];var y=postdate.split("-")[0];for(var u2=0;u2<month.length;u2++){if(parseInt(m)==month[u2]){m=month2[u2];break;
}}

var daystr = day+ ' ' + m + ' ' + y ;
var trtd = '<div class="contentdiv"><div class="sliderPostPhoto"><a href="'+posturl+'"><img width="600" height="240" class="alignnone" src="'+img[i]+'"/></a><div class="sliderPostInfo"></div></div><div class="featuredPost"><h2><a href="'+posturl+'">'+posttitle+'</a></h2><span>'+daystr+'</span><p>'+removeHtmlTag(postcontent,summaryPost)+'...</p></div></div>';    
document.write(trtd);     
j++;
}}
//]]>
</script> 
  </head>
  <body>
  <b:section class='navbar' id='navbar' maxwidgets='1' showaddelement='no'>
<b:widget id='Navbar1' locked='true' title='Navbar' type='Navbar'>
<b:includable id='main'>&lt;script type=&quot;text/javascript&quot;&gt;
    function setAttributeOnload(object, attribute, val) {
      if(window.addEventListener) {
        window.addEventListener(&#39;load&#39;,
          function(){ object[attribute] = val; }, false);
      } else {
        window.attachEvent(&#39;onload&#39;, function(){ object[attribute] = val; });
      }
    }
  &lt;/script&gt;
&lt;iframe src=&quot;//www.blogger.com/navbar.g?targetBlogID=7984474047226005820&amp;amp;blogName=Johny+Portal+2&amp;amp;publishMode=PUBLISH_MODE_BLOGSPOT&amp;amp;navbarType=BLUE&amp;amp;layoutType=LAYOUTS&amp;amp;searchRoot=http://johnyportal2.blogspot.com/search&amp;amp;blogLocale=en_GB&amp;amp;v=1&amp;amp;homepageUrl=http://johnyportal2.blogspot.com/&amp;amp;vt=-567541266909643158&quot; marginwidth=&quot;0&quot; marginheight=&quot;0&quot; scrolling=&quot;no&quot; frameborder=&quot;0&quot; height=&quot;30px&quot; width=&quot;100%&quot; id=&quot;navbar-iframe&quot; allowtransparency=&quot;true&quot; title=&quot;Blogger Navigation and Search&quot;&gt;&lt;/iframe&gt;
&lt;div&gt;&lt;/div&gt;&lt;script type=&quot;text/javascript&quot;&gt;
(function() {
var script = document.createElement(&#39;script&#39;);
script.type = &#39;text/javascript&#39;;
script.src = &#39;//pagead2.googlesyndication.com/pagead/js/google_top_exp.js&#39;;
var head = document.getElementsByTagName(&#39;head&#39;)[0];
if (head) {
head.appendChild(script);
}})();
&lt;/script&gt;
</b:includable>
</b:widget>
</b:section>

<div id='fb-root'/>
<script>(function(d, s, id) {
  var js, fjs = d.getElementsByTagName(s)[0];
  if (d.getElementById(id)) {return;}
  js = d.createElement(s); js.id = id;
  js.src = &quot;//connect.facebook.net/en_GB/all.js#xfbml=1&quot;;
  fjs.parentNode.insertBefore(js, fjs);
}(document, &#39;script&#39;, &#39;facebook-jssdk&#39;));</script>
  <div id='outer-wrapper'><div id='wrap2'>
    <div id='header-wrapper'>
      <b:section class='header' id='header' maxwidgets='1' showaddelement='no'>
<b:widget id='Header1' locked='true' title='Johny Portal 2 (Header)' type='Header'>
<b:includable id='main'>

  <b:if cond='data:useImage'>
    <b:if cond='data:imagePlacement == &quot;BEHIND&quot;'>
      <!--
      Show image as background to text. You can't really calculate the width
      reliably in JS because margins are not taken into account by any of
      clientWidth, offsetWidth or scrollWidth, so we don't force a minimum
      width if the user is using shrink to fit.
      This results in a margin-width's worth of pixels being cropped. If the
      user is not using shrink to fit then we expand the header.
      -->
      <b:if cond='data:mobile'>
          <div id='header-inner'>
            <div class='titlewrapper' style='background: transparent'>
              <h1 class='title' style='background: transparent; border-width: 0px'>
                <b:include name='title'/>
              </h1>
            </div>
            <b:include name='description'/>
          </div>
        <b:else/>
          <div expr:style='&quot;background-image: url(\&quot;&quot; + data:sourceUrl + &quot;\&quot;); &quot;                        + &quot;background-position: &quot;                        + data:backgroundPositionStyleStr + &quot;; &quot;                        + data:widthStyleStr                        + &quot;min-height: &quot; + data:height                        + &quot;_height: &quot; + data:height                        + &quot;background-repeat: no-repeat; &quot;' id='header-inner'>
            <div class='titlewrapper' style='background: transparent'>
              <h1 class='title' style='background: transparent; border-width: 0px'>
                <b:include name='title'/>
              </h1>
            </div>
            <b:include name='description'/>
          </div>
        </b:if>
    <b:else/>
      <!--Show the image only-->
      <div id='header-inner'>
        <a expr:href='data:blog.homepageUrl' style='display: block'>
          <img expr:alt='data:title' expr:height='data:height' expr:id='data:widget.instanceId + &quot;_headerimg&quot;' expr:src='data:sourceUrl' expr:width='data:width' style='display: block'/>
        </a>
        <!--Show the description-->
        <b:if cond='data:imagePlacement == &quot;BEFORE_DESCRIPTION&quot;'>
          <b:include name='description'/>
        </b:if>
      </div>
    </b:if>
  <b:else/>
    <!--No header image -->
    <div id='header-inner'>
      <div class='titlewrapper'>
        <h1 class='title'>
          <b:include name='title'/>
        </h1>
      </div>
      <b:include name='description'/>
    </div>
  </b:if>
</b:includable>
<b:includable id='title'>
  <b:if cond='data:blog.url == data:blog.homepageUrl'>
    <data:title/>
  <b:else/>
    <a expr:href='data:blog.homepageUrl'><data:title/></a>
  </b:if>
</b:includable>
<b:includable id='description'>
  <div class='descriptionwrapper'>
    <p class='description'><span><data:description/></span></p>
  </div>
</b:includable>
</b:widget>
</b:section>
      <b:section class='header' id='header2' maxwidgets='1' showaddelement='yes'>
<b:widget id='HTML8' locked='false' title='' type='HTML'>
<b:includable id='main'>
  <!-- only display title if it's non-empty -->
  <b:if cond='data:title != &quot;&quot;'>
    <h2 class='title'><data:title/></h2>
  </b:if>
  <div class='widget-content'>
    <data:content/>
  </div>

  <b:include name='quickedit'/>
</b:includable>
</b:widget>
</b:section>
<div style='clear:both;'/>
      </div><!-- end header-wrapper -->
<div id='topwrapper'>
<div id='topnav'>
<ul id='top'>
<li><a href='/'><span>Welcome</span>Homepage</a></li>
<li><a href='#'><span>This is</span>About Us</a></li>
<li><a class='trigger' href='#'><span>Support</span>Contact Us</a>
<ul>
<li><a href='#'>Goggle +</a></li>
<li class='hr'/>
<li><a href='#'>Contact on Facebook</a></li>
<li class='hr'/>
<li><a href='#'>Contact on Twitter</a></li>
</ul>
</li>
<li><a href='#'><span>Sport</span>Be healthy</a></li>

<li><a href='#'><span>Culture</span>Human Act</a></li>
<li><a class='trigger' href='#'><span>Entertainment</span>Enjoy your life</a>
<ul>
<li><a href='#'>Music</a></li>
<li class='hr'/>
<li><a href='#'>Movie</a></li>
<li class='hr'/>
<li><a href='#'>Television</a></li>
</ul>
</li>
<li><a href='#'><span>Health</span>Take a trip</a></li>
<li><a href='#'><span>Economics</span>Human Needs</a></li>
<li><a href='#'><span>Lifestyle</span>Be Your Self</a></li>
</ul>
<br class='clearit'/>
</div>
<div style='clear:both;'/>
</div>

<div id='searchbar'>


	<div id='searchbarleft'>
        <form expr:action='data:blog.homepageUrl + &quot;search/&quot;' id='searchbarform' method='get'>

        <label class='hidden' for='s'>Search :</label>
        <input id='searchbarsearch' name='sitesearch' type='text' value=''/><input id='searchbarsubmit' type='submit' value='GO!'/></form>
    </div>

    
	<div id='searchbarmiddle'>

    	 <b:section id='labelsmenu' maxwidgets='1'>
<b:widget id='Label1' locked='true' title='Labels' type='Label'>
<b:includable id='main'>
Topics : <select class='postform' id='cat' name='cat' onchange='location=this.options[this.selectedIndex].value;'>
<option>Choose category</option>
<b:loop values='data:labels' var='label'>
   <option expr:value='data:label.url'><data:label.name/>
      (<data:label.count/>)
   </option>
</b:loop>
</select>
</b:includable>
</b:widget>
</b:section>

	</div>
    
	<div id='searchbarright'>
		<p><a class='rsslink' expr:href='data:blog.homepageUrl + &quot;feeds/posts/default&quot;' rel='nofollow'>Subscribe to Posts</a>

<a class='rsslink' expr:href='data:blog.homepageUrl + &quot;feeds/comments/default&quot;' rel='nofollow'>Subscribe to Comments</a></p>

    </div> 
       
</div>
<div class='clear'/>


    <!-- skip links for text browsers -->
    <span id='skiplinks' style='display:none;'>
      <a href='#main'>skip to main </a> |
      <a href='#sidebar'>skip to sidebar</a>
    </span>

 
    <div id='content-wrapper'>

      <div id='crosscol-wrapper' style='text-align:center'>
        <b:section class='crosscol' id='crosscol'/>
      </div>
<div id='mainpage-wrapper'>
<b:if cond='data:blog.pageType == &quot;index&quot;'>
<div id='featured'>
<div class='sliderwrapper' id='slider1'>
<script>
document.write(&quot;&lt;script src=\&quot;/feeds/posts/default/-/&quot;+label1+&quot;?max-results=&quot;+numposts1+&quot;&amp;orderby=published&amp;alt=json-in-script&amp;callback=showrecentposts1\&quot;&gt;&lt;\/script&gt;&quot;);
</script>
</div>
<div class='pagination' id='paginate-slider1'>
</div>
</div>
</b:if> 

<b:if cond='data:blog.pageType != &quot;item&quot;'>
      <div id='sidebarleft-wrapper'>
        <b:section class='sidebarleft' id='sidebarleft' preferred='yes'>
<b:widget id='HTML3' locked='false' title='World News' type='HTML'>
<b:includable id='main'>
  <!-- only display title if it's non-empty -->
  <b:if cond='data:title != &quot;&quot;'>
    <h2 class='title'><data:title/></h2>
  </b:if>
  <div class='widget-content'>
    <data:content/>
  </div>

  <b:include name='quickedit'/>
</b:includable>
</b:widget>
<b:widget id='HTML4' locked='false' title='Entertainment' type='HTML'>
<b:includable id='main'>
  <!-- only display title if it's non-empty -->
  <b:if cond='data:title != &quot;&quot;'>
    <h2 class='title'><data:title/></h2>
  </b:if>
  <div class='widget-content'>
    <data:content/>
  </div>

  <b:include name='quickedit'/>
</b:includable>
</b:widget>
</b:section>
      </div>
</b:if>

      <div id='main-wrapper'>

<b:if cond='data:blog.url == data:blog.homepageUrl'>
<h2 style='margin:0 10px;letter-spacing:-.001em; padding:20px 0 8px; font:bold 13px Arial;color:#005d78; text-transform:uppercase; border-bottom: 3px solid #616161;width:330px;overflow:hidden;'>Latest Post</h2>
</b:if>

        <b:section class='main' id='main' showaddelement='no'>
<b:widget id='Blog1' locked='true' title='Blog Posts' type='Blog'>
<b:includable id='nextprev'>
  <div class='blog-pager' id='blog-pager'>
    <b:if cond='data:newerPageUrl'>
      <span id='blog-pager-newer-link'>
      <a class='blog-pager-newer-link' expr:href='data:newerPageUrl' expr:id='data:widget.instanceId + &quot;_blog-pager-newer-link&quot;' expr:title='data:newerPageTitle'><data:newerPageTitle/></a>
      </span>
    </b:if>

    <b:if cond='data:olderPageUrl'>
      <span id='blog-pager-older-link'>
      <a class='blog-pager-older-link' expr:href='data:olderPageUrl' expr:id='data:widget.instanceId + &quot;_blog-pager-older-link&quot;' expr:title='data:olderPageTitle'><data:olderPageTitle/></a>
      </span>
    </b:if>

    <a class='home-link' expr:href='data:blog.homepageUrl'><data:homeMsg/></a>

    <b:if cond='data:mobileLinkUrl'>
      <div class='blog-mobile-link'>
        <a expr:href='data:mobileLinkUrl'><data:mobileLinkMsg/></a>
      </div>
    </b:if>

  </div>
  <div class='clear'/>
</b:includable>
<b:includable id='shareButtons' var='post'>
  <a class='share-button sb-email' expr:href='data:post.sharePostUrl + &quot;&amp;target=email&quot;' expr:title='data:top.emailThisMsg' target='_blank'>
    <span class='share-button-link-text'><data:top.emailThisMsg/></span></a>
  <a class='share-button sb-blog' expr:href='data:post.sharePostUrl + &quot;&amp;target=blog&quot;' expr:onclick='&quot;window.open(this.href, \&quot;_blank\&quot;, \&quot;height=270,width=475\&quot;); return false;&quot;' expr:title='data:top.blogThisMsg' target='_blank'>
    <span class='share-button-link-text'><data:top.blogThisMsg/></span></a>
  <a class='share-button sb-twitter' expr:href='data:post.sharePostUrl + &quot;&amp;target=twitter&quot;' expr:title='data:top.shareToTwitterMsg' target='_blank'>
    <span class='share-button-link-text'><data:top.shareToTwitterMsg/></span></a>
  <a class='share-button sb-facebook' expr:href='data:post.sharePostUrl + &quot;&amp;target=facebook&quot;' expr:onclick='&quot;window.open(this.href, \&quot;_blank\&quot;, \&quot;height=430,width=640\&quot;); return false;&quot;' expr:title='data:top.shareToFacebookMsg' target='_blank'>
    <span class='share-button-link-text'><data:top.shareToFacebookMsg/></span></a>
  <a class='share-button sb-buzz' expr:href='data:post.sharePostUrl + &quot;&amp;target=buzz&quot;' expr:onclick='&quot;window.open(this.href, \&quot;_blank\&quot;, \&quot;height=415,width=690\&quot;); return false;&quot;' expr:title='data:top.shareToBuzzMsg' target='_blank'>
    <span class='share-button-link-text'><data:top.shareToBuzzMsg/></span></a>
</b:includable>
<b:includable id='threaded_comment_js' var='post'>
  <script async='async' expr:src='data:post.commentSrc' type='text/javascript'/>

  <script type='text/javascript'>
    (function() {
      var items = <data:post.commentJso/>;
      var msgs = <data:post.commentMsgs/>;
      var config = <data:post.commentConfig/>;

// <![CDATA[
      var cursor = null;
      if (items && items.length > 0) {
        cursor = parseInt(items[items.length - 1].timestamp) + 1;
      }

      var bodyFromEntry = function(entry) {
        if (entry.gd$extendedProperty) {
          for (var k in entry.gd$extendedProperty) {
            if (entry.gd$extendedProperty[k].name == 'blogger.contentRemoved') {
              return '<span class="deleted-comment">' + entry.content.$t + '</span>';
            }
          }
        }
        return entry.content.$t;
      }

      var parse = function(data) {
        cursor = null;
        var comments = [];
        if (data && data.feed && data.feed.entry) {
          for (var i = 0, entry; entry = data.feed.entry[i]; i++) {
            var comment = {};
            // comment ID, parsed out of the original id format
            var id = /blog-(\d+).post-(\d+)/.exec(entry.id.$t);
            comment.id = id ? id[2] : null;
            comment.body = bodyFromEntry(entry);
            comment.timestamp = Date.parse(entry.published.$t) + '';
            if (entry.author && entry.author.constructor === Array) {
              var auth = entry.author[0];
              if (auth) {
                comment.author = {
                  name: (auth.name ? auth.name.$t : undefined),
                  profileUrl: (auth.uri ? auth.uri.$t : undefined),
                  avatarUrl: (auth.gd$image ? auth.gd$image.src : undefined)
                };
              }
            }
            if (entry.link) {
              if (entry.link[2]) {
                comment.link = comment.permalink = entry.link[2].href;
              }
              if (entry.link[3]) {
                var pid = /.*comments\/default\/(\d+)\?.*/.exec(entry.link[3].href);
                if (pid && pid[1]) {
                  comment.parentId = pid[1];
                }
              }
            }
            comment.deleteclass = 'item-control blog-admin';
            if (entry.gd$extendedProperty) {
              for (var k in entry.gd$extendedProperty) {
                if (entry.gd$extendedProperty[k].name == 'blogger.itemClass') {
                  comment.deleteclass += ' ' + entry.gd$extendedProperty[k].value;
                } else if (entry.gd$extendedProperty[k].name == 'blogger.displayTime') {
                  comment.displayTime = entry.gd$extendedProperty[k].value;
                }
              }
            }
            comments.push(comment);
          }
        }
        return comments;
      };

      var paginator = function(callback) {
        if (hasMore()) {
          var url = config.feed + '?alt=json&v=2&orderby=published&reverse=false&max-results=50';
          if (cursor) {
            url += '&published-min=' + new Date(cursor).toISOString();
          }
          window.bloggercomments = function(data) {
            var parsed = parse(data);
            cursor = parsed.length < 50 ? null
                : parseInt(parsed[parsed.length - 1].timestamp) + 1
            callback(parsed);
            window.bloggercomments = null;
          }
          url += '&callback=bloggercomments';
          var script = document.createElement('script');
          script.type = 'text/javascript';
          script.src = url;
          document.getElementsByTagName('head')[0].appendChild(script);
        }
      };
      var hasMore = function() {
        return !!cursor;
      };
      var getMeta = function(key, comment) {
        if ('iswriter' == key) {
          var matches = !!comment.author
              && comment.author.name == config.authorName
              && comment.author.profileUrl == config.authorUrl;
          return matches ? 'true' : '';
        } else if ('deletelink' == key) {
          return config.baseUri + '/delete-comment.g?blogID='
               + config.blogId + '&postID=' + comment.id;
        } else if ('deleteclass' == key) {
          return comment.deleteclass;
        }
        return '';
      };

      var replybox = null;
      var replyUrlParts = null;
      var replyParent = undefined;

      var onReply = function(commentId, domId) {
        if (replybox == null) {
          // lazily cache replybox, and adjust to suit this style:
          replybox = document.getElementById('comment-editor');
          if (replybox != null) {
            replybox.height = '250px';
            replybox.style.display = 'block';
            replyUrlParts = replybox.src.split('#');
          }
        }
        if (replybox && (commentId !== replyParent)) {
          document.getElementById(domId).insertBefore(replybox, null);
          replybox.src = replyUrlParts[0]
              + (commentId ? '&parentID=' + commentId : '')
              + '#' + replyUrlParts[1];
          replyParent = commentId;
        }
      };

      var hash = (window.location.hash || '#').substring(1);
      var startThread, targetComment;
      if (/^comment-form_/.test(hash)) {
        startThread = hash.substring('comment-form_'.length);
      } else if (/^c[0-9]+$/.test(hash)) {
        targetComment = hash.substring(1);
      }

      // Configure commenting API:
      var configJso = {
        'maxDepth': config.maxThreadDepth
      };
      var provider = {
        'id': config.postId,
        'data': items,
        'loadNext': paginator,
        'hasMore': hasMore,
        'getMeta': getMeta,
        'onReply': onReply,
        'rendered': true,
        'initComment': targetComment,
        'initReplyThread': startThread,
        'config': configJso,
        'messages': msgs
      };

      var render = function() {
        if (window.goog && window.goog.comments) {
          var holder = document.getElementById('comment-holder');
          window.goog.comments.render(holder, provider);
        }
      };

      // render now, or queue to render when library loads:
      if (window.goog && window.goog.comments) {
        render();
      } else {
        window.goog = window.goog || {};
        window.goog.comments = window.goog.comments || {};
        window.goog.comments.loadQueue = window.goog.comments.loadQueue || [];
        window.goog.comments.loadQueue.push(render);
      }
    })();
// ]]>
  </script>
</b:includable>
<b:includable id='backlinks' var='post'>
  <a name='links'/><h4><data:post.backlinksLabel/></h4>
  <b:if cond='data:post.numBacklinks != 0'>
    <dl class='comments-block' id='comments-block'>
      <b:loop values='data:post.backlinks' var='backlink'>
        <div class='collapsed-backlink backlink-control'>
          <dt class='comment-title'>
            <span class='backlink-toggle-zippy'>&#160;</span>
            <a expr:href='data:backlink.url' rel='nofollow'><data:backlink.title/></a>
            <b:include data='backlink' name='backlinkDeleteIcon'/>
          </dt>
          <dd class='comment-body collapseable'>
            <data:backlink.snippet/>
          </dd>
          <dd class='comment-footer collapseable'>
            <span class='comment-author'><data:post.authorLabel/> <data:backlink.author/></span>
            <span class='comment-timestamp'><data:post.timestampLabel/> <data:backlink.timestamp/></span>
          </dd>
        </div>
      </b:loop>
    </dl>
  </b:if>
  <p class='comment-footer'>
    <a class='comment-link' expr:href='data:post.createLinkUrl' expr:id='data:widget.instanceId + &quot;_backlinks-create-link&quot;' target='_blank'><data:post.createLinkLabel/></a>
  </p>
</b:includable>
<b:includable id='mobile-main' var='top'>
    <!-- posts -->
    <div class='blog-posts hfeed'>

      <b:include data='top' name='status-message'/>

      <b:if cond='data:blog.pageType == &quot;index&quot;'>
        <b:loop values='data:posts' var='post'>
          <b:include data='post' name='mobile-index-post'/>
        </b:loop>
      <b:else/>
        <b:loop values='data:posts' var='post'>
          <b:include data='post' name='mobile-post'/>
        </b:loop>
      </b:if>
    </div>

   <b:include name='mobile-nextprev'/>
</b:includable>
<b:includable id='post' var='post'>
  <div class='post hentry'>
<b:if cond='data:blog.homepageUrl == data:blog.url'>
<b:else/>
<b:if cond='data:blog.pageType == &quot;item&quot;'>
<div style='padding:5px 5px 5px 0; margin:0;font-size:95%; line-height:1.4em; border-bottom:4px double #ccc;'>
<a expr:href='data:blog.homepageUrl'>Home</a> &#187;
<b:if cond='data:post.labels'><b:loop values='data:post.labels' var='label'>
<a expr:href='data:label.url' rel='tag'><data:label.name/></a>
<b:if cond='data:label.isLast != &quot;true&quot;'> , </b:if>
</b:loop>
</b:if> &#187; <data:post.title/>
</div>
</b:if>
</b:if>
    <a expr:name='data:post.id'/>
    <b:if cond='data:post.title'>
      <h3 class='post-title entry-title'>
      <b:if cond='data:post.link'>
        <a expr:href='data:post.link'><data:post.title/></a>
      <b:else/>
        <b:if cond='data:post.url'>
          <b:if cond='data:blog.url != data:post.url'>
            <a expr:href='data:post.url'><data:post.title/></a>
          <b:else/>
            <data:post.title/>
          </b:if>
        <b:else/>
          <data:post.title/>
        </b:if>
      </b:if>
      </h3>
    </b:if>

    <div class='post-header'>
    <div class='post-header-line-1'/>
    </div>
        <b:if cond='data:post.dateHeader'>
          <h2 class='date-header'><span>Written By <data:post.author/> on <data:post.dateHeader/> | <data:post.timestamp/></span></h2>
        </b:if>
<b:if cond='data:blog.pageType == &quot;item&quot;'>
<div style='float:left;width:100%;padding:0;margin:10px 0 5px 0'>
<div class='fb-like' data-send='true' data-show-faces='false' data-width='450'/>
</div>
</b:if>
    <div class='post-body entry-content' expr:id='&quot;post-body-&quot; + data:post.id'>
<div id='posting'>
      <data:post.body/>
</div>

      <div style='clear: both;'/> <!-- clear for photos floats -->
    </div>

<b:if cond='data:blog.pageType == &quot;item&quot;'>
<div style='background:#fff;border:1px solid #d0d0d0;padding:10px 0;margin:13px 0px 8px 0px;width:100%;float:left;height:20px;'>
<div style='float:right;padding-right:10px;'>
<div class='addthis_toolbox addthis_default_style '>
<a class='addthis_button_facebook_like' fb:like:layout='button_count'/>
<a class='addthis_button_tweet'/>
<a class='addthis_button_google_plusone' g:plusone:size='medium'/>
<a class='addthis_counter addthis_pill_style'/>
</div>
<script src='http://s7.addthis.com/js/250/addthis_widget.js#pubid=4rifin' type='text/javascript'/></div>
<div style='float:right;padding:2px 10px 0px 0px;font:normal 12px Arial;color:#666'>
<strong>Share this article</strong> : 

</div>
</div>
</b:if>
<b:if cond='data:blog.pageType == &quot;item&quot;'>
<div class='clearfix' id='related'>
<div class='related-posts'>
<p>Related posts:</p>
<ol>
<b:loop values='data:post.labels' var='label'>
<b:if cond='data:blog.pageType == &quot;item&quot;'>
<script expr:src='&quot;/feeds/posts/default/-/&quot; + data:label.name + &quot;?alt=json-in-script&amp;callback=related_results_labels&amp;max-results=4&quot;' type='text/javascript'/> 							 </b:if></b:loop> 
<script type='text/javascript'> removeRelatedDuplicates(); printRelatedLabels();  </script>
</ol>					 
</div>

<div class='subscribe'>
<p class='intro'>If you enjoyed this article just <a href='http://feeds.feedburner.com/JohnyTemplate' target='_blank' title='feedburner'>
<b>click here</b></a>, or subscribe to receive more great content just like it.</p>
<p class='feed'><a href='http://johnytemplate.blogspot.com/feeds/posts/default'>Subscribe via RSS Feed</a></p>
<form action='http://feedburner.google.com/fb/a/mailverify' method='post' onsubmit='window.open(&apos;http://feedburner.google.com/fb/a/mailverify?uri=JohnyTemplate&apos;, &apos;popupwindow&apos;, &apos;scrollbars=yes,width=550,height=520&apos;);return true' target='popupwindow'>
<input name='uri' type='hidden' value='JohnyTemplate'/>
<input name='loc' type='hidden' value='en_US'/>
<input id='botsub' name='email' onblur='if(this.value==&apos;&apos;)this.value=this.defaultValue;' onfocus='if(this.value==this.defaultValue)this.value=&apos;&apos;;' type='text' value='Enter your email....'/>
<input id='botsubbutton' type='submit' value='Submit'/><br/>
<small>Your information will not be shared. Ever.</small>
</form>
</div>
</div>
</b:if>
    <b:if cond='data:post.hasJumpLink'>
      <div class='jump-link'>
        <a expr:href='data:post.url + &quot;#more&quot;' expr:title='data:post.title'><data:post.jumpText/></a>
      </div>
    </b:if>

    <div class='post-footer'>
    <div class='post-footer-line post-footer-line-1'><span class='post-author vcard'>
        <b:if cond='data:top.showAuthor'>
          <data:top.authorLabel/>
          <span class='fn'><data:post.author/></span>
        </b:if>
      </span> <span class='post-timestamp'>
        <b:if cond='data:top.showTimestamp'>
          <data:top.timestampLabel/>
        <b:if cond='data:post.url'>
          <a class='timestamp-link' expr:href='data:post.url' rel='bookmark' title='permanent link'><abbr class='published' expr:title='data:post.timestampISO8601'><data:post.timestamp/></abbr></a>
        </b:if>
        </b:if>
      </span> <span class='post-comment-link'>
        <b:if cond='data:blog.pageType != &quot;item&quot;'>
          <b:if cond='data:blog.pageType != &quot;static_page&quot;'>
            <b:if cond='data:post.allowComments'>
              <a class='comment-link' expr:href='data:post.addCommentUrl' expr:onclick='data:post.addCommentOnclick'><b:if cond='data:post.numComments == 1'>1 <data:top.commentLabel/><b:else/><data:post.numComments/> <data:top.commentLabelPlural/></b:if></a>
            </b:if>
          </b:if>
        </b:if>
      </span> <span class='post-icons'>
        <!-- email post links -->
        <b:if cond='data:post.emailPostUrl'>
          <span class='item-action'>
          <a expr:href='data:post.emailPostUrl' expr:title='data:top.emailPostMsg'>
              <img alt='' class='icon-action' height='13' src='http://img1.blogblog.com/img/icon18_email.gif' width='18'/>
          </a>
          </span>
        </b:if>

        <!-- quickedit pencil -->
        <b:include data='post' name='postQuickEdit'/>
      </span> <div class='post-share-buttons'>
        <b:if cond='data:post.sharePostUrl'>
          <b:include data='post' name='shareButtons'/>
        </b:if>
      </div> </div>

      <div class='post-footer-line post-footer-line-2'><span class='post-labels'>
        <b:if cond='data:post.labels'>
          <data:postLabelsLabel/>
          <b:loop values='data:post.labels' var='label'>
            <a expr:href='data:label.url' rel='tag'><data:label.name/></a><b:if cond='data:label.isLast != &quot;true&quot;'>,</b:if>
          </b:loop>
        </b:if>
      </span> </div>

      <div class='post-footer-line post-footer-line-3'><span class='post-location'>
        <b:if cond='data:top.showLocation'>
          <b:if cond='data:post.location'>
            <data:postLocationLabel/>
            <a expr:href='data:post.location.mapsUrl' target='_blank'><data:post.location.name/></a>
          </b:if>
        </b:if>
      </span> </div>
    </div>
  </div>
</b:includable>
<b:includable id='comment_picker' var='post'>
  <b:if cond='data:post.commentSource == 1'>
    <b:include data='post' name='iframe_comments'/>
  <b:else/>
    <b:if cond='data:post.showThreadedComments'>
      <b:include data='post' name='threaded_comments'/>
    <b:else/>
      <b:include data='post' name='comments'/>
    </b:if>
  </b:if>
</b:includable>
<b:includable id='status-message'>
  <b:if cond='data:navMessage'>
  <div class='status-msg-wrap'>
    <div class='status-msg-body'>
      <data:navMessage/>
    </div>
    <div class='status-msg-border'>
      <div class='status-msg-bg'>
        <div class='status-msg-hidden'><data:navMessage/></div>
      </div>
    </div>
  </div>
  <div style='clear: both;'/>
  </b:if>
</b:includable>
<b:includable id='comment-form' var='post'>
  <div class='comment-form'>
    <a name='comment-form'/>
    <b:if cond='data:mobile'>
      <h4 id='comment-post-message'>
        <a expr:id='data:widget.instanceId + &quot;_comment-editor-toggle-link&quot;' href='javascript:void(0)'><data:postCommentMsg/></a></h4>
      <p><data:blogCommentMessage/></p>
      <data:blogTeamBlogMessage/>
      <a expr:href='data:post.commentFormIframeSrc' id='comment-editor-src'/>
      <iframe allowtransparency='true' class='blogger-iframe-colorize blogger-comment-from-post' frameborder='0' height='410' id='comment-editor' name='comment-editor' src='' style='display: none' width='100%'/>
    <b:else/>
      <h4 id='comment-post-message'><data:postCommentMsg/></h4>
      <p><data:blogCommentMessage/></p>
      <data:blogTeamBlogMessage/>
      <a expr:href='data:post.commentFormIframeSrc' id='comment-editor-src'/>
      <iframe allowtransparency='true' class='blogger-iframe-colorize blogger-comment-from-post' frameborder='0' height='410' id='comment-editor' name='comment-editor' src='' width='100%'/>
    </b:if>
    <data:post.friendConnectJs/>
    <data:post.cmtfpIframe/>
    <script type='text/javascript'>
      BLOG_CMT_createIframe(&#39;<data:post.appRpcRelayPath/>&#39;, &#39;<data:post.communityId/>&#39;);
    </script>
  </div>
</b:includable>
<b:includable id='threaded_comments' var='post'>
  <div class='comments' id='comments'>
    <a name='comments'/>
    <h4><data:post.commentLabelFull/>:</h4>

    <div class='comments-content'>
      <b:if cond='data:post.embedCommentForm'>
        <b:include data='post' name='threaded_comment_js'/>
      </b:if>
      <div id='comment-holder'>
         <data:post.commentHtml/>
      </div>
    </div>

    <p class='comment-footer'>
      <b:if cond='data:post.allowNewComments'>
        <b:include data='post' name='threaded-comment-form'/>
      <b:else/>
        <data:post.noNewCommentsText/>
      </b:if>
    </p>

    <b:if cond='data:showCmtPopup'>
      <div id='comment-popup'>
        <iframe allowtransparency='true' frameborder='0' id='comment-actions' name='comment-actions' scrolling='no'>
        </iframe>
      </div>
    </b:if>

    <div id='backlinks-container'>
    <div expr:id='data:widget.instanceId + &quot;_backlinks-container&quot;'>
       <b:if cond='data:post.showBacklinks'>
         <b:include data='post' name='backlinks'/>
       </b:if>
    </div>
    </div>
  </div>
</b:includable>
<b:includable id='backlinkDeleteIcon' var='backlink'>
  <span expr:class='&quot;item-control &quot; + data:backlink.adminClass'>
    <a expr:href='data:backlink.deleteUrl' expr:title='data:top.deleteBacklinkMsg'>
      <img src='//www.blogger.com/img/icon_delete13.gif'/>
    </a>
  </span>
</b:includable>
<b:includable id='mobile-nextprev'>
  <div class='blog-pager' id='blog-pager'>
    <b:if cond='data:newerPageUrl'>
      <div class='mobile-link-button' id='blog-pager-newer-link'>
      <a class='blog-pager-newer-link' expr:href='data:newerPageUrl' expr:id='data:widget.instanceId + &quot;_blog-pager-newer-link&quot;' expr:title='data:newerPageTitle'><data:newerPageTitle/></a>
      </div>
    </b:if>

    <b:if cond='data:olderPageUrl'>
      <div class='mobile-link-button' id='blog-pager-older-link'>
      <a class='blog-pager-older-link' expr:href='data:olderPageUrl' expr:id='data:widget.instanceId + &quot;_blog-pager-older-link&quot;' expr:title='data:olderPageTitle'><data:olderPageTitle/></a>
      </div>
    </b:if>

    <div class='mobile-link-button' id='blog-pager-home-link'>
    <a class='home-link' expr:href='data:blog.homepageUrl'><data:homeMsg/></a>
    </div>

    <div class='mobile-desktop-link'>
      <a class='home-link' expr:href='data:desktopLinkUrl'><data:desktopLinkMsg/></a>
    </div>

  </div>
  <div class='clear'/>
</b:includable>
<b:includable id='mobile-post' var='post'>
  <div class='date-outer'>
    <b:if cond='data:post.dateHeader'>
      <h2 class='date-header'><span><data:post.dateHeader/></span></h2>
    </b:if>
    <div class='date-posts'>
      <div class='post-outer'>

        <div class='post hentry uncustomized-post-template' itemscope='itemscope' itemtype='http://schema.org/BlogPosting'>
          <a expr:name='data:post.id'/>
          <b:if cond='data:post.title'>
            <h3 class='post-title entry-title' itemprop='name'>
              <b:if cond='data:post.link'>
                <a expr:href='data:post.link'><data:post.title/></a>
              <b:else/>
                <b:if cond='data:post.url'>
                  <b:if cond='data:blog.url != data:post.url'>
                    <a expr:href='data:post.url'><data:post.title/></a>
                  <b:else/>
                    <data:post.title/>
                  </b:if>
                <b:else/>
                  <data:post.title/>
                </b:if>
              </b:if>
            </h3>
          </b:if>

          <div class='post-header'>
            <div class='post-header-line-1'/>
          </div>

          <div class='post-body entry-content' expr:id='&quot;post-body-&quot; + data:post.id' itemprop='articleBody'>
            <data:post.body/>
            <div style='clear: both;'/> <!-- clear for photos floats -->
          </div>

          <div class='post-footer'>
            <div class='post-footer-line post-footer-line-1'>
              <span class='post-author vcard'>
                <b:if cond='data:top.showAuthor'>
                  <b:if cond='data:post.authorProfileUrl'>
                    <span class='fn'>
                      <a expr:href='data:post.authorProfileUrl' itemprop='author' rel='author' title='author profile'>
                        <data:post.author/>
                      </a>
                    </span>
                  <b:else/>
                    <span class='fn'><data:post.author/></span>
                  </b:if>
                </b:if>
              </span>

              <span class='post-timestamp'>
                <b:if cond='data:top.showTimestamp'>
                  <data:top.timestampLabel/>
                  <b:if cond='data:post.url'>
                    <a class='timestamp-link' expr:href='data:post.url' itemprop='url' rel='bookmark' title='permanent link'><abbr class='published' expr:title='data:post.timestampISO8601' itemprop='datePublished'><data:post.timestamp/></abbr></a>
                  </b:if>
                </b:if>
              </span>

              <span class='post-comment-link'>
                <b:if cond='data:blog.pageType != &quot;item&quot;'>
                  <b:if cond='data:blog.pageType != &quot;static_page&quot;'>
                    <b:if cond='data:post.allowComments'>
                      <a class='comment-link' expr:href='data:post.addCommentUrl' expr:onclick='data:post.addCommentOnclick'>
                        <data:post.commentLabelFull/>:
                      </a>
                    </b:if>
                  </b:if>
                </b:if>
              </span>
            </div>

            <div class='post-footer-line post-footer-line-2'>
              <b:if cond='data:top.showMobileShare'>
                <div class='mobile-link-button goog-inline-block' id='mobile-share-button'>
                  <a href='javascript:void(0);'><data:shareMsg/></a>
                </div>
              </b:if>
              <b:if cond='data:top.showDummy'>
                <div class='goog-inline-block dummy-container'><data:post.dummyTag/></div>
              </b:if>
            </div>

          </div>
        </div>

        <b:if cond='data:blog.pageType == &quot;static_page&quot;'>
          <b:include data='post' name='comment_picker'/>
        </b:if>
        <b:if cond='data:blog.pageType == &quot;item&quot;'>
          <b:include data='post' name='comment_picker'/>
        </b:if>
      </div>
    </div>
  </div>
</b:includable>
<b:includable id='postQuickEdit' var='post'>
  <b:if cond='data:post.editUrl'>
    <span expr:class='&quot;item-control &quot; + data:post.adminClass'>
      <a expr:href='data:post.editUrl' expr:title='data:top.editPostMsg'>
        <img alt='' class='icon-action' height='18' src='http://img2.blogblog.com/img/icon18_edit_allbkg.gif' width='18'/>
      </a>
    </span>
  </b:if>
</b:includable>
<b:includable id='main' var='top'>

  <b:if cond='data:top.showDummy'>
    <script expr:src='data:top.dummyUrl'/>
  </b:if>

  <b:if cond='data:mobileindex'>
    <!-- mobile index -->
    <div class='blog-posts hfeed'>
      <b:loop values='data:posts' var='post'>
        <b:if cond='data:post.isFirstPost == &quot;false&quot;'>
          &lt;/div&gt;
        </b:if>
        &lt;div class=&quot;mobile-date-outer date-outer&quot;&gt;
        <div expr:onclick='data:post.indexOnclick'>
          <b:include data='post' name='mobile-index-post'/>
        </div>
        <b:if cond='data:post.trackLatency'>
          <data:post.latencyJs/>
        </b:if>
      </b:loop>
      <b:if cond='data:numPosts != 0'>
        &lt;/div&gt;
      </b:if>
    </div>
  <b:else/>

    <!-- posts -->
    <div class='blog-posts hfeed'>

      <b:include data='top' name='status-message'/>

      <data:defaultAdStart/>
      <b:loop values='data:posts' var='post'>
        <b:if cond='data:post.isDateStart'>
          <b:if cond='data:post.isFirstPost == &quot;false&quot;'>
            &lt;/div&gt;&lt;/div&gt;
          </b:if>
        </b:if>
        <b:if cond='data:post.isDateStart'>
          &lt;div class=&quot;date-outer&quot;&gt;
        </b:if>






        <b:if cond='data:post.isDateStart'>
          &lt;div class=&quot;date-posts&quot;&gt;
        </b:if>
        <div class='post-outer'>
        <b:include data='post' name='post'/>
        <b:if cond='data:blog.pageType == &quot;static_page&quot;'>
          <b:include data='post' name='comments'/>
        </b:if>
        <b:if cond='data:blog.pageType == &quot;item&quot;'>
          <b:include data='post' name='comments'/>
        </b:if>
        </div>
        <b:if cond='data:post.includeAd'>
          <b:if cond='data:post.isFirstPost'>
            <data:defaultAdEnd/>
          <b:else/>
            <data:adEnd/>
          </b:if>
          <b:if cond='data:mobile == &quot;false&quot;'>
            <div class='inline-ad'>
              <data:adCode/>
            </div>
          </b:if>
          <data:adStart/>
        </b:if>
        <b:if cond='data:post.trackLatency'>
          <data:post.latencyJs/>
        </b:if>
      </b:loop>
      <b:if cond='data:numPosts != 0'>
        &lt;/div&gt;&lt;/div&gt;
      </b:if>
      <data:adEnd/>
    </div>
  </b:if>

  <!-- navigation -->
  <b:if cond='data:mobile'>
    <b:include name='mobile-nextprev'/>
  <b:else/>
    <b:include name='nextprev'/>

    <!-- feed links -->
    <b:include name='feedLinks'/>
  </b:if>

  <b:if cond='data:top.showStars'>
    <script src='//www.google.com/jsapi' type='text/javascript'/>
    <script type='text/javascript'>
      google.load(&quot;annotations&quot;, &quot;1&quot;, {&quot;locale&quot;: &quot;<data:top.languageCode/>&quot;});
      function initialize() {
        google.annotations.setApplicationId(<data:top.blogspotReviews/>);
        google.annotations.createAll();
        google.annotations.fetch();
      }
      google.setOnLoadCallback(initialize);
    </script>
  </b:if>
</b:includable>
<b:includable id='commentDeleteIcon' var='comment'>
  <span expr:class='&quot;item-control &quot; + data:comment.adminClass'>
    <b:if cond='data:showCmtPopup'>
      <div class='goog-toggle-button'>
        <div class='goog-inline-block comment-action-icon'/>
      </div>
    <b:else/>
      <a class='comment-delete' expr:href='data:comment.deleteUrl' expr:title='data:top.deleteCommentMsg'>
        <img src='//www.blogger.com/img/icon_delete13.gif'/>
      </a>
    </b:if>
  </span>
</b:includable>
<b:includable id='feedLinks'>
  <b:if cond='data:blog.pageType != &quot;item&quot;'> <!-- Blog feed links -->
    <b:if cond='data:feedLinks'>
      <div class='blog-feeds'>
        <b:include data='feedLinks' name='feedLinksBody'/>
      </div>
    </b:if>

    <b:else/> <!--Post feed links -->
    <div class='post-feeds'>
      <b:loop values='data:posts' var='post'>
        <b:if cond='data:post.allowComments'>
          <b:if cond='data:post.feedLinks'>
            <b:include data='post.feedLinks' name='feedLinksBody'/>
          </b:if>
        </b:if>
      </b:loop>
    </div>
  </b:if>
</b:includable>
<b:includable id='threaded-comment-form' var='post'>
  <div class='comment-form'>
    <a name='comment-form'/>
    <b:if cond='data:mobile'>
      <p><data:blogCommentMessage/></p>
      <data:blogTeamBlogMessage/>
      <a expr:href='data:post.commentFormIframeSrc' id='comment-editor-src'/>
      <iframe allowtransparency='true' class='blogger-iframe-colorize blogger-comment-from-post' frameborder='0' height='410' id='comment-editor' name='comment-editor' src='' style='display: none' width='100%'/>
    <b:else/>
      <p><data:blogCommentMessage/></p>
      <data:blogTeamBlogMessage/>
      <a expr:href='data:post.commentFormIframeSrc' id='comment-editor-src'/>
      <iframe allowtransparency='true' class='blogger-iframe-colorize blogger-comment-from-post' frameborder='0' height='410' id='comment-editor' name='comment-editor' src='' width='100%'/>
    </b:if>
    <data:post.friendConnectJs/>
    <data:post.cmtfpIframe/>
    <script type='text/javascript'>
      BLOG_CMT_createIframe(&#39;<data:post.appRpcRelayPath/>&#39;, &#39;<data:post.communityId/>&#39;);
    </script>
  </div>
</b:includable>
<b:includable id='mobile-index-post' var='post'>
  <b:if cond='data:post.dateHeader'>
    <div class='mobile-index-date'>
      <div class='date-header'>
        <span><data:post.dateHeader/></span>
      </div>
    </div>
  </b:if>

  <div class='mobile-post-outer'>
    <div class='mobile-index-title-outer'>
      <h3 class='mobile-index-title entry-title'>
        <a href='javascript:void(0)'><data:post.title/></a>
      </h3>
    </div>

    <div>
      <div class='mobile-index-arrow'>
        <a href='javascript:void(0)'>&amp;rsaquo;</a>
      </div>

      <div class='mobile-post-contents'>
        <b:if cond='data:post.thumbnailUrl'>
          <div class='mobile-index-thumbnail'>
            <div class='Image'>
              <img expr:src='data:post.thumbnailUrl'/>
            </div>
          </div>
        </b:if>

        <div class='post-body'>
          <b:if cond='data:post.snippet'><data:post.snippet/></b:if>
        </div>
      </div>
      <div style='clear: both;'/>
    </div>

    <div class='mobile-index-comment'>
      <b:if cond='data:blog.pageType != &quot;item&quot;'>
        <b:if cond='data:blog.pageType != &quot;static_page&quot;'>
          <b:if cond='data:post.allowComments'>
            <b:if cond='data:post.numComments != 0'>
              <a class='comment-link' expr:href='data:post.addCommentUrl' expr:onclick='data:post.addCommentOnclick'><b:if cond='data:post.numComments == 1'>1 <data:top.commentLabel/><b:else/><data:post.numComments/> <data:top.commentLabelPlural/></b:if></a>
            </b:if>
          </b:if>
        </b:if>
      </b:if>
    </div>
  </div>
</b:includable>
<b:includable id='iframe_comments' var='post'>
  <script expr:src='data:post.commentSrc' type='text/javascript'/>
  <script type='text/javascript'>
    (function() {
      var url = &#39;<data:post.canonicalUrl/>&#39;;
// <![CDATA[
      gapi.comments.render('cmt_iframe_holder', {
          'href': url,
          'view_type': 'UNFILTERED'
      });
    })();
// ]]>
  </script>
  <div id='cmt_iframe_holder'/>
</b:includable>
<b:includable id='feedLinksBody' var='links'>
  <div class='feed-links'>
  <data:feedLinksMsg/>
  <b:loop values='data:links' var='f'>
     <a class='feed-link' expr:href='data:f.url' expr:type='data:f.mimeType' target='_blank'><data:f.name/> (<data:f.feedType/>)</a>
  </b:loop>
  </div>
</b:includable>
<b:includable id='comments' var='post'>
<div class='comments' id='comments'>
  <a name='comments'/>
  <b:if cond='data:post.allowComments'>
  <h4>
  <b:if cond='data:post.numComments &gt; 0'>
<a href='#comment-form' style='float:right; margin-right:5px;'>+ <data:commentLabelPlural/> +</a>
  <b:if cond='data:post.numComments == 1'>
  <span id='cm_total'>1</span> <data:commentLabelPlural/> 
  <b:else/>
  <span id='cm_total'><data:post.numComments/></span> <data:commentLabelPlural/>
  </b:if>
  </b:if>
  </h4>
  
  <div id='cm_reply_css'/>
  
  <div class='cm_pagenavi' id='cm_page'/>
  
  <div id='cm_block'>
  <b:loop values='data:post.comments' var='comment'>
  <b:if cond='data:comment.isDeleted'>
  <b:else/>
  
  <div expr:id='data:comment.anchorName'>
  <div class='cm_wrap'>
  <a expr:name='data:comment.anchorName'/> 
  <div class='cm_head'>
  <div class='cm_avatar'>
  <b:if cond='data:blog.enabledCommentProfileImages'>
  <data:comment.authorAvatarImage/>
  </b:if> 
  </div>
  <div class='cm_reply'>
  <a expr:href='&quot;https://www.blogger.com/comment.g?blogID=7984474047226005820&amp;postID=&quot; + data:post.id + &quot;&amp;isPopup=true&amp;postBody=%40%3C%61%20%68%72%65%66%3D%22%23&quot; + data:comment.anchorName + &quot;%22%3E&quot; + data:comment.author + &quot;%3C%2F%61%3E#form&quot;' onclick='javascript:window.open(this.href, &quot;bloggerPopup&quot;, &quot;toolbar=0,location=0,statusbar=1,menubar=0,scrollbars=yes,width=600,height=500&quot;); return false;'>Reply</a>
  </div>
  </div>
  <b:if cond='data:comment.author == data:post.author'>
  <dd class='cm_entry'>
 <span class='cm_arrow'/>
  <div class='cm_info_a'>
  <div class='cm_name_a'>
  <b:if cond='data:comment.authorUrl'>
  <img height='20px' src='http://2.bp.blogspot.com/-XiZ57LtfzgQ/Tz0Rh1nrojI/AAAAAAAAFUA/9TIK_UXb_pA/s1600/admin.png' title='Admin' width='20px'/>
  <a expr:href='data:comment.authorUrl' rel='nofollow' target='_blank'>
  <data:comment.author/>
  </a>
  <b:else/>
  <b><data:comment.author/></b>
  </b:if>
  </div>
  <div class='cm_date_a'>
  <data:comment.timestamp/>
  <b:include data='comment' name='commentDeleteIcon'/>
  </div>
  <div class='clear'/> 
  </div>
  
  <div class='comment-body-author'>
  <p><data:comment.body/></p>
  </div>
  </dd>
  <b:else/>
  <dd class='cm_entry'>
  <span class='cm_arrow'/>
  <div class='cm_info'>
  <div class='cm_name'>
  <b:if cond='data:comment.authorUrl'>
  <a expr:href='data:comment.authorUrl' rel='nofollow' target='_blank'>
  <data:comment.author/>
  </a>
  <b:else/>
  <b><data:comment.author/></b>
  </b:if>
  </div>
  <div class='cm_date'>
  <data:comment.timestamp/>
  <b:include data='comment' name='commentDeleteIcon'/>
  </div>
  <div class='clear'/> 
  </div>

 <p><data:comment.body/></p>
  </dd>
  </b:if>
  </div>
  </div>
  </b:if> 
  </b:loop>
  </div>
 <div class='cm_pagenavi' id='cm_page_copy'/>
  
  <b:if cond='data:post.embedCommentForm'>
  <b:if cond='data:post.allowNewComments'>
  <b:include data='post' name='comment-form'/>
  <b:else/>
  <data:post.noNewCommentsText/>
  </b:if>
  <b:else/>
  <b:if cond='data:post.allowComments'>
  <a expr:href='data:post.addCommentUrl' expr:onclick='data:post.addCommentOnclick'><data:postCommentMsg/></a>
  </b:if>
  </b:if>
 </b:if>
  </div>
</b:includable>
</b:widget>
</b:section>
<b:if cond='data:blog.pageType != &quot;item&quot;'>
<!--Page Navigation Starts-->
<script type='text/javascript'>
var pageCount=6;
var displayPageNum=6;
var upPageWord =&#39;Previous&#39;;
var downPageWord =&#39;Next&#39;;
</script>
<script src='https://masolis-javascript.googlecode.com/svn/trunk/page%20navigation.js' type='text/javascript'/>
<!--Page Navigation Ends -->
      <div id='main2-wrapper'>
<b:section class='main2' id='main2' preferred='yes'>
<b:widget id='HTML2' locked='false' title='Health' type='HTML'>
<b:includable id='main'>
  <!-- only display title if it's non-empty -->
  <b:if cond='data:title != &quot;&quot;'>
    <h2 class='title'><data:title/></h2>
  </b:if>
  <div class='widget-content'>
    <data:content/>
  </div>

  <b:include name='quickedit'/>
</b:includable>
</b:widget>
</b:section>
      </div>
</b:if>
      </div>
</div>
      <div id='sidebar-wrapper'>
        <b:section class='sidebar' id='sidebar' preferred='yes'>
<b:widget id='PopularPosts1' locked='false' title='Popular Posts' type='PopularPosts'>
<b:includable id='main'>
  <b:if cond='data:title'><h2><data:title/></h2></b:if>
  <div class='widget-content popular-posts'>
    <ul>
      <b:loop values='data:posts' var='post'>
      <li>
        <b:if cond='data:showThumbnails == &quot;false&quot;'>
          <b:if cond='data:showSnippets == &quot;false&quot;'>
            <!-- (1) No snippet/thumbnail -->
            <a expr:href='data:post.href'><data:post.title/></a>
          <b:else/>
            <!-- (2) Show only snippets -->
            <div class='item-title'><a expr:href='data:post.href'><data:post.title/></a></div>
            <div class='item-snippet'><data:post.snippet/></div>
          </b:if>
        <b:else/>
          <b:if cond='data:showSnippets == &quot;false&quot;'>
            <!-- (3) Show only thumbnails -->
            <div class='item-thumbnail-only'>
              <b:if cond='data:post.thumbnail'>
                <div class='item-thumbnail'>
                  <a expr:href='data:post.href' target='_blank'>
                    <img alt='' border='0' expr:height='data:thumbnailSize' expr:src='data:post.thumbnail' expr:width='data:thumbnailSize'/>
                  </a>
                </div>
              </b:if>
              <div class='item-title'><a expr:href='data:post.href'><data:post.title/></a></div>
            </div>
            <div style='clear: both;'/>
          <b:else/>
            <!-- (4) Show snippets and thumbnails -->
            <div class='item-content'>
              <b:if cond='data:post.thumbnail'>
                <div class='item-thumbnail'>
                  <a expr:href='data:post.href' target='_blank'>
                    <img alt='' border='0' expr:height='data:thumbnailSize' expr:src='data:post.thumbnail' expr:width='data:thumbnailSize'/>
                  </a>
                </div>
              </b:if>
              <div class='item-title'><a expr:href='data:post.href'><data:post.title/></a></div>
              <div class='item-snippet'><data:post.snippet/></div>
            </div>
            <div style='clear: both;'/>
          </b:if>
        </b:if>
      </li>
      </b:loop>
    </ul>
    <b:include name='quickedit'/>
  </div>
</b:includable>
</b:widget>
<b:widget id='HTML1' locked='false' title='' type='HTML'>
<b:includable id='main'>
  <!-- only display title if it's non-empty -->
  <b:if cond='data:title != &quot;&quot;'>
    <h2 class='title'><data:title/></h2>
  </b:if>
  <div class='widget-content'>
    <data:content/>
  </div>

  <b:include name='quickedit'/>
</b:includable>
</b:widget>
<b:widget id='HTML9' locked='false' title='' type='HTML'>
<b:includable id='main'>
  <!-- only display title if it's non-empty -->
  <b:if cond='data:title != &quot;&quot;'>
    <h2 class='title'><data:title/></h2>
  </b:if>
  <div class='widget-content'>
    <data:content/>
  </div>

  <b:include name='quickedit'/>
</b:includable>
</b:widget>
</b:section>
      </div>

      <!-- spacer for skins that want sidebar and main to be the same height-->
      <div class='clear'>&#160;</div>

    </div> <!-- end content-wrapper -->
  </div></div> <!-- end outer-wrapper -->
<div id='footer-outer'>
<div class='navbottom'>
<div class='nav1'>
<ul>
<li><a href='/' title='Home'>Home</a></li>
<li><a href='#'>Forum</a></li>
<li><a href='#'>Color Code</a></li>
<li><a href='#'>Archieves</a></li>
<li><a href='#'>Contact us</a></li>

</ul>
</div>
<div style='clear:both;'/>
</div>
<b:if cond='data:blog.pageType != &quot;item&quot;'>
<div class='picfooter'>
<div id='footer-wrapper'>
<b:section class='footer' id='footer' preferred='yes'/>

<div id='footer1-wrapper'>
<b:section class='footer' id='footer1' preferred='yes'>
<b:widget id='HTML5' locked='false' title='Random Post' type='HTML'>
<b:includable id='main'>
  <!-- only display title if it's non-empty -->
  <b:if cond='data:title != &quot;&quot;'>
    <h2 class='title'><data:title/></h2>
  </b:if>
  <div class='widget-content'>
    <data:content/>
  </div>

  <b:include name='quickedit'/>
</b:includable>
</b:widget>
</b:section>
</div>

<div id='footer2-wrapper'>
<b:section class='footer' id='footer2' preferred='yes'>
<b:widget id='HTML6' locked='false' title='Template Information' type='HTML'>
<b:includable id='main'>
  <!-- only display title if it's non-empty -->
  <b:if cond='data:title != &quot;&quot;'>
    <h2 class='title'><data:title/></h2>
  </b:if>
  <div class='widget-content'>
    <data:content/>
  </div>

  <b:include name='quickedit'/>
</b:includable>
</b:widget>
</b:section>
</div>

<div id='footer3-wrapper'>
<b:section class='footer' id='footer3' preferred='yes'>
<b:widget id='HTML7' locked='false' title='Template Updates' type='HTML'>
<b:includable id='main'>
  <!-- only display title if it's non-empty -->
  <b:if cond='data:title != &quot;&quot;'>
    <h2 class='title'><data:title/></h2>
  </b:if>
  <div class='widget-content'>
    <data:content/>
  </div>

  <b:include name='quickedit'/>
</b:includable>
</b:widget>
</b:section>
</div> <div style='clear:both;'/>

</div>
</div>
</b:if>

<div class='creditpic'>
<div class='credit'>
<div style='float:left;text-align:left;'>
<strong>Support :</strong>

<a href='http://creatingwebsite-maskolis.blogspot.com/'>Creating Website</a> | <a href='http://johnytemplate.blogspot.com/'>Johny Template</a> | <a href='http://mas-template.blogspot.com/'>Mas Template</a><br/>

Copyright &#169; 2011. <a class='sitename' expr:href='data:blog.homepageUrl' expr:title='data:blog.title'><data:blog.title/></a> - All Rights Reserved
</div>
<div style='float:right;text-align:right;'>
Template Modify by <a href='http://creatingwebsite-maskolis.blogspot.com/'>Creating Website</a> Inspired by <a href='http://www.rockettheme.com/'>Metamorph Rockettheme</a><br/> 
Proudly powered by <a href='http://www.blogger.com'>Blogger</a>

</div>
</div>
</div></div>
<script src='https://masolis-javascript.googlecode.com/svn/trunk/comment.js' type='text/javascript'/>
<script src='http://penyimpanan-maskolis.googlecode.com/files/imageslider.js'/>
<script>
//<![CDATA[
featuredcontentslider.init({
id: "slider1", //id of main slider DIV
contentsource: ["inline", ""], //Valid values: ["inline", ""] or ["ajax", "path_to_file"]
toc: "#increment", //Valid values: "#increment", "markup", ["label1", "label2", etc]
nextprev: ["Previous", "Next"], //labels for "prev" and "next" links. Set to "" to hide.
enablefade: [true, 0.5], //[true/false, fadedegree]
autorotate: [true, 6000], //[true/false, pausetime]
onChange: function(previndex, curindex){ //event handler fired whenever script changes slide
//previndex holds index of last slide viewed b4 current (1=1st slide, 2nd=2nd etc)
//curindex holds index of currently shown slide (1=1st slide, 2nd=2nd etc)
}
})
//]]>
</script>
</body>
</html>