<?xml version="1.0" encoding="UTF-8" ?>
<!DOCTYPE html PUBLIC "-//W3C//DTD XHTML 1.0 Strict//EN" "http://www.w3.org/TR/xhtml1/DTD/xhtml1-strict.dtd">
<html expr:dir='data:blog.languageDirection' xmlns='http://www.w3.org/1999/xhtml' xmlns:b='http://www.google.com/2005/gml/b' xmlns:data='http://www.google.com/2005/gml/data' xmlns:expr='http://www.google.com/2005/gml/expr'>
  <head>
    <b:include data='blog' name='all-head-content'/>
    <b:if cond='data:blog.pageType == &quot;index&quot;'>
    <title><data:blog.pageTitle/></title>
    <b:else/>
    <title><data:blog.pageName/> - <data:blog.title/></title>
    </b:if>
<meta content='type your description here' name='description'/>
<meta content='type your keyword here' name='keywords'/>
<meta content='INDEX, FOLLOW' name='ROBOTS'/> 
<meta content='Mas Templates' name='author'/>
    <b:skin><![CDATA[/*
-----------------------------------------------
Blogger Template Style
Name    : Johny Magazine 2
Author  : Creating Website
Url     : http://creatingwebsite-maskolis.blogspot.com/
Updated by: Blogger Team
----------------------------------------------- */

/* Variable definitions
====================
<Variable name="bgcolor" description="Page Background Color"
type="color" default="#fff" value="#ffffff">
<Variable name="textcolor" description="Text Color"
type="color" default="#cac" value="#cacac9">
<Variable name="linkcolor" description="Link Color"
type="color" default="#58a" value="#b0130d">
<Variable name="pagetitlecolor" description="Blog Title Color"
type="color" default="#666" value="#666666">
<Variable name="descriptioncolor" description="Blog Description Color"
type="color" default="#999" value="#999999">
<Variable name="titlecolor" description="Post Title Color"
type="color" default="#c60" value="#cc6600">
<Variable name="bordercolor" description="Border Color"
type="color" default="#ccc" value="#cccccc">
<Variable name="sidebarcolor" description="Sidebar Title Color"
type="color" default="#999" value="#999999">
<Variable name="sidebartextcolor" description="Sidebar Text Color"
type="color" default="#666" value="#666666">
<Variable name="visitedlinkcolor" description="Visited Link Color"
type="color" default="#999" value="#999999">
<Variable name="hoverlinkcolor" description="Hover Link Color"
type="color" default="#999" value="#999999">
<Variable name="bodyfont" description="Text Font"
type="font" default="normal normal 100% Georgia, Serif" value="normal normal 100% Georgia, Serif">
<Variable name="headerfont" description="Sidebar Title Font"
type="font"
default="normal normal 78% 'Trebuchet MS',Trebuchet,Arial,Verdana,Sans-serif" value="normal normal 78% 'Trebuchet MS',Trebuchet,Arial,Verdana,Sans-serif">
<Variable name="pagetitlefont" description="Blog Title Font"
type="font"
default="normal normal 200% Georgia, Serif" value="normal normal 200% Georgia, Serif">
<Variable name="descriptionfont" description="Blog Description Font"
type="font"
default="normal normal 78% 'Trebuchet MS', Trebuchet, Arial, Verdana, Sans-serif" value="normal normal 78% 'Trebuchet MS', Trebuchet, Arial, Verdana, Sans-serif">
<Variable name="postfooterfont" description="Post Footer Font"
type="font"
default="normal normal 78% 'Trebuchet MS', Trebuchet, Arial, Verdana, Sans-serif" value="normal normal 78% 'Trebuchet MS', Trebuchet, Arial, Verdana, Sans-serif">
<Variable name="startSide" description="Side where text starts in blog language"
type="automatic" default="left" value="left">
<Variable name="endSide" description="Side where text ends in blog language"
type="automatic" default="right" value="right">
*/

/* Use this with templates/template-twocol.html */

#navbar-iframe{height:0;visibility:hidden;display:none}
body{background:#151515;color:$textcolor;font:x-small Georgia Serif;font-size:small;text-align:center;margin:0}
a:link{color:$linkcolor;text-decoration:none}
a:visited{color:$visitedlinkcolor;text-decoration:none}
a:hover{color:$titlecolor;text-decoration:none}
a img{border-width:0}
#headerpic-wrapper{background:url(http://2.bp.blogspot.com/-BvF1AGzj_BQ/Tx1gD780LqI/AAAAAAAAEt4/Recs4jcfwUc/s1600/header-bg.png) repeat-x bottom left;width:100%;border:0 solid #ccc;margin:0;padding:0}
#header-wrapper{width:960px;border:0 solid #ccc;margin:0 auto}
#header-inner{background-position:center;margin-left:auto;margin-right:auto}
#header{float:left;width:450px;border:0 solid $bordercolor;text-align:left;color:$pagetitlecolor;margin:0}
#header2{float:right;width:468px;text-align:left;color:#555;margin:0 auto}
.header .widget,.header2 .widget{margin:0 auto;padding:10px 0}
#header h1{line-height:1.2em;text-transform:uppercase;letter-spacing:.1em;font:$pagetitlefont;margin:0 auto;padding:10px 5px .15em}
#header a{color:$pagetitlecolor;text-decoration:none}
#header a:hover{color:$pagetitlecolor}
#header .description{max-width:100%;text-transform:uppercase;letter-spacing:.01em;line-height:1.2em;font:$descriptionfont;color:$descriptioncolor;margin:0 auto;padding:0 5px 5px}
#header img{margin-startside:auto;margin-endside:auto}
#outer-wrapper{background:#151515;width:950px;-moz-box-shadow:0 5px 5px 5px rgba(0,0,0,0.6);-webkit-box-shadow:0 5px 5px 5px rgba(0,0,0,0.6);text-align:$startSide;font:$bodyfont;margin:0 auto;padding:10px 10px 0 0}
#crosscol-wrapper{margin:0 auto;padding:0 auto}
.crosscol .widget{margin:0 auto;padding:0 0 6px}
#main-wrapper{padding-left:20px;width:610px;float:$startSide;word-wrap:break-word;overflow:hidden}
#sidebar-wrapper{width:300px;float:$endSide;word-wrap:break-word;overflow:hidden}
#midle-wrapper{padding-left:10px;width:270px;float:$endSide;word-wrap:break-word;overflow:hidden}
#mainpage-wrapper{width:640px;float:left;word-wrap:break-word;overflow:hidden}
.slide-wrapper{width:auto;float:left;word-wrap:break-word;overflow:hidden;margin:0 auto;padding:0 auto}
.slide .widget{background:#222;margin:0 0 10px 10px;padding:10px}
h2{font:$headerfont;line-height:1.4em;text-transform:uppercase;letter-spacing:.01em;color:$sidebarcolor;margin:.5em 0 .25em}
h2.date-header{text-transform:none;font:normal 12px Arial;color:#999;line-height:1.2em;margin:.1em 0}
.post{background:#050505 url(http://2.bp.blogspot.com/-lVbCn6XBfp4/Txg_3blAi1I/AAAAAAAAEpI/j7dTuNpF1DM/s1600/post-bg.png) repeat-x top left;border:2px solid #222;margin:.1em 0 .5em;padding:10px 15px}
.post h3{font-family:Georgia, Times, Serif;font-size:180%;font-weight:700;line-height:1.2em;color:#cfcdcd;margin:.25em 0 0;padding:0 0 4px}
.post h3 a,.post h3 a:visited,.post h3 strong{display:block;text-decoration:none;color:$titlecolor;font-weight:700}
.post h3 strong,.post h3 a:hover{color:$textcolor}
.post-body{border-top:3px solid #bbb;padding-top:6px;line-height:1.4em;margin:3.1em 0 .75em}
.post-body blockquote{line-height:1.3em}
.post-footer{color:#bbbbbc;text-transform:none;letter-spacing:.01em;font:normal normal 13px Arial, Tahoma, Helvetica, FreeSans, sans-serif;line-height:1.4em;margin:.75em 0}
.post-home{float:left;font:normal 16px Arial;color:#888;margin:5px 0 2px;padding:0}
.rmlink{font:bold 13px Arial;margin:0 2px 0 0;padding:0}
.rmlink a:link,.rmlink a:visited{color:#e5e2e2;text-decoration:none}
.rmlink a:hover{color:#faf9f9;text-decoration:underline}
.comment-home{background:url(http://2.bp.blogspot.com/-i0s4UjN3ACE/TqI8Ph15kAI/AAAAAAAAA0E/1s6o4pD83HM/s1600/comments.gif) no-repeat center right;font:normal 13px Arial;margin:0;padding:0 18px 0 0}
.comment-home a:link,.comment-home a:visited{color:#666;text-decoration:none}
.comment-home a:hover{color:#333;text-decoration:underline}
.post-labels{font:bold 10px Georgia;text-transform:uppercase;margin:0 2px 0 0;padding:0}
.post-labels a:link,.post-labels a:visited{color:#ebe8e8;text-decoration:none}
.post-labels a:hover{color:#ebe8e8;text-decoration:underline}
.comment-link{margin-left:.1em}
.post img,table.tr-caption-container{padding-top:4px;border:0 solid #ccc}
.tr-caption-container img{border:none;padding:0}
.post blockquote{background:url(http://1.bp.blogspot.com/_tUdwiyEcqV4/TRik_LhE_kI/AAAAAAAAAbE/f5hwByoQ-As/s1600/quotes.gif) no-repeat top left;font:bold 20px Arial;color:#f2c6c4;letter-spacing:.001em;line-height:1em;width:240px;float:left;margin:0 15px 10px 0;padding:25px 0 0 50px}
.post blockquote p{margin:.75em 0}
#comments h4{font-weight:700;line-height:1.4em;text-transform:uppercase;letter-spacing:.01em;color:$sidebarcolor;margin:1em 0}
#comments-block{color:#444;line-height:1.4em;margin:1em 0 1.5em}
#comments-block .comment-body{margin:.25em 0 0}
#comments-block .comment-footer{color:#999;line-height:1.4em;text-transform:none;letter-spacing:.01em;margin:-.25em 0 2em}
#comments-block .comment-body p{margin:0 0 .75em}
.deleted-comment{font-style:italic;color:gray}
#blog-pager-newer-link{float:$startSide}
#blog-pager-older-link{float:$endSide}
#blog-pager{text-align:center}
.feed-links{clear:both;line-height:2.5em}
.sidebar h2{font:bold 13px Arial;text-transform:none;color:#e7e6e6;line-height:1.2em;letter-spacing:.01em;background:url(http://2.bp.blogspot.com/-3mCNt92KLPg/Tx2jbZPmM_I/AAAAAAAAEuo/oJG9D8BuiNE/s1600/menutop.png) repeat-x;margin:0 auto;padding:6px 10px}
.sidebar{font:normal 12px Arial;color:#b5b5b5;line-height:1.3em}
.sidebar li{border-bottom:1px dotted #6d6b6a;text-indent:0;line-height:1.3em;margin:0;padding:3px 0 4px}
.sidebar .widget{background:#333;border:none;margin:0 0 .25cm;padding:0}
.sidebar .widget-content{padding:0}
.sidebar a:link,.sidebar a:visited{color:#2488ef;text-decoration:none}
.sidebar li a:hover{background:none;color:#ff3c00;text-decoration:none}
.main .widget{border-bottom:1px dotted $bordercolor;margin:0 0 1.5em;padding:0 0 1.5em}
.main .Blog{border-bottom-width:0}
.midle h2{font:bold 13px Arial;text-transform:none;color:#e0dede;line-height:1.2em;letter-spacing:.01em;background:url(http://2.bp.blogspot.com/-3mCNt92KLPg/Tx2jbZPmM_I/AAAAAAAAEuo/oJG9D8BuiNE/s1600/menutop.png) repeat-x;border-bottom:2px solid #232323;margin:0 auto;padding:6px 10px}
.midle .widget{background:#0d0d0d;border:2px solid #232323;margin:0 0 8px;padding:0 auto}
.midle a:link,.midle a:visited{font:12px Arial;color:#2488ef;text-decoration:none}
.midle .widget-content{margin:0 auto;padding:8px 9px}
.midle{font:normal 12px Arial;color:#b5b5b5;line-height:1.4em}
.midle li{border-bottom:1px dotted #595959;text-indent:0;line-height:1.4em;margin:0;padding:3px 0 4px}
.midle a:hover{color:#ff3c00}
.footer h2{font:bold 13px Arial;color:#f5f5f5;line-height:1.2em;text-transform:none;letter-spacing:.01em;margin:0 0 5px}
.footer{font:normal 12px Arial;color:#ddd;line-height:1.3em}
.footer li{background:url(http://4.bp.blogspot.com/-9OdcyAJsXsM/TmhitBzgyoI/AAAAAAAABrA/-1pggv_1VvE/s1600/link_circle.png) no-repeat 0 5px;text-indent:0;line-height:1.6em;margin:0;padding:0 0 0 15px}
.footer .widget{margin:0 0 5px;padding:0 auto}
.footer a:link,.footer a:visited{color:#ddd;text-decoration:none}
.footer a:hover{color:#fff;text-decoration:underline}
.profile-img{float:$startSide;margin-top:0;margin-endside:10px;margin-bottom:5px;margin-startside:0;border:1px solid $bordercolor;padding:4px}
.profile-data{text-transform:uppercase;letter-spacing:.01em;font:bold 13px Arial;color:$sidebarcolor;line-height:1.3em;margin:0}
.profile-textblock{line-height:1.3em;margin:.5em 0}
.profile-link{font:$postfooterfont;text-transform:none;letter-spacing:.01em}
.picfooter{background:#333 url(http://3.bp.blogspot.com/-RkoCx5FnLGs/Tx19O3lENsI/AAAAAAAAEuI/4QvGJ5y-cLU/s1600/bottom-bg.png) repeat-x top left;width:100%;text-align:center;font:normal normal 13px Arial, Tahoma, Helvetica, FreeSans, sans-serif;margin:0 auto;padding:10px 0}
#footer-wrapper{width:950px;text-align:left;font:normal normal 13px Arial, Tahoma, Helvetica, FreeSans, sans-serif;margin:0 auto;padding:10px 0}
.creditpic{background:url(http://2.bp.blogspot.com/-nUx-J_Rdeiw/Tx1-U8Y0F4I/AAAAAAAAEuY/MWFE2LW1014/s1600/credit.png) repeat-x top left;width:100%;border-top:2px solid #000;margin:0 auto;padding:0 auto}
.credit{width:940px;line-height:1.6em;text-align:center;font-family:Arial;font-size:11px;color:#fff;overflow:hidden;clear:both;margin:0 auto;padding:15px 0 20px}
.credit a:link,.credit a:visited{color:#eee;text-decoration:none}
.credit a:hover{color:#424040;text-decoration:none}
.showpageArea a{font:normal 11px Arial;text-decoration:none}
.showpageNum a{font:normal 11px Arial;background:#222;text-decoration:none;border:1px solid #444;color:#ccc;margin:0 2px;padding:2px 5px}
.showpageNum a:hover{border:1px solid #666;background-color:#444;color:#eee}
.showpagePoint{font:normal 11px Arial;color:#fff;text-decoration:none;border:1px solid #777;background:#555;margin:0 2px;padding:2px 5px}
.showpageOf{font:normal 12px Arial;text-decoration:none;color:#ccc;margin:0 2px;padding:2px 5px}
.showpage a{background:#222;font:normal 11px Arial;text-decoration:none;border:1px solid #444;color:#ccc;padding:2px 3px}
.showpage a:hover{color:#eee;border:1px solid #666;background-color:#444;text-decoration:none}
.showpageNum a:link,.showpage a:link{text-decoration:none}
#menuwrapperpic{background:url(http://2.bp.blogspot.com/-DBK_Y8w6UUQ/Tx1gEz9cJxI/AAAAAAAAEuA/by45DF_MB08/s1600/nav-bg.png) repeat-x top left;width:100%;border-bottom:8px solid #333;margin:0 auto;padding:0 auto}
#menuwrapper{width:960px;height:36px;margin:0 auto}
.clearit{clear:both;height:0;line-height:0.0;font-size:0;margin:0;padding:0}
#menubar{width:100%}
#menubar,#menubar ul{list-style:none;font-family:Arial,'Sans Serif';margin:0;padding:0}
#menubar a{background:#666;display:block;text-decoration:none;font-size:13px;font-weight:700;text-transform:none;color:#e0dede;border-right:solid 1px #333;border-left:solid 1px #333;margin-right:2px;padding:11px 10px}
#menubar a.trigger{background-image:url(http://1.bp.blogspot.com/-1ZEmenE6pi0/TmXlkGZ8hII/AAAAAAAABpw/bjVaGw3NNw4/s1600/arrow.gif);background-repeat:no-repeat;background-position:right center;padding:11px 24px 11px 10px}
#menubar li{float:left;position:static;width:auto}
#menubar li ul,#menubar ul li{width:160px}
#menubar ul li a{text-align:left;color:#ece9e9;font-size:12px;font-weight:400;text-transform:none;font-family:'Trebuchet Ms','Sans Serif';border:none;padding:4px 12px}
#menubar li ul{z-index:100;position:absolute;display:none;background:#b0130d;padding-bottom:0;-moz-border-radius-bottomleft:5px;-moz-border-radius-bottomright:5px;-webkit-border-bottom-left-radius:5px;-webkit-border-bottom-right-radius:5px;border-bottom-left-radius:5px;border-bottom-right-radius:5px;-moz-box-shadow:0 5px 5px rgba(0,0,0,0.6);-webkit-box-shadow:0 5px 5px rgba(0,0,0,0.6);filter:alpha(opacity=87);-moz-opacity:.87;opacity:.87}
#menubar li:hover a,#menubar a:active,#menubar a:focus,#menubar li.hvr a{background-color:#b0130d;color:#ece9e9;text-decoration:none}
#menubar li:hover ul,#menubar li.hvr ul{display:block}
#menubar li:hover ul a,#menubar li.hvr ul a{color:#e8e9ea;background-color:transparent;text-decoration:none}
#menubar li ul li.hr{border-bottom:1px solid #ca0806;display:block;font-size:1px;height:0;line-height:0;margin:0}
#menubar ul a:hover{background-color:#800402!important;color:#d1d8e5!important;text-decoration:none}
img.label_thumb{float:left;border:1px solid #414040;background:#141414;height:55px;width:55px;margin:0 5px 5px 0;padding:5px}
img.label_thumb:hover{border:1px solid #4e4d4d;background:#636262}
.label_with_thumbs{float:left;width:100%;min-height:auto;margin:0 auto;padding:0 auto}
ul.label_with_thumbs li{min-height:67px;clear:both;margin:0 0 5px;padding:0 0 5px}
.toppic{background:#8f0906;width:100%;border-bottom:1px solid #ca090f;margin:0 auto}
.topnav{width:960px;height:32px;overflow:hidden;color:#000;font:normal 12px Arial;margin:0 auto;padding:0 auto}
.toppic a:link,.toppic a:visited{color:#000;text-decoration:none}
.toppic a:hover{color:#fff;text-decoration:none}
.img400{width:600px;height:200px;margin:0;padding:0 auto}
.img400 img{float:right;width:250px;height:200px;filter:alpha(opacity=60);-moz-opacity:.60;opacity:.60;padding:0 auto}
.img400 img:hover{filter:alpha(opacity=100);-moz-opacity:1.0;opacity:1.00}
.cursor{cursor:pointer}
.h250{height:200px}
.min250{margin-top:-200px}
.bottom{top:0;width:390px;background:transparent;height:200px;z-index:990;padding:0}
.topic{line-height:1.2em;padding:0 0 5px}
.topic a:link,.topic a:visited{color:#999;font:bold 26px Arial;font-style:italic;text-decoration:none;text-transform:none;line-height:1em}
.topic a:hover{color:#2da0dc;text-decoration:none;-moz-transition:color .25s linear;-webkit-transition:color .25s linear;transition:color .25s linear}
.summary{overflow:hidden;font:normal 13px Arial;color:#999;line-height:1.3em;padding:5px 20px 5px 0}
.summary a:link,.summary a:visited{color:#fff;font:bold 13px Arial,sans-serif;text-decoration:none;text-transform:none}
.summary a:hover{color:#69d0ed;text-decoration:none;-moz-transition:color .25s linear;-webkit-transition:color .25s linear;transition:color .25s linear}
.pagecount{height:35px;margin-top:-35px;padding:0 10px}
.page_hl a{font:bold 16px arial;color:#FFF;text-decoration:none;display:inline;background:#777;filter:alpha(opacity=90);-moz-opacity:.90;opacity:.90;padding:2px 9px}
.page_hl a:hover,.page_hl a.selected{color:#FFF;text-decoration:none;background:#2da0dc;filter:alpha(opacity=95);-moz-opacity:.95;opacity:.95}
.page_hl span a{color:#FFF;text-decoration:none;background:#2da0dc;filter:alpha(opacity=90);-moz-opacity:.90;opacity:.90}
.pd_5{padding:5px 5px 5px 0}
.pb_10{padding-bottom:2px}
#basic-accordian{border:none;width:300px;position:relative;left:0;top:0;z-index:2;padding:0}
.accordion_headings{background-color:#5f5e5e;background-image:url(http://2.bp.blogspot.com/-w2rXmKKoIWw/TyAHgaAoNyI/AAAAAAAAEvo/EQb_qVUputU/s1600/arrow_right.gif);background-repeat:no-repeat;background-position:right center;color:#d0cfce;font:normal 11px Tahoma;border-bottom:1px solid #323333;cursor:pointer;padding:5px 10px}
.accordion_headings:hover{background:#5f5e5e;background-image:url(http://3.bp.blogspot.com/-DAMBJVFbFmM/TyAHg2YnFAI/AAAAAAAAEvs/n6uvhcqO7V8/s1600/arrow_down.gif);background-repeat:no-repeat;background-position:right center;font-weight:700}
.accordion_child{font:normal 11px Arial;background:#333;padding:5px 10px}
.header_highlight{background-image:url(http://3.bp.blogspot.com/-DAMBJVFbFmM/TyAHg2YnFAI/AAAAAAAAEvs/n6uvhcqO7V8/s1600/arrow_down.gif);background-repeat:no-repeat;background-position:right center;background-color:#5f5e5e;font-weight:700}
.accordion_child li{background-image:url();background-repeat:no-repeat;background-position:left center;text-indent:0;border-bottom:1px dotted #595959;line-height:1.3em;margin:0;padding:2px 0 3px}
.accordion_child li a:hover{text-decoration:none;color:#ff3c00}
.basic-accordian .widget{margin:0 0 .5em;padding:0}
#advertise{background:#333;border:1px solid #444;margin:0;padding:0}
#advertise .ads{margin:0;padding:15px 19px}
.ads li{border-bottom:none;float:left;margin-bottom:5px;margin-right:10px;width:125px}
.ads li.last{margin-right:0}
.ads li a{filter:alpha(opacity=80);opacity:0.8}
.ads li a:hover{color:#666;filter:alpha(opacity=100);opacity:1.0;text-decoration:none}
#comments-block .comment-author,.profile-datablock{margin:.5em 0}
.sidebar ul,.midle ul,.footer ul{list-style:none;margin:0;padding:0}
#footer1-wrapper,#footer2-wrapper,#footer3-wrapper{width:300px;float:left;margin-right:15px;word-wrap:break-word;overflow:hidden}

]]></b:skin>

<style type='text/css'>
<b:if cond='data:blog.pageType != &quot;item&quot;'>
.post-footer, .feed-links {display:none}
#main-wrapper {width: 350px;padding-left:10px;}
.post {background:#0d0d0d;border:2px solid #232323;padding:5px 10px 5px 10px;}
.post:hover {border:2px solid #555}
.post h3 {font-family:Arial;padding:0 0 4px;font-size:13px;font-weight:bold;line-height:1.2em;color:#dad8d8;}
.post h3 a, .post h3 a:visited, .post h3 strong {display:block;color:#2488ef;}
.post h3 strong, .post h3 a:hover {color:#ff3c00;}
.post-body {margin:0em 0 .15em;line-height:1.5em;font:normal 12px Arial;color:#b6b5b5;border-top:none;padding-top:0px;}
h2.date-header {font:normal 11px Georgia;margin:0.1em 0 0.2em 0;color:#555;font-style:italic}
.thumb img {float:right;margin:0 0 5px 5px;opacity: 0.9; filter: alpha(opacity=90);} 
.thumb img:hover{opacity: 1.0; filter: alpha(opacity=100);}
#blog-pager {font:normal 11px Arial;text-align:left;margin:6px 0 1px 0;padding:7px 0px 7px 0px;}
</b:if>
</style>

<b:if cond='data:blog.pageType == &quot;static_page&quot;'>
<style>
.slide .widget, #midle-wrapper, .thumb img, #blog-pager{display:none}
.post{background:#050505 url(http://2.bp.blogspot.com/-lVbCn6XBfp4/Txg_3blAi1I/AAAAAAAAEpI/j7dTuNpF1DM/s1600/post-bg.png) repeat-x top left;border:2px solid #222;margin:.1em 0 .5em;padding:10px 15px}
.post h3{font-family:Georgia, Times, Serif;font-size:180%;font-weight:700;line-height:1.2em;color:#cfcdcd;margin:.25em 0 0;padding:0 0 4px}
.post h3 a,.post h3 a:visited,.post h3 strong{display:block;text-decoration:none;color:$titlecolor;font-weight:700}
.post h3 strong,.post h3 a:hover{color:$textcolor}
.post-body{border-top:3px solid #bbb;padding-top:6px;line-height:1.4em;margin:1.5em 0 .75em}
#main-wrapper{padding-left:20px;width:610px;float:$startSide;word-wrap:break-word;overflow:hidden}
</style>
</b:if>

<script type='text/javascript'>
var thumbnail_mode = &quot;float&quot; ;
summary_noimg = 200;
summary_img = 150;
img_thumb_height = 80;
img_thumb_width = 120;
</script>

<script type='text/javascript'>
//<![CDATA[
function removeHtmlTag(b,a){if(b.indexOf("<")!=-1){var d=b.split("<");for(var c=0;c<d.length;c++){if(d[c].indexOf(">")!=-1){d[c]=d[c].substring(d[c].indexOf(">")+1,d[c].length)}}b=d.join("")}a=(a<b.length-1)?a:b.length-2;while(b.charAt(a-1)!=" "&&b.indexOf(" ",a)!=-1){a++}b=b.substring(0,a-1);return b+"..."}function createSummaryAndThumb(d){var f=document.getElementById(d);var a="";var b=f.getElementsByTagName("img");var e=summary_noimg;if(b.length>=1){a='<span style="display:none;float:left;margin:0px 10px 5px 0px;"><img src="'+b[0].src+'" width="'+img_thumb_width+'px" height="'+img_thumb_height+'px"/></span>';e=summary_img}var c=a+"<div>"+removeHtmlTag(f.innerHTML,e)+"</div>";f.innerHTML=c};
//]]>
</script>

<script src='http://jamu-martin.googlecode.com/files/label.js' type='text/javascript'/>
<script src='http://maskolis.googlecode.com/files/johny-manis.js' type='text/javascript'/>

<script src='http://johnytemplate.googlecode.com/files/maskolis.js' type='text/javascript'/>

  </head>
<body onload='new Accordian(&apos;basic-accordian&apos;,5,&apos;header_highlight&apos;);'>
<div id='fb-root'/>
<script>(function(d, s, id) {
  var js, fjs = d.getElementsByTagName(s)[0];
  if (d.getElementById(id)) {return;}
  js = d.createElement(s); js.id = id;
  js.src = &quot;//connect.facebook.net/en_GB/all.js#xfbml=1&quot;;
  fjs.parentNode.insertBefore(js, fjs);
}(document, &#39;script&#39;, &#39;facebook-jssdk&#39;));</script>

<div class='toppic'>
    <div class='topnav'>
<div style='float:left;padding:9px 0px;'>
<iframe allowtransparency='true' frameborder='0' height='16' scrolling='no' src='http://s1.rsspump.com/rss.aspx?s=bdfdfca5-5668-4b02-826f-3c28412d5d53&amp;speed=2&amp;t=0&amp;d=1&amp;u=0&amp;p=1&amp;b=1&amp;ic=9&amp;font=Verdana&amp;fontsize=12px&amp;bgcolor=&amp;color=dbd8d9&amp;type=fade&amp;su=0&amp;sub=1&amp;sw=0' width='100%'/><noframes><div style='background-color: none transparent;'/></noframes>
</div>

<div style='float:right;margin-top:2px;width:320px;overflow:hidden;'>
<div id='google_translate_element'/><script>
function googleTranslateElementInit() {
  new google.translate.TranslateElement({
    pageLanguage: &#39;en&#39;,
    includedLanguages: &#39;nl,en,tl,fr,de,id,ja,ko,pt,ru&#39;,
    autoDisplay: false,
    layout: google.translate.TranslateElement.InlineLayout.HORIZONTAL
  }, &#39;google_translate_element&#39;);}
</script><script src='//translate.google.com/translate_a/element.js?cb=googleTranslateElementInit'/>
</div>
</div>
</div>

<div id='headerpic-wrapper'>
    <div id='header-wrapper'>
      <b:section class='header' id='header' maxwidgets='1' showaddelement='no'>
<b:widget id='Header1' locked='true' title='Johny Magazine 2 (Header)' type='Header'>
<b:includable id='main'>

  <b:if cond='data:useImage'>
    <b:if cond='data:imagePlacement == &quot;BEHIND&quot;'>
      <!--
      Show image as background to text. You can't really calculate the width
      reliably in JS because margins are not taken into account by any of
      clientWidth, offsetWidth or scrollWidth, so we don't force a minimum
      width if the user is using shrink to fit.
      This results in a margin-width's worth of pixels being cropped. If the
      user is not using shrink to fit then we expand the header.
      -->
      <b:if cond='data:mobile'>
          <div id='header-inner'>
            <div class='titlewrapper' style='background: transparent'>
              <h1 class='title' style='background: transparent; border-width: 0px'>
                <b:include name='title'/>
              </h1>
            </div>
            <b:include name='description'/>
          </div>
        <b:else/>
          <div expr:style='&quot;background-image: url(\&quot;&quot; + data:sourceUrl + &quot;\&quot;); &quot;                        + &quot;background-position: &quot;                        + data:backgroundPositionStyleStr + &quot;; &quot;                        + data:widthStyleStr                        + &quot;min-height: &quot; + data:height                        + &quot;_height: &quot; + data:height                        + &quot;background-repeat: no-repeat; &quot;' id='header-inner'>
            <div class='titlewrapper' style='background: transparent'>
              <h1 class='title' style='background: transparent; border-width: 0px'>
                <b:include name='title'/>
              </h1>
            </div>
            <b:include name='description'/>
          </div>
        </b:if>
    <b:else/>
      <!--Show the image only-->
      <div id='header-inner'>
        <a expr:href='data:blog.homepageUrl' style='display: block'>
          <img expr:alt='data:title' expr:height='data:height' expr:id='data:widget.instanceId + &quot;_headerimg&quot;' expr:src='data:sourceUrl' expr:width='data:width' style='display: block'/>
        </a>
        <!--Show the description-->
        <b:if cond='data:imagePlacement == &quot;BEFORE_DESCRIPTION&quot;'>
          <b:include name='description'/>
        </b:if>
      </div>
    </b:if>
  <b:else/>
    <!--No header image -->
    <div id='header-inner'>
      <div class='titlewrapper'>
        <h1 class='title'>
          <b:include name='title'/>
        </h1>
      </div>
      <b:include name='description'/>
    </div>
  </b:if>
</b:includable>
<b:includable id='title'>
  <b:if cond='data:blog.url == data:blog.homepageUrl'>
    <data:title/>
  <b:else/>
    <a expr:href='data:blog.homepageUrl'><data:title/></a>
  </b:if>
</b:includable>
<b:includable id='description'>
  <div class='descriptionwrapper'>
    <p class='description'><span><data:description/></span></p>
  </div>
</b:includable>
</b:widget>
</b:section>
      <b:section class='header' id='header2' maxwidgets='1' showaddelement='yes'>
<b:widget id='HTML9' locked='false' title='' type='HTML'>
<b:includable id='main'>
  <!-- only display title if it's non-empty -->
  <b:if cond='data:title != &quot;&quot;'>
    <h2 class='title'><data:title/></h2>
  </b:if>
  <div class='widget-content'>
    <data:content/>
  </div>

  <b:include name='quickedit'/>
</b:includable>
</b:widget>
</b:section>
<div style='clear:both;'/>
      </div></div>
<div id='menuwrapperpic'>
<div id='menuwrapper'>
<ul id='menubar'>
<li><a href='/'>Home</a></li>
<li><a href='#'>About Us</a></li>
<li><a class='trigger' href='#'>Contact Us</a>
<ul>
<li><a href='#'>Goggle +</a></li>
<li class='hr'/>
<li><a href='#'>Contact on Facebook</a></li>
<li class='hr'/>
<li><a href='#'>Contact on Twitter</a></li>
</ul>
</li>
<li><a href='http://johnymagazine2.blogspot.com/p/color-code.html'>Sample Page</a></li>
<li><a href='#'>Sport</a></li>
<li><a href='#'>Lifestyle</a></li>
<li><a href='#'>Politics</a></li>
<li><a href='#'>Culture</a></li>
<li><a class='trigger' href='#'>Entertainment</a>
<ul>
<li><a href='#'>Music</a></li>
<li class='hr'/>
<li><a href='#'>Movie</a></li>
<li class='hr'/>
<li><a href='#'>Television</a></li>
</ul>
</li>
<li><a href='#'>Health</a></li>

<li><a class='trigger' href='#'>More</a>
<ul>
<li><a href='#'>World News</a></li>
<li class='hr'/>
<li><a href='h#'>Agriculture</a></li>
<li class='hr'/>
<li><a href='#'>Anything about green</a></li>
<li class='hr'/>
<li><a href='#'>Don&#39;t try this at home</a></li>
<li class='hr'/>
<li><a href='#'>Say no to drugs</a></li>
</ul>
</li>
</ul>
<br class='clearit'/>
</div>
<div style='clear:both;'/>
</div>
  <div id='outer-wrapper'><div id='wrap2'>

    <!-- skip links for text browsers -->
    <span id='skiplinks' style='display:none;'>
      <a href='#main'>skip to main </a> |
      <a href='#sidebar'>skip to sidebar</a>
    </span>

 
    <div id='content-wrapper'>

      <div id='crosscol-wrapper' style='text-align:center'>
        <b:section class='crosscol' id='crosscol'/>
      </div>
<div id='mainpage-wrapper'>
<div id='slide-wrapper'>
<b:if cond='data:blog.pageType != &quot;item&quot;'>
<b:section class='slide' id='slide'>
<b:widget id='HTML1' locked='false' title='' type='HTML'>
<b:includable id='main'>
  <!-- only display title if it's non-empty -->
  <b:if cond='data:title != &quot;&quot;'>
    <h2 class='title'><data:title/></h2>
  </b:if>
  <div class='widget-content'>
    <data:content/>
  </div>

  <b:include name='quickedit'/>
</b:includable>
</b:widget>
</b:section>
<div id='midle-wrapper'>
<b:section class='midle' id='midle'>
<b:widget id='HTML3' locked='false' title='World News' type='HTML'>
<b:includable id='main'>
  <!-- only display title if it's non-empty -->
  <b:if cond='data:title != &quot;&quot;'>
    <h2 class='title'><data:title/></h2>
  </b:if>
  <div class='widget-content'>
    <data:content/>
  </div>

  <b:include name='quickedit'/>
</b:includable>
</b:widget>
<b:widget id='HTML2' locked='false' title='Entertainment' type='HTML'>
<b:includable id='main'>
  <!-- only display title if it's non-empty -->
  <b:if cond='data:title != &quot;&quot;'>
    <h2 class='title'><data:title/></h2>
  </b:if>
  <div class='widget-content'>
    <data:content/>
  </div>

  <b:include name='quickedit'/>
</b:includable>
</b:widget>
</b:section>
</div>
</b:if>
      <div id='main-wrapper'>
        <b:section class='main' id='main' showaddelement='no'>
<b:widget id='Blog1' locked='true' title='Blog Posts' type='Blog'>
<b:includable id='nextprev'>
  <div class='blog-pager' id='blog-pager'>
    <b:if cond='data:newerPageUrl'>
      <span id='blog-pager-newer-link'>
      <a class='blog-pager-newer-link' expr:href='data:newerPageUrl' expr:id='data:widget.instanceId + &quot;_blog-pager-newer-link&quot;' expr:title='data:newerPageTitle'><data:newerPageTitle/></a>
      </span>
    </b:if>

    <b:if cond='data:olderPageUrl'>
      <span id='blog-pager-older-link'>
      <a class='blog-pager-older-link' expr:href='data:olderPageUrl' expr:id='data:widget.instanceId + &quot;_blog-pager-older-link&quot;' expr:title='data:olderPageTitle'><data:olderPageTitle/></a>
      </span>
    </b:if>

    <a class='home-link' expr:href='data:blog.homepageUrl'><data:homeMsg/></a>

    <b:if cond='data:mobileLinkUrl'>
      <div class='blog-mobile-link'>
        <a expr:href='data:mobileLinkUrl'><data:mobileLinkMsg/></a>
      </div>
    </b:if>

  </div>
  <div class='clear'/>
</b:includable>
<b:includable id='shareButtons' var='post'>
  <a class='share-button sb-email' expr:href='data:post.sharePostUrl + &quot;&amp;target=email&quot;' expr:title='data:top.emailThisMsg' target='_blank'>
    <span class='share-button-link-text'><data:top.emailThisMsg/></span></a>
  <a class='share-button sb-blog' expr:href='data:post.sharePostUrl + &quot;&amp;target=blog&quot;' expr:onclick='&quot;window.open(this.href, \&quot;_blank\&quot;, \&quot;height=270,width=475\&quot;); return false;&quot;' expr:title='data:top.blogThisMsg' target='_blank'>
    <span class='share-button-link-text'><data:top.blogThisMsg/></span></a>
  <a class='share-button sb-twitter' expr:href='data:post.sharePostUrl + &quot;&amp;target=twitter&quot;' expr:title='data:top.shareToTwitterMsg' target='_blank'>
    <span class='share-button-link-text'><data:top.shareToTwitterMsg/></span></a>
  <a class='share-button sb-facebook' expr:href='data:post.sharePostUrl + &quot;&amp;target=facebook&quot;' expr:onclick='&quot;window.open(this.href, \&quot;_blank\&quot;, \&quot;height=430,width=640\&quot;); return false;&quot;' expr:title='data:top.shareToFacebookMsg' target='_blank'>
    <span class='share-button-link-text'><data:top.shareToFacebookMsg/></span></a>
  <a class='share-button sb-buzz' expr:href='data:post.sharePostUrl + &quot;&amp;target=buzz&quot;' expr:onclick='&quot;window.open(this.href, \&quot;_blank\&quot;, \&quot;height=415,width=690\&quot;); return false;&quot;' expr:title='data:top.shareToBuzzMsg' target='_blank'>
    <span class='share-button-link-text'><data:top.shareToBuzzMsg/></span></a>
</b:includable>
<b:includable id='backlinks' var='post'>
  <a name='links'/><h4><data:post.backlinksLabel/></h4>
  <b:if cond='data:post.numBacklinks != 0'>
    <dl class='comments-block' id='comments-block'>
      <b:loop values='data:post.backlinks' var='backlink'>
        <div class='collapsed-backlink backlink-control'>
          <dt class='comment-title'>
            <span class='backlink-toggle-zippy'>&#160;</span>
            <a expr:href='data:backlink.url' rel='nofollow'><data:backlink.title/></a>
            <b:include data='backlink' name='backlinkDeleteIcon'/>
          </dt>
          <dd class='comment-body collapseable'>
            <data:backlink.snippet/>
          </dd>
          <dd class='comment-footer collapseable'>
            <span class='comment-author'><data:post.authorLabel/> <data:backlink.author/></span>
            <span class='comment-timestamp'><data:post.timestampLabel/> <data:backlink.timestamp/></span>
          </dd>
        </div>
      </b:loop>
    </dl>
  </b:if>
  <p class='comment-footer'>
    <a class='comment-link' expr:href='data:post.createLinkUrl' expr:id='data:widget.instanceId + &quot;_backlinks-create-link&quot;' target='_blank'><data:post.createLinkLabel/></a>
  </p>
</b:includable>
<b:includable id='threaded_comment_js' var='post'>
  <script defer='defer' expr:src='data:post.commentSrc' type='text/javascript'/>

  <script type='text/javascript'>
    (function() {
      var items = <data:post.commentJso/>;
      var msgs = <data:post.commentMsgs/>;
      var postId = &#39;<data:post.id/>&#39;;
      var feed = &#39;<data:post.commentFeed/>&#39;;
      var authorName = &#39;<data:post.author/>&#39;;
      var authorUrl = &#39;<data:post.authorUrl/>&#39;;
      var blogId = &#39;<data:top.id/>&#39;;
      var baseUri = &#39;<data:post.commentBase/>&#39;;

// <![CDATA[
      feed += '?alt=json&v=2&orderby=published&reverse=false&max-results=50';
      var cursor = null;
      if (items && items.length > 0) {
        cursor = parseInt(items[items.length - 1].timestamp) + 1;
      }

      var bodyFromEntry = function(entry) {
        if (entry.gd$extendedProperty) {
          for (var k in entry.gd$extendedProperty) {
            if (entry.gd$extendedProperty[k].name == 'blogger.contentRemoved') {
              return '<span class="deleted-comment">' + entry.content.$t + '</span>';
            }
          }
        }
        return entry.content.$t;
      }

      var parse = function(data) {
        cursor = null;
        var comments = [];
        if (data && data.feed && data.feed.entry) {
          for (var i = 0, entry; entry = data.feed.entry[i]; i++) {
            var comment = {};
            // comment ID, parsed out of the original id format
            var id = /blog-(\d+).post-(\d+)/.exec(entry.id.$t);
            comment.id = id ? id[2] : null;
            comment.body = bodyFromEntry(entry);
            comment.timestamp = Date.parse(entry.published.$t) + '';
            if (entry.author && entry.author.constructor === Array) {
              var auth = entry.author[0];
              if (auth) {
                comment.author = {
                  name: (auth.name ? auth.name.$t : undefined),
                  profileUrl: (auth.uri ? auth.uri.$t : undefined),
                  avatarUrl: (auth.gd$image ? auth.gd$image.src : undefined)
                };
              }
            }
            if (entry.link) {
              if (entry.link[2]) {
                comment.link = comment.permalink = entry.link[2].href;
              }
              if (entry.link[3]) {
                var pid = /.*comments\/default\/(\d+)\?.*/.exec(entry.link[3].href);
                if (pid && pid[1]) {
                  comment.parentId = pid[1];
                }
              }
            }
            comment.deleteclass = 'item-control blog-admin';
            if (entry.gd$extendedProperty) {
              for (var k in entry.gd$extendedProperty) {
                console.log(entry.gd$extendedProperty[k].name + ' - ' + entry.gd$extendedProperty[k].value);
                if (entry.gd$extendedProperty[k].name == 'blogger.itemClass') {
                  comment.deleteclass += ' ' + entry.gd$extendedProperty[k].value;
                }
              }
            }
            comments.push(comment);
          }
        }
        return comments;
      };

      var paginator = function(callback) {
        if (hasMore()) {
          var url = feed;
          if (cursor) {
            url += '&published-min=' + new Date(cursor).toISOString();
          }
          window.bloggercomments = function(data) {
            var parsed = parse(data);
            cursor = parsed.length < 50 ? null
                : parseInt(parsed[parsed.length - 1].timestamp) + 1
            callback(parsed);
            window.bloggercomments = null;
          }
          url += '&callback=bloggercomments';
          var script = document.createElement('script');
          script.type = 'text/javascript';
          script.src = url;
          document.getElementsByTagName('head')[0].appendChild(script);
        }
      };
      var hasMore = function() {
        return !!cursor;
      };
      var getMeta = function(key, comment) {
        if ('iswriter' == key) {
          var matches = !!comment.author
              && comment.author.name == authorName
              && comment.author.profileUrl == authorUrl;
          return matches ? 'true' : '';
        } else if ('deletelink' == key) {
          return baseUri + '/delete-comment.g?blogID=' + blogId + '&postID=' + comment.id;
        } else if ('deleteclass' == key) {
          return comment.deleteclass;
        }
        return '';
      };

      var replybox = null;
      var replyUrlParts = null;
      var replyParent = undefined;

      var onReply = function(commentId, domId) {
        if (replybox == null) {
          // lazily cache replybox, and adjust to suit this style:
          replybox = document.getElementById('comment-editor');
          if (replybox != null) {
            replybox.height = '250px';
            replybox.style.display = 'block';
            replyUrlParts = replybox.src.split('#');
          }
        }
        if (replybox && (commentId !== replyParent)) {
          document.getElementById(domId).insertBefore(replybox, null);
          replybox.src = replyUrlParts[0]
              + (commentId ? '&parentID=' + commentId : '')
              + '#' + replyUrlParts[1];
          replyParent = commentId;
        }
      };

      var tok = 'comment-form_';
      var hash = window.location.hash || '';
      var startThread = hash.indexOf(tok) == 1 ? hash.substring(tok.length + 1) : undefined;

      // Configure commenting API:
      var configJso = {
        'maxDepth': 2
      };
      var provider = {
        'id': postId,
        'data': items,
        'loadNext': paginator,
        'hasMore': hasMore,
        'getMeta': getMeta,
        'onReply': onReply,
        'rendered': true,
        'initReplyThread': startThread,
        'config': configJso,
        'messages': msgs
      };

      var render = function() {
        if (window.goog && window.goog.comments) {
          var holder = document.getElementById('comment-holder');
          window.goog.comments.render(holder, provider);
        }
      };

      // render now, or queue to render when library loads:
      if (window.goog && window.goog.comments) {
        render();
      } else {
        window.goog = window.goog || {};
        window.goog.comments = window.goog.comments || {};
        window.goog.comments.loadQueue = window.goog.comments.loadQueue || [];
        window.goog.comments.loadQueue.push(render);
      }
    })();
// ]]>
  </script>
</b:includable>
<b:includable id='mobile-main' var='top'>
    <!-- posts -->
    <div class='blog-posts hfeed'>

      <b:include data='top' name='status-message'/>

      <b:if cond='data:blog.pageType == &quot;index&quot;'>
        <b:loop values='data:posts' var='post'>
          <b:include data='post' name='mobile-index-post'/>
        </b:loop>
      <b:else/>
        <b:loop values='data:posts' var='post'>
          <b:include data='post' name='mobile-post'/>
        </b:loop>
      </b:if>
    </div>

   <b:include name='mobile-nextprev'/>
</b:includable>
<b:includable id='post' var='post'>
  <div class='post hentry'>
<b:if cond='data:blog.pageType == &quot;item&quot;'>
<div style='padding:5px 5px 5px 0; margin:0;font-size:95%; line-height:1.4em; border-bottom:4px double #ccc;'>
<a expr:href='data:blog.homepageUrl'>Home</a> &#187;
<b:if cond='data:post.labels'><b:loop values='data:post.labels' var='label'>
<a expr:href='data:label.url' rel='tag'><data:label.name/></a>
<b:if cond='data:label.isLast != &quot;true&quot;'> , </b:if>
</b:loop>
</b:if> &#187; <data:post.title/>
</div>
</b:if>
    <a expr:name='data:post.id'/>
    <b:if cond='data:post.title'>

<b:if cond='data:blog.pageType != &quot;item&quot;'>
<b:if cond='data:post.thumbnailUrl'>
<div class='Image thumb'>
<img expr:src='data:post.thumbnailUrl'/>
</div>
</b:if>

<span class='post-labels'>
<b:if cond='data:post.labels'>
<b:loop values='data:post.labels' var='label'>
<a expr:href='data:label.url + &quot;?&amp;max-results=5&quot;' rel='tag'><data:label.name/></a><b:if cond='data:label.isLast != &quot;true&quot;'>,</b:if>
</b:loop>
</b:if>
</span>
</b:if>

      <h3 class='post-title entry-title'>
      <b:if cond='data:post.link'>
        <a expr:href='data:post.link'><data:post.title/></a>
      <b:else/>
        <b:if cond='data:post.url'>
          <b:if cond='data:blog.url != data:post.url'>
            <a expr:href='data:post.url'><data:post.title/></a>
          <b:else/>
            <data:post.title/>
          </b:if>
        <b:else/>
          <data:post.title/>
        </b:if>
      </b:if>
      </h3>
    </b:if>

    <div class='post-header'>
    <div class='post-header-line-1'/>
    </div>

<b:if cond='data:blog.pageType == &quot;item&quot;'>
<div style='float:left;width:100%;padding:0;margin:10px 0 5px 0'>
<div class='fb-like' data-send='true' data-show-faces='false' data-width='450'/>
</div>
</b:if>

    <div class='post-body entry-content' expr:id='&quot;post-body-&quot; + data:post.id'>

<b:if cond='data:blog.pageType != &quot;item&quot;'>
<b:if cond='data:post.dateHeader'>
<script>var ultimaFecha = &#39;<data:post.dateHeader/>&#39;;</script>
<h2 class='date-header'><data:post.dateHeader/></h2>
<b:else/>
<h2 class='date-header'>
<script>document.write(ultimaFecha);</script>
</h2>
</b:if>
</b:if>

<b:if cond='data:blog.pageType != &quot;item&quot;'>
<b:if cond='data:blog.pageType != &quot;static_page&quot;'>
<div expr:id='&quot;summary&quot; + data:post.id'><data:post.body/></div>
<script type='text/javascript'>createSummaryAndThumb(&quot;summary<data:post.id/>&quot;);</script>

<div class='post-home'>
<span class='rmlink'><a expr:href='data:post.url'>Continue Reading</a></span> | <span class='comment-home'>
<a class='comment-link' expr:href='data:post.addCommentUrl' expr:onclick='data:post.addCommentOnclick'><b:if cond='data:post.numComments == 0'> <data:top.commentLabel/><b:else/><data:top.commentLabelPlural/> (<data:post.numComments/>) </b:if></a> 
</span>
</div>
</b:if>
</b:if>
<b:if cond='data:blog.pageType == &quot;item&quot;'><data:post.body/></b:if>
<b:if cond='data:blog.pageType == &quot;static_page&quot;'><data:post.body/></b:if>
      <div style='clear: both;'/> <!-- clear for photos floats -->
    </div>

<b:if cond='data:blog.pageType == &quot;item&quot;'>
<div style='background:#222;border:1px solid #333;border-width:1px 0;padding:10px 0;margin:13px 0px 8px 0px;width:100%;float:left;height:20px;'>
<div style='float:right;padding-right:10px;'>
<div class='addthis_toolbox addthis_default_style '>
<a class='addthis_button_facebook_like' fb:like:layout='button_count'/>
<a class='addthis_button_tweet'/>
<a class='addthis_button_google_plusone' g:plusone:size='medium'/>
<a class='addthis_counter addthis_pill_style'/>
</div>
<script src='http://s7.addthis.com/js/250/addthis_widget.js#pubid=4rifin' type='text/javascript'/></div>
<div style='float:right;padding:2px 10px 0px 0px;font:normal 12px Arial;color:#666'>
<strong>Share this article</strong> : 

</div>
</div>
</b:if>

    <b:if cond='data:post.hasJumpLink'>
      <div class='jump-link'>
        <a expr:href='data:post.url + &quot;#more&quot;' expr:title='data:post.title'><data:post.jumpText/></a>
      </div>
    </b:if>

    <div class='post-footer'>
    <div class='post-footer-line post-footer-line-1'><span class='post-author vcard'>
        <b:if cond='data:top.showAuthor'>
          <data:top.authorLabel/>
          <span class='fn'><data:post.author/></span>
        </b:if>
      </span> <span class='post-timestamp'>
        <b:if cond='data:top.showTimestamp'>
          <data:top.timestampLabel/>
        <b:if cond='data:post.url'>
          <a class='timestamp-link' expr:href='data:post.url' rel='bookmark' title='permanent link'><abbr class='published' expr:title='data:post.timestampISO8601'><data:post.timestamp/></abbr></a>
        </b:if>
        </b:if>
      </span> <span class='post-comment-link'>
        <b:if cond='data:blog.pageType != &quot;item&quot;'>
          <b:if cond='data:blog.pageType != &quot;static_page&quot;'>
            <b:if cond='data:post.allowComments'>
              <a class='comment-link' expr:href='data:post.addCommentUrl' expr:onclick='data:post.addCommentOnclick'><b:if cond='data:post.numComments == 1'>1 <data:top.commentLabel/><b:else/><data:post.numComments/> <data:top.commentLabelPlural/></b:if></a>
            </b:if>
          </b:if>
        </b:if>
      </span> <span class='post-icons'>
        <!-- email post links -->
        <b:if cond='data:post.emailPostUrl'>
          <span class='item-action'>
          <a expr:href='data:post.emailPostUrl' expr:title='data:top.emailPostMsg'>
              <img alt='' class='icon-action' height='13' src='http://img1.blogblog.com/img/icon18_email.gif' width='18'/>
          </a>
          </span>
        </b:if>

        <!-- quickedit pencil -->
        <b:include data='post' name='postQuickEdit'/>
      </span> <div class='post-share-buttons'>
        <b:if cond='data:post.sharePostUrl'>
          <b:include data='post' name='shareButtons'/>
        </b:if>
      </div> </div>

      <div class='post-footer-line post-footer-line-2'><span class='post-labels'>
        <b:if cond='data:post.labels'>
          <data:postLabelsLabel/>
          <b:loop values='data:post.labels' var='label'>
            <a expr:href='data:label.url' rel='tag'><data:label.name/></a><b:if cond='data:label.isLast != &quot;true&quot;'>,</b:if>
          </b:loop>
        </b:if>
      </span> </div>

      <div class='post-footer-line post-footer-line-3'><span class='post-location'>
        <b:if cond='data:top.showLocation'>
          <b:if cond='data:post.location'>
            <data:postLocationLabel/>
            <a expr:href='data:post.location.mapsUrl' target='_blank'><data:post.location.name/></a>
          </b:if>
        </b:if>
      </span> </div>
    </div>
  </div>
</b:includable>
<b:includable id='status-message'>
  <b:if cond='data:navMessage'>
  <div class='status-msg-wrap'>
    <div class='status-msg-body'>
      <data:navMessage/>
    </div>
    <div class='status-msg-border'>
      <div class='status-msg-bg'>
        <div class='status-msg-hidden'><data:navMessage/></div>
      </div>
    </div>
  </div>
  <div style='clear: both;'/>
  </b:if>
</b:includable>
<b:includable id='comment-form' var='post'>
  <div class='comment-form'>
    <a name='comment-form'/>
    <b:if cond='data:mobile'>
      <h4 id='comment-post-message'>
        <a expr:id='data:widget.instanceId + &quot;_comment-editor-toggle-link&quot;' href='javascript:void(0)'><data:postCommentMsg/></a></h4>
      <p><data:blogCommentMessage/></p>
      <data:blogTeamBlogMessage/>
      <a expr:href='data:post.commentFormIframeSrc' id='comment-editor-src'/>
      <iframe allowtransparency='true' class='blogger-iframe-colorize blogger-comment-from-post' frameborder='0' height='410' id='comment-editor' name='comment-editor' src='' style='display: none' width='100%'/>
    <b:else/>
      <h4 id='comment-post-message'><data:postCommentMsg/></h4>
      <p><data:blogCommentMessage/></p>
      <data:blogTeamBlogMessage/>
      <a expr:href='data:post.commentFormIframeSrc' id='comment-editor-src'/>
      <iframe allowtransparency='true' class='blogger-iframe-colorize blogger-comment-from-post' frameborder='0' height='410' id='comment-editor' name='comment-editor' src='' width='100%'/>
    </b:if>
    <data:post.friendConnectJs/>
    <data:post.cmtfpIframe/>
    <script type='text/javascript'>
      BLOG_CMT_createIframe(&#39;<data:post.appRpcRelayPath/>&#39;, &#39;<data:post.communityId/>&#39;);
    </script>
  </div>
</b:includable>
<b:includable id='threaded_comments' var='post'>
  <div class='comments' id='comments'>
    <a name='comments'/>
    <h4>
      <b:if cond='data:post.numComments == 1'>
        1 <data:commentLabel/>:
      <b:else/>
        <data:post.numComments/> <data:commentLabelPlural/>:
      </b:if>
    </h4>

    <div class='comments-content'>
      <b:if cond='data:post.embedCommentForm'>
        <b:include data='post' name='threaded_comment_js'/>
      </b:if>
      <div id='comment-holder'>
         <data:post.commentHtml/>
      </div>
    </div>

    <p class='comment-footer'>
      <b:if cond='data:post.allowNewComments'>
        <b:include data='post' name='threaded-comment-form'/>
      <b:else/>
        <data:post.noNewCommentsText/>
      </b:if>
    </p>

    <b:if cond='data:showCmtPopup'>
      <div id='comment-popup'>
        <iframe allowtransparency='true' frameborder='0' id='comment-actions' name='comment-actions' scrolling='no'>
        </iframe>
      </div>
    </b:if>

    <div id='backlinks-container'>
    <div expr:id='data:widget.instanceId + &quot;_backlinks-container&quot;'>
       <b:if cond='data:post.showBacklinks'>
         <b:include data='post' name='backlinks'/>
       </b:if>
    </div>
    </div>
  </div>
</b:includable>
<b:includable id='backlinkDeleteIcon' var='backlink'>
  <span expr:class='&quot;item-control &quot; + data:backlink.adminClass'>
    <a expr:href='data:backlink.deleteUrl' expr:title='data:top.deleteBacklinkMsg'>
      <img src='//www.blogger.com/img/icon_delete13.gif'/>
    </a>
  </span>
</b:includable>
<b:includable id='mobile-nextprev'>
  <div class='blog-pager' id='blog-pager'>
    <b:if cond='data:newerPageUrl'>
      <div class='mobile-link-button' id='blog-pager-newer-link'>
      <a class='blog-pager-newer-link' expr:href='data:newerPageUrl' expr:id='data:widget.instanceId + &quot;_blog-pager-newer-link&quot;' expr:title='data:newerPageTitle'><data:newerPageTitle/></a>
      </div>
    </b:if>

    <b:if cond='data:olderPageUrl'>
      <div class='mobile-link-button' id='blog-pager-older-link'>
      <a class='blog-pager-older-link' expr:href='data:olderPageUrl' expr:id='data:widget.instanceId + &quot;_blog-pager-older-link&quot;' expr:title='data:olderPageTitle'><data:olderPageTitle/></a>
      </div>
    </b:if>

    <div class='mobile-link-button' id='blog-pager-home-link'>
    <a class='home-link' expr:href='data:blog.homepageUrl'><data:homeMsg/></a>
    </div>

    <div class='mobile-desktop-link'>
      <a class='home-link' expr:href='data:desktopLinkUrl'><data:desktopLinkMsg/></a>
    </div>

  </div>
  <div class='clear'/>
</b:includable>
<b:includable id='mobile-post' var='post'>
  <div class='date-outer'>
    <b:if cond='data:post.dateHeader'>
      <h2 class='date-header'><span><data:post.dateHeader/></span></h2>
    </b:if>
    <div class='date-posts'>
      <div class='post-outer'>

        <div class='post hentry uncustomized-post-template'>
          <a expr:name='data:post.id'/>
          <b:if cond='data:post.title'>
            <h3 class='post-title entry-title'>
              <b:if cond='data:post.link'>
                <a expr:href='data:post.link'><data:post.title/></a>
              <b:else/>
                <b:if cond='data:post.url'>
                  <b:if cond='data:blog.url != data:post.url'>
                    <a expr:href='data:post.url'><data:post.title/></a>
                  <b:else/>
                    <data:post.title/>
                  </b:if>
                <b:else/>
                  <data:post.title/>
                </b:if>
              </b:if>
            </h3>
          </b:if>

          <div class='post-header'>
            <div class='post-header-line-1'/>
          </div>

          <div class='post-body entry-content' expr:id='&quot;post-body-&quot; + data:post.id'>
            <data:post.body/>
            <div style='clear: both;'/> <!-- clear for photos floats -->
          </div>

          <div class='post-footer'>
            <div class='post-footer-line post-footer-line-1'>
              <span class='post-author vcard'>
                <b:if cond='data:top.showAuthor'>
                  <b:if cond='data:post.authorProfileUrl'>
                    <span class='fn'>
                      <a expr:href='data:post.authorProfileUrl' rel='author' title='author profile'>
                        <data:post.author/>
                      </a>
                    </span>
                  <b:else/>
                    <span class='fn'><data:post.author/></span>
                  </b:if>
                </b:if>
              </span>

              <span class='post-timestamp'>
                <b:if cond='data:top.showTimestamp'>
                  <data:top.timestampLabel/>
                  <b:if cond='data:post.url'>
                    <a class='timestamp-link' expr:href='data:post.url' rel='bookmark' title='permanent link'><abbr class='published' expr:title='data:post.timestampISO8601'><data:post.timestamp/></abbr></a>
                  </b:if>
                </b:if>
              </span>

              <span class='post-comment-link'>
                <b:if cond='data:blog.pageType != &quot;item&quot;'>
                  <b:if cond='data:blog.pageType != &quot;static_page&quot;'>
                    <b:if cond='data:post.allowComments'>
                      <a class='comment-link' expr:href='data:post.addCommentUrl' expr:onclick='data:post.addCommentOnclick'><b:if cond='data:post.numComments == 1'>1 <data:top.commentLabel/><b:else/><data:post.numComments/> <data:top.commentLabelPlural/></b:if></a>
                    </b:if>
                  </b:if>
                </b:if>
              </span>
            </div>

            <div class='post-footer-line post-footer-line-2'>
              <b:if cond='data:top.showMobileShare'>
                <div class='mobile-link-button goog-inline-block' id='mobile-share-button'>
                  <a href='javascript:void(0);'><data:shareMsg/></a>
                </div>
              </b:if>
              <b:if cond='data:top.showDummy'>
                <div class='goog-inline-block dummy-container'><data:post.dummyTag/></div>
              </b:if>
            </div>

          </div>
        </div>

        <b:if cond='data:blog.pageType == &quot;static_page&quot;'>
          <b:if cond='data:post.showThreadedComments'>
            <b:include data='post' name='threaded_comments'/>
          <b:else/>
            <b:include data='post' name='comments'/>
          </b:if>
        </b:if>
        <b:if cond='data:blog.pageType == &quot;item&quot;'>
          <b:if cond='data:post.showThreadedComments'>
            <b:include data='post' name='threaded_comments'/>
          <b:else/>
            <b:include data='post' name='comments'/>
          </b:if>
        </b:if>
      </div>
    </div>
  </div>
</b:includable>
<b:includable id='postQuickEdit' var='post'>
  <b:if cond='data:post.editUrl'>
    <span expr:class='&quot;item-control &quot; + data:post.adminClass'>
      <a expr:href='data:post.editUrl' expr:title='data:top.editPostMsg'>
        <img alt='' class='icon-action' height='18' src='http://img2.blogblog.com/img/icon18_edit_allbkg.gif' width='18'/>
      </a>
    </span>
  </b:if>
</b:includable>
<b:includable id='main' var='top'>

  <b:if cond='data:top.showDummy'>
    <script expr:src='data:top.dummyUrl'/>
  </b:if>

  <b:if cond='data:mobileindex'>
    <!-- mobile index -->
    <div class='blog-posts hfeed'>
      <b:loop values='data:posts' var='post'>
        <b:if cond='data:post.isFirstPost == &quot;false&quot;'>
          &lt;/div&gt;
        </b:if>
        &lt;div class=&quot;mobile-date-outer date-outer&quot;&gt;
        <div expr:onclick='data:post.indexOnclick'>
          <b:include data='post' name='mobile-index-post'/>
        </div>
        <b:if cond='data:post.trackLatency'>
          <data:post.latencyJs/>
        </b:if>
      </b:loop>
      <b:if cond='data:numPosts != 0'>
        &lt;/div&gt;
      </b:if>
    </div>
  <b:else/>

    <!-- posts -->
    <div class='blog-posts hfeed'>

      <b:include data='top' name='status-message'/>

      <data:defaultAdStart/>
      <b:loop values='data:posts' var='post'>
        <b:if cond='data:post.isDateStart'>
          <b:if cond='data:post.isFirstPost == &quot;false&quot;'>
            &lt;/div&gt;&lt;/div&gt;
          </b:if>
        </b:if>
        <b:if cond='data:post.isDateStart'>
          &lt;div class=&quot;date-outer&quot;&gt;
        </b:if>






        <b:if cond='data:post.isDateStart'>
          &lt;div class=&quot;date-posts&quot;&gt;
        </b:if>
        <div class='post-outer'>
        <b:include data='post' name='post'/>
        <b:if cond='data:blog.pageType == &quot;static_page&quot;'>
          <b:include data='post' name='comments'/>
        </b:if>
        <b:if cond='data:blog.pageType == &quot;item&quot;'>
          <b:include data='post' name='comments'/>
        </b:if>
        </div>
        <b:if cond='data:post.includeAd'>
          <b:if cond='data:post.isFirstPost'>
            <data:defaultAdEnd/>
          <b:else/>
            <data:adEnd/>
          </b:if>
          <b:if cond='data:mobile == &quot;false&quot;'>
            <div class='inline-ad'>
              <data:adCode/>
            </div>
          </b:if>
          <data:adStart/>
        </b:if>
        <b:if cond='data:post.trackLatency'>
          <data:post.latencyJs/>
        </b:if>
      </b:loop>
      <b:if cond='data:numPosts != 0'>
        &lt;/div&gt;&lt;/div&gt;
      </b:if>
      <data:adEnd/>
    </div>
  </b:if>

  <!-- navigation -->
  <b:if cond='data:mobile'>
    <b:include name='mobile-nextprev'/>
  <b:else/>
    <b:include name='nextprev'/>

    <!-- feed links -->
    <b:include name='feedLinks'/>
  </b:if>

  <b:if cond='data:top.showStars'>
    <script src='//www.google.com/jsapi' type='text/javascript'/>
    <script type='text/javascript'>
      google.load(&quot;annotations&quot;, &quot;1&quot;, {&quot;locale&quot;: &quot;<data:top.languageCode/>&quot;});
      function initialize() {
        google.annotations.setApplicationId(<data:top.blogspotReviews/>);
        google.annotations.createAll();
        google.annotations.fetch();
      }
      google.setOnLoadCallback(initialize);
    </script>
  </b:if>
</b:includable>
<b:includable id='commentDeleteIcon' var='comment'>
  <span expr:class='&quot;item-control &quot; + data:comment.adminClass'>
    <b:if cond='data:showCmtPopup'>
      <div class='goog-toggle-button'>
        <div class='goog-inline-block comment-action-icon'/>
      </div>
    <b:else/>
      <a class='comment-delete' expr:href='data:comment.deleteUrl' expr:title='data:top.deleteCommentMsg'>
        <img src='//www.blogger.com/img/icon_delete13.gif'/>
      </a>
    </b:if>
  </span>
</b:includable>
<b:includable id='feedLinks'>
  <b:if cond='data:blog.pageType != &quot;item&quot;'> <!-- Blog feed links -->
    <b:if cond='data:feedLinks'>
      <div class='blog-feeds'>
        <b:include data='feedLinks' name='feedLinksBody'/>
      </div>
    </b:if>

    <b:else/> <!--Post feed links -->
    <div class='post-feeds'>
      <b:loop values='data:posts' var='post'>
        <b:if cond='data:post.allowComments'>
          <b:if cond='data:post.feedLinks'>
            <b:include data='post.feedLinks' name='feedLinksBody'/>
          </b:if>
        </b:if>
      </b:loop>
    </div>
  </b:if>
</b:includable>
<b:includable id='threaded-comment-form' var='post'>
  <div class='comment-form'>
    <a name='comment-form'/>
    <b:if cond='data:mobile'>
      <p><data:blogCommentMessage/></p>
      <data:blogTeamBlogMessage/>
      <a expr:href='data:post.commentFormIframeSrc' id='comment-editor-src'/>
      <iframe allowtransparency='true' class='blogger-iframe-colorize blogger-comment-from-post' frameborder='0' height='410' id='comment-editor' name='comment-editor' src='' style='display: none' width='100%'/>
    <b:else/>
      <p><data:blogCommentMessage/></p>
      <data:blogTeamBlogMessage/>
      <a expr:href='data:post.commentFormIframeSrc' id='comment-editor-src'/>
      <iframe allowtransparency='true' class='blogger-iframe-colorize blogger-comment-from-post' frameborder='0' height='410' id='comment-editor' name='comment-editor' src='' width='100%'/>
    </b:if>
    <data:post.friendConnectJs/>
    <data:post.cmtfpIframe/>
    <script type='text/javascript'>
      BLOG_CMT_createIframe(&#39;<data:post.appRpcRelayPath/>&#39;, &#39;<data:post.communityId/>&#39;);
    </script>
  </div>
</b:includable>
<b:includable id='mobile-index-post' var='post'>
  <b:if cond='data:post.dateHeader'>
    <div class='mobile-index-date'>
      <div class='date-header'>
        <span><data:post.dateHeader/></span>
      </div>
    </div>
  </b:if>

  <div class='mobile-post-outer'>
    <div class='mobile-index-title-outer'>
      <h3 class='mobile-index-title entry-title'>
        <a href='javascript:void(0)'><data:post.title/></a>
      </h3>
    </div>

    <div>
      <div class='mobile-index-arrow'>
        <a href='javascript:void(0)'>&amp;rsaquo;</a>
      </div>

      <div class='mobile-post-contents'>
        <b:if cond='data:post.thumbnailUrl'>
          <div class='mobile-index-thumbnail'>
            <div class='Image'>
              <img expr:src='data:post.thumbnailUrl'/>
            </div>
          </div>
        </b:if>

        <div class='post-body'>
          <b:if cond='data:post.snippet'><data:post.snippet/></b:if>
        </div>
      </div>
      <div style='clear: both;'/>
    </div>

    <div class='mobile-index-comment'>
      <b:if cond='data:blog.pageType != &quot;item&quot;'>
        <b:if cond='data:blog.pageType != &quot;static_page&quot;'>
          <b:if cond='data:post.allowComments'>
            <b:if cond='data:post.numComments != 0'>
              <a class='comment-link' expr:href='data:post.addCommentUrl' expr:onclick='data:post.addCommentOnclick'><b:if cond='data:post.numComments == 1'>1 <data:top.commentLabel/><b:else/><data:post.numComments/> <data:top.commentLabelPlural/></b:if></a>
            </b:if>
          </b:if>
        </b:if>
      </b:if>
    </div>
  </div>
</b:includable>
<b:includable id='feedLinksBody' var='links'>
  <div class='feed-links'>
  <data:feedLinksMsg/>
  <b:loop values='data:links' var='f'>
     <a class='feed-link' expr:href='data:f.url' expr:type='data:f.mimeType' target='_blank'><data:f.name/> (<data:f.feedType/>)</a>
  </b:loop>
  </div>
</b:includable>
<b:includable id='comments' var='post'>
  <div class='comments' id='comments'>
    <a name='comments'/>
    <b:if cond='data:post.allowComments'>
      <h4>
        <b:if cond='data:post.numComments == 1'>
          1 <data:commentLabel/>:
        <b:else/>
          <data:post.numComments/> <data:commentLabelPlural/>:
        </b:if>
      </h4>

      <b:if cond='data:post.commentPagingRequired'>
        <span class='paging-control-container'>
          <a expr:class='data:post.oldLinkClass' expr:href='data:post.oldestLinkUrl'><data:post.oldestLinkText/></a>
          &#160;
          <a expr:class='data:post.oldLinkClass' expr:href='data:post.olderLinkUrl'><data:post.olderLinkText/></a>
          &#160;
          <data:post.commentRangeText/>
          &#160;
          <a expr:class='data:post.newLinkClass' expr:href='data:post.newerLinkUrl'><data:post.newerLinkText/></a>
          &#160;
          <a expr:class='data:post.newLinkClass' expr:href='data:post.newestLinkUrl'><data:post.newestLinkText/></a>
        </span>
      </b:if>

      <div expr:id='data:widget.instanceId + &quot;_comments-block-wrapper&quot;'>
        <dl expr:class='data:post.avatarIndentClass' id='comments-block'>
          <b:loop values='data:post.comments' var='comment'>
            <dt expr:class='&quot;comment-author &quot; + data:comment.authorClass' expr:id='data:comment.anchorName'>
              <b:if cond='data:comment.favicon'>
                <img expr:src='data:comment.favicon' height='16px' style='margin-bottom:-2px;' width='16px'/>
              </b:if>
              <a expr:name='data:comment.anchorName'/>
              <b:if cond='data:blog.enabledCommentProfileImages'>
                <data:comment.authorAvatarImage/>
              </b:if>
              <b:if cond='data:comment.authorUrl'>
                <a expr:href='data:comment.authorUrl' rel='nofollow'><data:comment.author/></a>
              <b:else/>
                <data:comment.author/>
              </b:if>
              <data:commentPostedByMsg/>
            </dt>
            <dd class='comment-body' expr:id='data:widget.instanceId + data:comment.cmtBodyIdPostfix'>
              <b:if cond='data:comment.isDeleted'>
                <span class='deleted-comment'><data:comment.body/></span>
              <b:else/>
                <p>
                  <data:comment.body/>
                </p>
              </b:if>
            </dd>
            <dd class='comment-footer'>
              <span class='comment-timestamp'>
                <a expr:href='data:comment.url' title='comment permalink'>
                  <data:comment.timestamp/>
                </a>
                <b:include data='comment' name='commentDeleteIcon'/>
              </span>
            </dd>
          </b:loop>
        </dl>
      </div>

      <b:if cond='data:post.commentPagingRequired'>
        <span class='paging-control-container'>
          <a expr:class='data:post.oldLinkClass' expr:href='data:post.oldestLinkUrl'>
            <data:post.oldestLinkText/>
          </a>
          <a expr:class='data:post.oldLinkClass' expr:href='data:post.olderLinkUrl'>
            <data:post.olderLinkText/>
          </a>
          &#160;
          <data:post.commentRangeText/>
          &#160;
          <a expr:class='data:post.newLinkClass' expr:href='data:post.newerLinkUrl'>
            <data:post.newerLinkText/>
          </a>
          <a expr:class='data:post.newLinkClass' expr:href='data:post.newestLinkUrl'>
            <data:post.newestLinkText/>
          </a>
        </span>
      </b:if>

      <p class='comment-footer'>
        <b:if cond='data:post.embedCommentForm'>
          <b:if cond='data:post.allowNewComments'>
            <b:include data='post' name='comment-form'/>
          <b:else/>
            <data:post.noNewCommentsText/>
          </b:if>
        <b:else/>
          <b:if cond='data:post.allowComments'>
            <a expr:href='data:post.addCommentUrl' expr:onclick='data:post.addCommentOnclick'><data:postCommentMsg/></a>
          </b:if>
        </b:if>

      </p>
    </b:if>
    <b:if cond='data:showCmtPopup'>
      <div id='comment-popup'>
        <iframe allowtransparency='true' frameborder='0' id='comment-actions' name='comment-actions' scrolling='no'>
        </iframe>
      </div>
    </b:if>

    <div id='backlinks-container'>
    <div expr:id='data:widget.instanceId + &quot;_backlinks-container&quot;'>
       <b:if cond='data:post.showBacklinks'>
         <b:include data='post' name='backlinks'/>
       </b:if>
    </div>
    </div>
  </div>
</b:includable>
</b:widget>
</b:section>
<b:if cond='data:blog.pageType != &quot;item&quot;'>
<!--Page Navigation Starts-->
<script type='text/javascript'>
var pageCount=6;
var displayPageNum=6;
var upPageWord =&#39;Previous&#39;;
var downPageWord =&#39;Next&#39;;
</script>
<script type='text/javascript'>
//<![CDATA[
function showpageCount(n){var h=home_page_url;var f=new Array();var m=1;var c=1;var q=0;var s=0;var d=0;var e="";var a="";var o="";for(var l=0,k;k=n.feed.entry[l];l++){var r=k.published.$t.substring(0,19)+k.published.$t.substring(23,29);timestamp=encodeURIComponent(r);var t=k.title.$t;if(t!=""){if(q==0||(q%pageCount==(pageCount-1))){if(h.indexOf(timestamp)!=-1){m=c}if(t!=""){c++}f[f.length]="/search?updated-max="+timestamp+"&max-results="+pageCount}}q++}for(var g=0;g<f.length;g++){if(g>=(m-displayPageNum-1)&&g<(m+displayPageNum)){if(s==0&&g==m-2){if(m==2){a='<span class="showpage"><a href="/">'+upPageWord+"</a></span>"}else{a='<span class="showpage"><a href="'+f[g]+'">'+upPageWord+"</a></span>"}s++}if(g==(m-1)){e+='<span class="showpagePoint">'+m+"</span>"}else{if(g==0){e+='<span class="showpageNum"><a href="/">1</a></span>'}else{e+='<span class="showpageNum"><a href="'+f[g]+'">'+(g+1)+"</a></span>"}}if(d==0&&g==m){o='<span class="showpage"> <a href="'+f[g]+'">'+downPageWord+"</a></span>";d++}}}if(m>1){e=""+a+" "+e+" "}e='<div class="showpageArea"><span style="COLOR: #dad8d7;" class="showpageOf">Pages ('+(c-1)+")</span>"+e;if(m<(c-1)){e+=o}if(c==1){c++}e+="</div>";var b=document.getElementsByName("pageArea");var j=document.getElementById("blog-pager");if(c<=2){e=""}for(var g=0;g<b.length;g++){b[g].innerHTML=e}if(b&&b.length>0){e=""}if(j){j.innerHTML=e}}function showpageCount2(r){var l=home_page_url;var k=new Array();var g=l.indexOf("/search/label/")!=-1;var d=g?l.substr(l.indexOf("/search/label/")+14,l.length):"";d=d.indexOf("?")!=-1?d.substr(0,d.indexOf("?")):d;var q=1;var e=1;var t=0;var v=0;var f=0;var h="";var a="";var s="";var c='<span class="showpageNum"><a href="/search/label/'+d+"?&max-results="+pageCount+'">';var l=home_page_url;for(var o=0,n;n=r.feed.entry[o];o++){var u=n.published.$t.substring(0,19)+n.published.$t.substring(23,29);timestamp=encodeURIComponent(u);var w=n.title.$t;if(w!=""){if(t==0||(t%pageCount==(pageCount-1))){if(l.indexOf(timestamp)!=-1){q=e}if(w!=""){e++}k[k.length]="/search/label/"+d+"?updated-max="+timestamp+"&max-results="+pageCount}}t++}for(var j=0;j<k.length;j++){if(j>=(q-displayPageNum-1)&&j<(q+displayPageNum)){if(v==0&&j==q-2){if(q==2){a=c+upPageWord+"</a></span>"}else{a='<span class="showpage"><a href="'+k[j]+'">'+upPageWord+"</a></span>"}v++}if(j==(q-1)){h+='<span class="showpagePoint">'+q+"</span>"}else{if(j==0){h=c+"1</a></span>"}else{h+='<span class="showpageNum"><a href="'+k[j]+'">'+(j+1)+"</a></span>"}}if(f==0&&j==q){s='<span class="showpage"> <a href="'+k[j]+'">'+downPageWord+"</a></span>";f++}}}if(q>1){if(!g){h=""+a+" "+h+" "}else{h=""+a+" "+h+" "}}h='<div class="showpageArea"><span style="COLOR: #dad8d7;" class="showpageOf">Pages ('+(e-1)+")</span>"+h;if(q<(e-1)){h+=s}if(e==1){e++}h+="</div>";var b=document.getElementsByName("pageArea");var m=document.getElementById("blog-pager");if(e<=2){h=""}for(var j=0;j<b.length;j++){b[j].innerHTML=h}if(b&&b.length>0){h=""}if(m){m.innerHTML=h}}var home_page_url=location.href;var thisUrl=home_page_url;if(thisUrl.indexOf("/search/label/")!=-1){if(thisUrl.indexOf("?updated-max")!=-1){var lblname1=thisUrl.substring(thisUrl.indexOf("/search/label/")+14,thisUrl.indexOf("?updated-max"))}else{var lblname1=thisUrl.substring(thisUrl.indexOf("/search/label/")+14,thisUrl.indexOf("?&max"))}}var home_page="/";if(thisUrl.indexOf("?q=")==-1){if(thisUrl.indexOf("/search/label/")==-1){document.write('<script src="'+home_page+'feeds/posts/summary?alt=json-in-script&callback=showpageCount&max-results=99999" ><\/script>')}else{document.write('<script src="'+home_page+"feeds/posts/full/-/"+lblname1+'?alt=json-in-script&callback=showpageCount2&max-results=99999" ><\/script>')}};
//]]>
</script>
<!--Page Navigation Ends -->
</b:if>
      </div></div></div>

      <div id='sidebar-wrapper'>
        <b:section class='sidebar' id='sidebar' preferred='yes'>
<b:widget id='HTML4' locked='false' title='' type='HTML'>
<b:includable id='main'>
  <!-- only display title if it's non-empty -->
  <b:if cond='data:title != &quot;&quot;'>
    <h2 class='title'><data:title/></h2>
  </b:if>
  <div class='widget-content'>
    <data:content/>
  </div>

  <b:include name='quickedit'/>
</b:includable>
</b:widget>
<b:widget id='HTML5' locked='false' title='' type='HTML'>
<b:includable id='main'>
  <!-- only display title if it's non-empty -->
  <b:if cond='data:title != &quot;&quot;'>
    <h2 class='title'><data:title/></h2>
  </b:if>
  <div class='widget-content'>
    <data:content/>
  </div>

  <b:include name='quickedit'/>
</b:includable>
</b:widget>
<b:widget id='HTML10' locked='false' title='' type='HTML'>
<b:includable id='main'>
  <!-- only display title if it's non-empty -->
  <b:if cond='data:title != &quot;&quot;'>
    <h2 class='title'><data:title/></h2>
  </b:if>
  <div class='widget-content'>
    <data:content/>
  </div>

  <b:include name='quickedit'/>
</b:includable>
</b:widget>
</b:section>
      </div>

      <!-- spacer for skins that want sidebar and main to be the same height-->
      <div class='clear'>&#160;</div>

    </div> <!-- end content-wrapper -->
  </div></div> <!-- end outer-wrapper -->

<b:if cond='data:blog.pageType != &quot;item&quot;'>
<div class='picfooter'>
<div id='footer-wrapper'>
<b:section class='footer' id='footer' preferred='yes'/>

<div id='footer1-wrapper'>
<b:section class='footer' id='footer1' preferred='yes'>
<b:widget id='HTML6' locked='false' title='Popular Post' type='HTML'>
<b:includable id='main'>
  <!-- only display title if it's non-empty -->
  <b:if cond='data:title != &quot;&quot;'>
    <h2 class='title'><data:title/></h2>
  </b:if>
  <div class='widget-content'>
    <data:content/>
  </div>

  <b:include name='quickedit'/>
</b:includable>
</b:widget>
</b:section>
</div>

<div id='footer2-wrapper'>
<b:section class='footer' id='footer2' preferred='yes'>
<b:widget id='HTML7' locked='false' title='Trending Topic' type='HTML'>
<b:includable id='main'>
  <!-- only display title if it's non-empty -->
  <b:if cond='data:title != &quot;&quot;'>
    <h2 class='title'><data:title/></h2>
  </b:if>
  <div class='widget-content'>
    <data:content/>
  </div>

  <b:include name='quickedit'/>
</b:includable>
</b:widget>
</b:section>
</div>

<div id='footer3-wrapper'>
<b:section class='footer' id='footer3' preferred='yes'>
<b:widget id='HTML8' locked='false' title='Random Post' type='HTML'>
<b:includable id='main'>
  <!-- only display title if it's non-empty -->
  <b:if cond='data:title != &quot;&quot;'>
    <h2 class='title'><data:title/></h2>
  </b:if>
  <div class='widget-content'>
    <data:content/>
  </div>

  <b:include name='quickedit'/>
</b:includable>
</b:widget>
</b:section>
</div> <div style='clear:both;'/>


</div>
</div>
</b:if>

<div class='creditpic'>
<div class='credit'>
Copyright &#169; 2011. <a class='sitename' expr:href='data:blog.homepageUrl' expr:title='data:blog.title'><data:blog.title/></a> . All Rights Reserved<br/>
<a href='#'>Company Info</a> | <a href='#'>Contact Us</a> | <a href='#'>Privacy policy</a> | <a href='#'>Term of use</a> | <a href='#'>Widget</a> | <a href='#'>Advertise with Us</a> | <a href='#'>Site map</a><br/>
Template Modify by <a href='http://creatingwebsite-maskolis.blogspot.com'>Creating Website</a>. Inpire by <a href='http://www.rockettheme.com'>Darkmatter Rockettheme</a> Proudly powered by <a href='http://www.blogger.com/'>Blogger</a>
</div>
</div>

</body>
</html>