<?xml version="1.0" encoding="UTF-8" ?>
<!DOCTYPE html PUBLIC "-//W3C//DTD XHTML 1.0 Strict//EN" "http://www.w3.org/TR/xhtml1/DTD/xhtml1-strict.dtd">
<html xmlns='http://www.w3.org/1999/xhtml' xmlns:b='http://www.google.com/2005/gml/b' xmlns:data='http://www.google.com/2005/gml/data' xmlns:expr='http://www.google.com/2005/gml/expr'>

<head>
<b:if cond='data:blog.pageType == &quot;index&quot;'>
<title><data:blog.title/></title>
<b:else/>
<title><data:blog.pageName/></title>
</b:if>

<b:skin><![CDATA[/*
<!--
/*-----------------------------------------------
Design          : Dody Farial
Site            : http://www.blog-zone.info/
Desc            : Comercon
Year            : 2010 
----------------------------------------------- */

#navbar {
height:0;
visibility:hidden;
display:none;
}

/* -- Main -- */
body { 
background:#FFF;
width:1000px;
margin:auto;
font-family:maiandra gd,verdana,arial,helvetica;
font-size:14px;
color:#000;
}

.updateinfo {
display:none;
}

a:link { 
color:#0B7CB3;  
text-decoration:none;
}

a:visited { 
color:#0B7CB3;  
text-decoration:none;
}

a:hover { 
color:#0A6998;  
text-decoration:underline;
}

a img { 
border-width:0;
}

.blank {
clear: both;
}

/*  -- Header -- */
#header-wrapper {
width:1000px;
height:106px;
text-align:left;
background:url(http://lh4.ggpht.com/_7Y9pl24WpQY/TAT8YL5r5GI/AAAAAAAAEEw/0LWnLHxrsKk/bg_headinner_thumb%5B3%5D.jpg) no-repeat center;
margin:0;
padding:0;
}

#header h1 {
font:30pt maiandra gd,trebuchet ms,arial;
letter-spacing:0.044em;
font-weight:700;
line-height:1.3em;
color:#FFF;
text-shadow:1px 1px 2px #3F3F3F;
margin:0;
padding:10px 300px 7px 50px;
}

#header a,#header a:hover {
color:#FFF;
text-decoration:none;
}

.descriptionwrapper p {
line-height:1em;
font-style:nrmal;
font-weight:700;
font:14pt maiandra gd,trebuchet ms,,arial;
color:#FFF;
text-shadow:1px 1px 2px #3F3F3F;
margin:0;
padding:0 200px 25px 50px;
}

/* -- Outer-Wrapper -- */
#outer-wrapper {
background:url(http://lh4.ggpht.com/_7Y9pl24WpQY/TAT8gofV-0I/AAAAAAAAEFI/s9rMTK_iaaw/bg_website_thumb%5B3%5D.jpg) repeat-y;
width:1000px;
margin:0 auto;
padding:0;
}

#main-wrapper {
background:transparent;
width:640px;
float:left;
word-wrap:break-word;
overflow:hidden;
margin:0 auto;
padding:0;
}

#sidebar-wrapper {
background:transparent;
width:330px;
float:right;
word-wrap:break-word;
overflow:hidden;
margin:0 auto;
padding:0;
}

br {
clear:both;
}

/* -- Post -- */
.post {
text-align:justify;
font:14px verdana,arial,trebuchet ms;
color:#000;
background:transparent;
margin:10px 0px 10px 50px;
padding:0;
}

.post h3 {
background:transparent;
font:17pt maiandra gd,arial,verdana,trebuchet ms;
font-weight:700;
font-style:normal;
line-height:1.4em;
margin:0;
padding:0px;
}

.post h3 a,.post h3 a:visited,.post h3 strong {
display:block;
color:#0B7CB3;
text-decoration:none;
font-style:normal;
font-weight:700;
}

.post h3 strong,.post h3 a:hover {
color:#222;
text-decoration:underline;
}

.post ul {
color:#000;
margin:0;
padding:0;
}

.post ul li {
list-style-type:square;
margin:10px 0 0 40px;
}

.post ol {
color:#000;
margin:0;
padding:0;
}

.post ol li {
list-style-type:decimal;
margin:10px 0 0 30px;
}

.post-body,.post-body p {
line-height:1.5em;
font-size:14px;
letter-spacing:0.044em;
margin-top:15px;
padding:0;
}

.post-footer {
color:#000;
font-family:maiandra gd,verdana,arial,georgia;
font-size:12px;
letter-spacing:.094em;
background:transparent;
margin:0;
padding:0;
}

.post-body img {
border:0px solid #444;
}

.comment-link {
margin-left:.6em;
}

.post blockquote {
background:#eaeaea url(http://lh3.ggpht.com/_7Y9pl24WpQY/S8y5LxDnYwI/AAAAAAAADg0/WO96-GBt9JI/blockquote_thumb%5B5%5D.png) no-repeat scroll 0 0;
color:#3B0B0B;
border:1px outset #eaeaea;
margin:10px;
padding:10px 10px 10px 50px;
}

p.post-footer-line-3 {
margin:0 auto;
padding:0;
}

.post .post-comment-link {
float:right;
font-size:1em;
line-height:12px;
color:#000;
display:inline;
text-align:right;
width:120px;
margin:0;
padding:0;
}

.post .post-comment-link a {
background:url(http://3.bp.blogspot.com/_7Y9pl24WpQY/S6rZmaah0MI/AAAAAAAADLM/lW3OwjSGMrU/s320/ico-comment.png) no-repeat;
padding-left:25px;
display:block;
float:right;
color:#000;
text-decoration:none;
margin:0;
}

.post .post-comment-link a:hover {
color:#000;
text-decoration:underline;
}

.post-author {
background:transparent;
color:#000;
font-family:maiandra gd,arial,verdana,georgia;
font-size:12px;
border-top:1px solid #CFCFCF;
letter-spacing:.094em;
margin:20px 0 0;
padding:10px 0 0 0;
}

.postedby {
font-family:maiandra gd,arial,verdana,georgia;
font-size:12px;
color:#000;
letter-spacing:.094em;
border-top:1px solid #CFCFCF;
margin:10px 0 0;
padding:10px 0 0 0;
}

.postlabels {
font-family:maiandra gd,arial,verdana,georgia;
font-size:12px;
color:#000;
letter-spacing:.094em;
margin:0;
padding-top:2px;
}

.post-timestamp {
background:url(http://lh3.ggpht.com/_7Y9pl24WpQY/S-7hH7QlViI/AAAAAAAAD2w/eWmFDdCexpw/1273945781_Clock_thumb%5B4%5D.png) no-repeat left;
margin-left:3px;
padding:4px 0 0 26px;
}

.breadcrumbs {
font-size:12px;
line-height:1.4em;
font-family:maiandra gd,arial,verdana;
border-bottom:1px solid #CFCFCF;
margin-bottom:10x;
padding:10px 0 10px 0;
}

/* -- Comments -- */
#comments h4 {
font-size:11px;
font-weight:700;
line-height:1.4em;
text-transform:uppercase;
letter-spacing:.2em;
color:#000;
background:transparent no-repeat 0 .0em;
padding-left:50px;
margin-top:20px;
}

#comments-block {
line-height:1.6em;
margin:1em 0 1.5em;
padding-left:50px;
}

#comments-block .comment-author {
margin-left:60px;
padding-left:10px;
background:transparent;
color:#000;
font-weight:700;
}

#comments-block .comment-body {
color:#000;
margin:.25em 0 0;
}

#comments-block .comment-footer {
line-height:2em;
text-transform:uppercase;
letter-spacing:.1em;
border-bottom:2px dotted #BDBDBD;
margin-top:-20px;
margin-left:0px;
margin-bottom:20px;
margin-right:0px;
padding:0;
}

#comments-block .comment-body p {
background:#FFF;
margin:-25px 0px 30px 60px;
padding:30px 10px 10px;
}

.comment-form {
margin-left:50px;
}

.deleted-comment {
font-style:italic;
color:gray;
}

.owner-Body {
background:#FFF url(http://lh5.ggpht.com/_7Y9pl24WpQY/S_f7bmunbGI/AAAAAAAAD7s/pJHu6vl8_8M/post_footer_thumb%5B8%5D.gif) no-repeat bottom left;
margin:-25px 0px 30px 60px;
padding:20px 10px 10px;
}

#blog-pager-newer-link {
float:left;
line-height:1.8em;
font-weight:700;
margin-left:50px;
}

#blog-pager-older-link {
float:right;
line-height:1.8em;
font-weight:700;
margin-right:10px;
}

#blog-pager {
text-align:center;
background:transparent no-repeat left bottom;
line-height:1.8em;
font-weight:700;
color:#fff;
}

.feed-links {
clear:both;
line-height:0;
display:none;
}

/* -- Sidebar-- */
#sidebar-wrapper h2 {
background:url(http://lh5.ggpht.com/_7Y9pl24WpQY/TAakGRrVqFI/AAAAAAAAEGA/zda_nkif_U0/sidebartitle_thumb%5B3%5D.png) no-repeat;
font:14px trebuchet ms,arial,verdana;
color:#f2f2f2;
text-shadow:1px 1px 2px #294A99;
font-weight:700;
height:43px;
text-align:left;
font-style:normal;
text-transform:uppercase;
margin:-10px -20px -10px -20px;
padding:9px 20px 0px 20px;
}

#sidebar-wrapper ul {
list-style-type:none;
color:#000;
margin-left:-10px;
margin-top:-10px;
padding:0;
}

#sidebar-wrapper ul li {
background:transparent;
border-bottom:1px solid #CFCFCF;
margin:0;
padding:10px;
}

#sidebar-wrapper ul li a:hover {
background:#252525;
display:block;
text-decoration:none;
color:#FFF;
margin:-10px;
padding:10px;
}

.sidebar section {
margin:0;
padding:0;
}

#ArchiveList {
padding:0;
}

.sidebar .widget {
background:transparent;
margin:10px 0px 10px 0px;
padding:10px 40px 0px 30px;
}

/* -- Profile -- */
.profile-img {
float:left;
border:1px solid #CCC;
margin:5px;
padding:2px;
}

.profile-data {
letter-spacing:.1em;
font-size:90%;
font-weight:700;
line-height:1.4em;
margin:0;
}

.profile-datablock {
margin:5px;
}

.profile-textblock {
line-height:1.6em;
margin:5px;
}

.profile-link {
background:transparent;
padding:5px;
font-weight:400;
}

/*  -- Nav -- */
#nav {
width:1000px;
height:40px;
background:#f1f1f1 url(http://lh5.ggpht.com/_7Y9pl24WpQY/TAT8V3wl8GI/AAAAAAAAEEo/Aq0ltMRTK14/bg_topnav_thumb%5B1%5D.jpg) repeat-x;
list-style-type:none;
position:relative;
display:block;
font-size:15px;
font-family:maiandra gd,trebuchet ms,arial,verdana;
font-weight:bold;
margin:0;
padding:0;
}

#nav-left {
float:left;
display:inline;
width:660px;
}

#nav-right {
float:right;
display:inline;
width:270px;
}

#nav ul {
line-height:normal;
margin:0;
padding:0;
}

#nav li {
display:block;
float:left;
margin:0;
pading:0;
}

#nav a {
display:block;
float:left;
color:#000;
text-shadow:1px 1px 2px #F9F9F9;
text-decoration:none;
padding:12px 10px 10px 10px;
}

#nav a:hover {
background:#252525;
color:#f1f1f1;
text-shadow:1px 1px 2px #444444;
}

#search {
float:right;
padding:5px 5px 0 0;
}

#search form {
float:right;
margin:0;
padding:2px 0 0;
}

#search fieldset {
border:medium none;
margin:0;
padding:0;
}

#search input {
float:left;
font:12px arial,verdana,georgia;
}

#search-text {
background:#fff;
border:1px solid #000;
color:#000;
height:18px;
width:160px;
margin-top:2px;
padding:5px 5px 0 7px;
}

#search-submit {
background:transparent url(http://lh5.ggpht.com/_7Y9pl24WpQY/S_dUgZ5cBMI/AAAAAAAAD6k/yuE6IKp_30A/1274498855_xmag_thumb%5B3%5D.png) no-repeat;
border:0px;
color:transparent;
margin-left:5px;
margin-top:2px;
margin-right:5px;
text-indent:-9999px;
overflow:hidden;
width:25px;
height:25px;
padding:0 8px;
}

/*  -- Menu -- */
#menu {
width:1000px;
height:82px;
background:url(http://lh5.ggpht.com/_7Y9pl24WpQY/TAakBD1K9JI/AAAAAAAAEFw/RcZOwGRcmuE/bg_navigation_thumb%5B6%5D.png) no-repeat;
list-style-type:none;
position:relative;
text-transform:uppercase;
display:block;
font-size:15px;
font-family:trebuchet ms,arial,verdana,sans-serif;
font-weight:bold;
margin:0;
padding:0;
}

#menu ul {
line-height:normal;
margin:0;
padding:0;
}

#menu li {
display:block;
float:left;
margin:0;
pading:0;
border-right:1px solid #294A99;
}

#menu a {
display:block;
float:left;
color:#f1f1f1;
text-shadow:1px 1px 2px #294A99;
text-decoration:none;
padding:17px 10px 13px 10px;
}

#menu a:hover {
background:#252525;
color:#f1f1f1;
text-shadow:1px 1px 2px #444444;
}

/*-- Footer --*/
#footer {
width:1000px;
background:url(http://lh6.ggpht.com/_7Y9pl24WpQY/TAakDzWoZkI/AAAAAAAAEF4/1_HfDGptSHE/bg_footer_thumb%5B11%5D.png) no-repeat;
position:relative;
text-align:center;
font-size:13px;
color:#f2f2f2;
text-shadow:1px 1px 2px #294A99;
margin:0;
padding:50px 0 12px 0;
}

#footer a:link,#footer a:visited {
color:#f2f2f2;
text-shadow:1px 1px 2px #294A99;
}

]]></b:skin>

<script type='text/javascript'>
//<![CDATA[
/*
Merlinox and Napolux MyBlogLog Avatar Creator
created by Merlinox (blog.merlinox.com)
helped by Napolux (www.napolux.com)

version 0.1 (20061214)
version 0.2 (20061215)
compatible with all blogger blog
*/

if(typeof(myLayer)!='function'){
function myLayer (x){
//individuo l'oggetto
if(document.layers){ // browser="NN4";
lay=document.layers[x];
}
if(document.all){ // browser="IE";
lay=eval("document.all." + x);
}
if(!document.all && document.getElementById){ // browser="NN6+ or IE5+ if you're willing to dump the !document.all stuff";
lay=document.getElementById(x);
}
return lay;
}
}

//lo prendo da blogger
function myBlogAvatar(codiceCommento,autore,stile){
//scrivo lo span
//var myBlogSpan = "myBlog-" + codiceCommento;
//document.write("<span id='" + myBlogSpan + "'><i>myBlogLog...</i></span>");

//metto tutto minuscolo perchè indexOf è case sensitive

if (autore != ""){
alt="MyBlogLog: " + autore;

myBlog = "<a target='_blank' href=\"http://www.mybloglog.com/buzz/co_redir.php?href=" + autore + "\" rel='nofollow'><img src=\"http://pub.mybloglog.com/coiserv.php?href=" + autore + "\" alt=\"" + alt + "\" title=\"" + alt + "\" border=\"1\" class=\"myBlogAvatar\"></a>";
//myLayer(myBlogSpan).innerHTML = myBlog + myLayer(myBlogSpan).innerHTML;
//myLayer(myBlogSpan).innerHTML = myBlog;
document.write(myBlog);
}
}
//]]>
</script>

<script type='text/javascript'>
//<![CDATA[
var relatedTitles = new Array();
var relatedTitlesNum = 0;
var relatedUrls = new Array();
function related_results_labels(json) {
 for (var i = 0; i < json.feed.entry.length; i++) {
 var entry = json.feed.entry[i];
 relatedTitles[relatedTitlesNum] = entry.title.$t;
 for (var k = 0; k < entry.link.length; k++) {
  if (entry.link[k].rel == 'alternate') {
   relatedUrls[relatedTitlesNum] = entry.link[k].href;
   relatedTitlesNum++;
   break;
  }
 }
 }
}
function removeRelatedDuplicates() {
 var tmp = new Array(0);
 var tmp2 = new Array(0);
 for(var i = 0; i < relatedUrls.length; i++) {
  if(!contains(tmp, relatedUrls[i])) {
   tmp.length += 1;
   tmp[tmp.length - 1] = relatedUrls[i];
   tmp2.length += 1;
   tmp2[tmp2.length - 1] = relatedTitles[i];
  }
 }
 relatedTitles = tmp2;
 relatedUrls = tmp;
}
function contains(a, e) {
 for(var j = 0; j < a.length; j++) if (a[j]==e) return true;
 return false;
}
function printRelatedLabels() {
 var r = Math.floor((relatedTitles.length - 1) * Math.random());
 var i = 0;
 document.write('<ul>');
 while (i < relatedTitles.length && i < 10) {
  document.write('<li><a href="' + relatedUrls[r] + '">' + relatedTitles[r] + '</a></li>');
  if (r < relatedTitles.length - 1) {
   r++;
  } else {
   r = 0;
  }
  i++;
 }
 document.write('</ul>');
}
//]]>
</script>

</head>

<body>

<div id='nav'> 	
<b:section class='header-tabs' id='header-tabs' preferred='yes' showaddelement='no'>
<b:widget id='LinkList1' locked='true' title='Top Tabs' type='LinkList'>
<b:includable id='main'>
<div class='widget-content'>
<b:if cond='data:title'/>
<div id='nav-left'>	
<ul>
<li><a href='/'>Home</a></li>
<b:loop values='data:links' var='link'>
<li><a expr:href='data:link.target'><data:link.name/></a></li>
</b:loop>
</ul>
</div>   
</div>
</b:includable>
</b:widget>
<b:widget id='HTML77' locked='true' title='Search' type='HTML'>
<b:includable id='main'>
<div id='nav-right'>
<form action='/search' id='searchform' method='get' style='display:inline;'>
<div id='search'>
<fieldset>
<input id='search-text' name='q' size='15' type='text'/>
<input id='search-submit' type='submit' value=''/>
</fieldset>
<data:content/>
</div> 
</form>
</div>
</b:includable>
</b:widget>
</b:section>	
</div>

<!-- skip links for text browsers -->
<span id='skiplinks' style='display:none;'>
<a href='#main'>skip to main </a> |
<a href='#sidebar'>skip to sidebar</a>
</span>

<div id='header-wrapper'>
<b:section class='header' id='header' maxwidgets='1' showaddelement='no'>
<b:widget id='Header1' locked='true' title='Comercon (Header)' type='Header'>
<b:includable id='title'>
<b:if cond='data:blog.url == data:blog.homepageUrl'>
<data:title/>
<b:else/>
<a expr:href='data:blog.homepageUrl'><data:title/></a>
</b:if>
</b:includable>
<b:includable id='description'>
<div class='descriptionwrapper'>
<p class='description'><span><data:description/></span></p>
</div>
</b:includable>
<b:includable id='main'>

<b:if cond='data:useImage'>
<b:if cond='data:imagePlacement == &quot;REPLACE&quot;'>
<!--Show just the image, no text-->
<div id='header-inner'>
<a expr:href='data:blog.homepageUrl' style='display: block'>
<img expr:alt='data:title' expr:height='data:height' expr:id='data:widget.instanceId + &quot;_headerimg&quot;' expr:src='data:sourceUrl' expr:width='data:width' style='display: block'/></a>
</div>
<b:else/>
      <!--
      Show image as background to text. You can't really calculate the width
      reliably in JS because margins are not taken into account by any of
      clientWidth, offsetWidth or scrollWidth, so we don't force a minimum
      width if the user is using shrink to fit.
      This results in a margin-width's worth of pixels being cropped. If the
      user is not using shrink to fit then we expand the header.
      -->
      <div expr:style='&quot;background-image: url(\&quot;&quot; + data:sourceUrl + &quot;\&quot;); &quot;                      + &quot;background-position: &quot;                      + data:backgroundPositionStyleStr + &quot;; &quot;                      + data:widthStyleStr                      + &quot;min-height: &quot; + data:height + &quot;px;&quot;                      + &quot;_height: &quot; + data:height + &quot;px;&quot;                      + &quot;background-repeat: no-repeat; &quot;' id='header-inner'>
<div class='titlewrapper' style='background: transparent'>
<h1 class='title' style='background: transparent; border-width: 0px'>
<b:include name='title'/>
</h1>
</div>
<b:include name='description'/>
</div>
</b:if>
<b:else/>
<!--No header image -->
<div id='header-inner'>
<div class='titlewrapper'>
<h1 class='title'>
<b:include name='title'/>
</h1>
</div>
<b:include name='description'/>
</div>
</b:if>
</b:includable>
</b:widget>
</b:section>
</div>

<div id='outer-wrapper'>

<div id='menu'> 	
<b:section class='top-tabs' id='top-tabs' preferred='yes' showaddelement='no'>
<b:widget id='LinkList2' locked='true' title='Top Tabs' type='LinkList'>
<b:includable id='main'>
<div class='widget-content'>
<b:if cond='data:title'/>
<ul>
<li><a href='/feeds/posts/default'>Subscribe</a></li>
<b:loop values='data:links' var='link'>
<li><a expr:href='data:link.target'><data:link.name/></a></li>
</b:loop>
</ul>
</div>
</b:includable>
</b:widget>
</b:section>	
</div>

<div id='content-wrapper'>
<div id='main-wrapper'>
<b:section class='main' id='main' showaddelement='no'>
<b:widget id='Blog1' locked='true' title='Blog Posts' type='Blog'>
<b:includable id='nextprev'>
<div class='blog-pager' id='blog-pager'>
<b:if cond='data:newerPageUrl'>
<span id='blog-pager-newer-link'>
<a class='blog-pager-newer-link' expr:href='data:newerPageUrl' expr:id='data:widget.instanceId + &quot;_blog-pager-newer-link&quot;' expr:title='data:newerPageTitle'>Newer Posts</a></span>
</b:if>

    <b:if cond='data:olderPageUrl'>
      <span id='blog-pager-older-link'>
      <a class='blog-pager-older-link' expr:href='data:olderPageUrl' expr:id='data:widget.instanceId + &quot;_blog-pager-older-link&quot;' expr:title='data:olderPageTitle'>Older Posts</a></span>
    </b:if>

    <b:if cond='data:blog.homepageUrl != data:blog.url'>
      <a class='home-link' expr:href='data:blog.homepageUrl' expr:id='data:widget.instanceId + &quot;_blog-pager-home-link&quot;' expr:title='data:homePageTitle'>Home</a><b:else/>
      <b:if cond='data:newerPageUrl'>
        <a class='home-link' expr:href='data:blog.homepageUrl'><data:homeMsg/></a>
      </b:if>
    </b:if>

  </div>
  <div class='clear'/>
</b:includable>
<b:includable id='shareButtons' var='post'>
  <b:if cond='data:post.sharePostUrl'>
      <a class='share-button sb-email' expr:href='data:post.sharePostUrl + &quot;&amp;target=email&quot;' expr:title='data:top.emailThisMsg' target='_blank'>
        <span class='share-button-link-text'><data:top.emailThisMsg/></span></a>
      <a class='share-button sb-blog' expr:href='data:post.sharePostUrl + &quot;&amp;target=blog&quot;' expr:onclick='&quot;window.open(this.href, \&quot;&quot; + data:top.blogThisMsg             + &quot;\&quot;, \&quot;height=270,width=475\&quot;); return false;&quot;' expr:title='data:top.blogThisMsg' target='_blank'>
        <span class='share-button-link-text'><data:top.blogThisMsg/></span></a>
      <a class='share-button sb-twitter' expr:href='data:post.sharePostUrl + &quot;&amp;target=twitter&quot;' expr:title='data:top.shareToTwitterMsg' target='_blank'>
        <span class='share-button-link-text'><data:top.shareToTwitterMsg/></span></a>
      <a class='share-button sb-facebook' expr:href='data:post.sharePostUrl + &quot;&amp;target=facebook&quot;' expr:onclick='&quot;window.open(this.href, \&quot;&quot;             + data:top.shareToFacebookMsg + &quot;\&quot;, \&quot;height=430,width=640\&quot;); return false;&quot;' expr:title='data:top.shareToFacebookMsg' target='_blank'>
        <span class='share-button-link-text'><data:top.shareToFacebookMsg/></span></a>
      <a class='share-button sb-buzz' expr:href='data:post.sharePostUrl + &quot;&amp;target=buzz&quot;' expr:onclick='&quot;window.open(this.href, \&quot;&quot; + data:top.shareToBuzzMsg             + &quot;\&quot;, \&quot;height=415,width=690\&quot;); return false;&quot;' expr:title='data:top.shareToBuzzMsg' target='_blank'>
        <span class='share-button-link-text'><data:top.shareToBuzzMsg/></span></a>
  </b:if>
</b:includable>
<b:includable id='backlinks' var='post'>
  <a name='links'/><h4><data:post.backlinksLabel/></h4>
  <b:if cond='data:post.numBacklinks != 0'>
    <dl class='comments-block' id='comments-block'>
      <b:loop values='data:post.backlinks' var='backlink'>
        <div class='collapsed-backlink backlink-control'>
          <dt class='comment-title'>
            <span class='backlink-toggle-zippy'>&#160;</span>
            <a expr:href='data:backlink.url' rel='nofollow'><data:backlink.title/></a>
            <b:include data='backlink' name='backlinkDeleteIcon'/>
          </dt>
          <dd class='comment-body collapseable'>
            <data:backlink.snippet/>
          </dd>
          <dd class='comment-footer collapseable'>
            <span class='comment-author'><data:post.authorLabel/> <data:backlink.author/></span>
            <span class='comment-timestamp'><data:post.timestampLabel/> <data:backlink.timestamp/></span>
          </dd>
        </div>
      </b:loop>
    </dl>
  </b:if>
  
    <p class='comment-footer'>
    <a class='comment-link' expr:href='data:post.createLinkUrl' expr:id='data:widget.instanceId + &quot;_backlinks-create-link&quot;' target='_blank'><data:post.createLinkLabel/></a></p>

</b:includable>
<b:includable id='post' var='post'>
  <div class='post hentry uncustomized-post-template'>

    <a expr:name='data:post.id'/>
    <b:if cond='data:post.title'>
      <h3 class='post-title entry-title'>
     <b:if cond='data:post.link'>
       <a expr:href='data:post.link'><data:post.title/></a>
     <b:else/>
        <b:if cond='data:post.url'>
          <a expr:href='data:post.url'><data:post.title/></a>
        <b:else/>
          <data:post.title/>
        </b:if>
     </b:if>
      </h3>
    </b:if>

<b:if cond='data:blog.homepageUrl == data:blog.url'> <b:else/> <b:if cond='data:blog.pageType == &quot;item&quot;'> <div class='breadcrumbs'> Browse &#187; <a expr:href='data:blog.homepageUrl'>Home</a> &#187; <b:if cond='data:post.labels'><b:loop values='data:post.labels' var='label'> <a expr:href='data:label.url' rel='tag'><data:label.name/></a> <b:if cond='data:label.isLast != &quot;true&quot;'> &#187; </b:if> <b:if cond='data:blog.pageType == &quot;item&quot;'>
<script expr:src='&quot;/feeds/posts/default/-/&quot; + data:label.name + &quot;?alt=json-in-script&amp;callback=related_results_labels&amp;max-results=12&quot;' type='text/javascript'/>
</b:if> </b:loop> </b:if> &#187; <data:post.title/> </div> </b:if> </b:if>

<div class='post-header-line-1'/>
<div class='post-body'>
<b:if cond='data:blog.pageType == &quot;item&quot;'>
<style>.fullpost{display:inline;}</style>
<p><data:post.body/></p>
<b:if cond='data:blog.pageType == &quot;item&quot;'>

<div class='post-author'>
        <b:if cond='data:top.showAuthor'>
          <data:top.authorLabel/>
          <span class='fn'><data:post.author/></span>
        </b:if>

<span class='post-timestamp'>
        <b:if cond='data:top.showTimestamp'>
          <data:top.timestampLabel/>
        <b:if cond='data:post.url'>
          <a class='timestamp-link' expr:href='data:post.url' rel='bookmark' title='permanent link'><abbr class='published' expr:title='data:post.timestampISO8601'><data:post.timestamp/></abbr></a>
        </b:if>
        </b:if>
      </span>
</div>

<div style='color:#000;font-family:maiandra gd,arial,georgia;font-size:14px;margin:20px 50px 10px 0px;padding:0px'>
<b>Related Posts :</b>
<script type='text/javascript'>
removeRelatedDuplicates();
printRelatedLabels();
</script>
</div>
  
</b:if>
<b:else/>

<style>.fullpost{display:none;}</style>
<p><data:post.body/></p>
</b:if>

<b:if cond='data:post.hasJumpLink'>
      <div class='jump-link' style='float:left'>
        <a expr:href='data:post.url + &quot;#more&quot;' expr:title='data:post.title'><img alt='read more' src='http://lh4.ggpht.com/_7Y9pl24WpQY/S8sMD7pBeXI/AAAAAAAADeE/LtHqW8Kc3PE/readmore_thumb%5B1%5D.gif'/></a> 
      </div>
    </b:if>
      
<div style='clear: both;'/>
</div>

<b:if cond='data:blog.url == data:blog.homepageUrl'>  
<div class='postedby'>
<div class='post-status'> 

<b:if cond='data:top.showAuthor'>
          <data:top.authorLabel/>
          <span class='fn'><data:post.author/></span>
        </b:if>          

<b:if cond='data:top.showTimestamp'>
          <data:top.timestampLabel/>
        <b:if cond='data:post.url'>
          <a class='timestamp-link' expr:href='data:post.url' rel='bookmark' title='permanent link'><abbr class='published' expr:title='data:post.timestampISO8601'><data:post.timestamp/></abbr></a>
        </b:if>
        </b:if>

  <span class='post-comment-link'>
        <b:if cond='data:blog.pageType != &quot;item&quot;'>

          <b:if cond='data:post.allowComments'>
            <a class='comment-link' expr:href='data:post.url + &quot;#comments&quot;'><b:if cond='data:post.numComments == 1'>1 <data:top.commentLabel/><b:else/><data:post.numComments/> <data:top.commentLabelPlural/></b:if></a>
          </b:if>
        </b:if>
      </span>

</div>
</div>

<span class='postlabels'>
        <b:if cond='data:post.labels'>
          <data:postLabelsLabel/>
          <b:loop values='data:post.labels' var='label'>
            <a expr:href='data:label.url' rel='tag'><data:label.name/></a><b:if cond='data:label.isLast != &quot;true&quot;'>,</b:if>
          </b:loop>
        </b:if>
</span>

</b:if>

<div class='post-footer'>

   <div class='post-footer-line post-footer-line-1'>

       <!-- backlinks -->
       <span class='post-backlinks post-comment-link'>
         <b:if cond='data:blog.pageType != &quot;item&quot;'>
           <b:if cond='data:post.showBacklinks'>
             <a class='comment-link' expr:href='data:post.url + &quot;#links&quot;'><data:top.backlinkLabel/></a>
           </b:if>
         </b:if>
       </span>

      <span class='post-icons'>
        <!-- email post links -->
        <b:if cond='data:post.emailPostUrl'>
          <span class='item-action'>
          <a expr:href='data:post.emailPostUrl' expr:title='data:top.emailPostMsg'>
              <img alt='' class='icon-action' src='http://www.blogger.com/img/icon18_email.gif'/>
          </a>
          </span>
        </b:if>

        <!-- quickedit pencil -->
        <b:include data='post' name='postQuickEdit'/>
      </span>
      </div>

      <div class='post-footer-line post-footer-line-2'>

      </div>

      <div class='post-footer-line post-footer-line-3'/>
    </div>

</div>
  
</b:includable>
<b:includable id='status-message'>
  <b:if cond='data:navMessage'>
  <div class='status-msg-wrap'>
    <div class='status-msg-body'>
      <data:navMessage/>
    </div>
    <div class='status-msg-border'>
      <div class='status-msg-bg'>
        <div class='status-msg-hidden'><data:navMessage/></div>
      </div>
    </div>
  </div>
  <div style='clear: both;'/>
  </b:if>
</b:includable>
<b:includable id='comment-form' var='post'>
  <div class='comment-form'>
    <a name='comment-form'/>
    <h3><data:postCommentMsg/></h3>
    <p><data:blogCommentMessage/></p>
    <iframe allowtransparency='true' expr:src='data:post.commentFormIframeSrc' frameborder='0' height='275' id='comment-editor' scrolling='auto' width='450'/>
  </div>
</b:includable>
<b:includable id='backlinkDeleteIcon' var='backlink'>
  <span expr:class='&quot;item-control &quot; + data:backlink.adminClass'>
    <a expr:href='data:backlink.deleteUrl' expr:title='data:top.deleteBacklinkMsg'>
      <img src='//www.blogger.com/img/icon_delete13.gif'/>
    </a>
  </span>
</b:includable>
<b:includable id='postQuickEdit' var='post'>
  <b:if cond='data:post.editUrl'>
    <span expr:class='&quot;item-control &quot; + data:post.adminClass'>
      <a expr:href='data:post.editUrl' expr:title='data:top.editPostMsg'>
        <img alt='' class='icon-action' src='http://www.blogger.com/img/icon18_edit_allbkg.gif'/>
      </a>
    </span>
  </b:if>
</b:includable>
<b:includable id='main' var='top'>
  <!-- posts -->
  <div class='blog-posts hfeed'>

    <b:include data='top' name='status-message'/>

    <data:adStart/>
    <b:loop values='data:posts' var='post'>
     


<b:include data='post' name='post'/>

      <b:if cond='data:blog.pageType == &quot;item&quot;'>
        <b:include data='post' name='comments'/>
      </b:if>
      <b:if cond='data:post.includeAd'>
        <data:adEnd/>
        <data:adCode/>
        <data:adStart/>
      </b:if>
    </b:loop>
    <data:adEnd/>
  </div>

  <!-- navigation -->
  <b:include name='nextprev'/>

  <!-- feed links -->
  <b:include name='feedLinks'/>
  
  <b:if cond='data:top.showStars'>
    <script src='http://www.google.com/jsapi' type='text/javascript'/>
    <script type='text/javascript'>
      google.load(&quot;annotations&quot;, &quot;1&quot;);
      function initialize() {
        google.annotations.setApplicationId(<data:top.blogspotReviews/>);
        google.annotations.createAll();
        google.annotations.fetch();
      }
      google.setOnLoadCallback(initialize);
    </script>
  </b:if>

</b:includable>
<b:includable id='commentDeleteIcon' var='comment'>
  <span expr:class='&quot;item-control &quot; + data:comment.adminClass'>
    <a expr:href='data:comment.deleteUrl' expr:title='data:top.deleteCommentMsg'>
      <img src='//www.blogger.com/img/icon_delete13.gif'/>
    </a>
  </span>
</b:includable>
<b:includable id='feedLinks'>
  <b:if cond='data:blog.pageType != &quot;item&quot;'> <!-- Blog feed links -->
    <b:if cond='data:feedLinks'>
      <div class='blog-feeds'>
        <b:include data='feedLinks' name='feedLinksBody'/>
      </div>
    </b:if>

    <b:else/> <!--Post feed links -->
    <div class='post-feeds'>
      <b:loop values='data:posts' var='post'>
        <b:if cond='data:post.allowComments'>
          <b:if cond='data:post.feedLinks'>
            <b:include data='post.feedLinks' name='feedLinksBody'/>
          </b:if>
        </b:if>
      </b:loop>
    </div>
  </b:if>
</b:includable>
<b:includable id='feedLinksBody' var='links'>
  <div class='feed-links'>
  <data:feedLinksMsg/>
  <b:loop values='data:links' var='f'>
    <b:if cond='data:blog.pageType == &quot;item&quot;'>
     <a class='feed-link' expr:href='data:f.url + &quot;?alt=rss&quot;' type='application/rss+xml'><data:f.name/> (RSS)</a>
    <b:else/>
     <a class='feed-link' href='http://feeds.feedburner.com/miscah' type='application/rss+xml'><data:f.name/> (RSS)</a>
    </b:if>
  </b:loop>
  </div>
</b:includable>
<b:includable id='comments' var='post'>
  <div class='comments' id='comments'>
    <a name='comments'/>
    <b:if cond='data:post.allowComments'>
      <h4>
        <b:if cond='data:post.numComments == 1'>
          1 <data:commentLabel/>:
        <b:else/>
          <data:post.numComments/> <data:commentLabelPlural/>:
        </b:if>
      </h4>

      <b:if cond='data:post.commentPagingRequired'>
        <span class='paging-control-container'>
          <a expr:class='data:post.oldLinkClass' expr:href='data:post.oldestLinkUrl'><data:post.oldestLinkText/></a>
          &#160;
          <a expr:class='data:post.oldLinkClass' expr:href='data:post.olderLinkUrl'><data:post.olderLinkText/></a>
          &#160;
          <data:post.commentRangeText/>
          &#160;
          <a expr:class='data:post.newLinkClass' expr:href='data:post.newerLinkUrl'><data:post.newerLinkText/></a>
          &#160;
          <a expr:class='data:post.newLinkClass' expr:href='data:post.newestLinkUrl'><data:post.newestLinkText/></a>
        </span>
      </b:if>

      <dl id='comments-block'>
        <b:loop values='data:post.comments' var='comment'>
           
<div style='border:1;float:left;margin: 8px 0px 0px 0px;'>
<script>
myBlogAvatar(&#39;<data:comment.id/>&#39;,&#39;<data:comment.authorUrl/>&#39;);
</script>
</div>
          <dt expr:class='&quot;comment-author &quot; + data:comment.authorClass' expr:id='data:comment.anchorName'>
            <a expr:name='data:comment.anchorName'/>
            <b:if cond='data:comment.authorUrl'>
              <a expr:href='data:comment.authorUrl' rel='nofollow'><data:comment.author/></a>
            <b:else/>
              <data:comment.author/>
            </b:if>
            <data:commentPostedByMsg/>
          </dt>
		  <b:if cond='data:comment.author == data:post.author'>
<dd class='owner-Body'>
<p><data:comment.body/></p>
</dd>
<b:else/>
          <dd class='comment-body'>
            <b:if cond='data:comment.isDeleted'>
              <span class='deleted-comment'><data:comment.body/></span>
            <b:else/>
              <p><data:comment.body/></p>
            </b:if>
          </dd>
</b:if>
          <dd class='comment-footer'>
            <span class='comment-timestamp'>
              <a expr:href='data:comment.url' title='comment permalink'>
                <data:comment.timestamp/>
              </a>
              <b:include data='comment' name='commentDeleteIcon'/>
            </span>
          </dd>
        </b:loop>
      </dl>

      <b:if cond='data:post.commentPagingRequired'>
        <span class='paging-control-container'>
          <a expr:class='data:post.oldLinkClass' expr:href='data:post.oldestLinkUrl'>
            <data:post.oldestLinkText/>
          </a>
          <a expr:class='data:post.oldLinkClass' expr:href='data:post.olderLinkUrl'>
            <data:post.olderLinkText/>
          </a>
          &#160;
          <data:post.commentRangeText/>
          &#160;
          <a expr:class='data:post.newLinkClass' expr:href='data:post.newerLinkUrl'>
            <data:post.newerLinkText/>
          </a>
          <a expr:class='data:post.newLinkClass' expr:href='data:post.newestLinkUrl'>
            <data:post.newestLinkText/>
          </a>
        </span>
      </b:if>

<p class='comment-footer'>
<b:if cond='data:post.embedCommentForm'>   
<b:include data='post' name='comment-form'/>
<b:else/>
<b:if cond='data:post.allowComments'>
<a expr:href='data:post.addCommentUrl' expr:onclick='data:post.addCommentOnclick'><data:postCommentMsg/></a>
</b:if>
</b:if></p>
</b:if>

    <div id='backlinks-container'>
    <div expr:id='data:widget.instanceId + &quot;_backlinks-container&quot;'>
       <b:if cond='data:post.showBacklinks'>
         <b:include data='post' name='backlinks'/>
       </b:if>
    </div>
    </div>
  </div>
</b:includable>
</b:widget>
</b:section>
</div>

<div id='sidebar-wrapper'>
<b:section class='sidebar' id='sidebar' preferred='yes'>
<b:widget id='Profile1' locked='false' title='Author' type='Profile'>
<b:includable id='main'>
    <b:if cond='data:title != &quot;&quot;'>
      <h2><data:title/></h2>
    </b:if>
    <div class='widget-content'>
    <b:if cond='data:team == &quot;true&quot;'> <!-- team blog profile -->
      <ul>
        <b:loop values='data:authors' var='i'>
          <li><a expr:href='data:i.userUrl'><data:i.display-name/></a></li>
        </b:loop>
      </ul>

      <b:else/> <!-- normal blog profile -->

      <b:if cond='data:photo.url != &quot;&quot;'>
        <a expr:href='data:userUrl'><img class='profile-img' expr:alt='data:photo.alt' expr:height='data:photo.height' expr:src='data:photo.url' expr:width='data:photo.width'/></a>
      </b:if>

      <dl class='profile-datablock'>
        <dt class='profile-data'><data:displayname/></dt>

        <b:if cond='data:showlocation == &quot;true&quot;'>
          <dd class='profile-data'><data:location/></dd>
        </b:if>

        <b:if cond='data:aboutme != &quot;&quot;'><dd class='profile-textblock'><data:aboutme/></dd></b:if>
      </dl>
      <a class='profile-link' expr:href='data:userUrl'><data:viewProfileMsg/></a>
    </b:if>

     <b:include name='quickedit'/>
    </div>
  </b:includable>
</b:widget>
</b:section>
</div>

<!-- spacer for skins that want sidebar and main to be the same height-->
<div class='clear'>&#160;</div>

</div><!-- end content-wrapper -->

<div id='footer'>
&#169; Copyright 2010 <data:blog.title/> | proudly powered by <a href='http://www.blogger.com'>Blogger.com</a> | <a href='http://miscah.blogspot.com' target='_blank'>Blogger Template</a> by <a href='http://www.blog-zone.info' target='_blank'>Dody Farial</a>
</div>

</div>
<!-- end outer-wrapper -->

</body>
</html>