<?xml version="1.0" encoding="UTF-8" ?>
<!DOCTYPE html PUBLIC "-//W3C//DTD XHTML 1.0 Strict//EN" "http://www.w3.org/TR/xhtml1/DTD/xhtml1-strict.dtd">
<html expr:dir='data:blog.languageDirection' xmlns='http://www.w3.org/1999/xhtml' xmlns:b='http://www.google.com/2005/gml/b' xmlns:data='http://www.google.com/2005/gml/data' xmlns:expr='http://www.google.com/2005/gml/expr'>
  <head>
  <b:include data='blog' name='all-head-content'/>
  <b:if cond='data:blog.pageType == &quot;item&quot;'>
  <title><data:blog.pageName/> | <data:blog.title/></title>
  <b:else/>
  <title><data:blog.pageTitle/></title></b:if>

    <b:skin><![CDATA[/*
-----------------------------------------------
Blogger Template Style
Name       : Template Ruang Biru
Designer   : ireng_ajah
URL        : http://freetemplate-ajah.blogspot.com
Date       : 9 January 2010
----------------------------------------------- */
#navbar-iframe {
display: none !important;
}

body {
  background:#f4f4f9;
  width:100%;
  margin:0;
  text-align:justify;
  font-family: Helvetica, sans-serif;
  font-size:12px;
  color:#000;
  }

a:link {
  color:#2222a2;
  text-decoration:none;
  }
a:visited {
  color:#747070;
  text-decoration:none;
  }
a:hover {
  color:#dbd6d6;
  text-decoration:none;
}

a.line-height:1.4em;{
}

a img {
  border-width:0;
  }

/* Header */
#header-wrapper {
  background:#0b0749;
  width:980px;
  margin:0px auto 10px;
  height:100px;
  }

#head-inner {
  width:500px;
  background-position: left;
  margin: auto;
  float:left;
}

#header {
  background:#f3f8fa;
  margin:10px;
  padding:5px;
  text-align: left;
  color:#000000;
}

#header_right{
  width:470px;
  float:left;
  padding-top:10px;
}

#header h1, #header p {
  margin:0px 5px 5px;
  padding:0px 0px 0px 0px;
  line-height:1.2em;
  letter-spacing:.2em;
  font-family: helvetica, tahoma, arial;
  font-size:30px;
  font-weight:bold;
}

#header a {
  color:#000000;
  text-decoration:none;
}

#header a:hover {
  color:#000000;
}

#header .description {
  margin:0 5px 0px;
  padding:5px 10px 5px 0px;
  max-width:500px;
  letter-spacing:.2em;
  line-height: 1.4em;
  font-family: helvetica, georgia,tahoma;
  font-size:14px;
  font-weight:bold;
  color: #000000;
 }

#header img {
  margin-left: auto;
  margin-right: auto;
}

#navigation {
  width:980px;
  height:45px;
  background:#0b0749;
}

.menu {
  width: 675px;
  overflow: hidden;
  float:left;
  margin: 0 0 0 10px;
  padding: 10px 0 10px;
  height:25px;
}

.menu ul {
  margin: 0;
  padding: 0;
  font: bold 14px Helvetica;
  list-style-type: none;
}

.menu li, .topmenu li{
  display: inline;
  margin: 0;
}

.menu li a {
  float: left;
  margin-right:10px;
  padding:5px;
  display: block;
  text-decoration: none;
  color:#fff;
}

.menu li a:visited {
  color:#d8d5d5;
}

.menu li a:hover, .menu li.selected a {
  background:#fff;
  color:#000;
}

/* The Search */
#search {
  width:230px;
  .width:220px; /* IE7 */
  float:right;
  margin: 5px 0 15px;
  padding: 5px 10px 0 0;
}

#search form {
  margin: 0;
  padding: 0;
}

#search fieldset {
  margin: 0;
  padding: 0;
  border: none;
}

#search input {
  float: left;
  font: 12px Arial, Helvetica, sans-serif;
}

#search-text {
  background:#ffffff;
  width: 155px;
  .width:135px; /* IE7 */
  margin: 0;
  height: 16px;
  padding: 3px 0 3px 5px;
  border: none;
  color: #000;
}

#search-submit {
  margin: 0 0 0 10px;
  padding: 3px 7px;
  .padding: 3px 5px; /* IE7 */
  border: none;
  background: #fff;
  color: #000;
}

/* Outer-Wrapper */
#outer-wrapper {
  background:#fafbfb;
  width: 980px;
  margin:20px auto;
  padding:10px;
  -moz-box-shadow: 0px 0px 15px #000030;
  -khtml-box-shadow: 0px 0px 15px #000030;
  -webkit-box-shadow: 0px 0px 15px #000030;
  position: relative; 
  z-index: 90; /* the stack order: displayed under ribbon rectangle (100) */
}

#main-wrapper {
  width: 650px;
  float: left;
  margin: 12px 0 0 0;
  word-wrap: break-word; /* fix for long text breaking sidebar float in IE */
  overflow: hidden;     /* fix for long non-text content breaking IE sidebar float */
}

#sidebar-wrapper {
  width: 320px;
  float: right;
  margin: 9px 0 0;
  .margin-top:10px; /* IE7 */
  word-wrap: break-word; /* fix for long text breaking sidebar float in IE */
  overflow: hidden;      /* fix for long non-text content breaking IE sidebar float */
}

#sidebartop-wrapper {
  background: #0b0749;
  width: 320px;
  float: right;
  margin-bottom:10px;
  word-wrap: break-word; /* fix for long text breaking sidebar float in IE */
  overflow: hidden;      /* fix for long non-text content breaking IE sidebar float */
}

#sidebarright-wrapper {
  background: #0b0749;
  width: 140px;
  float: right;
  word-wrap: break-word; /* fix for long text breaking sidebar float in IE */
  overflow: hidden;      /* fix for long non-text content breaking IE sidebar float */
}

#sidebarleft-wrapper {
  background: #0b0749;
  width: 180px;
  float: left;
  word-wrap: break-word; /* fix for long text breaking sidebar float in IE */
  overflow: hidden;      /* fix for long non-text content breaking IE sidebar float */
}

/* Posts */
h2.date-header {
  margin:1.5em 0 .5em;
  display:none;
}

.post {
  background:#0b0749;
  padding:5px;
  margin-bottom:10px;
}

.post h1, .post h2 {
  background:#0b0749;
  margin: 0;
  padding-bottom:5px;
  font-size:120%;
  font-weight:normal;
  line-height:1.4em;
  overflow:hidden;
  border-bottom:1px solid #2e2c2c;
}

.post h1 a, .post h1 a:visited, .post h1 strong,  .post h2 a, .post h2 a:visited, .post h2 strong {
  font-size:120%;
  display:block;
  text-decoration:none;
  color:#fff;
  font-weight:bold;
}

.post h1 strong, .post h1 a:hover, .post h2 strong, .post h2 a:hover {
  color:#e3e3e3;
}

.post-body {
  background:#fff;
  padding:5px;
  line-height:1.6em;
}

.post-body blockquote {
  line-height:1.3em;  
}

.post blockquote {
  margin:1em 20px;
  padding-left:5px;
  border:5px solid #2222a2;
}
.post blockquote p {
  margin:.75em 0;
}

.post img {
  padding:4px;
}

.comment-link {
  margin-left:.6em;
}

/* Sidebar Content */
.sidebartop, .sidebarleft, .sidebarright {
  padding:5px;
  line-height: 1.5em;
}

.sidebartop h2, .sidebarright h2, .sidebarleft h2 {
  margin:0;
  padding:10px 0px 5px 0px;
  color:#fff; 
  font-size:140%;
  font-family: helvetica;
  font-weight: bold;
  border-bottom:1px solid #2d2b2b;
}


.sidebartop ul, .sidebarright ul, .sidebarleft ul {
  margin: 0;
  padding: 0;
  list-style: none;
  line-height: normal;
}

#sidebartop li, #sidebarright li, #sidebarleft li {
  margin:5px 0 5px;
  padding: 5px 0 5px;
  border: none;
  border-bottom: 1px dotted #555;
}

#sidebartop li a:hover, #sidebarright li a:hover, #sidebarleft li a:hover {
  margin:5px 0 5px;
  padding: 5px 0 5px 0;
}

#sidebartop li ul, #sidebarleft li ul, #sidebarleft li ul {
  margin: 0;
  padding: 0;
}

.sidebartop .widget-content, .sidebarright .widget-content, .sidebarleft .widget-content {
  background:#fff;
  margin: 0;
  padding:5px;
}

#banner125 {
  overflow: hidden;
}

.bannerleft {
  background:#a3b2bb;
  float: left;
  margin: 5px;
  padding:7px;
}

.bannerright {
  background:#a3b2bb;
  float: right;
  margin: 5px;
  padding:7px;
}

.main .Blog { 
  border-bottom-width: 0;
}

/* Comments */
.comments {
  background:#fff;
  width:630px;
  color:#000;
  float: left;
  margin: 0 0 10px 0;
  padding:0 10px 0 10px;  
  overflow:hidden;
}

#comments h4 {
  margin:10px 0 10px;
  padding-right:10px;
  font: 14px Arial;
  font-weight: bold;
  line-height: 1em;
  letter-spacing:.2em;
  color: #000;
  }

#comments-block .avatar-image-container img {
  width:45px;
  height:45px;
  float:left;
}

#comments-block {
  margin:10px 0 10px;
  line-height:1.6em;
  }
#comments-block .comment-author {
  background:#0b0749;
  color:#fff;
  width:560px;
  .width:541px; /* IE7 */
  margin: 0 0 0 0.5em;
  .margin:0 0 0 1.75em; /* IE7 */
  padding:0 5px 0 10px;
  }

#comments-block .comment-body {
  width:573px;
  margin:0;
  padding:0 10px 0 10px;
  }
#comments-block .comment-footer {
  margin-bottom:20px;
  padding:0 0 5px 10px;
  letter-spacing:.1em; 
  font:11px Arial;
  }

#comments-block .comment-body p {
  width:563px;
  .width:543px; /* IE7 */
  float:right;
  margin:0 0 0 1em;
  padding:5px;
  border-right:1px solid #0b0749;
  border-left:1px solid #0b0749;
  border-bottom:1px solid #0b0749;
  }

.deleted-comment {
  font-style:italic;
  color:gray;
  }
.feed-links {
  clear: both;
  line-height: 2.5em;
}

#blog-pager-newer-link {
  padding:0 5px 0 5px;
  float: left;
 }
 
#blog-pager-older-link {
  padding:0 5px 0 5px;
  float: right;
 }
 
#blog-pager {
  text-align: center; 
  padding:5px;
 }

.main .Blog { 
  border-bottom-width: 0;
}

/* Profile */
.profile-img { 
  float: left;
  margin: 0 5px 5px 0;
}

.profile-data {
  margin:0;
  letter-spacing:.1em;
  font-family: helvetica, tahoma, arial;
  color:#e7e7e7;
  font-weight: bold;
  font-size:12px;
  line-height: 1.5em;
}

.profile-datablock { 
  margin:.5em 0 .5em;
}

.profile-textblock { 
  margin: 0.5em 0;
  line-height: 1.6em;
}

.profile-link { 
  font-family: helvetica, tahoma, arial;
  font-size:12px;
  letter-spacing: .1em;
}

.post-footer {
  background: #fff;
  font: 12px Arial, Helvetica;
  margin-bottom: 10px;
  padding: 0 0 10px;
  letter-spacing: .1em;
  line-height: 16px;
  border-bottom: 1px dotted #000;
}

.commentlink {
  float:right;
  margin-left:10px;
  font:14px helvetica;
}

#creditlink {
  margin: 5px auto 0px;
  padding:0px 0px 5px 0px;
  width: 980px;
  font-size:12px;
  clear: both;
  font-weight: normal;
  font-family: Helvetica, Arial;
  text-align:left;
}

#HTML2 h2, #HTML6 h2, #HTML8 h2 {
  display:none;
}

]]></b:skin>

<script type='text/javascript'>
var thumbnail_mode = &quot;float&quot; ;
summary_noimg = 500;
summary_img = 400;
img_thumb_height = 105;
img_thumb_width = 120;
</script>


<script type='text/javascript'>
//<![CDATA[

function removeHtmlTag(strx,chop){
if(strx.indexOf("<")!=-1)
{
var s = strx.split("<");
for(var i=0;i<s.length;i++){
if(s[i].indexOf(">")!=-1){
s[i] = s[i].substring(s[i].indexOf(">")+1,s[i].length);
}
}
strx = s.join("");
}
chop = (chop < strx.length-1) ? chop : strx.length-2;
while(strx.charAt(chop-1)!=' ' && strx.indexOf(' ',chop)!=-1) chop++;
strx = strx.substring(0,chop-1);
return strx+'';
}

function createSummaryAndThumb(pID){
var div = document.getElementById(pID);
var imgtag = "";
var img = div.getElementsByTagName("img");
var summ = summary_noimg;
if(img.length>=1) {
imgtag = '<span style="float:left; margin-right:5px; padding:0px;"><img src="'+img[0].src+'" width="'+img_thumb_width+'px" height="'+img_thumb_height+'px"/></span>';
summ = summary_img;
}

var summary = imgtag + '<div>' + removeHtmlTag(div.innerHTML,summ) + '</div>';
div.innerHTML = summary;
}
//]]>
</script>

<style type='text/css'>
<b:if cond='data:blog.pageType != &quot;item&quot;'> 
#main-wrapper {
  width: 370px;
  margin: 0;
  padding: 0;
  word-wrap: break-word; /* fix for long text breaking sidebar float in IE */
  overflow: hidden;     /* fix for long non-text content breaking IE sidebar float */
}

.post {
  padding:5px;
  float:left;
  text-align:justify;
  margin-bottom:10px;
  line-height:1.4em;  
}

.post h1, .post h2 {
  clear:right;
  font-size:120%;
  overflow:visible;
}

.post h1 a, .post h1 a:visited, .post h1 strong,  .post h2 a, .post h2 a:visited, .post h2 strong{
  display:block;
  color:#fff;
  font-weight:bold;
}

.post h1 strong, .post h1 a:hover, .post h2 strong, .post h2 a:hover {
  color:#fff;
}

.post-body {
  overflow:hidden;
  line-height:25px;
  margin: 0;
  padding:5px;
}

#middle {
  background:#2222a2;
  width: 270px;
  float:left;
  font:12px Arial;
  margin: 12px 0 10px 10px;
  .margin-top:10px; /* IE7 */
}

.middlepost h2 {
  padding:0px 5px 0px 5px;
  .padding:10px 5px 0px 5px; /* IE7 */
  color:#fff; 
  font:16px helvetica;
  font-weight: bold;
}

.middlepost .widget-content {
  background:#fff;
  color:#000;
  margin:5px;
  padding:5px;
}

.middlepost ul {
  margin: 0;
  padding: 0;
  list-style: none;
  line-height: normal;
}

#middlepost li {
  margin:5px 0px 5px;
  padding: 5px 0px 5px;
  border: none;
  border-bottom: 1px dotted #555;
}

#middlepost li a:hover {
  margin:5px 0px 5px;
  padding: 5px 0px 5px 0px;
}

#middlepost li ul {
  margin: 0px;
  padding: 0px 0px 10px 0px;
}

</b:if>
</style>

  </head>
  <body>

  <div id='outer-wrapper'>


<div id='wrap2'>

    <!-- skip links for text browsers -->
    <span id='skiplinks' style='display:none;'>
      <a href='#main'>skip to main </a> |
      <a href='#sidebar'>skip to sidebar</a>
    </span>

     <div id='header-wrapper'>
<div id='head-inner'>
<b:section class='header' id='header' maxwidgets='1' showaddelement='no'>
<b:widget id='Header1' locked='true' title='@_Blog Jajal Template (Header)' type='Header'>
<b:includable id='title'>
  <b:if cond='data:blog.url == data:blog.homepageUrl'>
    <data:title/>
  <b:else/>
    <a expr:href='data:blog.homepageUrl'><data:title/></a>
  </b:if>
</b:includable>
<b:includable id='description'>
  <div class='descriptionwrapper'>
    <p class='description'><span><data:description/></span></p>
  </div>
</b:includable>
<b:includable id='main'>

  <b:if cond='data:useImage'>
    <b:if cond='data:imagePlacement == &quot;REPLACE&quot;'>
      <!--Show just the image, no text-->
      <div id='header-inner'>
        <a expr:href='data:blog.homepageUrl' style='display: block'>
          <img expr:alt='data:title' expr:height='data:height' expr:id='data:widget.instanceId + &quot;_headerimg&quot;' expr:src='data:sourceUrl' expr:width='data:width' style='display: block'/>
        </a>
      </div>
    <b:else/>
      <!--
      Show image as background to text. You can't really calculate the width
      reliably in JS because margins are not taken into account by any of
      clientWidth, offsetWidth or scrollWidth, so we don't force a minimum
      width if the user is using shrink to fit.
      This results in a margin-width's worth of pixels being cropped. If the
      user is not using shrink to fit then we expand the header.
      -->
      <div expr:style='&quot;background-image: url(\&quot;&quot; + data:sourceUrl + &quot;\&quot;); &quot;                      + &quot;background-position: &quot;                      + data:backgroundPositionStyleStr + &quot;; &quot;                      + data:widthStyleStr                      + &quot;min-height: &quot; + data:height + &quot;px;&quot;                      + &quot;_height: &quot; + data:height + &quot;px;&quot;                      + &quot;background-repeat: no-repeat; &quot;' id='header-inner'>
        <div class='titlewrapper' style='background: transparent'>
          <b:if cond='data:blog.pageType != &quot;item&quot;'>
          <h1 class='title' style='background: transparent; border-width: 0px'>
            <b:include name='title'/>
          </h1>
<b:else/>
          <p class='title' style='background: transparent; border-width: 0px'>
            <b:include name='title'/>
          </p>
</b:if>
        </div>
        <b:include name='description'/>
      </div>
    </b:if>
  <b:else/>
    <!--No header image -->
    <div id='header-inner'>
      <div class='titlewrapper'>
        <b:if cond='data:blog.pageType != &quot;item&quot;'>
        <h1 class='title'>
          <b:include name='title'/>
        </h1>
<b:else/>
        <p class='title'>
          <b:include name='title'/>
        </p>
</b:if>
      </div>
      <b:include name='description'/>
    </div>
  </b:if>
</b:includable>
</b:widget>
</b:section>
</div>
<div id='header_right'>
<b:section class='header' id='header2' showaddelement='no'>
<b:widget id='HTML8' locked='false' title='Banner 468 X 60' type='HTML'>
<b:includable id='main'>
  <!-- only display title if it's non-empty -->
  <b:if cond='data:title != &quot;&quot;'>
    <h2 class='title'><data:title/></h2>
  </b:if>
  <div class='widget-content'>
    <data:content/>
  </div>

  <b:include name='quickedit'/>
</b:includable>
</b:widget>
</b:section>
</div>
</div>

<div id='navigation'>
<div class='menu'>
<ul>
        <li><a expr:href='data:blog.homepageUrl'>Home</a></li>
        <li><a href='YOUR-LINK-ABOUT-HERE' title='Edit Me'>Edit Me</a></li>
        <li><a href='YOUR-LINK-ABOUT-HERE' title='Edit Me'>Edit Me</a></li>
        <li><a href='YOUR-LINK-ABOUT-HERE' title='Edit Me'>Edit Me</a></li>
        <li><a href='YOUR-LINK-ABOUT-HERE' title='Edit Me'>Edit Me</a></li>
        <li><a href='YOUR-LINK-ABOUT-HERE' title='Edit Me'>Edit Me</a></li>
</ul>
</div>

 <div id='search'>
<form action='/search' id='search' method='get'>
<div>
<input id='search-text' name='q' type='text'/>
<input id='search-submit' type='submit' value='Search'/>
</div>
</form>
</div>
</div>

    <div id='content-wrapper'>
 
      <div id='main-wrapper'>
        <b:section class='main' id='main' showaddelement='no'>
<b:widget id='Blog1' locked='true' title='Blog Posts' type='Blog'>
<b:includable id='nextprev'>
  <div class='blog-pager' id='blog-pager'>
    <b:if cond='data:newerPageUrl'>
      <span id='blog-pager-newer-link'>
      <a class='blog-pager-newer-link' expr:href='data:newerPageUrl' expr:id='data:widget.instanceId + &quot;_blog-pager-newer-link&quot;' expr:title='data:newerPageTitle'><data:newerPageTitle/></a>
      </span>
    </b:if>

    <b:if cond='data:olderPageUrl'>
      <span id='blog-pager-older-link'>
      <a class='blog-pager-older-link' expr:href='data:olderPageUrl' expr:id='data:widget.instanceId + &quot;_blog-pager-older-link&quot;' expr:title='data:olderPageTitle'><data:olderPageTitle/></a>
      </span>
    </b:if>

    <a class='home-link' expr:href='data:blog.homepageUrl'><data:homeMsg/></a>

  </div>
  <div class='clear'/>
</b:includable>
<b:includable id='shareButtons' var='post'>
  <b:if cond='data:post.sharePostUrl'>
      <a class='share-button sb-email' expr:href='data:post.sharePostUrl + &quot;&amp;target=email&quot;' expr:title='data:top.emailThisMsg' target='_blank'>
        <span class='share-button-link-text'><data:top.emailThisMsg/></span></a>
      <a class='share-button sb-blog' expr:href='data:post.sharePostUrl + &quot;&amp;target=blog&quot;' expr:onclick='&quot;window.open(this.href, \&quot;&quot; + data:top.blogThisMsg             + &quot;\&quot;, \&quot;height=270,width=475\&quot;); return false;&quot;' expr:title='data:top.blogThisMsg' target='_blank'>
        <span class='share-button-link-text'><data:top.blogThisMsg/></span></a>
      <a class='share-button sb-twitter' expr:href='data:post.sharePostUrl + &quot;&amp;target=twitter&quot;' expr:title='data:top.shareToTwitterMsg' target='_blank'>
        <span class='share-button-link-text'><data:top.shareToTwitterMsg/></span></a>
      <a class='share-button sb-facebook' expr:href='data:post.sharePostUrl + &quot;&amp;target=facebook&quot;' expr:onclick='&quot;window.open(this.href, \&quot;&quot;             + data:top.shareToFacebookMsg + &quot;\&quot;, \&quot;height=430,width=640\&quot;); return false;&quot;' expr:title='data:top.shareToFacebookMsg' target='_blank'>
        <span class='share-button-link-text'><data:top.shareToFacebookMsg/></span></a>
      <a class='share-button sb-buzz' expr:href='data:post.sharePostUrl + &quot;&amp;target=buzz&quot;' expr:onclick='&quot;window.open(this.href, \&quot;&quot; + data:top.shareToBuzzMsg             + &quot;\&quot;, \&quot;height=415,width=690\&quot;); return false;&quot;' expr:title='data:top.shareToBuzzMsg' target='_blank'>
        <span class='share-button-link-text'><data:top.shareToBuzzMsg/></span></a>
  </b:if>
</b:includable>
<b:includable id='backlinks' var='post'>
  <a name='links'/><h4><data:post.backlinksLabel/></h4>
  <b:if cond='data:post.numBacklinks != 0'>
    <dl class='comments-block' id='comments-block'>
      <b:loop values='data:post.backlinks' var='backlink'>
        <div class='collapsed-backlink backlink-control'>
          <dt class='comment-title'>
            <span class='backlink-toggle-zippy'>&#160;</span>
            <a expr:href='data:backlink.url' rel='nofollow'><data:backlink.title/></a>
            <b:include data='backlink' name='backlinkDeleteIcon'/>
          </dt>
          <dd class='comment-body collapseable'>
            <data:backlink.snippet/>
          </dd>
          <dd class='comment-footer collapseable'>
            <span class='comment-author'><data:post.authorLabel/> <data:backlink.author/></span>
            <span class='comment-timestamp'><data:post.timestampLabel/> <data:backlink.timestamp/></span>
          </dd>
        </div>
      </b:loop>
    </dl>
  </b:if>
  <p class='comment-footer'>
    <a class='comment-link' expr:href='data:post.createLinkUrl' expr:id='data:widget.instanceId + &quot;_backlinks-create-link&quot;' target='_blank'><data:post.createLinkLabel/></a>
  </p>
</b:includable>
<b:includable id='post' var='post'>
  <div class='post hentry'>
    <a expr:name='data:post.id'/>
    <b:if cond='data:blog.pageType != &quot;item&quot;'>
<b:if cond='data:post.title'>
      <h2 class='post-title entry-title'>
     <b:if cond='data:post.link'>
       <a expr:href='data:post.link'><data:post.title/></a>
     <b:else/>
        <b:if cond='data:post.url'>
          <a expr:href='data:post.url'><data:post.title/></a>
        <b:else/>
          <data:post.title/>
        </b:if>
     </b:if>
      </h2>
</b:if>
<b:else/>
      <h1 class='post-title entry-title'>
     <b:if cond='data:post.link'>
       <a expr:href='data:post.link'><data:post.title/></a>
     <b:else/>
        <b:if cond='data:post.url'>
          <a expr:href='data:post.url'><data:post.title/></a>
        <b:else/>
          <data:post.title/>
        </b:if>
     </b:if>
      </h1>
</b:if>

    <div class='post-header-line-1'>

</div>

    <div class='post-body entry-content'>
<div class='post-footer'>
      <span class='post-author vcard'>
        <b:if cond='data:top.showAuthor'>
          <data:top.authorLabel/>
          <span class='fn'><data:post.author/></span>
        </b:if>
      </span> <span class='post-timestamp'>
        <b:if cond='data:top.showTimestamp'>
          <data:top.timestampLabel/>
        <b:if cond='data:post.url'>
          <a class='timestamp-link' expr:href='data:post.url' rel='bookmark' title='permanent link'><abbr class='published' expr:title='data:post.timestampISO8601'><data:post.timestamp/></abbr></a>
        </b:if>
        </b:if>
      </span> 

  <div class='commentlink'>
    <img border='0' margin='0' src='http://sites.google.com/site/vectorireng/gambar/rbiru_comment.jpg' style='float:left'/>
    <a expr:href='data:post.addCommentUrl' expr:onclick='data:post.addCommentOnclick'><b:if cond='data:post.numComments == 1'>1  
     <b:else/>
    <data:post.numComments/></b:if></a>
  </div>

    <b:if cond='data:blog.pageType == &quot;item&quot;'>
      <div class='post-labels'>
        <b:if cond='data:post.labels'>
          <data:postLabelsLabel/>
          <b:loop values='data:post.labels' var='label'>
            <a expr:href='data:label.url' rel='tag'><data:label.name/></a><b:if cond='data:label.isLast != &quot;true&quot;'>,</b:if>
          </b:loop>
        </b:if>
      </div>
    </b:if>
</div>
<b:if cond='data:blog.pageType != &quot;item&quot;'>
<div expr:id='&quot;summary&quot; + data:post.id'>
<data:post.body/></div>
<script type='text/javascript'>createSummaryAndThumb(&quot;summary<data:post.id/>&quot;);</script>
<span class='rmlink' style='float:left'><a expr:href='data:post.url'>Read more..</a></span>
</b:if>
<b:if cond='data:blog.pageType == &quot;item&quot;'>
<div style='float:right;padding:5px;'>
<script type='text/javascript'>
tweetmeme_url = &#39;<data:post.url/>&#39;;
tweetmeme_source = &#39;your_twitter_user_name&#39;;
</script>
<script src='http://tweetmeme.com/i/scripts/button.js' type='text/javascript'/>
<!-- AddThis Button BEGIN -->
<div class='addthis_toolbox addthis_default_style' expr:addthis:title='data:post.title' expr:addthis:url='data:post.url'><a class='addthis_button_compact' href='http://www.addthis.com/bookmark.php?v=250&amp;username=xa-4b71328373176f15'>Share</a>
</div>
<script src='http://s7.addthis.com/js/250/addthis_widget.js#username=xa-4b71328373176f15' type='text/javascript'/>
<!-- AddThis Button END -->
</div>
<p><data:post.body/></p>
</b:if>
      <div style='clear: both;'/> <!-- clear for photos floats -->
    </div>
  
    <b:if cond='data:post.hasJumpLink'>
      <div class='jump-link'>
        <a expr:href='data:post.url + &quot;#more&quot;' expr:title='data:post.title'><data:post.jumpText/></a>  
      </div>
    </b:if>
    
    <div class='post-footer'>
    <div class='post-footer-line post-footer-line-1'/>

      <div class='post-footer-line post-footer-line-2'/>

      <div class='post-footer-line post-footer-line-3'/>
    </div>
  </div>
</b:includable>
<b:includable id='status-message'>
  <b:if cond='data:navMessage'>
  <div class='status-msg-wrap'>
    <div class='status-msg-body'>
      <data:navMessage/>
    </div>
    <div class='status-msg-border'>
      <div class='status-msg-bg'>
        <div class='status-msg-hidden'><data:navMessage/></div>
      </div>
    </div>
  </div>
  <div style='clear: both;'/>
  </b:if>
</b:includable>
<b:includable id='comment-form' var='post'>
  <div class='comment-form'>
    <a name='comment-form'/>
    <h4 id='comment-post-message'><data:postCommentMsg/></h4>
    <p><data:blogCommentMessage/></p>
    <data:blogTeamBlogMessage/>
    <a expr:href='data:post.commentFormIframeSrc' id='comment-editor-src'/>
    <iframe allowtransparency='true' class='blogger-iframe-colorize blogger-comment-from-post' frameborder='0' height='250' id='comment-editor' name='comment-editor' src='' width='100%'/>
    <data:post.friendConnectJs/>
    <data:post.cmtfpIframe/>
    <script type='text/javascript'>
      BLOG_CMT_createIframe(&#39;<data:post.appRpcRelayPath/>&#39;, &#39;<data:post.communityId/>&#39;);
    </script>
  </div>
</b:includable>
<b:includable id='backlinkDeleteIcon' var='backlink'>
  <span expr:class='&quot;item-control &quot; + data:backlink.adminClass'>
    <a expr:href='data:backlink.deleteUrl' expr:title='data:top.deleteBacklinkMsg'>
      <img src='//www.blogger.com/img/icon_delete13.gif'/>
    </a>
  </span>
</b:includable>
<b:includable id='postQuickEdit' var='post'>
  <b:if cond='data:post.editUrl'>
    <span expr:class='&quot;item-control &quot; + data:post.adminClass'>
      <a expr:href='data:post.editUrl' expr:title='data:top.editPostMsg'>
        <img alt='' class='icon-action' height='18' src='http://img2.blogblog.com/img/icon18_edit_allbkg.gif' width='18'/>
      </a>
    </span>
  </b:if>
</b:includable>
<b:includable id='main' var='top'>
  <!-- posts -->
  <div class='blog-posts hfeed'>

    <b:include data='top' name='status-message'/>

    <data:defaultAdStart/>
    <b:loop values='data:posts' var='post'>
      <b:if cond='data:post.isDateStart'>
        <b:if cond='data:post.isFirstPost == &quot;false&quot;'>
          &lt;/div&gt;&lt;/div&gt;
        </b:if>
      </b:if>
      <b:if cond='data:post.isDateStart'>
        &lt;div class=&quot;date-outer&quot;&gt;
      </b:if>
      <b:if cond='data:post.dateHeader'>
        <h2 class='date-header'><span><data:post.dateHeader/></span></h2>
      </b:if>
      <b:if cond='data:post.isDateStart'>
        &lt;div class=&quot;date-posts&quot;&gt;
      </b:if>
      <div class='post-outer'>
      <b:include data='post' name='post'/>
      <b:if cond='data:blog.pageType == &quot;static_page&quot;'>
        <b:include data='post' name='comments'/>
      </b:if>
      <b:if cond='data:blog.pageType == &quot;item&quot;'>
        <b:include data='post' name='comments'/>
      </b:if>
      </div>
      <b:if cond='data:post.includeAd'>
        <b:if cond='data:post.isFirstPost'>
          <data:defaultAdEnd/>
        <b:else/>
          <data:adEnd/>
        </b:if>
        <div class='inline-ad'>
          <data:adCode/>
        </div>
        <data:adStart/>
      </b:if>
      <b:if cond='data:post.trackLatency'>
        <data:post.latencyJs/>
      </b:if>
    </b:loop>
    <b:if cond='data:numPosts != 0'>
      &lt;/div&gt;&lt;/div&gt;
    </b:if>
    <data:adEnd/>
  </div>

  <!-- navigation -->
  <b:include name='nextprev'/>

  <!-- feed links -->
  <b:include name='feedLinks'/>
  
  <b:if cond='data:top.showStars'>
    <script src='//www.google.com/jsapi' type='text/javascript'/>
    <script type='text/javascript'>
      google.load(&quot;annotations&quot;, &quot;1&quot;, {&quot;locale&quot;: &quot;<data:top.languageCode/>&quot;});
      function initialize() {
        google.annotations.setApplicationId(<data:top.blogspotReviews/>);
        google.annotations.createAll();
        google.annotations.fetch();
      }
      google.setOnLoadCallback(initialize);
    </script>
  </b:if>
</b:includable>
<b:includable id='commentDeleteIcon' var='comment'>
  <span expr:class='&quot;item-control &quot; + data:comment.adminClass'>
    <a expr:href='data:comment.deleteUrl' expr:title='data:top.deleteCommentMsg'>
      <img src='//www.blogger.com/img/icon_delete13.gif'/>
    </a>
  </span>
</b:includable>
<b:includable id='feedLinks'>
  <b:if cond='data:blog.pageType != &quot;item&quot;'> <!-- Blog feed links -->
    <b:if cond='data:feedLinks'>
      <div class='blog-feeds'>
        <b:include data='feedLinks' name='feedLinksBody'/>
      </div>
    </b:if>

    <b:else/> <!--Post feed links -->
    <div class='post-feeds'>
      <b:loop values='data:posts' var='post'>
        <b:if cond='data:post.allowComments'>
          <b:if cond='data:post.feedLinks'>
            <b:include data='post.feedLinks' name='feedLinksBody'/>
          </b:if>
        </b:if>
      </b:loop>
    </div>
  </b:if>
</b:includable>
<b:includable id='feedLinksBody' var='links'>
</b:includable>
<b:includable id='comments' var='post'>
  <div class='comments' id='comments'>
    <a name='comments'/>
    <b:if cond='data:post.allowComments'>
      <h4>
        <b:if cond='data:post.numComments == 1'>
          1 <data:commentLabel/>:
        <b:else/>
          <data:post.numComments/> <data:commentLabelPlural/>:
        </b:if>
      </h4>

      <b:if cond='data:post.commentPagingRequired'>
        <span class='paging-control-container'>
          <a expr:class='data:post.oldLinkClass' expr:href='data:post.oldestLinkUrl'><data:post.oldestLinkText/></a>
          &#160;
          <a expr:class='data:post.oldLinkClass' expr:href='data:post.olderLinkUrl'><data:post.olderLinkText/></a>
          &#160;
          <data:post.commentRangeText/>
          &#160;
          <a expr:class='data:post.newLinkClass' expr:href='data:post.newerLinkUrl'><data:post.newerLinkText/></a>
          &#160;
          <a expr:class='data:post.newLinkClass' expr:href='data:post.newestLinkUrl'><data:post.newestLinkText/></a>
        </span>
      </b:if>

      <dl expr:class='data:post.avatarIndentClass' id='comments-block'>
        <b:loop values='data:post.comments' var='comment'>
          <dt expr:class='&quot;comment-author &quot; + data:comment.authorClass' expr:id='data:comment.anchorName'>
                        <b:if cond='data:comment.favicon'>
              <img expr:src='data:comment.favicon' height='16px' style='margin-left:20px;' width='16px'/>
            </b:if>
            <a expr:name='data:comment.anchorName'/>
            <b:if cond='data:blog.enabledCommentProfileImages'>
              <data:comment.authorAvatarImage/>
            </b:if>
            <b:if cond='data:comment.authorUrl'>
              <a expr:href='data:comment.authorUrl' rel='nofollow'><data:comment.author/></a>
            <b:else/>
              <data:comment.author/>
            </b:if>
            <data:commentPostedByMsg/>
          </dt>
          <dd class='comment-body'>
            <b:if cond='data:comment.isDeleted'>
              <span class='deleted-comment'><data:comment.body/></span>
            <b:else/>
              <p><data:comment.body/></p>
            </b:if>
          </dd>
          <dd class='comment-footer'>
            <span class='comment-timestamp'>
              <a expr:href='data:comment.url' title='comment permalink'>
                <data:comment.timestamp/>
              </a>
              <b:include data='comment' name='commentDeleteIcon'/>
            </span>
          </dd>
        </b:loop>
      </dl>

      <b:if cond='data:post.commentPagingRequired'>
        <span class='paging-control-container'>
          <a expr:class='data:post.oldLinkClass' expr:href='data:post.oldestLinkUrl'>
            <data:post.oldestLinkText/>
          </a>
          <a expr:class='data:post.oldLinkClass' expr:href='data:post.olderLinkUrl'>
            <data:post.olderLinkText/>
          </a>
          &#160;
          <data:post.commentRangeText/>
          &#160;
          <a expr:class='data:post.newLinkClass' expr:href='data:post.newerLinkUrl'>
            <data:post.newerLinkText/>
          </a>
          <a expr:class='data:post.newLinkClass' expr:href='data:post.newestLinkUrl'>
            <data:post.newestLinkText/>
          </a>
        </span>
      </b:if>

      <p class='comment-footer'>
        <b:if cond='data:post.embedCommentForm'>
          <b:if cond='data:post.allowNewComments'>
            <b:include data='post' name='comment-form'/>
          <b:else/>
            <data:post.noNewCommentsText/>
          </b:if>
        <b:else/>
          <b:if cond='data:post.allowComments'>
            <a expr:href='data:post.addCommentUrl' expr:onclick='data:post.addCommentOnclick'><data:postCommentMsg/></a>
          </b:if>
        </b:if>

      </p>
    </b:if>

    <div id='backlinks-container'>
    <div expr:id='data:widget.instanceId + &quot;_backlinks-container&quot;'>
       <b:if cond='data:post.showBacklinks'>
         <b:include data='post' name='backlinks'/>
       </b:if>
    </div>
    </div>
  </div>
</b:includable>
</b:widget>
</b:section>
      </div>

<b:if cond='data:blog.pageType != &quot;item&quot;'>
<div id='middle'>
        <b:section class='middlepost' id='middlepost' preferred='yes'>
<b:widget id='HTML4' locked='false' title='Right' type='HTML'>
<b:includable id='main'>
  <!-- only display title if it's non-empty -->
  <b:if cond='data:title != &quot;&quot;'>
    <h2 class='title'><data:title/></h2>
  </b:if>
  <div class='widget-content'>
    <data:content/>
  </div>

  <b:include name='quickedit'/>
</b:includable>
</b:widget>
<b:widget id='HTML20' locked='false' title='Recent Posts' type='HTML'>
<b:includable id='main'>
  <!-- only display title if it's non-empty -->
  <b:if cond='data:title != &quot;&quot;'>
    <h2 class='title'><data:title/></h2>
  </b:if>
  <div class='widget-content'>
    <data:content/>
  </div>

  <b:include name='quickedit'/>
</b:includable>
</b:widget>
</b:section>
</div>
</b:if>

<div id='sidebar-wrapper'>
<div id='sidebartop-wrapper'>
        <b:section class='sidebartop' id='sidebartop' preferred='yes'>
<b:widget id='HTML2' locked='false' title='Banner 125px' type='HTML'>
<b:includable id='main'>
  <!-- only display title if it's non-empty -->
  <b:if cond='data:title != &quot;&quot;'>
    <h2 class='title'><data:title/></h2>
  </b:if>
  <div class='widget-content'>
    <data:content/>
  </div>

  <b:include name='quickedit'/>
</b:includable>
</b:widget>
</b:section>
      </div>

        <div id='sidebarright-wrapper'>
        <b:section class='sidebarright' id='sidebarright' preferred='yes'>
<b:widget id='HTML6' locked='false' title='Ads 120 X 160px' type='HTML'>
<b:includable id='main'>
  <!-- only display title if it's non-empty -->
  <b:if cond='data:title != &quot;&quot;'>
    <h2 class='title'><data:title/></h2>
  </b:if>
  <div class='widget-content'>
    <data:content/>
  </div>

  <b:include name='quickedit'/>
</b:includable>
</b:widget>
</b:section>
      </div>

       <div id='sidebarleft-wrapper'>
        <b:section class='sidebarleft' id='sidebarleft' preferred='yes'>
<b:widget id='HTML3' locked='false' title='My Service' type='HTML'>
<b:includable id='main'>
  <!-- only display title if it's non-empty -->
  <b:if cond='data:title != &quot;&quot;'>
    <h2 class='title'><data:title/></h2>
  </b:if>
  <div class='widget-content'>
    <data:content/>
  </div>

  <b:include name='quickedit'/>
</b:includable>
</b:widget>
<b:widget id='HTML1' locked='false' title='Usefull Links' type='HTML'>
<b:includable id='main'>
  <!-- only display title if it's non-empty -->
  <b:if cond='data:title != &quot;&quot;'>
    <h2 class='title'><data:title/></h2>
  </b:if>
  <div class='widget-content'>
    <data:content/>
  </div>

  <b:include name='quickedit'/>
</b:includable>
</b:widget>
</b:section>
      </div>
      </div>


 <!-- spacer for skins that want sidebar and main to be the same height-->
<div class='clear'><!-- --></div>

    </div> <!-- end content-wrapper -->

  </div></div> <!-- end outer-wrapper -->

<div id='creditlink'>
<a expr:href='data:blog.homepageUrl'><data:blog.title/></a> | Template Ruang Biru &#169; 2010 <a href='http://freetemplate-ajah.blogspot.com'>Free Blogger Template Ajah</a> by <a href='http://blogcenti.blogspot.com'>ireng_ajah</a>. Supported by <a href='http://freemoneylib.blogspot.com'>Free Money Info</a> and <a href='http://dhe-product.blogspot.com'>Product and Service</a></div>
</body>
</html>