<?xml version="1.0" encoding="UTF-8" ?>
<!DOCTYPE html PUBLIC "-//W3C//DTD XHTML 1.0 Strict//EN" "http://www.w3.org/TR/xhtml1/DTD/xhtml1-strict.dtd">
<html expr:dir='data:blog.languageDirection' xmlns='http://www.w3.org/1999/xhtml' xmlns:b='http://www.google.com/2005/gml/b' xmlns:data='http://www.google.com/2005/gml/data' xmlns:expr='http://www.google.com/2005/gml/expr'>
<head>
<link href='http://fonts.googleapis.com/css?family=Yanone+Kaffeesatz:400,700' rel='stylesheet' type='text/css'/>
<link href='http://fonts.googleapis.com/css?family=Lora' rel='stylesheet' type='text/css'/>

<b:include data='blog' name='all-head-content'/>

<!-- Start www.bloggertipandtrick.net: Changing the Blogger Title Tag  -->
<b:if cond='data:blog.pageType == &quot;index&quot;'>
<title><data:blog.pageTitle/></title> 
<b:else/>
<title><data:blog.pageName/> ~ <data:blog.title/></title>
</b:if>
<!-- End www.bloggertipandtrick.net: Changing the Blogger Title Tag  -->

<b:skin><![CDATA[/*
-----------------------------------------------
Template Name  : Meraklis Magazine
Author         : NewBloggerThemes.com
Author URL     : http://newbloggerthemes.com/
Theme URL      : http://newbloggerthemes.com/meraklis-magazine-blogger-template/
Created Date   : Sunday, December 29, 2013
License        : This template is free for both personal and commercial use, But to satisfy the 'attribution' clause of the license, you are required to keep the footer links intact which provides due credit to its authors.For more information about this license, please use this link :http://creativecommons.org/licenses/by/3.0/
----------------------------------------------- */
body#layout ul{list-style-type:none;list-style:none}
body#layout ul li{list-style-type:none;list-style:none}
body#layout #headerbwrap {height:auto;}
body#layout .headerbwrap2 {height:auto;}
body#layout #blogtitle {min-height:120px;}
body#layout #content {}
body#layout #slider {display:none;}
body#layout #mygallery2 {display:none;}
body#layout .side-widget {display:none;}
body#layout .widget-bot {display:none;}
body#layout .sidebarrdivsearch {display:none;}
body#layout #headbox{display:none;}
body#layout #top{}
body#layout #nav2{width:90%;}
/* Variable definitions
   ====================

*/

/* Use this with templates/template-twocol.html */

.section, .widget {
  margin:0;
  padding:0;
}

html, body, div, span, applet, object, iframe,
h1, h2, h3, h4, h5, h6, p, blockquote, pre,
a, address, big, cite, code, pre,
del, dfn, em, font, img, ins, kbd, q, s, samp,
small, strike, strong, tt, var,
b, u, i, center,
dl, dt, dd, ol, ul, li,
fieldset, form, label, legend,
table, caption, tbody, tfoot, thead, tr, th, td {
	margin: 0;
	padding: 0;
	border: 0;
	outline: 0;
	font-size: 100%;
	vertical-align: baseline;
	background: transparent;
}
body {
	line-height: 1;
}
ol, ul {
	list-style: none;
}
blockquote, q {
	quotes: none;
}
blockquote:before, blockquote:after,
q:before, q:after {
	content: '';
	content: none;
}

/* remember to define focus styles! */
:focus {
	outline: 0;
}

/* remember to highlight inserts somehow! */
ins {
	text-decoration: none;
}
del {
	text-decoration: line-through;
}

/* tables still need 'cellspacing="0"' in the markup */
table {
	border-collapse: collapse;
	border-spacing: 0;
}
ul li {
  list-style: none;
}

h1, h2, h3, h4, h5, h6 {
  font-family:Yanone Kaffeesatz;
}

h1 {
  font-size: 26px;
  margin-bottom:0.5em;
}

h2 {
  font-size: 22px;
}

h3 {
  font-size: 20px;
  margin-bottom:0.4em;
}

h4 {
  font-size: 18px;
  margin-bottom:0.4em;
}
h5 {
  font-size: 16px;
  margin-bottom:0.4em;
}
h6 {
  font-size: 14px;
  margin-bottom:0.4em;
}
code, pre {
  display: block;
  background: #ccc;
  border: 1px solid #000;
  margin: 10px 0;
  overflow: scroll;
  padding: 10px;
  clear: both;
}

#slider {
    width: 625px; /* important to be same as image width */
    height: 230px; /* important to be same as image height */
    position: relative; /* important */
	overflow: hidden; /* important */
    border: 1px solid #d2d1d1;
    float: none;
    padding: 5px;
    margin: 0px 0 10px 0;
    z-index: 2;
}
#sliderContent {
    width: 625px; /* important to be same as image width or wider */
    overflow: hidden;
    height: 230px;
}
.sliderImage {
    float: left;
    position: relative;
	display: none;
}
.sliderImage span {
    position: absolute;
	font-size: 12px;
    width: 350px;
    padding: 5px 5px 0;
    height: 100px;
    background-color: #252624;
    filter: alpha(opacity=70);
    -moz-opacity: 0.7;
	-khtml-opacity: 0.7;
    opacity: 0.7;
    color: #7c7b7b;
    display: none;
}
#slider h2 a, #slider h2 a:visited {
    color: #fff;
    font-size: 21px;
}
.clear {
	clear: both;
}
#slider img {
    padding: 0;
    margin: 0;
}
.top {
	top: 0;
	left: 0;
}
.bottom {
	bottom:30px;
    left: 0px;
}
.bottom p {
  padding: 7px 0 0;
  color: #eee;
}
* {
  margin: 0;
  padding: 0;
}
/***************LINKS*************************/

a:link, a:visited {
  color: #1e98d1;
  text-decoration: none;
}
a:hover {
  color: #fe3e3e;
}
/***************END LINKS*************************/

html body {
  background: #ffffff;
  color: #515151;
  font-size: 13px;
  font-family: Lora, Arial, Verdana, Tahoma, Times New Roman;
  line-height: 1.5em;
  padding-top: 10px;
}

/***************LAYOUT*************************/

#mainwrap {
  margin: 0 auto;
  width: 960px;
  background: url(http://3.bp.blogspot.com/-eNxwhz4PTdc/Ur91yGZGrrI/AAAAAAAAJyo/HhoYKgxhIOE/s1600/content-sep.png) repeat-y scroll 646px 0px;
  overflow: hidden;
}
#headerbwrap {
  width: 960px;
  height: 170px;
  margin: 0 auto;
}
#blogtitle {
  clear: both;
  color: #fff;
  text-transform: uppercase;
  float: left;
  margin: 10px 0 0 2px;
  display: inline;
}
#blogtitle h1 {
  font-size: 32px;
  margin: 0 0 5px;
}
#heading {
  color: #fff;
}
.description {
  text-transform: none;
  color: #1e98d1;
  margin-top: 0px;
}
.adv {
  float: right;
  margin: 0px;
  padding: 0px;
}
.adv .widget h2 {
  display:none;
}
.adv .widget-content {
  border: 1px solid #d2d1d1;
  padding: 3px;
  height: 60px;
  width: 468px;
}
/* -------- START PAGE MENU -------- */

#top {
  clear: both;
  width: 960px;
  height: 55px;
  padding-top: 5px;
  background: url(http://4.bp.blogspot.com/-KqDoQifcI44/Ur913ph7aUI/AAAAAAAAJ0o/THxoekHCH-M/s1600/top.png) repeat-x;
  margin-bottom: 25px;
}
#top li {
  float: left;
  border-right: 1px solid #f0efef;
}
#top li a {
  display: block;
  float: left;
  color: #515151;
  text-decoration: none;
  font-size: 12px;
  font-weight: normal;
  padding: 10px 25px 6px 25px;
}
#top li a strong {
  display:block;
}
#top li a span {
  display:block;
  font-size:11px;
  color: #1e98d1;
}
#top .current-menu-item a, #top li a:hover  {
  border-top: 5px solid #fe3e3e;
  margin-top: -5px;
  padding-top: 10px;
}
#top .current-menu-item a span, #top li a:hover span {
  color: #fe3e3e;
}
/* -------- END PAGE MENU -------- */

/* -------- START CATEGORY MENU -------- */

#nav2 {
  clear: both;
  margin: 0 auto;
  height: 64px;
  background: url(http://1.bp.blogspot.com/-jJgFv1fY2f0/Ur91zo46fuI/AAAAAAAAJzE/kbsU-8nzsNs/s1600/footer.png) repeat-x scroll top;
  width: 960px;
  border-bottom: 1px solid #3d3d3d;
}
#nav2 li {
  float: left;
  line-height: 45px;
  background: url(http://2.bp.blogspot.com/-SkDSkGRrRTU/Ur9125ECBbI/AAAAAAAAJ0I/ShV-cJYf4YU/s1600/sep.gif) no-repeat scroll right;
  margin-right: 22px;
}
#nav2 li a {
  float: left;
  display: block;
  color: #3d3d3d;
  text-decoration: none;
  font-size: 11px;
  padding: 12px 22px 12px 0;
}
#nav2 li a:hover {
  text-decoration: underline;
}
ul#botsoc {
  float: right;
}
ul#botsoc li {
  background: none !important;
  margin-right: 0;
}
*+html ul#botsoc li {
  margin-top: 10px;
}
ul#botsoc a {
  padding: 15px 0px 12px 10px;
}

/* -------- END CATEGORY MENU -------- */
#s {
  width: 222px;
  padding-left: 5px;
  height: 36px;
  height: 26px\0/;
  padding-top: 10px\0/;
  border: 0;
  margin-bottom: 5px;
  background: url(http://3.bp.blogspot.com/-gJY57k8f3ws/Ur910d077SI/AAAAAAAAJzc/3K_knbtdgGk/s1600/input.jpg) no-repeat scroll top left;
}
*+html #s {
  height: 26px;
  padding-top: 10px;
}
#sidebarrdiv #search {
  width: 285px;
}
#contentwrap {
  float: left;
  width: 625px;
  padding-right: 25px;
  background: url(http://2.bp.blogspot.com/-ztk1EoH36qk/Ur913yZhmII/AAAAAAAAJ0k/2D9npPPwSoE/s1600/topb.png) no-repeat scroll top left;
  padding-top: 15px;
}
#sidebarrdiv {
  float: right;
  width: 300px;
  color: #3d3d3d;
}

/* -------- ADVERT -------- */
.advert{
  background: url(http://3.bp.blogspot.com/-cq9yn9Lg8JM/Ur914xMBG6I/AAAAAAAAJ08/aO8AdlrEfCo/s1600/widget-top.png) repeat-x scroll top;
  clear: both;
  width: 280px;
  padding:10px 0px 10px 18px;
  margin-bottom: 10px;
  overflow: hidden;
}
.advert img{
  padding:3px;
  border:1px solid #d2d1d1;
  margin: 0 3px 3px 0;
  float: left;
}

/* -------- END ADVERT -------- */

.custom_images img {
  margin: 2px 2px 2px 0px;
  padding: 0;
}
#footer {
  width: 960px;
  clear: both;
  margin: 0 auto;
  padding: 10px 0 14px;
  overflow: hidden;
  font-size: 12px;
  background: url(images/footer.gif) repeat-x scroll top;
}
#footer a, #footer a:link {
  color: #fe3e3e;
}
#footer a:hover {
  color: #3d3d3d;
  text-decoration: underline;
}
/* -------- END WP LAYOUT -------- */

/* -------- START WP STYLES -------- */

#sidebarrdiv h3 {
  padding: 15px 0 10px;
  font-size: 23px;
  color: #1a1a1a;
  margin-left: -2px;
  font-weight: normal;
}
.sidebar .widget h2 {
  padding: 15px 0 10px;
  font-size: 23px;
  color: #1a1a1a;
  margin-left: -2px;
  font-weight: normal;
}
.side-widget {
  background: url(http://3.bp.blogspot.com/-cq9yn9Lg8JM/Ur914xMBG6I/AAAAAAAAJ08/aO8AdlrEfCo/s1600/widget-top.png) repeat-x scroll top;
  clear: both;
  width: 282px;
  padding: 10px 8px 0;
  margin-bottom: 10px;
}
.sidebar .widget {
  background: url(http://3.bp.blogspot.com/-cq9yn9Lg8JM/Ur914xMBG6I/AAAAAAAAJ08/aO8AdlrEfCo/s1600/widget-top.png) repeat-x scroll top;
  clear: both;
  width: 282px;
  padding: 10px 8px 0;
  margin-bottom: 10px;
}
#sidebarrdiv ul {
  margin-top: -5px;
}
#sidebarrdiv ul.children{
  margin: 5px 0 -7px;
}
#sidebarrdiv ul li {
  padding: 9px 5px 9px 15px;
  margin-left: 0;
  background: url(http://4.bp.blogspot.com/-9XCrq03Swyo/Ur91yIZEj0I/AAAAAAAAJy0/7Hl3z9dmk04/s1600/arrow.png) no-repeat scroll 0 15px;
}
.side-widget a, .side-widget a:visited {
  color: #3d3d3d;
}
.sidebar .widget a, .sidebar .widget a:visited {
  color: #3d3d3d;
}
.side-widget a:hover {
  color: #1e98d1;
  text-decoration: underline;
}
.sidebar .widget a:hover {
  color: #1e98d1;
  text-decoration: underline;
}
.sidebar .widget-content {
  padding: 5px 0;
}
/***************POST STYLES*************************/
h2.post-title {
  margin-bottom: 10px;
  line-height: 32px;
  font-size: 32px;
  font-weight: normal;
}
h2.post-title a, h2.post-title a:visited {
  color: #1a1a1a;
}
.bpostmeta {
  text-transform: none;
  font-size: 12px;
  word-spacing: 2px;
}
.bpostmeta a, .bpostmeta a:visited {
  color: #fe3e3e;
}
a.more-link {
  color: #fe3e3e;
}
.bpostmetadata {
  margin-top: 10px;
}
.post {
  border-bottom: 1px dotted #d2d1d1;
  margin-bottom: 15px;
  padding-bottom: 15px;
}
.entry {
  margin-top: 10px;
  line-height: 21px;
  overflow: hidden;
}
.entry h1, .entry h2, .entry h3, .entry h4, .entry h5, .entry h6 {
  margin-top: 15px;
}
.entry h2 {
  margin-bottom: 0.4em;
}
.entry p {
  margin-bottom: 15px !important;
}
.pbtthumbimg {
  float:left;
  margin:0px 10px 5px 5px;
  padding:4px;
  border:1px solid #ddd;
  width:200px;
  height:150px;
}
.entry th {
  padding: 0;
  margin-right: 2px;
}
.entry li {
  margin-left: 20px;
  list-style: circle;
}
.entry ol li {
  list-style: decimal;
}
blockquote {
  border-left: 10px solid #666666;
  margin-left: 20px;
  padding-left: 10px;
}
blockquote p {
  padding: 10px;
}
.alignleft {
  float: left;
  margin: 5px 8px 0px 0px;
}
.alignright {
  float: right;
  margin: 5px 0px 0px 8px;
}
img.aligncenter {
  display: block;
  margin: 0 auto 5px;
}
/***************END POST STYLES*************************/
h2.pagetitle {
  margin: 15px 0;
  text-align: center;
  font-size: 30px;
}
p.center {
  margin: 10px 0;
}
/* -------- END WP STYLES -------- */

/* -------- TABLES -------- */
#contentwrap table{font-size:1.2em;margin:5px 0 25px 1px;}
#contentwrap table td{padding:8px;border: 1px solid #ccc;}
/* -------- END TABLES -------- */

/* -------- SUBSCRIPTION -------- */
ul#topsoc {
  margin-top: -5px;
}
ul#topsoc li {
  line-height: 42px !important;
  background: none !important;
  padding-left: 0;
  border-bottom: 1px solid #d3d3d3;
}
ul#topsoc li a {
  padding: 32px 32px 32px 43px !important;
  margin: 0;
}
a#twitter {
  background: none;
  background: url(http://2.bp.blogspot.com/-BLB8tTgGU8o/Ur914PAqI9I/AAAAAAAAJ0g/xqtsb_CvMBU/s1600/twitter.png) no-repeat scroll 0px 24px !important;
}
a#socrss {
  background: none;
  background:url(http://4.bp.blogspot.com/-g9hC3QJqpQQ/Ur912DoHzuI/AAAAAAAAJz4/OnG0zuuNN2I/s1600/rss.png) no-repeat scroll 0px 24px !important;
  position: relative;
  top: 2px;
}
a#email {
  background: none;
  background: url(http://1.bp.blogspot.com/-slgauDwg28o/Ur91yX-bEQI/AAAAAAAAJys/OPUZzvhinNY/s1600/email.png) no-repeat scroll 0px 24px !important;
}
/* -------- END SUBSCRIPTION -------- */

h2.date-header {
  margin: 1.5em 0 .5em;
  display: none;
}

.main .widget {
  margin: 0 0 5px;
  padding: 0 0 2px;
}

.main .Blog {
  border-bottom-width: 0;
}

#header .description {
  color:#ffffff;
  font-size:14px;
  text-shadow:0px 1px 0px #000000;
}

/* Comments----------------------------------------------- */
#comments {
	padding:10px;
	margin-bottom:20px;
}

#comments h4 {
    font-size:22px;
    margin-bottom:10px;
}

.deleted-comment {
  font-style: italic;
  color: gray;
}

#blog-pager-newer-link {
  float: left;
}

#blog-pager-older-link {
  float: right;
}

#blog-pager {
  text-align: center;
  padding:5px;
}

.feed-links {
  clear: both;
}

.comment-form {
  max-width: 600px;
}

#navbar-iframe {
  height: 0;
  visibility: hidden;
  display: none;
}

.PopularPosts .widget-content ul li {
  padding:6px 0px;
}

.reaction-buttons table{
  border:none;
  margin-bottom:5px;
}

.reaction-buttons table, .reaction-buttons td{
  border:none !important;
}

.nbttopmenutop {
  float: left;
  width: 750px;
}

]]></b:skin>

<script src='https://ajax.googleapis.com/ajax/libs/jquery/1.10.2/jquery.min.js' type='text/javascript'/>

<script type='text/javascript'>
//<![CDATA[

/*! jQuery Migrate v1.2.1 | (c) 2005, 2013 jQuery Foundation, Inc. and other contributors | jquery.org/license */
jQuery.migrateMute===void 0&&(jQuery.migrateMute=!0),function(e,t,n){function r(n){var r=t.console;i[n]||(i[n]=!0,e.migrateWarnings.push(n),r&&r.warn&&!e.migrateMute&&(r.warn("JQMIGRATE: "+n),e.migrateTrace&&r.trace&&r.trace()))}function a(t,a,i,o){if(Object.defineProperty)try{return Object.defineProperty(t,a,{configurable:!0,enumerable:!0,get:function(){return r(o),i},set:function(e){r(o),i=e}}),n}catch(s){}e._definePropertyBroken=!0,t[a]=i}var i={};e.migrateWarnings=[],!e.migrateMute&&t.console&&t.console.log&&t.console.log("JQMIGRATE: Logging is active"),e.migrateTrace===n&&(e.migrateTrace=!0),e.migrateReset=function(){i={},e.migrateWarnings.length=0},"BackCompat"===document.compatMode&&r("jQuery is not compatible with Quirks Mode");var o=e("<input/>",{size:1}).attr("size")&&e.attrFn,s=e.attr,u=e.attrHooks.value&&e.attrHooks.value.get||function(){return null},c=e.attrHooks.value&&e.attrHooks.value.set||function(){return n},l=/^(?:input|button)$/i,d=/^[238]$/,p=/^(?:autofocus|autoplay|async|checked|controls|defer|disabled|hidden|loop|multiple|open|readonly|required|scoped|selected)$/i,f=/^(?:checked|selected)$/i;a(e,"attrFn",o||{},"jQuery.attrFn is deprecated"),e.attr=function(t,a,i,u){var c=a.toLowerCase(),g=t&&t.nodeType;return u&&(4>s.length&&r("jQuery.fn.attr( props, pass ) is deprecated"),t&&!d.test(g)&&(o?a in o:e.isFunction(e.fn[a])))?e(t)[a](i):("type"===a&&i!==n&&l.test(t.nodeName)&&t.parentNode&&r("Can't change the 'type' of an input or button in IE 6/7/8"),!e.attrHooks[c]&&p.test(c)&&(e.attrHooks[c]={get:function(t,r){var a,i=e.prop(t,r);return i===!0||"boolean"!=typeof i&&(a=t.getAttributeNode(r))&&a.nodeValue!==!1?r.toLowerCase():n},set:function(t,n,r){var a;return n===!1?e.removeAttr(t,r):(a=e.propFix[r]||r,a in t&&(t[a]=!0),t.setAttribute(r,r.toLowerCase())),r}},f.test(c)&&r("jQuery.fn.attr('"+c+"') may use property instead of attribute")),s.call(e,t,a,i))},e.attrHooks.value={get:function(e,t){var n=(e.nodeName||"").toLowerCase();return"button"===n?u.apply(this,arguments):("input"!==n&&"option"!==n&&r("jQuery.fn.attr('value') no longer gets properties"),t in e?e.value:null)},set:function(e,t){var a=(e.nodeName||"").toLowerCase();return"button"===a?c.apply(this,arguments):("input"!==a&&"option"!==a&&r("jQuery.fn.attr('value', val) no longer sets properties"),e.value=t,n)}};var g,h,v=e.fn.init,m=e.parseJSON,y=/^([^<]*)(<[\w\W]+>)([^>]*)$/;e.fn.init=function(t,n,a){var i;return t&&"string"==typeof t&&!e.isPlainObject(n)&&(i=y.exec(e.trim(t)))&&i[0]&&("<"!==t.charAt(0)&&r("$(html) HTML strings must start with '<' character"),i[3]&&r("$(html) HTML text after last tag is ignored"),"#"===i[0].charAt(0)&&(r("HTML string cannot start with a '#' character"),e.error("JQMIGRATE: Invalid selector string (XSS)")),n&&n.context&&(n=n.context),e.parseHTML)?v.call(this,e.parseHTML(i[2],n,!0),n,a):v.apply(this,arguments)},e.fn.init.prototype=e.fn,e.parseJSON=function(e){return e||null===e?m.apply(this,arguments):(r("jQuery.parseJSON requires a valid JSON string"),null)},e.uaMatch=function(e){e=e.toLowerCase();var t=/(chrome)[ \/]([\w.]+)/.exec(e)||/(webkit)[ \/]([\w.]+)/.exec(e)||/(opera)(?:.*version|)[ \/]([\w.]+)/.exec(e)||/(msie) ([\w.]+)/.exec(e)||0>e.indexOf("compatible")&&/(mozilla)(?:.*? rv:([\w.]+)|)/.exec(e)||[];return{browser:t[1]||"",version:t[2]||"0"}},e.browser||(g=e.uaMatch(navigator.userAgent),h={},g.browser&&(h[g.browser]=!0,h.version=g.version),h.chrome?h.webkit=!0:h.webkit&&(h.safari=!0),e.browser=h),a(e,"browser",e.browser,"jQuery.browser is deprecated"),e.sub=function(){function t(e,n){return new t.fn.init(e,n)}e.extend(!0,t,this),t.superclass=this,t.fn=t.prototype=this(),t.fn.constructor=t,t.sub=this.sub,t.fn.init=function(r,a){return a&&a instanceof e&&!(a instanceof t)&&(a=t(a)),e.fn.init.call(this,r,a,n)},t.fn.init.prototype=t.fn;var n=t(document);return r("jQuery.sub() is deprecated"),t},e.ajaxSetup({converters:{"text json":e.parseJSON}});var b=e.fn.data;e.fn.data=function(t){var a,i,o=this[0];return!o||"events"!==t||1!==arguments.length||(a=e.data(o,t),i=e._data(o,t),a!==n&&a!==i||i===n)?b.apply(this,arguments):(r("Use of jQuery.fn.data('events') is deprecated"),i)};var j=/\/(java|ecma)script/i,w=e.fn.andSelf||e.fn.addBack;e.fn.andSelf=function(){return r("jQuery.fn.andSelf() replaced by jQuery.fn.addBack()"),w.apply(this,arguments)},e.clean||(e.clean=function(t,a,i,o){a=a||document,a=!a.nodeType&&a[0]||a,a=a.ownerDocument||a,r("jQuery.clean() is deprecated");var s,u,c,l,d=[];if(e.merge(d,e.buildFragment(t,a).childNodes),i)for(c=function(e){return!e.type||j.test(e.type)?o?o.push(e.parentNode?e.parentNode.removeChild(e):e):i.appendChild(e):n},s=0;null!=(u=d[s]);s++)e.nodeName(u,"script")&&c(u)||(i.appendChild(u),u.getElementsByTagName!==n&&(l=e.grep(e.merge([],u.getElementsByTagName("script")),c),d.splice.apply(d,[s+1,0].concat(l)),s+=l.length));return d});var Q=e.event.add,x=e.event.remove,k=e.event.trigger,N=e.fn.toggle,T=e.fn.live,M=e.fn.die,S="ajaxStart|ajaxStop|ajaxSend|ajaxComplete|ajaxError|ajaxSuccess",C=RegExp("\\b(?:"+S+")\\b"),H=/(?:^|\s)hover(\.\S+|)\b/,A=function(t){return"string"!=typeof t||e.event.special.hover?t:(H.test(t)&&r("'hover' pseudo-event is deprecated, use 'mouseenter mouseleave'"),t&&t.replace(H,"mouseenter$1 mouseleave$1"))};e.event.props&&"attrChange"!==e.event.props[0]&&e.event.props.unshift("attrChange","attrName","relatedNode","srcElement"),e.event.dispatch&&a(e.event,"handle",e.event.dispatch,"jQuery.event.handle is undocumented and deprecated"),e.event.add=function(e,t,n,a,i){e!==document&&C.test(t)&&r("AJAX events should be attached to document: "+t),Q.call(this,e,A(t||""),n,a,i)},e.event.remove=function(e,t,n,r,a){x.call(this,e,A(t)||"",n,r,a)},e.fn.error=function(){var e=Array.prototype.slice.call(arguments,0);return r("jQuery.fn.error() is deprecated"),e.splice(0,0,"error"),arguments.length?this.bind.apply(this,e):(this.triggerHandler.apply(this,e),this)},e.fn.toggle=function(t,n){if(!e.isFunction(t)||!e.isFunction(n))return N.apply(this,arguments);r("jQuery.fn.toggle(handler, handler...) is deprecated");var a=arguments,i=t.guid||e.guid++,o=0,s=function(n){var r=(e._data(this,"lastToggle"+t.guid)||0)%o;return e._data(this,"lastToggle"+t.guid,r+1),n.preventDefault(),a[r].apply(this,arguments)||!1};for(s.guid=i;a.length>o;)a[o++].guid=i;return this.click(s)},e.fn.live=function(t,n,a){return r("jQuery.fn.live() is deprecated"),T?T.apply(this,arguments):(e(this.context).on(t,this.selector,n,a),this)},e.fn.die=function(t,n){return r("jQuery.fn.die() is deprecated"),M?M.apply(this,arguments):(e(this.context).off(t,this.selector||"**",n),this)},e.event.trigger=function(e,t,n,a){return n||C.test(e)||r("Global events are undocumented and deprecated"),k.call(this,e,t,n||document,a)},e.each(S.split("|"),function(t,n){e.event.special[n]={setup:function(){var t=this;return t!==document&&(e.event.add(document,n+"."+e.guid,function(){e.event.trigger(n,null,t,!0)}),e._data(this,n,e.guid++)),!1},teardown:function(){return this!==document&&e.event.remove(document,n+"."+e._data(this,n)),!1}}})}(jQuery,window);

//]]>
</script>

<script type='text/javascript'>
//<![CDATA[

/* ------------------------------------------------------------------------
	s3Slider
	
	Developped By: Boban Karišik -> http://www.serie3.info/
        CSS Help: Mészáros Róbert -> http://www.perspectived.com/
	Version: 1.0
	
	Copyright: Feel free to redistribute the script/modify it, as
			   long as you leave my infos at the top.
------------------------------------------------------------------------- */


(function($){  

    $.fn.s3Slider = function(vars) {       
        
        var element     = this;
        var timeOut     = (vars.timeOut != undefined) ? vars.timeOut : 4000;
        var current     = null;
        var timeOutFn   = null;
        var faderStat   = true;
        var mOver       = false;
        var items       = $("#" + element[0].id + "Content ." + element[0].id + "Image");
        var itemsSpan   = $("#" + element[0].id + "Content ." + element[0].id + "Image span");
            
        items.each(function(i) {
    
            $(items[i]).mouseover(function() {
               mOver = true;
            });
            
            $(items[i]).mouseout(function() {
                mOver   = false;
                fadeElement(true);
            });
            
        });
        
        var fadeElement = function(isMouseOut) {
            var thisTimeOut = (isMouseOut) ? (timeOut/2) : timeOut;
            thisTimeOut = (faderStat) ? 10 : thisTimeOut;
            if(items.length > 0) {
                timeOutFn = setTimeout(makeSlider, thisTimeOut);
            } else {
                console.log("Poof..");
            }
        }
        
        var makeSlider = function() {
            current = (current != null) ? current : items[(items.length-1)];
            var currNo      = jQuery.inArray(current, items) + 1
            currNo = (currNo == items.length) ? 0 : (currNo - 1);
            var newMargin   = $(element).width() * currNo;
            if(faderStat == true) {
                if(!mOver) {
                    $(items[currNo]).fadeIn((timeOut/6), function() {
                        if($(itemsSpan[currNo]).css('bottom') == 0) {
                            $(itemsSpan[currNo]).slideUp((timeOut/6), function() {
                                faderStat = false;
                                current = items[currNo];
                                if(!mOver) {
                                    fadeElement(false);
                                }
                            });
                        } else {
                            $(itemsSpan[currNo]).slideDown((timeOut/6), function() {
                                faderStat = false;
                                current = items[currNo];
                                if(!mOver) {
                                    fadeElement(false);
                                }
                            });
                        }
                    });
                }
            } else {
                if(!mOver) {
                    if($(itemsSpan[currNo]).css('bottom') == 0) {
                        $(itemsSpan[currNo]).slideDown((timeOut/6), function() {
                            $(items[currNo]).fadeOut((timeOut/6), function() {
                                faderStat = true;
                                current = items[(currNo+1)];
                                if(!mOver) {
                                    fadeElement(false);
                                }
                            });
                        });
                    } else {
                        $(itemsSpan[currNo]).slideUp((timeOut/6), function() {
                        $(items[currNo]).fadeOut((timeOut/6), function() {
                                faderStat = true;
                                current = items[(currNo+1)];
                                if(!mOver) {
                                    fadeElement(false);
                                }
                            });
                        });
                    }
                }
            }
        }
        
        makeSlider();

    };  

})(jQuery);

//]]>
</script>

<script type='text/javascript'>
//<![CDATA[

function showrecentcomments(json){for(var i=0;i<a_rc;i++){var b_rc=json.feed.entry[i];var c_rc;if(i==json.feed.entry.length)break;for(var k=0;k<b_rc.link.length;k++){if(b_rc.link[k].rel=='alternate'){c_rc=b_rc.link[k].href;break;}}c_rc=c_rc.replace("#","#comment-");var d_rc=c_rc.split("#");d_rc=d_rc[0];var e_rc=d_rc.split("/");e_rc=e_rc[5];e_rc=e_rc.split(".html");e_rc=e_rc[0];var f_rc=e_rc.replace(/-/g," ");f_rc=f_rc.link(d_rc);var g_rc=b_rc.published.$t;var h_rc=g_rc.substring(0,4);var i_rc=g_rc.substring(5,7);var j_rc=g_rc.substring(8,10);var k_rc=new Array();k_rc[1]="Jan";k_rc[2]="Feb";k_rc[3]="Mar";k_rc[4]="Apr";k_rc[5]="May";k_rc[6]="Jun";k_rc[7]="Jul";k_rc[8]="Aug";k_rc[9]="Sep";k_rc[10]="Oct";k_rc[11]="Nov";k_rc[12]="Dec";if("content" in b_rc){var l_rc=b_rc.content.$t;}else if("summary" in b_rc){var l_rc=b_rc.summary.$t;}else var l_rc="";var re=/<\S[^>]*>/g;l_rc=l_rc.replace(re,"");if(m_rc==true)document.write('On '+k_rc[parseInt(i_rc,10)]+' '+j_rc+' ');document.write('<a href="'+c_rc+'">'+b_rc.author[0].name.$t+'</a> commented');if(n_rc==true)document.write(' on '+f_rc);document.write(': ');if(l_rc.length<o_rc){document.write('<i>&#8220;');document.write(l_rc);document.write('&#8221;</i><br/><br/>');}else{document.write('<i>&#8220;');l_rc=l_rc.substring(0,o_rc);var p_rc=l_rc.lastIndexOf(" ");l_rc=l_rc.substring(0,p_rc);document.write(l_rc+'&hellip;&#8221;</i>');document.write('<br/><br/>');}}}

function rp(json){document.write('<ul>');for(var i=0;i<numposts;i++){document.write('<li>');var entry=json.feed.entry[i];var posttitle=entry.title.$t;var posturl;if(i==json.feed.entry.length)break;for(var k=0;k<entry.link.length;k++){if(entry.link[k].rel=='alternate'){posturl=entry.link[k].href;break}}posttitle=posttitle.link(posturl);var readmorelink="(more)";readmorelink=readmorelink.link(posturl);var postdate=entry.published.$t;var cdyear=postdate.substring(0,4);var cdmonth=postdate.substring(5,7);var cdday=postdate.substring(8,10);var monthnames=new Array();monthnames[1]="Jan";monthnames[2]="Feb";monthnames[3]="Mar";monthnames[4]="Apr";monthnames[5]="May";monthnames[6]="Jun";monthnames[7]="Jul";monthnames[8]="Aug";monthnames[9]="Sep";monthnames[10]="Oct";monthnames[11]="Nov";monthnames[12]="Dec";if("content"in entry){var postcontent=entry.content.$t}else if("summary"in entry){var postcontent=entry.summary.$t}else var postcontent="";var re=/<\S[^>]*>/g;postcontent=postcontent.replace(re,"");document.write(posttitle);if(showpostdate==true)document.write(' - '+monthnames[parseInt(cdmonth,10)]+' '+cdday);if(showpostsummary==true){if(postcontent.length<numchars){document.write(postcontent)}else{postcontent=postcontent.substring(0,numchars);var quoteEnd=postcontent.lastIndexOf(" ");postcontent=postcontent.substring(0,quoteEnd);document.write(postcontent+'...'+readmorelink)}}document.write('</li>')}document.write('</ul>')}

//]]>
</script>

<script type='text/javascript'>
summary_noimg = 400;
summary_img = 300;
img_thumb_height = 150;
img_thumb_width = 200; 
</script>
<script type='text/javascript'>
//<![CDATA[

function removeHtmlTag(strx,chop){ 
	if(strx.indexOf("<")!=-1)
	{
		var s = strx.split("<"); 
		for(var i=0;i<s.length;i++){ 
			if(s[i].indexOf(">")!=-1){ 
				s[i] = s[i].substring(s[i].indexOf(">")+1,s[i].length); 
			} 
		} 
		strx =  s.join(""); 
	}
	chop = (chop < strx.length-1) ? chop : strx.length-2; 
	while(strx.charAt(chop-1)!=' ' && strx.indexOf(' ',chop)!=-1) chop++; 
	strx = strx.substring(0,chop-1); 
	return strx+'...'; 
}

function createSummaryAndThumb(pID){
	var div = document.getElementById(pID);
	var imgtag = "";
	var img = div.getElementsByTagName("img");
	var summ = summary_noimg;
	if(img.length>=1) {	
		imgtag = '<img src="'+img[0].src+'" class="pbtthumbimg"/>';
		summ = summary_img;
	}
	
	var summary = imgtag + '<div>' + removeHtmlTag(div.innerHTML,summ) + '</div>';
	div.innerHTML = summary;
}

//]]>
</script>

</head>

<body>
<div id='headerbwrap'>

<div id='top'><!-- PAGE MENU, OR SECOND CUSTOM MENU -->
<ul class='sf-menu' id='menu-realdescription'>

<li><a href='#'><strong>Home</strong><span>First page</span></a></li>

<li><a href='#'><strong>Games</strong><span>Games category</span></a></li>

<li><a href='#'><strong>General</strong><span>General cateogry</span></a></li>

<li><a href='#'><strong>Health</strong><span>Health category</span></a></li>

<li><a href='#'><strong>Sport</strong><span>Sport category</span></a></li>

<li><a href='#'><strong>Uncategorized</strong><span>Empty category</span></a></li>

</ul>
</div><!-- END PAGE MENU -->

<div id='blogtitle'>
<b:section class='headersec' id='headersec' maxwidgets='1' showaddelement='no'>
  <b:widget id='Header1' locked='true' title='Meraklis Magazine (Header)' type='Header'>
    <b:includable id='main'>
  <b:if cond='data:useImage'>
    <b:if cond='data:imagePlacement == &quot;REPLACE&quot;'>
      <!--Show just the image, no text-->
      <div id='header-inner'>
        <a expr:href='data:blog.homepageUrl' style='display: block'>
          <img expr:alt='data:title' expr:height='data:height' expr:id='data:widget.instanceId + &quot;_headerimg&quot;' expr:src='data:sourceUrl' expr:width='data:width' style='display: block;padding-left:0px;padding-top:0px;'/>
        </a>
      </div>
    <b:else/>
      <!--
      Show image as background to text. You can't really calculate the width
      reliably in JS because margins are not taken into account by any of
      clientWidth, offsetWidth or scrollWidth, so we don't force a minimum
      width if the user is using shrink to fit.
      This results in a margin-width's worth of pixels being cropped. If the
      user is not using shrink to fit then we expand the header.
      -->
      <div expr:style='&quot;background-image: url(\&quot;&quot; + data:sourceUrl + &quot;\&quot;); &quot;                      + &quot;background-position: &quot;                      + data:backgroundPositionStyleStr + &quot;; &quot;                      + data:widthStyleStr                      + &quot;min-height: &quot; + data:height + &quot;px;&quot;                      + &quot;_height: &quot; + data:height + &quot;px;&quot;                      + &quot;background-repeat: no-repeat; &quot;' id='header-inner'>
        <div class='titlewrapper' style='background: transparent'>
          <h1 class='title' style='background: transparent; border-width: 0px'>
            <b:include name='title'/>
          </h1>
        </div>
        <b:include name='description'/>
      </div>
    </b:if>
  <b:else/>
    <!--No header image -->
    <div id='header-inner'>
      <div class='titlewrapper'>
        <h1 class='title'>
          <b:include name='title'/>
        </h1>
      </div>
      <b:include name='description'/>
    </div>
  </b:if>
</b:includable>
    <b:includable id='description'>
    <div class='description'><data:description/></div>
</b:includable>
    <b:includable id='title'>
<a expr:href='data:blog.homepageUrl'><data:title/></a>
</b:includable>
  </b:widget>
</b:section>
</div>
<b:section class='adv' id='headeradsec' maxwidgets='1' showaddelement='yes'>
  <b:widget id='HTML3' locked='false' title='' type='HTML'>
    <b:includable id='main'>
  <!-- only display title if it's non-empty -->
  <b:if cond='data:title != &quot;&quot;'>
    <h2 class='title'><data:title/></h2>
  </b:if>
  <div class='widget-content'>
    <data:content/>
  </div>

  <b:include name='quickedit'/>
</b:includable>
  </b:widget>
</b:section>

</div>
 <div id='mainwrap'>
<div id='contentwrap'>

<div class='clearfix'/>

<b:section class='mainblogsec' id='mainblogsec' showaddelement='no'>
  <b:widget id='Blog1' locked='true' title='Blog Posts' type='Blog'>
    <b:includable id='main' var='top'>
  <b:if cond='data:mobile == &quot;false&quot;'>

    <!-- posts -->
    <div class='blog-posts hfeed'>

      <b:include data='top' name='status-message'/>

      <data:defaultAdStart/>
      <b:loop values='data:posts' var='post'>
        <b:if cond='data:post.isDateStart'>
          <b:if cond='data:post.isFirstPost == &quot;false&quot;'>
            &lt;/div&gt;&lt;/div&gt;
          </b:if>
        </b:if>
        <b:if cond='data:post.isDateStart'>
          &lt;div class=&quot;date-outer&quot;&gt;
        </b:if>
        <b:if cond='data:post.dateHeader'>
          <h2 class='date-header'><span><data:post.dateHeader/></span></h2>
        </b:if>
        <b:if cond='data:post.isDateStart'>
          &lt;div class=&quot;date-posts&quot;&gt;
        </b:if>
        <div class='post-outer'>
        <b:include data='post' name='post'/>
        <b:if cond='data:blog.pageType == &quot;static_page&quot;'>
          <b:if cond='data:post.showThreadedComments'>
            <b:include data='post' name='threaded_comments'/>
          <b:else/>
            <b:include data='post' name='comments'/>
          </b:if>
        </b:if>
        <b:if cond='data:blog.pageType == &quot;item&quot;'>
          <b:if cond='data:post.showThreadedComments'>
            <b:include data='post' name='threaded_comments'/>
          <b:else/>
            <b:include data='post' name='comments'/>
          </b:if>
        </b:if>
        </div>
        <b:if cond='data:post.includeAd'>
          <b:if cond='data:post.isFirstPost'>
            <data:defaultAdEnd/>
          <b:else/>
            <data:adEnd/>
          </b:if>
          <div class='inline-ad'>
            <data:adCode/>
          </div>
          <data:adStart/>
        </b:if>
      </b:loop>
      <b:if cond='data:numPosts != 0'>
        &lt;/div&gt;&lt;/div&gt;
      </b:if>
      <data:adEnd/>
    </div>

<div style='clear: both;'/>
<b:if cond='data:blog.pageType != &quot;item&quot;'>
<!-- navigation -->
<b:include name='nextprev'/>
</b:if>

    <!-- feed links -->

    <b:if cond='data:top.showStars'>
      <script src='//www.google.com/jsapi' type='text/javascript'/>
      <script type='text/javascript'>
        google.load(&quot;annotations&quot;, &quot;1&quot;, {&quot;locale&quot;: &quot;<data:top.languageCode/>&quot;});
        function initialize() {
          google.annotations.setApplicationId(<data:top.blogspotReviews/>);
          google.annotations.createAll();
          google.annotations.fetch();
        }
        google.setOnLoadCallback(initialize);
      </script>
    </b:if>

  <b:else/>
    <b:include name='mobile-main'/>
  </b:if>

  <b:if cond='data:top.showDummy'>
    <data:top.dummyBootstrap/>
  </b:if>

</b:includable>
    <b:includable id='backlinkDeleteIcon' var='backlink'>
  <span expr:class='&quot;item-control &quot; + data:backlink.adminClass'>
    <a expr:href='data:backlink.deleteUrl' expr:title='data:top.deleteBacklinkMsg'>
      <img src='//www.blogger.com/img/icon_delete13.gif'/>
    </a>
  </span>
</b:includable>
    <b:includable id='backlinks' var='post'>
  <a name='links'/><h4><data:post.backlinksLabel/></h4>
  <b:if cond='data:post.numBacklinks != 0'>
    <dl class='comments-block' id='comments-block'>
      <b:loop values='data:post.backlinks' var='backlink'>
        <div class='collapsed-backlink backlink-control'>
          <dt class='comment-title'>
            <span class='backlink-toggle-zippy'>&#160;</span>
            <a expr:href='data:backlink.url' rel='nofollow'><data:backlink.title/></a>
            <b:include data='backlink' name='backlinkDeleteIcon'/>
          </dt>
          <dd class='comment-body collapseable'>
            <data:backlink.snippet/>
          </dd>
          <dd class='comment-footer collapseable'>
            <span class='comment-author'><data:post.authorLabel/> <data:backlink.author/></span>
            <span class='comment-timestamp'><data:post.timestampLabel/> <data:backlink.timestamp/></span>
          </dd>
        </div>
      </b:loop>
    </dl>
  </b:if>
  <p class='comment-footer'>
    <a class='comment-link' expr:href='data:post.createLinkUrl' expr:id='data:widget.instanceId + &quot;_backlinks-create-link&quot;' target='_blank'><data:post.createLinkLabel/></a>
  </p>
</b:includable>
    <b:includable id='comment-form' var='post'>
  <div class='comment-form'>
    <a name='comment-form'/>
    <b:if cond='data:mobile'>
      <h4 id='comment-post-message'>
        <a expr:id='data:widget.instanceId + &quot;_comment-editor-toggle-link&quot;' href='javascript:void(0)'><data:postCommentMsg/></a></h4>
      <p><data:blogCommentMessage/></p>
      <data:blogTeamBlogMessage/>
      <a expr:href='data:post.commentFormIframeSrc' id='comment-editor-src'/>
      <iframe allowtransparency='true' class='blogger-iframe-colorize blogger-comment-from-post' frameborder='0' height='410' id='comment-editor' name='comment-editor' src='' style='display: none' width='100%'/>
    <b:else/>
      <h4 id='comment-post-message'><data:postCommentMsg/></h4>
      <p><data:blogCommentMessage/></p>
      <data:blogTeamBlogMessage/>
      <a expr:href='data:post.commentFormIframeSrc' id='comment-editor-src'/>
      <iframe allowtransparency='true' class='blogger-iframe-colorize blogger-comment-from-post' frameborder='0' height='410' id='comment-editor' name='comment-editor' src='' width='100%'/>
    </b:if>
    <data:post.friendConnectJs/>
    <data:post.cmtfpIframe/>
    <script type='text/javascript'>
      BLOG_CMT_createIframe(&#39;<data:post.appRpcRelayPath/>&#39;, &#39;<data:post.communityId/>&#39;);
    </script>
  </div>
</b:includable>
    <b:includable id='commentDeleteIcon' var='comment'>
  <span expr:class='&quot;item-control &quot; + data:comment.adminClass'>
    <b:if cond='data:showCmtPopup'>
      <div class='goog-toggle-button'>
        <div class='goog-inline-block comment-action-icon'/>
      </div>
    <b:else/>
      <a class='comment-delete' expr:href='data:comment.deleteUrl' expr:title='data:top.deleteCommentMsg'>
        <img src='//www.blogger.com/img/icon_delete13.gif'/>
      </a>
    </b:if>
  </span>
</b:includable>
    <b:includable id='comment_count_picker' var='post'>
  <b:if cond='data:post.commentSource == 1'>
    <span class='cmt_count_iframe_holder' expr:data-count='data:post.numComments' expr:data-onclick='data:post.addCommentOnclick' expr:data-post-url='data:post.url' expr:data-url='data:post.canonicalUrl'>
    </span>
  <b:else/>
    <a class='comment-link' expr:href='data:post.addCommentUrl' expr:onclick='data:post.addCommentOnclick'>
      <data:post.commentLabelFull/>:
    </a>
  </b:if>
</b:includable>
    <b:includable id='comment_picker' var='post'>
  <b:if cond='data:post.commentSource == 1'>
    <b:include data='post' name='iframe_comments'/>
  <b:else/>
    <b:if cond='data:post.showThreadedComments'>
      <b:include data='post' name='threaded_comments'/>
    <b:else/>
      <b:include data='post' name='comments'/>
    </b:if>
  </b:if>
</b:includable>
    <b:includable id='comments' var='post'>
  <div class='comments' id='comments'>
    <a name='comments'/>
    <b:if cond='data:post.allowComments'>
      <h4>
        <b:if cond='data:post.numComments == 1'>
          1 <data:commentLabel/>:
        <b:else/>
          <data:post.numComments/> <data:commentLabelPlural/>:
        </b:if>
      </h4>

      <b:if cond='data:post.commentPagingRequired'>
        <span class='paging-control-container'>
          <a expr:class='data:post.oldLinkClass' expr:href='data:post.oldestLinkUrl'><data:post.oldestLinkText/></a>
          &#160;
          <a expr:class='data:post.oldLinkClass' expr:href='data:post.olderLinkUrl'><data:post.olderLinkText/></a>
          &#160;
          <data:post.commentRangeText/>
          &#160;
          <a expr:class='data:post.newLinkClass' expr:href='data:post.newerLinkUrl'><data:post.newerLinkText/></a>
          &#160;
          <a expr:class='data:post.newLinkClass' expr:href='data:post.newestLinkUrl'><data:post.newestLinkText/></a>
        </span>
      </b:if>

      <div expr:id='data:widget.instanceId + &quot;_comments-block-wrapper&quot;'>
        <dl expr:class='data:post.avatarIndentClass' id='comments-block'>
          <b:loop values='data:post.comments' var='comment'>
            <dt expr:class='&quot;comment-author &quot; + data:comment.authorClass' expr:id='data:comment.anchorName'>
              <b:if cond='data:comment.favicon'>
                <img expr:src='data:comment.favicon' height='16px' style='margin-bottom:-2px;' width='16px'/>
              </b:if>
              <a expr:name='data:comment.anchorName'/>
              <b:if cond='data:blog.enabledCommentProfileImages'>
                <data:comment.authorAvatarImage/>
              </b:if>
              <b:if cond='data:comment.authorUrl'>
                <a expr:href='data:comment.authorUrl' rel='nofollow'><data:comment.author/></a>
              <b:else/>
                <data:comment.author/>
              </b:if>
              <data:commentPostedByMsg/>
            </dt>
            <dd class='comment-body' expr:id='data:widget.instanceId + data:comment.cmtBodyIdPostfix'>
              <b:if cond='data:comment.isDeleted'>
                <span class='deleted-comment'><data:comment.body/></span>
              <b:else/>
                <p>
                  <data:comment.body/>
                </p>
              </b:if>
            </dd>
            <dd class='comment-footer'>
              <span class='comment-timestamp'>
                <a expr:href='data:comment.url' title='comment permalink'>
                  <data:comment.timestamp/>
                </a>
                <b:include data='comment' name='commentDeleteIcon'/>
              </span>
            </dd>
          </b:loop>
        </dl>
      </div>

      <b:if cond='data:post.commentPagingRequired'>
        <span class='paging-control-container'>
          <a expr:class='data:post.oldLinkClass' expr:href='data:post.oldestLinkUrl'>
            <data:post.oldestLinkText/>
          </a>
          <a expr:class='data:post.oldLinkClass' expr:href='data:post.olderLinkUrl'>
            <data:post.olderLinkText/>
          </a>
          &#160;
          <data:post.commentRangeText/>
          &#160;
          <a expr:class='data:post.newLinkClass' expr:href='data:post.newerLinkUrl'>
            <data:post.newerLinkText/>
          </a>
          <a expr:class='data:post.newLinkClass' expr:href='data:post.newestLinkUrl'>
            <data:post.newestLinkText/>
          </a>
        </span>
      </b:if>

      <p class='comment-footer'>
        <b:if cond='data:post.embedCommentForm'>
          <b:if cond='data:post.allowNewComments'>
            <b:include data='post' name='comment-form'/>
          <b:else/>
            <data:post.noNewCommentsText/>
          </b:if>
        <b:else/>
          <b:if cond='data:post.allowComments'>
            <a expr:href='data:post.addCommentUrl' expr:onclick='data:post.addCommentOnclick'><data:postCommentMsg/></a>
          </b:if>
        </b:if>

      </p>
    </b:if>
    <b:if cond='data:showCmtPopup'>
      <div id='comment-popup'>
        <iframe allowtransparency='true' frameborder='0' id='comment-actions' name='comment-actions' scrolling='no'>
        </iframe>
      </div>
    </b:if>

    <div id='backlinks-container'>
    <div expr:id='data:widget.instanceId + &quot;_backlinks-container&quot;'>
       <b:if cond='data:post.showBacklinks'>
         <b:include data='post' name='backlinks'/>
       </b:if>
    </div>
    </div>
  </div>
</b:includable>
    <b:includable id='feedLinks'>
  <b:if cond='data:blog.pageType != &quot;item&quot;'> <!-- Blog feed links -->
    <b:if cond='data:feedLinks'>
      <div class='blog-feeds'>
        <b:include data='feedLinks' name='feedLinksBody'/>
      </div>
    </b:if>

    <b:else/> <!--Post feed links -->
    <div class='post-feeds'>
      <b:loop values='data:posts' var='post'>
        <b:if cond='data:post.allowComments'>
          <b:if cond='data:post.feedLinks'>
            <b:include data='post.feedLinks' name='feedLinksBody'/>
          </b:if>
        </b:if>
      </b:loop>
    </div>
  </b:if>
</b:includable>
    <b:includable id='feedLinksBody' var='links'>
  <div class='feed-links'>
  <data:feedLinksMsg/>
  <b:loop values='data:links' var='f'>
     <a class='feed-link' expr:href='data:f.url' expr:type='data:f.mimeType' target='_blank'><data:f.name/> (<data:f.feedType/>)</a>
  </b:loop>
  </div>
</b:includable>
    <b:includable id='iframe_comments' var='post'>

  <b:if cond='data:post.allowComments'>
    <script expr:src='data:post.commentSrc' type='text/javascript'/>
    <div class='cmt_iframe_holder'/>

    <b:if cond='data:post.embedCommentForm == &quot;false&quot;'>
      <a expr:href='data:post.addCommentUrl' expr:onclick='data:post.addCommentOnclick'><data:postCommentMsg/></a>
    </b:if>
  </b:if>
</b:includable>
    <b:includable id='mobile-index-post' var='post'>
  <div class='mobile-date-outer date-outer'>
    <b:if cond='data:post.dateHeader'>
      <div class='date-header'>
        <span><data:post.dateHeader/></span>
      </div>
    </b:if>

    <div class='mobile-post-outer'>
      <a expr:href='data:post.url'>
        <h3 class='mobile-index-title entry-title'>
          <data:post.title/>
        </h3>

        <div class='mobile-index-arrow'>&amp;rsaquo;</div>

        <div class='mobile-index-contents'>
          <b:if cond='data:post.thumbnailUrl'>
            <div class='mobile-index-thumbnail'>
              <div class='Image'>
                <img expr:src='data:post.thumbnailUrl'/>
              </div>
            </div>
          </b:if>

          <div class='post-body'>
            <b:if cond='data:post.snippet'><data:post.snippet/></b:if>
          </div>
        </div>

        <div style='clear: both;'/>
      </a>

      <div class='mobile-index-comment'>
        <b:if cond='data:blog.pageType != &quot;static_page&quot;'>
          <b:if cond='data:post.allowComments'>
            <b:if cond='data:post.numComments != 0'>
              <a class='comment-link' expr:href='data:post.addCommentUrl' expr:onclick='data:post.addCommentOnclick'><b:if cond='data:post.numComments == 1'>1 <data:top.commentLabel/><b:else/><data:post.numComments/> <data:top.commentLabelPlural/></b:if></a>
            </b:if>
          </b:if>
        </b:if>
      </div>
    </div>
  </div>
</b:includable>
    <b:includable id='mobile-main' var='top'>
    <!-- posts -->
    <div class='blog-posts hfeed'>

      <b:include data='top' name='status-message'/>

      <b:if cond='data:blog.pageType == &quot;index&quot;'>
        <b:loop values='data:posts' var='post'>
          <b:include data='post' name='mobile-index-post'/>
        </b:loop>
      <b:else/>
        <b:loop values='data:posts' var='post'>
          <b:include data='post' name='mobile-post'/>
        </b:loop>
      </b:if>
    </div>

   <b:include name='mobile-nextprev'/>
</b:includable>
    <b:includable id='mobile-nextprev'>
  <div class='blog-pager' id='blog-pager'>
    <b:if cond='data:newerPageUrl'>
      <div class='mobile-link-button' id='blog-pager-newer-link'>
      <a class='blog-pager-newer-link' expr:href='data:newerPageUrl' expr:id='data:widget.instanceId + &quot;_blog-pager-newer-link&quot;' expr:title='data:newerPageTitle'>&amp;lsaquo;</a>
      </div>
    </b:if>

    <b:if cond='data:olderPageUrl'>
      <div class='mobile-link-button' id='blog-pager-older-link'>
      <a class='blog-pager-older-link' expr:href='data:olderPageUrl' expr:id='data:widget.instanceId + &quot;_blog-pager-older-link&quot;' expr:title='data:olderPageTitle'>&amp;rsaquo;</a>
      </div>
    </b:if>

    <div class='mobile-link-button' id='blog-pager-home-link'>
    <a class='home-link' expr:href='data:blog.homepageUrl'><data:homeMsg/></a>
    </div>

    <div class='mobile-desktop-link'>
      <a class='home-link' expr:href='data:desktopLinkUrl'><data:desktopLinkMsg/></a>
    </div>

  </div>
  <div class='clear'/>
</b:includable>
    <b:includable id='mobile-post' var='post'>
  <div class='date-outer'>
    <b:if cond='data:post.dateHeader'>
      <h2 class='date-header'><span><data:post.dateHeader/></span></h2>
    </b:if>
    <div class='date-posts'>
      <div class='post-outer'>

        <div class='post hentry uncustomized-post-template'>
          <a expr:name='data:post.id'/>
          <b:if cond='data:post.title'>
            <h3 class='post-title entry-title'>
              <b:if cond='data:post.link'>
                <a expr:href='data:post.link'><data:post.title/></a>
              <b:else/>
                <b:if cond='data:post.url'>
                  <b:if cond='data:blog.url != data:post.url'>
                    <a expr:href='data:post.url'><data:post.title/></a>
                  <b:else/>
                    <data:post.title/>
                  </b:if>
                <b:else/>
                  <data:post.title/>
                </b:if>
              </b:if>
            </h3>
          </b:if>

          <div class='post-header'>
            <div class='post-header-line-1'/>
          </div>

          <div class='post-body entry-content' expr:id='&quot;post-body-&quot; + data:post.id'>
            <data:post.body/>
            <div style='clear: both;'/> <!-- clear for photos floats -->
          </div>

          <div class='post-footer'>
            <div class='post-footer-line post-footer-line-1'>
              <span class='post-author vcard'>
                <b:if cond='data:top.showAuthor'>
                  <b:if cond='data:post.authorProfileUrl'>
                    <span class='fn'>
                      <a expr:href='data:post.authorProfileUrl' rel='author' title='author profile'>
                        <data:post.author/>
                      </a>
                    </span>
                  <b:else/>
                    <span class='fn'><data:post.author/></span>
                  </b:if>
                </b:if>
              </span>

              <span class='post-timestamp'>
                <b:if cond='data:top.showTimestamp'>
                  <data:top.timestampLabel/>
                  <b:if cond='data:post.url'>
                    <a class='timestamp-link' expr:href='data:post.url' rel='bookmark' title='permanent link'><abbr class='published' expr:title='data:post.timestampISO8601'><data:post.timestamp/></abbr></a>
                  </b:if>
                </b:if>
              </span>

              <span class='post-comment-link'>
                <b:if cond='data:blog.pageType != &quot;item&quot;'>
                  <b:if cond='data:blog.pageType != &quot;static_page&quot;'>
                    <b:if cond='data:post.allowComments'>
                      <a class='comment-link' expr:href='data:post.addCommentUrl' expr:onclick='data:post.addCommentOnclick'><b:if cond='data:post.numComments == 1'>1 <data:top.commentLabel/><b:else/><data:post.numComments/> <data:top.commentLabelPlural/></b:if></a>
                    </b:if>
                  </b:if>
                </b:if>
              </span>
            </div>

            <div class='post-footer-line post-footer-line-2'>
              <b:if cond='data:top.showMobileShare'>
                <div class='mobile-link-button goog-inline-block' id='mobile-share-button'>
                  <a href='javascript:void(0);'><data:shareMsg/></a>
                </div>
              </b:if>
              <b:if cond='data:top.showDummy'>
                <div class='goog-inline-block dummy-container'><data:post.dummyTag/></div>
              </b:if>
            </div>

          </div>
        </div>

        <b:if cond='data:blog.pageType == &quot;static_page&quot;'>
          <b:if cond='data:post.showThreadedComments'>
            <b:include data='post' name='threaded_comments'/>
          <b:else/>
            <b:include data='post' name='comments'/>
          </b:if>
        </b:if>
        <b:if cond='data:blog.pageType == &quot;item&quot;'>
          <b:if cond='data:post.showThreadedComments'>
            <b:include data='post' name='threaded_comments'/>
          <b:else/>
            <b:include data='post' name='comments'/>
          </b:if>
        </b:if>
      </div>
    </div>
  </div>
</b:includable>
    <b:includable id='nextprev'>
  <div class='blog-pager' id='blog-pager'>
    <b:if cond='data:newerPageUrl'>
      <span id='blog-pager-newer-link'>
      <a class='blog-pager-newer-link' expr:href='data:newerPageUrl' expr:id='data:widget.instanceId + &quot;_blog-pager-newer-link&quot;' expr:title='data:newerPageTitle'><data:newerPageTitle/></a>
      </span>
    </b:if>

    <b:if cond='data:olderPageUrl'>
      <span id='blog-pager-older-link'>
      <a class='blog-pager-older-link' expr:href='data:olderPageUrl' expr:id='data:widget.instanceId + &quot;_blog-pager-older-link&quot;' expr:title='data:olderPageTitle'><data:olderPageTitle/></a>
      </span>
    </b:if>

    <a class='home-link' expr:href='data:blog.homepageUrl'><data:homeMsg/></a>

    <b:if cond='data:mobileLinkUrl'>
      <div class='blog-mobile-link'>
        <a expr:href='data:mobileLinkUrl'><data:mobileLinkMsg/></a>
      </div>
    </b:if>

  </div>
  <div class='clear'/>
</b:includable>
    <b:includable id='post' var='post'>
<div class='post hentry'>

<a expr:name='data:post.id'/>

<div class='bposttitle'>
      <h2 class='post-title entry-title'>
     <b:if cond='data:post.link'>
       <a expr:href='data:post.link'><data:post.title/></a>
     <b:else/>
        <b:if cond='data:post.url'>
          <a expr:href='data:post.url'><data:post.title/></a>
        <b:else/>
          <data:post.title/>
        </b:if>
     </b:if>
      </h2>
</div>

<b:if cond='data:blog.pageType != &quot;static_page&quot;'>
<div class='bpostmeta'>
Posted by <data:post.author/> on <data:post.timestamp/><b:if cond='data:post.labels'> in <b:loop values='data:post.labels' var='label'><a expr:href='data:label.url' rel='tag'><data:label.name/></a><b:if cond='data:label.isLast != &quot;true&quot;'>, </b:if></b:loop></b:if><b:if cond='data:post.allowComments'> | <a expr:href='data:post.addCommentUrl' expr:onclick='data:post.addCommentOnclick'><b:if cond='data:post.numComments == 0'>No comments</b:if><b:if cond='data:post.numComments == 1'>1 comment</b:if><b:if cond='data:post.numComments &gt;= 2'><data:post.numComments/> comments</b:if></a></b:if>
</div>
</b:if>

<div class='post-header-line-1'/>

<div class='entry'>
<div class='post-body entry-content'>

<b:if cond='data:blog.pageType != &quot;static_page&quot;'>
<b:if cond='data:blog.pageType != &quot;item&quot;'>
<div expr:id='&quot;summary&quot; + data:post.id'><data:post.body/></div>
<script type='text/javascript'>createSummaryAndThumb(&quot;summary<data:post.id/>&quot;);</script>
</b:if>
</b:if>
<b:if cond='data:blog.pageType == &quot;item&quot;'><data:post.body/></b:if>

<b:if cond='data:blog.pageType == &quot;static_page&quot;'><data:post.body/></b:if>

<b:if cond='data:blog.pageType != &quot;static_page&quot;'>
<b:if cond='data:blog.pageType != &quot;item&quot;'>
<p class='bpostmetadata'><a class='more-link' expr:href='data:post.url'>Read More</a></p>
</b:if>
</b:if>

<b:if cond='data:blog.pageType == &quot;item&quot;'>
<div style='clear:both;'/>
<div class='post-share-buttons'>
<b:include data='post' name='shareButtons'/>
</div>
<span class='reaction-buttons'>
<b:if cond='data:top.showReactions'>
<table border='0' cellpadding='0' width='100%'><tr>
<td style='font-size:12px;padding-top:2px;' valign='top'><span class='reactions-label'><data:top.reactionsLabel/></span></td>
<td><iframe allowtransparency='true' class='reactions-iframe' expr:src='data:post.reactionsUrl' frameborder='0' name='reactions' scrolling='no'/></td>
</tr></table>
</b:if>
</span>
</b:if>

<div style='clear: both;'/> <!-- clear for photos floats -->
</div>
</div>

</div>
<div style='clear: both;'/>

<b:if cond='data:blog.pageType == &quot;item&quot;'>
<!-- navigation -->
<b:include name='nextprev'/>
</b:if>
</b:includable>
    <b:includable id='postQuickEdit' var='post'>
  <b:if cond='data:post.editUrl'>
    <span expr:class='&quot;item-control &quot; + data:post.adminClass'>
      <a expr:href='data:post.editUrl' expr:title='data:top.editPostMsg'>
        <img alt='' class='icon-action' height='18' src='http://img2.blogblog.com/img/icon18_edit_allbkg.gif' width='18'/>
      </a>
    </span>
  </b:if>
</b:includable>
    <b:includable id='shareButtons' var='post'>
  <b:if cond='data:top.showEmailButton'><a class='goog-inline-block share-button sb-email' expr:href='data:post.sharePostUrl + &quot;&amp;target=email&quot;' expr:title='data:top.emailThisMsg' target='_blank'><span class='share-button-link-text'><data:top.emailThisMsg/></span></a></b:if><b:if cond='data:top.showBlogThisButton'><a class='goog-inline-block share-button sb-blog' expr:href='data:post.sharePostUrl + &quot;&amp;target=blog&quot;' expr:onclick='&quot;window.open(this.href, \&quot;_blank\&quot;, \&quot;height=270,width=475\&quot;); return false;&quot;' expr:title='data:top.blogThisMsg' target='_blank'><span class='share-button-link-text'><data:top.blogThisMsg/></span></a></b:if><b:if cond='data:top.showTwitterButton'><a class='goog-inline-block share-button sb-twitter' expr:href='data:post.sharePostUrl + &quot;&amp;target=twitter&quot;' expr:title='data:top.shareToTwitterMsg' target='_blank'><span class='share-button-link-text'><data:top.shareToTwitterMsg/></span></a></b:if><b:if cond='data:top.showFacebookButton'><a class='goog-inline-block share-button sb-facebook' expr:href='data:post.sharePostUrl + &quot;&amp;target=facebook&quot;' expr:onclick='&quot;window.open(this.href, \&quot;_blank\&quot;, \&quot;height=430,width=640\&quot;); return false;&quot;' expr:title='data:top.shareToFacebookMsg' target='_blank'><span class='share-button-link-text'><data:top.shareToFacebookMsg/></span></a></b:if><b:if cond='data:top.showOrkutButton'><a class='goog-inline-block share-button sb-orkut' expr:href='data:post.sharePostUrl + &quot;&amp;target=orkut&quot;' expr:title='data:top.shareToOrkutMsg' target='_blank'><span class='share-button-link-text'><data:top.shareToOrkutMsg/></span></a></b:if><b:if cond='data:top.showDummy'><div class='goog-inline-block dummy-container'><data:post.dummyTag/></div></b:if>
</b:includable>
    <b:includable id='status-message'>
  <b:if cond='data:navMessage'>
  <div class='status-msg-wrap'>
    <div class='status-msg-body'>
      <data:navMessage/>
    </div>
    <div class='status-msg-border'>
      <div class='status-msg-bg'>
        <div class='status-msg-hidden'><data:navMessage/></div>
      </div>
    </div>
  </div>
  <div style='clear: both;'/>
  </b:if>
</b:includable>
    <b:includable id='threaded-comment-form' var='post'>
  <div class='comment-form'>
    <a name='comment-form'/>
    <b:if cond='data:mobile'>
      <p><data:blogCommentMessage/></p>
      <data:blogTeamBlogMessage/>
      <a expr:href='data:post.commentFormIframeSrc' id='comment-editor-src'/>
      <iframe allowtransparency='true' class='blogger-iframe-colorize blogger-comment-from-post' frameborder='0' height='410' id='comment-editor' name='comment-editor' src='' style='display: none' width='100%'/>
    <b:else/>
      <p><data:blogCommentMessage/></p>
      <data:blogTeamBlogMessage/>
      <a expr:href='data:post.commentFormIframeSrc' id='comment-editor-src'/>
      <iframe allowtransparency='true' class='blogger-iframe-colorize blogger-comment-from-post' frameborder='0' height='410' id='comment-editor' name='comment-editor' src='' width='100%'/>
    </b:if>
    <data:post.friendConnectJs/>
    <data:post.cmtfpIframe/>
    <script type='text/javascript'>
      BLOG_CMT_createIframe(&#39;<data:post.appRpcRelayPath/>&#39;, &#39;<data:post.communityId/>&#39;);
    </script>
  </div>
</b:includable>
    <b:includable id='threaded_comment_js' var='post'>
  <script async='async' expr:src='data:post.commentSrc' type='text/javascript'/>

  <script type='text/javascript'>
    (function() {
      var items = <data:post.commentJso/>;
      var msgs = <data:post.commentMsgs/>;
      var config = <data:post.commentConfig/>;

// <![CDATA[
      var cursor = null;
      if (items && items.length > 0) {
        cursor = parseInt(items[items.length - 1].timestamp) + 1;
      }

      var bodyFromEntry = function(entry) {
        if (entry.gd$extendedProperty) {
          for (var k in entry.gd$extendedProperty) {
            if (entry.gd$extendedProperty[k].name == 'blogger.contentRemoved') {
              return '<span class="deleted-comment">' + entry.content.$t + '</span>';
            }
          }
        }
        return entry.content.$t;
      }

      var parse = function(data) {
        cursor = null;
        var comments = [];
        if (data && data.feed && data.feed.entry) {
          for (var i = 0, entry; entry = data.feed.entry[i]; i++) {
            var comment = {};
            // comment ID, parsed out of the original id format
            var id = /blog-(\d+).post-(\d+)/.exec(entry.id.$t);
            comment.id = id ? id[2] : null;
            comment.body = bodyFromEntry(entry);
            comment.timestamp = Date.parse(entry.published.$t) + '';
            if (entry.author && entry.author.constructor === Array) {
              var auth = entry.author[0];
              if (auth) {
                comment.author = {
                  name: (auth.name ? auth.name.$t : undefined),
                  profileUrl: (auth.uri ? auth.uri.$t : undefined),
                  avatarUrl: (auth.gd$image ? auth.gd$image.src : undefined)
                };
              }
            }
            if (entry.link) {
              if (entry.link[2]) {
                comment.link = comment.permalink = entry.link[2].href;
              }
              if (entry.link[3]) {
                var pid = /.*comments\/default\/(\d+)\?.*/.exec(entry.link[3].href);
                if (pid && pid[1]) {
                  comment.parentId = pid[1];
                }
              }
            }
            comment.deleteclass = 'item-control blog-admin';
            if (entry.gd$extendedProperty) {
              for (var k in entry.gd$extendedProperty) {
                if (entry.gd$extendedProperty[k].name == 'blogger.itemClass') {
                  comment.deleteclass += ' ' + entry.gd$extendedProperty[k].value;
                }
              }
            }
            comments.push(comment);
          }
        }
        return comments;
      };

      var paginator = function(callback) {
        if (hasMore()) {
          var url = config.feed + '?alt=json&v=2&orderby=published&reverse=false&max-results=50';
          if (cursor) {
            url += '&published-min=' + new Date(cursor).toISOString();
          }
          window.bloggercomments = function(data) {
            var parsed = parse(data);
            cursor = parsed.length < 50 ? null
                : parseInt(parsed[parsed.length - 1].timestamp) + 1
            callback(parsed);
            window.bloggercomments = null;
          }
          url += '&callback=bloggercomments';
          var script = document.createElement('script');
          script.type = 'text/javascript';
          script.src = url;
          document.getElementsByTagName('head')[0].appendChild(script);
        }
      };
      var hasMore = function() {
        return !!cursor;
      };
      var getMeta = function(key, comment) {
        if ('iswriter' == key) {
          var matches = !!comment.author
              && comment.author.name == config.authorName
              && comment.author.profileUrl == config.authorUrl;
          return matches ? 'true' : '';
        } else if ('deletelink' == key) {
          return config.baseUri + '/delete-comment.g?blogID='
               + config.blogId + '&postID=' + comment.id;
        } else if ('deleteclass' == key) {
          return comment.deleteclass;
        }
        return '';
      };

      var replybox = null;
      var replyUrlParts = null;
      var replyParent = undefined;

      var onReply = function(commentId, domId) {
        if (replybox == null) {
          // lazily cache replybox, and adjust to suit this style:
          replybox = document.getElementById('comment-editor');
          if (replybox != null) {
            replybox.height = '250px';
            replybox.style.display = 'block';
            replyUrlParts = replybox.src.split('#');
          }
        }
        if (replybox && (commentId !== replyParent)) {
          document.getElementById(domId).insertBefore(replybox, null);
          replybox.src = replyUrlParts[0]
              + (commentId ? '&parentID=' + commentId : '')
              + '#' + replyUrlParts[1];
          replyParent = commentId;
        }
      };

      var hash = (window.location.hash || '#').substring(1);
      var startThread, targetComment;
      if (/^comment-form_/.test(hash)) {
        startThread = hash.substring('comment-form_'.length);
      } else if (/^c[0-9]+$/.test(hash)) {
        targetComment = hash.substring(1);
      }

      // Configure commenting API:
      var configJso = {
        'maxDepth': config.maxThreadDepth
      };
      var provider = {
        'id': config.postId,
        'data': items,
        'loadNext': paginator,
        'hasMore': hasMore,
        'getMeta': getMeta,
        'onReply': onReply,
        'rendered': true,
        'initComment': targetComment,
        'initReplyThread': startThread,
        'config': configJso,
        'messages': msgs
      };

      var render = function() {
        if (window.goog && window.goog.comments) {
          var holder = document.getElementById('comment-holder');
          window.goog.comments.render(holder, provider);
        }
      };

      // render now, or queue to render when library loads:
      if (window.goog && window.goog.comments) {
        render();
      } else {
        window.goog = window.goog || {};
        window.goog.comments = window.goog.comments || {};
        window.goog.comments.loadQueue = window.goog.comments.loadQueue || [];
        window.goog.comments.loadQueue.push(render);
      }
    })();
// ]]>
  </script>
</b:includable>
    <b:includable id='threaded_comments' var='post'>
  <div class='comments' id='comments'>
    <a name='comments'/>
    <h4><data:post.commentLabelFull/>:</h4>

    <div class='comments-content'>
      <b:if cond='data:post.embedCommentForm'>
        <b:include data='post' name='threaded_comment_js'/>
      </b:if>
      <div id='comment-holder'>
         <data:post.commentHtml/>
      </div>
    </div>

    <p class='comment-footer'>
      <b:if cond='data:post.allowNewComments'>
        <b:include data='post' name='threaded-comment-form'/>
      <b:else/>
        <data:post.noNewCommentsText/>
      </b:if>
    </p>

    <b:if cond='data:showCmtPopup'>
      <div id='comment-popup'>
        <iframe allowtransparency='true' frameborder='0' id='comment-actions' name='comment-actions' scrolling='no'>
        </iframe>
      </div>
    </b:if>

    <div id='backlinks-container'>
    <div expr:id='data:widget.instanceId + &quot;_backlinks-container&quot;'>
       <b:if cond='data:post.showBacklinks'>
         <b:include data='post' name='backlinks'/>
       </b:if>
    </div>
    </div>
  </div>
</b:includable>
  </b:widget>
</b:section>

</div>
	
<div id='sidebarrdiv'>

<div class='side-widget'>
<h3>Search Our Site</h3>
<ul>
<div id='search'>
    <form expr:action='data:blog.homepageUrl + &quot;search/&quot;' id='searchform' method='get'>
        <input id='s' name='q' onblur='if (this.value == &apos;&apos;)  {this.value = &apos;Search&apos;;}' onfocus='if (this.value == &apos;Search&apos;) {this.value = &apos;&apos;;}' type='text' value='Search'/>
        <input src='http://3.bp.blogspot.com/-hsX27qkhGQw/Ur912lv2hmI/AAAAAAAAJ0Q/-DKfi4B6HiI/s1600/search.gif' style='border:0; vertical-align: top;' type='image'/> 
    </form>
</div>
</ul>
</div>

<div class='side-widget'>
<h3>Bookmark Us</h3>
    <div class='custom_images'>
	<a class='addthis_button_delicious'><img alt='Delicious' height='32' src='http://3.bp.blogspot.com/-GYVjAwJ2yV4/UoV-6QKrFbI/AAAAAAAAIXE/Z6uhJ3HQ05g/s1600/delicious.png' width='32'/></a>
	<a class='addthis_button_digg'><img alt='Digg' height='32' src='http://1.bp.blogspot.com/-gIBwHD9BVxY/UoV-60FuhfI/AAAAAAAAIXM/nGBh_Dlo43c/s1600/digg.png' width='32'/></a>
	<a class='addthis_button_facebook'><img alt='Facebook' height='32' src='http://2.bp.blogspot.com/-0T8KB54pKl8/UoV-7GczokI/AAAAAAAAIXU/cnTLEQeJnfQ/s1600/facebook.png' width='32'/></a>
	<a class='addthis_button_favorites'><img alt='Favorites' height='32' src='http://1.bp.blogspot.com/-D6xWpgxM6Fs/UoV-7tVGd9I/AAAAAAAAIXc/VVK3G_sRCK0/s1600/favorites.png' width='32'/></a>
	<a class='addthis_button_more'><img alt='More' height='32' src='http://4.bp.blogspot.com/-kmfU9Mx4aYo/UoV-8KbtHFI/AAAAAAAAIXk/J2wFxNTpzT4/s1600/more.png' width='32'/></a>
	<a class='addthis_button_stumbleupon'><img alt='Stumbleupon' height='32' src='http://1.bp.blogspot.com/-Y7puOhdUujM/UoV-8XyZBaI/AAAAAAAAIXs/qiVBBj1x7J0/s1600/stumbleupon.png' width='32'/></a>
	<a class='addthis_button_twitter'><img alt='Twitter' height='32' src='http://2.bp.blogspot.com/-Ihue7u9XpJk/UoV-9NkVEzI/AAAAAAAAIX8/Pcz8bcX8Py0/s1600/twitter.png' width='32'/></a>
    </div>
<script src='http://s7.addthis.com/js/250/addthis_widget.js' type='text/javascript'/>
</div>

<div class='side-widget'>
<h3>Follow Us</h3>
<ul id='topsoc'>
<li class='first'>
   <a href='#' id='email'>Subscribe via Email</a>
</li>
<li class='second'>
   <a href='#' id='socrss'>Subscribe via RSS</a>
</li>
<li class='third'>
   <a href='#' id='twitter'>Follow my tweets</a>
</li>
</ul>
</div>
    
<b:section class='sidebar' id='sidebartop' preferred='yes'>
  <b:widget id='PopularPosts1' locked='false' title='Popular Posts' type='PopularPosts'>
    <b:includable id='main'>
  <b:if cond='data:title'><h2><data:title/></h2></b:if>
  <div class='widget-content popular-posts'>
    <ul>
      <b:loop values='data:posts' var='post'>
      <li>
        <b:if cond='data:showThumbnails == &quot;false&quot;'>
          <b:if cond='data:showSnippets == &quot;false&quot;'>
            <!-- (1) No snippet/thumbnail -->
            <a expr:href='data:post.href'><data:post.title/></a>
          <b:else/>
            <!-- (2) Show only snippets -->
            <div class='item-title'><a expr:href='data:post.href'><data:post.title/></a></div>
            <div class='item-snippet'><data:post.snippet/></div>
          </b:if>
        <b:else/>
          <b:if cond='data:showSnippets == &quot;false&quot;'>
            <!-- (3) Show only thumbnails -->
            <div class='item-thumbnail-only'>
              <b:if cond='data:post.thumbnail'>
                <div class='item-thumbnail'>
                  <a expr:href='data:post.href' target='_blank'>
                    <img alt='' border='0' expr:height='data:thumbnailSize' expr:src='data:post.thumbnail' expr:width='data:thumbnailSize'/>
                  </a>
                </div>
              </b:if>
              <div class='item-title'><a expr:href='data:post.href'><data:post.title/></a></div>
            </div>
            <div style='clear: both;'/>
          <b:else/>
            <!-- (4) Show snippets and thumbnails -->
            <div class='item-content'>
              <b:if cond='data:post.thumbnail'>
                <div class='item-thumbnail'>
                  <a expr:href='data:post.href' target='_blank'>
                    <img alt='' border='0' expr:height='data:thumbnailSize' expr:src='data:post.thumbnail' expr:width='data:thumbnailSize'/>
                  </a>
                </div>
              </b:if>
              <div class='item-title'><a expr:href='data:post.href'><data:post.title/></a></div>
              <div class='item-snippet'><data:post.snippet/></div>
            </div>
            <div style='clear: both;'/>
          </b:if>
        </b:if>
      </li>
      </b:loop>
    </ul>
    <b:include name='quickedit'/>
  </div>
</b:includable>
  </b:widget>
  <b:widget id='HTML1' locked='false' title='Recent Posts' type='HTML'>
    <b:includable id='main'>
  <!-- only display title if it's non-empty -->
  <b:if cond='data:title != &quot;&quot;'>
    <h2 class='title'><data:title/></h2>
  </b:if>
  <div class='widget-content'>
    <data:content/>
  </div>

  <b:include name='quickedit'/>
</b:includable>
  </b:widget>
  <b:widget id='Label1' locked='false' title='Categories' type='Label'>
    <b:includable id='main'>
  <b:if cond='data:title'>
    <h2><data:title/></h2>
  </b:if>
  <div expr:class='&quot;widget-content &quot; + data:display + &quot;-label-widget-content&quot;'>
    <b:if cond='data:display == &quot;list&quot;'>
      <ul>
      <b:loop values='data:labels' var='label'>
        <li>
          <b:if cond='data:blog.url == data:label.url'>
            <span expr:dir='data:blog.languageDirection'><data:label.name/></span>
          <b:else/>
            <a expr:dir='data:blog.languageDirection' expr:href='data:label.url'><data:label.name/></a>
          </b:if>
          <b:if cond='data:showFreqNumbers'>
            <span dir='ltr'>(<data:label.count/>)</span>
          </b:if>
        </li>
      </b:loop>
      </ul>
    <b:else/>
      <b:loop values='data:labels' var='label'>
        <span expr:class='&quot;label-size label-size-&quot; + data:label.cssSize'>
          <b:if cond='data:blog.url == data:label.url'>
            <span expr:dir='data:blog.languageDirection'><data:label.name/></span>
          <b:else/>
            <a expr:dir='data:blog.languageDirection' expr:href='data:label.url'><data:label.name/></a>
          </b:if>
          <b:if cond='data:showFreqNumbers'>
            <span class='label-count' dir='ltr'>(<data:label.count/>)</span>
          </b:if>
        </span>
      </b:loop>
    </b:if>
    <b:include name='quickedit'/>
  </div>
</b:includable>
  </b:widget>
  <b:widget id='HTML2' locked='false' title='Text Widget' type='HTML'>
    <b:includable id='main'>
  <!-- only display title if it's non-empty -->
  <b:if cond='data:title != &quot;&quot;'>
    <h2 class='title'><data:title/></h2>
  </b:if>
  <div class='widget-content'>
    <data:content/>
  </div>

  <b:include name='quickedit'/>
</b:includable>
  </b:widget>
  <b:widget id='BlogArchive1' locked='false' title='Blog Archive' type='BlogArchive'>
    <b:includable id='main'>
  <b:if cond='data:title'>
    <h2><data:title/></h2>
  </b:if>
  <div class='widget-content'>
  <div expr:class='data:blog.languageDirection' id='ArchiveList'>
  <div expr:id='data:widget.instanceId + &quot;_ArchiveList&quot;'>
    <b:if cond='data:style == &quot;HIERARCHY&quot;'>
     <b:include data='data' name='interval'/>
    </b:if>
    <b:if cond='data:style == &quot;FLAT&quot;'>
      <b:include data='data' name='flat'/>
    </b:if>
    <b:if cond='data:style == &quot;MENU&quot;'>
      <b:include data='data' name='menu'/>
    </b:if>
  </div>
  </div>
  <b:include name='quickedit'/>
  </div>
</b:includable>
    <b:includable id='flat' var='data'>
  <ul class='flat'>
    <b:loop values='data:data' var='i'>
      <li class='archivedate'>
        <a expr:href='data:i.url'><data:i.name/></a> (<data:i.post-count/>)
      </li>
    </b:loop>
  </ul>
</b:includable>
    <b:includable id='interval' var='intervalData'>
  <b:loop values='data:intervalData' var='i'>
      <ul class='hierarchy'>
        <li expr:class='&quot;archivedate &quot; + data:i.expclass'>
          <b:include data='i' name='toggle'/>
          <a class='post-count-link' expr:href='data:i.url'><data:i.name/></a>
            <span class='post-count' dir='ltr'>(<data:i.post-count/>)</span>
          <b:if cond='data:i.data'>
            <b:include data='i.data' name='interval'/>
          </b:if>
          <b:if cond='data:i.posts'>
            <b:include data='i.posts' name='posts'/>
          </b:if>
        </li>
      </ul>
  </b:loop>
</b:includable>
    <b:includable id='menu' var='data'>
  <select expr:id='data:widget.instanceId + &quot;_ArchiveMenu&quot;'>
    <option value=''><data:title/></option>
    <b:loop values='data:data' var='i'>
      <option expr:value='data:i.url'>
        <data:i.name/> (<data:i.post-count/>)</option>
    </b:loop>
  </select>
</b:includable>
    <b:includable id='posts' var='posts'>
  <ul class='posts'>
    <b:loop values='data:posts' var='i'>
      <li><a expr:href='data:i.url'><data:i.title/></a></li>
    </b:loop>
  </ul>
</b:includable>
    <b:includable id='toggle' var='interval'>
  <b:if cond='data:interval.toggleId'>
    <a class='toggle'>
      <span class='zippy'/>
    </a>
 </b:if>
</b:includable>
  </b:widget>
</b:section>

</div>

</div>

<div id='nav2'><!-- CATEGORY MENU -->

<b:section class='nbttopmenutop' id='nbttopmenutop' showaddelement='no'>
  <b:widget id='LinkList7' locked='true' title='Edit This Menu' type='LinkList'>
    <b:includable id='main'>
 <div class='widget-content'>
   <ul class='sf-menu'>
     <b:loop values='data:links' var='link'>
       <li><a expr:href='data:link.target'><data:link.name/></a></li>
     </b:loop>
   </ul>
   <b:include name='quickedit'/>
 </div>
</b:includable>
  </b:widget>
</b:section>

<ul id='botsoc'>
<li>
<a href='#'><img alt='We on Last FM' class='lastfm' src='http://3.bp.blogspot.com/-L9OE7HLIpdg/Ur9106GwbdI/AAAAAAAAJzs/ilBHUmrVpHY/s1600/lastfm.png'/></a>
</li>
<li>
<a href='#'><img alt='We on Youtube' class='youtube' src='http://1.bp.blogspot.com/-t4BIpH1IHIQ/Ur915Nx5maI/AAAAAAAAJ04/paNLXP34B5U/s1600/youtube.png'/></a>
</li>
<li>
<a href='#'><img alt='We on Linkedin' class='linkedin' src='http://4.bp.blogspot.com/-yEWu4GisxyY/Ur911AyjSuI/AAAAAAAAJzo/VRLuvPnAgtw/s1600/linkedin.png'/></a>
</li>
<li>
<a href='#'><img alt='We on Flickr' class='flickrim' src='http://1.bp.blogspot.com/-m2mStD8LsgI/Ur91zCHKjaI/AAAAAAAAJy8/VBCFPBtL1ow/s1600/flickr.png'/></a>
</li>
</ul>

</div><!-- END CATEGORY MENU -->

<div id='footer'>
<!-- Please do not edit following code, it may cause your site to stop working! -->
<div class='alignleft' style='float:left;width:440px;margin:0;padding:0;font-size:11px;line-height:14px;text-align:left;'>Copyright &#169; <script type='text/javascript'>var creditsyear = new Date();document.write(creditsyear.getFullYear());</script> <a expr:href='data:blog.homepageUrl'><data:blog.title/></a><br/>Powered by <a href='http://www.blogger.com/'>Blogger</a></div>
<div class='alignright' style='float:right;width:440px;margin:0;padding:0;font-size:11px;line-height:14px;text-align:right;'>Design by <a href='http://www.simplewpthemes.com/' target='_blank'>SimpleWpThemes</a><br/>Blogger Theme by <a href='http://newbloggerthemes.com/' target='_blank' title='NewBloggerThemes.com'>NewBloggerThemes.com</a> | Distributed By <a href='http://gooyaabitemplates.com/' rel='dofollow' target='_blank'>Gooyaabi Templates</a></div>
</div>

</body>
</html>