<?xml version="1.0" encoding="UTF-8" ?>
<!DOCTYPE html PUBLIC "-//W3C//DTD XHTML 1.0 Transitional//EN" "http://www.w3.org/TR/xhtml1/DTD/xhtml1-transitional.dtd">
<html expr:dir='data:blog.languageDirection' xmlns='http://www.w3.org/1999/xhtml'>
<head>
<b:include data='blog' name='all-head-content'/>
<b:if cond='data:blog.pageType == &quot;index&quot;'>
<title><data:blog.pageTitle/></title>
<b:else/>
<title><data:blog.pageName/></title>
</b:if>
<meta content='Your Description Blog' name='description'/>
<meta content='Your Keyword Blog' name='keywords'/>
<meta content='index,follow' name='robots'/>
<meta content='global' name='distribution'/>

<!-- Your favicon -->
<link href='Your-favicon-URL' rel='Shortcut Icon' type='image/x-icon'/>
    <b:skin><![CDATA[/*
-----------------------------------------------
Blogger Template Style

Template By Nano Yulianto

http://nanoyulianto.blogspot.com/

This free Blogger template is licensed under the Creative Commons Attribution 3.0 License, which permits both personal and commercial use.
However, to satisfy the 'attribution' clause of the license, you are required to keep the footer links intact which provides due credit to its authors. For more specific details about the license, you may visit the URL below:
http://creativecommons.org/licenses/by/3.0/

----------------------------------------------- */
#navbar-iframe{height:0px; visibility:hidden; display:none}
body{background:#fff; margin:0; color:#333; font-family:Cursive,Comic Sans Ms; font-size:14px; text-align:left}
a:link, a:visited{color:#FFB01F; text-decoration:none}
a:hover{color:#444; text-decoration:underline}
a img{border-width:0}

#header-wrapper{background:#fff url(http://4.bp.blogspot.com/_NUTOdYaT1os/TMgmzhwJLPI/AAAAAAAABxI/Ztp3EE9qTEk/s1600/gradient-LKWNQ.png)repeat-x; width:100%; font-family:Trebuchet Ms; padding:20px 0px; margin:0 auto; overflow:hidden}
#header-inner{background-position:center; margin-left:auto; margin-right:auto}
#header-left{width:45%; color:#444; font-size:15px; float:left; margin:0; padding:20px 0 0 15px; overflow:hidden}
#header h1{margin:5px; letter-spacing:.2em}
#header a{color:#444; text-decoration:none}
#header a:hover{color:#444}
#header .description{color:#555; font-size:12px; font-style:italic; letter-spacing:.2em; margin:2px 0 5px 15px}
#header img{margin-left:auto; margin-right:auto}
#header-right{width:50%; float:right; text-align:right; margin:0; padding:10px 0; word-wrap:break-word}

.nav{width:100%; height:60px; background:#000 url(http://lh4.ggpht.com/_NUTOdYaT1os/TMgY-ibBkjI/AAAAAAAABxA/87vQuZKb6kc/s104/gradient-DL1SN.png); font:bold 14px Verdana; overflow:hidden; word-wrap:break-word}
.nav ul{list-style:none; margin:0 0 0 10px; padding:0; float:left}
.nav li{list-style:none; margin:0; padding:0}
.nav li a, .nav li a:link, .nav li a:visited{color:#FFA600; display:block; margin:0; padding:20px 23px 23px}
.nav li a:hover, .nav li a:active{background:#FFA600 url(http://lh3.ggpht.com/_NUTOdYaT1os/TMgmwxhXRjI/AAAAAAAABxE/DrZJr5Yz6fU/s104/gradient-5DJFC.png)repeat-x; color:#444; margin:0; text-decoration:none}
.nav li li a, .nav li li a:link, .nav li li a:visited{background:#333; color:#777; border-top:1px solid #111; border-bottom:1px solid #555; font-weight:bold; float:none; margin:0; padding:15px 10px; text-align:left}
.nav li li a:hover, .nav li li a:active{background:#111; color:#FFA600}
.nav li{float:left; padding:0}
.nav li ul{z-index:9999; position:absolute; left:-999em; height:auto; width:170px; margin:0; padding:0}
.nav li ul a{width:160px}
.nav li ul ul{margin:-50px 0 0 179px}
.nav li:hover ul ul, .nav li:hover ul ul ul, .nav li.sfhover ul ul, .nav li.sfhover ul ul ul{left:-999em}
.nav li:hover ul, .nav li li:hover ul, .nav li li li:hover ul, .nav li.sfhover ul, .nav li li.sfhover ul, .nav li li li.sfhover ul{left:auto}
.nav li:hover, .nav li.sfhover{position:static}

#main-wrapper{margin:30px 0px 0 10px; width:66%; float:left; display:inline;  word-wrap:break-word; overflow:hidden}
h2.date-header{margin:1.5em 0 .5em; display:none}
.post{margin:5px 0 20px 0; padding:0}
.post h3{margin:0; padding:0px 3px; font-size:33px; color:#FFC966; font-family:Eras Light ITC}
.post h3 a, .post h3 a:visited, .post h3 strong{background:url(http://lh5.ggpht.com/_NUTOdYaT1os/TMjWVJwU4zI/AAAAAAAABxs/-c1fmI8lAqA/s104/TextIt-FV3KK.png)no-repeat left; padding:10px 0 10px 50px; display:inline-block; text-decoration:none; color:#444}
.post h3 strong, .post h3 a:hover{background:url(http://lh5.ggpht.com/_NUTOdYaT1os/TMjXWToDRvI/AAAAAAAABxw/IbB2L9gsvZo/s104/TextIt-DRW7A.png)no-repeat left; color:#444}
.post-body{margin:0; padding:10px 5px}
.post-body h1, .post-body h2, .post-body h3, .post-body h4, .post-body h5, .post-body h6{margin:5px 0; padding:0; font-weight:bold}
.post-body p{margin:10px 0; padding:0}
.post-body ul{margin:5px 0 15px 30px; padding:0}
.post-body ol{margin:5px 0 15px 30px; padding:0}
.post-body li{margin:0; padding:0}
.post-body blockquote{background:#eee url(http://3.bp.blogspot.com/_NUTOdYaT1os/TMjMscnmbbI/AAAAAAAABxk/DYPljrUoVU0/s1600/TextIt-N5BAH.png)no-repeat top left; font-family:Lucida Calligraphy; font-size:13px; padding:30px 10px 30px 70px; margin:12px 20px; line-height:1.3em}
pre code{width:550px; background:#fff url(http://3.bp.blogspot.com/_NUTOdYaT1os/TMjAYefHkhI/AAAAAAAABxc/6_vwIYXD2Zw/s1600/gradient-NYMSA.png); border:2px dashed #999; display:block; margin:10px 0; padding:2px 7px; font-family:Monospace; font-size:13px; line-height:25px; overflow:hidden}
pre code:hover{border:2px solid #555; overflow:auto}
code{width:550px; background:#fff url(http://3.bp.blogspot.com/_NUTOdYaT1os/TMjAYefHkhI/AAAAAAAABxc/6_vwIYXD2Zw/s1600/gradient-NYMSA.png); border:2px dashed #999; display:block; margin:10px 0; padding:2px 7px; font-family:Monospace; font-size:13px; line-height:25px; overflow:hidden}
code:hover{border:2px solid #555; overflow:auto}
textarea{width:550px; height:130px; background:#FFEDCC; padding:2px 7px; margin:10px 0 15px; border:2px dashed #999; display:block}
.post-header{background:#eee; font-family:arial; color:#444; font-size:13px; padding:10px 5px; margin:0 5px}
.post-footer{color:#444; padding:10px 5px; margin:5px}
.post-footer-line-2{background:#eee; color:#444; padding:10px 5px; margin:0}
.post img, table.tr-caption-container{padding:4px; margin-right:10px; border:1px solid #eee}
.tr-caption-container img{border:none; padding:0}
#komentar{margin:0 10px; font-size:13px; color:#222}
h4.ak{ border-bottom:2px double #444;  color:#222;  font-size:16px;  font-weight:bold;  letter-spacing:0.1em;  line-height:1.4em;  margin:0;  padding:10px 0 0}
#comments-block{background:#fff; margin:15px 0}
#bab{overflow:hidden; margin:15px 0}
.komment-author{margin:0; padding:3px; display:inline-block; width:100%}
.komment-author ul{margin:0; padding:0; list-style:none}
#comments-block.avatar-comment-indent{margin:0}
#comments-block .avatar-image-container{position:relative; float:left; left:0; margin-right:10px}
.komment-body{margin:0 0 0 5px}
.komment-body p{margin:0 0 .75em}
.comment-link{margin-left:.6em}
h4#comment-post-message{color:#222; padding:5px 8px; margin:1em 0 0 0; line-height:1.4em}
.deleted-comment{font-style:italic; color:gray}
.feed-links{clear:both; line-height:2.5em; display:none}
.main .widget{margin:5px 0 25px 0}

#blog-pager-newer-link{float:#left}
#blog-pager-older-link{float:right}
#blog-pager{font-weight:bold; letter-spacing:.1em; font-size:12px; text-align:center; margin-top:80px; margin-left:10px; margin-right:10px; padding:5px}

.profile-img{height:100px; width:100px; float:right; margin:0 5px 0 10px; padding:5px 0}
.profile-data{margin:0; font-weight:bold; line-height:1.2em}
.profile-datablock{margin:0}
.profile-textblock{margin:5px 0; line-height:1.4em}
.profile-link{margin:15px auto}

#sidebar-wrapper{margin:23px 7px 0 0px; width:31%; float:right; color:#444; font-size:14px; display:inline;  word-wrap:break-word; overflow:hidden}
.sidebar h2{background:#eee url(http://lh4.ggpht.com/_NUTOdYaT1os/TMl3bcYFTcI/AAAAAAAAByA/W62S3erhWXo/s104/TextIt-3NAS7.png)no-repeat left; text-decoration:none; color:#444; padding:5px 5px 8px 30px; margin:0; font-size:17px; border-bottom:2px dashed #fff}
.sidebar ul{list-style:none; margin:0 0 0; padding:0 0 0}
.sidebar li{background:url(http://lh6.ggpht.com/_NUTOdYaT1os/TMl4sXxDbCI/AAAAAAAAByE/B2C0kuzUoHk/s104/TextIt-9XZU8.png)no-repeat left; border-bottom:1px solid #eee; margin:0; padding:5px 0 2px 25px; line-height:1.5em}
.sidebar li:hover{background:url(http://lh5.ggpht.com/_NUTOdYaT1os/TMl5ouj9iyI/AAAAAAAAByM/Iq3M2dvfhqc/s104/TextIt-V9I98.png)no-repeat left}
.sidebar .widget{background:#fff; margin:0px 0 5px; padding:5px 0 10px}
#navigation{width:90%; padding:5px 15px; margin:0 auto}
ul#nav2{width:auto; list-style:none; margin:0; padding:0}
ul#nav2 li{display:inline}
ul#nav2 li a, ul#nav2 li a:hover, ul#nav2 li a:visited{margin:0 2px 0 0; padding:0}
.widget-content{margin:5px; padding:3px}
.main .Blog{border-bottom-width:0}

#bawah{width:100%; background:#000; color:#aaa; border-top:8px dotted #fff; margin:0 auto; padding:0; overflow:hidden}
.kumb{width:30%; background:#222; color:#aaa; line-height:1.5em; float:left; margin:10px 8px 10px 14px}
.kumb2{width:33%; background:#222; color:#aaa; line-height:1.5em; margin:10px 0px 10px 14px; float:left}
.kumb3{width:30%; background:#222; color:#aaa; line-height:1.5em; margin:10px 14px 10px 0px; float:right}
.kumb h2, .kumb h3, .kumb2 h2, .kumb2 h3, .kumb3 h2, .kumb3 h3{background:#FFA600 url(http://lh3.ggpht.com/_NUTOdYaT1os/TM1n5RvcgmI/AAAAAAAABz0/u_fBMpUzdfs/s104/TextIt-21GUX.png)no-repeat left; text-decoration:none; color:#222; padding:5px 5px 8px 30px; margin:0; font-size:17px; border-bottom:2px dashed #222}
.kumb ul, .kumb2 ul, .kumb3 ul{list-style:none; margin:0 0 0; padding:0 0 0}
.kumb li, .kumb2 li, .kumb3 li{background:url(http://lh4.ggpht.com/_NUTOdYaT1os/TM1mnDiWcHI/AAAAAAAABzw/8vT9BC3-e0I/s104/TextIt-T1776.png)no-repeat left; margin:0; padding:5px 0 2px 25px; border-bottom:1px solid #333; border-top:1px solid #111; line-height:1.5em}
.kumb li:hover, .kumb2 li:hover, .kumb3 li:hover{background:url(http://lh6.ggpht.com/_NUTOdYaT1os/TMl4sXxDbCI/AAAAAAAAByE/B2C0kuzUoHk/s104/TextIt-9XZU8.png)no-repeat left}
.kumb li a, .kumb li a:visited, .kumb2 li a, .kumb2 li a:visited, .kumb3 li a, .kumb3 li a:visited{color:#aaa; text-decoration:none}
.kumb li a:hover, .kumb2 li a:hover, .kumb2 li a:hover{color:#FFA600}
.kumb .widget, .kumb2 .widget, .kumb3 .widget{margin:10px 0; padding:10px 0}
#credit{background:#222; margin:0; padding:5px 20px; font-size:14px; letter-spacing:1px; clear:both; color:#000; text-align:center}
#credit p{color:#aaa; margin:0; padding:0}
#credit p a{color:#FFA600; margin:0; padding:0}
]]></b:skin>
<style type='text/css'><b:if cond='data:blog.pageType == &quot;index&quot;'>
.post-footer{display:none;}
.post-body{text-align:justify;}
<b:else/></b:if>
</style>
<script src='http://code.jquery.com/jquery-1.4.4.min.js' type='text/javascript'/>
<script src='http://ajax.googleapis.com/ajax/libs/jqueryui/1.8.5/jquery-ui.min.js' type='text/javascript'/>
<script type='text/javascript'>
$(&#39;<p>Test</p>&#39;).appendTo(&#39;#credit&#39;);
</script>
<script src='http://pagenano.googlecode.com/files/ddown.js' type='text/javascript'/>
<script type='text/javascript'>var thumbnail_mode = &quot;no-float&quot; ;
summary_noimg = 350;
summary_img = 300;
img_thumb_height = 69;
img_thumb_width = 80;
</script>
<script type='text/javascript'>
//<![CDATA[
function removeHtmlTag(strx,chop){ 
if(strx.indexOf("<")!=-1)
{
var s = strx.split("<"); 
for(var i=0;i<s.length;i++){ 
if(s[i].indexOf(">")!=-1){ 
s[i] = s[i].substring(s[i].indexOf(">")+1,s[i].length); 
} 
} 
strx =  s.join(""); 
}
chop = (chop < strx.length-1) ? chop : strx.length-2; 
while(strx.charAt(chop-1)!=' ' && strx.indexOf(' ',chop)!=-1) chop++; 
strx = strx.substring(0,chop-1); 
return strx+'...'; }
function changeStyle(){document.getElementById("more")
.href="http://nanoyulianto.blogspot.com/"}
function createSummaryAndThumb(pID){
var div = document.getElementById(pID);
var imgtag = "";
var img = div.getElementsByTagName("img");
var summ = summary_noimg;
if(img.length>=1) {	
imgtag = '<span style="float:left; padding:0px; margin-right:7px; background-color: #fff;"><img src="'+img[0].src+'" width="'+img_thumb_width+'px" height="'+img_thumb_height+'px"/></span>';
summ = summary_img;
}
var summary = imgtag + '<div>' + removeHtmlTag(div.innerHTML,summ) + '</div>';
div.innerHTML = summary;
}
//]]>
</script>
<script type='text/javascript'>$(&#39;#more&#39;).attr({href: &#39;http://nanoyulianto.blogspot.com/&#39;title: &#39;Blog Nano Yulianto&#39;});</script>
<script type='text/javascript'>
function mainmenu(){
$(&quot; .nav ul &quot;).css({display: &quot;inline&quot;}); // Opera Fix
$(&quot; .nav li&quot;).hover(function(){
$(this).find(&#39;ul:first&#39;).css({visibility: &quot;visible&quot;,display: &quot;none&quot;}).show(&quot;blind&quot;, {}, 400);
},function(){
$(this).find(&#39;ul:first&#39;).css({visibility: &quot;visible&quot;}).hide(&quot;clip&quot;, {}, 300);
});
}
$(document).ready(function(){    
mainmenu();
});
</script>
<script type='text/javascript'>
$(document).ready(function() {
$(&#39;&#39;).hover(function() { //mouse in
$(this).animate({ paddingTop: &#39;20px&#39;, paddingBottom: &#39;20px&#39; } , 600);
}, function() { //mouse out
$(this).animate({ paddingTop: &#39;0&#39;, paddingBottom: &#39;0&#39; }, 800);
});
});
</script>
</head>
<body>

<div id='header-wrapper'>
<div id='header-left'>
<b:section class='header' id='header' maxwidgets='1' showaddelement='no'>
<b:widget id='Header1' locked='true' title='Pernak-Pernik (Header)' type='Header'>
<b:includable id='main'>

  <b:if cond='data:useImage'>
    <b:if cond='data:imagePlacement == &quot;BEHIND&quot;'>
      <!--
      Show image as background to text. You can't really calculate the width
      reliably in JS because margins are not taken into account by any of
      clientWidth, offsetWidth or scrollWidth, so we don't force a minimum
      width if the user is using shrink to fit.
      This results in a margin-width's worth of pixels being cropped. If the
      user is not using shrink to fit then we expand the header.
      -->
      <b:if cond='data:mobile'>
          <div id='header-inner'>
            <div class='titlewrapper' style='background: transparent'>
              <h1 class='title' style='background: transparent; border-width: 0px'>
                <b:include name='title'/>
              </h1>
            </div>
            <b:include name='description'/>
          </div>
        <b:else/>
          <div expr:style='&quot;background-image: url(\&quot;&quot; + data:sourceUrl + &quot;\&quot;); &quot;                        + &quot;background-position: &quot;                        + data:backgroundPositionStyleStr + &quot;; &quot;                        + data:widthStyleStr                        + &quot;min-height: &quot; + data:height                        + &quot;_height: &quot; + data:height                        + &quot;background-repeat: no-repeat; &quot;' id='header-inner'>
            <div class='titlewrapper' style='background: transparent'>
              <h1 class='title' style='background: transparent; border-width: 0px'>
                <b:include name='title'/>
              </h1>
            </div>
            <b:include name='description'/>
          </div>
        </b:if>
    <b:else/>
      <!--Show the image only-->
      <div id='header-inner'>
        <a expr:href='data:blog.homepageUrl' style='display: block'>
          <img expr:alt='data:title' expr:height='data:height' expr:id='data:widget.instanceId + &quot;_headerimg&quot;' expr:src='data:sourceUrl' expr:width='data:width' style='display: block'/>
        </a>
        <!--Show the description-->
        <b:if cond='data:imagePlacement == &quot;BEFORE_DESCRIPTION&quot;'>
          <b:include name='description'/>
        </b:if>
      </div>
    </b:if>
  <b:else/>
    <!--No header image -->
    <div id='header-inner'>
      <div class='titlewrapper'>
        <h1 class='title'>
          <b:include name='title'/>
        </h1>
      </div>
      <b:include name='description'/>
    </div>
  </b:if>
</b:includable>
<b:includable id='title'>
  <b:if cond='data:blog.url == data:blog.homepageUrl'>
    <data:title/>
  <b:else/>
    <a expr:href='data:blog.homepageUrl'><data:title/></a>
  </b:if>
</b:includable>
<b:includable id='description'>
  <div class='descriptionwrapper'>
    <p class='description'><span><data:description/></span></p>
  </div>
</b:includable>
</b:widget>
</b:section>
</div>

<div id='header-right'>
<b:section class='hr' id='hr' maxwidgets='1' preferred='no'>
<b:widget id='HTML1' locked='true' title='' type='HTML'>
<b:includable id='main'>
  <!-- only display title if it's non-empty -->
  <b:if cond='data:title != &quot;&quot;'>
    <h2 class='title'><data:title/></h2>
  </b:if>
  <div class='widget-content'>
    <data:content/>
  </div>

  <b:include name='quickedit'/>
</b:includable>
</b:widget>
</b:section>
</div>

</div>
<div class='nav'>
<ul>
<li><a href='/'>Home</a></li>
<li><a href='#'>Item 2</a></li>
<li><a href='#'>Folder 1</a>
  <ul>
  <li><a href='#'>Sub Item 1.1</a></li>
  <li><a href='#'>Sub Item 1.2</a></li>
  <li><a href='#'>Sub Item 1.3</a></li>
  <li><a href='#'>Sub Item 1.4</a></li>
  </ul>
</li>
<li><a href='#'>Item 3</a></li>
<li><a href='#'>Folder 2</a>
  <ul>
  <li><a href='#'>Sub Item 2.1</a></li>
  <li><a href='#'>Folder 2.1</a>
    <ul>
    <li><a href='#'>Sub Item 2.1.1</a></li>
    <li><a href='#'>Sub Item 2.1.2</a></li>
    <li><a href='#'>Folder 3.1.1</a>
		<ul>
    		<li><a href='#'>Sub Item 3.1.1.1</a></li>
    		<li><a href='#'>Sub Item 3.1.1.2</a></li>
    		<li><a href='#'>Sub Item 3.1.1.3</a></li>
    		<li><a href='#'>Sub Item 3.1.1.4</a></li>
    		<li><a href='#'>Sub Item 3.1.1.5</a></li>
		</ul>
    </li>
    </ul>
  </li>
  </ul>
</li>
<li><a href='/'>Item 4</a></li>
</ul>
<br style='clear: left'/>
</div>
      <div id='main-wrapper'>
        <b:section class='main' id='main' showaddelement='no'>
<b:widget id='Blog1' locked='true' title='Blog Posts' type='Blog'>
<b:includable id='nextprev'>
  <div class='blog-pager' id='blog-pager'>
    <b:if cond='data:newerPageUrl'>
      <span id='blog-pager-newer-link'>
      <a class='blog-pager-newer-link' expr:href='data:newerPageUrl' expr:id='data:widget.instanceId + &quot;_blog-pager-newer-link&quot;' expr:title='data:newerPageTitle'><img src='http://lh4.ggpht.com/_NUTOdYaT1os/TMmB9u4EJlI/AAAAAAAAByU/0Z8N7Wk2dPk/s104/TextIt-1HV1B.png'/></a>
      </span>
    </b:if>

    <b:if cond='data:olderPageUrl'>
      <span id='blog-pager-older-link'>
      <a class='blog-pager-older-link' expr:href='data:olderPageUrl' expr:id='data:widget.instanceId + &quot;_blog-pager-older-link&quot;' expr:title='data:olderPageTitle'><img src='http://lh5.ggpht.com/_NUTOdYaT1os/TMmCAsXRRhI/AAAAAAAAByY/aQ95DLKqtio/s104/TextIt-D8G19.png'/></a>
      </span>
    </b:if>

    <a class='home-link' expr:href='data:blog.homepageUrl'><img src='http://lh6.ggpht.com/_NUTOdYaT1os/TMmBD_IB9hI/AAAAAAAAByQ/ldn0lgg927M/s104/TextIt-9C1RP.png'/></a>

  </div>
  <div class='clear'/>
</b:includable>
<b:includable id='shareButtons' var='post'>
  <a class='share-button sb-email' expr:href='data:post.sharePostUrl + &quot;&amp;target=email&quot;' expr:title='data:top.emailThisMsg' target='_blank'>
    <span class='share-button-link-text'><data:top.emailThisMsg/></span></a>
  <a class='share-button sb-blog' expr:href='data:post.sharePostUrl + &quot;&amp;target=blog&quot;' expr:onclick='&quot;window.open(this.href, \&quot;_blank\&quot;, \&quot;height=270,width=475\&quot;); return false;&quot;' expr:title='data:top.blogThisMsg' target='_blank'>
    <span class='share-button-link-text'><data:top.blogThisMsg/></span></a>
  <a class='share-button sb-twitter' expr:href='data:post.sharePostUrl + &quot;&amp;target=twitter&quot;' expr:title='data:top.shareToTwitterMsg' target='_blank'>
    <span class='share-button-link-text'><data:top.shareToTwitterMsg/></span></a>
  <a class='share-button sb-facebook' expr:href='data:post.sharePostUrl + &quot;&amp;target=facebook&quot;' expr:onclick='&quot;window.open(this.href, \&quot;_blank\&quot;, \&quot;height=430,width=640\&quot;); return false;&quot;' expr:title='data:top.shareToFacebookMsg' target='_blank'>
    <span class='share-button-link-text'><data:top.shareToFacebookMsg/></span></a>
  <a class='share-button sb-buzz' expr:href='data:post.sharePostUrl + &quot;&amp;target=buzz&quot;' expr:onclick='&quot;window.open(this.href, \&quot;_blank\&quot;, \&quot;height=415,width=690\&quot;); return false;&quot;' expr:title='data:top.shareToBuzzMsg' target='_blank'>
    <span class='share-button-link-text'><data:top.shareToBuzzMsg/></span></a>
</b:includable>
<b:includable id='backlinks' var='post'>
  <a name='links'/><h4><data:post.backlinksLabel/></h4>
  <b:if cond='data:post.numBacklinks != 0'>
    <dl class='comments-block' id='comments-block'>
      <b:loop values='data:post.backlinks' var='backlink'>
        <div class='collapsed-backlink backlink-control'>
          <dt class='comment-title'>
            <span class='backlink-toggle-zippy'>&#160;</span>
            <a expr:href='data:backlink.url' rel='nofollow'><data:backlink.title/></a>
            <b:include data='backlink' name='backlinkDeleteIcon'/>
          </dt>
          <dd class='comment-body collapseable'>
            <data:backlink.snippet/>
          </dd>
          <dd class='comment-footer collapseable'>
            <span class='comment-author'><data:post.authorLabel/> <data:backlink.author/></span>
            <span class='comment-timestamp'><data:post.timestampLabel/> <data:backlink.timestamp/></span>
          </dd>
        </div>
      </b:loop>
    </dl>
  </b:if>
  <p class='comment-footer'>
    <a class='comment-link' expr:href='data:post.createLinkUrl' expr:id='data:widget.instanceId + &quot;_backlinks-create-link&quot;' target='_blank'><data:post.createLinkLabel/></a>
  </p>
</b:includable>
<b:includable id='post' var='post'>
  <div class='post hentry'>
    <a expr:name='data:post.id'/>
    <b:if cond='data:post.title'>
      <h3 class='post-title entry-title'>
     <b:if cond='data:post.link'>
       <a expr:href='data:post.link'><data:post.title/></a>
     <b:else/>
        <b:if cond='data:post.url'>
          <a expr:href='data:post.url'><data:post.title/></a>
        <b:else/>
          <data:post.title/>
        </b:if>
     </b:if>
      </h3>
    </b:if>

    <div class='post-header'>
    <div class='post-header-line-1'>
<span class='post-author vcard' style='background:url(http://lh6.ggpht.com/_NUTOdYaT1os/TMmEZcjzA4I/AAAAAAAAByc/BRx4T4e0Ne0/s104/TextIt-4XVT6.png)no-repeat left;padding-left:20px;margin-right:15px;'>
        <b:if cond='data:top.showAuthor'>
          <span class='fn'><data:post.author/></span>
        </b:if>
      </span> <span class='post-timestamp' style='background:url(http://lh5.ggpht.com/_NUTOdYaT1os/TMmGRqABl-I/AAAAAAAAByg/C7A_s1I4wsU/s104/TextIt-YESFB.png)no-repeat left;padding-left:20px;margin-right:15px;'>
        <b:if cond='data:top.showTimestamp'>
        <b:if cond='data:post.url'>
          <a class='timestamp-link' expr:href='data:post.url' rel='bookmark' style='color:#444;font-family:arial;' title='permanent link'><abbr class='published' expr:title='data:post.timestampISO8601'><data:post.timestamp/></abbr></a>
        </b:if>
        </b:if>
      </span><b:if cond='data:blog.pageType == &quot;index&quot;'>
<span class='post-comment-link' style='background:url(http://lh5.ggpht.com/_NUTOdYaT1os/TMoLK--TP0I/AAAAAAAABys/r1MP06_QOEU/s104/comment.png)no-repeat left;padding-left:17px;margin-right:15px;'>
        <b:if cond='data:blog.pageType != &quot;item&quot;'>
          <b:if cond='data:blog.pageType != &quot;static_page&quot;'>
            <b:if cond='data:post.allowComments'>
              <a class='comment-link' expr:href='data:post.addCommentUrl' expr:onclick='data:post.addCommentOnclick' style='color:#444;'><b:if cond='data:post.numComments == 1'>1 <data:top.commentLabel/><b:else/><data:post.numComments/> <data:top.commentLabelPlural/></b:if></a>
            </b:if>
          </b:if>
        </b:if>
      </span><span style='float:right;'><a expr:href='data:post.url' expr:title='data:post.title' style='color:#333;'>Read More &#8594;</a></span><b:else/></b:if>
    </div>
    </div>

<div class='post-body entry-content'>
<b:if cond='data:blog.pageType != &quot;item&quot;'>
<div expr:id='&quot;summary&quot; + data:post.id'><data:post.body/></div>
<script type='text/javascript'>createSummaryAndThumb(&quot;summary<data:post.id/>&quot;);</script>

<b:else/>
<data:post.body/>
</b:if>
<div style='clear: both;'/> <!-- clear for photos floats -->
</div>

    <b:if cond='data:post.hasJumpLink'>
      <div class='jump-link'>

      </div>
    </b:if>

    <div class='post-footer'>
    <div class='post-footer-line post-footer-line-1'><div class='post-share-buttons'>
        <b:if cond='data:post.sharePostUrl'>
          <b:include data='post' name='shareButtons'/>
        </b:if>
      </div><span class='post-icons'>
        <!-- email post links -->
        <b:if cond='data:post.emailPostUrl'>
          <span class='item-action'>
          <a expr:href='data:post.emailPostUrl' expr:title='data:top.emailPostMsg'>
              <img alt='' class='icon-action' height='13' src='http://img1.blogblog.com/img/icon18_email.gif' width='18'/>
          </a>
          </span>
        </b:if>

        <!-- quickedit pencil -->
        <b:include data='post' name='postQuickEdit'/>
      </span></div>

      <div class='post-footer-line post-footer-line-2' style='margin-top:20px;'><span class='post-labels'>
        <b:if cond='data:post.labels'>
          <data:postLabelsLabel/>
          <b:loop values='data:post.labels' var='label'>
            <a expr:href='data:label.url' rel='tag'><data:label.name/></a><b:if cond='data:label.isLast != &quot;true&quot;'>,</b:if>
          </b:loop>
        </b:if>
      </span> </div>

      <div class='post-footer-line post-footer-line-3'>
<span class='post-location'>
        <b:if cond='data:top.showLocation'>
          <b:if cond='data:post.location'>
            <data:postLocationLabel/>
            <a expr:href='data:post.location.mapsUrl' target='_blank'><data:post.location.name/></a>
          </b:if>
        </b:if>
      </span> </div>
    </div>
  </div>
</b:includable>
<b:includable id='status-message'>
  <b:if cond='data:navMessage'>
  <div class='status-msg-wrap'>
    <div class='status-msg-body'>
      <data:navMessage/>
    </div>
    <div class='status-msg-border'>
      <div class='status-msg-bg'>
        <div class='status-msg-hidden'><data:navMessage/></div>
      </div>
    </div>
  </div>
  <div style='clear: both;'/>
  </b:if>
</b:includable>
<b:includable id='comment-form' var='post'>
  <div class='comment-form'>
    <a name='comment-form'/>
    <b:if cond='data:mobile'>
      <h4 id='comment-post-message'>
        <a expr:id='data:widget.instanceId + &quot;_comment-editor-toggle-link&quot;' href='javascript:void(0)'><data:postCommentMsg/></a></h4>
      <p><data:blogCommentMessage/></p>
      <data:blogTeamBlogMessage/>
      <a expr:href='data:post.commentFormIframeSrc' id='comment-editor-src'/>
      <iframe allowtransparency='true' class='blogger-iframe-colorize blogger-comment-from-post' frameborder='0' height='410' id='comment-editor' name='comment-editor' src='' style='display: none' width='100%'/>
    <b:else/>
      <h4 id='comment-post-message'><data:postCommentMsg/></h4>
      <p><data:blogCommentMessage/></p>
      <data:blogTeamBlogMessage/>
      <a expr:href='data:post.commentFormIframeSrc' id='comment-editor-src'/>
      <iframe allowtransparency='true' class='blogger-iframe-colorize blogger-comment-from-post' frameborder='0' height='410' id='comment-editor' name='comment-editor' src='' width='100%'/>
    </b:if>
    <data:post.friendConnectJs/>
    <data:post.cmtfpIframe/>
    <b:if cond='data:showCmtPopup'>
      <div id='comment-popup' style='width:100px;height:20px;'>
        <iframe allowtransparency='true' frameborder='0' id='comment-actions' name='comment-actions' scrolling='no'>
        </iframe>
      </div>
    </b:if>
    <script type='text/javascript'>
      BLOG_CMT_createIframe(&#39;<data:post.appRpcRelayPath/>&#39;, &#39;<data:post.communityId/>&#39;);
    </script>
  </div>
</b:includable>
<b:includable id='backlinkDeleteIcon' var='backlink'>
  <span expr:class='&quot;item-control &quot; + data:backlink.adminClass'>
    <a expr:href='data:backlink.deleteUrl' expr:title='data:top.deleteBacklinkMsg'>
      <img src='//www.blogger.com/img/icon_delete13.gif'/>
    </a>
  </span>
</b:includable>
<b:includable id='mobile-nextprev'>
  <div class='blog-pager' id='blog-pager'>
    <b:if cond='data:newerPageUrl'>
      <div class='mobile-link-button' id='blog-pager-newer-link'>
      <a class='blog-pager-newer-link' expr:href='data:newerPageUrl' expr:id='data:widget.instanceId + &quot;_blog-pager-newer-link&quot;' expr:title='data:newerPageTitle'><data:newerPageTitle/></a>
      </div>
    </b:if>

    <b:if cond='data:olderPageUrl'>
      <div class='mobile-link-button' id='blog-pager-older-link'>
      <a class='blog-pager-older-link' expr:href='data:olderPageUrl' expr:id='data:widget.instanceId + &quot;_blog-pager-older-link&quot;' expr:title='data:olderPageTitle'><data:olderPageTitle/></a>
      </div>
    </b:if>

    <div class='mobile-link-button' id='blog-pager-home-link'>
    <a class='home-link' expr:href='data:blog.homepageUrl'><data:homeMsg/></a>
    </div>

    <div class='mobile-desktop-link'>
      <a class='home-link' expr:href='data:desktopLinkUrl'><data:desktopLinkMsg/></a>
    </div>

  </div>
  <div class='clear'/>
</b:includable>
<b:includable id='postQuickEdit' var='post'>
  <b:if cond='data:post.editUrl'>
    <span expr:class='&quot;item-control &quot; + data:post.adminClass'>
      <a expr:href='data:post.editUrl' expr:title='data:top.editPostMsg'>
        <img alt='' class='icon-action' height='18' src='http://img2.blogblog.com/img/icon18_edit_allbkg.gif' width='18'/>
      </a>
    </span>
  </b:if>
</b:includable>
<b:includable id='main' var='top'>

  <b:if cond='data:top.showDummy'>
    <script expr:src='data:top.dummyUrl'/>
  </b:if>

  <b:if cond='data:mobileindex'>
    <!-- mobile index -->
    <div class='blog-posts hfeed'>
      <b:loop values='data:posts' var='post'>
        <b:if cond='data:post.isFirstPost == &quot;false&quot;'>
          &lt;/div&gt;
        </b:if>
        &lt;div class=&quot;mobile-date-outer date-outer&quot;&gt;
        <div expr:onclick='data:post.indexOnclick'>
          <b:include data='post' name='mobile-index-post'/>
        </div>
        <b:if cond='data:post.trackLatency'>
          <data:post.latencyJs/>
        </b:if>
      </b:loop>
      <b:if cond='data:numPosts != 0'>
        &lt;/div&gt;
      </b:if>
    </div>
  <b:else/>

    <!-- posts -->
    <div class='blog-posts hfeed'>

      <b:include data='top' name='status-message'/>

      <data:defaultAdStart/>
      <b:loop values='data:posts' var='post'>
        <b:if cond='data:post.isDateStart'>
          <b:if cond='data:post.isFirstPost == &quot;false&quot;'>
            &lt;/div&gt;&lt;/div&gt;
          </b:if>
        </b:if>
        <b:if cond='data:post.isDateStart'>
          &lt;div class=&quot;date-outer&quot;&gt;
        </b:if>
        <b:if cond='data:post.dateHeader'>
          <h2 class='date-header'><span><data:post.dateHeader/></span></h2>
        </b:if>
        <b:if cond='data:post.isDateStart'>
          &lt;div class=&quot;date-posts&quot;&gt;
        </b:if>
        <div class='post-outer'>
        <b:include data='post' name='post'/>
        <b:if cond='data:blog.pageType == &quot;static_page&quot;'>
          <b:include data='post' name='comments'/>
        </b:if>
        <b:if cond='data:blog.pageType == &quot;item&quot;'>
          <b:include data='post' name='comments'/>
        </b:if>
        </div>
        <b:if cond='data:post.includeAd'>
          <b:if cond='data:post.isFirstPost'>
            <data:defaultAdEnd/>
          <b:else/>
            <data:adEnd/>
          </b:if>
          <b:if cond='data:mobile == &quot;false&quot;'>
            <div class='inline-ad'>
              <data:adCode/>
            </div>
          </b:if>
          <data:adStart/>
        </b:if>
        <b:if cond='data:post.trackLatency'>
          <data:post.latencyJs/>
        </b:if>
      </b:loop>
      <b:if cond='data:numPosts != 0'>
        &lt;/div&gt;&lt;/div&gt;
      </b:if>
      <data:adEnd/>
    </div>
  </b:if>

  <!-- navigation -->
  <b:if cond='data:mobile'>
    <b:include name='mobile-nextprev'/>
  <b:else/>
    <b:include name='nextprev'/>

    <!-- feed links -->
    <b:include name='feedLinks'/>
  </b:if>

  <b:if cond='data:top.showStars'>
    <script src='//www.google.com/jsapi' type='text/javascript'/>
    <script type='text/javascript'>
      google.load(&quot;annotations&quot;, &quot;1&quot;, {&quot;locale&quot;: &quot;<data:top.languageCode/>&quot;});
      function initialize() {
        google.annotations.setApplicationId(<data:top.blogspotReviews/>);
        google.annotations.createAll();
        google.annotations.fetch();
      }
      google.setOnLoadCallback(initialize);
    </script>
  </b:if>
</b:includable>
<b:includable id='commentDeleteIcon' var='comment'>
  <span expr:class='&quot;item-control &quot; + data:comment.adminClass'>
    <b:if cond='data:showCmtPopup'>
      <div class='goog-toggle-button'>
        <div class='goog-inline-block comment-action-icon'/>
      </div>
    <b:else/>
      <a class='comment-delete' expr:href='data:comment.deleteUrl' expr:title='data:top.deleteCommentMsg'>
        <img src='//www.blogger.com/img/icon_delete13.gif'/>
      </a>
    </b:if>
  </span>
</b:includable>
<b:includable id='feedLinks'>
  <b:if cond='data:blog.pageType != &quot;item&quot;'> <!-- Blog feed links -->
    <b:if cond='data:feedLinks'>
      <div class='blog-feeds'>
        <b:include data='feedLinks' name='feedLinksBody'/>
      </div>
    </b:if>

    <b:else/> <!--Post feed links -->
    <div class='post-feeds'>
      <b:loop values='data:posts' var='post'>
        <b:if cond='data:post.allowComments'>
          <b:if cond='data:post.feedLinks'>
            <b:include data='post.feedLinks' name='feedLinksBody'/>
          </b:if>
        </b:if>
      </b:loop>
    </div>
  </b:if>
</b:includable>
<b:includable id='mobile-index-post' var='post'>
  <b:if cond='data:post.dateHeader'>
    <div class='mobile-index-date'>
      <div class='date-header'>
        <span><data:post.dateHeader/></span>
      </div>
    </div>
  </b:if>

  <div class='mobile-post-outer'>
    <div class='mobile-index-title-outer'>
      <h3 class='mobile-index-title entry-title'>
        <a href='javascript:void(0)'><data:post.title/></a>
      </h3>
    </div>

    <div>
      <div class='mobile-index-arrow'>
        <a href='javascript:void(0)'>&amp;rsaquo;</a>
      </div>

      <div class='mobile-post-contents'>
        <b:if cond='data:post.thumbnailUrl'>
          <div class='mobile-index-thumbnail'>
            <div class='Image'>
              <img expr:src='data:post.thumbnailUrl'/>
            </div>
          </div>
        </b:if>

        <div class='post-body'>
          <b:if cond='data:post.snippet'><data:post.snippet/></b:if>
        </div>
      </div>
      <div style='clear: both;'/>
    </div>

    <div class='mobile-index-comment'>
      <b:if cond='data:blog.pageType != &quot;item&quot;'>
        <b:if cond='data:blog.pageType != &quot;static_page&quot;'>
          <b:if cond='data:post.allowComments'>
            <b:if cond='data:post.numComments != 0'>
              <a class='comment-link' expr:href='data:post.addCommentUrl' expr:onclick='data:post.addCommentOnclick'><b:if cond='data:post.numComments == 1'>1 <data:top.commentLabel/><b:else/><data:post.numComments/> <data:top.commentLabelPlural/></b:if></a>
            </b:if>
          </b:if>
        </b:if>
      </b:if>
    </div>
  </div>
</b:includable>
<b:includable id='feedLinksBody' var='links'>
  <div class='feed-links'>
  <data:feedLinksMsg/>
  <b:loop values='data:links' var='f'>
     <a class='feed-link' expr:href='data:f.url' expr:type='data:f.mimeType' target='_blank'><data:f.name/> (<data:f.feedType/>)</a>
  </b:loop>
  </div>
</b:includable>
<b:includable id='comments' var='post'>
  <div class='comments' id='komentar'>
    <a name='comments'/>
    <b:if cond='data:post.allowComments'>
      <h4 class='ak'>
        <b:if cond='data:post.numComments == 1'>
          1 <data:commentLabel/>:
        <b:else/>
          <data:post.numComments/> <data:commentLabelPlural/>:
        </b:if>
      </h4>

      <b:if cond='data:post.commentPagingRequired'>
        <span class='paging-control-container'>
          <a expr:class='data:post.oldLinkClass' expr:href='data:post.oldestLinkUrl'><data:post.oldestLinkText/></a>
          &#160;
          <a expr:class='data:post.oldLinkClass' expr:href='data:post.olderLinkUrl'><data:post.olderLinkText/></a>
          &#160;
          <data:post.commentRangeText/>
          &#160;
          <a expr:class='data:post.newLinkClass' expr:href='data:post.newerLinkUrl'><data:post.newerLinkText/></a>
          &#160;
          <a expr:class='data:post.newLinkClass' expr:href='data:post.newestLinkUrl'><data:post.newestLinkText/></a>
        </span>
      </b:if>

      <div expr:id='data:widget.instanceId + &quot;_comments-block-wrapper&quot;'>
        <div expr:class='data:post.avatarIndentClass' id='comments-block'>
          <b:loop values='data:post.comments' var='comment'>
          <div id='bab'>
<div expr:class='&quot;komment-author &quot; + data:comment.authorClass' expr:id='data:comment.anchorName'>
<ul>
<li style='font-size:16px;'><b:if cond='data:comment.authorUrl'>
      <a expr:href='data:comment.authorUrl' rel='nofollow'><data:comment.author/></a>
    <b:else/>
      <data:comment.author/>
    </b:if>
</li>
<li style='background:#eee;padding:5px 3px;display:block;'><a expr:href='data:comment.url' style='font-size:12px;color:#666;' title='comment permalink'><data:comment.timestamp/></a>
  <b:include data='comment' name='commentDeleteIcon'/></li>
</ul>
</div>

<div class='komment-body' expr:id='data:widget.instanceId + data:comment.cmtBodyIdPostfix'>
  <b:if cond='data:comment.isDeleted'>
    <span class='deleted-comment'><data:comment.body/></span>
  <b:else/>
    <p><data:comment.body/></p>
  </b:if>
</div>

</div>
</b:loop>
</div>
</div>

      <b:if cond='data:post.commentPagingRequired'>
        <span class='paging-control-container'>
          <a expr:class='data:post.oldLinkClass' expr:href='data:post.oldestLinkUrl'>
            <data:post.oldestLinkText/>
          </a>
          <a expr:class='data:post.oldLinkClass' expr:href='data:post.olderLinkUrl'>
            <data:post.olderLinkText/>
          </a>
          &#160;
          <data:post.commentRangeText/>
          &#160;
          <a expr:class='data:post.newLinkClass' expr:href='data:post.newerLinkUrl'>
            <data:post.newerLinkText/>
          </a>
          <a expr:class='data:post.newLinkClass' expr:href='data:post.newestLinkUrl'>
            <data:post.newestLinkText/>
          </a>
        </span>
      </b:if>

      <p class='comment-footer'>
        <b:if cond='data:post.embedCommentForm'>
          <b:if cond='data:post.allowNewComments'>
            <b:include data='post' name='comment-form'/>
          <b:else/>
            <data:post.noNewCommentsText/>
          </b:if>
        <b:else/>
          <b:if cond='data:post.allowComments'>
            <a expr:href='data:post.addCommentUrl' expr:onclick='data:post.addCommentOnclick'><data:postCommentMsg/></a>
          </b:if>
        </b:if>

      </p>
    </b:if>

    <div id='backlinks-container'>
    <div expr:id='data:widget.instanceId + &quot;_backlinks-container&quot;'>
       <b:if cond='data:post.showBacklinks'>
         <b:include data='post' name='backlinks'/>
       </b:if>
    </div>
    </div>
  </div>
</b:includable>
</b:widget>
</b:section>
      </div>

      <div id='sidebar-wrapper'>
      <div id='sidebar-right'>
<div id='navigation'>
    <ul id='nav2'>
      <li><a href='http://www.facebook.com/your-link'><img alt='Facebook' src='http://lh6.ggpht.com/_NUTOdYaT1os/TMoYFtUl-EI/AAAAAAAAByw/10CIeG_e6aA/s104/fb+N2y.png'/></a></li>
      <li><a href='http://www.twitter.com/your-link'><img alt='Twitter' src='http://lh6.ggpht.com/_NUTOdYaT1os/TMoYKpJxanI/AAAAAAAABy4/JR-jsSXg7b0/s104/TextIt-KZYAB.png'/></a></li>
      <li><a href='http:/feeds/posts/default'><img alt='RSS' src='http://lh3.ggpht.com/_NUTOdYaT1os/TMoYOmvSNoI/AAAAAAAABzA/vdMbIxoD-4Q/s104/TextIt-J88PE.png'/></a></li>
     <li><a href=''><img alt='Subcribe Email' src='http://lh6.ggpht.com/_NUTOdYaT1os/TMox_CgjkEI/AAAAAAAABzM/faqMVuoEYkM/s104/TextIt-6X4SS.png'/></a></li>
     <li><a href='/' id='searchlink' rel='subcontent'><img alt='Search' src='http://lh6.ggpht.com/_NUTOdYaT1os/TMov5CAzalI/AAAAAAAABzI/1S1ivXoD4PA/s104/TextIt-IBT96.png'/></a>
<DIV id='subcontent' style='position:absolute; visibility: hidden; border:3px solid orange; background:#eee; width:300px; padding:5px;'>
<form action='/search' id='topform' method='get' name='searchform'>
<input alt='Search' id='topsearchbox' maxlength='255' name='q' style='width: 210px' type='text'/> 
<input class='topformbutton' type='submit' value='Search'/>
</form>

</DIV>
<script type='text/javascript'>
//Call dropdowncontent.init(&quot;anchorID&quot;, &quot;positionString&quot;, glideduration, &quot;revealBehavior&quot;) at the end of the page:

dropdowncontent.init(&quot;searchlink&quot;, &quot;left-bottom&quot;, 500, &quot;click&quot;)
</script>
</li>
    </ul>
</div>


        <b:section class='sidebar' id='sidebar' preferred='yes'>
<b:widget id='Label1' locked='false' title='Labels' type='Label'>
<b:includable id='main'>
  <b:if cond='data:title'>
    <h2><data:title/></h2>
  </b:if>
  <div expr:class='&quot;widget-content &quot; + data:display + &quot;-label-widget-content&quot;'>
    <b:if cond='data:display == &quot;list&quot;'>
      <ul>
      <b:loop values='data:labels' var='label'>
        <li>
          <b:if cond='data:blog.url == data:label.url'>
            <span expr:dir='data:blog.languageDirection'><data:label.name/></span>
          <b:else/>
            <a expr:dir='data:blog.languageDirection' expr:href='data:label.url'><data:label.name/></a>
          </b:if>
          <b:if cond='data:showFreqNumbers'>
            <span dir='ltr'>(<data:label.count/>)</span>
          </b:if>
        </li>
      </b:loop>
      </ul>
    <b:else/>
      <b:loop values='data:labels' var='label'>
        <span expr:class='&quot;label-size label-size-&quot; + data:label.cssSize'>
          <b:if cond='data:blog.url == data:label.url'>
            <span expr:dir='data:blog.languageDirection'><data:label.name/></span>
          <b:else/>
            <a expr:dir='data:blog.languageDirection' expr:href='data:label.url'><data:label.name/></a>
          </b:if>
          <b:if cond='data:showFreqNumbers'>
            <span class='label-count' dir='ltr'>(<data:label.count/>)</span>
          </b:if>
        </span>
      </b:loop>
    </b:if>
    <b:include name='quickedit'/>
  </div>
</b:includable>
</b:widget>
<b:widget id='BlogArchive1' locked='false' title='Blog Archive' type='BlogArchive'>
<b:includable id='main'>
  <b:if cond='data:title'>
    <h2><data:title/></h2>
  </b:if>
  <div class='widget-content'>
  <div id='ArchiveList'>
  <div expr:id='data:widget.instanceId + &quot;_ArchiveList&quot;'>
    <b:if cond='data:style == &quot;HIERARCHY&quot;'>
     <b:include data='data' name='interval'/>
    </b:if>
    <b:if cond='data:style == &quot;FLAT&quot;'>
      <b:include data='data' name='flat'/>
    </b:if>
    <b:if cond='data:style == &quot;MENU&quot;'>
      <b:include data='data' name='menu'/>
    </b:if>
  </div>
  </div>
  <b:include name='quickedit'/>
  </div>
</b:includable>
<b:includable id='flat' var='data'>
  <ul class='flat'>
    <b:loop values='data:data' var='i'>
      <li class='archivedate'>
        <a expr:href='data:i.url'><data:i.name/></a> (<data:i.post-count/>)
      </li>
    </b:loop>
  </ul>
</b:includable>
<b:includable id='menu' var='data'>
  <select expr:id='data:widget.instanceId + &quot;_ArchiveMenu&quot;'>
    <option value=''><data:title/></option>
    <b:loop values='data:data' var='i'>
      <option expr:value='data:i.url'><data:i.name/> (<data:i.post-count/>)</option>
    </b:loop>
  </select>
</b:includable>
<b:includable id='interval' var='intervalData'>
  <b:loop values='data:intervalData' var='i'>
      <ul class='hierarchy'>
        <li expr:class='&quot;archivedate &quot; + data:i.expclass'>
          <b:include data='i' name='toggle'/>
          <a class='post-count-link' expr:href='data:i.url'><data:i.name/></a>
            <span class='post-count' dir='ltr'>(<data:i.post-count/>)</span>
          <b:if cond='data:i.data'>
            <b:include data='i.data' name='interval'/>
          </b:if>
          <b:if cond='data:i.posts'>
            <b:include data='i.posts' name='posts'/>
          </b:if>
        </li>
      </ul>
  </b:loop>
</b:includable>
<b:includable id='toggle' var='interval'>
  <b:if cond='data:interval.toggleId'>
  <b:if cond='data:interval.expclass == &quot;expanded&quot;'>
    <a class='toggle' href='javascript:void(0)'>
      <span class='zippy toggle-open'>&#9660;&#160;</span>
    </a>
  <b:else/>
    <a class='toggle' href='javascript:void(0)'>
      <span class='zippy'>
        <b:if cond='data:blog.languageDirection == &quot;rtl&quot;'>
          &#9668;&#160;
        <b:else/>
          &#9658;&#160;
        </b:if>
      </span>
    </a>
  </b:if>
 </b:if>
</b:includable>
<b:includable id='posts' var='posts'>
  <ul class='posts'>
    <b:loop values='data:posts' var='i'>
      <li><a expr:href='data:i.url'><data:i.title/></a></li>
    </b:loop>
  </ul>
</b:includable>
</b:widget>
</b:section>
      </div>
      </div>

      <!-- spacer for skins that want sidebar and main to be the same height-->
      <div class='clear'>&#160;</div>

<div id='bawah'>
<b:section class='kumb' id='kumb1' preferred='yes'>
<b:widget id='Profile1' locked='false' title='About Me' type='Profile'>
<b:includable id='main'>
    <b:if cond='data:title != &quot;&quot;'>
      <h2><data:title/></h2>
    </b:if>
    <div class='widget-content'>
    <b:if cond='data:team == &quot;true&quot;'> <!-- team blog profile -->
      <ul>
        <b:loop values='data:authors' var='i'>
          <li><a expr:href='data:i.userUrl'><data:i.display-name/></a></li>
        </b:loop>
      </ul>

      <b:else/> <!-- normal blog profile -->

      <b:if cond='data:photo.url != &quot;&quot;'>
        <a expr:href='data:userUrl'><img class='profile-img' expr:alt='data:photo.alt' expr:height='data:photo.height' expr:src='data:photo.url' expr:width='data:photo.width'/></a>
      </b:if>

      <dl class='profile-datablock'>
        <dt class='profile-data'><data:displayname/></dt>

        <b:if cond='data:showlocation == &quot;true&quot;'>
          <dd class='profile-data'><data:location/></dd>
        </b:if>

        <b:if cond='data:aboutme != &quot;&quot;'><dd class='profile-textblock'><data:aboutme/></dd></b:if>
      </dl>
      <a class='profile-link' expr:href='data:userUrl'><data:viewProfileMsg/></a>
    </b:if>

     <b:include name='quickedit'/>
    </div>
  </b:includable>
</b:widget>
</b:section>
<b:section class='kumb2' id='kumb2' preferred='yes'>
<b:widget id='Label2' locked='false' title='Labels' type='Label'>
<b:includable id='main'>
  <b:if cond='data:title'>
    <h2><data:title/></h2>
  </b:if>
  <div expr:class='&quot;widget-content &quot; + data:display + &quot;-label-widget-content&quot;'>
    <b:if cond='data:display == &quot;list&quot;'>
      <ul>
      <b:loop values='data:labels' var='label'>
        <li>
          <b:if cond='data:blog.url == data:label.url'>
            <span expr:dir='data:blog.languageDirection'><data:label.name/></span>
          <b:else/>
            <a expr:dir='data:blog.languageDirection' expr:href='data:label.url'><data:label.name/></a>
          </b:if>
          <b:if cond='data:showFreqNumbers'>
            <span dir='ltr'>(<data:label.count/>)</span>
          </b:if>
        </li>
      </b:loop>
      </ul>
    <b:else/>
      <b:loop values='data:labels' var='label'>
        <span expr:class='&quot;label-size label-size-&quot; + data:label.cssSize'>
          <b:if cond='data:blog.url == data:label.url'>
            <span expr:dir='data:blog.languageDirection'><data:label.name/></span>
          <b:else/>
            <a expr:dir='data:blog.languageDirection' expr:href='data:label.url'><data:label.name/></a>
          </b:if>
          <b:if cond='data:showFreqNumbers'>
            <span class='label-count' dir='ltr'>(<data:label.count/>)</span>
          </b:if>
        </span>
      </b:loop>
    </b:if>
    <b:include name='quickedit'/>
  </div>
</b:includable>
</b:widget>
</b:section>
<b:section class='kumb3' id='kumb3' preferred='yes'>
<b:widget id='Followers1' locked='false' title='Followers' type='Followers'>
<b:includable id='main'>
  <b:if cond='data:title != &quot;&quot;'>
    <b:if cond='data:codeSnippet != &quot;&quot;'>
      <h2 class='title'><data:title/></h2>
    <b:else/>
      <b:if cond='data:totalFollowerCount != &quot;&quot;'>
        <h2 class='title'><data:title/> (<data:totalFollowerCount/>)</h2>
      </b:if>
    </b:if>  
  </b:if>
  <div class='widget-content'>
    <div expr:id='data:widget.instanceId + &quot;-wrapper&quot;'>
      <b:if cond='data:codeSnippet != &quot;&quot;'>
        <div style='margin-right:2px;'>
          <data:codeSnippet/>
        </div>
      <b:else/>
        <b:if cond='data:totalFollowerCount == &quot;&quot;'>
          <span class='item-control following-not-admin'>
            <b><data:failureSnippet/></b>
          </span>
          <span class='item-control blog-admin'>
            <b><data:adminFailureSnippet/></b>
          </span>
        <b:else/>
          <b:if cond='data:followingLinkPresent'>
            <div class='follow-this profile-link item-control following-follow-this'>
              <a expr:href='&quot;javascript:_FollowersView._openPopup(\&quot;&quot; + data:followUri + &quot;\&quot;);&quot;'>
                <data:followThisMessage/>
              </a>
            </div>
            <div class='follow-this profile-link item-control following-stop-following-this'>
              <a expr:href='&quot;javascript:_FollowersView._openPopup(\&quot;&quot; + data:followUri + &quot;\&quot;);&quot;'>
                <data:stopFollowingMessage/>
              </a>
            </div>
          </b:if>
  
          <div class='followers-grid'>
            <b:if cond='data:totalFollowerCount == 0'>
              <div class='profile-link item-control following-follow-this'>
                <data:emptyFollowersMessage/>
              </div>
            </b:if>
            <!--
            Relies on the js written out in navbar.gxp
            -->
            <b:loop values='data:followers' var='follower'>
              <div class='follower'>
                <a expr:href='data:follower.profileUrl' expr:title='data:follower.displayName' rel='nofollow'>
                <img class='follower-img' expr:alt='data:follower.displayName' expr:height='data:follower.imageHeight' expr:onerror='&quot;this.onerror=null;this.src=\&quot;&quot; + data:anonFollowerImageUrl + &quot;\&quot;;&quot;' expr:onload='&quot;setAttributeOnload(this, \&quot;src\&quot;, \&quot;&quot; + data:follower.imageUrl + &quot;\&quot;)&quot;' expr:width='data:follower.imageWidth' src='http://img1.blogblog.com/img/blank.gif'/>
                </a>
              </div>
            </b:loop>
            <div class='clear'/>
          </div>
  
          <div class='followers-canvas profile-link'>
            <data:followersFooterMessage/>
            <span class='item-control following-not-admin'>
              <a expr:href='data:followersUri'>
                <data:viewAllMessage/>
              </a>
            </span>
            <span class='item-control blog-admin'>
              <a expr:href='data:manageFollowersUri'>
                <data:manageFollowersMessage/>
              </a>
            </span>
          </div>
          </b:if>
      </b:if>
    </div>
    <b:include name='quickedit'/>
  </div>
</b:includable>
</b:widget>
</b:section>
</div>
<div id='credit'>
<p>Copyright &#169; 2010 <a expr:href='data:blog.homepageUrl'><data:blog.title/></a></p><p>Template By <a href='http://nanoyulianto.blogspot.com/' id='more' onclick='changeStyle()'>Nano Yulianto</a></p>
</div>

<script src='http://pagenano.googlecode.com/files/jquery-1.4.4.min.js' type='text/javascript'/></body>

</html>