<?xml version="1.0" encoding="UTF-8" ?>
<!DOCTYPE html PUBLIC "-//W3C//DTD XHTML 1.0 Strict//EN" "http://www.w3.org/TR/xhtml1/DTD/xhtml1-strict.dtd">
<html expr:dir='data:blog.languageDirection' xmlns='http://www.w3.org/1999/xhtml' xmlns:b='http://www.google.com/2005/gml/b' xmlns:data='http://www.google.com/2005/gml/data' xmlns:expr='http://www.google.com/2005/gml/expr'>
  <head>
    <b:include data='blog' name='all-head-content'/>
    <b:if cond='data:blog.pageType == &quot;index&quot;'>
    <title><data:blog.pageTitle/></title>
    <b:else/>
    <title><data:blog.pageName/></title>
    </b:if>
<meta content='type your blog description here' name='description'/>
<meta content='type your blog keyword here' name='keywords'/>
<meta content='INDEX, FOLLOW' name='ROBOTS'/> 
    <b:skin><![CDATA[/*
-----------------------------------------------
Blogger Template Style
Name   : Easy Loading
Author : Herdiansyah Hamzah
Url    : http://www.herdiansyah.web.id
Updated by: Blogger Team
----------------------------------------------- */

/* Variable definitions
   ====================
   <Variable name="bgcolor" description="Page Background Color"
             type="color" default="#fff" value="#ffffff">
   <Variable name="textcolor" description="Text Color"
             type="color" default="#333" value="#333333">
   <Variable name="linkcolor" description="Link Color"
             type="color" default="#58a" value="#0b5394">
   <Variable name="pagetitlecolor" description="Blog Title Color"
             type="color" default="#666" value="#cccccc">
   <Variable name="descriptioncolor" description="Blog Description Color"
             type="color" default="#999" value="#888888">
   <Variable name="titlecolor" description="Post Title Color"
             type="color" default="#c60" value="#073763">
   <Variable name="bordercolor" description="Border Color"
             type="color" default="#ccc" value="#cccccc">
   <Variable name="sidebarcolor" description="Sidebar Title Color"
             type="color" default="#999" value="#444444">
   <Variable name="sidebartextcolor" description="Sidebar Text Color"
             type="color" default="#666" value="#666666">
   <Variable name="visitedlinkcolor" description="Visited Link Color"
             type="color" default="#999" value="#0b5394">
   <Variable name="bodyfont" description="Text Font"
             type="font" default="normal normal 100% Georgia, Serif" value="normal normal 14px Arial, Tahoma, Helvetica, FreeSans, sans-serif;">
   <Variable name="headerfont" description="Sidebar Title Font"
             type="font"
             default="normal normal 78% 'Trebuchet MS',Trebuchet,Arial,Verdana,Sans-serif" value="normal normal 78% Arial, Tahoma, Helvetica, FreeSans, sans-serif;">
   <Variable name="pagetitlefont" description="Blog Title Font"
             type="font"
             default="normal normal 200% Georgia, Serif" value="normal bold 25px Segoe UI, Serif">
   <Variable name="descriptionfont" description="Blog Description Font"
             type="font"
             default="normal normal 78% 'Trebuchet MS', Trebuchet, Arial, Verdana, Sans-serif" value="normal bold 100% Segoe UI, Tahoma, Helvetica, FreeSans, sans-serif;">
   <Variable name="postfooterfont" description="Post Footer Font"
             type="font"
             default="normal normal 78% 'Trebuchet MS', Trebuchet, Arial, Verdana, Sans-serif" value="normal normal 80% Segoe UI, Tahoma, Helvetica, FreeSans, sans-serif;">
   <Variable name="startSide" description="Side where text starts in blog language"
             type="automatic" default="left" value="left">
   <Variable name="endSide" description="Side where text ends in blog language"
             type="automatic" default="right" value="right">
*/

/* Use this with templates/template-twocol.html */

/* Navbar Frame
----------------------------- */
#navbar-iframe {height:0px;visibility:hidden;display:none}

body {
  background:$bgcolor;
  margin:0;
  color:$textcolor;
  font:x-small Georgia Serif;
  font-size/* */:/**/small;
  font-size: /**/small;
  text-align: center;
  }
a:link {
  color:$linkcolor;
  text-decoration:none;
  }
a:visited {
  color:$visitedlinkcolor;
  text-decoration:none;
  }
a:hover {
  color:$titlecolor;
  text-decoration:underline;
}
a img {
  border-width:0;
  }

/* Header
-----------------------------------------------
 */
.headerpic{background:#000;width:100%;margin:0 auto;padding-top:30px}

#header-wrapper {
  width:980px;
  margin: 0 auto;
  padding:5px 0px 5px 0px;
  border:0px solid $bordercolor;
  }

#header-inner {
  background-position: center;
  margin-$startSide: auto;
  margin-$endSide: auto;
}

#header { 
  float:$startSide;
  width:240px;
  height:auto;
  margin: 0 auto;
  border: 0px solid $bordercolor;
  text-align: left;
  color:$pagetitlecolor;
}

#header2{float:$endSide; width:730px; height:auto;}

#header h1 {font-variant: small-caps;
  margin:0 auto;
  padding:5px 0px .01em;
  line-height:1.2em;
  text-transform:uppercase;
  letter-spacing:.01em;
  font: $pagetitlefont;
}

#header a {
  color:$pagetitlecolor;
  text-decoration:none;
  }

#header a:hover {
  color:$pagetitlecolor;
  }

#header .description {
  margin:0 auto;
  padding:0 2px 15px;
  max-width:100%;
  text-transform:uppercase;
  letter-spacing:.01em;
  line-height: 1.4em;
  font: $descriptionfont;
  color: $descriptioncolor;
}

#header img {
  margin-$startSide: auto;
  margin-$endSide: auto;
}

/* Outer-Wrapper
----------------------------------------------- */
.outerpic { background:#f5f5f5 url(http://a.imageshack.us/img576/2243/bgeasyloading.gif) repeat-y top center;margin:0 auto;}

#outer-wrapper {background:#fff;
  width: 960px;
  margin:0 auto;
  padding:10px 10px 0 10px;
  text-align:$startSide;
  font: $bodyfont;
  }

#main-wrapper {padding-left:20px;
  width: 610px;
  float: $startSide;
  word-wrap: break-word; /* fix for long text breaking sidebar float in IE */
  overflow: hidden;     /* fix for long non-text content breaking IE sidebar float */
  }

#sidebar-wrapper {
  width: 300px;
  float: $endSide;
  word-wrap: break-word; /* fix for long text breaking sidebar float in IE */
  overflow: hidden;      /* fix for long non-text content breaking IE sidebar float */
}

#sidebar2-wrapper {
  width: 135px;
  float: $startSide;
  word-wrap: break-word; /* fix for long text breaking sidebar float in IE */
  overflow: hidden;     /* fix for long non-text content breaking IE sidebar float */
}

/* Headings
----------------------------------------------- */
h2 {
  margin:0.5em 0 .75em;
  font:bold 14px Arial;
  line-height: 1.4em;
  text-transform:uppercase;
  letter-spacing:.01em;
  color:$sidebarcolor;
}

/* Posts
-----------------------------------------------
 */
h2.date-header {
  margin:0.5em 0 .1em;
  }

.post {
  margin:.5em 0 0.5em;
  border-bottom:2px dotted $bordercolor;
  padding-bottom:0.5em;
  }
.post h3 {
  font-family:Arial;
  font-variant: small-caps;
  margin:.01em 0 1.0em;
  padding:0 0 4px;
  font-size:200%;
  font-weight:bold;
  line-height:1.1em;
  color:$titlecolor;
}

.post h3 a, .post h3 a:visited, .post h3 strong {
  display:block;
  text-decoration:none;
  color:$titlecolor;
  font-weight:bold;
}

.post h3 strong, .post h3 a:hover {
  color:$textcolor;
}

.post-body {
  margin:0 0 .75em;
  line-height:1.4em;
}

.post-body blockquote {
  line-height:1.3em;  
}

.post-footer {
  margin: .75em 0;
  color:$sidebarcolor;
  text-transform:uppercase;
  letter-spacing:.01em;
  font: $postfooterfont;
  line-height: 1.3em;
}

.comment-link {
  margin-$startSide:.3em;
}
.post img, table.tr-caption-container {
  padding-top:4px;
  border:0px solid $bordercolor;
}
.tr-caption-container img {
  border: none;
  padding: 0;
}
.post blockquote {
  margin:1em 20px;
}
.post blockquote p {
  margin:.75em 0;
}

/* Comments
----------------------------------------------- */
#comments h4 {
  margin:1em 0;
  font-weight: bold;
  line-height: 1.4em;
  text-transform:uppercase;
  letter-spacing:.2em;
  color: $sidebarcolor;
  }

#comments-block {
  margin:1em 0 1.5em;
  line-height:1.6em;
  }
#comments-block .comment-author {
  margin:.5em 0;
  }
#comments-block .comment-body {
  margin:.25em 0 0;
  }
#comments-block .comment-footer {
  margin:-.25em 0 2em;
  line-height: 1.4em;
  text-transform:uppercase;
  letter-spacing:.1em;
  }
#comments-block .comment-body p {
  margin:0 0 .75em;
  }
.deleted-comment {
  font-style:italic;
  color:gray;
  }

#blog-pager-newer-link {font-family:Arial;font-variant: small-caps;
  font-size:110%;font-weight:bold;
  float: $startSide;
 }
 
#blog-pager-older-link {font-family:Arial;font-variant: small-caps;
  font-size:110%;font-weight:bold;
  float: $endSide;
 }

#blog-pager {font-family:Arial;font-variant: small-caps;
  font-size:110%;font-weight:bold; 
  text-align: center;
 }

.feed-links {font-family:Arial;font-variant: small-caps;
  font-size:110%;font-weight:bold;
  clear: both;
  line-height: 2.5em;
}

/* Sidebar Content
----------------------------------------------- */
.sidebar { 
  color: $sidebartextcolor;
  line-height: 1.5em;
 }

.sidebar ul {
  list-style:none;
  margin:0 0 0;
  padding:0 0 0;
}
.sidebar li {
  margin:0;
  padding-top:0;
  padding-$endSide:0;
  padding-bottom:.25em;
  padding-$startSide:15px;
  text-indent:-15px;
  line-height:1.5em;
  }

.sidebar .widget, .main .widget { 
  border-bottom:0px dotted $bordercolor;
  margin:0 0 0.2em;
  padding:0 0 0.2em;
 }

.main .Blog { 
  border-bottom-width: 0;
}

/* Sidebar2 Content
----------------------------------------------- */
.sidebar2 h2 {
  margin: 0.0em 0 0.0em;
  padding:5px 0px 1px 5px;
  background:transparent;
  font:bold 14px Arial;
  letter-spacing:.01em;
  color:$sidebarcolor;
  text-transform:uppercase;}

.sidebar2 {font:normal 11px Arial; 
  color: #333;
  line-height: 1.3em;
 }

.sidebar2 ul {
  list-style:circle inside;
  margin:0 0 0;
  padding:0 0 0;
}
.sidebar2 li {font:normal 11px Arial;
  margin:0;
  padding-top:0;
  padding-$endSide:0;
  padding-bottom:.25em;
  padding-$startSide:15px;
  text-indent:-15px;
  line-height:1.3em;
  }

.sidebar2 a:link, .sidebar2 li a:visited {color:#333;text-decoration:underline;}
.sidebar2 li a:hover {color:#000;text-decoration:none;}


.sidebar2 .widget { 
  background:#f2f2f2;
  border-left: 1px solid #e6e6e6;border-bottom: 1px solid #e6e6e6;
  margin-bottom: 0.5em;}

.sidebar2 .widget-content {
  padding: 5px;}

/* Footer Content
----------------------------------------------- */
.footer h2, .bottom h2 {margin:0.5em 0 .75em;font:$headerfont;line-height: 1.4em;
  text-transform:uppercase;letter-spacing:.01em;color:#f2f2f2;font:bold 14px Arial;}
.footer, .bottom {color: #f2f2f2;line-height: 1.5em;}
.footer ul, .bottom ul {list-style:none;margin:0 0 0;padding:0 0 0;}
.footer li, .bottom li {font:normal 11px Arial;
  margin:0;border-top: 1px dotted #555;
  padding-top:0;
  padding-$endSide:0;
  padding-bottom:.25em;
  padding-$startSide:0px;
  text-indent:0px;
  line-height:1.4em;color:#888;}
.footer a:link, .footer li a:visited, .bottom a:link, .bottom a:visited {color:#CECEF6;text-decoration:none;}
.footer li a:hover, .bottom li a:hover {color:#fff;text-decoration:none;}
.footer .widget, .bottom .widget { margin:0 auto;padding:5px 0px 5px 0px}

/* Profile 
----------------------------------------------- */
.profile-img {
  float: $startSide;
  margin-top: 0;
  margin-$endSide:5px;
  margin-top:0px;
  margin-$startSide: 0;
  padding: 4px;
  border: 0px solid $bordercolor;
}

.profile-data {
  margin:0;
  text-transform:uppercase;
  letter-spacing:.01em;
  font: bold 14px Arial;
  color: #888;
  line-height: 1.3em;
}

.profile-datablock { 
  margin:.5em 0 .5em;
}

.profile-textblock { font:normal 12px Arial;color:#999;
  margin: 0.5em 0;
  line-height: 1.3em;
}

.profile-link { 
  font: $postfooterfont;
  text-transform: uppercase;
  letter-spacing: .01em;
}

/* Footer Wrapper
----------------------------------------------- */
.picfooter{background:#333;width:100%;margin:0 auto;border-top:10px solid #888;}

#footer-wrapper {background:transparent; padding:0px 10px 0px 10px;width: 980px; margin-top:0px;margin-$startSide: auto;margin-$endSide: auto;text-align:$startSide;font: $bodyfont;} 

#footer1-wrapper { 
  width: 360px;padding-right:10px;float: $startSide;
  word-wrap: break-word; /* fix for long text breaking sidebar float in IE */
  overflow: hidden;      /* fix for long non-text content breaking IE sidebar float */}

#footer2-wrapper {
  width: 300px;float: left;
  word-wrap: break-word; /* fix for long text breaking sidebar float in IE */
  overflow: hidden;      /* fix for long non-text content breaking IE sidebar float */}

#footer3-wrapper { 
  width: 300px;
  float: $endSide;
  word-wrap: break-word; /* fix for long text breaking sidebar float in IE */
  overflow: hidden;      /* fix for long non-text content breaking IE sidebar float */
}

/* Bottom Wrapper
----------------------------------------------- */
.picbottom{background:#333;width:100%;margin:0 auto;}

#bottom-wrapper {background:transparent; padding:0px 10px 0px 10px;width: 980px; margin-top:0px;margin-$startSide: auto;margin-$endSide: auto;text-align:$startSide;font: $bodyfont;} 

#bottom1-wrapper { 
  width: 200px;padding-right:10px;float: $startSide;
  word-wrap: break-word; /* fix for long text breaking sidebar float in IE */
  overflow: hidden;      /* fix for long non-text content breaking IE sidebar float */}

#bottom2-wrapper {
  width: 250px;float: left;
  word-wrap: break-word; /* fix for long text breaking sidebar float in IE */
  overflow: hidden;      /* fix for long non-text content breaking IE sidebar float */}

#bottom3-wrapper { 
  width: 250px;
  float: left;margin-left:10px;
  word-wrap: break-word; /* fix for long text breaking sidebar float in IE */
  overflow: hidden;      /* fix for long non-text content breaking IE sidebar float */}

#bottom4-wrapper { 
  width: 250px;
  float: $endSide;
  word-wrap: break-word; /* fix for long text breaking sidebar float in IE */
  overflow: hidden;      /* fix for long non-text content breaking IE sidebar float */
}

/* Credit Wrapper
---------------------------------------------*/
#credit-wrapper{background:#eee;width:100%;margin:0 auto;border-top:10px solid #999}

#link-wrapper {
  background:transparent;
  overflow:hidden;
  clear:both;
  width: 980px;
  margin:0 auto;
  padding:8px 10px 15px 10px; 
  line-height: 1.4em;
  text-align:left;
  font-family: Tahoma;
  font-size:11px;
  color:#000;  }

/* Menu Horisontal
---------------------------------------------*/
.menupic{background:#333;width:100%;margin:0 auto;border-top:10px solid #333;border-bottom:8px solid #ccc;}

.menuhorisontal{
background:#333; width: 980px;height:32px;overflow: hidden;
border-bottom: 0px solid #ccc;margin:0 auto; padding:0 auto;
}
.menuhorisontal ul{
margin: 0; padding-left: 0px;font-variant: small-caps;
font-weight: bold;font-family:Segoe UI;font-size:16px;
color: #e9e9e9;list-style-type: none;
}
.menuhorisontal li{
display: inline; margin: 0;
}
.menuhorisontal li a{
background:#666;
float: left;
-moz-border-radius-topleft:5px;
-moz-border-radius-topright:5px;
display: block;
text-decoration:none;
margin-right:3px;
padding: 6px 8px;
border-right: 0px solid #ccc;
color: #e9e9e9}
.menuhorisontal li a:visited{
color: #e9e9e9;
}
.menuhorisontal li a:hover, .menuhorisontal li.selected a{background:#ccc;color:#000;text-decoration:none; /*Background Setelah Pointer Diarahkan */
}

.jump-link {font-family:Arial;font-variant: small-caps;font-weight:bold;font-size:110%;float:right;}


]]></b:skin>

<style type='text/css'>
<b:if cond='data:blog.pageType != &quot;item&quot;'>
#main-wrapper {width: 505px;padding-left:10px;}
.post-body {font:normal 12px Arial;line-height: 1.4em;color:#666}
.post h3, .post h3 a, .post h3 a:visited, .post h3 strong {margin:.25em 0 0.1em;font-size:120%; line-height: 1.2em;}
.feed-links, .post-share-buttons {display:none}
</b:if>
</style>

  </head>

  <body>
<div class='headerpic'>
    <div id='header-wrapper'>
      <b:section class='header' id='header' maxwidgets='1' showaddelement='no'>
<b:widget id='Header1' locked='true' title='Easy Loading (Header)' type='Header'>
<b:includable id='main'>

  <b:if cond='data:useImage'>
    <b:if cond='data:imagePlacement == &quot;BEHIND&quot;'>
      <!--
      Show image as background to text. You can't really calculate the width
      reliably in JS because margins are not taken into account by any of
      clientWidth, offsetWidth or scrollWidth, so we don't force a minimum
      width if the user is using shrink to fit.
      This results in a margin-width's worth of pixels being cropped. If the
      user is not using shrink to fit then we expand the header.
      -->
      <div expr:style='&quot;background-image: url(\&quot;&quot; + data:sourceUrl + &quot;\&quot;); &quot;                      + &quot;background-position: &quot;                      + data:backgroundPositionStyleStr + &quot;; &quot;                      + data:widthStyleStr                      + &quot;min-height: &quot; + data:height + &quot;px;&quot;                      + &quot;_height: &quot; + data:height + &quot;px;&quot;                      + &quot;background-repeat: no-repeat; &quot;' id='header-inner'>
        <div class='titlewrapper' style='background: transparent'>
          <h1 class='title' style='background: transparent; border-width: 0px'>
            <b:include name='title'/>
          </h1>
        </div>
        <b:include name='description'/>
      </div>
    <b:else/>
      <!--Show the image only-->
      <div id='header-inner'>
        <a expr:href='data:blog.homepageUrl' style='display: block'>
          <img expr:alt='data:title' expr:height='data:height' expr:id='data:widget.instanceId + &quot;_headerimg&quot;' expr:src='data:sourceUrl' expr:width='data:width' style='display: block'/>
        </a>
        <!--Show the description-->
        <b:if cond='data:imagePlacement == &quot;BEFORE_DESCRIPTION&quot;'>
          <b:include name='description'/>
        </b:if>
      </div>
    </b:if>
  <b:else/>
    <!--No header image -->
    <div id='header-inner'>
      <div class='titlewrapper'>
        <h1 class='title'>
          <b:include name='title'/>
        </h1>
      </div>
      <b:include name='description'/>
    </div>
  </b:if>
</b:includable>
<b:includable id='title'>
  <b:if cond='data:blog.url == data:blog.homepageUrl'>
    <data:title/>
  <b:else/>
    <a expr:href='data:blog.homepageUrl'><data:title/></a>
  </b:if>
</b:includable>
<b:includable id='description'>
  <div class='descriptionwrapper'>
    <p class='description'><span><data:description/></span></p>
  </div>
</b:includable>
</b:widget>
</b:section>
<b:section class='header' id='header2' maxwidgets='2' showaddelement='yes'>
<b:widget id='HTML8' locked='false' title='' type='HTML'>
<b:includable id='main'>
  <!-- only display title if it's non-empty -->
  <b:if cond='data:title != &quot;&quot;'>
    <h2 class='title'><data:title/></h2>
  </b:if>
  <div class='widget-content'>
    <data:content/>
  </div>

  <b:include name='quickedit'/>
</b:includable>
</b:widget>
</b:section>
<div style='clear:both;'/>
</div><!-- end header-wrapper -->
</div>


<div class='menupic'>
<div class='menuhorisontal'>
<ul>
<li><a href='#'>Home</a></li>
<li><a href='#' target='_blank'>Profile</a></li>
<li><a href='#'>Contact</a></li>
<li><a href='#'>Blog Tutorial</a></li>
<li><a href='#'>Blogger Tricks</a></li>
<li><a href='#'>SEO</a></li>
<li><a href='#'>Free Template</a></li>
<li><a href='#'>CSS Tricks</a></li>
</ul>
<div style='float:right;padding:1px 2px 0px 0px;'>
<form action='http://www.google.co.id/cse' id='cse-search-box' target='_blank'>
  <div>
    <input name='cx' type='hidden' value='partner-pub-8227596964568064:m7lqon-fw2k'/>
    <input name='ie' type='hidden' value='ISO-8859-1'/>
    <input name='q' size='23' type='text'/>
    <input name='sa' type='submit' value='Search'/>
  </div>
</form>
<script src='http://www.google.co.id/cse/brand?form=cse-search-box&amp;lang=en' type='text/javascript'/>
</div>
</div>
</div>

<div class='outerpic'>
  <div id='outer-wrapper'><div id='wrap2'>

    <!-- skip links for text browsers -->
    <span id='skiplinks' style='display:none;'>
      <a href='#main'>skip to main </a> |
      <a href='#sidebar'>skip to sidebar</a>
    </span>

    <div id='content-wrapper'>

      <div id='crosscol-wrapper' style='text-align:center'>
        <b:section class='crosscol' id='crosscol'/>
      </div>


<b:if cond='data:blog.pageType != &quot;item&quot;'>
      <div id='sidebar2-wrapper'>
        <b:section class='sidebar2' id='sidebar2' preferred='yes'>
<b:widget id='HTML7' locked='false' title='' type='HTML'>
<b:includable id='main'>
  <!-- only display title if it's non-empty -->
  <b:if cond='data:title != &quot;&quot;'>
    <h2 class='title'><data:title/></h2>
  </b:if>
  <div class='widget-content'>
    <data:content/>
  </div>

  <b:include name='quickedit'/>
</b:includable>
</b:widget>
<b:widget id='Text1' locked='false' title='Welcome' type='Text'>
<b:includable id='main'>
  <!-- only display title if it's non-empty -->
  <b:if cond='data:title != &quot;&quot;'>
    <h2 class='title'><data:title/></h2>
  </b:if>
  <div class='widget-content'>
    <data:content/>
  </div>

  <b:include name='quickedit'/>
</b:includable>
</b:widget>
<b:widget id='HTML6' locked='false' title='' type='HTML'>
<b:includable id='main'>
  <!-- only display title if it's non-empty -->
  <b:if cond='data:title != &quot;&quot;'>
    <h2 class='title'><data:title/></h2>
  </b:if>
  <div class='widget-content'>
    <data:content/>
  </div>

  <b:include name='quickedit'/>
</b:includable>
</b:widget>
<b:widget id='LinkList1' locked='false' title='Networking' type='LinkList'>
<b:includable id='main'>

<b:if cond='data:title'><h2><data:title/></h2></b:if>
 <div class='widget-content'>
   <ul>
     <b:loop values='data:links' var='link'>
       <li><a expr:href='data:link.target'><data:link.name/></a></li>
     </b:loop>
   </ul>
   <b:include name='quickedit'/>
 </div>
</b:includable>
</b:widget>
<b:widget id='BlogArchive1' locked='false' title='Archieves' type='BlogArchive'>
<b:includable id='main'>
  <b:if cond='data:title'>
    <h2><data:title/></h2>
  </b:if>
  <div class='widget-content'>
  <div id='ArchiveList'>
  <div expr:id='data:widget.instanceId + &quot;_ArchiveList&quot;'>
    <b:if cond='data:style == &quot;HIERARCHY&quot;'>
     <b:include data='data' name='interval'/>
    </b:if>
    <b:if cond='data:style == &quot;FLAT&quot;'>
      <b:include data='data' name='flat'/>
    </b:if>
    <b:if cond='data:style == &quot;MENU&quot;'>
      <b:include data='data' name='menu'/>
    </b:if>
  </div>
  </div>
  <b:include name='quickedit'/>
  </div>
</b:includable>
<b:includable id='flat' var='data'>
  <ul class='flat'>
    <b:loop values='data:data' var='i'>
      <li class='archivedate'>
        <a expr:href='data:i.url'><data:i.name/></a> (<data:i.post-count/>)
      </li>
    </b:loop>
  </ul>
</b:includable>
<b:includable id='menu' var='data'>
  <select expr:id='data:widget.instanceId + &quot;_ArchiveMenu&quot;'>
    <option value=''><data:title/></option>
    <b:loop values='data:data' var='i'>
      <option expr:value='data:i.url'><data:i.name/> (<data:i.post-count/>)</option>
    </b:loop>
  </select>
</b:includable>
<b:includable id='interval' var='intervalData'>
  <b:loop values='data:intervalData' var='i'>
      <ul class='hierarchy'>
        <li expr:class='&quot;archivedate &quot; + data:i.expclass'>
          <b:include data='i' name='toggle'/>
          <a class='post-count-link' expr:href='data:i.url'><data:i.name/></a>
            <span class='post-count' dir='ltr'>(<data:i.post-count/>)</span>
          <b:if cond='data:i.data'>
            <b:include data='i.data' name='interval'/>
          </b:if>
          <b:if cond='data:i.posts'>
            <b:include data='i.posts' name='posts'/>
          </b:if>
        </li>
      </ul>
  </b:loop>
</b:includable>
<b:includable id='toggle' var='interval'>
  <b:if cond='data:interval.toggleId'>
  <b:if cond='data:interval.expclass == &quot;expanded&quot;'>
    <a class='toggle' href='javascript:void(0)'>
      <span class='zippy toggle-open'>&#9660;&#160;</span>
    </a>
  <b:else/>
    <a class='toggle' href='javascript:void(0)'>
      <span class='zippy'>
        <b:if cond='data:blog.languageDirection == &quot;rtl&quot;'>
          &#9668;&#160;
        <b:else/>
          &#9658;&#160;
        </b:if>
      </span>
    </a>
  </b:if>
 </b:if>
</b:includable>
<b:includable id='posts' var='posts'>
  <ul class='posts'>
    <b:loop values='data:posts' var='i'>
      <li><a expr:href='data:i.url'><data:i.title/></a></li>
    </b:loop>
  </ul>
</b:includable>
</b:widget>
<b:widget id='BloggerButton1' locked='false' title='' type='BloggerButton'>
<b:includable id='main'>
 <div class='widget-content'>
    <a href='http://www.blogger.com'><img alt='Powered By Blogger' expr:src='data:fullButton'/></a>
    <b:include name='quickedit'/>
  </div>
</b:includable>
</b:widget>
<b:widget id='Attribution1' locked='false' title='' type='Attribution'>
<b:includable id='main'>
    <div class='widget-content' style='text-align: center;'>
      <b:if cond='data:attribution != &quot;&quot;'>
        <data:attribution/>
      </b:if> 
    </div>

    <b:include name='quickedit'/>
  </b:includable>
</b:widget>
</b:section>
      </div>
</b:if>

      <div id='main-wrapper'>
        <b:section class='main' id='main' showaddelement='no'>
<b:widget id='Blog1' locked='true' title='Blog Posts' type='Blog'>
<b:includable id='nextprev'>
  <div class='blog-pager' id='blog-pager'>
    <b:if cond='data:newerPageUrl'>
      <span id='blog-pager-newer-link'>
      <a class='blog-pager-newer-link' expr:href='data:newerPageUrl' expr:id='data:widget.instanceId + &quot;_blog-pager-newer-link&quot;' expr:title='data:newerPageTitle'><data:newerPageTitle/></a>
      </span>
    </b:if>

    <b:if cond='data:olderPageUrl'>
      <span id='blog-pager-older-link'>
      <a class='blog-pager-older-link' expr:href='data:olderPageUrl' expr:id='data:widget.instanceId + &quot;_blog-pager-older-link&quot;' expr:title='data:olderPageTitle'><data:olderPageTitle/></a>
      </span>
    </b:if>

    <a class='home-link' expr:href='data:blog.homepageUrl'><data:homeMsg/></a>

  </div>
  <div class='clear'/>
</b:includable>
<b:includable id='shareButtons' var='post'>
  <b:if cond='data:post.sharePostUrl'>
      <a class='share-button sb-email' expr:href='data:post.sharePostUrl + &quot;&amp;target=email&quot;' expr:title='data:top.emailThisMsg' target='_blank'>
        <span class='share-button-link-text'><data:top.emailThisMsg/></span></a>
      <a class='share-button sb-blog' expr:href='data:post.sharePostUrl + &quot;&amp;target=blog&quot;' expr:onclick='&quot;window.open(this.href, \&quot;_blank\&quot;, \&quot;height=270,width=475\&quot;); return false;&quot;' expr:title='data:top.blogThisMsg' target='_blank'>
        <span class='share-button-link-text'><data:top.blogThisMsg/></span></a>
      <a class='share-button sb-twitter' expr:href='data:post.sharePostUrl + &quot;&amp;target=twitter&quot;' expr:title='data:top.shareToTwitterMsg' target='_blank'>
        <span class='share-button-link-text'><data:top.shareToTwitterMsg/></span></a>
      <a class='share-button sb-facebook' expr:href='data:post.sharePostUrl + &quot;&amp;target=facebook&quot;' expr:onclick='&quot;window.open(this.href, \&quot;_blank\&quot;, \&quot;height=430,width=640\&quot;); return false;&quot;' expr:title='data:top.shareToFacebookMsg' target='_blank'>
        <span class='share-button-link-text'><data:top.shareToFacebookMsg/></span></a>
      <a class='share-button sb-buzz' expr:href='data:post.sharePostUrl + &quot;&amp;target=buzz&quot;' expr:onclick='&quot;window.open(this.href, \&quot;_blank\&quot;, \&quot;height=415,width=690\&quot;); return false;&quot;' expr:title='data:top.shareToBuzzMsg' target='_blank'>
        <span class='share-button-link-text'><data:top.shareToBuzzMsg/></span></a>
  </b:if>
</b:includable>
<b:includable id='backlinks' var='post'>
  <a name='links'/><h4><data:post.backlinksLabel/></h4>
  <b:if cond='data:post.numBacklinks != 0'>
    <dl class='comments-block' id='comments-block'>
      <b:loop values='data:post.backlinks' var='backlink'>
        <div class='collapsed-backlink backlink-control'>
          <dt class='comment-title'>
            <span class='backlink-toggle-zippy'>&#160;</span>
            <a expr:href='data:backlink.url' rel='nofollow'><data:backlink.title/></a>
            <b:include data='backlink' name='backlinkDeleteIcon'/>
          </dt>
          <dd class='comment-body collapseable'>
            <data:backlink.snippet/>
          </dd>
          <dd class='comment-footer collapseable'>
            <span class='comment-author'><data:post.authorLabel/> <data:backlink.author/></span>
            <span class='comment-timestamp'><data:post.timestampLabel/> <data:backlink.timestamp/></span>
          </dd>
        </div>
      </b:loop>
    </dl>
  </b:if>
  <p class='comment-footer'>
    <a class='comment-link' expr:href='data:post.createLinkUrl' expr:id='data:widget.instanceId + &quot;_backlinks-create-link&quot;' target='_blank'><data:post.createLinkLabel/></a>
  </p>
</b:includable>
<b:includable id='post' var='post'>
  <div class='post hentry'>
    <a expr:name='data:post.id'/>
    <b:if cond='data:post.title'>
      <h3 class='post-title entry-title'>
     <b:if cond='data:post.link'>
       <a expr:href='data:post.link'><data:post.title/></a>
     <b:else/>


<b:if cond='data:blog.pageType == &quot;item&quot;'>
<span style='float:right'>
<a class='twitter-share-button' data-count='horizontal' href='http://twitter.com/share'>Tweet</a><script src='http://platform.twitter.com/widgets.js' type='text/javascript'/>
</span>
</b:if>

        <b:if cond='data:post.url'>
          <a expr:href='data:post.url'><data:post.title/></a>
        <b:else/>
          <data:post.title/>
        </b:if>
     </b:if>
      </h3>
    </b:if>

    <div class='post-header'>
    <div class='post-header-line-1'/>
    </div>

    <div class='post-body entry-content'>
      <data:post.body/>
      <div style='clear: both;'/> <!-- clear for photos floats -->
    </div>

    <b:if cond='data:post.hasJumpLink'>
      <div class='jump-link'>
        <a expr:href='data:post.url + &quot;#more&quot;' expr:title='data:post.title'><data:post.jumpText/></a>
      </div>
    </b:if>

<b:if cond='data:blog.pageType == &quot;item&quot;'>
<div style='font:11px Arial;border-top:1px solid #ccc;padding-top:6px;border-bottom:1px solid #ccc; padding-bottom:6px;margin-top:30px;'>
<div class='share'>
<!-- AddThis Button BEGIN -->
<div class='addthis_toolbox addthis_default_style'>
<a class='addthis_button_facebook'>&amp;nbsp;Share on Facebook</a>
<a class='addthis_button_twitter'>&amp;nbsp;Share on Twitter</a> 
<a class='addthis_button_pdfonline'>&amp;nbsp;PDF Online</a> 
<a class='addthis_button_email'>&amp;nbsp;Send Email</a>
<a class='addthis_button_print'>&amp;nbsp;Print This</a>
<a class='addthis_button_expanded' href='http://www.addthis.com/bookmark.php?v=250&amp;username=xa-4c7e4c41709f01c5'>More Share</a>
</div>
<script src='http://s7.addthis.com/js/250/addthis_widget.js#username=xa-4c7e4c41709f01c5' type='text/javascript'/>
<!-- AddThis Button END -->
</div>
</div>
</b:if>

    <div class='post-footer'>
    <div class='post-footer-line post-footer-line-1'><span class='post-author vcard'>
        <b:if cond='data:top.showAuthor'>
          <data:top.authorLabel/>
          <span class='fn'><data:post.author/></span>
        </b:if>
      </span> <span class='post-timestamp'>
        <b:if cond='data:top.showTimestamp'>
          <data:top.timestampLabel/>
        <b:if cond='data:post.url'>
          <a class='timestamp-link' expr:href='data:post.url' rel='bookmark' title='permanent link'><abbr class='published' expr:title='data:post.timestampISO8601'><data:post.timestamp/></abbr></a>
        </b:if>
        </b:if>
      </span> <span class='post-comment-link'>
        <b:if cond='data:blog.pageType != &quot;item&quot;'>
          <b:if cond='data:blog.pageType != &quot;static_page&quot;'>
            <b:if cond='data:post.allowComments'>
              <a class='comment-link' expr:href='data:post.addCommentUrl' expr:onclick='data:post.addCommentOnclick'><b:if cond='data:post.numComments == 1'>1 <data:top.commentLabel/><b:else/><data:post.numComments/> <data:top.commentLabelPlural/></b:if></a>
            </b:if>
          </b:if>
        </b:if>
      </span> <span class='post-icons'>
        <!-- email post links -->
        <b:if cond='data:post.emailPostUrl'>
          <span class='item-action'>
          <a expr:href='data:post.emailPostUrl' expr:title='data:top.emailPostMsg'>
              <img alt='' class='icon-action' height='13' src='http://img1.blogblog.com/img/icon18_email.gif' width='18'/>
          </a>
          </span>
        </b:if>

        <!-- quickedit pencil -->
        <b:include data='post' name='postQuickEdit'/>
      </span> <div class='post-share-buttons'>
        <b:include data='post' name='shareButtons'/>
      </div> </div>

      <div class='post-footer-line post-footer-line-2'><span class='post-labels'>
        <b:if cond='data:post.labels'>
          <data:postLabelsLabel/>
          <b:loop values='data:post.labels' var='label'>
            <a expr:href='data:label.url' rel='tag'><data:label.name/></a><b:if cond='data:label.isLast != &quot;true&quot;'>,</b:if>
          </b:loop>
        </b:if>
      </span> </div>

      <div class='post-footer-line post-footer-line-3'><span class='post-location'>
        <b:if cond='data:top.showLocation'>
          <b:if cond='data:post.location'>
            <data:postLocationLabel/>
            <a expr:href='data:post.location.mapsUrl' target='_blank'><data:post.location.name/></a>
          </b:if>
        </b:if>
      </span> </div>
    </div>
  </div>
</b:includable>
<b:includable id='status-message'>
  <b:if cond='data:navMessage'>
  <div class='status-msg-wrap'>
    <div class='status-msg-body'>
      <data:navMessage/>
    </div>
    <div class='status-msg-border'>
      <div class='status-msg-bg'>
        <div class='status-msg-hidden'><data:navMessage/></div>
      </div>
    </div>
  </div>
  <div style='clear: both;'/>
  </b:if>
</b:includable>
<b:includable id='comment-form' var='post'>
  <div class='comment-form'>
    <a name='comment-form'/>
    <h4 id='comment-post-message'><data:postCommentMsg/></h4>
    <p><data:blogCommentMessage/></p>
    <data:blogTeamBlogMessage/>
    <a expr:href='data:post.commentFormIframeSrc' id='comment-editor-src'/>
    <iframe allowtransparency='true' class='blogger-iframe-colorize blogger-comment-from-post' frameborder='0' height='410' id='comment-editor' name='comment-editor' src='' width='100%'/>
    <data:post.friendConnectJs/>
    <data:post.cmtfpIframe/>
    <b:if cond='data:showCmtPopup'>
      <div id='comment-popup' style='width:100px;height:20px;'/>
    </b:if>
    <script type='text/javascript'>
      BLOG_CMT_createIframe(&#39;<data:post.appRpcRelayPath/>&#39;, &#39;<data:post.communityId/>&#39;);
    </script>
  </div>
</b:includable>
<b:includable id='backlinkDeleteIcon' var='backlink'>
  <span expr:class='&quot;item-control &quot; + data:backlink.adminClass'>
    <a expr:href='data:backlink.deleteUrl' expr:title='data:top.deleteBacklinkMsg'>
      <img src='//www.blogger.com/img/icon_delete13.gif'/>
    </a>
  </span>
</b:includable>
<b:includable id='postQuickEdit' var='post'>
  <b:if cond='data:post.editUrl'>
    <span expr:class='&quot;item-control &quot; + data:post.adminClass'>
      <a expr:href='data:post.editUrl' expr:title='data:top.editPostMsg'>
        <img alt='' class='icon-action' height='18' src='http://img2.blogblog.com/img/icon18_edit_allbkg.gif' width='18'/>
      </a>
    </span>
  </b:if>
</b:includable>
<b:includable id='main' var='top'>
  <!-- posts -->
  <div class='blog-posts hfeed'>

    <b:include data='top' name='status-message'/>

    <data:defaultAdStart/>
    <b:loop values='data:posts' var='post'>
      <b:if cond='data:post.isDateStart'>
        <b:if cond='data:post.isFirstPost == &quot;false&quot;'>
          &lt;/div&gt;&lt;/div&gt;
        </b:if>
      </b:if>
      <b:if cond='data:post.isDateStart'>
        &lt;div class=&quot;date-outer&quot;&gt;
      </b:if>
      <b:if cond='data:post.dateHeader'>
        <h2 class='date-header'><span><data:post.dateHeader/></span></h2>
      </b:if>
      <b:if cond='data:post.isDateStart'>
        &lt;div class=&quot;date-posts&quot;&gt;
      </b:if>
      <div class='post-outer'>
      <b:include data='post' name='post'/>
      <b:if cond='data:blog.pageType == &quot;static_page&quot;'>
        <b:include data='post' name='comments'/>
      </b:if>
      <b:if cond='data:blog.pageType == &quot;item&quot;'>
        <b:include data='post' name='comments'/>
      </b:if>
      </div>
      <b:if cond='data:post.includeAd'>
        <b:if cond='data:post.isFirstPost'>
          <data:defaultAdEnd/>
        <b:else/>
          <data:adEnd/>
        </b:if>
        <div class='inline-ad'>
          <data:adCode/>
        </div>
        <data:adStart/>
      </b:if>
      <b:if cond='data:post.trackLatency'>
        <data:post.latencyJs/>
      </b:if>
    </b:loop>
    <b:if cond='data:numPosts != 0'>
      &lt;/div&gt;&lt;/div&gt;
    </b:if>
    <data:adEnd/>
  </div>

  <!-- navigation -->
  <b:include name='nextprev'/>

  <!-- feed links -->
  <b:include name='feedLinks'/>

  <b:if cond='data:top.showStars'>
    <script src='//www.google.com/jsapi' type='text/javascript'/>
    <script type='text/javascript'>
      google.load(&quot;annotations&quot;, &quot;1&quot;, {&quot;locale&quot;: &quot;<data:top.languageCode/>&quot;});
      function initialize() {
        google.annotations.setApplicationId(<data:top.blogspotReviews/>);
        google.annotations.createAll();
        google.annotations.fetch();
      }
      google.setOnLoadCallback(initialize);
    </script>
  </b:if>
</b:includable>
<b:includable id='commentDeleteIcon' var='comment'>
  <span expr:class='&quot;item-control &quot; + data:comment.adminClass'>
    <a class='comment-delete' expr:href='data:comment.deleteUrl' expr:title='data:top.deleteCommentMsg'>
      <img src='//www.blogger.com/img/icon_delete13.gif'/>
    </a>
  </span>
</b:includable>
<b:includable id='feedLinks'>
  <b:if cond='data:blog.pageType != &quot;item&quot;'> <!-- Blog feed links -->
    <b:if cond='data:feedLinks'>
      <div class='blog-feeds'>
        <b:include data='feedLinks' name='feedLinksBody'/>
      </div>
    </b:if>

    <b:else/> <!--Post feed links -->
    <div class='post-feeds'>
      <b:loop values='data:posts' var='post'>
        <b:if cond='data:post.allowComments'>
          <b:if cond='data:post.feedLinks'>
            <b:include data='post.feedLinks' name='feedLinksBody'/>
          </b:if>
        </b:if>
      </b:loop>
    </div>
  </b:if>
</b:includable>
<b:includable id='feedLinksBody' var='links'>
  <div class='feed-links'>
  <data:feedLinksMsg/>
  <b:loop values='data:links' var='f'>
     <a class='feed-link' expr:href='data:f.url' expr:type='data:f.mimeType' target='_blank'><data:f.name/> (<data:f.feedType/>)</a>
  </b:loop>
  </div>
</b:includable>
<b:includable id='comments' var='post'>
  <div class='comments' id='comments'>
    <a name='comments'/>
    <b:if cond='data:post.allowComments'>
      <h4>
        <b:if cond='data:post.numComments == 1'>
          1 <data:commentLabel/>:
        <b:else/>
          <data:post.numComments/> <data:commentLabelPlural/>:
        </b:if>
      </h4>

      <b:if cond='data:post.commentPagingRequired'>
        <span class='paging-control-container'>
          <a expr:class='data:post.oldLinkClass' expr:href='data:post.oldestLinkUrl'><data:post.oldestLinkText/></a>
          &#160;
          <a expr:class='data:post.oldLinkClass' expr:href='data:post.olderLinkUrl'><data:post.olderLinkText/></a>
          &#160;
          <data:post.commentRangeText/>
          &#160;
          <a expr:class='data:post.newLinkClass' expr:href='data:post.newerLinkUrl'><data:post.newerLinkText/></a>
          &#160;
          <a expr:class='data:post.newLinkClass' expr:href='data:post.newestLinkUrl'><data:post.newestLinkText/></a>
        </span>
      </b:if>

      <div expr:class='data:post.postAuthorClass' expr:id='data:widget.instanceId + &quot;_comments-block-wrapper&quot;'>
        <dl expr:class='data:post.avatarIndentClass' id='comments-block'>
          <b:loop values='data:post.comments' var='comment'>
            <dt expr:class='&quot;comment-author &quot; + data:comment.authorClass' expr:id='data:comment.anchorName'>
              <b:if cond='data:comment.favicon'>
                <img expr:src='data:comment.favicon' height='16px' style='margin-bottom:-2px;' width='16px'/>
              </b:if>
              <a expr:name='data:comment.anchorName'/>
              <b:if cond='data:blog.enabledCommentProfileImages'>
                <data:comment.authorAvatarImage/>
              </b:if>
              <b:if cond='data:comment.authorUrl'>
                <a expr:href='data:comment.authorUrl' rel='nofollow'><data:comment.author/></a>
              <b:else/>
                <data:comment.author/>
              </b:if>
              <data:commentPostedByMsg/>
            </dt>
            <dd expr:class='&quot;comment-body &quot; + data:comment.commentAuthorClass' expr:id='data:widget.instanceId + data:comment.cmtBodyIdPostfix'>
              <b:if cond='data:comment.isDeleted'>
                <span class='deleted-comment'><data:comment.body/></span>
              <b:else/>
                <p>
                  <data:comment.body/>
                  <span class='interaction-iframe-guide'/>
                </p>
              </b:if>
            </dd>
            <dd class='comment-footer'>
              <span class='comment-timestamp'>
                <a expr:href='data:comment.url' title='comment permalink'>
                  <data:comment.timestamp/>
                </a>
                <b:include data='comment' name='commentDeleteIcon'/>
              </span>
            </dd>
          </b:loop>
        </dl>
      </div>

      <b:if cond='data:post.commentPagingRequired'>
        <span class='paging-control-container'>
          <a expr:class='data:post.oldLinkClass' expr:href='data:post.oldestLinkUrl'>
            <data:post.oldestLinkText/>
          </a>
          <a expr:class='data:post.oldLinkClass' expr:href='data:post.olderLinkUrl'>
            <data:post.olderLinkText/>
          </a>
          &#160;
          <data:post.commentRangeText/>
          &#160;
          <a expr:class='data:post.newLinkClass' expr:href='data:post.newerLinkUrl'>
            <data:post.newerLinkText/>
          </a>
          <a expr:class='data:post.newLinkClass' expr:href='data:post.newestLinkUrl'>
            <data:post.newestLinkText/>
          </a>
        </span>
      </b:if>

      <p class='comment-footer'>
        <b:if cond='data:post.embedCommentForm'>
          <b:if cond='data:post.allowNewComments'>
            <b:include data='post' name='comment-form'/>
          <b:else/>
            <data:post.noNewCommentsText/>
          </b:if>
        <b:else/>
          <b:if cond='data:post.allowComments'>
            <a expr:href='data:post.addCommentUrl' expr:onclick='data:post.addCommentOnclick'><data:postCommentMsg/></a>
          </b:if>
        </b:if>

      </p>
    </b:if>

    <div id='backlinks-container'>
    <div expr:id='data:widget.instanceId + &quot;_backlinks-container&quot;'>
       <b:if cond='data:post.showBacklinks'>
         <b:include data='post' name='backlinks'/>
       </b:if>
    </div>
    </div>
  </div>
</b:includable>
</b:widget>
</b:section>
      </div>

      <div id='sidebar-wrapper'>
        <b:section class='sidebar' id='sidebar' preferred='yes'>
<b:widget id='HTML2' locked='false' title='' type='HTML'>
<b:includable id='main'>
  <!-- only display title if it's non-empty -->
  <b:if cond='data:title != &quot;&quot;'>
    <h2 class='title'><data:title/></h2>
  </b:if>
  <div class='widget-content'>
    <data:content/>
  </div>

  <b:include name='quickedit'/>
</b:includable>
</b:widget>
<b:widget id='HTML3' locked='false' title='' type='HTML'>
<b:includable id='main'>
  <!-- only display title if it's non-empty -->
  <b:if cond='data:title != &quot;&quot;'>
    <h2 class='title'><data:title/></h2>
  </b:if>
  <div class='widget-content'>
    <data:content/>
  </div>

  <b:include name='quickedit'/>
</b:includable>
</b:widget>
<b:widget id='Profile1' locked='false' title='About Administrator' type='Profile'>
<b:includable id='main'>
    <b:if cond='data:title != &quot;&quot;'>
      <h2><data:title/></h2>
    </b:if>
    <div class='widget-content'>
    <b:if cond='data:team == &quot;true&quot;'> <!-- team blog profile -->
      <ul>
        <b:loop values='data:authors' var='i'>
          <li><a expr:href='data:i.userUrl'><data:i.display-name/></a></li>
        </b:loop>
      </ul>

      <b:else/> <!-- normal blog profile -->

      <b:if cond='data:photo.url != &quot;&quot;'>
        <a expr:href='data:userUrl'><img class='profile-img' expr:alt='data:photo.alt' expr:height='data:photo.height' expr:src='data:photo.url' expr:width='data:photo.width'/></a>
      </b:if>

      <dl class='profile-datablock'>
        <dt class='profile-data'><data:displayname/></dt>

        <b:if cond='data:showlocation == &quot;true&quot;'>
          <dd class='profile-data'><data:location/></dd>
        </b:if>

        <b:if cond='data:aboutme != &quot;&quot;'><dd class='profile-textblock'><data:aboutme/></dd></b:if>
      </dl>
      <a class='profile-link' expr:href='data:userUrl'><data:viewProfileMsg/></a>
    </b:if>

     <b:include name='quickedit'/>
    </div>
  </b:includable>
</b:widget>
</b:section>
      </div>

      <!-- spacer for skins that want sidebar and main to be the same height-->
      <div class='clear'>&#160;</div>

    </div> <!-- end content-wrapper -->
  </div></div> <!-- end outer-wrapper -->
 </div> 

<div class='picfooter'>
<div id='footer-wrapper'>
<b:section class='footer' id='footer' preferred='yes'/>

<div id='footer1-wrapper'>
<b:section class='footer' id='footer1' preferred='yes'/>
</div>

<div id='footer2-wrapper'>
<b:section class='footer' id='footer2' preferred='yes'/>
</div>

<div id='footer3-wrapper'>
<b:section class='footer' id='footer3' preferred='yes'/>
</div> <div style='clear:both;'/>
</div>
</div>

<div class='picbottom'>
<div id='bottom-wrapper'>
<b:section class='bottom' id='bottom' preferred='yes'/>

<div id='bottom1-wrapper'>
<b:section class='bottom' id='bottom1' preferred='yes'>
<b:widget id='Followers1' locked='false' title='Followers' type='Followers'>
<b:includable id='main'>
  <b:if cond='data:title != &quot;&quot;'>
    <b:if cond='data:codeSnippet != &quot;&quot;'>
      <h2 class='title'><data:title/></h2>
    <b:else/>
      <b:if cond='data:totalFollowerCount != &quot;&quot;'>
        <h2 class='title'><data:title/> (<data:totalFollowerCount/>)</h2>
      </b:if>
    </b:if>  
  </b:if>
  <div class='widget-content'>
    <div expr:id='data:widget.instanceId + &quot;-wrapper&quot;'>
      <b:if cond='data:codeSnippet != &quot;&quot;'>
        <div style='margin-right:2px;'>
          <data:codeSnippet/>
        </div>
      <b:else/>
        <b:if cond='data:totalFollowerCount == &quot;&quot;'>
          <span class='item-control following-not-admin'>
            <b><data:failureSnippet/></b>
          </span>
          <span class='item-control blog-admin'>
            <b><data:adminFailureSnippet/></b>
          </span>
        <b:else/>
          <b:if cond='data:followingLinkPresent'>
            <div class='follow-this profile-link item-control following-follow-this'>
              <a expr:href='&quot;javascript:_FollowersView._openPopup(\&quot;&quot; + data:followUri + &quot;\&quot;);&quot;'>
                <data:followThisMessage/>
              </a>
            </div>
            <div class='follow-this profile-link item-control following-stop-following-this'>
              <a expr:href='&quot;javascript:_FollowersView._openPopup(\&quot;&quot; + data:followUri + &quot;\&quot;);&quot;'>
                <data:stopFollowingMessage/>
              </a>
            </div>
          </b:if>
  
          <div class='followers-grid'>
            <b:if cond='data:totalFollowerCount == 0'>
              <div class='profile-link item-control following-follow-this'>
                <data:emptyFollowersMessage/>
              </div>
            </b:if>
            <!--
            Relies on the js written out in navbar.gxp
            -->
            <b:loop values='data:followers' var='follower'>
              <div class='follower'>
                <a expr:href='data:follower.profileUrl' expr:title='data:follower.displayName' rel='nofollow'>
                <img class='follower-img' expr:alt='data:follower.displayName' expr:height='data:follower.imageHeight' expr:onerror='&quot;this.onerror=null;this.src=\&quot;&quot; + data:anonFollowerImageUrl + &quot;\&quot;;&quot;' expr:onload='&quot;setAttributeOnload(this, \&quot;src\&quot;, \&quot;&quot; + data:follower.imageUrl + &quot;\&quot;)&quot;' expr:width='data:follower.imageWidth' src='http://img1.blogblog.com/img/blank.gif'/>
                </a>
              </div>
            </b:loop>
            <div class='clear'/>
          </div>
  
          <div class='followers-canvas profile-link'>
            <data:followersFooterMessage/>
            <span class='item-control following-not-admin'>
              <a expr:href='data:followersUri'>
                <data:viewAllMessage/>
              </a>
            </span>
            <span class='item-control blog-admin'>
              <a expr:href='data:manageFollowersUri'>
                <data:manageFollowersMessage/>
              </a>
            </span>
          </div>
          </b:if>
      </b:if>
    </div>
    <b:include name='quickedit'/>
  </div>
</b:includable>
</b:widget>
</b:section>
</div>

<div id='bottom2-wrapper'>
<b:section class='bottom' id='bottom2' preferred='yes'>
<b:widget id='Feed3' locked='false' title='Inside AdSense Update' type='Feed'>
<b:includable id='main'>
    <h2><data:title/></h2>
    <div class='widget-content' expr:id='data:widget.instanceId + &quot;_feedItemListDisplay&quot;'>
      <span style='filter: alpha(25); opacity: 0.25;'>
        <a expr:href='data:feedUrl'><data:loadingMsg/></a>
      </span>
    </div>
    <b:include name='quickedit'/>
  </b:includable>
</b:widget>
</b:section>
</div>

<div id='bottom3-wrapper'>
<b:section class='bottom' id='bottom3' preferred='yes'>
<b:widget id='Feed1' locked='false' title='My Others Blog' type='Feed'>
<b:includable id='main'>
    <h2><data:title/></h2>
    <div class='widget-content' expr:id='data:widget.instanceId + &quot;_feedItemListDisplay&quot;'>
      <span style='filter: alpha(25); opacity: 0.25;'>
        <a expr:href='data:feedUrl'><data:loadingMsg/></a>
      </span>
    </div>
    <b:include name='quickedit'/>
  </b:includable>
</b:widget>
</b:section>
</div>

<div id='bottom4-wrapper'>
<b:section class='bottom' id='bottom4' preferred='yes'>
<b:widget id='Feed2' locked='false' title='Blogger Update' type='Feed'>
<b:includable id='main'>
    <h2><data:title/></h2>
    <div class='widget-content' expr:id='data:widget.instanceId + &quot;_feedItemListDisplay&quot;'>
      <span style='filter: alpha(25); opacity: 0.25;'>
        <a expr:href='data:feedUrl'><data:loadingMsg/></a>
      </span>
    </div>
    <b:include name='quickedit'/>
  </b:includable>
</b:widget>
</b:section>
</div> <div style='clear:both;'/>
</div>
</div>

<div id='credit-wrapper'>
<div id='link-wrapper'>
<strong>Copyright &#169; 2010. <a class='sitename' expr:href='data:blog.homepageUrl' expr:title='data:blog.title'><data:blog.title/></a></strong> - Some rights reserved | This Blog present and Proudly Powered by <a href='http://www.blogger.com'><strong>Blogger.com</strong></a><br/> 
Blogger Template Created by <a href='http://www.herdiansyah.web.id'><strong>Herdiansyah</strong></a> and <a href='http://www.bloggermaps.com'><strong>Blogger Maps</strong></a> | Original Basic  Design by <a href='http://www.stopdesign.com/'><strong>Douglas Bowman</strong></a>
</div>
</div>

</body>
</html>