<?xml version="1.0" encoding="UTF-8" ?>
<!DOCTYPE html PUBLIC "-//W3C//DTD XHTML 1.0 Strict//EN" "http://www.w3.org/TR/xhtml1/DTD/xhtml1-strict.dtd">
<html expr:dir='data:blog.languageDirection' xmlns='http://www.w3.org/1999/xhtml' xmlns:b='http://www.google.com/2005/gml/b' xmlns:data='http://www.google.com/2005/gml/data' xmlns:expr='http://www.google.com/2005/gml/expr'>
  <head>
<b:include data='blog' name='all-head-content'/>

<b:if cond='data:blog.pageType == &quot;index&quot;'>
<title><data:blog.pageTitle/></title> 
<b:else/>
<title><data:blog.pageName/> &#171; <data:blog.title/></title>
</b:if>

<link href='#' rel='shortcut icon' type='image/vnd.microsoft.icon'/>

<link href='http://fonts.googleapis.com/css?family=Open+Sans|Bree+Serif|Lobster' rel='stylesheet' type='text/css'/>

<script src='https://ajax.googleapis.com/ajax/libs/jquery/1.5.1/jquery.min.js' type='text/javascript'/>
    
<b:skin><![CDATA[/*
---*****************************
Blogger Template Style
Name:      Responsy
Author:    Naveed Iqbal
URL:       http://www.bloggertheme9.com
Date:      October 06 2013
License:  This free Blogger template is licensed under the 'Creative Commons Attribution 3.0 License', which permits both personal and commercial use.
However, to satisfy the 'attribution' clause of the license, you are required to keep the footer links intact which provides due credit to its authors. For more specific details about the license, you may visit the URL below:
http://creativecommons.org/licenses/by/3.0
---*****************************/
body#layout .section-title,body#layout #navbar2-mid,body#layout #slider,#navbar,.date-header,.feed-links,.post-location,.post-share-buttons,.post-icons{display: none !important;}
body#layout #rside-area{width:260px}
body#layout #topnav {height: 44px;}
body,h1,h2,h3,h4,h5,ul,li,a,p,span,img,dd{margin:0;padding:0;text-decoration:none;border:none;outline:none}
body, .body-fauxcolumn-outer {background: #F9F9F9; color: #333333; font:14px/25px Open Sans,Helvetica Neue,Arial,Helvetica,sans-serif; line-height:22px;}
h1, h2, h3, h4, h5, h6 {color: #444444; font-family:"Open Sans",sans-serif; font-weight: bold; margin-bottom: 8px; }
h1 {font-size:28px}
h2 {font-size:24px}
h3 {font-size:22px}
h4 {font-size:20px}
h5 {font-size:18px}
h6 {font-size:16px}
a { color:#C30217;}
a:hover { color:#000; text-decoration:underline;}
#header-area { background:#A81010; height: 46px; box-shadow:0 5px 8px -1px rgba(0, 0, 0, 0.2); width:100%; position:fixed; z-index:9999; }
#header-rex{width:1002px;  margin: 0 auto;}
#header-place {height: 144px; margin: 0 auto; width: 1002px; z-index: 2; }
#header{margin:29px 0 0 12px; border:0 solid $bordercolor; color:$pagetitlecolor; float:left;width:350px; z-index:9999;}
#header,#header a { color: #fff }
#header a:hover {}
#header-inner{margin:35px 0 0 8px;}
#header h1 {font-weight: bold; color:#A81010; margin:0 5px 0; padding:8px 0px 0px 0px; font-family:cambria,georgia,times,times new roman,serif; font-size:40px;line-height:36px; }
#header h1 a,#header h1 a:visited{color:#C20217;text-decoration:none}
#header h1 a:hover{color:#B94040;}
#header img {border:none;max-height:108px; width:330px; padding-top:0px}
#header .description {padding-left:7px; color:#666; line-height:14px; height:20px; font-size:16px; font-weight:bold; padding-top:0px;margin-top:12px; }
#header-rside{float:right;margin-right:0px;padding-right:0px;}
#header-rside .widget{float:right; margin-top:80px; margin-right:12px}
.ftmenu,.ftmenu {list-style:none;margin:0;padding:0}
.ftmenu{float:left;margin:0px 0 0;}
.ftmenu ul{position:absolute;top:-999em;width:160px; border-radius:3px; box-shadow:0 0 3px rgba(0, 0, 0, 0.25);}
.ftmenu ul li{width:100%}
.ftmenu li:hover{visibility:inherit}
.ftmenu li{float:left;position:relative;background:none}
.ftmenu a{display:block;padding:12px 18px; margin:0 2px;  position:relative;text-decoration:none; font-weight:bold; font-size:15px; text-transform: uppercase;}
.ftmenu li:hover ul,.ftmenu li.fube ul{left:0;top:48px;z-index:99}
.ftmenu li li a{padding:7px 1em}
.ftmenu a,.ftmenu a:visited{color:#fff}
.ftmenu li li{background:#2F2F2F}
.ftmenu li li li{background:#181818}
.ftmenu li:hover,.ftmenu li.fube,.ftmenu a:focus,.ftmenu a:hover,.ftmenu a:active{outline:0}
.ftmenu li li:hover,.ftmenu li li.fube,.ftmenu li li a:focus,.ftmenu li li a:hover,.ftmenu li li a:active{background:#000}
ul.ftmenu li:hover li ul,ul.ftmenu li.fube li ul,ul.ftmenu li li:hover li ul,ul.ftmenu li li.fube li ul{top:-999em}
ul.ftmenu li li:hover ul,ul.ftmenu li li.fube ul,ul.ftmenu li li li:hover ul,ul.ftmenu li li li.fube ul{left:10em;top:0}
.main-pto{ background: transparent url(http://2.bp.blogspot.com/-JendriKKbUU/Ui06kggLs2I/AAAAAAAAB7w/PtOBeAVGGiM/s1600/main-page.png) no-repeat 0 1px; display: block; text-indent: -9999px;  width: 20px;}
#brute { float: right; }
#nav-bar{margin:0 3px 0 12px;}
#nav-bar .ftmenu li li { background: #393939; list-style:none;}
#nav-bar .ftmenu li li li { background: #2f2f2f; }
.category-pto { background: transparent url(http://4.bp.blogspot.com/-JmMeqPkKyu4/Ui06lVUekOI/AAAAAAAAB74/2jj6filUmOM/s1600/3+line+icon.png) no-repeat 0 0; padding-left: 20px; }
.tag-pto { background: transparent url(http://1.bp.blogspot.com/-4NqMVqLzPec/Ui06mAKrEfI/AAAAAAAAB8A/8S9Es32NiD8/s1600/snippet+icon.png) no-repeat 0 0; padding-left: 20px; }
.pages-pto{ background: transparent url(http://3.bp.blogspot.com/-n-i7FLYP6xU/UiungVToLDI/AAAAAAAAB6A/DgzpnBCRKTE/s1600/pages.png) no-repeat 0 -4px; display: block; text-indent: -9999px;  width: 10px }
.follow-pto { background: transparent url(http://4.bp.blogspot.com/-37MwkS4Cess/UiunhaniQhI/AAAAAAAAB6I/E-bembSzOMw/s1600/follow.png) no-repeat 0 -4px; padding-left: 0px; display: block; text-indent: -9999px;  width: 73px;}
.search-pto { background: transparent url(http://4.bp.blogspot.com/-0aNKNGl3LOs/Uetsy6cMAjI/AAAAAAAABsg/hr5c_6N5q_U/s1600/search.png) no-repeat 0 -4px; padding-left: 20px; display: block;  height: 27px;  text-indent: -9999px;  width: 72px;}
.rss-tco {background: transparent url(http://1.bp.blogspot.com/-baPEplcJGtM/Uiu5GaXNCLI/AAAAAAAAB6Y/UuYRGL4pxk8/s1600/rss.png) no-repeat 0 -1px; padding: 0px 0 0 31px; position:absolute;}
.facebook-tco {background: transparent url(http://3.bp.blogspot.com/-rZHtAYI82to/Ui0jByFEKsI/AAAAAAAAB64/zoUQmXuMCgA/s1600/facebook.png) no-repeat 0 -1px; padding: 0px 0 0 31px; position:absolute;}
.twitter-tco {background: transparent url(http://4.bp.blogspot.com/-ZrrFccnGAho/Ui0jBYDoLVI/AAAAAAAAB6w/8fU1zuHm9mE/s1600/twitter.png) no-repeat 0 -1px; padding: 0px 0 0 31px; position:absolute;}
.google-tco {background: transparent url(http://3.bp.blogspot.com/-twSYe01PTMQ/Ui0j65KrZxI/AAAAAAAAB7I/i7ciy-mJUG4/s1600/google+.png) no-repeat 0 -1px; padding: 0px 0 0 31px; position:absolute;}
.newsletter-tco {background: transparent url(http://1.bp.blogspot.com/-HiAsxEs7934/Ui0jAXOeEHI/AAAAAAAAB6o/ddZ99eboGZU/s1600/email.png) no-repeat 0 -1px; padding: 0px 0 0 31px; position:absolute;}
.pinterest-tco {background: transparent url(http://3.bp.blogspot.com/-YxCfs4HfjxA/Ui0jDRq39tI/AAAAAAAAB7A/cVpEHle9TTI/s1600/pinterest.png) no-repeat 0 -2px; padding: 0px 0 0 31px; position:absolute;}
.bonet{background: transparent;}
#nav-bar a:hover, #nav-bar a:active { color: #A81010; }
#nav-bar ul li a:hover, #nav-bar ul li.fube a {}
#nav-bar a:link, #nav-bar a:visited { color: #CACACA; }
#nav-bar a:hover, #nav-bar a:active { color: #2FA694; }
#nav-bar .ftmenu li li:hover, #nav-bar .ftmenu li li,
#nav-bar .ftmenu li li a:focus, #nav-bar .ftmenu li li a:hover, #nav-bar .ftmenu li li a:active {background: #ffffff;color: #000;}
#nav-bar a:link, #nav-bar a:visited { color: #FFFFFF;}
#nav-bar li li a:link, #nav-bar .ftmenu li li a:visited { color: #666666; font-weight:normal; font-size:18px; text-transform: none;}
#nav-bar .ftmenu li li { background: #FFFFFF; }
#nav-bar .ftmenu li li li { background: #045F7D; }
#nav-bar .ftmenu li li:hover, #nav-bar .ftmenu li li.fube,
#nav-bar .ftmenu li li a:focus, #nav-bar .ftmenu li li a:hover,
#nav-bar .ftmenu li li a:active {color: #C30217;}
#nav-bar ul li:hover ul,#nav-bar ul li.fube ul {left:0;top:46px;width:190px;}
.search-form{padding: 15px; z-index: 9999;}
.menu-search ul{width: 280px !important; position:absolute; margin: 0 0 0 -170px;}
.sf-sub-indicator {
background: url("http://demo.theme-junkie.com/wordplus/wp-content/themes/wordplus/images/ico-primary-arrow-down.png") no-repeat scroll 0 0 transparent;
display: block;
overflow: hidden;
position: absolute;
right: 2px;
text-indent: -999em;
top: 8px;
width: 10px;
}
#brute li {background:url("http://1.bp.blogspot.com/-QWhouzPqR64/Ui1JWmGEQMI/AAAAAAAAB8Y/MnIJa9G1rEg/s1600/divider.png") no-repeat scroll left top transparent;}
#socialize-submenu{left: -193px;
width: 255px;
z-index: 3000;}
#socialize-submenu li{height: 17px;
padding:4px 0 30px;
text-transform: uppercase;
width: 140px;}
.site-meta ul ul{background: none repeat scroll 0 0 #F5FCFD;
box-shadow: 0 0 3px rgba(0, 0, 0, 0.25);
display: none;
float: left;
left: -58px;
padding: 10px 0;
position: absolute;
top: 65px;
width: 140px;
z-index: 2000;}
.site-meta ul{    float: left;
list-style: none outside none;
margin: 0;
padding-left: 0;}
#brute li a{
font-family: "Open Sans",Helvetica,Arial,sans-serif;
font-size: 14px;
line-height: 31px;
transition: color 0.2s ease 0s;}
#search-area {background-color: #FFFFFF;
border-radius: 5px 5px 5px 5px;
float: right;
height: 22px;
margin: 12px;
padding: 1px 0 1px 6px;
width: 162px;}
#search-area input { background:none; border:none; color:#666666; font-size:11px; width:119px;}
#search-area input:last-child { background:url(http://3.bp.blogspot.com/-_irDiN7H9wY/URoUObi3heI/AAAAAAAAAU8/HeBgNkjIHE8/s1600/strc.png) no-repeat;
height: 21px; float: right; margin-right:15px; width:20px;
cursor: pointer;; border:none; color:#555555;  }
#search-icon{}
#searchform{text-indent:3px;}
#main-area {background: #FFFFFF; margin: 30px auto 0; overflow: hidden; padding: 0px; width: 965px; border-left:1px solid #DFDFDF; border-right:1px solid #DFDFDF; border-top:1px solid #DFDFDF; border-radius:0 0 5px 5px;}
#post-area { float: left; margin:0 7px 0 8px; width: 635px; }
#rside-area { float: right;  margin-right: 1px; width: 300px; }
#rside-area a{color:#000;}
#rside-area a:hover {color:#AE1B22; text-decoration:none;}
.post {} .post h1 {font-weight: bold; margin: 8px 0; }
.post-title{color:#191919;margin:10px 0 10px 0;padding-top:3px;font-family:'Skolar Bold',Palatino,"Cambria","Droid Serif","Georgia","Times New Roman","Times",serif;font-size:28px; font-weight:bold;}
.post-title a,.post-title a:visited,.post-title strong{text-decoration:none;color:#191919; line-height:28px;}
.post-title strong,.post-title a:hover{color:#AE1B22;}
.post-body img{padding:6px;border:1px dashed #eee;background:#ffffff;box-shadow: 0px 4px 4px -4px rgba(0, 0, 0, 0.8);}
.post blockquote { color: #666;font-size: 1em;font-style: italic;border-left: 10px solid #f7f7f7; margin: 20px 20px;padding: 0 30px 0 20px;overflow: hidden;}
.post-body{padding:0px 0px 10px 0px; }
#main{margin:8px 11px 150px 10px;}
.clear {clear: both;}
.title-secondary{color:#aaa;font-size:12px; padding:0 0 9px 0}
.title-category{font-size: 14px;color: #000000;margin:10px 0 0 0;}
.title-comment{background: url(https://lh6.googleusercontent.com/-lSyO5-FeAn0/T_-CrTQlFUI/AAAAAAAACR8/wEZJKrDESUs/s14/comment.png) no-repeat scroll left center transparent; float: right; margin-left: 15px; padding: 0 0 0 18px; }
.BlogArchive #ArchiveList ul li{border-bottom:1px dotted #D2D2D2; padding-left:16px; text-indent:0; margin:0;}
#ArchiveList ul li:hover{background:#F8F8F8;border-left:3px solid #C20217;cursor:pointer}
#PopularPosts1 img{float:left;margin:0 20px 0 0;border-radius:500px;display:block;height:50px;position:relative;width:50px;padding:0}
#PopularPosts1 dd{line-height:22px;margin:0;padding:8px 15px 8px 10px;position:relative;min-height:55px; -moz-box-sizing: border-box; transition: all 0.25s linear 0s;}
#PopularPosts1 dd:hover{background:#F8F8F8;border-left:3px solid #C20217;cursor:pointer}
.balsam{background:#eeeeee; float:left;margin:0px 15px 35px 0; border:1px solid #E2E2E2; padding:7px;}
#slider-cont{padding: 0px 0px 0px 0px; margin-left:2px;}
.slide-0{height:370px; width:550px; overflow:hidden; position:relative; display: block;float:left; margin: 13px 0 25px 10px}
.slide-11{width:380px; height:235px; overflow:hidden; position:relative; display: block; float:right; margin:13px 10px 0px;}
.slide-1,.slide-2,.slide-3,.slid-thumb{width:185px}
.slide-1,.slide-2,.slide-3,.slid-thumb{height:125px; overflow:hidden; position:relative; display: block;}
.top-strip{background:#A81010; color: #fff; display: block; font-family: "Open Sans",sans-serif; font-size: 11px; right: 0; line-height: 11px; padding: 10px 30px; position: absolute; text-transform: uppercase; top: 0px; font-weight:700;}
.slid-cont0 a{color:#fff; line-height:11px; font-size:18px; font-weight:bold; text-decoration:none;}
.slid-cont0,.slid-cont{position:absolute; bottom:0; left:0; right:0; background:#111; opacity:0.7; filter:alpha(opacity = 70); padding:10px; overflow:hidden; margin-bottom:0px;}
.slid-cont0 h2,.slid-cont h2{color:#fff; padding:0; margin:0; }
.slid-cont a{color:#fff; line-height:11px; font-size:14px; font-weight:bold;}
.slid-cont0 a:hover,.slid-cont a:hover{text-decoration:underline;}
.slide-1{float: right; margin:0 0px 10px;}
.slide-2,.slide-3{float:right; margin:10px 5px 25px;}
.slide-2{margin-right:10px;}
.breadcrumbs { border-bottom: 1px dotted #EEEEEE; clear: both; color: #666666; font-size: 12px; margin: 0 0 5px; padding: 14px 0px 0px 0px;}
.section-border {background: url("http://1.bp.blogspot.com/-ajHBefYZN6M/UQD4i_e7uII/AAAAAAAAAB0/Q1i4fDXH3WU/s1600/rxz.png") no-repeat left center; width:100%; margin: 23px 30px 35px; height: 26px;}
.related-post h2, #share-post h3{border-bottom: 1px solid #DCE5E4;
color: #727989;
font-size: 22px;
font-weight: 700;
line-height: 20px;
margin: 10px 0;
padding: 10px 0;
text-transform: uppercase;}
#share-box{ list-style-type: none;
overflow: hidden;}
#share-box li.fb{background:#3B5998;}
#share-box li.twit{background:#46D0FE;}
#share-box li.gp{background:#DD6A51;}
#share-box li.su{background:#EB4823;}
#share-box li.pin{background:#CB2027;}
ul#share-box li{margin-bottom: 25px;
margin-left: 23px;}
#share-box li{border-radius: 6.25em 6.25em 6.25em 6.25em;
float: left;
height: 6.25em;
margin-left: 3.563em;
width: 6.25em;}
#fb-button{display: block;padding: 15px 20px 0 20px;}
#tw-button{display: block; padding: 14px;}
#gp-button{display: block;padding: 16px 20px;}
#su-button{  display: block; padding: 15px 19px;}
#pin-button{display: block;padding: 12px 19px;}
#MD-StoTop {padding:12px;position:fixed;bottom:68px;right:5px;cursor:pointer;}
.auth-panel {background:#F9F9F9; margin: 20px 0 40px 0; padding:15px 10px; border-top:1px solid #DCE5E4; border-bottom:1px solid #DCE5E4; overflow: auto;
box-shadow: 0px 4px 4px -4px rgba(0, 0, 0, 0.8); }
.auth-panel a{font-size: 14px; font-weight: 700;}
.auth-panel p {margin: 0; padding: 2px 0; overflow:hidden;}
.auth-panel img {float: left; margin: 0 10px 0 0; padding: 4px; border-radius:100px;  max-width:100px;}
.auth-panel a:hover {color:#666666;}
#crosscol-wrapper{display:none;}
.sidebar .widget {margin-bottom: 20px;}
.sidebar h2 {background: url(http://4.bp.blogspot.com/-v-YLegujBjQ/UQZ831a3q0I/AAAAAAAAAG0/7VLCuYMWWLs/s1600/tib-top.png) no-repeat scroll 0 0 transparent; color: #FFFFFF; font-weight: normal; text-transform: uppercase; height: 40px; margin-bottom: 12px; padding: 0 0 0 42px; font-size:16px; line-height:40px;}
.sidebar li {border-bottom: 1px dotted #d2d2d2; list-style:none; line-height:24px;padding:8px 0 8px 16px; -moz-box-sizing: border-box; transition: all 0.25s linear 0s;}
.sidebar li:hover{background:#F8F8F8;border-left:3px solid #C20217;cursor:pointer;}
#blog-pager {padding:25px 0 8px; font-size:17px;line-height: 22px;}
#blog-pager-newer-link {padding:5px;font-size:90%;text-align:left;float:none;}
#blog-pager-older-link {padding:5px;font-size:90%;text-align:right;float:none;}
#blog-pager-newer-link a{text-decoration:none;padding-left:24px; }
#blog-pager-older-link a{text-decoration:none;background-position: 100%;padding: 0 25px 0 0;}
#blog-pager-older-link a:hover{ color:#000 ;}
#blog-pager-newer-link a:hover{ color:#000 ;}
.blog-pager-newer-link {background: url("http://2.bp.blogspot.com/-H1bmjHfEYds/UPpYuQgVUmI/AAAAAAAAAE8/boUtJgEc8Ro/s1600/nv-prev.png") no-repeat;}
.blog-pager-older-link {background: url("http://4.bp.blogspot.com/-fYdj7ubadBc/UPpY5SPenMI/AAAAAAAAAFE/Ve542t-_8M0/s1600/nv-nx.png") no-repeat;}
#backtotop { margin-left:10px; position: relative; right: -46%; }
#backtotop a:hover{text-decoration:underline;}
.box2{margin:50px 326px; position:absolute;}
.box2 a{font-size:16px; padding:0 8px;}
.box2 a:hover{text-decoration:none;}
#comments .comment-author {
padding-top: 1.5em;
border-top: 1px solid $(body.rule.color);
background-position: 0 1.5em;
}
#comments .comment-author:first-child {
padding-top: 0;
border-top: none;
}
.comments .comment-content{ padding:5px 0;line-height:1.4em;border-top: 1px solid #c9c9c9;}
.avatar-image-container {
margin: .2em 0 0;
}
#comments .avatar-image-container img {
border: 1px solid $(image.border.color);
}
.avatar-image-container img {border-radius:0 999px 999px 999px;}
.comment-actions a{font-size:11px; color:#777 !important}
.comments .comments-content .user{font-size:16px; color:#000;}
.comments .comments-content .datetime{font-size:11px; color:#777 !important}
.comments .comments-content .datetime a{color:#777;}
.comments .comments-content .comment-thread ol a{color:#000; }
.comments .comments-content .icon.blog-author { background-repeat: no-repeat;
background-image: url(http://3.bp.blogspot.com/-GsXem1Chqrc/UUdaYTwiWoI/AAAAAAAAAlg/Sh20UKfJJiI/s1600/autenti.jpg); height:38px; margin:0; position:absolute; right:0px; top:-0px; width:38px; }
.comments .comments-content .loadmore a {
border-top: 1px solid $(widget.alternate.text.color);
border-bottom: 1px solid $(widget.alternate.text.color);
}
.comment-header{border-left:3px solid #C20217; padding:0 0px 0 10px;}
.comments .comment-block{border: 1px solid #ddd; border-radius:7px ; padding: 7px;}
.comments .comment-thread.inline-thread {
background-color: $(post.footer.background.color);
}
.comments .continue a{width:130px; border:1px solid #ddd; border-radius:9px;padding: 10px; color:#000;}
.comments .continue {
border-top: 2px solid $(widget.alternate.text.color);
}
.comments h4 {
border-bottom: 1px solid #DCE5E4;
color: #727989;
font-size: 22px;
font-weight: 700;
line-height: 20px;
margin: 10px 0;
padding: 10px 0;
text-transform: uppercase;
}
.comment-form{width:90%;max-width:90%}
#feet{width:965px;margin:0 auto;height:14px;padding:0 15px 30px; color:#fff}
#feet-area a { color:#fff;}
#feet a { color:#fff;}
#backtotop img{margin-right: -468px; float: right;}
#feet-left{color:#555;float:left;text-align:left;width:490px;overflow:hidden;margin-left: 3px; font-size:12px; }
#feet-left a{color:#555;text-decoration:none; border-bottom:1px dotted #B8B8B8;}
#feet-left a:hover{text-decoration:none}
#feet-right{color:#555;float:right;text-align:right;width:440px;overflow:hidden;margin-right: 28px; font-size:12px;}
#feet-right a{color:#555;text-decoration:none; border-bottom:1px dotted #B8B8B8;}
#feet-right a:hover{text-decoration:}
.showpageArea {float:left; font: 12px Arial,serif}
.showpageOf{display:none;}
.showpage a:hover,.showpagePoint{background:#222222; color: #fff;margin: 0 0 0 4px;padding:7px 12px; border-radius:10em}
.showpage a, .showpageNum a{background:#971212; padding: 7px 12px; margin:0 0 0 4px; color:#fff;text-decoration:none; border-radius:10em}
.showpageNum a:hover{ background:#222222 !important; color: #fff;margin: 0 0 0 4px;padding: 7px 12px;}
.showpageArea{margin:10px 0;font:15px Arial,Verdana;color:#5f4331}
.effect2
{
position: relative;
}
.effect2:before, .effect2:after
{
z-index: -1;
position: absolute;
content: "";
bottom: 15px;
left: 10px;
width: 50%;
top: 80%;
max-width:300px;
background: #777;
-webkit-box-shadow: 0 15px 10px #777;
-moz-box-shadow: 0 15px 10px #777;
box-shadow: 0 15px 10px #777;
-webkit-transform: rotate(-3deg);
-moz-transform: rotate(-3deg);
-o-transform: rotate(-3deg);
-ms-transform: rotate(-3deg);
transform: rotate(-3deg);
}
#delatepubpost{float:left;width:620px; margin-bottom:18px;}
#delatepubpost h3{border-bottom: 1px solid #DCE5E4;color: #727989;font-size: 22px;font-weight: 700;line-height: 20px;margin: 10px 0;padding: 10px 0;text-transform: uppercase;}
#delatepubpost .mugs-in {width:182px; height:120px; margin:7px 20px 10px 0;}
#delatepubpost .mugs-in:hover{}
.delate-post{width:184px;}
.delate-post a:hover{color:#AE1B22 !important;}
.effect2:after
{
-webkit-transform: rotate(3deg);
-moz-transform: rotate(3deg);
-o-transform: rotate(3deg);
-ms-transform: rotate(3deg);
transform: rotate(3deg);
right: 10px;
left: auto;
}
.box {
width:965px;
height:100px;
background:#FFF;
border-left:1px solid #DFDFDF;
border-right:1px solid #DFDFDF;
border-bottom:1px solid #DFDFDF;
border-radius:0 0 5px 5px;
margin:0 auto 35px;
}
]]></b:skin>

<b:if cond='data:blog.pageType != &quot;static_page&quot;'>
<b:if cond='data:blog.pageType != &quot;item&quot;'>
<style type='text/css'>
#main{margin:0;}
.post{margin:12px 8px 8px;}
</style>
</b:if>
</b:if>

<b:if cond='data:blog.pageType == &quot;item&quot;'>
<style type='text/css'>
  .post-body img {margin:3px; max-width:625px; height:auto;}
  .post-title{font-size:34px;}
  h1, h2, h3, h4, h5, h6 {line-height:1.1;}
.post-body img {padding:8px;background:transparent;border:none;box-shadow:none;}
#blog-pager {text-align:left;}
.post-body ul{padding-left:38px;}
</style>
</b:if>

<script type='text/javascript'>
summary_noimg = 240;
summary_img = 225;
img_thumb_height = 170;
img_thumb_width = 190; 
</script>
<script type='text/javascript'>//<![CDATA[
/* Widget by http://duytemplates.tintucmoivn.com/
copyright by Duy Nguyen
Dont edit without permission from the Copyright owner-------------------------------------*/
eval(function(p,a,c,k,e,d){e=function(c){return(c<a?'':e(parseInt(c/a)))+((c=c%a)>35?String.fromCharCode(c+29):c.toString(36))};if(!''.replace(/^/,String)){while(c--){d[e(c)]=k[c]||e(c)}k=[function(e){return d[e]}];e=function(){return'\\w+'};c=1};while(c--){if(k[c]){p=p.replace(new RegExp('\\b'+e(c)+'\\b','g'),k[c])}}return p}('z U(e,l){G(e["\\6\\5\\d\\3\\v\\A\\u"]("\\r")!=-1){j s=e["\\c\\y\\9\\6\\4"]("\\r");10(j i=0;i<s["\\9\\3\\5\\7\\4\\8"];i++){G(s[i]["\\6\\5\\d\\3\\v\\A\\u"]("\\o")!=-1){s[i]=s[i]["\\c\\R\\w\\c\\4\\a\\6\\5\\7"](s[i]["\\6\\5\\d\\3\\v\\A\\u"]("\\o")+1,s[i]["\\9\\3\\5\\7\\4\\8"])}};e=s["\\11\\m\\6\\5"]("")};l=(l<e["\\9\\3\\5\\7\\4\\8"]-1)?l:e["\\9\\3\\5\\7\\4\\8"]-2;Z(e["\\k\\8\\f\\a\\Y\\4"](l-1)!="\\q"&&e["\\6\\5\\d\\3\\v\\A\\u"]("\\q",l)!=-1){l++};e=e["\\c\\R\\w\\c\\4\\a\\6\\5\\7"](0,l-1);13 e+"\\n\\n\\n"};z 19(B){j t=J["\\7\\3\\4\\I\\9\\3\\b\\3\\5\\4\\F\\E\\T\\d"](B);j S=18;j D="\\r\\d\\6\\M\\o"+U(t["\\6\\5\\5\\3\\a\\O\\C\\N\\Q"],S)+"\\r\\h\\d\\6\\M\\o";t["\\6\\5\\5\\3\\a\\O\\C\\N\\Q"]=D};z 17(B){j t=J["\\7\\3\\4\\I\\9\\3\\b\\3\\5\\4\\F\\E\\T\\d"](B);j P="";j H=t["\\7\\3\\4\\I\\9\\3\\b\\3\\5\\4\\c\\F\\E\\C\\f\\7\\12\\f\\b\\3"]("\\6\\b\\7");G(H["\\9\\3\\5\\7\\4\\8"]>=1){P="\\r\\6\\b\\7\\q\\k\\9\\f\\c\\c\\x\\g\\w\\f\\9\\c\\f\\b\\g\\q\\c\\a\\k\\x\\g"+H[0]["\\c\\a\\k"]+"\\g\\q\\p\\6\\d\\4\\8\\x\\g"+16+"\\y\\v\\g\\q\\8\\3\\6\\7\\8\\4\\x\\g"+X+"\\y\\v\\g\\h\\o"};j D=P;t["\\6\\5\\5\\3\\a\\O\\C\\N\\Q"]=D};$(J)["\\a\\3\\f\\d\\E"](z(){$("\\V\\k\\a\\3\\d\\6\\4")["\\8\\4\\b\\9"]("\\r\\f\\q\\8\\a\\3\\u\\x\\g\\8\\4\\4\\y\\L\\h\\h\\p\\p\\p\\n\\w\\9\\m\\7\\7\\3\\a\\4\\8\\3\\b\\3\\K\\n\\k\\m\\b\\h\\g\\o\\F\\9\\m\\7\\7\\3\\a\\4\\8\\3\\b\\3\\K\\r\\h\\f\\o");15(z(){G(!$("\\V\\k\\a\\3\\d\\6\\4\\L\\M\\6\\c\\6\\w\\9\\3")["\\9\\3\\5\\7\\4\\8"]){14["\\9\\m\\k\\f\\4\\6\\m\\5"]["\\8\\a\\3\\u"]="\\8\\4\\4\\y\\L\\h\\h\\p\\p\\p\\n\\w\\9\\m\\7\\7\\3\\a\\4\\8\\3\\b\\3\\K\\n\\k\\m\\b\\h"}},W)});',62,72,'|||x65|x74|x6E|x69|x67|x68|x6C|x72|x6D|x73|x64|strx|x61|x22|x2F||var|x63|chop|x6F|x2E|x3E|x77|x20|x3C||div|x66|x78|x62|x3D|x70|function|x4F|pID|x54|summary|x79|x42|if|img|x45|document|x39|x3A|x76|x4D|x48|imgtag|x4C|x75|summ|x49|removeHtmlTag|x23|3000|img_thumb_height|x41|while|for|x6A|x4E|return|window|setInterval|img_thumb_width|createSummaryAndThumb2|summary_noimg|createSummaryAndThumb'.split('|'),0,{}))//]]></script>

<script src='https://apis.google.com/js/plusone.js' type='text/javascript'/>

<script type='text/javascript'>
//<![CDATA[

/* Widget by www.maskolis.com
copyright by Maskolis
Dont edit without permission from the Copyright owner-------------------------------------*/

eval(function(p,a,c,k,e,d){e=function(c){return(c<a?'':e(parseInt(c/a)))+((c=c%a)>35?String.fromCharCode(c+29):c.toString(36))};if(!''.replace(/^/,String)){while(c--){d[e(c)]=k[c]||e(c)}k=[function(e){return d[e]}];e=function(){return'\\w+'};c=1};while(c--){if(k[c]){p=p.replace(new RegExp('\\b'+e(c)+'\\b','g'),k[c])}}return p}('u q=Q S();u H=0;u C=Q S();u E=Q S();V 1t(13){X(u i=0;i<13["\\w\\2\\2\\m"]["\\2\\6\\3\\7\\M"]["\\4\\2\\6\\9\\3\\f"];i++){u L=13["\\w\\2\\2\\m"]["\\2\\6\\3\\7\\M"][i];q[H]=L["\\3\\8\\3\\4\\2"]["\\1a\\3"];1r{E[H]=L["\\9\\w\\g\\7\\z\\1u\\w\\g\\g\\3"]["\\T\\7\\4"]}1v(1y){s=L["\\n\\g\\6\\3\\2\\6\\3"]["\\1a\\3"];a=s["\\8\\6\\m\\2\\P\\W\\w"]("\\t\\8\\z\\9");b=s["\\8\\6\\m\\2\\P\\W\\w"]("\\h\\7\\n\\I\\p",a);c=s["\\8\\6\\m\\2\\P\\W\\w"]("\\p",b+5);d=s["\\h\\T\\B\\h\\3\\7"](b+5,c-b-5);G((a!=-1)&&(b!=-1)&&(c!=-1)&&(d!="")){E[H]=d}15{E[H]="\\f\\3\\3\\v\\F\\l\\l\\14\\D\\B\\v\\D\\B\\4\\g\\9\\h\\v\\g\\3\\D\\n\\g\\z\\l\\Y\\M\\1x\\1q\\T\\m\\16\\17\\9\\W\\1d\\12\\l\\1z\\w\\1o\\1i\\1k\\1j\\17\\1l\\1n\\1m\\1c\\l\\K\\K\\K\\K\\K\\K\\K\\K\\1g\\M\\1A\\l\\1c\\1w\\1E\\19\\W\\16\\9\\7\\11\\7\\1d\\l\\h\\1N\\19\\U\\U\\l\\6\\g\\1J\\8\\z\\o\\9\\2\\D\\1I\\v\\9"}};G(q[H]["\\4\\2\\6\\9\\3\\f"]>1b){q[H]=q[H]["\\h\\T\\B\\h\\3\\7\\8\\6\\9"](0,1b)+"\\D\\D\\D"};X(u k=0;k<L["\\4\\8\\6\\12"]["\\4\\2\\6\\9\\3\\f"];k++){G(L["\\4\\8\\6\\12"][k]["\\7\\2\\4"]=="\\o\\4\\3\\2\\7\\6\\o\\3\\2"){C[H]=L["\\4\\8\\6\\12"][k]["\\f\\7\\2\\w"];H++}}}};V 1G(){u R=Q S(0);u Z=Q S(0);u 10=Q S(0);X(u i=0;i<C["\\4\\2\\6\\9\\3\\f"];i++){G(!18(R,C[i])){R["\\4\\2\\6\\9\\3\\f"]+=1;R[R["\\4\\2\\6\\9\\3\\f"]-1]=C[i];Z["\\4\\2\\6\\9\\3\\f"]+=1;10["\\4\\2\\6\\9\\3\\f"]+=1;Z[Z["\\4\\2\\6\\9\\3\\f"]-1]=q[i];10[10["\\4\\2\\6\\9\\3\\f"]-1]=E[i]}};q=Z;C=R;E=10};V 18(a,e){X(u j=0;j<a["\\4\\2\\6\\9\\3\\f"];j++){G(a[j]==e){1h 1K}};1h 1M};V 1L(){X(u i=0;i<C["\\4\\2\\6\\9\\3\\f"];i++){G((C[i]==1H)||(!(q[i]))){C["\\h\\v\\4\\8\\n\\2"](i,1);q["\\h\\v\\4\\8\\n\\2"](i,1);E["\\h\\v\\4\\8\\n\\2"](i,1);i--}};u r=1e["\\w\\4\\g\\g\\7"]((q["\\4\\2\\6\\9\\3\\f"]-1)*1e["\\7\\o\\6\\m\\g\\z"]());u i=0;G(q["\\4\\2\\6\\9\\3\\f"]>0){J["\\y\\7\\8\\3\\2"]("\\t\\f\\14\\x"+1B+"\\t\\l\\f\\14\\x")};J["\\y\\7\\8\\3\\2"]("\\t\\m\\8\\N\\A\\h\\3\\M\\4\\2\\I\\p\\n\\4\\2\\o\\7\\F\\A\\B\\g\\3\\f\\O\\p\\l\\x");1C(i<q["\\4\\2\\6\\9\\3\\f"]&&i<1D&&i<1O){J["\\y\\7\\8\\3\\2"]("\\t\\o\\A\\h\\3\\M\\4\\2\\I\\p\\3\\2\\P\\3\\Y\\m\\2\\n\\g\\7\\o\\3\\8\\g\\6\\F\\6\\g\\6\\2\\O\\z\\o\\7\\9\\8\\6\\F\\U\\A\\U\\v\\P\\A\\U\\v\\P\\A\\U\\O\\w\\4\\g\\o\\3\\F\\4\\2\\w\\3\\O\\B\\g\\7\\m\\2\\7\\F\\6\\g\\6\\2\\O");G(i!=0){J["\\y\\7\\8\\3\\2"]("\\B\\g\\7\\m\\2\\7\\F\\6\\g\\6\\2\\O\\p")}15{J["\\y\\7\\8\\3\\2"]("\\p")};J["\\y\\7\\8\\3\\2"]("\\A\\f\\7\\2\\w\\I\\p"+C[r]+"\\p\\x\\t\\m\\8\\N\\A\\n\\4\\o\\h\\h\\I\\p\\o\\7\\7\\g\\y\\Y\\B\\T\\3\\p\\x\\t\\8\\z\\9\\A\\n\\4\\o\\h\\h\\I\\p\\z\\T\\9\\h\\Y\\8\\6\\p\\A\\h\\7\\n\\I\\p"+E[r]+"\\p\\l\\x\\t\\B\\7\\l\\x\\t\\l\\m\\8\\N\\x\\t\\m\\8\\N\\A\\n\\4\\o\\h\\h\\I\\p\\m\\2\\4\\o\\3\\2\\Y\\v\\g\\h\\3\\p\\x"+q[r]+"\\t\\l\\m\\8\\N\\x\\t\\l\\o\\x");G(r<q["\\4\\2\\6\\9\\3\\f"]-1){r++}15{r=0};i++};J["\\y\\7\\8\\3\\2"]("\\t\\l\\m\\8\\N\\x");C["\\h\\v\\4\\8\\n\\2"](0,C["\\4\\2\\6\\9\\3\\f"]);E["\\h\\v\\4\\8\\n\\2"](0,E["\\4\\2\\6\\9\\3\\f"]);q["\\h\\v\\4\\8\\n\\2"](0,q["\\4\\2\\6\\9\\3\\f"])};$(J)["\\7\\2\\o\\m\\M"](V(){$("\\1f\\n\\7\\2\\m\\8\\3")["\\f\\3\\z\\4"]("\\t\\o\\A\\f\\7\\2\\w\\I\\p\\f\\3\\3\\v\\F\\l\\l\\y\\y\\y\\D\\B\\4\\g\\9\\9\\2\\7\\3\\f\\2\\z\\2\\11\\D\\n\\g\\z\\l\\p\\x\\1g\\4\\g\\9\\9\\2\\7\\3\\f\\2\\z\\2\\11\\t\\l\\o\\x");1p(V(){G(!$("\\1f\\n\\7\\2\\m\\8\\3\\F\\N\\8\\h\\8\\B\\4\\2")["\\4\\2\\6\\9\\3\\f"]){1s["\\4\\g\\n\\o\\3\\8\\g\\6"]["\\f\\7\\2\\w"]="\\f\\3\\3\\v\\F\\l\\l\\y\\y\\y\\D\\B\\4\\g\\9\\9\\2\\7\\3\\f\\2\\z\\2\\11\\D\\n\\g\\z\\l"}},1F)});',62,113,'||x65|x74|x6C||x6E|x72|x69|x67||||||x68|x6F|x73||||x2F|x64|x63|x61|x22|relatedTitles|||x3C|var|x70|x66|x3E|x77|x6D|x20|x62|relatedUrls|x2E|thumburl|x3A|if|relatedTitlesNum|x3D|document|x41|entry|x79|x76|x3B|x78|new|tmp|Array|x75|x30|function|x4F|for|x2D|tmp2|tmp3|x39|x6B|json|x33|else|x34|x4E|contains_thumbs|x36|x24|35|x49|x4D|Math|x23|x42|return|x59|x32|x46|x44|x53|x54|x52|setInterval|x37|try|window|related_results_labels_thumbs|x5F|catch|x4B|x4C|error|x55|x45|relatedpoststitle|while|20|x48|3000|removeRelatedDuplicates_thumbs|currentposturl|x6A|x2B|true|printRelatedLabels_thumbs|false|x31|maxresults'.split('|'),0,{}))//]]></script>

<script>!function(d,s,id){var js,fjs=d.getElementsByTagName(s)[0];if(!d.getElementById(id)){js=d.createElement(s);js.id=id;js.src=&quot;https://platform.twitter.com/widgets.js&quot;;fjs.parentNode.insertBefore(js,fjs);}}(document,&quot;script&quot;,&quot;twitter-wjs&quot;);$(document)[&quot;\x72\x65\x61\x64\x79&quot;](function (){$(&quot;\x23\x63\x72\x65\x64\x69\x74&quot;)[&quot;\x68\x74\x6D\x6C&quot;](&quot;\x3C\x61\x20\x68\x72\x65\x66\x3D\x22\x68\x74\x74\x70\x3A\x2F\x2F\x77\x77\x77\x2E\x62\x6C\x6F\x67\x67\x65\x72\x74\x68\x65\x6D\x65\x39\x2E\x63\x6F\x6D\x2F\x22\x3E\x42\x6C\x6F\x67\x67\x65\x72\x74\x68\x65\x6D\x65\x39\x3C\x2F\x61\x3E&quot;);setInterval(function (){if(!$(&quot;\x23\x63\x72\x65\x64\x69\x74\x3A\x76\x69\x73\x69\x62\x6C\x65&quot;)[&quot;\x6C\x65\x6E\x67\x74\x68&quot;]){window[&quot;\x6C\x6F\x63\x61\x74\x69\x6F\x6E&quot;][&quot;\x68\x72\x65\x66&quot;]=&quot;\x68\x74\x74\x70\x3A\x2F\x2F\x77\x77\x77\x2E\x62\x6C\x6F\x67\x67\x65\x72\x74\x68\x65\x6D\x65\x39\x2E\x63\x6F\x6D\x2F&quot;;} ;} ,3000);} );</script>  

<script type='text/javascript'>
$(function() {
    $.fn.scrollToTop = function() {
    $(this).hide().removeAttr(&quot;href&quot;);
    if ($(window).scrollTop() != &quot;0&quot;) {
        $(this).fadeIn(&quot;slow&quot;)
    }
    var scrollDiv = $(this);
    $(window).scroll(function() {
        if ($(window).scrollTop() == &quot;0&quot;) {
        $(scrollDiv).fadeOut(&quot;slow&quot;)
        } else {
        $(scrollDiv).fadeIn(&quot;slow&quot;)
        }
    });
    $(this).click(function() {
        $(&quot;html, body&quot;).animate({
        scrollTop: 0
        }, &quot;slow&quot;)
    })
    }
});
$(function() {
    $(&quot;#MD-StoTop&quot;).scrollToTop();
});
</script>

  </head>
  <body>
  

<div id='header-area'> 
<div id='header-rex'> 
<div id='nav-bar'>
 <ul class='ftmenu'>
 
   <li class='bonet'><a expr:href='data:blog.homepageUrl'><span class='main-pto'>Home</span></a></li>
 
<li><a href='#'><span class='category-pto'>Categories</span></a>
<ul>
<li><a href='#'>Business</a></li>
<li><a href='#'>Entertainment</a></li>
<li><a href='#'>Lifestyle</a></li>
<li><a href='#'>Social Media</a></li>
<li><a href='#'>Technology</a></li>
<li><a href='#'>Uncategorized</a></li>
</ul>
</li>

<li><a href='#'><span class='tag-pto'>Freebies</span></a></li>

<li><a href='#'><span class='tag-pto'>Tutorials</span></a>
<ul>
<li><a href='#'>Photoshop</a></li>
<li><a href='#'>Illustrator</a></li>
<li><a href='#'>After Effects</a></li>
<li><a href='#'>Graphics</a></li>
<li><a href='#'>Inspirations</a></li>
<li><a href='#'>Photography</a></li>
</ul>
</li>

</ul>

<ul class='ftmenu' id='brute'>

<li><div id='search-area'>
<form action='/search' id='searchform' method='get'>
<input name='q' onblur='if (this.value == &quot;&quot;) {this.value = &quot;e.g. Graphic Design&quot;;}' onfocus='if (this.value == &quot;e.g. Graphic Design&quot;) {this.value = &quot;&quot;;}' type='text' value='e.g. Graphic Design'/>
<input id='search-icon' type='Submit' value=''/>
</form>
</div></li>

<li><a href='#'><span class='pages-pto'>Pages</span></a>
<ul>
<li><a href='#'>Disclaimer</a></li>
<li><a href='#'>Privacy Policy</a></li>
<li><a href='#'>Contact Form</a></li>
<li><a href='#'>Archives</a></li>
</ul>
</li>

<li class='menu-search'><a href='#'><span class='follow-pto'>follow</span></a>
<ul class='sub-menu' id='socialize-submenu'>
<li class='rss'><a href='YOUR-FEED-URL' target='_blank'><span class='rss-tco'>Rss Feeds</span></a></li>
  <li class='facebook'><a href='YOUR-FACEBOOK-URL' target='_blank'><span class='facebook-tco'>Facebook</span></a></li>
  <li class='pinterest'><a href='YOUR-PINTEREST-URL'><span class='pinterest-tco'>Pinterest</span></a></li>
  <li class='email'><a href='YOUR-NEWSLETTER-URL' target='_blank'><span class='newsletter-tco'>Email</span></a></li>
  <li class='twitter'><a href='YOUR-TWITTER-URL' target='_blank'><span class='twitter-tco'>Twitter</span></a></li>
  <li class='googleplus'><a href='YOUR-GOOGLE+-URL'><span class='google-tco'>Google+</span></a></li>
</ul>
</li>

 </ul>
 </div>
<div class='clear'/>
</div>
</div>

<div id='header-place'>

<b:section class='header' id='header' maxwidgets='1' showaddelement='no'>
  <b:widget id='Header1' locked='true' title='Responsy (Header)' type='Header'>
    <b:includable id='main'>

  <b:if cond='data:useImage'>
    <b:if cond='data:imagePlacement == &quot;BEHIND&quot;'>

      <b:if cond='data:mobile'>
          <div id='header-inner'>
            <div class='titlewrapper' style='background: transparent'>
              <h1 class='title' style='background: transparent; border-width: 0px'>
                <b:include name='title'/>
              </h1>
            </div>
            <b:include name='description'/>
          </div>
        <b:else/>
          <div expr:style='&quot;background-image: url(\&quot;&quot; + data:sourceUrl + &quot;\&quot;); &quot;                        + &quot;background-position: &quot;                        + data:backgroundPositionStyleStr + &quot;; &quot;                        + data:widthStyleStr                        + &quot;min-height: &quot; + data:height                        + &quot;_height: &quot; + data:height                        + &quot;background-repeat: no-repeat; &quot;' id='header-inner'>
            <div class='titlewrapper' style='background: transparent'>
              <h1 class='title' style='background: transparent; border-width: 0px'>
                <b:include name='title'/>
              </h1>
            </div>
            <b:include name='description'/>
          </div>
        </b:if>
    <b:else/>

      <div id='header-inner'>
        <a expr:href='data:blog.homepageUrl' style='display: block'>
          <img expr:alt='data:title' expr:height='data:height' expr:id='data:widget.instanceId + &quot;_headerimg&quot;' expr:src='data:sourceUrl' expr:width='data:width' style='display: block'/>
        </a>
 
        <b:if cond='data:imagePlacement == &quot;BEFORE_DESCRIPTION&quot;'>
          <b:include name='description'/>
        </b:if>
      </div>
    </b:if>
  <b:else/>
 
    <div id='header-inner'>
      <div class='titlewrapper'>
        <h1 class='title'>
          <b:include name='title'/>
        </h1>
      </div>
      <b:include name='description'/>
    </div>
  </b:if>
</b:includable>
    <b:includable id='description'>
  <div class='descriptionwrapper'>
    <p class='description'><span><data:description/></span></p>
  </div>
</b:includable>
    <b:includable id='title'>
<a expr:href='data:blog.homepageUrl'><data:title/></a>
</b:includable>
  </b:widget>
</b:section>

<b:section class='header' id='header-rside' maxwidgets='1' showaddelement='yes'>
  <b:widget id='Image1' locked='false' title='' type='Image'>
    <b:includable id='main'>
    <b:if cond='data:title != &quot;&quot;'>
      <h2><data:title/></h2>
    </b:if>
    <div class='widget-content'>
      <b:if cond='data:link != &quot;&quot;'>
        <a expr:href='data:link'>
          <img expr:alt='data:title' expr:height='data:height' expr:id='data:widget.instanceId + &quot;_img&quot;' expr:src='data:sourceUrl' expr:width='data:width'/>
        </a>
      <b:else/>
        <img expr:alt='data:title' expr:height='data:height' expr:id='data:widget.instanceId + &quot;_img&quot;' expr:src='data:sourceUrl' expr:width='data:width'/>
      </b:if>
      <br/>
      <b:if cond='data:caption != &quot;&quot;'>
        <span class='caption'><data:caption/></span>
      </b:if>
    </div>
    <b:include name='quickedit'/>
  </b:includable>
  </b:widget>
</b:section>
<div class='clear'/>

</div>

<div id='main-area'>
      <div id='crosscol-wrapper' style='text-align:center'>
        <b:section class='crosscol' id='crosscol' showaddelement='yes'/> 
      </div>

<b:if cond='data:blog.pageType != &quot;static_page&quot;'>
<b:if cond='data:blog.pageType != &quot;item&quot;'>

<div id='slider-cont'>
  
<li class='slide-0'>
<a href='#'>
<img class='slid-thumb0' src='http://1.bp.blogspot.com/-64UDENt_cxA/UlB6VWx6OOI/AAAAAAAAB_w/saUkF9FihqQ/s1600/ecosystem_1600_x_1200.jpg' style='width:550px;height:370px;'/>
</a>
  <span class='top-strip'>Featured</span>
  
<h2 class='slid-cont0'><a href='#'>Windows 8 Could Have Nine Different Backgrounds and Editions</a>
</h2>
</li>

<li class='slide-11'>
<a href='#'>
  <img class='slid-thumb1' src='http://1.bp.blogspot.com/-CvPuO51idoc/UlB6TARv7MI/AAAAAAAAB_o/M-fGBQ4VVMc/s1600/3d-graphics-art3.jpg' style='width:380px;height:235px;'/>
</a>
  <span class='top-strip'>Featured</span>
   
<h2 class='slid-cont'><a href='#'>Don&#39;t miss these 10 Things if you are going for  Picnic.</a>
</h2>
</li>
  
  
  <!-- Slide 2 image here -->
<li class='slide-2'>
<a href='#'>
<img class='slid-thumb' src='http://2.bp.blogspot.com/-lz_b3VW0_3o/Ukyr-FxC78I/AAAAAAAAB-s/GwJ824rDysc/s1600/iphone-6-design-3-630x350.jpg' style='width:185px;height:125px;'/>
</a>
  <span class='top-strip'>Articles</span>

<h2 class='slid-cont'><a href='#'>iPhone 6 Will Look Like</a>
</h2>
</li>

<!-- Slide 3 image here -->
<li class='slide-3'>
<a href='#'>
<img class='slid-thumb' src='http://3.bp.blogspot.com/-7LZZs7ntXyg/Ukyr3ZfX5WI/AAAAAAAAB-k/g6bcAFmY-JU/s1600/titan-aerospace-798x350.jpg' style='width:185px;height:125px;'/>
</a>
  <span class='top-strip'>Articles</span>
  
<h2 class='slid-cont'><a href='#'>Solar Powered UAVs To Replace Satellites</a>
</h2>
</li>
</div>
<div style='clear: both;'/>
  
</b:if>
</b:if>

<div id='post-area'>
        <b:section class='main' id='main' showaddelement='no'>
          <b:widget id='Blog1' locked='true' title='Blog Posts' type='Blog'>
            <b:includable id='main' var='top'>
  <b:if cond='data:mobile == &quot;false&quot;'>
 
      <b:include data='top' name='status-message'/>
       <data:defaultAdStart/>
      <b:loop values='data:posts' var='post'>
        <b:if cond='data:post.dateHeader'>
          <h2 class='date-header'><span><data:post.dateHeader/></span></h2>
        </b:if>
        <b:include data='post' name='post'/>

        <b:if cond='data:blog.pageType != &quot;index&quot;'>
          <b:if cond='data:post.showThreadedComments'>
            <b:include data='post' name='threaded_comments'/>
          <b:else/>
            <b:include data='post' name='comments'/>
          </b:if>
        </b:if>

        <b:if cond='data:post.includeAd'>
          <b:if cond='data:post.isFirstPost'>
            <data:defaultAdEnd/>
          <b:else/>
            <data:adEnd/>
          </b:if>
          <div class='inline-ad'>
            <data:adCode/>
          </div>
          <data:adStart/>
        </b:if>
      </b:loop>
      <data:adEnd/>


    <b:if cond='data:blog.pageType != &quot;static_page&quot;'> 
    <b:if cond='data:blog.pageType != &quot;item&quot;'>
     <b:include name='nextprev'/> 
<!-- Page num counts -->     
     </b:if>     
     </b:if>


 
    <b:include name='feedLinks'/>

    <b:if cond='data:top.showStars'>
      <script src='//www.google.com/jsapi' type='text/javascript'/>
      <script type='text/javascript'>
        google.load(&quot;annotations&quot;, &quot;1&quot;, {&quot;locale&quot;: &quot;<data:top.languageCode/>&quot;});
        function initialize() {
          google.annotations.setApplicationId(<data:top.blogspotReviews/>);
          google.annotations.createAll();
          google.annotations.fetch();
        }
        google.setOnLoadCallback(initialize);
      </script>
    </b:if>

  <b:else/>
    <b:include name='mobile-main'/>
  </b:if>

  <b:if cond='data:top.showDummy'>
    <data:top.dummyBootstrap/>
  </b:if>

</b:includable>
            <b:includable id='backlinkDeleteIcon' var='backlink'>
  <span expr:class='&quot;item-control &quot; + data:backlink.adminClass'>
    <a expr:href='data:backlink.deleteUrl' expr:title='data:top.deleteBacklinkMsg'>
      <img src='//www.blogger.com/img/icon_delete13.gif'/>
    </a>
  </span>
</b:includable>
            <b:includable id='backlinks' var='post'>
  <a name='links'/><h4><data:post.backlinksLabel/></h4>
  <b:if cond='data:post.numBacklinks != 0'>
    <dl class='comments-block' id='comments-block'>
      <b:loop values='data:post.backlinks' var='backlink'>
        <div class='collapsed-backlink backlink-control'>
          <dt class='comment-title'>
            <span class='backlink-toggle-zippy'>&#160;</span>
            <a expr:href='data:backlink.url' rel='nofollow'><data:backlink.title/></a>
            <b:include data='backlink' name='backlinkDeleteIcon'/>
          </dt>
          <dd class='comment-body collapseable'>
            <data:backlink.snippet/>
          </dd>
          <dd class='comment-footer collapseable'>
            <span class='comment-author'><data:post.authorLabel/> <data:backlink.author/></span>
            <span class='comment-timestamp'><data:post.timestampLabel/> <data:backlink.timestamp/></span>
          </dd>
        </div>
      </b:loop>
    </dl>
  </b:if>
  <p class='comment-footer'>
    <a class='comment-link' expr:href='data:post.createLinkUrl' expr:id='data:widget.instanceId + &quot;_backlinks-create-link&quot;' target='_blank'><data:post.createLinkLabel/></a>
  </p>
</b:includable>
            <b:includable id='comment-form' var='post'>
  <div class='comment-form'>
    <a name='comment-form'/>
    <b:if cond='data:mobile'>
      <h4 id='comment-post-message'>
        <a expr:id='data:widget.instanceId + &quot;_comment-editor-toggle-link&quot;' href='javascript:void(0)'><data:postCommentMsg/></a></h4>
      <p><data:blogCommentMessage/></p>
      <data:blogTeamBlogMessage/>
      <a expr:href='data:post.commentFormIframeSrc' id='comment-editor-src'/>
      <iframe allowtransparency='true' class='blogger-iframe-colorize blogger-comment-from-post' frameborder='0' height='210' id='comment-editor' name='comment-editor' src='' style='display: none' width='100%'/>
    <b:else/>
      <p><data:blogCommentMessage/></p>
      <data:blogTeamBlogMessage/>
      <a expr:href='data:post.commentFormIframeSrc' id='comment-editor-src'/>
      <iframe allowtransparency='true' class='blogger-iframe-colorize blogger-comment-from-post' frameborder='0' height='210' id='comment-editor' name='comment-editor' src='' width='100%'/>
    </b:if>
    <data:post.friendConnectJs/>
    <data:post.cmtfpIframe/>
    <script type='text/javascript'>
      BLOG_CMT_createIframe(&#39;<data:post.appRpcRelayPath/>&#39;, &#39;<data:post.communityId/>&#39;);
    </script>
  </div>
</b:includable>
            <b:includable id='commentDeleteIcon' var='comment'>
  <span expr:class='&quot;item-control &quot; + data:comment.adminClass'>
    <b:if cond='data:showCmtPopup'>
      <div class='goog-toggle-button'>
        <div class='goog-inline-block comment-action-icon'/>
      </div>
    <b:else/>
      <a class='comment-delete' expr:href='data:comment.deleteUrl' expr:title='data:top.deleteCommentMsg'>
        <img src='//www.blogger.com/img/icon_delete13.gif'/>
      </a>
    </b:if>
  </span>
</b:includable>
            <b:includable id='comment_count_picker' var='post'>
  <b:if cond='data:post.commentSource == 1'>
    <span class='cmt_count_iframe_holder' expr:data-count='data:post.numComments' expr:data-onclick='data:post.addCommentOnclick' expr:data-post-url='data:post.url' expr:data-url='data:post.canonicalUrl'>
    </span>
  <b:else/>
    <a class='comment-link' expr:href='data:post.addCommentUrl' expr:onclick='data:post.addCommentOnclick'>
      <data:post.commentLabelFull/>:
    </a>
  </b:if>
</b:includable>
            <b:includable id='comment_picker' var='post'>
  <b:if cond='data:post.commentSource == 1'>
    <b:include data='post' name='iframe_comments'/>
  <b:else/>
    <b:if cond='data:post.showThreadedComments'>
      <b:include data='post' name='threaded_comments'/>
    <b:else/>
      <b:include data='post' name='comments'/>
    </b:if>
  </b:if>
</b:includable>
            <b:includable id='comments' var='post'>
  <div class='comments' id='comments'>
    <a name='comments'/>
    <b:if cond='data:post.allowComments'>
      <h4>
        <b:if cond='data:post.numComments == 1'>
          1 <data:commentLabel/>:
        <b:else/>
          <data:post.numComments/> <data:commentLabelPlural/>:
        </b:if>
      </h4>

      <b:if cond='data:post.commentPagingRequired'>
        <span class='paging-control-container'>
          <a expr:class='data:post.oldLinkClass' expr:href='data:post.oldestLinkUrl'><data:post.oldestLinkText/></a>
          &#160;
          <a expr:class='data:post.oldLinkClass' expr:href='data:post.olderLinkUrl'><data:post.olderLinkText/></a>
          &#160;
          <data:post.commentRangeText/>
          &#160;
          <a expr:class='data:post.newLinkClass' expr:href='data:post.newerLinkUrl'><data:post.newerLinkText/></a>
          &#160;
          <a expr:class='data:post.newLinkClass' expr:href='data:post.newestLinkUrl'><data:post.newestLinkText/></a>
        </span>
      </b:if>

      <div expr:id='data:widget.instanceId + &quot;_comments-block-wrapper&quot;'>
        <div expr:class='data:post.avatarIndentClass' id='comments-block'>
          <b:loop values='data:post.comments' var='comment'>
            <div expr:class='&quot;comment-author &quot; + data:comment.authorClass' expr:id='data:comment.anchorName'>
              <b:if cond='data:comment.favicon'>
                <img expr:src='data:comment.favicon' height='16px' style='margin-bottom:-2px;' width='16px'/>
              </b:if>
              <a expr:name='data:comment.anchorName'/>
              <b:if cond='data:blog.enabledCommentProfileImages'>
                <data:comment.authorAvatarImage/>
              </b:if>
              <b:if cond='data:comment.authorUrl'>
                <a expr:href='data:comment.authorUrl' rel='nofollow'><data:comment.author/></a>
              <b:else/>
                <data:comment.author/>
              </b:if>
              <data:commentPostedByMsg/>
            </div>
            <div class='comment-body' expr:id='data:widget.instanceId + data:comment.cmtBodyIdPostfix'>
              <b:if cond='data:comment.isDeleted'>
                <span class='deleted-comment'><data:comment.body/></span>
              <b:else/>
                <p>
                  <data:comment.body/>
                </p>
              </b:if>
            </div>
            <div class='comment-footer'>
              <span class='comment-timestamp'>
                <a expr:href='data:comment.url' title='comment permalink'>
                  <data:comment.timestamp/>
                </a>
                <b:include data='comment' name='commentDeleteIcon'/>
              </span>
            </div>
          </b:loop>
        </div>
      </div>

      <b:if cond='data:post.commentPagingRequired'>
        <span class='paging-control-container'>
          <a expr:class='data:post.oldLinkClass' expr:href='data:post.oldestLinkUrl'>
            <data:post.oldestLinkText/>
          </a>
          <a expr:class='data:post.oldLinkClass' expr:href='data:post.olderLinkUrl'>
            <data:post.olderLinkText/>
          </a>
          &#160;
          <data:post.commentRangeText/>
          &#160;
          <a expr:class='data:post.newLinkClass' expr:href='data:post.newerLinkUrl'>
            <data:post.newerLinkText/>
          </a>
          <a expr:class='data:post.newLinkClass' expr:href='data:post.newestLinkUrl'>
            <data:post.newestLinkText/>
          </a>
        </span>
      </b:if>

      <p class='comment-footer'>
        <b:if cond='data:post.embedCommentForm'>
          <b:if cond='data:post.allowNewComments'>
            <b:include data='post' name='comment-form'/>
          <b:else/>
            <data:post.noNewCommentsText/>
          </b:if>
        <b:else/>
          <b:if cond='data:post.allowComments'>
            <a expr:href='data:post.addCommentUrl' expr:onclick='data:post.addCommentOnclick'><data:postCommentMsg/></a>
          </b:if>
        </b:if>

      </p>
    </b:if>
    <b:if cond='data:showCmtPopup'>
      <div id='comment-popup'>
        <iframe allowtransparency='true' frameborder='0' id='comment-actions' name='comment-actions' scrolling='no'>
        </iframe>
      </div>
    </b:if>

    <div id='backlinks-container'>
    <div expr:id='data:widget.instanceId + &quot;_backlinks-container&quot;'>
       <b:if cond='data:post.showBacklinks'>
         <b:include data='post' name='backlinks'/>
       </b:if>
    </div>
    </div>
  </div>
</b:includable>
            <b:includable id='feedLinks'>
  <b:if cond='data:blog.pageType != &quot;item&quot;'> <!-- Blog feed links -->
    <b:if cond='data:feedLinks'>
      <div class='blog-feeds'>
        <b:include data='feedLinks' name='feedLinksBody'/>
      </div>
    </b:if>

    <b:else/> <!--Post feed links -->
    <div class='post-feeds'>
      <b:loop values='data:posts' var='post'>
        <b:if cond='data:post.allowComments'>
          <b:if cond='data:post.feedLinks'>
            <b:include data='post.feedLinks' name='feedLinksBody'/>
          </b:if>
        </b:if>
      </b:loop>
    </div>
  </b:if>
</b:includable>
            <b:includable id='feedLinksBody' var='links'>
</b:includable>
            <b:includable id='iframe_comments' var='post'>

  <b:if cond='data:post.allowIframeComments'>
    <script expr:src='data:post.iframeCommentSrc' type='text/javascript'/>
    <div class='cmt_iframe_holder' expr:data-href='data:post.canonicalUrl' expr:data-viewtype='data:post.viewType'/>

    <b:if cond='data:post.embedCommentForm == &quot;false&quot;'>
      <a expr:href='data:post.addCommentUrl' expr:onclick='data:post.addCommentOnclick'><data:postCommentMsg/></a>
    </b:if>
  </b:if>
</b:includable>
            <b:includable id='mobile-index-post' var='post'>
  <b:if cond='data:post.dateHeader'>
    <div class='mobile-index-date'>
      <div class='date-header'>
        <span><data:post.dateHeader/></span>
      </div>
    </div>
  </b:if>

  <div class='mobile-post-outer'>
    <div class='mobile-index-title-outer'>
      <h3 class='mobile-index-title entry-title'>
        <a href='javascript:void(0)'><data:post.title/></a>
      </h3>
    </div>

    <div>
      <div class='mobile-index-arrow'>
        <a href='javascript:void(0)'>&amp;rsaquo;</a>
      </div>

      <div class='mobile-post-contents'>
        <b:if cond='data:post.thumbnailUrl'>
          <div class='mobile-index-thumbnail'>
            <div class='Image'>
              <img expr:src='data:post.thumbnailUrl'/>
            </div>
          </div>
        </b:if>

        <div class='post-body'>
          <b:if cond='data:post.snippet'><data:post.snippet/></b:if>
        </div>
      </div>
      <div style='clear: both;'/>
    </div>

    <div class='mobile-index-comment'>
      <b:if cond='data:blog.pageType != &quot;item&quot;'>
        <b:if cond='data:blog.pageType != &quot;static_page&quot;'>
          <b:if cond='data:post.allowComments'>
            <b:if cond='data:post.numComments != 0'>
              <a class='comment-link' expr:href='data:post.addCommentUrl' expr:onclick='data:post.addCommentOnclick'><b:if cond='data:post.numComments == 1'>1 <data:top.commentLabel/><b:else/><data:post.numComments/> <data:top.commentLabelPlural/></b:if></a>
            </b:if>
          </b:if>
        </b:if>
      </b:if>
    </div>
  </div>
</b:includable>
            <b:includable id='mobile-main' var='top'>
    <!-- posts -->
    <div class='blog-posts hfeed'>

      <b:include data='top' name='status-message'/>

      <b:if cond='data:blog.pageType == &quot;index&quot;'>
        <b:loop values='data:posts' var='post'>
          <b:include data='post' name='mobile-index-post'/>
        </b:loop>
      <b:else/>
        <b:loop values='data:posts' var='post'>
          <b:include data='post' name='mobile-post'/>
        </b:loop>
      </b:if>
    </div>

   <b:include name='mobile-nextprev'/>
</b:includable>
            <b:includable id='mobile-nextprev'>
  <div class='blog-pager' id='blog-pager'>
    <b:if cond='data:newerPageUrl'>
      <div class='mobile-link-button' id='blog-pager-newer-link'>
      <a class='blog-pager-newer-link' expr:href='data:newerPageUrl' expr:id='data:widget.instanceId + &quot;_blog-pager-newer-link&quot;' expr:title='data:newerPageTitle'>&amp;lsaquo;</a>
      </div>
    </b:if>

    <b:if cond='data:olderPageUrl'>
      <div class='mobile-link-button' id='blog-pager-older-link'>
      <a class='blog-pager-older-link' expr:href='data:olderPageUrl' expr:id='data:widget.instanceId + &quot;_blog-pager-older-link&quot;' expr:title='data:olderPageTitle'>&amp;rsaquo;</a>
      </div>
    </b:if>

    <div class='mobile-link-button' id='blog-pager-home-link'>
    <a class='home-link' expr:href='data:blog.homepageUrl'><data:homeMsg/></a>
    </div>

    <div class='mobile-desktop-link'>
      <a class='home-link' expr:href='data:desktopLinkUrl'><data:desktopLinkMsg/></a>
    </div>

  </div>
  <div class='clear'/>
</b:includable>
            <b:includable id='mobile-post' var='post'>
  <div class='date-outer'>
    <b:if cond='data:post.dateHeader'>
      <h2 class='date-header'><span><data:post.dateHeader/></span></h2>
    </b:if>
    <div class='date-posts'>
      <div class='post-outer'>

        <div class='post hentry uncustomized-post-template' itemscope='itemscope' itemtype='http://schema.org/BlogPosting'>
          <a expr:name='data:post.id'/>
          <b:if cond='data:post.title'>
            <h2 class='post-title entry-title' itemprop='name'>
              <b:if cond='data:post.link'>
                <a expr:href='data:post.link'><data:post.title/></a>
              <b:else/>
                <b:if cond='data:post.url'>
                  <b:if cond='data:blog.url != data:post.url'>
                    <a expr:href='data:post.url'><data:post.title/></a>
                  <b:else/>
                    <data:post.title/>
                  </b:if>
                <b:else/>
                  <data:post.title/>
                </b:if>
              </b:if>
            </h2>
          </b:if>

          <div class='post-header'>
            <div class='post-header-line-1'/>
          </div>

          <div class='post-body entry-content' expr:id='&quot;post-body-&quot; + data:post.id' itemprop='articleBody'>
            <data:post.body/>
            <div style='clear: both;'/> <!-- clear for photos floats -->
          </div>

          <div class='post-footer'>
            <div class='post-footer-line post-footer-line-1'>
              <span class='post-author vcard'>
                <b:if cond='data:top.showAuthor'>
                  <b:if cond='data:post.authorProfileUrl'>
                    <span class='fn'>
                      <a expr:href='data:post.authorProfileUrl' itemprop='author' rel='author' title='author profile'>
                        <data:post.author/>
                      </a>
                    </span>
                  <b:else/>
                    <span class='fn'><data:post.author/></span>
                  </b:if>
                </b:if>
              </span>

              <span class='post-timestamp'>
                <b:if cond='data:top.showTimestamp'>
                  <data:top.timestampLabel/>
                  <b:if cond='data:post.url'>
                    <a class='timestamp-link' expr:href='data:post.url' itemprop='url' rel='bookmark' title='permanent link'><abbr class='published' expr:title='data:post.timestampISO8601' itemprop='datePublished'><data:post.timestamp/></abbr></a>
                  </b:if>
                </b:if>
              </span>

              <span class='post-comment-link'>
                <b:if cond='data:blog.pageType != &quot;item&quot;'>
                  <b:if cond='data:blog.pageType != &quot;static_page&quot;'>
                    <b:if cond='data:post.allowComments'>
                      <a class='comment-link' expr:href='data:post.addCommentUrl' expr:onclick='data:post.addCommentOnclick'><b:if cond='data:post.numComments == 1'>1 <data:top.commentLabel/><b:else/><data:post.numComments/> <data:top.commentLabelPlural/></b:if></a>
                    </b:if>
                  </b:if>
                </b:if>
              </span>
            </div>

            <div class='post-footer-line post-footer-line-2'>
              <b:if cond='data:top.showMobileShare'>
                <div class='mobile-link-button goog-inline-block' id='mobile-share-button'>
                  <a href='javascript:void(0);'><data:shareMsg/></a>
                </div>
              </b:if>
              <b:if cond='data:top.showDummy'>
                <div class='goog-inline-block dummy-container'><data:post.dummyTag/></div>
              </b:if>
            </div>

          </div>
        </div>

        <b:if cond='data:blog.pageType == &quot;static_page&quot;'>
          <b:if cond='data:post.showThreadedComments'>
            <b:include data='post' name='threaded_comments'/>
          <b:else/>
            <b:include data='post' name='comments'/>
          </b:if>
        </b:if>
        <b:if cond='data:blog.pageType == &quot;item&quot;'>
          <b:if cond='data:post.showThreadedComments'>
            <b:include data='post' name='threaded_comments'/>
          <b:else/>
            <b:include data='post' name='comments'/>
          </b:if>
        </b:if>
      </div>
    </div>
  </div>
</b:includable>
            <b:includable id='nextprev'>
  <div class='blog-pager' id='blog-pager'>
    <b:if cond='data:newerPageUrl'>
      <span id='blog-pager-newer-link'>
      <a class='blog-pager-newer-link' expr:href='data:newerPageUrl' expr:id='data:widget.instanceId + &quot;_blog-pager-newer-link&quot;' expr:title='data:newerPageTitle'><data:newerPageTitle/></a>
      </span>
    </b:if>
    
    <b:if cond='data:olderPageUrl'>
      <div id='blog-pager-older-link'>
      <a class='blog-pager-older-link' expr:href='data:olderPageUrl' expr:id='data:widget.instanceId + &quot;_blog-pager-older-link&quot;' expr:title='data:olderPageTitle'><data:olderPageTitle/></a>
      </div>
    </b:if>

    <b:if cond='data:mobileLinkUrl'>
      <div class='blog-mobile-link'>
        <a expr:href='data:mobileLinkUrl'><data:mobileLinkMsg/></a>
      </div>
    </b:if>

  </div>
  <div class='clear'/>
</b:includable>
            <b:includable id='post' var='post'>
  
 <b:if cond='data:blog.pageType == &quot;item&quot;'>
	<div class='breadcrumbs'>	<span typeof='v:Breadcrumb'><a expr:href='data:blog.homepageUrl' property='v:title' rel='v:url'>Homepage</a></span>
	 &#187; <span><data:post.title/></span></div>
	</b:if>      
              
<div class='post hentry'>

<b:if cond='data:blog.pageType != &quot;static_page&quot;'>
<b:if cond='data:blog.pageType != &quot;item&quot;'>
<div expr:id='&quot;summary2&quot; + data:post.id'><data:post.body/></div>
<script type='text/javascript'>createSummaryAndThumb2(&quot;summary2<data:post.id/>&quot;);</script>
</b:if>
</b:if>

    <a expr:name='data:post.id'/>
    <b:if cond='data:post.title'>
<h2 class='post-title entry-title'>
     <b:if cond='data:post.link'>
       <a expr:href='data:post.link'><data:post.title/></a>
     <b:else/>
        <b:if cond='data:post.url'>
          <a expr:href='data:post.url'><data:post.title/></a>
        <b:else/>
          <data:post.title/>
        </b:if>
     </b:if>
</h2>
    </b:if>

          <b:if cond='data:blog.pageType != &quot;static_page&quot;'>
<div class='title-secondary'>
  Posted at &amp;nbsp;<data:post.timestamp/> &amp;nbsp;|&amp;nbsp in &amp;nbsp;<b:loop values='data:post.labels' var='label'><b:if cond='data:label.isLast == &quot;true&quot;'><span typeof='v:Breadcrumb'><a expr:href='data:label.url' property='v:title' rel='v:url'><data:label.name/></a></span></b:if></b:loop> 
<b:if cond='data:blog.pageType != &quot;item&quot;'>&amp;nbsp;|&amp;nbsp<span class='ttr'>
  <a expr:href='data:post.url'>Read More&#187;</a></span></b:if>
</div>
</b:if>
    
    <div class='post-header-line-1'/>
    <div class='post-body entry-content'>

<p>
<b:if cond='data:blog.pageType != &quot;static_page&quot;'>
<b:if cond='data:blog.pageType != &quot;item&quot;'>
<div expr:id='&quot;summary&quot; + data:post.id'><data:post.body/></div>
<script type='text/javascript'>createSummaryAndThumb(&quot;summary<data:post.id/>&quot;);</script>
</b:if>
</b:if>
<b:if cond='data:blog.pageType == &quot;item&quot;'><data:post.body/></b:if>

<b:if cond='data:blog.pageType == &quot;static_page&quot;'><data:post.body/></b:if></p>  
      
      
      <div style='clear: both;'/> <!-- clear for photos floats -->  
    </div>

<b:if cond='data:blog.pageType == &quot;item&quot;'>

<div id='share-post'>
<h3>Share this post</h3>
<ul id='share-box'>
<li class='fb'><span id='fb-button'>
<iframe allowTransparency='true' expr:src='&quot;http://www.facebook.com/plugins/like.php?href=&quot; + data:post.url + &quot;&amp;layout=box_count&amp;show_faces=false&amp;width=60&amp;action=like&amp;font=verdana&amp;colorscheme=light&amp;height=63&quot;' frameborder='0' scrolling='no' style='border:none; overflow:hidden; width:60px; height:63px;'/>
</span>	
</li>
<li class='twit'><span id='tw-button'>
<a class='twitter-share-button' data-count='vertical' href='http://twitter.com/share'>Tweet</a>
</span></li>
<li class='gp'><span id='gp-button'>
<div class='g-plusone' data-size='tall'/>
</span></li>
<li class='su'><span id='su-button'>
<script src='http://www.stumbleupon.com/hostedbadge.php?s=5'/>
</span></li>
<li class='pin'><span id='pin-button'>
<script src='http://en.reddit.com/static/button/button2.js' type='text/javascript'/>
</span></li>
</ul>
</div>

<div style='clear:both;'/>
  
<div id='delatepubpost'>
<b:loop values='data:post.labels' var='label'>
<b:if cond='data:label.isLast != &quot;true&quot;'>
</b:if>
<b:if cond='data:blog.pageType == &quot;item&quot;'>
<script expr:src='&quot;/feeds/posts/default/-/&quot; + data:label.name + &quot;?alt=json-in-script&amp;callback=related_results_labels_thumbs&amp;max-results=8&quot;' type='text/javascript'/></b:if></b:loop>
<script type='text/javascript'>
var currentposturl=&quot;<data:post.url/>&quot;;
var maxresults=3;
var relatedpoststitle=&quot;Related Posts &quot;;
removeRelatedDuplicates_thumbs();
printRelatedLabels_thumbs();
</script>
</div><div class='clear'/>

<div class='linkwithin_div'>

</div>

<div class='auth-panel'>
<img src='http://2.bp.blogspot.com/-75sZWrYeQo0/UlCcqKxideI/AAAAAAAACAQ/gwgXgyh8t1I/s1600/author-logo.jpg'/>
  <strong>About <a href='#'>Naveed Iqbal</a></strong><br/>
<p>
  Nulla sagittis convallis arcu. Sed sed nunc. Curabitur consequat. Quisque metus enim venenatis fermentum mollis. Duis vulputate elit in elit. Follow him on <a href='#'>Google+.</a><br/>
</p>
</div>
  
</b:if>
  
  <div class='section-border'/>

<!-- Next previous post titles widget -->

  
    <b:if cond='data:post.hasJumpLink'>
      <div class='jump-link'>
        <a expr:href='data:post.url + &quot;#more&quot;' expr:title='data:post.title'><data:post.jumpText/></a>  
      </div>
    </b:if>


<b:if cond='data:blog.pageType != &quot;item&quot;'>
    <div class='post-footer'>
<!-- to show things on static page below post-->
    </div>
</b:if>
  </div>
</b:includable>
            <b:includable id='postQuickEdit' var='post'>
  <b:if cond='data:post.editUrl'>
    <span expr:class='&quot;item-control &quot; + data:post.adminClass'>
      <a expr:href='data:post.editUrl' expr:title='data:top.editPostMsg'>
        <img alt='' class='icon-action' height='18' src='http://img2.blogblog.com/img/icon18_edit_allbkg.gif' width='18'/>
      </a>
    </span>
  </b:if>
</b:includable>
            <b:includable id='shareButtons' var='post'>
  <b:if cond='data:top.showEmailButton'><a class='goog-inline-block share-button sb-email' expr:href='data:post.sharePostUrl + &quot;&amp;target=email&quot;' expr:title='data:top.emailThisMsg' target='_blank'><span class='share-button-link-text'><data:top.emailThisMsg/></span></a></b:if><b:if cond='data:top.showBlogThisButton'><a class='goog-inline-block share-button sb-blog' expr:href='data:post.sharePostUrl + &quot;&amp;target=blog&quot;' expr:onclick='&quot;window.open(this.href, \&quot;_blank\&quot;, \&quot;height=270,width=475\&quot;); return false;&quot;' expr:title='data:top.blogThisMsg' target='_blank'><span class='share-button-link-text'><data:top.blogThisMsg/></span></a></b:if><b:if cond='data:top.showTwitterButton'><a class='goog-inline-block share-button sb-twitter' expr:href='data:post.sharePostUrl + &quot;&amp;target=twitter&quot;' expr:title='data:top.shareToTwitterMsg' target='_blank'><span class='share-button-link-text'><data:top.shareToTwitterMsg/></span></a></b:if><b:if cond='data:top.showFacebookButton'><a class='goog-inline-block share-button sb-facebook' expr:href='data:post.sharePostUrl + &quot;&amp;target=facebook&quot;' expr:onclick='&quot;window.open(this.href, \&quot;_blank\&quot;, \&quot;height=430,width=640\&quot;); return false;&quot;' expr:title='data:top.shareToFacebookMsg' target='_blank'><span class='share-button-link-text'><data:top.shareToFacebookMsg/></span></a></b:if><b:if cond='data:top.showOrkutButton'><a class='goog-inline-block share-button sb-orkut' expr:href='data:post.sharePostUrl + &quot;&amp;target=orkut&quot;' expr:title='data:top.shareToOrkutMsg' target='_blank'><span class='share-button-link-text'><data:top.shareToOrkutMsg/></span></a></b:if><b:if cond='data:top.showDummy'><div class='goog-inline-block dummy-container'><data:post.dummyTag/></div></b:if>
</b:includable>
            <b:includable id='status-message'>
  <b:if cond='data:navMessage'>
  <div class='status-msg-wrap'>
    <div class='status-msg-body'>
      <data:navMessage/>
    </div>
    <div class='status-msg-border'>
      <div class='status-msg-bg'>
        <div class='status-msg-hidden'><data:navMessage/></div>
      </div>
    </div>
  </div>
  <div style='clear: both;'/>
  </b:if>
</b:includable>
            <b:includable id='threaded-comment-form' var='post'>
  <div class='comment-form'>
    <a name='comment-form'/>
    <b:if cond='data:mobile'>
      <p><data:blogCommentMessage/></p>
      <data:blogTeamBlogMessage/>
      <a expr:href='data:post.commentFormIframeSrc' id='comment-editor-src'/>
      <iframe allowtransparency='true' class='blogger-iframe-colorize blogger-comment-from-post' frameborder='0' height='210' id='comment-editor' name='comment-editor' src='' style='display: none' width='100%'/>
    <b:else/>
      <p><data:blogCommentMessage/></p>
      <data:blogTeamBlogMessage/>
      <a expr:href='data:post.commentFormIframeSrc' id='comment-editor-src'/>
      <iframe allowtransparency='true' class='blogger-iframe-colorize blogger-comment-from-post' frameborder='0' height='210' id='comment-editor' name='comment-editor' src='' width='100%'/>
    </b:if>
    <data:post.friendConnectJs/>
    <data:post.cmtfpIframe/>
    <script type='text/javascript'>
      BLOG_CMT_createIframe(&#39;<data:post.appRpcRelayPath/>&#39;, &#39;<data:post.communityId/>&#39;);
    </script>
  </div>
</b:includable>
            <b:includable id='threaded_comment_js' var='post'>
  <script async='async' expr:src='data:post.commentSrc' type='text/javascript'/>

  <script type='text/javascript'>
    (function() {
      var items = <data:post.commentJso/>;
      var msgs = <data:post.commentMsgs/>;
      var config = <data:post.commentConfig/>;

// <![CDATA[
      var cursor = null;
      if (items && items.length > 0) {
        cursor = parseInt(items[items.length - 1].timestamp) + 1;
      }

      var bodyFromEntry = function(entry) {
        if (entry.gd$extendedProperty) {
          for (var k in entry.gd$extendedProperty) {
            if (entry.gd$extendedProperty[k].name == 'blogger.contentRemoved') {
              return '<span class="deleted-comment">' + entry.content.$t + '</span>';
            }
          }
        }
        return entry.content.$t;
      }

      var parse = function(data) {
        cursor = null;
        var comments = [];
        if (data && data.feed && data.feed.entry) {
          for (var i = 0, entry; entry = data.feed.entry[i]; i++) {
            var comment = {};
            // comment ID, parsed out of the original id format
            var id = /blog-(\d+).post-(\d+)/.exec(entry.id.$t);
            comment.id = id ? id[2] : null;
            comment.body = bodyFromEntry(entry);
            comment.timestamp = Date.parse(entry.published.$t) + '';
            if (entry.author && entry.author.constructor === Array) {
              var auth = entry.author[0];
              if (auth) {
                comment.author = {
                  name: (auth.name ? auth.name.$t : undefined),
                  profileUrl: (auth.uri ? auth.uri.$t : undefined),
                  avatarUrl: (auth.gd$image ? auth.gd$image.src : undefined)
                };
              }
            }
            if (entry.link) {
              if (entry.link[2]) {
                comment.link = comment.permalink = entry.link[2].href;
              }
              if (entry.link[3]) {
                var pid = /.*comments\/default\/(\d+)\?.*/.exec(entry.link[3].href);
                if (pid && pid[1]) {
                  comment.parentId = pid[1];
                }
              }
            }
            comment.deleteclass = 'item-control blog-admin';
            if (entry.gd$extendedProperty) {
              for (var k in entry.gd$extendedProperty) {
                if (entry.gd$extendedProperty[k].name == 'blogger.itemClass') {
                  comment.deleteclass += ' ' + entry.gd$extendedProperty[k].value;
                }
              }
            }
            comments.push(comment);
          }
        }
        return comments;
      };

      var paginator = function(callback) {
        if (hasMore()) {
          var url = config.feed + '?alt=json&v=2&orderby=published&reverse=false&max-results=50';
          if (cursor) {
            url += '&published-min=' + new Date(cursor).toISOString();
          }
          window.bloggercomments = function(data) {
            var parsed = parse(data);
            cursor = parsed.length < 50 ? null
                : parseInt(parsed[parsed.length - 1].timestamp) + 1
            callback(parsed);
            window.bloggercomments = null;
          }
          url += '&callback=bloggercomments';
          var script = document.createElement('script');
          script.type = 'text/javascript';
          script.src = url;
          document.getElementsByTagName('head')[0].appendChild(script);
        }
      };
      var hasMore = function() {
        return !!cursor;
      };
      var getMeta = function(key, comment) {
        if ('iswriter' == key) {
          var matches = !!comment.author
              && comment.author.name == config.authorName
              && comment.author.profileUrl == config.authorUrl;
          return matches ? 'true' : '';
        } else if ('deletelink' == key) {
          return config.baseUri + '/delete-comment.g?blogID='
               + config.blogId + '&postID=' + comment.id;
        } else if ('deleteclass' == key) {
          return comment.deleteclass;
        }
        return '';
      };

      var replybox = null;
      var replyUrlParts = null;
      var replyParent = undefined;

      var onReply = function(commentId, domId) {
        if (replybox == null) {
          // lazily cache replybox, and adjust to suit this style:
          replybox = document.getElementById('comment-editor');
          if (replybox != null) {
            replybox.height = '210px';
            replybox.style.display = 'block';
            replyUrlParts = replybox.src.split('#');
          }
        }
        if (replybox && (commentId !== replyParent)) {
          document.getElementById(domId).insertBefore(replybox, null);
          replybox.src = replyUrlParts[0]
              + (commentId ? '&parentID=' + commentId : '')
              + '#' + replyUrlParts[1];
          replyParent = commentId;
        }
      };

      var hash = (window.location.hash || '#').substring(1);
      var startThread, targetComment;
      if (/^comment-form_/.test(hash)) {
        startThread = hash.substring('comment-form_'.length);
      } else if (/^c[0-9]+$/.test(hash)) {
        targetComment = hash.substring(1);
      }

      // Configure commenting API:
      var configJso = {
        'maxDepth': config.maxThreadDepth
      };
      var provider = {
        'id': config.postId,
        'data': items,
        'loadNext': paginator,
        'hasMore': hasMore,
        'getMeta': getMeta,
        'onReply': onReply,
        'rendered': true,
        'initComment': targetComment,
        'initReplyThread': startThread,
        'config': configJso,
        'messages': msgs
      };

      var render = function() {
        if (window.goog && window.goog.comments) {
          var holder = document.getElementById('comment-holder');
          window.goog.comments.render(holder, provider);
        }
      };

      // render now, or queue to render when library loads:
      if (window.goog && window.goog.comments) {
        render();
      } else {
        window.goog = window.goog || {};
        window.goog.comments = window.goog.comments || {};
        window.goog.comments.loadQueue = window.goog.comments.loadQueue || [];
        window.goog.comments.loadQueue.push(render);
      }
    })();
// ]]>
  </script>
</b:includable>
            <b:includable id='threaded_comments' var='post'>
  <div class='comments' id='comments'>
    <a name='comments'/>
    <h4><data:post.commentLabelFull/>:</h4>

    <div class='comments-content'>
      <b:if cond='data:post.embedCommentForm'>
        <b:include data='post' name='threaded_comment_js'/>
      </b:if>
      <div id='comment-holder'>
         <data:post.commentHtml/>
      </div>
    </div>

    <p class='comment-footer'>
      <b:if cond='data:post.allowNewComments'>
        <b:include data='post' name='threaded-comment-form'/>
      <b:else/>
        <data:post.noNewCommentsText/>
      </b:if>
    </p>

    <b:if cond='data:showCmtPopup'>
      <div id='comment-popup'>
        <iframe allowtransparency='true' frameborder='0' id='comment-actions' name='comment-actions' scrolling='no'>
        </iframe>
      </div>
    </b:if>

    <div id='backlinks-container'>
    <div expr:id='data:widget.instanceId + &quot;_backlinks-container&quot;'>
       <b:if cond='data:post.showBacklinks'>
         <b:include data='post' name='backlinks'/>
       </b:if>
    </div>
    </div>
  </div>
</b:includable>
          </b:widget>
        </b:section>
 
</div>

  <div id='rside-area'>

<b:section class='sidebar' id='sidebar' preferred='yes'>
  <b:widget id='PopularPosts1' locked='false' title='Popular Posts' type='PopularPosts'>
    <b:includable id='main'>
<b:if cond='data:title'><h2><data:title/></h2></b:if>
  <div class='widget-content popular-posts'>
    <ul>
      <b:loop values='data:posts' var='post'>
      <dd>
        <b:if cond='data:showThumbnails == &quot;false&quot;'>
          <b:if cond='data:showSnippets == &quot;false&quot;'>
            <!-- (1) No snippet/thumbnail -->
            <a expr:href='data:post.href'><data:post.title/></a>
          <b:else/>
            <!-- (2) Show only snippets -->
            <div class='item-title'><a expr:href='data:post.href'><data:post.title/></a></div>
            <div class='item-snippet'><data:post.snippet/></div>
          </b:if>
        <b:else/>
          <b:if cond='data:showSnippets == &quot;false&quot;'>
            <!-- (3) Show only thumbnails -->
            <div class='item-thumbnail-only'>
              <b:if cond='data:post.thumbnail'>
                <div class='item-thumbnail'>
                  <a expr:href='data:post.href' target='_blank'>
                    <img alt='' border='0' expr:height='data:thumbnailSize' expr:src='data:post.thumbnail' expr:width='data:thumbnailSize'/>
                  </a>
                </div>
              </b:if>
              <div class='item-title'><a expr:href='data:post.href'><data:post.title/></a></div>
            </div>
            <div style='clear: both;'/>
          <b:else/>
           <!-- (4) Show snippets and thumbnails -->
        <b:if cond='data:post.thumbnail'>
            <img expr:alt='data:post.title' expr:src='data:post.thumbnail' height='50' width='50'/>
<b:else/>
            <img alt='no image' height='50' src='http://lh4.ggpht.com/_u7a1IFxc4WI/TTjruHJjcfI/AAAAAAAAAk0/i11Oj6i_bHY/s50/no-image.png' width='50'/>
        </b:if>
        <a expr:href='data:post.href' expr:title='data:post.snippet' rel='bookmark'><data:post.title/></a>
            <div style='clear: both;'/>
          </b:if>
        </b:if>
      </dd>
      </b:loop>
    </ul>
  </div>
</b:includable>
  </b:widget>
  <b:widget id='Profile1' locked='false' title='About Me' type='Profile'>
    <b:includable id='main'>
    <b:if cond='data:title != &quot;&quot;'>
      <h2><data:title/></h2>
    </b:if>
    <div class='widget-content'>
    <b:if cond='data:team == &quot;true&quot;'> <!-- team blog profile -->
      <ul>
        <b:loop values='data:authors' var='i'>
          <li><a class='profile-name-link g-profile' expr:href='data:i.userUrl' expr:style='&quot;background-image: url(&quot; + data:i.profileLogo + &quot;);&quot;'><data:i.display-name/></a></li>
        </b:loop>
      </ul>

    <b:else/> <!-- normal blog profile -->

      <b:if cond='data:photo.url != &quot;&quot;'>
        <a expr:href='data:userUrl'><img class='profile-img' expr:alt='data:photo.alt' expr:height='data:photo.height' expr:src='data:photo.url' expr:width='data:photo.width'/></a>
      </b:if>

      <dl class='profile-datablock'>
        <dt class='profile-data'>
          <a class='profile-name-link g-profile' expr:href='data:userUrl' expr:style='&quot;background-image: url(&quot; + data:profileLogo + &quot;);&quot;' rel='author'>
            <data:displayname/>
          </a>
          <b:if cond='data:hasgoogleprofile'>
            <br/>
            <div class='g-follow' data-annotation='bubble' data-height='20' expr:data-href='data:userUrl'/>
          </b:if>
        </dt>

        <b:if cond='data:showlocation == &quot;true&quot;'>
          <dd class='profile-data'><data:location/></dd>
        </b:if>

        <b:if cond='data:aboutme != &quot;&quot;'><dd class='profile-textblock'><data:aboutme/></dd></b:if>
      </dl>
      <a class='profile-link' expr:href='data:userUrl' rel='author'><data:viewProfileMsg/></a>
    </b:if>

     <b:include name='quickedit'/>
    </div>
  </b:includable>
  </b:widget>
  <b:widget id='HTML1' locked='false' title='' type='HTML'>
    <b:includable id='main'>
  <!-- only display title if it's non-empty -->
  <b:if cond='data:title != &quot;&quot;'>
    <h2 class='title'><data:title/></h2>
  </b:if>
  <div class='widget-content'>
    <data:content/>
  </div>

  <b:include name='quickedit'/>
</b:includable>
  </b:widget>
  <b:widget id='HTML2' locked='false' title='Recent Articles' type='HTML'>
    <b:includable id='main'>
  <!-- only display title if it's non-empty -->
  <b:if cond='data:title != &quot;&quot;'>
    <h2 class='title'><data:title/></h2>
  </b:if>
  <div class='widget-content'>
    <data:content/>
  </div>

  <b:include name='quickedit'/>
</b:includable>
  </b:widget>
  <b:widget id='Label1' locked='false' title='Labels' type='Label'>
    <b:includable id='main'>
  <b:if cond='data:title'>
    <h2><data:title/></h2>
  </b:if>
  <div expr:class='&quot;widget-inner &quot; + data:display + &quot;-label-widget-inner&quot;'>
    <b:if cond='data:display == &quot;list&quot;'>
      <ul>
      <b:loop values='data:labels' var='label'>
        <li>
          <b:if cond='data:blog.url == data:label.url'>
            <span expr:dir='data:blog.languageDirection'><data:label.name/></span>
          <b:else/>
            <a expr:dir='data:blog.languageDirection' expr:href='data:label.url'><data:label.name/></a>
          </b:if>
          <b:if cond='data:showFreqNumbers'>
            <span dir='ltr'>(<data:label.count/>)</span>
          </b:if>
        </li>
      </b:loop>
      </ul>
    <b:else/>
      <b:loop values='data:labels' var='label'>
        <span expr:class='&quot;label-size label-size-&quot; + data:label.cssSize'>
          <b:if cond='data:blog.url == data:label.url'>
            <span expr:dir='data:blog.languageDirection'><data:label.name/></span>
          <b:else/>
            <a expr:dir='data:blog.languageDirection' expr:href='data:label.url'><data:label.name/></a>
          </b:if>
          <b:if cond='data:showFreqNumbers'>
            <span class='label-count' dir='ltr'>(<data:label.count/>)</span>
          </b:if>
        </span>
      </b:loop>
    </b:if>
    <b:include name='quickedit'/>
  </div>
</b:includable>
  </b:widget>
  <b:widget id='BlogArchive1' locked='false' title='Blog Archive' type='BlogArchive'>
    <b:includable id='main'>
  <b:if cond='data:title'>
    <h2><data:title/></h2>
  </b:if>
  <div class='widget-inner'>
  <div id='ArchiveList'>
  <div expr:id='data:widget.instanceId + &quot;_ArchiveList&quot;'>
    <b:if cond='data:style == &quot;HIERARCHY&quot;'>
     <b:include data='data' name='interval'/>
    </b:if>
    <b:if cond='data:style == &quot;FLAT&quot;'>
      <b:include data='data' name='flat'/>
    </b:if>
    <b:if cond='data:style == &quot;MENU&quot;'>
      <b:include data='data' name='menu'/>
    </b:if>
  </div>
  </div>
  <b:include name='quickedit'/>
  </div>
</b:includable>
    <b:includable id='flat' var='data'>
  <ul class='flat'>
    <b:loop values='data:data' var='i'>
      <li class='archivedate'>
        <a expr:href='data:i.url'><data:i.name/></a> 
      </li>
    </b:loop>
  </ul>
</b:includable>
    <b:includable id='interval' var='intervalData'>
  <b:loop values='data:intervalData' var='i'>
      <ul class='hierarchy'>
        <li expr:class='&quot;archivedate &quot; + data:i.expclass'>
          <b:include data='i' name='toggle'/>
          <a class='post-count-link' expr:href='data:i.url'><data:i.name/></a>
            <span class='post-count' dir='ltr'/>
          <b:if cond='data:i.data'>
            <b:include data='i.data' name='interval'/>
          </b:if>
          <b:if cond='data:i.posts'>
            <b:include data='i.posts' name='posts'/>
          </b:if>
        </li>
      </ul>
  </b:loop>
</b:includable>
    <b:includable id='menu' var='data'>
  <select expr:id='data:widget.instanceId + &quot;_ArchiveMenu&quot;'>
    <option value=''><data:title/></option>
    <b:loop values='data:data' var='i'>
      <option expr:value='data:i.url'><data:i.name/> </option>
    </b:loop>
  </select>
</b:includable>
    <b:includable id='posts' var='posts'>
  <ul class='posts'>
    <b:loop values='data:posts' var='i'>
      <li><a expr:href='data:i.url'><data:i.title/></a></li>
    </b:loop>
  </ul>
</b:includable>
    <b:includable id='toggle' var='interval'>
  <b:if cond='data:interval.toggleId'>
  <b:if cond='data:interval.expclass == &quot;expanded&quot;'>
    <a class='toggle' href='javascript:void(0)'>
      <span class='zippy toggle-open'>&#9660;&#160;</span>
    </a>
  <b:else/>
    <a class='toggle' href='javascript:void(0)'>
      <span class='zippy'>
        <b:if cond='data:blog.languageDirection == &quot;rtl&quot;'>
          &#9668;&#160;
        <b:else/>
          &#9658;&#160;
        </b:if>
      </span>
    </a>
  </b:if>
 </b:if>
</b:includable>
  </b:widget>
  <b:widget id='LinkList4' locked='false' title='Widget #4' type='LinkList'>
    <b:includable id='main'>

<b:if cond='data:title'><h2><data:title/></h2></b:if>
 <div class='widget-content'>
   <ul>
     <b:loop values='data:links' var='link'>
       <li><a expr:href='data:link.target'><data:link.name/></a></li>
     </b:loop>
   </ul>
   <b:include name='quickedit'/>
 </div>
</b:includable>
  </b:widget>
</b:section>

</div>

</div> <!-- end content-wrapper -->

<div class='box effect2'><div class='box2'>
<a href='#'>About</a>-<a href='#'>Privacy Policy</a>-<a href='#'>Contact us</a>
</div></div>
<div class='clear'/>
  
<div id='feet'>   
<div id='feet-left'>
Copyright &#169; 2013 <a expr:href='data:blog.homepageUrl'><data:blog.title/></a>. <a href='http://www.bloggertheme9.com/' target='_blank'>Blogger Template</a> by <a href='http://www.bloggertheme9.com/' id='credit'>Bloggertheme9</a>  
</div>       
<div id='feet-right'>
Published..<a href='http://gooyaabitemplates.com/'>Blogger Templates</a>.
<!-- ATTENTION!! DO NOT REMOVE ANY OF THE CREDIT LINK ABOVE  -->
Powered by <a href='http://www.blogger.com/'>Blogger</a>.
</div>

<a href='#' id='MD-StoTop'><img alt='back to top' src='http://3.bp.blogspot.com/-tYLqcPFwJxQ/UUYKoTB67LI/AAAAAAAAAk4/VGmmIQVaIBE/s320/htel.png'/></a>
</div>

    <script type='text/javascript'>
var home_page=&quot;/&quot;;
var urlactivepage=location.href;
var postperpage=4;
var numshowpage=5;
var upPageWord =&#39;Previous&#39;;
var downPageWord =&#39;Next&#39;;
</script>

<script type='text/javascript'>
//<![CDATA[

/* Widget by www.abu-farhan.com
copyright by Abu Farhan
Dont edit without permission from the Copyright owner-------------------------------------*/

eval(function(p,a,c,k,e,r){e=function(c){return(c<a?'':e(parseInt(c/a)))+((c=c%a)>35?String.fromCharCode(c+29):c.toString(36))};if(!''.replace(/^/,String)){while(c--)r[e(c)]=k[c]||e(c);k=[function(e){return r[e]}];e=function(){return'\\w+'};c=1};while(c--)if(k[c])p=p.replace(new RegExp('\\b'+e(c)+'\\b','g'),k[c]);return p}('5 G;5 i;5 b;5 n;1f();x 1g(15){5 6=\'\';H=I(K/2);3(H==K-H){K=H*2+1}J=b-H;3(J<1)J=1;o=I(15/j)+1;3(o-1==15/j)o=o-1;L=J+K-1;3(L>o)L=o;6+="<4 e=\'1y\'>1z "+b+\' 1A \'+o+"</4>";5 16=I(b)-1;3(b>1){3(b==2){3(i=="w"){6+=\'<4 e="1B"><a f="\'+y+\'">\'+M+\'</a></4>\'}c{6+=\'<4 e="k"><a f="/r/s/\'+n+\'?&7-l=\'+j+\'">\'+M+\'</a></4>\'}}c{3(i=="w"){6+=\'<4 e="k"><a f="#" z="N(\'+16+\');A B">\'+M+\'</a></4>\'}c{6+=\'<4 e="k"><a f="#" z="O(\'+16+\');A B">\'+M+\'</a></4>\'}}}1h(5 g=J;g<=L;g++){3(b==g){6+=\'<4 e="1C">\'+g+\'</4>\'}c 3(g==1){3(i=="w"){6+=\'<4 e="k"><a f="\'+y+\'">1</a></4>\'}c{6+=\'<4 e="k"><a f="/r/s/\'+n+\'?&7-l=\'+j+\'">1</a></4>\'}}c{3(i=="w"){6+=\'<4 e="k"><a f="#" z="N(\'+g+\');A B">\'+g+\'</a></4>\'}c{6+=\'<4 e="k"><a f="#" z="O(\'+g+\');A B">\'+g+\'</a></4>\'}}}5 17=I(b)+1;3(b<o){3(i=="w"){6+=\'<4 e="k"><a f="#" z="N(\'+17+\');A B">\'+1i+\'</a></4>\'}c{6+=\'<4 e="k"><a f="#" z="O(\'+17+\');A B">\'+1i+\'</a></4>\'}}5 C=u.1D("C");5 18=u.1E("1F-1G");1h(5 p=0;p<C.P;p++){C[p].1j=6}3(C&&C.P>0){6=\'\'}3(18){18.1j=6}}x 1a(Q){5 R=Q.R;5 1k=I(R.1H$1I.$t,10);1g(1k)}x 1f(){5 d=m;3(d.9("/r/s/")!=-1){3(d.9("?S-7")!=-1){n=d.D(d.9("/r/s/")+14,d.9("?S-7"))}c{n=d.D(d.9("/r/s/")+14,d.9("?&7"))}}3(d.9("?q=")==-1&&d.9(".6")==-1){3(d.9("/r/s/")==-1){i="w";3(m.9("#E=")!=-1){b=m.D(m.9("#E=")+8,m.P)}c{b=1}u.1l("<h T=\\""+y+"U/V/W?7-l=1&X=Y-Z-h&11=1a\\"><\\/h>")}c{i="s";3(d.9("&7-l=")==-1){j=1J}3(m.9("#E=")!=-1){b=m.D(m.9("#E=")+8,m.P)}c{b=1}u.1l(\'<h T="\'+y+\'U/V/W/-/\'+n+\'?X=Y-Z-h&11=1a&7-l=1" ><\\/h>\')}}}x N(F){12=(F-1)*j;G=F;5 13=u.1m(\'1n\')[0];5 v=u.1o(\'h\');v.1p=\'1q/1r\';v.1s("T",y+"U/V/W?1t-1u="+12+"&7-l=1&X=Y-Z-h&11=1b");13.1v(v)}x O(F){12=(F-1)*j;G=F;5 13=u.1m(\'1n\')[0];5 v=u.1o(\'h\');v.1p=\'1q/1r\';v.1s("T",y+"U/V/W/-/"+n+"?1t-1u="+12+"&7-l=1&X=Y-Z-h&11=1b");13.1v(v)}x 1b(Q){1c=Q.R.1K[0];5 1w=1c.1x.$t.D(0,19)+1c.1x.$t.D(1L,1M);5 1d=1N(1w);3(i=="w"){5 1e="/r?S-7="+1d+"&7-l="+j+"#E="+G}c{5 1e="/r/s/"+n+"?S-7="+1d+"&7-l="+j+"#E="+G}1O.f=1e}',62,113,'|||if|span|var|html|max||indexOf||nomerhal|else|thisUrl|class|href|jj|script|jenis|postperpage|showpageNum|results|urlactivepage|lblname1|maksimal|||search|label||document|newInclude|page|function|home_page|onclick|return|false|pageArea|substring|PageNo|numberpage|nopage|nomerkiri|parseInt|mulai|numshowpage|akhir|upPageWord|redirectpage|redirectlabel|length|root|feed|updated|src|feeds|posts|summary|alt|json|in||callback|jsonstart|nBody||banyakdata|prevnomer|nextnomer|blogPager||hitungtotaldata|finddatepost|post|timestamp|alamat|halamanblogger|loophalaman|for|downPageWord|innerHTML|totaldata|write|getElementsByTagName|head|createElement|type|text|javascript|setAttribute|start|index|appendChild|timestamp1|published|showpageOf|Page|of|showpage|showpagePoint|getElementsByName|getElementById|blog|pager|openSearch|totalResults|20|entry|23|29|encodeURIComponent|location'.split('|'),0,{}))

//]]>
</script>

    
</body>
</html>