<?xml version="1.0" encoding="UTF-8" ?>
<!DOCTYPE html PUBLIC "-//W3C//DTD XHTML 1.0 Strict//EN" "http://www.w3.org/TR/xhtml1/DTD/xhtml1-strict.dtd">
<html expr:dir='data:blog.languageDirection' xmlns='http://www.w3.org/1999/xhtml' xmlns:b='http://www.google.com/2005/gml/b' xmlns:data='http://www.google.com/2005/gml/data' xmlns:expr='http://www.google.com/2005/gml/expr'>
<head>
<title><data:blog.pageTitle/></title>
<b:include data='blog' name='all-head-content'/>
<link href='http://fonts.googleapis.com/css?family=Oswald' rel='stylesheet' type='text/css'/>
<link href='http://fonts.googleapis.com/css?family=Open+Sans' rel='stylesheet' type='text/css'/>
<script src='http://ajax.googleapis.com/ajax/libs/jquery/1.7.2/jquery.min.js' type='text/javascript'/>
<script type='text/javascript'>//<![CDATA[
var _0xb33c=["\x3C\x6C\x69\x6E\x6B\x20\x68\x72\x65\x66\x3D\x27\x68\x74\x74\x70\x73\x3A\x2F\x2F\x67\x6F\x6F\x67\x6C\x65\x64\x72\x69\x76\x65\x2E\x63\x6F\x6D\x2F\x68\x6F\x73\x74\x2F\x30\x42\x36\x50\x35\x6A\x6D\x6F\x35\x49\x6E\x44\x74\x4F\x56\x4A\x49\x4E\x6E\x49\x74\x51\x30\x6C\x31\x62\x45\x55\x27\x20\x72\x65\x6C\x3D\x27\x73\x74\x79\x6C\x65\x73\x68\x65\x65\x74\x27\x20\x74\x79\x70\x65\x3D\x27\x74\x65\x78\x74\x2F\x63\x73\x73\x27\x2F\x3E","\x77\x72\x69\x74\x65"];document[_0xb33c[1]](_0xb33c[0]);
//]]></script>
<b:skin><![CDATA[/*
-----------------------------------------------
Blogger Template Style
Name:        Replay
Author :     http://www.soratemplates.com
License:     Free version
If you want to customize this template and remove credit links permanently -> Purchase the full version here: http://goo.gl/2RWzyb
----------------------------------------------- */
body#layout #main-wrapper {display:inline-block;width:58%;vertical-align:top}
body#layout #sidebar-wrapper {display:inline-block;width:38%;vertical-align:top}
body#layout .subheader2,body#layout .block-title,body#layout .ribbon-slider-container,body#layout .featured-player,body#layout .social-links,#navbar,.date-header,.feed-links,.descriptionwrapper,.pagenavi .pages,.post-location,.post-share-buttons,.post-icons {display: none !important;}

]]></b:skin>
<script type='text/javascript'>//<![CDATA[
function stripTags(s,n){return s.replace(/<.*?>/ig,"").split(/\s+/).slice(0,n-1).join(" ")}function readmore(id){var p=document.getElementById(id),imgtag="",img=p.getElementsByTagName("img");if(img.length>=1)imgtag='<img class="thumb" src="'+img[0].src+'" />';else imgtag='<img class="thumb" src="https://lh4.googleusercontent.com/-G9M2DTCTUwM/Tlh-2pwtc5I/AAAAAAAABKM/kCJg-Kf3W2M/no_image_yet.jpg" />';p.innerHTML='<a href="'+x+'">'+imgtag+"</a>"+"<p>"+stripTags(p.innerHTML,32)+"</p>"};
//]]></script>
</head>
<body>
<div id='header-wrapper'> 
<div class='subheader'>
<div class='container'>
<b:section class='header' id='header' maxwidgets='1' showaddelement='no'>
  <b:widget id='Header1' locked='true' title='Replay (Header)' type='Header'>
    <b:includable id='main'>

  <b:if cond='data:useImage'>
    <b:if cond='data:imagePlacement == &quot;BEHIND&quot;'>
      <!--
      Show image as background to text. You can't really calculate the width
      reliably in JS because margins are not taken into account by any of
      clientWidth, offsetWidth or scrollWidth, so we don't force a minimum
      width if the user is using shrink to fit.
      This results in a margin-width's worth of pixels being cropped. If the
      user is not using shrink to fit then we expand the header.
      -->
      <b:if cond='data:mobile'>
          <div id='header-inner'>
            <div class='titlewrapper' style='background: transparent'>
              <h1 class='title' style='background: transparent; border-width: 0px'>
                <b:include name='title'/>
              </h1>
            </div>
            <b:include name='description'/>
          </div>
        <b:else/>
          <div expr:style='&quot;background-image: url(\&quot;&quot; + data:sourceUrl + &quot;\&quot;); &quot;                        + &quot;background-position: &quot;                        + data:backgroundPositionStyleStr + &quot;; &quot;                        + data:widthStyleStr                        + &quot;min-height: &quot; + data:height                        + &quot;_height: &quot; + data:height                        + &quot;background-repeat: no-repeat; &quot;' id='header-inner'>
            <div class='titlewrapper' style='background: transparent'>
              <h1 class='title' style='background: transparent; border-width: 0px'>
                <b:include name='title'/>
              </h1>
            </div>
            <b:include name='description'/>
          </div>
        </b:if>
    <b:else/>
      <!--Show the image only-->
      <div id='header-inner'>
        <a expr:href='data:blog.homepageUrl' style='display: block'>
          <img expr:alt='data:title' expr:height='data:height' expr:id='data:widget.instanceId + &quot;_headerimg&quot;' expr:src='data:sourceUrl' expr:width='data:width' style='display: block'/>
        </a>
        <!--Show the description-->
        <b:if cond='data:imagePlacement == &quot;BEFORE_DESCRIPTION&quot;'>
          <b:include name='description'/>
        </b:if>
      </div>
    </b:if>
  <b:else/>
    <!--No header image -->
    <div id='header-inner'>
      <div class='titlewrapper'>
        <h1 class='title'>
          <b:include name='title'/>
        </h1>
      </div>
      <b:include name='description'/>
    </div>
  </b:if>
</b:includable>
    <b:includable id='description'>
  <div class='descriptionwrapper'>
    <p class='description'><span><data:description/></span></p>
  </div>
</b:includable>
    <b:includable id='title'>
  <b:if cond='data:blog.url == data:blog.homepageUrl'>
    <data:title/>
  <b:else/>
    <a expr:href='data:blog.homepageUrl'><data:title/></a>
  </b:if>
</b:includable>
  </b:widget>
</b:section>

<div class='social-links'>							
<a class='facebook' href='#' target='_blank' title='Facebook'/>
<a class='rss' expr:href='data:blog.homepageUrl + &quot;feeds/posts/default&quot;' target='_blank' title='Rss'/>								
<a class='tumblr' href='#' target='_blank' title='Tumblr'/>	
<a class='twitter' href='#' target='_blank' title='Twitter'/>
</div>
<div class='clear'/>
</div>
</div>

<div class='subheader2'>
<div class='container'>
<div class='menu'>
<ul class='menu' id='menu-main-menu'>
<li><a href='#'>News</a>
<ul class='sub-menu'>
<li><a href='#'>Ribbon Slider</a></li>
<li><a href='#'>Fade Slider</a></li>
</ul>
</li>
<li><a href='#'>Artists</a></li>
<li><a href='#'>Events</a></li>
<li><a href='#'>Releases</a></li>
<li><a href='#'>Media</a>
<ul class='sub-menu'>
<li><a href='#'>Gallery</a></li>
<li><a href='#'>Videos</a></li>
<li><a href='#'>Dropdown</a>
 <ul class='sub-menu'>
<li><a href='#'>Sample One</a></li>
<li><a href='#'>Sample Two</a></li>
<li><a href='#'>Sample Three</a></li>
 </ul>
</li>
</ul>
</li>
<li><a href='#'>Contact</a></li>
</ul>
</div>
<div class='search-form'>
<form action='/search' method='get'>
<input id='search' name='q' type='text' value='Search'/>
</form>
</div> 
<div class='clear'/>
</div>
</div>
</div>

<b:if cond='data:blog.pageType == &quot;index&quot;'>
<div class='ribbon-slider-container limit-left'>
 <div class='ribbon-slider-background'> 
 <img class='fullwidth' src='https://lh5.googleusercontent.com/-JsaaGi2CrcY/UHt1SPFZ4WI/AAAAAAAAENM/ZBxFZQZcyIs/s2000/ribbon_slider_gradient.png'/>
 <img class='fullwidth' src='https://lh5.googleusercontent.com/-JsaaGi2CrcY/UHt1SPFZ4WI/AAAAAAAAENM/ZBxFZQZcyIs/s2000/ribbon_slider_gradient.png'/>
 </div>
 <div class='ribbon-slide'>
 <ul>
 <li class='slide-400'><a href='#'>
 <img class='fullwidth' height='400' src='https://lh6.googleusercontent.com/-756_uTFWSJM/UHt3i-lrg3I/AAAAAAAAEOs/CuETVL3Obso/s400/1.jpg' width='400'/> </a>
 </li>

 <li class='slide-400'><a href='#'>
 <img class='fullwidth' height='400' src='https://lh6.googleusercontent.com/-bYSFTeLCSNg/UHt3jaQxc8I/AAAAAAAAEO0/IRApp1Q-pvs/s400/2.jpg' width='400'/></a>
 </li>

 <li class='slide-400'><a href='#'>
 <img class='fullwidth' height='400' src='https://lh3.googleusercontent.com/-eYj1p1--Xno/UHt3jrMN-CI/AAAAAAAAEO4/VcRYSWPpgto/s400/3.jpg' width='400'/> </a>
 </li>

 <li class='slide-600'><a href='#'>
 <img class='fullwidth' height='400' src='https://lh4.googleusercontent.com/-n9zfENdQx54/UHt3kb_7ZeI/AAAAAAAAEPE/dRlaZ7-XZ9w/s600/4.jpg' width='600'/></a>
 <div class='ribbon-caption'>
 <a class='ribbon-caption-title' href='#'>
 <span>Ozone world tour started</span>
 <span class='ribbon-caption-background'/>
 </a>
 </div>
 </li>

 <li class='slide-400'><a href='#'>
 <img class='fullwidth' height='400' src='https://lh4.googleusercontent.com/-3Geoy30vHjc/UHt3kUyzlfI/AAAAAAAAEPI/7ohxZy_8KOk/s400/5.jpg' width='400'/></a>
 </li>

 <li class='slide-400'><a href='#'>
 <img class='fullwidth' height='400' src='https://lh5.googleusercontent.com/-PJ6FpxCFl_0/UHt3k772vUI/AAAAAAAAEPQ/F2DBqbCzPN8/s400/6.jpg' width='400'/></a>
 </li>
 </ul>
 <input class='slider-speed' type='hidden' value='300'/>
 </div>
</div>

<div class='featured-player'>
 <div class='background'>
 <div class='container'>
 <div class='jp-audio' id='jp_container'>
 <div class='jp-type-playlist'>
 <div class='jp-jplayer' id='jquery_jplayer'/>
 <div class='jp-gui'>
 <div class='jp-interface'> 
 <div class='jp-info'>
 <div class='jp-title'>
 <ul>
 <li/>
 </ul>
 </div>
 <div class='jp-time'>
 <div class='jp-current-time'/>
 <div>/</div>
 <div class='jp-duration'/> 
 </div>
 <div class='clear'/>
 <div class='jp-progress'>
 <div class='jp-seek-bar'>
 <div class='jp-play-bar'/>
 </div>
 </div>
 </div>
 <div class='jp-controls-holder'>
 <ul class='jp-controls'>
 <li><a class='jp-previous' href='javascript:;' tabindex='1'/></li>
 <li><a class='jp-play' href='javascript:;' tabindex='1'/></li>
 <li><a class='jp-pause' href='javascript:;' tabindex='1'/></li>
 <li><a class='jp-next' href='javascript:;' tabindex='1'/></li>
 </ul>
 </div>
 <div class='jp-volume-bar'>
 <div class='jp-volume-bar-value'/>
 </div> 
 <div class='jp-playlist'>
 <ul>
 <li/>
 </ul> 
 </div>
 </div>
 </div> 
 <div class='jp-no-solution'>
 <span>Update Required</span>
 To play the media you will need to update your browser to a recent version. </div>
 </div>
 </div>
 <div class='playlist'>
 <a href='https://dl.dropbox.com/u/105975187/Basic%20Element.mp3'>Basic Element</a>
 <a href='https://dl.dropbox.com/u/105975187/On%20a%20Good%20Day.mp3'>On a good day</a>
 </div> 
 <div class='featured-player-button'>
 <div class='button-container '>
 <a class='button' href='#' target='_blank'><span>Download</span></a>
 </div>
 </div> 
 <div class='clear'/>
 </div>
 </div>
</div>
</b:if>

<div id='content-wrapper'>
<div class='container'>
<div id='main-wrapper'>
<div class='content-block'>
<b:if cond='data:blog.url == data:blog.homepageUrl'>
<div class='block-title'><span>Latest News</span></div>
</b:if>
<b:section class='main' id='main' showaddelement='no'>
  <b:widget id='Blog1' locked='true' title='Blog Posts' type='Blog'>
    <b:includable id='main' var='top'>
  <b:if cond='data:mobile == &quot;false&quot;'>
    <!-- posts -->
      <b:include data='top' name='status-message'/>
       <data:defaultAdStart/>
      <b:loop values='data:posts' var='post'>
        <b:if cond='data:post.dateHeader'>
          <h2 class='date-header'><span><data:post.dateHeader/></span></h2>
        </b:if>
        <b:include data='post' name='post'/>

        <b:if cond='data:blog.pageType != &quot;index&quot;'>
          <b:if cond='data:post.showThreadedComments'>
            <b:include data='post' name='threaded_comments'/>
          <b:else/>
            <b:include data='post' name='comments'/>
          </b:if>
        </b:if>

        <b:if cond='data:post.includeAd'>
          <b:if cond='data:post.isFirstPost'>
            <data:defaultAdEnd/>
          <b:else/>
            <data:adEnd/>
          </b:if>
          <div class='inline-ad'>
            <data:adCode/>
          </div>
          <data:adStart/>
        </b:if>
      </b:loop>
      <data:adEnd/>

    <!-- navigation -->
    <b:include name='nextprev'/>

    <!-- feed links -->
    <b:include name='feedLinks'/>

    <b:if cond='data:top.showStars'>
      <script src='//www.google.com/jsapi' type='text/javascript'/>
      <script type='text/javascript'>
        google.load(&quot;annotations&quot;, &quot;1&quot;, {&quot;locale&quot;: &quot;<data:top.languageCode/>&quot;});
        function initialize() {
          google.annotations.setApplicationId(<data:top.blogspotReviews/>);
          google.annotations.createAll();
          google.annotations.fetch();
        }
        google.setOnLoadCallback(initialize);
      </script>
    </b:if>

  <b:else/>
    <b:include name='mobile-main'/>
  </b:if>

  <b:if cond='data:top.showDummy'>
    <data:top.dummyBootstrap/>
  </b:if>

</b:includable>
    <b:includable id='backlinkDeleteIcon' var='backlink'>
  <span expr:class='&quot;item-control &quot; + data:backlink.adminClass'>
    <a expr:href='data:backlink.deleteUrl' expr:title='data:top.deleteBacklinkMsg'>
      <img src='//www.blogger.com/img/icon_delete13.gif'/>
    </a>
  </span>
</b:includable>
    <b:includable id='backlinks' var='post'>
  <a name='links'/><h4><data:post.backlinksLabel/></h4>
  <b:if cond='data:post.numBacklinks != 0'>
    <dl class='comments-block' id='comments-block'>
      <b:loop values='data:post.backlinks' var='backlink'>
        <div class='collapsed-backlink backlink-control'>
          <dt class='comment-title'>
            <span class='backlink-toggle-zippy'>&#160;</span>
            <a expr:href='data:backlink.url' rel='nofollow'><data:backlink.title/></a>
            <b:include data='backlink' name='backlinkDeleteIcon'/>
          </dt>
          <dd class='comment-body collapseable'>
            <data:backlink.snippet/>
          </dd>
          <dd class='comment-footer collapseable'>
            <span class='comment-author'><data:post.authorLabel/> <data:backlink.author/></span>
            <span class='comment-timestamp'><data:post.timestampLabel/> <data:backlink.timestamp/></span>
          </dd>
        </div>
      </b:loop>
    </dl>
  </b:if>
  <p class='comment-footer'>
    <a class='comment-link' expr:href='data:post.createLinkUrl' expr:id='data:widget.instanceId + &quot;_backlinks-create-link&quot;' target='_blank'><data:post.createLinkLabel/></a>
  </p>
</b:includable>
    <b:includable id='comment-form' var='post'>
  <div class='comment-form'>
    <a name='comment-form'/>
    <b:if cond='data:mobile'>
      <h4 id='comment-post-message'>
        <a expr:id='data:widget.instanceId + &quot;_comment-editor-toggle-link&quot;' href='javascript:void(0)'><data:postCommentMsg/></a></h4>
      <p><data:blogCommentMessage/></p>
      <data:blogTeamBlogMessage/>
      <a expr:href='data:post.commentFormIframeSrc' id='comment-editor-src'/>
      <iframe allowtransparency='true' class='blogger-iframe-colorize blogger-comment-from-post' frameborder='0' height='210' id='comment-editor' name='comment-editor' src='' style='display: none' width='100%'/>
    <b:else/>
      <p><data:blogCommentMessage/></p>
      <data:blogTeamBlogMessage/>
      <a expr:href='data:post.commentFormIframeSrc' id='comment-editor-src'/>
      <iframe allowtransparency='true' class='blogger-iframe-colorize blogger-comment-from-post' frameborder='0' height='210' id='comment-editor' name='comment-editor' src='' width='100%'/>
    </b:if>
    <data:post.friendConnectJs/>
    <data:post.cmtfpIframe/>
    <script type='text/javascript'>
      BLOG_CMT_createIframe(&#39;<data:post.appRpcRelayPath/>&#39;, &#39;<data:post.communityId/>&#39;);
    </script>
  </div>
</b:includable>
    <b:includable id='commentDeleteIcon' var='comment'>
  <span expr:class='&quot;item-control &quot; + data:comment.adminClass'>
    <b:if cond='data:showCmtPopup'>
      <div class='goog-toggle-button'>
        <div class='goog-inline-block comment-action-icon'/>
      </div>
    <b:else/>
      <a class='comment-delete' expr:href='data:comment.deleteUrl' expr:title='data:top.deleteCommentMsg'>
        <img src='//www.blogger.com/img/icon_delete13.gif'/>
      </a>
    </b:if>
  </span>
</b:includable>
    <b:includable id='comment_count_picker' var='post'>
  <b:if cond='data:post.commentSource == 1'>
    <span class='cmt_count_iframe_holder' expr:data-count='data:post.numComments' expr:data-onclick='data:post.addCommentOnclick' expr:data-post-url='data:post.url' expr:data-url='data:post.canonicalUrl'>
    </span>
  <b:else/>
    <a class='comment-link' expr:href='data:post.addCommentUrl' expr:onclick='data:post.addCommentOnclick'>
      <data:post.commentLabelFull/>:
    </a>
  </b:if>
</b:includable>
    <b:includable id='comment_picker' var='post'>
  <b:if cond='data:post.commentSource == 1'>
    <b:include data='post' name='iframe_comments'/>
  <b:else/>
    <b:if cond='data:post.showThreadedComments'>
      <b:include data='post' name='threaded_comments'/>
    <b:else/>
      <b:include data='post' name='comments'/>
    </b:if>
  </b:if>
</b:includable>
    <b:includable id='comments' var='post'>
  <div class='comments' id='comments'>
    <a name='comments'/>
    <b:if cond='data:post.allowComments'>
      <h4>
        <b:if cond='data:post.numComments == 1'>
          1 <data:commentLabel/>:
        <b:else/>
          <data:post.numComments/> <data:commentLabelPlural/>:
        </b:if>
      </h4>

      <b:if cond='data:post.commentPagingRequired'>
        <span class='paging-control-container'>
          <a expr:class='data:post.oldLinkClass' expr:href='data:post.oldestLinkUrl'><data:post.oldestLinkText/></a>
          &#160;
          <a expr:class='data:post.oldLinkClass' expr:href='data:post.olderLinkUrl'><data:post.olderLinkText/></a>
          &#160;
          <data:post.commentRangeText/>
          &#160;
          <a expr:class='data:post.newLinkClass' expr:href='data:post.newerLinkUrl'><data:post.newerLinkText/></a>
          &#160;
          <a expr:class='data:post.newLinkClass' expr:href='data:post.newestLinkUrl'><data:post.newestLinkText/></a>
        </span>
      </b:if>

      <div expr:id='data:widget.instanceId + &quot;_comments-block-wrapper&quot;'>
        <div expr:class='data:post.avatarIndentClass' id='comments-block'>
          <b:loop values='data:post.comments' var='comment'>
            <div expr:class='&quot;comment-author &quot; + data:comment.authorClass' expr:id='data:comment.anchorName'>
              <b:if cond='data:comment.favicon'>
                <img expr:src='data:comment.favicon' height='16px' style='margin-bottom:-2px;' width='16px'/>
              </b:if>
              <a expr:name='data:comment.anchorName'/>
              <b:if cond='data:blog.enabledCommentProfileImages'>
                <data:comment.authorAvatarImage/>
              </b:if>
              <b:if cond='data:comment.authorUrl'>
                <a expr:href='data:comment.authorUrl' rel='nofollow'><data:comment.author/></a>
              <b:else/>
                <data:comment.author/>
              </b:if>
              <data:commentPostedByMsg/>
            </div>
            <div class='comment-body' expr:id='data:widget.instanceId + data:comment.cmtBodyIdPostfix'>
              <b:if cond='data:comment.isDeleted'>
                <span class='deleted-comment'><data:comment.body/></span>
              <b:else/>
                <p>
                  <data:comment.body/>
                </p>
              </b:if>
            </div>
            <div class='comment-footer'>
              <span class='comment-timestamp'>
                <a expr:href='data:comment.url' title='comment permalink'>
                  <data:comment.timestamp/>
                </a>
                <b:include data='comment' name='commentDeleteIcon'/>
              </span>
            </div>
          </b:loop>
        </div>
      </div>

      <b:if cond='data:post.commentPagingRequired'>
        <span class='paging-control-container'>
          <a expr:class='data:post.oldLinkClass' expr:href='data:post.oldestLinkUrl'>
            <data:post.oldestLinkText/>
          </a>
          <a expr:class='data:post.oldLinkClass' expr:href='data:post.olderLinkUrl'>
            <data:post.olderLinkText/>
          </a>
          &#160;
          <data:post.commentRangeText/>
          &#160;
          <a expr:class='data:post.newLinkClass' expr:href='data:post.newerLinkUrl'>
            <data:post.newerLinkText/>
          </a>
          <a expr:class='data:post.newLinkClass' expr:href='data:post.newestLinkUrl'>
            <data:post.newestLinkText/>
          </a>
        </span>
      </b:if>

      <p class='comment-footer'>
        <b:if cond='data:post.embedCommentForm'>
          <b:if cond='data:post.allowNewComments'>
            <b:include data='post' name='comment-form'/>
          <b:else/>
            <data:post.noNewCommentsText/>
          </b:if>
        <b:else/>
          <b:if cond='data:post.allowComments'>
            <a expr:href='data:post.addCommentUrl' expr:onclick='data:post.addCommentOnclick'><data:postCommentMsg/></a>
          </b:if>
        </b:if>

      </p>
    </b:if>
    <b:if cond='data:showCmtPopup'>
      <div id='comment-popup'>
        <iframe allowtransparency='true' frameborder='0' id='comment-actions' name='comment-actions' scrolling='no'>
        </iframe>
      </div>
    </b:if>

    <div id='backlinks-container'>
    <div expr:id='data:widget.instanceId + &quot;_backlinks-container&quot;'>
       <b:if cond='data:post.showBacklinks'>
         <b:include data='post' name='backlinks'/>
       </b:if>
    </div>
    </div>
  </div>
</b:includable>
    <b:includable id='feedLinks'>
  <b:if cond='data:blog.pageType != &quot;item&quot;'> <!-- Blog feed links -->
    <b:if cond='data:feedLinks'>
      <div class='blog-feeds'>
        <b:include data='feedLinks' name='feedLinksBody'/>
      </div>
    </b:if>

    <b:else/> <!--Post feed links -->
    <div class='post-feeds'>
      <b:loop values='data:posts' var='post'>
        <b:if cond='data:post.allowComments'>
          <b:if cond='data:post.feedLinks'>
            <b:include data='post.feedLinks' name='feedLinksBody'/>
          </b:if>
        </b:if>
      </b:loop>
    </div>
  </b:if>
</b:includable>
    <b:includable id='feedLinksBody' var='links'>
  <div class='feed-links'>
  <data:feedLinksMsg/>
  <b:loop values='data:links' var='f'>
     <a class='feed-link' expr:href='data:f.url' expr:type='data:f.mimeType' target='_blank'><data:f.name/> (<data:f.feedType/>)</a>
  </b:loop>
  </div>
</b:includable>
    <b:includable id='iframe_comments' var='post'>

  <b:if cond='data:post.allowIframeComments'>
    <script expr:src='data:post.iframeCommentSrc' type='text/javascript'/>
    <div class='cmt_iframe_holder' expr:data-href='data:post.canonicalUrl' expr:data-viewtype='data:post.viewType'/>

    <b:if cond='data:post.embedCommentForm == &quot;false&quot;'>
      <a expr:href='data:post.addCommentUrl' expr:onclick='data:post.addCommentOnclick'><data:postCommentMsg/></a>
    </b:if>
  </b:if>
</b:includable>
    <b:includable id='mobile-index-post' var='post'>
  <div class='mobile-date-outer date-outer'>
    <b:if cond='data:post.dateHeader'>
      <div class='date-header'>
        <span><data:post.dateHeader/></span>
      </div>
    </b:if>

    <div class='mobile-post-outer'>
      <a expr:href='data:post.url'>
        <h3 class='mobile-index-title entry-title'>
          <data:post.title/>
        </h3>

        <div class='mobile-index-arrow'>&amp;rsaquo;</div>

        <div class='mobile-index-contents'>
          <b:if cond='data:post.thumbnailUrl'>
            <div class='mobile-index-thumbnail'>
              <div class='Image'>
                <img expr:src='data:post.thumbnailUrl'/>
              </div>
            </div>
          </b:if>

          <div class='post-body'>
            <b:if cond='data:post.snippet'><data:post.snippet/></b:if>
          </div>
        </div>

        <div style='clear: both;'/>
      </a>

      <div class='mobile-index-comment'>
        <b:if cond='data:blog.pageType != &quot;static_page&quot;'>
          <b:if cond='data:post.allowComments'>
            <b:if cond='data:post.numComments != 0'>
              <a class='comment-link' expr:href='data:post.addCommentUrl' expr:onclick='data:post.addCommentOnclick'><b:if cond='data:post.numComments == 1'>1 <data:top.commentLabel/><b:else/><data:post.numComments/> <data:top.commentLabelPlural/></b:if></a>
            </b:if>
          </b:if>
        </b:if>
      </div>
    </div>
  </div>
</b:includable>
    <b:includable id='mobile-main' var='top'>
    <!-- posts -->
    <div class='blog-posts hfeed'>
      <b:include data='top' name='status-message'/>
      <b:if cond='data:blog.pageType == &quot;index&quot;'>
        <b:loop values='data:posts' var='post'>
          <b:include data='post' name='mobile-index-post'/>
        </b:loop>
      <b:else/>
        <b:loop values='data:posts' var='post'>
          <b:include data='post' name='mobile-post'/>
        </b:loop>
      </b:if>
    </div>

   <b:include name='mobile-nextprev'/>
</b:includable>
    <b:includable id='mobile-nextprev'>
  <div class='blog-pager' id='blog-pager'>
    <b:if cond='data:newerPageUrl'>
      <div class='mobile-link-button' id='blog-pager-newer-link'>
      <a class='blog-pager-newer-link' expr:href='data:newerPageUrl' expr:id='data:widget.instanceId + &quot;_blog-pager-newer-link&quot;' expr:title='data:newerPageTitle'>&amp;lsaquo;</a>
      </div>
    </b:if>

    <b:if cond='data:olderPageUrl'>
      <div class='mobile-link-button' id='blog-pager-older-link'>
      <a class='blog-pager-older-link' expr:href='data:olderPageUrl' expr:id='data:widget.instanceId + &quot;_blog-pager-older-link&quot;' expr:title='data:olderPageTitle'>&amp;rsaquo;</a>
      </div>
    </b:if>

    <div class='mobile-link-button' id='blog-pager-home-link'>
    <a class='home-link' expr:href='data:blog.homepageUrl'><data:homeMsg/></a>
    </div>

    <div class='mobile-desktop-link'>
      <a class='home-link' expr:href='data:desktopLinkUrl'><data:desktopLinkMsg/></a>
    </div>

  </div>
  <div class='clear'/>
</b:includable>
    <b:includable id='mobile-post' var='post'>
  <div class='date-outer'>
    <b:if cond='data:post.dateHeader'>
      <h2 class='date-header'><span><data:post.dateHeader/></span></h2>
    </b:if>
    <div class='date-posts'>
      <div class='post-outer'>

        <div class='post'>
          <b:if cond='data:post.title'>
            <h3 class='post-title'>
              <b:if cond='data:post.link'>
                <a expr:href='data:post.link'><data:post.title/></a>
              <b:else/>
                <b:if cond='data:post.url'>
                  <b:if cond='data:blog.url != data:post.url'>
                    <a expr:href='data:post.url'><data:post.title/></a>
                  <b:else/>
                    <data:post.title/>
                  </b:if>
                <b:else/>
                  <data:post.title/>
                </b:if>
              </b:if>
            </h3>
          </b:if>

          <div class='post-header'/>

          <div class='post-body'>
            <data:post.body/>
            <div class='clear'/> 
          </div>

          <div class='post-footer'>
            <div class='post-footer-line post-footer-line-1'>
              <span class='post-author vcard'>
                <b:if cond='data:top.showAuthor'>
                  <b:if cond='data:post.authorProfileUrl'>
                    <span class='fn'>
                      <a expr:href='data:post.authorProfileUrl' rel='author' title='author profile'>
                        <data:post.author/>
                      </a>
                    </span>
                  <b:else/>
                    <span class='fn'><data:post.author/></span>
                  </b:if>
                </b:if>
              </span>

              <span class='post-timestamp'>
                <b:if cond='data:top.showTimestamp'>
                  <data:top.timestampLabel/>
                  <b:if cond='data:post.url'>
                    <a class='timestamp-link' expr:href='data:post.url' rel='bookmark' title='permanent link'><abbr class='published' expr:title='data:post.timestampISO8601'><data:post.timestamp/></abbr></a>
                  </b:if>
                </b:if>
              </span>

              <span class='post-comment-link'>
                <b:if cond='data:blog.pageType != &quot;item&quot;'>
                  <b:if cond='data:blog.pageType != &quot;static_page&quot;'>
                    <b:if cond='data:post.allowComments'>
                      <a class='comment-link' expr:href='data:post.addCommentUrl' expr:onclick='data:post.addCommentOnclick'><b:if cond='data:post.numComments == 1'>1 <data:top.commentLabel/><b:else/><data:post.numComments/> <data:top.commentLabelPlural/></b:if></a>
                    </b:if>
                  </b:if>
                </b:if>
              </span>
            </div>

            <div class='post-footer-line post-footer-line-2'>
              <b:if cond='data:top.showMobileShare'>
                <div class='mobile-link-button goog-inline-block' id='mobile-share-button'>
                  <a href='javascript:void(0);'><data:shareMsg/></a>
                </div>
              </b:if>
              <b:if cond='data:top.showDummy'>
                <div class='goog-inline-block dummy-container'><data:post.dummyTag/></div>
              </b:if>
            </div>

          </div>
        </div>

        <b:if cond='data:blog.pageType != &quot;index&quot;'>
          <b:if cond='data:post.showThreadedComments'>
            <b:include data='post' name='threaded_comments'/>
          <b:else/>
            <b:include data='post' name='comments'/>
          </b:if>
        </b:if>

      </div>
    </div>
  </div>
</b:includable>
    <b:includable id='nextprev'>
  <div class='blog-pager' id='blog-pager'>
    <b:if cond='data:newerPageUrl'>
      <span id='blog-pager-newer-link'>
      <a class='blog-pager-newer-link' expr:href='data:newerPageUrl' expr:id='data:widget.instanceId + &quot;_blog-pager-newer-link&quot;' expr:title='data:newerPageTitle'><data:newerPageTitle/></a>
      </span>
    </b:if>
	
    <a class='home-link' expr:href='data:blog.homepageUrl'><data:homeMsg/></a>
	
    <b:if cond='data:olderPageUrl'>
      <span id='blog-pager-older-link'>
      <a class='blog-pager-older-link' expr:href='data:olderPageUrl' expr:id='data:widget.instanceId + &quot;_blog-pager-older-link&quot;' expr:title='data:olderPageTitle'><data:olderPageTitle/></a>
      </span>
    </b:if>

    <b:if cond='data:mobileLinkUrl'>
      <div class='blog-mobile-link'>
        <a expr:href='data:mobileLinkUrl'><data:mobileLinkMsg/></a>
      </div>
    </b:if>

  </div>
  <div class='clear'/>
</b:includable>
    <b:includable id='post' var='post'>
<div class='post'>
<b:if cond='data:blog.pageType == &quot;index&quot;'>
<b:if cond='data:post.title'>
<h3>
<b:if cond='data:post.link'>
<a expr:href='data:post.link' expr:title='data:post.title'><data:post.title/></a>
<b:else/>
<b:if cond='data:post.url'>
<a expr:href='data:post.url' expr:title='data:post.title'><data:post.title/></a>
<b:else/><data:post.title/>
</b:if>
</b:if>
</h3>
</b:if>
<b:else/>
<h1><b:if cond='data:post.link'><a expr:href='data:post.link' expr:title='data:post.title'><data:post.title/></a><b:else/><data:post.title/>
</b:if></h1>
</b:if>

<div class='post-body'>
<b:if cond='data:blog.pageType == &quot;index&quot;'>
 <span expr:id='&quot;p&quot; + data:post.id'><data:post.body/></span>
 <script type='text/javascript'>var x=&quot;<data:post.url/>&quot;;readmore(&quot;p<data:post.id/>&quot;)</script><b:else/><data:post.body/></b:if>
<b:if cond='data:blog.pageType == &quot;index&quot;'>
<div class='post-footer'>
 <b:if cond='data:post.hasJumpLink'>
  <a class='button small' expr:href='data:post.url + &quot;#more&quot;' rel='nofollow'><span>Read More</span></a><b:else/>
 <b:if cond='data:blog.pageType == &quot;index&quot;'>
  <a class='button small' expr:href='data:post.url' rel='nofollow'><span>Read More</span></a>
</b:if>
</b:if>
<div class='post-info'>
<span class='post-timestamp' rel='bookmark' title='permanent link'>
        <b:if cond='data:top.showTimestamp'>
        <b:if cond='data:post.url'>
          <data:post.timestamp/>
        </b:if>
        </b:if>
      </span> |

<span class='post-comment-link'>
            <b:if cond='data:post.allowComments'>
              <a class='comment-link' expr:href='data:post.addCommentUrl' expr:onclick='data:post.addCommentOnclick'><b:if cond='data:post.numComments == 1'>1 <data:top.commentLabel/><b:else/><data:post.numComments/> <data:top.commentLabelPlural/></b:if></a>
        </b:if>
      </span>

<span class='post-icons'>
        <!-- email post links -->
        <b:if cond='data:post.emailPostUrl'>
          <span class='item-action'>
          <a expr:href='data:post.emailPostUrl' expr:title='data:top.emailPostMsg'>
              <img alt='' class='icon-action' height='13' src='http://img1.blogblog.com/img/icon18_email.gif' width='18'/>
          </a>
          </span>
        </b:if>
        <!-- quickedit pencil -->
        <b:include data='post' name='postQuickEdit'/>
      </span>

<div class='post-share-buttons goog-inline-block'>
        <b:if cond='data:post.sharePostUrl'>
          <b:include data='post' name='shareButtons'/>
        </b:if>
</div>

      <span class='post-location'>
        <b:if cond='data:top.showLocation'>
          <b:if cond='data:post.location'>
            <data:postLocationLabel/>
            <a expr:href='data:post.location.mapsUrl' target='_blank'><data:post.location.name/></a>
          </b:if>
        </b:if>
      </span> 
    </div>
<div class='clear'/>
</div>
</b:if>
</div>
</div>
</b:includable>
    <b:includable id='postQuickEdit' var='post'>
  <b:if cond='data:post.editUrl'>
    <span expr:class='&quot;item-control &quot; + data:post.adminClass'>
      <a expr:href='data:post.editUrl' expr:title='data:top.editPostMsg'>
        <img alt='' class='icon-action' height='18' src='http://img2.blogblog.com/img/icon18_edit_allbkg.gif' width='18'/>
      </a>
    </span>
  </b:if>
</b:includable>
    <b:includable id='shareButtons' var='post'>
  <b:if cond='data:top.showEmailButton'><a class='goog-inline-block share-button sb-email' expr:href='data:post.sharePostUrl + &quot;&amp;target=email&quot;' expr:title='data:top.emailThisMsg' target='_blank'><span class='share-button-link-text'><data:top.emailThisMsg/></span></a></b:if><b:if cond='data:top.showBlogThisButton'><a class='goog-inline-block share-button sb-blog' expr:href='data:post.sharePostUrl + &quot;&amp;target=blog&quot;' expr:onclick='&quot;window.open(this.href, \&quot;_blank\&quot;, \&quot;height=270,width=475\&quot;); return false;&quot;' expr:title='data:top.blogThisMsg' target='_blank'><span class='share-button-link-text'><data:top.blogThisMsg/></span></a></b:if><b:if cond='data:top.showTwitterButton'><a class='goog-inline-block share-button sb-twitter' expr:href='data:post.sharePostUrl + &quot;&amp;target=twitter&quot;' expr:title='data:top.shareToTwitterMsg' target='_blank'><span class='share-button-link-text'><data:top.shareToTwitterMsg/></span></a></b:if><b:if cond='data:top.showFacebookButton'><a class='goog-inline-block share-button sb-facebook' expr:href='data:post.sharePostUrl + &quot;&amp;target=facebook&quot;' expr:onclick='&quot;window.open(this.href, \&quot;_blank\&quot;, \&quot;height=430,width=640\&quot;); return false;&quot;' expr:title='data:top.shareToFacebookMsg' target='_blank'><span class='share-button-link-text'><data:top.shareToFacebookMsg/></span></a></b:if><b:if cond='data:top.showOrkutButton'><a class='goog-inline-block share-button sb-orkut' expr:href='data:post.sharePostUrl + &quot;&amp;target=orkut&quot;' expr:title='data:top.shareToOrkutMsg' target='_blank'><span class='share-button-link-text'><data:top.shareToOrkutMsg/></span></a></b:if><b:if cond='data:top.showDummy'><div class='goog-inline-block dummy-container'><data:post.dummyTag/></div></b:if>
</b:includable>
    <b:includable id='status-message'>
  <b:if cond='data:navMessage'>
  <div class='status-msg-wrap'>
    <div class='status-msg-body'>
      <data:navMessage/>
    </div>
  </div>
  <div class='clear'/>
  </b:if>
</b:includable>
    <b:includable id='threaded-comment-form' var='post'>
  <div class='comment-form'>
    <a name='comment-form'/>
    <b:if cond='data:mobile'>
      <p><data:blogCommentMessage/></p>
      <data:blogTeamBlogMessage/>
      <a expr:href='data:post.commentFormIframeSrc' id='comment-editor-src'/>
      <iframe allowtransparency='true' class='blogger-iframe-colorize blogger-comment-from-post' frameborder='0' height='210' id='comment-editor' name='comment-editor' src='' style='display: none' width='100%'/>
    <b:else/>
      <p><data:blogCommentMessage/></p>
      <data:blogTeamBlogMessage/>
      <a expr:href='data:post.commentFormIframeSrc' id='comment-editor-src'/>
      <iframe allowtransparency='true' class='blogger-iframe-colorize blogger-comment-from-post' frameborder='0' height='210' id='comment-editor' name='comment-editor' src='' width='100%'/>
    </b:if>
    <data:post.friendConnectJs/>
    <data:post.cmtfpIframe/>
    <script type='text/javascript'>
      BLOG_CMT_createIframe(&#39;<data:post.appRpcRelayPath/>&#39;, &#39;<data:post.communityId/>&#39;);
    </script>
  </div>
</b:includable>
    <b:includable id='threaded_comment_js' var='post'>
  <script async='async' expr:src='data:post.commentSrc' type='text/javascript'/>

  <script type='text/javascript'>
    (function() {
      var items = <data:post.commentJso/>;
      var msgs = <data:post.commentMsgs/>;
      var config = <data:post.commentConfig/>;

// <![CDATA[
      var cursor = null;
      if (items && items.length > 0) {
        cursor = parseInt(items[items.length - 1].timestamp) + 1;
      }

      var bodyFromEntry = function(entry) {
        if (entry.gd$extendedProperty) {
          for (var k in entry.gd$extendedProperty) {
            if (entry.gd$extendedProperty[k].name == 'blogger.contentRemoved') {
              return '<span class="deleted-comment">' + entry.content.$t + '</span>';
            }
          }
        }
        return entry.content.$t;
      }

      var parse = function(data) {
        cursor = null;
        var comments = [];
        if (data && data.feed && data.feed.entry) {
          for (var i = 0, entry; entry = data.feed.entry[i]; i++) {
            var comment = {};
            // comment ID, parsed out of the original id format
            var id = /blog-(\d+).post-(\d+)/.exec(entry.id.$t);
            comment.id = id ? id[2] : null;
            comment.body = bodyFromEntry(entry);
            comment.timestamp = Date.parse(entry.published.$t) + '';
            if (entry.author && entry.author.constructor === Array) {
              var auth = entry.author[0];
              if (auth) {
                comment.author = {
                  name: (auth.name ? auth.name.$t : undefined),
                  profileUrl: (auth.uri ? auth.uri.$t : undefined),
                  avatarUrl: (auth.gd$image ? auth.gd$image.src : undefined)
                };
              }
            }
            if (entry.link) {
              if (entry.link[2]) {
                comment.link = comment.permalink = entry.link[2].href;
              }
              if (entry.link[3]) {
                var pid = /.*comments\/default\/(\d+)\?.*/.exec(entry.link[3].href);
                if (pid && pid[1]) {
                  comment.parentId = pid[1];
                }
              }
            }
            comment.deleteclass = 'item-control blog-admin';
            if (entry.gd$extendedProperty) {
              for (var k in entry.gd$extendedProperty) {
                if (entry.gd$extendedProperty[k].name == 'blogger.itemClass') {
                  comment.deleteclass += ' ' + entry.gd$extendedProperty[k].value;
                }
              }
            }
            comments.push(comment);
          }
        }
        return comments;
      };

      var paginator = function(callback) {
        if (hasMore()) {
          var url = config.feed + '?alt=json&v=2&orderby=published&reverse=false&max-results=50';
          if (cursor) {
            url += '&published-min=' + new Date(cursor).toISOString();
          }
          window.bloggercomments = function(data) {
            var parsed = parse(data);
            cursor = parsed.length < 50 ? null
                : parseInt(parsed[parsed.length - 1].timestamp) + 1
            callback(parsed);
            window.bloggercomments = null;
          }
          url += '&callback=bloggercomments';
          var script = document.createElement('script');
          script.type = 'text/javascript';
          script.src = url;
          document.getElementsByTagName('head')[0].appendChild(script);
        }
      };
      var hasMore = function() {
        return !!cursor;
      };
      var getMeta = function(key, comment) {
        if ('iswriter' == key) {
          var matches = !!comment.author
              && comment.author.name == config.authorName
              && comment.author.profileUrl == config.authorUrl;
          return matches ? 'true' : '';
        } else if ('deletelink' == key) {
          return config.baseUri + '/delete-comment.g?blogID='
               + config.blogId + '&postID=' + comment.id;
        } else if ('deleteclass' == key) {
          return comment.deleteclass;
        }
        return '';
      };

      var replybox = null;
      var replyUrlParts = null;
      var replyParent = undefined;

      var onReply = function(commentId, domId) {
        if (replybox == null) {
          // lazily cache replybox, and adjust to suit this style:
          replybox = document.getElementById('comment-editor');
          if (replybox != null) {
            replybox.height = '210px';
            replybox.style.display = 'block';
            replyUrlParts = replybox.src.split('#');
          }
        }
        if (replybox && (commentId !== replyParent)) {
          document.getElementById(domId).insertBefore(replybox, null);
          replybox.src = replyUrlParts[0]
              + (commentId ? '&parentID=' + commentId : '')
              + '#' + replyUrlParts[1];
          replyParent = commentId;
        }
      };

      var hash = (window.location.hash || '#').substring(1);
      var startThread, targetComment;
      if (/^comment-form_/.test(hash)) {
        startThread = hash.substring('comment-form_'.length);
      } else if (/^c[0-9]+$/.test(hash)) {
        targetComment = hash.substring(1);
      }

      // Configure commenting API:
      var configJso = {
        'maxDepth': config.maxThreadDepth
      };
      var provider = {
        'id': config.postId,
        'data': items,
        'loadNext': paginator,
        'hasMore': hasMore,
        'getMeta': getMeta,
        'onReply': onReply,
        'rendered': true,
        'initComment': targetComment,
        'initReplyThread': startThread,
        'config': configJso,
        'messages': msgs
      };

      var render = function() {
        if (window.goog && window.goog.comments) {
          var holder = document.getElementById('comment-holder');
          window.goog.comments.render(holder, provider);
        }
      };

      // render now, or queue to render when library loads:
      if (window.goog && window.goog.comments) {
        render();
      } else {
        window.goog = window.goog || {};
        window.goog.comments = window.goog.comments || {};
        window.goog.comments.loadQueue = window.goog.comments.loadQueue || [];
        window.goog.comments.loadQueue.push(render);
      }
    })();
// ]]>
  </script>
</b:includable>
    <b:includable id='threaded_comments' var='post'>
  <div class='comments' id='comments'>
    <a name='comments'/>
    <h4><data:post.commentLabelFull/>:</h4>

    <div class='comments-content'>
      <b:if cond='data:post.embedCommentForm'>
        <b:include data='post' name='threaded_comment_js'/>
      </b:if>
      <div id='comment-holder'>
         <data:post.commentHtml/>
      </div>
    </div>

    <p class='comment-footer'>
      <b:if cond='data:post.allowNewComments'>
        <b:include data='post' name='threaded-comment-form'/>
      <b:else/>
        <data:post.noNewCommentsText/>
      </b:if>
    </p>

    <b:if cond='data:showCmtPopup'>
      <div id='comment-popup'>
        <iframe allowtransparency='true' frameborder='0' id='comment-actions' name='comment-actions' scrolling='no'>
        </iframe>
      </div>
    </b:if>

    <div id='backlinks-container'>
    <div expr:id='data:widget.instanceId + &quot;_backlinks-container&quot;'>
       <b:if cond='data:post.showBacklinks'>
         <b:include data='post' name='backlinks'/>
       </b:if>
    </div>
    </div>
  </div>
</b:includable>
  </b:widget>
</b:section>
</div>
</div>

<div id='sidebar-wrapper'>
<b:section class='sidebar' id='sidebar' preferred='yes'>
  <b:widget id='Label1' locked='false' title='Labels' type='Label'>
    <b:includable id='main'>
  <b:if cond='data:title'>
    <h2><data:title/></h2>
  </b:if>
  <div expr:class='&quot;widget-content &quot; + data:display + &quot;-label-widget-content&quot;'>
    <b:if cond='data:display == &quot;list&quot;'>
      <ul>
      <b:loop values='data:labels' var='label'>
        <li>
          <b:if cond='data:blog.url == data:label.url'>
            <span expr:dir='data:blog.languageDirection'><data:label.name/></span>
          <b:else/>
            <a expr:dir='data:blog.languageDirection' expr:href='data:label.url'><data:label.name/></a>
          </b:if>
        </li>
      </b:loop>
      </ul>
    <b:else/>
      <b:loop values='data:labels' var='label'>
        <span expr:class='&quot;label-size label-size-&quot; + data:label.cssSize'>
          <b:if cond='data:blog.url == data:label.url'>
            <span expr:dir='data:blog.languageDirection'><data:label.name/></span>
          <b:else/>
            <a expr:dir='data:blog.languageDirection' expr:href='data:label.url'><data:label.name/></a>
          </b:if>
          <b:if cond='data:showFreqNumbers'>
            <span class='label-count' dir='ltr'>(<data:label.count/>)</span>
          </b:if>
        </span>
      </b:loop>
    </b:if>
    <b:include name='quickedit'/>
  </div>
</b:includable>
  </b:widget>
  <b:widget id='PopularPosts1' locked='false' title='Popular Posts' type='PopularPosts'>
    <b:includable id='main'>
<b:if cond='data:title'><h2><data:title/></h2></b:if>
  <div class='widget-content popular-posts'>
    <ul>
      <b:loop values='data:posts' var='post'>
      <dd>
        <b:if cond='data:showThumbnails == &quot;false&quot;'>
          <b:if cond='data:showSnippets == &quot;false&quot;'>
            <!-- (1) No snippet/thumbnail -->
            <a expr:href='data:post.href'><data:post.title/></a>
          <b:else/>
            <!-- (2) Show only snippets -->
            <div class='item-title'><a expr:href='data:post.href'><data:post.title/></a></div>
            <div class='item-snippet'><data:post.snippet/></div>
          </b:if>
        <b:else/>
          <b:if cond='data:showSnippets == &quot;false&quot;'>
            <!-- (3) Show only thumbnails -->
            <div class='item-thumbnail-only'>
              <b:if cond='data:post.thumbnail'>
                <div class='item-thumbnail'>
                  <a expr:href='data:post.href' target='_blank'>
                    <img alt='' border='0' expr:height='data:thumbnailSize' expr:src='data:post.thumbnail' expr:width='data:thumbnailSize'/>
                  </a>
                </div>
              </b:if>
              <div class='item-title'><a expr:href='data:post.href'><data:post.title/></a></div>
            </div>
            <div style='clear: both;'/>
          <b:else/>
           <!-- (4) Show snippets and thumbnails -->
        <b:if cond='data:post.thumbnail'>
            <img expr:alt='data:post.title' expr:src='data:post.thumbnail' height='50' width='50'/>
<b:else/>
            <img alt='no image' height='50' src='http://lh4.ggpht.com/_u7a1IFxc4WI/TTjruHJjcfI/AAAAAAAAAk0/i11Oj6i_bHY/s50/no-image.png' width='50'/>
        </b:if>
        <a expr:href='data:post.href' expr:title='data:post.snippet' rel='bookmark'><data:post.title/></a>
            <div style='clear: both;'/>
          </b:if>
        </b:if>
      </dd>
      </b:loop>
    </ul>
  </div>
</b:includable>
  </b:widget>
  <b:widget id='HTML1' locked='false' title='' type='HTML'>
    <b:includable id='main'>
  <!-- only display title if it's non-empty -->
  <b:if cond='data:title != &quot;&quot;'>
    <h2 class='title'><data:title/></h2>
  </b:if>
  <div class='widget-content'>
    <data:content/>
  </div>

  <b:include name='quickedit'/>
</b:includable>
  </b:widget>
  <b:widget id='FollowByEmail1' locked='false' title='Newsletter' type='FollowByEmail'>
    <b:includable id='main'>
  <b:if cond='data:title != &quot;&quot;'><h2 class='title'><data:title/></h2></b:if>
  <div class='widget-content'>
    <div class='follow-by-email-inner'>
    <p>Join our mailing list now! Sed ut perspiciatis unde omnis isteus et commodo consequat.</p>
      <form action='http://feedburner.google.com/fb/a/mailverify' expr:onsubmit='&quot;window.open(\&quot;http://feedburner.google.com/fb/a/mailverify?uri=&quot; + data:feedPath + &quot;\&quot;, \&quot;popupwindow\&quot;, \&quot;scrollbars=yes,width=550,height=520\&quot;); return true&quot;' id='subscribe_form' method='post' target='popupwindow'>
              <input class='follow-by-email-add' id='email' name='email' placeholder='Email address...' type='text'/>
              <input expr:value='data:feedPath' name='uri' type='hidden'/>
              <input name='loc' type='hidden' value='en_US'/>
      </form>
    </div>
  </div>
  <span class='item-control blog-admin'>
    <b:include name='quickedit'/>
  </span>
</b:includable>
  </b:widget>
</b:section>
</div>
<div class='clear'/>
</div>
</div> 

<div class='footer wrapper'>
<div class='background'>
<div class='container'>
Copyright &#169; 2013 <a expr:href='data:blog.homepageUrl' id='copyright'><data:blog.title/></a> and <a href='http://blogtemplate4u.com' style='text-decoration:underline'>Wordpress Templates</a>
</div>
</div>
</div>
<script type='text/javascript'>//<![CDATA[
var posts=5,
    num=2,
    previous="&#171;",
    next="&#187;";
eval(function(p,a,c,k,e,r){e=function(c){return(c<a?'':e(parseInt(c/a)))+((c=c%a)>35?String.fromCharCode(c+29):c.toString(36))};if(!''.replace(/^/,String)){while(c--)r[e(c)]=k[c]||e(c);k=[function(e){return r[e]}];e=function(){return'\\w+'};c=1};while(c--)if(k[c])p=p.replace(new RegExp('\\b'+e(c)+'\\b','g'),k[c]);return p}('7N((2L(x){1c d="";1c p=0;5p(p<x.1p){if(x.44(p)!="`")d+=x.44(p++);1g{1c l=x.45(p+3)-28;if(l>4)d+=d.7O(d.1p-x.45(p+1)*96-x.45(p+2)+7P-l,l);1g d+="`";p+=4}}1h d})("1c G = \\"/\\", C = 7Q.1x, H, D, B, F;I();2L 5q(7R) {1c 1y = \\"\\";7S = 5r(46 / 2);if (` 7\'= 46 - ` *%) {46 =` (& * 2 + 1;}7T = B` E(` m!` 4\\"< 1) {` >$1;}7U`!>(`!p& / 7V)` y!` b!` H$- 1 == ` 80{` j\'` D(;}7W = `!;\\"+`\\"3#` t\\"` 6\\">` I%) {` F%` ,#;}`#?!+= \\"<2d 2M=\'7X\'>7Y \\" + B + \\" 5s` (!`!9%+ \\"</2d>\\";1c 5t`\\"!`\\"P(B)`!H%B >`#)!` &\\"== 2` &#D == \\"7Z\\") {`!I&a 1x=\\\\\\"\\" + G + \\"\\\\\\">\\" +`!%!81`!=\\"a>\\";} 1g` 83/86/88/\\" + F + \\"?&49-89=` q!8a` n!` l6`! #`!8b#\\\\\\" 8c=\\\\\\"8d(` v$`#(\\"+ \\");1h 2i`!8e` 5u`\\"O!` 8f}2O (1c jj`&>$; jj <= `&\'!; jj++`$h(jj`\\"a)`&+\'\\\\\\"4b`!)#jj`%u)`#P\'jj ==`%b%`%8g`$8h` o$`$8i`\\"Y\\"`#8j`\\"r$`$T[` 8k}1c 4d`)i0`,@$B <`+>(`!~``!)&`!8l`\\"&a` 8m`\\"o!8n = 2u.8o(`\\"]!8p\\")`-B!8q`#E!` D/8r(\\"8s-8t\\");`(}%p = 0; p <`!3%.1p; p`)#!` /$[p].8u =`2g!;}if (`!l%&&` U, > 0`$B$`33!` L!`!g%) {` #%` p)\\"<2P`)}%8v`#2#`$(\\" \\"</2P`+/\\"`4V$8w(5v`4U#4e = 5v.4e`#5!` A%`&X(4e.8x`)s!$` @!R`)b\\".$t, 10);5q(` ]%);`!A&I(`!2#8y = C`\'S!` )#.5w(`*p,) != -`,$$` =-?8z-49` A\'F =`!\\"$.8A` i?+ 14,` Q%` 5x)`(!%` 7l&` x$`%T!` ..q=\\") == -1 &&` N..1y` :$`\\"8B`!<-` F$D `+F$`$4!C` I&#8C=`#V\'B = C`\\"I\'` 82+ 8, C`\'w#`#-&B = 1;}`)T%8D(\\"<5y 1A`8E(8F/`0)!/8G?`0@(1&8H=8I-in-` ^\\"&8J=`\'u+\\\\\\"></` >\\">\\"`!H&`\\"W!`\\"m!`\\"W\\"`#%-`1P*`#+&`5z\\"= 20`*\'\\"`\\"4~`\\"\\\\V/-`3d\'`\\"iG`\\"O)1\\\\\\" `#5*`+f\'`8K)8L) {8M = ` /\' - 1) * `!c!;H = ` 2&`,.!8N`/8O`/}\\"8P\\")[0]` O\\"8Q` N(2R` V#(\\"`!|\\"\\");` D&.1r = \\"2j/8R` >#` 8(5A(\\"1A\\",`&8S`\\"N!-`% !=\\" + `\\"]&+ `&&*`\'(:8T`!n!8U.5B(`!W&`.J(`3{*`#/~`#/~`#R[`\'v)`#;~`$ 9` K(`43$5C`4+(.8V`#?$8W =`$=!.8X.$t`+M\'0, 19) +` (8Y, 29)` l* = 8Z(`!/&)`-Z!D =`5D$) {1c 90 = `4f$`3\'(`#Y!` y&`#N,\\"`!b#s + `->& + H`-3%` 91`1{$`$h%` 92.1x =`!1#;}(`$Q%($) {$.fn.93 = ` 8&2T`\\"w#` \'# = 1U.1B({5E:4g, 94:1e, 95` .!},` c$`$Q\\"s`!1$$`1m!` *\'s` +&.97(\\"li\\"` :\\"`!n\\"` /-1W` 9#` o\\"98 =` \'#.1C(` U(` 9$` (\\"` 4)99 = 2i;`\\"o%1X` S!(`\\"r#` ]*0;`!v\\".1i`#d\') {` =(+`!q&4h`!d#(1e);});`!D)` M\'`)0(9a`$W!(`!3!) {`!9#9b(\\"c` C\\"\\")`!X\\".1u` )-` p&9c(` h$r.4i()` k*9d-2U ` %\\"9e\\"`(}\\"`!#9f().` D!>= 0` e/`!J&` k&\\")`(W$` 9g<`$z$`#U\\"-`$&(` e?`!j$}`\\"W&1u`\',$`\\"5F`-R\\"(\\"<a 2M=\\\\\\"5G 5G`!t!\\\\\\" 1x=\\\\\\"#\\\\\\"></a>` 63`!9!` <.`$B$`!+\'`\']\\".` R!\\").1L`&3*if (`&.$5H`\\"?#`!K&\\")) {9h`%h#s.5I(\\".`%@%.5t`)&\\"`#u%` 3?4d` M%1h`(S#}`&0(9i`!k%.5J` :#(`,/!9j)`#v&` +&`\\"L\'1F, 9k` h#` \'! >`&@!`!L~`\\":0`!9l)`*d%` *&({9m:\\"x\\", 9n:`$i-`,*$) {`!#*`(9o 0 ||`,6)+`-&$`(V-`(Z() {`-7\'1e`-Q!`(M!9p = -`!-$`).$` R(`*9q`$4!` 17\'0;}` D#`#p${2U:` ;$`9r&.`1\'!,`1Y\'`!Z*`\\"k\\"`,S(`$*!`0)%9s`.g:`(X(`!h.`+T$` +,`&}$` y$` Z$5K();`$C*});`/(1`&@&:eq(\\" +`!j(+ \\")`&I!, 1Z`%R*`\\"E*}`,17*`\'A(`%}+ =`$w\\" ||`!&\\".1p =`.~\\"`!r\\"`#;#5L`3E$`\\"P,`%%\'`%F%5L`&#-` ]#`%`5`%A%1Z()`%B+` o\\"`%0;`!33>`!:,`3)1;}`#=)`&*-`,^)in`2v\'`$Q\'5M\\"`0}(`3t\'et`!=!(`(=\\"`\\" %4k`1*$) {`13);}`-f*`!7\'5N`!|!r`!E!` t&`2f(`2x$.w` 6#`\\"t(`$&$` 4%}`\\"2\\";$(2u).2A`(;*`!.*`\\"u!;})(1U);` B\'b, f) {b.fn.2V =`$J\'a) {1c c = \\"4l\\" === 2X a, d = 9t.23.9u.9v(9w`!d!s, 1), e = 1G, a = !c && d`\'R$? b.1B.5O(9x, [1e, a].9y(d)) : a`$B!` ]!\\"17`!P\\"a.44(0`/C!`*4\\"e;}c ?`!1!`+B/`\\"6$b.2C`*w!, \\"`\\"e#\\"), h = `! !b`9z(c[a]) ? c[a]`!f#c, d) : c`!S!h !=` R#` %\\"f`!G\' = h,`+i& :`!\'S;c ? c.`\'%\\"(a || {` j!` :2, 2Y b`%\\"$(a,`!3!)`%^!`#$&;` 9%`%>*, c`)~#`$l%`$S#) {`!{\\"9A = b(c);` /!`(a#`\\" !`$w\\"(`$j\\"{}`!9\\"` :$, a)`2%!`22!4m` Z\\"` m#.2E(\\"5P`!X$\\"`1 ,.4n`\'p\\"` [!17`(M#}`\\"-\'.9B = \\"1M 1q 5Q\\"` ;.9D` G!1A `)2!9E 32` \'\\"`+I#4o 35`!W!` n!d 9F` \\"9G` 9H`#\'%\\"4p 36` =)9I`#g\\"\\"`!H! 9J`+w# 5R 5S 4q`!&)` Z#{` \\\\!:`%a$17` *!\\",` g\'` 2&` *&\\",`!!#` M(3b` 4!9K` K\'` *\\"\\", 1L` .&` *!\\",`!]\\"` -&` *!\\",`!l$` /&`!}$, 9L` z\'` *%\\", 4r` 4&` *$\\", 9M` 2&` *#\\", 9N` g(` *!\\", 9O` G\'` *#\\", 9P` /(` *#\\",`%&!`!6\'2F\\",`%G\\"` +\'`&J!`\\"*\\"9Q`\\"\'*` .&` @%` 10` :#5T`#&+` ,!`!J#` .)` *#\\", 5U`!a*` *#` 1&9R` 1-` 1#\\", 9S` r)` *#` 4#`\\"x)` +!\\", 9T`\\"i\'` *&\\",`(P\\"`#n\'9U` S!9V`&S(` +%\\",`)5%` 5,` **\\",`(z#` 7,` *(\\"`+0(1y`)1%`&J%`%s\\"`%`$`%M$`$g+`$Q\'`#M$`#N+`\\",\'\\".3f(\\" \\")`!4\'`%k!`.l)`4\\\\!`9W!` ;\'`4#%9X`-`(`/E#c`9Y\\"`9Z&.s`- !.4s && c`5V%\\"`\'$\\"`.5!`\\"d(a1`+E!a2:`29!, a4:`/n\\"a5` \'#4t` ?(4t` @&4t` ?&a6` D!\\":`&%!a7` #%5W:\\"`$4)5X`.]\\"`1t)`3F\'2Y a8(5Y * a),`13!c.a9(), a` *\'aa` 2!c` ,\'ab` 2!d`2B!`\\"h..`\\"D# && 10 > d ? \\"0\\" + d : d`!\\"\\"` ac` P%a` P%a : a`!D\\"` ad` P%c` P%c : c;1h `%i\'` Q\'`$^$ ? d +` j2`$.# : \\"\\") +` ae ? a` af` E?5W ? c` ag` b\\"`&u)ah`%:1a = a.4u`$x$/(ai)(?:.*2G)?[ \\\\/]([\\\\w.]+)/, b` E!3g) ` ,\'e` 1\\"aj` \\\\#? ak:` ;$)?/`%/\\"/(5Z)` k*.al(a) || c.` \\"\'b` .(`%M!.5w(\\"am\\") && e` @([]`%,${b`\\"i\\":a[1] || \\"\\", `\\":#:a[2` .\\"0\\"}`#7+an`#ao`#ap`\\"<!aq`\\"k(ar)`\\"Y%4v|at|au|` K#|av|aw|ax ce|ay`#$$b`\\"?#`$+$` p!` N$` 7*!`\\"r#b`#!!d` R*;`\\"q!&& (` $!= a[1].4w(/\\\\s/g, \\"17\\"))`#G%p`\\"r#`#D)az:b` *%`#A*`#}# = {` +(` c$` 2\\"1c i`*4)`\'C%(3l.4x);i` o%&&`(^(` /#[` 7%] = `.7\\"` 4-.`%D# = i` $$);`!7,`%E$`!aA`\\" %`!;*` /$[` 8&`!70` 4$.`%e\\" = !i.`#L\\"` 21` 5\\" = !` ?%`3()`2g$ = {4y:0`\'i&{5y:\\"2.2.0\\", aB` )&f` )\\"aC\\"}, 2T:{3m:\\"js\\", aD:\\"1y` R#\\", 2H:\\"2l\\", 4z:\\"aE\\", 4A:0.8, 4p`2s$61:\\"aF\\", 62:\\"#aG\\", aH` :!aI` 9*:{aJ:\\".jp-` *!-1q\\", p` .%` )$1w` +#1w\\", 1Z` ,\\"1Z`43!aK` -#aL-aM` f#` /%1q` 1#3n` l#3o\\", 2J` )&` &\\"`\\"v%` W%` )\\"` [#` 3%aN` R#` 7&-64`#4!` -\\"65` 5)49\\", aO` Y#` *#-67\\", 35`$t\\".jp-` &$\\", aP` 4#4B-s` ,!\\", r`#!e` 5(` ,#` 8(4D` 5$4D` ,%3q` ,(-68\\", 3r` 0\\"3r\\", 69`&N%.jp-4F-`&`$\\"}`!T)`&*#aQ:{`!E#`&B%4B:`)I\\"6a:aR` &\\"aS:aT, 6b:5Y}, 1N` T$`\\" #`0/*a`)=%`(K#.1N ? b(1G).4G(\\"` @$R`\\"[\\").` 2!`){&1F.aU + ` F%` H+,`1Q\') {` }$` >#(\\"`\'A!);}) :`!!=;}, 3s:{}, aV`#L&{3g:/3g [0-6]/, 4v:/4v.*?aW [0-4` 2\\"aX:/` \\"\\"` ,!o` D!aY/, `2S#17` X!` &# [0-3](?!.*?`30\'` B$` i\\"` (#` :%/, `34&:/` \\"&/, `3<#aZ:/`3E&/, `3L!:/` \\"!/`\\"@!V`,-\\"{`\\"$&`!b0` {~`!n+`+f\\"b1:/` \\"$/}`/o!b2`\\"1#`\'2#6c:\\"jp`(j!b3:\\"1U\\", 4H` O$b5`/!%b6` )(`b7&b8:{3b:{1C:\\"24\\", 1I` &$b9:\\"\\"}, bb` *E`!\'&`\'2!`!\\"+48` R*27` R,`/z%bc`!-bd%` X\'` (#` O/4B`!L!6d`(W\\"3u:{1A:\\"\\", 26` 5!`bf!d`+y$bh` 3!` %\\"4J` L!bi`1o!` F\\"` +#bj` V$4s`$1$`!K!` %$6e:0`/q%` +#6f`*O!` (.bk`.1!` .(`bl!0`6g\'0, 6h` C\\"32` \'%`&i!bm:1, `,l!:0`\\"!bn:{` ]!`%u%`/C$:{6i`.t%bo` \'!`\\"u%:{2l:{4K:\\"2m/bp; ` .!s=\\\\\\"2l\\\\\\"\\"` W#bq`#6\'`#~\\"` Q\\"\\"}, 6j` [-4` ^)4a.40.2` br` a,bs`!P(bt` \\\\.`$M#` 17,6k` `+6k` d\'1` @bu`!K,6l`!\\"bv` `,x-bw`\\"bx` O,3v`!D\'3v`$>F`\\"~&`( !`$Y+bz.bA, `$bD` d!`$o\\"` n,`$g*bE, `\\"{B` n%6l` i,`#~1, bF` bG` e,`#v>` T%3v` O,`#fN` h#}, 6m:2L () {1c a = 1G;1G.3z.3B()` /\\"`-y\\" = b.1B({},` P!` 4#` A#`+I$` 51` 5$` =+.6n`!?#`!8%6o(0` E#`+i\\"s = []`!K#`,<#` ((6p = {}` ,\\"3C` j\\"` \'+` 6+.`\'9!` %,`#6!` *\'`#`!` %\'1f` 3\'1f.cs` \\"+jq` &\'`1K!bH`!k\'`33#.36`\\"]%bI(` 4/, 0, 1);b.1i` 4*2H.4u().3f(\\",\\"), `%:&c, d`%A#e = d.4w(/^\\\\s+|\\\\s+$/g, \\"\\");if (a`$$#[e]` O#f = `\'x!`!D$` ;$s` {(a, b) {if (e ===` )!f = 1e;1h` `#}});f || ` `%.4L(e)` 6!`\\"=1`%F#`!\\\\r` v$`\\"79`&g%`!t^` b%`\\"K)`(F*6d = \\"bJ\\" +`%q\\"4y` D$` =\\"s[` 6q]`)\\"+`*Q*4N(\\"id\\") ||`)K*` 2%`*1#`#~$6c + \\"bK`!K+`!w,4O`*|,{id:`!43, jq` /)`\\"g-`)$` \\\\2`!bL` N!`!Y+`!$!f` m-`*h$` 6r` N!` bM`+V$` 6r` N!` i1, 3H` L*3m + `(O+` 2\\"`(M,bN(-4) !== \\".3H\\" ?` 6q &&`%=*` k$` ^#1` ^#/\\" ? \\"/\\" : \\"\\") + \\"J`%a\\"` x\\"` 1!`\\"f-1O`\\"bO` N\\"`#bP`)n#b.jP`!8\\"1F`)m(b, c`)r#a` z$[b]`\\"!!f) {a`&t%2E(c + \\"` f$\\", ` H();` U)= f`*%&`1j#`\'-%`*e\\"` .)`&K$`+b)`2h(`!d/a` V$[`/&%c].26`*P!6s;`!;$`!T#`*d$`!)*?`#j&1e, `4c%` P#6t` %*) :` 6<4P` F,`!H\\"bQ(` )#3u.bR`!(!bS`!h%4Q`&n*` B/` g+6u` L?` C\'` X,V`4M*` bT` D\\"`\\"F$bU`!Y.`\\"Z$3C`&E#`(!%bV` -!2R` 9#(\\"bW\\"` ?5.id`!Z$`(m+.id` <bX =`&;\') {(!a`\\"V$`%d\\"`1s\\"` ,\\"6v) && a` -jq.1R();}`1\'+bY`%r!`!72`*d2.jq = b(\\"#`*F%`\\"..` bZ.1f({1C`+J\\"`!}$4R, 1I` -)` -\\"`,4S.jq.4X`\'8%` ,/`+-!\\"1L`+(\'`#R)a.50`,5,.` S!)`)v%6i`2N#.3I`+%%if`/(#`+[)) {`#O-`+y$`&!4` ;!`&\'0`!5\\"`&\'/` 1$`!c0!!` c2`52%c3` /&`%T.`\\"9\\";}`!)&`&x!`\\"V@` D!`\\"f0`.X$`\\"b4` ;!`\\"f0`!5\\"`\\"g/` 1$`\\"o\'`!U.`\\"g/` ?\\"`\\"c5`\\"9\\"`\\"s#3J`!!)` `\\"c6(10`&7(`!0# = {`)l#` `\\"` +)`c7` f([c] = ` .\\"`1\\\\/`!\\\\\'&& \\"\\"`3}!` H\\"`\\"5#` c8`\\"z\'(` 3(4K);a`!o*`!;$` >&` :!`#J#`,\\\\\\"`#%+`)2*c9`-`!`4W&` L\\"` +,`\\"w(54`4S!`\\"y(c, d) {if (c === 0) {a[d]` `\'`4[\\" 1g {1c `\'P%, f` {,`\\"0$`#ca[a`!<&[0]`#1%[c] && `#0)`#W!`!N!`\'n# ? (f`!H#) : (`&&!6s)`,;!`!f+a`+x* && !e`cb\\"`)8)` 4!f;}`#U)3K`&N-` +)`&2I` S#`&S(`\\"N+` .#`!{#`%l%` J+`%y-`%d\'` S$`!~)cc`%cd` +)`%?D`$a?if (`$&!`!o&`&*$`!,#`&*!1h`!8#}}`4f&cf`2-%` .\\"cg` (&6w`!y\\"6x`!x!.` ./)`.c!`- &`!K\\"&& ` -\\"`\\"n&`.q$ch({1r:`2o\'3M.6y, 2p:\\"{`#7$:\'\\" +`-$\\"`!K$` 3$ + \\"\', 2H` 60` 4#` E!}\\", 2q`!4-2r`!:*2a` 5,2c` :(`#b$1f.jq.69`!Q#.1p`/17%` /.1R()`*c%` /ci();}`2n%`#n)1c c, d = \\"1U=\\" + cj`$z*6z) + \\"&id` :0`2e%4O.id` F\\"ck` H!` d)4A` ;!3o` i\\"` 5)` 2!`&\'!`#`&3N.cl`cm!cn` ./2G) <= 8) {d = [\\"<co 6A=\\\\\\"cp\\\\\\" cq=\\\\\\"`!9%`!~%`*u#cr + \\"\\\\\\" />\\", ` W+`3S!ct` [+`&1!` =cu` P(cv` cw`!a0`#/$62`!+cx`\\"cy` c$` <!` W&];c = 2u.2R`4I#(\\"<55 id`#cz`\\"n$2M` F!cA:cB-cC-cD-cE-cF\\\\\\" 1C=\\\\\\"0\\\\\\" 1I` \'\\"></`!9\\">\\");2O (`39$0; e < d`(H#; e++) {c.5B(`!}3d[e]));}`)A$`4,!`.a%a, `.f#1c`(c!`\\"c4`#q!\\");d.5A(\\"6A\\", b` (.`$.!\\", c);a`!\\\\*);}`#j9`\\"a\\"\\");c` d+id\\",`#}3` ;.2C` cG` >.1r\\", \\"cH/x-cI-` V!`!B/`$k!\\", \\"1` */`${\\"` 6$e(c, \\"` d!cJ\\", d` -$`(j!s`(j!a`(j!`!F!`(c!` P%`(S#`\\"-$`(73` F$`\'u!` <,` 0!);}` 0!e`#k\\"`$6#(c`/g#`\\"~+jq = b(c`.Z(`2k%`4`#` +&2m.3I`2w%cK` N&`%5#` Y\\"`!m#` f&`!R#`!a+` cL`!u,`!K\\"`!~#\\"#`*$.` ;\\"id`\\"/-6B`!cM` Z!`!(` ,!`!dC` @(`!a%`!K\\"`!cN` ;\\"id` R#3u.3s ?` cO.1f({`\'N!:` X(` -!,`,I#` -)` -\\"}) :` P?\\"24\\"` ^%` )!}`\\".4.2E(\\"1L`2t$\\",`,R\') {a.cP`33)ev`+O!cQ);});}`\'h\\"`\'{$4H &&`!o\\"17` *\'6C(`!P#`\'a% && !` .!`(1\\"` ,$cR(`!L+`\\")%2A = 1e;a.2G` b\\" = \\"n/a\\";`!cS)` %:cT);}, 1S`!t#cU`%-.`\\"5$` ;#cV`\\"L%` 1#3P(2i` -*cX` B,6D`\'I\\"`#h$v` /!` :*56` 7+3o`\'0$1f.jq`%C\\"1J`2Q#`$E%` /-`!C#`\\"k&23.4y++;}, 4n:`$:)` k\\"cY`\\"\'%6F`#\'%`!2#cZ`%2!`!d0` 6(2j(\\"\\"` U*d1`0}!` 6G` 6%` T%b.1i`#.\\"` ?\\"`\'(a, b) {b` d\'b.2J`(\\\\\\"`(T%`()!`(*1O.jq` :0`+g3`!d$`)`.` d3`(~9`$0#`)).`-\\\\$`$%\\"d4(\\"` j+` ;$`!!4` 8$3B();6H`!w$6I[`\\" *` 0$];}, d6`%e*}, d7` #d8` 5(a) {6J {a.c` 7&`$k\\"58.2l.4K);1h`+,\\"} 6K (b) {` 2#`)N!;}}, 4Q`! +1c c = 3l.4x.4u(), d =` m#`&B#a`&,/if (b`&6\\"d9(c)) {d`,q$`!K+`!{%d;}, da`+{/`#8*`3{%6p`4:\\"`%f%`db`*%$`2;7`\\"<$` ;)6u`\\"#$`#R\\"`-f4`!6L`5V!`(%\\"3I`!n%`0^%`!^$3C`&w#` O\\"c`!\\\\&`!i;`.dc`!B%`\\"dd`!I$`#V$`!7!`!M$`*d/`/Y(`*?.1f({1C:`!-(` -!, 1I` -)` -\\"});} 1g `!c,6v`%#,`!J<1R`!de\\"24\\"`!U%` )!});}`%0!df`%%(a, c`(s#`\'t!4m;a.dg` )$`-&%` 0#;a`28\\"` /,` 0!;a`2z#` .,` 0\\";a.1u`!B)(\\"4r\\"`)X(`&d#c.dh) {d.dj`#;!(a);d`%m$6M(` 0!3Q(`37&1F.`!!$)`(-!`(W!)`!=dk` t\\"` S}`!!&`!5=`3>$6N` X~`!!*`!==1q`!4<`!:\\"3P(1e`!=!dl`(F&`$L;2F`!.dm` dn`!%>3R`!(>6O`$1=`!:*` g#`!!do`#v>5T`\\"B?dp`\\"1:` e#` s=` f#` dq` >#` dr` o@`$U<` >\\"` p=`,l\\"`)(A`-7* = `-^$;` 2&`.,$`.7#`)e&56`)c#` *\\"V` U!`!e:`!P(`\\"x>ds`\\"dt` e\\"` r=59`$-;if (!` u&3N.5Z`!L!6P.26.du`#17!0;}` 10`(Q!`#D(`(.`-l+, `*k%`-dv`\\"@!`\\"I>3M`*dw`$+%if (d.s`!m!.4s) {6Q(d.5a`\\"q!dx);` O%w`.X\\"dy =`\\"P!` +-1J` +-5b && !` *%3s && `!9\'` P!.jq.1f({1C:\\"24\\", 1I` (\\"}`\\"C!6R`\\"=&`$i#dz)` dA` Q\\".jq.1R`$d!1f.jq`!S\\"1J.1p` S\\"` ,-` N%17`$]!({1r:`%9\'3M.2K, 2p:`$5(, 2q` B-2r` P\\"2a` -,2c.2K});}`&-\'b.1i`&V\'`\'r!3V`&,(e, g) {`&R/1G`&S+`&X\\"`\\"V\\"`\'dB[g]);`!<&}` (!`(P*:` k&a, b) {1c d = 0, `)a!, g` (\\"f`)o!if (dD(a.6S)) {1G`#:$` 0$`-l!` %$;}`-{\\"`*]\';e = ` dE> 0 ? 1S * d /` /2:`!K#2X a`6T!dF === \\"55\\" &&` 0\'`%o$> 0) {g` |@` R\'59(` Z.- 1)`!dG;f` bB`-W(/` dH: 0;} 1g`\\")\\"`!\'$e;}if (b) {e =`$[!`$t!;}`!=(6e = g;` 0(`!G#` 8#6f`)r! = f` ,dI`!=!` 4/`/x#d` /)6h` R!a` $\'` 9)32` >&` %(` =)6U` B$` %(` =)`0!!` >!` %!`(>!dJ`(0-`\'U* = b.1B({},`$q(, `)?&23` 5#`)>\\"`)j#`)0*c, d) {a` u!`*\\\\!(a);a` c$ = {}` %&.dK`(|\\"`!6.` 5#` S\'.dL`!j)1e, ` L%` ;#` I(`\\"9.` E+`\\"-$` I&1y` dM` C(3J` 57` ;!`3:\\"c`-X!`.C)`\\"M,c)`\'n\\"`#C!` B%4q` =,d)`(##3z.`-$a`$@!` W#6V`$)!`$?+) {if (a`+f!`.K+`\';\\"` ;#` !`20%` )-`\\"=!`/I!` *(`1@&dN`.l\'`(dO`/\'\\"`\'u)1w`(}$dP` n)`4:!);d`+}!&& (e ?` \\\\\\"` V!(d) :` )#2F(d)`#\'$`dQ`\\"$\\"`(W!);}`,*$`\\"K/ = 6W`)@#` 2%`\\"b\\"jq.1f({1C:\\"24\\", 1I` (\\"})` R\\"`\'\\\\#`%x%c` *$` 1*6X`$^! !=`\\"z#` L*&&` 0\\"17`&,!({1r:`\\"/\'3M.dR, 2p:` W., 2q` L-2r` X$ +`!//, 2a` F,2c` O$`\\"K$`#`dS` 6,a);}`()!`&5.5c (a) {3Z`\'/-4r`\\"C\\"dT`#@!`-N\\"(c`!#$dU(`!0/5d;` dV` \\\\\\"` *dW` z#dX` W%` r\\"3P`+u!` dY`!t$` ^*dZ` >K`1:!` %e0` f#` e1` L\\"`*z#6Y`+t!`)i%` 1*e2`*#*` 8#5b`(u%`)e3`,L..1O)` u.` 3\\".jq.1R`%)$1f.jq`!U\\"1J.e4`*Z&`!f1` D-` f(` E)`-x#17`\\"?!e5`.B/`.1$` @&4P` 60`&e6`%C)`,;e7`,I&c.1A`,)9` J!`+e9}`%ea`) \'3R`)=K`)[\\"`)eb` <B`0}!:` ;\\"ec`/\'#`-J*1h `#F!;}, `+m+:2L`-^\\"`4&)ee = a` $(`%G)`47#` 4#ef` N!` %2` eg` eh` 3$` ei` F)ej` :*35`\\"A!= a` $%` 5)`#J!ek`!7!4` .)32` 5$0` 0)6U` 7\\"1` 0)`-&! =`#s\'`\'T)`#n+if (a`4Z!f`#|+`.[!d = !a;`2@%`)i#p`*-/` 3$1w` 5#` x$` r$` R(4X`1#%` N)`*[#} 1g` F/`+a/` S\\"` k#}`4-\'` 9#el`!em` 4)`!v#`$()6Z` =%`\\"%+` T\'`\\"\'/`!3*`!a$`\\"<\\"` |%2T` `\'` en`#+7` \\\\\'`#9/`!eo`#@/4D`#53` 7\\"3q`#8/`\\">$1N`\\"1+` m#`\\"\'1` i$`!}7` X#`!1` W$`%Z&`(/%6M`(/\'`!J+ep`\\"73` 6$`3k!`%c)`,b(+ \\"%\\"`\'(+2F` ]6` 6$` e.`-&3` o/`,0\'` 5x` 6(2j(`/i&5X` 6!`!+er)`!!*`,}$` es` 6%` bC` H$))`,b!`2[$`#h[71(\\"jp-` m#-bg\\"` {&ed` D\\\\5P` eu`&ew.2m.g`/[\\"`/E\\"` 3&6B` )ex` **`!$%ey` ez` 9!` eA` ++}, 74`0[+1c c =`\\"k!, `19%, e` .#`$o$26.1O`15!` %$`!1\\"`!i\\"` }!`)$`#%&` $*`\\".\\"();b.eB`(>#5e, `!U&e,`29!1c i = c` =#[f]`!G\\" === \\"`#Q!\\"` d$c.54`,G!` 17(b, e`,h#c[e].3K[f] && c.75(a[f])`!2#g = e`!#\\"1y\\"`3O!i` d#g) {c`$i/1e;c.eC(a);` F#`$4%` D!`-M$c`%;*` ]$` 0!` W+`$u+` a\\"c`\'G$`!G!1J`\'d\'` */`.K#c`$y$` 5!`!E,`\\"8+`\'S)`\\"7,4P`!e^` [\'`!ba`77#`\\"6-`(2#d` q$1h` /$})`%%!d) {78` \\"eD ((!`(8(n`/N!`$D!eE || ` >\\"`%Y+)`+}%`&O*`(o#)) {e ?`3x#6P` 9#.1A `);&) :` g\\"5a` ?$jq`3t%`27)eF`\\"T$`*7- = b.1B({}, a`)y$`3w\\"3P(`\\"o!` -*`4/%()`%*%` :\\"5S({1r:`0\\\\&` 1!.eG, 2p:\\"{2H:\'\\" +`\\"9\\"6x`*7!`)|!eH + \\"\'}\\", 2q` i-2r` p)2a` 4,2c` :\'});}`.W%`-c,`.W$` 8\\"S`#.!`,u%`\\"eI` 2\\"`1s\\"` \'$`$J/`\'7$eJ`%M\\"` C%eK` a#`)3(?`&>#`)a!`.y(`%j$`(y)`&k%`)J\\"`/H)}, `!B!`\\"V:`/v)`!eL` 17&`!#B` D(`eM}, 1M`!V/`\'v*`!Q#`!eN`!?B` <*eO`\'u!\\"1M\\"`!S!1q`3y+a = 2X `22#7a\\" ? a : 7b`)Z)`!eP(a`!eQ` <+`!n-1q`!y\\"`.4%`#I/` a!`\\"?\\"1w`!D~`\\"A!1w`!D` =+`\\"6.1w`$A#eR`\\"=*1c `\\"\'!4m;b.1i`)N$6I, ` G&b, d) {a.e`/=\\" !== d && d.2C(\\"`,)#\\")`\\"J+` >!` 6#`!O\'`!X!1Z`&|]`\\"h\\"0`\\"eS` B&`#)-1Z`\'W&7c`)0)`%6%` V!eT(a, 0, 1S`* #`\'/eU`\':G` @+`\'eV`)d$eW`!y,`1?)` <! = a`-)\'eX`$|!`!17\'3o(`3A$`!^\\"` 8*`!\\\\\\"` ?$if (!` g&`)/!.eY`\\".!` .\'eZ` 3\\"`.17%`1\'\\"M`!$(` -#6D`\'%\\"`!w$v` /!` @$3Q(`2y\'3V` ?#f2`2{\\"3n`*+0`*2\\"f ? 1e : !!`\\"r#`#D\\"(a`#R!2J` (T!` [\\"`\\";\'` W+if (` 17#`&H(`$B);}if `\\"b\\"1f.jq` 2!.1p`$*%` 4#`!f\\"` 6#` z#`&(4F`#R\\"`#y$` f(`4Y#` \\\\/` 3#} 1g `!p!` f3` W&` H.` 9#`! 7}}, `$s\\"`)>G` k#`%q*`\']>` B\\"`\'^?` ?&`\'B]`\'h#`\'|%`\'3F` ,\\"f5`&)/`#E(` ?%`%T&1c b`#8$` 6-7d(), `+.!.5f - b.2U, e` f6(),`10%` 1.1I() -` s#Y + b.f7,`!87` N$`$i+f8`#>\\"`.M$`$5$ / b`-y%` .#d / e);}`-J/`$z%`)}\\"2i`*!!`!=%`&>!`.20` 9%`+2#`$n)`*,J` e\\";}`*]2 ? 0 : a`&R!`)|?`%+,`+&,`#V\'`)q.`\\"J*` B<` ?\\"` f9` fa`+17+`!fb`+K#`\'l5`\\"!(`\\"fc` >\\"`,)/` 4*[`&O:\\"`\'/\\"\\" : \\"`(4!\\"](a * 1S + \\"%\\"`&`$`\\"fd`..$`&t%65`&<\'`&i*(`->,`\'P;fe`+R,1c c`&z#` n*` I/`.M&ff`#S$a` A#fg`3U!? b(a) : [];a`!]%` ;&`\\"u$!== 1`!|&4q({1r:`-s&` 1#.fh, 2p:a, 2q` F/fi` fj +`!?4+ \\" fk 2O `\\"\\\\/.\\", 2a` y.2c` y/}`6g$1u`#1&b.1i`\']\\"`#j/, `$G\', b) {c.`$n(` 0\\";}`%\\"-`$(, c`%\'#d`%&$`(s!7e c`,a!\\"4l\\"`,t#`\\",&23`!fm[a]`)/*[a]`\'a+[a]`\'fo[a].4G(\\"`!&$\\"`\'U+` }* = c`)~&cs` -\\"`&x=+ \\" \\" +` P(`!c\\"= c`\'#!` e*`\'.#`![D`!{\\"1L`!}%`$K(c) {d[a](c);`!%\\").42();1h `)o!;});c`#!6`\'\\\\g`\\"@*`\'{U`!R-`(E*\\" + a` /!fp`\'|P`77)`\\"&fq`*fr` U$`!fs` J\\"});}`!ft`!h&c`!fu` U$`!fv` J\\"`!m!, fw`0-,`3j,` ?#`+B#b`)1$` 0*.7d(), a = a.5f - b.2U,` ?5`3T!`fx$fy(1S * a /`,!}, 1q`!Y.` P!` c#(a`-F!5R`3:/fz(6W`3 \\"` B\\"3q` 25`3G\'1N`\\"fA`+y$1N`)i!`!P%` -)`3;&fB`3<%50`.U\'1F.`!b\\"`\\"17\\"fC`!h*}, 6S` (-3r` #-fD` :1`!o\\"`fE`0]!fF`*\\\\$=== 0) {`,s#b.1B`#k!,` t!`\\"g();}`1=\'a`18,1c e`&!!3f(\\".\\")`!2!`1l\\"f) {2O (`!L$` n<, g = 0; g < e`!l#; g++`$b#d[e[g]]`$Z!f) {d = ` -#`+]fG`+fH` H(`)m7` =&}`fI&;}}` $#d;}`\\"l%g =`\\"t!{}, h`\\"U\\"h`\\"N)h`\\"R%` ,( - 1) {g[e[h]]` [!;g = ` *#`\\"b%` 7&c;}}}`\\"t\\"fJ`#j\\"(d`!W%1G`(]!` 4&`(Y+1c c`*u#;b.1i(a`3;(a, b) {c` w\'` .\\";`\\"]&` u.`\'\'6` G!5c`!<\\"3Z \\"4A\\"`2\\"` \'\\"`4T!fK;` =\\"4p` ;#17` (!` 2,6w` H$` (/` fL\\":`\\"d#c`\\"X/d` a)`\\"c&` `(7f\\":`,;,[a`\'d\\"c`-\'%6F`,*%` C\'= c`,@#fM();}`!\'(3b\\":!`-.)`!=& &&`)H)[a].1f`!-!`!H\\"` %&` C$`!5?`*R%`*E,[a], c`.6$`!i*`!f,fO`$A#` w~`!fP`\'+$` fQ`1D\\"A` b#` q+1N`\'5$`2k!`&+3s` fR.` a/`)k#.4Q`3k*` B/`#4&fS` 1.`3p%`\\"17\\"` ,2`\\"C)6Z`(i\'`!G~`!}H` n$`!X\'` L?` C\'`\\"fT`\\"s.V`-|(`\\"fU` b#`!c@` D\\"`!Q*` .\\"`!e+56`\'V,4H`-K:` (-` 2!?`!W#` \\\\\'6C() :` 5#4n` 0(;}7g:;`4W$`1z%`*G\'`1z\'`/\\"%1X`*f#` *\\"1u`+X+`\\"F#` 9)`$D,`*6G` 1\\"3Q(b.2V.1F.5N)`3a$`!P.`#0,`-{\'`!x$`$x#1C`$t$` F$`.c$` 8\\"`%B)1I` 85` 9\\"` E)`.k%` <4` 9$;} 1g`!9C`!/I`!(L`!I\'` 7!3z.1f({`!4!`(q\\"`!Y(, ` \\"` -)` -\\"}`$E\\"`%X&`%}/fV.1p`1{%` /\'1u`&<\\"`!fW` \\"`2D)` fX` 17\\"` k<`\'U&` u/5a.1O.jq`\\"cW!` C)fY`!s%1y.7h` +%` H#5b ||` >\'` .!.fZ` H&` 8!7i` T,`g0`+k#`\\"?%` o\\"`!kX : `\\"(=3J`\\"-9` -$`!P%` M\\"`#g2`%$&`,<$`%$*1c a`(b#, b = ` 2)a.1f.jq.3r.6a(a`)(%a` l#` 3#,` N*6Q(a`\\",&` N$g4);` \\"1 = 1X` R$`!2:O` w!`!<g5`\\"[!` ,/6b);});};`.H%` n\'`(y\\"`(($` .\'1Z(1e, 1e);`\\"7)`$O*`\\";(`+~)4G(\\"`4S$`$1$\\"` A#`!%\'` 6T`!o%`\'g6`!n/`1^#`/)#`g7`&d%`#I.g8 ||`\'j#` .g9`,@!ed`!P$`\\"i$`\\">\\"7j`,X!`3*%`\\"E,, b`\\"q.`\\"{\\"` &S`\\"a*`$}.4k();}}}, `\\"7&`-`/gb`\\"J!(\\"` ?&\\"`%^$}, `\\"U#` gc` ]\\"gd` R/3C`#N#26.1A`2~$`%a#1A`\\"a\\"`$7$4z !== \\"5g\\"`$Y%`!,\\"1M(`#5#50(b`#`%1F.67`+b\\"`!a\'ge`!`\'a`+m#`!O$;b.1i`&a\\"5e`+<(b, e) {if (c`/`\\"3K[e] && a[e]) {c`\\"4\' =` 1!;` +%` q\\"[e] =`$,!` *,4J = e;1h`#m\\";}}`\\"M#`#E-`#J$` -(2m`\\"}#`$:*(`\\"c*`)]!`!o~`!gf`+gg`\\"r(`3\\\\\\"1O`#6$75(a` 6#) ? ` $$ : \\"\\";}`#gh`!!!`#c=gi`(5F`\\"2%` {-`(gj ==`!C#`/p%`\\"G\\"id &&`-^#`\\"gk`)\\"%` O+jq.1f({1C:\\"24\\", 1I` (\\"`&d5.gl`,p!`\\"I%`1`!`!kc`&)\\"\\"\\"`!&4`+&#`!3&1M`! 3`\\"p#6Y`7k%` (. =`&17#` y;`gm`%E\'1q`)=/b`)H$`-33`#f/2F(`(=\\"!gn(a)) {6J`#go = a;} 6K (`\\"a%`!i1 = gp` Q!4h(`#P)b`!A\\"a`\\"<!1S)`)}#;}`(c\\"`%K#gq`#X\\"P`!q\\"`\\"f&1w`\\"gr > 0 ?`7k. : `#gs`&~;`\\"C~`#&;`!C!`#20`\\"X\\"`2t*`#gt`\'w)`%@7m`(B#7e`,z.`)G#gu`,!!\\"55`4U&` 66.1p > 0`*16`#I+ *` U=59`+:3`!)-- 1) / 1S;} 1g `+gv.35`#6!`#t#`%S#` /;`%s!`!\\\\[`!1%`!^){gw \\"e\\";}`)+gx`&=0`-84||`&:D` ,,`.gy`.gz`.`*1f.jq`1t\\"1J`$|$`&`$` /-4X`*=$` u(` <!`#5-1O.jq` O$`2n>`!i)4R`33%` .(` -\\"});}`1d&36`-.,`&m).2m.3I`&10` =\\"` f\\"`,-\\"` U*`!n\\"` gA` =\\"` W(`![%3n` {gB`!$Y` W\'}, gC`- /c`-*%7m {b.1i`!2\\"5e, ` K&b, d`\\"6#c.` v!.3K[d] && a[d]) {gD`)9%3Z \\"6j\\":` %\\"gF\\":c.gG().fl`!Z%gH(` b!;5d;` Y#gI` gJ` B/3v` gK` Q#7g:;}c`&g$1A =`\\".!;` +%`\\"o\\"[d] = 1e` *,4J = d`+\'#`)N#}}`(q\'2T.4z`5D\\"gL\\"`$n$`$O#`12$`+6L`*J$`,~/` [\\"gM(d)`%;+gN`$H~`%/7v`%@&v`$(2`!^!gO`$^3` :9`#s~`#s~`$gP`0\\\\*`.j*`$@\\"`.j*\\"24\\"`.c%` )!}`!V#` u#5Q(7b`1z\\"` /\\"gQ` }gR`!e$`$/*` G&();`\\"2%a`\\"\'gS`\\".)1M` ]C`#S#` \\\\>`#[=`!5%p`4/*` m!`!\'gT` z!`!8$b`!,gU` }?`#s(gV` ?\\"1J(`#{(`$7!`!7E`$d!`!<gW (a > 0` 9$`!2W`#?*7c`$b)`#0=gX`\\"gY||`,q!`#,A` -,`&L*`*D%` x*1J`\\"gZ`\\"{*1f.jq`4E\\"1J.1p &&`!17\\"` /-5h(`+]\'` z#` <!`*1-1O.jq` O$`*?>`!i)4R`*d%` .(` -\\"});}`$e\'36`&6E` H\\"`$h0` z&3n` h1` h3` T$`$u*`/Z#2u[`#-h4]`%n!`%h!h5`3=/b`%3$, d`$\\\\!5i.h6`\\")$2Y ` ,)(\\"h7` |!.h8` \\")\\" + a);b`1k$`\\"M%e) {}} 1g if (3l.h9 && ` +&ha`&c$`*Q\\"(d =` ;\'` T#[\'`!=% `!B!\'])` a*` /6.hb`3#!.4w(/.*\\\\s(\\\\d+\\\\.\\\\d+).*/, \\"$1\\") >= a && (`\\":$);}`$7#b`#z!6R`#n+` @#` Z!2X a`4+\\"s` J!\\"` [!hc`&4), b, d` Y(< b ? b : a > d ? d : a` 17!hd`&7!`&y,`&V!e`&Q!{1r:b.2V.` 1!.he, 2p:a, 2q` ?-2r` E*2a` 5,2c` :(}`,u\'`!hf c;c =`+{\\"`\'c%2A ? \\"hg\\" :` ,#\\"`/t#`\\"&7[c]`\\".&`(hh`\\"28[c] + a.` ;#`\\"76[c]}`,j@\\"hi\\"`,y%` )!`\\"y#` f!`$hj(`!,\'3V`!7\\", a`!1#o`\'T!s` 1\\"hk`)$!` ^\\"7n(\\"`#{!!\\" + (`\\",% ? \\"\\\\n\\\\n`*+!` ,%: \\"\\")` B\\"2a` 7*` -!` :$` 3!C`#]# ` ;\\"`#l#`\\"4\\"hl`(2.`!~:` M#, f`\\"/.` 5#`\\",3W` 8\\"`!C~`\\"7*`!9!`\\"4+`!K#`\\"3#` Q!`!f!2G.`,(\\" + \\" : id=\'` 9%`%{%4O.id + \\"\' `!2#`%i#hm`hn+1c a`(m#;b.1i`#Y(` W\\"ho.3f(/\\\\s+/g), ` 17&`,$#a`!G&6n[d] =` =() {a[d]`29!;})`! /3V` p(c` v\\"1c e`0\\\\$` E-hp`%Q!`!hq, b) {if`/)!== c`-w&e`2^$;}});e && a.3z.2E(`#Z!`!*%`!4#hr\\"` x(`\\"c!`#k(hs();`3d$`4M$.2R`!o!(\\"` \\"!\\");b.ht` /\\"c,`41$`52\\"`#O..hu` K\\"b);});`+#$`!4,`$hv`$`hw.s` \\\\![d]`$5u`! \\"O`)l#` hx`*N#`!!#}, hy`\'hz`(h!`%$$2J`%)!`%!%`$}!`!s%`(%5`)[!\\" + `#-3` &6`\\"W#)`\\">=6H `\\"hA`\\"R!};`1%+ = {`2`!:\\"e`3U\\"\\", `2{*` 1%hB\\", 6y:\\"hC` 6#hD` 4$hE\\", 2K:\\"hF` \'\\"hG` D!hH\\", hI` w#`-!#\\"`!m-2r`!v\'` 4#\'s 6V hJ is 7o hK hL, 7p a hM hN hO 7q 7r `.Q$hP `52\\" hQ: `\\"~/`!hR hS `#C$ by` ~!3N hT 5j` .!hU hV hW hX 7i`!,*`#{)hY `#~$ 5U be hZ`! !`!|$in`\'M!`!)$. i2 i3 i4`!l#` Y#`!-!`$d+i5`#J$i6`!n!1q i7 26 58 i8 in 74() o`!8* i9 ia 4b `4>$`%m$` V! 2K ib`!;!be 1M`!]\\"`&!)ic 5j`$j\\"`!O#1q`$$!`%*#s, 5p 4F` ;#ie is 1X.`&Y(`3p(`&[&23`ig ih` E\\"3H ` >#` D=6X`$ \\"+ \\" ii`$`#`\'o.2c`\'w\'ij`#A\\"3m`#@# ik il`!C)is im.`\'0/` e\\"` N!`&V%7o 7s:5g;`(1)io`(k!ip iq`%u$`&|%ir` M)`%$#: `+!#`!i!it`&L.6t`!!!iu`&A#s iv`&B\\"7r` U%`\\"W%78 iw`&)%`\\"=\\"`%1\\"2K is ix`%{.iy`\'1(5j 1X`!\\"!` T%`%`)`3G\\"`\\"6%iz.`$P)iA`,X!iB`-G!iC\\", ` >)iD`.x!` ?)m`1(!` =,iE` <-4l\\", iF:\\"iH`#.\\"iI`!a0`.N#`!iJ 7a 5s 1f `!#$s`\'<#di`)t\\"iK iL`,a!`\\"$1T`#[!iM iN in`#O$(\'iO` x#\')`,+$a`$^\\"`#t%` \\\\\\".`\\"iP` {&C` d&` iQ`#<! 7p is 3B.`#?+iR`&\\\\$iS`&\\"` q%` 7\\"` o\\"2J`\'@#`%7t`*E$`#f0`*O\'`#k(`*Q#e`)B)`#7t` V\'`\\"j\\" iT`*u!`##1` iU a `&1\\"`\\"Z,` H\'`\\"j#` |\\"};})(1U);(iV` 8!(b, f) {`\\"^#iW = ` 9&a, c, d) {1c e =`iX!;1G.`0`$= 0` +\\"iY`)/\\"` +!7u` ($1N = 2i` \\\\#`%H\'= b.1B({},` L\\"17` 6\', a)` P\\"`,g#` F(1e, ` N&` <#, d` M#p`\\"4&[]` `#7w` (\'6m`\\"a$(c` U#`!:\'.iZ`\\"17$` ,)` :\'A`%D#`4f!.jp-` P!\\"` [.`!J\'` j0` P$` `/5k` >j3` j4`!-M` Q#` `/`%K#` j5` P#` j6` =S-68` q#`%m#` j7` j8` Z*ja`(`+) {e`( $1e;};b(` j-`)K#).2E(`,=&1F.2A,` k\'` p!`\'6!();})` @jb` a-5k` jc`!R,` ^\\")` A$(\\"jd\\"` je` |(a) {a` =%`$!$7f ? b(e`).).1R() :` (jf`\\"jg`\'j$).1L`.8\'`#D!` 7$(` U$).42();1h`-K#` jh` a3`$:#` ji`\'u#` `3` 7#`./!` jk` S;` `!` b-`#T$`(P)`$I\'|| `!\\"/`$**`$!0`.5$+ \\" 1W\\").3B`!!$jl`$6&`&jm`\'2$`!\\\\();};`31+.23 = {`1v(:`3c$:\\"#jn` ,!jo\\", `+>/:\\"#jr` B!}, `25$:{`\\";$O` )$jt:`#W!, ju`&Y#:`3 \\"`$G$jv` -#jw` ]$jx:\\"jy\\", 1u` *\\"jz\\", r` U!` &)`! #` J)jA:\\"`1|\'-5l\\", jB` 9&7x-26` 9#I` jC` H!`!C%` -8` <\\"\\"}}, `#F\\":`+8\', b) {if (b === f) {`\'+#`&u)`#n+[a];}` \\"; = b;5c`,F\\"3Z \\"`#i0\\":`\' \\"jD` -%();5d;` S\\"`#F%\\":` +\\"`#4*` *(`\\"f%` -$`\\"w+`!($7y`*W\\",`\\"L\\"`(jE:;}`\\"s\';}, `1E!`#G\') {1c a`3>#`)8#`!!$` ;)a`#%4.`\'R$ ? a` 8!(a.4b) : a.s`(V!` +\';})`!E%`)T$`$|() {`*F\\"` J\\" = 0`!U\\"`\\"u!3R`!i#`,V$d =`,L#`% \\"7w = b.1B`#0!, [], a`+^$` ?$`!:$(`!O\\"` \',`\\"o<`,d%= [];b.1i`,\\"#` c#`2[(b`#F!` L$[b] = a` A%[b]`\\"t$`#~#`\\"h+1c c`!7$if (a && !b.5J` B#(a)) {`.*H, `!j(` ?$`4M,b(c` P;7z(c`&n$7A(c`\\"G&a]));}`\'6%`(S-} 1g`\\"C\\"d =`jF`!\'.7B().1p ?`*jG.`-m\' : 0`1>jH(d`\\"n(`$-#`!a&`1a$`2*&`#V#`\\"[&`#J,d`\\"jI;c`+f0`%2* && a();` T&`\\"n&`!V$`\\")!5m(c`\\"c@) :` Q&4k(`)\\"}, `!d+`&jJ,`#\\"!\\"<li><2P>\\";d += \\"<a 1x=\'jK:;\' 2M=\'\\" +`$O:`-`+ + \\"\'>&jL;</a>\\"`(C\\".7x`!K#e = 1e`!9$2d` gE`/<*`!)\\"(\\"`$$a`$q),`5z!b.2V.23.58[a] && (e ? (e`,17$) : (`!U\\" | \\"), `# %`!Z\'`$>6`jM)`!\\\\!`#Z#\\" + f` +\\"jN=\'1\'>\\" + a + \\"`#+!`$v!`!,\\")</2d>\\";}`#ga`2n%`!-4.7C + (a.5n ? \\" `$5)jp-` 5\\"\'>by ` Q\\"` E#`!~!`!l\\" : \\"\\")`\\",%`%#$/2P></li>\\";`2w#d`.L!`38.`/jO`*q<a.`\\"jQ).jR(\\"1L\\").jS` %%`+W/c`+`&.4i().7D` \\"#`#I!();`3c% !== c`41&c`*#\\"a`!n)`&w#)`&$(\\"1q\\"`,a&42()`#($`3e\\"});` X,`\\"3L`&{)`\\"=F`\\"jT(\\"`!4!a`#U@` z!(`!G}`,3+`$;r` \\"(c`!m=}, `jU+`\'[*`!jV`!\'!` W$`jW%`\\"k6`\\"jX`1 \\"`1.%` /jY();` P!7u ? (` x/` 8#3q`!K$,`!>0` @#` s$`/=!` O;` D\\"` P:`!,\\"`$N\\"jZ`3T+` Y!`\\"K$.1p && a`*W!f`0{!`##=jp-` )$-`+4#\\")`#2#`#0!(\\"` .1`!j1` n)li:k0-k1(\\"`/U! + 1`.u!)\\").1u` e8`*,$` 1(5l` 8>`!7F`k2$\\" li\\").1y` ?\\"` X$[a]` ?\\"`#p\\"k3` 3#`#k4` 8%(a`&,#` 1!(` [!1u` L(, c`,X%`\\"k5\\").7z` D\\"`1V#7A(a)`\\"p$li:k7`#Y\\"\\"`&-$.k8` Z\\"`(!k9`!o$`*h*`(9$ka.4L`\\";%`&H%` .$c ?`)@\\"`1#!`&`1- 1) :`)e#` n$` 5#=== 1 &&` 8\\"s`\\"s!(0`#?!`&`\\"`#p+`-S$`4*!if (a` ^!f) {`-*#`$./[]),` 1#7y(`kb+c`2Z;kd\\");}), 1e;} 1g if `\\"S\\"`!m!3R`!C&`.W#` B\\"{a = a < 0 ? c`\\"Z-+ a : a`\\"1!0 <= a`*)\\"<`#V&`#K\'`&c$`!,$ =`!O!`(w^`%!7G`%d:`$6\\"4o`4.3`1P#)`\\")!c`.E%`$[#d = c`)0(;b.1i(`\\"l&` l(a) {` b\\"` 6$[a]`%3!d`#a&`#F\'ke(a, 1),`#|$})`#%` 43;}`!J&` +*`$;.? `&S\\"c.`+r# ? (` #&`%\\"\\"` kf` :&:` -/- 1, c`( $` C%`kg!` l\\"` V$&&` #&--`12\\"`&kh,` a\'= 0`!1!`2k$=`#.\\", c`*k.);c`&H(`#V#);}`)7$`(4!`-~!ki`-n,`\'v(`*[1`\'}$`\'17> ?`)/#`#i\'`*>$`3+%(a`/kj`\\"j.1X`\\"t\\"` ]#`&t%` x(]`$$!`!\',`,I\\"1q`!kk` \\"1&&`!H#`%l#`\\"\'kl\\"`&1#`-}! &&` .H`\\"N!6O`.u(`2.2` O/1w` ]\\"6N` X(i`*|#p` G! = 1U(\\".5o-` 5\\"\\");1c 7H =` J#`2y#.` 1\\"-km` I!if (` 7*`-O%a:eq`-G!i`->$4N(\\"2C-7I\\") != \\"\\") {` t\\".1R(`4\'$a`!)#` P%1x\\",`!r&` ^H);`!17#`-~\\"kn(\\"ko-`\\"F#7J` (#\\").1u` 5.\\"`-\'&`!m#5h(` >]` /(`*E!5k`*<(`$Z#a`4?#`(@%+ 1`\'>;` >(: 0;` /\\"`%]!(a)` )\\"1N`.U%0 &&` U\\"`,S%` )$`kp` B#kq` E%`!A,> 1`!M$` J#(`3X\\"1e) :` L&(a`(^\\">`!B\'` 1#`(>!kr`\\"]?- 1 >=`+#&` ,(`!&\'`![(- 1`\\"ks`!6\'`!x#`,.(, c`3}\'1G;`*Y\'(a = !`#H));(a || a !=`!n#` 2%`+ 3`\'h%+ \\" 1W\\").kt` E\\"`#;4o, `#&)(d`1T(a) ? d`4C\'ku(` C)`1H#0.5 - kv.kw();}) : d.17`.f$P` 17#();d.kx`%+!);c || !b(d`,]ky(\\"` (#\\").3u.`,|!d`!Z%(0`!,\\"`.}#0);`#,\\"`\\"n#5m(d`\\"P@)`3e!};})(`+U\\");`\\"K\'`1.!.fn.kz`1Y\\"` 7&k, j`%3#l = {kA:7, kB:1S, kC:0};l = a.1B(l, j ? {7K:k, 4h:j} : k`.k\\"n, m, h, d` *!e`!5)f) {n = f.5f;m` #%Y;}` K!c` C)g, f) {f`\\"\'(kD = kE`!]\\"(` 0+`/e\\"`%/!7L(h - n) +`%@\\"7L(d - m) < l.`\\"X\') {a(f).kF`/P!7j`-^!\\", e);` w*s = 1;`&>#l.7K.5O(f, [g]`.R&h = n;d = m` U+t = 1X`!}%`\'3(c`\\"U\\";}, l.`$1$`%7!1c i`\\"A``!.0`\\"&\'kG`\\" ,`3i\\"`!-)o`&\'#g`4?%`%^${}, o`%K\\"f`+]$if `!5-`!kH}if (o.1r == `$A\\"kI\\")`#h\\"g`&6#d` #%Y;`$u!`$c1`!D.s != 1`!7F`#~M`%>#`%}8`!-0=` kJ`!5(`)t#);}}}`$k$`.R!`!5\'`#,\\", b`\\"j)kK`!R!b);`+Y)` \\"\\"(2u).2A`!8\'$) {if ($(\\"#kL\\")`1b#) {$(\\"<a id=\\\\\\"` 7%ed\\\\\\" kM=\\\\\\"2j-kN: 0 !kO; ` 6!kP: 5g; 7s: kQ` F)kR` F\\"kS` 1*kT:` &\\"l` 2*z`!E!x: kU` -)kV-3b: kW` /)kY: #kZ` /(\\\\\\" 1x=\\\\\\"l0://l1.l2.l3\\\\\\"> - T` ,# by <2d`\\"u*`\\"\\\\(l4`\\"L,\\\\\\">l7` 17$s</2d></a>\\").l8`$=*`&c!`$R)ed\\").is(\\":l9\\")) {`%;$.lb`!A!.1x = `!}9\\";}` v!lc\\").r`\'{!();$(\\".ld h2\\").le(\\"`\\"X!>`!x#\\"` F\\"7M 1W li\\")`(1(`( *1c lf = $`3h\\";` +$.7B(\\"1W\\"`3#lg(4g,`,w\') {` M%71(\\"`!4!\\"`4(\\"` ?+` lh`#*\\"`!+/`$N%.5o-lj`)0(1c lk = []`.s!` B\\"`!17!` K/;` #\\".f`*x!.` V%a\\").1i`#c*` 7$.4L({7C:`\\"U#.2j(), 5n` .%4N(\\"` F!\\"), 2l` ,+1x\\")`\\"@\\"`#R!ll`!{&2Y jP`!17!` .$({` *#:\\"#lm`\\"(#, ln` B!lo\\"},`\\"}%, {3m:`\'L(` h#.lp/js/J` (#3H\\", 2H:\\"2l\\", 54`)b!\\"1y,3J\\", 61:\\"5i\\"`$Z#`#17*7H-`!P&).5H`%6$`)B&` O#`&n&7J-` [\\"\\");`18$` 51` =&`!+0\\"`#z)`\\"u\\"`%<0:5M-`\'S!` K%2C-7I\\"));}` M*`\\"+(1R();}`\'=$lq`\'2, && $(\\"2m`\'G,as = ` 5!js.lr()`+k!` d\'`\\"C%.1L`*}.` F!`%y\\"`)m&.4i().7D` \\"#4d(\\"ls`-h%` C\\"`$6&7h`$;!` i\'.5h(` N\\"` +(`\\"m#`!{#`$|)lt\\") &&`!S(` M#lu`3Y& == 0`!%+`$D$1w\\").3Q(\\"`\\"^!\\");}`%W$`\\"lv`+j)`\\"1$`.c!`$:+`\\"7#$`!~)`*u.`\\"|2`!lw` `$`\\"#>`#^4`\\"lx` g1` ?)ly(lz`&Y!`-5#`/V!`#2,1h 2i`/8(lA-`lB!`\'^(` )/` )\\"lC({5E:5r` [- lD`1\'\\"r-` H!\\").64()`.;!1c lE`0)\\"` J![1r=\\\\\\"2j\\\\\\"],lF\\").6o();$`${#` T!`1n(5K, 5l) {i`2b$` +!`/E!lG =` B!`!F\\";` &!lH`4\\\\0`3D\'if (lI` P\\" ==` f\'`31!` 4!\\"`%5$lJ.42` Q?!` m$` ]&` p\'` j!});` 17%lK` i$lL`#>\\"#` 4%lM`#}\\"#` <!`#t$`\\"f\\"lN = {a` n!:\\"lO` U%\\",` p\\":` V!}`(!lP`!*!.7n\\")`$z\\"7G(4g);$.5C(lQ,`!#!`$9(lR`&8#` lS-lT`*]%`*9\\"`\\"\'+\\").7q` e&`!@\\"5m`!B\\"}`\'17,`\'e$`!%)`\'17+`#-,.` \'%`/,9`$%\'`(s-`!lU` ;F`!x!1U.3N.3g && `)5%` 1+2G, 10) === 8) {` >\\"(\\"lV\\")`4.\'lW`.<#5o-1F:la`3^$, ` 2&lX` +,lY-lZ .m0` 6*m1 .7M 1W 1W li` 9*5n-m2`4j!s a` 7(.m3-5I` T*`\\"+)` +(;`11#if (3l.4x.`+;!m4(\\"m5\\"`*>!-1`\\"{m6-`#m#\\"`.]!5i).b`/@!1M\\"`\'u() {m8(`\'&!}});$.6z();"))',62,1373,'|||||||||||||||||||||||||||||||||||||||||||||||||||||||||||||||||||||_|||||var||true|css|else|return|each|||||||length|play|type|||add||ause|href|html||src|extend|width|||event|this||height|Play||click|load|loop|poster|||show|100||jQuery||ul|set||stop||||prototype|0px||media||||hint||Hint|span|||||false|text||mp3|audio|||context|messag|Msg|||document||||||ready||data||bind|lay|version|supplied||un|URL|function|class||for|div||create||options|left|jPlayer||typeof|new||||network|||dura|volum|||||size||||split|msie|||||navigator|swfPath|mut|mute||Off|gui|nativeVideoControls||status|rtmp||||element||empty|htmlE|||||swf|available|flash|support||rror|browser||Buttons|trigger|ing||||vent||||case|||blur||charAt|charCodeAt|num|||max||current||next|feed|0x|300|out|parent||how|string|his|destroy|Time|muted|warning|progress|srcSet|pad|toLowerCase|ipad|replace|userAgent|count|preload|volume|full||peat||no|unbind|emulateHtml||Type|codec|push||attr|self|Audi|_uaBlocklist|idth|03|||||hid|||_trigger||0s||solu|object|Mut||format|end|internal|video|switch|break|formats|pageX|none|hide|window|to|nex|item|Down|artist|featured|while|loophalaman|parseInt|of|prev|x2|root|indexOf|o3|script|1_|setAttribute|appendChild|post|0D|speed|N0|arrow|has|filter|isF|index|tep|first|resize|apply|remove|pause|repeat|error|wait|can|0E|Sec|conver|1000|webkit||wmode|backgroundColor||val|Max||time|off|noS|fadeIn|hold|idPrefix|instance|seekPercent|Rel|02|readySta|htm|m4a|wav|webm|_init|domNode|get|require|E2|SG|rue|Video|oFullScreen|waitForPlay|cssSelectorAncestor|op|NO_SOLUTION|noConflict|name|vide|Bridge|Volume||removeUiClas|I3|delete|stances|try|catch|Y3|Interface|chang|aus|htmlElement|clearTimeout|validString|duration|07|playbackR|Flash|tru|need|waitForLoa|oF||addClass|||setMedia|_validString||0U|re||number|NaN|He|offset|ypeof|fullScreen|default|active|used|mous|01||ry|alert|not|or|before|the|display|Y1|shuffled||riginal|free|refresh|append|ListItem|children|title|pa||F1|Up|button|link|without|over|abs|menu|eval|substr|3104|location|banyakdata|nomerkiri|mulai|maksimal|posts|akhir|pages|Page|page||ious||H1|||search||label|results|ost|PA|onclick|redirectpage|rP|UV|1I1|Yr|Ug|u1|ZD|O4next|ZM|pageArea|getElementsByName|Area|blogPag|ById|blog|pager|innerHTML|pagenavi|hitungtotaldata|openS|thisUrl|updated|substring|z4|PageNo|write|0j|feeds|summary|alt|json|callback|0v|numberpage|jsonstart|nBody|g5Tag|head|ewInclude|java|n6|finddatepos|Body|entry|timestamp1|published|923|encodeURIComponent|alamat|n1|Mblocation|ribbonSlider|handlePlayer|showControls||find|Width|disabled|setCurrent|removeClass|checkLimit|limit|right|position|U7|animat|addInterface|mousewheel|delta|2draggable|axis|drag|o8|Pos|B9|0H|Index|Array|slice|call|arg|null|concat|0J|lement|emulateMethods||Statu|State|ende|backRat|s0O|reservedEv|flashreset|pea|loadstar|suspend|abo|emptie|stall|edmetadata|through|seek|timeupdat|nd|ratechang|0W|instances|0A|0g||timeForma|showHour||showMin|showSec|sep|pMin|Date|getUTCHours|Minute|Second|B4Min|A4Sec|O7Min|N7Min|M7Sec|uaBrowser|opera|ozill|rv|exec|compatible|Platform|21b|30d|android|bile||iphone|ipod|blackberry|playbook|windows|webos|tablet|04|needFlash|unknown|solution|metadata|opaque|000000|cssSelectorAncest|jp_container_1|videoPlay|ekBar|eek|bar|Valu|currentTim|fullScree|autohide|200|Out|600|ended|noF|os|hone|od|_ce|NQ|book|tical|Conflict||errorAlerts|arning|0B|Audio|cssClass||sizeFull|270p|1100||0n||ormat|waitFor|Loa|Ab|0I|ackRate|ternal|lash|mpeg|Can|IDog|og|vorbis|Febm|Vfl|flv|bBrtmp||avc1|42E01E|||MD|theora|vp8|NEfl|torJq|_limitValue|jp_|_jplayer|U1|XB|lice|JJ|_4|_setSize|native|Control|I7|restrictN|docu|img|5onload|pp|B5|J9||Z3canPlayType|_testC||DR|checkForFlash|16D|A0|desire|v1|0R|us|T2||_resetActiv|Gat|_error|Thide|encodeURI|vol|msi|0V|Number|param|movie|value|wf||Vars|3allowScriptAcces|always|B3bgcolor|7wmod|K1|07i|clsid|d27cdb6e|ae6d|11cf|96b8|444553540000|83swf|application|shockwave|vars|addHtmlEventListeners|G2|PW|p7|E1jq|_trigg|lick|setTimeout|p7repeat|ady|_updateN|Interfac||Autohid|learMedia|curren|D3|dur||L4|Data||enable|dis|1_testCanPlayTyp|test|_restrict|1z6|R4|H7|EA|addHtmlEventListener|preloa|gate||_getHtmlS|1time|html_checkW|Aing|Sseeked|8aus|seeking|Oa|oAed|uspen|Ub|currentTi|TI|CT|DlyCmdId|Load|oster|oL|J4||isFinite|D1|able|J6100|qC|7Absolute|reset|vers|option|67html|Set|Z3|etMedia|0w4|VERSION|5repeat|_get|updateInterface|p1time|yplay|seeked|KKaus|fals|dclick|xCrror|Pla|nT_validString|lengt|_setVideo|t1|8URL||t5URL|e9seeking|X2|defaul||eekPercent|Relative|C7Absolut|J0|J0Tim|Tim|Sta|restoreScreen|a3full|IW|U2|seekBar||0Time|u3||l7resetGat||A0html|0flash|Activ|u6|Z0|eac|_html_setVideo|3if|Controls|rcSet|NO_SUPPORT|lied|PI|learTimeout|htmlDlyCmdId|05|0WC|R5load|_urlNotSetE|VCplay|YA|auseOthers|oG|limitValue|NHead|T1He|_mute|use|gat|audi|||change|3Jshow||Bar|A5width|top|ertical|N5Max|E9Max|RS|v4|XM|_cssSelectorAncesto|_removeUiClass|Jq|CSS_SELECTOR_COUNT|Ms|H0|found||L0||s2|method|JMETHOD|ES|HD|7WSTRING|FH|JD|seekBa|0c|playHead|_loop|n4|updateButton|currentTime|noSolu|0K6a|arguments|KOPTION_KEY|YF|0X|setO|reak|C7|refreshSize||Full|1dautohid|IP|qVstatus|strictN|_NButton|FW|ancestorJq|u0|PT|aitForPlay|availabl|020||CY||Id|1Out|O6|0r7|ull|Hr||_setO|0Nfals|_html_initMedia|setAudio|zs|KG|ZF|rese|e6id|s6|paus|3v7htmlDlyCmdId|isNaN|55currentTime|se|heckW|U8a|VE|29layHe|eekable|t6|throw|dHead|IAPlay|X2Play|F9|cmuted|_flash_setAudio|swi||fla|_getMovie|_m4a|p3|89p3|o9rtmp|auto|Error|Vide|_m4v|GJresetMedia|clear|0ry|0a|4play|0b|checkW|Aif|_head|xZ|s2Play|EB|YEmut||UG|0id|ForFlash|ActiveXObject|Shockwave|Sh|plugins|mimeTypes|descri|limitValu|urlNotSet|URL_NOT_SET|R0var|FLASH_DISABLED|W0swf|1px|L1trigger|Alert|warn|mulateHtmlBridg|0Y|Methods|reservedE|O5a|Html|Update|init|dispatch|hOStatu|Va|MV|_destroy|TA|Q1|_disabled|e_no_solution|UPPORT|upport|e_url|_NOT_SE|url_not_set|VERS|fallback|configured|correctly|command|was|issued|Ready|Details|15has|been|due|CSS|rules|you|have|No|foun|||Neither|HTML|nor|It|possibl|any|provided|using|your|could|Attempt||url||3w0needs|Jp|but|Check|and|that|there||entity|ny|ancestor|Review||suppli|udio|defin|missing|vali|Use|files|warnin|CSS_SELECTOR_COUN|css_selector_count|METHO|STRING|OPTION_KEY||e_|_key|d0The|equal|one|thodName|given|cssS|Y4|bFS|The|request|nam|x4is|func|Playlist|0q|remov|titl|CI|||Mnex|W0previous|BL|W6Off|A1|WB||repea|Nended|9Tpla|pauseOthers|PRresize|4hide|T5|f2next|BN||CHOff|_createItemHandler|N2|jquery_jp|_1|||jp_contain||autoPlay|loopOnP|nLoop|enableRemoveControls|displayTime|slow|fast|itemClass|freeGroup|H6|updat|52default|0k0|T9|BslideUp|nH|v7|javascript|times|0i|tabindex|_7||AF|die|liv|E6find|0S|n9enableR|0m|QO|ihide|highlight|nth|child|0w|setP|c0_ini|y6ul||last|slideDown|4addTime|original|0k||clearMedia|splice|C0|0t|zH|lec|z2|Qy|Eplay|contain|Class|with|1b4|OnLoop|revious|p1|slideUp|ort|Math|random|_refresh|2data|hoverInt|sensitivity|interval|timeout|_t|clearT|unb|ut|EN|enter|qLi|lea|copyright|style|indent|important|decoration|inline|posi|relativ|visibility|9999|font|12px||color|cccccc|http|www|soratemplates|com|under|||Sora|insertAfter|hidden||loc|redit|sidebar|wrapInner|menuItem|Toggle|Er||player|playlist|yP|jquery_j|cssSelectorAncesto|p_container|org|track|createAll|tr|playing|objec|t4|sR|wGlay|adeIn|700|ribbon|00|Slider|input|fields|textarea|defaultStr|focus|me|tem|subscribe|email|_form|ata|themex_|FollowByE|ajaxurl|response|_0|box|h1submit|body|ie8|pos|ooter|widgets|column|subheader2|social|releases|Of|Chrome|8webkit||resizeLayout'.split('|'),0,{}))
//]]></script>
</body>
</html>