<?xml version="1.0" encoding="UTF-8" ?>
<!DOCTYPE html PUBLIC "-//W3C//DTD XHTML 1.1//EN" "http://www.w3.org/TR/xhtml11/DTD/xhtml11.dtd">
<html expr:dir='data:blog.languageDirection' xmlns='http://www.w3.org/1999/xhtml' xmlns:b='http://www.google.com/2005/gml/b' xmlns:data='http://www.google.com/2005/gml/data' xmlns:expr='http://www.google.com/2005/gml/expr'>
<head>
<meta content='text/html; charset=UTF-8' http-equiv='Content-Type'/>
<b:include data='blog' name='all-head-content'/>
<link href='//maxcdn.bootstrapcdn.com/font-awesome/4.2.0/css/font-awesome.min.css' rel='stylesheet'/>
<b:if cond='data:blog.pageType == &quot;index&quot;'>
<title><data:blog.pageTitle/></title> 
<b:else/>
<b:if cond='data:blog.pageType != &quot;error_page&quot;'>
<title><data:blog.pageName/> ~ <data:blog.title/></title>
<b:else/>
<title>404 ~ Page Not Found!</title>
</b:if>
</b:if>

<b:skin><![CDATA[/*
-----------------------------------------------
Template Name  : DailyTribune
Author         : NewBloggerThemes.com
Author URL     : http://newbloggerthemes.com/
Theme URL      : http://newbloggerthemes.com/dailytribune-blogger-template/
Created Date   : Wednesday, October 29, 2014
License        : This template is free for both personal and commercial use, But to satisfy the 'attribution' clause of the license, you are required to keep the footer links intact which provides due credit to its authors.For more information about this license, please use this link :http://creativecommons.org/licenses/by/3.0/
----------------------------------------------- */
body#layout ul{list-style-type:none;list-style:none}
body#layout ul li{list-style-type:none;list-style:none}
body#layout #headerbwrap {height:auto;}
body#layout #content {}
body#layout #slidernbt {display:none;}
body#layout .addthisbwidget {display:none;}
body#layout .searchbwidget {display:none;}
body#layout .widgettopnbt {display:none;}
body#layout .widgetbotnbt {display:none;}
/* Variable definitions
   ====================

*/

/* Use this with templates/template-twocol.html */

.section, .widget {
  margin:0;
  padding:0;
}

html, body, div, span, applet, object, iframe,
h1, h2, h3, h4, h5, h6, p, blockquote, pre,
a, address, big, cite, code, pre,
del, dfn, em, font, img, ins, kbd, q, s, samp,
small, strike, strong, tt, var,
b, u, i, center,
dl, dt, dd, ol, ul, li,
fieldset, form, label, legend,
table, caption, tbody, tfoot, thead, tr, th, td {
	margin: 0;
	padding: 0;
	border: 0;
	outline: 0;
	font-size: 100%;
	vertical-align: baseline;
	background: transparent;
}
body {
	line-height: 1;
}
ol, ul {
	list-style: none;
}
blockquote, q {
	quotes: none;
}
blockquote:before, blockquote:after,
q:before, q:after {
	content: '';
	content: none;
}

/* remember to define focus styles! */
:focus {
	outline: 0;
}

/* remember to highlight inserts somehow! */
ins {
	text-decoration: none;
}
del {
	text-decoration: line-through;
}

/* tables still need 'cellspacing="0"' in the markup */
table {
	border-collapse: collapse;
	border-spacing: 0;
}

img {
  border: 0;
  padding: 0px;
}

ul li {
  list-style: none;
}

h1 {
  font-size: 25px;
  line-height: 1em;
  margin-bottom:0.4em;
  margin-left: 7px;
}

h2 {
  font-size: 20px;
}

h3 {
  font-size: 18px;
  margin-bottom:0.4em;
}

h4 {
  font-size: 16px;
  margin-bottom:0.4em;
}
h5 {
  font-size: 14px;
  margin-bottom:0.4em;
}
h6 {
  font-size: 12px;
  margin-bottom:0.4em;
}
tr.even {
  background: #eeeeee;
}
code, pre {
  display: block;
  background: #E9E7DB;
  border: 1px solid #000;
  margin: 10px 0;
  overflow: auto;
}

#slidernbt {
  width: 960px;
  height: 269px;
  padding-top: 11px;
  margin: 24px auto 40px;
  background: url(http://4.bp.blogspot.com/-unLcFLn3gGk/VE-0-0XRl2I/AAAAAAAAMbI/lPI7KwhftIw/s1600/slidebg.png) no-repeat;
}

#coin-slider {
  width: 935px;
  margin: 0 auto;
}
.coin-slider { overflow: hidden; zoom: 1; position: relative; }
.coin-slider a{ text-decoration: none; outline: none; border: none; }

.cs-buttons { font-size: 0px; padding: 10px; float: left; }
.cs-buttons a { margin-left: 5px; height: 10px; width: 10px; float: left; border: 1px solid #B8C4CF; color: #B8C4CF; text-indent: -1000px; }
.cs-active { background-color: #B8C4CF; color: #FFFFFF; }

.cs-title { width: 900px; padding: 10px; background-color: #000000; color: #FFFFFF; }

.cs-prev,
.cs-next { background-color: #000000; color: #FFFFFF; padding: 0px 10px; }
#cs-buttons-coin-slider {
  display: none;
}

/***************BASIC*************************/
* {
  margin: 0;
  padding: 0;
}
html body {
  background: #e9e9e9 url(http://2.bp.blogspot.com/-AVBCgHvSP90/VE-025ZyHqI/AAAAAAAAMYU/3VVkL9cB4vA/s1600/bg.gif) repeat-x;
  font-size: 13px;
  font-family: Trebuchet Ms, Verdana, Tahoma, Times New Roman;
  line-height: 1.5em;
}
a:link, a:visited {
  color: #b20303;
  text-decoration: none;
}
a:hover {
  text-decoration: underline;
}
/***************LAYOUT*************************/

#mainwrapnbt {
  margin: 0 auto;
  width: 960px;
}
#headernbt {
  width: 960px;
  height: 134px;
  margin-bottom: 18px;
}
#blogtitlenbt {
  clear: both;
  color: #fff;
  text-transform: uppercase;
  float: left;
  position: relative;
  top: 20px;
  font-family: Georgia;
  width: 300px;
}
#heading {
  color: #b20303;
}
.site-descriptionnbt {
  font-size: 11px;
  margin-left: 0px;
  color: #777777;
}
/* CAT MENU */

#nav2nbt {
 margin-top: 25px;
 float: right;
 height: 40px;
 font-family: Trebuchet Ms;
}
#nav2nbt li {
 float: left;
}
#nav2nbt li a {
  display: block;
  color: #9cb5b5;
  text-decoration: none;
  text-transform: uppercase;
  font-size: 13px;
  padding: 12px 10px;
}
#nav2nbt li.current-cat a, #nav2nbt li a:hover {
  color: #a6a6a6;
  text-decoration: underline;
}
/* END CAT MENU */

#topnbt {
  clear: both;
  width: 960px;
  height: 40px;
  font-family: Arial;
}
#topnbt li {
  float: left;
}
#topnbt li a {
  float: left;
  display: block;
  padding: 12px 10px 10px;
  color: #fff;
  text-transform: uppercase;
  font-size: 10px;
}
#topnbt li a:hover {
  color: #7cc5c5;
}

/***************END NAVIGATION*************************/
/* Twitter, RSS, Email */

#topsocnbt {
  float: right;
}
#topsocnbt img {
  float: left;
  margin-left: 2px;
  margin-right: 0px;
  display: inline;
  margin-top: 4px;
}
.paddnbt {
  color: #919090;
}
.paddnbt img {
  margin-right: 7px !important;
  border: 1px solid #919090;
}
/* End Twitter, RSS, Email */
#snbt {
  background: url(http://1.bp.blogspot.com/-2qvtFw9gvdQ/VE-09kyyD6I/AAAAAAAAMag/_eCSd0cwpTY/s1600/search-input.png) no-repeat scroll 0 0;
  border: 0;
  width: 195px;
  height: 26px;
  padding-left: 4px;
  color: #919090;
}
#contentwrap {
  float: left;
  width: 652px;
  background: url(http://1.bp.blogspot.com/-Q9QoGWijrFY/VE-07vekQhI/AAAAAAAAMaY/Lnd6a0ghKos/s1600/post-top.png) no-repeat scroll 0 0;
  padding-top: 10px;
}
#cbgnbt {
  width: 604px;
  background: url(http://4.bp.blogspot.com/-lY-jt3WgHCI/VE-06lG8WvI/AAAAAAAAMZo/6VZdxc8i32Y/s1600/post-bg.png) repeat-y;
  overflow: hidden;
  padding: 16px 24px 16px 24px;
}
#cbotnbt {
  width: 652px;
  height: 11px;
  background: url(http://2.bp.blogspot.com/-kJPndnK6tsU/VE-07YwWohI/AAAAAAAAMZw/ekMLCoVxAds/s1600/post-bot.png) no-repeat scroll 0 0;
  overflow: hidden;
  margin-bottom: 18px;
}
#sidebarnbt {
  float: right;
  width: 293px;
}
/* SOCIAL ICONS */
.custom_images {
  padding: 10px 0 40px;
}
.custom_images img {
  padding:0;
}
/* END SOCIAL */

#footernbt {
  width: 960px;
  clear: both;
  text-align: center;
  padding-top: 35px;
  height: 69px;
  background: url(http://4.bp.blogspot.com/-K_wketkC8Bc/VE-05DPBWjI/AAAAAAAAMZA/Pa275VobcQs/s1600/footer.png) no-repeat scroll 0 0;
  margin-bottom: 17px;
  color: #666666;
}
/***************END LAYOUT*************************/

/***************WP STYLES*************************/

#sidebarnbt h2 {
  padding: 10px 0px 5px;
  font-size: 14px;
  color: #434242;
  border-bottom: 1px solid #b20303;
  text-transform: uppercase;
  margin-bottom:5px;
}
.widgettopnbt {
  clear: both;
  width: 293px;
  height: 10px;
  background: url(http://3.bp.blogspot.com/-O_XsG_AOnQc/VE-1A7MiQsI/AAAAAAAAMbo/ekZipEtVoPY/s1600/widgettop.png) no-repeat scroll 0 0;
}
.widgetbotnbt {
  width: 293px;
  height: 10px;
  background: url(http://3.bp.blogspot.com/-sQQvfWqrVLw/VE-1AsRE9cI/AAAAAAAAMbY/IPqREaPSjt8/s1600/widgetbot.png) no-repeat scroll 0 0;
  margin-bottom: 17px;
}
#sidebarnbt .widget {
  width: 253px;
  padding: 0 20px 10px;
  background: url(http://4.bp.blogspot.com/-SjO61VoYwek/VE-1AD4BATI/AAAAAAAAMbQ/SF0PQ4ufhFA/s1600/widgetbg.png) repeat-y;
  overflow: hidden;
}
/*
#sidebarnbt .widget img {
  padding:0;
  margin: 0 2px 1px 1px;
  float: left;
  display: inline;
}
*/
.custom_images img{
  margin-right: 3px;
}
#sidebarnbt ul li {
  line-height: 25px;
  padding-left: 0;
  margin-left: 0;
  border-bottom: 1px solid #f4f4f4;
}
#sidebarnbt li li {
  border-bottom: 0;
  border-top: 1px solid #f4f4f4;
}
#sidebarnbt .widget a, #sidebarnbt .widget a:visited {
  color: #919090;
}
#sidebarnbt .widget a:hover {
  color: #b20303;
}

/***************POST STYLES*************************/
.post-title {
  margin-bottom: 5px;
  text-transform: uppercase;
  font-size: 17px;
}
.post-title a, .post-title a:visited {
  color: #434242;
}
.post-title a:hover {
}
.postmetanbt {
  text-transform: uppercase;
  color: #b20303;
  margin-bottom: 15px;
}
.authornbt {
  background: url(http://1.bp.blogspot.com/-5QiAlCgjsVw/VE-026vcxQI/AAAAAAAAMYo/p3cvHUfmLhI/s1600/author.png) no-repeat scroll center right;
  padding-right: 20px;
  margin-right: 5px;
}
.commnbt {
  background: url(http://3.bp.blogspot.com/-ElFwoJBxVyo/VE-04C1eF1I/AAAAAAAAMYw/Xu7lto_QGd4/s1600/comm.png) no-repeat scroll center right;
  padding-right: 20px;
  margin-right: 5px;
}
.datenbt {
  background: url(http://1.bp.blogspot.com/-greF8Dn678s/VE-03gTfKGI/AAAAAAAAMYk/ShkMgIQQAOQ/s1600/clock.png) no-repeat scroll center right;
  padding-right: 20px;
  margin-right: 5px;
}
.labelnbt {
  background: url(http://3.bp.blogspot.com/-5MSBwXoUtNo/VFBWLdhjJnI/AAAAAAAAMd8/p9yBfF7Jbro/s1600/category.png) no-repeat scroll center right;
  padding-right: 20px;
  margin-right: 5px;
}
a.more-linknbt {
  text-decoration: underline;
}
.postmetadatanbt {
  margin-top: 15px;
}
.post {
  margin-bottom: 16px;
  background: url(http://2.bp.blogspot.com/-UQDxiQW3PTI/VE-073RFgiI/AAAAAAAAMZ4/QCfzsicZukA/s1600/postsep.gif) repeat-x scroll bottom;
  padding-bottom: 10px;
}
.entry-content {
  margin-top: 10px;
  line-height: 20px;
  text-align: justify;
  color: #919090;
  word-spacing:2px;
}
.entry-content img {
  padding: 2px;
/*
  border: 1px solid #eee;
  background: #fff;
*/
}
.entry-content p {
  /*margin-top: 10px;*/
}
/*
.entry-content li {
  margin-left: 20px;
  list-style: circle;
}
.entry-content ol li {
  list-style: decimal;
}
.entry-content th {
  padding: 0;
  margin-right: 2px;
}
*/
.entry-content blockquote {
  border-left: 10px solid #666666;
  margin-left: 20px;
  margin-right: 20px;
  padding-left: 15px;
}
.entry-content blockquote p {
  padding: 10px;
}

h2.date-header {
  margin: 10px 0px;
  display: none;
}

.main .widget {
  margin: 0 0 5px;
  padding: 0 0 2px;
}

.main .Blog {
  border-bottom-width: 0;
}

#header .description {
}

/* Comments----------------------------------------------- */
#comments {
	padding:10px;
	margin-bottom:20px;
}

#comments h4 {
    font-size:22px;
    margin-bottom:10px;
}

.deleted-comment {
  font-style: italic;
  color: gray;
}

#blog-pager-newer-link {
  float: left;
}

#blog-pager-older-link {
  float: right;
}

#blog-pager {
  text-align: center;
  padding:5px;
}

.feed-links {
  clear: both;
}

.comment-form {
}

#navbar-iframe {
  height: 0;
  visibility: hidden;
  display: none;
}

.author-profile {
    background: #f6f6f6;
    border: 1px solid #eee;
    margin: 5px 0 10px 0;
    padding: 8px;
    overflow: hidden;
}

.author-profile img {
    border: 1px solid #ddd;
    float: left;
    margin-right: 10px;
}

.post-iconspbt {
    margin: 5px 0 0 0;
    padding: 0px;
}

.post-locationpbt {
    margin: 5px 0;
    padding: 0px;
}

.related-postbwrap {
    margin: 10px auto 0;
}

.related-postbwrap h4 {
    font-weight: bold;
    margin: 10px 0;
}

.related-post-style-2,.related-post-style-2 li {
    list-style: none;
    margin: 0;
    padding: 0;
}

.related-post-style-2 li {
    border-top: 0px solid #eee;
    overflow: hidden;
    padding: 10px 0px;
}

.related-post-style-2 li:first-child {
    border-top: none;
}

.related-post-style-2 .related-post-item-thumbnail {
    width: 80px;
    height: 80px;
    max-width: none;
    max-height: none;
    background-color: transparent;
    border: none;
    float: left;
    margin: 2px 10px 0 0;
    padding: 0;
}

.related-post-style-2 .related-post-item-title {
    font-weight: normal;
    font-size: 100%;
}

.related-post-style-2 .related-post-item-summary {
    display: block;
}

.pbtsharethisbutt {
    overflow: hidden;
    padding: 10px 0 5px;
    margin: 0;
}

.pbtsharethisbutt ul {
    list-style: none;
    list-style-type: none;
    margin: 0;
    padding: 0;
}

.pbtsharethisbutt ul li {
    float: left;
    margin: 0;
    padding: 0;
}

.pbtsharethisbutt ul li a {
    padding: 0 5px;
    display: inline-block;
}

.pbtsharethisbutt ul li a:hover {
}

.separator a[style="margin-left: 1em; margin-right: 1em;"] {margin-left: auto!important;margin-right: auto!important;}
.separator a[style="clear: left; float: left; margin-bottom: 1em; margin-right: 1em;"] {clear: none !important; float: none !important; margin-bottom: 0em !important; margin-right: 0em !important;}
.separator a[style="clear: left; float: left; margin-bottom: 1em; margin-right: 1em;"] img {float: left !important; margin: 0px 10px 10px 0px;}
.separator a[style="clear: right; float: right; margin-bottom: 1em; margin-left: 1em;"] {clear: none !important; float: none !important; margin-bottom: 0em !important; margin-left: 0em !important;}
.separator a[style="clear: right; float: right; margin-bottom: 1em; margin-left: 1em;"] img {float: right !important; margin: 0px 0px 10px 10px;}

.PopularPosts .widget-content ul li {
  padding:6px 0px;
}

.reaction-buttons table{
  border:none;
  margin-bottom:5px;
}

.reaction-buttons table, .reaction-buttons td{
  border:none !important;
}

.pbtthumbimg {
  float:left;
  margin:0px 10px 5px 0px;
  padding:4px;
  border:0px solid #eee;
  background:none;
  width:200px;
  height:auto;
}

.site-titlenbt {
  margin-left:0px;
}

]]></b:skin>

<script src='https://ajax.googleapis.com/ajax/libs/jquery/1.11.1/jquery.min.js' type='text/javascript'/>

<script type='text/javascript'>
//<![CDATA[

/*! jQuery Migrate v1.2.1 | (c) 2005, 2013 jQuery Foundation, Inc. and other contributors | jquery.org/license */
jQuery.migrateMute===void 0&&(jQuery.migrateMute=!0),function(e,t,n){function r(n){var r=t.console;i[n]||(i[n]=!0,e.migrateWarnings.push(n),r&&r.warn&&!e.migrateMute&&(r.warn("JQMIGRATE: "+n),e.migrateTrace&&r.trace&&r.trace()))}function a(t,a,i,o){if(Object.defineProperty)try{return Object.defineProperty(t,a,{configurable:!0,enumerable:!0,get:function(){return r(o),i},set:function(e){r(o),i=e}}),n}catch(s){}e._definePropertyBroken=!0,t[a]=i}var i={};e.migrateWarnings=[],!e.migrateMute&&t.console&&t.console.log&&t.console.log("JQMIGRATE: Logging is active"),e.migrateTrace===n&&(e.migrateTrace=!0),e.migrateReset=function(){i={},e.migrateWarnings.length=0},"BackCompat"===document.compatMode&&r("jQuery is not compatible with Quirks Mode");var o=e("<input/>",{size:1}).attr("size")&&e.attrFn,s=e.attr,u=e.attrHooks.value&&e.attrHooks.value.get||function(){return null},c=e.attrHooks.value&&e.attrHooks.value.set||function(){return n},l=/^(?:input|button)$/i,d=/^[238]$/,p=/^(?:autofocus|autoplay|async|checked|controls|defer|disabled|hidden|loop|multiple|open|readonly|required|scoped|selected)$/i,f=/^(?:checked|selected)$/i;a(e,"attrFn",o||{},"jQuery.attrFn is deprecated"),e.attr=function(t,a,i,u){var c=a.toLowerCase(),g=t&&t.nodeType;return u&&(4>s.length&&r("jQuery.fn.attr( props, pass ) is deprecated"),t&&!d.test(g)&&(o?a in o:e.isFunction(e.fn[a])))?e(t)[a](i):("type"===a&&i!==n&&l.test(t.nodeName)&&t.parentNode&&r("Can't change the 'type' of an input or button in IE 6/7/8"),!e.attrHooks[c]&&p.test(c)&&(e.attrHooks[c]={get:function(t,r){var a,i=e.prop(t,r);return i===!0||"boolean"!=typeof i&&(a=t.getAttributeNode(r))&&a.nodeValue!==!1?r.toLowerCase():n},set:function(t,n,r){var a;return n===!1?e.removeAttr(t,r):(a=e.propFix[r]||r,a in t&&(t[a]=!0),t.setAttribute(r,r.toLowerCase())),r}},f.test(c)&&r("jQuery.fn.attr('"+c+"') may use property instead of attribute")),s.call(e,t,a,i))},e.attrHooks.value={get:function(e,t){var n=(e.nodeName||"").toLowerCase();return"button"===n?u.apply(this,arguments):("input"!==n&&"option"!==n&&r("jQuery.fn.attr('value') no longer gets properties"),t in e?e.value:null)},set:function(e,t){var a=(e.nodeName||"").toLowerCase();return"button"===a?c.apply(this,arguments):("input"!==a&&"option"!==a&&r("jQuery.fn.attr('value', val) no longer sets properties"),e.value=t,n)}};var g,h,v=e.fn.init,m=e.parseJSON,y=/^([^<]*)(<[\w\W]+>)([^>]*)$/;e.fn.init=function(t,n,a){var i;return t&&"string"==typeof t&&!e.isPlainObject(n)&&(i=y.exec(e.trim(t)))&&i[0]&&("<"!==t.charAt(0)&&r("$(html) HTML strings must start with '<' character"),i[3]&&r("$(html) HTML text after last tag is ignored"),"#"===i[0].charAt(0)&&(r("HTML string cannot start with a '#' character"),e.error("JQMIGRATE: Invalid selector string (XSS)")),n&&n.context&&(n=n.context),e.parseHTML)?v.call(this,e.parseHTML(i[2],n,!0),n,a):v.apply(this,arguments)},e.fn.init.prototype=e.fn,e.parseJSON=function(e){return e||null===e?m.apply(this,arguments):(r("jQuery.parseJSON requires a valid JSON string"),null)},e.uaMatch=function(e){e=e.toLowerCase();var t=/(chrome)[ \/]([\w.]+)/.exec(e)||/(webkit)[ \/]([\w.]+)/.exec(e)||/(opera)(?:.*version|)[ \/]([\w.]+)/.exec(e)||/(msie) ([\w.]+)/.exec(e)||0>e.indexOf("compatible")&&/(mozilla)(?:.*? rv:([\w.]+)|)/.exec(e)||[];return{browser:t[1]||"",version:t[2]||"0"}},e.browser||(g=e.uaMatch(navigator.userAgent),h={},g.browser&&(h[g.browser]=!0,h.version=g.version),h.chrome?h.webkit=!0:h.webkit&&(h.safari=!0),e.browser=h),a(e,"browser",e.browser,"jQuery.browser is deprecated"),e.sub=function(){function t(e,n){return new t.fn.init(e,n)}e.extend(!0,t,this),t.superclass=this,t.fn=t.prototype=this(),t.fn.constructor=t,t.sub=this.sub,t.fn.init=function(r,a){return a&&a instanceof e&&!(a instanceof t)&&(a=t(a)),e.fn.init.call(this,r,a,n)},t.fn.init.prototype=t.fn;var n=t(document);return r("jQuery.sub() is deprecated"),t},e.ajaxSetup({converters:{"text json":e.parseJSON}});var b=e.fn.data;e.fn.data=function(t){var a,i,o=this[0];return!o||"events"!==t||1!==arguments.length||(a=e.data(o,t),i=e._data(o,t),a!==n&&a!==i||i===n)?b.apply(this,arguments):(r("Use of jQuery.fn.data('events') is deprecated"),i)};var j=/\/(java|ecma)script/i,w=e.fn.andSelf||e.fn.addBack;e.fn.andSelf=function(){return r("jQuery.fn.andSelf() replaced by jQuery.fn.addBack()"),w.apply(this,arguments)},e.clean||(e.clean=function(t,a,i,o){a=a||document,a=!a.nodeType&&a[0]||a,a=a.ownerDocument||a,r("jQuery.clean() is deprecated");var s,u,c,l,d=[];if(e.merge(d,e.buildFragment(t,a).childNodes),i)for(c=function(e){return!e.type||j.test(e.type)?o?o.push(e.parentNode?e.parentNode.removeChild(e):e):i.appendChild(e):n},s=0;null!=(u=d[s]);s++)e.nodeName(u,"script")&&c(u)||(i.appendChild(u),u.getElementsByTagName!==n&&(l=e.grep(e.merge([],u.getElementsByTagName("script")),c),d.splice.apply(d,[s+1,0].concat(l)),s+=l.length));return d});var Q=e.event.add,x=e.event.remove,k=e.event.trigger,N=e.fn.toggle,T=e.fn.live,M=e.fn.die,S="ajaxStart|ajaxStop|ajaxSend|ajaxComplete|ajaxError|ajaxSuccess",C=RegExp("\\b(?:"+S+")\\b"),H=/(?:^|\s)hover(\.\S+|)\b/,A=function(t){return"string"!=typeof t||e.event.special.hover?t:(H.test(t)&&r("'hover' pseudo-event is deprecated, use 'mouseenter mouseleave'"),t&&t.replace(H,"mouseenter$1 mouseleave$1"))};e.event.props&&"attrChange"!==e.event.props[0]&&e.event.props.unshift("attrChange","attrName","relatedNode","srcElement"),e.event.dispatch&&a(e.event,"handle",e.event.dispatch,"jQuery.event.handle is undocumented and deprecated"),e.event.add=function(e,t,n,a,i){e!==document&&C.test(t)&&r("AJAX events should be attached to document: "+t),Q.call(this,e,A(t||""),n,a,i)},e.event.remove=function(e,t,n,r,a){x.call(this,e,A(t)||"",n,r,a)},e.fn.error=function(){var e=Array.prototype.slice.call(arguments,0);return r("jQuery.fn.error() is deprecated"),e.splice(0,0,"error"),arguments.length?this.bind.apply(this,e):(this.triggerHandler.apply(this,e),this)},e.fn.toggle=function(t,n){if(!e.isFunction(t)||!e.isFunction(n))return N.apply(this,arguments);r("jQuery.fn.toggle(handler, handler...) is deprecated");var a=arguments,i=t.guid||e.guid++,o=0,s=function(n){var r=(e._data(this,"lastToggle"+t.guid)||0)%o;return e._data(this,"lastToggle"+t.guid,r+1),n.preventDefault(),a[r].apply(this,arguments)||!1};for(s.guid=i;a.length>o;)a[o++].guid=i;return this.click(s)},e.fn.live=function(t,n,a){return r("jQuery.fn.live() is deprecated"),T?T.apply(this,arguments):(e(this.context).on(t,this.selector,n,a),this)},e.fn.die=function(t,n){return r("jQuery.fn.die() is deprecated"),M?M.apply(this,arguments):(e(this.context).off(t,this.selector||"**",n),this)},e.event.trigger=function(e,t,n,a){return n||C.test(e)||r("Global events are undocumented and deprecated"),k.call(this,e,t,n||document,a)},e.each(S.split("|"),function(t,n){e.event.special[n]={setup:function(){var t=this;return t!==document&&(e.event.add(document,n+"."+e.guid,function(){e.event.trigger(n,null,t,!0)}),e._data(this,n,e.guid++)),!1},teardown:function(){return this!==document&&e.event.remove(document,n+"."+e._data(this,n)),!1}}})}(jQuery,window);

//]]>
</script>

<script type='text/javascript'>
//<![CDATA[

/**
 * Coin Slider - Unique jQuery Image Slider
 * @version: 1.0 - (2010/04/04)
 * @requires jQuery v1.2.2 or later 
 * @author Ivan Lazarevic
 * Examples and documentation at: http://workshop.rs/projects/coin-slider/
 
 * Licensed under MIT licence:
 *   http://www.opensource.org/licenses/mit-license.php
**/

(function($){var params=new Array;var order=new Array;var images=new Array;var links=new Array;var linksTarget=new Array;var titles=new Array;var interval=new Array;var imagePos=new Array;var appInterval=new Array;var squarePos=new Array;var reverse=new Array;$.fn.coinslider=$.fn.CoinSlider=function(options){init=function(el){order[el.id]=new Array();images[el.id]=new Array();links[el.id]=new Array();linksTarget[el.id]=new Array();titles[el.id]=new Array();imagePos[el.id]=0;squarePos[el.id]=0;reverse[el.id]=1;params[el.id]=$.extend({},$.fn.coinslider.defaults,options);$.each($('#'+el.id+' img'),function(i,item){images[el.id][i]=$(item).attr('src');links[el.id][i]=$(item).parent().is('a')?$(item).parent().attr('href'):'';linksTarget[el.id][i]=$(item).parent().is('a')?$(item).parent().attr('target'):'';titles[el.id][i]=$(item).next().is('span')?$(item).next().html():'';$(item).hide();$(item).next().hide();});$(el).css({'background-image':'url('+images[el.id][0]+')','width':params[el.id].width,'height':params[el.id].height,'position':'relative','background-position':'top left'}).wrap("<div class='coin-slider' id='coin-slider-"+el.id+"' />");$('#'+el.id).append("<div class='cs-title' id='cs-title-"+el.id+"' style='position: absolute; bottom:0; left: 0; z-index: 1000;'></div>");$.setFields(el);if(params[el.id].navigation)
$.setNavigation(el);$.transition(el,0);$.transitionCall(el);}
$.setFields=function(el){tWidth=sWidth=parseInt(params[el.id].width/params[el.id].spw);tHeight=sHeight=parseInt(params[el.id].height/params[el.id].sph);counter=sLeft=sTop=0;tgapx=gapx=params[el.id].width-params[el.id].spw*sWidth;tgapy=gapy=params[el.id].height-params[el.id].sph*sHeight;for(i=1;i<=params[el.id].sph;i++){gapx=tgapx;if(gapy>0){gapy--;sHeight=tHeight+1;}else{sHeight=tHeight;}
for(j=1;j<=params[el.id].spw;j++){if(gapx>0){gapx--;sWidth=tWidth+1;}else{sWidth=tWidth;}
order[el.id][counter]=i+''+j;counter++;if(params[el.id].links)
$('#'+el.id).append("<a href='"+links[el.id][0]+"' class='cs-"+el.id+"' id='cs-"+el.id+i+j+"' style='width:"+sWidth+"px; height:"+sHeight+"px; float: left; position: absolute;'></a>");else
$('#'+el.id).append("<div class='cs-"+el.id+"' id='cs-"+el.id+i+j+"' style='width:"+sWidth+"px; height:"+sHeight+"px; float: left; position: absolute;'></div>");$("#cs-"+el.id+i+j).css({'background-position':-sLeft+'px '+(-sTop+'px'),'left':sLeft,'top':sTop});sLeft+=sWidth;}
sTop+=sHeight;sLeft=0;}
$('.cs-'+el.id).mouseover(function(){$('#cs-navigation-'+el.id).show();});$('.cs-'+el.id).mouseout(function(){$('#cs-navigation-'+el.id).hide();});$('#cs-title-'+el.id).mouseover(function(){$('#cs-navigation-'+el.id).show();});$('#cs-title-'+el.id).mouseout(function(){$('#cs-navigation-'+el.id).hide();});if(params[el.id].hoverPause){$('.cs-'+el.id).mouseover(function(){params[el.id].pause=true;});$('.cs-'+el.id).mouseout(function(){params[el.id].pause=false;});$('#cs-title-'+el.id).mouseover(function(){params[el.id].pause=true;});$('#cs-title-'+el.id).mouseout(function(){params[el.id].pause=false;});}};$.transitionCall=function(el){clearInterval(interval[el.id]);delay=params[el.id].delay+params[el.id].spw*params[el.id].sph*params[el.id].sDelay;interval[el.id]=setInterval(function(){$.transition(el)},delay);}
$.transition=function(el,direction){if(params[el.id].pause==true)return;$.effect(el);squarePos[el.id]=0;appInterval[el.id]=setInterval(function(){$.appereance(el,order[el.id][squarePos[el.id]])},params[el.id].sDelay);$(el).css({'background-image':'url('+images[el.id][imagePos[el.id]]+')'});if(typeof(direction)=="undefined")
imagePos[el.id]++;else
if(direction=='prev')
imagePos[el.id]--;else
imagePos[el.id]=direction;if(imagePos[el.id]==images[el.id].length){imagePos[el.id]=0;}
if(imagePos[el.id]==-1){imagePos[el.id]=images[el.id].length-1;}
$('.cs-button-'+el.id).removeClass('cs-active');$('#cs-button-'+el.id+"-"+(imagePos[el.id]+1)).addClass('cs-active');if(titles[el.id][imagePos[el.id]]){$('#cs-title-'+el.id).css({'opacity':0}).animate({'opacity':params[el.id].opacity},params[el.id].titleSpeed);$('#cs-title-'+el.id).html(titles[el.id][imagePos[el.id]]);}else{$('#cs-title-'+el.id).css('opacity',0);}};$.appereance=function(el,sid){$('.cs-'+el.id).attr('href',links[el.id][imagePos[el.id]]).attr('target',linksTarget[el.id][imagePos[el.id]]);if(squarePos[el.id]==params[el.id].spw*params[el.id].sph){clearInterval(appInterval[el.id]);return;}
$('#cs-'+el.id+sid).css({opacity:0,'background-image':'url('+images[el.id][imagePos[el.id]]+')'});$('#cs-'+el.id+sid).animate({opacity:1},300);squarePos[el.id]++;};$.setNavigation=function(el){$(el).append("<div id='cs-navigation-"+el.id+"'></div>");$('#cs-navigation-'+el.id).hide();$('#cs-navigation-'+el.id).append("<a href='#' id='cs-prev-"+el.id+"' class='cs-prev'>prev</a>");$('#cs-navigation-'+el.id).append("<a href='#' id='cs-next-"+el.id+"' class='cs-next'>next</a>");$('#cs-prev-'+el.id).css({'position':'absolute','top':params[el.id].height/2-15,'left':0,'z-index':1001,'line-height':'30px','opacity':params[el.id].opacity}).click(function(e){e.preventDefault();$.transition(el,'prev');$.transitionCall(el);}).mouseover(function(){$('#cs-navigation-'+el.id).show()});$('#cs-next-'+el.id).css({'position':'absolute','top':params[el.id].height/2-15,'right':0,'z-index':1001,'line-height':'30px','opacity':params[el.id].opacity}).click(function(e){e.preventDefault();$.transition(el);$.transitionCall(el);}).mouseover(function(){$('#cs-navigation-'+el.id).show()});$("<div id='cs-buttons-"+el.id+"' class='cs-buttons'></div>").appendTo($('#coin-slider-'+el.id));for(k=1;k<images[el.id].length+1;k++){$('#cs-buttons-'+el.id).append("<a href='#' class='cs-button-"+el.id+"' id='cs-button-"+el.id+"-"+k+"'>"+k+"</a>");}
$.each($('.cs-button-'+el.id),function(i,item){$(item).click(function(e){$('.cs-button-'+el.id).removeClass('cs-active');$(this).addClass('cs-active');e.preventDefault();$.transition(el,i);$.transitionCall(el);})});$('#cs-navigation-'+el.id+' a').mouseout(function(){$('#cs-navigation-'+el.id).hide();params[el.id].pause=false;});$("#cs-buttons-"+el.id).css({'left':'50%','margin-left':-images[el.id].length*15/2-5,'position':'relative'});}
$.effect=function(el){effA=['random','swirl','rain','straight'];if(params[el.id].effect=='')
eff=effA[Math.floor(Math.random()*(effA.length))];else
eff=params[el.id].effect;order[el.id]=new Array();if(eff=='random'){counter=0;for(i=1;i<=params[el.id].sph;i++){for(j=1;j<=params[el.id].spw;j++){order[el.id][counter]=i+''+j;counter++;}}
$.random(order[el.id]);}
if(eff=='rain'){$.rain(el);}
if(eff=='swirl')
$.swirl(el);if(eff=='straight')
$.straight(el);reverse[el.id]*=-1;if(reverse[el.id]>0){order[el.id].reverse();}}
$.random=function(arr){var i=arr.length;if(i==0)return false;while(--i){var j=Math.floor(Math.random()*(i+1));var tempi=arr[i];var tempj=arr[j];arr[i]=tempj;arr[j]=tempi;}}
$.swirl=function(el){var n=params[el.id].sph;var m=params[el.id].spw;var x=1;var y=1;var going=0;var num=0;var c=0;var dowhile=true;while(dowhile){num=(going==0||going==2)?m:n;for(i=1;i<=num;i++){order[el.id][c]=x+''+y;c++;if(i!=num){switch(going){case 0:y++;break;case 1:x++;break;case 2:y--;break;case 3:x--;break;}}}
going=(going+1)%4;switch(going){case 0:m--;y++;break;case 1:n--;x++;break;case 2:m--;y--;break;case 3:n--;x--;break;}
check=$.max(n,m)-$.min(n,m);if(m<=check&&n<=check)
dowhile=false;}}
$.rain=function(el){var n=params[el.id].sph;var m=params[el.id].spw;var c=0;var to=to2=from=1;var dowhile=true;while(dowhile){for(i=from;i<=to;i++){order[el.id][c]=i+''+parseInt(to2-i+1);c++;}
to2++;if(to<n&&to2<m&&n<m){to++;}
if(to<n&&n>=m){to++;}
if(to2>m){from++;}
if(from>to)dowhile=false;}}
$.straight=function(el){counter=0;for(i=1;i<=params[el.id].sph;i++){for(j=1;j<=params[el.id].spw;j++){order[el.id][counter]=i+''+j;counter++;}}}
$.min=function(n,m){if(n>m)return m;else return n;}
$.max=function(n,m){if(n<m)return m;else return n;}
this.each(function(){init(this);});};$.fn.coinslider.defaults={width:565,height:290,spw:7,sph:5,delay:3000,sDelay:30,opacity:0.7,titleSpeed:500,effect:'',navigation:true,links:true,hoverPause:true};})(jQuery);

//]]>
</script>

<script type='text/javascript'>
//<![CDATA[

jQuery.noConflict();
jQuery(document).ready(function() {
  jQuery('#coin-slider').coinslider({ width: 935, height: 258,  delay: 2500, titleSpeed: 500 });
  jQuery( ".sidebarrightnbt .widget" ).before( "<div class='widgettopnbt'></div>" );
  jQuery( ".sidebarrightnbt .widget" ).after( "<div class='widgetbotnbt'></div>" );
});

//]]>
</script>

<script type='text/javascript'>
//<![CDATA[

function showrecentcomments(json){for(var i=0;i<a_rc;i++){var b_rc=json.feed.entry[i];var c_rc;if(i==json.feed.entry.length)break;for(var k=0;k<b_rc.link.length;k++){if(b_rc.link[k].rel=='alternate'){c_rc=b_rc.link[k].href;break;}}c_rc=c_rc.replace("#","#comment-");var d_rc=c_rc.split("#");d_rc=d_rc[0];var e_rc=d_rc.split("/");e_rc=e_rc[5];e_rc=e_rc.split(".html");e_rc=e_rc[0];var f_rc=e_rc.replace(/-/g," ");f_rc=f_rc.link(d_rc);var g_rc=b_rc.published.$t;var h_rc=g_rc.substring(0,4);var i_rc=g_rc.substring(5,7);var j_rc=g_rc.substring(8,10);var k_rc=new Array();k_rc[1]="Jan";k_rc[2]="Feb";k_rc[3]="Mar";k_rc[4]="Apr";k_rc[5]="May";k_rc[6]="Jun";k_rc[7]="Jul";k_rc[8]="Aug";k_rc[9]="Sep";k_rc[10]="Oct";k_rc[11]="Nov";k_rc[12]="Dec";if("content" in b_rc){var l_rc=b_rc.content.$t;}else if("summary" in b_rc){var l_rc=b_rc.summary.$t;}else var l_rc="";var re=/<\S[^>]*>/g;l_rc=l_rc.replace(re,"");if(m_rc==true)document.write('On '+k_rc[parseInt(i_rc,10)]+' '+j_rc+' ');document.write('<a href="'+c_rc+'">'+b_rc.author[0].name.$t+'</a> commented');if(n_rc==true)document.write(' on '+f_rc);document.write(': ');if(l_rc.length<o_rc){document.write('<i>&#8220;');document.write(l_rc);document.write('&#8221;</i><br/><br/>');}else{document.write('<i>&#8220;');l_rc=l_rc.substring(0,o_rc);var p_rc=l_rc.lastIndexOf(" ");l_rc=l_rc.substring(0,p_rc);document.write(l_rc+'&hellip;&#8221;</i>');document.write('<br/><br/>');}}}

function rp(json){document.write('<ul>');for(var i=0;i<numposts;i++){document.write('<li>');var entry=json.feed.entry[i];var posttitle=entry.title.$t;var posturl;if(i==json.feed.entry.length)break;for(var k=0;k<entry.link.length;k++){if(entry.link[k].rel=='alternate'){posturl=entry.link[k].href;break}}posttitle=posttitle.link(posturl);var readmorelink="(more)";readmorelink=readmorelink.link(posturl);var postdate=entry.published.$t;var cdyear=postdate.substring(0,4);var cdmonth=postdate.substring(5,7);var cdday=postdate.substring(8,10);var monthnames=new Array();monthnames[1]="Jan";monthnames[2]="Feb";monthnames[3]="Mar";monthnames[4]="Apr";monthnames[5]="May";monthnames[6]="Jun";monthnames[7]="Jul";monthnames[8]="Aug";monthnames[9]="Sep";monthnames[10]="Oct";monthnames[11]="Nov";monthnames[12]="Dec";if("content"in entry){var postcontent=entry.content.$t}else if("summary"in entry){var postcontent=entry.summary.$t}else var postcontent="";var re=/<\S[^>]*>/g;postcontent=postcontent.replace(re,"");document.write(posttitle);if(showpostdate==true)document.write(' - '+monthnames[parseInt(cdmonth,10)]+' '+cdday);if(showpostsummary==true){if(postcontent.length<numchars){document.write(postcontent)}else{postcontent=postcontent.substring(0,numchars);var quoteEnd=postcontent.lastIndexOf(" ");postcontent=postcontent.substring(0,quoteEnd);document.write(postcontent+'...'+readmorelink)}}document.write('</li>')}document.write('</ul>')}

//]]>
</script>

<script type='text/javascript'>
summary_noimg = 400;
summary_img = 300;
img_thumb_height = 150;
img_thumb_width = 200; 
</script>
<script type='text/javascript'>
//<![CDATA[

function removeHtmlTag(strx,chop){ 
	if(strx.indexOf("<")!=-1)
	{
		var s = strx.split("<"); 
		for(var i=0;i<s.length;i++){ 
			if(s[i].indexOf(">")!=-1){ 
				s[i] = s[i].substring(s[i].indexOf(">")+1,s[i].length); 
			} 
		} 
		strx =  s.join(""); 
	}
	chop = (chop < strx.length-1) ? chop : strx.length-2; 
	while(strx.charAt(chop-1)!=' ' && strx.indexOf(' ',chop)!=-1) chop++; 
	strx = strx.substring(0,chop-1); 
	return strx+'...'; 
}

function createSummaryAndThumb(pID){
	var div = document.getElementById(pID);
	var imgtag = "";
	var img = div.getElementsByTagName("img");
	var summ = summary_noimg;
	if(img.length>=1) {	
		imgtag = '<img src="'+img[0].src+'" class="pbtthumbimg"/>';
		summ = summary_img;
	}
	
	var summary = imgtag + '<div>' + removeHtmlTag(div.innerHTML,summ) + '</div>';
	div.innerHTML = summary;
}

//]]>
</script>

</head>

<body>
<div id='mainwrapnbt'>
<div id='headernbt'>

<div id='topnbt'>

<!-- TOP MENU -->
<ul class='topmenunbt'>
  <li><a href='#'>Home</a></li>
  <li><a href='#'>Portfolio</a></li>
  <li><a href='#'>Themes</a></li>
  <li><a href='#'>Tutorials</a></li>
  <li><a href='#'>Marketing</a></li>
  <li><a href='#'>Contact</a></li>
  <li><a href='#'>About</a></li>
  <li><a href='#'>Custom Themes</a></li>
</ul>
<!-- END TOP MENU -->

<div id='topsocnbt'>
<a href='http://twitter.com/' target='_blank'><img alt='Twitter' src='http://1.bp.blogspot.com/-tLOdCdFwBXw/U8iX_exEUqI/AAAAAAAALpY/7BcWFjPggaA/s1600/twitter.png' title='Twitter'/></a>
<a href='http://facebook.com/' target='_blank'><img alt='Facebook' src='http://1.bp.blogspot.com/-nv46iRQK3X4/U8iX4shPe9I/AAAAAAAALnM/nYuMF8B-Mvo/s1600/facebook.png' title='Facebook'/></a>
<a href='https://plus.google.com/' target='_blank'><img alt='Google Plus' src='http://1.bp.blogspot.com/-zHK_1k86vWY/U8iX5rrgKmI/AAAAAAAALng/p2zFsZEofAw/s1600/google.png' title='Google Plus'/></a>
<a href='http://instagram.com/' target='_blank'><img alt='Instagram' src='http://2.bp.blogspot.com/-9qHtPdtA-gE/U8iX531XNwI/AAAAAAAALnk/6wD_u6wtZhs/s1600/instagram.png' title='Instagram'/></a>
<a expr:href='data:blog.homepageUrl + &quot;feeds/posts/default&quot;' target='_blank'><img alt='RSS Feed' src='http://4.bp.blogspot.com/-gaY23lvGKgY/U8iX74xUO8I/AAAAAAAALoM/wjdRu1yErfY/s1600/rss.png' title='RSS Feed'/></a>
<a href='mailto:your@email.com' target='_blank'><img alt='Email' src='http://3.bp.blogspot.com/-V6TDR3wxbxA/U8iX6Z0eCAI/AAAAAAAALns/DKqXbbxJrMY/s1600/mail.png' title='Email'/></a>
</div>

</div>

<div id='blogtitlenbt'>
<b:section class='headersec' id='headersec' maxwidgets='1' showaddelement='no'>
  <b:widget id='Header1' locked='true' title='DailyTribune (Header)' type='Header'>
    <b:includable id='main'>
  <b:if cond='data:useImage'>
    <b:if cond='data:imagePlacement == &quot;REPLACE&quot;'>
      <!--Show just the image, no text-->
      <div id='header-inner'>
        <a expr:href='data:blog.homepageUrl' style='display: block'>
          <img expr:alt='data:title' expr:height='data:height' expr:id='data:widget.instanceId + &quot;_headerimg&quot;' expr:src='data:sourceUrl' expr:width='data:width' style='display: block;padding-left:0px;padding-top:0px;'/>
        </a>
      </div>
    <b:else/>
      <!--
      Show image as background to text. You can't really calculate the width
      reliably in JS because margins are not taken into account by any of
      clientWidth, offsetWidth or scrollWidth, so we don't force a minimum
      width if the user is using shrink to fit.
      This results in a margin-width's worth of pixels being cropped. If the
      user is not using shrink to fit then we expand the header.
      -->
      <div expr:style='&quot;background-image: url(\&quot;&quot; + data:sourceUrl + &quot;\&quot;); &quot;                      + &quot;background-position: &quot;                      + data:backgroundPositionStyleStr + &quot;; &quot;                      + data:widthStyleStr                      + &quot;min-height: &quot; + data:height + &quot;px;&quot;                      + &quot;_height: &quot; + data:height + &quot;px;&quot;                      + &quot;background-repeat: no-repeat; &quot;' id='header-inner'>
        <div class='titlewrapper' style='background: transparent'>
          <h1 class='site-titlenbt' style='background: transparent; border-width: 0px'>
            <b:include name='title'/>
          </h1>
        </div>
        <b:include name='description'/>
      </div>
    </b:if>
  <b:else/>
    <!--No header image -->
    <div id='header-inner'>
      <div class='titlewrapper'>
        <h1 class='site-titlenbt'>
          <b:include name='title'/>
        </h1>
      </div>
      <b:include name='description'/>
    </div>
  </b:if>
</b:includable>
    <b:includable id='description'>
    <div class='site-descriptionnbt'><data:description/></div>
</b:includable>
    <b:includable id='title'>
<a expr:href='data:blog.homepageUrl'><data:title/></a>
</b:includable>
  </b:widget>
</b:section>
</div>

<!-- HEADER MENU -->
<div id='nav2nbt'>
<ul class='menuheadernbt'>
  <li><a href='#'>Home</a></li>
  <li><a href='#'>Categorized</a></li>
  <li><a href='#'>Featured</a></li>
  <li><a href='#'>Typography</a></li>
  <li><a href='#'>Uncategorized</a></li>
</ul>
</div>
<!-- END HEADER MENU -->

</div>

<div id='contentwrap'>
<div id='cbgnbt'>
<b:section class='mainblogsec' id='mainblogsec' showaddelement='no'>
  <b:widget id='Blog1' locked='true' title='Blog Posts' type='Blog'>
    <b:includable id='main' var='top'>
  <b:if cond='data:mobile == &quot;false&quot;'>

    <!-- posts -->
    <div class='blog-posts hfeed'>

      <b:include data='top' name='status-message'/>

      <data:defaultAdStart/>
      <b:loop values='data:posts' var='post'>
        <b:if cond='data:post.isDateStart'>
          <b:if cond='data:post.isFirstPost == &quot;false&quot;'>
            &lt;/div&gt;&lt;/div&gt;
          </b:if>
        </b:if>
        <b:if cond='data:post.isDateStart'>
          &lt;div class=&quot;date-outer&quot;&gt;
        </b:if>
        <b:if cond='data:post.dateHeader'>
          <h2 class='date-header'><span><data:post.dateHeader/></span></h2>
        </b:if>
        <b:if cond='data:post.isDateStart'>
          &lt;div class=&quot;date-posts&quot;&gt;
        </b:if>
        <div class='post-outer'>
        <b:include data='post' name='post'/>
<b:if cond='data:blog.pageType == &quot;static_page&quot;'>
  <b:include data='post' name='comment_picker'/>
</b:if>
<b:if cond='data:blog.pageType == &quot;item&quot;'>
  <b:include data='post' name='comment_picker'/>
</b:if>
        </div>
        <b:if cond='data:post.includeAd'>
          <b:if cond='data:post.isFirstPost'>
            <data:defaultAdEnd/>
          <b:else/>
            <data:adEnd/>
          </b:if>
          <div class='inline-ad'>
            <data:adCode/>
          </div>
          <data:adStart/>
        </b:if>
      </b:loop>
      <b:if cond='data:numPosts != 0'>
        &lt;/div&gt;&lt;/div&gt;
      </b:if>
      <data:adEnd/>
    </div>

<div style='clear: both;'/>
<b:if cond='data:blog.pageType != &quot;item&quot;'>
<!-- navigation -->
<b:include name='nextprev'/>
</b:if>

    <!-- feed links -->
    <b:include name='feedLinks'/>

    <b:if cond='data:top.showStars'>
      <script src='//www.google.com/jsapi' type='text/javascript'/>
      <script type='text/javascript'>
        google.load(&quot;annotations&quot;, &quot;1&quot;, {&quot;locale&quot;: &quot;<data:top.languageCode/>&quot;});
        function initialize() {
          google.annotations.setApplicationId(<data:top.blogspotReviews/>);
          google.annotations.createAll();
          google.annotations.fetch();
        }
        google.setOnLoadCallback(initialize);
      </script>
    </b:if>

  <b:else/>
    <b:include name='mobile-main'/>
  </b:if>

  <b:if cond='data:top.showDummy'>
    <data:top.dummyBootstrap/>
  </b:if>

</b:includable>
    <b:includable id='backlinkDeleteIcon' var='backlink'>
  <span expr:class='&quot;item-control &quot; + data:backlink.adminClass'>
    <a expr:href='data:backlink.deleteUrl' expr:title='data:top.deleteBacklinkMsg'>
      <img src='//www.blogger.com/img/icon_delete13.gif'/>
    </a>
  </span>
</b:includable>
    <b:includable id='backlinks' var='post'>
  <a name='links'/><h4><data:post.backlinksLabel/></h4>
  <b:if cond='data:post.numBacklinks != 0'>
    <dl class='comments-block' id='comments-block'>
      <b:loop values='data:post.backlinks' var='backlink'>
        <div class='collapsed-backlink backlink-control'>
          <dt class='comment-title'>
            <span class='backlink-toggle-zippy'>&#160;</span>
            <a expr:href='data:backlink.url' rel='nofollow'><data:backlink.title/></a>
            <b:include data='backlink' name='backlinkDeleteIcon'/>
          </dt>
          <dd class='comment-body collapseable'>
            <data:backlink.snippet/>
          </dd>
          <dd class='comment-footer collapseable'>
            <span class='comment-author'><data:post.authorLabel/> <data:backlink.author/></span>
            <span class='comment-timestamp'><data:post.timestampLabel/> <data:backlink.timestamp/></span>
          </dd>
        </div>
      </b:loop>
    </dl>
  </b:if>
  <p class='comment-footer'>
    <a class='comment-link' expr:href='data:post.createLinkUrl' expr:id='data:widget.instanceId + &quot;_backlinks-create-link&quot;' target='_blank'><data:post.createLinkLabel/></a>
  </p>
</b:includable>
    <b:includable id='comment-form' var='post'>
  <div class='comment-form'>
    <a name='comment-form'/>
    <b:if cond='data:mobile'>
      <h4 id='comment-post-message'>
        <a expr:id='data:widget.instanceId + &quot;_comment-editor-toggle-link&quot;' href='javascript:void(0)'><data:postCommentMsg/></a></h4>
      <p><data:blogCommentMessage/></p>
      <data:blogTeamBlogMessage/>
      <a expr:href='data:post.commentFormIframeSrc' id='comment-editor-src'/>
      <iframe allowtransparency='true' class='blogger-iframe-colorize blogger-comment-from-post' frameborder='0' height='410' id='comment-editor' name='comment-editor' src='' style='display: none' width='100%'/>
    <b:else/>
      <h4 id='comment-post-message'><data:postCommentMsg/></h4>
      <p><data:blogCommentMessage/></p>
      <data:blogTeamBlogMessage/>
      <a expr:href='data:post.commentFormIframeSrc' id='comment-editor-src'/>
      <iframe allowtransparency='true' class='blogger-iframe-colorize blogger-comment-from-post' frameborder='0' height='410' id='comment-editor' name='comment-editor' src='' width='100%'/>
    </b:if>
    <data:post.friendConnectJs/>
    <data:post.cmtfpIframe/>
    <script type='text/javascript'>
      BLOG_CMT_createIframe(&#39;<data:post.appRpcRelayPath/>&#39;, &#39;<data:post.communityId/>&#39;);
    </script>
  </div>
</b:includable>
    <b:includable id='commentDeleteIcon' var='comment'>
  <span expr:class='&quot;item-control &quot; + data:comment.adminClass'>
    <b:if cond='data:showCmtPopup'>
      <div class='goog-toggle-button'>
        <div class='goog-inline-block comment-action-icon'/>
      </div>
    <b:else/>
      <a class='comment-delete' expr:href='data:comment.deleteUrl' expr:title='data:top.deleteCommentMsg'>
        <img src='//www.blogger.com/img/icon_delete13.gif'/>
      </a>
    </b:if>
  </span>
</b:includable>
    <b:includable id='comment_count_picker' var='post'>
  <b:if cond='data:post.commentSource == 1'>
    <span class='cmt_count_iframe_holder' expr:data-count='data:post.numComments' expr:data-onclick='data:post.addCommentOnclick' expr:data-post-url='data:post.url' expr:data-url='data:post.canonicalUrl'>
    </span>
  <b:else/>
    <a class='comment-link' expr:href='data:post.addCommentUrl' expr:onclick='data:post.addCommentOnclick'>
      <data:post.commentLabelFull/>:
    </a>
  </b:if>
</b:includable>
    <b:includable id='comment_picker' var='post'>
  <b:if cond='data:post.commentSource == 1'>
    <b:include data='post' name='iframe_comments'/>
  <b:else/>
    <b:if cond='data:post.showThreadedComments'>
      <b:include data='post' name='threaded_comments'/>
    <b:else/>
      <b:include data='post' name='comments'/>
    </b:if>
  </b:if>
</b:includable>
    <b:includable id='comments' var='post'>
  <div class='comments' id='comments'>
    <a name='comments'/>
    <b:if cond='data:post.allowComments'>
      <h4>
        <b:if cond='data:post.numComments == 1'>
          1 <data:commentLabel/>:
        <b:else/>
          <data:post.numComments/> <data:commentLabelPlural/>:
        </b:if>
      </h4>

      <b:if cond='data:post.commentPagingRequired'>
        <span class='paging-control-container'>
          <a expr:class='data:post.oldLinkClass' expr:href='data:post.oldestLinkUrl'><data:post.oldestLinkText/></a>
          &#160;
          <a expr:class='data:post.oldLinkClass' expr:href='data:post.olderLinkUrl'><data:post.olderLinkText/></a>
          &#160;
          <data:post.commentRangeText/>
          &#160;
          <a expr:class='data:post.newLinkClass' expr:href='data:post.newerLinkUrl'><data:post.newerLinkText/></a>
          &#160;
          <a expr:class='data:post.newLinkClass' expr:href='data:post.newestLinkUrl'><data:post.newestLinkText/></a>
        </span>
      </b:if>

      <div expr:id='data:widget.instanceId + &quot;_comments-block-wrapper&quot;'>
        <dl expr:class='data:post.avatarIndentClass' id='comments-block'>
          <b:loop values='data:post.comments' var='comment'>
            <dt expr:class='&quot;comment-author &quot; + data:comment.authorClass' expr:id='data:comment.anchorName'>
              <b:if cond='data:comment.favicon'>
                <img expr:src='data:comment.favicon' height='16px' style='margin-bottom:-2px;' width='16px'/>
              </b:if>
              <a expr:name='data:comment.anchorName'/>
              <b:if cond='data:blog.enabledCommentProfileImages'>
                <data:comment.authorAvatarImage/>
              </b:if>
              <b:if cond='data:comment.authorUrl'>
                <a expr:href='data:comment.authorUrl' rel='nofollow'><data:comment.author/></a>
              <b:else/>
                <data:comment.author/>
              </b:if>
              <data:commentPostedByMsg/>
            </dt>
            <dd class='comment-body' expr:id='data:widget.instanceId + data:comment.cmtBodyIdPostfix'>
              <b:if cond='data:comment.isDeleted'>
                <span class='deleted-comment'><data:comment.body/></span>
              <b:else/>
                <p>
                  <data:comment.body/>
                </p>
              </b:if>
            </dd>
            <dd class='comment-footer'>
              <span class='comment-timestamp'>
                <a expr:href='data:comment.url' title='comment permalink'>
                  <data:comment.timestamp/>
                </a>
                <b:include data='comment' name='commentDeleteIcon'/>
              </span>
            </dd>
          </b:loop>
        </dl>
      </div>

      <b:if cond='data:post.commentPagingRequired'>
        <span class='paging-control-container'>
          <a expr:class='data:post.oldLinkClass' expr:href='data:post.oldestLinkUrl'>
            <data:post.oldestLinkText/>
          </a>
          <a expr:class='data:post.oldLinkClass' expr:href='data:post.olderLinkUrl'>
            <data:post.olderLinkText/>
          </a>
          &#160;
          <data:post.commentRangeText/>
          &#160;
          <a expr:class='data:post.newLinkClass' expr:href='data:post.newerLinkUrl'>
            <data:post.newerLinkText/>
          </a>
          <a expr:class='data:post.newLinkClass' expr:href='data:post.newestLinkUrl'>
            <data:post.newestLinkText/>
          </a>
        </span>
      </b:if>

      <p class='comment-footer'>
        <b:if cond='data:post.embedCommentForm'>
          <b:if cond='data:post.allowNewComments'>
            <b:include data='post' name='comment-form'/>
          <b:else/>
            <data:post.noNewCommentsText/>
          </b:if>
        <b:else/>
          <b:if cond='data:post.allowComments'>
            <a expr:href='data:post.addCommentUrl' expr:onclick='data:post.addCommentOnclick'><data:postCommentMsg/></a>
          </b:if>
        </b:if>

      </p>
    </b:if>
    <b:if cond='data:showCmtPopup'>
      <div id='comment-popup'>
        <iframe allowtransparency='true' frameborder='0' id='comment-actions' name='comment-actions' scrolling='no'>
        </iframe>
      </div>
    </b:if>

    <div id='backlinks-container'>
    <div expr:id='data:widget.instanceId + &quot;_backlinks-container&quot;'>
       <b:if cond='data:post.showBacklinks'>
         <b:include data='post' name='backlinks'/>
       </b:if>
    </div>
    </div>
  </div>
</b:includable>
    <b:includable id='feedLinks'>
  <b:if cond='data:blog.pageType != &quot;item&quot;'> <!-- Blog feed links -->
    <b:if cond='data:feedLinks'>
      <div class='blog-feeds'>
        <b:include data='feedLinks' name='feedLinksBody'/>
      </div>
    </b:if>

    <b:else/> <!--Post feed links -->
    <div class='post-feeds'>
      <b:loop values='data:posts' var='post'>
        <b:if cond='data:post.allowComments'>
          <b:if cond='data:post.feedLinks'>
            <b:include data='post.feedLinks' name='feedLinksBody'/>
          </b:if>
        </b:if>
      </b:loop>
    </div>
  </b:if>
</b:includable>
    <b:includable id='feedLinksBody' var='links'>
  <div class='feed-links'>
  <data:feedLinksMsg/>
  <b:loop values='data:links' var='f'>
     <a class='feed-link' expr:href='data:f.url' expr:type='data:f.mimeType' target='_blank'><data:f.name/> (<data:f.feedType/>)</a>
  </b:loop>
  </div>
</b:includable>
    <b:includable id='iframe_comments' var='post'>

  <b:if cond='data:post.allowComments'>
    <script expr:src='data:post.commentSrc' type='text/javascript'/>
    <div class='cmt_iframe_holder'/>

    <b:if cond='data:post.embedCommentForm == &quot;false&quot;'>
      <a expr:href='data:post.addCommentUrl' expr:onclick='data:post.addCommentOnclick'><data:postCommentMsg/></a>
    </b:if>
  </b:if>
</b:includable>
    <b:includable id='mobile-index-post' var='post'>
  <div class='mobile-date-outer date-outer'>
    <b:if cond='data:post.dateHeader'>
      <div class='date-header'>
        <span><data:post.dateHeader/></span>
      </div>
    </b:if>

    <div class='mobile-post-outer'>
      <a expr:href='data:post.url'>
        <h3 class='mobile-index-title entry-title'>
          <data:post.title/>
        </h3>

        <div class='mobile-index-arrow'>&amp;rsaquo;</div>

        <div class='mobile-index-contents'>
          <b:if cond='data:post.thumbnailUrl'>
            <div class='mobile-index-thumbnail'>
              <div class='Image'>
                <img expr:src='data:post.thumbnailUrl'/>
              </div>
            </div>
          </b:if>

          <div class='post-body'>
            <b:if cond='data:post.snippet'><data:post.snippet/></b:if>
          </div>
        </div>

        <div style='clear: both;'/>
      </a>

      <div class='mobile-index-comment'>
        <b:if cond='data:blog.pageType != &quot;static_page&quot;'>
          <b:if cond='data:post.allowComments'>
            <b:if cond='data:post.numComments != 0'>
              <a class='comment-link' expr:href='data:post.addCommentUrl' expr:onclick='data:post.addCommentOnclick'><b:if cond='data:post.numComments == 1'>1 <data:top.commentLabel/><b:else/><data:post.numComments/> <data:top.commentLabelPlural/></b:if></a>
            </b:if>
          </b:if>
        </b:if>
      </div>
    </div>
  </div>
</b:includable>
    <b:includable id='mobile-main' var='top'>
    <!-- posts -->
    <div class='blog-posts hfeed'>

      <b:include data='top' name='status-message'/>

      <b:if cond='data:blog.pageType == &quot;index&quot;'>
        <b:loop values='data:posts' var='post'>
          <b:include data='post' name='mobile-index-post'/>
        </b:loop>
      <b:else/>
        <b:loop values='data:posts' var='post'>
          <b:include data='post' name='mobile-post'/>
        </b:loop>
      </b:if>
    </div>

   <b:include name='mobile-nextprev'/>
</b:includable>
    <b:includable id='mobile-nextprev'>
  <div class='blog-pager' id='blog-pager'>
    <b:if cond='data:newerPageUrl'>
      <div class='mobile-link-button' id='blog-pager-newer-link'>
      <a class='blog-pager-newer-link' expr:href='data:newerPageUrl' expr:id='data:widget.instanceId + &quot;_blog-pager-newer-link&quot;' expr:title='data:newerPageTitle'>&amp;lsaquo;</a>
      </div>
    </b:if>

    <b:if cond='data:olderPageUrl'>
      <div class='mobile-link-button' id='blog-pager-older-link'>
      <a class='blog-pager-older-link' expr:href='data:olderPageUrl' expr:id='data:widget.instanceId + &quot;_blog-pager-older-link&quot;' expr:title='data:olderPageTitle'>&amp;rsaquo;</a>
      </div>
    </b:if>

    <div class='mobile-link-button' id='blog-pager-home-link'>
    <a class='home-link' expr:href='data:blog.homepageUrl'><data:homeMsg/></a>
    </div>

    <div class='mobile-desktop-link'>
      <a class='home-link' expr:href='data:desktopLinkUrl'><data:desktopLinkMsg/></a>
    </div>

  </div>
  <div class='clear'/>
</b:includable>
    <b:includable id='mobile-post' var='post'>
  <div class='date-outer'>
    <b:if cond='data:post.dateHeader'>
      <h2 class='date-header'><span><data:post.dateHeader/></span></h2>
    </b:if>
    <div class='date-posts'>
      <div class='post-outer'>

        <div class='post hentry uncustomized-post-template'>
          <a expr:name='data:post.id'/>
          <b:if cond='data:post.title'>
            <h3 class='post-title entry-title'>
              <b:if cond='data:post.link'>
                <a expr:href='data:post.link'><data:post.title/></a>
              <b:else/>
                <b:if cond='data:post.url'>
                  <b:if cond='data:blog.url != data:post.url'>
                    <a expr:href='data:post.url'><data:post.title/></a>
                  <b:else/>
                    <data:post.title/>
                  </b:if>
                <b:else/>
                  <data:post.title/>
                </b:if>
              </b:if>
            </h3>
          </b:if>

          <div class='post-header'>
            <div class='post-header-line-1'/>
          </div>

          <div class='post-body entry-content' expr:id='&quot;post-body-&quot; + data:post.id'>
            <data:post.body/>
            <div style='clear: both;'/> <!-- clear for photos floats -->
          </div>

          <div class='post-footer'>
            <div class='post-footer-line post-footer-line-1'>
              <span class='post-author vcard'>
                <b:if cond='data:top.showAuthor'>
                  <b:if cond='data:post.authorProfileUrl'>
                    <span class='fn'>
                      <a expr:href='data:post.authorProfileUrl' rel='author' title='author profile'>
                        <data:post.author/>
                      </a>
                    </span>
                  <b:else/>
                    <span class='fn'><data:post.author/></span>
                  </b:if>
                </b:if>
              </span>

              <span class='post-timestamp'>
                <b:if cond='data:top.showTimestamp'>
                  <data:top.timestampLabel/>
                  <b:if cond='data:post.url'>
                    <a class='timestamp-link' expr:href='data:post.url' rel='bookmark' title='permanent link'><abbr class='published' expr:title='data:post.timestampISO8601'><data:post.timestamp/></abbr></a>
                  </b:if>
                </b:if>
              </span>

              <span class='post-comment-link'>
                <b:if cond='data:blog.pageType != &quot;item&quot;'>
                  <b:if cond='data:blog.pageType != &quot;static_page&quot;'>
                    <b:if cond='data:post.allowComments'>
                      <a class='comment-link' expr:href='data:post.addCommentUrl' expr:onclick='data:post.addCommentOnclick'><b:if cond='data:post.numComments == 1'>1 <data:top.commentLabel/><b:else/><data:post.numComments/> <data:top.commentLabelPlural/></b:if></a>
                    </b:if>
                  </b:if>
                </b:if>
              </span>
            </div>

            <div class='post-footer-line post-footer-line-2'>
              <b:if cond='data:top.showMobileShare'>
                <div class='mobile-link-button goog-inline-block' id='mobile-share-button'>
                  <a href='javascript:void(0);'><data:shareMsg/></a>
                </div>
              </b:if>
              <b:if cond='data:top.showDummy'>
                <div class='goog-inline-block dummy-container'><data:post.dummyTag/></div>
              </b:if>
            </div>

          </div>
        </div>

<b:if cond='data:blog.pageType == &quot;static_page&quot;'>
  <b:include data='post' name='comment_picker'/>
</b:if>
<b:if cond='data:blog.pageType == &quot;item&quot;'>
  <b:include data='post' name='comment_picker'/>
</b:if>
      </div>
    </div>
  </div>
</b:includable>
    <b:includable id='nextprev'>
  <div class='blog-pager' id='blog-pager'>
    <b:if cond='data:newerPageUrl'>
      <span id='blog-pager-newer-link'>
      <a class='blog-pager-newer-link' expr:href='data:newerPageUrl' expr:id='data:widget.instanceId + &quot;_blog-pager-newer-link&quot;' expr:title='data:newerPageTitle'><data:newerPageTitle/></a>
      </span>
    </b:if>

    <b:if cond='data:olderPageUrl'>
      <span id='blog-pager-older-link'>
      <a class='blog-pager-older-link' expr:href='data:olderPageUrl' expr:id='data:widget.instanceId + &quot;_blog-pager-older-link&quot;' expr:title='data:olderPageTitle'><data:olderPageTitle/></a>
      </span>
    </b:if>

    <a class='home-link' expr:href='data:blog.homepageUrl'><data:homeMsg/></a>

    <b:if cond='data:mobileLinkUrl'>
      <div class='blog-mobile-link'>
        <a expr:href='data:mobileLinkUrl'><data:mobileLinkMsg/></a>
      </div>
    </b:if>

  </div>
  <div class='clear'/>
</b:includable>
    <b:includable id='post' var='post'>
<div class='post hentry' itemprop='blogPost' itemscope='itemscope' itemtype='http://schema.org/BlogPosting'>
<b:if cond='data:post.firstImageUrl'>
  <meta expr:content='data:post.firstImageUrl' itemprop='image'/>
</b:if>
<a expr:name='data:post.id'/>
	
<div class='entry-header'>
      <h2 class='post-title entry-title' itemprop='name'>
     <b:if cond='data:post.link'>
       <a expr:href='data:post.link'><data:post.title/></a>
     <b:else/>
        <b:if cond='data:post.url'>
          <a expr:href='data:post.url'><data:post.title/></a>
        <b:else/>
          <data:post.title/>
        </b:if>
     </b:if>
      </h2>
</div>

<b:if cond='data:blog.pageType != &quot;static_page&quot;'>
<div class='postmetanbt'>
<b:if cond='data:top.showAuthor'><span class='authornbt'><span class='post-author vcard'><b:if cond='data:post.authorProfileUrl'><span class='fn' itemprop='author' itemscope='itemscope' itemtype='http://schema.org/Person'><meta expr:content='data:post.authorProfileUrl' itemprop='url'/><a class='g-profile' expr:href='data:post.authorProfileUrl' rel='author' title='author profile'><span itemprop='name'><data:post.author/></span></a></span><b:else/><span class='fn' itemprop='author' itemscope='itemscope' itemtype='http://schema.org/Person'><span itemprop='name'><data:post.author/></span></span></b:if></span></span></b:if>
<b:if cond='data:top.showTimestamp'><span class='datenbt'><b:if cond='data:post.url'><meta expr:content='data:post.canonicalUrl' itemprop='url'/><a class='timestamp-link' expr:href='data:post.url' rel='bookmark' title='permanent link'><span class='published updated' expr:title='data:post.timestampISO8601' itemprop='datePublished'><data:post.timestamp/></span></a></b:if></span></b:if>
<b:if cond='data:post.allowComments'><span class='commnbt'><a expr:href='data:post.addCommentUrl' expr:onclick='data:post.addCommentOnclick'><b:if cond='data:post.numComments == 0'>No comments &amp;#187;</b:if><b:if cond='data:post.numComments == 1'>1 comment &amp;#187;</b:if><b:if cond='data:post.numComments &gt;= 2'><data:post.numComments/> comments &amp;#187;</b:if></a></span></b:if>
<b:if cond='data:post.labels'><span class='labelnbt'><b:loop values='data:post.labels' var='label'><a expr:href='data:label.url' rel='tag'><data:label.name/></a><b:if cond='data:label.isLast != &quot;true&quot;'>, </b:if></b:loop></span></b:if>
<b:include data='post' name='postQuickEdit'/>
</div>
</b:if>

<div class='post-header-line-1'/>

<div class='post-body entry-content' expr:id='&quot;post-body-&quot; + data:post.id' itemprop='articleBody'>

<b:if cond='data:blog.pageType != &quot;static_page&quot;'>
<b:if cond='data:blog.pageType != &quot;item&quot;'>
<div expr:id='&quot;summary&quot; + data:post.id'><data:post.body/></div>
<script type='text/javascript'>createSummaryAndThumb(&quot;summary<data:post.id/>&quot;);</script>
</b:if>
</b:if>
<b:if cond='data:blog.pageType == &quot;item&quot;'><data:post.body/></b:if>

<b:if cond='data:blog.pageType == &quot;static_page&quot;'><data:post.body/></b:if>

<b:if cond='data:blog.pageType != &quot;static_page&quot;'>
<b:if cond='data:blog.pageType != &quot;item&quot;'>
<div style='float:right;padding-right:10px;margin-top:5px;'>
<a class='more-linknbt' expr:href='data:post.url'>Read More</a>
</div>
</b:if>
</b:if>

<div style='clear: both;'/> <!-- clear for photos floats -->

<b:if cond='data:blog.pageType != &quot;static_page&quot;'>
<div class='pbtsharethisbutt'>
<ul class='pbt-social-icons'>
<li class='Share-this-arti'>Share This:&amp;nbsp;&amp;nbsp;</li>
<li class='pbtfacebook'><a expr:href='&quot;http://www.facebook.com/share.php?v=4&amp;src=bm&amp;u=&quot; + data:post.url + &quot;&amp;t=&quot; + data:post.title' onclick='window.open(this.href,&quot;sharer&quot;,&quot;toolbar=0,status=0,width=626,height=436&quot;); return false;' rel='nofollow' target='_blank' title='Share this on Facebook'><i class='fa fa-facebook-square'/>&amp;nbsp;Facebook</a></li><li class='pbttwitter'><a expr:href='&quot;http://twitter.com/home?status=&quot; + data:post.title + &quot; -- &quot; + data:post.url' rel='nofollow' target='_blank' title='Tweet This!'><i class='fa fa-twitter-square'/>&amp;nbsp;Twitter</a></li><li class='pbtgoogle'><a expr:href='&quot;https://plus.google.com/share?url=&quot; + data:post.url' onclick='javascript:window.open(this.href,   &quot;&quot;, &quot;menubar=no,toolbar=no,resizable=yes,scrollbars=yes,height=600,width=600&quot;);return false;' rel='nofollow' target='_blank' title='Share this on Google+'><i class='fa fa-google-plus-square'/>&amp;nbsp;Google+</a></li><li class='pbtstumbleupon'><a expr:href='&quot;http://www.stumbleupon.com/submit?url=&quot; + data:post.url + &quot;&amp;title=&quot; + data:post.title' rel='nofollow' target='_blank' title='Stumble upon something good? Share it on StumbleUpon'><i class='fa fa-stumbleupon-circle'/>&amp;nbsp;Stumble</a></li><li class='pbtdigg'><a expr:href='&quot;http://digg.com/submit?phase=2&amp;url=&quot; + data:post.url + &quot;&amp;title=&quot; + data:post.title' rel='nofollow' target='_blank' title='Digg this!'><i class='fa fa-digg'/>&amp;nbsp;Digg</a></li>
</ul>
</div>
<div style='clear: both;'/>
</b:if>

</div>

     <b:if cond='data:blog.pageType == &quot;item&quot;'>	  
      <div class='post-iconspbt'>
      <span class='post-icons' style='padding-right:10px;'>
        <!-- email post links -->
        <b:if cond='data:post.emailPostUrl'>
          <span class='item-action'>
          <a expr:href='data:post.emailPostUrl' expr:title='data:top.emailPostMsg'>
              <img alt='' class='icon-action' height='13' src='http://img1.blogblog.com/img/icon18_email.gif' width='18'/>
          </a>
          </span>
        </b:if>
      </span>
	  
      <!-- share buttons -->
      <div class='post-share-buttons goog-inline-block'>
        <b:if cond='data:post.sharePostUrl'>
          <b:include data='post' name='shareButtons'/>
        </b:if>
      </div>
	  <div style='clear: both;'/>
	  </div>
	  </b:if>
	  
	  <b:if cond='data:blog.pageType == &quot;item&quot;'>
      <div class='post-location post-locationpbt'>
        <b:if cond='data:top.showLocation'>
          <b:if cond='data:post.location'>
            <data:postLocationLabel/>
            <a expr:href='data:post.location.mapsUrl' target='_blank'><data:post.location.name/></a>
          </b:if>
        </b:if>
      </div>
	  </b:if>
	  
	  <b:if cond='data:blog.pageType == &quot;item&quot;'>
      <b:if cond='data:post.authorAboutMe'>
        <div class='author-profile' itemprop='author' itemscope='itemscope' itemtype='http://schema.org/Person'>
          <b:if cond='data:post.authorPhoto.url'>
            <img expr:src='data:post.authorPhoto.url' itemprop='image' width='50px'/>
		  <b:else/>
		    <img itemprop='image' src='http://1.bp.blogspot.com/-JNIOn2bYVAY/U-LrAZ5hx5I/AAAAAAAAMwU/qyca43soga8/s1600/no-avatar-50.png' width='50px'/>
          </b:if>
          <div>
            <a class='g-profile' expr:href='data:post.authorProfileUrl' itemprop='url' rel='author' title='author profile'>
              <span itemprop='name'><data:post.author/></span>
            </a>
          </div>
          <span itemprop='description'><data:post.authorAboutMe/></span>
        </div>
      </b:if>
	  </b:if>
  
<b:if cond='data:blog.pageType == &quot;item&quot;'>
<div class='related-postbwrap' id='bpostrelated-post'/>
<div style='clear: both;'/>
<script type='text/javascript'>
var labelArray = [<b:if cond='data:post.labels'><b:loop values='data:post.labels' var='label'>
          &quot;<data:label.name/>&quot;<b:if cond='data:label.isLast != &quot;true&quot;'>,</b:if>
      </b:loop></b:if>];
var relatedPostConfig = {
      homePage: &quot;<data:blog.homepageUrl/>&quot;,
      widgetTitle: &quot;&lt;h4&gt;Related Posts:&lt;/h4&gt;&quot;,
      numPosts: 5,
      summaryLength: 150,
      titleLength: &quot;auto&quot;,
      thumbnailSize: 80,
      noImage: &quot;http://1.bp.blogspot.com/-Xakmg4CGXnA/Uw_8uqsGlwI/AAAAAAAALjg/AdRZNmOJpIA/s1600/no-img.png&quot;,
      containerId: &quot;bpostrelated-post&quot;,
      newTabLink: false,
      moreText: &quot;Read More&quot;,
      widgetStyle: 2,
      callBack: function() {}
};
</script>
<script type='text/javascript'>
//<![CDATA[

/*! Related Post Widget for Blogger by Taufik Nurrohman => http://gplus.to/tovic */
var randomRelatedIndex,showRelatedPost;(function(n,m,k){var d={widgetTitle:"<h4>Artikel Terkait:</h4>",widgetStyle:1,homePage:"http://www.dte.web.id",numPosts:7,summaryLength:370,titleLength:"auto",thumbnailSize:72,noImage:"data:image/png;base64,iVBORw0KGgoAAAANSUhEUgAAAAEAAAABCAIAAACQd1PeAAAAA3NCSVQICAjb4U/gAAAADElEQVQImWOor68HAAL+AX7vOF2TAAAAAElFTkSuQmCC",containerId:"related-post",newTabLink:false,moreText:"Baca Selengkapnya",callBack:function(){}};for(var f in relatedPostConfig){d[f]=(relatedPostConfig[f]=="undefined")?d[f]:relatedPostConfig[f]}var j=function(a){var b=m.createElement("script");b.type="text/javascript";b.src=a;k.appendChild(b)},o=function(b,a){return Math.floor(Math.random()*(a-b+1))+b},l=function(a){var p=a.length,c,b;if(p===0){return false}while(--p){c=Math.floor(Math.random()*(p+1));b=a[p];a[p]=a[c];a[c]=b}return a},e=(typeof labelArray=="object"&&labelArray.length>0)?"/-/"+l(labelArray)[0]:"",h=function(b){var c=b.feed.openSearch$totalResults.$t-d.numPosts,a=o(1,(c>0?c:1));j(d.homePage.replace(/\/$/,"")+"/feeds/posts/summary"+e+"?alt=json-in-script&orderby=updated&start-index="+a+"&max-results="+d.numPosts+"&callback=showRelatedPost")},g=function(z){var s=document.getElementById(d.containerId),x=l(z.feed.entry),A=d.widgetStyle,c=d.widgetTitle+'<ul class="related-post-style-'+A+'">',b=d.newTabLink?' target="_blank"':"",y='<span style="display:block;clear:both;"></span>',v,t,w,r,u;if(!s){return}for(var q=0;q<d.numPosts;q++){if(q==x.length){break}t=x[q].title.$t;w=(d.titleLength!=="auto"&&d.titleLength<t.length)?t.substring(0,d.titleLength)+"&hellip;":t;r=("media$thumbnail" in x[q]&&d.thumbnailSize!==false)?x[q].media$thumbnail.url.replace(/\/s[0-9]+(\-c)?/,"/s"+d.thumbnailSize+"-c"):d.noImage;u=("summary" in x[q]&&d.summaryLength>0)?x[q].summary.$t.replace(/<br ?\/?>/g," ").replace(/<.*?>/g,"").replace(/[<>]/g,"").substring(0,d.summaryLength)+"&hellip;":"";for(var p=0,a=x[q].link.length;p<a;p++){v=(x[q].link[p].rel=="alternate")?x[q].link[p].href:"#"}if(A==2){c+='<li><img alt="" class="related-post-item-thumbnail" src="'+r+'" width="'+d.thumbnailSize+'" height="'+d.thumbnailSize+'"><a class="related-post-item-title" title="'+t+'" href="'+v+'"'+b+">"+w+'</a><span class="related-post-item-summary"><span class="related-post-item-summary-text">'+u+'</span> <a href="'+v+'" class="related-post-item-more"'+b+">"+d.moreText+"</a></span>"+y+"</li>"}else{if(A==3||A==4){c+='<li class="related-post-item" tabindex="0"><a class="related-post-item-title" href="'+v+'"'+b+'><img alt="" class="related-post-item-thumbnail" src="'+r+'" width="'+d.thumbnailSize+'" height="'+d.thumbnailSize+'"></a><div class="related-post-item-tooltip"><a class="related-post-item-title" title="'+t+'" href="'+v+'"'+b+">"+w+"</a></div>"+y+"</li>"}else{if(A==5){c+='<li class="related-post-item" tabindex="0"><a class="related-post-item-wrapper" href="'+v+'" title="'+t+'"'+b+'><img alt="" class="related-post-item-thumbnail" src="'+r+'" width="'+d.thumbnailSize+'" height="'+d.thumbnailSize+'"><span class="related-post-item-tooltip">'+w+"</span></a>"+y+"</li>"}else{if(A==6){c+='<li><a class="related-post-item-title" title="'+t+'" href="'+v+'"'+b+">"+w+'</a><div class="related-post-item-tooltip"><img alt="" class="related-post-item-thumbnail" src="'+r+'" width="'+d.thumbnailSize+'" height="'+d.thumbnailSize+'"><span class="related-post-item-summary"><span class="related-post-item-summary-text">'+u+"</span></span>"+y+"</div></li>"}else{c+='<li><a title="'+t+'" href="'+v+'"'+b+">"+w+"</a></li>"}}}}}s.innerHTML=c+="</ul>"+y;d.callBack()};randomRelatedIndex=h;showRelatedPost=g;j(d.homePage.replace(/\/$/,"")+"/feeds/posts/summary"+e+"?alt=json-in-script&orderby=updated&max-results=0&callback=randomRelatedIndex")})(window,document,document.getElementsByTagName("head")[0]);

//]]>
</script>
</b:if>

</div>
<div style='clear: both;'/>

<b:if cond='data:blog.pageType == &quot;item&quot;'>
<!-- navigation -->
<b:include name='nextprev'/>
</b:if>

</b:includable>
    <b:includable id='postQuickEdit' var='post'>
  <b:if cond='data:post.editUrl'>
    <span expr:class='&quot;item-control &quot; + data:post.adminClass'>
      <a expr:href='data:post.editUrl' expr:title='data:top.editPostMsg'>
        <img alt='' class='icon-action' height='18' src='http://img2.blogblog.com/img/icon18_edit_allbkg.gif' width='18'/>
      </a>
    </span>
  </b:if>
</b:includable>
    <b:includable id='shareButtons' var='post'>
  <b:if cond='data:top.showEmailButton'><a class='goog-inline-block share-button sb-email' expr:href='data:post.sharePostUrl + &quot;&amp;target=email&quot;' expr:title='data:top.emailThisMsg' target='_blank'><span class='share-button-link-text'><data:top.emailThisMsg/></span></a></b:if><b:if cond='data:top.showBlogThisButton'><a class='goog-inline-block share-button sb-blog' expr:href='data:post.sharePostUrl + &quot;&amp;target=blog&quot;' expr:onclick='&quot;window.open(this.href, \&quot;_blank\&quot;, \&quot;height=270,width=475\&quot;); return false;&quot;' expr:title='data:top.blogThisMsg' target='_blank'><span class='share-button-link-text'><data:top.blogThisMsg/></span></a></b:if><b:if cond='data:top.showTwitterButton'><a class='goog-inline-block share-button sb-twitter' expr:href='data:post.sharePostUrl + &quot;&amp;target=twitter&quot;' expr:title='data:top.shareToTwitterMsg' target='_blank'><span class='share-button-link-text'><data:top.shareToTwitterMsg/></span></a></b:if><b:if cond='data:top.showFacebookButton'><a class='goog-inline-block share-button sb-facebook' expr:href='data:post.sharePostUrl + &quot;&amp;target=facebook&quot;' expr:onclick='&quot;window.open(this.href, \&quot;_blank\&quot;, \&quot;height=430,width=640\&quot;); return false;&quot;' expr:title='data:top.shareToFacebookMsg' target='_blank'><span class='share-button-link-text'><data:top.shareToFacebookMsg/></span></a></b:if><b:if cond='data:top.showOrkutButton'><a class='goog-inline-block share-button sb-orkut' expr:href='data:post.sharePostUrl + &quot;&amp;target=orkut&quot;' expr:title='data:top.shareToOrkutMsg' target='_blank'><span class='share-button-link-text'><data:top.shareToOrkutMsg/></span></a></b:if><b:if cond='data:top.showDummy'><div class='goog-inline-block dummy-container'><data:post.dummyTag/></div></b:if>
</b:includable>
    <b:includable id='status-message'>
  <b:if cond='data:navMessage'>
  <div class='status-msg-wrap'>
    <div class='status-msg-body'>
      <data:navMessage/>
    </div>
    <div class='status-msg-border'>
      <div class='status-msg-bg'>
        <div class='status-msg-hidden'><data:navMessage/></div>
      </div>
    </div>
  </div>
  <div style='clear: both;'/>
  </b:if>
</b:includable>
    <b:includable id='threaded-comment-form' var='post'>
  <div class='comment-form'>
    <a name='comment-form'/>
    <b:if cond='data:mobile'>
      <p><data:blogCommentMessage/></p>
      <data:blogTeamBlogMessage/>
      <a expr:href='data:post.commentFormIframeSrc' id='comment-editor-src'/>
      <iframe allowtransparency='true' class='blogger-iframe-colorize blogger-comment-from-post' frameborder='0' height='410' id='comment-editor' name='comment-editor' src='' style='display: none' width='100%'/>
    <b:else/>
      <p><data:blogCommentMessage/></p>
      <data:blogTeamBlogMessage/>
      <a expr:href='data:post.commentFormIframeSrc' id='comment-editor-src'/>
      <iframe allowtransparency='true' class='blogger-iframe-colorize blogger-comment-from-post' frameborder='0' height='410' id='comment-editor' name='comment-editor' src='' width='100%'/>
    </b:if>
    <data:post.friendConnectJs/>
    <data:post.cmtfpIframe/>
    <script type='text/javascript'>
      BLOG_CMT_createIframe(&#39;<data:post.appRpcRelayPath/>&#39;, &#39;<data:post.communityId/>&#39;);
    </script>
  </div>
</b:includable>
    <b:includable id='threaded_comment_js' var='post'>
  <script async='async' expr:src='data:post.commentSrc' type='text/javascript'/>

  <script type='text/javascript'>
    (function() {
      var items = <data:post.commentJso/>;
      var msgs = <data:post.commentMsgs/>;
      var config = <data:post.commentConfig/>;

// <![CDATA[
      var cursor = null;
      if (items && items.length > 0) {
        cursor = parseInt(items[items.length - 1].timestamp) + 1;
      }

      var bodyFromEntry = function(entry) {
        if (entry.gd$extendedProperty) {
          for (var k in entry.gd$extendedProperty) {
            if (entry.gd$extendedProperty[k].name == 'blogger.contentRemoved') {
              return '<span class="deleted-comment">' + entry.content.$t + '</span>';
            }
          }
        }
        return entry.content.$t;
      }

      var parse = function(data) {
        cursor = null;
        var comments = [];
        if (data && data.feed && data.feed.entry) {
          for (var i = 0, entry; entry = data.feed.entry[i]; i++) {
            var comment = {};
            // comment ID, parsed out of the original id format
            var id = /blog-(\d+).post-(\d+)/.exec(entry.id.$t);
            comment.id = id ? id[2] : null;
            comment.body = bodyFromEntry(entry);
            comment.timestamp = Date.parse(entry.published.$t) + '';
            if (entry.author && entry.author.constructor === Array) {
              var auth = entry.author[0];
              if (auth) {
                comment.author = {
                  name: (auth.name ? auth.name.$t : undefined),
                  profileUrl: (auth.uri ? auth.uri.$t : undefined),
                  avatarUrl: (auth.gd$image ? auth.gd$image.src : undefined)
                };
              }
            }
            if (entry.link) {
              if (entry.link[2]) {
                comment.link = comment.permalink = entry.link[2].href;
              }
              if (entry.link[3]) {
                var pid = /.*comments\/default\/(\d+)\?.*/.exec(entry.link[3].href);
                if (pid && pid[1]) {
                  comment.parentId = pid[1];
                }
              }
            }
            comment.deleteclass = 'item-control blog-admin';
            if (entry.gd$extendedProperty) {
              for (var k in entry.gd$extendedProperty) {
                if (entry.gd$extendedProperty[k].name == 'blogger.itemClass') {
                  comment.deleteclass += ' ' + entry.gd$extendedProperty[k].value;
                }
              }
            }
            comments.push(comment);
          }
        }
        return comments;
      };

      var paginator = function(callback) {
        if (hasMore()) {
          var url = config.feed + '?alt=json&v=2&orderby=published&reverse=false&max-results=50';
          if (cursor) {
            url += '&published-min=' + new Date(cursor).toISOString();
          }
          window.bloggercomments = function(data) {
            var parsed = parse(data);
            cursor = parsed.length < 50 ? null
                : parseInt(parsed[parsed.length - 1].timestamp) + 1
            callback(parsed);
            window.bloggercomments = null;
          }
          url += '&callback=bloggercomments';
          var script = document.createElement('script');
          script.type = 'text/javascript';
          script.src = url;
          document.getElementsByTagName('head')[0].appendChild(script);
        }
      };
      var hasMore = function() {
        return !!cursor;
      };
      var getMeta = function(key, comment) {
        if ('iswriter' == key) {
          var matches = !!comment.author
              && comment.author.name == config.authorName
              && comment.author.profileUrl == config.authorUrl;
          return matches ? 'true' : '';
        } else if ('deletelink' == key) {
          return config.baseUri + '/delete-comment.g?blogID='
               + config.blogId + '&postID=' + comment.id;
        } else if ('deleteclass' == key) {
          return comment.deleteclass;
        }
        return '';
      };

      var replybox = null;
      var replyUrlParts = null;
      var replyParent = undefined;

      var onReply = function(commentId, domId) {
        if (replybox == null) {
          // lazily cache replybox, and adjust to suit this style:
          replybox = document.getElementById('comment-editor');
          if (replybox != null) {
            replybox.height = '250px';
            replybox.style.display = 'block';
            replyUrlParts = replybox.src.split('#');
          }
        }
        if (replybox && (commentId !== replyParent)) {
          document.getElementById(domId).insertBefore(replybox, null);
          replybox.src = replyUrlParts[0]
              + (commentId ? '&parentID=' + commentId : '')
              + '#' + replyUrlParts[1];
          replyParent = commentId;
        }
      };

      var hash = (window.location.hash || '#').substring(1);
      var startThread, targetComment;
      if (/^comment-form_/.test(hash)) {
        startThread = hash.substring('comment-form_'.length);
      } else if (/^c[0-9]+$/.test(hash)) {
        targetComment = hash.substring(1);
      }

      // Configure commenting API:
      var configJso = {
        'maxDepth': config.maxThreadDepth
      };
      var provider = {
        'id': config.postId,
        'data': items,
        'loadNext': paginator,
        'hasMore': hasMore,
        'getMeta': getMeta,
        'onReply': onReply,
        'rendered': true,
        'initComment': targetComment,
        'initReplyThread': startThread,
        'config': configJso,
        'messages': msgs
      };

      var render = function() {
        if (window.goog && window.goog.comments) {
          var holder = document.getElementById('comment-holder');
          window.goog.comments.render(holder, provider);
        }
      };

      // render now, or queue to render when library loads:
      if (window.goog && window.goog.comments) {
        render();
      } else {
        window.goog = window.goog || {};
        window.goog.comments = window.goog.comments || {};
        window.goog.comments.loadQueue = window.goog.comments.loadQueue || [];
        window.goog.comments.loadQueue.push(render);
      }
    })();
// ]]>
  </script>
</b:includable>
    <b:includable id='threaded_comments' var='post'>
  <div class='comments' id='comments'>
    <a name='comments'/>
    <h4><data:post.commentLabelFull/>:</h4>

    <div class='comments-content'>
      <b:if cond='data:post.embedCommentForm'>
        <b:include data='post' name='threaded_comment_js'/>
      </b:if>
      <div id='comment-holder'>
         <data:post.commentHtml/>
      </div>
    </div>

    <p class='comment-footer'>
      <b:if cond='data:post.allowNewComments'>
        <b:include data='post' name='threaded-comment-form'/>
      <b:else/>
        <data:post.noNewCommentsText/>
      </b:if>
    </p>

    <b:if cond='data:showCmtPopup'>
      <div id='comment-popup'>
        <iframe allowtransparency='true' frameborder='0' id='comment-actions' name='comment-actions' scrolling='no'>
        </iframe>
      </div>
    </b:if>

    <div id='backlinks-container'>
    <div expr:id='data:widget.instanceId + &quot;_backlinks-container&quot;'>
       <b:if cond='data:post.showBacklinks'>
         <b:include data='post' name='backlinks'/>
       </b:if>
    </div>
    </div>
  </div>
</b:includable>
  </b:widget>
</b:section>
</div>
<div id='cbotnbt'/>
</div>

<div id='sidebarnbt'>

<div class='widgettopnbt'/>
<div class='widget addthisbwidget'>
<h2>Bookmark Us</h2>
<div class='custom_imagesnbt'>
	<a class='addthis_button_twitter'><img alt='Twitter' height='32' src='http://2.bp.blogspot.com/--DH-TRf-PMI/VE-0_p6urkI/AAAAAAAAMbA/WKT3AeGNiRI/s1600/twitter.png' width='32'/></a>
	<a class='addthis_button_delicious'><img alt='Delicious' height='32' src='http://4.bp.blogspot.com/-DefIyec7U0E/VE-1BJjDGwI/AAAAAAAAMbg/aEm2QIyp07Q/s1600/delicious.png' width='32'/></a>
	<a class='addthis_button_facebook'><img alt='Facebook' height='32' src='http://1.bp.blogspot.com/-1dkzFdsk-Ng/VE-1CWGb4-I/AAAAAAAAMb4/WLfOLgCQsYk/s1600/facebook.png' width='32'/></a>
	<a class='addthis_button_digg'><img alt='Digg' height='32' src='http://1.bp.blogspot.com/-SOtjW8t3Yqc/VE-1B5qF3bI/AAAAAAAAMbw/gstfSMN1xo4/s1600/digg.png' width='32'/></a>
	<a class='addthis_button_stumbleupon'><img alt='Stumbleupon' height='32' src='http://3.bp.blogspot.com/-SiBUf59kRog/VE-1DC0F7II/AAAAAAAAMcI/sizq4L-gM9Q/s1600/stumbleupon.png' width='32'/></a>
	<a class='addthis_button_favorites'><img alt='Favorites' height='32' src='http://2.bp.blogspot.com/-7EH8mLNgPmU/VE-1CcDNXPI/AAAAAAAAMcg/GSZ-gaAvZN4/s1600/favorites.png' width='32'/></a>
	<a class='addthis_button_more'><img alt='More' height='32' src='http://3.bp.blogspot.com/-ow1BKvjytWQ/VE-1C3yWfmI/AAAAAAAAMcA/GD-ghd23Lck/s1600/more.png' width='32'/></a>
</div>
<script src='http://s7.addthis.com/js/250/addthis_widget.js' type='text/javascript'/>
</div>
<div class='widgetbotnbt'/>

<div class='widgettopnbt'/>
<div class='widget searchbwidget'>
<h2>Search</h2>
<div id='searchnbt'>
<form action='/search' id='searchform' method='get'>
	<input id='snbt' name='q' onblur='if (this.value == &apos;&apos;)  {this.value = &apos;Search&apos;;}' onfocus='if (this.value == &apos;Search&apos;) {this.value = &apos;&apos;;}' type='text' value='Search'/>
	<input src='http://4.bp.blogspot.com/-6VthbCOm7x4/VE-0-SbcjII/AAAAAAAAMao/za-RioylOwM/s1600/searchsubmit.gif' style='border:0; vertical-align: top;' type='image'/>
</form>
</div>
</div>
<div class='widgetbotnbt'/>

<b:section class='sidebarrightnbt' id='sidebarrightnbt' preferred='yes'>
  <b:widget id='PopularPosts1' locked='false' title='Popular Posts' type='PopularPosts'>
    <b:includable id='main'>
  <b:if cond='data:title'><h2><data:title/></h2></b:if>
  <div class='widget-content popular-posts'>
    <ul>
      <b:loop values='data:posts' var='post'>
      <li>
        <b:if cond='data:showThumbnails == &quot;false&quot;'>
          <b:if cond='data:showSnippets == &quot;false&quot;'>
            <!-- (1) No snippet/thumbnail -->
            <a expr:href='data:post.href'><data:post.title/></a>
          <b:else/>
            <!-- (2) Show only snippets -->
            <div class='item-title'><a expr:href='data:post.href'><data:post.title/></a></div>
            <div class='item-snippet'><data:post.snippet/></div>
          </b:if>
        <b:else/>
          <b:if cond='data:showSnippets == &quot;false&quot;'>
            <!-- (3) Show only thumbnails -->
            <div class='item-thumbnail-only'>
              <b:if cond='data:post.thumbnail'>
                <div class='item-thumbnail'>
                  <a expr:href='data:post.href' target='_blank'>
                    <img alt='' border='0' expr:height='data:thumbnailSize' expr:src='data:post.thumbnail' expr:width='data:thumbnailSize'/>
                  </a>
                </div>
              </b:if>
              <div class='item-title'><a expr:href='data:post.href'><data:post.title/></a></div>
            </div>
            <div style='clear: both;'/>
          <b:else/>
            <!-- (4) Show snippets and thumbnails -->
            <div class='item-content'>
              <b:if cond='data:post.thumbnail'>
                <div class='item-thumbnail'>
                  <a expr:href='data:post.href' target='_blank'>
                    <img alt='' border='0' expr:height='data:thumbnailSize' expr:src='data:post.thumbnail' expr:width='data:thumbnailSize'/>
                  </a>
                </div>
              </b:if>
              <div class='item-title'><a expr:href='data:post.href'><data:post.title/></a></div>
              <div class='item-snippet'><data:post.snippet/></div>
            </div>
            <div style='clear: both;'/>
          </b:if>
        </b:if>
      </li>
      </b:loop>
    </ul>
    <b:include name='quickedit'/>
  </div>
</b:includable>
  </b:widget>
  <b:widget id='HTML1' locked='false' title='Recent Posts' type='HTML'>
    <b:includable id='main'>
  <!-- only display title if it's non-empty -->
  <b:if cond='data:title != &quot;&quot;'>
    <h2 class='title'><data:title/></h2>
  </b:if>
  <div class='widget-content'>
    <data:content/>
  </div>

  <b:include name='quickedit'/>
</b:includable>
  </b:widget>
  <b:widget id='Label1' locked='false' title='Categories' type='Label'>
    <b:includable id='main'>
  <b:if cond='data:title'>
    <h2><data:title/></h2>
  </b:if>
  <div expr:class='&quot;widget-content &quot; + data:display + &quot;-label-widget-content&quot;'>
    <b:if cond='data:display == &quot;list&quot;'>
      <ul>
      <b:loop values='data:labels' var='label'>
        <li>
          <b:if cond='data:blog.url == data:label.url'>
            <span expr:dir='data:blog.languageDirection'><data:label.name/></span>
          <b:else/>
            <a expr:dir='data:blog.languageDirection' expr:href='data:label.url'><data:label.name/></a>
          </b:if>
          <b:if cond='data:showFreqNumbers'>
            <span dir='ltr'>(<data:label.count/>)</span>
          </b:if>
        </li>
      </b:loop>
      </ul>
    <b:else/>
      <b:loop values='data:labels' var='label'>
        <span expr:class='&quot;label-size label-size-&quot; + data:label.cssSize'>
          <b:if cond='data:blog.url == data:label.url'>
            <span expr:dir='data:blog.languageDirection'><data:label.name/></span>
          <b:else/>
            <a expr:dir='data:blog.languageDirection' expr:href='data:label.url'><data:label.name/></a>
          </b:if>
          <b:if cond='data:showFreqNumbers'>
            <span class='label-count' dir='ltr'>(<data:label.count/>)</span>
          </b:if>
        </span>
      </b:loop>
    </b:if>
    <b:include name='quickedit'/>
  </div>
</b:includable>
  </b:widget>
  <b:widget id='HTML2' locked='false' title='Unordered List' type='HTML'>
    <b:includable id='main'>
  <!-- only display title if it's non-empty -->
  <b:if cond='data:title != &quot;&quot;'>
    <h2 class='title'><data:title/></h2>
  </b:if>
  <div class='widget-content'>
    <data:content/>
  </div>

  <b:include name='quickedit'/>
</b:includable>
  </b:widget>
  <b:widget id='PageList1' locked='false' title='Pages' type='PageList'>
    <b:includable id='main'>
  <b:if cond='data:title'><h2><data:title/></h2></b:if>
  <div class='widget-content'>
    <b:if cond='data:mobile'>
      <select expr:id='data:widget.instanceId + &quot;_select&quot;'>
        <b:loop values='data:links' var='link'>
          <b:if cond='data:link.isCurrentPage'>
            <option expr:value='data:link.href' selected='selected'><data:link.title/></option>
          <b:else/>
            <option expr:value='data:link.href'><data:link.title/></option>
          </b:if>
        </b:loop>
      </select>
      <span class='pagelist-arrow'>&amp;#9660;</span>

    <b:else/>
      <ul>
        <b:loop values='data:links' var='link'>
          <b:if cond='data:link.isCurrentPage'>
            <li class='selected'><a expr:href='data:link.href'><data:link.title/></a></li>
          <b:else/>
            <li><a expr:href='data:link.href'><data:link.title/></a></li>
          </b:if>
        </b:loop>
      </ul>
    </b:if>
    <b:include name='quickedit'/>
  </div>
</b:includable>
  </b:widget>
  <b:widget id='Text2' locked='false' title='Text Widget' type='Text'>
    <b:includable id='main'>
  <!-- only display title if it's non-empty -->
  <b:if cond='data:title != &quot;&quot;'>
    <h2 class='title'><data:title/></h2>
  </b:if>
  <div class='widget-content'>
    <data:content/>
  </div>

  <b:include name='quickedit'/>
</b:includable>
  </b:widget>
  <b:widget id='BlogArchive1' locked='false' title='Blog Archive' type='BlogArchive'>
    <b:includable id='main'>
  <b:if cond='data:title'>
    <h2><data:title/></h2>
  </b:if>
  <div class='widget-content'>
  <div id='ArchiveList'>
  <div expr:id='data:widget.instanceId + &quot;_ArchiveList&quot;'>
    <b:if cond='data:style == &quot;HIERARCHY&quot;'>
     <b:include data='data' name='interval'/>
    </b:if>
    <b:if cond='data:style == &quot;FLAT&quot;'>
      <b:include data='data' name='flat'/>
    </b:if>
    <b:if cond='data:style == &quot;MENU&quot;'>
      <b:include data='data' name='menu'/>
    </b:if>
  </div>
  </div>
  <b:include name='quickedit'/>
  </div>
</b:includable>
    <b:includable id='flat' var='data'>
  <ul class='flat'>
    <b:loop values='data:data' var='i'>
      <li class='archivedate'>
        <a expr:href='data:i.url'><data:i.name/></a> (<data:i.post-count/>)
      </li>
    </b:loop>
  </ul>
</b:includable>
    <b:includable id='interval' var='intervalData'>
  <b:loop values='data:intervalData' var='i'>
      <ul class='hierarchy'>
        <li expr:class='&quot;archivedate &quot; + data:i.expclass'>
          <b:include data='i' name='toggle'/>
          <a class='post-count-link' expr:href='data:i.url'><data:i.name/></a>
            <span class='post-count' dir='ltr'>(<data:i.post-count/>)</span>
          <b:if cond='data:i.data'>
            <b:include data='i.data' name='interval'/>
          </b:if>
          <b:if cond='data:i.posts'>
            <b:include data='i.posts' name='posts'/>
          </b:if>
        </li>
      </ul>
  </b:loop>
</b:includable>
    <b:includable id='menu' var='data'>
  <select expr:id='data:widget.instanceId + &quot;_ArchiveMenu&quot;'>
    <option value=''><data:title/></option>
    <b:loop values='data:data' var='i'>
      <option expr:value='data:i.url'><data:i.name/> (<data:i.post-count/>)</option>
    </b:loop>
  </select>
</b:includable>
    <b:includable id='posts' var='posts'>
  <ul class='posts'>
    <b:loop values='data:posts' var='i'>
      <li><a expr:href='data:i.url'><data:i.title/></a></li>
    </b:loop>
  </ul>
</b:includable>
    <b:includable id='toggle' var='interval'>
  <b:if cond='data:interval.toggleId'>
  <b:if cond='data:interval.expclass == &quot;expanded&quot;'>
    <a class='toggle' href='javascript:void(0)'>
      <span class='zippy toggle-open'>&#9660;&#160;</span>
    </a>
  <b:else/>
    <a class='toggle' href='javascript:void(0)'>
      <span class='zippy'>
        <b:if cond='data:blog.languageDirection == &quot;rtl&quot;'>
          &#9668;&#160;
        <b:else/>
          &#9658;&#160;
        </b:if>
      </span>
    </a>
  </b:if>
 </b:if>
</b:includable>
  </b:widget>
</b:section>

</div>

<div id='footernbt'>
<!-- Do not edit or remove credits without our permission: newbloggerthemes.com -->
Copyright &#169; <script type='text/javascript'>var creditsyear = new Date();document.write(creditsyear.getFullYear());</script> <a expr:href='data:blog.homepageUrl'><data:blog.title/></a> | Powered by <a href='http://www.blogger.com/'>Blogger</a><br/>Design by <a href='http://www.simplewpthemes.com/' target='_blank'>SimpleWpThemes</a> | Blogger Theme by <a href='http://newbloggerthemes.com/' target='_blank' title='NewBloggerThemes.com'>NewBloggerThemes.com</a> | Published By <a href='http://gooyaabitemplates.com/' rel='dofollow' target='_blank' title='Blogger Templates'>Gooyaabi Templates</a>
</div>

</div>

</body>
</html>