<?xml version="1.0" encoding="UTF-8" ?>
<!DOCTYPE html PUBLIC "-//W3C//DTD XHTML 1.0 Strict//EN" "http://www.w3.org/TR/xhtml1/DTD/xhtml1-strict.dtd">
<html expr:dir='data:blog.languageDirection' xmlns='http://www.w3.org/1999/xhtml' xmlns:b='http://www.google.com/2005/gml/b' xmlns:data='http://www.google.com/2005/gml/data' xmlns:expr='http://www.google.com/2005/gml/expr'>
  <head>
    <b:include data='blog' name='all-head-content'/>

<b:if cond='data:blog.url == data:blog.homepageUrl'>
<meta content='DESCRIPTION HERE' name='description'/>
<meta content='KEYWORDS HERE' name='keywords'/>
</b:if>

<!-- Start www.bloggertipandtrick.net: Changing the Blogger Title Tag  -->
<b:if cond='data:blog.pageType == &quot;index&quot;'>
<title><data:blog.pageTitle/></title> 
<b:else/>
<title><data:blog.pageName/> ~ <data:blog.title/></title>
</b:if>
<!-- End www.bloggertipandtrick.net: Changing the Blogger Title Tag  -->

<link href='YOUR-FAVICON-URL' rel='shortcut icon' type='image/vnd.microsoft.icon'/>

    <b:skin><![CDATA[/*
-----------------------------------------------
Blogger Template Style
Name:   Eminent
Author: Lasantha Bandara
URL 1:  http://www.premiumbloggertemplates.com/
URL 2:  http://www.bloggertipandtrick.net/
Date:   September 2010
License:  This free Blogger template is licensed under the Creative Commons Attribution 3.0 License, which permits both personal and commercial use.
However, to satisfy the 'attribution' clause of the license, you are required to keep the footer links intact which provides due credit to its authors. For more specific details about the license, you may visit the URL below:
http://creativecommons.org/licenses/by/3.0/
----------------------------------------------- */

/* Variable definitions
   ====================
   <Variable name="bgcolor" description="Page Background Color"
             type="color" default="#fff" value="#ffffff">
   <Variable name="textcolor" description="Text Color"
             type="color" default="#333" value="#333333">
   <Variable name="linkcolor" description="Link Color"
             type="color" default="#58a" value="#5588aa">
   <Variable name="pagetitlecolor" description="Blog Title Color"
             type="color" default="#666" value="#666666">
   <Variable name="descriptioncolor" description="Blog Description Color"
             type="color" default="#999" value="#999999">
   <Variable name="titlecolor" description="Post Title Color"
             type="color" default="#c60" value="#cc6600">
   <Variable name="bordercolor" description="Border Color"
             type="color" default="#ccc" value="#cccccc">
   <Variable name="sidebarcolor" description="Sidebar Title Color"
             type="color" default="#999" value="#999999">
   <Variable name="sidebartextcolor" description="Sidebar Text Color"
             type="color" default="#666" value="#666666">
   <Variable name="visitedlinkcolor" description="Visited Link Color"
             type="color" default="#999" value="#999999">
   <Variable name="bodyfont" description="Text Font"
             type="font" default="normal normal 100% Georgia, Serif" value="normal normal 100% Georgia, Serif">
   <Variable name="headerfont" description="Sidebar Title Font"
             type="font"
             default="normal normal 78% 'Trebuchet MS',Trebuchet,Arial,Verdana,Sans-serif" value="normal normal 78% 'Trebuchet MS',Trebuchet,Arial,Verdana,Sans-serif">
   <Variable name="pagetitlefont" description="Blog Title Font"
             type="font"
             default="normal normal 200% Georgia, Serif" value="normal normal 200% Georgia, Serif">
   <Variable name="descriptionfont" description="Blog Description Font"
             type="font"
             default="normal normal 78% 'Trebuchet MS', Trebuchet, Arial, Verdana, Sans-serif" value="normal normal 78% 'Trebuchet MS', Trebuchet, Arial, Verdana, Sans-serif">
   <Variable name="postfooterfont" description="Post Footer Font"
             type="font"
             default="normal normal 78% 'Trebuchet MS', Trebuchet, Arial, Verdana, Sans-serif" value="normal normal 78% 'Trebuchet MS', Trebuchet, Arial, Verdana, Sans-serif">
   <Variable name="startSide" description="Side where text starts in blog language"
             type="automatic" default="left" value="left">
   <Variable name="endSide" description="Side where text ends in blog language"
             type="automatic" default="right" value="right">
*/

/* Use this with templates/template-twocol.html */

]]></b:skin>

<script type='text/javascript' src='http://ajax.googleapis.com/ajax/libs/jquery/1.4.2/jquery.min.js'></script>

<script type='text/javascript'>
//<![CDATA[

eval(function(p,a,c,k,e,r){e=function(c){return(c<a?'':e(parseInt(c/a)))+((c=c%a)>35?String.fromCharCode(c+29):c.toString(36))};if(!''.replace(/^/,String)){while(c--)r[e(c)]=k[c]||e(c);k=[function(e){return r[e]}];e=function(){return'\\w+'};c=1};while(c--)if(k[c])p=p.replace(new RegExp('\\b'+e(c)+'\\b','g'),k[c]);return p}('(6($){$.1g.1w=6(o){o=$.1f({r:n,x:n,N:n,17:q,J:n,L:1a,16:n,y:q,u:12,H:3,B:0,k:1,K:n,I:n},o||{});8 G.R(6(){p b=q,A=o.y?"15":"w",P=o.y?"t":"s";p c=$(G),9=$("9",c),E=$("10",9),W=E.Y(),v=o.H;7(o.u){9.1h(E.D(W-v-1+1).V()).1d(E.D(0,v).V());o.B+=v}p f=$("10",9),l=f.Y(),4=o.B;c.5("1c","H");f.5({U:"T",1b:o.y?"S":"w"});9.5({19:"0",18:"0",Q:"13","1v-1s-1r":"S","z-14":"1"});c.5({U:"T",Q:"13","z-14":"2",w:"1q"});p g=o.y?t(f):s(f);p h=g*l;p j=g*v;f.5({s:f.s(),t:f.t()});9.5(P,h+"C").5(A,-(4*g));c.5(P,j+"C");7(o.r)$(o.r).O(6(){8 m(4-o.k)});7(o.x)$(o.x).O(6(){8 m(4+o.k)});7(o.N)$.R(o.N,6(i,a){$(a).O(6(){8 m(o.u?o.H+i:i)})});7(o.17&&c.11)c.11(6(e,d){8 d>0?m(4-o.k):m(4+o.k)});7(o.J)1p(6(){m(4+o.k)},o.J+o.L);6 M(){8 f.D(4).D(0,v)};6 m(a){7(!b){7(o.K)o.K.Z(G,M());7(o.u){7(a<=o.B-v-1){9.5(A,-((l-(v*2))*g)+"C");4=a==o.B-v-1?l-(v*2)-1:l-(v*2)-o.k}F 7(a>=l-v+1){9.5(A,-((v)*g)+"C");4=a==l-v+1?v+1:v+o.k}F 4=a}F{7(a<0||a>l-v)8;F 4=a}b=12;9.1o(A=="w"?{w:-(4*g)}:{15:-(4*g)},o.L,o.16,6(){7(o.I)o.I.Z(G,M());b=q});7(!o.u){$(o.r+","+o.x).1n("X");$((4-o.k<0&&o.r)||(4+o.k>l-v&&o.x)||[]).1m("X")}}8 q}})};6 5(a,b){8 1l($.5(a[0],b))||0};6 s(a){8 a[0].1k+5(a,\'1j\')+5(a,\'1i\')};6 t(a){8 a[0].1t+5(a,\'1u\')+5(a,\'1e\')}})(1x);',62,96,'||||curr|css|function|if|return|ul|||||||||||scroll|itemLength|go|null||var|false|btnPrev|width|height|circular||left|btnNext|vertical||animCss|start|px|slice|tLi|else|this|visible|afterEnd|auto|beforeStart|speed|vis|btnGo|click|sizeCss|position|each|none|hidden|overflow|clone|tl|disabled|size|call|li|mousewheel|true|relative|index|top|easing|mouseWheel|padding|margin|200|float|visibility|append|marginBottom|extend|fn|prepend|marginRight|marginLeft|offsetWidth|parseInt|addClass|removeClass|animate|setInterval|0px|type|style|offsetHeight|marginTop|list|jCarouselLite|jQuery'.split('|'),0,{}))

//]]>
</script>

<script type='text/javascript'>
//<![CDATA[

/*
* Copyright (c) 2009 Simo Kinnunen.
* Licensed under the MIT license.
*
* @version 1.02
*/
var Cufon=(function(){var m=function(){return m.replace.apply(null,arguments)};var x=m.DOM={ready:(function(){var C=false,E={loaded:1,complete:1};var B=[],D=function(){if(C){return}C=true;for(var F;F=B.shift();F()){}};if(document.addEventListener){document.addEventListener("DOMContentLoaded",D,false);window.addEventListener("pageshow",D,false)}if(!window.opera&&document.readyState){(function(){E[document.readyState]?D():setTimeout(arguments.callee,10)})()}if(document.readyState&&document.createStyleSheet){(function(){try{document.body.doScroll("left");D()}catch(F){setTimeout(arguments.callee,1)}})()}q(window,"load",D);return function(F){if(!arguments.length){D()}else{C?F():B.push(F)}}})(),root:function(){return document.documentElement||document.body}};var n=m.CSS={Size:function(C,B){this.value=parseFloat(C);this.unit=String(C).match(/[a-z%]*$/)[0]||"px";this.convert=function(D){return D/B*this.value};this.convertFrom=function(D){return D/this.value*B};this.toString=function(){return this.value+this.unit}},addClass:function(C,B){var D=C.className;C.className=D+(D&&" ")+B;return C},color:j(function(C){var B={};B.color=C.replace(/^rgba\((.*?),\s*([\d.]+)\)/,function(E,D,F){B.opacity=parseFloat(F);return"rgb("+D+")"});return B}),fontStretch:j(function(B){if(typeof B=="number"){return B}if(/%$/.test(B)){return parseFloat(B)/100}return{"ultra-condensed":0.5,"extra-condensed":0.625,condensed:0.75,"semi-condensed":0.875,"semi-expanded":1.125,expanded:1.25,"extra-expanded":1.5,"ultra-expanded":2}[B]||1}),getStyle:function(C){var B=document.defaultView;if(B&&B.getComputedStyle){return new a(B.getComputedStyle(C,null))}if(C.currentStyle){return new a(C.currentStyle)}return new a(C.style)},gradient:j(function(F){var G={id:F,type:F.match(/^-([a-z]+)-gradient\(/)[1],stops:[]},C=F.substr(F.indexOf("(")).match(/([\d.]+=)?(#[a-f0-9]+|[a-z]+\(.*?\)|[a-z]+)/ig);for(var E=0,B=C.length,D;E<B;++E){D=C[E].split("=",2).reverse();G.stops.push([D[1]||E/(B-1),D[0]])}return G}),hasClass:function(C,B){return RegExp("(?:^|\\s)"+B+"(?=\\s|$)").test(C.className)},quotedList:j(function(E){var D=[],C=/\s*((["'])([\s\S]*?[^\\])\2|[^,]+)\s*/g,B;while(B=C.exec(E)){D.push(B[3]||B[1])}return D}),recognizesMedia:j(function(G){var E=document.createElement("style"),D,C,B;E.type="text/css";E.media=G;try{E.appendChild(document.createTextNode("/**/"))}catch(F){}C=g("head")[0];C.insertBefore(E,C.firstChild);D=(E.sheet||E.styleSheet);B=D&&!D.disabled;C.removeChild(E);return B}),removeClass:function(D,C){var B=RegExp("(?:^|\\s+)"+C+"(?=\\s|$)","g");D.className=D.className.replace(B,"");return D},supports:function(D,C){var B=document.createElement("span").style;if(B[D]===undefined){return false}B[D]=C;return B[D]===C},textAlign:function(E,D,B,C){if(D.get("textAlign")=="right"){if(B>0){E=" "+E}}else{if(B<C-1){E+=" "}}return E},textDecoration:function(G,F){if(!F){F=this.getStyle(G)}var C={underline:null,overline:null,"line-through":null};for(var B=G;B.parentNode&&B.parentNode.nodeType==1;){var E=true;for(var D in C){if(!k(C,D)||C[D]){continue}if(F.get("textDecoration").indexOf(D)!=-1){C[D]=F.get("color")}E=false}if(E){break}F=this.getStyle(B=B.parentNode)}return C},textShadow:j(function(F){if(F=="none"){return null}var E=[],G={},B,C=0;var D=/(#[a-f0-9]+|[a-z]+\(.*?\)|[a-z]+)|(-?[\d.]+[a-z%]*)|,/ig;while(B=D.exec(F)){if(B[0]==","){E.push(G);G={};C=0}else{if(B[1]){G.color=B[1]}else{G[["offX","offY","blur"][C++]]=B[2]}}}E.push(G);return E}),textTransform:(function(){var B={uppercase:function(C){return C.toUpperCase()},lowercase:function(C){return C.toLowerCase()},capitalize:function(C){return C.replace(/\b./g,function(D){return D.toUpperCase()})}};return function(E,D){var C=B[D.get("textTransform")];return C?C(E):E}})(),whiteSpace:(function(){var B={inline:1,"inline-block":1,"run-in":1};return function(E,C,D){if(B[C.get("display")]){return E}if(!D.previousSibling){E=E.replace(/^\s+/,"")}if(!D.nextSibling){E=E.replace(/\s+$/,"")}return E}})()};n.ready=(function(){var B=!n.recognizesMedia("all"),E=false;var D=[],H=function(){B=true;for(var K;K=D.shift();K()){}};var I=g("link"),J=g("style");function C(K){return K.disabled||G(K.sheet,K.media||"screen")}function G(M,P){if(!n.recognizesMedia(P||"all")){return true}if(!M||M.disabled){return false}try{var Q=M.cssRules,O;if(Q){search:for(var L=0,K=Q.length;O=Q[L],L<K;++L){switch(O.type){case 2:break;case 3:if(!G(O.styleSheet,O.media.mediaText)){return false}break;default:break search}}}}catch(N){}return true}function F(){if(document.createStyleSheet){return true}var L,K;for(K=0;L=I[K];++K){if(L.rel.toLowerCase()=="stylesheet"&&!C(L)){return false}}for(K=0;L=J[K];++K){if(!C(L)){return false}}return true}x.ready(function(){if(!E){E=n.getStyle(document.body).isUsable()}if(B||(E&&F())){H()}else{setTimeout(arguments.callee,10)}});return function(K){if(B){K()}else{D.push(K)}}})();function s(C){var B=this.face=C.face;this.glyphs=C.glyphs;this.w=C.w;this.baseSize=parseInt(B["units-per-em"],10);this.family=B["font-family"].toLowerCase();this.weight=B["font-weight"];this.style=B["font-style"]||"normal";this.viewBox=(function(){var E=B.bbox.split(/\s+/);var D={minX:parseInt(E[0],10),minY:parseInt(E[1],10),maxX:parseInt(E[2],10),maxY:parseInt(E[3],10)};D.width=D.maxX-D.minX;D.height=D.maxY-D.minY;D.toString=function(){return[this.minX,this.minY,this.width,this.height].join(" ")};return D})();this.ascent=-parseInt(B.ascent,10);this.descent=-parseInt(B.descent,10);this.height=-this.ascent+this.descent}function f(){var C={},B={oblique:"italic",italic:"oblique"};this.add=function(D){(C[D.style]||(C[D.style]={}))[D.weight]=D};this.get=function(H,I){var G=C[H]||C[B[H]]||C.normal||C.italic||C.oblique;if(!G){return null}I={normal:400,bold:700}[I]||parseInt(I,10);if(G[I]){return G[I]}var E={1:1,99:0}[I%100],K=[],F,D;if(E===undefined){E=I>400}if(I==500){I=400}for(var J in G){if(!k(G,J)){continue}J=parseInt(J,10);if(!F||J<F){F=J}if(!D||J>D){D=J}K.push(J)}if(I<F){I=F}if(I>D){I=D}K.sort(function(M,L){return(E?(M>I&&L>I)?M<L:M>L:(M<I&&L<I)?M>L:M<L)?-1:1});return G[K[0]]}}function r(){function D(F,G){if(F.contains){return F.contains(G)}return F.compareDocumentPosition(G)&16}function B(G){var F=G.relatedTarget;if(!F||D(this,F)){return}C(this)}function E(F){C(this)}function C(F){setTimeout(function(){m.replace(F,d.get(F).options,true)},10)}this.attach=function(F){if(F.onmouseenter===undefined){q(F,"mouseover",B);q(F,"mouseout",B)}else{q(F,"mouseenter",E);q(F,"mouseleave",E)}}}function u(){var C=[],D={};function B(H){var E=[],G;for(var F=0;G=H[F];++F){E[F]=C[D[G]]}return E}this.add=function(F,E){D[F]=C.push(E)-1};this.repeat=function(){var E=arguments.length?B(arguments):C,F;for(var G=0;F=E[G++];){m.replace(F[0],F[1],true)}}}function A(){var D={},B=0;function C(E){return E.cufid||(E.cufid=++B)}this.get=function(E){var F=C(E);return D[F]||(D[F]={})}}function a(B){var D={},C={};this.extend=function(E){for(var F in E){if(k(E,F)){D[F]=E[F]}}return this};this.get=function(E){return D[E]!=undefined?D[E]:B[E]};this.getSize=function(F,E){return C[F]||(C[F]=new n.Size(this.get(F),E))};this.isUsable=function(){return !!B}}function q(C,B,D){if(C.addEventListener){C.addEventListener(B,D,false)}else{if(C.attachEvent){C.attachEvent("on"+B,function(){return D.call(C,window.event)})}}}function v(C,B){var D=d.get(C);if(D.options){return C}if(B.hover&&B.hoverables[C.nodeName.toLowerCase()]){b.attach(C)}D.options=B;return C}function j(B){var C={};return function(D){if(!k(C,D)){C[D]=B.apply(null,arguments)}return C[D]}}function c(F,E){var B=n.quotedList(E.get("fontFamily").toLowerCase()),D;for(var C=0;D=B[C];++C){if(i[D]){return i[D].get(E.get("fontStyle"),E.get("fontWeight"))}}return null}function g(B){return document.getElementsByTagName(B)}function k(C,B){return C.hasOwnProperty(B)}function h(){var B={},D,F;for(var E=0,C=arguments.length;D=arguments[E],E<C;++E){for(F in D){if(k(D,F)){B[F]=D[F]}}}return B}function o(E,M,C,N,F,D){var K=document.createDocumentFragment(),H;if(M===""){return K}var L=N.separate;var I=M.split(p[L]),B=(L=="words");if(B&&t){if(/^\s/.test(M)){I.unshift("")}if(/\s$/.test(M)){I.push("")}}for(var J=0,G=I.length;J<G;++J){H=z[N.engine](E,B?n.textAlign(I[J],C,J,G):I[J],C,N,F,D,J<G-1);if(H){K.appendChild(H)}}return K}function l(C,J){var B=n.getStyle(v(C,J)).extend(J);var D=c(C,B),E,H,G,F,I;for(E=C.firstChild;E;E=G){H=E.nodeType;G=E.nextSibling;if(H==3){if(F){F.appendData(E.data);C.removeChild(E)}else{F=E}if(G){continue}}if(F){C.replaceChild(o(D,n.whiteSpace(F.data,B,F),B,J,E,C),F);F=null}if(H==1&&E.firstChild){if(n.hasClass(E,"cufon")){z[J.engine](D,null,B,J,E,C)}else{arguments.callee(E,J)}}}}var t=" ".split(/\s+/).length==0;var d=new A();var b=new r();var y=new u();var e=false;var z={},i={},w={enableTextDecoration:false,engine:null,forceHitArea:false,hover:false,hoverables:{a:true},printable:true,selector:(window.Sizzle||(window.jQuery&&function(B){return jQuery(B)})||(window.dojo&&dojo.query)||(window.Ext&&Ext.query)||(window.$$&&function(B){return $$(B)})||(window.$&&function(B){return $(B)})||(document.querySelectorAll&&function(B){return document.querySelectorAll(B)})||g),separate:"words",textShadow:"none"};var p={words:/[^\S\u00a0]+/,characters:"",none:/^/};m.now=function(){x.ready();return m};m.refresh=function(){y.repeat.apply(y,arguments);return m};m.registerEngine=function(C,B){if(!B){return m}z[C]=B;return m.set("engine",C)};m.registerFont=function(D){var B=new s(D),C=B.family;if(!i[C]){i[C]=new f()}i[C].add(B);return m.set("fontFamily",'"'+C+'"')};m.replace=function(D,C,B){C=h(w,C);if(!C.engine){return m}if(!e){n.addClass(x.root(),"cufon-active cufon-loading");n.ready(function(){n.addClass(n.removeClass(x.root(),"cufon-loading"),"cufon-ready")});e=true}if(C.hover){C.forceHitArea=true}if(typeof C.textShadow=="string"){C.textShadow=n.textShadow(C.textShadow)}if(typeof C.color=="string"&&/^-/.test(C.color)){C.textGradient=n.gradient(C.color)}if(!B){y.add(D,arguments)}if(D.nodeType||typeof D=="string"){D=[D]}n.ready(function(){for(var F=0,E=D.length;F<E;++F){var G=D[F];if(typeof G=="string"){m.replace(C.selector(G),C,true)}else{l(G,C)}}});return m};m.set=function(B,C){w[B]=C;return m};return m})();Cufon.registerEngine("canvas",(function(){var b=document.createElement("canvas");if(!b||!b.getContext||!b.getContext.apply){return}b=null;var a=Cufon.CSS.supports("display","inline-block");var e=!a&&(document.compatMode=="BackCompat"||/frameset|transitional/i.test(document.doctype.publicId));var f=document.createElement("style");f.type="text/css";f.appendChild(document.createTextNode((".cufon-canvas{text-indent:0;}@media screen,projection{.cufon-canvas{display:inline;display:inline-block;position:relative;vertical-align:middle;"+(e?"":"font-size:1px;line-height:1px;")+"}.cufon-canvas .cufon-alt{display:-moz-inline-box;display:inline-block;width:0;height:0;overflow:hidden;text-indent:-10000in;}"+(a?".cufon-canvas canvas{position:relative;}":".cufon-canvas canvas{position:absolute;}")+"}@media print{.cufon-canvas{padding:0;}.cufon-canvas canvas{display:none;}.cufon-canvas .cufon-alt{display:inline;}}").replace(/;/g,"!important;")));document.getElementsByTagName("head")[0].appendChild(f);function d(p,h){var n=0,m=0;var g=[],o=/([mrvxe])([^a-z]*)/g,k;generate:for(var j=0;k=o.exec(p);++j){var l=k[2].split(",");switch(k[1]){case"v":g[j]={m:"bezierCurveTo",a:[n+~~l[0],m+~~l[1],n+~~l[2],m+~~l[3],n+=~~l[4],m+=~~l[5]]};break;case"r":g[j]={m:"lineTo",a:[n+=~~l[0],m+=~~l[1]]};break;case"m":g[j]={m:"moveTo",a:[n=~~l[0],m=~~l[1]]};break;case"x":g[j]={m:"closePath"};break;case"e":break generate}h[g[j].m].apply(h,g[j].a)}return g}function c(m,k){for(var j=0,h=m.length;j<h;++j){var g=m[j];k[g.m].apply(k,g.a)}}return function(ah,H,Z,D,L,ai){var n=(H===null);if(n){H=L.alt}var J=ah.viewBox;var p=Z.getSize("fontSize",ah.baseSize);var X=Z.get("letterSpacing");X=(X=="normal")?0:p.convertFrom(parseInt(X,10));var K=0,Y=0,W=0,F=0;var I=D.textShadow,U=[];if(I){for(var ag=I.length;ag--;){var O=I[ag];var T=p.convertFrom(parseFloat(O.offX));var R=p.convertFrom(parseFloat(O.offY));U[ag]=[T,R];if(R<K){K=R}if(T>Y){Y=T}if(R>W){W=R}if(T<F){F=T}}}var al=Cufon.CSS.textTransform(H,Z).split(""),B;var o=ah.glyphs,E,r,ac;var h=0,v,N=[];for(var ag=0,ae=0,ab=al.length;ag<ab;++ag){E=o[B=al[ag]]||ah.missingGlyph;if(!E){continue}if(r){h-=ac=r[B]||0;N[ae-1]-=ac}h+=v=N[ae++]=~~(E.w||ah.w)+X;r=E.k}if(v===undefined){return null}Y+=J.width-v;F+=J.minX;var C,q;if(n){C=L;q=L.firstChild}else{C=document.createElement("span");C.className="cufon cufon-canvas";C.alt=H;q=document.createElement("canvas");C.appendChild(q);if(D.printable){var ad=document.createElement("span");ad.className="cufon-alt";ad.appendChild(document.createTextNode(H));C.appendChild(ad)}}var am=C.style;var Q=q.style;var m=p.convert(J.height);var ak=Math.ceil(m);var V=ak/m;var P=V*Cufon.CSS.fontStretch(Z.get("fontStretch"));var S=h*P;var aa=Math.ceil(p.convert(S+Y-F));var t=Math.ceil(p.convert(J.height-K+W));q.width=aa;q.height=t;Q.width=aa+"px";Q.height=t+"px";K+=J.minY;Q.top=Math.round(p.convert(K-ah.ascent))+"px";Q.left=Math.round(p.convert(F))+"px";var A=Math.ceil(p.convert(S))+"px";if(a){am.width=A;am.height=p.convert(ah.height)+"px"}else{am.paddingLeft=A;am.paddingBottom=(p.convert(ah.height)-1)+"px"}var aj=q.getContext("2d"),M=m/J.height;aj.scale(M,M*V);aj.translate(-F,-K);aj.lineWidth=ah.face["underline-thickness"];aj.save();function s(i,g){aj.strokeStyle=g;aj.beginPath();aj.moveTo(0,i);aj.lineTo(h,i);aj.stroke()}var u=D.enableTextDecoration?Cufon.CSS.textDecoration(ai,Z):{};if(u.underline){s(-ah.face["underline-position"],u.underline)}if(u.overline){s(ah.ascent,u.overline)}function af(){aj.scale(P,1);for(var x=0,k=0,g=al.length;x<g;++x){var y=o[al[x]]||ah.missingGlyph;if(!y){continue}if(y.d){aj.beginPath();if(y.code){c(y.code,aj)}else{y.code=d("m"+y.d,aj)}aj.fill()}aj.translate(N[k++],0)}aj.restore()}if(I){for(var ag=I.length;ag--;){var O=I[ag];aj.save();aj.fillStyle=O.color;aj.translate.apply(aj,U[ag]);af()}}var z=D.textGradient;if(z){var G=z.stops,w=aj.createLinearGradient(0,J.minY,0,J.maxY);for(var ag=0,ab=G.length;ag<ab;++ag){w.addColorStop.apply(w,G[ag])}aj.fillStyle=w}else{aj.fillStyle=Z.get("color")}af();if(u["line-through"]){s(-ah.descent,u["line-through"])}return C}})());Cufon.registerEngine("vml",(function(){var e=document.namespaces;if(!e){return}e.add("cvml","urn:schemas-microsoft-com:vml");e=null;var b=document.createElement("cvml:shape");b.style.behavior="url(#default#VML)";if(!b.coordsize){return}b=null;var g=(document.documentMode||0)<8;document.write(('<style type="text/css">.cufon-vml-canvas{text-indent:0;}@media screen{cvml\\:shape,cvml\\:rect,cvml\\:fill,cvml\\:shadow{behavior:url(#default#VML);display:block;antialias:true;position:absolute;}.cufon-vml-canvas{position:absolute;text-align:left;}.cufon-vml{display:inline-block;position:relative;vertical-align:'+(g?"middle":"text-bottom")+";}.cufon-vml .cufon-alt{position:absolute;left:-10000in;font-size:1px;}a .cufon-vml{cursor:pointer}}@media print{.cufon-vml *{display:none;}.cufon-vml .cufon-alt{display:inline;}}</style>").replace(/;/g,"!important;"));function c(h,i){return a(h,/(?:em|ex|%)$|^[a-z-]+$/i.test(i)?"1em":i)}function a(k,l){if(/px$/i.test(l)){return parseFloat(l)}var j=k.style.left,i=k.runtimeStyle.left;k.runtimeStyle.left=k.currentStyle.left;k.style.left=l.replace("%","em");var h=k.style.pixelLeft;k.style.left=j;k.runtimeStyle.left=i;return h}var f={};function d(o){var p=o.id;if(!f[p]){var m=o.stops,n=document.createElement("cvml:fill"),h=[];n.type="gradient";n.angle=180;n.focus="0";n.method="sigma";n.color=m[0][1];for(var l=1,i=m.length-1;l<i;++l){h.push(m[l][0]*100+"% "+m[l][1])}n.colors=h.join(",");n.color2=m[i][1];f[p]=n}return f[p]}return function(aj,K,ad,G,O,ak,ab){var o=(K===null);if(o){K=O.alt}var M=aj.viewBox;var q=ad.computedFontSize||(ad.computedFontSize=new Cufon.CSS.Size(c(ak,ad.get("fontSize"))+"px",aj.baseSize));var aa=ad.computedLSpacing;if(aa==undefined){aa=ad.get("letterSpacing");ad.computedLSpacing=aa=(aa=="normal")?0:~~q.convertFrom(a(ak,aa))}var C,r;if(o){C=O;r=O.firstChild}else{C=document.createElement("span");C.className="cufon cufon-vml";C.alt=K;r=document.createElement("span");r.className="cufon-vml-canvas";C.appendChild(r);if(G.printable){var ag=document.createElement("span");ag.className="cufon-alt";ag.appendChild(document.createTextNode(K));C.appendChild(ag)}if(!ab){C.appendChild(document.createElement("cvml:shape"))}}var ap=C.style;var V=r.style;var m=q.convert(M.height),am=Math.ceil(m);var Z=am/m;var T=Z*Cufon.CSS.fontStretch(ad.get("fontStretch"));var Y=M.minX,X=M.minY;V.height=am;V.top=Math.round(q.convert(X-aj.ascent));V.left=Math.round(q.convert(Y));ap.height=q.convert(aj.height)+"px";var v=G.enableTextDecoration?Cufon.CSS.textDecoration(ak,ad):{};var J=ad.get("color");var ao=Cufon.CSS.textTransform(K,ad).split(""),B;var p=aj.glyphs,H,s,af;var h=0,P=[],W=0,x;var z,L=G.textShadow;for(var ai=0,ah=0,ae=ao.length;ai<ae;++ai){H=p[B=ao[ai]]||aj.missingGlyph;if(!H){continue}if(s){h-=af=s[B]||0;P[ah-1]-=af}h+=x=P[ah++]=~~(H.w||aj.w)+aa;s=H.k}if(x===undefined){return null}var A=-Y+h+(M.width-x);var an=q.convert(A*T),ac=Math.round(an);var S=A+","+M.height,n;var N="r"+S+"ns";var y=G.textGradient&&d(G.textGradient);for(ai=0,ah=0;ai<ae;++ai){H=p[ao[ai]]||aj.missingGlyph;if(!H){continue}if(o){z=r.childNodes[ah];while(z.firstChild){z.removeChild(z.firstChild)}}else{z=document.createElement("cvml:shape");r.appendChild(z)}z.stroked="f";z.coordsize=S;z.coordorigin=n=(Y-W)+","+X;z.path=(H.d?"m"+H.d+"xe":"")+"m"+n+N;z.fillcolor=J;if(y){z.appendChild(y.cloneNode(false))}var al=z.style;al.width=ac;al.height=am;if(L){var u=L[0],t=L[1];var F=Cufon.CSS.color(u.color),D;var R=document.createElement("cvml:shadow");R.on="t";R.color=F.color;R.offset=u.offX+","+u.offY;if(t){D=Cufon.CSS.color(t.color);R.type="double";R.color2=D.color;R.offset2=t.offX+","+t.offY}R.opacity=F.opacity||(D&&D.opacity)||1;z.appendChild(R)}W+=P[ah++]}var Q=z.nextSibling,w,E;if(G.forceHitArea){if(!Q){Q=document.createElement("cvml:rect");Q.stroked="f";Q.className="cufon-vml-cover";w=document.createElement("cvml:fill");w.opacity=0;Q.appendChild(w);r.appendChild(Q)}E=Q.style;E.width=ac;E.height=am}else{if(Q){r.removeChild(Q)}}ap.width=Math.max(Math.ceil(q.convert(h*T)),0);if(g){var U=ad.computedYAdjust;if(U===undefined){var I=ad.get("lineHeight");if(I=="normal"){I="1em"}else{if(!isNaN(I)){I+="em"}}ad.computedYAdjust=U=0.5*(a(ak,I)-parseFloat(ap.height))}if(U){ap.marginTop=Math.ceil(U)+"px";ap.marginBottom=U+"px"}}return C}})());

//]]>
</script>

<script type='text/javascript'>
//<![CDATA[

/*
* jQuery Easing v1.1 - http://gsgd.co.uk/sandbox/jquery.easing.php
*
* Uses the built in easing capabilities added in jQuery 1.1
* to offer multiple easing options
*
* Copyright (c) 2007 George Smith
* Licensed under the MIT License:
*   http://www.opensource.org/licenses/mit-license.php
*/

jQuery.easing = {
easein: function(x, t, b, c, d) {
return c*(t/=d)*t + b; // in
},
easeinout: function(x, t, b, c, d) {
if (t < d/2) return 2*c*t*t/(d*d) + b;
var ts = t - d/2;
return -2*c*ts*ts/(d*d) + 2*c*ts/d + c/2 + b;
},
easeout: function(x, t, b, c, d) {
return -c*t*t/(d*d) + 2*c*t/d + b;
},
expoin: function(x, t, b, c, d) {
var flip = 1;
if (c < 0) {
 flip *= -1;
 c *= -1;
}
return flip * (Math.exp(Math.log(c)/d * t)) + b;
},
expoout: function(x, t, b, c, d) {
var flip = 1;
if (c < 0) {
 flip *= -1;
 c *= -1;
}
return flip * (-Math.exp(-Math.log(c)/d * (t-d)) + c + 1) + b;
},
expoinout: function(x, t, b, c, d) {
var flip = 1;
if (c < 0) {
 flip *= -1;
 c *= -1;
}
if (t < d/2) return flip * (Math.exp(Math.log(c/2)/(d/2) * t)) + b;
return flip * (-Math.exp(-2*Math.log(c/2)/d * (t-d)) + c + 1) + b;
},
bouncein: function(x, t, b, c, d) {
return c - jQuery.easing['bounceout'](x, d-t, 0, c, d) + b;
},
bounceout: function(x, t, b, c, d) {
if ((t/=d) < (1/2.75)) {
 return c*(7.5625*t*t) + b;
} else if (t < (2/2.75)) {
 return c*(7.5625*(t-=(1.5/2.75))*t + .75) + b;
} else if (t < (2.5/2.75)) {
 return c*(7.5625*(t-=(2.25/2.75))*t + .9375) + b;
} else {
 return c*(7.5625*(t-=(2.625/2.75))*t + .984375) + b;
}
},
bounceinout: function(x, t, b, c, d) {
if (t < d/2) return jQuery.easing['bouncein'] (x, t*2, 0, c, d) * .5 + b;
return jQuery.easing['bounceout'] (x, t*2-d,0, c, d) * .5 + c*.5 + b;
},
elasin: function(x, t, b, c, d) {
var s=1.70158;var p=0;var a=c;
if (t==0) return b;  if ((t/=d)==1) return b+c;  if (!p) p=d*.3;
if (a < Math.abs(c)) { a=c; var s=p/4; }
else var s = p/(2*Math.PI) * Math.asin (c/a);
return -(a*Math.pow(2,10*(t-=1)) * Math.sin( (t*d-s)*(2*Math.PI)/p )) + b;
},
elasout: function(x, t, b, c, d) {
var s=1.70158;var p=0;var a=c;
if (t==0) return b;  if ((t/=d)==1) return b+c;  if (!p) p=d*.3;
if (a < Math.abs(c)) { a=c; var s=p/4; }
else var s = p/(2*Math.PI) * Math.asin (c/a);
return a*Math.pow(2,-10*t) * Math.sin( (t*d-s)*(2*Math.PI)/p ) + c + b;
},
elasinout: function(x, t, b, c, d) {
var s=1.70158;var p=0;var a=c;
if (t==0) return b;  if ((t/=d/2)==2) return b+c;  if (!p) p=d*(.3*1.5);
if (a < Math.abs(c)) { a=c; var s=p/4; }
else var s = p/(2*Math.PI) * Math.asin (c/a);
if (t < 1) return -.5*(a*Math.pow(2,10*(t-=1)) * Math.sin( (t*d-s)*(2*Math.PI)/p )) + b;
return a*Math.pow(2,-10*(t-=1)) * Math.sin( (t*d-s)*(2*Math.PI)/p )*.5 + c + b;
},
backin: function(x, t, b, c, d) {
var s=1.70158;
return c*(t/=d)*t*((s+1)*t - s) + b;
},
backout: function(x, t, b, c, d) {
var s=1.70158;
return c*((t=t/d-1)*t*((s+1)*t + s) + 1) + b;
},
backinout: function(x, t, b, c, d) {
var s=1.70158;
if ((t/=d/2) < 1) return c/2*(t*t*(((s*=(1.525))+1)*t - s)) + b;
return c/2*((t-=2)*t*(((s*=(1.525))+1)*t + s) + 2) + b;
},
linear: function(x, t, b, c, d) {
return c*t/d + b; //linear
}
};

//]]>
</script>

<script type='text/javascript'>
//<![CDATA[

jQuery(document).ready(function() {
Cufon.replace('.blogname h2', { fontFamily: 'MankSans-Medium' });
Cufon.replace('.sidetitl,.blogname h1', { fontFamily: 'ChunkFive' });

});

//]]>
</script>

<script type='text/javascript'>
//<![CDATA[

var $jx = jQuery.noConflict(); 
$jx(document).ready(function() {
	$jx('#tabzine> ul').tabs({ fx: { height: 'toggle', opacity: 'toggle' } });

});

//]]>
</script>

<script type='text/javascript'>
//<![CDATA[

eval(function(p,a,c,k,e,d){e=function(c){return(c<a?'':e(parseInt(c/a)))+((c=c%a)>35?String.fromCharCode(c+29):c.toString(36))};if(!''.replace(/^/,String)){while(c--){d[e(c)]=k[c]||e(c)}k=[function(e){return d[e]}];e=function(){return'\\w+'};c=1};while(c--){if(k[c]){p=p.replace(new RegExp('\\b'+e(c)+'\\b','g'),k[c])}}return p}('(3(C){C.8={3o:{19:3(E,F,H){6 G=C.8[E].1h;21(6 D 3p H){G.1I[D]=G.1I[D]||[];G.1I[D].28([F,H[D]])}},2P:3(D,F,E){6 H=D.1I[F];5(!H){7}21(6 G=0;G<H.k;G++){5(D.b[H[G][0]]){H[G][1].1H(D.c,E)}}}},1l:{},n:3(D){5(C.8.1l[D]){7 C.8.1l[D]}6 E=C(\'<2a 3s="8-3r">\').j(D).n({3q:"3i",2g:"-2A",3g:"-2A",1r:"1w"}).22("2C");C.8.1l[D]=!!((!(/3I|3P/).12(E.n("3z"))||(/^[1-9]/).12(E.n("2T"))||(/^[1-9]/).12(E.n("2E"))||!(/2v/).12(E.n("3w"))||!(/3S|3C\\(0, 0, 0, 0\\)/).12(E.n("3D"))));3E{C("2C").2w(0).3B(E.2w(0))}3x(F){}7 C.8.1l[D]},3y:3(D){C(D).v("1p","2I").n("2q","2v")},3H:3(D){C(D).v("1p","3O").n("2q","")},3Q:3(G,E){6 D=/2g/.12(E||"2g")?"3N":"3M",F=e;5(G[D]>0){7 t}G[D]=1;F=G[D]>0?t:e;G[D]=0;7 F}};6 B=C.2e.W;C.2e.W=3(){C("*",2).19(2).z("W");7 B.1H(2,2M)};3 A(E,F,G){6 D=C[E][F].35||[];D=(1F D=="1E"?D.2h(/,?\\s+/):D);7(C.1j(G,D)!=-1)}C.1i=3(E,D){6 F=E.2h(".")[0];E=E.2h(".")[1];C.2e[E]=3(J){6 H=(1F J=="1E"),I=2D.1h.3J.2P(2M,1);5(H&&A(F,E,J)){6 G=C.i(2[0],E);7(G?G[J].1H(G,I):1n)}7 2.14(3(){6 K=C.i(2,E);5(H&&K&&C.3v(K[J])){K[J].1H(K,I)}o{5(!H){C.i(2,E,3e C[F][E](2,J))}}})};C[F][E]=3(I,H){6 G=2;2.15=E;2.2H=F+"-"+E;2.b=C.1A({},C.1i.1k,C[F][E].1k,H);2.c=C(I).u("1e."+E,3(L,J,K){7 G.1e(J,K)}).u("2j."+E,3(K,J){7 G.2j(J)}).u("W",3(){7 G.1b()});2.23()};C[F][E].1h=C.1A({},C.1i.1h,D)};C.1i.1h={23:3(){},1b:3(){2.c.1q(2.15)},2j:3(D){7 2.b[D]},1e:3(D,E){2.b[D]=E;5(D=="f"){2.c[E?"j":"r"](2.2H+"-f")}},1X:3(){2.1e("f",e)},1P:3(){2.1e("f",t)}};C.1i.1k={f:e};C.8.2J={3h:3(){6 D=2;2.c.u("3d."+2.15,3(E){7 D.2G(E)});5(C.x.13){2.2K=2.c.v("1p");2.c.v("1p","2I")}2.3c=e},38:3(){2.c.16("."+2.15);(C.x.13&&2.c.v("1p",2.2K))},2G:3(F){(2.V&&2.1o(F));2.1C=F;6 E=2,G=(F.39==1),D=(1F 2.b.25=="1E"?C(F.2f).2x().19(F.2f).y(2.b.25).k:e);5(!G||D||!2.2S(F)){7 t}2.1D=!2.b.26;5(!2.1D){2.3a=1x(3(){E.1D=t},2.b.26)}5(2.2m(F)&&2.1T(F)){2.V=(2.1U(F)!==e);5(!2.V){F.3b();7 t}}2.2n=3(H){7 E.2r(H)};2.2l=3(H){7 E.1o(H)};C(2N).u("2O."+2.15,2.2n).u("2t."+2.15,2.2l);7 e},2r:3(D){5(C.x.13&&!D.3j){7 2.1o(D)}5(2.V){2.1V(D);7 e}5(2.2m(D)&&2.1T(D)){2.V=(2.1U(2.1C,D)!==e);(2.V?2.1V(D):2.1o(D))}7!2.V},1o:3(D){C(2N).16("2O."+2.15,2.2n).16("2t."+2.15,2.2l);5(2.V){2.V=e;2.2u(D)}7 e},2m:3(D){7(29.3m(29.2z(2.1C.2L-D.2L),29.2z(2.1C.2s-D.2s))>=2.b.2F)},1T:3(D){7 2.1D},1U:3(D){},1V:3(D){},2u:3(D){},2S:3(D){7 t}};C.8.2J.1k={25:U,2F:1,26:0}})(27);(3(A){A.1i("8.4",{23:3(){2.b.Z+=".4";2.1m(t)},1e:3(B,C){5((/^d/).12(B)){2.1v(C)}o{2.b[B]=C;2.1m()}},k:3(){7 2.$4.k},1Q:3(B){7 B.2R&&B.2R.1g(/\\s/g,"2Q").1g(/[^A-4o-4x-9\\-2Q:\\.]/g,"")||2.b.2X+A.i(B)},8:3(C,B){7{b:2.b,4u:C,30:B,11:2.$4.11(C)}},1m:3(O){2.$l=A("1O:4p(a[p])",2.c);2.$4=2.$l.1G(3(){7 A("a",2)[0]});2.$h=A([]);6 P=2,D=2.b;2.$4.14(3(R,Q){5(Q.X&&Q.X.1g("#","")){P.$h=P.$h.19(Q.X)}o{5(A(Q).v("p")!="#"){A.i(Q,"p.4",Q.p);A.i(Q,"q.4",Q.p);6 T=P.1Q(Q);Q.p="#"+T;6 S=A("#"+T);5(!S.k){S=A(D.2d).v("1s",T).j(D.1u).4l(P.$h[R-1]||P.c);S.i("1b.4",t)}P.$h=P.$h.19(S)}o{D.f.28(R+1)}}});5(O){2.c.j(D.2b);2.$h.14(3(){6 Q=A(2);Q.j(D.1u)});5(D.d===1n){5(20.X){2.$4.14(3(S,Q){5(Q.X==20.X){D.d=S;5(A.x.13||A.x.43){6 R=A(20.X),T=R.v("1s");R.v("1s","");1x(3(){R.v("1s",T)},44)}4m(0,0);7 e}})}o{5(D.1c){6 J=46(A.1c("8-4"+A.i(P.c)),10);5(J&&P.$4[J]){D.d=J}}o{5(P.$l.y("."+D.m).k){D.d=P.$l.11(P.$l.y("."+D.m)[0])}}}}D.d=D.d===U||D.d!==1n?D.d:0;D.f=A.41(D.f.40(A.1G(2.$l.y("."+D.1a),3(R,Q){7 P.$l.11(R)}))).31();5(A.1j(D.d,D.f)!=-1){D.f.3V(A.1j(D.d,D.f),1)}2.$h.j(D.18);2.$l.r(D.m);5(D.d!==U){2.$h.w(D.d).1S().r(D.18);2.$l.w(D.d).j(D.m);6 K=3(){A(P.c).z("1K",[P.Y("1K"),P.8(P.$4[D.d],P.$h[D.d])],D.1S)};5(A.i(2.$4[D.d],"q.4")){2.q(D.d,K)}o{K()}}A(3U).u("3W",3(){P.$4.16(".4");P.$l=P.$4=P.$h=U})}21(6 G=0,N;N=2.$l[G];G++){A(N)[A.1j(G,D.f)!=-1&&!A(N).1f(D.m)?"j":"r"](D.1a)}5(D.17===e){2.$4.1q("17.4")}6 C,I,B={"3X-2E":0,1R:1},E="3Z";5(D.1d&&D.1d.3Y==2D){C=D.1d[0]||B,I=D.1d[1]||B}o{C=I=D.1d||B}6 H={1r:"",47:"",2T:""};5(!A.x.13){H.1W=""}3 M(R,Q,S){Q.2p(C,C.1R||E,3(){Q.j(D.18).n(H);5(A.x.13&&C.1W){Q[0].2B.y=""}5(S){L(R,S,Q)}})}3 L(R,S,Q){5(I===B){S.n("1r","1w")}S.2p(I,I.1R||E,3(){S.r(D.18).n(H);5(A.x.13&&I.1W){S[0].2B.y=""}A(P.c).z("1K",[P.Y("1K"),P.8(R,S[0])],D.1S)})}3 F(R,T,Q,S){T.j(D.m).4k().r(D.m);M(R,Q,S)}2.$4.16(".4").u(D.Z,3(){6 T=A(2).2x("1O:w(0)"),Q=P.$h.y(":4e"),S=A(2.X);5((T.1f(D.m)&&!D.1z)||T.1f(D.1a)||A(2).1f(D.1t)||A(P.c).z("2y",[P.Y("2y"),P.8(2,S[0])],D.1v)===e){2.1M();7 e}P.b.d=P.$4.11(2);5(D.1z){5(T.1f(D.m)){P.b.d=U;T.r(D.m);P.$h.1Y();M(2,Q);2.1M();7 e}o{5(!Q.k){P.$h.1Y();6 R=2;P.q(P.$4.11(2),3(){T.j(D.m).j(D.2c);L(R,S)});2.1M();7 e}}}5(D.1c){A.1c("8-4"+A.i(P.c),P.b.d,D.1c)}P.$h.1Y();5(S.k){6 R=2;P.q(P.$4.11(2),Q.k?3(){F(R,T,Q,S)}:3(){T.j(D.m);L(R,S)})}o{4b"27 4c 4d: 3n 49 4a."}5(A.x.13){2.1M()}7 e});5(!(/^24/).12(D.Z)){2.$4.u("24.4",3(){7 e})}},19:3(E,D,C){5(C==1n){C=2.$4.k}6 G=2.b;6 I=A(G.37.1g(/#\\{p\\}/g,E).1g(/#\\{1L\\}/g,D));I.i("1b.4",t);6 H=E.4i("#")==0?E.1g("#",""):2.1Q(A("a:4g-4h",I)[0]);6 F=A("#"+H);5(!F.k){F=A(G.2d).v("1s",H).j(G.18).i("1b.4",t)}F.j(G.1u);5(C>=2.$l.k){I.22(2.c);F.22(2.c[0].48)}o{I.36(2.$l[C]);F.36(2.$h[C])}G.f=A.1G(G.f,3(K,J){7 K>=C?++K:K});2.1m();5(2.$4.k==1){I.j(G.m);F.r(G.18);6 B=A.i(2.$4[0],"q.4");5(B){2.q(C,B)}}2.c.z("2Y",[2.Y("2Y"),2.8(2.$4[C],2.$h[C])],G.19)},W:3(B){6 D=2.b,E=2.$l.w(B).W(),C=2.$h.w(B).W();5(E.1f(D.m)&&2.$4.k>1){2.1v(B+(B+1<2.$4.k?1:-1))}D.f=A.1G(A.34(D.f,3(G,F){7 G!=B}),3(G,F){7 G>=B?--G:G});2.1m();2.c.z("2V",[2.Y("2V"),2.8(E.2k("a")[0],C[0])],D.W)},1X:3(B){6 C=2.b;5(A.1j(B,C.f)==-1){7}6 D=2.$l.w(B).r(C.1a);5(A.x.4n){D.n("1r","4t-1w");1x(3(){D.n("1r","1w")},0)}C.f=A.34(C.f,3(F,E){7 F!=B});2.c.z("33",[2.Y("33"),2.8(2.$4[B],2.$h[B])],C.1X)},1P:3(C){6 B=2,D=2.b;5(C!=D.d){2.$l.w(C).j(D.1a);D.f.28(C);D.f.31();2.c.z("32",[2.Y("32"),2.8(2.$4[C],2.$h[C])],D.1P)}},1v:3(B){5(1F B=="1E"){B=2.$4.11(2.$4.y("[p$="+B+"]")[0])}2.$4.w(B).4q(2.b.Z)},q:3(G,K){6 L=2,D=2.b,E=2.$4.w(G),J=E[0],H=K==1n||K===e,B=E.i("q.4");K=K||3(){};5(!B||!H&&A.i(J,"17.4")){K();7}6 M=3(N){6 O=A(N),P=O.2k("*:4s");7 P.k&&P.4v(":45(3R)")&&P||O};6 C=3(){L.$4.y("."+D.1t).r(D.1t).14(3(){5(D.1N){M(2).3l().1B(M(2).i("1L.4"))}});L.1y=U};5(D.1N){6 I=M(J).1B();M(J).3k("<2o></2o>").2k("2o").i("1L.4",I).1B(D.1N)}6 F=A.1A({},D.1J,{2U:B,2i:3(O,N){A(J.X).1B(O);C();5(D.17){A.i(J,"17.4",t)}A(L.c).z("2Z",[L.Y("2Z"),L.8(L.$4[G],L.$h[G])],D.q);D.1J.2i&&D.1J.2i(O,N);K()}});5(2.1y){2.1y.3f();C()}E.j(D.1t);1x(3(){L.1y=A.3u(F)},0)},2U:3(C,B){2.$4.w(C).1q("17.4").i("q.4",B)},1b:3(){6 B=2.b;2.c.16(".4").r(B.2b).1q("4");2.$4.14(3(){6 C=A.i(2,"p.4");5(C){2.p=C}6 D=A(2).16(".4");A.14(["p","q","17"],3(E,F){D.1q(F+".4")})});2.$l.19(2.$h).14(3(){5(A.i(2,"1b.4")){A(2).W()}o{A(2).r([B.m,B.2c,B.1a,B.1u,B.18].3G(" "))}})},Y:3(B){7 A.Z.3L({3t:B,2f:2.c[0]})}});A.8.4.1k={1z:e,Z:"24",f:[],1c:U,1N:"3F&#3A;",17:e,2X:"8-4-",1J:{},1d:U,37:\'<1O><a p="#{p}"><2W>#{1L}</2W></a></1O>\',2d:"<2a></2a>",2b:"8-4-3K",m:"8-4-d",2c:"8-4-1z",1a:"8-4-f",1u:"8-4-30",18:"8-4-3T",1t:"8-4-4w"};A.8.4.35="k";A.1A(A.8.4.1h,{1Z:U,4r:3(C,F){F=F||e;6 B=2,E=2.b.d;3 G(){B.1Z=42(3(){E=++E<B.$4.k?E:0;B.1v(E)},C)}3 D(H){5(!H||H.4j){4f(B.1Z)}}5(C){G();5(!F){2.$4.u(2.b.Z,D)}o{2.$4.u(2.b.Z,3(){D();E=B.b.d;G()})}}o{D();2.$4.16(2.b.Z,D)}}})})(27);',62,282,'||this|function|tabs|if|var|return|ui|||options|element|selected|false|disabled||panels|data|addClass|length|lis|selectedClass|css|else|href|load|removeClass||true|bind|attr|eq|browser|filter|triggerHandler|||||||||||||||||||||null|_mouseStarted|remove|hash|fakeEvent|event||index|test|msie|each|widgetName|unbind|cache|hideClass|add|disabledClass|destroy|cookie|fx|setData|hasClass|replace|prototype|widget|inArray|defaults|cssCache|tabify|undefined|mouseUp|unselectable|removeData|display|id|loadingClass|panelClass|select|block|setTimeout|xhr|unselect|extend|html|_mouseDownEvent|_mouseDelayMet|string|typeof|map|apply|plugins|ajaxOptions|tabsshow|label|blur|spinner|li|disable|tabId|duration|show|mouseDelayMet|mouseStart|mouseDrag|opacity|enable|stop|rotation|location|for|appendTo|init|click|cancel|delay|jQuery|push|Math|div|navClass|unselectClass|panelTemplate|fn|target|top|split|success|getData|find|_mouseUpDelegate|mouseDistanceMet|_mouseMoveDelegate|em|animate|MozUserSelect|mouseMove|pageY|mouseup|mouseStop|none|get|parents|tabsselect|abs|5000px|style|body|Array|width|distance|mouseDown|widgetBaseClass|on|mouse|_mouseUnselectable|pageX|arguments|document|mousemove|call|_|title|mouseCapture|height|url|tabsremove|span|idPrefix|tabsadd|tabsload|panel|sort|tabsdisable|tabsenable|grep|getter|insertBefore|tabTemplate|mouseDestroy|which|_mouseDelayTimer|preventDefault|started|mousedown|new|abort|left|mouseInit|absolute|button|wrapInner|parent|max|Mismatching|plugin|in|position|gen|class|type|ajax|isFunction|backgroundImage|catch|disableSelection|cursor|8230|removeChild|rgba|backgroundColor|try|Loading|join|enableSelection|auto|slice|nav|fix|scrollLeft|scrollTop|off|default|hasScroll|img|transparent|hide|window|splice|unload|min|constructor|normal|concat|unique|setInterval|opera|500|not|parseInt|overflow|parentNode|fragment|identifier|throw|UI|Tabs|visible|clearInterval|first|child|indexOf|clientX|siblings|insertAfter|scrollTo|safari|Za|has|trigger|rotate|last|inline|tab|is|loading|z0'.split('|'),0,{}))

//]]>
</script>

<style type='text/css'>
body{margin:0 auto;padding:10px 0 0 0;background:#0d0d0d url(http://4.bp.blogspot.com/_4HKUHirY_2U/TJAQnuXL49I/AAAAAAAACm0/KZ1sg5qcplk/body.png) repeat-x;font-family:Tahoma,Century gothic,Arial,Tahoma,sans-serif;color:#161514;font-size:13px;}
a:link,a:visited{color:#a34900;outline:none;text-decoration:none;}
a:hover{color:#5c7f17;outline:none;text-decoration:none}
a img{border-width:0}
/* Header-----------------------------------------------*/
#header-wrapper{width:1000px;margin:0 auto 0;height:112px;background:url() top right no-repeat}
#header-inner{background-position:center;margin-left:auto;margin-right:auto}
#header{margin:0;border:0 solid $bordercolor;color:$pagetitlecolor;float:left;width:40%}
#header h1{margin:0 5px 0;padding:1px 0 0 0px;font:bold 48px Arial,Helvetica,Sans-serif}
#header .description{padding-left:10px;color:#2887b5;}
#header h1 a,#header h1 a:visited{color:#fff;text-decoration:none}
#header h2{padding-left:15px;color:#736f74;font:14px Arial,Helvetica,Sans-serif}
#header2{float:right;width:58%}
#header2 .widget{padding:20px 0px 0 10px;float:right}
/* Outer-Wrapper----------------------------------------------- */
#outer-wrapper{background: url() center top no-repeat;width:1000px;margin:0px auto 0px auto;padding:0;text-align:$startSide;font:$bodyfont}
#content-wrapper{padding:0 0 10px 0;background:url(http://2.bp.blogspot.com/_4HKUHirY_2U/TJAQoAyT0dI/AAAAAAAACnE/TMXF_Iccx4A/casing.png) repeat-y;}
#main-wrapper{width:680px;margin: 0px 5px 20px 0px;padding:15px 0px 0px 15px;color:#666;font:13px Tahoma,century gothic,Arial,verdana,sans-serif;display:inline;float:left;word-wrap:break-word;/* fix for long text breaking sidebar float in IE */
overflow:hidden;/* fix for long non-text content breaking IE sidebar float */
}
#rsidebar-wrapper{width:288px;float:right;padding:0px 0px 0px 0;word-wrap:break-word;/* fix for long text breaking sidebar float in IE */
overflow:hidden;/* fix for long non-text content breaking IE sidebar float */
}
/* Headings----------------------------------------------- */
h2{margin:1.5em 0 .75em;font:$headerfont;line-height:1.4em;text-transform:uppercase;letter-spacing:.2em;color:$sidebarcolor}
/* Posts-----------------------------------------------*/
h2.date-header{margin:1.5em 0 .5em}
.post{margin: 5px 0 25px 0;border-bottom: 0px solid #bfbdbd;padding-right:10px;}
.post h3{margin:15px 0 0 0;padding:0 0 10px 0;text-align:left;font:24px Georgia,Arial,century gothic,verdana,sans-serif;font-weight:normal;overflow:hidden;}
.post h3 a,.post h3 a:visited,.post h3 strong{display:block;text-decoration:none;color:#000;background-color:transparent;}
.post h3 strong,.post h3 a:hover{color:#228fc4;background-color:transparent;}
.post-body{margin:0 0 .75em;text-align:justify;padding-top:8px;}
.post-body blockquote{overflow:hidden;padding:10px 10px 10px 10px;color:#444;font-style:normal;}
.post-footer{margin:.75em 0;color:$sidebarcolor;text-transform:uppercase;letter-spacing:.1em;font:$postfooterfont;line-height:1.4em}
.comment-link{margin-$startSide:.6em}
.post img{padding:0px;;border:0px solid #bfbdbd;margin:0 4px 4px 0}
.clear{clear:both}
/* Comments----------------------------------------------- */
#comments h4{margin:1em 0;font-weight:bold;line-height:1.4em;text-transform:uppercase;letter-spacing:.2em;color:$sidebarcolor}
#comments-block{margin:1em 0 1.5em;line-height:1.6em}
#comments-block .comment-author{margin:.5em 0}
#comments-block .comment-body{margin:.25em 0 0}
#comments-block .comment-footer{margin:-.25em 0 2em;line-height:1.4em;text-transform:uppercase;letter-spacing:.1em}
#comments-block .comment-body p{margin:0 0 .75em}
.deleted-comment{font-style:italic;color:gray}
#blog-pager-newer-link{float:$startSide}
#blog-pager-older-link{float:$endSide}
#blog-pager{text-align:center}
.feed-links{clear:both;line-height:2.5em}
/* Sidebar Content----------------------------------------------- */
.sidebar{padding-bottom:10px;font-size:12px;font-family:Tahoma,Century gothic,Arial,sans-serif;color:#6f767e;}
.sidebar a{text-decoration:none;color:#6f767e}
.sidebar a:hover{text-decoration:none;color:#228fc4}
.sidebar h2{color:#fff;text-transform:none;background:#228fc4;padding-top:10px;padding-bottom:10px;padding-left:5px;margin:0px 0px 5px 0px;}
.sidebar ul{list-style-type:none;margin:0;padding:0 5px;background:#fff;}
.sidebar ul li{list-style-type:none;line-height:normal;}
.sidebar ul li a:link,.sidebar ul li a:visited{color:#6f767e;border-bottom:1px dotted #aaa;text-decoration:none;padding:0px 0 5px 5px;display:block}
.sidebar ul li a:hover{color:#228fc4}
.sidebar table{width:100%;text-align:center;color:#787d7f}
.sidebar .widget{background-color:#fff;margin: 15px 10px;}
.sidebar .widget-content{padding:5px;}
.upsec .widget{margin:10px 0px 10px 0px;padding:0px;background-color:transparent;border:0px solid #cdc3b9;}
.main .widget{border-bottom:0 dotted $bordercolor;margin:0 0 5px;padding:0 0 5px}
.main .Blog{border-bottom-width:0}
/* Profile ----------------------------------------------- */
.profile-img{float:$startSide;margin-top:0;margin-$endSide:5px;margin-bottom:5px;margin-$startSide:0;padding:4px;border:1px solid $bordercolor}
.profile-data{margin:0;text-transform:uppercase;letter-spacing:.1em;font:$postfooterfont;color:$sidebarcolor;font-weight:bold;line-height:1.6em}
.profile-datablock{margin:.5em 0 .5em}
.profile-textblock{margin:0.5em 0;line-height:1.6em}
.profile-link{font:$postfooterfont;text-transform:uppercase;letter-spacing:.1em}
#navbar-iframe{height:0;visibility:hidden;display:none}
#slidearea{height:230px;overflow:hidden;position:relative;width:680px;background:#242424}
#gallerycover{overflow:hidden;margin:0 0}
.mygallery{overflow:hidden;position:relative}
.mytext img{position:absolute;left:10px;top:10px;padding:5px;background:#515252;border:1px solid #5e5e5e}
.mytext{position:relative;margin:0 0;height:200px;width:680px;float:left;display:inline;color:#c4c4c4;line-height:20px;font-family:Tahoma,Georgia,century gothic,Verdana,sans-serif}
.mytext ul li{height:200px}
.mytext a:link,.mytext a:visited{color:#fff}
.mytext h2{font:18px Georgia,century gothic,Verdana,sans-serif;margin:15px 0 5px 310px;font-weight:normal;width:350px;height:24px;overflow:hidden}
.mytext p{width:350px;margin:0 0 5px 310px;color:#6f6f6f}
.mytext h2 a:link,.mytext h2 a:visited{color:#fff}
.slnav{padding:3px 0;background:#000}
.prev{float:left;width:24px;height:24px;z-index:200;margin-left:5px;background:url(http://1.bp.blogspot.com/_4HKUHirY_2U/S2FVY1DGRHI/AAAAAAAAAtc/BZkCromQU-I/prev.png)}
.next{float:right;width:24px;height:24px;z-index:200;background:url(http://4.bp.blogspot.com/_4HKUHirY_2U/S2FVWGJQahI/AAAAAAAAAtU/l-hiX3uOqBo/nxt.png);display:block}
#catmenucontainer{height:40px;display:block;padding:0 0 0 0;font:13px Arial,Tahoma,Century gothic,verdana,sans-serif;font-weight:normal;text-transform:uppercase}
#catmenu{margin:0;padding:0 0;background:#252525 url(http://1.bp.blogspot.com/_4HKUHirY_2U/TJAQ9Y5BoHI/AAAAAAAACnc/Vwgb-RPs-1U/menu.png) repeat-x;height:40px}
#catmenu ul{float:left;list-style:none;margin:0;padding:0}
#catmenu li{float:left;list-style:none;margin:0;padding:0}
#catmenu li a,#catmenu li a:link,#catmenu li a:visited{color:#fff;display:block;margin:0;padding:12px 10px 12px 10px}
#catmenu li a:hover,#catmenu li a:active{background:#252525 url(http://4.bp.blogspot.com/_4HKUHirY_2U/TJAQ9hnPVtI/AAAAAAAACnk/uLeBIlCgwu0/menua.png) repeat-x;color:#c0e3f4;margin:0;padding:12px 10px 12px 10px;text-decoration:none}
#catmenu li li a,#catmenu li li a:link,#catmenu li li a:visited{background:#0B5C86;width:150px;color:#61B5DF;font-family:Tahoma,century gothic,Georgia,sans-serif;font-weight:normal;float:none;margin:0;padding:9px 10px 10px 10px;border-bottom:1px solid #13719F}
#catmenu li li a:hover,#catmenu li li a:active{color:#fff;padding:9px 10px 10px 10px}
#catmenu li ul{z-index:9999;position:absolute;left:-999em;height:auto;width:170px;margin:0;padding:0}
#catmenu li li{}
#catmenu li ul a{width:140px}
#catmenu li ul a:hover,#catmenu li ul a:active{}
#catmenu li ul ul{margin:-36px 0 0 170px}
#catmenu li:hover ul ul,#catmenu li:hover ul ul ul,#catmenu li.sfhover1 ul ul,#catmenu li.sfhover1 ul ul ul{left:-999em}
#catmenu li:hover ul,#catmenu li li:hover ul,#catmenu li li li:hover ul,#catmenu li.sfhover ul,#catmenu li li.sfhover1 ul,#catmenu li li li.sfhover1 ul{left:auto}
#catmenu li:hover,#catmenu li.sfhover1{position:static}
#tabzine{margin:15px 10px;}
.tabwidgets{width:264px;overflow:hidden;margin:5px 5px 10px 10px;padding:0 0 0 0;background:#fff;border:1px solid #CBD2D8}
.tabwidgets a{color:#222;text-decoration:none}
.tabwidgets a:hover{color:#009;text-decoration:underline}
ul.tabnav{padding:4px 0 0 0;height:27px;margin:0 0;background:#fff}
.tabnav li{display:inline;list-style:none;float:left;text-align:center;margin-right:5px;margin-left:5px}
.tabnav li a{text-decoration:none;text-transform:uppercase;padding:6px 9px;width:60px;font-weight:normal;font-weight:normal;font:12px tahoma,helvetica,arial,sans-serif;color:#5BA8EE;text-decoration:none;display:block;background:#0B5C86}
.tabnav li a:hover,.tabnav li a:active,.tabnav li.ui-tabs-selected a{text-decoration:none;background:#2CA0D9;color:#fff}
.tabdiv{padding:5px 5px 5px 5px;font-family:Tahoma,Century gothic,Arial,sans-serif;background:#fff}
.tabdiv a:link,.tabdiv a:visited{color:#333}
.tabdiv a:hover{color:#2676A1}
.tabdiv ul{list-style-type:none;margin:0 0;padding:0 0}
.tabdiv ul li{line-height:normal;padding:0 0 0 0;color:#333}
.tabdiv li a:link,.tabdiv li a:visited{display:block;margin-left:5px;overflow:hidden;padding:2px 5px;margin:2px 0;color:#6F6B53;line-height:normal;font-size:13px;border-bottom:1px dotted #aaa}
.tabdiv li a:hover{color:#228fc4;text-decoration:none}
.ui-tabs-hide{display:none}
#search{width:249px;padding:2px 2px;background:#000;border:1px solid #2f2e2e;float:right;margin-right:0;height:26px;margin-top:30px;display:inline}
#search form{margin:0;padding:0}
#search fieldset{margin:0;padding:0;border:none}
#search p{margin:0;font-size:85%}
#s{width:175px;margin:0 0 0 0;padding:5px 5px 5px 5px;border:none;font:normal 100% &quot;Tahoma&quot;,Arial,Helvetica,sans-serif;color:#fff;float:left;background:#000;display:inline}
input#searchsubmit{float:left;display:inline;margin:0 0 0 0;height:26px;background:#0b5c86;color:#fff;border:1px solid #116f9c}
/* FOOTER */
#footer{height:65px;padding:10px 0 0 0;color:#DADADA;letter-spacing:1px;font:normal 11px Tahoma,georgia,Century gothic,Arial,sans-serif;float:left;width:100%}
#footer a:link,#footer a:visited{color:#2CA0D9}
#footer a:hover{color:#fff}
.fleft{float:left;text-align:left;margin-left:10px;line-height:16px}
.fright{float:right;text-align:right;margin-right:10px;line-height:16px}
/* -- NUMBER PAGE NAVIGATION -- */
.showpageArea {float:left;}
.showpageNum a{font:12px Arial,Verdana;padding:3px 6px;margin:0 4px;text-decoration:none;background:#6f6f6f;color:#fff;border:1px solid #39312e}
.showpageOf{margin:0 8px 0 0;color:#222;font:12px Arial,Verdana}
.showpageNum a:hover{color:#fff;background:#0282dd;border:1px solid #00558f}
.showpageArea{margin:10px 0;font:12px Arial,Verdana;color:#111}
.showpagePoint{color:#fff;padding:3px 6px;margin:2px;border:1px solid #00558f;background:#0282dd;text-decoration:none}
.showpage{padding:3px 3px;margin:0 4px;text-decoration:none;background:#6f6f6f;color:#fff;border:1px solid #39312e;font:12px Arial,Verdana}
.showpage a{text-decoration:none;color:#fff;border:0px solid 39312e;font:12px Arial,Verdana}
.showpage:hover{padding:3px 6px;margin:0 4px;text-decoration:none;background:#0282dd;color:#fff;border:1px solid #00558f;font:12px Arial,Verdana}
.showpage a:hover{text-decoration:none;background:#0282dd;color:#fff;border:0px solid #00558f;font:12px Arial,Verdana}
#comment-form iframe{padding:5px;width:500px}
.date{font:10px Tahoma,century gothic,Arial,Verdana,Helvitica,sans-serif;padding:0 5px 0 0;color:#ca680b;text-transform:uppercase}
.author{color:#fff;padding:3px 5px 3px 5px;background:#2ca0d9}
.clock{color:#fff;padding:3px 5px 3px 5px;background:#2ca0d9;margin-left:5px}
.singleinfo{font:10px Tahoma,Georgia,Arial,century gothic,verdana,sans-serif;text-transform:uppercase;color:#271A0A;background:#d8dadb;padding:5px 0;margin-top:15px;}
.category{padding:5px 0 5px 5px}
.category a:link,.category a:visited{color:#000}
.category a:hover{color:#224e6c}
table{margin:10px 0 10px}
table td,table th{text-align:left;padding:.4em .8em}
table th{background:#ccc;color:#444;text-transform:uppercase;font-weight:normal}
table td{background:#e4e4e4}
table tr.even td{background:#eee}
table tr:hover td{background:#FFF9DF}
</style>

  </head>

  <body>
  <div id='outer-wrapper'><div id='wrap2'>

    <!-- skip links for text browsers -->
    <span id='skiplinks' style='display:none;'>
      <a href='#main'>skip to main </a> |
      <a href='#sidebar'>skip to sidebar</a>
    </span>

    <div id='header-wrapper'>
      <b:section class='header' id='header' maxwidgets='1' showaddelement='no'>
<b:widget id='Header1' locked='true' title='Eminent (Header)' type='Header'>
<b:includable id='title'>
<a expr:href='data:blog.homepageUrl'><data:title/></a>
</b:includable>
<b:includable id='description'>
  <div class='descriptionwrapper'>
    <p class='description'><span><data:description/></span></p>
  </div>
</b:includable>
<b:includable id='main'>

  <b:if cond='data:useImage'>
    <b:if cond='data:imagePlacement == &quot;REPLACE&quot;'>
      <!--Show just the image, no text-->
      <div id='header-inner'>
        <a expr:href='data:blog.homepageUrl' style='display: block'>
          <img expr:alt='data:title' expr:height='data:height' expr:id='data:widget.instanceId + &quot;_headerimg&quot;' expr:src='data:sourceUrl' expr:width='data:width' style='display: block'/>
        </a>
      </div>
    <b:else/>
      <!--
      Show image as background to text. You can't really calculate the width
      reliably in JS because margins are not taken into account by any of
      clientWidth, offsetWidth or scrollWidth, so we don't force a minimum
      width if the user is using shrink to fit.
      This results in a margin-width's worth of pixels being cropped. If the
      user is not using shrink to fit then we expand the header.
      -->
      <div expr:style='&quot;background-image: url(\&quot;&quot; + data:sourceUrl + &quot;\&quot;); &quot;                      + &quot;background-position: &quot;                      + data:backgroundPositionStyleStr + &quot;; &quot;                      + data:widthStyleStr                      + &quot;min-height: &quot; + data:height + &quot;px;&quot;                      + &quot;_height: &quot; + data:height + &quot;px;&quot;                      + &quot;background-repeat: no-repeat; &quot;' id='header-inner'>
        <div class='titlewrapper' style='background: transparent'>
          <h1 class='title' style='background: transparent; border-width: 0px'>
            <b:include name='title'/>
          </h1>
        </div>
        <b:include name='description'/>
      </div>
    </b:if>
  <b:else/>
    <!--No header image -->
    <div id='header-inner'>
      <div class='titlewrapper'>
        <h1 class='title'>
          <b:include name='title'/>
        </h1>
      </div>
      <b:include name='description'/>
    </div>
  </b:if>
</b:includable>
</b:widget>
</b:section>

<b:section class='header' id='header2' maxwidgets='2' showaddelement='yes'>
<b:widget id='HTML46' locked='false' title='' type='HTML'>
<b:includable id='main'>
  <!-- only display title if it's non-empty -->
  <b:if cond='data:title != &quot;&quot;'>
    <h2 class='title'><data:title/></h2>
  </b:if>
  <div class='widget-content'>
    <data:content/>
  </div>

  <b:include name='quickedit'/>
</b:includable>
</b:widget>
</b:section>
<div style='clear:both;'/>

    </div>

<div id='catmenucontainer'>
<div id='catmenu'>
<ul>

<li class='current_page_item'><a expr:href='data:blog.homepageUrl'>Home</a></li>
<li><a href='YOUR-LINK-HERE'>Advertise</a></li>
<li><a href='YOUR-LINK-HERE'>Contact</a></li>
<li><a href='YOUR-LINK-HERE'>Support</a></li>
<li><a href='YOUR-LINK-HERE'>About</a></li>
<li><a href='YOUR-LINK-HERE'>Sample Page</a>
<ul>
<li><a href='YOUR-LINK-HERE'>Subpage 1</a></li>
<li><a href='YOUR-LINK-HERE'>Subpage 2</a></li>
<li><a href='YOUR-LINK-HERE'>Subpage 3</a>
<ul>
<li><a href='YOUR-LINK-HERE'>Subpage 3-a</a></li>
</ul>
</li>
</ul>
</li>
		
</ul>
</div>		
</div>

<div style='clear:both;'/>
 
    <div id='content-wrapper'>

      <div id='crosscol-wrapper' style='text-align:center'>
        <b:section class='crosscol' id='crosscol' showaddelement='yes'>
<b:widget id='HTML1' locked='false' title='' type='HTML'>
<b:includable id='main'>
  <!-- only display title if it's non-empty -->
  <b:if cond='data:title != &quot;&quot;'>
    <h2 class='title'><data:title/></h2>
  </b:if>
  <div class='widget-content'>
    <data:content/>
  </div>

</b:includable>
</b:widget>
</b:section>
      </div>

      <div id='main-wrapper'>

<!-- Featured Content Slider Started -->

<b:if cond='data:blog.pageType != &quot;static_page&quot;'>
<b:if cond='data:blog.pageType != &quot;item&quot;'>

<script type="text/javascript">
var $jx = jQuery.noConflict();
$jx(function() {
$jx(".mygallery").jCarouselLite({
btnNext: ".next",
btnPrev: ".prev",
     visible: 1,
     easing: "backout",
 speed: 1000
});

});
</script>

<div id="slidearea">

<div id="gallerycover">
<div class="mygallery">
<ul>

<li>
<div class="mytext">
<h2><a href="URL-of-Post-1" title="#">Title-of-Post-1</a></h2>
<p>Slide 1 Description [...]</p>

<img src="Slide-1-Image-Address" alt=""  />
</div>
</li>


<li>
<div class="mytext">
<h2><a href="URL-of-Post-2" title="#">Title-of-Post-2</a></h2>
<p>Slide 2 Description [...]</p>

<img src="Slide-2-Image-Address" alt=""  />
</div>
</li>


<li>
<div class="mytext">
<h2><a href="URL-of-Post-3" title="#">Title-of-Post-3</a></h2>
<p>Slide 3 Description [...]</p>

<img src="Slide-3-Image-Address" alt=""  />
</div>
</li>


<li>
<div class="mytext">
<h2><a href="URL-of-Post-4" title="#">Title-of-Post-4</a></h2>
<p>Slide 4 Description [...]</p>

<img src="Slide-4-Image-Address" alt=""  />
</div>
</li>


<li>
<div class="mytext">
<h2><a href="URL-of-Post-5" title="#">Title-of-Post-5</a></h2>
<p>Slide 5 Description [...]</p>

<img src="Slide-5-Image-Address" alt=""  />
</div>
</li>

</ul>

<div class="clear"></div>

</div>
</div>

<div class="slnav">
<a href="#" class="prev"></a>
<a href="#" class="next"></a>
<div class="clear"></div>
</div>

</div>

<div style='clear:both;'/>

</b:if></b:if>

<!-- Featured Content Slider End -->

        <b:section class='main' id='main' showaddelement='yes'>
<b:widget id='Blog1' locked='true' title='Blog Posts' type='Blog'>
<b:includable id='nextprev'>
  <div class='blog-pager' id='blog-pager'>
    <b:if cond='data:newerPageUrl'>
      <span id='blog-pager-newer-link'>
      <a class='blog-pager-newer-link' expr:href='data:newerPageUrl' expr:id='data:widget.instanceId + &quot;_blog-pager-newer-link&quot;' expr:title='data:newerPageTitle'><data:newerPageTitle/></a>
      </span>
    </b:if>

    <b:if cond='data:olderPageUrl'>
      <span id='blog-pager-older-link'>
      <a class='blog-pager-older-link' expr:href='data:olderPageUrl' expr:id='data:widget.instanceId + &quot;_blog-pager-older-link&quot;' expr:title='data:olderPageTitle'><data:olderPageTitle/></a>
      </span>
    </b:if>

    <b:if cond='data:blog.homepageUrl != data:blog.url'>
      <a class='home-link' expr:href='data:blog.homepageUrl'><data:homeMsg/></a>
      <b:else/>
      <b:if cond='data:newerPageUrl'>
        <a class='home-link' expr:href='data:blog.homepageUrl'><data:homeMsg/></a>
      </b:if>
    </b:if>

  </div>
  <div class='clear'/>
</b:includable>
<b:includable id='shareButtons' var='post'>
  <b:if cond='data:post.sharePostUrl'>
      <a class='share-button sb-email' expr:href='data:post.sharePostUrl + &quot;&amp;target=email&quot;' expr:title='data:top.emailThisMsg' target='_blank'>
        <span class='share-button-link-text'><data:top.emailThisMsg/></span></a>
      <a class='share-button sb-blog' expr:href='data:post.sharePostUrl + &quot;&amp;target=blog&quot;' expr:onclick='&quot;window.open(this.href, \&quot;_blank\&quot;, \&quot;height=270,width=475\&quot;); return false;&quot;' expr:title='data:top.blogThisMsg' target='_blank'>
        <span class='share-button-link-text'><data:top.blogThisMsg/></span></a>
      <a class='share-button sb-twitter' expr:href='data:post.sharePostUrl + &quot;&amp;target=twitter&quot;' expr:title='data:top.shareToTwitterMsg' target='_blank'>
        <span class='share-button-link-text'><data:top.shareToTwitterMsg/></span></a>
      <a class='share-button sb-facebook' expr:href='data:post.sharePostUrl + &quot;&amp;target=facebook&quot;' expr:onclick='&quot;window.open(this.href, \&quot;_blank\&quot;, \&quot;height=430,width=640\&quot;); return false;&quot;' expr:title='data:top.shareToFacebookMsg' target='_blank'>
        <span class='share-button-link-text'><data:top.shareToFacebookMsg/></span></a>
      <a class='share-button sb-buzz' expr:href='data:post.sharePostUrl + &quot;&amp;target=buzz&quot;' expr:onclick='&quot;window.open(this.href, \&quot;_blank\&quot;, \&quot;height=415,width=690\&quot;); return false;&quot;' expr:title='data:top.shareToBuzzMsg' target='_blank'>
        <span class='share-button-link-text'><data:top.shareToBuzzMsg/></span></a>
  </b:if>
</b:includable>
<b:includable id='backlinks' var='post'>
  <a name='links'/><h4><data:post.backlinksLabel/></h4>
  <b:if cond='data:post.numBacklinks != 0'>
    <dl class='comments-block' id='comments-block'>
      <b:loop values='data:post.backlinks' var='backlink'>
        <div class='collapsed-backlink backlink-control'>
          <dt class='comment-title'>
            <span class='backlink-toggle-zippy'>&#160;</span>
            <a expr:href='data:backlink.url' rel='nofollow'><data:backlink.title/></a>
            <b:include data='backlink' name='backlinkDeleteIcon'/>
          </dt>
          <dd class='comment-body collapseable'>
            <data:backlink.snippet/>
          </dd>
          <dd class='comment-footer collapseable'>
            <span class='comment-author'><data:post.authorLabel/> <data:backlink.author/></span>
            <span class='comment-timestamp'><data:post.timestampLabel/> <data:backlink.timestamp/></span>
          </dd>
        </div>
      </b:loop>
    </dl>
  </b:if>
  <p class='comment-footer'>
    <a class='comment-link' expr:href='data:post.createLinkUrl' expr:id='data:widget.instanceId + &quot;_backlinks-create-link&quot;' target='_blank'><data:post.createLinkLabel/></a>
  </p>
</b:includable>
<b:includable id='post' var='post'>
  <div class='post hentry'>
    <a expr:name='data:post.id'/>
    <b:if cond='data:post.title'>
      <h3 class='post-title entry-title'>
     <b:if cond='data:post.link'>
       <a expr:href='data:post.link'><data:post.title/></a>
     <b:else/>
        <b:if cond='data:post.url'>
          <a expr:href='data:post.url'><data:post.title/></a>
        <b:else/>
          <data:post.title/>
        </b:if>
     </b:if>
      </h3>
    </b:if>

    <div class='post-header-line-1'/>

<div class='date'><span class='author'> <data:post.author/></span> <span class='clock'> <data:post.timestamp/></span></div>

    <div class='post-body entry-content'>


<p><script type='text/javascript'>
summary_noimg = 500;
summary_img = 500;
img_thumb_height = 150;
img_thumb_width = 200; 
</script>
<script type='text/javascript'>
//<![CDATA[

function removeHtmlTag(strx,chop){ 
	if(strx.indexOf("<")!=-1)
	{
		var s = strx.split("<"); 
		for(var i=0;i<s.length;i++){ 
			if(s[i].indexOf(">")!=-1){ 
				s[i] = s[i].substring(s[i].indexOf(">")+1,s[i].length); 
			} 
		} 
		strx =  s.join(""); 
	}
	chop = (chop < strx.length-1) ? chop : strx.length-2; 
	while(strx.charAt(chop-1)!=' ' && strx.indexOf(' ',chop)!=-1) chop++; 
	strx = strx.substring(0,chop-1); 
	return strx+' [...]'; 
}

function createSummaryAndThumb(pID){
	var div = document.getElementById(pID);
	var imgtag = "";
	var img = div.getElementsByTagName("img");
	var summ = summary_noimg;
	if(img.length>=100) {	
		imgtag = '<span style="float:left; padding:0px 10px 5px 0px;"><img src="'+img[0].src+'" width="'+img_thumb_width+'px" height="'+img_thumb_height+'px"/></span>';
		summ = summary_img;
	}
	
	var summary = imgtag + '<div>' + removeHtmlTag(div.innerHTML,summ) + '</div>';
	div.innerHTML = summary;
}

//]]>
</script>
<b:if cond='data:blog.pageType != &quot;static_page&quot;'>
<b:if cond='data:blog.pageType != &quot;item&quot;'>
<div expr:id='&quot;summary&quot; + data:post.id'><data:post.body/></div>
<script type='text/javascript'>createSummaryAndThumb(&quot;summary<data:post.id/>&quot;);</script>
</b:if>
</b:if>
<b:if cond='data:blog.pageType == &quot;item&quot;'><data:post.body/></b:if>

<b:if cond='data:blog.pageType == &quot;static_page&quot;'><data:post.body/></b:if></p>

<div class='singleinfo'>

<span class='category'>Categories: <b:if cond='data:post.labels'>
<b:loop values='data:post.labels' var='label'>
<a expr:href='data:label.url' rel='tag'><data:label.name/></a>
<b:if cond='data:label.isLast != &quot;true&quot;'>,</b:if>
</b:loop>
</b:if> </span>

</div>

      <div style='clear: both;'/> <!-- clear for photos floats -->
    </div>
  
    <b:if cond='data:post.hasJumpLink'>
      <div class='jump-link'>
        <a expr:href='data:post.url + &quot;#more&quot;'><data:post.jumpText/></a>  
      </div>
    </b:if>
    
    <div class='post-footer'>
<div class='post-footer-line post-footer-line-1'/>
<div class='post-footer-line post-footer-line-2'/>
<div class='post-footer-line post-footer-line-3'/>

<b:if cond='data:blog.pageType == &quot;item&quot;'>
  <!-- navigation -->
  <b:include name='nextprev'/>
</b:if>


</div>
</div>
</b:includable>
<b:includable id='status-message'>
  <b:if cond='data:navMessage'>
  <div class='status-msg-wrap'>
    <div class='status-msg-body'>
      <data:navMessage/>
    </div>
    <div class='status-msg-border'>
      <div class='status-msg-bg'>
        <div class='status-msg-hidden'><data:navMessage/></div>
      </div>
    </div>
  </div>
  <div style='clear: both;'/>
  </b:if>
</b:includable>
<b:includable id='comment-form' var='post'>
  <div id='comment-form'>
    <a name='comment-form'/>
    <h4 id='comment-post-message'><data:postCommentMsg/></h4>
    <p><data:blogCommentMessage/></p>
    <data:blogTeamBlogMessage/>
    <a expr:href='data:post.commentFormIframeSrc' id='comment-editor-src'/>
    <iframe allowtransparency='true' class='blogger-iframe-colorize blogger-comment-from-post' frameborder='0' height='410' id='comment-editor' name='comment-editor' src='' width='500'/>
    <data:post.friendConnectJs/>
    <data:post.cmtfpIframe/>
    <script type='text/javascript'>
      BLOG_CMT_createIframe(&#39;<data:post.appRpcRelayPath/>&#39;, &#39;<data:post.communityId/>&#39;);
    </script>
  </div>
</b:includable>
<b:includable id='backlinkDeleteIcon' var='backlink'>
  <span expr:class='&quot;item-control &quot; + data:backlink.adminClass'>
    <a expr:href='data:backlink.deleteUrl' expr:title='data:top.deleteBacklinkMsg'>
      <img src='http://www.blogger.com/img/icon_delete13.gif'/>
    </a>
  </span>
</b:includable>
<b:includable id='postQuickEdit' var='post'>
  <b:if cond='data:post.editUrl'>
    <span expr:class='&quot;item-control &quot; + data:post.adminClass'>
      <a expr:href='data:post.editUrl' expr:title='data:top.editPostMsg'>
        <img alt='' class='icon-action' height='18' src='http://www.blogger.com/img/icon18_edit_allbkg.gif' width='18'/>
      </a>
    </span>
  </b:if>
</b:includable>
<b:includable id='main' var='top'>
  <!-- posts -->
  <div class='blog-posts hfeed'>

    <b:include data='top' name='status-message'/>

    <data:defaultAdStart/>
    <b:loop values='data:posts' var='post'>
      <b:if cond='data:post.dateHeader'>
        <h2 class='date-header'><data:post.dateHeader/></h2>
      </b:if>
      <b:include data='post' name='post'/>
      <b:if cond='data:blog.pageType == &quot;static_page&quot;'>
        <b:include data='post' name='comments'/>
      </b:if>
      <b:if cond='data:blog.pageType == &quot;item&quot;'>
        <b:include data='post' name='comments'/>
      </b:if>
      <b:if cond='data:post.includeAd'>
        <b:if cond='data:post.isFirstPost'>
          <data:defaultAdEnd/>
        <b:else/>
          <data:adEnd/>
        </b:if>
        <div class='inline-ad'>
          <data:adCode/>
        </div>
        <data:adStart/>
      </b:if>
      <b:if cond='data:post.trackLatency'>
        <data:post.latencyJs/>
      </b:if>
    </b:loop>
    <data:adEnd/>
  </div>

<b:if cond='data:blog.pageType != &quot;static_page&quot;'>
<b:if cond='data:blog.pageType != &quot;item&quot;'>
  <!-- navigation -->
  <b:include name='nextprev'/>
</b:if>
</b:if>
  
  <b:if cond='data:top.showStars'>
    <script src='http://www.google.com/jsapi' type='text/javascript'/>
    <script type='text/javascript'>
      google.load(&quot;annotations&quot;, &quot;1&quot;, {&quot;locale&quot;: &quot;<data:top.languageCode/>&quot;});
      function initialize() {
        google.annotations.setApplicationId(<data:top.blogspotReviews/>);
        google.annotations.createAll();
        google.annotations.fetch();
      }
      google.setOnLoadCallback(initialize);
    </script>
  </b:if>
</b:includable>
<b:includable id='commentDeleteIcon' var='comment'>
  <span expr:class='&quot;item-control &quot; + data:comment.adminClass'>
    <a expr:href='data:comment.deleteUrl' expr:title='data:top.deleteCommentMsg'>
      <img src='http://www.blogger.com/img/icon_delete13.gif'/>
    </a>
  </span>
</b:includable>
<b:includable id='feedLinks'>
  <b:if cond='data:blog.pageType != &quot;item&quot;'> <!-- Blog feed links -->
    <b:if cond='data:feedLinks'>
      <div class='blog-feeds'>
        <b:include data='feedLinks' name='feedLinksBody'/>
      </div>
    </b:if>

    <b:else/> <!--Post feed links -->
    <div class='post-feeds'>
      <b:loop values='data:posts' var='post'>
        <b:if cond='data:post.allowComments'>
          <b:if cond='data:post.feedLinks'>
            <b:include data='post.feedLinks' name='feedLinksBody'/>
          </b:if>
        </b:if>
      </b:loop>
    </div>
  </b:if>
</b:includable>
<b:includable id='feedLinksBody' var='links'>
  <div class='feed-links'>
  <data:feedLinksMsg/>
  <b:loop values='data:links' var='f'>
     <a class='feed-link' expr:href='data:f.url' expr:type='data:f.mimeType' target='_blank'><data:f.name/> (<data:f.feedType/>)</a>
  </b:loop>
  </div>
</b:includable>
<b:includable id='comments' var='post'>
  <div class='comments' id='comments'>
    <a name='comments'/>
    <b:if cond='data:post.allowComments'>
      <h4>
        <b:if cond='data:post.numComments == 1'>
          1 <data:commentLabel/>:
        <b:else/>
          <data:post.numComments/> <data:commentLabelPlural/>:
        </b:if>
      </h4>

      <b:if cond='data:post.commentPagingRequired'>
        <span class='paging-control-container'>
          <a expr:class='data:post.oldLinkClass' expr:href='data:post.oldestLinkUrl'><data:post.oldestLinkText/></a>
          &#160;
          <a expr:class='data:post.oldLinkClass' expr:href='data:post.olderLinkUrl'><data:post.olderLinkText/></a>
          &#160;
          <data:post.commentRangeText/>
          &#160;
          <a expr:class='data:post.newLinkClass' expr:href='data:post.newerLinkUrl'><data:post.newerLinkText/></a>
          &#160;
          <a expr:class='data:post.newLinkClass' expr:href='data:post.newestLinkUrl'><data:post.newestLinkText/></a>
        </span>
      </b:if>

      <dl expr:class='data:post.avatarIndentClass' id='comments-block'>
        <b:loop values='data:post.comments' var='comment'>
          <dt expr:class='&quot;comment-author &quot; + data:comment.authorClass' expr:id='data:comment.anchorName'>
            <b:if cond='data:comment.favicon'>
              <img expr:src='data:comment.favicon' height='16px' style='margin-bottom:-2px;' width='16px'/>
            </b:if>
            <a expr:name='data:comment.anchorName'/>
            <b:if cond='data:blog.enabledCommentProfileImages'>
              <data:comment.authorAvatarImage/>
            </b:if>
            <b:if cond='data:comment.authorUrl'>
              <a expr:href='data:comment.authorUrl' rel='nofollow'><data:comment.author/></a>
            <b:else/>
              <data:comment.author/>
            </b:if>
            <data:commentPostedByMsg/>
          </dt>
          <dd class='comment-body'>
            <b:if cond='data:comment.isDeleted'>
              <span class='deleted-comment'><data:comment.body/></span>
            <b:else/>
              <p><data:comment.body/></p>
            </b:if>
          </dd>
          <dd class='comment-footer'>
            <span class='comment-timestamp'>
              <a expr:href='data:comment.url' title='comment permalink'>
                <data:comment.timestamp/>
              </a>
              <b:include data='comment' name='commentDeleteIcon'/>
            </span>
          </dd>
        </b:loop>
      </dl>

      <b:if cond='data:post.commentPagingRequired'>
        <span class='paging-control-container'>
          <a expr:class='data:post.oldLinkClass' expr:href='data:post.oldestLinkUrl'>
            <data:post.oldestLinkText/>
          </a>
          <a expr:class='data:post.oldLinkClass' expr:href='data:post.olderLinkUrl'>
            <data:post.olderLinkText/>
          </a>
          &#160;
          <data:post.commentRangeText/>
          &#160;
          <a expr:class='data:post.newLinkClass' expr:href='data:post.newerLinkUrl'>
            <data:post.newerLinkText/>
          </a>
          <a expr:class='data:post.newLinkClass' expr:href='data:post.newestLinkUrl'>
            <data:post.newestLinkText/>
          </a>
        </span>
      </b:if>

      <p class='comment-footer'>
        <b:if cond='data:post.embedCommentForm'>
          <b:if cond='data:post.allowNewComments'>
            <b:include data='post' name='comment-form'/>
          <b:else/>
            <data:post.noNewCommentsText/>
          </b:if>
        <b:else/>
          <b:if cond='data:post.allowComments'>
            <a expr:href='data:post.addCommentUrl' expr:onclick='data:post.addCommentOnclick'><data:postCommentMsg/></a>
          </b:if>
        </b:if>

      </p>
    </b:if>

    <div id='backlinks-container'>
    <div expr:id='data:widget.instanceId + &quot;_backlinks-container&quot;'>
       <b:if cond='data:post.showBacklinks'>
         <b:include data='post' name='backlinks'/>
       </b:if>
    </div>
    </div>
  </div>
</b:includable>
</b:widget>
</b:section>
      </div>

      <div id='rsidebar-wrapper'>

<b:section class='sidebar upsec' id='sidebarrightup' preferred='yes'>
<b:widget id='HTML4' locked='false' title='' type='HTML'>
<b:includable id='main'>
  <!-- only display title if it's non-empty -->
  <b:if cond='data:title != &quot;&quot;'>
    <h2 class='title'><data:title/></h2>
  </b:if>
  <div class='widget-content'>
    <data:content/>
  </div>

</b:includable>
</b:widget>
</b:section>


<div class='widgets' id='tabzine'>
<ul class='tabnav'>
<li class='fea'><a href='#recent'> RECENT </a></li>
<li class='rec'><a href=' #popular'> POPULAR  </a></li>
<li class='pop'><a href='#tags'> COMMENT </a></li>
</ul>

<div class='tabdiv' id='recent'>
<b:section class='sidebar' id='sidebartab11' preferred='yes'>
<b:widget id='HTML254' locked='false' title='' type='HTML'>
<b:includable id='main'>
  <!-- only display title if it's non-empty -->
  <b:if cond='data:title != &quot;&quot;'>
    <h2 class='title'><data:title/></h2>
  </b:if>
  <div class='widget-content'>
    <data:content/>
  </div>

  <b:include name='quickedit'/>
</b:includable>
</b:widget>
</b:section>
</div>

<div class='tabdiv' id='popular'>
<b:section class='sidebar' id='sidebartab22' preferred='yes'>
<b:widget id='HTML255' locked='false' title='' type='HTML'>
<b:includable id='main'>
  <!-- only display title if it's non-empty -->
  <b:if cond='data:title != &quot;&quot;'>
    <h2 class='title'><data:title/></h2>
  </b:if>
  <div class='widget-content'>
    <data:content/>
  </div>

  <b:include name='quickedit'/>
</b:includable>
</b:widget>
</b:section>
</div>

<div class='tabdiv' id='tags'>
<b:section class='sidebar' id='sidebartab33' preferred='yes'>
<b:widget id='HTML256' locked='false' title='' type='HTML'>
<b:includable id='main'>
  <!-- only display title if it's non-empty -->
  <b:if cond='data:title != &quot;&quot;'>
    <h2 class='title'><data:title/></h2>
  </b:if>
  <div class='widget-content'>
    <data:content/>
  </div>

  <b:include name='quickedit'/>
</b:includable>
</b:widget>
</b:section>
</div>

</div>


<b:section class='sidebar' id='sidebarright' preferred='yes'>
<b:widget id='HTML2' locked='false' title='Recent Posts' type='HTML'>
<b:includable id='main'>
  <!-- only display title if it's non-empty -->
  <b:if cond='data:title != &quot;&quot;'>
    <h2 class='title'><data:title/></h2>
  </b:if>
  <div class='widget-content'>
    <data:content/>
  </div>

  <b:include name='quickedit'/>
</b:includable>
</b:widget>
<b:widget id='HTML5' locked='false' title='BThemes' type='HTML'>
<b:includable id='main'>
  <!-- only display title if it's non-empty -->
  <b:if cond='data:title != &quot;&quot;'>
    <h2 class='title'><data:title/></h2>
  </b:if>
  <div class='widget-content'>
    <data:content/>
  </div>

</b:includable>
</b:widget>
</b:section>

<p/></div>

      <!-- spacer for skins that want sidebar and main to be the same height-->
      <div class='clear'>&#160;</div>

    </div> <!-- end content-wrapper -->



<div id='footer'>
<div class='fleft'>
WordPress Theme Design by <a href='http://www.web2feel.com/' target='_blank'>Web2feel</a> | Bloggerized by <a href='http://www.bloggertipandtrick.net/' target='_blank'>Lasantha</a> - <a href='http://www.premiumbloggertemplates.com/' target='_blank'>Premiumbloggertemplates.com</a>
</div>
</div>	

  </div></div> <!-- end outer-wrapper -->


<!-- PAGE NAVIGATION START-->

<script type='text/javascript'>
var pageCount=6;
var displayPageNum=3;
var upPageWord =&#39;&#171; &#39;;
var downPageWord =&#39; &#187;&#39;;
</script>
<script type='text/javascript'>
//<![CDATA[
function showpageCount(json){var thisUrl=home_page_url;var htmlMap=new Array();var thisNum=1;var postNum=1;var itemCount=0;var fFlag=0;var eFlag=0;var html='';var upPageHtml='';var downPageHtml='';for(var i=0,post;post=json.feed.entry[i];i++){var timestamp1=post.published.$t.substring(0,19)+post.published.$t.substring(23,29);timestamp=encodeURIComponent(timestamp1);var title=post.title.$t;if(title!=''){if(itemCount==0||(itemCount%pageCount==(pageCount-1))){if(thisUrl.indexOf(timestamp)!=-1){thisNum=postNum}if(title!='')postNum++;htmlMap[htmlMap.length]='/search?updated-max='+timestamp+'&max-results='+pageCount}}itemCount++}for(var p=0;p<htmlMap.length;p++){if(p>=(thisNum-displayPageNum-1)&&p<(thisNum+displayPageNum)){if(fFlag==0&&p==thisNum-2){if(thisNum==2){upPageHtml='<span class="showpage" style="padding: 3px 6px;margin:0 4px;text-decoration:none;font-family: Arial, Verdana;font-size: 12px;text-align:center;"><a href="/">'+upPageWord+'</a></span>'}else{upPageHtml='<span class="showpage" style="padding: 3px 6px;margin:0 4px;text-decoration:none;font-family: Arial, Verdana;font-size: 12px;text-align:center;"><a href="'+htmlMap[p]+'">'+upPageWord+'</a></span>'}fFlag++}if(p==(thisNum-1)){html+='<span class="showpagePoint">'+thisNum+'</span>'}else{if(p==0){html+='<span class="showpageNum"><a href="/">1</a></span>'}else{html+='<span class="showpageNum"><a href="'+htmlMap[p]+'">'+(p+1)+'</a></span>'}}if(eFlag==0&&p==thisNum){downPageHtml='<span class="showpage" style="padding: 3px 6px;margin:0 4px;text-decoration:none;font-family: Arial, Verdana;font-size: 12px;text-align:center;"> <a href="'+htmlMap[p]+'">'+downPageWord+'</a></span>';eFlag++}}}if(thisNum>1){html=''+upPageHtml+' '+html+' '}html='<div class="showpageArea"><span style="COLOR: #fff;background:#6f6f6f;border: 1px solid #39312e;font-size: 12px;padding:3px 6px;margin:0 4px;" class="showpageOf"> Pages '+(postNum-1)+'</span>'+html;if(thisNum<(postNum-1)){html+=downPageHtml}if(postNum==1)postNum++;html+='</div>';var pageArea=document.getElementsByName("pageArea");var blogPager=document.getElementById("blog-pager");if(postNum<=2){html=''}for(var p=0;p<pageArea.length;p++){pageArea[p].innerHTML=html}if(pageArea&&pageArea.length>0){html=''}if(blogPager){blogPager.innerHTML=html}}function showpageCount2(json){var thisUrl=home_page_url;var htmlMap=new Array();var isLablePage=thisUrl.indexOf("/search/label/")!=-1;var thisLable=isLablePage?thisUrl.substr(thisUrl.indexOf("/search/label/")+14,thisUrl.length):"";thisLable=thisLable.indexOf("?")!=-1?thisLable.substr(0,thisLable.indexOf("?")):thisLable;var thisNum=1;var postNum=1;var itemCount=0;var fFlag=0;var eFlag=0;var html='';var upPageHtml='';var downPageHtml='';var labelHtml='<span class="showpageNum"><a href="/search/label/'+thisLable+'?&max-results='+pageCount+'">';var thisUrl=home_page_url;for(var i=0,post;post=json.feed.entry[i];i++){var timestamp1=post.published.$t.substring(0,19)+post.published.$t.substring(23,29);timestamp=encodeURIComponent(timestamp1);var title=post.title.$t;if(title!=''){if(itemCount==0||(itemCount%pageCount==(pageCount-1))){if(thisUrl.indexOf(timestamp)!=-1){thisNum=postNum}if(title!='')postNum++;htmlMap[htmlMap.length]='/search/label/'+thisLable+'?updated-max='+timestamp+'&max-results='+pageCount}}itemCount++}for(var p=0;p<htmlMap.length;p++){if(p>=(thisNum-displayPageNum-1)&&p<(thisNum+displayPageNum)){if(fFlag==0&&p==thisNum-2){if(thisNum==2){upPageHtml=labelHtml+upPageWord+'</a></span>'}else{upPageHtml='<span class="showpage" style="padding: 3px 6px;margin:0 4px;text-decoration:none;background:#6f6f6f;color:#fff; border:1px solid #39312e;font-family: Arial, Verdana;font-size: 12px;text-align:center;"><a href="'+htmlMap[p]+'">'+upPageWord+'</a></span>'}fFlag++}if(p==(thisNum-1)){html+='<span class="showpagePoint">'+thisNum+'</span>'}else{if(p==0){html=labelHtml+'1</a></span>'}else{html+='<span class="showpageNum"><a href="'+htmlMap[p]+'">'+(p+1)+'</a></span>'}}if(eFlag==0&&p==thisNum){downPageHtml='<span class="showpage" style="padding: 3px 6px;margin:0 4px;text-decoration:none;font-family: Arial, Verdana;font-size: 12px;"> <a href="'+htmlMap[p]+'">'+downPageWord+'</a></span>';eFlag++}}}if(thisNum>1){if(!isLablePage){html=''+upPageHtml+' '+html+' '}else{html=''+upPageHtml+' '+html+' '}}html='<div class="showpageArea"><span style="COLOR: #999;" class="showpageOf"> Pages ('+(postNum-1)+')</span>'+html;if(thisNum<(postNum-1)){html+=downPageHtml}if(postNum==1)postNum++;html+='</div>';var pageArea=document.getElementsByName("pageArea");var blogPager=document.getElementById("blog-pager");if(postNum<=2){html=''}for(var p=0;p<pageArea.length;p++){pageArea[p].innerHTML=html}if(pageArea&&pageArea.length>0){html=''}if(blogPager){blogPager.innerHTML=html}}var home_page_url=location.href;var thisUrl=home_page_url;if(thisUrl.indexOf("/search/label/")!=-1){if(thisUrl.indexOf("?updated-max")!=-1){var lblname1=thisUrl.substring(thisUrl.indexOf("/search/label/")+14,thisUrl.indexOf("?updated-max"))}else{var lblname1=thisUrl.substring(thisUrl.indexOf("/search/label/")+14,thisUrl.indexOf("?&max"))}}var home_page="/";if(thisUrl.indexOf("?q=")==-1){if(thisUrl.indexOf("/search/label/")==-1){document.write('<script src="'+home_page+'feeds/posts/summary?alt=json-in-script&callback=showpageCount&max-results=99999" ><\/script>')}else{document.write('<script src="'+home_page+'feeds/posts/full/-/'+lblname1+'?alt=json-in-script&callback=showpageCount2&max-results=99999" ><\/script>')}}
//]]>
</script>

<!-- PAGE NAVIGATION STOP-->

</body>
</html>