<?xml version="1.0" encoding="UTF-8" ?>
<!DOCTYPE html PUBLIC "-//W3C//DTD XHTML 1.0 Strict//EN" "http://www.w3.org/TR/xhtml1/DTD/xhtml1-strict.dtd">
<html expr:dir='data:blog.languageDirection' lang='en-US' xmlns='http://www.w3.org/1999/xhtml' xmlns:b='http://www.google.com/2005/gml/b' xmlns:data='http://www.google.com/2005/gml/data' xmlns:expr='http://www.google.com/2005/gml/expr'>
<head>
<meta content='text/html; charset=UTF-8' http-equiv='Content-Type'/>
<link href='http://fonts.googleapis.com/css?family=Glegoo' rel='stylesheet' type='text/css'/>
<link href='http://fonts.googleapis.com/css?family=Bitter:400,700,400italic' rel='stylesheet' type='text/css'/>
<b:include data='blog' name='all-head-content'/>
<b:if cond='data:blog.pageType == &quot;index&quot;'>
<title><data:blog.pageTitle/></title> 
<b:else/>
<b:if cond='data:blog.pageType != &quot;error_page&quot;'>
<title><data:blog.pageName/> ~ <data:blog.title/></title>
<b:else/>
<title>404 ~ Page Not Found!</title>
</b:if>
</b:if>

<b:skin><![CDATA[/*
-----------------------------------------------
Template Name  : Launch Time
Author         : NewBloggerThemes.com
Author URL     : http://newbloggerthemes.com/
Theme URL      : http://newbloggerthemes.com/launch-time-blogger-template/
Created Date   : Thursday, October 2, 2014
License        : This template is free for both personal and commercial use, But to satisfy the 'attribution' clause of the license, you are required to keep the footer links intact which provides due credit to its authors.For more information about this license, please use this link :http://creativecommons.org/licenses/by/3.0/
----------------------------------------------- */
body#layout ul{list-style-type:none;list-style:none}
body#layout ul li{list-style-type:none;list-style:none}
body#layout #headerbwrap {height:auto;}
body#layout #themewidgetnbtsec {display:none;}
/* Variable definitions
   ====================

*/

/* Use this with templates/template-twocol.html */

.section,.widget{margin:0;padding:0}

html, body, div, span, applet, object, iframe,
h1, h2, h3, h4, h5, h6, p, blockquote, pre,
a, abbr, acronym, address, big, cite, code,
del, dfn, em, font, img, ins, kbd, q, s, samp,
small, strike, strong, sub, sup, tt, var,
dl, dt, dd, ol, ul, li,
fieldset, form, label, legend,
table, caption, tbody, tfoot, thead, tr, th, td {
	margin: 0;
	padding: 0;
	border: 0;
	outline: 0;
	font-style: inherit;
	font-size: 100%;
	font-family: inherit;
	vertical-align: baseline;
}
/* remember to define focus styles! */
:focus {
	outline: 0;
}
body {
	line-height: 1;
	color: black;
	background: white;
}
ol, ul {
	list-style: none;
}
/* tables still need 'cellspacing="0"' in the markup */
table {
	border-collapse: separate;
	border-spacing: 0;
}
caption, th, td {
	text-align: left;
	font-weight: normal;
}
blockquote:before, blockquote:after,
q:before, q:after {
	content: "";
}
blockquote, q {
	quotes: "" "";
}

body, input, textarea {
	color: #555;
	font: 12px/1.6em 'Glegoo', serif;
	letter-spacing: -0.03em;
}

/* -----------------------------------
	Headings Styles 
-----------------------------------*/
h1,h2,h3,h4,h5,h6 {
	clear: both;
}
h1 {
	font-size: 30px;
}
h2 {
	font-size: 25px;
}
h3 {
	font-size: 20px;
}
h4 {
	font-size: 16px;
}
h5 {
	font-size: 12px;
}
h6 {
	font-size: 10px;
}

hr {
	border: 0;
	height: 1px;
	margin-bottom: 1.8em;
}

/* -----------------------------------
	Text Elements Styles 
-----------------------------------*/
p {
	margin-bottom: 1.2em;
}
ul, ol {
	margin: 0 0 1.2em 1.3em;
}
ul {
	list-style: square;
}
ol {
	list-style-type: decimal;
}
ol ol {
	list-style: upper-alpha;
}
ol ol ol {
	list-style: lower-roman;
}
ol ol ol ol {
	list-style: lower-alpha;
}
ul ul, ol ol, ul ol, ol ul {
	margin-bottom: 0;
}
dl {
	margin: 0 1.2em;
}
dt {
	font-weight: bold;
}
dd {
	margin-bottom: 1.2em;
}
strong {
	font-weight: bold;
}
cite, em, i {
	font-style: italic;
}
blockquote {
	font-family: Georgia, "Bitstream Charter", serif;
	font-style: italic;
	font-weight: normal;
	margin: 0 1.2em;
}
blockquote em, blockquote i, blockquote cite {
	font-style: normal;
}
blockquote cite {
	color: #666;
	font: 0.85em Helvetica Neue, Helvetica, "Arial", sans-serif;
	font-weight: 300;
	letter-spacing: 0.05em;
	text-transform: uppercase;
}
pre {
	background: #fcfcfc;
	font: 13px "Courier 10 Pitch", Courier, monospace;
	line-height: 2;
	margin-bottom: 1.2em;
	overflow: auto;
	padding: 0.3em 0.7em;
	max-width: 90%;
}
code, kbd {
	font: 0.85em Monaco, Consolas, "Andale Mono", "DejaVu Sans Mono", monospace;
}
abbr, acronym, dfn {
	border-bottom: 1px dotted #666;
	cursor: help;
}
address {
	display: block;
	margin: 0 0 1.2em;
}
ins {
	background: #fcfcfc;
	text-decoration: none;
}
sup,
sub {
	font-size: 12px;
	height: 0;
	line-height: 1;
	position: relative;
	vertical-align: baseline;
}
sup {
	bottom: 1ex;
}
sub {
	top: 0.5ex;
}

/* Links */
a {
	text-decoration: underline;
}
a:focus,
a:hover {
	text-decoration: underline;
}

/* Images */
img {
	max-width: 100%;
	height: auto;
}

/* Clear Mode */
.clearfixnbt:after {
    clear: both;
}
.clearfixnbt:before,
.clearfixnbt:after {
    content: ".";
    display: block;
    font-size: 0;
    height: 0;
    line-height: 0;
    overflow: hidden;
    visibility: hidden;
    width: 0;
}

/* Layout */
body {
	background-image: url(http://3.bp.blogspot.com/-u9RUTBv3vdA/VCy1mgZBb4I/AAAAAAAAO10/WDixD1bLB-8/s1600/bg-body.png);
}
input {
	background: #fff url(http://1.bp.blogspot.com/-5S4w_54Ghiw/VCy1nzbE4eI/AAAAAAAAO18/2A1eXcKryGs/s1600/input-bg.gif) bottom repeat-x;
}

.containernbt {
	width: 740px;
	margin: 0 auto;
	position: relative;
}

#maintenance-notice {
	text-align: center;
	background: #f00;
	color: #ff0;
	padding: 5px 0;
}

/* -----------------------------------
	Header Styles 
-----------------------------------*/
#headernbt {
	padding: 65px 0 15px;
	text-align: center;
}

.logonbt {
	margin: 0 0 30px;
}

.messagenbt {
	font-size: 16px;
	line-height: 24px;
}

/* -----------------------------------
	Content Styles 
-----------------------------------*/
#main-contentnbt {
	margin: 0 0 20px;
	padding: 0;
}

/* -----------------------------------
	Countdown Styles 
-----------------------------------*/
.countdownnbt {
	margin: 40px auto 0;
	display: block;
	width: auto;
	text-align: center;
}
.countdownnbt h3 {
	font-size: 18px;
	margin: 0 0 0.5em;
}
.timernbt {
	display: inline-block;
	margin: 0 auto;
	height: 85px;
	padding: 0 5px;
	clear: both;
	border-radius: 5px;
	-moz-border-radius: 5px;
	-webkit-border-radius: 5px;
}
.timernbt div {
	display: block;
	float: left;
	clear: right;
	padding: 20px 10px;
	height: 45px;
	font-size: 14px;
}
.timernbt div.last {
	border-right: 0;
}
.timernbt strong {
	font-weight: bold;
	font-size: 24px;
	letter-spacing: 0;
	color: #fff;
	display: block;
	margin: 3px 0 7px;
}

/* -----------------------------------
	Newsletter Styles 
-----------------------------------*/
.newsletternbt {
	font-size: 14px;
	text-align: center;
	margin: 40px 0 0;
}
.newsletternbt p {
	margin: 0 0 15px;
}
.newsletternbt input {
	display: inline-block;
	margin-right: 5px;
	width: 200px;
	font-size: 14px;
	padding: 7px 10px;
}
.newsletternbt input:focus {
	color: #333;
}
.newsletternbt input.newslettersubmitnbt {
	text-transform: uppercase;
	cursor: pointer;
	width: auto;
	margin-right: 0;
	color: #fff;
	padding: 5px 10px;
}

/* -----------------------------------
	Social Media Styles 
-----------------------------------*/
.socialmedianbt {
	text-align: center;
	margin: 30px 0 0;
}
.socialmedianbt a {
	margin: 0 3px;
	opacity: 0.5;
}
.socialmedianbt a:hover {
	opacity: 1;
}

/* -----------------------------------
	Footer Styles 
-----------------------------------*/
#footernbt {
	text-align: center;
	font-size: 11px;
}
#footernbt p {
	margin: 0 0 20px;
}
#footernbt p img {
	display: inline-block;
	margin: 0 0 -2px 0.3em;
}

/* Default CSS */

/* 
 * Default Style for LaunchTime Theme
 */

/* -----------------------------------
	Commons Styles 
-----------------------------------*/
body {
	color: #333;
	background-color: #b3b3b3;
}

/* Links */
a {
	color: #ffc750;
}

/* -----------------------------------
	Header Styles 
-----------------------------------*/
#headernbt {
	background: #404040 url(http://3.bp.blogspot.com/-D6EUMnR1gYg/VCy1ov1Ac5I/AAAAAAAAO2M/XrAjfV8D9EQ/s1600/bg-header.gif) bottom repeat-x;
}

/* -----------------------------------
	Content Styles 
-----------------------------------*/
.messagenbt {
	color: #fff;
	text-shadow: 1px 1px #727272;
}

/* -----------------------------------
	Countdown Styles 
-----------------------------------*/
.countdownnbt h3 {
	text-shadow: 1px 1px #bbb;
}

.timernbt {
	background: url(http://1.bp.blogspot.com/-cbKN6SKqjB4/VCy1pvd8TqI/AAAAAAAAO2c/zNtUPr3oYOY/s1600/time-bg.gif) repeat-x;
}

.timernbt div {
	border-right: 1px solid #363636;
	color: #868686;
}

/* -----------------------------------
	Newsletter Styles 
-----------------------------------*/
.newsletternbt p {
	text-shadow: 1px 1px #bbb;
}

.newsletternbt input {
	border: 1px solid #ababab;
	color: #bebebe;
}

.newsletternbt input.newslettersubmitnbt {
	background: #494949;
	border: 1px solid #535354;
	box-shadow: inset 0 0 2px 1px #878787;
	-moz-box-shadow: inset 0 0 2px 1px #878787;
	-webkit-box-shadow: inset 0 0 2px 1px #878787;
}

/* -----------------------------------
	Footer Styles 
-----------------------------------*/
#footernbt p,
#footernbt p a {
	color: #5c5c5c;
	text-shadow: 1px 1px #c1c1c1;
}

.themewidgetnbtsec {
    display: none;
}

.themewidgetnbtsec .widget {
    display: none;
}

.logonbt h1 {
  margin-bottom: 10px;
  font-size: 36px;
  line-height: 1;
}
.logonbt h1 a {
  text-decoration: none !important;
}
.logonbt h2 {
  color: #fff !important;
  font-size: 18px;
}

h2.date-header{margin:10px 0;display:none}
.main .widget{margin:0 0 5px;padding:0 0 2px}
.main .Blog{border-bottom-width:0}
#comments{padding:10px;margin-bottom:20px}
#comments h4{font-size:22px;margin-bottom:10px}
.deleted-comment{font-style:italic;color:gray}
#blog-pager-newer-link{float:left}
#blog-pager-older-link{float:right}
#blog-pager{text-align:center;padding:5px}
.feed-links{clear:both}
#navbar-iframe{height:0;visibility:hidden;display:none}
.PopularPosts .widget-content ul li{padding:6px 0}
.reaction-buttons table{border:none;margin-bottom:5px}
.reaction-buttons table,.reaction-buttons td{border:none!important}

]]></b:skin>

<script src='https://ajax.googleapis.com/ajax/libs/jquery/1.11.1/jquery.min.js' type='text/javascript'/>

<script type='text/javascript'>
//<![CDATA[

/*! jQuery Migrate v1.2.1 | (c) 2005, 2013 jQuery Foundation, Inc. and other contributors | jquery.org/license */
jQuery.migrateMute===void 0&&(jQuery.migrateMute=!0),function(e,t,n){function r(n){var r=t.console;i[n]||(i[n]=!0,e.migrateWarnings.push(n),r&&r.warn&&!e.migrateMute&&(r.warn("JQMIGRATE: "+n),e.migrateTrace&&r.trace&&r.trace()))}function a(t,a,i,o){if(Object.defineProperty)try{return Object.defineProperty(t,a,{configurable:!0,enumerable:!0,get:function(){return r(o),i},set:function(e){r(o),i=e}}),n}catch(s){}e._definePropertyBroken=!0,t[a]=i}var i={};e.migrateWarnings=[],!e.migrateMute&&t.console&&t.console.log&&t.console.log("JQMIGRATE: Logging is active"),e.migrateTrace===n&&(e.migrateTrace=!0),e.migrateReset=function(){i={},e.migrateWarnings.length=0},"BackCompat"===document.compatMode&&r("jQuery is not compatible with Quirks Mode");var o=e("<input/>",{size:1}).attr("size")&&e.attrFn,s=e.attr,u=e.attrHooks.value&&e.attrHooks.value.get||function(){return null},c=e.attrHooks.value&&e.attrHooks.value.set||function(){return n},l=/^(?:input|button)$/i,d=/^[238]$/,p=/^(?:autofocus|autoplay|async|checked|controls|defer|disabled|hidden|loop|multiple|open|readonly|required|scoped|selected)$/i,f=/^(?:checked|selected)$/i;a(e,"attrFn",o||{},"jQuery.attrFn is deprecated"),e.attr=function(t,a,i,u){var c=a.toLowerCase(),g=t&&t.nodeType;return u&&(4>s.length&&r("jQuery.fn.attr( props, pass ) is deprecated"),t&&!d.test(g)&&(o?a in o:e.isFunction(e.fn[a])))?e(t)[a](i):("type"===a&&i!==n&&l.test(t.nodeName)&&t.parentNode&&r("Can't change the 'type' of an input or button in IE 6/7/8"),!e.attrHooks[c]&&p.test(c)&&(e.attrHooks[c]={get:function(t,r){var a,i=e.prop(t,r);return i===!0||"boolean"!=typeof i&&(a=t.getAttributeNode(r))&&a.nodeValue!==!1?r.toLowerCase():n},set:function(t,n,r){var a;return n===!1?e.removeAttr(t,r):(a=e.propFix[r]||r,a in t&&(t[a]=!0),t.setAttribute(r,r.toLowerCase())),r}},f.test(c)&&r("jQuery.fn.attr('"+c+"') may use property instead of attribute")),s.call(e,t,a,i))},e.attrHooks.value={get:function(e,t){var n=(e.nodeName||"").toLowerCase();return"button"===n?u.apply(this,arguments):("input"!==n&&"option"!==n&&r("jQuery.fn.attr('value') no longer gets properties"),t in e?e.value:null)},set:function(e,t){var a=(e.nodeName||"").toLowerCase();return"button"===a?c.apply(this,arguments):("input"!==a&&"option"!==a&&r("jQuery.fn.attr('value', val) no longer sets properties"),e.value=t,n)}};var g,h,v=e.fn.init,m=e.parseJSON,y=/^([^<]*)(<[\w\W]+>)([^>]*)$/;e.fn.init=function(t,n,a){var i;return t&&"string"==typeof t&&!e.isPlainObject(n)&&(i=y.exec(e.trim(t)))&&i[0]&&("<"!==t.charAt(0)&&r("$(html) HTML strings must start with '<' character"),i[3]&&r("$(html) HTML text after last tag is ignored"),"#"===i[0].charAt(0)&&(r("HTML string cannot start with a '#' character"),e.error("JQMIGRATE: Invalid selector string (XSS)")),n&&n.context&&(n=n.context),e.parseHTML)?v.call(this,e.parseHTML(i[2],n,!0),n,a):v.apply(this,arguments)},e.fn.init.prototype=e.fn,e.parseJSON=function(e){return e||null===e?m.apply(this,arguments):(r("jQuery.parseJSON requires a valid JSON string"),null)},e.uaMatch=function(e){e=e.toLowerCase();var t=/(chrome)[ \/]([\w.]+)/.exec(e)||/(webkit)[ \/]([\w.]+)/.exec(e)||/(opera)(?:.*version|)[ \/]([\w.]+)/.exec(e)||/(msie) ([\w.]+)/.exec(e)||0>e.indexOf("compatible")&&/(mozilla)(?:.*? rv:([\w.]+)|)/.exec(e)||[];return{browser:t[1]||"",version:t[2]||"0"}},e.browser||(g=e.uaMatch(navigator.userAgent),h={},g.browser&&(h[g.browser]=!0,h.version=g.version),h.chrome?h.webkit=!0:h.webkit&&(h.safari=!0),e.browser=h),a(e,"browser",e.browser,"jQuery.browser is deprecated"),e.sub=function(){function t(e,n){return new t.fn.init(e,n)}e.extend(!0,t,this),t.superclass=this,t.fn=t.prototype=this(),t.fn.constructor=t,t.sub=this.sub,t.fn.init=function(r,a){return a&&a instanceof e&&!(a instanceof t)&&(a=t(a)),e.fn.init.call(this,r,a,n)},t.fn.init.prototype=t.fn;var n=t(document);return r("jQuery.sub() is deprecated"),t},e.ajaxSetup({converters:{"text json":e.parseJSON}});var b=e.fn.data;e.fn.data=function(t){var a,i,o=this[0];return!o||"events"!==t||1!==arguments.length||(a=e.data(o,t),i=e._data(o,t),a!==n&&a!==i||i===n)?b.apply(this,arguments):(r("Use of jQuery.fn.data('events') is deprecated"),i)};var j=/\/(java|ecma)script/i,w=e.fn.andSelf||e.fn.addBack;e.fn.andSelf=function(){return r("jQuery.fn.andSelf() replaced by jQuery.fn.addBack()"),w.apply(this,arguments)},e.clean||(e.clean=function(t,a,i,o){a=a||document,a=!a.nodeType&&a[0]||a,a=a.ownerDocument||a,r("jQuery.clean() is deprecated");var s,u,c,l,d=[];if(e.merge(d,e.buildFragment(t,a).childNodes),i)for(c=function(e){return!e.type||j.test(e.type)?o?o.push(e.parentNode?e.parentNode.removeChild(e):e):i.appendChild(e):n},s=0;null!=(u=d[s]);s++)e.nodeName(u,"script")&&c(u)||(i.appendChild(u),u.getElementsByTagName!==n&&(l=e.grep(e.merge([],u.getElementsByTagName("script")),c),d.splice.apply(d,[s+1,0].concat(l)),s+=l.length));return d});var Q=e.event.add,x=e.event.remove,k=e.event.trigger,N=e.fn.toggle,T=e.fn.live,M=e.fn.die,S="ajaxStart|ajaxStop|ajaxSend|ajaxComplete|ajaxError|ajaxSuccess",C=RegExp("\\b(?:"+S+")\\b"),H=/(?:^|\s)hover(\.\S+|)\b/,A=function(t){return"string"!=typeof t||e.event.special.hover?t:(H.test(t)&&r("'hover' pseudo-event is deprecated, use 'mouseenter mouseleave'"),t&&t.replace(H,"mouseenter$1 mouseleave$1"))};e.event.props&&"attrChange"!==e.event.props[0]&&e.event.props.unshift("attrChange","attrName","relatedNode","srcElement"),e.event.dispatch&&a(e.event,"handle",e.event.dispatch,"jQuery.event.handle is undocumented and deprecated"),e.event.add=function(e,t,n,a,i){e!==document&&C.test(t)&&r("AJAX events should be attached to document: "+t),Q.call(this,e,A(t||""),n,a,i)},e.event.remove=function(e,t,n,r,a){x.call(this,e,A(t)||"",n,r,a)},e.fn.error=function(){var e=Array.prototype.slice.call(arguments,0);return r("jQuery.fn.error() is deprecated"),e.splice(0,0,"error"),arguments.length?this.bind.apply(this,e):(this.triggerHandler.apply(this,e),this)},e.fn.toggle=function(t,n){if(!e.isFunction(t)||!e.isFunction(n))return N.apply(this,arguments);r("jQuery.fn.toggle(handler, handler...) is deprecated");var a=arguments,i=t.guid||e.guid++,o=0,s=function(n){var r=(e._data(this,"lastToggle"+t.guid)||0)%o;return e._data(this,"lastToggle"+t.guid,r+1),n.preventDefault(),a[r].apply(this,arguments)||!1};for(s.guid=i;a.length>o;)a[o++].guid=i;return this.click(s)},e.fn.live=function(t,n,a){return r("jQuery.fn.live() is deprecated"),T?T.apply(this,arguments):(e(this.context).on(t,this.selector,n,a),this)},e.fn.die=function(t,n){return r("jQuery.fn.die() is deprecated"),M?M.apply(this,arguments):(e(this.context).off(t,this.selector||"**",n),this)},e.event.trigger=function(e,t,n,a){return n||C.test(e)||r("Global events are undocumented and deprecated"),k.call(this,e,t,n||document,a)},e.each(S.split("|"),function(t,n){e.event.special[n]={setup:function(){var t=this;return t!==document&&(e.event.add(document,n+"."+e.guid,function(){e.event.trigger(n,null,t,!0)}),e._data(this,n,e.guid++)),!1},teardown:function(){return this!==document&&e.event.remove(document,n+"."+e._data(this,n)),!1}}})}(jQuery,window);

//]]>
</script>

<script type='text/javascript'>
//<![CDATA[

/**********************************************************************************************
* CountDown Timer script by Praveen Lobo (http://PraveenLobo.com/techblog/javascript-CountDown-timer/)
* This notice MUST stay intact(in both JS file and SCRIPT tag) for legal use.
* http://praveenlobo.com/blog/disclaimer/
**********************************************************************************************/
function CountDown(initDate, id){
    this.endDate = new Date(initDate);
    this.countainer = document.getElementById(id);
    this.numOfDays = [ 31, 28, 31, 30, 31, 30, 31, 31, 30, 31, 30, 31 ];
    this.borrowed = 0, this.years = 0, this.months = 0, this.days = 0;
    this.hours = 0, this.minutes = 0, this.seconds = 0;
    this.updateNumOfDays();
    this.updateCounter();
}
 
CountDown.prototype.updateNumOfDays=function(){
    var dateNow = new Date();
    var currYear = dateNow.getFullYear();
    if ( (currYear % 4 == 0 && currYear % 100 != 0 ) || currYear % 400 == 0 ) {
        this.numOfDays[1] = 29;
    }
    var self = this;
    setTimeout(function(){self.updateNumOfDays();}, (new Date((currYear+1), 1, 2) - dateNow));
}
 
CountDown.prototype.datePartDiff=function(then, now, MAX){
    var diff = now - then - this.borrowed;
    this.borrowed = 0;
    if ( diff > -1 ) return diff;
    this.borrowed = 1;
    return (MAX + diff);
}
 
CountDown.prototype.calculate=function(){
    var futureDate = this.endDate;
    var currDate = new Date();
    this.seconds = this.datePartDiff(currDate.getSeconds(), futureDate.getSeconds(), 60);
    this.minutes = this.datePartDiff(currDate.getMinutes(), futureDate.getMinutes(), 60);
    this.hours = this.datePartDiff(currDate.getHours(), futureDate.getHours(), 24);
    this.days = this.datePartDiff(currDate.getDate(), futureDate.getDate(), this.numOfDays[futureDate.getMonth()]);
    this.months = this.datePartDiff(currDate.getMonth(), futureDate.getMonth(), 12);
    this.years = this.datePartDiff(currDate.getFullYear(), futureDate.getFullYear(),0);
}
 
CountDown.prototype.addLeadingZero=function(value){
    return value < 10 ? ("0" + value) : value;
}
 
CountDown.prototype.formatTime=function(){
    this.seconds = this.addLeadingZero(this.seconds);
    this.minutes = this.addLeadingZero(this.minutes);
    this.hours = this.addLeadingZero(this.hours);
    this.days = this.addLeadingZero(this.days);
    this.months = this.addLeadingZero(this.months);
    this.years = this.addLeadingZero(this.years);
}
 
CountDown.prototype.updateCounter=function(){
    this.calculate();
    this.formatTime();
    this.countainer.innerHTML =
	   "<div><strong>" + this.years + "</strong> " + (this.years == 1? "year" : "years") + "</div>" +
       "<div><strong>" + this.months + "</strong> " + (this.months == 1? "month" : "months") + "</div>" +
       "<div><strong>" + this.days + "</strong> " + (this.days == 1? "day" : "days") + "</div>" +
       "<div><strong>" + this.hours + "</strong> " + (this.hours == 1? "hour" : "hours") + "</div>" +
       "<div><strong>" + this.minutes + "</strong> " + (this.minutes == 1? "minute" : "minutes") + "</div>" +
       "<div><strong>" + this.seconds + "</strong> " + (this.seconds == 1? "second" : "seconds") + "</div>";
    if ( this.endDate > (new Date()) ) {
        var self = this;
        setTimeout(function(){self.updateCounter();}, 1000);
    }
}


/**********************************************************************************************
* CountUp script by Praveen Lobo (http://PraveenLobo.com/techblog/javascript-countup-timer/)
* This notice MUST stay intact(in both JS file and SCRIPT tag) for legal use.
* http://praveenlobo.com/blog/disclaimer/
**********************************************************************************************/
function CountUp(initDate, id){
    this.beginDate = new Date(initDate);
    this.countainer = document.getElementById(id);
    this.numOfDays = [ 31, 28, 31, 30, 31, 30, 31, 31, 30, 31, 30, 31 ];
    this.borrowed = 0, this.years = 0, this.months = 0, this.days = 0;
    this.hours = 0, this.minutes = 0, this.seconds = 0;
    this.updateNumOfDays();
    this.updateCounter();
}
 
CountUp.prototype.updateNumOfDays=function(){
    var dateNow = new Date();
    var currYear = dateNow.getFullYear();
    if ( (currYear % 4 == 0 && currYear % 100 != 0 ) || currYear % 400 == 0 ) {
        this.numOfDays[1] = 29;
    }
    var self = this;
    setTimeout(function(){self.updateNumOfDays();}, (new Date((currYear+1), 1, 2) - dateNow));
}
 
CountUp.prototype.datePartDiff=function(then, now, MAX){
    var diff = now - then - this.borrowed;
    this.borrowed = 0;
    if ( diff > -1 ) return diff;
    this.borrowed = 1;
    return (MAX + diff);
}
 
CountUp.prototype.calculate=function(){
    var currDate = new Date();
    var prevDate = this.beginDate;
    this.seconds = this.datePartDiff(prevDate.getSeconds(), currDate.getSeconds(), 60);
    this.minutes = this.datePartDiff(prevDate.getMinutes(), currDate.getMinutes(), 60);
    this.hours = this.datePartDiff(prevDate.getHours(), currDate.getHours(), 24);
    this.days = this.datePartDiff(prevDate.getDate(), currDate.getDate(), this.numOfDays[currDate.getMonth()]);
    this.months = this.datePartDiff(prevDate.getMonth(), currDate.getMonth(), 12);
    this.years = this.datePartDiff(prevDate.getFullYear(), currDate.getFullYear(),0);
}
 
CountUp.prototype.addLeadingZero=function(value){
    return value < 10 ? ("0" + value) : value;
}
 
CountUp.prototype.formatTime=function(){
    this.seconds = this.addLeadingZero(this.seconds);
    this.minutes = this.addLeadingZero(this.minutes);
    this.hours = this.addLeadingZero(this.hours);
    this.days = this.addLeadingZero(this.days);
    this.months = this.addLeadingZero(this.months);
    this.years = this.addLeadingZero(this.years);
}
 
CountUp.prototype.updateCounter=function(){
    this.calculate();
    this.formatTime();
    this.countainer.innerHTML =
	   "<div><strong>" + this.years + "</strong> " + (this.years == 1? "year" : "years") + "</div>" +
       "<div><strong>" + this.months + "</strong> " + (this.months == 1? "month" : "months") + "</div>" +
       "<div><strong>" + this.days + "</strong> " + (this.days == 1? "day" : "days") + "</div>" +
       "<div><strong>" + this.hours + "</strong> " + (this.hours == 1? "hour" : "hours") + "</div>" +
       "<div><strong>" + this.minutes + "</strong> " + (this.minutes == 1? "minute" : "minutes") + "</div>" +
       "<div><strong>" + this.seconds + "</strong> " + (this.seconds == 1? "second" : "seconds") + "</div>";
    var self = this;
    setTimeout(function(){self.updateCounter();}, 1000);
}


/**********************************************************************************************
* has been modified to adapted with "the wedding" theme
* by THEMEWARRIOR'S team
* http://www.themewarrior.com
**********************************************************************************************/

//]]>
</script>

<script type='text/javascript'>
//<![CDATA[

jQuery(document).ready(function($) {

	// Countdown Timer
	new CountDown('March 16, 2018 12:00:00', 'timenbt');
	
	// Set newletter box value
	$('input.newsletterformnbt').val('Enter your email address...');
	$('input.newsletterformnbt').blur(function(){
		if ($('input.newsletterformnbt').val() == ''){
			$('input.newsletterformnbt').val('Enter your email address...');
		}
	});
	
	$('input.newsletterformnbt').focus(function(){
		if ($('input.newsletterformnbt').val() == 'Enter your email address...'){
			$('input.newsletterformnbt').val('');
		}
	});

});

//]]>
</script>

<!--[if lte IE 6]>
<style type='text/css'>
/* IE6 CSS Styles */
.clearfixnbt {
	display: table;
	zoom: 1;
}

.countdownnbt {
	display: table;
	width: auto;
}
.countdownnbt .timernbt {
	display: inline;
	clear: both;
}
.newsletternbt input {
	height: 20px;
	margin: 0;
}
.newsletternbt input.newslettersubmitnbt {
	height: 36px;
	padding: 0;
}
#footernbt {
	font-size: 12px;
}	
</style>
<script type='text/javascript'>
//<![CDATA[

/**
* DD_belatedPNG: Adds IE6 support: PNG images for CSS background-image and HTML <IMG/>.
* Author: Drew Diller
* Email: drew.diller@gmail.com
* URL: http://www.dillerdesign.com/experiment/DD_belatedPNG/
* Version: 0.0.8a
* Licensed under the MIT License: http://dillerdesign.com/experiment/DD_belatedPNG/#license
*
* Example usage:
* DD_belatedPNG.fix('.png_bg'); // argument is a CSS selector
* DD_belatedPNG.fixPng( someNode ); // argument is an HTMLDomElement
**/
var DD_belatedPNG={ns:"DD_belatedPNG",imgSize:{},delay:10,nodesFixed:0,createVmlNameSpace:function(){if(document.namespaces&&!document.namespaces[this.ns]){document.namespaces.add(this.ns,"urn:schemas-microsoft-com:vml")}},createVmlStyleSheet:function(){var b,a;b=document.createElement("style");b.setAttribute("media","screen");document.documentElement.firstChild.insertBefore(b,document.documentElement.firstChild.firstChild);if(b.styleSheet){b=b.styleSheet;b.addRule(this.ns+"\\:*","{behavior:url(#default#VML)}");b.addRule(this.ns+"\\:shape","position:absolute;");b.addRule("img."+this.ns+"_sizeFinder","behavior:none; border:none; position:absolute; z-index:-1; top:-10000px; visibility:hidden;");this.screenStyleSheet=b;a=document.createElement("style");a.setAttribute("media","print");document.documentElement.firstChild.insertBefore(a,document.documentElement.firstChild.firstChild);a=a.styleSheet;a.addRule(this.ns+"\\:*","{display: none !important;}");a.addRule("img."+this.ns+"_sizeFinder","{display: none !important;}")}},readPropertyChange:function(){var b,c,a;b=event.srcElement;if(!b.vmlInitiated){return}if(event.propertyName.search("background")!=-1||event.propertyName.search("border")!=-1){DD_belatedPNG.applyVML(b)}if(event.propertyName=="style.display"){c=(b.currentStyle.display=="none")?"none":"block";for(a in b.vml){if(b.vml.hasOwnProperty(a)){b.vml[a].shape.style.display=c}}}if(event.propertyName.search("filter")!=-1){DD_belatedPNG.vmlOpacity(b)}},vmlOpacity:function(b){if(b.currentStyle.filter.search("lpha")!=-1){var a=b.currentStyle.filter;a=parseInt(a.substring(a.lastIndexOf("=")+1,a.lastIndexOf(")")),10)/100;b.vml.color.shape.style.filter=b.currentStyle.filter;b.vml.image.fill.opacity=a}},handlePseudoHover:function(a){setTimeout(function(){DD_belatedPNG.applyVML(a)},1)},fix:function(a){if(this.screenStyleSheet){var c,b;c=a.split(",");for(b=0;b<c.length;b++){this.screenStyleSheet.addRule(c[b],"behavior:expression(DD_belatedPNG.fixPng(this))")}}},applyVML:function(a){a.runtimeStyle.cssText="";this.vmlFill(a);this.vmlOffsets(a);this.vmlOpacity(a);if(a.isImg){this.copyImageBorders(a)}},attachHandlers:function(i){var d,c,g,e,b,f;d=this;c={resize:"vmlOffsets",move:"vmlOffsets"};if(i.nodeName=="A"){e={mouseleave:"handlePseudoHover",mouseenter:"handlePseudoHover",focus:"handlePseudoHover",blur:"handlePseudoHover"};for(b in e){if(e.hasOwnProperty(b)){c[b]=e[b]}}}for(f in c){if(c.hasOwnProperty(f)){g=function(){d[c[f]](i)};i.attachEvent("on"+f,g)}}i.attachEvent("onpropertychange",this.readPropertyChange)},giveLayout:function(a){a.style.zoom=1;if(a.currentStyle.position=="static"){a.style.position="relative"}},copyImageBorders:function(b){var c,a;c={borderStyle:true,borderWidth:true,borderColor:true};for(a in c){if(c.hasOwnProperty(a)){b.vml.color.shape.style[a]=b.currentStyle[a]}}},vmlFill:function(e){if(!e.currentStyle){return}else{var d,f,g,b,a,c;d=e.currentStyle}for(b in e.vml){if(e.vml.hasOwnProperty(b)){e.vml[b].shape.style.zIndex=d.zIndex}}e.runtimeStyle.backgroundColor="";e.runtimeStyle.backgroundImage="";f=true;if(d.backgroundImage!="none"||e.isImg){if(!e.isImg){e.vmlBg=d.backgroundImage;e.vmlBg=e.vmlBg.substr(5,e.vmlBg.lastIndexOf('")')-5)}else{e.vmlBg=e.src}g=this;if(!g.imgSize[e.vmlBg]){a=document.createElement("img");g.imgSize[e.vmlBg]=a;a.className=g.ns+"_sizeFinder";a.runtimeStyle.cssText="behavior:none; position:absolute; left:-10000px; top:-10000px; border:none; margin:0; padding:0;";c=function(){this.width=this.offsetWidth;this.height=this.offsetHeight;g.vmlOffsets(e)};a.attachEvent("onload",c);a.src=e.vmlBg;a.removeAttribute("width");a.removeAttribute("height");document.body.insertBefore(a,document.body.firstChild)}e.vml.image.fill.src=e.vmlBg;f=false}e.vml.image.fill.on=!f;e.vml.image.fill.color="none";e.vml.color.shape.style.backgroundColor=d.backgroundColor;e.runtimeStyle.backgroundImage="none";e.runtimeStyle.backgroundColor="transparent"},vmlOffsets:function(d){var h,n,a,e,g,m,f,l,j,i,k;h=d.currentStyle;n={W:d.clientWidth+1,H:d.clientHeight+1,w:this.imgSize[d.vmlBg].width,h:this.imgSize[d.vmlBg].height,L:d.offsetLeft,T:d.offsetTop,bLW:d.clientLeft,bTW:d.clientTop};a=(n.L+n.bLW==1)?1:0;e=function(b,p,q,c,s,u){b.coordsize=c+","+s;b.coordorigin=u+","+u;b.path="m0,0l"+c+",0l"+c+","+s+"l0,"+s+" xe";b.style.width=c+"px";b.style.height=s+"px";b.style.left=p+"px";b.style.top=q+"px"};e(d.vml.color.shape,(n.L+(d.isImg?0:n.bLW)),(n.T+(d.isImg?0:n.bTW)),(n.W-1),(n.H-1),0);e(d.vml.image.shape,(n.L+n.bLW),(n.T+n.bTW),(n.W),(n.H),1);g={X:0,Y:0};if(d.isImg){g.X=parseInt(h.paddingLeft,10)+1;g.Y=parseInt(h.paddingTop,10)+1}else{for(j in g){if(g.hasOwnProperty(j)){this.figurePercentage(g,n,j,h["backgroundPosition"+j])}}}d.vml.image.fill.position=(g.X/n.W)+","+(g.Y/n.H);m=h.backgroundRepeat;f={T:1,R:n.W+a,B:n.H,L:1+a};l={X:{b1:"L",b2:"R",d:"W"},Y:{b1:"T",b2:"B",d:"H"}};if(m!="repeat"||d.isImg){i={T:(g.Y),R:(g.X+n.w),B:(g.Y+n.h),L:(g.X)};if(m.search("repeat-")!=-1){k=m.split("repeat-")[1].toUpperCase();i[l[k].b1]=1;i[l[k].b2]=n[l[k].d]}if(i.B>n.H){i.B=n.H}d.vml.image.shape.style.clip="rect("+i.T+"px "+(i.R+a)+"px "+i.B+"px "+(i.L+a)+"px)"}else{d.vml.image.shape.style.clip="rect("+f.T+"px "+f.R+"px "+f.B+"px "+f.L+"px)"}},figurePercentage:function(d,c,f,a){var b,e;e=true;b=(f=="X");switch(a){case"left":case"top":d[f]=0;break;case"center":d[f]=0.5;break;case"right":case"bottom":d[f]=1;break;default:if(a.search("%")!=-1){d[f]=parseInt(a,10)/100}else{e=false}}d[f]=Math.ceil(e?((c[b?"W":"H"]*d[f])-(c[b?"w":"h"]*d[f])):parseInt(a,10));if(d[f]%2===0){d[f]++}return d[f]},fixPng:function(c){c.style.behavior="none";var g,b,f,a,d;if(c.nodeName=="BODY"||c.nodeName=="TD"||c.nodeName=="TR"){return}c.isImg=false;if(c.nodeName=="IMG"){if(c.src.toLowerCase().search(/\.png$/)!=-1){c.isImg=true;c.style.visibility="hidden"}else{return}}else{if(c.currentStyle.backgroundImage.toLowerCase().search(".png")==-1){return}}g=DD_belatedPNG;c.vml={color:{},image:{}};b={shape:{},fill:{}};for(a in c.vml){if(c.vml.hasOwnProperty(a)){for(d in b){if(b.hasOwnProperty(d)){f=g.ns+":"+d;c.vml[a][d]=document.createElement(f)}}c.vml[a].shape.stroked=false;c.vml[a].shape.appendChild(c.vml[a].fill);c.parentNode.insertBefore(c.vml[a].shape,c)}}c.vml.image.shape.fillcolor="none";c.vml.image.fill.type="tile";c.vml.color.fill.on=false;g.attachHandlers(c);g.giveLayout(c);g.giveLayout(c.offsetParent);c.vmlInitiated=true;g.applyVML(c)}};try{document.execCommand("BackgroundImageCache",false,true)}catch(r){}DD_belatedPNG.createVmlNameSpace();DD_belatedPNG.createVmlStyleSheet();

//]]>
</script>
<script>
 DD_belatedPNG.fix('*');
</script>
<![endif]-->
<!--[if IE 7]>
<style type='text/css'>
/* IE7 CSS Styles */
.clearfixnbt {
	display: table;
	zoom: 1;
}

.countdownnbt {
	display: table;
	width: auto;
}
.countdownnbt .timernbt {
	display: inline;
	clear: both;
}
.newsletternbt input {
	height: 20px;
	margin: 0;
}
.newsletternbt input.newslettersubmitnbt {
	height: 36px;
	padding: 0;
}
#footernbt {
	font-size: 12px;
}	
</style>
<![endif]-->
<!--[if IE 8]>
<style type='text/css'>
/* IE8 CSS Styles */
.newsletternbt input {
	height: 22px;
}
.newsletternbt input.newslettersubmitnbt {
	height: 34px;
}	
</style>
<![endif]-->

</head>

<body>

<!-- START: HEADER -->
<div class='clearfixnbt' id='headernbt'>
<div class='containernbt'>

<div class='logonbt'>
<b:section class='headersec' id='headersec' maxwidgets='1' showaddelement='no'>
  <b:widget id='Header1' locked='true' title='Launch Time (Header)' type='Header'>
    <b:includable id='main'>
  <b:if cond='data:useImage'>
    <b:if cond='data:imagePlacement == &quot;REPLACE&quot;'>
      <!--Show just the image, no text-->
      <div id='header-inner'>
        <a expr:href='data:blog.homepageUrl' style='display: block'>
          <img expr:alt='data:title' expr:height='data:height' expr:id='data:widget.instanceId + &quot;_headerimg&quot;' expr:src='data:sourceUrl' expr:width='data:width' style='display: block;padding-left:0px;padding-top:0px;margin:0 auto;'/>
        </a>
      </div>
    <b:else/>
      <!--
      Show image as background to text. You can't really calculate the width
      reliably in JS because margins are not taken into account by any of
      clientWidth, offsetWidth or scrollWidth, so we don't force a minimum
      width if the user is using shrink to fit.
      This results in a margin-width's worth of pixels being cropped. If the
      user is not using shrink to fit then we expand the header.
      -->
      <div expr:style='&quot;background-image: url(\&quot;&quot; + data:sourceUrl + &quot;\&quot;); &quot;                      + &quot;background-position: &quot;                      + data:backgroundPositionStyleStr + &quot;; &quot;                      + data:widthStyleStr                      + &quot;min-height: &quot; + data:height + &quot;px;&quot;                      + &quot;_height: &quot; + data:height + &quot;px;&quot;                      + &quot;background-repeat: no-repeat; &quot;' id='header-inner'>
        <div class='titlewrapper' style='background: transparent'>
          <h1 class='site-titlenbt' style='background: transparent; border-width: 0px'>
            <b:include name='title'/>
          </h1>
        </div>
        <b:include name='description'/>
      </div>
    </b:if>
  <b:else/>
    <!--No header image -->
    <div id='header-inner'>
      <div class='titlewrapper'>
        <h1 class='site-titlenbt'>
          <b:include name='title'/>
        </h1>
      </div>
      <b:include name='description'/>
    </div>
  </b:if>
</b:includable>
    <b:includable id='description'>
    <h2 class='site-descriptionnbt'><data:description/></h2>
</b:includable>
    <b:includable id='title'>
<a expr:href='data:blog.homepageUrl'><data:title/></a>
</b:includable>
  </b:widget>
</b:section>
</div>

<div class='messagenbt clearfixnbt'>
	<p>Launch Time is a free coming soon/under construction blogger template from NewBloggerThemes.com. Launch Time has jQuery countdown timer, email subscription box and social buttons for your profiles. Go to Edit HTML replace this with your own words.</p>
</div>

</div>
</div>
<!-- END: HEADER -->


<!-- START: MAIN CONTENT -->
<div class='clearfix' id='main-contentnbt'>
<div class='containernbt'>
	
<div class='countdownnbt clearfixnbt'>
	<h3 id='launch-textnbt'>Our site will launch in</h3>
	<div class='timernbt' id='timenbt'/>
</div>

<div class='newsletternbt clearfixnbt'>
	<p>Want to know when we launch? Signup to our newsletter.</p>
	<form action='http://feedburner.google.com/fb/a/mailverify' method='post' onsubmit='window.open(&apos;http://feedburner.google.com/fb/a/mailverify?uri=newbthemes&apos;, &apos;popupwindow&apos;, &apos;scrollbars=yes,width=550,height=520&apos;);return true' target='popupwindow'>
		<input class='newsletterformnbt' name='email' type='text' value=''/>
		<input name='uri' type='hidden' value='newbthemes'/>
		<input name='loc' type='hidden' value='en_US'/>
		<input class='newslettersubmitnbt' type='submit' value='Signup Now'/>
	</form>
</div>

<div class='socialmedianbt clearfixnbt'>
	<a expr:href='data:blog.homepageUrl + &quot;feeds/posts/default&quot;' rel='nofollow' target='_blank'><img alt='Subscribe feed' src='http://3.bp.blogspot.com/-stRtFZtJetA/VCy1gXl2btI/AAAAAAAAO0c/QofKQYAymZI/s1600/feed.png' title='Subscribe feed'/></a>
	<a href='https://twitter.com/newbthemes' rel='nofollow' target='_blank'><img alt='Follow us on Twitter' src='http://4.bp.blogspot.com/-X_wr8z37c5w/VCy1iBwcnDI/AAAAAAAAO0w/0UWHpqUyyT4/s1600/twitter.png' title='Follow us on Twitter'/></a>
	<a href='https://www.facebook.com/newbthemes' rel='nofollow' target='_blank'><img alt='Be our fans on Facebook' src='http://3.bp.blogspot.com/-11ax7Y74h6I/VCy1nSPc8RI/AAAAAAAAO2g/G8mkLicKDkA/s1600/facebook.png' title='Be our fans on Facebook'/></a>
	<a href='http://www.myspace.com/username' rel='nofollow' target='_blank'><img alt='MySpace page' src='http://2.bp.blogspot.com/-y4hDIglkDWo/VCy1hgDAw8I/AAAAAAAAO00/5LcxOlI0U-Y/s1600/myspace.png' title='MySpace page'/></a>
	<a href='https://www.linkedin.com/' rel='nofollow' target='_blank'><img alt='Linkedin profile' src='http://1.bp.blogspot.com/-RfZPAjISol0/VCy1hHMWPaI/AAAAAAAAO0k/3QRfyH2TC-8/s1600/linkedin.png' title='Linkedin profile'/></a>
	<a href='https://www.flickr.com/' rel='nofollow' target='_blank'><img alt='Flickr photos' src='http://2.bp.blogspot.com/-8OHT07Rw2d8/VCy1gdtMSMI/AAAAAAAAO0Y/JvWa4qXyzV4/s1600/flickr.png' title='Flickr photos'/></a>
	<a href='http://www.youtube.com/user/username' rel='nofollow' target='_blank'><img alt='YouTube videos' src='http://2.bp.blogspot.com/-0T2V4BUN_fA/VCy1jhPo74I/AAAAAAAAO1E/NeCm2Mlxa6s/s1600/youtube.png' title='YouTube videos'/></a>
	<a href='http://www.vimeo.com/username' rel='nofollow' target='_blank'><img alt='Vimeo videos' src='http://4.bp.blogspot.com/-HxvD4IqiVtI/VCy1jEd3KaI/AAAAAAAAO1A/bvKQ5w-jyRw/s1600/vimeo.png' title='Vimeo videos'/></a>
</div>

</div>
</div>
<!-- END: MAIN CONTENT -->
	
<!-- START: FOOTER -->
<div class='clearfixnbt' id='footernbt'>
<!-- Do not edit or remove credits without our permission: newbloggerthemes.com -->
<p>Copyright &#169; <script type='text/javascript'>var creditsyear = new Date();document.write(creditsyear.getFullYear());</script> <a expr:href='data:blog.homepageUrl'><data:blog.title/></a> | Published By <a href='http://gooyaabitemplates.com/' rel='dofollow' target='_blank' title='Blogger Templates'>Gooyaabi Templates</a>

| Powered By <a href='http://gooyaabitemplates.com/' rel='dofollow' target='_blank' title='Blogger'>Blogger</a>
<br/>Design by <a href='http://www.themewarrior.com/' target='_blank'>ThemeWarrior</a> | Blogger Theme by <a href='http://newbloggerthemes.com/' target='_blank' title='NewBloggerThemes.com'>NewBloggerThemes.com</a></p>
</div>
<!-- END: FOOTER -->
<b:section class='themewidgetnbtsec' id='themewidgetnbtsec' preferred='yes'/>
</body>
</html>