<?xml version="1.0" encoding="UTF-8" ?>
<!DOCTYPE html>
<html b:version='2' class='v2' expr:dir='data:blog.languageDirection' xmlns='http://www.w3.org/1999/xhtml' xmlns:b='http://www.google.com/2005/gml/b' xmlns:data='http://www.google.com/2005/gml/data' xmlns:expr='http://www.google.com/2005/gml/expr'>
  <head>
    <script src='https://ajax.googleapis.com/ajax/libs/jquery/1.7.1/jquery.min.js'/>
    <link href='http://fonts.googleapis.com/css?family=Open+Sans:300italic,400italic,600italic,700italic,800italic,400,800,700,600,300' rel='stylesheet' type='text/css'/>
    <script src='https://googledrive.com/host/0B-vz7n1QSdEfalFTa2cwWGRBVmM' type='text/javascript'/>
    <meta content='IE=EmulateIE7' http-equiv='X-UA-Compatible'/>
    <b:if cond='data:blog.isMobile'>
      <meta content='width=device-width,initial-scale=1.0,minimum-scale=1.0,maximum-scale=1.0' name='viewport'/>
    <b:else/>
      <meta content='width=1100' name='viewport'/>
    </b:if>
    <b:include data='blog' name='all-head-content'/>
    <title>
	<b:if cond='data:blog.homepageUrl == data:blog.url'>
		<data:blog.title/>
	<b:else/>
		<data:blog.pageName/> | <data:blog.title/>
	</b:if>
</title>
    <meta expr:content='data:blog.metaDescription' name='description'/>

 
    
    
    <b:skin><![CDATA[



/*
-----------------------------------------------
Blogger Template Stylea
Name:   Metro Classic
Author: Syed Faizan Ali
URL 1:  http://www.templateism.com/
URL 2:  http://www.mybloggerlab.net/
Date:   May 2013
License:  This free Blogger template is licensed under the Creative Commons Attribution 3.0 License, which permits both personal and commercial use.
However, to satisfy the 'attribution' clause of the license, you are required to keep the footer links intact which provides due credit to its authors. For more specific details about the license, you may visit the URL below:
http://creativecommons.org/licenses/by/3.0/
----------------------------------------------- */

body#layout .widget-content {
color: #666;
height: 3em;
line-height: 1.0em;
margin: 0;
overflow: hidden;
padding: 3px;
position: relative;
text-align: center;
}


.widget-content {
color: #fff;
font-size: 13px;
line-height: 24px;
margin-right: 20px;
}

.navbar {
visibility: hidden;
display: none;
}
.section, .widget {
margin: 0;
padding: 0;
margin-bottom: 15px;
}


/* =Reset default browser CSS.
-------------------------------------------------------------- */
html, body, div, span, applet, object, iframe, h1, h2, h3, h4, h5, h6, p, blockquote, pre, a, abbr, acronym, address, cite, code, del, dfn, em, font, ins, kbd, q, s, samp, strike, strong, sub, sup, tt, var, dl, dt, dd, ol, ul, li, fieldset, form, label, legend, table, caption, tbody, tfoot, thead, tr, th, td {
border: 0;
font-family: inherit;
font-size: 100%;
font-style: inherit;
font-weight: inherit;
margin: 0;
outline: 0;
padding: 0;
vertical-align: baseline;
}
article, aside, details, figcaption, figure, footer, header, hgroup, menu, nav, section {
display: block;
}

.date-i.fleft  { display:none;}

.clear {
clear:both;
}
/* remember to define focus styles! */
:focus {
outline: 0;
}
html, body, .body-fauxcolumn-outer {
height: 100%;
min-height: 100%;
}
body, .body-fauxcolumn-outer {
line-height: 1;
font-size: 100%;
}
ol, ul {
list-style: none;
}
/* tables still need 'cellspacing="0"' in the markup */
table {
border-collapse: separate;
border-spacing: 0;
}
caption, th, td {
font-weight: normal;
text-align: left;
}
blockquote:before, blockquote:after, q:before, q:after {
content: "";
}
blockquote, q {
quotes: "" "";
}
a img {
border: 0;
}
/* =Structure
----------------------------------------------- */
/* Alignment */
.alignleft {
display: inline;
float: left;
margin-right: 1.5em;
}
.alignright {
display: inline;
float: right;
margin-left: 1.5em;
}
.aligncenter {
clear: both;
display: block;
margin-left: auto;
margin-right: auto;
}
/* =Global
----------------------------------------------- */
body, input, textarea {
color: #333;
font-family: 'Open Sans',Arial,sans-serif;
line-height: 87.5%;
background: #ebebeb;
}
/* Headings */
h1, h2, h3, h4, h5, h6 {
clear: both;
}
hr {
background-color: #ccc;
border: 0;
height: 1px;
margin-bottom: 1.5em;
}
/* Text elements */
.post-edit-link {
color: #6cbe42;
font-size: 87.5%
}
p {
margin-bottom: 1.5em;
font-size: 95%;
line-height: normal;
}

ul {
list-style: square;
}
ol {
list-style-type: decimal;
}
ol ol {
list-style: upper-alpha;
}
ol ol ol {
list-style: lower-roman;
}
ol ol ol ol {
list-style: lower-alpha;
}
ul ul, ol ol, ul ol, ol ul {
margin-bottom: 0;
}
dl {
margin: 0 1.5em;
}
dt {
font-weight: bold;
}
dd {
margin-bottom: 1.5em;
}
strong {
font-weight: bold;
}
cite, em, i {
font-style: italic;
}
blockquote {
font-style: italic;
margin: 0;
background: #fff;
padding: 10px;
margin: 10px;
border: 1px solid #d4d4d4;
word-wrap: break-word;
}
blockquote p {
margin: 0px;
padding: 0px;
}
blockquote em, blockquote i, blockquote cite {
font-style: normal;
}
pre {
background: rgba(0, 0, 0, 0.05);
font: 87.5% "Courier 10 Pitch", Courier, monospace;
line-height: normal;
margin-bottom: 1.5em;
padding: 0.75em 1.5em;
}
code, kbd {
font: 13px Monaco, Consolas, "Andale Mono", "DejaVu Sans Mono", monospace;
}
abbr, acronym {
border-bottom: 1px dotted #666;
cursor: help;
}
ins {
background: #fff9c0;
text-decoration: none;
}
sup, sub {
font-size: 62.5%;
height: 0;
line-height: 1;
position: relative;
vertical-align: baseline;
}
sup {
bottom: 1ex;
}
sub {
top: .5ex;
}
input[type=text], textarea {
border: 1px solid #888;
}
textarea {
padding-left: 3px;
width: 98%;
}
input[type=text] {
padding: 3px;
}
/* Links */
a, a:visited {
color: #3aab00;
}
a:focus, a:active, a:hover {
color: #3aab00;
text-decoration: none;/*border-bottom: 1px dashed #3aab00;*/
}
.format-video [type="application/x-shockwave-flash"] {
width: 100%;
height:350px;
}
/* Text meant only for screen readers */
.screen-reader-text {
position: absolute !important;
clip: rect(1px 1px 1px 1px); /* IE6, IE7 */
clip: rect(1px, 1px, 1px, 1px);
}
/* =Body and page
----------------------------------------------- */
#page { background: transparent url(http://2.bp.blogspot.com/--LavmhF9vXU/UYVH4kuSzDI/AAAAAAAABFU/nMvLBcBdMp0/s1600/left_bg.png) repeat-y left top; margin-right: 25px; min-height: 100%; }

/* =Header
----------------------------------------------- */
#branding {
padding-left: 35px;
padding-bottom: 10px;
}
#desktop-version {
margin-bottom: 40px;
}
.site-title {
color:#FFF;
font-size: 235%;
line-height: normal;
font-weight: 500;
margin-bottom: 10px;
background:transparent;
margin: 20px 20px 10px 20px;
}
.site-title a {
color:#FFF;
background:transparent;
text-decoration: none;
text-shadow: 2px 2px 2px #592219;
}
.site-title a:hover {
color:#C93;
background:transparent;
text-shadow: 2px 2px 2px #000;
-webkit-transition: color 0.5s ease;
-moz-transition: color 0.5s ease;
-o-transition: color 0.5s ease;
transition: color 0.5s ease;
}
.site-description {
font-size: 87.5%;
line-height: normal;
font-style: italic;
color: #fff;
background:transparent;
margin: 0 20px;
}
#header-image {
margin: 0px 0 40px 0;
background: #FFF;
padding: 20px 20px;
border-bottom: 1px solid #d4d4d4;
display: block;
}
#header-image a:hover {
border-bottom: none;
}
#header-image img {
height:auto;
width:100%;
}
/* =Menu
----------------------------------------------- */
nav {
padding-right: 20px;
}
.menu {
float: left;

}

/* =Content Primary
----------------------------------------------- */
#primary {
float: right;
width: 100%;
margin: 0 0 0 -300px; /*Set left margin to -(leftColumnWidth + RightColumnWidth)*/
padding: 0px;
}
#contentcolumn {
margin: 0px 0px 0px 245px; /*Set left margin to (leftColumnWidth + RightColumnWidth)*/
/*background: #f3f3f3 url(http://1.bp.blogspot.com/-8mTVeEh9Fl8/TyEiftnzPrI/AAAAAAAABCs/OKuX8hLfc_4/s1600/primary-bg.png) repeat;
background: url(http://1.bp.blogspot.com/-8mTVeEh9Fl8/TyEiftnzPrI/AAAAAAAABCs/OKuX8hLfc_4/s1600/primary-bg.png) repeat;
*/
padding: 0px 0 20px 0;
min-height: 1000px;
}
.page-title {
font-size: 160%;
line-height: normal;
text-transform: uppercase;
margin: 0 40px;
font-weight: 100;
color: #6cbe42;
}
.page-title span {
font-weight: bold;
}
#content {
}
.sticky {
border-bottom:1px solid #6cbe42;
}

article {
position: relative;
padding-bottom: 20px;
margin-left: 10px;
padding-left: 15px;
border: none;
padding-right: 10px;
transition: all 0.3s;
border: 1px solid #d0d0d0;
width: 678px;
float: left;
background: #fff;
margin-top: 40px;
}

.widget h2 {
text-transform: uppercase;
color: #fff;
font-weight: 600;
background: #6cbe42;
padding: 10px;
padding-left: 15px;
margin-bottom: 15px;
}


.widget-content {
margin-left: 15px;
color: #fff;
font-size: 14px;
}




.post {
border-bottom: 1px solid #d4d4d4;
margin-bottom: 20px;
}
.post img {
width: 703px;
}
.sticky {
border-bottom: 1px solid #853b2f;
}
#nav-below {
background: #FFF;
margin: 20px 0 0 0;
padding: 20px 40px;
border-top: 1px solid #d4d4d4;
border-bottom: 1px solid #d4d4d4;
display: block;
font-size: 87.5%;
text-transform: uppercase;
clear: both;
}
#nav-below a {
text-decoration: none;
color:#853B2F;
font-weight: bold;
-webkit-transition: all 0.5s ease;
-moz-transition: all 0.5s ease;
-o-transition: all 0.5s ease;
transition: all 0.5s ease;
}
#nav-below a:hover {
color: #402f33;
border-bottom: 1px dashed #402f33;
-webkit-transition: all 0.5s ease;
-moz-transition: all 0.5s ease;
-o-transition: all 0.5s ease;
transition: all 0.5s ease;
}
.page-link {
margin-bottom: 20px;
background: rgba(0, 0, 0, 0.1);
padding: 5px;
}
/* Post title */
.entry-title {
font-size: 150%;
line-height: normal;
font-weight: bold;
text-transform: uppercase;
color: #402f33;
margin-bottom: 5px;
}
.entry-title a {
color: #402f33;
text-decoration: none;
}
.entry-title a:hover {
color: #6cbe42;
}
/* Date */
.date-i {
color:#FFF;
background: #853b2f;
display: inline-block;
font-size: 75%;
text-transform:uppercase;
font-weight: bold;
margin-bottom: 5px;
padding: 1px 5px 2px 5px;
}
.date-i a {
color:#FFF;
text-decoration: none;
}
.date-i:hover {
color:#FFF;
background: #3f2b2e;
-webkit-transition: all 0.5s ease;
-moz-transition: all 0.5s ease;
-o-transition: all 0.5s ease;
transition: all 0.5s ease;
}
.author-i, .category, .tag {
margin-bottom: 5px;
}



.read-more {
text-transform:uppercase;
font-size: 75%;
text-align: right;
color: #853b2f;
background:transparent;
line-height:normal;
}
.read-more a {
color: #853b2f;
background:transparent;
text-decoration: none;
font-weight: bold;
}
.read-more a:hover {
color: #402f33;
border-bottom: 1px dashed #402f33;
-webkit-transition: all 0.5s ease;
-moz-transition: all 0.5s ease;
-o-transition: all 0.5s ease;
transition: all 0.5s ease;
}
.read-more .meta-nav {
margin-left: 5px;
}

/* =Content Secondary
----------------------------------------------- */
#secondary {
float: left;
width: 255px;
height: auto !important;
min-height: 100%;
}
#secondary-margins {
margin: 40px 0;
}
.entry-content {
font-size: 95%;
line-height: 30px;
}
.entry-content h1 {
font-size:170%;
}
.entry-content h2 {
font-size:150%;
}
.entry-content h4 {
font-size:115%;
font-weight: bold;
}
.entry-content h5 {
font-size:105%;
}
.entry-content h6 {
font-size:100%;
}
/*table*/
.entry-content table, .comment-content table {
border-bottom: 1px solid #ddd;
margin: 0 0 1.625em;
width: 100%;
}
.entry-content th, .comment-content th {
color: #666;
font-size: 14px;
font-weight: 600;
letter-spacing: 0.1em;
line-height: 2.6em;
}
.entry-content td, .comment-content td {
border-top: 1px solid #ddd;
padding: 6px 10px 6px 0;
}
.entry-content p {
margin-bottom: 0.5em;
}
/* =Attachments
----------------------------------------------- */
.entry-attachment .attachment img {
margin: 20px 0;
border: 1px solid #ced8df;
padding: 1px;
background: #fff;
}
.newer-older img {
border: 1px solid #ced8df;
padding: 1px;
background: #fff;
}
/* =Images
----------------------------------------------- */
a img {
border: none;
}
p img {
margin-bottom: 0.5em; /* a small bottom margin prevents content floating under images */
}
/*
Resize images to fit the main content area.
- Applies only to images uploaded via WordPress by targeting size-* classes.
- Other images will be left alone. Use "size-auto" class to apply to other images.
*/
img.size-auto, img.size-full, img.size-large, img.size-medium, .attachment img, .widget-area img {
max-width: 100%; /* When images are too wide for containing element, force them to fit. */
height: auto; /* Override height to match resized width for correct aspect ratio. */
}
img.alignleft {
margin-right: 1.5em;
}
img.alignright {
margin-left: 1.5em;
}
.wp-caption {
padding: 10px;
text-align: center;
max-width: 97% !important;
border: 1px solid #d3d3d3;
background: #fff;
margin-top: 5px;
margin-bottom: 5px;
}
.wp-caption img {
margin: 0;
}
.wp-caption a img {
height: auto;
width: 100%;
}
.wp-caption .wp-caption-text {
font-size: 85%;
margin: .5em;
color: #666;
}
.gallery-caption {
}
.gallery {
margin: 0 auto 20px;
padding-bottom: 20px;
}
.gallery .gallery-item {
float: left;
margin-top: 0;
text-align: center;
width: 33%;
}
.gallery-columns-2 .gallery-item {
width: 50%;
}
.gallery-columns-4 .gallery-item {
width: 25%;
}
.gallery img {
border: 1px solid #ced8df;
padding: 1px;
background: #fff;
}
.gallery-columns-2 .attachment-medium {
max-width: 92%;
height: auto;
}
.gallery-columns-4 .attachment-thumbnail {
max-width: 84%;
height: auto;
}
.gallery .gallery-caption {
color: #888;
font-size: 12px;
margin: 0 0 12px;
}
.gallery dl {
margin: 0;
}
.gallery img {
border: 10px solid #f1f1f1;
}
.gallery br + br {
display: none;
}
.wp-smiley {
margin: 0;
}
.gallery .gallery-item a:hover {
border-bottom: 0px;
text-decoration: none;
}
.gallery-thumb {
width: 180px;
padding: 0px;
margin: 0px;
}
.nr-images {
width: 50%;
margin: 0px;
padding: 0px;
}
.gallery-thumb img {
border: 1px solid #CED8DF;
padding: 1px;
background: white;
}
/* =Navigation
-------------------------------------------------------------- */
.nav-previous {
float: left;
width: 50%;
}
.nav-previous .meta-nav {
margin-right: 5px;
}
.nav-next {
float: right;
text-align: right;
width: 50%;
}
.nav-next .meta-nav {
margin-left: 5px;
}
/* =Widgets
----------------------------------------------- */
#calendar_wrap, #wp-calendar {
width: 100%;
text-align:center;
}
/* --- --- --- [ Calendar ] --- --- --- */
#wp-calendar, #wp-calendar th, #wp-calendar td {
text-align: center;
background: none;
border: none;
}
#wp-calendar caption {
padding-bottom: 3px;
}
#wp-calendar {
background: none;
empty-cells: hide;
font-size: 90%;
line-height:normal;
}
#wp-calendar th {
font-style: normal;
font-weight: bold;
text-transform: capitalize;
border-bottom: 2px solid #fff;
background: rgba(0, 0, 0, 0.30);
color:#FFF;
padding: 2px;
}
#wp-calendar td {
text-align: center;
background: transparent url(images/entry-meta.png) repeat-x top left;
padding: 0px;
border-bottom: 1px solid rgba(255, 255, 255, 0.30);
color: #000;
}
#wp-calendar td:hover {
border-bottom: 1px solid rgba(255, 255, 255, 0.30);
}
#wp-calendar a {
text-decoration: none;
display: block;
color: #fff;
background: rgba(0, 0, 0, 0.30);
}
#wp-calendar a:hover {
background: rgba(255, 255, 255, 0.30);
border-bottom: none;
color: #000;
}
#wp-calendar caption {
font-weight: bold;
text-align: center;
}
#wp-calendar #today {
background-color: #FFFFFF;
}
#wp-calendar caption {
text-align: center;
width: 100%;
color: #fff;
}
#wp-calendar #next a {
padding-right: 10px;
text-align: right;
}
#wp-calendar #prev a {
padding-left: 10px;
text-align: left;
}
#wp-calendar #prev a:hover, #wp-calendar #next a:hover {
border-bottom: none;
cursor: pointer;
}
#wp-calendar .pad, #wp-calendar .pad:hover {
}
#s {
width: 133px;
border: 1px solid rgba(0, 0, 0, 0.30);
background: rgba(255, 255, 255, 0.05);
-webkit-border-radius: 5px;
-moz-border-radius: 5px;
border-radius: 5px;
}
#searchsubmit {
background: rgba(0, 0, 0, 0.30);
border: 0px;
text-transform: uppercase;
font-size: 75%;
padding: 8px 7px;
cursor: pointer;
color:#FFF;
-webkit-border-radius: 5px;
-moz-border-radius: 5px;
border-radius: 5px;
}
.widget-area {
margin-top: 40px;
}


.textwidget {
padding: 0px;
color: #FFF;
font-size: 87.5%;
line-height:normal;
}
.widget-area .widget ul {
color: #FFF;
list-style:none;
margin: 0px;
padding: 0px;
}
.widget-area .widget ul li {
font-size: 95%;
display: block;
padding: 2px 0;
line-height: normal;
}
.widget-area .widget ul li a {
color: #f3f3f3;
text-decoration: none;
border-bottom: 1px solid #fff;
}
.widget-area .widget ul li ul {
margin: 0px;
padding: 0px 0 0 10px;
}
.widget-area .widget ul li a:hover {
color: #6cbe42;
-webkit-transition: all 0.3s ease;
-moz-transition: all 0.3s ease;
-o-transition: all 0.3s ease;
transition: all 0.3s ease;
}
.tagcloud a {
color: #FFF;
display: inline-block;
padding: 5px 5px;
}
.tagcloud a:hover {
border-bottom: 0px solid #FFF;
}
/* =Comments
----------------------------------------------- */
.comment-title {
font-size: 150%;
line-height: normal;
font-weight: bold;
text-transform: uppercase;
color: #402F33;
margin-bottom: 5px;
}
.comment-number {
font-size: 100%;
color: white;
background: #853B2F;
display: inline-block;
text-transform: uppercase;
font-weight: bold;
margin-bottom: 5px;
padding: 5px 5px 5px 5px;
}
.comments {
margin: 20px 30px;
}

#respond {
padding: 10px;
}

.comment-footer {
margin: 0px!important
}

.comments {
margin-left: 10px;
transition: all 0.3s;
border: 1px solid #d0d0d0;
width: 710px;
float: left;
background: #fff;
margin-top: 40px;
padding-bottom: 45px;
}

.commentlist {
list-style: none;
margin: 20px 0;
padding: 0px;
}
.commentlist li {
border-bottom: 1px solid #d4d4d4;
padding-bottom: 20px;
margin-bottom: 20px;
list-style: none;
}
.bypostauthor {
}
.entry-title-comments {
font-size: 120%;
}
.entry-title-comments img {
margin-right: 10px;
}
.says {
font-size: 80%;
}
.comment-date {
font-size: 70%;
}
.fn a {
color: #853B2F;
}
.fn a:hover {
color: #000;
}
.edit-i {
text-align:right;
}
#respond .page-title {
margin: 0px;
}
#respond input {
margin: 0 0 15px;
width: 98%;
padding: 5px;
}

.section { margin:0px!important;}


#respond p {
margin-bottom: 0.5em;
}
#respond .form-submit input {
font-size: 14px;
width: auto;
}
#submit {
background: #853B2F;
border: 1px solid #853B2F;
color:#FFF;
cursor: pointer;
padding: 10px 5px;
}
#cancel-comment-reply-link {
font-size: 60%;
}
.comment-reply-link {
text-transform:uppercase;
font-size: 75%;
text-align: right;
color: #853b2f;
background:transparent;
line-height:normal;
text-decoration: none;
font-weight: bold;
}
.comment-reply-link:hover {
color: #402f33;
border-bottom: 1px dashed #402f33;
-webkit-transition: all 0.5s ease;
-moz-transition: all 0.5s ease;
-o-transition: all 0.5s ease;
transition: all 0.5s ease;
}
.avatar {
border: 1px solid #d2d2d2;
}
.children {
margin-left: 20px;
}
/* =Comment Link Below Title
----------------------------------------------- */
.comment-link {
color: white;
background: #853B2F;
display: inline-block;
font-size: 75%;
text-transform: uppercase;
text-decoration: none;
font-weight: bold;
margin-bottom: 5px;
padding: 1px 5px 2px 5px;
}
.comment-link a {
color:#FFF;
text-decoration: none;
}
.comment-link:visited {
color:#FFF;
text-decoration: none;
}
.comment-link:hover {
color:#FFF;
background: #3f2b2e;
-webkit-transition: all 0.5s ease;
-moz-transition: all 0.5s ease;
-o-transition: all 0.5s ease;
transition: all 0.5s ease;
}
/* =Footer
----------------------------------------------- */
/* =Mobile, SmartPhone, Tablets
----------------------------------------------- */
@media (max-width: 800px) {
.nothingtodo {
dispaly:none;
}
}
@media (max-width: 640px) {
body, .body-fauxcolumn-outer {
font-size: 115%;
}
#page-bg {
background: none;
}
#page {
width:100%;
background: transparent url(http://4.bp.blogspot.com/-BPKXeciAGGw/TyEjR-KpZaI/AAAAAAAABDE/rPd3h0lBUsU/s1600/primary-bg.png) repeat;
}
#mobile-version {
display: block;
background: #853B2F;
padding: 10px;
}
.site-title {
margin: 10px 0px;
}
.site-description {
margin: 10px 0px;
}

#primary {
float: none;
width: 100%;
margin: 0px;
}
#header-image {
margin: 0;
padding: 10px;
}
.menu-wplook-main-menu-container ul li a {
color: #FFF;
margin: 5px 0;
padding: 5px;
display: block;
background: #853B2F;
line-height: normal;
text-decoration: none;
}
.menu-wplook-main-menu-container ul li a:hover {
background: rgba(0, 0, 0, 0.70);
color: #fff;
}
article {
margin: 20px 10px;
}
.format-standard .postformat, .format-audio .postformat, .format-aside .postformat, .format-chat .postformat, .format-gallery .postformat, .format-image .postformat, .format-link .postformat, .format-quote .postformat, .format-status .postformat, .format-video .postformat {
background: transparent url(images/post-format/postformat.png) no-repeat;
width: 53px;
height: 53px;
position:absolute;
right: 0px;
}
.entry-title {
margin-right: 55px;
}
#nav-below {
margin: 10px 0px;
padding: 10px 10px;
}
#secondary {
float: none;
width: 100%;
}
#social-icons {
float:none;
width: 100%;
background: #3f2b2e;
padding: 10px 0
}
#social-icons-margins {
margin: 0;
}
#social-icons-margins a {
display: inline-block;
padding: 10px;
margin: 0px 0 10px 0;
}
#social-icons-margins a:hover {
background: none;
}
#contentcolumn {
margin: 0px;
width: 100%
}
.widget h3 {
background: #853B2F;
padding: 10px 20px;
margin: 0 -20px 20px -20px;
color: white;
text-transform: uppercase;
font-weight: bold;
font-size: 112.5%;
}
.widget ul {
color: #000;
list-style:none;
margin: 0px;
}
.widget ul li a {
color: #000;
text-decoration: none;
border-bottom: 1px solid #000;
}
.widget ul li ul {
margin: 0px;
padding: 0px 0 0 10px;
}
.widget ul li a:hover {
border-bottom: 1px dashed #402f33;
color: #000;
-webkit-transition: all 0.3s ease;
-moz-transition: all 0.3s ease;
-o-transition: all 0.3s ease;
transition: all 0.3s ease;
}
.tagcloud a {
color: #000;
text-decoration: underline;
font-size: 112.5%;
}
.tagcloud a:hover {
text-decoration: none;
color: #000;
-webkit-transition: all 0.3s ease;
-moz-transition: all 0.3s ease;
-o-transition: all 0.3s ease;
transition: all 0.3s ease;
}
#contentcolumn {
min-height: 50px;
}
.page-title {
font-size: 160%;
line-height: normal;
text-transform: uppercase;
margin: 0 10px;
font-weight: 100;
color: #853B2F;
}
.comments {
margin: 10px;
}
.entry-utility {
margin-left: -40px;
margin-right: -40px;
padding-right:7px;
}
}
@media (max-width: 450px) {
}
@media only screen and (min-device-width: 320px) and (max-device-width: 480px) {
}
/* =Print
----------------------------------------------- */
@media print {
}
.blog-pager {
padding: 0 40px;
font-size: 14px;
}
.copyright {
font-size: 14px;
text-align: center;
}
/* SOCIAL SHARING STARTS*/
ul.TBI-social {
list-style:none;
display:inline-block;
margin:15px auto;
}
ul.TBI-social li {
display:inline;
float:left;
background-repeat:no-repeat;
}
ul.TBI-social li a {
display:block;
width:48px;
height:48px;
padding-right:10px;
position:relative;
text-decoration:none;
}
ul.TBI-social li a strong {
font-weight:400;
position:absolute;
left:20px;
top:-1px;
color:#fff;
z-index:9999;
text-shadow:1px 1px 0 rgba(0,0,0,0.75);
background-color:rgba(0,0,0,0.7);
-moz-border-radius:3px;
-moz-box-shadow:0 0 5px rgba(0,0,0,0.5);
-webkit-border-radius:3px;
-webkit-box-shadow:0 0 5px rgba(0,0,0,0.5);
border-radius:3px;
box-shadow:0 0 5px rgba(0,0,0,0.5);
padding:3px;
}
ul.TBI-social li.TBI-facebook {
background-image:url(http://lh6.googleusercontent.com/-YbqE_WaWM_I/TYAygBXhxdI/AAAAAAAAAdk/_X3pWlNFRgs/s1600/TBI-facebook.png);
}
ul.TBI-social li.TBI-twitter {
background-image:url(http://lh4.googleusercontent.com/-5ZvxVwDY5H4/TYAyiGsT2WI/AAAAAAAAAd8/Farwy9vHqjU/s1600/TBI-twitter.png);
}
ul.TBI-social li.TBI-googleplus {
background-image:url(https://lh6.googleusercontent.com/-yoYsSemECFI/UAbPklNhXxI/AAAAAAAAFAw/y8ihJcN7dfo/s48/Google-Plus-Sharing.png);
}
ul li.TBI-pinterest {
background-image: url(https://lh5.googleusercontent.com/-wH0pRK5O1yg/UA1io3n4EoI/AAAAAAAAFKw/Iw8Z3jhPQ7g/s48/pinterest-logo.png);
}
ul.TBI-social li.TBI-stumbleupon {
background-image:url(http://lh6.googleusercontent.com/-mldTY6HrKnY/TYAyh1qKYMI/AAAAAAAAAd4/pkdFcTxmYfA/s1600/TBI-stumbleupon.png);
}
ul.TBI-social li.TBI-delicious {
background-image:url(http://lh6.googleusercontent.com/-w1KohkQHuqY/TYAyfct003I/AAAAAAAAAdc/3a-vbAhOlTg/s1600/TBI-delicious.png);
}
ul.TBI-social li.TBI-linkedin {
background-image:url(http://lh3.googleusercontent.com/-D1_qyJ6YuAg/TYAyg-wrT_I/AAAAAAAAAds/S_GkMjA5ZJ8/s1600/TBI-linkedin.png);
}
ul.TBI-social li.TBI-reddit {
background-image:url(http://lh3.googleusercontent.com/-IcX_Sdky5Ok/TYAyhn1obuI/AAAAAAAAAd0/MCWNQkbr818/s1600/TBI-reddit.png);
}
ul.TBI-social li.TBI-technorati {
background-image:url(http://lh6.googleusercontent.com/-qPJl0bdRDhc/TYA0oJaVlvI/AAAAAAAAAeA/PeJpSyxdyBs/s1600/TBI-technorati.png);
}
#TBI-cssanime:hover li {
opacity:0.2;
}
#TBI-cssanime li {
-webkit-transition-property:opacity;
-webkit-transition-duration:500ms;
-moz-transition-property:opacity;
-moz-transition-duration:500ms;
}
#TBI-cssanime li a strong {
opacity:0;
-webkit-transition-property:opacity, top;
-webkit-transition-duration:300ms;
-moz-transition-property:opacity, top;
-moz-transition-duration:300ms;
}
#TBI-cssanime li:hover {
opacity:1;
}
#TBI-cssanime li:hover a strong {
opacity:1;
top:-10px;
}
/* SOCIAL SHARING ENDS */
/* YOUTUBE RESPONSIVE STARTS */
.video-container {
position: relative;
padding-bottom: 56.25%;
padding-top: 30px;
height: 0;
overflow: hidden;
}
.video-container iframe,
.video-container object,
.video-container embed {
position: absolute;
top: 0;
left: 0;
width: 100%;
height: 100%;
}
/* YOUTUBE RESPONSIVE ENDS */
/* SELECTION COLOR STARTS */
::selection {
color: #FFFFFF;
background-color: #FA9A34;
}
::-moz-selection {
color: #FFFFFF;
background: #FA9A34;
}
/* SELECTION COLOR ENDS */
/* PRETTIFY STARTS */
.pln{color:#000}
pre.prettyprint{border:1px solid #ccc;padding:10px;-webkit-border-radius:10px;border-radius:10px;word-wrap:break-word}
ol.linenums{margin-top:0;margin-bottom:0}
li.L0,li.L1,li.L2,li.L3,li.L5,li.L6,li.L7,li.L8{list-style-type:none}
li.L1,li.L3,li.L5,li.L7,li.L9{background:#eee}
@media screen {
.com{color:#800}
.lit{color:#066}
.pun,.opn,.clo{color:#660}
.fun{color:red}
.str,.atv{color:#080}
.kwd,.tag{color:#008}
.typ,.atn,.dec,.var{color:#606}
}
@media print,projection {
.com{color:#600;font-style:italic}
.typ{color:#404;font-weight:700}
.lit{color:#044}
.pun,.opn,.clo{color:#440}
.atn{color:#404}
.str,.atv{color:#060}
.kwd,.tag{color:#006;font-weight:700}
}


#comments {
background-color: #fff;
border: 1px solid #d2d2d2;
overflow: hidden;
padding: 10px;
width: 686px;
margin-top: 50px;
margin-left: 10px;
}
#comments h4 {
color:#836554;
margin-top:-9px;
width:603px;
font-weight:700;
border-bottom-right-radius:0;
border-bottom-left-radius:0;
font-style:italic;
text-transform:uppercase;
font-size:25px;
margin-left:5px;
}
#comment-post-message {
background0color:10px;
background-color:#fff!important;
border:0!important;
}
.comments .comment-header,.comments .comment-thread.inline-thread .comment {
position:relative;
}
.comments .continue a {
background:#6cbe42;
font-weight:400;
color:#fff;
text-align:center;
padding:10px 0;
}
.comments .user a,.comments .continue a {
font-size:16px;
color:#433c36;
font-font-style:italic;
font-weight:700;
}
#comments .avatar-image-container img {
border:0;
}
.comment-thread {
color:#111;
}
.comment-thread a {
color:#777;
}
.comment-thread ol {
margin:0 0 20px;
}
.comment-thread .comment-content a,.comments .user a,.comments .comment-thread.inline-thread .user a {
color:#433c36;
}
.comments .avatar-image-container,.comments .avatar-image-container img {
width:48px;
max-width:48px;
height:48px;
max-height:48px;
}
.comments .comment-block,.comments .comments-content .comment-replies,.comments .comment-replybox-single {
margin-left:60px;
}
.comments .comment-block,.comments .comment-thread.inline-thread .comment {
border:1px solid #ddd;
background:#f5f5f5;
padding:10px;
}
.comments .comments-content .comment {
width:100%;
line-height:1em;
margin:15px 0 0;
padding:0;
}
.comments .comments-content .icon.blog-author {
position:absolute;
top:-12px;
right:-12px;
background-image:url(https://lh3.googleusercontent.com/-RLMMLOqtu68/T-goDsC4R0I/AAAAAAAABhU/ZvvicyrWA6g/s36/author.png);
width:36px;
height:36px;
margin:0;
}
.comments .comments-content .inline-thread {
padding:0 0 0 20px;
}
.comments .comments-content .comment-replies {
margin-top:0;
}
.comments .comment-content {
line-height:1.4em;
padding:5px 0;
}
.comments .comment-thread.inline-thread {
border-left:1px solid #ddd;
background:transparent;
}
.comments .comment-thread.inline-thread .comment {
width:auto;
}
.comments .comment-thread.inline-thread .comment:after {
content:"";
position:absolute;
top:10px;
left:-20px;
border-top:1px solid #ddd;
width:10px;
height:0;
}
.comments .comment-thread.inline-thread .comment .comment-block {
border:0;
background:transparent;
padding:0;
}
.comments .comment-thread.inline-thread .comment-block {
margin-left:48px;
}
.comments .comment-thread.inline-thread .user a {
font-size:13px;
}
.comments .comment-thread.inline-thread .avatar-image-container,.comments .comment-thread.inline-thread .avatar-image-container img {
width:36px;
max-width:36px;
height:36px;
max-height:36px;
}
.comments .continue {
border-top:0;
width:100%;
}
.comment .continue {
display:none;
}
#comment-editor {
width:101%!important;
}
.comment-form {
width:100%;
max-width:100%;
}

#related-posts img {
width: 210px!important;
height: 120px!important;
}

#related-posts {
padding-bottom: 20px;
margin-left: 10px;
padding-left: 15px;
border: none;
padding-right: 10px;
transition: all 0.3s;
border: 1px solid #d0d0d0;
width: 680px;
float: left;
background: #fff;
margin-top: 60px;
padding-bottom: 45px;
}

.comment-title {
text-transform: uppercase;
color: #fff;
font-weight: 600;
background: #6cbe42;
padding: 10px;
padding-left: 15px;
margin-bottom: 15px;
margin-left: -15px;
width: 686px;
margin-top: -10px;
font-size: 20px;
}

#related-posts img {
width: 210px!important;
height: 120px!important;
}

#related-posts a {
margin-left: 5px;
width: 205px!important;
height: 120px!important;
}

#related-posts h2 {
text-transform: uppercase;
color: #fff;
font-weight: 600;
background: #6cbe42;
padding: 10px;
padding-left: 15px;
margin-bottom: 15px;
margin-left: -15px;
width: 680px;
}


.post h2 {
text-transform: uppercase;
color: #fff;
font-weight: 600;
background: #6cbe42;
padding: 5px;
padding-left: 15px;
margin-bottom: 15px;
font-size: 20px;
width: 653px;
margin-top: 20px;
}
      
      .post h3 {
text-transform: uppercase;
font-size: 18px;
font-weight: 700;
        margin-top: 20px;
}
      
      ol {
margin-left: 40px;
}
      
     .post h4 {
text-transform: uppercase;
font-size: 15px;
font-weight: 700;
        margin-top: 20px;
        
}
      
     
      
      .newer-older img {
width: 40px!important;
}
      
      
      
      
      
     .post img {
margin-left: -15px;
} 
      
 #content {
margin-left: 30px;
}   
      
      
     .avatar.avatar-40.photo {
float: left;
margin-right: 10px;
-webkit-border-radius: 20px;
-moz-border-radius: 20px;
border-radius: 20px;
width: 40px;
height: 40px;
margin-left: 20px;
margin-top: 5px;
} 
      
      
     .arrow-down {
width: 0px;
height: 0px;
border-left: 10px solid transparent;
border-right: 10px solid transparent;
border-top: 10px solid #fff;
margin-top: -3px;
position: relative;
margin-left: 30px;
}  
      
      
.postmeta-primary {
float: left;
margin-left: -16px;
width: 683px;
background: #f2f2f2;
margin-top: 10px;
padding: 10px;
margin-bottom: -86px;
border: 1px solid #d2d2d2;
padding-top: 0px;
} 
      
      .home-posts .post img:hover {
opacity: 0.7;
}
      

.background-color,.bgcolor       {background-color: #6cbe42!important;}
.background-color-trans {
    background-color: rgba(0,170,170,0.8)!important;
    -ms-filter: "progid:DXImageTransform.Microsoft.gradient(startColorstr=#CC00AAAA,endColorstr=#CC00AAAA)"; 
    filter: progid:DXImageTransform.Microsoft.gradient(startColorstr=#CC00AAAA,endColorstr=#CC00AAAA);  
    zoom: 1;
}

    .left-corner-canvas {
width: 0px;
height: 0px;
border-bottom: 10px solid transparent;
border-right: 10px solid #111;
margin-top: 9px;
margin-left: -35px;
}  
      
      .author p {
margin: 0px;
padding: 3px;
font-size: 12px;
}
      .readmoron {
float: right;
margin-top: 32px;
margin-right: 20px;
font-weight: 600;
text-transform: uppercase;
        overflow:hidden;
}
      .readmoron a {
        text-decoration:none;
}
      
      
      
   .meta_categories a {
color: #161719;
text-decoration: none;
padding-top: 10px;
}   
      
      .meta_categories {
position: absolute;
color: #000;
margin-top: 20px;
left: -10px;
background: #6cbe42;
padding: 10px 33px 5px 35px;
text-transform: uppercase;
font-weight: 600;
font-size: 15px;
height: 25px;
}


::selection {
    background: #0AA;
    color: #FFFFFF;
}


/* METRO ICONS */
.home-icon      {background-image: url("http://1.bp.blogspot.com/-6ZUoCdcje_Q/UYs6z7l74NI/AAAAAAAABHM/lN7kuGNyLDo/s1600/home.png");           background-repeat: no-repeat}
.aboutus-icon   {background-image: url("http://2.bp.blogspot.com/-42H3onuga5o/UYs7FXqbSlI/AAAAAAAABHU/Pv2iKLwVl4s/s1600/aboutus.png");        background-repeat: no-repeat}
.services-icon  {background-image: url("http://4.bp.blogspot.com/-ZoQ_3ALDwqY/UYs7MgAEB8I/AAAAAAAABHc/svMAeviJpg8/s1600/services.png");       background-repeat: no-repeat}
.portfolio-icon {background-image: url("http://1.bp.blogspot.com/-gjwO6w6ApRk/UYs7ZYEONnI/AAAAAAAABHk/0aNCtwvDNGI/s1600/portfolio.png");      background-repeat: no-repeat}
.blog-icon      {background-image: url("http://1.bp.blogspot.com/-2VmmzwVV0rA/UYs7jcuWdkI/AAAAAAAABHs/qbMARpGeif0/s1600/blog.png");           background-repeat: no-repeat}
.contact-icon   {background-image: url("http://1.bp.blogspot.com/-t7VnxXk1N_0/UYs7v6PZBVI/AAAAAAAABH0/xnrAARCheaY/s1600/contact.png");        background-repeat: no-repeat}
.announce-icon  {background-image: url("http://4.bp.blogspot.com/-pF_evSkU4Yk/UYs72sjQ7rI/AAAAAAAABH8/C424vg6y3Kw/s1600/announce.png");       background-repeat: no-repeat}


      
      

nav{
    width: 100%;
}

#menu {
float: left;
width: 100%;
margin-top: 30px;
}

#menu ul{margin-left: 0}

#menu li{
    display: block;
    float: left;
    position: relative;
    width: 100%;
}

.menu-specs{
    position: relative;
    float: left;
    z-index: 1;
    background-position: 20px center;
    padding: 20px 0 20px 60px;
}

.menu-specs div{
    width: 30px;
    height: 30px;
    position: absolute;
    left: 20px;
    top: 26px
}

#menu li a, #menu li span{
    z-index: 2;
}

.menu-abs-bg{
    position: absolute;
    height: 100%;
    width: 0;
    right: 0;
    top: 0;
    z-index: 1;
    -webkit-transition: width ease 0.5s;
    -moz-transition: width ease 0.5s;
    -ms-transition: width ease 0.5s;
    -o-transition: width ease 0.5s;
    transition: width ease 0.5s;
}

#menu li:hover .menu-abs-bg{
    width: 100%;
}

#menu li .menu-specs a{
    display: block;
    font-size: 20px;
    line-height: 20px;
    text-decoration: none;
    color: #FFFFFF;
}
#menu li .menu-specs span{
    display: block;
    font-size: 13px;
    color: #6C6C6C;
}

#menu li:hover .menu-specs span{
    color: #000000;
}

#menu li.active-menu-item .menu-specs span{
    color: #000000;
}

#menu > li > ul{
    display: none;
    float: left;
    width: 100%;
    position: absolute;
    top: 95%;
    left: 0;
    border-radius: 0 0 5px 5px;
    z-index: 9;
    box-shadow: 0 0 5px #000;
}

#menu > li > ul > li{
    display: block;
    float: left;
    padding: 10px;
    background: #222;
    border-top: 1px solid #333;
    border-bottom: 1px solid #444;
    position: relative;
}

#menu > li > ul > li .sub-menu-bg{
    position: absolute;
    width: 100%;
    height: 100%;
    -webkit-transition: opacity ease 0.5s;
    -moz-transition: opacity ease 0.5s;
    -ms-transition: opacity ease 0.5s;
    -o-transition: opacity ease 0.5s;
    transition: opacity ease 0.5s;
    opacity: 0;
    z-index: 1;
    left: 0;
    top: 0;
}

#menu > li > ul > li:hover .sub-menu-bg{
    opacity: 1;
}

#menu > li > ul > li:first-child{
    border-top: none;
}

#menu > li > ul > li:last-child{
    border-radius: 0 0 5px 5px;
    border-bottom: none;
}

#menu > li > ul > li > a {
    font-size: 12px;
    text-decoration: none;
    color: #FFFFFF;
    z-index: 2;
    position: relative;
}

      
      


/**
  * HORIZONTAL MENU STARTS *
  *                        **/

.horizontal-menu nav{
    float: right;
    width: auto;
}

.horizontal-menu #menu{
    width: auto;
    margin-bottom: 0;
    padding-right: 30px;
}

.horizontal-menu #menu > li {
    display: block;
    float: left;
    position: relative;
    padding: 15px 30px;
    width: auto;
}

.horizontal-menu .menu-abs-bg {
    position: absolute;
    height: 100%;
    width: 100%;
    right: 0;
    top: 0;
    z-index: 1;
    opacity: 0;
    -webkit-transition: opacity ease 0.5s;
    -moz-transition: opacity ease 0.5s;
    -ms-transition: opacity ease 0.5s;
    -o-transition: opacity ease 0.5s;
    transition: opacity ease 0.5s;
}

.horizontal-menu .menu-specs {
    padding-left: 0;
}

.horizontal-menu #menu li .menu-specs a {
    display: block;
    font-size: 14px;
    line-height: 15px;
    text-decoration: none;
    color: #FFFFFF;
}

.horizontal-menu #menu li .menu-specs span {
    display: block;
    font-size: 11px;
    line-height: 11px;
    color: #6C6C6C;
}

.horizontal-menu #menu > li > ul {
    display: block;
    float: left;
    width: 100%;
    position: absolute;
    top: 100%;
    left: 0;
    border-radius: 0 0 5px 5px;
    z-index: 9;
    box-shadow: 0 0 5px #000;
    visibility: hidden;
    opacity: 0;
    -webkit-transition: all ease 0.3s;
    -moz-transition: all ease 0.3s;
    -ms-transition: all ease 0.3s;
    -o-transition: all ease 0.3s;
    transition: all ease 0.3s;
}

.horizontal-menu #menu > li:hover > ul{
    visibility: visible;
    opacity: 1;
}

.horizontal-menu #menu > li > ul > li {
    display: block;
    background: #222;
    border-top: 1px solid #333;
    border-bottom: 1px solid #444;
    position: relative;
    padding: 5px;
    float: none;
    width: auto;
}

.horizontal-menu #menu > li > ul > li:first-child {
    border-top: none;
}

.horizontal-menu #menu li:hover .menu-abs-bg {
    opacity: 0.2;
}


.horizontal-menu .responsive-nav-row{
    display: none;
}

.responsive-nav {
    background-image: url(img/responsive-nav-bg.png);
    background-position: center right;
    background-repeat: no-repeat;
    display: block;
    width: 100%;
    -webkit-appearance: none;
    background-color: #F8F8F8;
    border: 1px solid #E8E8E8;
    -webkit-border-radius: 0;
    -moz-border-radius: 0;
    border-radius: 0;
    -webkit-box-shadow: none;
    -moz-box-shadow: none;
    box-shadow: none;
    color: #8F8F8F;
    font: 12px/1.5 'Open Sans', 'Lucida Sans Unicode', 'Lucida Grande', sans-serif;
    padding: 5px 10px;
    border-radius: 0;
}
      
      
      #tagline {
padding-left: 40px;
background: url(http://4.bp.blogspot.com/-pF_evSkU4Yk/UYs72sjQ7rI/AAAAAAAABH8/C424vg6y3Kw/s1600/announce.png) no-repeat;
margin-left: 30px;
margin-top: 40px;
font-size: 18px;
margin-right: 30px;
        border-bottom: 1px solid #d2d2d2;
        margin-bottom: -20px;
}
      
#tagline p {
overflow: hidden;
        line-height: 28px;
}
.entry-title {
font-size: 20px;
font-weight: 700;
padding-top: 10px;
padding-bottom: 5px;
}

      
      
.bodytext {
font-size: 13px;
line-height: 26px;
}
      
     


/*-------------------------------------------------*/
/* =  Home Posts
/*-------------------------------------------------*/

.home-posts .post img {
width: 230px;
height: 151px;
margin: 0 11px 11px 0;
}



.home-posts .post {
	position: relative;
	float: left;
width: 230px;
height: 151px;
	padding: 0;
	margin: 0 11px 11px 0;
	overflow: hidden;
}

.home-posts .post:nth-child(3n) {
	margin-right: 0;
}

.home-posts .post a {
	position: absolute;
	right: 0;
	bottom: 0;
	padding: 10px 15px;
	font-size: 18px;
	line-height: 24px;
}

.home-posts .post a:hover {
	text-decoration: underline;
}
                  
                  
.home-posts.clearfix {
float: left;
min-width: 720px;
margin-top: 50px;
margin-bottom: -10px;
}
                  
.home-posts.clearfix a {
color: #fff;
text-decoration: none;
}
                  
                  
.blog-pager-older-link img {
margin-right: 15px!important;
}


#header-inner h1 a {
font-size: 28px;
color: #fff;
text-decoration: none;
}

#blog-pager {
clear: both;
}

.footerolia {
padding-top: 20px;
margin: 30px;
border-top: 1px solid #d2d2d2;
text-align: center;
margin-left: 40px;
min-width: 700px;
float: left;
}




]]></b:skin>
    
    
    
<script type='text/javascript'>
var TemplateismSummary = {
    displayimages: true,
    imagePosition: &#39;left&#39;,
    Widthimg: 703,
    Heightimg: 237,
    noThumb: &#39;https://lh3.googleusercontent.com/-GRP8IcURRsw/T9MjiNWXUcI/AAAAAAAAB88/QEDpDHxI55o/s1600/no-thumb.jpg&#39;,
    SummaryWords: 100,
    wordsNoImg: 100,
    skipper: 0,
    DisplayHome: true,
    DisplayLabel: true
};
</script>

    
    
    <b:if cond='data:blog.pageType == &quot;item&quot;'>
<script type='text/javascript'>
var defaultnoimage=&quot;http://3.bp.blogspot.com/-PpjfsStySz0/UF91FE7rxfI/AAAAAAAACl8/092MmUHSFQ0/s1600/no_image.jpg&quot;;
var maxresults=3;
var splittercolor=&quot;#fff&quot;;
var relatedpoststitle=&quot;Related Articles&quot;;
</script>
<script src='https://btemplateism.googlecode.com/files/relate1.js' type='text/javascript'/>
</b:if>

    
  </head>

  <body expr:class='&quot;loading&quot; + data:blog.mobileClass'>
    
  <div id='page'>
    <div id='primary'>
      <div id='contentcolumn'>
        <div id='content'>
          
          <b:if cond='data:blog.url == data:blog.homepageUrl'>
          <div id='tagline'><p>Hey, I am <b>Metro Classic</b>. A First ever Metro Theme for Blogger that actually gona stun your visitors. So You wana Bet?.</p></div>
          
          
             <!--Feature Metro-->
            <div class='home-posts clearfix'>
              
				<div class='post'>
                  <img alt='' src='http://2.bp.blogspot.com/-S0aK8YBRU20/UYzIzLBILSI/AAAAAAAABIY/np2T4NYR9ng/s320/article1.png'/>
					<a href='http://www.templateism.com' style='background-color: rgba(108,203,103,.9);'>templateism.com</a>
				</div>
              
              
				<div class='post'>
                  <img alt='' src='http://4.bp.blogspot.com/-rqqqFPIK9CI/UYzJHfkVJZI/AAAAAAAABIw/LXU4cbyg8R8/s320/article1.png'/>
					<a href='#' style='background-color: rgba(100,132,203,.9);'>Dolor sit amet</a>
				</div>
              
              
				<div class='post'>
                  <img alt='' src='http://1.bp.blogspot.com/-szUOuOO-sIs/UYzJVjB1i-I/AAAAAAAABI4/wYPzgLt6nDU/s320/article2.png'/>
					<a href='#' style='background-color: rgba(107,190,181,.9);'>Aenean sollicitudin</a>
				</div>
              
              
				<div class='post'>
                  <img alt='' src='http://4.bp.blogspot.com/-x4jcGv2HOYU/UYzJelggoNI/AAAAAAAABJA/KHMHi5O6GI4/s320/article3.png'/>
					<a href='#' style='background-color: rgba(190,68,42,.9);'>Aenean sollicitudin</a>
				</div>
              
              
				<div class='post'>
                  <img alt='' src='http://3.bp.blogspot.com/-4FNjv8FHv_k/UYzKOqxeQlI/AAAAAAAABJI/NhwZiFYtWO8/s1600/item5.png'/>
					<a href='#' style='background-color: rgba(214,199,30,.9);'>Quis bibendum</a>
             </div>
              
              
				<div class='post'>
                  <img alt='' src='http://3.bp.blogspot.com/-cRxKonvtWcg/UYzK2eJYA5I/AAAAAAAABJQ/ryINvQjj33Q/s1600/item3.png'/>
					<a href='#' style='background-color: rgba(108,203,103,.9);'>Bibendum auctor</a>
				</div>
			</div>

			
            <div class='Border-bottomor'/>
					
			 <div class='clear'/>
       
            
          </b:if>

          <b:section class='main' id='main' maxwidgets='1' showaddelement='yes'>
            <b:widget id='Blog1' locked='true' title='Blog Posts' type='Blog'>
              <b:includable id='main' var='top'>
  <b:if cond='data:mobile == &quot;false&quot;'>

    <!-- posts -->
    <div class='blog-posts hfeed'>

      <b:include data='top' name='status-message'/>

      <data:defaultAdStart/>
      <b:loop values='data:posts' var='post'>
        <b:if cond='data:post.isDateStart'>
          <b:if cond='data:post.isFirstPost == &quot;false&quot;'>
            &lt;/div&gt;&lt;/div&gt;
          </b:if>
        </b:if>
        <b:if cond='data:post.isDateStart'>
          &lt;div class=&quot;date-outer&quot;&gt;
        </b:if>
        <b:if cond='data:post.isDateStart'>
          &lt;div class=&quot;date-posts&quot;&gt;
        </b:if>
        <div class='post-outer'>
        <b:include data='post' name='post'/>
        <b:if cond='data:blog.pageType == &quot;static_page&quot;'>
          <b:if cond='data:post.showThreadedComments'>
            <b:include data='post' name='threaded_comments'/>
          <b:else/>
            <b:include data='post' name='comments'/>
          </b:if>
        </b:if>
        <b:if cond='data:blog.pageType == &quot;item&quot;'>
          <b:if cond='data:post.showThreadedComments'>
            <b:include data='post' name='threaded_comments'/>
          <b:else/>
            <b:include data='post' name='comments'/>
          </b:if>
        </b:if>
        </div>
        <b:if cond='data:post.includeAd'>
          <b:if cond='data:post.isFirstPost'>
            <data:defaultAdEnd/>
          <b:else/>
            <data:adEnd/>
          </b:if>
          <div class='inline-ad'>
            <data:adCode/>
          </div>
          <data:adStart/>
        </b:if>
      </b:loop>
      <b:if cond='data:numPosts != 0'>
        &lt;/div&gt;&lt;/div&gt;
      </b:if>
      <data:adEnd/>
    </div>

    <b:if cond='data:blog.pageType != &quot;item&quot;'>
    <!-- navigation -->
    <b:include name='nextprev'/>
    </b:if>

    <b:if cond='data:top.showStars'>
      <script src='//www.google.com/jsapi' type='text/javascript'/>
      <script type='text/javascript'>
        google.load(&quot;annotations&quot;, &quot;1&quot;, {&quot;locale&quot;: &quot;<data:top.languageCode/>&quot;});
        function initialize() {
          google.annotations.setApplicationId(<data:top.blogspotReviews/>);
          google.annotations.createAll();
          google.annotations.fetch();
        }
        google.setOnLoadCallback(initialize);
      </script>
    </b:if>

  <b:else/>
    <b:include name='mobile-main'/>
  </b:if>

  <b:if cond='data:top.showDummy'>
    <data:top.dummyBootstrap/>
  </b:if>

</b:includable>
              <b:includable id='backlinkDeleteIcon' var='backlink'>
  <span expr:class='&quot;item-control &quot; + data:backlink.adminClass'>
    <a expr:href='data:backlink.deleteUrl' expr:title='data:top.deleteBacklinkMsg'>
      <img src='//www.blogger.com/img/icon_delete13.gif'/>
    </a>
  </span>
</b:includable>
              <b:includable id='backlinks' var='post'>
  <a name='links'/><h4><data:post.backlinksLabel/></h4>
  <b:if cond='data:post.numBacklinks != 0'>
    <dl class='comments-block' id='comments-block'>
      <b:loop values='data:post.backlinks' var='backlink'>
        <div class='collapsed-backlink backlink-control'>
          <dt class='comment-title'>
            <span class='backlink-toggle-zippy'>&#160;</span>
            <a expr:href='data:backlink.url' rel='nofollow'><data:backlink.title/></a>
            <b:include data='backlink' name='backlinkDeleteIcon'/>
          </dt>
          <dd class='comment-body collapseable'>
            <data:backlink.snippet/>
          </dd>
          <dd class='comment-footer collapseable'>
            <span class='comment-author'><data:post.authorLabel/> <data:backlink.author/></span>
            <span class='comment-timestamp'><data:post.timestampLabel/> <data:backlink.timestamp/></span>
          </dd>
        </div>
      </b:loop>
    </dl>
  </b:if>
  <p class='comment-footer'>
    <a class='comment-link' expr:href='data:post.createLinkUrl' expr:id='data:widget.instanceId + &quot;_backlinks-create-link&quot;' target='_blank'><data:post.createLinkLabel/></a>
  </p>
</b:includable>
              <b:includable id='comment-form' var='post'>
  <div id='respond'>
    <a name='comment-form'/>
    <b:if cond='data:mobile'>
      <h4 id='comment-post-message'>
        <a expr:id='data:widget.instanceId + &quot;_comment-editor-toggle-link&quot;' href='javascript:void(0)'><data:postCommentMsg/></a></h4>
      <p><data:blogCommentMessage/></p>
      <data:blogTeamBlogMessage/>
      <a expr:href='data:post.commentFormIframeSrc' id='comment-editor-src'/>
      <iframe allowtransparency='true' class='blogger-iframe-colorize blogger-comment-from-post' frameborder='0' height='410' id='comment-editor' name='comment-editor' src='' style='display: none' width='100%'/>
    <b:else/>
      <header class='page-header'><h2 class='page-title'>Leave a Comment</h2></header>
      <p><data:blogCommentMessage/></p>
      <data:blogTeamBlogMessage/>
      <a expr:href='data:post.commentFormIframeSrc' id='comment-editor-src'/>
      <iframe allowtransparency='true' class='blogger-iframe-colorize blogger-comment-from-post' frameborder='0' height='410' id='comment-editor' name='comment-editor' src='' width='100%'/>
    </b:if>
    <data:post.friendConnectJs/>
    <data:post.cmtfpIframe/>
    <script type='text/javascript'>
      BLOG_CMT_createIframe(&#39;<data:post.appRpcRelayPath/>&#39;, &#39;<data:post.communityId/>&#39;);
    </script>
  </div>
</b:includable>
              <b:includable id='commentDeleteIcon' var='comment'>
  <span expr:class='&quot;item-control &quot; + data:comment.adminClass'>
    <b:if cond='data:showCmtPopup'>
      <div class='goog-toggle-button'>
        <div class='goog-inline-block comment-action-icon'/>
      </div>
    <b:else/>
      <a class='comment-delete' expr:href='data:comment.deleteUrl' expr:title='data:top.deleteCommentMsg'>
        <img src='//www.blogger.com/img/icon_delete13.gif'/>
      </a>
    </b:if>
  </span>
</b:includable>
              <b:includable id='comment_count_picker' var='post'>
  <b:if cond='data:post.commentSource == 1'>
    <span class='cmt_count_iframe_holder' expr:data-count='data:post.numComments' expr:data-onclick='data:post.addCommentOnclick' expr:data-post-url='data:post.url' expr:data-url='data:post.canonicalUrl'>
    </span>
  <b:else/>
    <a class='comment-link' expr:href='data:post.addCommentUrl' expr:onclick='data:post.addCommentOnclick'>
      <data:post.commentLabelFull/>:
    </a>
  </b:if>
</b:includable>
              <b:includable id='comment_picker' var='post'>
  <b:if cond='data:post.commentSource == 1'>
    <b:include data='post' name='iframe_comments'/>
  <b:else/>
    <b:if cond='data:post.showThreadedComments'>
      <b:include data='post' name='threaded_comments'/>
    <b:else/>
      <b:include data='post' name='comments'/>
    </b:if>
  </b:if>
</b:includable>
              <b:includable id='comments' var='post'>
  <div class='comments'>
    <a name='comments'/>
    <b:if cond='data:post.allowComments'>
      <b:if cond='data:post.numComments != 0'>
      <header class='comment-header'>
	<h1 class='comment-title'>Comments</h1>
        <h2 class='comment-number'>
        <b:if cond='data:post.numComments == 1'>
          One Comment
        <b:else/>
          <data:post.numComments/> Comments
        </b:if>
        </h2>
        <span><a expr:href='data:blog.homepageUrl + &quot;feeds/&quot; + data:post.id + &quot;/comments/default&quot;' title='Comments RSS'>RSS</a></span>
      </header>
      </b:if>

      <b:if cond='data:post.commentPagingRequired'>
        <span class='paging-control-container'>
          <a expr:class='data:post.oldLinkClass' expr:href='data:post.oldestLinkUrl'><data:post.oldestLinkText/></a>
          &#160;
          <a expr:class='data:post.oldLinkClass' expr:href='data:post.olderLinkUrl'><data:post.olderLinkText/></a>
          &#160;
          <data:post.commentRangeText/>
          &#160;
          <a expr:class='data:post.newLinkClass' expr:href='data:post.newerLinkUrl'><data:post.newerLinkText/></a>
          &#160;
          <a expr:class='data:post.newLinkClass' expr:href='data:post.newestLinkUrl'><data:post.newestLinkText/></a>
        </span>
      </b:if>

      <div expr:id='data:widget.instanceId + &quot;_comments-block-wrapper&quot;'>
        <dl expr:class='data:post.avatarIndentClass' id='comments-block'>
          <b:loop values='data:post.comments' var='comment'>
            <dt expr:class='&quot;comment-author &quot; + data:comment.authorClass' expr:id='data:comment.anchorName'>
              <b:if cond='data:comment.favicon'>
                <img expr:src='data:comment.favicon' height='16px' style='margin-bottom:-2px;' width='16px'/>
              </b:if>
              <a expr:name='data:comment.anchorName'/>
              <b:if cond='data:blog.enabledCommentProfileImages'>
                <data:comment.authorAvatarImage/>
              </b:if>
              <b:if cond='data:comment.authorUrl'>
                <a expr:href='data:comment.authorUrl' rel='nofollow'><data:comment.author/></a>
              <b:else/>
                <data:comment.author/>
              </b:if>
              <data:commentPostedByMsg/>
            </dt>
            <dd class='comment-body' expr:id='data:widget.instanceId + data:comment.cmtBodyIdPostfix'>
              <b:if cond='data:comment.isDeleted'>
                <span class='deleted-comment'><data:comment.body/></span>
              <b:else/>
                <p>
                  <data:comment.body/>
                </p>
              </b:if>
            </dd>
            <dd class='comment-footer'>
              <span class='comment-timestamp'>
                <a expr:href='data:comment.url' title='comment permalink'>
                  <data:comment.timestamp/>
                </a>
                <b:include data='comment' name='commentDeleteIcon'/>
              </span>
            </dd>
          </b:loop>
        </dl>
      </div>

      <b:if cond='data:post.commentPagingRequired'>
        <span class='paging-control-container'>
          <a expr:class='data:post.oldLinkClass' expr:href='data:post.oldestLinkUrl'>
            <data:post.oldestLinkText/>
          </a>
          <a expr:class='data:post.oldLinkClass' expr:href='data:post.olderLinkUrl'>
            <data:post.olderLinkText/>
          </a>
          &#160;
          <data:post.commentRangeText/>
          &#160;
          <a expr:class='data:post.newLinkClass' expr:href='data:post.newerLinkUrl'>
            <data:post.newerLinkText/>
          </a>
          <a expr:class='data:post.newLinkClass' expr:href='data:post.newestLinkUrl'>
            <data:post.newestLinkText/>
          </a>
        </span>
      </b:if>

      <p class='comment-footer'>
        <b:if cond='data:post.embedCommentForm'>
          <b:if cond='data:post.allowNewComments'>
            <b:include data='post' name='comment-form'/>
          <b:else/>
            <data:post.noNewCommentsText/>
          </b:if>
        <b:else/>
          <b:if cond='data:post.allowComments'>
            <a expr:href='data:post.addCommentUrl' expr:onclick='data:post.addCommentOnclick'><data:postCommentMsg/></a>
          </b:if>
        </b:if>

      </p>
    </b:if>
    <b:if cond='data:showCmtPopup'>
      <div id='comment-popup'>
        <iframe allowtransparency='true' frameborder='0' id='comment-actions' name='comment-actions' scrolling='no'>
        </iframe>
      </div>
    </b:if>

    <div id='backlinks-container'>
    <div expr:id='data:widget.instanceId + &quot;_backlinks-container&quot;'>
       <b:if cond='data:post.showBacklinks'>
         <b:include data='post' name='backlinks'/>
       </b:if>
    </div>
    </div>
  </div>
</b:includable>
              <b:includable id='feedLinks'>
  <b:if cond='data:blog.pageType != &quot;item&quot;'> <!-- Blog feed links -->
    <b:if cond='data:feedLinks'>
      <div class='blog-feeds'>
        <b:include data='feedLinks' name='feedLinksBody'/>
      </div>
    </b:if>

    <b:else/> <!--Post feed links -->
    <div class='post-feeds'>
      <b:loop values='data:posts' var='post'>
        <b:if cond='data:post.allowComments'>
          <b:if cond='data:post.feedLinks'>
            <b:include data='post.feedLinks' name='feedLinksBody'/>
          </b:if>
        </b:if>
      </b:loop>
    </div>
  </b:if>
</b:includable>
              <b:includable id='feedLinksBody' var='links'>
  <div class='feed-links'>
  <data:feedLinksMsg/>
  <b:loop values='data:links' var='f'>
     <a class='feed-link' expr:href='data:f.url' expr:type='data:f.mimeType' target='_blank'><data:f.name/> (<data:f.feedType/>)</a>
  </b:loop>
  </div>
</b:includable>
              <b:includable id='iframe_comments' var='post'>

  <b:if cond='data:post.allowIframeComments'>
    <script expr:src='data:post.iframeCommentSrc' type='text/javascript'/>
    <div class='cmt_iframe_holder'/>

    <b:if cond='data:post.embedCommentForm == &quot;false&quot;'>
      <a expr:href='data:post.addCommentUrl' expr:onclick='data:post.addCommentOnclick'><data:postCommentMsg/></a>
    </b:if>
  </b:if>
</b:includable>
              <b:includable id='mobile-index-post' var='post'>
  <div class='mobile-date-outer date-outer'>
    <b:if cond='data:post.dateHeader'>
      <div class='date-header'>
        <span><data:post.dateHeader/></span>
      </div>
    </b:if>

    <div class='mobile-post-outer'>
      <a expr:href='data:post.url'>
        <h3 class='mobile-index-title entry-title'>
          <data:post.title/>
        </h3>

        <div class='mobile-index-arrow'>&amp;rsaquo;</div>

        <div class='mobile-index-contents'>
          <b:if cond='data:post.thumbnailUrl'>
            <div class='mobile-index-thumbnail'>
              <div class='Image'>
                <img expr:src='data:post.thumbnailUrl'/>
              </div>
            </div>
          </b:if>

          <div class='post-body'>
            <b:if cond='data:post.snippet'><data:post.snippet/></b:if>
          </div>
        </div>

        <div style='clear: both;'/>
      </a>

      <div class='mobile-index-comment'>
        <b:if cond='data:blog.pageType != &quot;static_page&quot;'>
          <b:if cond='data:post.allowComments'>
            <b:if cond='data:post.numComments != 0'>
              <a class='comment-link' expr:href='data:post.addCommentUrl' expr:onclick='data:post.addCommentOnclick'><b:if cond='data:post.numComments == 1'>1 <data:top.commentLabel/><b:else/><data:post.numComments/> <data:top.commentLabelPlural/></b:if></a>
            </b:if>
          </b:if>
        </b:if>
      </div>
    </div>
  </div>
</b:includable>
              <b:includable id='mobile-main' var='top'>
    <!-- posts -->
    <div class='blog-posts hfeed'>

      <b:include data='top' name='status-message'/>

      <b:if cond='data:blog.pageType == &quot;index&quot;'>
        <b:loop values='data:posts' var='post'>
          <b:include data='post' name='mobile-index-post'/>
        </b:loop>
      <b:else/>
        <b:loop values='data:posts' var='post'>
          <b:include data='post' name='mobile-post'/>
        </b:loop>
      </b:if>
    </div>

   <b:include name='mobile-nextprev'/>
</b:includable>
              <b:includable id='mobile-nextprev'>
                <div class='blog-pager' id='blog-pager'>
                 
    <b:if cond='data:newerPageUrl'>
      <div class='mobile-link-button' id='blog-pager-newer-link'>
      <a class='blog-pager-newer-link' expr:href='data:newerPageUrl' expr:id='data:widget.instanceId + &quot;_blog-pager-newer-link&quot;' expr:title='data:newerPageTitle'>&amp;lsaquo;</a>
      </div>
    </b:if>

    <b:if cond='data:olderPageUrl'>
      <div class='mobile-link-button' id='blog-pager-older-link'>
      <a class='blog-pager-older-link' expr:href='data:olderPageUrl' expr:id='data:widget.instanceId + &quot;_blog-pager-older-link&quot;' expr:title='data:olderPageTitle'>&amp;rsaquo;</a>
      </div>
    </b:if>

    <div class='mobile-link-button' id='blog-pager-home-link'>
    <a class='home-link' expr:href='data:blog.homepageUrl'><data:homeMsg/></a>
    </div>

    <div class='mobile-desktop-link'>
      <a class='home-link' expr:href='data:desktopLinkUrl'><data:desktopLinkMsg/></a>
    </div>

  </div>
  <div class='clear'/>
</b:includable>
              <b:includable id='mobile-post' var='post'>
  <div class='date-outer'>
    <b:if cond='data:post.dateHeader'>
      <h2 class='date-header'><span><data:post.dateHeader/></span></h2>
    </b:if>
    <div class='date-posts'>
      <div class='post-outer'>

        <div class='post hentry uncustomized-post-template'>
          <a expr:name='data:post.id'/>
          <b:if cond='data:post.title'>
            <h3 class='post-title entry-title'>
              <b:if cond='data:post.link'>
                <a expr:href='data:post.link'><data:post.title/></a>
              <b:else/>
                <b:if cond='data:post.url'>
                  <b:if cond='data:blog.url != data:post.url'>
                    <a expr:href='data:post.url'><data:post.title/></a>
                  <b:else/>
                    <data:post.title/>
                  </b:if>
                <b:else/>
                  <data:post.title/>
                </b:if>
              </b:if>
            </h3>
          </b:if>

          <div class='post-header'>
            <div class='post-header-line-1'/>
          </div>

          <div class='post-body entry-content' expr:id='&quot;post-body-&quot; + data:post.id'>
            <data:post.body/>
            <div style='clear: both;'/> <!-- clear for photos floats -->
          </div>

          <div class='post-footer'>
            <div class='post-footer-line post-footer-line-1'>
              <span class='post-author vcard'>
                <b:if cond='data:top.showAuthor'>
                  <b:if cond='data:post.authorProfileUrl'>
                    <span class='fn'>
                      <a expr:href='data:post.authorProfileUrl' rel='author' title='author profile'>
                        <data:post.author/>
                      </a>
                    </span>
                  <b:else/>
                    <span class='fn'><data:post.author/></span>
                  </b:if>
                </b:if>
              </span>

              <span class='post-timestamp'>
                <b:if cond='data:top.showTimestamp'>
                  <data:top.timestampLabel/>
                  <b:if cond='data:post.url'>
                    <a class='timestamp-link' expr:href='data:post.url' rel='bookmark' title='permanent link'><abbr class='published' expr:title='data:post.timestampISO8601'><data:post.timestamp/></abbr></a>
                  </b:if>
                </b:if>
              </span>

              <span class='post-comment-link'>
                <b:if cond='data:blog.pageType != &quot;item&quot;'>
                  <b:if cond='data:blog.pageType != &quot;static_page&quot;'>
                    <b:if cond='data:post.allowComments'>
                      <a class='comment-link' expr:href='data:post.addCommentUrl' expr:onclick='data:post.addCommentOnclick'><b:if cond='data:post.numComments == 1'>1 <data:top.commentLabel/><b:else/><data:post.numComments/> <data:top.commentLabelPlural/></b:if></a>
                    </b:if>
                  </b:if>
                </b:if>
              </span>
            </div>

            <div class='post-footer-line post-footer-line-2'>
              <b:if cond='data:top.showMobileShare'>
                <div class='mobile-link-button goog-inline-block' id='mobile-share-button'>
                  <a href='javascript:void(0);'><data:shareMsg/></a>
                </div>
              </b:if>
              <b:if cond='data:top.showDummy'>
                <div class='goog-inline-block dummy-container'><data:post.dummyTag/></div>
              </b:if>
            </div>

          </div>
        </div>

        <b:if cond='data:blog.pageType == &quot;static_page&quot;'>
          <b:if cond='data:post.showThreadedComments'>
            <b:include data='post' name='threaded_comments'/>
          <b:else/>
            <b:include data='post' name='comments'/>
          </b:if>
        </b:if>
        <b:if cond='data:blog.pageType == &quot;item&quot;'>
          <b:if cond='data:post.showThreadedComments'>
            <b:include data='post' name='threaded_comments'/>
          <b:else/>
            <b:include data='post' name='comments'/>
          </b:if>
        </b:if>
      </div>
    </div>
  </div>
</b:includable>
              <b:includable id='nextprev'>
  <div class='blog-pager' id='blog-pager'>
    <b:if cond='data:newerPageUrl'>
      <span id='blog-pager-newer-link'>
      <a class='blog-pager-newer-link' expr:href='data:newerPageUrl' expr:id='data:widget.instanceId + &quot;_blog-pager-newer-link&quot;' expr:title='data:newerPageTitle'><data:newerPageTitle/></a>
      </span>
    </b:if>

    <b:if cond='data:olderPageUrl'>
      <span id='blog-pager-older-link'>
      <a class='blog-pager-older-link' expr:href='data:olderPageUrl' expr:id='data:widget.instanceId + &quot;_blog-pager-older-link&quot;' expr:title='data:olderPageTitle'><data:olderPageTitle/></a>
      </span>
    </b:if>

    <b:if cond='data:mobileLinkUrl'>
      <div class='blog-mobile-link'>
        <a expr:href='data:mobileLinkUrl'><data:mobileLinkMsg/></a>
      </div>
    </b:if>

  </div>
  <div class='clear'/>
</b:includable>
              <b:includable id='post' var='post'>
  <article class='post format-standard hentry'>
    <b:if cond='data:blog.pageType != &quot;static_page&quot;'>
    </b:if>
    <a expr:name='data:post.id'/>
    <header class='entry-header'>
    <b:if cond='data:post.title'>
      <h1 class='entry-title'>
      <b:if cond='data:post.link'>
        <a expr:href='data:post.link' expr:title='&quot;Permalink to &quot; + data:post.title' rel='bookmark'><data:post.title/></a>
      <b:else/>
        <b:if cond='data:post.url'>
          <b:if cond='data:blog.url != data:post.url'>
            <a expr:href='data:post.url' expr:title='&quot;Permalink to &quot; + data:post.title' rel='bookmark'><data:post.title/></a>
          <b:else/>
            <data:post.title/>
          </b:if>
        <b:else/>
          <data:post.title/>
        </b:if>
      </b:if>
      </h1>
    </b:if>
    </header>

    <b:if cond='data:post.dateHeader'>
      <span class='date-i fleft'>
        <data:post.dateHeader/>
      </span>
    </b:if>
    <div class='tagger'>
      <span class='meta_categories'><b:if cond='data:post.labels'><b:loop values='data:post.labels' var='label'><a expr:href='data:label.url' rel='tag'><data:label.name/></a><b:if cond='data:label.isLast != &quot;true&quot;'>, </b:if></b:loop></b:if>
      <div class='left-corner-canvas'/>
      </span>
    </div>
    

    
    
    <div class='post-body entry-content' expr:id='&quot;post-body-&quot; + data:post.id'>
<span expr:id='data:post.id'><data:post.body/></span>
<b:if cond='data:blog.pageType == &quot;index&quot;'>
<script type='text/javascript'>summary(&quot;<data:post.id/>&quot;)</script>
<b:else/>
<b:if cond='data:blog.pageType == &quot;archive&quot;'>
<script type='text/javascript'>summary(&quot;<data:post.id/>&quot;)</script>
</b:if>
</b:if>

   <div style='clear: both;'/> <!-- clear for photos floats -->
      
    </div>
    

    <b:if cond='data:blog.pageType == &quot;item&quot;'>
    <span class='post-icons'>
      <!-- email post links -->
      <b:if cond='data:post.emailPostUrl'>
        <span class='item-action'>
          <a expr:href='data:post.emailPostUrl' expr:title='data:top.emailPostMsg'>
            <img alt='' class='icon-action' height='13' src='http://img1.blogblog.com/img/icon18_email.gif' width='18'/>
          </a>
        </span>
      </b:if>

    </span> 
      
      
      

    <div class='post-footer-line post-footer-line-3'>
      
      
      
      
      
      <span class='post-location'>
      <b:if cond='data:top.showLocation'>
        <b:if cond='data:post.location'>
          <data:postLocationLabel/>
          <a expr:href='data:post.location.mapsUrl' target='_blank'><data:post.location.name/></a>
        </b:if>
      </b:if>
    </span> </div>
      

    <footer class='entry-utility'>
      <div class='alignright'>
        <div class='newer-older'>
          <b:if cond='data:olderPageUrl'>
            <a class='blog-pager-older-link' expr:href='data:olderPageUrl' expr:id='data:widget.instanceId + &quot;_blog-pager-older-link&quot;' expr:title='data:olderPageTitle'><img src='http://2.bp.blogspot.com/-rwxgeCYvx6w/TzCX36ItjOI/AAAAAAAAEOU/M-VtrwN4nU0/s000/forword.png'/></a>
          </b:if>
          <b:if cond='data:newerPageUrl'>
            <a class='blog-pager-newer-link' expr:href='data:newerPageUrl' expr:id='data:widget.instanceId + &quot;_blog-pager-newer-link&quot;' expr:title='data:newerPageTitle'><img src='http://4.bp.blogspot.com/-aWroZrR-b6s/TzCX4GuWLdI/AAAAAAAAEOc/-gG7vDgeGmg/s000/next.png'/></a>
          </b:if>
        </div>
      </div>
      <div class='clear'/>
    </footer>
    </b:if>
    
          
           <div class='postmeta-primary'>
             <div class='arrow-down'/>
             <span class='author'><img alt='' class='avatar avatar-40 photo' height='40' src='http://1.gravatar.com/avatar/f65b6c6c4b03c5a429db2e9f087be400?s=40&amp;d=http%3A%2F%2F1.gravatar.com%2Favatar%2Fad516503a11cd5ca435acc9bb6523536%3Fs%3D40&amp;r=G' width='40'/><p>Posted By:</p>  <p><a expr:href='data:post.authorProfileUrl'> <data:post.author/></a></p> </span>
</div>   
    
    
    <b:if cond='data:blog.pageType != &quot;static_page&quot;'>
<b:if cond='data:blog.pageType != &quot;item&quot;'>
    <div class='readmoron'>
      <a expr:href='data:post.url'>Continue Reading</a>
    </div>
    </b:if></b:if>
   
  </article>
            
                
                <b:if cond='data:blog.pageType == &quot;item&quot;'>
<div id='related-posts'>
<b:loop values='data:post.labels' var='label'>
<b:if cond='data:label.isLast != &quot;true&quot;'>
</b:if>
<script expr:src='&quot;/feeds/posts/default/-/&quot; + data:label.name + &quot;?alt=json-in-script&amp;callback=related_results_labels_thumbs&amp;max-results=6&quot;' type='text/javascript'/></b:loop>
<script type='text/javascript'>
removeRelatedDuplicates_thumbs();
printRelatedLabels_thumbs(&quot;<data:post.url/>&quot;);
</script>
</div><div style='clear:both'/>
<!-- remove --></b:if>
                
                
                
</b:includable>
              <b:includable id='postQuickEdit' var='post'>
  <b:if cond='data:post.editUrl'>
    <span expr:class='&quot;item-control &quot; + data:post.adminClass'>
      <a expr:href='data:post.editUrl' expr:title='data:top.editPostMsg'>
        <img alt='' class='icon-action' height='18' src='http://img2.blogblog.com/img/icon18_edit_allbkg.gif' width='18'/>
      </a>
    </span>
  </b:if>
</b:includable>
              <b:includable id='shareButtons' var='post'>
  <b:if cond='data:top.showEmailButton'><a class='goog-inline-block share-button sb-email' expr:href='data:post.sharePostUrl + &quot;&amp;target=email&quot;' expr:title='data:top.emailThisMsg' target='_blank'><span class='share-button-link-text'><data:top.emailThisMsg/></span></a></b:if><b:if cond='data:top.showBlogThisButton'><a class='goog-inline-block share-button sb-blog' expr:href='data:post.sharePostUrl + &quot;&amp;target=blog&quot;' expr:onclick='&quot;window.open(this.href, \&quot;_blank\&quot;, \&quot;height=270,width=475\&quot;); return false;&quot;' expr:title='data:top.blogThisMsg' target='_blank'><span class='share-button-link-text'><data:top.blogThisMsg/></span></a></b:if><b:if cond='data:top.showTwitterButton'><a class='goog-inline-block share-button sb-twitter' expr:href='data:post.sharePostUrl + &quot;&amp;target=twitter&quot;' expr:title='data:top.shareToTwitterMsg' target='_blank'><span class='share-button-link-text'><data:top.shareToTwitterMsg/></span></a></b:if><b:if cond='data:top.showFacebookButton'><a class='goog-inline-block share-button sb-facebook' expr:href='data:post.sharePostUrl + &quot;&amp;target=facebook&quot;' expr:onclick='&quot;window.open(this.href, \&quot;_blank\&quot;, \&quot;height=430,width=640\&quot;); return false;&quot;' expr:title='data:top.shareToFacebookMsg' target='_blank'><span class='share-button-link-text'><data:top.shareToFacebookMsg/></span></a></b:if><b:if cond='data:top.showOrkutButton'><a class='goog-inline-block share-button sb-orkut' expr:href='data:post.sharePostUrl + &quot;&amp;target=orkut&quot;' expr:title='data:top.shareToOrkutMsg' target='_blank'><span class='share-button-link-text'><data:top.shareToOrkutMsg/></span></a></b:if><b:if cond='data:top.showDummy'><div class='goog-inline-block dummy-container'><data:post.dummyTag/></div></b:if>
</b:includable>
              <b:includable id='status-message'>
  <b:if cond='data:blog.pageType == &quot;archive&quot;'>
  <header class='page-header'><h1 class='page-title'>Archive for <data:blog.pageName/></h1></header>
  </b:if>
  <b:if cond='data:navMessage'>
  <header class='page-header'><h1 class='page-title'><data:navMessage/></h1></header>
  </b:if>
</b:includable>
              <b:includable id='threaded-comment-form' var='post'>
  <div class='comment-form'>
    <a name='comment-form'/>
    <b:if cond='data:mobile'>
      <p><data:blogCommentMessage/></p>
      <data:blogTeamBlogMessage/>
      <a expr:href='data:post.commentFormIframeSrc' id='comment-editor-src'/>
      <iframe allowtransparency='true' class='blogger-iframe-colorize blogger-comment-from-post' frameborder='0' height='410' id='comment-editor' name='comment-editor' src='' style='display: none' width='100%'/>
    <b:else/>
      <p><data:blogCommentMessage/></p>
      <data:blogTeamBlogMessage/>
      <a expr:href='data:post.commentFormIframeSrc' id='comment-editor-src'/>
      <iframe allowtransparency='true' class='blogger-iframe-colorize blogger-comment-from-post' frameborder='0' height='410' id='comment-editor' name='comment-editor' src='' width='100%'/>
    </b:if>
    <data:post.friendConnectJs/>
    <data:post.cmtfpIframe/>
    <script type='text/javascript'>
      BLOG_CMT_createIframe(&#39;<data:post.appRpcRelayPath/>&#39;, &#39;<data:post.communityId/>&#39;);
    </script>
  </div>
</b:includable>
              <b:includable id='threaded_comment_js' var='post'>
  <script async='async' expr:src='data:post.commentSrc' type='text/javascript'/>

  <script type='text/javascript'>
    (function() {
      var items = <data:post.commentJso/>;
      var msgs = <data:post.commentMsgs/>;
      var postId = &#39;<data:post.id/>&#39;;
      var feed = &#39;<data:post.commentFeed/>&#39;;
      var authorName = &#39;<data:post.author/>&#39;;
      var authorUrl = &#39;<data:post.authorUrl/>&#39;;
      var blogId = &#39;<data:top.id/>&#39;;
      var baseUri = &#39;<data:post.commentBase/>&#39;;
      var maxThreadDepth = &#39;<data:post.commentMaxThreadDepth/>&#39;;

// <![CDATA[
      feed += '?alt=json&v=2&orderby=published&reverse=false&max-results=50';
      var cursor = null;
      if (items && items.length > 0) {
        cursor = parseInt(items[items.length - 1].timestamp) + 1;
      }

      var bodyFromEntry = function(entry) {
        if (entry.gd$extendedProperty) {
          for (var k in entry.gd$extendedProperty) {
            if (entry.gd$extendedProperty[k].name == 'blogger.contentRemoved') {
              return '<span class="deleted-comment">' + entry.content.$t + '</span>';
            }
          }
        }
        return entry.content.$t;
      }

      var parse = function(data) {
        cursor = null;
        var comments = [];
        if (data && data.feed && data.feed.entry) {
          for (var i = 0, entry; entry = data.feed.entry[i]; i++) {
            var comment = {};
            // comment ID, parsed out of the original id format
            var id = /blog-(\d+).post-(\d+)/.exec(entry.id.$t);
            comment.id = id ? id[2] : null;
            comment.body = bodyFromEntry(entry);
            comment.timestamp = Date.parse(entry.published.$t) + '';
            if (entry.author && entry.author.constructor === Array) {
              var auth = entry.author[0];
              if (auth) {
                comment.author = {
                  name: (auth.name ? auth.name.$t : undefined),
                  profileUrl: (auth.uri ? auth.uri.$t : undefined),
                  avatarUrl: (auth.gd$image ? auth.gd$image.src : undefined)
                };
              }
            }
            if (entry.link) {
              if (entry.link[2]) {
                comment.link = comment.permalink = entry.link[2].href;
              }
              if (entry.link[3]) {
                var pid = /.*comments\/default\/(\d+)\?.*/.exec(entry.link[3].href);
                if (pid && pid[1]) {
                  comment.parentId = pid[1];
                }
              }
            }
            comment.deleteclass = 'item-control blog-admin';
            if (entry.gd$extendedProperty) {
              for (var k in entry.gd$extendedProperty) {
                if (entry.gd$extendedProperty[k].name == 'blogger.itemClass') {
                  comment.deleteclass += ' ' + entry.gd$extendedProperty[k].value;
                }
              }
            }
            comments.push(comment);
          }
        }
        return comments;
      };

      var paginator = function(callback) {
        if (hasMore()) {
          var url = feed;
          if (cursor) {
            url += '&published-min=' + new Date(cursor).toISOString();
          }
          window.bloggercomments = function(data) {
            var parsed = parse(data);
            cursor = parsed.length < 50 ? null
                : parseInt(parsed[parsed.length - 1].timestamp) + 1
            callback(parsed);
            window.bloggercomments = null;
          }
          url += '&callback=bloggercomments';
          var script = document.createElement('script');
          script.type = 'text/javascript';
          script.src = url;
          document.getElementsByTagName('head')[0].appendChild(script);
        }
      };
      var hasMore = function() {
        return !!cursor;
      };
      var getMeta = function(key, comment) {
        if ('iswriter' == key) {
          var matches = !!comment.author
              && comment.author.name == authorName
              && comment.author.profileUrl == authorUrl;
          return matches ? 'true' : '';
        } else if ('deletelink' == key) {
          return baseUri + '/delete-comment.g?blogID=' + blogId + '&postID=' + comment.id;
        } else if ('deleteclass' == key) {
          return comment.deleteclass;
        }
        return '';
      };

      var replybox = null;
      var replyUrlParts = null;
      var replyParent = undefined;

      var onReply = function(commentId, domId) {
        if (replybox == null) {
          // lazily cache replybox, and adjust to suit this style:
          replybox = document.getElementById('comment-editor');
          if (replybox != null) {
            replybox.height = '250px';
            replybox.style.display = 'block';
            replyUrlParts = replybox.src.split('#');
          }
        }
        if (replybox && (commentId !== replyParent)) {
          document.getElementById(domId).insertBefore(replybox, null);
          replybox.src = replyUrlParts[0]
              + (commentId ? '&parentID=' + commentId : '')
              + '#' + replyUrlParts[1];
          replyParent = commentId;
        }
      };

      var hash = (window.location.hash || '#').substring(1);
      var startThread, targetComment;
      if (/^comment-form_/.test(hash)) {
        startThread = hash.substring('comment-form_'.length);
      } else if (/^c[0-9]+$/.test(hash)) {
        targetComment = hash.substring(1);
      }

      // Configure commenting API:
      var configJso = {
        'maxDepth': maxThreadDepth
      };
      var provider = {
        'id': postId,
        'data': items,
        'loadNext': paginator,
        'hasMore': hasMore,
        'getMeta': getMeta,
        'onReply': onReply,
        'rendered': true,
        'initComment': targetComment,
        'initReplyThread': startThread,
        'config': configJso,
        'messages': msgs
      };

      var render = function() {
        if (window.goog && window.goog.comments) {
          var holder = document.getElementById('comment-holder');
          window.goog.comments.render(holder, provider);
        }
      };

      // render now, or queue to render when library loads:
      if (window.goog && window.goog.comments) {
        render();
      } else {
        window.goog = window.goog || {};
        window.goog.comments = window.goog.comments || {};
        window.goog.comments.loadQueue = window.goog.comments.loadQueue || [];
        window.goog.comments.loadQueue.push(render);
      }
    })();
// ]]>
  </script>
</b:includable>
              <b:includable id='threaded_comments' var='post'>
  <div class='comments' id='comments'>
    <a name='comments'/>
    <b:if cond='data:post.numComments != 0'>
      <header class='comment-header'>
	<h1 class='comment-title'>Comments</h1>
        <h2 class='comment-number'>
        <b:if cond='data:post.numComments == 1'>
          One Comment
        <b:else/>
          <data:post.numComments/> Comments
        </b:if>
        </h2>
        <span><a expr:href='data:blog.homepageUrl + &quot;feeds/&quot; + data:post.id + &quot;/comments/default&quot;' title='Comments RSS'>RSS</a></span>
      </header>
    </b:if>

    <div class='comments-content'>
      <b:if cond='data:post.embedCommentForm'>
        <b:include data='post' name='threaded_comment_js'/>
      </b:if>
      <div id='comment-holder'>
         <data:post.commentHtml/>
      </div>
    </div>

    <p class='comment-footer'>
      <b:if cond='data:post.allowNewComments'>
        <b:include data='post' name='threaded-comment-form'/>
      <b:else/>
        <data:post.noNewCommentsText/>
      </b:if>
    </p>

    <b:if cond='data:showCmtPopup'>
      <div id='comment-popup'>
        <iframe allowtransparency='true' frameborder='0' id='comment-actions' name='comment-actions' scrolling='no'>
        </iframe>
      </div>
    </b:if>

    <div id='backlinks-container'>
    <div expr:id='data:widget.instanceId + &quot;_backlinks-container&quot;'>
       <b:if cond='data:post.showBacklinks'>
         <b:include data='post' name='backlinks'/>
       </b:if>
    </div>
    </div>
  </div>
</b:includable>
            </b:widget>
          </b:section>
        </div><!-- #content -->
        
        
            <div class='footerolia'>Copyright @ 2013 <b><data:blog.title/></b>. Designed by <a href='http://www.templateism.com' id='mycontent'>Templateism</a> | <a href='http://www.mybloggerlab.com'>MyBloggerLab</a></div>
        
        <div class='clear'/>
        
      </div>
      <!--/contentcolumn-->
    </div>
    <!--/primary-->
    
    <div id='secondary'>
      <div id='secondary-margins'>
        <header id='branding'>
        <b:section class='header' id='header' maxwidgets='1' showaddelement='no'>
          <b:widget id='Header1' locked='true' title='Metro Classic (Header)' type='Header'>
            <b:includable id='main'>

  <b:if cond='data:useImage'>
    <b:if cond='data:imagePlacement == &quot;REPLACE&quot;'>
      <!--Show just the image, no text-->
      <div id='header-inner'>
        <a expr:href='data:blog.homepageUrl' style='display: block'>
          <img expr:alt='data:title' expr:height='data:height' expr:id='data:widget.instanceId + &quot;_headerimg&quot;' expr:src='data:sourceUrl' expr:width='data:width' style='display: block;padding-left:0px;padding-top:0px;'/>
        </a>
      </div>
    <b:else/>
      <!--
      Show image as background to text. You can't really calculate the width
      reliably in JS because margins are not taken into account by any of
      clientWidth, offsetWidth or scrollWidth, so we don't force a minimum
      width if the user is using shrink to fit.
      This results in a margin-width's worth of pixels being cropped. If the
      user is not using shrink to fit then we expand the header.
      -->
      <div expr:style='&quot;background-image: url(\&quot;&quot; + data:sourceUrl + &quot;\&quot;); &quot;                      + &quot;background-position: &quot;                      + data:backgroundPositionStyleStr + &quot;; &quot;                      + data:widthStyleStr                      + &quot;min-height: &quot; + data:height + &quot;px;&quot;                      + &quot;_height: &quot; + data:height + &quot;px;&quot;                      + &quot;background-repeat: no-repeat; &quot;' id='header-inner'>
        <div class='titlewrapper' style='background: transparent'>
          <h1 class='title' style='background: transparent; border-width: 0px'>
            <b:include name='title'/>
          </h1>
        </div>
        <b:include name='description'/>
      </div>
    </b:if>
  <b:else/>
    <!--No header image -->
    <div id='header-inner'>
      <div class='titlewrapper'>
        <h1 class='title'>
          <b:include name='title'/>
        </h1>
      </div>
      <b:include name='description'/>
    </div>
  </b:if>
</b:includable>
            <b:includable id='description'>
  <div class='descriptionwrapper'>
    <p class='description'><span><data:description/></span></p>
  </div>
</b:includable>
            <b:includable id='title'>
<a expr:href='data:blog.homepageUrl'><data:title/></a>
</b:includable>
          </b:widget>
        </b:section>
        </header><div class='clear'/>
        <nav>
 
          
          
<!-- Menu -->
        <ul id='menu'>
			
					<li>
						<div class='menu-abs-bg background-color'/>
						<div class='menu-specs'>
							<div class='home-icon'/>
							<a href='#menuParent_258' title='Home'>Home</a>
							<span>Lorem Ipsum</span>
						</div><ul/></li>
					<li>
						<div class='menu-abs-bg background-color'/>
						<div class='menu-specs'>
							<div class='aboutus-icon'/>
							<a href='#' title='About Us'>About Us</a>
							<span>Perspiciatis unde</span>
						</div></li>
					<li>
						<div class='menu-abs-bg background-color'/>
						<div class='menu-specs'>
							<div class='services-icon'/>
							<a href='#' title='Services'>Services</a>
							<span>Voluptatem</span>
						</div></li>
					<li>
						<div class='menu-abs-bg background-color'/>
						<div class='menu-specs'>
							<div class='portfolio-icon'/>
							<a href='#' title='Elements'>Elements</a>
							<span>Totam rem aperiam</span>
						</div></li>
					<li>
						<div class='menu-abs-bg background-color'/>
						<div class='menu-specs'>
							<div class='portfolio-icon'/>
							<a href='#menuParent_260' title='Portfolio'>Portfolio</a>
							<span>Morbi tincidunt</span>
						</div><ul/></li>
					<li>
						<div class='menu-abs-bg background-color'/>
						<div class='menu-specs'>
							<div class='blog-icon'/>
							<a href='#' title='Blog'>Blog</a>
							<span>Aliquam pharetra rutrum</span>
						</div></li>
					<li>
						<div class='menu-abs-bg background-color'/>
						<div class='menu-specs'>
							<div class='contact-icon'/>
							<a href='#' title='Contact'>Contact</a>
							<span>Vestibulum cursus</span>
						</div></li>        </ul><!-- Menu ENDS -->
                   
          
          <div class='menu'>
            <b:section id='menu' showaddelement='yes'/>
          </div>
        </nav><div class='clear'/>
        <b:section class='widget-area' id='widget-area' showaddelement='yes'>
          <b:widget id='BlogArchive1' locked='false' title='Blog Archive' type='BlogArchive'>
            <b:includable id='main'>
  <b:if cond='data:title'>
    <h2><data:title/></h2>
  </b:if>
  <div class='widget-content'>
  <div id='ArchiveList'>
  <div expr:id='data:widget.instanceId + &quot;_ArchiveList&quot;'>
    <b:if cond='data:style == &quot;HIERARCHY&quot;'>
     <b:include data='data' name='interval'/>
    </b:if>
    <b:if cond='data:style == &quot;FLAT&quot;'>
      <b:include data='data' name='flat'/>
    </b:if>
    <b:if cond='data:style == &quot;MENU&quot;'>
      <b:include data='data' name='menu'/>
    </b:if>
  </div>
  </div>
  <b:include name='quickedit'/>
  </div>
</b:includable>
            <b:includable id='flat' var='data'>
  <ul class='flat'>
    <b:loop values='data:data' var='i'>
      <li class='archivedate'>
        <a expr:href='data:i.url'><data:i.name/></a> (<data:i.post-count/>)
      </li>
    </b:loop>
  </ul>
</b:includable>
            <b:includable id='interval' var='intervalData'>
  <b:loop values='data:intervalData' var='i'>
      <ul class='hierarchy'>
        <li expr:class='&quot;archivedate &quot; + data:i.expclass'>
          <b:include data='i' name='toggle'/>
          <a class='post-count-link' expr:href='data:i.url'><data:i.name/></a>
            <span class='post-count' dir='ltr'>(<data:i.post-count/>)</span>
          <b:if cond='data:i.data'>
            <b:include data='i.data' name='interval'/>
          </b:if>
          <b:if cond='data:i.posts'>
            <b:include data='i.posts' name='posts'/>
          </b:if>
        </li>
      </ul>
  </b:loop>
</b:includable>
            <b:includable id='menu' var='data'>
  <select expr:id='data:widget.instanceId + &quot;_ArchiveMenu&quot;'>
    <option value=''><data:title/></option>
    <b:loop values='data:data' var='i'>
      <option expr:value='data:i.url'><data:i.name/> (<data:i.post-count/>)</option>
    </b:loop>
  </select>
</b:includable>
            <b:includable id='posts' var='posts'>
  <ul class='posts'>
    <b:loop values='data:posts' var='i'>
      <li><a expr:href='data:i.url'><data:i.title/></a></li>
    </b:loop>
  </ul>
</b:includable>
            <b:includable id='toggle' var='interval'>
  <b:if cond='data:interval.toggleId'>
  <b:if cond='data:interval.expclass == &quot;expanded&quot;'>
    <a class='toggle' href='javascript:void(0)'>
      <span class='zippy toggle-open'>&#9660;&#160;</span>
    </a>
  <b:else/>
    <a class='toggle' href='javascript:void(0)'>
      <span class='zippy'>
        <b:if cond='data:blog.languageDirection == &quot;rtl&quot;'>
          &#9668;&#160;
        <b:else/>
          &#9658;&#160;
        </b:if>
      </span>
    </a>
  </b:if>
 </b:if>
</b:includable>
          </b:widget>
          <b:widget id='HTML2' locked='false' title='About Metro' type='HTML'>
            <b:includable id='main'>
  <!-- only display title if it's non-empty -->
  <b:if cond='data:title != &quot;&quot;'>
    <h2 class='title'><data:title/></h2>
  </b:if>
  <div class='widget-content'>
    <data:content/>
  </div>

  <b:include name='quickedit'/>
</b:includable>
          </b:widget>
          <b:widget id='HTML1' locked='false' title='Follow us on Facebook' type='HTML'>
            <b:includable id='main'>
  <!-- only display title if it's non-empty -->
  <b:if cond='data:title != &quot;&quot;'>
    <h2 class='title'><data:title/></h2>
  </b:if>
  <div class='widget-content'>
    <data:content/>
  </div>

  <b:include name='quickedit'/>
</b:includable>
          </b:widget>
        </b:section>
      </div>      
    </div><!--/secondary-->
    
   
   
<div class='clear'/>
    
    
        <!--Page Navigation Starts-->
<b:if cond='data:blog.pageType != &quot;item&quot;'>
<b:if cond='data:blog.pageType != &quot;static_page&quot;'>
<script type='text/javascript'>
var pageCount=4;
var displayPageNum=5;
var upPageWord =&#39;Previous&#39;;
var downPageWord =&#39;Next&#39;;
</script>
<script src='https://btemplateism.googlecode.com/files/blogger_pagenavi_min.js' type='text/javascript'/>
</b:if>
</b:if>
<!--Page Navigation Ends -->
    
</div>

</body>
</html>