<?xml version="1.0" encoding="UTF-8" ?>
<!DOCTYPE html>
<html b:version='2' class='v2' expr:dir='data:blog.languageDirection' xmlns='http://www.w3.org/1999/xhtml' xmlns:b='http://www.google.com/2005/gml/b' xmlns:data='http://www.google.com/2005/gml/data' xmlns:expr='http://www.google.com/2005/gml/expr'>
  <head>
<script src='http://code.jquery.com/jquery-1.10.2.min.js'/>
<script src='//dl.dropboxusercontent.com/u/80436322/liketodownload/tinynav.min.js'/>

<link href='http://fonts.googleapis.com/css?family=Lora|Raleway:400,600|Exo+2:900' rel='stylesheet' type='text/css'/>

<link href='//netdna.bootstrapcdn.com/font-awesome/4.0.3/css/font-awesome.css' rel='stylesheet'/>

    <b:if cond='data:blog.isMobile'>
      <meta content='width=device-width,initial-scale=1.0,minimum-scale=1.0,maximum-scale=1.0' name='viewport'/>
    <b:else/>
      <meta content='width=1100' name='viewport'/>
    </b:if>
    <b:include data='blog' name='all-head-content'/>
    <title><data:blog.pageTitle/></title>

    <b:skin><![CDATA[.navbar{display:none;}
a{
color:#555;
}
a:hover{
text-decoration:none;
}
body{
 font-family: 'Lora', Georgia, 'Times New Roman', serif;
font-size: 16px;
line-height: 1.5em;
color: #000;
}
.rthumbbox {
width: 320px;
float: left;
height: 200px;
}
.imgbox img {
width: 320px;
height: 200px;
}.awesometitle {
position: absolute;
z-index: 99;
  font-family: 'Raleway';
  font-style: normal;
  font-weight: 600;
text-decoration: none;
color: #fff;
width: 300px;
font-size: 20px;
padding: 10px;
}
.imgbox {
height: 200px;
}
.myinsta {
width: 320px;
height: 200px;
position: absolute;
z-index: 3;
-moz-box-shadow: inset 0 0 30px 0 rgba(0, 0, 0, 30);
-webkit-box-shadow: inset 0 0 30px 0 rgba(0, 0, 0, 30);
box-shadow: inset 0 0 30px 0 rgba(0, 0, 0, 30);
}
.firstka .myinsta{
background: rgba(175, 129, 201, .6);
}
.secondka .myinsta{
background: rgba(248, 154, 126, .6);
}
.thirdka .myinsta{
background: rgba(242, 202, 133, .6);
}
.fourthka .myinsta{
background: rgba(84, 209, 241, .6);
}
.fifthka .myinsta{
background: rgba(124, 113, 173, .6);
}
.sixthka .myinsta{
background: rgba(68, 85, 105, .6);
}
.fifthka .myinsta{
background: rgba(124, 113, 173, .6);

}
.fifthka .myinsta:hover{
background: rgba(124, 113, 173, .1);

}
.sixthka .myinsta:hover{
background: rgba(68, 85, 105, .1);
}
.firstka .myinsta:hover{
background: rgba(175, 129, 201, .1);
}
.secondka .myinsta:hover{
background: rgba(248, 154, 126, .1);
}
.thirdka .myinsta:hover{
background: rgba(242, 202, 133, .1);
}
.fourthka .myinsta:hover{
background: rgba(84, 209, 241, .1);
}

body{
background: url("http://1.bp.blogspot.com/-g3BqiF8MY4w/UzsV65QAw4I/AAAAAAAAAGQ/naTWQcbn-uE/s1600/pattern.png");
}
.content-inner {
background: #fff;
width: 940px;
margin: 0 auto;
margin-bottom: 20px;
}
.tabs-outer .HTML {
margin-left: -40px;
margin-right: -40px;
}
.real-header {
background: #fff;
width: 100%;
margin-top: -10px;
margin-left: -10px;
height: 81px;
}
.header-outer .title{
margin:-18px !important;
font-size:50px;
text-align:center;
color: #8cc63f;
  font-family: 'Exo 2';
  font-style: normal;
  font-weight: 900;
}
.header-outer .title:first-letter {
color: #333;
}
.header-outer .title a{
color:#8cc63f;
text-decoration:none;
}
#real-header {
margin-right: -20px;
}
header{
width:30% ;
float:left;
}
.menunav {
text-align: left;
display: inline;
margin: 0;
list-style: none;
position:relative;
z-index:99999999;

}
.menunav li ul li a {
font-size: 14px;
}
.menunav .firstli{
border-left:1px solid #efefef;
padding-right: 29px;
}
.menunav li {
border-right:1px solid #efefef;
margin-left:-4px;
font-size: 18px;
display: inline-block;
position: relative;
padding: 15px 27px;
cursor: pointer;
-webkit-transition: all 0.2s;
-moz-transition: all 0.2s;
-ms-transition: all 0.2s;
-o-transition: all 0.2s;
transition: all 0.2s;
  font-family: 'Raleway';
  font-style: normal; 
  font-weight: 400;
padding-top: 28px;
padding-bottom: 27px;
} 




#social { height:30px; float: right; }
#social .social_header { margin-bottom: 10px; }
#social a { border-left: 1px solid #ccc; transition: all 0.6s; -moz-transition: all 0.6s; -ms-transition: all 0.6s; -o-transition: all 0.6s; -webkit-transition: all 0.6s; }
#social a:hover {transition: all 0.6s; -moz-transition: all 0.6s; -ms-transition: all 0.6s; -o-transition: all 0.6s; -webkit-transition: all 0.6s; }
#social a.facebook { display:block; float:left; height:30px; width:30px; text-indent:-9999px; background-image:url('http://4.bp.blogspot.com/-2x-LERJnjqU/UqDWg5jizyI/AAAAAAAACpI/0s2QrfsHkwc/s1600/socials@2x.png'); background-position:0px -30px; background-size: 270px 60px;  }
#social a:hover.facebook { background-image:url('http://4.bp.blogspot.com/-2x-LERJnjqU/UqDWg5jizyI/AAAAAAAACpI/0s2QrfsHkwc/s1600/socials@2x.png'); background-position:0px 0px; background-size: 270px 60px;  background-color:#436eac; }
#social a.twitter { display:block; float:left; height:30px; width:30px; text-indent:-9999px; background-image:url('http://4.bp.blogspot.com/-2x-LERJnjqU/UqDWg5jizyI/AAAAAAAACpI/0s2QrfsHkwc/s1600/socials@2x.png'); background-position:-30px -30px; background-size: 270px 60px; }
#social a:hover.twitter { background-image:url('http://4.bp.blogspot.com/-2x-LERJnjqU/UqDWg5jizyI/AAAAAAAACpI/0s2QrfsHkwc/s1600/socials@2x.png'); background-position:-30px 0px; background-size: 270px 60px;  background-color:#0598c9; }
#social a.flickr { display:block; float:left; height:30px; width:30px; text-indent:-9999px; background-image:url('http://4.bp.blogspot.com/-2x-LERJnjqU/UqDWg5jizyI/AAAAAAAACpI/0s2QrfsHkwc/s1600/socials@2x.png'); background-position:-60px -30px; background-size: 270px 60px; }
#social a:hover.flickr { background-image:url('http://4.bp.blogspot.com/-2x-LERJnjqU/UqDWg5jizyI/AAAAAAAACpI/0s2QrfsHkwc/s1600/socials@2x.png'); background-position:-60px 0px; background-size: 270px 60px;  background-color:#e33b7e; }
#social a.pinterest{ display:block; float:left; height:30px; width:30px; text-indent:-9999px; background-image:url('http://4.bp.blogspot.com/-2x-LERJnjqU/UqDWg5jizyI/AAAAAAAACpI/0s2QrfsHkwc/s1600/socials@2x.png'); background-position:-90px -30px; background-size: 270px 60px; }
#social a:hover.pinterest { background-image:url('http://4.bp.blogspot.com/-2x-LERJnjqU/UqDWg5jizyI/AAAAAAAACpI/0s2QrfsHkwc/s1600/socials@2x.png'); background-position:-90px 0px; background-size: 270px 60px;  background-color:#cb2027; }
#social a.googleplus { display:block; float:left; height:30px; width:30px; text-indent:-9999px; background-image:url('http://4.bp.blogspot.com/-2x-LERJnjqU/UqDWg5jizyI/AAAAAAAACpI/0s2QrfsHkwc/s1600/socials@2x.png'); background-position:-120px -30px; background-size: 270px 60px; }
#social a:hover.googleplus { background-image:url('http://4.bp.blogspot.com/-2x-LERJnjqU/UqDWg5jizyI/AAAAAAAACpI/0s2QrfsHkwc/s1600/socials@2x.png'); background-position:-120px 0px; background-size: 270px 60px;  background-color:#d64b2e; }
#social a.vimeo { display:block; float:left; height:30px; width:30px; text-indent:-9999px; background-image:url('http://4.bp.blogspot.com/-2x-LERJnjqU/UqDWg5jizyI/AAAAAAAACpI/0s2QrfsHkwc/s1600/socials@2x.png'); background-position:-150px -30px; background-size: 270px 60px; }
#social a:hover.vimeo { background-image:url('http://4.bp.blogspot.com/-2x-LERJnjqU/UqDWg5jizyI/AAAAAAAACpI/0s2QrfsHkwc/s1600/socials@2x.png'); background-position:-150px 0px; background-size: 270px 60px;  background-color:#86ae24;}
#social a.youtube { display:block; float:left; height:30px; width:60px; text-indent:-9999px; background-image:url('http://4.bp.blogspot.com/-2x-LERJnjqU/UqDWg5jizyI/AAAAAAAACpI/0s2QrfsHkwc/s1600/socials@2x.png'); background-position:-180px -30px; background-size: 270px 60px; }
#social a:hover.youtube { background-image:url('http://4.bp.blogspot.com/-2x-LERJnjqU/UqDWg5jizyI/AAAAAAAACpI/0s2QrfsHkwc/s1600/socials@2x.png'); background-position:-180px 0px; background-size: 270px 60px;  background-color:#e32114;}
#social a.mail { display:block;float:left; height:30px; width:32px; text-indent:-9999px; background-image:url('http://4.bp.blogspot.com/-2x-LERJnjqU/UqDWg5jizyI/AAAAAAAACpI/0s2QrfsHkwc/s1600/socials@2x.png'); background-position:-240px -30px; background-size: 270px 60px; }
#social a:hover.mail { background-image:url('http://4.bp.blogspot.com/-2x-LERJnjqU/UqDWg5jizyI/AAAAAAAACpI/0s2QrfsHkwc/s1600/socials@2x.png'); background-position:-240px 0px; background-size: 270px 60px;  background-color:#bc75d6;}



.menunav  li:hover {
background: #efefef;
color: #fff;
}
.menunav  li ul {
padding: 0;
position: absolute;
top: 81px;
left: 0;
width: 160px;margin-left:3px;

display: none;
opacity: 0;
visibility: hidden;
-webkit-transiton: opacity 0.2s;
-moz-transition: opacity 0.2s;
-ms-transition: opacity 0.2s;
-o-transition: opacity 0.2s;
-transition: opacity 0.2s;
}
.menunav li ul li {
background: #eee;
display: block; z-index:999999999999;
color: #fff;
}
.menunav  li:hover ul {
display: block;
opacity: 1;
visibility: visible;
}
.menunav a{
text-decoration:none;
font-size:18px;color: #333333;
line-height: 26px;
}
#Header1_headerimg {
width: auto;
height: 56px;
margin-left: 40px;
}
.description {
display: none;
}
.header-outer {
margin-right: -36px;
}

.head_brnews{
height:30px;background:#fff;width:100%;max-width:1160px;margin:0 auto;border-style: solid ;
border-width: 1px;border-color: #ddd;overflow: hidden;margin-top:20px;}
.breaking-news{
float:left;
height:30px;
position:relative;
overflow:hidden;
margin-bottom:20px;
}
.breaking-news h4{
background: #8cc63f;
display:block;
float:left;
padding:0 10px;
height:32px;
line-height:30px;
color:#FFF;
font-size:10pt;
margin-right:10px
}

.breaking-news ul{
float:left
}
.breaking-news a:hover{
color:#333;
}
.breaking-news ul li{
float:left;
display:block;
list-style:none;
}
.breaking-news ul a{
padding:1px;
display:block;
color:#333;
white-space:nowrap;
float:left;
line-height:30px;
font-size:13px;

}
.breaking-news span{
display:block;
float:left;
padding:1px 10px;
color:#333;
font-size:12px;
line-height:30px;
}

.breaking-news marquee {
padding-top:5px;
width: 658px;
}
.samazhlo {
background: #333;
position:absolute;
float: left;
padding: 0 10px;
height: 32px;
line-height: 30px;
color: #FFF;
  font-family: 'Raleway';
  font-style: normal;
  font-weight: 400;
font-size: 10pt;
margin-right: 10px;}

.column-right-outer{
width:310px;
float:left;
}
.column-center-outer{
width:630px;
}.breaking-news a {
text-decoration: none;
}.awesometitle{display:none;}
.rthumbbox:hover .awesometitle{display:block;}
.imgbox4 img{
width: 295px;
height: 217px;
}
.rthumbbox4{
width: 47%;
border: 1px solid #eee;background:#eee;
margin-bottom: 20px;
float: left;
margin-right: 15px;
height: 301px;
}
#featurebottom4{
background: #333;
text-align: center;
font-family: 'Raleway';
font-style: normal;
font-weight: 600;
font-size: 22px;
padding-top: 5px;
padding-bottom: 5px;
width: 608px;
margin-bottom: 20px;
border-radius: 5px;
}
#featurebottom4 a{
text-decoration:none;
color:#fff;
}
.column-center-outer .HTML {
margin-left: -29px !important;
margin-right: -29px;
}
.rthumbbig4 a{
font-family: 'Raleway';
font-style: normal;
font-weight: 400;
text-decoration: none;
color: #333;
font-size: 18px;
}
.rthumbbig4 h2 {
padding-left: 10px;
padding-bottom: 10px;
}
.sidebar h2{
background:#333;
color:#fff;
text-align:center;
  font-family: 'Raleway';
  font-style: normal;
  font-weight: 400;
padding-top:10px;
padding-bottom:10px;margin:-10px;margin-bottom:20px;
-webkit-border-top-left-radius: 5px;
-webkit-border-top-right-radius: 5px;
-moz-border-radius-topleft: 5px;
-moz-border-radius-topright: 5px;
border-top-left-radius: 5px;
border-top-right-radius: 5px;
}
.sidebar .widget{
border:1px solid #333;
padding:10px;border-radius:7px;
}
.sidebar{
margin-left:-10px;
margin-right:-15px;
}
.headingfeature1 {
background: #333;
text-align: center;
font-family: 'Raleway';
font-style: normal;
font-weight: 600;
font-size: 22px;
padding-top: 5px;
padding-bottom: 5px;
width: 608px;
}
.firstka23 img {
width: 609px;
height: auto;
}
.firstka23 {
height:401px;
width:97%;
}

.share-post {
clear: both;
margin: 10px 0 0;
padding: 10px 0 10px 10px;
background: #f7f7f7;
border: 1px solid #eaeaea;
height: 20px;
margin-bottom: 20px;
}
.share-post span.share-text{background:#8cc63f;margin:-11px 10px -10px -10px;display:block;float:left;color:#FFF;padding:8px;  
font-size:14pt;  font-family: 'Raleway';
  font-style: normal;
  font-weight: 400;}
.share-post span.share-txt{background:#9EC22D;margin:-11px 10px -10px -10px;display:block;float:left;color:#FFF;padding:7px;font-family:BebasNeueRegular,arial,Georgia,serif;font-size:14pt}.headingfeature1{
border-bottom:2px solid #4371cf;
padding: 0;
margin: 0;
height: 15px;
background-image: url(http://1.bp.blogspot.com/-iihTARLe-bw/UXVDjux7QWI/AAAAAAAADLw/kY3I4JWtOy4/s1600/dots_pat.png);
background-repeat: repeat-x;
background-position: center;
z-index:1;
}
.post-footer, .date-header, .rmlink, .feed-links, .Attribution{display:none;}
.post-title{
 font-family: 'Raleway';
  font-style: normal;
  font-weight: 600;
font-size:24px;
margin-bottom:10px;
}
.post-title a{
text-decoration:none;
color:#333;
}
.post-outer{
margin-left:-29px;
margin-right:-10px;
}.headingfeature4 .fa {
color: #fff;
font-size: 28px;
margin-right: 10px;
}
.somethingwrong{
margin-left:-29px;
}
.pagenavi .current {
text-decoration: none;
color: #fff;
}
.pagenavi {
padding-bottom:40px;
margin-left: -26px;

}
.pagenavi span, .pagenavi a {
margin: 0 5px 0 0;
padding: 5px 12px;
text-decoration: none;
background-color: #333;
border: 1px solid #333;
color: #fff;
}
.pagenavi .current{
background: #8cc63f;border:1px solid #8cc63f;
}
#lower a{
text-decoration:none;
font-size: 14px;
line-height: 22px;
color: #ccc;
}
#lower {
margin: auto;
padding: 10px;
background: #333;
margin-top:-70px;
z-index:99999999999;position:relative;
color:#efefef;
margin-left:-10px;
margin-right:-10px;
}
#lower-wrapper {
margin:auto;
padding: 20px 0px 20px 0px;
width: 988px;
}
#lowerbar-wrapper {
float: left;
margin: 0px 5px auto;
padding-bottom: 20px;
width: 32%;
text-align: justify;
font-size:100%;
line-height: 1.6em;
word-wrap: break-word;
overflow: hidden; color:#ccc;
font-size: 16px;
line-height: 22px;
color:#ddd;
}
.lowerbar {margin: 0; padding: 0;}
.lowerbar .widget {margin: 0; padding: 10px 20px 0px 20px;}
.lowerbar h2 {
margin: 0px 0px 10px 0px;
padding: 3px 0px 3px 0px;
text-align: left;
color:#000;
 font-family: 'Raleway';
  font-style: normal;
  font-weight: 600;
font-size:22px;
color:#8cc63f;
}
.lowerbar ul {
margin: 0px 0px 0px 0px;
padding: 0px 0px 0px 0px;
list-style-type: none;
}
.creditfooter{
background:#333;
margin-left:-10px;
margin-right:-10px;
margin-bottom:-11px;
border-top:3px solid #222;
text-align:center;
padding:12px;
color:#efefef; font-family: 'Raleway';
  font-style: normal;
  font-weight: 600;
}
.creditfooter a{
color:#8cc63f;
}

input.gsc-input {
background: #f9f9f9;
border: 1px solid #ddd;
padding: 10px !important;
font-family: 'Lora';
width: 180px !important;
}
input.gsc-search-button {
border: none;
padding: 9px;
color: white;
  font-family: 'Raleway';
font-style: normal;
font-weight: 400;
font-size: 14px;
cursor: pointer;
background: #8cc63f;
}
.Label a{
background:#333;
color:#fff!important;
height:22px;
line-height:22px;
text-decoration:none;
-webkit-transition:all .3s ease-in-out !important;t: 30pxt: 30px;
float:left;
margin-left:5px;
margin-top:5px;
font-size:16px; 
  font-family: 'Lora';
  font-style: normal;
  font-weight: 400;
padding:8px;
text-transform:lowercase;
}
.Label a:hover{
color:#fff !important;
background:#8cc63f; }
.tabs-outer .HTML {
display: none;
}
#real-header {
border-bottom: 1px solid #efefef;
}
.column-center-inner .HTML {
display: none;
}
#related-posts img {
width: 188px !important;
height: 170px !important;
}
.nichewala {
width: 165px;
font-size: 14px !important;
line-height: 25px !important;
}
#related-posts h2{
margin-bottom:16px;
}

#comments {
padding-top: 20px;
}
#comments {
background-color: #fff;
padding-top: 20px;
}
.comments .continue a {
background:#0d86cc;
text-align:center;
padding:10px 0;
display:none;
}
.comments .continue a {
line-height: 30px;
margin: 0;
padding: 20px 0 14px 10px;
font-size: 18px!important;
text-transform: uppercase;
font-weight: 400!important;
color: #444;
}
.comments .user a {
color: #444!important;
font-size: 18px;
line-height: 25px;
text-transform: uppercase;
margin-top: 20px;
font-family: 'Raleway';
font-style: normal;
font-weight: 700;
padding-left: 15px;
}
#comments .avatar-image-container img {
border: 1px solid #ddd;
}
}
.comment-thread {
color:#111;
}
.comment-thread a {
color:#777;
}
.comment-thread ol {
margin:0 0 20px;
}
.comment-thread .comment-content a,.comments .user a,.comments .comment-thread.inline-thread .user a {
color:#000;
}
.comments .avatar-image-container{overflow: visible;}
.comments .avatar-image-container,.comments .avatar-image-container img {
width:48px;
max-width:40px;
height:40px;
max-height:48px;
background:#FFF;
float:left;
border-radius:50%;
-moz-border-radius:50%;
margin:0 10px 0 0;
}
.comments .comment-block,.comments .comments-content .comment-replies,.comments .comment-replybox-single {
margin-left:60px;
}
.thread-chrome .comment-block {
width: 455px;
}
.comments .comment-block,.comments .comment-thread.inline-thread .comment {
border:1px solid #ddd;
background:#fff;
background-color:#fff;
padding:10px;
padding-right:0px;
padding-left: 0px;
}
#comments h4 {
color: #333;
font-family: 'Raleway';
font-size: 24px;
line-height: 30px;
padding-bottom: 20px;
font-weight: 400;
margin-bottom: -15px;
}
.comment-header {
border-bottom: 1px solid #ddd;
padding-bottom: 10px;
}
.thread-chrome.thread-expanded .comment-header {
width: 440px;
margin-left: 15px;
}
.comments .comments-content .comment {
width:100%;
line-height:1em;
font-size:13px;
margin:15px 0 0;
padding:0;
}
.comments .comments-content .comment-content {
text-align: justify;
line-height: 22px;
overflow: hidden;
color: #420;
padding: 20px;
}
.thread-chrome .comment {
border: none!important;
}
.thread-chrome.thread-expanded .comment-content {
width: 420px;
line-height: 22px;
overflow:hidden
}
.comments .comment-thread.inline-thread .comment-actions {
display: none;
}
.item-control.blog-admin {
display: none;
}
.comments .comments-content .datetime {
cursor: pointer;
float: right;
padding-top: 6px;
padding-right: 20px;
}
.comment-actions {
background: #f2f2f2;
padding: 8px;
margin-left: 435px;
border: 1px solid #ddd;
border-right: 0px;
border-bottom: 0px;
float: right;
margin-top: -20px;
}
@media screen and (max-width: 980px) {

.content-inner {
width: 615px;
}
.rthumbbox {
width: 315px;
}
.tinynav {
display:block !important;
}
.menunav{
display:none;
}
header {
width: 40%;margin-top: -30px;

}
.real-header {
height: 51px;
padding-top: 30px;
}.tinynav{
margin-right: 50px !important;
width: 220px;

}
.column-right-outer {
width: auto;
}
#lowerbar-wrapper {
width: 30%;

}
#lower-wrapper {
width: auto;
}
}
.tinynav {
width:200px;display:none;
height:30px; font-family: 'Raleway';
  font-style: normal;
  font-weight: 400;
font-size:18px;
background:#ddd;
border:1px solid #000;
margin:0 auto;margin-bottom:10px;
}]]></b:skin>

    <b:template-skin>
      
      <![CDATA[
   #layout .menunav {
display: none;
} #layout .footer-inner {
display: none;
}#layout .tabs-outer {
background: #01B6AD;
padding-top: 26px;
margin-left: -20px !important;
margin-right: -20px !important;
padding-right: 20px;
padding-left: 20px;
}body#layout {
width: 980px;
}
#layout .real-header {
margin-top: 60px;
}
#layout header {
background: #f6e7d2;
padding-top: 10px;
margin-bottom: -5px;
margin-left: -20px !important;
margin-right: -20px !important;
padding-right: 20px;
padding-left: 20px;
width: 99% !important;
}
#layout .column-center-outer {
width: 70%;
}
#layout .column-right-outer {
width: 30%;
}#layout .main-outer {
background: #F6E7D2;
margin-left: -20px !important;
margin-right: -20px !important;
padding-right: 20px;
padding-left: 20px;
margin-top: -5px !important;
padding-top: 40px;
padding-bottom: 20px;
}#layout .column-center-outer .widget-content {
background: #57BE85;
}#layout #lowerbar-wrapper {
width: 31%;
float: left;
}#layout #lower {
background: #8F9194;
padding-top: 20px;
margin-left: -20px !important;
margin-right: -20px !important;
padding-right: 20px;
padding-left: 20px;
margin-top: -5px;
}
      ]]>
    </b:template-skin>
    <b:include data='blog' name='google-analytics'/>

<script>
      $(document).ready(function(){
  $(&quot;.rthumbbox4:first&quot;).addClass(&quot;firstka23&quot;);
$(&quot;#related-posts img&quot;).each(function() {
var s = &quot;&quot;;
s = $(this).attr(&#39;src&#39;);
s = s.replace(&quot;s72-c&quot;, &quot;s250-a&quot;);
$(this).attr(&#39;src&#39;, s);
});
 $(&quot;.menunav&quot;).tinyNav({
  active: &#39;selected&#39;, // String: Set the &quot;active&quot; class
  header: &#39;Navigation&#39;, // String: Specify text for &quot;header&quot; and show header instead of the active item
  label: &#39;&#39; 
});
});

    </script>
<script type='text/javascript'>
/*<![CDATA[*/
function recentthumbs(_0x1bd1x2) {
    for (var _0x1bd1x3 = 0; _0x1bd1x3 < _0x1bd1x2['feed']['entry']['length']; _0x1bd1x3++) {
        for (var _0x1bd1x4 = 0; _0x1bd1x4 < _0x1bd1x2['feed']['entry'][_0x1bd1x3]['link']['length']; _0x1bd1x4++) {
            if (_0x1bd1x2['feed']['entry'][_0x1bd1x3]['link'][_0x1bd1x4]['rel'] == 'alternate') {
                break;
            };
        };
        var _0x1bd1x5 = _0x1bd1x2['feed']['entry'][_0x1bd1x3];
        var _0x1bd1x6 = _0x1bd1x5['link'][_0x1bd1x4]['href'];
        var _0x1bd1x7 = _0x1bd1x5['title']['$t'];
        var _0x1bd1x8;
        try {
            _0x1bd1x8 = _0x1bd1x5['media$thumbnail']['url'];
            _0x1bd1x8 = _0x1bd1x8['replace']('/s72-c/', '/s550-a/');
        } catch (error) {
            s = _0x1bd1x5['content']['$t'];
            a = s['indexOf']('<img');
            b = s['indexOf']('src="', a);
            c = s['indexOf']('"', b + 5);
            d = s['substr'](b + 5, c - b - 5);
            if ((a != -1) && (b != -1) && (c != -1) && (d != '')) {
                _0x1bd1x8 = d;
            } else {
                _0x1bd1x8 = 'http://2.bp.blogspot.com/-fvGHB8GLUjY/ThG-C3fXoMI/AAAAAAAAI34/N2s5uttNFfY/s400/noimg.jpg';
            };
        };
      document['write']('<div class="featuredpostbig"><div class="rthumbbox"><strong></strong><a class="awesometitle" href="' + _0x1bd1x6 + '"  title="' + _0x1bd1x7 + '">' + _0x1bd1x7 + '</a><a  href="' + _0x1bd1x6 + '"  title="' + _0x1bd1x7 + '"><div class="myinsta"></div><div class="rthumbbig"><div class="imgbox"><img src="' + _0x1bd1x8 + '"/></div></div></a></div></div>');
    };
};

function recentthumbs4(_0x1bd1x2) {
    for (var _0x1bd1x3 = 0; _0x1bd1x3 < _0x1bd1x2['feed']['entry']['length']; _0x1bd1x3++) {
        for (var _0x1bd1x4 = 0; _0x1bd1x4 < _0x1bd1x2['feed']['entry'][_0x1bd1x3]['link']['length']; _0x1bd1x4++) {
            if (_0x1bd1x2['feed']['entry'][_0x1bd1x3]['link'][_0x1bd1x4]['rel'] == 'alternate') {
                break;
            };
        };
        var _0x1bd1x5 = _0x1bd1x2['feed']['entry'][_0x1bd1x3];
        var _0x1bd1x6 = _0x1bd1x5['link'][_0x1bd1x4]['href'];
        var _0x1bd1x7 = _0x1bd1x5['title']['$t'];
        var _0x1bd1x8;
        try {
            _0x1bd1x8 = _0x1bd1x5['media$thumbnail']['url'];
            _0x1bd1x8 = _0x1bd1x8['replace']('/s72-c/', '/s550-a/');
        } catch (error) {
            s = _0x1bd1x5['content']['$t'];
            a = s['indexOf']('<img');
            b = s['indexOf']('src="', a);
            c = s['indexOf']('"', b + 5);
            d = s['substr'](b + 5, c - b - 5);
            if ((a != -1) && (b != -1) && (c != -1) && (d != '')) {
                _0x1bd1x8 = d;
            } else {
                _0x1bd1x8 = 'http://2.bp.blogspot.com/-fvGHB8GLUjY/ThG-C3fXoMI/AAAAAAAAI34/N2s5uttNFfY/s400/noimg.jpg';
            };
        };
      document['write']('<div class="featuredpostbig4"><div class="rthumbbox4"><strong></strong><a  href="' + _0x1bd1x6 + '"  title="' + _0x1bd1x7 + '"><div class="rthumbbig4"><div class="imgbox4"><img src="' + _0x1bd1x8 + '"/></div><h2><a href="' + _0x1bd1x6 + '"  title="' + _0x1bd1x7 + '">' + _0x1bd1x7 + '</a></h2></div></a></div></div>');
    };
};
/*]]>*/
</script> 
<script>
$(document).ready(function(){
  $(&quot;.featuredpostbig:nth-of-type(1)&quot;).addClass(&quot;firstka&quot;);
  $(&quot;.featuredpostbig:nth-of-type(2)&quot;).addClass(&quot;secondka&quot;);
  $(&quot;.featuredpostbig:nth-of-type(3)&quot;).addClass(&quot;thirdka&quot;);
  $(&quot;.featuredpostbig:nth-of-type(4)&quot;).addClass(&quot;fourthka&quot;);
  $(&quot;.featuredpostbig:nth-of-type(5)&quot;).addClass(&quot;fifthka&quot;);
  $(&quot;.featuredpostbig:nth-of-type(6)&quot;).addClass(&quot;sixthka&quot;);

});

</script>
<script type='text/javascript'>
var thumbnail_mode = &quot;no-float&quot; ; 
  summary_noimg = 198;
summary_img = 198;
img_thumb_height = 160;
img_thumb_width = 300;
</script>
<script src='https://dl.dropboxusercontent.com/u/80436322/auto-read-more.js' type='text/javascript'/>
<b:if cond='data:blog.url == data:blog.homepageUrl'>
<style>
.tabs-outer .HTML, .column-center-inner .HTML {
display: block;
}
#real-header {
border-bottom: none;
}

</style>
</b:if>
<b:if cond='data:blog.pageType == &quot;item&quot;'><style>

.post-outer {

margin-top: -30px;
}.post-title {
    font-size: 34px;}.column-center-inner {
border-right: 1px solid #efefef;
margin-right: 14px;
}</style>

</b:if>
<b:if cond='data:blog.pageType == &quot;item&quot;'>
<script type='text/javascript'>
var defaultnoimage=&quot;http://3.bp.blogspot.com/-PpjfsStySz0/UF91FE7rxfI/AAAAAAAACl8/092MmUHSFQ0/s1600/no_image.jpg&quot;;
var maxresults=3;
var splittercolor=&quot;#DDDDDD&quot;;
var relatedpoststitle=&quot;Related Posts&quot;;
</script>
<script src='https://dl.dropboxusercontent.com/u/80436322/related-post.js' type='text/javascript'/>
</b:if>
  </head>

  <body expr:class='&quot;loading&quot; + data:blog.mobileClass' onload='demo();'>

 <b:section class='navbar' id='navbar' maxwidgets='1' showaddelement='no'>
   <b:widget id='Navbar1' locked='true' title='Navbar' type='Navbar'>
     <b:includable id='main'>&lt;script type=&quot;text/javascript&quot;&gt;
    function setAttributeOnload(object, attribute, val) {
      if(window.addEventListener) {
        window.addEventListener(&#39;load&#39;,
          function(){ object[attribute] = val; }, false);
      } else {
        window.attachEvent(&#39;onload&#39;, function(){ object[attribute] = val; });
      }
    }
  &lt;/script&gt;
&lt;div id=&quot;navbar-iframe-container&quot;&gt;&lt;/div&gt;
&lt;script type=&quot;text/javascript&quot; src=&quot;https://apis.google.com/js/plusone.js&quot;&gt;&lt;/script&gt;
&lt;script type=&quot;text/javascript&quot;&gt;
        gapi.load(&quot;gapi.iframes:gapi.iframes.style.bubble&quot;, function() {
          if (gapi.iframes &amp;&amp; gapi.iframes.getContext) {
            gapi.iframes.getContext().openChild({
                url: &#39;https://www.blogger.com/navbar.g?targetBlogID\0753826256840214840769\46blogName\75iTechno\46publishMode\75PUBLISH_MODE_BLOGSPOT\46navbarType\75LIGHT\46layoutType\75LAYOUTS\46searchRoot\75http://itechno-theme.blogspot.com/search\46blogLocale\75en_GB\46v\0752\46homepageUrl\75http://itechno-theme.blogspot.com/\46blogFollowUrl\75https://plus.google.com/113734692676837213127\46vt\75-8221001041853202124&#39;,
                where: document.getElementById(&quot;navbar-iframe-container&quot;),
                id: &quot;navbar-iframe&quot;
            });
          }
        });
      &lt;/script&gt;&lt;script type=&quot;text/javascript&quot;&gt;
(function() {
var script = document.createElement(&#39;script&#39;);
script.type = &#39;text/javascript&#39;;
script.src = &#39;//pagead2.googlesyndication.com/pagead/js/google_top_exp.js&#39;;
var head = document.getElementsByTagName(&#39;head&#39;)[0];
if (head) {
head.appendChild(script);
}})();
&lt;/script&gt;
</b:includable>
   </b:widget>
 </b:section>

  <b:if cond='data:blog.pageType == &quot;index&quot;'>
    <div itemscope='itemscope' itemtype='http://schema.org/Blog' style='display: none;'>
      <meta expr:content='data:blog.title' itemprop='name'/>
      <b:if cond='data:blog.metaDescription'>
        <meta expr:content='data:blog.metaDescription' itemprop='description'/>
      </b:if>
    </div>
  </b:if>

  <div class='body-fauxcolumns'>
    <div class='fauxcolumn-outer body-fauxcolumn-outer'>
    <div class='cap-top'>
      <div class='cap-left'/>
      <div class='cap-right'/>
    </div>
    <div class='fauxborder-left'>
    <div class='fauxborder-right'/>
    <div class='fauxcolumn-inner'>
    </div>
    </div>
    <div class='cap-bottom'>
      <div class='cap-left'/>
      <div class='cap-right'/>
    </div>
    </div>
  </div>

  <div class='content'>
  <div class='content-fauxcolumns'>
    <div class='fauxcolumn-outer content-fauxcolumn-outer'>
    <div class='cap-top'>
      <div class='cap-left'/>
      <div class='cap-right'/>
    </div>
    <div class='fauxborder-left'>
    <div class='fauxborder-right'/>
    <div class='fauxcolumn-inner'>
    </div>
    </div>
    <div class='cap-bottom'>
      <div class='cap-left'/>
      <div class='cap-right'/>
    </div>
    </div>
  </div>

  <div class='content-outer'>
  <div class='content-cap-top cap-top'>
    <div class='cap-left'/>
    <div class='cap-right'/>
  </div>
  <div class='fauxborder-left content-fauxborder-left'>
  <div class='fauxborder-right content-fauxborder-right'/>
  <div class='content-inner'>

   <div class='real-header'>
<div id='real-header'>
  <header>
    <div class='header-outer'>
    <div class='header-cap-top cap-top'>
      <div class='cap-left'/>
      <div class='cap-right'/>
    </div>
    <div class='fauxborder-left header-fauxborder-left'>
    <div class='fauxborder-right header-fauxborder-right'/>
    <div class='region-inner header-inner'>
      <b:section class='header' id='header' maxwidgets='1' showaddelement='no'>
        <b:widget id='Header1' locked='true' title='iTechno (Header)' type='Header'>
          <b:includable id='main'>

  <b:if cond='data:useImage'>
    <b:if cond='data:imagePlacement == &quot;BEHIND&quot;'>
      <!--
      Show image as background to text. You can't really calculate the width
      reliably in JS because margins are not taken into account by any of
      clientWidth, offsetWidth or scrollWidth, so we don't force a minimum
      width if the user is using shrink to fit.
      This results in a margin-width's worth of pixels being cropped. If the
      user is not using shrink to fit then we expand the header.
      -->
      <b:if cond='data:mobile'>
          <div id='header-inner'>
            <div class='titlewrapper' style='background: transparent'>
              <h1 class='title' style='background: transparent; border-width: 0px'>
                <b:include name='title'/>
              </h1>
            </div>
            <b:include name='description'/>
          </div>
        <b:else/>
          <div expr:style='&quot;background-image: url(\&quot;&quot; + data:sourceUrl + &quot;\&quot;); &quot;                        + &quot;background-position: &quot;                        + data:backgroundPositionStyleStr + &quot;; &quot;                        + data:widthStyleStr                        + &quot;min-height: &quot; + data:height                        + &quot;_height: &quot; + data:height                        + &quot;background-repeat: no-repeat; &quot;' id='header-inner'>
            <div class='titlewrapper' style='background: transparent'>
              <h1 class='title' style='background: transparent; border-width: 0px'>
                <b:include name='title'/>
              </h1>
            </div>
            <b:include name='description'/>
          </div>
        </b:if>
    <b:else/>
      <!--Show the image only-->
      <div id='header-inner'>
        <a expr:href='data:blog.homepageUrl' style='display: block'>
          <img expr:alt='data:title' expr:height='data:height' expr:id='data:widget.instanceId + &quot;_headerimg&quot;' expr:src='data:sourceUrl' expr:width='data:width' style='display: block'/>
        </a>
        <!--Show the description-->
        <b:if cond='data:imagePlacement == &quot;BEFORE_DESCRIPTION&quot;'>
          <b:include name='description'/>
        </b:if>
      </div>
    </b:if>
  <b:else/>
    <!--No header image -->
    <div id='header-inner'>
      <div class='titlewrapper'>
        <h1 class='title'>
          <b:include name='title'/>
        </h1>
      </div>
      <b:include name='description'/>
    </div>
  </b:if>
</b:includable>
          <b:includable id='description'>
  <div class='descriptionwrapper'>
    <p class='description'><span><data:description/></span></p>
  </div>
</b:includable>
          <b:includable id='title'>
  <b:if cond='data:blog.url == data:blog.homepageUrl'>
    <data:title/>
  <b:else/>
    <a expr:href='data:blog.homepageUrl'><data:title/></a>
  </b:if>
</b:includable>
        </b:widget>
      </b:section>
    </div>
    </div>
    <div class='header-cap-bottom cap-bottom'>
      <div class='cap-left'/>
      <div class='cap-right'/>

    </div>
    </div>
    </header>

<!--Navigation Menu-->

<ul class='menunav'><li class='firstli'><a href='/'><i class='fa fa-home'/></a></li>
<li><a href='http://flatdiary.blogspot.com/p/about-flat-diary.html'>About</a></li>
<li>
<a href='your-link-here'>  Portfolio</a>
<ul>
<li><a href='your-link-here'>Web Design</a></li>
<li><a href='your-link-here'>Development</a></li>
<li><a href='your-link-here'>Illustrations</a></li>
</ul>
</li>
<li><a href='your-link-here'>404</a></li>
<li><a href='your-link-here'>Contact</a></li>
<li><a href='your-link-here'>Themes</a></li>

</ul>
    </div>    </div>






    <div class='tabs-outer'>
    <div class='tabs-cap-top cap-top'>
      <div class='cap-left'/>
      <div class='cap-right'/>
    </div>
    <div class='fauxborder-left tabs-fauxborder-left'>
    <div class='fauxborder-right tabs-fauxborder-right'/>
    <div class='region-inner tabs-inner'>
      <b:section class='tabs' id='crosscol' maxwidgets='1' showaddelement='yes'>
        <b:widget id='HTML1' locked='false' title='' type='HTML'>
          <b:includable id='main'>
  <!-- only display title if it's non-empty -->
  <b:if cond='data:title != &quot;&quot;'>
    <h2 class='title'><data:title/></h2>
  </b:if>
  <div class='widget-content'>
    <data:content/>
  </div>

  <b:include name='quickedit'/>
</b:includable>
        </b:widget>
      </b:section>
      <b:section class='tabs' id='crosscol-overflow' showaddelement='no'/>
    </div>
    </div>
    <div class='tabs-cap-bottom cap-bottom'>
      <div class='cap-left'/>
      <div class='cap-right'/>
    </div>
    </div>
 <div class='head_brnews'>
<div class='breaking-news'><div class='samazhlo'>Breaking News</div>  
<script src='https://dl.dropboxusercontent.com/u/80436322/autoscroll.js' type='text/javascript'/>

  <script type='text/javascript'>
	var nMaxPosts =6;
        var nWidth = 100;
        var nScrollDelay = 60;
        var sDirection = &quot;left&quot;;
        var sOpenLinkLocation = &quot;N&quot;;
        var sBulletChar = &quot;&gt;&gt;&quot;;
</script> 
<script src='/feeds/posts/default?alt=json-in-script&amp;callback=RecentPostsScrollerv2&amp;max-results=6' type='text/javascript'/>
  </div> 

<!--Social Icons Started -->

<div id='social'>

<a class='facebook' href='http://www.facebook.com/'/>

<a class='twitter' href='https://twitter.com/'/>

<a class='flickr' href='http://www.flickr.com/'/>

<a class='pinterest' href='http://pinterest.com/'/>

<a class='googleplus' href='https://plus.google.com/'/>

<a class='vimeo' href='http://vimeo.com/'/>

<a class='youtube' href='http://www.youtube.com/'/>

<a class='mail' href='mailto:info@SBTemplates.com'/>

</div>

<!--Social Icons End-->
</div>
    <div class='main-outer'>
    <div class='main-cap-top cap-top'>
      <div class='cap-left'/>
      <div class='cap-right'/>
    </div>

    <div class='fauxborder-left main-fauxborder-left'>
    <div class='fauxborder-right main-fauxborder-right'/>
    <div class='region-inner main-inner'>

      <div class='columns fauxcolumns'>

        <div class='fauxcolumn-outer fauxcolumn-center-outer'>
        <div class='cap-top'>
          <div class='cap-left'/>
          <div class='cap-right'/>
        </div>
        <div class='fauxborder-left'>
        <div class='fauxborder-right'/>
        <div class='fauxcolumn-inner'>
        </div>
        </div>
        <div class='cap-bottom'>
          <div class='cap-left'/>
          <div class='cap-right'/>
        </div>
        </div>

        <div class='fauxcolumn-outer fauxcolumn-left-outer'>
        <div class='cap-top'>
          <div class='cap-left'/>
          <div class='cap-right'/>
        </div>
        <div class='fauxborder-left'>
        <div class='fauxborder-right'/>
        <div class='fauxcolumn-inner'>
        </div>
        </div>
        <div class='cap-bottom'>
          <div class='cap-left'/>
          <div class='cap-right'/>
        </div>
        </div>

        <div class='fauxcolumn-outer fauxcolumn-right-outer'>
        <div class='cap-top'>
          <div class='cap-left'/>
          <div class='cap-right'/>
        </div>
        <div class='fauxborder-left'>
        <div class='fauxborder-right'/>
        <div class='fauxcolumn-inner'>
        </div>
        </div>
        <div class='cap-bottom'>
          <div class='cap-left'/>
          <div class='cap-right'/>
        </div>
        </div>

        <!-- corrects IE6 width calculation -->
        <div class='columns-inner'>

        <div class='column-center-outer'>
        <div class='column-center-inner'>
          <b:section class='main' id='main' showaddelement='no'>
            <b:widget id='HTML2' locked='false' title='' type='HTML'>
              <b:includable id='main'>
  <!-- only display title if it's non-empty -->
  <b:if cond='data:title != &quot;&quot;'>
    <h2 class='title'><data:title/></h2>
  </b:if>
  <div class='widget-content'>
    <data:content/>
  </div>

  <b:include name='quickedit'/>
</b:includable>
            </b:widget>
            <b:widget id='HTML3' locked='false' title='' type='HTML'>
              <b:includable id='main'>
  <!-- only display title if it's non-empty -->
  <b:if cond='data:title != &quot;&quot;'>
    <h2 class='title'><data:title/></h2>
  </b:if>
  <div class='widget-content'>
    <data:content/>
  </div>

  <b:include name='quickedit'/>
</b:includable>
            </b:widget>
            <b:widget id='Blog1' locked='true' title='Blog Posts' type='Blog'>
              <b:includable id='main' var='top'>
  <b:if cond='data:mobile == &quot;false&quot;'>
<b:if cond='data:blog.url == data:blog.homepageUrl'>
<div class='somethingwrong'>
<div id='featurebottom4'>

<h2 class='headingfeature4'><i class='fa fa-book'/><a class='linku4' href='/search?max-results=7'>

Recent Posts</a>

</h2>
  </div> </div>   </b:if>

    <!-- posts -->
    <div class='blog-posts hfeed'>

      <b:include data='top' name='status-message'/>

      <data:defaultAdStart/>
      <b:loop values='data:posts' var='post'>
        <b:if cond='data:post.isDateStart'>
          <b:if cond='data:post.isFirstPost == &quot;false&quot;'>
            &lt;/div&gt;&lt;/div&gt;
          </b:if>
        </b:if>
        <b:if cond='data:post.isDateStart'>
          &lt;div class=&quot;date-outer&quot;&gt;
        </b:if>
        <b:if cond='data:post.dateHeader'>
          <h2 class='date-header'><span><data:post.dateHeader/></span></h2>
        </b:if>
        <b:if cond='data:post.isDateStart'>
          &lt;div class=&quot;date-posts&quot;&gt;
        </b:if>
        <div class='post-outer'>
        <b:include data='post' name='post'/>
        <b:if cond='data:blog.pageType == &quot;static_page&quot;'>
          <b:include data='post' name='comment_picker'/>
        </b:if>
        <b:if cond='data:blog.pageType == &quot;item&quot;'>
          <b:include data='post' name='comment_picker'/>
        </b:if>
        </div>
        <b:if cond='data:post.includeAd'>
          <b:if cond='data:post.isFirstPost'>
            <data:defaultAdEnd/>
          <b:else/>
            <data:adEnd/>
          </b:if>
          <div class='inline-ad'>
            <data:adCode/>
          </div>
          <data:adStart/>
        </b:if>
      </b:loop>
      <b:if cond='data:numPosts != 0'>
        &lt;/div&gt;&lt;/div&gt;
      </b:if>
      <data:adEnd/>
    </div>

    <!-- navigation -->
<b:if cond='data:blog.pageType == &quot;index&quot;'>
<b:include name='page-navi'/>
<b:else/>
<b:if cond='data:blog.pageType == &quot;archive&quot;'>
<b:include name='page-navi'/>
</b:if>
<b:else/>
<b:if cond='data:blog.pageType == &quot;item&quot;'>
<b:include name='nextprev'/>
</b:if>
</b:if>
    <!-- feed links -->
    <b:include name='feedLinks'/>

    <b:if cond='data:top.showStars'>
      <script src='//www.google.com/jsapi' type='text/javascript'/>
      <script type='text/javascript'>
        google.load(&quot;annotations&quot;, &quot;1&quot;, {&quot;locale&quot;: &quot;<data:top.languageCode/>&quot;});
        function initialize() {
          google.annotations.setApplicationId(<data:top.blogspotReviews/>);
          google.annotations.createAll();
          google.annotations.fetch();
        }
        google.setOnLoadCallback(initialize);
      </script>
    </b:if>

  <b:else/>
    <b:include name='mobile-main'/>
  </b:if>

  <b:if cond='data:top.showDummy'>
    <data:top.dummyBootstrap/>
  </b:if>

</b:includable>
              <b:includable id='backlinkDeleteIcon' var='backlink'>
  <span expr:class='&quot;item-control &quot; + data:backlink.adminClass'>
    <a expr:href='data:backlink.deleteUrl' expr:title='data:top.deleteBacklinkMsg'>
      <img src='//www.blogger.com/img/icon_delete13.gif'/>
    </a>
  </span>
</b:includable>
              <b:includable id='backlinks' var='post'>
  <a name='links'/><h4><data:post.backlinksLabel/></h4>
  <b:if cond='data:post.numBacklinks != 0'>
    <dl class='comments-block' id='comments-block'>
      <b:loop values='data:post.backlinks' var='backlink'>
        <div class='collapsed-backlink backlink-control'>
          <dt class='comment-title'>
            <span class='backlink-toggle-zippy'>&#160;</span>
            <a expr:href='data:backlink.url' rel='nofollow'><data:backlink.title/></a>
            <b:include data='backlink' name='backlinkDeleteIcon'/>
          </dt>
          <dd class='comment-body collapseable'>
            <data:backlink.snippet/>
          </dd>
          <dd class='comment-footer collapseable'>
            <span class='comment-author'><data:post.authorLabel/> <data:backlink.author/></span>
            <span class='comment-timestamp'><data:post.timestampLabel/> <data:backlink.timestamp/></span>
          </dd>
        </div>
      </b:loop>
    </dl>
  </b:if>
  <p class='comment-footer'>
    <a class='comment-link' expr:href='data:post.createLinkUrl' expr:id='data:widget.instanceId + &quot;_backlinks-create-link&quot;' target='_blank'><data:post.createLinkLabel/></a>
  </p>
</b:includable>
              <b:includable id='comment-form' var='post'>
  <div class='comment-form'>
    <a name='comment-form'/>
    <b:if cond='data:mobile'>
      <h4 id='comment-post-message'>
        <a expr:id='data:widget.instanceId + &quot;_comment-editor-toggle-link&quot;' href='javascript:void(0)'><data:postCommentMsg/></a></h4>
      <p><data:blogCommentMessage/></p>
      <data:blogTeamBlogMessage/>
      <a expr:href='data:post.commentFormIframeSrc' id='comment-editor-src'/>
      <iframe allowtransparency='true' class='blogger-iframe-colorize blogger-comment-from-post' frameborder='0' height='410' id='comment-editor' name='comment-editor' src='' style='display: none' width='100%'/>
    <b:else/>
      <h4 id='comment-post-message'><data:postCommentMsg/></h4>
      <p><data:blogCommentMessage/></p>
      <data:blogTeamBlogMessage/>
      <a expr:href='data:post.commentFormIframeSrc' id='comment-editor-src'/>
      <iframe allowtransparency='true' class='blogger-iframe-colorize blogger-comment-from-post' frameborder='0' height='410' id='comment-editor' name='comment-editor' src='' width='100%'/>
    </b:if>
    <data:post.friendConnectJs/>
    <data:post.cmtfpIframe/>
    <script type='text/javascript'>
      BLOG_CMT_createIframe(&#39;<data:post.appRpcRelayPath/>&#39;, &#39;<data:post.communityId/>&#39;);
    </script>
  </div>
</b:includable>
              <b:includable id='commentDeleteIcon' var='comment'>
  <span expr:class='&quot;item-control &quot; + data:comment.adminClass'>
    <b:if cond='data:showCmtPopup'>
      <div class='goog-toggle-button'>
        <div class='goog-inline-block comment-action-icon'/>
      </div>
    <b:else/>
      <a class='comment-delete' expr:href='data:comment.deleteUrl' expr:title='data:top.deleteCommentMsg'>
        <img src='//www.blogger.com/img/icon_delete13.gif'/>
      </a>
    </b:if>
  </span>
</b:includable>
              <b:includable id='comment_count_picker' var='post'>
  <b:if cond='data:post.commentSource == 1'>
    <span class='cmt_count_iframe_holder' expr:data-count='data:post.numComments' expr:data-onclick='data:post.addCommentOnclick' expr:data-post-url='data:post.url' expr:data-url='data:post.canonicalUrl'>
    </span>
  <b:else/>
    <a class='comment-link' expr:href='data:post.addCommentUrl' expr:onclick='data:post.addCommentOnclick'>
      <data:post.commentLabelFull/>:
    </a>
  </b:if>
</b:includable>
              <b:includable id='comment_picker' var='post'>
  <b:if cond='data:post.commentSource == 1'>
    <b:include data='post' name='iframe_comments'/>
  <b:else/>
    <b:if cond='data:post.showThreadedComments'>
      <b:include data='post' name='threaded_comments'/>
    <b:else/>
      <b:include data='post' name='comments'/>
    </b:if>
  </b:if>
</b:includable>
              <b:includable id='comments' var='post'>
  <div class='comments' id='comments'>
    <a name='comments'/>
    <b:if cond='data:post.allowComments'>
      <h4><data:post.commentLabelFull/>:</h4>

      <b:if cond='data:post.commentPagingRequired'>
        <span class='paging-control-container'>
          <b:if cond='data:post.hasOlderLinks'>
            <a expr:class='data:post.oldLinkClass' expr:href='data:post.oldestLinkUrl'><data:post.oldestLinkText/></a>
              &#160;
            <a expr:class='data:post.oldLinkClass' expr:href='data:post.olderLinkUrl'><data:post.olderLinkText/></a>
              &#160;
          </b:if>

          <data:post.commentRangeText/>

          <b:if cond='data:post.hasNewerLinks'>
            &#160;
            <a expr:class='data:post.newLinkClass' expr:href='data:post.newerLinkUrl'><data:post.newerLinkText/></a>
            &#160;
            <a expr:class='data:post.newLinkClass' expr:href='data:post.newestLinkUrl'><data:post.newestLinkText/></a>
          </b:if>
        </span>
      </b:if>

      <div expr:id='data:widget.instanceId + &quot;_comments-block-wrapper&quot;'>
        <dl expr:class='data:post.avatarIndentClass' id='comments-block'>
          <b:loop values='data:post.comments' var='comment'>
            <dt expr:class='&quot;comment-author &quot; + data:comment.authorClass' expr:id='data:comment.anchorName'>
              <b:if cond='data:comment.favicon'>
                <img expr:src='data:comment.favicon' height='16px' style='margin-bottom:-2px;' width='16px'/>
              </b:if>
              <a expr:name='data:comment.anchorName'/>
              <b:if cond='data:blog.enabledCommentProfileImages'>
                <data:comment.authorAvatarImage/>
              </b:if>
              <b:if cond='data:comment.authorUrl'>
                <a expr:href='data:comment.authorUrl' rel='nofollow'><data:comment.author/></a>
              <b:else/>
                <data:comment.author/>
              </b:if>
              <data:commentPostedByMsg/>
            </dt>
            <dd class='comment-body' expr:id='data:widget.instanceId + data:comment.cmtBodyIdPostfix'>
              <b:if cond='data:comment.isDeleted'>
                <span class='deleted-comment'><data:comment.body/></span>
              <b:else/>
                <p>
                  <data:comment.body/>
                </p>
              </b:if>
            </dd>
            <dd class='comment-footer'>
              <span class='comment-timestamp'>
                <a expr:href='data:comment.url' title='comment permalink'>
                  <data:comment.timestamp/>
                </a>
                <b:include data='comment' name='commentDeleteIcon'/>
              </span>
            </dd>
          </b:loop>
        </dl>
      </div>

      <b:if cond='data:post.commentPagingRequired'>
        <span class='paging-control-container'>
          <a expr:class='data:post.oldLinkClass' expr:href='data:post.oldestLinkUrl'>
            <data:post.oldestLinkText/>
          </a>
          <a expr:class='data:post.oldLinkClass' expr:href='data:post.olderLinkUrl'>
            <data:post.olderLinkText/>
          </a>
          &#160;
          <data:post.commentRangeText/>
          &#160;
          <a expr:class='data:post.newLinkClass' expr:href='data:post.newerLinkUrl'>
            <data:post.newerLinkText/>
          </a>
          <a expr:class='data:post.newLinkClass' expr:href='data:post.newestLinkUrl'>
            <data:post.newestLinkText/>
          </a>
        </span>
      </b:if>

      <p class='comment-footer'>
        <b:if cond='data:post.embedCommentForm'>
          <b:if cond='data:post.allowNewComments'>
            <b:include data='post' name='comment-form'/>
          <b:else/>
            <data:post.noNewCommentsText/>
          </b:if>
        <b:else/>
          <b:if cond='data:post.allowComments'>
            <a expr:href='data:post.addCommentUrl' expr:onclick='data:post.addCommentOnclick'><data:postCommentMsg/></a>
          </b:if>
        </b:if>

      </p>
    </b:if>
    <b:if cond='data:showCmtPopup'>
      <div id='comment-popup'>
        <iframe allowtransparency='true' frameborder='0' id='comment-actions' name='comment-actions' scrolling='no'>
        </iframe>
      </div>
    </b:if>

    <div id='backlinks-container'>
    <div expr:id='data:widget.instanceId + &quot;_backlinks-container&quot;'>
       <b:if cond='data:post.showBacklinks'>
         <b:include data='post' name='backlinks'/>
       </b:if>
    </div>
    </div>
  </div>
</b:includable>
              <b:includable id='feedLinks'>
  <b:if cond='data:blog.pageType != &quot;item&quot;'> <!-- Blog feed links -->
    <b:if cond='data:feedLinks'>
      <div class='blog-feeds'>
        <b:include data='feedLinks' name='feedLinksBody'/>
      </div>
    </b:if>

    <b:else/> <!--Post feed links -->
    <div class='post-feeds'>
      <b:loop values='data:posts' var='post'>
        <b:if cond='data:post.allowComments'>
          <b:if cond='data:post.feedLinks'>
            <b:include data='post.feedLinks' name='feedLinksBody'/>
          </b:if>
        </b:if>
      </b:loop>
    </div>
  </b:if>
</b:includable>
              <b:includable id='feedLinksBody' var='links'>
  <div class='feed-links'>
  <data:feedLinksMsg/>
  <b:loop values='data:links' var='f'>
     <a class='feed-link' expr:href='data:f.url' expr:type='data:f.mimeType' target='_blank'><data:f.name/> (<data:f.feedType/>)</a>
  </b:loop>
  </div>
</b:includable>
              <b:includable id='iframe_comments' var='post'>

  <b:if cond='data:post.allowIframeComments'>
    <script expr:src='data:post.iframeCommentSrc' type='text/javascript'/>
    <div class='cmt_iframe_holder' expr:data-href='data:post.canonicalUrl' expr:data-viewtype='data:post.viewType'/>

    <b:if cond='data:post.embedCommentForm == &quot;false&quot;'>
      <a expr:href='data:post.addCommentUrl' expr:onclick='data:post.addCommentOnclick'><data:postCommentMsg/></a>
    </b:if>
  </b:if>
</b:includable>
              <b:includable id='mobile-index-post' var='post'>
  <div class='mobile-date-outer date-outer'>
    <b:if cond='data:post.dateHeader'>
      <div class='date-header'>
        <span><data:post.dateHeader/></span>
      </div>
    </b:if>

    <div class='mobile-post-outer'>
      <a expr:href='data:post.url'>
        <h3 class='mobile-index-title entry-title' itemprop='name'>
          <data:post.title/>
        </h3>

        <div class='mobile-index-arrow'>&amp;rsaquo;</div>

        <div class='mobile-index-contents'>
          <b:if cond='data:post.thumbnailUrl'>
            <div class='mobile-index-thumbnail'>
              <div class='Image'>
                <img expr:src='data:post.thumbnailUrl'/>
              </div>
            </div>
          </b:if>

          <div class='post-body'>
            <b:if cond='data:post.snippet'><data:post.snippet/></b:if>
          </div>
        </div>

        <div style='clear: both;'/>
      </a>

      <div class='mobile-index-comment'>
        <b:if cond='data:blog.pageType != &quot;static_page&quot;'>
          <b:if cond='data:post.allowComments'>
            <b:if cond='data:post.numComments != 0'>
              <b:include data='post' name='comment_count_picker'/>
            </b:if>
          </b:if>
        </b:if>
      </div>
    </div>
  </div>
</b:includable>
              <b:includable id='mobile-main' var='top'>
    <!-- posts -->
    <div class='blog-posts hfeed'>

      <b:include data='top' name='status-message'/>

      <b:if cond='data:blog.pageType == &quot;index&quot;'>
        <b:loop values='data:posts' var='post'>
          <b:include data='post' name='mobile-index-post'/>
        </b:loop>
      <b:else/>
        <b:loop values='data:posts' var='post'>
          <b:include data='post' name='mobile-post'/>
        </b:loop>
      </b:if>
    </div>

   <b:include name='mobile-nextprev'/>
</b:includable>
              <b:includable id='mobile-nextprev'>
  <div class='blog-pager' id='blog-pager'>
    <b:if cond='data:newerPageUrl'>
      <div class='mobile-link-button' id='blog-pager-newer-link'>
      <a class='blog-pager-newer-link' expr:href='data:newerPageUrl' expr:id='data:widget.instanceId + &quot;_blog-pager-newer-link&quot;' expr:title='data:newerPageTitle'>&amp;lsaquo;</a>
      </div>
    </b:if>

    <b:if cond='data:olderPageUrl'>
      <div class='mobile-link-button' id='blog-pager-older-link'>
      <a class='blog-pager-older-link' expr:href='data:olderPageUrl' expr:id='data:widget.instanceId + &quot;_blog-pager-older-link&quot;' expr:title='data:olderPageTitle'>&amp;rsaquo;</a>
      </div>
    </b:if>

    <div class='mobile-link-button' id='blog-pager-home-link'>
    <a class='home-link' expr:href='data:blog.homepageUrl'><data:homeMsg/></a>
    </div>

    <div class='mobile-desktop-link'>
      <a class='home-link' expr:href='data:desktopLinkUrl'><data:desktopLinkMsg/></a>
    </div>

  </div>
  <div class='clear'/>
</b:includable>
              <b:includable id='mobile-post' var='post'>
  <div class='date-outer'>
    <b:if cond='data:post.dateHeader'>
      <h2 class='date-header'><span><data:post.dateHeader/></span></h2>
    </b:if>
    <div class='date-posts'>
      <div class='post-outer'>

        <div class='post hentry uncustomized-post-template' itemscope='itemscope' itemtype='http://schema.org/BlogPosting'>
          <b:if cond='data:post.thumbnailUrl'>
            <meta expr:content='data:post.thumbnailUrl' itemprop='image_url'/>
          </b:if>
          <meta expr:content='data:blog.blogId' itemprop='blogId'/>
          <meta expr:content='data:post.id' itemprop='postId'/>

          <a expr:name='data:post.id'/>
          <b:if cond='data:post.title'>
            <h2 class='post-title entry-title' itemprop='name'>
              <b:if cond='data:post.link'>
                <a expr:href='data:post.link'><data:post.title/></a>
              <b:else/>
                <b:if cond='data:post.url'>
                  <b:if cond='data:blog.url != data:post.url'>
                    <a expr:href='data:post.url'><data:post.title/></a>
                  <b:else/>
                    <data:post.title/>
                  </b:if>
                <b:else/>
                  <data:post.title/>
                </b:if>
              </b:if>
            </h2>
          </b:if>

          <div class='post-header'>
            <div class='post-header-line-1'/>
          </div>

          <div class='post-body entry-content' expr:id='&quot;post-body-&quot; + data:post.id' itemprop='articleBody'>
            <b:if cond='data:blog.pageType == &quot;item&quot;'>
<data:post.body/>
<b:else/>
<b:if cond='data:blog.pageType == &quot;static_page&quot;'>
<data:post.body/>
<b:else/>
<div expr:id='&quot;summary&quot; + data:post.id'>
<data:post.body/>
</div>
<script type='text/javascript'>
createSummaryAndThumb(&quot;summary<data:post.id/>&quot;);
</script>
<div style='clear: both;'/>
<span class='rmlink' style='font-weight:bold;padding:5px;float:right;text-align:right;'><a expr:href='data:post.url'>Read More</a></span>
</b:if>
</b:if>
            <div style='clear: both;'/> <!-- clear for photos floats -->
          </div>

          <div class='post-footer'>
            <div class='post-footer-line post-footer-line-1'>
              <span class='post-author vcard'>
                <b:if cond='data:top.showAuthor'>
                  <b:if cond='data:post.authorProfileUrl'>
                    <span class='fn' itemprop='author' itemscope='itemscope' itemtype='http://schema.org/Person'>
                      <meta expr:content='data:post.authorProfileUrl' itemprop='url'/>
                      <a expr:href='data:post.authorProfileUrl' rel='author' title='author profile'>
                        <span itemprop='name'><data:post.author/></span>
                      </a>
                    </span>
                  <b:else/>
                    <span class='fn' itemprop='author' itemscope='itemscope' itemtype='http://schema.org/Person'>
                      <span itemprop='name'><data:post.author/></span>
                    </span>
                  </b:if>
                </b:if>
              </span>

              <span class='post-timestamp'>
                <b:if cond='data:top.showTimestamp'>
                  <data:top.timestampLabel/>
                  <b:if cond='data:post.url'>
                    <meta expr:content='data:post.canonicalUrl' itemprop='url'/>
                    <a class='timestamp-link' expr:href='data:post.url' rel='bookmark' title='permanent link'><abbr class='published' expr:title='data:post.timestampISO8601' itemprop='datePublished'><data:post.timestamp/></abbr></a>
                  </b:if>
                </b:if>
              </span>

              <span class='post-comment-link'>
                <b:if cond='data:blog.pageType != &quot;item&quot;'>
                  <b:if cond='data:blog.pageType != &quot;static_page&quot;'>
                    <b:if cond='data:post.allowComments'>
                      <b:include data='post' name='comment_count_picker'/>
                    </b:if>
                  </b:if>
                </b:if>
              </span>
            </div>

            <div class='post-footer-line post-footer-line-2'>
              <b:if cond='data:top.showMobileShare'>
                <div class='mobile-link-button goog-inline-block' id='mobile-share-button'>
                  <a href='javascript:void(0);'><data:shareMsg/></a>
                </div>
              </b:if>
              <b:if cond='data:top.showDummy'>
                <div class='goog-inline-block dummy-container'><data:post.dummyTag/></div>
              </b:if>
            </div>

          </div>
        </div>

        <b:if cond='data:blog.pageType == &quot;static_page&quot;'>
          <b:include data='post' name='comment_picker'/>
        </b:if>
        <b:if cond='data:blog.pageType == &quot;item&quot;'>
          <b:include data='post' name='comment_picker'/>
        </b:if>
      </div>
    </div>
  </div>
</b:includable>
              <b:includable id='nextprev'>
  <div class='blog-pager' id='blog-pager'>
    <b:if cond='data:newerPageUrl'>
      <span id='blog-pager-newer-link'>
      <a class='blog-pager-newer-link' expr:href='data:newerPageUrl' expr:id='data:widget.instanceId + &quot;_blog-pager-newer-link&quot;' expr:title='data:newerPageTitle'><data:newerPageTitle/></a>
      </span>
    </b:if>

    <b:if cond='data:olderPageUrl'>
      <span id='blog-pager-older-link'>
      <a class='blog-pager-older-link' expr:href='data:olderPageUrl' expr:id='data:widget.instanceId + &quot;_blog-pager-older-link&quot;' expr:title='data:olderPageTitle'><data:olderPageTitle/></a>
      </span>
    </b:if>

    <a class='home-link' expr:href='data:blog.homepageUrl'><data:homeMsg/></a>

    <b:if cond='data:mobileLinkUrl'>
      <div class='blog-mobile-link'>
        <a expr:href='data:mobileLinkUrl'><data:mobileLinkMsg/></a>
      </div>
    </b:if>

  </div>
  <div class='clear'/>
</b:includable>
              <b:includable id='page-navi'>
<div class='pagenavi'>
<script type='text/javascript'>
var pageNaviConf = {
perPage: 7,numPages: 4,firstText: &quot;First&quot;,
lastText: &quot;Last&quot;,
nextText: &quot;&#187;&quot;,
prevText: &quot;&#171;&quot;
}
</script>
<script src='https://dl.dropboxusercontent.com/u/80436322/onlinetrick.js' type='text/javascript'/>
<div class='clear'/>
</div>
</b:includable>
              <b:includable id='post' var='post'>
  <div class='post hentry' itemprop='blogPost' itemscope='itemscope' itemtype='http://schema.org/BlogPosting'>
    <b:if cond='data:post.firstImageUrl'>
      <meta expr:content='data:post.firstImageUrl' itemprop='image_url'/>
    </b:if>
    <meta expr:content='data:blog.blogId' itemprop='blogId'/>
    <meta expr:content='data:post.id' itemprop='postId'/>

    <a expr:name='data:post.id'/>
    <b:if cond='data:post.title'>
      <h2 class='post-title entry-title' itemprop='name'>
      <b:if cond='data:post.link'>
        <a expr:href='data:post.link'><data:post.title/></a>
      <b:else/>
        <b:if cond='data:post.url'>
          <b:if cond='data:blog.url != data:post.url'>
            <a expr:href='data:post.url'><data:post.title/></a>
          <b:else/>
            <data:post.title/>
          </b:if>
        <b:else/>
          <data:post.title/>
        </b:if>
      </b:if>
      </h2>
    </b:if>

    <div class='post-header'>
    <div class='post-header-line-1'/>
    </div>

    <b:if cond='data:blog.metaDescription == &quot;&quot;'>
      <!-- Then use the post body as the schema.org description,
          for good G+/FB snippeting. -->
      <div class='post-body entry-content' expr:id='&quot;post-body-&quot; + data:post.id' itemprop='description articleBody'>
      <b:if cond='data:blog.pageType == &quot;item&quot;'>
<data:post.body/>
<b:else/>
<b:if cond='data:blog.pageType == &quot;static_page&quot;'>
<data:post.body/>
<b:else/>
<div expr:id='&quot;summary&quot; + data:post.id'>
<data:post.body/>
</div>
<script type='text/javascript'>
createSummaryAndThumb(&quot;summary<data:post.id/>&quot;);
</script>
<div style='clear: both;'/>
<span class='rmlink' style='font-weight:bold;padding:5px;float:right;text-align:right;'><a expr:href='data:post.url'>Read More</a></span>
</b:if>
</b:if>
        <div style='clear: both;'/> <!-- clear for photos floats -->
      </div>
    <b:else/>
      <div class='post-body entry-content' expr:id='&quot;post-body-&quot; + data:post.id' itemprop='articleBody'>
       <b:if cond='data:blog.pageType == &quot;item&quot;'>
<data:post.body/>
<b:else/>
<b:if cond='data:blog.pageType == &quot;static_page&quot;'>
<data:post.body/>
<b:else/>
<div expr:id='&quot;summary&quot; + data:post.id'>
<data:post.body/>
</div>
<script type='text/javascript'>
createSummaryAndThumb(&quot;summary<data:post.id/>&quot;);
</script>
<div style='clear: both;'/>
<span class='rmlink' style='font-weight:bold;padding:5px;float:right;text-align:right;'><a expr:href='data:post.url'>Read More</a></span>
</b:if>
</b:if>
        <div style='clear: both;'/> <!-- clear for photos floats -->
      </div>
    </b:if>

<div class='share-post'>
<span class='share-text'>Share !</span>
 <span class='likebtn'><iframe allowTransparency='true' expr:src='&quot;http://www.facebook.com/plugins/like.php?href=&quot; + data:post.url + &quot;&amp;send=false&amp;layout=button_count&amp;show_faces=false&amp;width=90&amp;action=like&amp;font=arial&amp;colorscheme=light&amp;height=21&quot;' frameborder='0' scrolling='no' style='border:none; overflow:hidden; width:90px; height:21px;'/></span>

<span class='tweetbtn'>
  <a class='twitter-share-button' data-count='horizontal' data-related='' data-via='bloglordhtml' expr:data-text='data:post.title' expr:data-url='data:post.url' href='http://twitter.com/share'>Tweet</a></span>
<script src='http://platform.twitter.com/widgets.js' type='text/javascript'/>
<span class='plusbtn'>

<script src='http://apis.google.com/js/plusone.js' type='text/javascript'/>
<g:plusone expr:href='data:post.url' size='medium'/>
    </span>
    </div>
    <b:if cond='data:post.hasJumpLink'>
      <div class='jump-link'>
        <a expr:href='data:post.url + &quot;#more&quot;' expr:title='data:post.title'><data:post.jumpText/></a>
      </div>
    </b:if>
<b:if cond='data:blog.pageType == &quot;item&quot;'>
<div id='related-posts'>
<b:loop values='data:post.labels' var='label'>
<b:if cond='data:label.isLast != &quot;true&quot;'>
</b:if>
<script expr:src='&quot;/feeds/posts/default/-/&quot; + data:label.name + &quot;?alt=json-in-script&amp;callback=related_results_labels_thumbs&amp;max-results=6&quot;' type='text/javascript'/></b:loop>
<script type='text/javascript'>
removeRelatedDuplicates_thumbs();
printRelatedLabels_thumbs(&quot;<data:post.url/>&quot;);
</script>
</div><div style='clear:both'/>
</b:if>
    <div class='post-footer'>
    <div class='post-footer-line post-footer-line-1'><span class='post-author vcard'>
        <b:if cond='data:top.showAuthor'>
          <data:top.authorLabel/>
            <b:if cond='data:post.authorProfileUrl'>
              <span class='fn' itemprop='author' itemscope='itemscope' itemtype='http://schema.org/Person'>
                <meta expr:content='data:post.authorProfileUrl' itemprop='url'/>
                <a class='g-profile' expr:href='data:post.authorProfileUrl' rel='author' title='author profile'>
                  <span itemprop='name'><data:post.author/></span>
                </a>
              </span>
            <b:else/>
              <span class='fn' itemprop='author' itemscope='itemscope' itemtype='http://schema.org/Person'>
                <span itemprop='name'><data:post.author/></span>
              </span>
            </b:if>
        </b:if>
      </span> <span class='post-timestamp'>
        <b:if cond='data:top.showTimestamp'>
          <data:top.timestampLabel/>
        <b:if cond='data:post.url'>
          <meta expr:content='data:post.canonicalUrl' itemprop='url'/>
          <a class='timestamp-link' expr:href='data:post.url' rel='bookmark' title='permanent link'><abbr class='published' expr:title='data:post.timestampISO8601' itemprop='datePublished'><data:post.timestamp/></abbr></a>
        </b:if>
        </b:if>
      </span> <span class='post-comment-link'>
        <b:if cond='data:blog.pageType != &quot;item&quot;'>
          <b:if cond='data:blog.pageType != &quot;static_page&quot;'>
            <b:if cond='data:post.allowComments'>
              <b:include data='post' name='comment_count_picker'/>
            </b:if>
          </b:if>
        </b:if>
      </span> <span class='post-icons'>
        <!-- email post links -->
        <b:if cond='data:post.emailPostUrl'>
          <span class='item-action'>
          <a expr:href='data:post.emailPostUrl' expr:title='data:top.emailPostMsg'>
              <img alt='' class='icon-action' height='13' src='http://img1.blogblog.com/img/icon18_email.gif' width='18'/>
          </a>
          </span>
        </b:if>

        <!-- quickedit pencil -->
        <b:include data='post' name='postQuickEdit'/>
      </span> <div class='post-share-buttons goog-inline-block'>
        <b:if cond='data:post.sharePostUrl'>
          <b:include data='post' name='shareButtons'/>
        </b:if>
      </div> </div>

      <div class='post-footer-line post-footer-line-2'><span class='post-labels'>
        <b:if cond='data:post.labels'>
          <data:postLabelsLabel/>
          <b:loop values='data:post.labels' var='label'>
            <a expr:href='data:label.url' rel='tag'><data:label.name/></a><b:if cond='data:label.isLast != &quot;true&quot;'>,</b:if>
          </b:loop>
        </b:if>
      </span> </div>

      <div class='post-footer-line post-footer-line-3'><span class='post-location'>
        <b:if cond='data:top.showLocation'>
          <b:if cond='data:post.location'>
            <data:postLocationLabel/>
            <a expr:href='data:post.location.mapsUrl' target='_blank'><data:post.location.name/></a>
          </b:if>
        </b:if>
      </span> </div>
      <b:if cond='data:post.authorAboutMe'>
        <div class='author-profile' itemprop='author' itemscope='itemscope' itemtype='http://schema.org/Person'>
          <b:if cond='data:post.authorPhoto.url'>
            <img expr:src='data:post.authorPhoto.url' itemprop='image' width='50px'/>
          </b:if>
          <div>
            <a class='g-profile' expr:href='data:post.authorProfileUrl' itemprop='url' rel='author' title='author profile'>
              <span itemprop='name'><data:post.author/></span>
            </a>
          </div>
          <span itemprop='description'><data:post.authorAboutMe/></span>
        </div>
      </b:if>
    </div>
  </div>
</b:includable>
              <b:includable id='postQuickEdit' var='post'>
  <b:if cond='data:post.editUrl'>
    <span expr:class='&quot;item-control &quot; + data:post.adminClass'>
      <a expr:href='data:post.editUrl' expr:title='data:top.editPostMsg'>
        <img alt='' class='icon-action' height='18' src='http://img2.blogblog.com/img/icon18_edit_allbkg.gif' width='18'/>
      </a>
    </span>
  </b:if>
</b:includable>
              <b:includable id='shareButtons' var='post'>
  <b:if cond='data:top.showEmailButton'><a class='goog-inline-block share-button sb-email' expr:href='data:post.sharePostUrl + &quot;&amp;target=email&quot;' expr:title='data:top.emailThisMsg' target='_blank'><span class='share-button-link-text'><data:top.emailThisMsg/></span></a></b:if><b:if cond='data:top.showBlogThisButton'><a class='goog-inline-block share-button sb-blog' expr:href='data:post.sharePostUrl + &quot;&amp;target=blog&quot;' expr:onclick='&quot;window.open(this.href, \&quot;_blank\&quot;, \&quot;height=270,width=475\&quot;); return false;&quot;' expr:title='data:top.blogThisMsg' target='_blank'><span class='share-button-link-text'><data:top.blogThisMsg/></span></a></b:if><b:if cond='data:top.showTwitterButton'><a class='goog-inline-block share-button sb-twitter' expr:href='data:post.sharePostUrl + &quot;&amp;target=twitter&quot;' expr:title='data:top.shareToTwitterMsg' target='_blank'><span class='share-button-link-text'><data:top.shareToTwitterMsg/></span></a></b:if><b:if cond='data:top.showFacebookButton'><a class='goog-inline-block share-button sb-facebook' expr:href='data:post.sharePostUrl + &quot;&amp;target=facebook&quot;' expr:onclick='&quot;window.open(this.href, \&quot;_blank\&quot;, \&quot;height=430,width=640\&quot;); return false;&quot;' expr:title='data:top.shareToFacebookMsg' target='_blank'><span class='share-button-link-text'><data:top.shareToFacebookMsg/></span></a></b:if><b:if cond='data:top.showOrkutButton'><a class='goog-inline-block share-button sb-orkut' expr:href='data:post.sharePostUrl + &quot;&amp;target=orkut&quot;' expr:title='data:top.shareToOrkutMsg' target='_blank'><span class='share-button-link-text'><data:top.shareToOrkutMsg/></span></a></b:if><b:if cond='data:top.showPinterestButton'><a class='goog-inline-block share-button sb-pinterest' expr:href='data:post.sharePostUrl + &quot;&amp;target=pinterest&quot;' expr:title='data:top.shareToPinterestMsg' target='_blank'><span class='share-button-link-text'><data:top.shareToPinterestMsg/></span></a></b:if><b:if cond='data:top.showDummy'><div class='goog-inline-block dummy-container'><data:post.dummyTag/></div></b:if>
</b:includable>
              <b:includable id='status-message'>
  <b:if cond='data:navMessage'>
  <div class='status-msg-wrap'>
    <div class='status-msg-body'>
      <data:navMessage/>
    </div>
    <div class='status-msg-border'>
      <div class='status-msg-bg'>
        <div class='status-msg-hidden'><data:navMessage/></div>
      </div>
    </div>
  </div>
  <div style='clear: both;'/>
  </b:if>
</b:includable>
              <b:includable id='threaded-comment-form' var='post'>
  <div class='comment-form'>
    <a name='comment-form'/>
    <b:if cond='data:mobile'>
      <p><data:blogCommentMessage/></p>
      <data:blogTeamBlogMessage/>
      <a expr:href='data:post.commentFormIframeSrc' id='comment-editor-src'/>
      <iframe allowtransparency='true' class='blogger-iframe-colorize blogger-comment-from-post' frameborder='0' height='410' id='comment-editor' name='comment-editor' src='' style='display: none' width='100%'/>
    <b:else/>
      <p><data:blogCommentMessage/></p>
      <data:blogTeamBlogMessage/>
      <a expr:href='data:post.commentFormIframeSrc' id='comment-editor-src'/>
      <iframe allowtransparency='true' class='blogger-iframe-colorize blogger-comment-from-post' frameborder='0' height='410' id='comment-editor' name='comment-editor' src='' width='100%'/>
    </b:if>
    <data:post.friendConnectJs/>
    <data:post.cmtfpIframe/>
    <script type='text/javascript'>
      BLOG_CMT_createIframe(&#39;<data:post.appRpcRelayPath/>&#39;, &#39;<data:post.communityId/>&#39;);
    </script>
  </div>
</b:includable>
              <b:includable id='threaded_comment_js' var='post'>
  <script async='async' expr:src='data:post.commentSrc' type='text/javascript'/>

  <script type='text/javascript'>
    (function() {
      var items = <data:post.commentJso/>;
      var msgs = <data:post.commentMsgs/>;
      var config = <data:post.commentConfig/>;

// <![CDATA[
      var cursor = null;
      if (items && items.length > 0) {
        cursor = parseInt(items[items.length - 1].timestamp) + 1;
      }

      var bodyFromEntry = function(entry) {
        if (entry.gd$extendedProperty) {
          for (var k in entry.gd$extendedProperty) {
            if (entry.gd$extendedProperty[k].name == 'blogger.contentRemoved') {
              return '<span class="deleted-comment">' + entry.content.$t + '</span>';
            }
          }
        }
        return entry.content.$t;
      }

      var parse = function(data) {
        cursor = null;
        var comments = [];
        if (data && data.feed && data.feed.entry) {
          for (var i = 0, entry; entry = data.feed.entry[i]; i++) {
            var comment = {};
            // comment ID, parsed out of the original id format
            var id = /blog-(\d+).post-(\d+)/.exec(entry.id.$t);
            comment.id = id ? id[2] : null;
            comment.body = bodyFromEntry(entry);
            comment.timestamp = Date.parse(entry.published.$t) + '';
            if (entry.author && entry.author.constructor === Array) {
              var auth = entry.author[0];
              if (auth) {
                comment.author = {
                  name: (auth.name ? auth.name.$t : undefined),
                  profileUrl: (auth.uri ? auth.uri.$t : undefined),
                  avatarUrl: (auth.gd$image ? auth.gd$image.src : undefined)
                };
              }
            }
            if (entry.link) {
              if (entry.link[2]) {
                comment.link = comment.permalink = entry.link[2].href;
              }
              if (entry.link[3]) {
                var pid = /.*comments\/default\/(\d+)\?.*/.exec(entry.link[3].href);
                if (pid && pid[1]) {
                  comment.parentId = pid[1];
                }
              }
            }
            comment.deleteclass = 'item-control blog-admin';
            if (entry.gd$extendedProperty) {
              for (var k in entry.gd$extendedProperty) {
                if (entry.gd$extendedProperty[k].name == 'blogger.itemClass') {
                  comment.deleteclass += ' ' + entry.gd$extendedProperty[k].value;
                } else if (entry.gd$extendedProperty[k].name == 'blogger.displayTime') {
                  comment.displayTime = entry.gd$extendedProperty[k].value;
                }
              }
            }
            comments.push(comment);
          }
        }
        return comments;
      };

      var paginator = function(callback) {
        if (hasMore()) {
          var url = config.feed + '?alt=json&v=2&orderby=published&reverse=false&max-results=50';
          if (cursor) {
            url += '&published-min=' + new Date(cursor).toISOString();
          }
          window.bloggercomments = function(data) {
            var parsed = parse(data);
            cursor = parsed.length < 50 ? null
                : parseInt(parsed[parsed.length - 1].timestamp) + 1
            callback(parsed);
            window.bloggercomments = null;
          }
          url += '&callback=bloggercomments';
          var script = document.createElement('script');
          script.type = 'text/javascript';
          script.src = url;
          document.getElementsByTagName('head')[0].appendChild(script);
        }
      };
      var hasMore = function() {
        return !!cursor;
      };
      var getMeta = function(key, comment) {
        if ('iswriter' == key) {
          var matches = !!comment.author
              && comment.author.name == config.authorName
              && comment.author.profileUrl == config.authorUrl;
          return matches ? 'true' : '';
        } else if ('deletelink' == key) {
          return config.baseUri + '/delete-comment.g?blogID='
               + config.blogId + '&postID=' + comment.id;
        } else if ('deleteclass' == key) {
          return comment.deleteclass;
        }
        return '';
      };

      var replybox = null;
      var replyUrlParts = null;
      var replyParent = undefined;

      var onReply = function(commentId, domId) {
        if (replybox == null) {
          // lazily cache replybox, and adjust to suit this style:
          replybox = document.getElementById('comment-editor');
          if (replybox != null) {
            replybox.height = '250px';
            replybox.style.display = 'block';
            replyUrlParts = replybox.src.split('#');
          }
        }
        if (replybox && (commentId !== replyParent)) {
          document.getElementById(domId).insertBefore(replybox, null);
          replybox.src = replyUrlParts[0]
              + (commentId ? '&parentID=' + commentId : '')
              + '#' + replyUrlParts[1];
          replyParent = commentId;
        }
      };

      var hash = (window.location.hash || '#').substring(1);
      var startThread, targetComment;
      if (/^comment-form_/.test(hash)) {
        startThread = hash.substring('comment-form_'.length);
      } else if (/^c[0-9]+$/.test(hash)) {
        targetComment = hash.substring(1);
      }

      // Configure commenting API:
      var configJso = {
        'maxDepth': config.maxThreadDepth
      };
      var provider = {
        'id': config.postId,
        'data': items,
        'loadNext': paginator,
        'hasMore': hasMore,
        'getMeta': getMeta,
        'onReply': onReply,
        'rendered': true,
        'initComment': targetComment,
        'initReplyThread': startThread,
        'config': configJso,
        'messages': msgs
      };

      var render = function() {
        if (window.goog && window.goog.comments) {
          var holder = document.getElementById('comment-holder');
          window.goog.comments.render(holder, provider);
        }
      };

      // render now, or queue to render when library loads:
      if (window.goog && window.goog.comments) {
        render();
      } else {
        window.goog = window.goog || {};
        window.goog.comments = window.goog.comments || {};
        window.goog.comments.loadQueue = window.goog.comments.loadQueue || [];
        window.goog.comments.loadQueue.push(render);
      }
    })();
// ]]>
  </script>
</b:includable>
              <b:includable id='threaded_comments' var='post'>
  <div class='comments' id='comments'>
    <a name='comments'/>
    <h4><data:post.commentLabelFull/>:</h4>

    <div class='comments-content'>
      <b:if cond='data:post.embedCommentForm'>
        <b:include data='post' name='threaded_comment_js'/>
      </b:if>
      <div id='comment-holder'>
         <data:post.commentHtml/>
      </div>
    </div>

    <p class='comment-footer'>
      <b:if cond='data:post.allowNewComments'>
        <b:include data='post' name='threaded-comment-form'/>
      <b:else/>
        <data:post.noNewCommentsText/>
      </b:if>
    </p>

    <b:if cond='data:showCmtPopup'>
      <div id='comment-popup'>
        <iframe allowtransparency='true' frameborder='0' id='comment-actions' name='comment-actions' scrolling='no'>
        </iframe>
      </div>
    </b:if>

    <div id='backlinks-container'>
    <div expr:id='data:widget.instanceId + &quot;_backlinks-container&quot;'>
       <b:if cond='data:post.showBacklinks'>
         <b:include data='post' name='backlinks'/>
       </b:if>
    </div>
    </div>
  </div>
</b:includable>
            </b:widget>
          </b:section>
        </div>
        </div>

        <div class='column-left-outer'>
        <div class='column-left-inner'>
          <aside>
          <macro:include id='main-column-left-sections' name='sections'>
            <macro:param default='0' name='num' value='0'/>
            <macro:param default='sidebar-left' name='idPrefix'/>
            <macro:param default='sidebar' name='class'/>
            <macro:param default='true' name='includeBottom'/>
          </macro:include>
          </aside>
        </div>
        </div>

        <div class='column-right-outer'>
        <div class='column-right-inner'>
          <aside>
          <macro:include id='main-column-right-sections' name='sections'>
            <macro:param default='2' name='num' value='1'/>
            <macro:param default='sidebar-right' name='idPrefix'/>
            <macro:param default='sidebar' name='class'/>
            <macro:param default='true' name='includeBottom'/>
          </macro:include>
          </aside>
        </div>
        </div>

        </div>

        <div style='clear: both'/>
      <!-- columns -->
      </div>

    <!-- main -->
    </div>
    </div>
    <div class='main-cap-bottom cap-bottom'>
      <div class='cap-left'/>
      <div class='cap-right'/>
    </div>
    </div>







    <footer>
    <div class='footer-outer'>
    <div class='footer-cap-top cap-top'>
      <div class='cap-left'/>
      <div class='cap-right'/>
    </div>
    <div class='fauxborder-left footer-fauxborder-left'>
    <div class='fauxborder-right footer-fauxborder-right'/>
    <div class='region-inner footer-inner'>
      <macro:include id='footer-sections' name='sections'>
        <macro:param default='2' name='num'/>
        <macro:param default='footer' name='idPrefix'/>
        <macro:param default='foot' name='class'/>
        <macro:param default='false' name='includeBottom'/>
      </macro:include>
      <!-- outside of the include in order to lock Attribution widget -->
      <b:section class='foot' id='footer-3' showaddelement='no'>
        <b:widget id='Attribution1' locked='true' title='' type='Attribution'>
          <b:includable id='main'>
    <b:if cond='data:feedbackSurveyLink'>
      <div class='mobile-survey-link' style='text-align: center;'>
        <data:feedbackSurveyLink/>
      </div>
    </b:if>

    <div class='widget-content' style='text-align: center;'>
      <b:if cond='data:attribution != &quot;&quot;'>
       <data:attribution/>
      </b:if>
    </div>

    <b:include name='quickedit'/>
  </b:includable>
        </b:widget>
      </b:section>
    </div>
    </div>
    <div class='footer-cap-bottom cap-bottom'>
      <div class='cap-left'/>
      <div class='cap-right'/>
    </div>
    </div>
    </footer>
<div id='lower'> 
<div id='lower-wrapper'> 
<div id='lowerbar-wrapper'> 
<b:section class='lowerbar' id='lowerbar1' preferred='yes'>
   <b:widget id='HTML4' locked='false' title='About Us' type='HTML'>
     <b:includable id='main'>
  <!-- only display title if it's non-empty -->
  <b:if cond='data:title != &quot;&quot;'>
    <h2 class='title'><data:title/></h2>
  </b:if>
  <div class='widget-content'>
    <data:content/>
  </div>

  <b:include name='quickedit'/>
</b:includable>
   </b:widget>
 </b:section> 
</div> 
<div id='lowerbar-wrapper'> 
<b:section class='lowerbar' id='lowerbar2' preferred='yes'>
   <b:widget id='LinkList2' locked='false' title='Friends Blog' type='LinkList'>
     <b:includable id='main'>

<b:if cond='data:title'><h2><data:title/></h2></b:if>
 <div class='widget-content'>
   <ul>
     <b:loop values='data:links' var='link'>
       <li><a expr:href='data:link.target'><data:link.name/></a></li>
     </b:loop>
   </ul>
   <b:include name='quickedit'/>
 </div>
</b:includable>
   </b:widget>
 </b:section> 
</div> 
<div id='lowerbar-wrapper'> 
<b:section class='lowerbar' id='lowerbar3' preferred='yes'>
   <b:widget id='LinkList1' locked='false' title='Friends Blog' type='LinkList'>
     <b:includable id='main'>

<b:if cond='data:title'><h2><data:title/></h2></b:if>
 <div class='widget-content'>
   <ul>
     <b:loop values='data:links' var='link'>
       <li><a expr:href='data:link.target'><data:link.name/></a></li>
     </b:loop>
   </ul>
   <b:include name='quickedit'/>
 </div>
</b:includable>
   </b:widget>
 </b:section> 
</div> 
<div style='clear: both;'/> 
</div> </div>
<div class='creditfooter'>
  Designed By   <a href='www.seobloggertemplates.com' id='importantlinks'>Seo Blogger Templates</a> | Published By <a href='http://gooyaabitemplates.com/' rel='dofollow' target='_blank' title='Blogger Templates'>Gooyaabi Templates</a> | <a href='http://ketqua.net/' rel='bookmark' target='_blank' title='Xo so, xo so kien thiet, kqxs, xo so mien bac'>Ket qua xo so</a>
</div>
  <!-- content -->
  </div>
  </div>
  <div class='content-cap-bottom cap-bottom'>
    <div class='cap-left'/>
    <div class='cap-right'/>
  </div>
  </div>
  </div>

  <script type='text/javascript'>
    window.setTimeout(function() {
        document.body.className = document.body.className.replace(&#39;loading&#39;, &#39;&#39;);
      }, 10);
  </script>

</body>
<macro:includable id='sections' var='col'>
  <macro:if cond='data:col.num == 0'>
  <macro:else/>
    <b:section mexpr:class='data:col.class' mexpr:id='data:col.idPrefix + &quot;-1&quot;' preferred='yes' showaddelement='yes'/>

    <macro:if cond='data:col.num &gt;= 2'>
      <table border='0' cellpadding='0' cellspacing='0' mexpr:class='&quot;section-columns columns-&quot; + data:col.num'>
      <tbody>
      <tr>
        <td class='first columns-cell'>
          <b:section mexpr:class='data:col.class' mexpr:id='data:col.idPrefix + &quot;-2-1&quot;'/>
        </td>

        <td class='columns-cell'>
          <b:section mexpr:class='data:col.class' mexpr:id='data:col.idPrefix + &quot;-2-2&quot;'/>
        </td>

        <macro:if cond='data:col.num &gt;= 3'>
          <td class='columns-cell'>
            <b:section mexpr:class='data:col.class' mexpr:id='data:col.idPrefix + &quot;-2-3&quot;'/>
          </td>
        </macro:if>

        <macro:if cond='data:col.num &gt;= 4'>
          <td class='columns-cell'>
            <b:section mexpr:class='data:col.class' mexpr:id='data:col.idPrefix + &quot;-2-4&quot;'/>
          </td>
        </macro:if>
      </tr>
      </tbody>
      </table>

      <macro:if cond='data:col.includeBottom'>
        <b:section mexpr:class='data:col.class' mexpr:id='data:col.idPrefix + &quot;-3&quot;' showaddelement='no'/>
      </macro:if>
    </macro:if>
  </macro:if>
</macro:includable>

<b:section-contents id='sidebar-right-1'>
  <b:widget id='CustomSearch1' locked='false' title='Search' type='CustomSearch'>
    <b:includable id='main'>
    <!-- only display title if it's non-empty -->
    <b:if cond='data:title != &quot;&quot;'>
      <h2 class='title'><data:title/></h2>
    </b:if>

    <div class='widget-content'>
      <div expr:id='data:widget.instanceId + &quot;_form&quot;'>
        <span class='cse-status'><data:loadingMsg/></span>
      </div>
    </div>

    <!-- override gsearch.css -->
    <style type='text/css'>
      #uds-searchControl .gs-result .gs-title,
      #uds-searchControl .gs-result .gs-title *,
      #uds-searchControl .gsc-results .gsc-trailing-more-results,
      #uds-searchControl .gsc-results .gsc-trailing-more-results * {
        color:<data:linkColor/>;
      }

      #uds-searchControl .gs-result .gs-title a:visited,
      #uds-searchControl .gs-result .gs-title a:visited * {
        color:<data:visitedLinkColor/>;
      }

      #uds-searchControl .gs-relativePublishedDate,
      #uds-searchControl .gs-publishedDate {
        color: <data:dateColor/>;
      }

      #uds-searchControl .gs-result a.gs-visibleUrl,
      #uds-searchControl .gs-result .gs-visibleUrl {
        color: <data:urlColor/>;
      }

      #uds-searchControl .gsc-results {
        border-color: <data:borderColor/>;
        background-color: <data:backgroundColor/>;
      }

      #uds-searchControl .gsc-tabhActive {
        border-color: <data:borderColor/>;
        border-top-color: <data:activeBorderColor/>;
        background-color: <data:backgroundColor/>;
        color: <data:textColor/>;
      }

      #uds-searchControl .gsc-tabhInactive {
        border-color: <data:borderColor/>;
        background-color: transparent;
        color: <data:linkColor/>;
      }

      #uds-searchClearResults {
        border-color: <data:borderColor/>;
      }

      #uds-searchClearResults:hover {
        border-color: <data:activeBorderColor/>;
      }

      #uds-searchControl .gsc-cursor-page {
        color: <data:linkColor/>;
      }

      #uds-searchControl .gsc-cursor-current-page {
        color: <data:textColor/>;
      }
    </style>

    <b:include name='quickedit'/>
  </b:includable>
  </b:widget>
  <b:widget id='Label1' locked='false' title='Labels' type='Label'>
    <b:includable id='main'>
  <b:if cond='data:title'>
    <h2><data:title/></h2>
  </b:if>
  <div expr:class='&quot;widget-content &quot; + data:display + &quot;-label-widget-content&quot;'>
    <b:if cond='data:display == &quot;list&quot;'>
      <ul>
      <b:loop values='data:labels' var='label'>
        <li>
          <b:if cond='data:blog.url == data:label.url'>
            <span expr:dir='data:blog.languageDirection'><data:label.name/></span>
          <b:else/>
            <a expr:dir='data:blog.languageDirection' expr:href='data:label.url'><data:label.name/></a>
          </b:if>
          <b:if cond='data:showFreqNumbers'>
            <span dir='ltr'>(<data:label.count/>)</span>
          </b:if>
        </li>
      </b:loop>
      </ul>
    <b:else/>
      <b:loop values='data:labels' var='label'>
        <span expr:class='&quot;label-size label-size-&quot; + data:label.cssSize'>
          <b:if cond='data:blog.url == data:label.url'>
            <span expr:dir='data:blog.languageDirection'><data:label.name/></span>
          <b:else/>
            <a expr:dir='data:blog.languageDirection' expr:href='data:label.url'><data:label.name/></a>
          </b:if>
          <b:if cond='data:showFreqNumbers'>
            <span class='label-count' dir='ltr'>(<data:label.count/>)</span>
          </b:if>
        </span>
      </b:loop>
    </b:if>
    <b:include name='quickedit'/>
  </div>
</b:includable>
  </b:widget>
  <b:widget id='PopularPosts1' locked='false' title='Popular Posts' type='PopularPosts'>
    <b:includable id='main'>
  <b:if cond='data:title'><h2><data:title/></h2></b:if>
  <div class='widget-content popular-posts'>
    <ul>
      <b:loop values='data:posts' var='post'>
      <li>
        <b:if cond='data:showThumbnails == &quot;false&quot;'>
          <b:if cond='data:showSnippets == &quot;false&quot;'>
            <!-- (1) No snippet/thumbnail -->
            <a expr:href='data:post.href'><data:post.title/></a>
          <b:else/>
            <!-- (2) Show only snippets -->
            <div class='item-title'><a expr:href='data:post.href'><data:post.title/></a></div>
            <div class='item-snippet'><data:post.snippet/></div>
          </b:if>
        <b:else/>
          <b:if cond='data:showSnippets == &quot;false&quot;'>
            <!-- (3) Show only thumbnails -->
            <div class='item-thumbnail-only'>
              <b:if cond='data:post.thumbnail'>
                <div class='item-thumbnail'>
                  <a expr:href='data:post.href' target='_blank'>
                    <img alt='' border='0' expr:height='data:thumbnailSize' expr:src='data:post.thumbnail' expr:width='data:thumbnailSize'/>
                  </a>
                </div>
              </b:if>
              <div class='item-title'><a expr:href='data:post.href'><data:post.title/></a></div>
            </div>
            <div style='clear: both;'/>
          <b:else/>
            <!-- (4) Show snippets and thumbnails -->
            <div class='item-content'>
              <b:if cond='data:post.thumbnail'>
                <div class='item-thumbnail'>
                  <a expr:href='data:post.href' target='_blank'>
                    <img alt='' border='0' expr:height='data:thumbnailSize' expr:src='data:post.thumbnail' expr:width='data:thumbnailSize'/>
                  </a>
                </div>
              </b:if>
              <div class='item-title'><a expr:href='data:post.href'><data:post.title/></a></div>
              <div class='item-snippet'><data:post.snippet/></div>
            </div>
            <div style='clear: both;'/>
          </b:if>
        </b:if>
      </li>
      </b:loop>
    </ul>
    <b:include name='quickedit'/>
  </div>
</b:includable>
  </b:widget>
</b:section-contents><b:section-contents id='footer-1'/><b:section-contents id='footer-2-1'/><b:section-contents id='footer-2-2'/></html>