<?xml version="1.0" encoding="UTF-8" ?>
<!DOCTYPE html PUBLIC "-//W3C//DTD XHTML 1.0 Strict//EN" "http://www.w3.org/TR/xhtml1/DTD/xhtml1-strict.dtd">
<html expr:dir='data:blog.languageDirection' xmlns='http://www.w3.org/1999/xhtml' xmlns:b='http://www.google.com/2005/gml/b' xmlns:data='http://www.google.com/2005/gml/data' xmlns:expr='http://www.google.com/2005/gml/expr'>
  <head>
    <b:include data='blog' name='all-head-content'/>

<b:if cond='data:blog.url == data:blog.homepageUrl'>
<meta content='DESCRIPTION HERE' name='description'/>
<meta content='KEYWORDS HERE' name='keywords'/>
</b:if>

<!-- Start www.bloggertipandtrick.net: Changing the Blogger Title Tag  -->
<b:if cond='data:blog.pageType == &quot;index&quot;'>
<title><data:blog.pageTitle/></title> 
<b:else/>
<title><data:blog.pageName/> ~ <data:blog.title/></title>
</b:if>
<!-- End www.bloggertipandtrick.net: Changing the Blogger Title Tag  -->

<link href='YOUR-FAVICON-URL' rel='shortcut icon' type='image/vnd.microsoft.icon'/>

    <b:skin><![CDATA[/*
-----------------------------------------------
Blogger Template Style
Name:   BluePress
Author: Lasantha Bandara
URL 1:  http://www.premiumbloggertemplates.com/
URL 2:  http://www.bloggertipandtrick.net/
Date:   June 2011
License:  This free Blogger template is licensed under the Creative Commons Attribution 3.0 License, which permits both personal and commercial use.
However, to satisfy the 'attribution' clause of the license, you are required to keep the footer links intact which provides due credit to its authors. For more specific details about the license, you may visit the URL below:
http://creativecommons.org/licenses/by/3.0/
----------------------------------------------- */

/* Variable definitions
   ====================
   <Variable name="bgcolor" description="Page Background Color"
             type="color" default="#fff" value="#ffffff">
   <Variable name="textcolor" description="Text Color"
             type="color" default="#333" value="#333333">
   <Variable name="linkcolor" description="Link Color"
             type="color" default="#58a" value="#5588aa">
   <Variable name="pagetitlecolor" description="Blog Title Color"
             type="color" default="#666" value="#666666">
   <Variable name="descriptioncolor" description="Blog Description Color"
             type="color" default="#999" value="#999999">
   <Variable name="titlecolor" description="Post Title Color"
             type="color" default="#c60" value="#cc6600">
   <Variable name="bordercolor" description="Border Color"
             type="color" default="#ccc" value="#cccccc">
   <Variable name="sidebarcolor" description="Sidebar Title Color"
             type="color" default="#999" value="#999999">
   <Variable name="sidebartextcolor" description="Sidebar Text Color"
             type="color" default="#666" value="#666666">
   <Variable name="visitedlinkcolor" description="Visited Link Color"
             type="color" default="#999" value="#999999">
   <Variable name="bodyfont" description="Text Font"
             type="font" default="normal normal 100% Georgia, Serif" value="normal normal 100% Georgia, Serif">
   <Variable name="headerfont" description="Sidebar Title Font"
             type="font"
             default="normal normal 78% 'Trebuchet MS',Trebuchet,Arial,Verdana,Sans-serif" value="normal normal 78% 'Trebuchet MS',Trebuchet,Arial,Verdana,Sans-serif">
   <Variable name="pagetitlefont" description="Blog Title Font"
             type="font"
             default="normal normal 200% Georgia, Serif" value="normal normal 200% Georgia, Serif">
   <Variable name="descriptionfont" description="Blog Description Font"
             type="font"
             default="normal normal 78% 'Trebuchet MS', Trebuchet, Arial, Verdana, Sans-serif" value="normal normal 78% 'Trebuchet MS', Trebuchet, Arial, Verdana, Sans-serif">
   <Variable name="postfooterfont" description="Post Footer Font"
             type="font"
             default="normal normal 78% 'Trebuchet MS', Trebuchet, Arial, Verdana, Sans-serif" value="normal normal 78% 'Trebuchet MS', Trebuchet, Arial, Verdana, Sans-serif">
   <Variable name="startSide" description="Side where text starts in blog language"
             type="automatic" default="left" value="left">
   <Variable name="endSide" description="Side where text ends in blog language"
             type="automatic" default="right" value="right">
*/

/* Use this with templates/template-twocol.html */

]]></b:skin>

<script type='text/javascript'>
//<![CDATA[

JSON.extend({
parse: function(string) {
    return JSON.decode(string);
},
stringify: function(obj) {
    return JSON.encode(obj);
}
});

//]]>
</script>

<script src='https://ajax.googleapis.com/ajax/libs/mootools/1.3.1/mootools-yui-compressed.js' type='text/javascript'/>

<script type='text/javascript'>
//<![CDATA[

/**
 * menuMatic 
 * @version 0.68.3 (beta)
 * @author Jason J. Jaeger | greengeckodesign.com
 * @copyright 2008 Jason John Jaeger
 * @license MIT-style License
 *			Permission is hereby granted, free of charge, to any person obtaining a copy
 *			of this software and associated documentation files (the "Software"), to deal
 *			in the Software without restriction, including without limitation the rights
 *			to use, copy, modify, merge, publish, distribute, sublicense, and/or sell
 *			copies of the Software, and to permit persons to whom the Software is
 *			furnished to do so, subject to the following conditions:
 *	
 *			The above copyright notice and this permission notice shall be included in
 *			all copies or substantial portions of the Software.
 *	
 *			THE SOFTWARE IS PROVIDED "AS IS", WITHOUT WARRANTY OF ANY KIND, EXPRESS OR
 *			IMPLIED, INCLUDING BUT NOT LIMITED TO THE WARRANTIES OF MERCHANTABILITY,
 *			FITNESS FOR A PARTICULAR PURPOSE AND NONINFRINGEMENT. IN NO EVENT SHALL THE
 *			AUTHORS OR COPYRIGHT HOLDERS BE LIABLE FOR ANY CLAIM, DAMAGES OR OTHER
 *			LIABILITY, WHETHER IN AN ACTION OF CONTRACT, TORT OR OTHERWISE, ARISING FROM,
 *			OUT OF OR IN CONNECTION WITH THE SOFTWARE OR THE USE OR OTHER DEALINGS IN
 *			THE SOFTWARE.
 **/	
var MenuMatic=new Class({Implements:Options,options:{id:"nav",subMenusContainerId:"subMenusContainer",effect:"slide & fade",duration:600,physics:Fx.Transitions.Pow.easeOut,hideDelay:1000,stretchMainMenu:false,matchWidthMode:false,orientation:"horizontal",direction:{x:"right",y:"down"},tweakInitial:{x:0,y:0},tweakSubsequent:{x:0,y:0},center:false,opacity:95,mmbFocusedClassName:null,mmbClassName:null,killDivider:null,fixHasLayoutBug:false,onHideAllSubMenusNow_begin:(function(){}),onHideAllSubMenusNow_complete:(function(){}),onInit_begin:(function(){}),onInit_complete:(function(){})},hideAllMenusTimeout:null,allSubMenus:[],subMenuZindex:1,initialize:function(B){this.setOptions(B);this.options.onInit_begin();if(this.options.opacity>99){this.options.opacity=99.9}this.options.opacity=this.options.opacity/100;Element.implement({getId:function(){if(!this.id){var E=this.get("tag")+"-"+$time();while($(E)){E=this.get("tag")+"-"+$time()}this.id=E}return this.id}});this.options.direction.x=this.options.direction.x.toLowerCase();this.options.direction.y=this.options.direction.y.toLowerCase();if(this.options.direction.x==="right"){this.options.direction.xInverse="left"}else{if(this.options.direction.x==="left"){this.options.direction.xInverse="right"}}if(this.options.direction.y==="up"){this.options.direction.yInverse="down"}else{if(this.options.direction.y==="down"){this.options.direction.yInverse="up"}}var A=$(this.options.id).getElements("a");A.each(function(F,E){F.store("parentLinks",F.getParent().getParents("li").getFirst("a"));F.store("parentLinks",F.retrieve("parentLinks").erase(F.retrieve("parentLinks").getFirst()));F.store("childMenu",F.getNext("ul")||F.getNext("ol"));theSubMenuType="subsequent";if($(F.getParent("ul")||F.getParent("ol")).id===this.options.id){theSubMenuType="initial"}F.store("subMenuType",theSubMenuType);if(theSubMenuType==="initial"&&$(F.getNext("ul")||F.getNext("ol"))){F.addClass("mainMenuParentBtn")}else{if($(F.getNext("ul")||F.getNext("ol"))){F.addClass("subMenuParentBtn")}}}.bind(this));var D=new Element("div",{id:this.options.subMenusContainerId}).inject($(document.body),"bottom");$(this.options.id).getElements("ul, ol").each(function(F,E){new Element("div",{"class":"smOW"}).inject(D).grab(F)}.bind(this));D.getElements("a").set("tabindex","-1");A.each(function(G,E){if(!G.retrieve("childMenu")){return }G.store("childMenu",G.retrieve("childMenu").getParent("div"));this.allSubMenus.include(G.retrieve("childMenu"));G.store("parentSubMenus",G.retrieve("parentLinks").retrieve("childMenu"));var F=new MenuMaticSubMenu(this.options,this,G)}.bind(this));var C=$(this.options.id).getElements("a").filter(function(F,E){return !F.retrieve("childMenu")});C.each(function(F,E){F.addEvents({mouseenter:function(G){this.hideAllSubMenusNow();if(this.options.mmbClassName&&this.options.mmbFocusedClassName){$(F).retrieve("btnMorph",new Fx.Morph(F,{duration:(this.options.duration/2),transition:this.options.physics,link:"cancel"})).start(this.options.mmbFocusedClassName)}}.bind(this),focus:function(G){this.hideAllSubMenusNow();if(this.options.mmbClassName&&this.options.mmbFocusedClassName){$(F).retrieve("btnMorph",new Fx.Morph(F,{duration:(this.options.duration/2),transition:this.options.physics,link:"cancel"})).start(this.options.mmbFocusedClassName)}}.bind(this),mouseleave:function(G){if(this.options.mmbClassName&&this.options.mmbFocusedClassName){$(F).retrieve("btnMorph",new Fx.Morph(F,{duration:(this.options.duration*5),transition:this.options.physics,link:"cancel"})).start(this.options.mmbClassName)}}.bind(this),blur:function(G){if(this.options.mmbClassName&&this.options.mmbFocusedClassName){$(F).retrieve("btnMorph",new Fx.Morph(F,{duration:(this.options.duration*5),transition:this.options.physics,link:"cancel"})).start(this.options.mmbClassName)}}.bind(this),keydown:function(H){var G=new Event(H);if(H.key==="up"||H.key==="down"||H.key==="left"||H.key==="right"){H.stop()}if(H.key==="left"&&this.options.orientation==="horizontal"||H.key==="up"&&this.options.orientation==="vertical"){if(F.getParent("li").getPrevious("li")){F.getParent("li").getPrevious("li").getFirst("a").focus()}else{F.getParent("li").getParent().getLast("li").getFirst("a").focus()}}else{if(H.key==="right"&&this.options.orientation==="horizontal"||H.key==="down"&&this.options.orientation==="vertical"){if(F.getParent("li").getNext("li")){F.getParent("li").getNext("li").getFirst("a").focus()}else{F.getParent("li").getParent().getFirst("li").getFirst("a").focus()}}}}.bind(this)})},this);this.stretch();this.killDivider();this.center();this.fixHasLayoutBug();this.options.onInit_complete()},fixHasLayoutBug:function(){if(Browser.Engine.trident&&this.options.fixHasLayoutBug){$(this.options.id).getParents().setStyle("zoom",1);$(this.options.id).setStyle("zoom",1);$(this.options.id).getChildren().setStyle("zoom",1);$(this.options.subMenusContainerId).setStyle("zoom",1);$(this.options.subMenusContainerId).getChildren().setStyle("zoom",1)}},center:function(){if(!this.options.center){return }$(this.options.id).setStyles({left:"50%","margin-left":-($(this.options.id).getSize().x/2)})},stretch:function(){if(this.options.stretchMainMenu&&this.options.orientation==="horizontal"){var C=parseFloat($(this.options.id).getCoordinates().width);var D=0;var B=$(this.options.id).getElements("a");B.setStyles({"padding-left":0,"padding-right":0});B.each(function(F,E){D+=F.getSize().x}.bind(this));if(C<D){return }var A=(C-D)/B.length;B.each(function(F,E){F.setStyle("width",F.getSize().x+A)}.bind(this));B.getLast().setStyle("width",B.getLast().getSize().x-1)}},killDivider:function(){if(this.options.killDivider&&this.options.killDivider.toLowerCase()==="first"){$($(this.options.id).getElements("li")[0]).setStyles({background:"none"})}else{if(this.options.killDivider&&this.options.killDivider.toLowerCase()==="last"){$($(this.options.id).getElements("li").getLast()).setStyles({background:"none"})}}},hideAllSubMenusNow:function(){this.options.onHideAllSubMenusNow_begin();$clear(this.hideAllMenusTimeout);$$(this.allSubMenus).fireEvent("hide");this.options.onHideAllSubMenusNow_complete()}});var MenuMaticSubMenu=new Class({Implements:Options,Extends:MenuMatic,options:{onSubMenuInit_begin:(function(A){}),onSubMenuInit_complete:(function(A){}),onMatchWidth_begin:(function(A){}),onMatchWidth_complete:(function(A){}),onHideSubMenu_begin:(function(A){}),onHideSubMenu_complete:(function(A){}),onHideOtherSubMenus_begin:(function(A){}),onHideOtherSubMenus_complete:(function(A){}),onHideAllSubMenus_begin:(function(A){}),onHideAllSubMenus_complete:(function(A){}),onPositionSubMenu_begin:(function(A){}),onPositionSubMenu_complete:(function(A){}),onShowSubMenu_begin:(function(A){}),onShowSubMenu_complete:(function(A){})},root:null,btn:null,hidden:true,myEffect:null,initialize:function(B,A,C){this.setOptions(B);this.root=A;this.btn=C;this.childMenu=this.btn.retrieve("childMenu");this.subMenuType=this.btn.retrieve("subMenuType");this.childMenu=this.btn.retrieve("childMenu");this.parentSubMenus=$$(this.btn.retrieve("parentSubMenus"));this.parentLinks=$$(this.btn.retrieve("parentLinks"));this.parentSubMenu=$(this.parentSubMenus[0]);if(this.parentSubMenu){this.parentSubMenu=this.parentSubMenu.retrieve("class")}this.childMenu.store("class",this);this.btn.store("class",this);this.childMenu.store("status","closed");this.options.onSubMenuInit_begin(this);this.childMenu.addEvent("hide",function(){this.hideSubMenu()}.bind(this));this.childMenu.addEvent("show",function(){this.showSubMenu()}.bind(this));if(this.options.effect){this.myEffect=new Fx.Morph($(this.childMenu).getFirst(),{duration:this.options.duration,transition:this.options.physics,link:"cancel"})}if(this.options.effect==="slide"||this.options.effect==="slide & fade"){if(this.subMenuType=="initial"&&this.options.orientation==="horizontal"){this.childMenu.getFirst().setStyle("margin-top","0")}else{this.childMenu.getFirst().setStyle("margin-left","0")}}else{if(this.options.effect==="fade"||this.options.effect==="slide & fade"){this.childMenu.getFirst().setStyle("opacity",0)}}if(this.options.effect!="fade"&&this.options.effect!="slide & fade"){this.childMenu.getFirst().setStyle("opacity",this.options.opacity)}var D=$(this.childMenu).getElements("a").filter(function(F,E){return !F.retrieve("childMenu")});D.each(function(F,E){$(F).addClass("subMenuBtn");F.addEvents({mouseenter:function(G){this.childMenu.fireEvent("show");this.cancellHideAllSubMenus();this.hideOtherSubMenus()}.bind(this),focus:function(G){this.childMenu.fireEvent("show");this.cancellHideAllSubMenus();this.hideOtherSubMenus()}.bind(this),mouseleave:function(G){this.cancellHideAllSubMenus();this.hideAllSubMenus()}.bind(this),blur:function(G){this.cancellHideAllSubMenus();this.hideAllSubMenus()}.bind(this),keydown:function(H){var G=new Event(H);if(H.key==="up"||H.key==="down"||H.key==="left"||H.key==="right"||H.key==="tab"){H.stop()}if(H.key==="up"){if(F.getParent("li").getPrevious("li")){F.getParent("li").getPrevious("li").getFirst("a").focus()}else{if(this.options.direction.y==="down"){this.btn.focus()}else{if(this.options.direction.y==="up"){F.getParent("li").getParent().getLast("li").getFirst("a").focus()}}}}else{if(H.key==="down"){if(F.getParent("li").getNext("li")){F.getParent("li").getNext("li").getFirst("a").focus()}else{if(this.options.direction.y==="down"){F.getParent("li").getParent().getFirst("li").getFirst("a").focus()}else{if(this.options.direction.y==="up"){this.btn.focus()}}}}else{if(H.key===this.options.direction.xInverse){this.btn.focus()}}}}.bind(this)})},this);$(this.btn).removeClass("subMenuBtn");if(this.subMenuType=="initial"){this.btn.addClass("mainParentBtn")}else{this.btn.addClass("subParentBtn")}$(this.btn).addEvents({mouseenter:function(E){this.cancellHideAllSubMenus();this.hideOtherSubMenus();this.showSubMenu();if(this.subMenuType==="initial"&&this.options.mmbClassName&&this.options.mmbFocusedClassName){$(this.btn).retrieve("btnMorph",new Fx.Morph($(this.btn),{duration:(this.options.duration/2),transition:this.options.physics,link:"cancel"})).start(this.options.mmbFocusedClassName)}}.bind(this),focus:function(E){this.cancellHideAllSubMenus();this.hideOtherSubMenus();this.showSubMenu();if(this.subMenuType==="initial"&&this.options.mmbClassName&&this.options.mmbFocusedClassName){$(this.btn).retrieve("btnMorph",new Fx.Morph($(this.btn),{duration:(this.options.duration/2),transition:this.options.physics,link:"cancel"})).start(this.options.mmbFocusedClassName)}}.bind(this),mouseleave:function(E){this.cancellHideAllSubMenus();this.hideAllSubMenus()}.bind(this),blur:function(E){this.cancellHideAllSubMenus();this.hideAllSubMenus()}.bind(this),keydown:function(E){E=new Event(E);if(E.key==="up"||E.key==="down"||E.key==="left"||E.key==="right"){E.stop()}if(!this.parentSubMenu){if(this.options.orientation==="horizontal"&&E.key===this.options.direction.y||this.options.orientation==="vertical"&&E.key===this.options.direction.x){if(this.options.direction.y==="down"){this.childMenu.getFirst().getFirst("li").getFirst("a").focus()}else{if(this.options.direction.y==="up"){this.childMenu.getFirst().getLast("li").getFirst("a").focus()}}}else{if(this.options.orientation==="horizontal"&&E.key==="left"||this.options.orientation==="vertical"&&E.key===this.options.direction.yInverse){if(this.btn.getParent().getPrevious()){this.btn.getParent().getPrevious().getFirst().focus()}else{this.btn.getParent().getParent().getLast().getFirst().focus()}}else{if(this.options.orientation==="horizontal"&&E.key==="right"||this.options.orientation==="vertical"&&E.key===this.options.direction.y){if(this.btn.getParent().getNext()){this.btn.getParent().getNext().getFirst().focus()}else{this.btn.getParent().getParent().getFirst().getFirst().focus()}}}}}else{if(E.key==="tab"){E.stop()}if(E.key==="up"){if(this.btn.getParent("li").getPrevious("li")){this.btn.getParent("li").getPrevious("li").getFirst("a").focus()}else{if(this.options.direction.y==="down"){this.parentSubMenu.btn.focus()}else{if(this.options.direction.y==="up"){this.btn.getParent("li").getParent().getLast("li").getFirst("a").focus()}}}}else{if(E.key==="down"){if(this.btn.getParent("li").getNext("li")){this.btn.getParent("li").getNext("li").getFirst("a").focus()}else{if(this.options.direction.y==="down"){this.btn.getParent("li").getParent().getFirst("li").getFirst("a").focus()}else{if(this.options.direction.y==="up"){this.parentSubMenu.btn.focus()}}}}else{if(E.key===this.options.direction.xInverse){this.parentSubMenu.btn.focus()}else{if(E.key===this.options.direction.x){if(this.options.direction.y==="down"){this.childMenu.getFirst().getFirst("li").getFirst("a").focus()}else{if(this.options.direction.y==="up"){}}}}}}}}.bind(this)});this.options.onSubMenuInit_complete(this)},matchWidth:function(){if(this.widthMatched||!this.options.matchWidthMode||this.subMenuType==="subsequent"){return }this.options.onMatchWidth_begin(this);var A=this.btn.getCoordinates().width;$(this.childMenu).getElements("a").each(function(E,D){var C=parseFloat($(this.childMenu).getFirst().getStyle("border-left-width"))+parseFloat($(this.childMenu).getFirst().getStyle("border-right-width"));var B=parseFloat(E.getStyle("padding-left"))+parseFloat(E.getStyle("padding-right"));var F=C+B;if(A>E.getCoordinates().width){E.setStyle("width",A-F);E.setStyle("margin-right",-C)}}.bind(this));this.width=this.childMenu.getFirst().getCoordinates().width;this.widthMatched=true;this.options.onMatchWidth_complete(this)},hideSubMenu:function(){if(this.childMenu.retrieve("status")==="closed"){return }this.options.onHideSubMenu_begin(this);if(this.subMenuType=="initial"){if(this.options.mmbClassName&&this.options.mmbFocusedClassName){$(this.btn).retrieve("btnMorph",new Fx.Morph($(this.btn),{duration:(this.options.duration),transition:this.options.physics,link:"cancel"})).start(this.options.mmbClassName).chain(function(){$(this.btn).removeClass("mainMenuParentBtnFocused");$(this.btn).addClass("mainMenuParentBtn")}.bind(this))}else{$(this.btn).removeClass("mainMenuParentBtnFocused");$(this.btn).addClass("mainMenuParentBtn")}}else{$(this.btn).removeClass("subMenuParentBtnFocused");$(this.btn).addClass("subMenuParentBtn")}this.childMenu.setStyle("z-index",1);if(this.options.effect&&this.options.effect.toLowerCase()==="slide"){if(this.subMenuType=="initial"&&this.options.orientation==="horizontal"&&this.options.direction.y==="down"){this.myEffect.start({"margin-top":-this.height}).chain(function(){this.childMenu.style.display="none"}.bind(this))}else{if(this.subMenuType=="initial"&&this.options.orientation==="horizontal"&&this.options.direction.y==="up"){this.myEffect.start({"margin-top":this.height}).chain(function(){this.childMenu.style.display="none"}.bind(this))}else{if(this.options.direction.x==="right"){this.myEffect.start({"margin-left":-this.width}).chain(function(){this.childMenu.style.display="none"}.bind(this))}else{if(this.options.direction.x==="left"){this.myEffect.start({"margin-left":this.width}).chain(function(){this.childMenu.style.display="none"}.bind(this))}}}}}else{if(this.options.effect=="fade"){this.myEffect.start({opacity:0}).chain(function(){this.childMenu.style.display="none"}.bind(this))}else{if(this.options.effect=="slide & fade"){if(this.subMenuType=="initial"&&this.options.orientation==="horizontal"&&this.options.direction.y==="down"){this.myEffect.start({"margin-top":-this.height,opacity:0}).chain(function(){this.childMenu.style.display="none"}.bind(this))}else{if(this.subMenuType=="initial"&&this.options.orientation==="horizontal"&&this.options.direction.y==="up"){this.myEffect.start({"margin-top":this.height,opacity:0}).chain(function(){this.childMenu.style.display="none"}.bind(this))}else{if(this.options.direction.x==="right"){this.myEffect.start({"margin-left":-this.width,opacity:0}).chain(function(){this.childMenu.style.display="none"}.bind(this))}else{if(this.options.direction.x==="left"){this.myEffect.start({"margin-left":this.width,opacity:0}).chain(function(){this.childMenu.style.display="none"}.bind(this))}}}}}else{this.childMenu.style.display="none"}}}this.childMenu.store("status","closed");this.options.onHideSubMenu_complete(this)},hideOtherSubMenus:function(){this.options.onHideOtherSubMenus_begin(this);if(!this.btn.retrieve("otherSubMenus")){this.btn.store("otherSubMenus",$$(this.root.allSubMenus.filter(function(A){return !this.btn.retrieve("parentSubMenus").contains(A)&&A!=this.childMenu}.bind(this))))}this.parentSubMenus.fireEvent("show");this.btn.retrieve("otherSubMenus").fireEvent("hide");this.options.onHideOtherSubMenus_complete(this)},hideAllSubMenus:function(){this.options.onHideAllSubMenus_begin(this);$clear(this.root.hideAllMenusTimeout);this.root.hideAllMenusTimeout=(function(){$clear(this.hideAllMenusTimeout);$$(this.root.allSubMenus).fireEvent("hide")}).bind(this).delay(this.options.hideDelay);this.options.onHideAllSubMenus_complete(this)},cancellHideAllSubMenus:function(){$clear(this.root.hideAllMenusTimeout)},showSubMenu:function(A){if(this.childMenu.retrieve("status")==="open"){return }this.options.onShowSubMenu_begin(this);if(this.subMenuType=="initial"){$(this.btn).removeClass("mainMenuParentBtn");$(this.btn).addClass("mainMenuParentBtnFocused")}else{$(this.btn).removeClass("subMenuParentBtn");$(this.btn).addClass("subMenuParentBtnFocused")}this.root.subMenuZindex++;this.childMenu.setStyles({display:"block",visibility:"hidden","z-index":this.root.subMenuZindex});if(!this.width||!this.height){this.width=this.childMenu.getFirst().getCoordinates().width;this.height=this.childMenu.getFirst().getCoordinates().height;this.childMenu.setStyle("height",this.height,"border");if(this.options.effect==="slide"||this.options.effect==="slide & fade"){if(this.subMenuType=="initial"&&this.options.orientation==="horizontal"){this.childMenu.getFirst().setStyle("margin-top","0");if(this.options.direction.y==="down"){this.myEffect.set({"margin-top":-this.height})}else{if(this.options.direction.y==="up"){this.myEffect.set({"margin-top":this.height})}}}else{if(this.options.direction.x==="left"){this.myEffect.set({"margin-left":this.width})}else{this.myEffect.set({"margin-left":-this.width})}}}}this.matchWidth();this.positionSubMenu();if(this.options.effect==="slide"){this.childMenu.setStyles({display:"block",visibility:"visible"});if(this.subMenuType==="initial"&&this.options.orientation==="horizontal"){if(A){this.myEffect.set({"margin-top":0}).chain(function(){this.showSubMenuComplete()}.bind(this))}else{this.myEffect.start({"margin-top":0}).chain(function(){this.showSubMenuComplete()}.bind(this))}}else{if(A){this.myEffect.set({"margin-left":0}).chain(function(){this.showSubMenuComplete()}.bind(this))}else{this.myEffect.start({"margin-left":0}).chain(function(){this.showSubMenuComplete()}.bind(this))}}}else{if(this.options.effect==="fade"){if(A){this.myEffect.set({opacity:this.options.opacity}).chain(function(){this.showSubMenuComplete()}.bind(this))}else{this.myEffect.start({opacity:this.options.opacity}).chain(function(){this.showSubMenuComplete()}.bind(this))}}else{if(this.options.effect=="slide & fade"){this.childMenu.setStyles({display:"block",visibility:"visible"});this.childMenu.getFirst().setStyles({left:0});if(this.subMenuType==="initial"&&this.options.orientation==="horizontal"){if(A){this.myEffect.set({"margin-top":0,opacity:this.options.opacity}).chain(function(){this.showSubMenuComplete()}.bind(this))}else{this.myEffect.start({"margin-top":0,opacity:this.options.opacity}).chain(function(){this.showSubMenuComplete()}.bind(this))}}else{if(A){if(this.options.direction.x==="right"){this.myEffect.set({"margin-left":0,opacity:this.options.opacity}).chain(function(){this.showSubMenuComplete()}.bind(this))}else{if(this.options.direction.x==="left"){this.myEffect.set({"margin-left":0,opacity:this.options.opacity}).chain(function(){this.showSubMenuComplete()}.bind(this))}}}else{if(this.options.direction.x==="right"){this.myEffect.set({"margin-left":-this.width,opacity:this.options.opacity});this.myEffect.start({"margin-left":0,opacity:this.options.opacity}).chain(function(){this.showSubMenuComplete()}.bind(this))}else{if(this.options.direction.x==="left"){this.myEffect.start({"margin-left":0,opacity:this.options.opacity}).chain(function(){this.showSubMenuComplete()}.bind(this))}}}}}else{this.childMenu.setStyles({display:"block",visibility:"visible"}).chain(function(){this.showSubMenuComplete(this)}.bind(this))}}}this.childMenu.store("status","open")},showSubMenuComplete:function(){this.options.onShowSubMenu_complete(this)},positionSubMenu:function(){this.options.onPositionSubMenu_begin(this);this.childMenu.setStyle("width",this.width);this.childMenu.getFirst().setStyle("width",this.width);if(this.subMenuType==="subsequent"){if(this.parentSubMenu&&this.options.direction.x!=this.parentSubMenu.options.direction.x){if(this.parentSubMenu.options.direction.x==="left"&&this.options.effect&&this.options.effect.contains("slide")){this.myEffect.set({"margin-left":this.width})}}this.options.direction.x=this.parentSubMenu.options.direction.x;this.options.direction.xInverse=this.parentSubMenu.options.direction.xInverse;this.options.direction.y=this.parentSubMenu.options.direction.y;this.options.direction.yInverse=this.parentSubMenu.options.direction.yInverse}var C;var A;if(this.subMenuType=="initial"){if(this.options.direction.y==="up"){if(this.options.orientation==="vertical"){C=this.btn.getCoordinates().bottom-this.height+this.options.tweakInitial.y}else{C=this.btn.getCoordinates().top-this.height+this.options.tweakInitial.y}this.childMenu.style.top=C+"px"}else{if(this.options.orientation=="horizontal"){this.childMenu.style.top=this.btn.getCoordinates().bottom+this.options.tweakInitial.y+"px"}else{if(this.options.orientation=="vertical"){C=this.btn.getPosition().y+this.options.tweakInitial.y;if((C+this.childMenu.getSize().y)>=$(document.body).getScrollSize().y){A=(C+this.childMenu.getSize().y)-$(document.body).getScrollSize().y;C=C-A-20}this.childMenu.style.top=C+"px"}}}if(this.options.orientation=="horizontal"){this.childMenu.style.left=this.btn.getPosition().x+this.options.tweakInitial.x+"px"}else{if(this.options.direction.x=="left"){this.childMenu.style.left=this.btn.getPosition().x-this.childMenu.getCoordinates().width+this.options.tweakInitial.x+"px"}else{if(this.options.direction.x=="right"){this.childMenu.style.left=this.btn.getCoordinates().right+this.options.tweakInitial.x+"px"}}}}else{if(this.subMenuType=="subsequent"){if(this.options.direction.y==="down"){if((this.btn.getCoordinates().top+this.options.tweakSubsequent.y+this.childMenu.getSize().y)>=$(document.body).getScrollSize().y){A=(this.btn.getCoordinates().top+this.options.tweakSubsequent.y+this.childMenu.getSize().y)-$(document.body).getScrollSize().y;this.childMenu.style.top=(this.btn.getCoordinates().top+this.options.tweakSubsequent.y)-A-20+"px"}else{this.childMenu.style.top=this.btn.getCoordinates().top+this.options.tweakSubsequent.y+"px"}}else{if(this.options.direction.y==="up"){if((this.btn.getCoordinates().bottom-this.height+this.options.tweakSubsequent.y)<1){this.options.direction.y="down";this.options.direction.yInverse="up";this.childMenu.style.top=this.btn.getCoordinates().top+this.options.tweakSubsequent.y+"px"}else{this.childMenu.style.top=this.btn.getCoordinates().bottom-this.height+this.options.tweakSubsequent.y+"px"}}}if(this.options.direction.x=="left"){this.childMenu.style.left=this.btn.getCoordinates().left-this.childMenu.getCoordinates().width+this.options.tweakSubsequent.x+"px";if(this.childMenu.getPosition().x<0){this.options.direction.x="right";this.options.direction.xInverse="left";this.childMenu.style.left=this.btn.getPosition().x+this.btn.getCoordinates().width+this.options.tweakSubsequent.x+"px";if(this.options.effect==="slide"||this.options.effect==="slide & fade"){this.myEffect.set({"margin-left":-this.width,opacity:this.options.opacity})}}}else{if(this.options.direction.x=="right"){this.childMenu.style.left=this.btn.getCoordinates().right+this.options.tweakSubsequent.x+"px";var D=this.childMenu.getCoordinates().right;var B=document.getCoordinates().width+window.getScroll().x;if(D>B){this.options.direction.x="left";this.options.direction.xInverse="right";this.childMenu.style.left=this.btn.getCoordinates().left-this.childMenu.getCoordinates().width+this.options.tweakSubsequent.x+"px";if(this.options.effect==="slide"||this.options.effect==="slide & fade"){this.myEffect.set({"margin-left":this.width,opacity:this.options.opacity})}}}}}}this.options.onPositionSubMenu_complete(this)}});

//]]>
</script>


<script type='text/javascript'>
//<![CDATA[

function showrecentcomments(json){for(var i=0;i<a_rc;i++){var b_rc=json.feed.entry[i];var c_rc;if(i==json.feed.entry.length)break;for(var k=0;k<b_rc.link.length;k++){if(b_rc.link[k].rel=='alternate'){c_rc=b_rc.link[k].href;break;}}c_rc=c_rc.replace("#","#comment-");var d_rc=c_rc.split("#");d_rc=d_rc[0];var e_rc=d_rc.split("/");e_rc=e_rc[5];e_rc=e_rc.split(".html");e_rc=e_rc[0];var f_rc=e_rc.replace(/-/g," ");f_rc=f_rc.link(d_rc);var g_rc=b_rc.published.$t;var h_rc=g_rc.substring(0,4);var i_rc=g_rc.substring(5,7);var j_rc=g_rc.substring(8,10);var k_rc=new Array();k_rc[1]="Jan";k_rc[2]="Feb";k_rc[3]="Mar";k_rc[4]="Apr";k_rc[5]="May";k_rc[6]="Jun";k_rc[7]="Jul";k_rc[8]="Aug";k_rc[9]="Sep";k_rc[10]="Oct";k_rc[11]="Nov";k_rc[12]="Dec";if("content" in b_rc){var l_rc=b_rc.content.$t;}else if("summary" in b_rc){var l_rc=b_rc.summary.$t;}else var l_rc="";var re=/<\S[^>]*>/g;l_rc=l_rc.replace(re,"");if(m_rc==true)document.write('On '+k_rc[parseInt(i_rc,10)]+' '+j_rc+' ');document.write('<a href="'+c_rc+'">'+b_rc.author[0].name.$t+'</a> commented');if(n_rc==true)document.write(' on '+f_rc);document.write(': ');if(l_rc.length<o_rc){document.write('<i>&#8220;');document.write(l_rc);document.write('&#8221;</i><br/><br/>');}else{document.write('<i>&#8220;');l_rc=l_rc.substring(0,o_rc);var p_rc=l_rc.lastIndexOf(" ");l_rc=l_rc.substring(0,p_rc);document.write(l_rc+'&hellip;&#8221;</i>');document.write('<br/><br/>');}}}

function rp(json){document.write('<ul>');for(var i=0;i<numposts;i++){document.write('<li>');var entry=json.feed.entry[i];var posttitle=entry.title.$t;var posturl;if(i==json.feed.entry.length)break;for(var k=0;k<entry.link.length;k++){if(entry.link[k].rel=='alternate'){posturl=entry.link[k].href;break}}posttitle=posttitle.link(posturl);var readmorelink="(more)";readmorelink=readmorelink.link(posturl);var postdate=entry.published.$t;var cdyear=postdate.substring(0,4);var cdmonth=postdate.substring(5,7);var cdday=postdate.substring(8,10);var monthnames=new Array();monthnames[1]="Jan";monthnames[2]="Feb";monthnames[3]="Mar";monthnames[4]="Apr";monthnames[5]="May";monthnames[6]="Jun";monthnames[7]="Jul";monthnames[8]="Aug";monthnames[9]="Sep";monthnames[10]="Oct";monthnames[11]="Nov";monthnames[12]="Dec";if("content"in entry){var postcontent=entry.content.$t}else if("summary"in entry){var postcontent=entry.summary.$t}else var postcontent="";var re=/<\S[^>]*>/g;postcontent=postcontent.replace(re,"");document.write(posttitle);if(showpostdate==true)document.write(' - '+monthnames[parseInt(cdmonth,10)]+' '+cdday);if(showpostsummary==true){if(postcontent.length<numchars){document.write(postcontent)}else{postcontent=postcontent.substring(0,numchars);var quoteEnd=postcontent.lastIndexOf(" ");postcontent=postcontent.substring(0,quoteEnd);document.write(postcontent+'...'+readmorelink)}}document.write('</li>')}document.write('</ul>')}

//]]>
</script>


<script type='text/javascript'>
summary_noimg = 800;
summary_img = 750;
img_thumb_height = 150;
img_thumb_width = 200; 
</script>
<script type='text/javascript'>
//<![CDATA[

function removeHtmlTag(strx,chop){ 
	if(strx.indexOf("<")!=-1)
	{
		var s = strx.split("<"); 
		for(var i=0;i<s.length;i++){ 
			if(s[i].indexOf(">")!=-1){ 
				s[i] = s[i].substring(s[i].indexOf(">")+1,s[i].length); 
			} 
		} 
		strx =  s.join(""); 
	}
	chop = (chop < strx.length-1) ? chop : strx.length-2; 
	while(strx.charAt(chop-1)!=' ' && strx.indexOf(' ',chop)!=-1) chop++; 
	strx = strx.substring(0,chop-1); 
	return strx+'...'; 
}

function createSummaryAndThumb(pID){
	var div = document.getElementById(pID);
	var imgtag = "";
	var img = div.getElementsByTagName("img");
	var summ = summary_noimg;
	if(img.length>=1) {	
		imgtag = '<span style="float:left; padding:0px 10px 0px 0px;"><img src="'+img[0].src+'" width="'+img_thumb_width+'px" height="'+img_thumb_height+'px"/></span>';
		summ = summary_img;
	}
	
	var summary = imgtag + '<div>' + removeHtmlTag(div.innerHTML,summ) + '</div>';
	div.innerHTML = summary;
}

//]]>
</script>


<style type='text/css'>
body{background: none repeat scroll 0 0 #FFFFFF;color:#222;font:75% &quot;Helvetica Neue&quot;,Arial,Helvetica,sans-serif;margin:0px;padding:0px;}
a:link,a:visited{color:#3366CC;text-decoration:none;outline:none;}
a:hover{color:#5588AA;text-decoration:underline;outline:none;}
a img{border-width:0}
#body-wrapper{margin:0px;padding:0px;}
#body-wrapper2{margin:0px;padding:0px;}
#body-wrapper3{margin:0px;padding:0px;background: url(&quot;http://2.bp.blogspot.com/-rFc9_JGXmmk/Tf-aaDRoNjI/AAAAAAAAAQA/X5O7ewyiUx4/s1600/wrapper.png&quot;) repeat-x scroll 0 0 transparent;}
/* Header-----------------------------------------------*/
#header-wrapper{width:960px;margin:0px auto 0px;height:116px;margin-top:0px;overflow:hidden;}
#header-inner{background-position:center;margin-left:auto;margin-right:auto}
#header{margin:0;border:0 solid $bordercolor;color:$pagetitlecolor;float:left;width:43%;overflow:hidden;}
#header h1{margin:0 5px 0;padding:15px 0 0 0px;font-family:Arial, Helvetica, Sans-serif;font-weight:bold;font-size:41px;color:#003B7A;text-shadow: 0 1px 0 #fff;}
#header .description{padding-left:5px;color:#003B7A;font-size:12px;padding-top:0px;margin-top:0px;}
#header h1 a,#header h1 a:visited{color:#003B7A;text-decoration:none}
#header h2{padding-left:15px;color:#003B7A;font:12px Arial,Helvetica,Sans-serif}
#header2{float:right;width:53%;margin-right:0px;padding-right:0px;overflow:hidden;}
#header2 .widget{padding:22px 0px 0 0px;float:right}
.feedtwitter{margin-top:6px;text-align:left}
/* Outer-Wrapper----------------------------------------------- */
#outer-wrapper{width:960px;margin:0px auto 0px;padding:0;text-align:$startSide;font:$bodyfont;}
#content-wrapper{background: url(&quot;http://2.bp.blogspot.com/-GtSImFkkUrs/Tf-ZGnnCIpI/AAAAAAAAANQ/ad_v55weBbE/s1600/content.png&quot;) repeat-y scroll 0 0 transparent;}
#main-wrapper{width:526px;padding-top:0px;padding-left:5px;padding-right:5px;float:left;word-wrap:break-word;/* fix for long text breaking sidebar float in IE */
overflow:hidden;/* fix for long non-text content breaking IE sidebar float */
}
#lsidebar-wrapper{width:185px;float:left;padding-top:0px;padding-left:17px;margin-left:0px;margin-right:5px;word-wrap:break-word;/* fix for long text breaking sidebar float in IE */
overflow:hidden;/* fix for long non-text content breaking IE sidebar float */
}
#rsidebar-wrapper{width:193px;float:right;padding-top:0px;padding-right:17px;margin-left:5px;margin-right:0px;word-wrap:break-word;/* fix for long text breaking sidebar float in IE */
overflow:hidden;/* fix for long non-text content breaking IE sidebar float */
}
/* Posts-----------------------------------------------*/
h2.date-header{margin:1.5em 0 .5em;display:none;}
.wrapfullpost{}
.post{border-bottom:1px solid #DDDDDD;padding-bottom:5px;margin-bottom:15px;}
.post-title{color:#1A1B1B;font-family:Arial,Helvetica,Sans-serif;font-size:22px;font-weight:bold;line-height:22px;margin:0 0 8px;padding:0;text-transform:none;}
.post-title a,.post-title a:visited,.post-title strong{display:block;text-decoration:none;color:#1A1B1B;text-decoration:none;}
.post-title strong,.post-title a:hover{color:#3366CC;text-decoration:none;}
.post-body{text-align:justify;padding-top:8px;font:14px/20px Arial,Verdana}
blockquote{border-left:3px solid #CADAE7;color:#888;font-style:italic;overflow:hidden;padding-left:9px;}
.post-footer{margin:5px 0;color:$sidebarcolor;font:$postfooterfont;}
.comment-link{margin-$startSide:.6em}
.post-body img{padding:5px 5px 5px 5px;background-color:#EEEEEE;margin:0 4px 4px 0;border: 1px solid #DDDDDD;}
.readmorecontent{text-align:right}
a.readmore{color:#36C;font-size:13px;font-weight:bold;padding:4px 15px;text-decoration:none}
a.readmore:hover{color:#58A}
/* Comments----------------------------------------------- */
#comments h4{color:#666;letter-spacing:0;font-size:14px;font-weight:bold;line-height:1.4em;margin:1em 0;text-transform:none}
#comments-block{line-height:1.6em;margin:1em 0 1.5em}
#comments-block .comment-author{-moz-background-inline-policy:continuous;background:none repeat scroll 0 0 #EAEAEA;border:1px solid #EAEAEA;font-size:15px;font-weight:normal;margin-right:20px;padding:5px}
#comments .blogger-comment-icon,.blogger-comment-icon{-moz-background-inline-policy:continuous;background:none repeat scroll 0 0 #E8DEC4;border-color:#E8DEC4;border-style:solid;border-width:2px 1px 1px;line-height:16px;padding:5px}
#comments-block .comment-body{border-left:1px solid #EAEAEA;border-right:1px solid #EAEAEA;margin-left:0;margin-right:20px;padding:7px}
#comments-block .comment-footer{border-bottom:1px solid #EAEAEA;border-left:1px solid #EAEAEA;border-right:1px solid #EAEAEA;font-size:11px;line-height:1.4em;margin:-0.25em 20px 2em 0;padding:5px;text-transform:none}
#comments-block .comment-body p{margin:0 0 0.75em}
.deleted-comment{color:gray;font-style:italic}
.avatar-image-container img{background:url(http://2.bp.blogspot.com/_4HKUHirY_2U/TRcTzykBcjI/AAAAAAAAKNU/IqzJmFdYuro/s1600/avatar.jpg);width:35px;height:35px}
#blog-pager-newer-link{float:$startSide}
#blog-pager-older-link{float:$endSide}
#blog-pager{text-align:center}
.feed-links{clear:both;line-height:2.5em}
/* Sidebar Content----------------------------------------------- */
.sidebar{margin:0 0 10px 0px;color:#333333;font-size: 13px;text-shadow: 0 1px 0 #FFFFFF;}
.sidebar a{text-decoration:none;color:#3366CC;}
.sidebar a:hover{text-decoration:underline;color:#5588AA;}
.sidebar h2{-moz-border-radius:8px 8px 0 0;-webkit-border-top-left-radius:8px;-webkit-border-top-right-radius:8px;background:url(&quot;http://2.bp.blogspot.com/--jkg64up9rU/Tf-ZRk6qaII/AAAAAAAAAN4/vaI8i5fvkXs/s1600/h2bg.png&quot;) repeat-x scroll 0 0 transparent;color:#FFF;font-family:Arial,Helvetica,Sans-serif;font-size:14px;font-weight:bold;line-height:18px;margin:-8px -8px 0;padding:8px;text-shadow:0 1px 0 #000;text-transform:uppercase;}
.sidebar ul{list-style-type:none;margin:0 0 10px;padding: 0;}
.sidebar ul li{-moz-border-radius:0 0 0 0;-webkit-border-bottom-left-radius:0;-webkit-border-bottom-right-radius:0;-webkit-border-top-left-radius:0;-webkit-border-top-right-radius:0;margin:0;padding:3px 0;border-top:none;border-left:none;border-right:none;border-bottom:1px dotted #ccc;}
.sidebar ul li:hover{}
.sidebar .widget{-moz-border-radius:10px 10px 10px 10px;-webkit-border-bottom-left-radius:10px -webkit-border-bottom-right-radius:10px;-webkit-border-top-left-radius:10px;-webkit-border-top-right-radius:10px;border-radius:10px;background:none repeat scroll 0 0 #F2F5F8;border:1px solid #AECDE6;margin-bottom:10px;padding:8px;}
.sidebar .widget-content{overflow:hidden;}
.main .widget{margin:0 0 5px;padding:0 0 2px;}
.main .Blog{border-bottom-width:0}
/* Profile ----------------------------------------------- */
.profile-img{float:$startSide;margin-top:0;margin-$endSide:5px;margin-bottom:5px;margin-$startSide:0;padding:4px;border:1px solid $bordercolor}
.profile-data{margin:0;text-transform:uppercase;letter-spacing:.1em;font:$postfooterfont;color:$sidebarcolor;font-weight:bold;line-height:1.6em}
.profile-datablock{margin:.5em 0 .5em}
.profile-textblock{margin:0.5em 0;line-height:1.6em}
.profile-link{font:$postfooterfont;text-transform:uppercase;letter-spacing:.1em}
#navbar-iframe{height:0;visibility:hidden;display:none;}
#pagemenucontainer{float:left;height:32px;margin-top:0}
#pagemenu{float:left;height:30px}
#pagemenu,#pagemenu ul{line-height:1;list-style:none outside none;margin:0;padding:0}
#pagemenu{}
#pagemenu ul{float:left;list-style:none outside none;margin:0;padding:0}
#pagemenu li{float:left;list-style:none outside none;margin:0;padding:0}
#pagemenu ul li{list-style:none outside none;margin:0;padding:0}
#pagemenu li a,#pagemenu li a:link{color:#333;display:block;font:bold 12px Arial,Helvetica,sans-serif;margin:0;padding:10px 20px 8px 20px;text-decoration:none;text-shadow:0 1px 0 #FFF;text-transform:none}
#pagemenu li a:hover,#pagemenu li a:active{background:none repeat scroll 0 0 #EDEDED;color:#000;display:block;padding-bottom:11px;text-decoration:none}
#pagemenu li.current_page_item a{background:none repeat scroll 0 0 #EDEDED;color:#000;border-left:1px solid #D2D2D2;border-right:1px solid #D2D2D2;border-top:1px solid #D2D2D2;border-bottom:1px solid #EDEDED}
#pagemenu li:hover,#pagemenu li.sfhover{position:static}
#navcontainer{background:url(&quot;http://1.bp.blogspot.com/-_DAXidYlYPM/Tf-Z8tmtcfI/AAAAAAAAAPI/pVht9FmOqAQ/s1600/menu.png&quot;) no-repeat scroll 0 bottom transparent;display:block;height:44px;overflow:hidden;padding:0 0 26px;text-shadow:0 1px 0 #000}
#navcontainer .current-cat a{-moz-border-radius:10px 10px 0 0;-webkit-border-top-left-radius:10px;-webkit-border-top-right-radius:10px;background:none repeat scroll 0 0 #1F74BC;color:#FFF;padding-bottom:17px;text-shadow:0 1px 0 #000}
#nav a,#subMenusContainer a{display:block;text-decoration:none}
#nav a{-moz-border-radius:10px 10px 0 0;-webkit-border-top-left-radius:10px;-webkit-border-top-right-radius:10px;background:none repeat scroll 0 0 #458ECB;color:#FFF;float:left;font-size:11px;font-weight:bold;margin:0;padding:14px;text-transform:uppercase}
#subMenusContainer a,#nav li li a{background-color:#CACACA;color:#1A1B1B;font-size:12px;padding:6px 24px;text-align:left}
#nav li a:hover,#nav li a:focus,#nav a.mainMenuParentBtnFocused{background:none repeat scroll 0 0 #1F74BC;color:#FFF;padding-bottom:17px;text-shadow:0 1px 0 #000}
#subMenusContainer a:hover,#subMenusContainer a:focus,#subMenusContainer a.subMenuParentBtnFocused{background-color:#F1F1F1;color:#1A1B1B}
.subMenuParentBtn{background:url(&quot;../img/arrow_right.gif&quot;) no-repeat scroll right center transparent}
.subMenuParentBtnFocused{background:url(&quot;../img/arrow_right_over.gif&quot;) no-repeat scroll right center transparent}
.mainMenuParentBtn{}
.mainMenuParentBtnFocused{}
.smOW{display:none;margin:0 0 0 -2px;overflow:hidden;padding:0 2px;position:absolute}
#nav,#nav ul,#nav ol,#subMenusContainer ul,#subMenusContainer ol{line-height:1em;list-style:none outside none;margin:0;padding:0}
#nav ol,#nav ul,#subMenusContainer ul,#subMenusContainer ol{background:none repeat scroll 0 0 transparent;left:0}
#nav li{cursor:pointer;display:inline;float:left;height:36px;margin-bottom:0;margin-right:3px;margin-top:0;padding:0}
#subMenusContainer li{list-style:none outside none}
#nav{clear:both;display:block;font-size:12px;height:44px;margin:0 auto;overflow:hidden;width:922px}
#nav .children{display:none}
#subMenusContainer{display:block;height:0;left:0;overflow:visible;position:absolute;top:0;width:100%;z-index:1000000000}
.postdate{color:#626D70;font:11px Arial,Verdana;padding:2px 0}
.postmeta{font:11px Arial,Verdana;padding:2px 4px}
.postdate img,.postmeta img{border:medium none;margin:2px;vertical-align:middle;padding:0px;background-color:transparent;}
/* FOOTER */
#footer{background:url(&quot;http://1.bp.blogspot.com/-w_4A8cl0C9k/Tf-ZRI1jvQI/AAAAAAAAANw/22jJIw0IR80/s1600/footer.png&quot;) no-repeat scroll 0 0 transparent;color:#666;font-size:13px;margin-top:0;padding:25px 19px 0;text-align:center;clear:both;text-shadow:0 1px 0 #fff}
#footer a{color:#666}
#footer a:hover{color:#E8EFF1;text-decoration:none}
#credits{color:#888;font-size:11px;padding:7px;text-align:center;text-shadow:0 1px 0 #fff}
#credits a{color:#888;text-decoration:none}
/* -- NUMBER PAGE NAVIGATION -- */
#blog-pager {padding:6px 0px;font-size:11px;}
.showpageArea{float:left}
.showpageOf{margin:0 8px 0 0;padding:3px 7px;color:#232323;font:15px Arial,Verdana;background:transparent;}
.showpagePoint{color:#fff;font:bold 15px Arial,Verdana;padding:2px 7px;margin:2px;border:0px solid #fff;background:#408ac5;text-decoration:none}
.showpageNum a{font:15px Arial,Verdana;padding:3px 7px;margin:0 4px;text-decoration:none;background:transparent;color:#232323;}
.showpageNum a:hover{color:#fff;background:#168fb8;}
.showpage a{font:15px Arial,Verdana;padding:3px 7px;margin:0 4px;text-decoration:none;background:transparent;color:#232323;}
.showpage a:hover{color:#fff;background:#168fb8;}
.showpageArea{margin:10px 0;font:15px Arial,Verdana;color:#232323}
.addthis_toolbox{padding:15px 0 5px 0;text-align:center}
.addthis_toolbox .custom_images a{width:32px;height:32px;margin:0 4px 0 4px;padding:0}
.addthis_toolbox .custom_images a:hover img{opacity:1}
.addthis_toolbox .custom_images a img{opacity:0.85}
#comment-form iframe{padding:5px;width:500px;height:275px;}
#search{background:none repeat scroll 0 0 #FFF;border:2px solid #AECDE6;height:21px;padding-right:3px;text-align:right;overflow:hidden}
#search input{background:none repeat scroll 0 0 transparent;border:0 none;color:#444}
#s{background:none repeat scroll 0 0 transparent;margin:2px 0 0;padding:2px 4px 4px;width:140px}
#topsearch #s{width:140px}
#topsearch #search{float:right;margin:-34px 0 0}
.PopularPosts .item-title{font-weight:bold;padding-bottom:0.2em}
.PopularPosts .widget-content ul li{padding:5px 0}
.outer-wrapper{margin:0 auto;width:960px}
.showgrid{background:url(&quot;src/grid.png&quot;) repeat scroll 0 0 transparent}
.column,div.span-1,div.twit-rss,div.span-3,div.span-4,div.sidecont,div.span-6,div.span-7,div.span-8,div.span-9,div.span-10,div.span-11,div.header-part,div.span-13,div.postcont,div.span-15,div.span-16,div.span-17,div.span-18,div.span-19,div.span-20,div.span-21,div.menu-links,div.span-23,div.outer{float:left;margin-right:10px}
.rightsector,div.rightsector{margin-right:0}
.span-1{width:30px}
.twit-rss{padding:0 10px 7px;width:276px}
.span-3{width:110px}
.span-4{width:150px}
.sidecont{margin-left:18px;margin-top:0;width:185px}
.span-6{width:230px}
.span-7{width:270px}
.span-8{width:310px}
.span-9{width:350px}
.span-10{width:390px}
.span-11{width:430px}
.header-part{margin-top:-3px;width:466px}
.span-13{width:510px}
.postcont{margin-left:5px;margin-right:0 !important;width:526px}
.span-15{width:590px}
.span-16{width:630px}
.span-17{width:670px}
.span-18{width:710px}
.span-19{width:750px}
.span-20{width:790px}
.span-21{width:830px}
.menu-links{margin-left:21px;margin-top:3px;width:622px}
.span-23{width:910px}
.outer,div.outer{margin:0;width:960px}
input.span-1,textarea.span-1,input.twit-rss,textarea.twit-rss,input.span-3,textarea.span-3,input.span-4,textarea.span-4,input.sidecont,textarea.sidecont,input.span-6,textarea.span-6,input.span-7,textarea.span-7,input.span-8,textarea.span-8,input.span-9,textarea.span-9,input.span-10,textarea.span-10,input.span-11,textarea.span-11,input.header-part,textarea.header-part,input.span-13,textarea.span-13,input.postcont,textarea.postcont,input.span-15,textarea.span-15,input.span-16,textarea.span-16,input.span-17,textarea.span-17,input.span-18,textarea.span-18,input.span-19,textarea.span-19,input.span-20,textarea.span-20,input.span-21,textarea.span-21,input.menu-links,textarea.menu-links,input.span-23,textarea.span-23,input.outer,textarea.outer{border-left-width:1px !important;border-right-width:1px !important;padding-left:5px !important;padding-right:5px !important}
input.span-1,textarea.span-1{width:18px !important}
input.twit-rss,textarea.twit-rss{width:58px !important}
input.span-3,textarea.span-3{width:98px !important}
input.span-4,textarea.span-4{width:138px !important}
input.sidecont,textarea.sidecont{width:178px !important}
input.span-6,textarea.span-6{width:218px !important}
input.span-7,textarea.span-7{width:258px !important}
input.span-8,textarea.span-8{width:298px !important}
input.span-9,textarea.span-9{width:338px !important}
input.span-10,textarea.span-10{width:378px !important}
input.span-11,textarea.span-11{width:418px !important}
input.header-part,textarea.header-part{width:458px !important}
input.span-13,textarea.span-13{width:498px !important}
input.postcont,textarea.postcont{width:538px !important}
input.span-15,textarea.span-15{width:578px !important}
input.span-16,textarea.span-16{width:618px !important}
input.span-17,textarea.span-17{width:658px !important}
input.span-18,textarea.span-18{width:698px !important}
input.span-19,textarea.span-19{width:738px !important}
input.span-20,textarea.span-20{width:778px !important}
input.span-21,textarea.span-21{width:818px !important}
input.menu-links,textarea.menu-links{width:858px !important}
input.span-23,textarea.span-23{width:898px !important}
input.outer,textarea.outer{width:938px !important}
.append-1{padding-right:40px}
.append-2{padding-right:80px}
.append-3{padding-right:120px}
.append-4{padding-right:160px}
.append-5{padding-right:200px}
.append-6{padding-right:240px}
.append-7{padding-right:280px}
.append-8{padding-right:320px}
.append-9{padding-right:360px}
.append-10{padding-right:400px}
.append-11{padding-right:440px}
.append-12{padding-right:480px}
.append-13{padding-right:520px}
.append-14{padding-right:560px}
.append-15{padding-right:600px}
.append-16{padding-right:640px}
.append-17{padding-right:680px}
.append-18{padding-right:720px}
.append-19{padding-right:760px}
.append-20{padding-right:800px}
.append-21{padding-right:840px}
.append-22{padding-right:880px}
.append-23{padding-right:920px}
.prepend-1{padding-left:40px}
.prepend-2{padding-left:80px}
.prepend-3{padding-left:120px}
.prepend-4{padding-left:160px}
.prepend-5{padding-left:200px}
.prepend-6{padding-left:240px}
.prepend-7{padding-left:280px}
.prepend-8{padding-left:320px}
.prepend-9{padding-left:360px}
.prepend-10{padding-left:400px}
.prepend-11{padding-left:440px}
.prepend-12{padding-left:480px}
.prepend-13{padding-left:520px}
.prepend-14{padding-left:560px}
.prepend-15{padding-left:600px}
.prepend-16{padding-left:640px}
.prepend-17{padding-left:680px}
.prepend-18{padding-left:720px}
.prepend-19{padding-left:760px}
.prepend-20{padding-left:800px}
.prepend-21{padding-left:840px}
.prepend-22{padding-left:880px}
.prepend-23{padding-left:920px}
div.border{border-right:1px solid #EEE;margin-right:5px;padding-right:4px}
div.colborder{border-right:1px solid #EEE;margin-right:25px;padding-right:24px}
.pull-1{margin-left:-40px}
.pull-2{margin-left:-80px}
.pull-3{margin-left:-120px}
.pull-4{margin-left:-160px}
.pull-5{margin-left:-200px}
.pull-6{margin-left:-240px}
.pull-7{margin-left:-280px}
.pull-8{margin-left:-320px}
.pull-9{margin-left:-360px}
.pull-10{margin-left:-400px}
.pull-11{margin-left:-440px}
.pull-12{margin-left:-480px}
.pull-13{margin-left:-520px}
.pull-14{margin-left:-560px}
.pull-15{margin-left:-600px}
.pull-16{margin-left:-640px}
.pull-17{margin-left:-680px}
.pull-18{margin-left:-720px}
.pull-19{margin-left:-760px}
.pull-20{margin-left:-800px}
.pull-21{margin-left:-840px}
.pull-22{margin-left:-880px}
.pull-23{margin-left:-920px}
.pull-24{margin-left:-960px}
.pull-1,.pull-2,.pull-3,.pull-4,.pull-5,.pull-6,.pull-7,.pull-8,.pull-9,.pull-10,.pull-11,.pull-12,.pull-13,.pull-14,.pull-15,.pull-16,.pull-17,.pull-18,.pull-19,.pull-20,.pull-21,.pull-22,.pull-23,.pull-24{float:left;position:relative}
.push-1{margin:0 -40px 1.5em 40px}
.push-2{margin:0 -80px 1.5em 80px}
.push-3{margin:0 -120px 1.5em 120px}
.push-4{margin:0 -160px 1.5em 160px}
.push-5{margin:0 -200px 1.5em 200px}
.push-6{margin:0 -240px 1.5em 240px}
.push-7{margin:0 -280px 1.5em 280px}
.push-8{margin:0 -320px 1.5em 320px}
.push-9{margin:0 -360px 1.5em 360px}
.push-10{margin:0 -400px 1.5em 400px}
.push-11{margin:0 -440px 1.5em 440px}
.push-12{margin:0 -480px 1.5em 480px}
.push-13{margin:0 -520px 1.5em 520px}
.push-14{margin:0 -560px 1.5em 560px}
.push-15{margin:0 -600px 1.5em 600px}
.push-16{margin:0 -640px 1.5em 640px}
.push-17{margin:0 -680px 1.5em 680px}
.push-18{margin:0 -720px 1.5em 720px}
.push-19{margin:0 -760px 1.5em 760px}
.push-20{margin:0 -800px 1.5em 800px}
.push-21{margin:0 -840px 1.5em 840px}
.push-22{margin:0 -880px 1.5em 880px}
.push-23{margin:0 -920px 1.5em 920px}
.push-24{margin:0 -960px 1.5em 960px}
.push-1,.push-2,.push-3,.push-4,.push-5,.push-6,.push-7,.push-8,.push-9,.push-10,.push-11,.push-12,.push-13,.push-14,.push-15,.push-16,.push-17,.push-18,.push-19,.push-20,.push-21,.push-22,.push-23,.push-24{float:right;position:relative}
.prepend-top{margin-top:1.5em}
.append-bottom{margin-bottom:1.5em}
.box{background:none repeat scroll 0 0 #E5ECF9;margin-bottom:1.5em;padding:1.5em}
hr{background:none repeat scroll 0 0 #DDD;border:medium none;clear:both;color:#DDD;float:none;height:0.1em;margin:0 0 1.45em;width:100%}
hr.space{background:none repeat scroll 0 0 #FFF;color:#FFF}
.clearfix:after,.outer-wrapper:after{clear:both;content:&quot; &quot;;display:block;height:0;overflow:hidden;visibility:hidden}
.clearfix,.outer-wrapper{display:block}
.clear{clear:both}
</style>

<b:if cond='data:blog.pageType == &quot;static_page&quot;'>
<style type='text/css'>
#main-wrapper{padding-top:0px;margin-top:0px;}
.post-body img{padding:0px;background:transparent;border:none;}
</style>
</b:if>
<b:if cond='data:blog.pageType == &quot;item&quot;'>
<style type='text/css'>
#main-wrapper{padding-top:0px;margin-top:0px;}
.post-body img{padding:0px;background:transparent;border:none;}
</style>
</b:if>

<!--[if IE 6]>
<style type='text/css'>
.feedtwitter{display:none;}
</style>
<![endif]-->

  </head>

  <body>

<script type='text/javascript'>
	window.addEvent(&#39;domready&#39;, function() {			
			var myMenu = new MenuMatic();
	});	
</script>


  <div id='body-wrapper'><div id='body-wrapper2'><div id='body-wrapper3'><div class='outer-wrapper' id='outer-wrapper'><div id='wrap2'>

    <!-- skip links for text browsers -->
    <span id='skiplinks' style='display:none;'>
      <a href='#main'>skip to main </a> |
      <a href='#sidebar'>skip to sidebar</a>
    </span>


<div class='outer'>


<div class='menu-links'>
<div id='pagemenucontainer'>
<b:section class='pagelistmenusblog' id='pagelistmenusblog' showaddelement='no'>
<b:widget id='PageList1' locked='true' title='Pages' type='PageList'>
<b:includable id='main'>
  <div class='widget-content'>
    <ul id='pagemenu'>
      <b:loop values='data:links' var='link'>
        <b:if cond='data:link.isCurrentPage'>
          <li class='current_page_item'><a expr:href='data:link.href'><data:link.title/></a></li>
        <b:else/>
          <li><a expr:href='data:link.href'><data:link.title/></a></li>
        </b:if>
      </b:loop>
    </ul>
    <b:include name='quickedit'/>
  </div>
</b:includable>
</b:widget>
</b:section>
</div>
</div>

<div class='feedtwitter twit-rss'>
<a expr:href='data:blog.homepageUrl + &quot;feeds/posts/default&quot;'><img src='http://4.bp.blogspot.com/-EYDiXZfqqC4/Tf-Z8vI0iDI/AAAAAAAAAPQ/T63pcWoX1O4/s1600/rss.png' style='margin:0 4px 0 0;'/></a>
<a href='http://facebook.com/USERNAME' title='Follow me on Facebook!'><img src='http://1.bp.blogspot.com/-RpwNhgwXBNU/Tf-ZQ15or6I/AAAAAAAAANo/sS0V2liopc0/s1600/facebook.png' style='margin:0 4px 0 0; ' title='Follow me on Facebook!'/></a>				<a href='http://twitter.com/USERNAME' title='Follow me on Twitter!'><img src='http://4.bp.blogspot.com/-5RFj1HB1dM0/Tf-aN7RXBSI/AAAAAAAAAPw/5xF9EKQ_-Vw/s1600/twitter.png' style='margin:0 4px 0 0; ' title='Follow me on Twitter!'/></a>
</div>

<div class='span-7 rightsector' id='topsearch' style='float:right;'>
<div id='search'>
<form action='/search' id='searchform' method='get'> 
<input id='s' name='q' onblur='if (this.value == &quot;&quot;) {this.value = &quot;Search&quot;;}' onfocus='if (this.value == &quot;Search&quot;) {this.value = &quot;&quot;;}' type='text' value='Search'/>
<input src='http://3.bp.blogspot.com/-CaTrdvLY3Ls/Tf-aMOJdCSI/AAAAAAAAAPY/4QbhWSsr8Os/s1600/search.gif' style='border:0; vertical-align: top;' type='image'/> 
</form>
</div>
</div>

</div>
<div style='clear:both;'/>

    <div class='outer' id='header-wrapper'>
      <b:section class='header' id='header' maxwidgets='1' showaddelement='no'>
<b:widget id='Header1' locked='true' title='BluePress (Header)' type='Header'>
<b:includable id='title'>
<a expr:href='data:blog.homepageUrl'><data:title/></a>
</b:includable>
<b:includable id='description'>
  <div class='descriptionwrapper'>
    <p class='description'><span><data:description/></span></p>
  </div>
</b:includable>
<b:includable id='main'>

  <b:if cond='data:useImage'>
    <b:if cond='data:imagePlacement == &quot;REPLACE&quot;'>
      <!--Show just the image, no text-->
      <div id='header-inner'>
        <a expr:href='data:blog.homepageUrl' style='display: block'>
          <img expr:alt='data:title' expr:height='data:height' expr:id='data:widget.instanceId + &quot;_headerimg&quot;' expr:src='data:sourceUrl' expr:width='data:width' style='display: block;padding-left:0px;padding-top:25px;'/>
        </a>
      </div>
    <b:else/>
      <!--
      Show image as background to text. You can't really calculate the width
      reliably in JS because margins are not taken into account by any of
      clientWidth, offsetWidth or scrollWidth, so we don't force a minimum
      width if the user is using shrink to fit.
      This results in a margin-width's worth of pixels being cropped. If the
      user is not using shrink to fit then we expand the header.
      -->
      <div expr:style='&quot;background-image: url(\&quot;&quot; + data:sourceUrl + &quot;\&quot;); &quot;                      + &quot;background-position: &quot;                      + data:backgroundPositionStyleStr + &quot;; &quot;                      + data:widthStyleStr                      + &quot;min-height: &quot; + data:height + &quot;px;&quot;                      + &quot;_height: &quot; + data:height + &quot;px;&quot;                      + &quot;background-repeat: no-repeat; &quot;' id='header-inner'>
        <div class='titlewrapper' style='background: transparent'>
          <h1 class='title' style='background: transparent; border-width: 0px'>
            <b:include name='title'/>
          </h1>
        </div>
        <b:include name='description'/>
      </div>
    </b:if>
  <b:else/>
    <!--No header image -->
    <div id='header-inner'>
      <div class='titlewrapper'>
        <h1 class='title'>
          <b:include name='title'/>
        </h1>
      </div>
      <b:include name='description'/>
    </div>
  </b:if>
</b:includable>
</b:widget>
</b:section>

<b:section class='header' id='header2' maxwidgets='2' showaddelement='yes'>
<b:widget id='HTML46' locked='false' title='' type='HTML'>
<b:includable id='main'>
  <!-- only display title if it's non-empty -->
  <b:if cond='data:title != &quot;&quot;'>
    <h2 class='title'><data:title/></h2>
  </b:if>
  <div class='widget-content'>
    <data:content/>
  </div>

  <b:include name='quickedit'/>
</b:includable>
</b:widget>
</b:section>

    </div>
<div style='clear:both;'/>

<div id='navcontainer'>
<ul id='nav'>

<li class='current-cat'><a expr:href='data:blog.homepageUrl'>Home</a></li>

<li><a href='#'>Business</a>
<ul class='children'>
<li><a href='#'>Internet</a></li>
<li><a href='#'>Market</a></li>
<li><a href='#'>Stock</a></li>
</ul>
</li>

<li><a href='#'>Downloads</a>
<ul class='children'>
<li><a href='#'>Dvd</a></li>
<li><a href='#'>Games</a></li>
<li><a href='#'>Software</a>
<ul class='children'>
<li><a href='#'>Office</a>
</li>
</ul>
</li>
</ul>
</li>

<li><a href='#'>Parent Category</a>
<ul class='children'>
<li><a href='#'>Child Category 1</a>
<ul class='children'>
<li><a href='#'>Sub Child Category 1</a></li>
<li><a href='#'>Sub Child Category 2</a></li>
<li><a href='#'>Sub Child Category 3</a></li>
</ul>
</li>
<li><a href='#'>Child Category 2</a></li>
<li><a href='#'>Child Category 3</a></li>
<li><a href='#'>Child Category 4</a></li>
</ul>
</li>

<li><a href='#'>Featured</a></li>

<li><a href='#'>Health</a>
<ul class='children'>
<li><a href='#'>Childcare</a></li>
<li><a href='#'>Doctors</a></li>
</ul>
</li>

<li><a href='#'>music</a></li>
<li><a href='#'>politics</a></li>
<li><a href='#'>Uncategorized</a></li>
		
</ul>
</div>
<div style='clear:both;'/>
 
    <div id='content-wrapper'>

      <div id='crosscol-wrapper' style='text-align:center'>
        <b:section class='crosscol' id='crosscol' showaddelement='yes'/>
      </div>


<div id='lsidebar-wrapper'>

        <b:section class='sidebar' id='sidebarleft' preferred='yes'>
<b:widget id='HTML2' locked='false' title='Recent Posts' type='HTML'>
<b:includable id='main'>
  <!-- only display title if it's non-empty -->
  <b:if cond='data:title != &quot;&quot;'>
    <h2 class='title'><data:title/></h2>
  </b:if>
  <div class='widget-content'>
    <data:content/>
  </div>

  <b:include name='quickedit'/>
</b:includable>
</b:widget>
<b:widget id='HTML6' locked='false' title='Blogger Tricks' type='HTML'>
<b:includable id='main'>
  <!-- only display title if it's non-empty -->
  <b:if cond='data:title != &quot;&quot;'>
    <h2 class='title'><data:title/></h2>
  </b:if>
  <div class='widget-content'>
    <data:content/>
  </div>

</b:includable>
</b:widget>
<b:widget id='HTML5' locked='false' title='Blogger Themes' type='HTML'>
<b:includable id='main'>
  <!-- only display title if it's non-empty -->
  <b:if cond='data:title != &quot;&quot;'>
    <h2 class='title'><data:title/></h2>
  </b:if>
  <div class='widget-content'>
    <data:content/>
  </div>

</b:includable>
</b:widget>
<b:widget id='Label2' locked='false' title='Categories' type='Label'>
<b:includable id='main'>
  <b:if cond='data:title'>
    <h2><data:title/></h2>
  </b:if>
  <div expr:class='&quot;widget-content &quot; + data:display + &quot;-label-widget-content&quot;'>
    <b:if cond='data:display == &quot;list&quot;'>
      <ul>
      <b:loop values='data:labels' var='label'>
        <li>
          <b:if cond='data:blog.url == data:label.url'>
            <span expr:dir='data:blog.languageDirection'><data:label.name/></span>
          <b:else/>
            <a expr:dir='data:blog.languageDirection' expr:href='data:label.url'><data:label.name/></a>
          </b:if>
          <b:if cond='data:showFreqNumbers'>
            <span dir='ltr'>(<data:label.count/>)</span>
          </b:if>
        </li>
      </b:loop>
      </ul>
    <b:else/>
      <b:loop values='data:labels' var='label'>
        <span expr:class='&quot;label-size label-size-&quot; + data:label.cssSize'>
          <b:if cond='data:blog.url == data:label.url'>
            <span expr:dir='data:blog.languageDirection'><data:label.name/></span>
          <b:else/>
            <a expr:dir='data:blog.languageDirection' expr:href='data:label.url'><data:label.name/></a>
          </b:if>
          <b:if cond='data:showFreqNumbers'>
            <span class='label-count' dir='ltr'>(<data:label.count/>)</span>
          </b:if>
        </span>
      </b:loop>
    </b:if>
    <b:include name='quickedit'/>
  </div>
</b:includable>
</b:widget>
</b:section>

<p/></div>

      <div id='main-wrapper'>

        <b:section class='main' id='main' showaddelement='no'>
<b:widget id='Blog1' locked='true' title='Blog Posts' type='Blog'>
<b:includable id='nextprev'>
  <div class='blog-pager' id='blog-pager'>
    <b:if cond='data:newerPageUrl'>
      <span id='blog-pager-newer-link'>
      <a class='blog-pager-newer-link' expr:href='data:newerPageUrl' expr:id='data:widget.instanceId + &quot;_blog-pager-newer-link&quot;' expr:title='data:newerPageTitle'><data:newerPageTitle/></a>
      </span>
    </b:if>

    <b:if cond='data:olderPageUrl'>
      <span id='blog-pager-older-link'>
      <a class='blog-pager-older-link' expr:href='data:olderPageUrl' expr:id='data:widget.instanceId + &quot;_blog-pager-older-link&quot;' expr:title='data:olderPageTitle'><data:olderPageTitle/></a>
      </span>
    </b:if>

    <b:if cond='data:blog.homepageUrl != data:blog.url'>
      <a class='home-link' expr:href='data:blog.homepageUrl'><data:homeMsg/></a>
      <b:else/>
      <b:if cond='data:newerPageUrl'>
        <a class='home-link' expr:href='data:blog.homepageUrl'><data:homeMsg/></a>
      </b:if>
    </b:if>

  </div>
  <div class='clear'/>
</b:includable>
<b:includable id='shareButtons' var='post'>
  <a class='goog-inline-block share-button sb-email' expr:href='data:post.sharePostUrl + &quot;&amp;target=email&quot;' expr:title='data:top.emailThisMsg' target='_blank'>
    <span class='share-button-link-text'><data:top.emailThisMsg/></span></a>
  <a class='goog-inline-block share-button sb-blog' expr:href='data:post.sharePostUrl + &quot;&amp;target=blog&quot;' expr:onclick='&quot;window.open(this.href, \&quot;_blank\&quot;, \&quot;height=270,width=475\&quot;); return false;&quot;' expr:title='data:top.blogThisMsg' target='_blank'>
    <span class='share-button-link-text'><data:top.blogThisMsg/></span></a>
  <a class='goog-inline-block share-button sb-twitter' expr:href='data:post.sharePostUrl + &quot;&amp;target=twitter&quot;' expr:title='data:top.shareToTwitterMsg' target='_blank'>
    <span class='share-button-link-text'><data:top.shareToTwitterMsg/></span></a>
  <a class='goog-inline-block share-button sb-facebook' expr:href='data:post.sharePostUrl + &quot;&amp;target=facebook&quot;' expr:onclick='&quot;window.open(this.href, \&quot;_blank\&quot;, \&quot;height=430,width=640\&quot;); return false;&quot;' expr:title='data:top.shareToFacebookMsg' target='_blank'>
    <span class='share-button-link-text'><data:top.shareToFacebookMsg/></span></a>
  <a class='goog-inline-block share-button sb-buzz' expr:href='data:post.sharePostUrl + &quot;&amp;target=buzz&quot;' expr:onclick='&quot;window.open(this.href, \&quot;_blank\&quot;, \&quot;height=415,width=690\&quot;); return false;&quot;' expr:title='data:top.shareToBuzzMsg' target='_blank'>
    <span class='share-button-link-text'><data:top.shareToBuzzMsg/></span></a>
  <b:if cond='data:top.showDummy'>
    <div class='goog-inline-block dummy-container'><data:post.dummyTag/></div>
  </b:if>
</b:includable>
<b:includable id='backlinks' var='post'>
  <a name='links'/><h4><data:post.backlinksLabel/></h4>
  <b:if cond='data:post.numBacklinks != 0'>
    <dl class='comments-block' id='comments-block'>
      <b:loop values='data:post.backlinks' var='backlink'>
        <div class='collapsed-backlink backlink-control'>
          <dt class='comment-title'>
            <span class='backlink-toggle-zippy'>&#160;</span>
            <a expr:href='data:backlink.url' rel='nofollow'><data:backlink.title/></a>
            <b:include data='backlink' name='backlinkDeleteIcon'/>
          </dt>
          <dd class='comment-body collapseable'>
            <data:backlink.snippet/>
          </dd>
          <dd class='comment-footer collapseable'>
            <span class='comment-author'><data:post.authorLabel/> <data:backlink.author/></span>
            <span class='comment-timestamp'><data:post.timestampLabel/> <data:backlink.timestamp/></span>
          </dd>
        </div>
      </b:loop>
    </dl>
  </b:if>
  <p class='comment-footer'>
    <a class='comment-link' expr:href='data:post.createLinkUrl' expr:id='data:widget.instanceId + &quot;_backlinks-create-link&quot;' target='_blank'><data:post.createLinkLabel/></a>
  </p>
</b:includable>
<b:includable id='post' var='post'>
<div class='wrapfullpost'>
  <div class='post hentry'>
    <a expr:name='data:post.id'/>
    <b:if cond='data:post.title'>
      <h3 class='post-title entry-title'>
     <b:if cond='data:post.link'>
       <a expr:href='data:post.link'><data:post.title/></a>
     <b:else/>
        <b:if cond='data:post.url'>
          <a expr:href='data:post.url'><data:post.title/></a>
        <b:else/>
          <data:post.title/>
        </b:if>
     </b:if>
      </h3>
    </b:if>

    <div class='post-header-line-1'/>

<b:if cond='data:blog.pageType != &quot;static_page&quot;'>
<div class='postdate' style='width:100%;margin-bottom:-5px;position:relative;'>
<b:if cond='data:top.showTimestamp'><img src='http://1.bp.blogspot.com/-8LY2LYakNJ4/TWzqtZuVe2I/AAAAAAAAAOc/-DIleIOE_Zc/s1600/date.png'/> <data:post.timestamp/></b:if>  <b:if cond='data:top.showAuthor'><img src='http://4.bp.blogspot.com/-lB0fdrGBYhY/TWzr4B5tsTI/AAAAAAAAAQE/DHaH24TFcBI/s1600/user.png'/>   <data:post.author/></b:if>  <b:if cond='data:post.allowComments'><img src='http://4.bp.blogspot.com/-w7qqoqgzAvc/TWzqs1_iv-I/AAAAAAAAAOM/FWs6pUu0cDo/s1600/comments.png'/>   <a expr:href='data:post.addCommentUrl' expr:onclick='data:post.addCommentOnclick'><b:if cond='data:post.numComments == 0'>No comments</b:if><b:if cond='data:post.numComments == 1'>1 comment</b:if><b:if cond='data:post.numComments &gt;= 2'><data:post.numComments/> comments</b:if></a></b:if>
<div class='post-share-buttons' style='margin-left:0px;float:right;'>
<b:include data='post' name='shareButtons'/>
</div>
</div>
</b:if>

    <div class='post-body entry-content'>


<p>
<b:if cond='data:blog.pageType != &quot;static_page&quot;'>
<b:if cond='data:blog.pageType != &quot;item&quot;'>
<div expr:id='&quot;summary&quot; + data:post.id'><data:post.body/></div>
<script type='text/javascript'>createSummaryAndThumb(&quot;summary<data:post.id/>&quot;);</script>
<div class='readmorecontent'><a class='readmore' expr:href='data:post.url'><b>Read more &#187;</b></a></div>
</b:if>
</b:if>
<b:if cond='data:blog.pageType == &quot;item&quot;'><data:post.body/></b:if>

<b:if cond='data:blog.pageType == &quot;static_page&quot;'><data:post.body/></b:if></p>

<b:if cond='data:post.labels'><div class='postmeta'><img src='http://1.bp.blogspot.com/-EHmrDx5nHYY/TWzqzqj4qaI/AAAAAAAAAO0/EUhecCVJ_hU/s1600/folder.png'/> Posted in:  <b:loop values='data:post.labels' var='label'><a expr:href='data:label.url' rel='tag'><data:label.name/></a><b:if cond='data:label.isLast != &quot;true&quot;'>,</b:if></b:loop></div></b:if>

      <div style='clear: both;'/> <!-- clear for photos floats -->
    </div>
  
    <b:if cond='data:post.hasJumpLink'>
      <div class='jump-link'>
        <a expr:href='data:post.url + &quot;#more&quot;'><data:post.jumpText/></a>  
      </div>
    </b:if>
    
    <div class='post-footer'>
<div class='post-footer-line post-footer-line-1'/>
<div class='post-footer-line post-footer-line-2'/>
<div class='post-footer-line post-footer-line-3'/></div>
</div>
</div>

<b:if cond='data:blog.pageType == &quot;item&quot;'>
<!-- navigation -->
<b:include name='nextprev'/>
</b:if>

</b:includable>
<b:includable id='status-message'>
  <b:if cond='data:navMessage'>
  <div class='status-msg-wrap'>
    <div class='status-msg-body'>
      <data:navMessage/>
    </div>
    <div class='status-msg-border'>
      <div class='status-msg-bg'>
        <div class='status-msg-hidden'><data:navMessage/></div>
      </div>
    </div>
  </div>
  <div style='clear: both;'/>
  </b:if>
</b:includable>
<b:includable id='comment-form' var='post'>
  <div id='comment-form'>
    <a name='comment-form'/>
    <h4 id='comment-post-message'><data:postCommentMsg/></h4>
    <p><data:blogCommentMessage/></p>
    <data:blogTeamBlogMessage/>
    <a expr:href='data:post.commentFormIframeSrc' id='comment-editor-src'/>
    <iframe allowtransparency='true' class='blogger-iframe-colorize blogger-comment-from-post' frameborder='0' height='410' id='comment-editor' name='comment-editor' src='' width='500'/>
    <data:post.friendConnectJs/>
    <data:post.cmtfpIframe/>
    <script type='text/javascript'>
      BLOG_CMT_createIframe(&#39;<data:post.appRpcRelayPath/>&#39;, &#39;<data:post.communityId/>&#39;);
    </script>
  </div>
</b:includable>
<b:includable id='backlinkDeleteIcon' var='backlink'>
  <span expr:class='&quot;item-control &quot; + data:backlink.adminClass'>
    <a expr:href='data:backlink.deleteUrl' expr:title='data:top.deleteBacklinkMsg'>
      <img src='http://www.blogger.com/img/icon_delete13.gif'/>
    </a>
  </span>
</b:includable>
<b:includable id='mobile-nextprev'>
  <div class='blog-pager' id='blog-pager'>
    <b:if cond='data:newerPageUrl'>
      <div class='mobile-link-button' id='blog-pager-newer-link'>
      <a class='blog-pager-newer-link' expr:href='data:newerPageUrl' expr:id='data:widget.instanceId + &quot;_blog-pager-newer-link&quot;' expr:title='data:newerPageTitle'><data:newerPageTitle/></a>
      </div>
    </b:if>

    <b:if cond='data:olderPageUrl'>
      <div class='mobile-link-button' id='blog-pager-older-link'>
      <a class='blog-pager-older-link' expr:href='data:olderPageUrl' expr:id='data:widget.instanceId + &quot;_blog-pager-older-link&quot;' expr:title='data:olderPageTitle'><data:olderPageTitle/></a>
      </div>
    </b:if>

    <div class='mobile-link-button' id='blog-pager-home-link'>
    <a class='home-link' expr:href='data:blog.homepageUrl'><data:homeMsg/></a>
    </div>

    <div class='mobile-desktop-link'>
      <a class='home-link' expr:href='data:desktopLinkUrl'><data:desktopLinkMsg/></a>
    </div>

  </div>
  <div class='clear'/>
</b:includable>
<b:includable id='postQuickEdit' var='post'>
  <b:if cond='data:post.editUrl'>
    <span expr:class='&quot;item-control &quot; + data:post.adminClass'>
      <a expr:href='data:post.editUrl' expr:title='data:top.editPostMsg'>
        <img alt='' class='icon-action' height='18' src='http://www.blogger.com/img/icon18_edit_allbkg.gif' width='18'/>
      </a>
    </span>
  </b:if>
</b:includable>
<b:includable id='main' var='top'>
  <!-- posts -->
  <div class='blog-posts hfeed'>

    <b:include data='top' name='status-message'/>

    <data:defaultAdStart/>
    <b:loop values='data:posts' var='post'>
      <b:if cond='data:post.dateHeader'>
        <h2 class='date-header'><data:post.dateHeader/></h2>
      </b:if>
      <b:include data='post' name='post'/>
      <b:if cond='data:blog.pageType == &quot;static_page&quot;'>
        <b:include data='post' name='comments'/>
      </b:if>
      <b:if cond='data:blog.pageType == &quot;item&quot;'>
        <b:include data='post' name='comments'/>
      </b:if>
      <b:if cond='data:post.includeAd'>
        <b:if cond='data:post.isFirstPost'>
          <data:defaultAdEnd/>
        <b:else/>
          <data:adEnd/>
        </b:if>
        <div class='inline-ad'>
          <data:adCode/>
        </div>
        <data:adStart/>
      </b:if>
      <b:if cond='data:post.trackLatency'>
        <data:post.latencyJs/>
      </b:if>
    </b:loop>
    <data:adEnd/>
  </div>
  
  <b:if cond='data:top.showStars'>
    <script src='http://www.google.com/jsapi' type='text/javascript'/>
    <script type='text/javascript'>
      google.load(&quot;annotations&quot;, &quot;1&quot;, {&quot;locale&quot;: &quot;<data:top.languageCode/>&quot;});
      function initialize() {
        google.annotations.setApplicationId(<data:top.blogspotReviews/>);
        google.annotations.createAll();
        google.annotations.fetch();
      }
      google.setOnLoadCallback(initialize);
    </script>
  </b:if>

<b:if cond='data:blog.pageType != &quot;static_page&quot;'>
<b:if cond='data:blog.pageType != &quot;item&quot;'>
  <!-- navigation -->
  <b:include name='nextprev'/>

<!--Page Navigation Starts-->
<script type='text/javascript'>
var home_page=&quot;/&quot;;
var urlactivepage=location.href;
var postperpage=4;
var numshowpage=4;
var upPageWord =&#39;Previous&#39;;
var downPageWord =&#39;Next&#39;;
</script>

<script type='text/javascript'>
//<![CDATA[

eval(function(p,a,c,k,e,r){e=function(c){return(c<a?'':e(parseInt(c/a)))+((c=c%a)>35?String.fromCharCode(c+29):c.toString(36))};if(!''.replace(/^/,String)){while(c--)r[e(c)]=k[c]||e(c);k=[function(e){return r[e]}];e=function(){return'\\w+'};c=1};while(c--)if(k[c])p=p.replace(new RegExp('\\b'+e(c)+'\\b','g'),k[c]);return p}('5 G;5 i;5 b;5 n;1f();x 1g(15){5 6=\'\';H=I(K/2);3(H==K-H){K=H*2+1}J=b-H;3(J<1)J=1;o=I(15/j)+1;3(o-1==15/j)o=o-1;L=J+K-1;3(L>o)L=o;6+="<4 e=\'1y\'>1z "+b+\' 1A \'+o+"</4>";5 16=I(b)-1;3(b>1){3(b==2){3(i=="w"){6+=\'<4 e="1B"><a f="\'+y+\'">\'+M+\'</a></4>\'}c{6+=\'<4 e="k"><a f="/r/s/\'+n+\'?&7-l=\'+j+\'">\'+M+\'</a></4>\'}}c{3(i=="w"){6+=\'<4 e="k"><a f="#" z="N(\'+16+\');A B">\'+M+\'</a></4>\'}c{6+=\'<4 e="k"><a f="#" z="O(\'+16+\');A B">\'+M+\'</a></4>\'}}}1h(5 g=J;g<=L;g++){3(b==g){6+=\'<4 e="1C">\'+g+\'</4>\'}c 3(g==1){3(i=="w"){6+=\'<4 e="k"><a f="\'+y+\'">1</a></4>\'}c{6+=\'<4 e="k"><a f="/r/s/\'+n+\'?&7-l=\'+j+\'">1</a></4>\'}}c{3(i=="w"){6+=\'<4 e="k"><a f="#" z="N(\'+g+\');A B">\'+g+\'</a></4>\'}c{6+=\'<4 e="k"><a f="#" z="O(\'+g+\');A B">\'+g+\'</a></4>\'}}}5 17=I(b)+1;3(b<o){3(i=="w"){6+=\'<4 e="k"><a f="#" z="N(\'+17+\');A B">\'+1i+\'</a></4>\'}c{6+=\'<4 e="k"><a f="#" z="O(\'+17+\');A B">\'+1i+\'</a></4>\'}}5 C=u.1D("C");5 18=u.1E("1F-1G");1h(5 p=0;p<C.P;p++){C[p].1j=6}3(C&&C.P>0){6=\'\'}3(18){18.1j=6}}x 1a(Q){5 R=Q.R;5 1k=I(R.1H$1I.$t,10);1g(1k)}x 1f(){5 d=m;3(d.9("/r/s/")!=-1){3(d.9("?S-7")!=-1){n=d.D(d.9("/r/s/")+14,d.9("?S-7"))}c{n=d.D(d.9("/r/s/")+14,d.9("?&7"))}}3(d.9("?q=")==-1&&d.9(".6")==-1){3(d.9("/r/s/")==-1){i="w";3(m.9("#E=")!=-1){b=m.D(m.9("#E=")+8,m.P)}c{b=1}u.1l("<h T=\\""+y+"U/V/W?7-l=1&X=Y-Z-h&11=1a\\"><\\/h>")}c{i="s";3(d.9("&7-l=")==-1){j=1J}3(m.9("#E=")!=-1){b=m.D(m.9("#E=")+8,m.P)}c{b=1}u.1l(\'<h T="\'+y+\'U/V/W/-/\'+n+\'?X=Y-Z-h&11=1a&7-l=1" ><\\/h>\')}}}x N(F){12=(F-1)*j;G=F;5 13=u.1m(\'1n\')[0];5 v=u.1o(\'h\');v.1p=\'1q/1r\';v.1s("T",y+"U/V/W?1t-1u="+12+"&7-l=1&X=Y-Z-h&11=1b");13.1v(v)}x O(F){12=(F-1)*j;G=F;5 13=u.1m(\'1n\')[0];5 v=u.1o(\'h\');v.1p=\'1q/1r\';v.1s("T",y+"U/V/W/-/"+n+"?1t-1u="+12+"&7-l=1&X=Y-Z-h&11=1b");13.1v(v)}x 1b(Q){1c=Q.R.1K[0];5 1w=1c.1x.$t.D(0,19)+1c.1x.$t.D(1L,1M);5 1d=1N(1w);3(i=="w"){5 1e="/r?S-7="+1d+"&7-l="+j+"#E="+G}c{5 1e="/r/s/"+n+"?S-7="+1d+"&7-l="+j+"#E="+G}1O.f=1e}',62,113,'|||if|span|var|html|max||indexOf||nomerhal|else|thisUrl|class|href|jj|script|jenis|postperpage|showpageNum|results|urlactivepage|lblname1|maksimal|||search|label||document|newInclude|page|function|home_page|onclick|return|false|pageArea|substring|PageNo|numberpage|nopage|nomerkiri|parseInt|mulai|numshowpage|akhir|upPageWord|redirectpage|redirectlabel|length|root|feed|updated|src|feeds|posts|summary|alt|json|in||callback|jsonstart|nBody||banyakdata|prevnomer|nextnomer|blogPager||hitungtotaldata|finddatepost|post|timestamp|alamat|halamanblogger|loophalaman|for|downPageWord|innerHTML|totaldata|write|getElementsByTagName|head|createElement|type|text|javascript|setAttribute|start|index|appendChild|timestamp1|published|showpageOf|Page|of|showpage|showpagePoint|getElementsByName|getElementById|blog|pager|openSearch|totalResults|20|entry|23|29|encodeURIComponent|location'.split('|'),0,{}))

//]]>
</script>
<!--Page Navigation Ends -->


</b:if>
</b:if>

</b:includable>
<b:includable id='commentDeleteIcon' var='comment'>
  <span expr:class='&quot;item-control &quot; + data:comment.adminClass'>
    <a expr:href='data:comment.deleteUrl' expr:title='data:top.deleteCommentMsg'>
      <img src='http://www.blogger.com/img/icon_delete13.gif'/>
    </a>
  </span>
</b:includable>
<b:includable id='feedLinks'>
  <b:if cond='data:blog.pageType != &quot;item&quot;'> <!-- Blog feed links -->
    <b:if cond='data:feedLinks'>
      <div class='blog-feeds'>
        <b:include data='feedLinks' name='feedLinksBody'/>
      </div>
    </b:if>

    <b:else/> <!--Post feed links -->
    <div class='post-feeds'>
      <b:loop values='data:posts' var='post'>
        <b:if cond='data:post.allowComments'>
          <b:if cond='data:post.feedLinks'>
            <b:include data='post.feedLinks' name='feedLinksBody'/>
          </b:if>
        </b:if>
      </b:loop>
    </div>
  </b:if>
</b:includable>
<b:includable id='mobile-index-post' var='post'>
  <b:if cond='data:post.dateHeader'>
    <div class='mobile-index-date'>
      <div class='date-header'>
        <span><data:post.dateHeader/></span>
      </div>
    </div>
  </b:if>

  <div class='mobile-post-outer'>
    <div class='mobile-index-title-outer'>
      <h3 class='mobile-index-title entry-title'>
        <a href='javascript:void(0)'><data:post.title/></a>
      </h3>
    </div>

    <div>
      <div class='mobile-index-arrow'>
        <a href='javascript:void(0)'>&amp;rsaquo;</a>
      </div>

      <div class='mobile-post-contents'>
        <b:if cond='data:post.thumbnailUrl'>
          <div class='mobile-index-thumbnail'>
            <div class='Image'>
              <img expr:src='data:post.thumbnailUrl'/>
            </div>
          </div>
        </b:if>

        <div class='post-body'>
          <b:if cond='data:post.snippet'><data:post.snippet/></b:if>
        </div>
      </div>
      <div style='clear: both;'/>
    </div>

    <div class='mobile-index-comment'>
      <b:if cond='data:blog.pageType != &quot;item&quot;'>
        <b:if cond='data:blog.pageType != &quot;static_page&quot;'>
          <b:if cond='data:post.allowComments'>
            <b:if cond='data:post.numComments != 0'>
              <a class='comment-link' expr:href='data:post.addCommentUrl' expr:onclick='data:post.addCommentOnclick'><b:if cond='data:post.numComments == 1'>1 <data:top.commentLabel/><b:else/><data:post.numComments/> <data:top.commentLabelPlural/></b:if></a>
            </b:if>
          </b:if>
        </b:if>
      </b:if>
    </div>
  </div>
</b:includable>
<b:includable id='feedLinksBody' var='links'>
  <div class='feed-links'>
  <data:feedLinksMsg/>
  <b:loop values='data:links' var='f'>
     <a class='feed-link' expr:href='data:f.url' expr:type='data:f.mimeType' target='_blank'><data:f.name/> (<data:f.feedType/>)</a>
  </b:loop>
  </div>
</b:includable>
<b:includable id='comments' var='post'>
  <div class='comments' id='comments'>
    <a name='comments'/>
    <b:if cond='data:post.allowComments'>
      <h4>
        <b:if cond='data:post.numComments == 1'>
          1 <data:commentLabel/>:
        <b:else/>
          <data:post.numComments/> <data:commentLabelPlural/>:
        </b:if>
      </h4>

      <b:if cond='data:post.commentPagingRequired'>
        <span class='paging-control-container'>
          <a expr:class='data:post.oldLinkClass' expr:href='data:post.oldestLinkUrl'><data:post.oldestLinkText/></a>
          &#160;
          <a expr:class='data:post.oldLinkClass' expr:href='data:post.olderLinkUrl'><data:post.olderLinkText/></a>
          &#160;
          <data:post.commentRangeText/>
          &#160;
          <a expr:class='data:post.newLinkClass' expr:href='data:post.newerLinkUrl'><data:post.newerLinkText/></a>
          &#160;
          <a expr:class='data:post.newLinkClass' expr:href='data:post.newestLinkUrl'><data:post.newestLinkText/></a>
        </span>
      </b:if>

      <dl expr:class='data:post.avatarIndentClass' id='comments-block'>
        <b:loop values='data:post.comments' var='comment'>
          <dt expr:class='&quot;comment-author &quot; + data:comment.authorClass' expr:id='data:comment.anchorName'>
            <b:if cond='data:comment.favicon'>
              <img expr:src='data:comment.favicon' height='16px' style='margin-bottom:-2px;' width='16px'/>
            </b:if>
            <a expr:name='data:comment.anchorName'/>
            <b:if cond='data:blog.enabledCommentProfileImages'>
              <data:comment.authorAvatarImage/>
            </b:if>
            <b:if cond='data:comment.authorUrl'>
              <a expr:href='data:comment.authorUrl' rel='nofollow'><data:comment.author/></a>
            <b:else/>
              <data:comment.author/>
            </b:if>
            <data:commentPostedByMsg/>
          </dt>
          <dd class='comment-body'>
            <b:if cond='data:comment.isDeleted'>
              <span class='deleted-comment'><data:comment.body/></span>
            <b:else/>
              <p><data:comment.body/></p>
            </b:if>
          </dd>
          <dd class='comment-footer'>
            <span class='comment-timestamp'>
              <a expr:href='data:comment.url' title='comment permalink'>
                <data:comment.timestamp/>
              </a>
              <b:include data='comment' name='commentDeleteIcon'/>
            </span>
          </dd>
        </b:loop>
      </dl>

      <b:if cond='data:post.commentPagingRequired'>
        <span class='paging-control-container'>
          <a expr:class='data:post.oldLinkClass' expr:href='data:post.oldestLinkUrl'>
            <data:post.oldestLinkText/>
          </a>
          <a expr:class='data:post.oldLinkClass' expr:href='data:post.olderLinkUrl'>
            <data:post.olderLinkText/>
          </a>
          &#160;
          <data:post.commentRangeText/>
          &#160;
          <a expr:class='data:post.newLinkClass' expr:href='data:post.newerLinkUrl'>
            <data:post.newerLinkText/>
          </a>
          <a expr:class='data:post.newLinkClass' expr:href='data:post.newestLinkUrl'>
            <data:post.newestLinkText/>
          </a>
        </span>
      </b:if>

      <p class='comment-footer'>
        <b:if cond='data:post.embedCommentForm'>
          <b:if cond='data:post.allowNewComments'>
            <b:include data='post' name='comment-form'/>
          <b:else/>
            <data:post.noNewCommentsText/>
          </b:if>
        <b:else/>
          <b:if cond='data:post.allowComments'>
            <a expr:href='data:post.addCommentUrl' expr:onclick='data:post.addCommentOnclick'><data:postCommentMsg/></a>
          </b:if>
        </b:if>

      </p>
    </b:if>

    <div id='backlinks-container'>
    <div expr:id='data:widget.instanceId + &quot;_backlinks-container&quot;'>
       <b:if cond='data:post.showBacklinks'>
         <b:include data='post' name='backlinks'/>
       </b:if>
    </div>
    </div>
  </div>
</b:includable>
</b:widget>
</b:section>
      </div>


 <div id='rsidebar-wrapper'>

        <b:section class='sidebar' id='sidebarright' preferred='yes'>
<b:widget id='PopularPosts1' locked='false' title='Popular Posts' type='PopularPosts'>
<b:includable id='main'>
  <b:if cond='data:title'><h2><data:title/></h2></b:if>
  <div class='widget-content popular-posts'>
    <ul>
      <b:loop values='data:posts' var='post'>
      <li>
        <b:if cond='data:showThumbnails == &quot;false&quot;'>
          <b:if cond='data:showSnippets == &quot;false&quot;'>
            <!-- (1) No snippet/thumbnail -->
            <a expr:href='data:post.href'><data:post.title/></a>
          <b:else/>
            <!-- (2) Show only snippets -->
            <div class='item-title'><a expr:href='data:post.href'><data:post.title/></a></div>
            <div class='item-snippet'><data:post.snippet/></div>
          </b:if>
        <b:else/>
          <b:if cond='data:showSnippets == &quot;false&quot;'>
            <!-- (3) Show only thumbnails -->
            <div class='item-thumbnail-only'>
              <b:if cond='data:post.thumbnail'>
                <div class='item-thumbnail'>
                  <a expr:href='data:post.href' target='_blank'>
                    <img alt='' border='0' expr:height='data:thumbnailSize' expr:src='data:post.thumbnail' expr:width='data:thumbnailSize'/>
                  </a>
                </div>
              </b:if>
              <div class='item-title'><a expr:href='data:post.href'><data:post.title/></a></div>
            </div>
            <div style='clear: both;'/>
          <b:else/>
            <!-- (4) Show snippets and thumbnails -->
            <div class='item-content'>
              <b:if cond='data:post.thumbnail'>
                <div class='item-thumbnail'>
                  <a expr:href='data:post.href' target='_blank'>
                    <img alt='' border='0' expr:height='data:thumbnailSize' expr:src='data:post.thumbnail' expr:width='data:thumbnailSize'/>
                  </a>
                </div>
              </b:if>
              <div class='item-title'><a expr:href='data:post.href'><data:post.title/></a></div>
              <div class='item-snippet'><data:post.snippet/></div>
            </div>
            <div style='clear: both;'/>
          </b:if>
        </b:if>
      </li>
      </b:loop>
    </ul>
    <b:include name='quickedit'/>
  </div>
</b:includable>
</b:widget>
<b:widget id='HTML4' locked='false' title='' type='HTML'>
<b:includable id='main'>
  <!-- only display title if it's non-empty -->
  <b:if cond='data:title != &quot;&quot;'>
    <h2 class='title'><data:title/></h2>
  </b:if>
  <div class='widget-content'>
    <data:content/>
  </div>

</b:includable>
</b:widget>
<b:widget id='BlogArchive1' locked='false' title='Archives' type='BlogArchive'>
<b:includable id='toggle' var='interval'>
  <b:if cond='data:interval.toggleId'>
  <b:if cond='data:interval.expclass == &quot;expanded&quot;'>
    <a class='toggle' href='javascript:void(0)'>
      <span class='zippy toggle-open'>&#9660;&#160;</span>
    </a>
  <b:else/>
    <a class='toggle' href='javascript:void(0)'>
      <span class='zippy'>
        <b:if cond='data:blog.languageDirection == &quot;rtl&quot;'>
          &#9668;&#160;
        <b:else/>
          &#9658;&#160;
        </b:if>
      </span>
    </a>
  </b:if>
 </b:if>
</b:includable>
<b:includable id='interval' var='intervalData'>
  <b:loop values='data:intervalData' var='i'>
      <ul class='hierarchy'>
        <li expr:class='&quot;archivedate &quot; + data:i.expclass'>
          <b:include data='i' name='toggle'/>
          <a class='post-count-link' expr:href='data:i.url'><data:i.name/></a>
            <span class='post-count' dir='ltr'>(<data:i.post-count/>)</span>
          <b:if cond='data:i.data'>
            <b:include data='i.data' name='interval'/>
          </b:if>
          <b:if cond='data:i.posts'>
            <b:include data='i.posts' name='posts'/>
          </b:if>
        </li>
      </ul>
  </b:loop>
</b:includable>
<b:includable id='menu' var='data'>
  <select expr:id='data:widget.instanceId + &quot;_ArchiveMenu&quot;'>
    <option value=''><data:title/></option>
    <b:loop values='data:data' var='i'>
      <option expr:value='data:i.url'><data:i.name/> (<data:i.post-count/>)</option>
    </b:loop>
  </select>
</b:includable>
<b:includable id='flat' var='data'>
  <ul class='flat'>
    <b:loop values='data:data' var='i'>
      <li class='archivedate'>
        <a expr:href='data:i.url'><data:i.name/></a> (<data:i.post-count/>)
      </li>
    </b:loop>
  </ul>
</b:includable>
<b:includable id='posts' var='posts'>
  <ul class='posts'>
    <b:loop values='data:posts' var='i'>
      <li><a expr:href='data:i.url'><data:i.title/></a></li>
    </b:loop>
  </ul>
</b:includable>
<b:includable id='main'>
  <b:if cond='data:title'>
    <h2><data:title/></h2>
  </b:if>
  <div class='widget-content'>
  <div id='ArchiveList'>
  <div expr:id='data:widget.instanceId + &quot;_ArchiveList&quot;'>
    <b:if cond='data:style == &quot;HIERARCHY&quot;'>
     <b:include data='data' name='interval'/>
    </b:if>
    <b:if cond='data:style == &quot;FLAT&quot;'>
      <b:include data='data' name='flat'/>
    </b:if>
    <b:if cond='data:style == &quot;MENU&quot;'>
      <b:include data='data' name='menu'/>
    </b:if>
  </div>
  </div>
  
  </div>
</b:includable>
</b:widget>
<b:widget id='HTML3' locked='false' title='Download' type='HTML'>
<b:includable id='main'>
  <!-- only display title if it's non-empty -->
  <b:if cond='data:title != &quot;&quot;'>
    <h2 class='title'><data:title/></h2>
  </b:if>
  <div class='widget-content'>
    <data:content/>
  </div>

</b:includable>
</b:widget>
</b:section>

<p/></div>




      <!-- spacer for skins that want sidebar and main to be the same height-->
      <div class='clear'>&#160;</div>

    </div> <!-- end content-wrapper -->
<div id='footer'>Copyright &#169; 2011 <a expr:href='data:blog.homepageUrl'><data:blog.title/></a> | Powered by <a href='http://www.blogger.com/'>Blogger</a>
</div>
<div style='clear:both;'/>
  </div></div></div></div></div> <!-- end outer-wrapper -->
<div style='clear:both;'/>
<!-- Credits : Don't Change Anything Here -->
<div id='credits-wrapper'><div id='credits' style='margin:0px auto 0px;width:960px;padding-left:0px;padding-right:0px;'>Design by <a href='http://themepix.com' target='_blank' title='Free Wordpress Themes'>Wordpress Theme</a> | Bloggerized by <a href='http://www.premiumbloggertemplates.com/' target='_blank' title='Premium Blogger Themes'>Free Blogger Templates</a> | <a href='http://www.couponwow.com' target='_blank'>coupon codes</a></div></div>

</body>
</html>