<?xml version="1.0" encoding="UTF-8" ?>
<!DOCTYPE html PUBLIC "-//W3C//DTD XHTML 1.0 Strict//EN" "http://www.w3.org/TR/xhtml1/DTD/xhtml1-strict.dtd">
<html expr:dir='data:blog.languageDirection' xmlns='http://www.w3.org/1999/xhtml' xmlns:b='http://www.google.com/2005/gml/b' xmlns:data='http://www.google.com/2005/gml/data' xmlns:expr='http://www.google.com/2005/gml/expr'>
  <head>
    <b:include data='blog' name='all-head-content'/>

<b:if cond='data:blog.url == data:blog.homepageUrl'>
<meta content='DESCRIPTION HERE' name='description'/>
<meta content='KEYWORDS HERE' name='keywords'/>
</b:if>

<!-- Start www.bloggertipandtrick.net: Changing the Blogger Title Tag  -->
<b:if cond='data:blog.pageType == &quot;index&quot;'>
<title><data:blog.pageTitle/></title> 
<b:else/>
<title><data:blog.pageName/> ~ <data:blog.title/></title>
</b:if>
<!-- End www.bloggertipandtrick.net: Changing the Blogger Title Tag  -->

<link href='YOUR-FAVICON-URL' rel='shortcut icon' type='image/vnd.microsoft.icon'/>

    <b:skin><![CDATA[/*
-----------------------------------------------
Blogger Template Style
Name:   deStyle
Author: Lasantha Bandara
URL 1:  http://www.premiumbloggertemplates.com/
URL 2:  http://www.bloggertipandtrick.net/
Date:   June 2011
License:  This free Blogger template is licensed under the Creative Commons Attribution 3.0 License, which permits both personal and commercial use.
However, to satisfy the 'attribution' clause of the license, you are required to keep the footer links intact which provides due credit to its authors. For more specific details about the license, you may visit the URL below:
http://creativecommons.org/licenses/by/3.0/
----------------------------------------------- */

/* Variable definitions
   ====================
   <Variable name="bgcolor" description="Page Background Color"
             type="color" default="#fff" value="#ffffff">
   <Variable name="textcolor" description="Text Color"
             type="color" default="#333" value="#333333">
   <Variable name="linkcolor" description="Link Color"
             type="color" default="#58a" value="#5588aa">
   <Variable name="pagetitlecolor" description="Blog Title Color"
             type="color" default="#666" value="#666666">
   <Variable name="descriptioncolor" description="Blog Description Color"
             type="color" default="#999" value="#999999">
   <Variable name="titlecolor" description="Post Title Color"
             type="color" default="#c60" value="#cc6600">
   <Variable name="bordercolor" description="Border Color"
             type="color" default="#ccc" value="#cccccc">
   <Variable name="sidebarcolor" description="Sidebar Title Color"
             type="color" default="#999" value="#999999">
   <Variable name="sidebartextcolor" description="Sidebar Text Color"
             type="color" default="#666" value="#666666">
   <Variable name="visitedlinkcolor" description="Visited Link Color"
             type="color" default="#999" value="#999999">
   <Variable name="bodyfont" description="Text Font"
             type="font" default="normal normal 100% Georgia, Serif" value="normal normal 100% Georgia, Serif">
   <Variable name="headerfont" description="Sidebar Title Font"
             type="font"
             default="normal normal 78% 'Trebuchet MS',Trebuchet,Arial,Verdana,Sans-serif" value="normal normal 78% 'Trebuchet MS',Trebuchet,Arial,Verdana,Sans-serif">
   <Variable name="pagetitlefont" description="Blog Title Font"
             type="font"
             default="normal normal 200% Georgia, Serif" value="normal normal 200% Georgia, Serif">
   <Variable name="descriptionfont" description="Blog Description Font"
             type="font"
             default="normal normal 78% 'Trebuchet MS', Trebuchet, Arial, Verdana, Sans-serif" value="normal normal 78% 'Trebuchet MS', Trebuchet, Arial, Verdana, Sans-serif">
   <Variable name="postfooterfont" description="Post Footer Font"
             type="font"
             default="normal normal 78% 'Trebuchet MS', Trebuchet, Arial, Verdana, Sans-serif" value="normal normal 78% 'Trebuchet MS', Trebuchet, Arial, Verdana, Sans-serif">
   <Variable name="startSide" description="Side where text starts in blog language"
             type="automatic" default="left" value="left">
   <Variable name="endSide" description="Side where text ends in blog language"
             type="automatic" default="right" value="right">
*/

/* Use this with templates/template-twocol.html */

]]></b:skin>

<script src='http://apis.google.com/js/plusone.js' type='text/javascript'>
{lang: &#39;en-US&#39;}
</script>

<script type='text/javascript'>
//<![CDATA[

function showrecentcomments(json){for(var i=0;i<a_rc;i++){var b_rc=json.feed.entry[i];var c_rc;if(i==json.feed.entry.length)break;for(var k=0;k<b_rc.link.length;k++){if(b_rc.link[k].rel=='alternate'){c_rc=b_rc.link[k].href;break;}}c_rc=c_rc.replace("#","#comment-");var d_rc=c_rc.split("#");d_rc=d_rc[0];var e_rc=d_rc.split("/");e_rc=e_rc[5];e_rc=e_rc.split(".html");e_rc=e_rc[0];var f_rc=e_rc.replace(/-/g," ");f_rc=f_rc.link(d_rc);var g_rc=b_rc.published.$t;var h_rc=g_rc.substring(0,4);var i_rc=g_rc.substring(5,7);var j_rc=g_rc.substring(8,10);var k_rc=new Array();k_rc[1]="Jan";k_rc[2]="Feb";k_rc[3]="Mar";k_rc[4]="Apr";k_rc[5]="May";k_rc[6]="Jun";k_rc[7]="Jul";k_rc[8]="Aug";k_rc[9]="Sep";k_rc[10]="Oct";k_rc[11]="Nov";k_rc[12]="Dec";if("content" in b_rc){var l_rc=b_rc.content.$t;}else if("summary" in b_rc){var l_rc=b_rc.summary.$t;}else var l_rc="";var re=/<\S[^>]*>/g;l_rc=l_rc.replace(re,"");if(m_rc==true)document.write('On '+k_rc[parseInt(i_rc,10)]+' '+j_rc+' ');document.write('<a href="'+c_rc+'">'+b_rc.author[0].name.$t+'</a> commented');if(n_rc==true)document.write(' on '+f_rc);document.write(': ');if(l_rc.length<o_rc){document.write('<i>&#8220;');document.write(l_rc);document.write('&#8221;</i><br/><br/>');}else{document.write('<i>&#8220;');l_rc=l_rc.substring(0,o_rc);var p_rc=l_rc.lastIndexOf(" ");l_rc=l_rc.substring(0,p_rc);document.write(l_rc+'&hellip;&#8221;</i>');document.write('<br/><br/>');}}}

function rp(json){document.write('<ul>');for(var i=0;i<numposts;i++){document.write('<li>');var entry=json.feed.entry[i];var posttitle=entry.title.$t;var posturl;if(i==json.feed.entry.length)break;for(var k=0;k<entry.link.length;k++){if(entry.link[k].rel=='alternate'){posturl=entry.link[k].href;break}}posttitle=posttitle.link(posturl);var readmorelink="(more)";readmorelink=readmorelink.link(posturl);var postdate=entry.published.$t;var cdyear=postdate.substring(0,4);var cdmonth=postdate.substring(5,7);var cdday=postdate.substring(8,10);var monthnames=new Array();monthnames[1]="Jan";monthnames[2]="Feb";monthnames[3]="Mar";monthnames[4]="Apr";monthnames[5]="May";monthnames[6]="Jun";monthnames[7]="Jul";monthnames[8]="Aug";monthnames[9]="Sep";monthnames[10]="Oct";monthnames[11]="Nov";monthnames[12]="Dec";if("content"in entry){var postcontent=entry.content.$t}else if("summary"in entry){var postcontent=entry.summary.$t}else var postcontent="";var re=/<\S[^>]*>/g;postcontent=postcontent.replace(re,"");document.write(posttitle);if(showpostdate==true)document.write(' - '+monthnames[parseInt(cdmonth,10)]+' '+cdday);if(showpostsummary==true){if(postcontent.length<numchars){document.write(postcontent)}else{postcontent=postcontent.substring(0,numchars);var quoteEnd=postcontent.lastIndexOf(" ");postcontent=postcontent.substring(0,quoteEnd);document.write(postcontent+'...'+readmorelink)}}document.write('</li>')}document.write('</ul>')}

//]]>
</script>


<script type='text/javascript'>
summary_noimg = 450;
summary_img = 300;
img_thumb_height = 180;
img_thumb_width = 180; 
</script>
<script type='text/javascript'>
//<![CDATA[

function removeHtmlTag(strx,chop){ 
	if(strx.indexOf("<")!=-1)
	{
		var s = strx.split("<"); 
		for(var i=0;i<s.length;i++){ 
			if(s[i].indexOf(">")!=-1){ 
				s[i] = s[i].substring(s[i].indexOf(">")+1,s[i].length); 
			} 
		} 
		strx =  s.join(""); 
	}
	chop = (chop < strx.length-1) ? chop : strx.length-2; 
	while(strx.charAt(chop-1)!=' ' && strx.indexOf(' ',chop)!=-1) chop++; 
	strx = strx.substring(0,chop-1); 
	return strx+'...'; 
}

function createSummaryAndThumb(pID){
	var div = document.getElementById(pID);
	var imgtag = "";
	var img = div.getElementsByTagName("img");
	var summ = summary_noimg;
	if(img.length>=1) {	
		imgtag = '<span style="float:left; padding:0px 10px 0px 0px;"><img src="'+img[0].src+'" width="'+img_thumb_width+'px" height="'+img_thumb_height+'px"/></span>';
		summ = summary_img;
	}
        
        if(img.length<1) {	
		imgtag = '<span style="float:left; padding:0px 10px 0px 0px;"><img src="http://3.bp.blogspot.com/-_v5BPLV1Sv4/TgTlNdJ7sdI/AAAAAAAAAk4/LZazupq3uos/s1600/default.jpg" width="180px" height="180px"/></span>';
		summ = summary_img;
	}
	
	var summary = imgtag + '<div>' + removeHtmlTag(div.innerHTML,summ) + '</div>';
	div.innerHTML = summary;
}

//]]>
</script>


<style type='text/css'>
body{background:url(&quot;http://2.bp.blogspot.com/-goj3WZ947TA/TgTkJJ7Pg-I/AAAAAAAAAg4/zfKZxXyBDTY/s1600/bg-body.jpg&quot;) repeat-x scroll left top #EEEEEE;color:#4a4a4a;font-family: &quot;Helvetica Neue&quot;, Helvetica, Arial, sans-serif;font-size: 11px;margin:0px;padding:0px;}
a:link,a:visited{color:#7a3737;outline:none;}
a:hover{outline:none;}
a img{border-width:0}
#body-wrapper{margin:0px;padding:0px;}
#body-wrapper2{margin:0px;padding:0px;}
#body-wrapper3{margin:0px;padding:0px;background:url(&quot;http://1.bp.blogspot.com/-sDDBnfXzJug/TgTk2e65MxI/AAAAAAAAAjQ/-NE63oPsxuQ/s1600/bg-main.png&quot;) no-repeat scroll center top transparent}
hr{height:1px;margin:20px 0;background:#eee;border:none;clear:both}
h1,h2,h3,h4,h5,h6{margin:0 0 20px;padding:0;line-height:normal}
h1{font-size:24px}
h2{font-size:20px}
h3{font-size:16px}
h4,h5,h6{margin-bottom:10px}
blockquote{margin:0 0 0 10px;padding:0px 0px 10px 20px;background:transparent url(http://3.bp.blogspot.com/-gsXEF86cl98/TgTkI8Qx6AI/AAAAAAAAAgw/mCcQkiCozGM/s1600/bg-blockquote.png) no-repeat right bottom;font-style:italic}
address{padding:0 0 0 15px;font-style:italic}
code{font-family:&quot;Courier New&quot;,Courier,serif;overflow:auto;padding:2px;background:#e4e4e4;text-shadow:1px 1px 0 #fff}
pre code{background:none}
pre{margin:0 0 20px;padding:10px;background:#f8f8f8;overflow:auto;color:#646464;border:1px solid #e4e4e4}
dl{margin:0 0 10px}
dt{font-weight:bold}
dd{padding:0 0 10px}
small{font-size:10px;font-weight:normal}
table{margin:0 0 20px;border-collapse:collapse}
th{padding:5px;background:#eee;border:1px solid #ddd;text-align:left}
td{padding:5px;border:1px solid #ddd}
/* Header-----------------------------------------------*/
#header-wrapper{width:980px;margin:0px auto 0px;height:90px;margin-top:0px;overflow:hidden;}
#header-inner{background-position:center;margin-left:auto;margin-right:auto}
#header{margin:0;border:0 solid $bordercolor;color:$pagetitlecolor;float:left;width:43%;overflow:hidden;}
#header h1{margin:0 5px 0;padding:10px 0 0 0px;font-family:Arial, Helvetica, Sans-serif;font-weight:bold;font-size:41px;color:#fff;text-shadow:text-shadow:1px 1px 0 #000000;}
#header .description{padding-left:10px;color:#F4DEC7;font-size:12px;padding-top:0px;margin-top:0px;text-shadow:1px 1px 0 #000000;}
#header h1 a,#header h1 a:visited{color:#fff;text-decoration:none}
#header h2{padding-left:15px;color:#F4DEC7;font:12px Arial,Helvetica,Sans-serif}
#header2{float:right;width:53%;margin-right:0px;padding-right:0px;overflow:hidden;}
#header2 .widget{padding:17px 0px 0 0px;float:right}
/* Outer-Wrapper----------------------------------------------- */
#outer-wrapper{width:980px;margin:0px auto 0px;padding:0;text-align:$startSide;font:$bodyfont;}
#content-wrapper{background:url(&quot;http://2.bp.blogspot.com/-gnU5ffvhzgU/TgTkj7QABRI/AAAAAAAAAiQ/0flxHNsNKjg/s1600/bg-content-wrap.png&quot;) repeat-y scroll left top transparent;margin:0 auto;padding:5px 0 0;width:980px;z-index:1;}
#content-top,#content-bottom{background:url(&quot;http://3.bp.blogspot.com/-pFS8j9eHCFE/TgTkj3gJnQI/AAAAAAAAAiI/GJO21avtMU4/s1600/bg-content-top.png&quot;) no-repeat scroll left bottom transparent;height:20px;margin:0 auto;width:980px;z-index:2}
#content-bottom{background:transparent url(http://3.bp.blogspot.com/-EkytkneHtas/TgTkjtoOcQI/AAAAAAAAAiA/fmkdy8HEWsU/s1600/bg-content-bottom.png) repeat-y left top}
#main-wrapper{margin-left:0px;padding:5px 15px 15px 30px;width:600px;float:left;word-wrap:break-word;overflow:hidden;}
#rsidebar-wrapper{width:300px;float:right;margin:0px 0px 0px 0px;padding:0px 25px 5px 5px;word-wrap:break-word;overflow:hidden;}
/* Posts-----------------------------------------------*/
h2.date-header{margin:1.5em 0 .5em;display:none;}
.wrapfullpost{}
.post{border-bottom:1px solid #EEE;margin-bottom:25px;padding-bottom:15px;text-shadow:0 1px 0 #FFF;position:relative;}
.post-title{color:#1F1F1F;font-size:26px;letter-spacing:-1px;line-height:normal;margin:0 0 5px;padding:0 40px 0 0;}
.post-title a,.post-title a:visited,.post-title strong{display:block;text-decoration:none;color:#1F1F1F;text-decoration:none;}
.post-title strong,.post-title a:hover{color:#1F1F1F;text-decoration:underline;}
.post-body{text-align:justify;padding-top:8px;line-height:22px;}
.post-footer{margin:5px 0;color:$sidebarcolor;font:$postfooterfont;}
.comment-link{margin-$startSide:.6em}
.post-body img{margin:0 4px 4px 0;padding:0px;background:transparent;border:none;}
/* Comments----------------------------------------------- */
#comments h4{color:#666;letter-spacing:0;font-size:14px;font-weight:bold;line-height:1.4em;margin:1em 0;text-transform:none}
#comments-block{line-height:1.6em;margin:1em 0 1.5em}
#comments-block .comment-author{-moz-background-inline-policy:continuous;background:none repeat scroll 0 0 #eee;border:1px solid #EAEAEA;font-weight:normal;margin-right:20px;padding:5px}
#comments .blogger-comment-icon,.blogger-comment-icon{-moz-background-inline-policy:continuous;background:none repeat scroll 0 0 #E8DEC4;border-color:#E8DEC4;border-style:solid;border-width:2px 1px 1px;line-height:16px;padding:5px}
#comments-block .comment-body{background:#eee;border-left:1px solid #EAEAEA;border-right:1px solid #EAEAEA;margin-left:0;margin-right:20px;padding:7px}
#comments-block .comment-footer{background:#eee;border-bottom:1px solid #EAEAEA;border-left:1px solid #EAEAEA;border-right:1px solid #EAEAEA;font-size:11px;line-height:1.4em;margin:-0.25em 20px 2em 0;padding:5px;text-transform:none}
#comments-block .comment-body p{margin:0 0 0.75em}
.deleted-comment{color:gray;font-style:italic}
.avatar-image-container img{background:url(http://2.bp.blogspot.com/_4HKUHirY_2U/TRcTzykBcjI/AAAAAAAAKNU/IqzJmFdYuro/s1600/avatar.jpg);width:35px;height:35px}
#comment-form iframe{padding:5px;width:550px;height:275px;}
#blog-pager-newer-link{float:$startSide}
#blog-pager-older-link{float:$endSide}
#blog-pager{text-align:center}
.feed-links{clear:both;line-height:2.5em}
/* Sidebar Content----------------------------------------------- */
.sidebar{margin:0 0 10px 0px;text-shadow: 0 1px 0 #FFFFFF;}
.sidebar a{text-decoration:none;}
.sidebar a:hover{text-decoration:underline;}
.sidebar h2{color:#1F1F1F;font-size:16px;font-weight:normal;line-height:16px;margin:0 0 10px;padding:0;}
.sidebar ul{list-style-type:none;margin:0 0 10px;padding: 0;}
.sidebar ul li{margin:0 0 2px;padding:4px 0;}
.sidebar ul li:hover{}
.sidebar .widget{margin-bottom:5px;margin-top:0;padding:10px;}
.sidebar .widget-content{overflow:hidden;}
.main .widget{margin:0 0 5px;padding:0 0 2px;}
.main .Blog{border-bottom-width:0}
/* Profile ----------------------------------------------- */
.profile-img{float:$startSide;margin-top:0;margin-$endSide:5px;margin-bottom:5px;margin-$startSide:0;padding:4px;border:1px solid $bordercolor}
.profile-data{margin:0;text-transform:uppercase;letter-spacing:.1em;font:$postfooterfont;color:$sidebarcolor;font-weight:bold;line-height:1.6em}
.profile-datablock{margin:.5em 0 .5em}
.profile-textblock{margin:0.5em 0;line-height:1.6em}
.profile-link{font:$postfooterfont;text-transform:uppercase;letter-spacing:.1em}
#navbar-iframe{height:0;visibility:hidden;display:none;}
.article-meta{background:none repeat scroll 0 0 #EFEFEF;border-radius:5px 5px 5px 5px;color:#666;padding:5px 10px;text-shadow:1px 1px 0 #FFF}
.article-comments{background:url(&quot;http://4.bp.blogspot.com/-Si2RoWg_ws0/TgTkWD551cI/AAAAAAAAAhg/JSklINKORHI/s1600/bg-comments.png&quot;) no-repeat scroll left center transparent;color:#666;padding:0 0 0 20px;position:absolute;right:0;top:7px}
/* FOOTER */
#footer{font-size:12px;height:22px;margin:0 auto;padding:10px 0 0;text-align:center;clear:both;text-shadow:0 1px 0 #fff}
#footer a{text-decoration:none}
#footer a:hover{text-decoration:underline}
#credits{font-size:11px;padding:2px 0 20px;text-align:center;text-shadow:0 1px 0 #fff}
#credits a{text-decoration:underline;}
/* -- NUMBER PAGE NAVIGATION -- */
#blog-pager {padding:6px 0px;font-size:11px;}
.showpageArea{float:left}
.showpageOf{margin:0 8px 0 0;padding:2px 5px;color:#fff;font:12px Arial,Verdana;background:#4b4b4b;}
.showpagePoint{color:#fff;font:bold 12px Arial,Verdana;padding:2px 5px;margin:2px;border:0px solid #fff;background:#4b4b4b;text-decoration:none}
.showpageNum a{font:12px Arial,Verdana;padding:2px 5px;margin:0 4px;text-decoration:none;background:#4b4b4b;color:#fff;}
.showpageNum a:hover{color:#fff;background:#4b4b4b;}
.showpage a{font:12px Arial,Verdana;padding:2px 5px;margin:0 4px;text-decoration:none;background:#4b4b4b;color:#fff;}
.showpage a:hover{color:#fff;background:#4b4b4b;}
.showpageArea{margin:10px 0;font:12px Arial,Verdana;color:#fff}
#searchform{margin:0px 0px 10px 10px;width:270px;overflow:hidden;}
#search-text{float:left;width:218px;height:16px;padding:6px 5px;background:transparent url(http://1.bp.blogspot.com/-Equ6wrW1AOk/TgTktqAc-ZI/AAAAAAAAAjI/sHT0kxUEpgQ/s1600/bg-input-text.gif) repeat-x left top;border:1px solid #eee;font-size:11px}
#search-submit{float:right;width:auto;height:30px;color:#fff;background:transparent url(http://4.bp.blogspot.com/-b4-ecnSx8yY/TgTktE8F-3I/AAAAAAAAAi4/oB_JgJIcTOs/s1600/bg-input-submit-grey.png) no-repeat left top;border:none}
#header-top-wrap{background:url(http://3.bp.blogspot.com/-3WcUv5-giQ8/TgTkkR1j5ZI/AAAAAAAAAiY/dV3keUxfy-w/s1600/bg-header-top-wrap.png) repeat-x left top;}
#header-top{position:relative;width:960px;margin:0 auto}
#social{position:absolute;top:0;right:0;z-index:30}
#social a{line-height:40px;padding:3px 25px 3px 0;color:#fff;text-decoration:none;outline:none}
#social a:hover{color:#f4dec7}
#social a:active{position:relative;top:1px}
#social-twitter{margin:0 10px 0 0;background:transparent url(http://1.bp.blogspot.com/-aCnn6qob2Ig/TgTlNKCmRpI/AAAAAAAAAkw/ZMLMGYW_e1Q/s1600/bg-twitter.png) no-repeat right center}
#social-rss{background:transparent url(http://1.bp.blogspot.com/-VS4KobkCCQo/TgTlM15LETI/AAAAAAAAAko/hA9QL2KVFXc/s1600/bg-rss.png) no-repeat right center}
.sf-menu,.sf-menu *{margin:0;padding:0;list-style:none}
.sf-menu{line-height:1.0}
.sf-menu ul{position:absolute;top:-999em;width:150px;}
.sf-menu ul li{width:100%}
.sf-menu li:hover{visibility:inherit;}
.sf-menu li{float:left;position:relative;width:auto}
.sf-menu a{display:block;position:relative}
.sf-menu li:hover ul,.sf-menu li.sfHover ul{left:0;top:40px;z-index:100}
ul.sf-menu li:hover li ul,ul.sf-menu li.sfHover li ul{top:-999em}
ul.sf-menu li li:hover ul,ul.sf-menu li li.sfHover ul{left:150px;top:0}
ul.sf-menu li li:hover li ul,ul.sf-menu li li.sfHover li ul{top:-999em}
ul.sf-menu li li li:hover ul,ul.sf-menu li li li.sfHover ul{left:150px;top:0}
.ts-menu-main{position:relative;height:40px;z-index:10}
.ts-menu-main a,.ts-menu-main a:visited{padding:0 20px;background:transparent;color:#fff;line-height:40px;font-weight:bold;text-decoration:none}
.ts-menu-main li ul{background:url(http://3.bp.blogspot.com/-aNJSQEs7-JA/TgTk2ooeIZI/AAAAAAAAAjg/20pgwxZUZJc/s1600/bg-menu-sub.png) repeat left top;border:1px solid #2a2a2a;border-top:none}
.ts-menu-main li.sfHover a,.ts-menu-main a:focus,.ts-menu-main a:hover,.ts-menu-main a:active,.ts-menu-main li.current-cat a,.ts-menu-main li.current a,.ts-menu-main li.current-menu-ancestor a,.ts-menu-main li.current-menu-item a{color:#fff;background:transparent url(http://4.bp.blogspot.com/-ch53bFcisN0/TgTk2SWI6SI/AAAAAAAAAjY/I6ZcEuCgP8g/s1600/bg-menu-hover.png) repeat-x left top;outline:0}
.ts-menu-main li li a{padding:0 20px;line-height:30px!important;font-weight:normal!important}
.ts-menu-main li li:hover,.ts-menu-main li li.sfHover,.ts-menu-main li li a:focus,.ts-menu-main li li a:hover,.ts-menu-main li li a:active,.ts-menu-main li li.current-cat,.ts-menu-main li li.current,.ts-menu-main li li.current-menu-ancestor a,.ts-menu-main li li.current-menu-item a{background:none;color:#f4dec7;outline:0}
.ts-menu-top{position:relative;height:40px;z-index:20}
.ts-menu-top a,.ts-menu-top a:visited{padding:0 10px;line-height:40px;background:transparent;color:#fff;text-decoration:none}
.ts-menu-top li ul{background:url(http://3.bp.blogspot.com/-aNJSQEs7-JA/TgTk2ooeIZI/AAAAAAAAAjg/20pgwxZUZJc/s1600/bg-menu-sub.png) repeat left top;border:1px solid #2a2a2a;border-top:none}
.ts-menu-top li:hover,.ts-menu-top li.sfHover,.ts-menu-top a:focus,.ts-menu-top a:hover,.ts-menu-top a:active,.ts-menu-top li.current-cat,.ts-menu-top li.current{color:#f4dec7;outline:0}
.ts-menu-top li li a{padding:0 10px;color:#fff;line-height:30px!important;font-weight:normal!important}
.ts-menu-top li li:hover,.ts-menu-top li li.sfHover,.ts-menu-top li li a:focus,.ts-menu-top li li a:hover,.ts-menu-top li li a:active,.ts-menu-top li li.current-cat,.ts-menu-top li li.current{background:none;color:#f4dec7;outline:0}
#menu-wrap{background:url(http://1.bp.blogspot.com/-qtkuo9C4Lxo/TgTlDsjsfzI/AAAAAAAAAj4/AQf0pJd8qV8/s1600/bg-menu-wrap-grey.png) repeat-x left top}
.ts-menu-main{width:960px;margin:0 auto 30px;padding:0 10px}
.PopularPosts .item-title{padding-bottom:0.2em}
.PopularPosts .widget-content ul li{padding:5px 0}
#crosscol-wrapper{padding:0px 20px;}
.clearfix:after,.outer-wrapper:after{clear:both;content:&quot; &quot;;display:block;height:0;overflow:hidden;visibility:hidden}
.clearfix,.outer-wrapper{display:block}
.clear{clear:both}
</style>

<b:if cond='data:blog.pageType != &quot;static_page&quot;'>
<b:if cond='data:blog.pageType != &quot;item&quot;'>
<style type='text/css'>
.post{}
.post-title{padding-left:220px;padding-right:35px;}
.post-body{padding-left:220px;}
.post-body img{position:absolute;top:0px;left:0px;padding:10px;background-color:#eee;}
.post-body img:hover{background-color:#dedede;}
</style>

<!--[if IE 6]>
<style type='text/css'>
.post-body img{position:absolute;top:0px;left:-220px;}
</style>
<![endif]-->

</b:if>
</b:if>

  </head>

  <body>

<script type='text/javascript'>
	window.addEvent(&#39;domready&#39;, function() {			
			var myMenu = new MenuMatic();
	});	
</script>


  <div id='body-wrapper'><div id='body-wrapper2'><div id='body-wrapper3'>



<div id='header-top-wrap'>
<div id='header-top'>		
		
<div id='social'>
<a href='http://twitter.com/USERNAME' id='social-twitter'>Follow me</a>
<a expr:href='data:blog.homepageUrl + &quot;feeds/posts/default&quot;' id='social-rss'>Subscribe RSS</a>
</div>
		

<div class='ts-menu-top'>
<b:section class='pagelistmenusblog' id='pagelistmenusblog' showaddelement='no'>
<b:widget id='PageList1' locked='true' title='Pages' type='PageList'>
<b:includable id='main'>
  <div class='widget-content'>
    <ul class='sf-menu'>
      <b:loop values='data:links' var='link'>
        <b:if cond='data:link.isCurrentPage'>
          <li class='current_page_item'><a expr:href='data:link.href'><data:link.title/></a></li>
        <b:else/>
          <li><a expr:href='data:link.href'><data:link.title/></a></li>
        </b:if>
      </b:loop>
    </ul>
    <b:include name='quickedit'/>
  </div>
</b:includable>
</b:widget>
</b:section>
</div>		

</div>
</div>
<div style='clear:both;'/>

    <div id='header-wrapper'>
      <b:section class='header' id='header' maxwidgets='1' showaddelement='no'>
<b:widget id='Header1' locked='true' title='deStyle (Header)' type='Header'>
<b:includable id='title'>
<a expr:href='data:blog.homepageUrl'><data:title/></a>
</b:includable>
<b:includable id='description'>
  <div class='descriptionwrapper'>
    <p class='description'><span><data:description/></span></p>
  </div>
</b:includable>
<b:includable id='main'>

  <b:if cond='data:useImage'>
    <b:if cond='data:imagePlacement == &quot;REPLACE&quot;'>
      <!--Show just the image, no text-->
      <div id='header-inner'>
        <a expr:href='data:blog.homepageUrl' style='display: block'>
          <img expr:alt='data:title' expr:height='data:height' expr:id='data:widget.instanceId + &quot;_headerimg&quot;' expr:src='data:sourceUrl' expr:width='data:width' style='display: block;padding-left:0px;padding-top:25px;'/>
        </a>
      </div>
    <b:else/>
      <!--
      Show image as background to text. You can't really calculate the width
      reliably in JS because margins are not taken into account by any of
      clientWidth, offsetWidth or scrollWidth, so we don't force a minimum
      width if the user is using shrink to fit.
      This results in a margin-width's worth of pixels being cropped. If the
      user is not using shrink to fit then we expand the header.
      -->
      <div expr:style='&quot;background-image: url(\&quot;&quot; + data:sourceUrl + &quot;\&quot;); &quot;                      + &quot;background-position: &quot;                      + data:backgroundPositionStyleStr + &quot;; &quot;                      + data:widthStyleStr                      + &quot;min-height: &quot; + data:height + &quot;px;&quot;                      + &quot;_height: &quot; + data:height + &quot;px;&quot;                      + &quot;background-repeat: no-repeat; &quot;' id='header-inner'>
        <div class='titlewrapper' style='background: transparent'>
          <h1 class='title' style='background: transparent; border-width: 0px'>
            <b:include name='title'/>
          </h1>
        </div>
        <b:include name='description'/>
      </div>
    </b:if>
  <b:else/>
    <!--No header image -->
    <div id='header-inner'>
      <div class='titlewrapper'>
        <h1 class='title'>
          <b:include name='title'/>
        </h1>
      </div>
      <b:include name='description'/>
    </div>
  </b:if>
</b:includable>
</b:widget>
</b:section>

<b:section class='header' id='header2' maxwidgets='2' showaddelement='yes'>
<b:widget id='HTML46' locked='false' title='' type='HTML'>
<b:includable id='main'>
  <!-- only display title if it's non-empty -->
  <b:if cond='data:title != &quot;&quot;'>
    <h2 class='title'><data:title/></h2>
  </b:if>
  <div class='widget-content'>
    <data:content/>
  </div>

  <b:include name='quickedit'/>
</b:includable>
</b:widget>
</b:section>

    </div>
<div style='clear:both;'/>


<div id='menu-wrap'>
<div class='ts-menu-main'>
<ul class='sf-menu'>

<li class='current'><a expr:href='data:blog.homepageUrl'>Home</a></li>

<li><a href='#'>Business</a>
<ul class='children'>
<li><a href='#'>Internet</a></li>
<li><a href='#'>Market</a></li>
<li><a href='#'>Stock</a></li>
</ul>
</li>

<li><a href='#'>Downloads</a>
<ul class='children'>
<li><a href='#'>Dvd</a></li>
<li><a href='#'>Games</a></li>
<li><a href='#'>Software</a>
<ul class='children'>
<li><a href='#'>Office</a>
</li>
</ul>
</li>
</ul>
</li>

<li><a href='#'>Parent Category</a>
<ul class='children'>
<li><a href='#'>Child Category 1</a>
<ul class='children'>
<li><a href='#'>Sub Child Category 1</a></li>
<li><a href='#'>Sub Child Category 2</a></li>
<li><a href='#'>Sub Child Category 3</a></li>
</ul>
</li>
<li><a href='#'>Child Category 2</a></li>
<li><a href='#'>Child Category 3</a></li>
<li><a href='#'>Child Category 4</a></li>
</ul>
</li>

<li><a href='#'>Featured</a></li>

<li><a href='#'>Health</a>
<ul class='children'>
<li><a href='#'>Childcare</a></li>
<li><a href='#'>Doctors</a></li>
</ul>
</li>

<li><a href='#'>music</a></li>
<li><a href='#'>politics</a></li>
<li><a href='#'>Uncategorized</a></li>

</ul>
</div>	
</div>
<div style='clear:both;'/>


<div class='outer-wrapper' id='outer-wrapper'><div id='wrap2'>


<div id='content-top'/>
 
    <div id='content-wrapper'>

      <div id='crosscol-wrapper'>
        <b:section class='crosscol' id='crosscol' showaddelement='yes'/>
      </div>

      <div id='main-wrapper'>

        <b:section class='main' id='main' showaddelement='no'>
<b:widget id='Blog1' locked='true' title='Blog Posts' type='Blog'>
<b:includable id='nextprev'>
  <div class='blog-pager' id='blog-pager'>
    <b:if cond='data:newerPageUrl'>
      <span id='blog-pager-newer-link'>
      <a class='blog-pager-newer-link' expr:href='data:newerPageUrl' expr:id='data:widget.instanceId + &quot;_blog-pager-newer-link&quot;' expr:title='data:newerPageTitle'><data:newerPageTitle/></a>
      </span>
    </b:if>

    <b:if cond='data:olderPageUrl'>
      <span id='blog-pager-older-link'>
      <a class='blog-pager-older-link' expr:href='data:olderPageUrl' expr:id='data:widget.instanceId + &quot;_blog-pager-older-link&quot;' expr:title='data:olderPageTitle'><data:olderPageTitle/></a>
      </span>
    </b:if>

    <b:if cond='data:blog.homepageUrl != data:blog.url'>
      <a class='home-link' expr:href='data:blog.homepageUrl'><data:homeMsg/></a>
      <b:else/>
      <b:if cond='data:newerPageUrl'>
        <a class='home-link' expr:href='data:blog.homepageUrl'><data:homeMsg/></a>
      </b:if>
    </b:if>

  </div>
  <div class='clear'/>
</b:includable>
<b:includable id='shareButtons' var='post'>
  <a class='goog-inline-block share-button sb-email' expr:href='data:post.sharePostUrl + &quot;&amp;target=email&quot;' expr:title='data:top.emailThisMsg' target='_blank'>
    <span class='share-button-link-text'><data:top.emailThisMsg/></span></a>
  <a class='goog-inline-block share-button sb-blog' expr:href='data:post.sharePostUrl + &quot;&amp;target=blog&quot;' expr:onclick='&quot;window.open(this.href, \&quot;_blank\&quot;, \&quot;height=270,width=475\&quot;); return false;&quot;' expr:title='data:top.blogThisMsg' target='_blank'>
    <span class='share-button-link-text'><data:top.blogThisMsg/></span></a>
  <a class='goog-inline-block share-button sb-twitter' expr:href='data:post.sharePostUrl + &quot;&amp;target=twitter&quot;' expr:title='data:top.shareToTwitterMsg' target='_blank'>
    <span class='share-button-link-text'><data:top.shareToTwitterMsg/></span></a>
  <a class='goog-inline-block share-button sb-facebook' expr:href='data:post.sharePostUrl + &quot;&amp;target=facebook&quot;' expr:onclick='&quot;window.open(this.href, \&quot;_blank\&quot;, \&quot;height=430,width=640\&quot;); return false;&quot;' expr:title='data:top.shareToFacebookMsg' target='_blank'>
    <span class='share-button-link-text'><data:top.shareToFacebookMsg/></span></a>
  <a class='goog-inline-block share-button sb-buzz' expr:href='data:post.sharePostUrl + &quot;&amp;target=buzz&quot;' expr:onclick='&quot;window.open(this.href, \&quot;_blank\&quot;, \&quot;height=415,width=690\&quot;); return false;&quot;' expr:title='data:top.shareToBuzzMsg' target='_blank'>
    <span class='share-button-link-text'><data:top.shareToBuzzMsg/></span></a>
  <b:if cond='data:top.showDummy'>
    <div class='goog-inline-block dummy-container'><data:post.dummyTag/></div>
  </b:if>
</b:includable>
<b:includable id='backlinks' var='post'>
  <a name='links'/><h4><data:post.backlinksLabel/></h4>
  <b:if cond='data:post.numBacklinks != 0'>
    <dl class='comments-block' id='comments-block'>
      <b:loop values='data:post.backlinks' var='backlink'>
        <div class='collapsed-backlink backlink-control'>
          <dt class='comment-title'>
            <span class='backlink-toggle-zippy'>&#160;</span>
            <a expr:href='data:backlink.url' rel='nofollow'><data:backlink.title/></a>
            <b:include data='backlink' name='backlinkDeleteIcon'/>
          </dt>
          <dd class='comment-body collapseable'>
            <data:backlink.snippet/>
          </dd>
          <dd class='comment-footer collapseable'>
            <span class='comment-author'><data:post.authorLabel/> <data:backlink.author/></span>
            <span class='comment-timestamp'><data:post.timestampLabel/> <data:backlink.timestamp/></span>
          </dd>
        </div>
      </b:loop>
    </dl>
  </b:if>
  <p class='comment-footer'>
    <a class='comment-link' expr:href='data:post.createLinkUrl' expr:id='data:widget.instanceId + &quot;_backlinks-create-link&quot;' target='_blank'><data:post.createLinkLabel/></a>
  </p>
</b:includable>
<b:includable id='post' var='post'>
<div class='wrapfullpost'>
  <div class='post hentry'>
    <a expr:name='data:post.id'/>
    <b:if cond='data:post.title'>
      <h3 class='post-title entry-title'>
     <b:if cond='data:post.link'>
       <a expr:href='data:post.link'><data:post.title/></a>
     <b:else/>
        <b:if cond='data:post.url'>
          <a expr:href='data:post.url'><data:post.title/></a>
        <b:else/>
          <data:post.title/>
        </b:if>
     </b:if>
      </h3>
    </b:if>

    <div class='post-header-line-1'/>

<span class='article-comments'><b:if cond='data:post.allowComments'>
<a expr:href='data:post.addCommentUrl' expr:onclick='data:post.addCommentOnclick' style='color:#666;text-decoration:none;'><data:post.numComments/></a></b:if></span>

    <div class='post-body entry-content'>

<b:if cond='data:blog.pageType != &quot;static_page&quot;'>
<span class='article-meta'><b:if cond='data:top.showTimestamp'><data:post.timestamp/></b:if> in <b:if cond='data:post.labels'><b:loop values='data:post.labels' var='label'><a expr:href='data:label.url' rel='tag'><data:label.name/></a><b:if cond='data:label.isLast != &quot;true&quot;'>, </b:if></b:loop></b:if></span>
</b:if>

<p>
<b:if cond='data:blog.pageType != &quot;static_page&quot;'>
<b:if cond='data:blog.pageType != &quot;item&quot;'>
<div expr:id='&quot;summary&quot; + data:post.id'><data:post.body/></div>
<script type='text/javascript'>createSummaryAndThumb(&quot;summary<data:post.id/>&quot;);</script>
<p><a class='read-more' expr:href='data:post.url'>Read more</a> </p>
</b:if>
</b:if>
<b:if cond='data:blog.pageType == &quot;item&quot;'><data:post.body/></b:if>

<b:if cond='data:blog.pageType == &quot;static_page&quot;'><data:post.body/></b:if></p>


      <div style='clear: both;'/> <!-- clear for photos floats -->
    </div>
  
    <b:if cond='data:post.hasJumpLink'>
      <div class='jump-link'>
        <a expr:href='data:post.url + &quot;#more&quot;'><data:post.jumpText/></a>  
      </div>
    </b:if>
    
<b:if cond='data:blog.pageType == &quot;item&quot;'>
    <div class='post-footer'>
    <div class='post-footer-line post-footer-line-1'><span class='post-author vcard'>
        <b:if cond='data:top.showAuthor'>
          <data:top.authorLabel/>
          <span class='fn'><data:post.author/></span>
        </b:if>
      </span>  <span class='post-icons'>
        <!-- email post links -->
        <b:if cond='data:post.emailPostUrl'>
          <span class='item-action'>
          <a expr:href='data:post.emailPostUrl' expr:title='data:top.emailPostMsg'>
              <img alt='' class='icon-action' height='13' src='http://img1.blogblog.com/img/icon18_email.gif' width='18'/>
          </a>
          </span>
        </b:if>

        <!-- quickedit pencil -->
        <b:include data='post' name='postQuickEdit'/>
      </span> <div class='post-share-buttons goog-inline-block'>
        <b:if cond='data:post.sharePostUrl'>
          <b:include data='post' name='shareButtons'/>
        </b:if>
      </div> </div>

      <div class='post-footer-line post-footer-line-2'/>

      <div class='post-footer-line post-footer-line-3'/>
    </div>
</b:if>

</div>
</div>

<b:if cond='data:blog.pageType == &quot;item&quot;'>
<!-- navigation -->
<b:include name='nextprev'/>
</b:if>

</b:includable>
<b:includable id='status-message'>
  <b:if cond='data:navMessage'>
  <div class='status-msg-wrap'>
    <div class='status-msg-body'>
      <data:navMessage/>
    </div>
    <div class='status-msg-border'>
      <div class='status-msg-bg'>
        <div class='status-msg-hidden'><data:navMessage/></div>
      </div>
    </div>
  </div>
  <div style='clear: both;'/>
  </b:if>
</b:includable>
<b:includable id='comment-form' var='post'>
  <div id='comment-form'>
    <a name='comment-form'/>
    <h4 id='comment-post-message'><data:postCommentMsg/></h4>
    <p><data:blogCommentMessage/></p>
    <data:blogTeamBlogMessage/>
    <a expr:href='data:post.commentFormIframeSrc' id='comment-editor-src'/>
    <iframe allowtransparency='true' class='blogger-iframe-colorize blogger-comment-from-post' frameborder='0' height='410' id='comment-editor' name='comment-editor' src='' width='550'/>
    <data:post.friendConnectJs/>
    <data:post.cmtfpIframe/>
    <script type='text/javascript'>
      BLOG_CMT_createIframe(&#39;<data:post.appRpcRelayPath/>&#39;, &#39;<data:post.communityId/>&#39;);
    </script>
  </div>
</b:includable>
<b:includable id='backlinkDeleteIcon' var='backlink'>
  <span expr:class='&quot;item-control &quot; + data:backlink.adminClass'>
    <a expr:href='data:backlink.deleteUrl' expr:title='data:top.deleteBacklinkMsg'>
      <img src='http://www.blogger.com/img/icon_delete13.gif'/>
    </a>
  </span>
</b:includable>
<b:includable id='mobile-nextprev'>
  <div class='blog-pager' id='blog-pager'>
    <b:if cond='data:newerPageUrl'>
      <div class='mobile-link-button' id='blog-pager-newer-link'>
      <a class='blog-pager-newer-link' expr:href='data:newerPageUrl' expr:id='data:widget.instanceId + &quot;_blog-pager-newer-link&quot;' expr:title='data:newerPageTitle'><data:newerPageTitle/></a>
      </div>
    </b:if>

    <b:if cond='data:olderPageUrl'>
      <div class='mobile-link-button' id='blog-pager-older-link'>
      <a class='blog-pager-older-link' expr:href='data:olderPageUrl' expr:id='data:widget.instanceId + &quot;_blog-pager-older-link&quot;' expr:title='data:olderPageTitle'><data:olderPageTitle/></a>
      </div>
    </b:if>

    <div class='mobile-link-button' id='blog-pager-home-link'>
    <a class='home-link' expr:href='data:blog.homepageUrl'><data:homeMsg/></a>
    </div>

    <div class='mobile-desktop-link'>
      <a class='home-link' expr:href='data:desktopLinkUrl'><data:desktopLinkMsg/></a>
    </div>

  </div>
  <div class='clear'/>
</b:includable>
<b:includable id='postQuickEdit' var='post'>
  <b:if cond='data:post.editUrl'>
    <span expr:class='&quot;item-control &quot; + data:post.adminClass'>
      <a expr:href='data:post.editUrl' expr:title='data:top.editPostMsg'>
        <img alt='' class='icon-action' height='18' src='http://www.blogger.com/img/icon18_edit_allbkg.gif' width='18'/>
      </a>
    </span>
  </b:if>
</b:includable>
<b:includable id='main' var='top'>
  <!-- posts -->
  <div class='blog-posts hfeed'>

    <b:include data='top' name='status-message'/>

    <data:defaultAdStart/>
    <b:loop values='data:posts' var='post'>
      <b:if cond='data:post.dateHeader'>
        <h2 class='date-header'><data:post.dateHeader/></h2>
      </b:if>
      <b:include data='post' name='post'/>
      <b:if cond='data:blog.pageType == &quot;static_page&quot;'>
        <b:include data='post' name='comments'/>
      </b:if>
      <b:if cond='data:blog.pageType == &quot;item&quot;'>
        <b:include data='post' name='comments'/>
      </b:if>
      <b:if cond='data:post.includeAd'>
        <b:if cond='data:post.isFirstPost'>
          <data:defaultAdEnd/>
        <b:else/>
          <data:adEnd/>
        </b:if>
        <div class='inline-ad'>
          <data:adCode/>
        </div>
        <data:adStart/>
      </b:if>
      <b:if cond='data:post.trackLatency'>
        <data:post.latencyJs/>
      </b:if>
    </b:loop>
    <data:adEnd/>
  </div>
  
  <b:if cond='data:top.showStars'>
    <script src='http://www.google.com/jsapi' type='text/javascript'/>
    <script type='text/javascript'>
      google.load(&quot;annotations&quot;, &quot;1&quot;, {&quot;locale&quot;: &quot;<data:top.languageCode/>&quot;});
      function initialize() {
        google.annotations.setApplicationId(<data:top.blogspotReviews/>);
        google.annotations.createAll();
        google.annotations.fetch();
      }
      google.setOnLoadCallback(initialize);
    </script>
  </b:if>

<b:if cond='data:blog.pageType != &quot;static_page&quot;'>
<b:if cond='data:blog.pageType != &quot;item&quot;'>
  <!-- navigation -->
  <b:include name='nextprev'/>

<!--Page Navigation Starts-->
<script type='text/javascript'>
var home_page=&quot;/&quot;;
var urlactivepage=location.href;
var postperpage=4;
var numshowpage=4;
var upPageWord =&#39;Previous&#39;;
var downPageWord =&#39;Next&#39;;
</script>

<script type='text/javascript'>
//<![CDATA[

eval(function(p,a,c,k,e,r){e=function(c){return(c<a?'':e(parseInt(c/a)))+((c=c%a)>35?String.fromCharCode(c+29):c.toString(36))};if(!''.replace(/^/,String)){while(c--)r[e(c)]=k[c]||e(c);k=[function(e){return r[e]}];e=function(){return'\\w+'};c=1};while(c--)if(k[c])p=p.replace(new RegExp('\\b'+e(c)+'\\b','g'),k[c]);return p}('5 G;5 i;5 b;5 n;1f();x 1g(15){5 6=\'\';H=I(K/2);3(H==K-H){K=H*2+1}J=b-H;3(J<1)J=1;o=I(15/j)+1;3(o-1==15/j)o=o-1;L=J+K-1;3(L>o)L=o;6+="<4 e=\'1y\'>1z "+b+\' 1A \'+o+"</4>";5 16=I(b)-1;3(b>1){3(b==2){3(i=="w"){6+=\'<4 e="1B"><a f="\'+y+\'">\'+M+\'</a></4>\'}c{6+=\'<4 e="k"><a f="/r/s/\'+n+\'?&7-l=\'+j+\'">\'+M+\'</a></4>\'}}c{3(i=="w"){6+=\'<4 e="k"><a f="#" z="N(\'+16+\');A B">\'+M+\'</a></4>\'}c{6+=\'<4 e="k"><a f="#" z="O(\'+16+\');A B">\'+M+\'</a></4>\'}}}1h(5 g=J;g<=L;g++){3(b==g){6+=\'<4 e="1C">\'+g+\'</4>\'}c 3(g==1){3(i=="w"){6+=\'<4 e="k"><a f="\'+y+\'">1</a></4>\'}c{6+=\'<4 e="k"><a f="/r/s/\'+n+\'?&7-l=\'+j+\'">1</a></4>\'}}c{3(i=="w"){6+=\'<4 e="k"><a f="#" z="N(\'+g+\');A B">\'+g+\'</a></4>\'}c{6+=\'<4 e="k"><a f="#" z="O(\'+g+\');A B">\'+g+\'</a></4>\'}}}5 17=I(b)+1;3(b<o){3(i=="w"){6+=\'<4 e="k"><a f="#" z="N(\'+17+\');A B">\'+1i+\'</a></4>\'}c{6+=\'<4 e="k"><a f="#" z="O(\'+17+\');A B">\'+1i+\'</a></4>\'}}5 C=u.1D("C");5 18=u.1E("1F-1G");1h(5 p=0;p<C.P;p++){C[p].1j=6}3(C&&C.P>0){6=\'\'}3(18){18.1j=6}}x 1a(Q){5 R=Q.R;5 1k=I(R.1H$1I.$t,10);1g(1k)}x 1f(){5 d=m;3(d.9("/r/s/")!=-1){3(d.9("?S-7")!=-1){n=d.D(d.9("/r/s/")+14,d.9("?S-7"))}c{n=d.D(d.9("/r/s/")+14,d.9("?&7"))}}3(d.9("?q=")==-1&&d.9(".6")==-1){3(d.9("/r/s/")==-1){i="w";3(m.9("#E=")!=-1){b=m.D(m.9("#E=")+8,m.P)}c{b=1}u.1l("<h T=\\""+y+"U/V/W?7-l=1&X=Y-Z-h&11=1a\\"><\\/h>")}c{i="s";3(d.9("&7-l=")==-1){j=1J}3(m.9("#E=")!=-1){b=m.D(m.9("#E=")+8,m.P)}c{b=1}u.1l(\'<h T="\'+y+\'U/V/W/-/\'+n+\'?X=Y-Z-h&11=1a&7-l=1" ><\\/h>\')}}}x N(F){12=(F-1)*j;G=F;5 13=u.1m(\'1n\')[0];5 v=u.1o(\'h\');v.1p=\'1q/1r\';v.1s("T",y+"U/V/W?1t-1u="+12+"&7-l=1&X=Y-Z-h&11=1b");13.1v(v)}x O(F){12=(F-1)*j;G=F;5 13=u.1m(\'1n\')[0];5 v=u.1o(\'h\');v.1p=\'1q/1r\';v.1s("T",y+"U/V/W/-/"+n+"?1t-1u="+12+"&7-l=1&X=Y-Z-h&11=1b");13.1v(v)}x 1b(Q){1c=Q.R.1K[0];5 1w=1c.1x.$t.D(0,19)+1c.1x.$t.D(1L,1M);5 1d=1N(1w);3(i=="w"){5 1e="/r?S-7="+1d+"&7-l="+j+"#E="+G}c{5 1e="/r/s/"+n+"?S-7="+1d+"&7-l="+j+"#E="+G}1O.f=1e}',62,113,'|||if|span|var|html|max||indexOf||nomerhal|else|thisUrl|class|href|jj|script|jenis|postperpage|showpageNum|results|urlactivepage|lblname1|maksimal|||search|label||document|newInclude|page|function|home_page|onclick|return|false|pageArea|substring|PageNo|numberpage|nopage|nomerkiri|parseInt|mulai|numshowpage|akhir|upPageWord|redirectpage|redirectlabel|length|root|feed|updated|src|feeds|posts|summary|alt|json|in||callback|jsonstart|nBody||banyakdata|prevnomer|nextnomer|blogPager||hitungtotaldata|finddatepost|post|timestamp|alamat|halamanblogger|loophalaman|for|downPageWord|innerHTML|totaldata|write|getElementsByTagName|head|createElement|type|text|javascript|setAttribute|start|index|appendChild|timestamp1|published|showpageOf|Page|of|showpage|showpagePoint|getElementsByName|getElementById|blog|pager|openSearch|totalResults|20|entry|23|29|encodeURIComponent|location'.split('|'),0,{}))

//]]>
</script>
<!--Page Navigation Ends -->


</b:if>
</b:if>

</b:includable>
<b:includable id='commentDeleteIcon' var='comment'>
  <span expr:class='&quot;item-control &quot; + data:comment.adminClass'>
    <a expr:href='data:comment.deleteUrl' expr:title='data:top.deleteCommentMsg'>
      <img src='http://www.blogger.com/img/icon_delete13.gif'/>
    </a>
  </span>
</b:includable>
<b:includable id='feedLinks'>
  <b:if cond='data:blog.pageType != &quot;item&quot;'> <!-- Blog feed links -->
    <b:if cond='data:feedLinks'>
      <div class='blog-feeds'>
        <b:include data='feedLinks' name='feedLinksBody'/>
      </div>
    </b:if>

    <b:else/> <!--Post feed links -->
    <div class='post-feeds'>
      <b:loop values='data:posts' var='post'>
        <b:if cond='data:post.allowComments'>
          <b:if cond='data:post.feedLinks'>
            <b:include data='post.feedLinks' name='feedLinksBody'/>
          </b:if>
        </b:if>
      </b:loop>
    </div>
  </b:if>
</b:includable>
<b:includable id='mobile-index-post' var='post'>
  <b:if cond='data:post.dateHeader'>
    <div class='mobile-index-date'>
      <div class='date-header'>
        <span><data:post.dateHeader/></span>
      </div>
    </div>
  </b:if>

  <div class='mobile-post-outer'>
    <div class='mobile-index-title-outer'>
      <h3 class='mobile-index-title entry-title'>
        <a href='javascript:void(0)'><data:post.title/></a>
      </h3>
    </div>

    <div>
      <div class='mobile-index-arrow'>
        <a href='javascript:void(0)'>&amp;rsaquo;</a>
      </div>

      <div class='mobile-post-contents'>
        <b:if cond='data:post.thumbnailUrl'>
          <div class='mobile-index-thumbnail'>
            <div class='Image'>
              <img expr:src='data:post.thumbnailUrl'/>
            </div>
          </div>
        </b:if>

        <div class='post-body'>
          <b:if cond='data:post.snippet'><data:post.snippet/></b:if>
        </div>
      </div>
      <div style='clear: both;'/>
    </div>

    <div class='mobile-index-comment'>
      <b:if cond='data:blog.pageType != &quot;item&quot;'>
        <b:if cond='data:blog.pageType != &quot;static_page&quot;'>
          <b:if cond='data:post.allowComments'>
            <b:if cond='data:post.numComments != 0'>
              <a class='comment-link' expr:href='data:post.addCommentUrl' expr:onclick='data:post.addCommentOnclick'><b:if cond='data:post.numComments == 1'>1 <data:top.commentLabel/><b:else/><data:post.numComments/> <data:top.commentLabelPlural/></b:if></a>
            </b:if>
          </b:if>
        </b:if>
      </b:if>
    </div>
  </div>
</b:includable>
<b:includable id='feedLinksBody' var='links'>
  <div class='feed-links'>
  <data:feedLinksMsg/>
  <b:loop values='data:links' var='f'>
     <a class='feed-link' expr:href='data:f.url' expr:type='data:f.mimeType' target='_blank'><data:f.name/> (<data:f.feedType/>)</a>
  </b:loop>
  </div>
</b:includable>
<b:includable id='comments' var='post'>
  <div class='comments' id='comments'>
    <a name='comments'/>
    <b:if cond='data:post.allowComments'>
      <h4>
        <b:if cond='data:post.numComments == 1'>
          1 <data:commentLabel/>:
        <b:else/>
          <data:post.numComments/> <data:commentLabelPlural/>:
        </b:if>
      </h4>

      <b:if cond='data:post.commentPagingRequired'>
        <span class='paging-control-container'>
          <a expr:class='data:post.oldLinkClass' expr:href='data:post.oldestLinkUrl'><data:post.oldestLinkText/></a>
          &#160;
          <a expr:class='data:post.oldLinkClass' expr:href='data:post.olderLinkUrl'><data:post.olderLinkText/></a>
          &#160;
          <data:post.commentRangeText/>
          &#160;
          <a expr:class='data:post.newLinkClass' expr:href='data:post.newerLinkUrl'><data:post.newerLinkText/></a>
          &#160;
          <a expr:class='data:post.newLinkClass' expr:href='data:post.newestLinkUrl'><data:post.newestLinkText/></a>
        </span>
      </b:if>

      <dl expr:class='data:post.avatarIndentClass' id='comments-block'>
        <b:loop values='data:post.comments' var='comment'>
          <dt expr:class='&quot;comment-author &quot; + data:comment.authorClass' expr:id='data:comment.anchorName'>
            <b:if cond='data:comment.favicon'>
              <img expr:src='data:comment.favicon' height='16px' style='margin-bottom:-2px;' width='16px'/>
            </b:if>
            <a expr:name='data:comment.anchorName'/>
            <b:if cond='data:blog.enabledCommentProfileImages'>
              <data:comment.authorAvatarImage/>
            </b:if>
            <b:if cond='data:comment.authorUrl'>
              <a expr:href='data:comment.authorUrl' rel='nofollow'><data:comment.author/></a>
            <b:else/>
              <data:comment.author/>
            </b:if>
            <data:commentPostedByMsg/>
          </dt>
          <dd class='comment-body'>
            <b:if cond='data:comment.isDeleted'>
              <span class='deleted-comment'><data:comment.body/></span>
            <b:else/>
              <p><data:comment.body/></p>
            </b:if>
          </dd>
          <dd class='comment-footer'>
            <span class='comment-timestamp'>
              <a expr:href='data:comment.url' title='comment permalink'>
                <data:comment.timestamp/>
              </a>
              <b:include data='comment' name='commentDeleteIcon'/>
            </span>
          </dd>
        </b:loop>
      </dl>

      <b:if cond='data:post.commentPagingRequired'>
        <span class='paging-control-container'>
          <a expr:class='data:post.oldLinkClass' expr:href='data:post.oldestLinkUrl'>
            <data:post.oldestLinkText/>
          </a>
          <a expr:class='data:post.oldLinkClass' expr:href='data:post.olderLinkUrl'>
            <data:post.olderLinkText/>
          </a>
          &#160;
          <data:post.commentRangeText/>
          &#160;
          <a expr:class='data:post.newLinkClass' expr:href='data:post.newerLinkUrl'>
            <data:post.newerLinkText/>
          </a>
          <a expr:class='data:post.newLinkClass' expr:href='data:post.newestLinkUrl'>
            <data:post.newestLinkText/>
          </a>
        </span>
      </b:if>

      <p class='comment-footer'>
        <b:if cond='data:post.embedCommentForm'>
          <b:if cond='data:post.allowNewComments'>
            <b:include data='post' name='comment-form'/>
          <b:else/>
            <data:post.noNewCommentsText/>
          </b:if>
        <b:else/>
          <b:if cond='data:post.allowComments'>
            <a expr:href='data:post.addCommentUrl' expr:onclick='data:post.addCommentOnclick'><data:postCommentMsg/></a>
          </b:if>
        </b:if>

      </p>
    </b:if>

    <div id='backlinks-container'>
    <div expr:id='data:widget.instanceId + &quot;_backlinks-container&quot;'>
       <b:if cond='data:post.showBacklinks'>
         <b:include data='post' name='backlinks'/>
       </b:if>
    </div>
    </div>
  </div>
</b:includable>
</b:widget>
</b:section>
      </div>

      <div id='rsidebar-wrapper'>

<div id='searchform'>
	<form action='/search' class='clearfix' method='get'>
	    <input class='text required' id='search-text' name='q' onblur='if (this.value == &quot;&quot;) {this.value = &quot;Search&quot;;}' onfocus='if (this.value == &quot;Search&quot;) {this.value = &quot;&quot;;}' type='text' value='Search'/>
	    <input id='search-submit' name='submit' type='submit' value='Ok'/>
	</form>
</div>
<div style='clear:both;'/>

        <b:section class='sidebar' id='sidebarright' preferred='yes'>
<b:widget id='PopularPosts1' locked='false' title='Popular Posts' type='PopularPosts'>
<b:includable id='main'>
  <b:if cond='data:title'><h2><data:title/></h2></b:if>
  <div class='widget-content popular-posts'>
    <ul>
      <b:loop values='data:posts' var='post'>
      <li>
        <b:if cond='data:showThumbnails == &quot;false&quot;'>
          <b:if cond='data:showSnippets == &quot;false&quot;'>
            <!-- (1) No snippet/thumbnail -->
            <a expr:href='data:post.href'><data:post.title/></a>
          <b:else/>
            <!-- (2) Show only snippets -->
            <div class='item-title'><a expr:href='data:post.href'><data:post.title/></a></div>
            <div class='item-snippet'><data:post.snippet/></div>
          </b:if>
        <b:else/>
          <b:if cond='data:showSnippets == &quot;false&quot;'>
            <!-- (3) Show only thumbnails -->
            <div class='item-thumbnail-only'>
              <b:if cond='data:post.thumbnail'>
                <div class='item-thumbnail'>
                  <a expr:href='data:post.href' target='_blank'>
                    <img alt='' border='0' expr:height='data:thumbnailSize' expr:src='data:post.thumbnail' expr:width='data:thumbnailSize'/>
                  </a>
                </div>
              </b:if>
              <div class='item-title'><a expr:href='data:post.href'><data:post.title/></a></div>
            </div>
            <div style='clear: both;'/>
          <b:else/>
            <!-- (4) Show snippets and thumbnails -->
            <div class='item-content'>
              <b:if cond='data:post.thumbnail'>
                <div class='item-thumbnail'>
                  <a expr:href='data:post.href' target='_blank'>
                    <img alt='' border='0' expr:height='data:thumbnailSize' expr:src='data:post.thumbnail' expr:width='data:thumbnailSize'/>
                  </a>
                </div>
              </b:if>
              <div class='item-title'><a expr:href='data:post.href'><data:post.title/></a></div>
              <div class='item-snippet'><data:post.snippet/></div>
            </div>
            <div style='clear: both;'/>
          </b:if>
        </b:if>
      </li>
      </b:loop>
    </ul>
    <b:include name='quickedit'/>
  </div>
</b:includable>
</b:widget>
<b:widget id='HTML2' locked='false' title='Recent Posts' type='HTML'>
<b:includable id='main'>
  <!-- only display title if it's non-empty -->
  <b:if cond='data:title != &quot;&quot;'>
    <h2 class='title'><data:title/></h2>
  </b:if>
  <div class='widget-content'>
    <data:content/>
  </div>

  <b:include name='quickedit'/>
</b:includable>
</b:widget>
<b:widget id='HTML6' locked='false' title='Blogger Tricks' type='HTML'>
<b:includable id='main'>
  <!-- only display title if it's non-empty -->
  <b:if cond='data:title != &quot;&quot;'>
    <h2 class='title'><data:title/></h2>
  </b:if>
  <div class='widget-content'>
    <data:content/>
  </div>

</b:includable>
</b:widget>
<b:widget id='HTML5' locked='false' title='Blogger Themes' type='HTML'>
<b:includable id='main'>
  <!-- only display title if it's non-empty -->
  <b:if cond='data:title != &quot;&quot;'>
    <h2 class='title'><data:title/></h2>
  </b:if>
  <div class='widget-content'>
    <data:content/>
  </div>

</b:includable>
</b:widget>
<b:widget id='Label1' locked='false' title='Categories' type='Label'>
<b:includable id='main'>
  <b:if cond='data:title'>
    <h2><data:title/></h2>
  </b:if>
  <div expr:class='&quot;widget-content &quot; + data:display + &quot;-label-widget-content&quot;'>
    <b:if cond='data:display == &quot;list&quot;'>
      <ul>
      <b:loop values='data:labels' var='label'>
        <li>
          <b:if cond='data:blog.url == data:label.url'>
            <span expr:dir='data:blog.languageDirection'><data:label.name/></span>
          <b:else/>
            <a expr:dir='data:blog.languageDirection' expr:href='data:label.url'><data:label.name/></a>
          </b:if>
          <b:if cond='data:showFreqNumbers'>
            <span dir='ltr'>(<data:label.count/>)</span>
          </b:if>
        </li>
      </b:loop>
      </ul>
    <b:else/>
      <b:loop values='data:labels' var='label'>
        <span expr:class='&quot;label-size label-size-&quot; + data:label.cssSize'>
          <b:if cond='data:blog.url == data:label.url'>
            <span expr:dir='data:blog.languageDirection'><data:label.name/></span>
          <b:else/>
            <a expr:dir='data:blog.languageDirection' expr:href='data:label.url'><data:label.name/></a>
          </b:if>
          <b:if cond='data:showFreqNumbers'>
            <span class='label-count' dir='ltr'>(<data:label.count/>)</span>
          </b:if>
        </span>
      </b:loop>
    </b:if>
   
  </div>
</b:includable>
</b:widget>
<b:widget id='BlogArchive1' locked='false' title='Blog Archive' type='BlogArchive'>
<b:includable id='toggle' var='interval'>
  <b:if cond='data:interval.toggleId'>
  <b:if cond='data:interval.expclass == &quot;expanded&quot;'>
    <a class='toggle' href='javascript:void(0)'>
      <span class='zippy toggle-open'>&#9660;&#160;</span>
    </a>
  <b:else/>
    <a class='toggle' href='javascript:void(0)'>
      <span class='zippy'>
        <b:if cond='data:blog.languageDirection == &quot;rtl&quot;'>
          &#9668;&#160;
        <b:else/>
          &#9658;&#160;
        </b:if>
      </span>
    </a>
  </b:if>
 </b:if>
</b:includable>
<b:includable id='interval' var='intervalData'>
  <b:loop values='data:intervalData' var='i'>
      <ul class='hierarchy'>
        <li expr:class='&quot;archivedate &quot; + data:i.expclass'>
          <b:include data='i' name='toggle'/>
          <a class='post-count-link' expr:href='data:i.url'><data:i.name/></a>
            <span class='post-count' dir='ltr'>(<data:i.post-count/>)</span>
          <b:if cond='data:i.data'>
            <b:include data='i.data' name='interval'/>
          </b:if>
          <b:if cond='data:i.posts'>
            <b:include data='i.posts' name='posts'/>
          </b:if>
        </li>
      </ul>
  </b:loop>
</b:includable>
<b:includable id='menu' var='data'>
  <select expr:id='data:widget.instanceId + &quot;_ArchiveMenu&quot;'>
    <option value=''><data:title/></option>
    <b:loop values='data:data' var='i'>
      <option expr:value='data:i.url'><data:i.name/> (<data:i.post-count/>)</option>
    </b:loop>
  </select>
</b:includable>
<b:includable id='flat' var='data'>
  <ul class='flat'>
    <b:loop values='data:data' var='i'>
      <li class='archivedate'>
        <a expr:href='data:i.url'><data:i.name/></a> (<data:i.post-count/>)
      </li>
    </b:loop>
  </ul>
</b:includable>
<b:includable id='posts' var='posts'>
  <ul class='posts'>
    <b:loop values='data:posts' var='i'>
      <li><a expr:href='data:i.url'><data:i.title/></a></li>
    </b:loop>
  </ul>
</b:includable>
<b:includable id='main'>
  <b:if cond='data:title'>
    <h2><data:title/></h2>
  </b:if>
  <div class='widget-content'>
  <div id='ArchiveList'>
  <div expr:id='data:widget.instanceId + &quot;_ArchiveList&quot;'>
    <b:if cond='data:style == &quot;HIERARCHY&quot;'>
     <b:include data='data' name='interval'/>
    </b:if>
    <b:if cond='data:style == &quot;FLAT&quot;'>
      <b:include data='data' name='flat'/>
    </b:if>
    <b:if cond='data:style == &quot;MENU&quot;'>
      <b:include data='data' name='menu'/>
    </b:if>
  </div>
  </div>
  
  </div>
</b:includable>
</b:widget>
<b:widget id='HTML3' locked='false' title='Download' type='HTML'>
<b:includable id='main'>
  <!-- only display title if it's non-empty -->
  <b:if cond='data:title != &quot;&quot;'>
    <h2 class='title'><data:title/></h2>
  </b:if>
  <div class='widget-content'>
    <data:content/>
  </div>

</b:includable>
</b:widget>
</b:section>

<p/></div>

      <!-- spacer for skins that want sidebar and main to be the same height-->
      <div class='clear'>&#160;</div>

    </div> 

<div id='content-bottom'/>

<!-- end content-wrapper -->
<div id='footer'>Copyright &#169; 2011 <a expr:href='data:blog.homepageUrl'><data:blog.title/></a> | Powered by <a href='http://www.blogger.com/'>Blogger</a>
</div>
<div style='clear:both;'/>
  </div></div></div></div></div> <!-- end outer-wrapper -->
<div style='clear:both;'/>
<!-- Credits : Don't Change Anything Here -->
<div id='credits-wrapper'><div id='credits' style='margin:0px auto 0px;width:980px;padding-left:0px;padding-right:0px;'>Design by <a href='http://themeshift.com/' target='_blank'>ThemeShift</a> | Bloggerized by <a href='http://www.bloggertipandtrick.net/' target='_blank' title='Best Blogging Tutorials'>Lasantha</a> - <a href='http://www.premiumbloggertemplates.com/' target='_blank' title='Premium Blogger Themes'>Free Blogger Templates</a> | <a href='http://www.100webhosting.com' target='_blank'>Best Web Hosting</a></div></div>

</body>
</html>