<?xml version="1.0" encoding="UTF-8" ?>
<!DOCTYPE html PUBLIC "-//W3C//DTD XHTML 1.0 Strict//EN" "http://www.w3.org/TR/xhtml1/DTD/xhtml1-strict.dtd">
<html expr:dir='data:blog.languageDirection' xmlns='http://www.w3.org/1999/xhtml' xmlns:b='http://www.google.com/2005/gml/b' xmlns:data='http://www.google.com/2005/gml/data' xmlns:expr='http://www.google.com/2005/gml/expr'>
  <head>
    <b:if cond='data:blog.pageType == &quot;item&quot;'>
<title><data:blog.pageName/> | <data:blog.title/></title>
<b:else/>
<title><data:blog.pageTitle/></title>
</b:if>
<b:if cond='data:blog.url == data:blog.homepageUrl'>
<meta content='Your blog description here' name='description'/>
<meta content='keyword , keyword, keyword, keyword , keyword' name='keywords'/>
</b:if>
    <b:skin><![CDATA[/*
-----------------------------------------------
Name    : Green Hurdico
Author  : Dody Farial
URL     : www.mybloggerthemes.com
Date    : August 2010
License : This free Blogger template is licensed under the Creative Commons Attribution 3.0 License, which permits both personal and commercial use.
However, to satisfy the 'attribution' clause of the license, you are required to keep the footer links intact which provides due credit to its authors and supporters. For more specific details about the license, you may visit the URL below:
http://creativecommons.org/licenses/by/3.0/
----------------------------------------------- */

/* This code hides the Blogger navbar */

#navbar, #navbar-iframe {
display: none;
height: 0;
}

/* General */

body {
background:#FFF url(http://lh3.ggpht.com/_7Y9pl24WpQY/THAc18TfPSI/AAAAAAAAEhk/6DboLvcRh5Y/body-bg_thumb%5B1%5D.png) repeat-x;
width:980px;
margin:auto;
color:#3E3E3E;
text-align:left;
font-family:helvetica,arial,verdana;
font-size:12px;
}

a:link {
color:#23761A;
text-decoration:none;
}

a:visited {
color:#23761A;
text-decoration:none;
}

a:hover {
color:#EB7617;
text-decoration:underline;
}

a img {
border-width:0;
}

/* Header */

#header-wrapper{
width:980px;
background:transparent;
height:115px;
margin:0;
}

#header h1 {
font:bold 56px Tangerine,Serif;
font-weight:bold;
letter-spacing:-3px;
margin:0;
padding:10px 35px 0 20px;
text-transform:none;
color:#23761A;
text-shadow:1px 1px 2px #F8F6F6;
}

#header a {
color:#23761A;
text-decoration:none;
}

#header a:hover {
color:#222;
}

#header .description {
color:#23761A;
font:14px arial,verdana;
letter-spacing:1px;
margin:0 5px 5px;
max-width:700px;
padding:0 20px 15px 20px;
text-transform:none;
font-weight:bold;
}

#header img {
margin:10px 0 17px 10px;
}

.top-widget {
float:right;
border:0;
margin-right:2px;
margin-top:-85px;
height:60px;
width:468px;
}

.top-widget a img {
border:none;
}

.top-widget a:hover img {
border:none;
opacity:0.9;
filter:alpha(opacity=90);
-moz-opacity:0.90;
-khtml-opacity:0.9;
}

/* Main containers */

#outer-wrapper {
width:980px;
margin:0 auto;
padding:0;
}

#main-wrapper {
width:640px;
float:left;
word-wrap:break-word; 
overflow:hidden;
padding:5px;
margin:-5px;
}

#sidebar-wrapper {
width:340px;
float:right;
word-wrap:break-word; 
overflow:hidden;
padding:5px;
margin:-5px;
}

.data{
margin-top:3px;
margin-bottom:15px;
height:20px;
}

.author,.clock, .labels{
background:url(http://lh3.ggpht.com/_7Y9pl24WpQY/TA_SRNUnXQI/AAAAAAAAEMU/wO0S1gPNYIQ/border_thumb%5B3%5D.png) repeat-x left bottom;
float:left;
margin:0px 10px 5px 0px;
padding:0 0 10px;
font-size:10px;
color:#696969;
text-transform:uppercase;
}

.labels a{
color:#696969;
}

/* Post */

.post{
padding:15px;
background:#EAEAEA;
font-family:helvetica, sans-serif;
-moz-box-shadow:0 0 5px #231A11;
-webkit-box-shadow:0 0 5px #231A11;
-goog-ms-box-shadow:0 0 5px #231A11;
margin-right:20px;
margin-bottom:20px;
}

.post h3{
margin:.25em 0 0;
padding:0 0 4px;
font-size:16pt;
font-weight:bold;
line-height:1.3em;
margin:5px 0 5px 0;
}

.post h3 a, .post h3 a:visited, .post h3 strong {
text-decoration:none;
color:#23761A;
text-shadow:1px 1px 2px #F8F6F6;
padding:0 0 5px 0;
font-family:trebuchet ms,arial;
}

.post h3 strong, .post h3 a:hover {
color:#EB7617;
}

.post-labels {
color:#696969;
background:#EAEAEA;
padding-left: 16px;
float:right;
}

.post-body {
margin:0 0 5px 0;
line-height:1.6em;
font-family:verdana;
}

.post-body blockquote {
background:#FBFEFF;
border:1px solid #23761A;
color:#000000;
display:block;
font-family:"courier new",Courier,monospace;
font-size:12px;
line-height:18px;
margin:10px;
overflow:auto;
padding:10px 10px 10px;
width:530px;
}

.post-body ul li{
list-style: url(http://4.bp.blogspot.com/_V-IXTBBt1Bg/S2ti9tpIaEI/AAAAAAAABek/VKA0f5f0GTU/s1600/bullet.png);
}

.post-author {
background:#F2F2F2;
padding-left:24px;
margin-left:5px;
height:20px;
width:550px;
float:left;
}

.comment-link {
background: url(http://1.bp.blogspot.com/_V-IXTBBt1Bg/S1-_R_s4asI/AAAAAAAABcQ/aaof4o0UQKo/s1600/comment.gif) no-repeat center left;
padding-left:16px;
height:20px;
width:120px;
float:right;
text-align:center;
}

.post-body img {
border:none;
}

.post-body a:hover img {
border:none;
opacity:0.8;
filter:alpha(opacity=80);
-moz-opacity:0.80;
-khtml-opacity:0.8;
}

.post blockquote {
margin:1em 20px;
}

.post blockquote p {
margin:.75em 0;
}

.comment-bubble {
float:right;
width:28px;
height:28px;
background:url(http://lh6.ggpht.com/_7Y9pl24WpQY/S_AGNIqF3nI/AAAAAAAAD4A/3onsvK0-jmA/1274007079_speech_bubble_48_thumb%5B3%5D.png) no-repeat center left;
font-size:11px;
font-weight:bold;
margin-top:10px;
text-align:center;
padding:0;
}

/* Comments */
#comments {
width: 600px;
padding: 15px 15px 0px 15px;
border: 1px solid #ffffff;
background: #FFF;
font-family: verdana, sans-serif;
margin-bottom: 20px;
}

#comments h4 {
font-family: arial, sans-serif;
margin:1em 0;
line-height: 1.4em;
color:#696969;
font-size: 16px;
background: url(http://1.bp.blogspot.com/_V-IXTBBt1Bg/S4SWanSc8qI/AAAAAAAABg0/2Ma0zwUASos/s1600/card-pencil.png) no-repeat center left;
padding-left: 24px;
}

#comments-block {
margin:1em 0 1.5em;
line-height:1.6em;
}

#comments-block .comment-author {
margin:.5em 0 0 0;
font-weight: bold;
padding:1px;
}

#comments-block .comment-body {
margin:0;
padding:5px 0 5px 0;
}

#comments-block .comment-footer {
margin:-.25em 0 2em;
line-height:1.4em;
font-style:italic;
font-size:0.8em;  
border-bottom:2px dotted #696969;
padding-bottom:10px;
}

#comments-block .comment-body p {
margin:0 0 .75em;
}

.deleted-comment {
font-style:italic;
color:gray;
}

.comment-form {
margin:25px 0px 0px 0px;
max-width:620px !important;
width:620px !important;
}

.avatar-image-container img {
background:url(http://2.bp.blogspot.com/_V-IXTBBt1Bg/S4SWaPjT5TI/AAAAAAAABgk/n5hvc_MUEPg/s1600/avatar.png);
width:35px;
height:35px;
}

#blog-pager-newer-link {
float:left;
margin:0px;
}
 
#blog-pager-older-link {
float:right;
margin-right:5px;
}

#blog-pager { 
text-align:center;
width:628px;
clear:both;
height:18px;
padding:5px 0;
}

.feed-links {
clear:both;
line-height:2.5em;
background:url(http://3.bp.blogspot.com/_V-IXTBBt1Bg/S2ELT4VUtKI/AAAAAAAABd0/EhEWrvJlaWg/s1600/rss-bottom.png) no-repeat center left;
padding-left:20px;
font-family:Helvetica, Arial, sans-serif;
}

/* Sidebar Content */
.sidebar { 
color:#3E3E3E;
line-height:1.5em;
font-family:Helvetica;
}

.sidebar h2{
font-weight:bold;
margin-top: 0;
color:#696969;
text-shadow:1px 1px 2px #F8F6F6;
font-size:16px;
font-family:arial,sans-serif;
}
 
.sidebar a {
color:#23761A;
}

.sidebar a:hover {
color:#3B7617;
text-decoration:none;
}

.sidebar ul {
list-style-type:none;
margin:0;
padding:0;
}

.sidebar ul li {
background:url(http://lh3.ggpht.com/_7Y9pl24WpQY/TA_SRNUnXQI/AAAAAAAAEMU/wO0S1gPNYIQ/border_thumb%5B3%5D.png) repeat-x 0 0;
margin:0 0 5px;
padding:0 0 10px;
}

.sidebar ul li a:hover {
margin:0 0 5px;
padding:0;
}

.sidebar .widget { 
background:#EAEAEA;
-moz-box-shadow:0 0 5px #231A11;
-webkit-box-shadow:0 0 5px #231A11;
-goog-ms-box-shadow:0 0 5px #231A11;
padding:15px;
margin-bottom:20px;
font-family:verdana,sans-serif;
}

.main .Blog { 
border-bottom-width: 0;
}

/* Profile */
.profile-img { 
float:left;
margin-top:0;
margin-rigt:5px;
margin-bottom:5px;
margin-left:0;
padding:4px;
}

.profile-data {
margin:0;
color:#000;
font-weight:bold;
line-height:1.6em;
}

.profile-datablock { 
margin:.5em 0 .5em;
}

.profile-textblock { 
margin: 0.5em 0;
line-height: 1.6em;
}

/* Footer */
#footer-wrapper {
background:#2D2D2D url(http://lh3.ggpht.com/_7Y9pl24WpQY/TFrgJZcPW9I/AAAAAAAAEa0/7VQWGwmXGGs/background_thumb%5B1%5D.png) repeat scroll left top;
-moz-box-shadow:0 0 5px #231A11;
-webkit-box-shadow:0 0 5px #231A11;
-goog-ms-box-shadow:0 0 5px #231A11;
width:980px;
font-family:verdana,helvetica;
}

#footer {
width:980px;
clear:both;
margin:0 auto;
padding:15px 0 15px 0;
line-height: 1.6em;
}

.footer-bot {
color:#FFF;
width:260px;
padding:10px 20px 10px 20px;
font-family:verdana,sans-serif;
}

.footer-bot a {
color:#A7C953;
}

.footer-bot a:hover {
color:#EB7617;
text-decoration:none;
}

.footer-bot h2 {
font-weight: bold;
margin-top:0;
color:#FFF;
text-shadow:1px 1px 2px #414040;
font-size:16px;
font-family:trebuchet ms,arial,sans-serif;
}

.footer-bot ul {
list-style-type:none;
margin:0;
padding:0
}

.footer-bot ul li {
background:url(http://lh3.ggpht.com/_7Y9pl24WpQY/TFrgNk_edAI/AAAAAAAAEbE/93g1ZD9sSlo/block_b_h2_thumb%5B2%5D.png) repeat-x bottom left;
margin:0 0 5px;
padding:0 0 10px
}

.footer-bot ul li a:hover {
margin:0 0 5px;
padding:0
}

#footer-left {
margin-right:25px;
float:left;
}

#footer-center {
margin-right:25px;
float:left;
}

#footer-right {
float:left;
}

#credit-wrapper{
width:980px;
background:#2D2D2D url(http://lh3.ggpht.com/_7Y9pl24WpQY/TFrgJZcPW9I/AAAAAAAAEa0/7VQWGwmXGGs/background_thumb%5B1%5D.png) repeat scroll left top;
-moz-box-shadow:0 0 5px #231A11;
-webkit-box-shadow:0 0 5px #231A11;
-goog-ms-box-shadow:0 0 5px #231A11;
height:20px;
margin-top:10px;
padding:15px 0 5px 0;
}

#credit {
width:980px;
margin:0 auto;
color:#FFF;
text-align:center;
font-size:11px;
}

#credit a {
color:#FFF;
}

/*-- Nav --*/
.navcontainer {
width:980px;
height:35px;
padding:0;
margin-bottom:25px;
}

#nav {
background:url(http://lh4.ggpht.com/_7Y9pl24WpQY/THAc3neheMI/AAAAAAAAEh0/ZC8CK2GUDg4/border_thumb.png) no-repeat center left;
width:800px;
height:35px;
}

#nav,#nav ul {
list-style:none;
line-height:1;
margin:0;
padding:0;
}

#nav ul li {
list-style:none;
margin:0;
padding:0;
}

#nav li a,#nav li a:link {
color:#222;
text-shadow:1px 1px 2px #86A53C;
background:url(http://lh4.ggpht.com/_7Y9pl24WpQY/THAc3neheMI/AAAAAAAAEh0/ZC8CK2GUDg4/border_thumb.png) no-repeat center right;
display:block;
text-decoration:none;
font-size:14px;
font-weight:700;
font-family:trebuchet ms,arial;
margin:0;
padding:10px 24px 10px 24px;
}

#nav li a:hover {
color:#222;
display:block;
text-decoration:none;
background:#23761A;
}

#nav ul,#nav li {
float:left;
list-style:none;
margin:0;
padding:0;
}

#search {
float:right;
margin-top:-31px;
margin-left:10px;
}

/*--- Author Box ---**/
.author-box {
background:#696969;
margin:20px 0 0 0;
padding:10px;
overflow:auto;
color:#FFF;
font-family:verdana, sans-serif;
}

.author-box p {
margin:0;
padding:0;
}

.author-box a{
color:#FFF;
}

.author-box img {
background: #FFFFFF;
float: left;
margin: 0 10px 0 0;
padding: 4px;
}

]]></b:skin>

<link href='http://fonts.googleapis.com/css?family=Tangerine:regular,bold' rel='stylesheet' type='text/css'/>

</head>

<body>
<div id='header-wrapper'>
<b:section class='header' id='header' maxwidgets='1' showaddelement='no'>
<b:widget id='Header1' locked='true' title='Green Hurdico (Header)' type='Header'>
<b:includable id='main'>

  <b:if cond='data:useImage'>
    <b:if cond='data:imagePlacement == &quot;BEHIND&quot;'>
      <!--
      Show image as background to text. You can't really calculate the width
      reliably in JS because margins are not taken into account by any of
      clientWidth, offsetWidth or scrollWidth, so we don't force a minimum
      width if the user is using shrink to fit.
      This results in a margin-width's worth of pixels being cropped. If the
      user is not using shrink to fit then we expand the header.
      -->
      <div expr:style='&quot;background-image: url(\&quot;&quot; + data:sourceUrl + &quot;\&quot;); &quot;                      + &quot;background-position: &quot;                      + data:backgroundPositionStyleStr + &quot;; &quot;                      + data:widthStyleStr                      + &quot;min-height: &quot; + data:height + &quot;px;&quot;                      + &quot;_height: &quot; + data:height + &quot;px;&quot;                      + &quot;background-repeat: no-repeat; &quot;' id='header-inner'>
        <div class='titlewrapper' style='background: transparent'>
          <h1 class='title' style='background: transparent; border-width: 0px'>
            <b:include name='title'/>
          </h1>
        </div>
        <b:include name='description'/>
      </div>
    <b:else/>
      <!--Show the image only-->
      <div id='header-inner'>
        <a expr:href='data:blog.homepageUrl' style='display: block'>
          <img expr:alt='data:title' expr:height='data:height' expr:id='data:widget.instanceId + &quot;_headerimg&quot;' expr:src='data:sourceUrl' expr:width='data:width' style='display: block'/>
        </a>
        <!--Show the description-->
        <b:if cond='data:imagePlacement == &quot;BEFORE_DESCRIPTION&quot;'>
          <b:include name='description'/>
        </b:if>
      </div>
    </b:if>
  <b:else/>
    <!--No header image -->
    <div id='header-inner'>
      <div class='titlewrapper'>
        <h1 class='title'>
          <b:include name='title'/>
        </h1>
      </div>
      <b:include name='description'/>
    </div>
  </b:if>
</b:includable>
<b:includable id='title'>
  <b:if cond='data:blog.url == data:blog.homepageUrl'>
    <data:title/>
  <b:else/>
    <a expr:href='data:blog.homepageUrl'><data:title/></a>
  </b:if>
</b:includable>
<b:includable id='description'>
  <div class='descriptionwrapper'>
    <p class='description'><span><data:description/></span></p>
  </div>
</b:includable>
</b:widget>
</b:section>
</div>

<div class='top-widget'>
<a href='#'><img src='http://lh4.ggpht.com/_7Y9pl24WpQY/TEtAIE-QJgI/AAAAAAAAEYI/IVpuVhPJ-bA/banner-ad_thumb%5B7%5D.png'/></a>
</div>

<div class='navcontainer'> 
<ul id='nav'> 
<li><a expr:href='data:blog.homepageUrl'>Home</a></li> 
<li><a href='#' title='View all posts filed under About'>About</a></li> 
<li><a href='#' title='View all posts filed under Contact'>Contact</a></li> 
<li><a href='#' title='View all posts filed under Widget'>Widget</a></li> 
<li><a href='#' title='View all posts filed under Templates'>Templates</a></li> 
<li><a href='#' title='View all posts filed under Blogger'>Blogger</a></li>
<li><a href='#' title='View all posts filed under Advertiser'>Advertiser</a></li>
</ul>
<div id='search'>  
<form action='/search' id='searchform' method='get' name='searchform'><input id='s' name='q' size='25' type='text' value=''/> <input id='searchsubmit' type='submit' value='Search'/></form>
</div> 
</div>

<div id='outer-wrapper'>
<!-- skip links for text browsers -->
<span id='skiplinks' style='display:none;'>
<a href='#main'>skip to main </a> |
<a href='#sidebar'>skip to sidebar</a>
</span>
 
<div id='content-wrapper'>
<div id='main-wrapper'>
<div id='crosscol-wrapper' style='text-align:center'>
<b:section class='crosscol' id='crosscol' showaddelement='yes'/>
</div>

<b:section class='main' id='main' showaddelement='no'>
<b:widget id='Blog1' locked='true' title='Blog Posts' type='Blog'>
<b:includable id='nextprev'>
  <div class='blog-pager' id='blog-pager'>
    <b:if cond='data:newerPageUrl'>
      <span id='blog-pager-newer-link'>
      <a class='blog-pager-newer-link' expr:href='data:newerPageUrl' expr:id='data:widget.instanceId + &quot;_blog-pager-newer-link&quot;' expr:title='data:newerPageTitle'>&#9668; <data:newerPageTitle/></a>
      </span>
    </b:if>

    <b:if cond='data:olderPageUrl'>
      <span id='blog-pager-older-link'>
      <a class='blog-pager-older-link' expr:href='data:olderPageUrl' expr:id='data:widget.instanceId + &quot;_blog-pager-older-link&quot;' expr:title='data:olderPageTitle'><data:olderPageTitle/> &#9658;</a>
      </span>
    </b:if>

<b:if cond='data:blog.homepageUrl != data:blog.url'>
      <a class='home-link' expr:href='data:blog.homepageUrl' expr:id='data:widget.instanceId + &quot;_blog-pager-home-link&quot;' expr:title='data:homePageTitle'>Home</a><b:else/>
      <b:if cond='data:newerPageUrl'>
        <a class='home-link' expr:href='data:blog.homepageUrl'><data:homeMsg/></a>
      </b:if>
    </b:if>

  </div>
  <div class='clear'/>
</b:includable>
<b:includable id='shareButtons' var='post'>
  <b:if cond='data:post.sharePostUrl'>
      <a class='share-button sb-email' expr:href='data:post.sharePostUrl + &quot;&amp;target=email&quot;' expr:title='data:top.emailThisMsg' target='_blank'>
        <span class='share-button-link-text'><data:top.emailThisMsg/></span></a>
      <a class='share-button sb-blog' expr:href='data:post.sharePostUrl + &quot;&amp;target=blog&quot;' expr:onclick='&quot;window.open(this.href, \&quot;_blank\&quot;, \&quot;height=270,width=475\&quot;); return false;&quot;' expr:title='data:top.blogThisMsg' target='_blank'>
        <span class='share-button-link-text'><data:top.blogThisMsg/></span></a>
      <a class='share-button sb-twitter' expr:href='data:post.sharePostUrl + &quot;&amp;target=twitter&quot;' expr:title='data:top.shareToTwitterMsg' target='_blank'>
        <span class='share-button-link-text'><data:top.shareToTwitterMsg/></span></a>
      <a class='share-button sb-facebook' expr:href='data:post.sharePostUrl + &quot;&amp;target=facebook&quot;' expr:onclick='&quot;window.open(this.href, \&quot;_blank\&quot;, \&quot;height=430,width=640\&quot;); return false;&quot;' expr:title='data:top.shareToFacebookMsg' target='_blank'>
        <span class='share-button-link-text'><data:top.shareToFacebookMsg/></span></a>
      <a class='share-button sb-buzz' expr:href='data:post.sharePostUrl + &quot;&amp;target=buzz&quot;' expr:onclick='&quot;window.open(this.href, \&quot;_blank\&quot;, \&quot;height=415,width=690\&quot;); return false;&quot;' expr:title='data:top.shareToBuzzMsg' target='_blank'>
        <span class='share-button-link-text'><data:top.shareToBuzzMsg/></span></a>
  </b:if>
</b:includable>
<b:includable id='backlinks' var='post'>
  <a name='links'/><h4><data:post.backlinksLabel/></h4>
  <b:if cond='data:post.numBacklinks != 0'>
    <dl class='comments-block' id='comments-block'>
      <b:loop values='data:post.backlinks' var='backlink'>
        <div class='collapsed-backlink backlink-control'>
          <dt class='comment-title'>
            <span class='backlink-toggle-zippy'>&#160;</span>
            <a expr:href='data:backlink.url' rel='nofollow'><data:backlink.title/></a>
            <b:include data='backlink' name='backlinkDeleteIcon'/>
          </dt>
          <dd class='comment-body collapseable'>
            <data:backlink.snippet/>
          </dd>
          <dd class='comment-footer collapseable'>
            <span class='comment-author'><data:post.authorLabel/> <data:backlink.author/></span>
            <span class='comment-timestamp'><data:post.timestampLabel/> <data:backlink.timestamp/></span>
          </dd>
        </div>
      </b:loop>
    </dl>
  </b:if>
  <p class='comment-footer'>
    <a class='comment-link' expr:href='data:post.createLinkUrl' expr:id='data:widget.instanceId + &quot;_backlinks-create-link&quot;' target='_blank'><data:post.createLinkLabel/></a>
  </p>
</b:includable>
<b:includable id='post' var='post'>
<div class='post hentry uncustomized-post-template'>
    <a expr:name='data:post.id'/>
    <b:if cond='data:post.title'>
      <h3 class='post-title entry-title'><b:if cond='data:blog.pageType != &quot;item&quot;'><b:if cond='data:post.allowComments'>
<a class='comment-bubble' expr:href='data:post.addCommentUrl' expr:onclick='data:post.addCommentOnclick' style='margin:-3px 0 0 4px'><data:post.numComments/></a>
</b:if></b:if>
     <b:if cond='data:post.link'>
       <a expr:href='data:post.link'><data:post.title/></a>
     <b:else/>
        <b:if cond='data:post.url'>
          <a expr:href='data:post.url'><data:post.title/></a>
        <b:else/>
          <data:post.title/>
        </b:if>
     </b:if>
      </h3>
    </b:if>
<div class='data'>
<span class='clock'>
<b:if cond='data:post.dateHeader'>
<script>var ultimaFecha = &#39;<data:post.dateHeader/>&#39;;</script>
<data:post.dateHeader/>
<b:else/>
<script>document.write(ultimaFecha);</script>
</b:if>
</span>

<span class='labels'>
        <b:if cond='data:post.labels'>
          <data:postLabelsLabel/>
          <b:loop values='data:post.labels' var='label'>
            <a expr:href='data:label.url' rel='tag'><data:label.name/></a><b:if cond='data:label.isLast != &quot;true&quot;'>,</b:if>
          </b:loop>
        </b:if>
      </span>

</div>

<div class='post-body entry-content'> 
<b:if cond='data:blog.pageType == &quot;item&quot;'>
<style>.fullpost{display:inline;}</style>
<p><data:post.body/></p>
<b:else/>

<style>.fullpost{display:none;}</style>
<p><data:post.body/></p>
</b:if>

<b:if cond='data:post.hasJumpLink'>
      <div class='jump-link' style='float:right'>
        <a expr:href='data:post.url + &quot;#more&quot;' expr:title='data:post.title'><img alt='read more' src='http://lh4.ggpht.com/_7Y9pl24WpQY/S8sMD7pBeXI/AAAAAAAADeE/LtHqW8Kc3PE/readmore_thumb%5B1%5D.gif'/></a> 
      </div>
    </b:if>
      
<div style='clear: both;'/>
</div>
    
    <div class='post-footer'>
    <div class='post-footer-line post-footer-line-1'>
 
 <b:if cond='data:blog.pageType == &quot;item&quot;'>
<div class='author-box'>
<p><img alt='avatar' class='avatar avatar-70 photo' height='70' src='http://2.bp.blogspot.com/_iPx6s72hybU/TCwG-lcNgYI/AAAAAAAAAqs/dLcpmcSgSNs/s1600/myavatar.png' width='70'/><b>About Author</b><br/>
Write anything about you here!<br/></p>
</div>
</b:if>
    
<div style='clear: both'/>
</div>

      <div class='post-footer-line post-footer-line-2'>
    
 <span class='reaction-buttons'>
        <b:if cond='data:top.showReactions'>
          <table border='0' cellpadding='0' cellspacing='0' width='100%'><tr>
            <td class='reactions-label-cell' nowrap='nowrap' valign='top' width='1%'>
              <span class='reactions-label'>
              <data:top.reactionsLabel/></span>&#160;</td>
            <td><iframe allowtransparency='true' class='reactions-iframe' expr:src='data:post.reactionsUrl' frameborder='0' name='reactions' scrolling='no'/></td>
           </tr></table>
        </b:if>
      </span>

      <span class='star-ratings'>
        <b:if cond='data:top.showStars'>
           <div expr:g:background-color='data:backgroundColor' expr:g:text-color='data:textColor' expr:g:url='data:post.absoluteUrl' g:height='42' g:type='RatingPanel' g:width='280'/>
        </b:if>
      </span>

       <!-- backlinks -->
       <span class='post-backlinks post-comment-link'>
         <b:if cond='data:blog.pageType != &quot;item&quot;'>
           <b:if cond='data:post.showBacklinks'>
             <a class='comment-link' expr:href='data:post.url + &quot;#links&quot;'><data:top.backlinkLabel/></a>
           </b:if>
         </b:if>
       </span>

      <span class='post-icons'>
        <!-- email post links -->
        <b:if cond='data:post.emailPostUrl'>
          <span class='item-action'>
          <a expr:href='data:post.emailPostUrl' expr:title='data:top.emailPostMsg'>
              <img alt='' class='icon-action' height='13' src='http://www.blogger.com/img/icon18_email.gif' width='18'/>
          </a>
          </span>
        </b:if>
</span>

</div>

      <div class='post-footer-line post-footer-line-3'>

<!-- quickedit pencil -->
        <b:include data='post' name='postQuickEdit'/>

      <span class='post-location'>
        <b:if cond='data:top.showLocation'>
          <b:if cond='data:post.location'>
            <data:postLocationLabel/>
            <a expr:href='data:post.location.mapsUrl' target='_blank'><data:post.location.name/></a>
          </b:if>
        </b:if>
      </span>
      </div>
    </div>
  </div>
</b:includable>
<b:includable id='status-message'>
  <b:if cond='data:navMessage'>
  <div class='status-msg-wrap'>
    <div class='status-msg-body'>
      <data:navMessage/>
    </div>
    <div class='status-msg-border'>
      <div class='status-msg-bg'>
        <div class='status-msg-hidden'><data:navMessage/></div>
      </div>
    </div>
  </div>
  <div style='clear: both;'/>
  </b:if>
</b:includable>
<b:includable id='comment-form' var='post'>
  <div class='comment-form'>
    <a name='comment-form'/>
    <h4 id='comment-post-message'><data:postCommentMsg/></h4>
    <p><data:blogCommentMessage/></p>
    <data:blogTeamBlogMessage/>
    <a expr:href='data:post.commentFormIframeSrc' id='comment-editor-src'/>
    <iframe allowtransparency='true' class='blogger-iframe-colorize blogger-comment-from-post' frameborder='0' height='410' id='comment-editor' name='comment-editor' src='' width='100%'/>
    <data:post.friendConnectJs/>
    <data:post.cmtfpIframe/>
    <script type='text/javascript'>
      BLOG_CMT_createIframe(&#39;<data:post.appRpcRelayPath/>&#39;, &#39;<data:post.communityId/>&#39;);
    </script>
  </div>
</b:includable>
<b:includable id='backlinkDeleteIcon' var='backlink'>
  <span expr:class='&quot;item-control &quot; + data:backlink.adminClass'>
    <a expr:href='data:backlink.deleteUrl' expr:title='data:top.deleteBacklinkMsg'>
      <img src='http://www.blogger.com/img/icon_delete13.gif'/>
    </a>
  </span>
</b:includable>
<b:includable id='postQuickEdit' var='post'>
  <b:if cond='data:post.editUrl'>
    <span expr:class='&quot;item-control &quot; + data:post.adminClass'>
      <a expr:href='data:post.editUrl' expr:title='data:top.editPostMsg'>
        <img alt='' class='icon-action' height='18' src='http://www.blogger.com/img/icon18_edit_allbkg.gif' width='18'/>
      </a>
    </span>
  </b:if>
</b:includable>
<b:includable id='main' var='top'>
  <!-- posts -->
  <div class='blog-posts hfeed'>

    <b:include data='top' name='status-message'/>

    <data:defaultAdStart/>
    <b:loop values='data:posts' var='post'>
  
      <b:include data='post' name='post'/>
      <b:if cond='data:blog.pageType == &quot;static_page&quot;'>
        <b:include data='post' name='comments'/>
<style>
.post-labels, .post-footer-line-1, .post-footer-line-2, .post-location, #blog-pager, #comments {display: none;}
</style>
      </b:if>
      <b:if cond='data:blog.pageType == &quot;item&quot;'>
        <b:include data='post' name='comments'/>
      </b:if>
      <b:if cond='data:post.includeAd'>
        <b:if cond='data:post.isFirstPost'>
          <data:defaultAdEnd/>
        <b:else/>
          <data:adEnd/>
        </b:if>
        <div class='inline-ad'>
          <data:adCode/>
        </div>
        <data:adStart/>
      </b:if>
      <b:if cond='data:post.trackLatency'>
        <data:post.latencyJs/>
      </b:if>
    </b:loop>
    <data:adEnd/>
  </div>

  <!-- navigation -->
  <b:include name='nextprev'/>

  <!-- feed links -->

  
  <b:if cond='data:top.showStars'>
    <script src='http://www.google.com/jsapi' type='text/javascript'/>
    <script type='text/javascript'>
      google.load(&quot;annotations&quot;, &quot;1&quot;, {&quot;locale&quot;: &quot;<data:top.languageCode/>&quot;});
      function initialize() {
        google.annotations.setApplicationId(<data:top.blogspotReviews/>);
        google.annotations.createAll();
        google.annotations.fetch();
      }
      google.setOnLoadCallback(initialize);
    </script>
  </b:if>
</b:includable>
<b:includable id='commentDeleteIcon' var='comment'>
  <span expr:class='&quot;item-control &quot; + data:comment.adminClass'>
    <a expr:href='data:comment.deleteUrl' expr:title='data:top.deleteCommentMsg'>
      <img src='http://www.blogger.com/img/icon_delete13.gif'/>
    </a>
  </span>
</b:includable>
<b:includable id='feedLinks'>
  <b:if cond='data:blog.pageType != &quot;item&quot;'> <!-- Blog feed links -->
    <b:if cond='data:feedLinks'>
      <div class='blog-feeds'>
      </div>
    </b:if>

    <b:else/> <!--Post feed links -->
    <div class='post-feeds'>
      <b:loop values='data:posts' var='post'>
        <b:if cond='data:post.allowComments'>
          <b:if cond='data:post.feedLinks'>
            <b:include data='post.feedLinks' name='feedLinksBody'/>
          </b:if>
        </b:if>
      </b:loop>
    </div>
  </b:if>
</b:includable>
<b:includable id='feedLinksBody' var='links'>
  <div class='feed-links'>
  <data:feedLinksMsg/>
  <b:loop values='data:links' var='f'>
     <a class='feed-link' expr:href='data:f.url' expr:type='data:f.mimeType' target='_blank'><data:f.name/> (<data:f.feedType/>)</a>
  </b:loop>
  </div>
</b:includable>
<b:includable id='comments' var='post'>
  <div class='comments' id='comments'>
    <a name='comments'/>
    <b:if cond='data:post.allowComments'>
      <h4>
        <b:if cond='data:post.numComments == 1'>
          1 <data:commentLabel/>:
        <b:else/>
          <data:post.numComments/> <data:commentLabelPlural/>:
        </b:if>
      </h4>

      <b:if cond='data:post.commentPagingRequired'>
        <span class='paging-control-container'>
          <a expr:class='data:post.oldLinkClass' expr:href='data:post.oldestLinkUrl'><data:post.oldestLinkText/></a>
          &#160;
          <a expr:class='data:post.oldLinkClass' expr:href='data:post.olderLinkUrl'><data:post.olderLinkText/></a>
          &#160;
          <data:post.commentRangeText/>
          &#160;
          <a expr:class='data:post.newLinkClass' expr:href='data:post.newerLinkUrl'><data:post.newerLinkText/></a>
          &#160;
          <a expr:class='data:post.newLinkClass' expr:href='data:post.newestLinkUrl'><data:post.newestLinkText/></a>
        </span>
      </b:if>

      <dl expr:class='data:post.avatarIndentClass' id='comments-block'>
        <b:loop values='data:post.comments' var='comment'>

          <dt expr:class='&quot;comment-author &quot; + data:comment.authorClass' expr:id='data:comment.anchorName'>

            <b:if cond='data:comment.favicon'>
              <img expr:src='data:comment.favicon' height='16px' style='margin-bottom:-2px;' width='16px'/>
            </b:if>
            <a expr:name='data:comment.anchorName'/>
            <b:if cond='data:blog.enabledCommentProfileImages'>
              <data:comment.authorAvatarImage/>
            </b:if>
            <b:if cond='data:comment.authorUrl'>
              <a expr:href='data:comment.authorUrl' rel='nofollow'><data:comment.author/></a>
            <b:else/>
              <data:comment.author/>
            </b:if>
            <data:commentPostedByMsg/>
          </dt>



          <dd class='comment-body'>
            <b:if cond='data:comment.isDeleted'>
              <span class='deleted-comment'><data:comment.body/></span>
            <b:else/>
              <p><data:comment.body/></p>
            </b:if>
          </dd>

          <dd class='comment-footer'>
            <span class='comment-timestamp'>
              <a expr:href='data:comment.url' title='comment permalink'>
                <data:comment.timestamp/>
              </a>
              <b:include data='comment' name='commentDeleteIcon'/>
            </span>
          </dd>
        </b:loop>
      </dl>

      <b:if cond='data:post.commentPagingRequired'>
        <span class='paging-control-container'>
          <a expr:class='data:post.oldLinkClass' expr:href='data:post.oldestLinkUrl'>
            <data:post.oldestLinkText/>
          </a>
          <a expr:class='data:post.oldLinkClass' expr:href='data:post.olderLinkUrl'>
            <data:post.olderLinkText/>
          </a>
          &#160;
          <data:post.commentRangeText/>
          &#160;
          <a expr:class='data:post.newLinkClass' expr:href='data:post.newerLinkUrl'>
            <data:post.newerLinkText/>
          </a>
          <a expr:class='data:post.newLinkClass' expr:href='data:post.newestLinkUrl'>
            <data:post.newestLinkText/>
          </a>
        </span>
      </b:if>

      <p class='comment-footer'>
        <b:if cond='data:post.embedCommentForm'>
          <b:if cond='data:post.allowNewComments'>
            <b:include data='post' name='comment-form'/>
          <b:else/>
            <data:post.noNewCommentsText/>
          </b:if>
        <b:else/>
          <b:if cond='data:post.allowComments'>
            <a expr:href='data:post.addCommentUrl' expr:onclick='data:post.addCommentOnclick'><data:postCommentMsg/></a>
          </b:if>
        </b:if>

      </p>
    </b:if>

    <div id='backlinks-container'>
    <div expr:id='data:widget.instanceId + &quot;_backlinks-container&quot;'>
       <b:if cond='data:post.showBacklinks'>
         <b:include data='post' name='backlinks'/>
       </b:if>
    </div>
    </div>
  </div>
</b:includable>
</b:widget>
</b:section>
</div>

<div id='sidebar-wrapper'>
<b:section class='sidebar' id='sidebar' preferred='yes'>
<b:widget id='Profile1' locked='false' title='About Me' type='Profile'>
<b:includable id='main'>
    <b:if cond='data:title != &quot;&quot;'>
      <h2><data:title/></h2>
    </b:if>
    <div class='widget-content'>
    <b:if cond='data:team == &quot;true&quot;'> <!-- team blog profile -->
      <ul>
        <b:loop values='data:authors' var='i'>
          <li><a expr:href='data:i.userUrl'><data:i.display-name/></a></li>
        </b:loop>
      </ul>

      <b:else/> <!-- normal blog profile -->

      <b:if cond='data:photo.url != &quot;&quot;'>
        <a expr:href='data:userUrl'><img class='profile-img' expr:alt='data:photo.alt' expr:height='data:photo.height' expr:src='data:photo.url' expr:width='data:photo.width'/></a>
      </b:if>

      <dl class='profile-datablock'>
        <dt class='profile-data'><data:displayname/></dt>

        <b:if cond='data:showlocation == &quot;true&quot;'>
          <dd class='profile-data'><data:location/></dd>
        </b:if>

        <b:if cond='data:aboutme != &quot;&quot;'><dd class='profile-textblock'><data:aboutme/></dd></b:if>
      </dl>
      <a class='profile-link' expr:href='data:userUrl'><data:viewProfileMsg/></a>
    </b:if>

     <b:include name='quickedit'/>
    </div>
  </b:includable>
</b:widget>
<b:widget id='Label1' locked='false' title='Labels' type='Label'>
<b:includable id='main'>
  <b:if cond='data:title'>
    <h2><data:title/></h2>
  </b:if>
  <div expr:class='&quot;widget-content &quot; + data:display + &quot;-label-widget-content&quot;'>
    <b:if cond='data:display == &quot;list&quot;'>
      <ul>
      <b:loop values='data:labels' var='label'>
        <li>
          <b:if cond='data:blog.url == data:label.url'>
            <span expr:dir='data:blog.languageDirection'><data:label.name/></span>
          <b:else/>
            <a expr:dir='data:blog.languageDirection' expr:href='data:label.url'><data:label.name/></a>
          </b:if>
          <b:if cond='data:showFreqNumbers'>
            <span dir='ltr'>(<data:label.count/>)</span>
          </b:if>
        </li>
      </b:loop>
      </ul>
    <b:else/>
      <b:loop values='data:labels' var='label'>
        <span expr:class='&quot;label-size label-size-&quot; + data:label.cssSize'>
          <b:if cond='data:blog.url == data:label.url'>
            <span expr:dir='data:blog.languageDirection'><data:label.name/></span>
          <b:else/>
            <a expr:dir='data:blog.languageDirection' expr:href='data:label.url'><data:label.name/></a>
          </b:if>
          <b:if cond='data:showFreqNumbers'>
            <span class='label-count' dir='ltr'>(<data:label.count/>)</span>
          </b:if>
        </span>
      </b:loop>
    </b:if>
    <b:include name='quickedit'/>
  </div>
</b:includable>
</b:widget>
<b:widget id='BlogArchive1' locked='false' title='Blog Archive' type='BlogArchive'>
<b:includable id='main'>
  <b:if cond='data:title'>
    <h2><data:title/></h2>
  </b:if>
  <div class='widget-content'>
  <div id='ArchiveList'>
  <div expr:id='data:widget.instanceId + &quot;_ArchiveList&quot;'>
    <b:if cond='data:style == &quot;HIERARCHY&quot;'>
     <b:include data='data' name='interval'/>
    </b:if>
    <b:if cond='data:style == &quot;FLAT&quot;'>
      <b:include data='data' name='flat'/>
    </b:if>
    <b:if cond='data:style == &quot;MENU&quot;'>
      <b:include data='data' name='menu'/>
    </b:if>
  </div>
  </div>
  <b:include name='quickedit'/>
  </div>
</b:includable>
<b:includable id='flat' var='data'>
  <ul class='flat'>
    <b:loop values='data:data' var='i'>
      <li class='archivedate'>
        <a expr:href='data:i.url'><data:i.name/></a> (<data:i.post-count/>)
      </li>
    </b:loop>
  </ul>
</b:includable>
<b:includable id='menu' var='data'>
  <select expr:id='data:widget.instanceId + &quot;_ArchiveMenu&quot;'>
    <option value=''><data:title/></option>
    <b:loop values='data:data' var='i'>
      <option expr:value='data:i.url'><data:i.name/> (<data:i.post-count/>)</option>
    </b:loop>
  </select>
</b:includable>
<b:includable id='interval' var='intervalData'>
  <b:loop values='data:intervalData' var='i'>
      <ul class='hierarchy'>
        <li expr:class='&quot;archivedate &quot; + data:i.expclass'>
          <b:include data='i' name='toggle'/>
          <a class='post-count-link' expr:href='data:i.url'><data:i.name/></a>
            <span class='post-count' dir='ltr'>(<data:i.post-count/>)</span>
          <b:if cond='data:i.data'>
            <b:include data='i.data' name='interval'/>
          </b:if>
          <b:if cond='data:i.posts'>
            <b:include data='i.posts' name='posts'/>
          </b:if>
        </li>
      </ul>
  </b:loop>
</b:includable>
<b:includable id='toggle' var='interval'>
  <b:if cond='data:interval.toggleId'>
  <b:if cond='data:interval.expclass == &quot;expanded&quot;'>
    <a class='toggle' href='javascript:void(0)'>
      <span class='zippy toggle-open'>&#9660;&#160;</span>
    </a>
  <b:else/>
    <a class='toggle' href='javascript:void(0)'>
      <span class='zippy'>
        <b:if cond='data:blog.languageDirection == &quot;rtl&quot;'>
          &#9668;&#160;
        <b:else/>
          &#9658;&#160;
        </b:if>
      </span>
    </a>
  </b:if>
 </b:if>
</b:includable>
<b:includable id='posts' var='posts'>
  <ul class='posts'>
    <b:loop values='data:posts' var='i'>
      <li><a expr:href='data:i.url'><data:i.title/></a></li>
    </b:loop>
  </ul>
</b:includable>
</b:widget>
</b:section>
</div>

<!-- spacer for skins that want sidebar and main to be the same height-->
<div class='clear'>&#160;</div>

</div> <!-- end content-wrapper -->    

</div>

<div id='footer-wrapper'>
<div id='footer'>
<b:section class='footer-bot' id='footer-left'>
<b:widget id='Label2' locked='false' title='Labels' type='Label'>
<b:includable id='main'>
  <b:if cond='data:title'>
    <h2><data:title/></h2>
  </b:if>
  <div expr:class='&quot;widget-content &quot; + data:display + &quot;-label-widget-content&quot;'>
    <b:if cond='data:display == &quot;list&quot;'>
      <ul>
      <b:loop values='data:labels' var='label'>
        <li>
          <b:if cond='data:blog.url == data:label.url'>
            <span expr:dir='data:blog.languageDirection'><data:label.name/></span>
          <b:else/>
            <a expr:dir='data:blog.languageDirection' expr:href='data:label.url'><data:label.name/></a>
          </b:if>
          <b:if cond='data:showFreqNumbers'>
            <span dir='ltr'>(<data:label.count/>)</span>
          </b:if>
        </li>
      </b:loop>
      </ul>
    <b:else/>
      <b:loop values='data:labels' var='label'>
        <span expr:class='&quot;label-size label-size-&quot; + data:label.cssSize'>
          <b:if cond='data:blog.url == data:label.url'>
            <span expr:dir='data:blog.languageDirection'><data:label.name/></span>
          <b:else/>
            <a expr:dir='data:blog.languageDirection' expr:href='data:label.url'><data:label.name/></a>
          </b:if>
          <b:if cond='data:showFreqNumbers'>
            <span class='label-count' dir='ltr'>(<data:label.count/>)</span>
          </b:if>
        </span>
      </b:loop>
    </b:if>
    <b:include name='quickedit'/>
  </div>
</b:includable>
</b:widget>
</b:section>
<b:section class='footer-bot' id='footer-center'>
<b:widget id='Label3' locked='false' title='Labels' type='Label'>
<b:includable id='main'>
  <b:if cond='data:title'>
    <h2><data:title/></h2>
  </b:if>
  <div expr:class='&quot;widget-content &quot; + data:display + &quot;-label-widget-content&quot;'>
    <b:if cond='data:display == &quot;list&quot;'>
      <ul>
      <b:loop values='data:labels' var='label'>
        <li>
          <b:if cond='data:blog.url == data:label.url'>
            <span expr:dir='data:blog.languageDirection'><data:label.name/></span>
          <b:else/>
            <a expr:dir='data:blog.languageDirection' expr:href='data:label.url'><data:label.name/></a>
          </b:if>
          <b:if cond='data:showFreqNumbers'>
            <span dir='ltr'>(<data:label.count/>)</span>
          </b:if>
        </li>
      </b:loop>
      </ul>
    <b:else/>
      <b:loop values='data:labels' var='label'>
        <span expr:class='&quot;label-size label-size-&quot; + data:label.cssSize'>
          <b:if cond='data:blog.url == data:label.url'>
            <span expr:dir='data:blog.languageDirection'><data:label.name/></span>
          <b:else/>
            <a expr:dir='data:blog.languageDirection' expr:href='data:label.url'><data:label.name/></a>
          </b:if>
          <b:if cond='data:showFreqNumbers'>
            <span class='label-count' dir='ltr'>(<data:label.count/>)</span>
          </b:if>
        </span>
      </b:loop>
    </b:if>
    <b:include name='quickedit'/>
  </div>
</b:includable>
</b:widget>
</b:section>
<b:section class='footer-bot' id='footer-right'>
<b:widget id='Label4' locked='false' title='Labels' type='Label'>
<b:includable id='main'>
  <b:if cond='data:title'>
    <h2><data:title/></h2>
  </b:if>
  <div expr:class='&quot;widget-content &quot; + data:display + &quot;-label-widget-content&quot;'>
    <b:if cond='data:display == &quot;list&quot;'>
      <ul>
      <b:loop values='data:labels' var='label'>
        <li>
          <b:if cond='data:blog.url == data:label.url'>
            <span expr:dir='data:blog.languageDirection'><data:label.name/></span>
          <b:else/>
            <a expr:dir='data:blog.languageDirection' expr:href='data:label.url'><data:label.name/></a>
          </b:if>
          <b:if cond='data:showFreqNumbers'>
            <span dir='ltr'>(<data:label.count/>)</span>
          </b:if>
        </li>
      </b:loop>
      </ul>
    <b:else/>
      <b:loop values='data:labels' var='label'>
        <span expr:class='&quot;label-size label-size-&quot; + data:label.cssSize'>
          <b:if cond='data:blog.url == data:label.url'>
            <span expr:dir='data:blog.languageDirection'><data:label.name/></span>
          <b:else/>
            <a expr:dir='data:blog.languageDirection' expr:href='data:label.url'><data:label.name/></a>
          </b:if>
          <b:if cond='data:showFreqNumbers'>
            <span class='label-count' dir='ltr'>(<data:label.count/>)</span>
          </b:if>
        </span>
      </b:loop>
    </b:if>
    <b:include name='quickedit'/>
  </div>
</b:includable>
</b:widget>
</b:section>

<div style='clear:both'/>
</div>
</div>

<div id='credit-wrapper'>
<div id='credit'><a expr:href='data:blog.homepageUrl'><data:blog.title/></a> &#169; 2010 | Designed by <a href='http://www.mybloggerthemes.com'>My Blogger Themes</a> | Blogger Template by <a href='http://www.blog-zone.info'>Blog Zone</a></div>
</div>

</body>
</html>