<?xml version="1.0" encoding="UTF-8" ?>
<!DOCTYPE html PUBLIC "-//W3C//DTD XHTML 1.0 Strict//EN" "http://www.w3.org/TR/xhtml1/DTD/xhtml1-strict.dtd">
<html expr:dir='data:blog.languageDirection' xmlns='http://www.w3.org/1999/xhtml' xmlns:b='http://www.google.com/2005/gml/b' xmlns:data='http://www.google.com/2005/gml/data' xmlns:expr='http://www.google.com/2005/gml/expr'>
  <head>
    <b:include data='blog' name='all-head-content'/>
    <title><data:blog.pageTitle/></title>
    <b:skin><![CDATA[/*
-----------------------------------------------
Blogger Template Style
Name:     Minima
Date:     26 Feb 2004
Updated by: Blogger Team
----------------------------------------------- */

/* Variable definitions
   ====================
   <Variable name="bgcolor" description="Page Background Color"
             type="color" default="#fff" value="#ffffff">
   <Variable name="textcolor" description="Text Color"
             type="color" default="#333" value="#333333">
   <Variable name="linkcolor" description="Link Color"
             type="color" default="#58a" value="#5588aa">
   <Variable name="pagetitlecolor" description="Blog Title Color"
             type="color" default="#666" value="#666666">
   <Variable name="descriptioncolor" description="Blog Description Color"
             type="color" default="#999" value="#999999">
   <Variable name="titlecolor" description="Post Title Color"
             type="color" default="#c60" value="#cc6600">
   <Variable name="bordercolor" description="Border Color"
             type="color" default="#ccc" value="#cccccc">
   <Variable name="sidebarcolor" description="Sidebar Title Color"
             type="color" default="#999" value="#999999">
   <Variable name="sidebartextcolor" description="Sidebar Text Color"
             type="color" default="#666" value="#666666">
   <Variable name="visitedlinkcolor" description="Visited Link Color"
             type="color" default="#999" value="#999999">
   <Variable name="bodyfont" description="Text Font"
             type="font" default="normal normal 100% Georgia, Serif" value="normal normal 100% Georgia, Serif">
   <Variable name="headerfont" description="Sidebar Title Font"
             type="font"
             default="normal normal 78% 'Trebuchet MS',Trebuchet,Arial,Verdana,Sans-serif" value="normal normal 78% 'Trebuchet MS',Trebuchet,Arial,Verdana,Sans-serif">
   <Variable name="pagetitlefont" description="Blog Title Font"
             type="font"
             default="normal normal 200% Georgia, Serif" value="normal normal 200% Georgia, Serif">
   <Variable name="descriptionfont" description="Blog Description Font"
             type="font"
             default="normal normal 78% 'Trebuchet MS', Trebuchet, Arial, Verdana, Sans-serif" value="normal normal 78% 'Trebuchet MS', Trebuchet, Arial, Verdana, Sans-serif">
   <Variable name="postfooterfont" description="Post Footer Font"
             type="font"
             default="normal normal 78% 'Trebuchet MS', Trebuchet, Arial, Verdana, Sans-serif" value="normal normal 78% 'Trebuchet MS', Trebuchet, Arial, Verdana, Sans-serif">
   <Variable name="startSide" description="Side where text starts in blog language"
             type="automatic" default="left" value="left">
   <Variable name="endSide" description="Side where text ends in blog language"
             type="automatic" default="right" value="right">
*/

/* Use this with templates/template-twocol.html */
/* Navbar Frame
----------------------------- */
#navbar-iframe {height:0px;visibility:hidden;display:none}
body{background:#2e3640 url(http://2.bp.blogspot.com/-SY_RjgMCCf0/TwEMkLK49mI/AAAAAAAAATc/VBWb78elR3I/s320/johny_bg.png) repeat-x;color:#333;font:x-small Georgia Serif;font-size:small;text-align:center;margin:0}
a:hover{color:#333;text-decoration:underline}
a img{border-width:0}
a:link,a:visited{color:#16387C;text-decoration:none}

/* Header
-----------------------------------------------*/
#header-wrapper{background:url(http://3.bp.blogspot.com/-oB3-KSOWSOk/TwGqTBUKumI/AAAAAAAAAYY/DB0Byi09QRA/s1600/header.png) repeat-x;width:970px;margin:0 auto}
#header-inner{background-position:center;margin-left:auto;margin-right:auto}
#header{float:left;width:460px;border:0 solid #dce6ec;text-align:left;color:#333;margin:0}
#header2{float:right;width:468px;margin-right:10px;text-align:left;color:#555}
.header .widget,.header2 .widget{margin:0 auto;padding:10px 0 5px}
#header h1{line-height:1.2em;text-transform:none;letter-spacing:.1em;font:normal normal 30px Georgia, Tahoma, Helvetica, FreeSans, sans-serif;margin:0 auto;padding:0 0 .25em}
#header h1 a:hover{text-decoration:underline;color:#000}
#header a{color:#333;text-decoration:none}
#header a:hover{color:#333}
#header .description{max-width:500px;text-transform:none;letter-spacing:.01em;line-height:1.3em;font:normal normal 12px Georgia, Tahoma, Helvetica, FreeSans, sans-serif;color:#555;margin:0 auto;padding:0 auto}
#header img{margin-left:auto;margin-right:auto}

/* Outer-Wrapper
----------------------------------------------- */
#outer-wrapper{background:#fff;-moz-box-shadow:0 0 10px #000;width:960px;text-align:left;font:normal normal 13px Arial, Tahoma, Helvetica, FreeSans, sans-serif;margin:15px auto;padding:0 10px 0 0}
#crosscol-wrapper{margin:0 auto;padding:0 auto}
.crosscol .widget{margin:0 0 5px;padding:5px 10px}
#main-wrapper{padding-left:25px;width:610px;float:left;word-wrap:break-word;overflow:hidden}
#sidebarleft-wrapper{margin-left:10px;width:330px;float:left;word-wrap:break-word;overflow:hidden}
.slide-wrapper{width:auto;float:left;word-wrap:break-word;overflow:hidden;margin:0 auto;padding:0 auto}
#sidebar-wrapper,#sidebar2-wrapper{width:300px;float:right;word-wrap:break-word;overflow:hidden}

/* Headings
----------------------------------------------- */
h2{font:normal bold 13px Arial, Tahoma, Helvetica, FreeSans, sans-serif;line-height:1.3em;text-transform:uppercase;letter-spacing:.01em;color:#444;margin:.5em 0 .55em}

/* Posts
-----------------------------------------------*/
h2.date-header{text-transform:none;font:normal 11px Arial;color:#666;margin:.2em 0}
.post{border-bottom:1px solid #dce6ec;padding-bottom:.2em;margin:.5em 0 .2em}
.post h3{font-family:Arial;letter-spacing:.03em;font-size:180%;font-weight:400;line-height:1.2em;color:#333;margin:.25em 0 0;padding:0 auto}
.post h3 a,.post h3 a:visited,.post h3 strong{display:block;text-decoration:none;color:#333;font-weight:400}
.post h3 strong,.post h3 a:hover{color:#333;text-decoration:underline}
.post-body{border-top:3px solid #bbb;padding-top:7px;line-height:1.3em;margin:1em 0 .75em}
.post-body blockquote{line-height:1.3em}
.post-footer{color:#444;text-transform:none;letter-spacing:.01em;font:normal normal 11px Arial, Tahoma, Helvetica, FreeSans, sans-serif;line-height:1.4em;margin:.75em 0}
.comment-link{margin-left:.6em}
.post img,table.tr-caption-container{padding-top:4px;border:0 solid #dce6ec}
.tr-caption-container img{border:none;padding:0}
.post blockquote{margin:1em 20px}
.post blockquote p{margin:.75em 0}

/* Comments
----------------------------------------------- */
#comments h4{font-size:18px;font-weight:400;margin:20px 0}
.cm_wrap{clear:both;margin-bottom:10px;float:right;width:100%}
.cm_head{width:60px;float:left;margin:0}
.cm_avatar{vertical-align:middle;border:1px solid #DDD;background-image:url(http://4.bp.blogspot.com/-YemqbaT_OBk/To1GlQs7yVI/AAAAAAAAAJA/jvEmEASW6_Q/s1600/takdikenal.jpg);background-position:center;background-repeat:no-repeat;width:35px;height:35px;margin:0;padding:3px}
.cm_avatar_a{vertical-align:middle;border:1px solid #DDD;background:#c6e5f7;background-position:center;background-repeat:no-repeat;width:35px;height:35px;margin:0;padding:3px}
.cm_reply{padding-top:5px}
.cm_reply a{display:inline-block;border:1px solid #C4C4C4;border-top-color:#E4E4E4;border-left-color:#E4E4E4;color:#424242!important;text-align:center;text-shadow:0 -1px 0 #FFF;text-decoration:none;-webkit-border-radius:2px;-moz-border-radius:2px;border-radius:2px;background:0;font:11px/18px sans-serif;cursor:pointer;margin:0;padding:1px 6px}
.cm_reply a:hover{text-decoration:none!important;background:0}
.cm_entry{background:#fcfcfc;border:1px solid #E4E4E4;overflow:hidden;padding:16px}
.cm_arrow{display:block;width:9px;height:18px;background:url(http://3.bp.blogspot.com/-NONrBLhghFk/To0nNB1LmkI/AAAAAAAAAI4/CAuzDfYiCiU/s1600/comment-arrow.gif) no-repeat;position:absolute;margin-left:-25px}
.cm_info{margin-bottom:5px;border:thin solid #E6E6E6;background-color:#F4F4F4;padding:5px}
.cm_info_a{margin-bottom:5px;border:thin solid #E6E6E6;background-color:#dff0fa;padding:5px}
.cm_name{font-size:14px;color:#666!important;text-decoration:none;float:left}
.cm_name_a{font-family:"Comic Sans MS", cursive;font-size:14px;color:#666!important;text-decoration:none;font-weight:700;float:left}
.cm_date{font-size:10px;color:#999;text-decoration:none;float:right}
.cm_date_a{font-family:"Comic Sans MS", cursive;font-size:10px;color:#2D5E7B;text-decoration:none;float:right;padding-top:5px}
.cm_pagenavi{font-size:10px;text-transform:uppercase;color:#666;text-shadow:1px 1px #FFF;font-weight:700}
.cm_pagenavi a{color:#666;text-decoration:none;padding:10px}
.cm_pagenavi a:hover{text-decoration:underline}
.cm_pagenavi span{color:#888;background:#FFF;border:1px solid #E0E0E0;padding:4px}
.comment-body-author{font-family:"Comic Sans MS", cursive;font-weight:300}
#blog-pager-older-link{float:right}
#blog-pager{text-align:center}
.feed-links{clear:both;line-height:2.5em}
.cm_entry p,.cm_entry_a p{clear:both;border:thin solid #E6E6E6;background-color:#fff;font-size:13px;color:#333;word-wrap:break-word;padding:5px}

/* Sidebar Content
----------------------------------------------- */
.sidebar h2{font:bold 13px Arial;text-transform:none;color:#000;line-height:1.2em;letter-spacing:.01em;background:url(http://4.bp.blogspot.com/_tUdwiyEcqV4/TT_MfJvEVqI/AAAAAAAAAhk/ANSGqueYqsA/s1600/bg_sidebar.png) repeat-x bottom left;border:1px solid #ccc;border-width:0 0 1px;margin:0 auto;padding:5px 10px}
.sidebar .widget{background:#fff;margin:0 0 8px;padding:0 auto}
.sidebar a:link,.sidebar a:visited{font:12px Arial;color:#16387c;text-decoration:none}
.sidebar .widget-content{margin:0 auto;padding:8px 9px}
.sidebar{font:normal 12px Arial;color:#555;line-height:1.4em}
.sidebar li{text-indent:0;line-height:1.3em;margin:0;padding:3px 0 4px}
.sidebar a:hover{color:#FF6600}
.sidebar ul{list-style:none;margin:0;padding:0}
.main .widget {border-bottom:1px dotted #dce6ec;margin:0 auto;padding:0px 0px 5px 0px;}
.main .Blog {border-bottom-width: 0;}

/* Sidebar2 Content
----------------------------------------------- */
.sidebar2 {color: #666666;line-height: 1.3em;}
.sidebar2 ul {list-style:none;margin:0 0 0;padding:0 0 0;}
.sidebar2 li {text-indent:0;line-height:1.3em;margin:0;padding:3px 0 4px}
.sidebar2 a:link, .sidebar2 li a:visited {color:#16387C;text-decoration:none;}
.sidebar2 li a:hover {color:#333;text-decoration:underline;}
.sidebar2 .widget {margin:0px 0px 5px 0px;}
.sidebar .widget-content {padding: 0px;}

/* Sidebarleft Content
----------------------------------------------- */
.sidebarleft h2{font:bold 13px Arial;text-transform:none;color:#000;line-height:1.2em;letter-spacing:.01em;background:url(http://3.bp.blogspot.com/-GaWGIBFtNrU/TqNhP_emgFI/AAAAAAAAA1s/75Dk7vIboCw/s1600/midle2_h2.gif) repeat-x;border-width:0 0 1px;margin:0 auto;border:1px solid #ccc;padding:6px 10px}
.sidebarleft .widget{background:#fff;border:1px solid #dce6ec;margin:0 0 8px;padding:0 auto}
.sidebarleft a:link,.sidebarleft a:visited{font:12px Arial;color:#16387c;text-decoration:none}
.sidebarleft .widget-content{margin:0 auto;padding:8px 9px}
.sidebarleft{font:normal 12px Arial;color:#555;line-height:1.4em}
.sidebarleft li{background:url(http://4.bp.blogspot.com/-GSW7MPAS1FA/TwANMdXOSkI/AAAAAAAAARE/XBShBuqqHAc/s1600/arrow_bg.GIF) no-repeat 5px 9px;border-bottom:1px dotted $bordercolor;text-indent:0;line-height:1.4em;margin:0;padding:3px 0 4px 20px}
.sidebarleft a:hover{color:#FF6600}
.sidebarleft ul{list-style:none;margin:0;padding:0}

/* Footer Content
----------------------------------------------- */
.footer h2{font:bold 13px Arial;line-height:1.3em;text-transform:uppercase;letter-spacing:.01em;color:#DEDCDB;margin:0 auto;padding:5px 0}
.footer{color:#DEDCDB;line-height:1.3em;font:normal 12px Arial}
.footer ul{list-style:none;color:#888;margin:0;padding:0}
.footer li{background:url(http://4.bp.blogspot.com/_tUdwiyEcqV4/TUOCkSlgYFI/AAAAAAAAAj0/Y2IklQCBtlM/s1600/circle2.gif) no-repeat 1px 6px;font:normal 11px Arial;text-indent:0;line-height:1.3em;border-bottom:0 dotted #ccc;margin:0;padding:1px 0 1px 15px}
.footer a:link,.footer li a:visited{color:#DEDCDB;text-decoration:none}
.footer li a:hover{color:#DC7908}
.footer .widget{border:0 solid #dce6ec;margin:0 0 12px}
.footer .widget-content{padding:0}

/* Slide Content
----------------------------------------------- */
.slide {color: #666666;line-height: 1.3em;}
.slide ul {list-style:none;margin:0 0 0;padding:0 0 0;}
.slide li {margin:0;padding-top:0;
padding-right:0;padding-bottom:.25em;
padding-left:10px;text-indent:0px;line-height:1.3em;}
.slide .widget {margin:0px 0px 6px 0px;}

/* Profile
----------------------------------------------- */
.profile-img{float:left;border:1px solid #dce6ec;margin:0 5px 5px 0;padding:4px}
.profile-data{text-transform:uppercase;letter-spacing:.1em;font:normal normal 11px Arial, Tahoma, Helvetica, FreeSans, sans-serif;color:#444;font-weight:700;line-height:1.6em;margin:0}
.profile-datablock{margin:.5em 0}
.profile-textblock{line-height:1.6em;margin:.5em 0}
.profile-link{font:normal normal 11px Arial, Tahoma, Helvetica, FreeSans, sans-serif;text-transform:uppercase;letter-spacing:.1em}

/* Footer Wrapper
----------------------------------------------- */
.picfooter{background:url(http://2.bp.blogspot.com/-jqzUsf-kx70/TwFy-WDrd1I/AAAAAAAAAXo/P-3WmtT-z1Y/s1600/rotator-ul-bg.png) repeat-x;width:970px;margin-left:auto;border-top:1px solid #000;margin-right:auto;text-align:center;font:normal normal 13px Arial, Tahoma, Helvetica, FreeSans, sans-serif}
#footer-wrapper{width:930px;text-align:left;font:normal normal 13px Arial, Tahoma, Helvetica, FreeSans, sans-serif;margin:0 auto;padding:10px}
#footer1-wrapper{padding-right:15px;width:300px;float:left;word-wrap:break-word;overflow:hidden}
#footer2-wrapper{width:300px;float:left;word-wrap:break-word;overflow:hidden}
#footer3-wrapper{width:200px;float:right;border-left:1px solid #bdbdbd;word-wrap:break-word;overflow:hidden;padding:0 35px}

/* Credit
----------------------------------------------- */
.creditpic{background:url(http://2.bp.blogspot.com/-8yPcbklJoZQ/TwFt7Ial2jI/AAAAAAAAAXI/dE33IASMI7Q/s1600/bg-credit.png) repeat-x;border-top:1px solid #000;width:970px;margin:0 auto;padding:0 auto}
.credit{width:940px;line-height:1.6em;text-align:center;font-family:Arial;font-size:12px;color:#e6e5e2;overflow:hidden;clear:both;margin:0 auto;padding:10px 0 10px 25px}
.credit a:link,.credit a:visited{color:#e6e5e2;text-decoration:none}
.credit a:hover{color:#FFC932;text-decoration:none}

/* Slideshow
---------------------------------------------*/
.img400{width:340px;height:250px;}
.img400 img{width:340px;height:250px;border:0;z-index:80;}
.cursor{cursor:pointer;}.h250{height:250px;}.min250{margin-top:-250px;}
.des_4 {height:15px;margin-top:200px;background:#333;padding:5px 10px;color:#E73007;line-height: 1.2em; z-index:990;font-weight:bold;filter:alpha(opacity=70);-moz-opacity:.70;opacity:.70;}
.des_1{background:#000;height:51px;padding:5px 10px 0 10px;filter:alpha(opacity=75);-moz-opacity:.75;opacity:.75;z-index:990;}
.des_1a{background:#000;height:50px;padding:10px 10px 0 10px;filter:alpha(opacity=75);-moz-opacity:.75;opacity:.75;margin-top:-60px;}
.font16{font-size:13px;}
.font16{font-size:14px;}.c_white{color:#FFF;}
.c_white a{text-decoration:none;color:#FFF;}
.c_white a:hover{text-decoration:underline;}
.page_hl a{font:bold 12px arial;color:#FFF;text-decoration:none;padding:2px 5px;display:inline;background:#000;filter:alpha(opacity=60);-moz-opacity:.60;opacity:.60;}
.page_hl a:hover,.page_hl a.selected{color:#FFF;text-decoration:none;background:#000;filter:alpha(opacity=95);-moz-opacity:.95;opacity:.95;}.page_hl span a{color:#FFF;text-decoration:none;background:#F30;filter:alpha(opacity=90);-moz-opacity:.90;opacity:.90;}.pd_5{padding:5px;}
.clearit{clear:both;margin:0;padding:0;}
.pb_10{padding-bottom:10px;}

/* Featured Categories
--------------------------------- */
img.label_thumb{float:left;border:1px solid #8f8f8f;background:#D2D0D0;margin-right:10px;height:60px;width:60px;padding:2px}
img.label_thumb:hover{background:#f7f6f6}
.label_with_thumbs{float:left;width:100%;min-height:70px;margin:0 5px 2px 0}
ul.label_with_thumbs li{min-height:65px;margin:2px 0;padding:4px 0}

/* Main2 Content
----------------------------------------------- */
#main2-wrapper{width:300px;float:left;word-wrap:break-word;overflow:hidden}
.main2 h2{font:bold 13px Arial;text-transform:none;color:#000;line-height:1.2em;letter-spacing:.01em;background:url(http://3.bp.blogspot.com/-GaWGIBFtNrU/TqNhP_emgFI/AAAAAAAAA1s/75Dk7vIboCw/s1600/midle2_h2.gif) repeat-x;border:1px solid #ccc;border-width:0 0 1px;margin:0 auto;padding:6px 10px}
.main2 .widget{background:#fff;border:1px solid #dce6ec;margin:5px 0 8px;padding:0 auto}
.main2 a:link,.main2 a:visited{font:12px Arial;color:#16387c;text-decoration:none}
.main2 .widget-content{margin:0 auto;padding:8px 9px}
.main2{font:normal 12px Arial;color:#555;line-height:1.4em}
.main2 li{background:url(http://4.bp.blogspot.com/-GSW7MPAS1FA/TwANMdXOSkI/AAAAAAAAARE/XBShBuqqHAc/s1600/arrow_bg.GIF) no-repeat 3px 9px;border-bottom:1px dotted #ccc;text-indent:0;line-height:1.4em;margin:0;padding:3px 0 4px 20px}
.main2 a:hover{color:#FF6600}
.main2 ul{list-style:none;margin:0;padding:0}

/* Page Navigation
----------------------------------------------- */
.showpageArea a {font:normal 11px Arial;text-decoration:none;}
.showpageNum a {font:normal 11px Arial;background:#ddd;text-decoration:none;border: 1px solid #888;margin:0 2px;padding:2px 5px;color:#000}
.showpageNum a:hover {border: 1px solid #666;background-color:#1F5AAE;color:#fff;}
.showpagePoint {font:normal 11px Arial;color:#fff;text-decoration:none;border: 1px solid #888;background: #1F5AAE;margin:0 2px;padding:2px 5px;}
.showpageOf {font:normal 12px Arial;text-decoration:none;padding:2px 5px;margin: 0 2px;}
.showpage a {font:normal 11px Arial;text-decoration:none;border: 1px solid #888;padding:2px 3px;color:#000}
.showpage a:hover {color:#fff;border: 1px solid #666;background-color:#1F5AAE;text-decoration:none;}
.showpageNum a:link,.showpage a:link {text-decoration:none;color:#333333;}

/* Advertise
---------------------------------------------*/
#advertise {background:#fff;border:0px solid #eee;margin:0px;padding:0px;}
#advertise .ads {padding:15px;margin:0px}
.ads li {float:left;width:125px;margin-right:17px;margin-bottom:5px}
.ads li.last {margin-right:0;}
.ads li a {opacity:0.8;filter:alpha(opacity=80);}
.ads li a:hover {opacity:1.0;filter:alpha(opacity=100);color:#666; text-decoration:none;}
.slide-wrapper {padding:0 auto;margin:0 auto;width:auto;float: left;
word-wrap: break-word; overflow: hidden;}

/* Menu Horizontal Dropdown
----------------------------------------------- */
#menuwrapperpic{background:url(http://2.bp.blogspot.com/-eVufkC686Cw/TwGo8YAlWwI/AAAAAAAAAYM/tWP7l3ENpjY/s1600/menubar.png) repeat-x;width:970px;margin:0 auto;padding:0 auto}
#menuwrapper{width:970px;height:35px;margin:0 auto}
.menusearch{width:300px;float:right;margin:0 auto;padding:0 auto}
.clearit{clear:both;height:0;line-height:0.0;font-size:0}
#menubar{width:100%}
#menubar,#menubar ul{list-style:none;font-family:Arial, serif;margin:0;padding:0}
#menubar a{display:block;text-decoration:none;font-size:12px;font-weight:700;text-transform:uppercase;color:#CECECF;border-right:1px solid #191919;padding:12px 10px 8px}
#menubar a.trigger{background-image:url(http://3.bp.blogspot.com/-LzmPTNyR6po/TwETZufjSTI/AAAAAAAAATo/oisHmXUjmSY/s1600/arrow_white.gif);background-repeat:no-repeat;background-position:right center;padding:12px 24px 8px 10px}
#menubar li{float:left;position:static;width:auto}
#menubar li ul,#menubar ul li{width:170px}
#menubar ul li a{text-align:left;color:#fff;font-size:12px;font-weight:400;text-transform:none;font-family:Arial;border:none;padding:5px 10px}
#menubar li ul{z-index:100;position:absolute;display:none;background:#222;padding-bottom:5px;-moz-box-shadow:0 2px 2px rgba(0,0,0,0.6);-webkit-box-shadow:0 2px 2px rgba(0,0,0,0.6)}
#menubar li:hover a,#menubar a:active,#menubar a:focus,#menubar li.hvr a{background-color:#222;color:#E98C0A}
#menubar li:hover ul,#menubar li.hvr ul{display:block}
#menubar li:hover ul a,#menubar li.hvr ul a{color:#edfdfd;background-color:transparent;text-decoration:none}
#menubar li ul li.hr{border-bottom:1px solid #444;border-top:1px solid #000;display:block;font-size:1px;height:0;line-height:0;margin:4px 0}
#menubar ul a:hover{background-color:#555!important;color:#fff!important;text-decoration:none}

/* Menu Horizontal top
---------------------------------------------*/
.menutoppic {background:url(http://2.bp.blogspot.com/-JbLRiidDQNY/TwGuMCpyyfI/AAAAAAAAAYw/UOSOkbTPz-c/s1600/menutop.png) repeat-x;width:970px;margin:0 auto;padding:0 auto;height:30px;border-bottom:1px solid #191919}
#menuclock{width:130px;float:right;margin:0;padding:0;color:#BDBDBC;text-transform:none;list-style-type:none;font:normal 11px Arial;overflow:hidden}
.menutop {width:970px;float:left;height:20px;margin:0 auto;padding:6px 0;}
.menutop ul {margin: 0;padding-left:0px;color:#B5B5B5;list-style-type: none;font:11px Arial,sans-serif}
.menutop li{display: inline; margin: 0;}
.menutop li a{background:url(http://2.bp.blogspot.com/-BmbGoctJjJU/TwEeWQko7fI/AAAAAAAAAUU/7ySW5UEwK-s/s1600/bg_sprite.png) no-repeat center right;float: left;display: block;padding:3px 8px;color:#B5B5B5;line-height: 1.2em;}
.menutop li a:visited{color:#B5B5B5;}
.menutop li a:hover {color:#FACD49;text-decoration:none;}

/* Menu Horizontal Bottom
---------------------------------------------*/
.menubottompic {background:url(http://4.bp.blogspot.com/-_0Y9Zf5ktQY/TwFtY8x_nII/AAAAAAAAAW8/XlV--mr4Y3g/s1600/bottom-bg.gif) repeat-x;width:970px;margin:0 auto;padding:0 auto;height:33px;}
.menubottom {width:970px;float:left;height:20px;margin:0 auto;padding:7px 0;}
.menubottom ul {margin: 0;padding-left:0px;color:#B5B5B5;list-style-type: none;font:12px Arial,sans-serif}
.menubottom li{display: inline; margin: 0;}
.menubottom li a{background:url(http://2.bp.blogspot.com/-BmbGoctJjJU/TwEeWQko7fI/AAAAAAAAAUU/7ySW5UEwK-s/s1600/bg_sprite.png) no-repeat center right;float: left;display: block;padding:3px 8px;color:#B5B5B5;line-height: 1.2em;}
.menubottom li a:visited{color:#B5B5B5;}
.menubottom li a:hover {color:#FACD49;text-decoration:none;}

/* News Ticker Wrapper
---------------------------------------------*/
.newspic {background:#313030 url(http://4.bp.blogspot.com/-Lx1R3lzerLM/TwGcH0e3SbI/AAAAAAAAAYA/gvIfZMT6PBY/s1600/headlinejohny.png) no-repeat top left;width:970px;margin:0 auto;padding:0 auto;height:23px;color:#fff;border-bottom:1px solid #272626;border-top:1px solid #272626}
.news {width: 970px;margin:0 auto;padding:0 auto;line-height: 1.4em;text-align:left;font-family:Arial;font-size:10px;color:#fff;overflow:hidden;clear:both;}
.news a:link, .news a:visited{color:#fff;text-decoration:none;}
.news a:hover {color:#ddd;text-decoration:underline;}

]]></b:skin>

<b:if cond='data:blog.pageType != &quot;item&quot;'>
<style type='text/css'>

#main-wrapper {width: 300px;padding-left:10px;}
h2.date-header, .post-body, .jump-link, .feed-links, .post-footer{display:none;}
.post h3 {font-size:12px;margin:0 0 0 80px;padding:4px 6px 4px 0px;font-weight:bold;line-height:1.3em;position:relative;}
.post h3 a, .post h3 a:visited, .post h3 strong {font-weight:normal}
.post h3 strong, .post h3 a:hover {color:#FF8000;}
.post {border-bottom:1px dotted silver;margin:0px;padding:0px;}
.main .Blog {background:#fff;border: 1px solid #dce6ec;padding:7px;}
#blog-pager {font:normal 11px Arial;text-align:left;margin:6px 0 1px 0;padding:7px 0px 7px 0px;}
.post-timestamp{float:left;width:70px;padding:4px 5px 0 0;font:normal 12px Arial;color:#333;line-height:1.4em;margin-left:2px;}
</style>
</b:if>
<script src='http://johnytemplate.googlecode.com/files/slide.js' type='text/javascript'/>
<script src='http://jamu-martin.googlecode.com/files/label.js' type='text/javascript'/>
<script src='https://www.google.com/jsapi?key=ABQIAAAAlQIoliUVPjZwD8UDgw_U3RRIwEBzqhctQbSfCELWHiwZfm4bURT16_UOmLT4akgPJ2Y8y1hi0JRPCg' type='text/javascript'/>
<script src='http://maskolis.googlecode.com/files/ticker.js' type='text/javascript'/>
<style type='text/css'>
.titlefield{ /*CSS for RSS title link in general*/
text-decoration: none;}
.labelfield{ /*CSS for label field in general*/
color:#fff;font-size: 100%;}
.datefield{ /*CSS for date field in general*/
color:#fff;font:normal 12px Arial;}
#example1{ /*Demo 1 main container*/
width: 900px;
height: 14px;
padding: 0px;
font:bold 12px Arial;
color:#fff;
text-transform:none;
text-align:left;
background-color:transparent;}
code{ /*CSS for insructions*/
color: #fff;}
#example1 a:link, #example1 a:visited {color:#c4c2c2;text-decoration:none;}
#example1 a:hover {color:#FF8000;text-decoration:none;}
</style>
  </head>

<body onLoad='goforit()'>
  <div id='outer-wrapper'><div id='wrap2'>
<div class='menutoppic'>
<div class='menutop'>
<ul>
<li><a href='http://feeds.feedburner.com/JohnyTemplate' title='Posts RSS'>Posts RSS</a></li>
<li><a href='http://johnytemplate.blogspot.com/feeds/comments/default' title='Comments RSS'>Comments RSS</a></li>
<li><a href='http://johnytemplate.blogspot.com/2011/12/color-code-to-easier-your-customization.html'>Color Code</a></li>
<li><a href='http://johnytemplate.blogspot.com/search?max-results=300'>Archieves</a></li>

<li><a href='http://twitter.com/maskolis'>Twitter</a></li>
<li><a href='http://www.facebook.com/home.php?sk=group_191584964195748'>Facebook</a></li>
<li><a href='https://docs.google.com/spreadsheet/viewform?formkey=dHNGZ1FNMzNGOEdIQ2pvenp2RWRPb3c6MQ'>Contact us</a></li>
</ul>
<ul id='menuclock'>
<div style='text-align:right;padding:2px 10px 0 0;font:12px arial;color:#BDBDBC;'>
Today : 
<script type='text/javascript'>
&lt;!--
var currentTime = new Date()
var hours = currentTime.getHours()
var minutes = currentTime.getMinutes()
if (minutes &lt; 10){ minutes = &quot;0&quot; + minutes }
document.write(hours + &quot;:&quot; + minutes + &quot; &quot;)
if(hours &gt; 11){ document.write(&quot;PM&quot;) } else { document.write(&quot;AM&quot;) }
//--&gt;
</script> 
</div>
</ul>
</div>
<div style='clear:both;'/>
</div>
    <div id='header-wrapper'>
      <b:section class='header' id='header' maxwidgets='1' showaddelement='no'>
<b:widget id='Header1' locked='true' title='Johny Magazine (Header)' type='Header'>
<b:includable id='main'>

  <b:if cond='data:useImage'>
    <b:if cond='data:imagePlacement == &quot;BEHIND&quot;'>
      <!--
      Show image as background to text. You can't really calculate the width
      reliably in JS because margins are not taken into account by any of
      clientWidth, offsetWidth or scrollWidth, so we don't force a minimum
      width if the user is using shrink to fit.
      This results in a margin-width's worth of pixels being cropped. If the
      user is not using shrink to fit then we expand the header.
      -->
      <b:if cond='data:mobile'>
          <div id='header-inner'>
            <div class='titlewrapper' style='background: transparent'>
              <h1 class='title' style='background: transparent; border-width: 0px'>
                <b:include name='title'/>
              </h1>
            </div>
            <b:include name='description'/>
          </div>
        <b:else/>
          <div expr:style='&quot;background-image: url(\&quot;&quot; + data:sourceUrl + &quot;\&quot;); &quot;                        + &quot;background-position: &quot;                        + data:backgroundPositionStyleStr + &quot;; &quot;                        + data:widthStyleStr                        + &quot;min-height: &quot; + data:height                        + &quot;_height: &quot; + data:height                        + &quot;background-repeat: no-repeat; &quot;' id='header-inner'>
            <div class='titlewrapper' style='background: transparent'>
              <h1 class='title' style='background: transparent; border-width: 0px'>
                <b:include name='title'/>
              </h1>
            </div>
            <b:include name='description'/>
          </div>
        </b:if>
    <b:else/>
      <!--Show the image only-->
      <div id='header-inner'>
        <a expr:href='data:blog.homepageUrl' style='display: block'>
          <img expr:alt='data:title' expr:height='data:height' expr:id='data:widget.instanceId + &quot;_headerimg&quot;' expr:src='data:sourceUrl' expr:width='data:width' style='display: block'/>
        </a>
        <!--Show the description-->
        <b:if cond='data:imagePlacement == &quot;BEFORE_DESCRIPTION&quot;'>
          <b:include name='description'/>
        </b:if>
      </div>
    </b:if>
  <b:else/>
    <!--No header image -->
    <div id='header-inner'>
      <div class='titlewrapper'>
        <h1 class='title'>
          <b:include name='title'/>
        </h1>
      </div>
      <b:include name='description'/>
    </div>
  </b:if>
</b:includable>
<b:includable id='title'>
  <b:if cond='data:blog.url == data:blog.homepageUrl'>
    <data:title/>
  <b:else/>
    <a expr:href='data:blog.homepageUrl'><data:title/></a>
  </b:if>
</b:includable>
<b:includable id='description'>
  <div class='descriptionwrapper'>
    <p class='description'><span><data:description/></span></p>
  </div>
</b:includable>
</b:widget>
</b:section>
      <b:section class='header' id='header2' maxwidgets='1' showaddelement='no'>
<b:widget id='HTML1' locked='false' title='' type='HTML'>
<b:includable id='main'>
  <!-- only display title if it's non-empty -->
  <b:if cond='data:title != &quot;&quot;'>
    <h2 class='title'><data:title/></h2>
  </b:if>
  <div class='widget-content'>
    <data:content/>
  </div>

  <b:include name='quickedit'/>
</b:includable>
</b:widget>
</b:section>
<div style='clear:both;'/>
    </div><!-- end header-wrapper -->
<div id='menuwrapperpic'>

<div id='menuwrapper'>
<ul id='menubar'>
<li><a href='/'><img border='0' src='http://1.bp.blogspot.com/-Yx-NuFKviSQ/TwETaPMdmfI/AAAAAAAAATs/fLZvwofZ8N0/s1600/home_white.png' style='padding:0px;'/></a></li>
<li><a href='#'>About Us</a></li>
<li><a class='trigger' href='#'>Contact Us</a>
<ul>
<li><a href='#'>Goggle +</a></li>
<li class='hr'/>
<li><a href='#'>Contact on Facebook</a></li>
<li class='hr'/>
<li><a href='#'>Contact on Twitter</a></li>
</ul>
</li>
<li><a href='#'>Sport</a></li>
<li><a href='#'>Culture</a></li>
<li><a class='trigger' href='#'>Entertainment</a>
<ul>
<li><a href='#'>Music</a></li>
<li class='hr'/>
<li><a href='#'>Movie</a></li>
<li class='hr'/>
<li><a href='#'>Television</a></li>
</ul>
</li>
<li><a href='#'>Health</a></li>
<li><a class='trigger' href='#'>More</a>
<ul>
<li><a href='#'>Themes</a></li>
<li class='hr'/>
<li><a href='h#'>Tutorial</a></li>
<li class='hr'/>
<li><a href='#'>Resource</a></li>
<li class='hr'/>
<li><a href='#'>Advertise</a></li>
<li class='hr'/>
<li><a href='#'>Javascript</a></li>
</ul>
</li>
</ul>
<div class='menusearch'>
<div style='float:right;padding:8px 8px 0 0;'>
<form action='http://www.google.com/search' method='get' target='_blank'>
<input name='sitesearch' style='display:none;' value='http://johnymagazine.blogspot.com'/>
<input id='search-box' name='q' onblur='if(this.value==&apos;&apos;)this.value=this.defaultValue;' onfocus='if(this.value==this.defaultValue)this.value=&apos;&apos;;' style='width:170px;border:none;padding:4px 10px; font:italic 12px Georgia;color:#666; background:url(http://1.bp.blogspot.com/-kmhya2YU7jE/Tv9JVye66xI/AAAAAAAAAP8/S0ZeuQ910Ow/s1600/field-bg.gif) no-repeat;' type='text' value='Search on this site...'/><input align='top' id='search-btn' src='http://4.bp.blogspot.com/-b9FTjjXAbp4/TwEo-YIwe-I/AAAAAAAAAU4/Du-VmpE9hPE/s1600/bg_search.gif' type='image' value='Search'/>

</form>
</div>
</div>
<br class='clearit'/>
</div>
<div style='clear:both;'/>
</div>
<div class='newspic'>

<div style='float:left;width:780px;padding:3px 0 6px 120px; position:relative; overflow:hidden;'>
<script type='text/javascript'>
var cssfeed=new gfeedrssticker(&quot;example1&quot;, &quot;example1class&quot;, 4000, &quot;_new&quot;)
cssfeed.addFeed(&quot;Headlines&quot;, &quot;http://johnymagazine.blogspot.com/feeds/posts/default&quot;) //Specify &quot;label&quot; plus URL to RSS feed
cssfeed.displayoptions(&quot;date&quot;) //show the specified additional fields
cssfeed.setentrycontainer(&quot;div&quot;) //Wrap each entry with a DIV tag
cssfeed.filterfeed(10, &quot;date&quot;) //Show 10 entries, sort by date
cssfeed.entries_per_page(1)
cssfeed.init()
</script>
</div>
<div style='clear:both;'/>
</div>

    <!-- skip links for text browsers -->
    <span id='skiplinks' style='display:none;'>
      <a href='#main'>skip to main </a> |
      <a href='#sidebar'>skip to sidebar</a>
    </span>
 
    <div id='content-wrapper'>

      <div id='crosscol-wrapper' style='text-align:center'>
        <b:section class='crosscol' id='crosscol'>
<b:widget id='HTML2' locked='false' title='' type='HTML'>
<b:includable id='main'>
  <!-- only display title if it's non-empty -->
  <b:if cond='data:title != &quot;&quot;'>
    <h2 class='title'><data:title/></h2>
  </b:if>
  <div class='widget-content'>
    <data:content/>
  </div>

  <b:include name='quickedit'/>
</b:includable>
</b:widget>
</b:section>
      </div>
<b:if cond='data:blog.pageType != &quot;item&quot;'>
       <div id='sidebarleft-wrapper'>
      <div id='slide-wrapper'>
        <b:section class='slide' id='slide'>
<b:widget id='HTML6' locked='false' title='' type='HTML'>
<b:includable id='main'>
  <!-- only display title if it's non-empty -->
  <b:if cond='data:title != &quot;&quot;'>
    <h2 class='title'><data:title/></h2>
  </b:if>
  <div class='widget-content'>
    <data:content/>
  </div>

  <b:include name='quickedit'/>
</b:includable>
</b:widget>
</b:section>
      </div>

        <b:section class='sidebarleft' id='sidebarleft' preferred='yes'>
<b:widget id='PopularPosts1' locked='false' title='Popular Posts' type='PopularPosts'>
<b:includable id='main'>
  <b:if cond='data:title'><h2><data:title/></h2></b:if>
  <div class='widget-content popular-posts'>
    <ul>
      <b:loop values='data:posts' var='post'>
      <li>
        <b:if cond='data:showThumbnails == &quot;false&quot;'>
          <b:if cond='data:showSnippets == &quot;false&quot;'>
            <!-- (1) No snippet/thumbnail -->
            <a expr:href='data:post.href'><data:post.title/></a>
          <b:else/>
            <!-- (2) Show only snippets -->
            <div class='item-title'><a expr:href='data:post.href'><data:post.title/></a></div>
            <div class='item-snippet'><data:post.snippet/></div>
          </b:if>
        <b:else/>
          <b:if cond='data:showSnippets == &quot;false&quot;'>
            <!-- (3) Show only thumbnails -->
            <div class='item-thumbnail-only'>
              <b:if cond='data:post.thumbnail'>
                <div class='item-thumbnail'>
                  <a expr:href='data:post.href' target='_blank'>
                    <img alt='' border='0' expr:height='data:thumbnailSize' expr:src='data:post.thumbnail' expr:width='data:thumbnailSize'/>
                  </a>
                </div>
              </b:if>
              <div class='item-title'><a expr:href='data:post.href'><data:post.title/></a></div>
            </div>
            <div style='clear: both;'/>
          <b:else/>
            <!-- (4) Show snippets and thumbnails -->
            <div class='item-content'>
              <b:if cond='data:post.thumbnail'>
                <div class='item-thumbnail'>
                  <a expr:href='data:post.href' target='_blank'>
                    <img alt='' border='0' expr:height='data:thumbnailSize' expr:src='data:post.thumbnail' expr:width='data:thumbnailSize'/>
                  </a>
                </div>
              </b:if>
              <div class='item-title'><a expr:href='data:post.href'><data:post.title/></a></div>
              <div class='item-snippet'><data:post.snippet/></div>
            </div>
            <div style='clear: both;'/>
          </b:if>
        </b:if>
      </li>
      </b:loop>
    </ul>
    <b:include name='quickedit'/>
  </div>
</b:includable>
</b:widget>
<b:widget id='HTML18' locked='false' title='Random Post' type='HTML'>
<b:includable id='main'>
  <!-- only display title if it's non-empty -->
  <b:if cond='data:title != &quot;&quot;'>
    <h2 class='title'><data:title/></h2>
  </b:if>
  <div class='widget-content'>
    <data:content/>
  </div>

  <b:include name='quickedit'/>
</b:includable>
</b:widget>
</b:section>
      </div>
</b:if>

      <div id='main-wrapper'>

        <b:section class='main' id='main' showaddelement='no'>
<b:widget id='Blog1' locked='true' title='Blog Posts' type='Blog'>
<b:includable id='nextprev'>
  <div class='blog-pager' id='blog-pager'>
    <b:if cond='data:newerPageUrl'>
      <span id='blog-pager-newer-link'>
      <a class='blog-pager-newer-link' expr:href='data:newerPageUrl' expr:id='data:widget.instanceId + &quot;_blog-pager-newer-link&quot;' expr:title='data:newerPageTitle'><data:newerPageTitle/></a>
      </span>
    </b:if>

    <b:if cond='data:olderPageUrl'>
      <span id='blog-pager-older-link'>
      <a class='blog-pager-older-link' expr:href='data:olderPageUrl' expr:id='data:widget.instanceId + &quot;_blog-pager-older-link&quot;' expr:title='data:olderPageTitle'><data:olderPageTitle/></a>
      </span>
    </b:if>

    <a class='home-link' expr:href='data:blog.homepageUrl'><data:homeMsg/></a>

    <b:if cond='data:mobileLinkUrl'>
      <div class='blog-mobile-link'>
        <a expr:href='data:mobileLinkUrl'><data:mobileLinkMsg/></a>
      </div>
    </b:if>

  </div>
  <div class='clear'/>
</b:includable>
<b:includable id='shareButtons' var='post'>
  <b:if cond='data:top.showEmailButton'><a class='goog-inline-block share-button sb-email' expr:href='data:post.sharePostUrl + &quot;&amp;target=email&quot;' expr:title='data:top.emailThisMsg' target='_blank'>
      <span class='share-button-link-text'><data:top.emailThisMsg/></span>
  </a></b:if><b:if cond='data:top.showBlogThisButton'><a class='goog-inline-block share-button sb-blog' expr:href='data:post.sharePostUrl + &quot;&amp;target=blog&quot;' expr:onclick='&quot;window.open(this.href, \&quot;_blank\&quot;, \&quot;height=270,width=475\&quot;); return false;&quot;' expr:title='data:top.blogThisMsg' target='_blank'>
      <span class='share-button-link-text'><data:top.blogThisMsg/></span>
  </a></b:if><b:if cond='data:top.showTwitterButton'><a class='goog-inline-block share-button sb-twitter' expr:href='data:post.sharePostUrl + &quot;&amp;target=twitter&quot;' expr:title='data:top.shareToTwitterMsg' target='_blank'>
      <span class='share-button-link-text'><data:top.shareToTwitterMsg/></span>
  </a></b:if><b:if cond='data:top.showFacebookButton'><a class='goog-inline-block share-button sb-facebook' expr:href='data:post.sharePostUrl + &quot;&amp;target=facebook&quot;' expr:onclick='&quot;window.open(this.href, \&quot;_blank\&quot;, \&quot;height=430,width=640\&quot;); return false;&quot;' expr:title='data:top.shareToFacebookMsg' target='_blank'>
      <span class='share-button-link-text'><data:top.shareToFacebookMsg/></span>
  </a></b:if><b:if cond='data:top.showOrkutButton'><a class='goog-inline-block share-button sb-orkut' expr:href='data:post.sharePostUrl + &quot;&amp;target=orkut&quot;' expr:title='data:top.shareToOrkutMsg' target='_blank'>
      <span class='share-button-link-text'><data:top.shareToOrkutMsg/></span>
  </a></b:if><b:if cond='data:top.showBuzzButton'><a class='goog-inline-block share-button sb-buzz' expr:href='data:post.sharePostUrl + &quot;&amp;target=buzz&quot;' expr:onclick='&quot;window.open(this.href, \&quot;_blank\&quot;, \&quot;height=415,width=690\&quot;); return false;&quot;' expr:title='data:top.shareToBuzzMsg' target='_blank'>
      <span class='share-button-link-text'><data:top.shareToBuzzMsg/></span>
  </a></b:if>
  <b:if cond='data:top.showDummy'>
    <div class='goog-inline-block dummy-container'><data:post.dummyTag/></div>
  </b:if>
</b:includable>
<b:includable id='threaded_comment_js' var='post'>
  <script defer='defer' expr:src='data:post.commentSrc' type='text/javascript'/>

  <script type='text/javascript'>
    (function() {
      var items = <data:post.commentJso/>;
      var msgs = <data:post.commentMsgs/>;
      var postId = &#39;<data:post.id/>&#39;;
      var feed = &#39;<data:post.commentFeed/>&#39;;
      var authorName = &#39;<data:post.author/>&#39;;
      var authorUrl = &#39;<data:post.authorUrl/>&#39;;
      var blogId = &#39;<data:top.id/>&#39;;
      var baseUri = &#39;<data:post.commentBase/>&#39;;

// <![CDATA[
      feed += '?alt=json&v=2&orderby=published&reverse=false&max-results=50';
      var cursor = null;
      if (items && items.length > 0) {
        cursor = parseInt(items[items.length - 1].timestamp) + 1;
      }

      var bodyFromEntry = function(entry) {
        if (entry.gd$extendedProperty) {
          for (var k in entry.gd$extendedProperty) {
            if (entry.gd$extendedProperty[k].name == 'blogger.contentRemoved') {
              return '<span class="deleted-comment">' + entry.content.$t + '</span>';
            }
          }
        }
        return entry.content.$t;
      }

      var parse = function(data) {
        cursor = null;
        var comments = [];
        if (data && data.feed && data.feed.entry) {
          for (var i = 0, entry; entry = data.feed.entry[i]; i++) {
            var comment = {};
            // comment ID, parsed out of the original id format
            var id = /blog-(\d+).post-(\d+)/.exec(entry.id.$t);
            comment.id = id ? id[2] : null;
            comment.body = bodyFromEntry(entry);
            comment.timestamp = Date.parse(entry.published.$t) + '';
            if (entry.author && entry.author.constructor === Array) {
              var auth = entry.author[0];
              if (auth) {
                comment.author = {
                  name: (auth.name ? auth.name.$t : undefined),
                  profileUrl: (auth.uri ? auth.uri.$t : undefined),
                  avatarUrl: (auth.gd$image ? auth.gd$image.src : undefined)
                };
              }
            }
            if (entry.link) {
              if (entry.link[2]) {
                comment.link = comment.permalink = entry.link[2].href;
              }
              if (entry.link[3]) {
                var pid = /.*comments\/default\/(\d+)\?.*/.exec(entry.link[3].href);
                if (pid && pid[1]) {
                  comment.parentId = pid[1];
                }
              }
            }
            comment.deleteclass = 'item-control blog-admin';
            if (entry.gd$extendedProperty) {
              for (var k in entry.gd$extendedProperty) {
                console.log(entry.gd$extendedProperty[k].name + ' - ' + entry.gd$extendedProperty[k].value);
                if (entry.gd$extendedProperty[k].name == 'blogger.itemClass') {
                  comment.deleteclass += ' ' + entry.gd$extendedProperty[k].value;
                }
              }
            }
            comments.push(comment);
          }
        }
        return comments;
      };

      var paginator = function(callback) {
        if (hasMore()) {
          var url = feed;
          if (cursor) {
            url += '&published-min=' + new Date(cursor).toISOString();
          }
          window.bloggercomments = function(data) {
            var parsed = parse(data);
            cursor = parsed.length < 50 ? null
                : parseInt(parsed[parsed.length - 1].timestamp) + 1
            callback(parsed);
            window.bloggercomments = null;
          }
          url += '&callback=bloggercomments';
          var script = document.createElement('script');
          script.type = 'text/javascript';
          script.src = url;
          document.getElementsByTagName('head')[0].appendChild(script);
        }
      };
      var hasMore = function() {
        return !!cursor;
      };
      var getMeta = function(key, comment) {
        if ('iswriter' == key) {
          var matches = !!comment.author
              && comment.author.name == authorName
              && comment.author.profileUrl == authorUrl;
          return matches ? 'true' : '';
        } else if ('deletelink' == key) {
          return baseUri + '/delete-comment.g?blogID=' + blogId + '&postID=' + comment.id;
        } else if ('deleteclass' == key) {
          return comment.deleteclass;
        }
        return '';
      };

      var replybox = null;
      var replyUrlParts = null;
      var replyParent = undefined;

      var onReply = function(commentId, domId) {
        if (replybox == null) {
          // lazily cache replybox, and adjust to suit this style:
          replybox = document.getElementById('comment-editor');
          if (replybox != null) {
            replybox.height = '250px';
            replybox.style.display = 'block';
            replyUrlParts = replybox.src.split('#');
          }
        }
        if (replybox && (commentId !== replyParent)) {
          document.getElementById(domId).insertBefore(replybox, null);
          replybox.src = replyUrlParts[0]
              + (commentId ? '&parentID=' + commentId : '')
              + '#' + replyUrlParts[1];
          replyParent = commentId;
        }
      };

      var tok = 'comment-form_';
      var hash = window.location.hash || '';
      var startThread = hash.indexOf(tok) == 1 ? hash.substring(tok.length + 1) : undefined;

      // Configure commenting API:
      var configJso = {
        'maxDepth': 2
      };
      var provider = {
        'id': postId,
        'data': items,
        'loadNext': paginator,
        'hasMore': hasMore,
        'getMeta': getMeta,
        'onReply': onReply,
        'rendered': true,
        'initReplyThread': startThread,
        'config': configJso,
        'messages': msgs
      };

      var render = function() {
        if (window.goog && window.goog.comments) {
          var holder = document.getElementById('comment-holder');
          window.goog.comments.render(holder, provider);
        }
      };

      // render now, or queue to render when library loads:
      if (window.goog && window.goog.comments) {
        render();
      } else {
        window.goog = window.goog || {};
        window.goog.comments = window.goog.comments || {};
        window.goog.comments.loadQueue = window.goog.comments.loadQueue || [];
        window.goog.comments.loadQueue.push(render);
      }
    })();
// ]]>
  </script>
</b:includable>
<b:includable id='backlinks' var='post'>
  <a name='links'/><h4><data:post.backlinksLabel/></h4>
  <b:if cond='data:post.numBacklinks != 0'>
    <dl class='comments-block' id='comments-block'>
      <b:loop values='data:post.backlinks' var='backlink'>
        <div class='collapsed-backlink backlink-control'>
          <dt class='comment-title'>
            <span class='backlink-toggle-zippy'>&#160;</span>
            <a expr:href='data:backlink.url' rel='nofollow'><data:backlink.title/></a>
            <b:include data='backlink' name='backlinkDeleteIcon'/>
          </dt>
          <dd class='comment-body collapseable'>
            <data:backlink.snippet/>
          </dd>
          <dd class='comment-footer collapseable'>
            <span class='comment-author'><data:post.authorLabel/> <data:backlink.author/></span>
            <span class='comment-timestamp'><data:post.timestampLabel/> <data:backlink.timestamp/></span>
          </dd>
        </div>
      </b:loop>
    </dl>
  </b:if>
  <p class='comment-footer'>
    <a class='comment-link' expr:href='data:post.createLinkUrl' expr:id='data:widget.instanceId + &quot;_backlinks-create-link&quot;' target='_blank'><data:post.createLinkLabel/></a>
  </p>
</b:includable>
<b:includable id='mobile-main' var='top'>
    <!-- posts -->
    <div class='blog-posts hfeed'>

      <b:include data='top' name='status-message'/>

      <b:if cond='data:blog.pageType == &quot;index&quot;'>
        <b:loop values='data:posts' var='post'>
          <b:include data='post' name='mobile-index-post'/>
        </b:loop>
      <b:else/>
        <b:loop values='data:posts' var='post'>
          <b:include data='post' name='mobile-post'/>
        </b:loop>
      </b:if>
    </div>

   <b:include name='mobile-nextprev'/>
</b:includable>
<b:includable id='post' var='post'>
  <div class='post hentry'>
<b:if cond='data:blog.pageType != &quot;item&quot;'>
<span class='post-timestamp'><data:post.timestamp/></span>
</b:if>
<b:if cond='data:blog.homepageUrl == data:blog.url'>
<b:else/>
<b:if cond='data:blog.pageType == &quot;item&quot;'>
<div style='padding:5px 5px 5px 0; margin:0;font-size:95%; line-height:1.4em; border-bottom:4px double #ccc;'>
<a expr:href='data:blog.homepageUrl'>Home</a> &#187;
<b:if cond='data:post.labels'><b:loop values='data:post.labels' var='label'>
<a expr:href='data:label.url' rel='tag'><data:label.name/></a>
<b:if cond='data:label.isLast != &quot;true&quot;'> , </b:if>
</b:loop>
</b:if> &#187; <data:post.title/>
</div>
</b:if>
</b:if>
    <a expr:name='data:post.id'/>
    <b:if cond='data:post.title'>
      <h3 class='post-title entry-title'>
      <b:if cond='data:post.link'>
        <a expr:href='data:post.link'><data:post.title/></a>
      <b:else/>
        <b:if cond='data:post.url'>
          <b:if cond='data:blog.url != data:post.url'>
            <a expr:href='data:post.url'><data:post.title/></a>
          <b:else/>
            <data:post.title/>
          </b:if>
        <b:else/>
          <data:post.title/>
        </b:if>
      </b:if>
      </h3>
    </b:if>

    <div class='post-header'>
    <div class='post-header-line-1'/>
    </div>

    <div class='post-body entry-content' expr:id='&quot;post-body-&quot; + data:post.id'>
<div id='artikel'>
      <data:post.body/>
</div>
      <div style='clear: both;'/> <!-- clear for photos floats -->
    </div>
<b:if cond='data:blog.pageType == &quot;item&quot;'>
<div style='border-top:1px solid #ddd;border-bottom:1px solid #ddd; padding:8px 0px;margin:5px 0px 8px 0px;width:100%;float:left;height:20px;'>
<div style='float:right;padding-right:10px;'>
<div class='addthis_toolbox addthis_default_style '>
<a class='addthis_button_facebook_like' fb:like:layout='button_count'/>
<a class='addthis_button_tweet'/>
<a class='addthis_button_google_plusone' g:plusone:size='medium'/>
<a class='addthis_counter addthis_pill_style'/>
</div>
<script src='http://s7.addthis.com/js/250/addthis_widget.js#pubid=4rifin' type='text/javascript'/></div>
<div style='float:right;padding:2px 10px 0px 0px;font:normal 12px Arial;color:#666'>
<strong>Share this article</strong> : 

</div>
</div>
</b:if>
    <b:if cond='data:post.hasJumpLink'>
      <div class='jump-link'>
        <a expr:href='data:post.url + &quot;#more&quot;' expr:title='data:post.title'><data:post.jumpText/></a>
      </div>
    </b:if>

    <div class='post-footer'>
    <div class='post-footer-line post-footer-line-1'><span class='post-author vcard'>
        <b:if cond='data:top.showAuthor'>
          <data:top.authorLabel/>
          <span class='fn'><data:post.author/></span>
        </b:if>
      </span> <span class='post-timestamp'>
        <b:if cond='data:top.showTimestamp'>
          <data:top.timestampLabel/>
        <b:if cond='data:post.url'>
          <a class='timestamp-link' expr:href='data:post.url' rel='bookmark' title='permanent link'><abbr class='published' expr:title='data:post.timestampISO8601'><data:post.timestamp/></abbr></a>
        </b:if>
        </b:if>
      </span> <span class='post-comment-link'>
        <b:if cond='data:blog.pageType != &quot;item&quot;'>
          <b:if cond='data:blog.pageType != &quot;static_page&quot;'>
            <b:if cond='data:post.allowComments'>
              <a class='comment-link' expr:href='data:post.addCommentUrl' expr:onclick='data:post.addCommentOnclick'><b:if cond='data:post.numComments == 1'>1 <data:top.commentLabel/><b:else/><data:post.numComments/> <data:top.commentLabelPlural/></b:if></a>
            </b:if>
          </b:if>
        </b:if>
      </span> <span class='post-icons'>
        <!-- email post links -->
        <b:if cond='data:post.emailPostUrl'>
          <span class='item-action'>
          <a expr:href='data:post.emailPostUrl' expr:title='data:top.emailPostMsg'>
              <img alt='' class='icon-action' height='13' src='http://img1.blogblog.com/img/icon18_email.gif' width='18'/>
          </a>
          </span>
        </b:if>

        <!-- quickedit pencil -->
        <b:include data='post' name='postQuickEdit'/>
      </span> <div class='post-share-buttons goog-inline-block'>
        <b:if cond='data:post.sharePostUrl'>
          <b:include data='post' name='shareButtons'/>
        </b:if>
      </div> </div>

      <div class='post-footer-line post-footer-line-2'><span class='post-labels'>
        <b:if cond='data:post.labels'>
          <data:postLabelsLabel/>
          <b:loop values='data:post.labels' var='label'>
            <a expr:href='data:label.url' rel='tag'><data:label.name/></a><b:if cond='data:label.isLast != &quot;true&quot;'>,</b:if>
          </b:loop>
        </b:if>
      </span> </div>

      <div class='post-footer-line post-footer-line-3'><span class='post-location'>
        <b:if cond='data:top.showLocation'>
          <b:if cond='data:post.location'>
            <data:postLocationLabel/>
            <a expr:href='data:post.location.mapsUrl' target='_blank'><data:post.location.name/></a>
          </b:if>
        </b:if>
      </span> </div>
    </div>
  </div>
</b:includable>
<b:includable id='status-message'>
  <b:if cond='data:navMessage'>
  <div class='status-msg-wrap'>
    <div class='status-msg-body'>
      <data:navMessage/>
    </div>
    <div class='status-msg-border'>
      <div class='status-msg-bg'>
        <div class='status-msg-hidden'><data:navMessage/></div>
      </div>
    </div>
  </div>
  <div style='clear: both;'/>
  </b:if>
</b:includable>
<b:includable id='comment-form' var='post'>
  <div class='comment-form'>
    <a name='comment-form'/>
    <b:if cond='data:mobile'>
      <h4 id='comment-post-message'>
        <a expr:id='data:widget.instanceId + &quot;_comment-editor-toggle-link&quot;' href='javascript:void(0)'><data:postCommentMsg/></a></h4>
      <p><data:blogCommentMessage/></p>
      <data:blogTeamBlogMessage/>
      <a expr:href='data:post.commentFormIframeSrc' id='comment-editor-src'/>
      <iframe allowtransparency='true' class='blogger-iframe-colorize blogger-comment-from-post' frameborder='0' height='410' id='comment-editor' name='comment-editor' src='' style='display: none' width='100%'/>
    <b:else/>
      <h4 id='comment-post-message'><data:postCommentMsg/></h4>
      <p><data:blogCommentMessage/></p>
      <data:blogTeamBlogMessage/>
      <a expr:href='data:post.commentFormIframeSrc' id='comment-editor-src'/>
      <iframe allowtransparency='true' class='blogger-iframe-colorize blogger-comment-from-post' frameborder='0' height='250' id='comment-editor' name='comment-editor' src='' width='600'/>
    </b:if>
    <data:post.friendConnectJs/>
    <data:post.cmtfpIframe/>
    <script type='text/javascript'>
      BLOG_CMT_createIframe(&#39;<data:post.appRpcRelayPath/>&#39;, &#39;<data:post.communityId/>&#39;);
    </script>
  </div>
</b:includable>
<b:includable id='threaded_comments' var='post'>
  <b:include name='threaded_comment_css'/>

  <div class='comments' id='comments'>
    <a name='comments'/>
    <h4>
      <b:if cond='data:post.numComments == 1'>
        1 <data:commentLabel/>:
      <b:else/>
        <data:post.numComments/> <data:commentLabelPlural/>:
      </b:if>
    </h4>

    <div class='comments-content'>
      <b:if cond='data:post.embedCommentForm'>
        <b:include data='post' name='threaded_comment_js'/>
      </b:if>
      <div id='comment-holder'>
         <data:post.commentHtml/>
      </div>
    </div>

    <p class='comment-footer'>
      <b:if cond='data:post.allowNewComments'>
        <b:include data='post' name='threaded-comment-form'/>
      <b:else/>
        <data:post.noNewCommentsText/>
      </b:if>
    </p>

    <b:if cond='data:showCmtPopup'>
      <div id='comment-popup'>
        <iframe allowtransparency='true' frameborder='0' id='comment-actions' name='comment-actions' scrolling='no'>
        </iframe>
      </div>
    </b:if>

    <div id='backlinks-container'>
    <div expr:id='data:widget.instanceId + &quot;_backlinks-container&quot;'>
       <b:if cond='data:post.showBacklinks'>
         <b:include data='post' name='backlinks'/>
       </b:if>
    </div>
    </div>
  </div>
</b:includable>
<b:includable id='backlinkDeleteIcon' var='backlink'>
  <span expr:class='&quot;item-control &quot; + data:backlink.adminClass'>
    <a expr:href='data:backlink.deleteUrl' expr:title='data:top.deleteBacklinkMsg'>
      <img src='//www.blogger.com/img/icon_delete13.gif'/>
    </a>
  </span>
</b:includable>
<b:includable id='mobile-nextprev'>
  <div class='blog-pager' id='blog-pager'>
    <b:if cond='data:newerPageUrl'>
      <div class='mobile-link-button' id='blog-pager-newer-link'>
      <a class='blog-pager-newer-link' expr:href='data:newerPageUrl' expr:id='data:widget.instanceId + &quot;_blog-pager-newer-link&quot;' expr:title='data:newerPageTitle'>&amp;lsaquo;</a>
      </div>
    </b:if>

    <b:if cond='data:olderPageUrl'>
      <div class='mobile-link-button' id='blog-pager-older-link'>
      <a class='blog-pager-older-link' expr:href='data:olderPageUrl' expr:id='data:widget.instanceId + &quot;_blog-pager-older-link&quot;' expr:title='data:olderPageTitle'>&amp;rsaquo;</a>
      </div>
    </b:if>

    <div class='mobile-link-button' id='blog-pager-home-link'>
    <a class='home-link' expr:href='data:blog.homepageUrl'><data:homeMsg/></a>
    </div>

    <div class='mobile-desktop-link'>
      <a class='home-link' expr:href='data:desktopLinkUrl'><data:desktopLinkMsg/></a>
    </div>

  </div>
  <div class='clear'/>
</b:includable>
<b:includable id='mobile-post' var='post'>
  <div class='date-outer'>
    <b:if cond='data:post.dateHeader'>
      <h2 class='date-header'><span><data:post.dateHeader/></span></h2>
    </b:if>
    <div class='date-posts'>
      <div class='post-outer'>
<div id='share-buttons'>
<div class='twitter scount'>
<a class='twitter-share-button' data-count='vertical' data-text='The Awesome Complete Animated Sexy Social Bookmarks V3 For Blogger' data-url='http://www.spiceupyourblog.com/2011/05/awesome-complete-animated-sexy-social.html' data-via='paulcrowepro' href='http://twitter.com/share'>Tweet</a><script src='http://platform.twitter.com/widgets.js' type='text/javascript'/>
</div>

<div class='facebook scount'>
<fb:like font='' href='http://www.spiceupyourblog.com/2011/05/awesome-complete-animated-sexy-social.html' layout='box_count' send='false' show_faces='false' width='50'/>
</div>
<div class='stumble scount'>
<script src='http://www.stumbleupon.com/hostedbadge.php?s=5'/>
</div>
<div class='gplus scount'>
<script src='https://apis.google.com/js/plusone.js' type='text/javascript'/><g:plusone size='tall'/>
</div>
</div>
        <div class='post hentry uncustomized-post-template'>
          <a expr:name='data:post.id'/>
          <b:if cond='data:post.title'>
            <h3 class='post-title entry-title'>
              <b:if cond='data:post.link'>
                <a expr:href='data:post.link'><data:post.title/></a>
              <b:else/>
                <b:if cond='data:post.url'>
                  <b:if cond='data:blog.url != data:post.url'>
                    <a expr:href='data:post.url'><data:post.title/></a>
                  <b:else/>
                    <data:post.title/>
                  </b:if>
                <b:else/>
                  <data:post.title/>
                </b:if>
              </b:if>
            </h3>
          </b:if>

          <div class='post-header'>
            <div class='post-header-line-1'/>
          </div>

          <div class='post-body entry-content' expr:id='&quot;post-body-&quot; + data:post.id'>
            <data:post.body/>
            <div style='clear: both;'/> <!-- clear for photos floats -->
          </div>

          <div class='post-footer'>
            <div class='post-footer-line post-footer-line-1'>
              <span class='post-author vcard'>
                <b:if cond='data:top.showAuthor'>
                  <data:top.authorLabel/>
                  <span class='fn'><data:post.author/></span>
                </b:if>
              </span>

              <span class='post-timestamp'>
                <b:if cond='data:top.showTimestamp'>
                  <data:top.timestampLabel/>
                  <b:if cond='data:post.url'>
                    <a class='timestamp-link' expr:href='data:post.url' rel='bookmark' title='permanent link'><abbr class='published' expr:title='data:post.timestampISO8601'><data:post.timestamp/></abbr></a>
                  </b:if>
                </b:if>
              </span>

              <span class='post-comment-link'>
                <b:if cond='data:blog.pageType != &quot;item&quot;'>
                  <b:if cond='data:blog.pageType != &quot;static_page&quot;'>
                    <b:if cond='data:post.allowComments'>
                      <a class='comment-link' expr:href='data:post.addCommentUrl' expr:onclick='data:post.addCommentOnclick'><b:if cond='data:post.numComments == 1'>1 <data:top.commentLabel/><b:else/><data:post.numComments/> <data:top.commentLabelPlural/></b:if></a>
                    </b:if>
                  </b:if>
                </b:if>
              </span>
            </div>

            <div class='post-footer-line post-footer-line-2'>
              <b:if cond='data:top.showMobileShare'>
                <div class='mobile-link-button goog-inline-block' id='mobile-share-button'>
                  <a href='javascript:void(0);'><data:shareMsg/></a>
                </div>
              </b:if>
              <b:if cond='data:top.showDummy'>
                <div class='goog-inline-block dummy-container'><data:post.dummyTag/></div>
              </b:if>
            </div>

          </div>
        </div>

        <b:if cond='data:blog.pageType == &quot;static_page&quot;'>
          <b:include data='post' name='comments'/>
        </b:if>
        <b:if cond='data:blog.pageType == &quot;item&quot;'>
          <b:include data='post' name='comments'/>
        </b:if>
      </div>
    </div>
  </div>
</b:includable>
<b:includable id='postQuickEdit' var='post'>
  <b:if cond='data:post.editUrl'>
    <span expr:class='&quot;item-control &quot; + data:post.adminClass'>
      <a expr:href='data:post.editUrl' expr:title='data:top.editPostMsg'>
        <img alt='' class='icon-action' height='18' src='http://img2.blogblog.com/img/icon18_edit_allbkg.gif' width='18'/>
      </a>
    </span>
  </b:if>
</b:includable>
<b:includable id='main' var='top'>

  <b:if cond='data:mobileindex'>
    <!-- mobile index -->
    <div class='blog-posts hfeed'>
      <b:loop values='data:posts' var='post'>
        <b:include data='post' name='mobile-index-post'/>
      </b:loop>
    </div>
  <b:else/>

    <!-- posts -->
    <div class='blog-posts hfeed'>

      <b:include data='top' name='status-message'/>

      <data:defaultAdStart/>
      <b:loop values='data:posts' var='post'>
        <b:if cond='data:post.isDateStart'>
          <b:if cond='data:post.isFirstPost == &quot;false&quot;'>
            &lt;/div&gt;&lt;/div&gt;
          </b:if>
        </b:if>
        <b:if cond='data:post.isDateStart'>
          &lt;div class=&quot;date-outer&quot;&gt;
        </b:if>
        <b:if cond='data:post.dateHeader'>
          <h2 class='date-header'><span><data:post.dateHeader/></span></h2>
        </b:if>
        <b:if cond='data:post.isDateStart'>
          &lt;div class=&quot;date-posts&quot;&gt;
        </b:if>
        <div class='post-outer'>
        <b:include data='post' name='post'/>
        <b:if cond='data:blog.pageType == &quot;static_page&quot;'>
          <b:include data='post' name='comments'/>
        </b:if>
        <b:if cond='data:blog.pageType == &quot;item&quot;'>
          <b:include data='post' name='comments'/>
        </b:if>
        </div>
        <b:if cond='data:post.includeAd'>
          <b:if cond='data:post.isFirstPost'>
            <data:defaultAdEnd/>
          <b:else/>
            <data:adEnd/>
          </b:if>
          <b:if cond='data:mobile == &quot;false&quot;'>
            <div class='inline-ad'>
              <data:adCode/>
            </div>
          </b:if>
          <data:adStart/>
        </b:if>
        <b:if cond='data:post.trackLatency'>
          <data:post.latencyJs/>
        </b:if>
      </b:loop>
      <b:if cond='data:numPosts != 0'>
        &lt;/div&gt;&lt;/div&gt;
      </b:if>
      <data:adEnd/>
    </div>
  </b:if>

  <!-- navigation -->
  <b:if cond='data:mobile'>
    <b:include name='mobile-nextprev'/>
  <b:else/>
    <b:include name='nextprev'/>

    <!-- feed links -->
    <b:include name='feedLinks'/>
  </b:if>

  <b:if cond='data:top.showStars'>
    <script src='//www.google.com/jsapi' type='text/javascript'/>
    <script type='text/javascript'>
      google.load(&quot;annotations&quot;, &quot;1&quot;, {&quot;locale&quot;: &quot;<data:top.languageCode/>&quot;});
      function initialize() {
        google.annotations.setApplicationId(<data:top.blogspotReviews/>);
        google.annotations.createAll();
        google.annotations.fetch();
      }
      google.setOnLoadCallback(initialize);
    </script>
  </b:if>

  <b:if cond='data:top.showDummy'>
    <data:top.dummyBootstrap/>
  </b:if>

</b:includable>
<b:includable id='commentDeleteIcon' var='comment'>
  <span expr:class='&quot;item-control &quot; + data:comment.adminClass'>
    <b:if cond='data:showCmtPopup'>
      <div class='goog-toggle-button'>
        <div class='goog-inline-block comment-action-icon'/>
      </div>
    <b:else/>
      <a class='comment-delete' expr:href='data:comment.deleteUrl' expr:title='data:top.deleteCommentMsg'>
        <img src='//www.blogger.com/img/icon_delete13.gif'/>
      </a>
    </b:if>
  </span>
</b:includable>
<b:includable id='feedLinks'>
  <b:if cond='data:blog.pageType != &quot;item&quot;'> <!-- Blog feed links -->
    <b:if cond='data:feedLinks'>
      <div class='blog-feeds'>
        <b:include data='feedLinks' name='feedLinksBody'/>
      </div>
    </b:if>

    <b:else/> <!--Post feed links -->
    <div class='post-feeds'>
      <b:loop values='data:posts' var='post'>
        <b:if cond='data:post.allowComments'>
          <b:if cond='data:post.feedLinks'>
            <b:include data='post.feedLinks' name='feedLinksBody'/>
          </b:if>
        </b:if>
      </b:loop>
    </div>
  </b:if>
</b:includable>
<b:includable id='threaded-comment-form' var='post'>
  <div class='comment-form'>
    <a name='comment-form'/>
    <b:if cond='data:mobile'>
      <p><data:blogCommentMessage/></p>
      <data:blogTeamBlogMessage/>
      <a expr:href='data:post.commentFormIframeSrc' id='comment-editor-src'/>
      <iframe allowtransparency='true' class='blogger-iframe-colorize blogger-comment-from-post' frameborder='0' height='410' id='comment-editor' name='comment-editor' src='' style='display: none' width='100%'/>
    <b:else/>
      <p><data:blogCommentMessage/></p>
      <data:blogTeamBlogMessage/>
      <a expr:href='data:post.commentFormIframeSrc' id='comment-editor-src'/>
      <iframe allowtransparency='true' class='blogger-iframe-colorize blogger-comment-from-post' frameborder='0' height='410' id='comment-editor' name='comment-editor' src='' width='100%'/>
    </b:if>
    <data:post.friendConnectJs/>
    <data:post.cmtfpIframe/>
    <script type='text/javascript'>
      BLOG_CMT_createIframe(&#39;<data:post.appRpcRelayPath/>&#39;, &#39;<data:post.communityId/>&#39;);
    </script>
  </div>
</b:includable>
<b:includable id='threaded_comment_css'>
  <style>
.comments {
  clear: both;
  margin-top: 10px;
  margin-bottom: 0px;
  line-height: 1em;
}
.comments .comments-content {
  font-size: 13px;
  margin-bottom: 16px;
}
.comments .comment .comment-actions a {
  padding-top: 5px;
  padding-right: 5px;
}
.comments .comment .comment-actions a:hover {
  text-decoration: underline;
}
.comments .comments-content .comment-thread ol {
  list-style-type: none;
  padding: 0;
  text-align: left;
}
.comments .comments-content .inline-thread {
  padding: 0.5em 1em;
}
.comments .comments-content .comment-thread {
  margin: 8px 0px;
}
.comments .comments-content .comment-thread:empty {
  display: none;
}
.comments .comments-content .comment-replies {
  margin-top: 1em;
  margin-left: 36px;
}
.comments .comments-content .comment {
  margin-bottom:16px;
  padding-bottom:8px;
}
.comments .comments-content .comment:first-child {
  padding-top:16px;
}
.comments .comments-content .comment:last-child {
  border-bottom:0;
  padding-bottom:0;
}
.comments .comments-content .comment-body {
  position:relative;
}
.comments .comments-content .user {
  font-style:normal;
  font-weight:bold;
}
.comments .comments-content .icon.blog-author {
  width: 18px;
  height: 18px;
  display: inline-block;
  margin: 0 0 -4px 6px;
}
.comments .comments-content .datetime {
  margin-left:6px;
}
.comments .comments-content .comment-header,
.comments .comments-content .comment-content {
  margin:0 0 8px;
}
.comments .comments-content .comment-content {
  text-align:justify;
}
.comments .comments-content .owner-actions {
  position:absolute;
  right:0;
  top:0;
}
.comments .comments-replybox {
  border: none;
  height: 250px;
  width: 100%;
}
.comments .comment-replybox-single {
  margin-top: 5px;
  margin-left: 48px;
}
.comments .comment-replybox-thread {
  margin-top: 5px;
}
.comments .comments-content .loadmore a {
  display: block;
  padding: 10px 16px;
  text-align: center;
}
.comments .thread-toggle {
  cursor: pointer;
  display: inline-block;
}
.comments .continue {
  cursor: pointer;
}
.comments .continue a {
  display: block;
  padding: 0.5em;
  font-weight: bold;
}
.comments .comments-content .loadmore {
  cursor: pointer;
  max-height: 3em;
  margin-top: 3em;
}
.comments .comments-content .loadmore.loaded {
  max-height: 0px;
  opacity: 0;
  overflow: hidden;
}
.comments .thread-chrome.thread-collapsed {
  display: none;
}
.comments .thread-toggle {
  display: inline-block;
}
.comments .thread-toggle .thread-arrow {
  display: inline-block;
  height: 6px;
  width: 7px;
  overflow: visible;
  margin: 0.3em;
  padding-right: 4px;
}
.comments .thread-expanded .thread-arrow {
  background: url(&quot;data:image/png;base64,iVBORw0KGgoAAAANSUhEUgAAAAcAAAAHCAYAAADEUlfTAAAAG0lEQVR42mNgwAfKy8v/48I4FeA0AacVDFQBAP9wJkE/KhUMAAAAAElFTkSuQmCC&quot;) no-repeat scroll 0 0 transparent;
}
.comments .thread-collapsed .thread-arrow {
  background: url(&quot;data:image/png;base64,iVBORw0KGgoAAAANSUhEUgAAAAcAAAAHCAYAAADEUlfTAAAAJUlEQVR42mNgAILy8vL/DLgASBKnApgkVgXIkhgKiNKJ005s4gDLbCZBiSxfygAAAABJRU5ErkJggg==&quot;) no-repeat scroll 0 0 transparent;
}
.comments .avatar-image-container {
  float: left;
  width: 36px;
  max-height: 36px;
  overflow: hidden;
}
.comments .avatar-image-container img {
  width: 36px;
}
.comments .comment-block {
  margin-left: 48px;
  position: relative;
}

/* Responsive styles. */
@media screen and (max-device-width: 480px) {
  .comments .comments-content .comment-replies {
    margin-left: 0;
  }
}
  </style>
</b:includable>
<b:includable id='mobile-index-post' var='post'>
  <div class='mobile-date-outer date-outer'>
    <b:if cond='data:post.dateHeader'>
      <div class='date-header'>
        <span><data:post.dateHeader/></span>
      </div>
    </b:if>

    <div class='mobile-post-outer'>
      <a expr:href='data:post.url'>
        <h3 class='mobile-index-title entry-title'>
          <data:post.title/>
        </h3>

        <div class='mobile-index-arrow'>&amp;rsaquo;</div>

        <div class='mobile-index-contents'>
          <b:if cond='data:post.thumbnailUrl'>
            <div class='mobile-index-thumbnail'>
              <div class='Image'>
                <img expr:src='data:post.thumbnailUrl'/>
              </div>
            </div>
          </b:if>

          <div class='post-body'>
            <b:if cond='data:post.snippet'><data:post.snippet/></b:if>
          </div>
        </div>

        <div style='clear: both;'/>
      </a>

      <div class='mobile-index-comment'>
        <b:if cond='data:blog.pageType != &quot;static_page&quot;'>
          <b:if cond='data:post.allowComments'>
            <b:if cond='data:post.numComments != 0'>
              <a class='comment-link' expr:href='data:post.addCommentUrl' expr:onclick='data:post.addCommentOnclick'><b:if cond='data:post.numComments == 1'>1 <data:top.commentLabel/><b:else/><data:post.numComments/> <data:top.commentLabelPlural/></b:if></a>
            </b:if>
          </b:if>
        </b:if>
      </div>
    </div>

    <b:if cond='data:post.trackLatency'>
      <data:post.latencyJs/>
    </b:if>
  </div>
</b:includable>
<b:includable id='feedLinksBody' var='links'>
  <div class='feed-links'>
  <data:feedLinksMsg/>
  <b:loop values='data:links' var='f'>
     <a class='feed-link' expr:href='data:f.url' expr:type='data:f.mimeType' target='_blank'><data:f.name/> (<data:f.feedType/>)</a>
  </b:loop>
  </div>
</b:includable>
<b:includable id='comments' var='post'>
<div class='comments' id='comments'>
  <a name='comments'/>
  <b:if cond='data:post.allowComments'>
        <h4>
             <b:if cond='data:post.numComments &gt; 0'>
<a href='#comment-form' style='float:right; margin-right:5px;'>+ <data:commentLabelPlural/> +</a>
          <b:if cond='data:post.numComments == 1'>
            <span id='cm_total'>1</span> comment
          <b:else/>
            <span id='cm_total'><data:post.numComments/></span> <data:commentLabelPlural/>
          </b:if>
        </b:if>
        </h4>
        
        <div id='cm_reply_css'/>
        
        <div class='cm_pagenavi' id='cm_page'/>
        
        <div id='cm_block'>
            <b:loop values='data:post.comments' var='comment'>
                <b:if cond='data:comment.isDeleted'>
                <b:else/>
                
                    <div expr:id='data:comment.anchorName'>
                        <div class='cm_wrap'>
                            <a expr:name='data:comment.anchorName'/> 
                            <div class='cm_head'>
                                <div class='cm_avatar'>
                                    <b:if cond='data:blog.enabledCommentProfileImages'>
                                        <data:comment.authorAvatarImage/>
                                    </b:if>                        
                                </div>
                                <div class='cm_reply'>
<a expr:href='&quot;https://www.blogger.com/comment.g?blogID=1361491650131070353&amp;postID=&quot; + data:post.id + &quot;&amp;isPopup=true&amp;postBody=%40%3C%61%20%68%72%65%66%3D%22%23&quot; + data:comment.anchorName + &quot;%22%3E&quot; + data:comment.author + &quot;%3C%2F%61%3E#form&quot;' onclick='javascript:window.open(this.href, &quot;bloggerPopup&quot;, &quot;toolbar=0,location=0,statusbar=1,menubar=0,scrollbars=yes,width=600,height=500&quot;); return false;'>Reply</a>
                                </div>
                            </div>
            <b:if cond='data:comment.author == data:post.author'>
              <dd class='cm_entry'>

                                <span class='cm_arrow'/>
                                <div class='cm_info_a'>
                                    <div class='cm_name_a'>
                                        <b:if cond='data:comment.authorUrl'>
<img height='20px' src='http://3.bp.blogspot.com/-40eKncoFCNM/To1Gy7ZIbiI/AAAAAAAAAJI/KG0TKarHI7M/s1600/adminstar.png' title='Admin' width='20px'/>
                                            <a expr:href='data:comment.authorUrl' rel='nofollow' target='_blank'>
                                                <data:comment.author/>
                                            </a>
                                        <b:else/>
                                            <b><data:comment.author/></b>
                                        </b:if>
                                    </div>
                                    <div class='cm_date_a'>
                                        <data:comment.timestamp/>
                                        <b:include data='comment' name='commentDeleteIcon'/>
                                    </div>
                                    <div class='clear'/>                                    
                                </div>
                                
<div class='comment-body-author'>
                                <p><data:comment.body/></p>
</div>
              </dd>
                <b:else/>
                            <dd class='cm_entry'>
                                <span class='cm_arrow'/>
                                <div class='cm_info'>
                                    <div class='cm_name'>
                                        <b:if cond='data:comment.authorUrl'>
                                            <a expr:href='data:comment.authorUrl' rel='nofollow' target='_blank'>
                                                <data:comment.author/>
                                            </a>
                                        <b:else/>
                                            <b><data:comment.author/></b>
                                        </b:if>
                                    </div>
                                    <div class='cm_date'>
                                        <data:comment.timestamp/>
                                        <b:include data='comment' name='commentDeleteIcon'/>
                                    </div>
                                    <div class='clear'/>                                    
                                </div>
                                

                                <p><data:comment.body/></p>
<span style='text-align:center; font-size:9px;'>Terimakasih <b><data:comment.author/></b> atas Komentarnya di <b><data:post.title/></b></span>
                            </dd>
              </b:if>
                        </div>
                    </div>
                </b:if>              
     </b:loop>
        </div>

        <div class='cm_pagenavi' id='cm_page_copy'/>
        
    <b:if cond='data:post.embedCommentForm'>
            <b:if cond='data:post.allowNewComments'>
                <b:include data='post' name='comment-form'/>
            <b:else/>
                <data:post.noNewCommentsText/>
            </b:if>
            <b:else/>
            <b:if cond='data:post.allowComments'>
                <a expr:href='data:post.addCommentUrl' expr:onclick='data:post.addCommentOnclick'><data:postCommentMsg/></a>
            </b:if>
    </b:if>

  </b:if>
  </div>
</b:includable>
</b:widget>
</b:section>
<b:if cond='data:blog.pageType != &quot;item&quot;'>
<!--Page Navigation Starts-->
<script type='text/javascript'>
var pageCount=10;
var displayPageNum=5;
var upPageWord =&#39;Previous Page&#39;;
var downPageWord =&#39;Next Page&#39;;
</script>
<script src='http://jamu-martin.googlecode.com/files/page%20navigation.js' type='text/javascript'/>
<!--Page Navigation Ends -->
      <div id='main2-wrapper'>
<b:section class='main2' id='main2' preferred='yes'>
<b:widget id='HTML11' locked='false' title='Technology' type='HTML'>
<b:includable id='main'>
  <!-- only display title if it's non-empty -->
  <b:if cond='data:title != &quot;&quot;'>
    <h2 class='title'><data:title/></h2>
  </b:if>
  <div class='widget-content'>
    <data:content/>
  </div>

  <b:include name='quickedit'/>
</b:includable>
</b:widget>
</b:section>
      </div>
</b:if>
      </div>
<b:if cond='data:blog.pageType != &quot;item&quot;'>
      <div id='sidebar2-wrapper'>
        <b:section class='sidebar2' id='sidebar2' preferred='yes'>
<b:widget id='HTML7' locked='false' title='' type='HTML'>
<b:includable id='main'>
  <!-- only display title if it's non-empty -->
  <b:if cond='data:title != &quot;&quot;'>
    <h2 class='title'><data:title/></h2>
  </b:if>
  <div class='widget-content'>
    <data:content/>
  </div>

  <b:include name='quickedit'/>
</b:includable>
</b:widget>
<b:widget id='HTML8' locked='false' title='Entertainment' type='HTML'>
<b:includable id='main'>
  <!-- only display title if it's non-empty -->
  <b:if cond='data:title != &quot;&quot;'>
    <h2 class='title'><data:title/></h2>
  </b:if>
  <div class='widget-content'>
    <data:content/>
  </div>

  <b:include name='quickedit'/>
</b:includable>
</b:widget>
<b:widget id='HTML5' locked='false' title='Sport' type='HTML'>
<b:includable id='main'>
  <!-- only display title if it's non-empty -->
  <b:if cond='data:title != &quot;&quot;'>
    <h2 class='title'><data:title/></h2>
  </b:if>
  <div class='widget-content'>
    <data:content/>
  </div>

  <b:include name='quickedit'/>
</b:includable>
</b:widget>
<b:widget id='HTML3' locked='false' title='News World' type='HTML'>
<b:includable id='main'>
  <!-- only display title if it's non-empty -->
  <b:if cond='data:title != &quot;&quot;'>
    <h2 class='title'><data:title/></h2>
  </b:if>
  <div class='widget-content'>
    <data:content/>
  </div>

  <b:include name='quickedit'/>
</b:includable>
</b:widget>
</b:section>
  </div>
</b:if>
          <div id='sidebar-wrapper'>
        <b:section class='sidebar' id='sidebar' preferred='yes'>
<b:widget id='HTML9' locked='false' title='' type='HTML'>
<b:includable id='main'>
  <!-- only display title if it's non-empty -->
  <b:if cond='data:title != &quot;&quot;'>
    <h2 class='title'><data:title/></h2>
  </b:if>
  <div class='widget-content'>
    <data:content/>
  </div>

  <b:include name='quickedit'/>
</b:includable>
</b:widget>
<b:widget id='HTML4' locked='false' title='' type='HTML'>
<b:includable id='main'>
  <!-- only display title if it's non-empty -->
  <b:if cond='data:title != &quot;&quot;'>
    <h2 class='title'><data:title/></h2>
  </b:if>
  <div class='widget-content'>
    <data:content/>
  </div>

  <b:include name='quickedit'/>
</b:includable>
</b:widget>
<b:widget id='HTML10' locked='false' title='Recent News' type='HTML'>
<b:includable id='main'>
<b:if cond='data:blog.pageType == &quot;item&quot;'>
  <!-- only display title if it's non-empty -->
  <b:if cond='data:title != &quot;&quot;'>
    <h2 class='title'><data:title/></h2>
  </b:if>
  <div class='widget-content'>
    <data:content/>
  </div>

  <b:include name='quickedit'/>
</b:if>
</b:includable>
</b:widget>
</b:section>
      </div>

      <!-- spacer for skins that want sidebar and main to be the same height-->
      <div class='clear'>&#160;</div>

    </div> <!-- end content-wrapper -->
<div class='menubottompic'>
<div class='menubottom'>
<ul>
<li><a href='http://feeds.feedburner.com/JohnyTemplate' title='Posts RSS'>Posts RSS</a></li>
<li><a href='http://johnytemplate.blogspot.com/feeds/comments/default' title='Comments RSS'>Comments RSS</a></li>
<li><a href='http://johnytemplate.blogspot.com/2011/12/color-code-to-easier-your-customization.html'>Color Code</a></li>
<li><a href='http://johnytemplate.blogspot.com/search?max-results=300'>Archieves</a></li>

<li><a href='http://twitter.com/maskolis'>Twitter</a></li>
<li><a href='http://www.facebook.com/home.php?sk=group_191584964195748'>Facebook</a></li>
<li><a href='https://docs.google.com/spreadsheet/viewform?formkey=dHNGZ1FNMzNGOEdIQ2pvenp2RWRPb3c6MQ'>Contact us</a></li>
</ul>
</div>
<div style='clear:both;'/>
</div>
<b:if cond='data:blog.pageType != &quot;item&quot;'>
<div class='picfooter'>
    <div id='footer-wrapper'>
      <b:section class='footer' id='footer'/>
<div id='footer1-wrapper'>
      <b:section class='footer' id='footer1'>
<b:widget id='Text1' locked='false' title='Contact Us' type='Text'>
<b:includable id='main'>
  <!-- only display title if it's non-empty -->
  <b:if cond='data:title != &quot;&quot;'>
    <h2 class='title'><data:title/></h2>
  </b:if>
  <div class='widget-content'>
    <data:content/>
  </div>

  <b:include name='quickedit'/>
</b:includable>
</b:widget>
</b:section>
</div>
<div id='footer2-wrapper'>
      <b:section class='footer' id='footer2'>
<b:widget id='HTML12' locked='false' title='Template Information' type='HTML'>
<b:includable id='main'>
  <!-- only display title if it's non-empty -->
  <b:if cond='data:title != &quot;&quot;'>
    <h2 class='title'><data:title/></h2>
  </b:if>
  <div class='widget-content'>
    <data:content/>
  </div>

  <b:include name='quickedit'/>
</b:includable>
</b:widget>
</b:section>
</div>
<div id='footer3-wrapper'>
      <b:section class='footer' id='footer3'>
<b:widget id='LinkList1' locked='false' title='Blogroll' type='LinkList'>
<b:includable id='main'>

<b:if cond='data:title'><h2><data:title/></h2></b:if>
 <div class='widget-content'>
   <ul>
     <b:loop values='data:links' var='link'>
       <li><a expr:href='data:link.target'><data:link.name/></a></li>
     </b:loop>
   </ul>
   <b:include name='quickedit'/>
 </div>
</b:includable>
</b:widget>
</b:section>
</div>
<div style='clear:both;'/>
    </div>
</div>
</b:if>
<div class='creditpic'>
<div class='credit'>
Copyright &#169; 2011. <a class='sitename' expr:href='data:blog.homepageUrl' expr:title='data:blog.pageTitle'><data:blog.pageTitle/></a> . All Rights Reserved<br/>
<a href='#'>Company Info</a> | <a href='#'>Contact Us</a> | <a href='#'>Privacy policy</a> | <a href='#'>Term of use</a> | <a href='#'>Widget</a> | <a href='#'>Advertise with Us</a> | <a href='#'>Site map</a><br/>

Template modify by <a href='http://creatingwebsite-maskolis.blogspot.com'>Creating Website</a>. Inspired from <a href='http://www.cbsnews.com/'>CBS News</a>
</div>
</div>
<b:if cond='data:blog.pageType == &quot;item&quot;'>
<script src='http://johnytemplate.googlecode.com/files/comment.js' type='text/javascript'/>
<script src='http://johnytemplate.googlecode.com/files/emoticon.js' type='text/javascript'/>
</b:if>
  </div></div> <!-- end outer-wrapper -->
</body>
</html>