<?xml version="1.0" encoding="UTF-8" ?>
<!DOCTYPE html PUBLIC "-//W3C//DTD XHTML 1.0 Strict//EN" "http://www.w3.org/TR/xhtml1/DTD/xhtml1-strict.dtd">
<html expr:dir='data:blog.languageDirection' xmlns='http://www.w3.org/1999/xhtml' xmlns:b='http://www.google.com/2005/gml/b' xmlns:data='http://www.google.com/2005/gml/data' xmlns:expr='http://www.google.com/2005/gml/expr'>
  <head>
<meta content='width=device-width, initial-scale=1.0' name='viewport'/>
<script type='text/javascript'>//<![CDATA[
var curl = window.location.href;if (curl.indexOf('m=1') != -1) {curl = curl.replace('m=1', 'm=0');window.location.href = curl;}
//]]></script>
<link href='http://fonts.googleapis.com/css?family=Montserrat:400,700' rel='stylesheet' type='text/css'/>
<link href='http://fonts.googleapis.com/css?family=Roboto+Slab:400,700,300' rel='stylesheet' type='text/css'/>
<link href='https://maxcdn.bootstrapcdn.com/font-awesome/4.4.0/css/font-awesome.min.css' rel='stylesheet'/>
<b:include data='blog' name='all-head-content'/>
<b:if cond='data:blog.url == data:blog.homepageUrl'>
</b:if>
<b:if cond='data:blog.pageType == &quot;index&quot;'>
<title><data:blog.pageTitle/></title> 
<b:else/>
<title><data:blog.pageName/> ~ <data:blog.title/></title>
</b:if>

    <b:skin><![CDATA[/*
/********************************
/////////////////////////////////////////////////////////
//                                                     //
// 	Template Name: Publisher //
// 	Template Version: 3.0 //
//  Designer: Syed Faizan Ali //
//  Company:Templateism
//  All rights are Strictly Reserved  //
//                                                     //
/////////////////////////////////////////////////////////
********************************/

body#layout ul{list-style-type:none;list-style:none}
body#layout ul li{list-style-type:none;list-style:none}
body#layout { float: left; width: 100%; }

body {
    background: #FFFFFF;
    font-size: 13px;
    margin: 0px;
    padding: 0px;
    font-family: "Roboto Slab";
}
a:link,
a:visited {
    color: #F15F2A;
    text-decoration: underline;
    outline: none;
}
a:hover {
    color: #F15F2A;
    text-decoration: none;
    outline: none;
}
.post hover:a {
    color: #F15F2A;
}
#blog-pager a:hover {
    color: #F15F2A;
}
.margin-1200 {
    width: 1200px;
    margin: auto;
}
/*=====================================
= Global CSS
=====================================*/
.clearfix:after {
    content: "\0020";
    display: block;
    height: 0;
    clear: both;
    visibility: hidden;
    overflow: hidden
}
#container,
#header,
#main,
#main-fullwidth,
#footer,
.clearfix {
    display: block
}
.clear {
    clear: both
}
h1,
h2,
h3,
h4,
h5,
h6 {
    margin-bottom: 16px;
    font-weight: normal;
    line-height: 1
}
h1 {
    font-size: 40px
}
h2 {
    font-size: 30px
}
h3 {
    font-size: 20px
}
h4 {
    font-size: 16px
}
h5 {
    font-size: 14px
}
h6 {
    font-size: 12px
}
h1 img,
h2 img,
h3 img,
h4 img,
h5 img,
h6 img {
    margin: 0
}
table {
    margin-bottom: 20px;
    width: 100%
}
th {
    font-weight: bold
}
thead th {
    background: #c3d9ff
}
th,
td,
caption {
    padding: 4px 10px 4px 5px
}
tr.even td {
    background: #e5ecf9
}
tfoot {
    font-style: italic
}
caption {
    background: #eee
}
li ul,
li ol {
    margin: 0
}
ul,
ol {
    margin: 0 20px 20px 0;
    padding-left: 40px
}
ul {
    list-style-type: disc
}
ol {
    list-style-type: decimal
}
dl {
    margin: 0 0 20px 0
}
dl dt {
    font-weight: bold
}
dd {
    margin-left: 20px
}
blockquote {
    margin: 20px;
    background-color: #fff;
    padding: 20px;
    border: 1px solid #d2d2d2;
    border-left: 5px solid #F15F2A;
}
pre {
    margin: 20px 0;
    white-space: pre
}
pre,
code,
tt {
    font: 13px 'andale mono', 'lucida console', monospace;
    line-height: 18px
}
#search {
    overflow: hidden;
}

#crosscol-wrapper {
    display: none;
}
.PopularPosts .item-title {
    font-weight: bold;
    padding-bottom: 0.2em;
}
.PopularPosts .widget-content ul li {
    padding: 0.7em 0;
    background: none
}
.widget-container {
    list-style-type: none;
    list-style: none;
    margin: 0 0 15px 0;
    padding: 0;
    color: #374142;
    font-size: 13px
}
.widget-container2 {
    list-style-type: none;
    list-style: none;
    margin: 5px 15px 10px 0px;
    padding: 0;
    color: #374142;
    font-size: 13px
}
</style> <style type='text/css'> #blog-pager a {
    color: #444;
    text-decoration: none;
    font-size: 12px;
}
#blog-pager span {
    width: 220px;
}
#blog-pager-older-link {
    text-align: right;
}
#blog-pager-newer-link {
    text-align: left;
}
.item #blog-pager {
    border-bottom: 1px solid #d2d2d2;
    padding-bottom: 31px;
    margin-bottom: 50px;
}
/*=====================================
= Header
=====================================*/

header {
    float: left;
    width: 100%;
    text-align: center;
    margin: 99px 0px 50px 0px;
}
header i {
    color: #F15F2A;
    font-size: 60px!important;
}
#header {
    width: 100%;
}
#header h1 {
    color: #374142;
    margin: 0 5px 0;
    padding: 0px 0px 0px 0px;
    font-family: &#39;
    font-weight: bold;
    font-size: 32px;
    line-height: 32px;
    font-family: Montserrat;
}
#header .description {
    padding-left: 7px;
    color: #9A9A9A;
    line-height: 14px;
    font-size: 14px;
    padding-top: 0px;
    margin-top: 10px;
}
#header h1 a,
#header h1 a:visited {
    color: #374142;
    text-decoration: none
}
#main-wrapper {
    width: 100%;
    float: left;
    margin: 0px;
    padding: 0px 0px 0px 0px;
    word-wrap: break-word;
    overflow: hidden;
    
}

/*=====================================
= Wrapper
=====================================*/

#rsidebar-wrapper {
    width: 290px;
    float: right;
    margin: 0px;
    padding: 0px 0px 0px 0px;
    word-wrap: break-word;
    overflow: hidden;
}
#content-wrapper {
    float: left;
    width: 100%;
    border-top: 1px solid #d2d2d2;
    background-color: #F9F9F9;
    padding-top: 34px;
}
#content-wrapper .margin-1200 {
    width: 750px;
}

#blog-pager a {
    color: #444;
    text-decoration: none;
    font-size: 12px;
}

#blog-pager span {
    width: 220px;
}

#blog-pager-older-link {
    text-align: right;
}

#blog-pager-newer-link{
text-align: left;
  }


.item #blog-pager {
    border-bottom: 1px solid #d2d2d2;
    padding-bottom: 31px;
    margin-bottom: 50px;
}


/*=====================================
= Menu
=====================================*/
.menus,
.menus * {
    margin: 0;
    padding: 0;
    list-style: none;
    list-style-type: none;
    line-height: 1.0
}
.menus ul {
    position: absolute;
    top: -999em;
    width: 100%
}
.menus ul li {
    width: 100%
}
.menus li:hover {
    visibility: inherit
}
.menus li {
    display: inline-block;
    position: relative;
    margin: 0 15px;
}
.menus a {
    display: block;
    position: relative
}
.menus li:hover ul,
.menus li.sfHover ul {
    left: 0;
    top: 100%;
    z-index: 99
}
.menus li:hover li ul,
.menus li.sfHover li ul {
    top: -999em
}
.menus li li:hover ul,
.menus li li.sfHover ul {
    left: 100%;
    top: 0
}
.menus li li:hover li ul,
.menus li li.sfHover li ul {
    top: -999em
}
.menus li li li:hover ul,
.menus li li li.sfHover ul {
    left: 100%;
    top: 0
}
.sf-shadow ul {
    padding: 0 8px 9px 0;
    -moz-border-radius-bottomleft: 17px;
    -moz-border-radius-topright: 17px;
    -webkit-border-top-right-radius: 17px;
    -webkit-border-bottom-left-radius: 17px
}
.menus .sf-shadow ul.sf-shadow-off {
    background: transparent
}

.index .children li a:hover {
    color: #F15F2A;
}

.menu-primary-container {
    float: left;
    padding: 0 10px;
    position: relative;
    height: 36px;
    background: url(http://3.bp.blogspot.com/-MYS4dWVzP7E/UC7eq8_isMI/AAAAAAAAAw4/1EgVe7LFnos/s000/menu-primary-bg.png) left top repeat-x;
    z-index: 400;
    -moz-border-radius: 10px;
    -khtml-border-radius: 10px;
    -webkit-border-radius: 10px;
    border-radius: 10px
}
.menu-primary {} .menu-primary ul {
    min-width: 160px
}
.menu-primary li a {
    color: #222121;
    padding: 12px 15px;
    text-decoration: none;
    text-transform: uppercase;
    font: normal 11px/11px Arial, Helvetica, Sans-serif
}
.menu-primary li a:hover,
.menu-primary li a:active,
.menu-primary li a:focus,
.menu-primary li:hover > a,
.menu-primary li.current-cat > a,
.menu-primary li.current_page_item > a,
.menu-primary li.current-menu-item > a {
    color: #C72714;
    outline: 0;
}
.menu-primary li li a {
    color: #fff;
    text-transform: none;
    background: #E64633;
    padding: 10px 15px;
    margin: 0;
    border: 0;
    font-weight: normal
}
.menu-primary li li a:hover,
.menu-primary li li a:active,
.menu-primary li li a:focus,
.menu-primary li li:hover > a,
.menu-primary li li.current-cat > a,
.menu-primary li li.current_page_item > a,
.menu-primary li li.current-menu-item > a {
    color: #fff;
    outline: 0;
    border-bottom: 0;
    text-decoration: none
}
.menu-primary a.sf-with-ul {
    padding-right: 20px;
    min-width: 1px
}
.menu-primary .sf-sub-indicator {
    position: absolute;
    display: block;
    overflow: hidden;
    right: 0;
    top: 0;
    padding: 11px 10px 0 0
}
.menu-primary li li .sf-sub-indicator {
    padding: 9px 10px 0 0
}
.menu-secondary-container {
    position: fixed;
    float: left;
    background: #2d2520;
    width: 100%;
    height: 51px;
    z-index: 1000;
}
.menu-secondary ul {
    min-width: 160px
}
.menu-secondary li a {
    color: #fff;
    padding: 19px 0 13px;
    text-decoration: none;
    text-transform: uppercase;
    font-family: Montserrat;
    font-weight: 400;
    font-size: 13px;
    letter-spacing: .5px;
    border-bottom: 6px solid #2d2520;
}
.menus li:first-child {} .index .active {
    border-bottom: 6px solid #2d2520!important;
}
.menu-secondary li li {
    border: 0px!important;
    margin: 0px!important;
}
.menu-secondary li .active {
    border-bottom: 6px solid #F15F2A;
}
.children .active {
    border-bottom: none;
}
ul.menus.menu-secondary {
    display: inline-block;
    text-align: center;
    width: 100%;
}
.index .menu-secondary li:first-child a {
    border-bottom: 6px solid #F15F2A!important;
}
.index .children li:first-child a {
    border-bottom: 2px solid #E8E8E8!important;
}
.menu-secondary li a:hover,
.menu-secondary li a:active,
.menu-secondary li a:focus,
.menu-secondary li:hover > a,
.menu-secondary li.current-cat > a,
.menu-secondary li.current_page_item > a,
.menu-secondary li.current-menu-item > a {
    color: #a8a8a8;
}
.menu-secondary li li a {
    color: #2d2520;
    background: #fff;
    padding: 21px 15px;
    text-transform: none;
    margin: 0;
    font-weight: normal;
    border-bottom: 2px solid #E8E8E8;
    text-align: left;
}
.index .children .active {
    border-bottom: 2px solid #E8E8E8!important;
}
.children {
    border: 1px solid #e8e8e8;
    padding: 0px 20px;
    background-color: #fff;
}
.children li:last-child a {
    border: none;
}
.menu-secondary li li a:hover,
.menu-secondary li li a:active,
.menu-secondary li li a:focus,
.menu-secondary li li:hover > a,
.menu-secondary li li.current-cat > a,
.menu-secondary li li.current_page_item > a,
.menu-secondary li li.current-menu-item > a {
    color: #2d2520
}
.menu-secondary a.sf-with-ul {
    padding-right: 26px;
    min-width: 1px
}
.menu-secondary .sf-sub-indicator {
    position: absolute;
    display: block;
    overflow: hidden;
    right: 0;
    top: 0;
    padding: 12px 13px 0 0
}
.menu-secondary li li .sf-sub-indicator {
    padding: 9px 13px 0 0
}

/*=====================================
= Post
=====================================*/

.post h2 a {
    line-height: 40px;
    text-decoration: none;
    font-size: 31px;
    font-weight: bold;
    color: #374142;
}
.post h2 {
    float: left;
    width: 100%;
    text-align: center;
}
.post h1 {
    line-height: 40px;
    text-decoration: none;
    font-size: 31px;
    font-weight: bold;
    color: #374142;
    text-align: center;
}
.crop img {
    width: 100%;
    height: auto;
}
.post-details {
    font-family: Montserrat;
    font-weight: 400;
    text-transform: uppercase;
    font-size: 12px;
    display: inline-block;
    text-align: center;
    width: 100%;
    margin: 10px 0px 25px 0px;
    color: #7D7D7D;
}
.post-details a {
    color: #7D7D7D;
    text-decoration: none;
}
.post-details span {
    margin-right: 20px;
}

.summary-style {
    font-family: "Roboto Slab";
    line-height: 28px;
    font-weight: 400;
    font-style: normal;
    color: #444;
    font-size: 14px;
    opacity: 1;
    visibility: visible;
    margin: 27px 0px 0px 0px;
}
.readmore a {
    float: right!important;
    text-transform: uppercase;
    font-family: Montserrat;
    font-size: 12px;
    text-decoration: none;
}
.readmore {
    float: right!important;
}
.post-outer {
    margin-bottom: 60px;
}
.post-body {
    font-family: "Roboto Slab";
    line-height: 28px;
    font-weight: 400;
    font-style: normal;
    color: #444;
    font-size: 14px;
    opacity: 1;
    visibility: visible;
    margin: 27px 0px 0px 0px;
}

.post iframe {
    width: 100%;
    height: 400px;
}
.post-body h3 {
    line-height: 40px;
    text-decoration: none;
    font-size: 31px;
    font-weight: bold;
    color: #374142;
}
.post-body h2 {
    line-height: 40px;
    text-decoration: none;
    font-size: 31px;
    font-weight: bold;
    color: #374142;
}
.post-body h3 {
    line-height: 35px;
    text-decoration: none;
    font-size: 25px;
    font-weight: bold;
    color: #374142;
}
.post-body h4 {
    line-height: 25px;
    text-decoration: none;
    font-size: 25px;
    font-weight: bold;
    color: #374142;
}

/*=====================================
= Social Media
=====================================*/
.social-link li {
    float: left;
    display: block;
}
.social-link li a {
    padding: 4px 13px;
    float: left;
    border: 1px solid #d2d2d2;
    margin-right: 10px;
    background-color: #fff;
    color: #112;
}
.social-link {
    float: left;
    margin: 36px 0px 0px 0px;
    width: 100%;
}
.social-link.post {
    width: 250px;
    margin: 36px auto;
    float: none;
}


/*=====================================
= Footer
=====================================*/

footer {
    background-color: #fff;
    color: #CCC;
    border-top: 1px solid #d2d2d2;
    width: 100%;
    float: left;
    padding: 60px 0px 0px 0px;
}
.footer-widget h2 {
    text-transform: uppercase;
    letter-spacing: 1.5px;
    font-size: 16px;
    color: #2d2520;
    font-weight: bold;
    border-bottom: 2px solid #F15F2A!important;
    display: inline-block;
    padding: 0px 0px 9px 0px;
    margin: 00px 0px 28px 0px;
}
.footer-widget {
    float: left;
    width: 315px;
    margin-left: 50px;
    color: #2d2520;
    border-right: 1px solid #d2d2d2;
    padding: 36px 50px 10px 0px;
    min-height: 379px;
    line-height: 28px;
    font-size: 14px;
}
.footer-widget:first-child {
    margin: 0px;
}
.footer-widget p {
    line-height: 22px;
}
.footer-widget a:hover {
    text-decoration: underline;
}
.footer-widget a {
    color: #374142;
    text-decoration: none;
    font-weight: normal;
}
.footer-widget li {
    display: block;
    margin-bottom: 10px;
}
.footer-widget.last {
    border: 0px;
}
.footer-widget ul {
    padding: 0px;
    margin: 0px;
}


/*=====================================
= Copyrights
=====================================*/
.copyrights {
    float: left;
    width: 100%;
    padding: 25px 0px;
    margin-top: 60px;
    border-top: 1px solid #d2d2d2;
    color: #2d2520;
}
.copyrights p {
    margin: 20px 0px;
}
.copyrights a {
    color: #2d2520;
}
.copyrights ul {
    margin: 20px 0px;
}
.left {
    float: left;
}
.right {
    float: right;
}
.right li {
    float: left;
    display: block;
    margin-right: 15px;
}
.footer-widget.last p {
    font-size
}
/*=====================================
= Status Msg
=====================================*/

.status-msg-body {
    text-align: center;
    font-size: 16px;
    font-family: 'Montserrat', sans-serif;
}
.status-msg-wrap {
    background: #F9F9F9;
    width: 100%;
    text-align: left;
    margin-bottom: 20px;
    float: left;
    border-bottom: 1px solid #d2d2d2;
    padding-bottom: 10px;
}
.status-msg-border {
    border: none;
}
.status-msg-body a {
    display: none;
}
.status-msg-body {
    background: #F9F9F9;
}
.status-msg-body b {
    background: #F15F2A;
    color: #fff;
    padding: 5px;
    text-transform: uppercase
}


/*=====================================
= Featured
=====================================*/
.featured {
    display: inline-block!important;
    position: static!important;
    margin: 0 15px!important;
    max-width: 200px;
}
.featured .recent-box {
    overflow: hidden;
    float: left !important;
    width: 28.7% !important;
    margin: 20px 0 15px 3.6% !important;
    padding: 0 0 !important;
}
.featured .recent-box img {
    width: 105px;
}
.imageContainer {
    width: 105px;
    float: left;
    margin-right: 10px!important;
}
.featured .children {
    position: absolute;
    width: 1100px;
    float: left;
    margin: auto;
    left: 0;
    right: 0;
    padding: 20px 0px;
}
#label_with_thumbs {
    position: relative;
    width: 1100px;
    display: inline-block;
}
.label_title {
    border: none!important;
    font-size: 15px;
    line-height: 24px;
}
.featured .recent-box a {
    border: none!important;
    float: left;
    padding: 0px;
    width: 188px;
    text-align: left;
    line-height: 19px;
    font-size: 14px;
}
.index .featured .children .active {
    border: 0px!important;
}


/*=====================================
= 404 Page
=====================================*/
.error_page .main .Blog {
    display: none;
}
.notfound {
    text-align: center;
    margin: 0px 0px 89px 0px;
}
.notfound h2 {
    font-size: 76px;
    font-family: Montserrat;
}
.notfound p {
    font-size: 25px;
    font-weight: 300;
}


/*=====================================
= About Author
=====================================*/
.aboutauthor {
    background-color: #fff;
    padding: 50px 60px;
    border: 1px solid #d2d2d2;
    margin: 127px 0 58px 0px;
    float: left;
    text-align: center;
    line-height: 28px;
}
.aboutauthor img {
    border-radius: 50%;
    margin-top: -107px;
    display: inline-block;
    margin-left: auto;
    margin-right: auto;
    float: none;
    left: 0;
    right: 0;
    width: 122px;
    position: absolute;
}
.aboutauthor h3 {
    text-align: center;
    margin: 35px 0px 0px 0px;
    font-family: Montserrat;
    text-transform: uppercase;
    font-size: 13px;
    color: #AFAFAF;
}
.authorrank {
    color: #F15F2A;
    font-size: 20px;
    font-weight: 300;
}
.aboutauthor .authorname {
    font-size: 20px;
    text-align: center;
}
.aboutauthor p {
    float: left;
    width: 100%;
    font-size: 14px;
}

/*=====================================
= Related Posts
=====================================*/
#related-posts {
    float: left;
    width: 100%;
    border-top: 1px solid #d2d2d2;
    border-bottom: 1px solid #d2d2d2;
    padding: 23px 0px 46px 0px;
    margin-bottom: 20px;
}
#related-posts a:last-child {
    padding-right: 0px!important;
}
#related-posts a {
    color: #444;
}
/*=====================================
= Comments
=====================================*/

#comments {
    float: left;
    width: 100%;
}
#comments-block3 {
    padding: 0;
    margin: 0;
    float: left;
    overflow: hidden;
    position: relative;
}
#comment-name-url {
    width: 465px;
    float: left;
}
#comment-date {
    width: 465px;
    float: left;
    margin-top: 5px;
    font-size: 10px;
}
.avatar-image-container {
    border-radius: 50%;
    background: none!important;
    border: none!important;
    ;
}
.datetime.secondary-text {
    float: right;
}
.comments .comments-content .comment-content {
    font-size: 14px;
    line-height: 28px;
    text-align: left;
}
.comments .comment .comment-actions a {
    padding-right: 5px;
    padding-top: 5px;
    text-decoration: none;
}
.comments .comments-content .comment {
    margin-bottom: 40px;
    padding-bottom: 8px;
}
.user.blog-author a {
    font-family: 'Montserrat', sans-serif;
    font-size: 20px;
    text-decoration: none;
}
.comment-actions a {
    color: #fff;
}
.comment-actions {
    padding: 10px;
    margin-top: 20px;
    float: right;
    background: #2d2520;
    margin-bottom: 10px;
}
.comment-block {
    background: #e9e9e9;
    padding: 20px;
}
.comment-header {
    border-bottom: 1px solid #7e878e;
    padding-bottom: 20px;
}
#comments h4 {
    margin: 10px 0px 10px 0px;
    font-size: 30px;
    text-transform: capitalize;
    width: 100%;
    font-weight: 400;
    letter-spacing: -0.5px;
    line-height: 28px;
    text-align: center;
}

#blog-pager {
    float: left;
    overflow: visible;
    width: 100%;
}
.feed-links {
    display: none;
}
h2.date-header {
    display: none;
}
#navbar-iframe {
    height: 0;
    visibility: hidden;
    display: none;
}

/*=====================================
= Numbered Pagination
=====================================*/

.showpageArea {
    float: left;
    width: 100%;
    margin: 20px 0px 50px 0px;
}
.showpageOf {
    display: none;
}
.showpagePoint {
    padding: 8px 15px 9px 15px;
    background: #222;
    color: #fff;
    font-size: 14px;
    font-weight: bold;
}
.showpageNum a {
    padding: 10px 15px 10px 15px;
    background: #F15F2A;
    color: #fff!important;
    font-size: 14px;
    text-decoration: none;
}
.showpage a {
    padding: 10px 15px 10px 15px;
    background: #F15F2A;
    color: #fff!important;
    font-size: 14px;
    text-decoration: none;
}
.showpage a:hover {
    background: #222;
}
.showpageNum a:hover {
    background: #222;
}
span.showpage {
    display: none;
}

/*=====================================
= Responsive
=====================================*/
@media screen and (max-width: 1110px) {
.margin-1200 {max-width: 800px;}
.featured .children {  width: 799px;} 
#label_with_thumbs {  width: 799px;}
.featured .recent-box img { width: 77px; }
.featured .recent-box a {width: 84px;}
.featured .recent-box {width: 12.7% !important;}
.footer-widget {width: 322px;overflow:hidden;}
.footer-widget:first-child { border-right: 1px solid #d2d2d2; } .footer-widget { border: 0px; }
.footer-widget:last-child { width: 752px; border-top: 1px solid #d2d2d2; margin: 0px; margin-top: 30px; }
}


@media screen and (max-width: 810px) {
.margin-1200 {max-width: 300px;}
.footer-widget { width: 100%; padding: 0px; margin: 23px 0px; bordeR: 0px; } 
.footer-widget.last { width: 100%; border: 0px; }
.copyrights { text-align: center; }
 .copyrights .right li { text-align: center; float: left; padding: 0px; display: inline-block; left: 0; right: 0; width: 100%; }
 .copyrights .right { padding: 0px; width: 100%; text-align: center; }
.readmore { float: left!important; margin: 16px 0px 0px 0px; }
.post-details span { width: 100%; float: left; text-align: center; margin: 10px 0px 0px 0px; }
nav#nav-mobile, #nav-trigger { display: block!important; }
.featured { display: none!important; }
.menu-secondary-container { position: inherit!important;height:100%!important;}
.footer-widget:first-child { border: 0px; }
}



]]></b:skin>

<script src='https://ajax.googleapis.com/ajax/libs/jquery/1.7.0/jquery.min.js' type='text/javascript'/>

<script type='text/javascript'>
//<![CDATA[

jQuery(function(){

var url = window.location.pathname,
urlRegExp = new RegExp(url.replace(/\/$/,'') + "$"); 
// create regexp to match current url pathname and remove trailing slash if present as it could collide with the link in navigation in case trailing slash wasn't present there
// now grab every link from the navigation
jQuery('.menu-secondary li a').each(function(){
// and test its normalized href against the url pathname regexp
if(urlRegExp.test(this.href.replace(/\/$/,''))){
jQuery(this).addClass('active');
}
});

});



//]]> 

</script>


<script type='text/javascript'>
//<![CDATA[
//Related Posts Setting
var defaultnoimage="http://3.bp.blogspot.com/-PpjfsStySz0/UF91FE7rxfI/AAAAAAAACl8/092MmUHSFQ0/s1600/no_image.jpg";
var maxresults=4;
var splittercolor="#fff";
var relatedpoststitle="What's Related?"

//Post Thumbnail Setting
var thumbnail_mode = "no-float";
summary_noimg = 0;
summary_img = 500;
img_thumb_height = 100;
img_thumb_width = 400;
//]]>
</script>

<script type='text/javascript'>
//<![CDATA[

var _0xca3e=["\x77\x20\x31\x6D\x28\x6E\x2C\x78\x29\x7B\x37\x28\x6E\x2E\x41\x28\x22\x3C\x22\x29\x21\x3D\x2D\x31\x29\x7B\x34\x20\x73\x3D\x6E\x2E\x31\x56\x28\x22\x3C\x22\x29\x3B\x48\x28\x34\x20\x69\x3D\x30\x3B\x69\x3C\x73\x2E\x36\x3B\x69\x2B\x2B\x29\x7B\x37\x28\x73\x5B\x69\x5D\x2E\x41\x28\x22\x3E\x22\x29\x21\x3D\x2D\x31\x29\x7B\x73\x5B\x69\x5D\x3D\x73\x5B\x69\x5D\x2E\x31\x62\x28\x73\x5B\x69\x5D\x2E\x41\x28\x22\x3E\x22\x29\x2B\x31\x2C\x73\x5B\x69\x5D\x2E\x36\x29\x7D\x7D\x6E\x3D\x73\x2E\x31\x55\x28\x22\x22\x29\x7D\x78\x3D\x28\x78\x3C\x6E\x2E\x36\x2D\x31\x29\x3F\x78\x3A\x6E\x2E\x36\x2D\x32\x3B\x31\x4D\x28\x6E\x2E\x31\x52\x28\x78\x2D\x31\x29\x21\x3D\x27\x20\x27\x26\x26\x6E\x2E\x41\x28\x27\x20\x27\x2C\x78\x29\x21\x3D\x2D\x31\x29\x78\x2B\x2B\x3B\x6E\x3D\x6E\x2E\x31\x62\x28\x30\x2C\x78\x2D\x31\x29\x3B\x59\x20\x6E\x2B\x27\x27\x7D\x77\x20\x32\x66\x28\x31\x47\x2C\x31\x61\x2C\x32\x62\x29\x7B\x34\x20\x66\x3D\x71\x2E\x32\x33\x28\x31\x47\x29\x3B\x34\x20\x31\x30\x3D\x22\x22\x3B\x34\x20\x6F\x3D\x22\x22\x3B\x34\x20\x31\x49\x3D\x22\x22\x3B\x34\x20\x67\x3D\x66\x2E\x57\x28\x22\x31\x49\x22\x29\x3B\x37\x28\x67\x2E\x36\x3E\x3D\x31\x29\x7B\x46\x3D\x67\x5B\x30\x5D\x2E\x79\x3B\x34\x20\x4F\x3D\x22\x22\x3B\x34\x20\x32\x39\x3D\x22\x22\x3B\x34\x20\x55\x3D\x2F\x28\x5C\x3F\x76\x3D\x7C\x5C\x2F\x5C\x64\x5C\x2F\x7C\x5C\x2F\x31\x4B\x5C\x2F\x29\x28\x5B\x61\x2D\x31\x78\x2D\x31\x7A\x2D\x39\x5C\x2D\x5C\x31\x41\x5D\x2B\x29\x2F\x3B\x34\x20\x5A\x3D\x2F\x28\x5C\x2F\x31\x4B\x5C\x2F\x31\x50\x5C\x2F\x29\x28\x5B\x61\x2D\x31\x78\x2D\x31\x7A\x2D\x39\x5C\x2D\x5C\x31\x41\x5D\x2B\x29\x2F\x3B\x37\x28\x46\x29\x7B\x31\x4E\x3D\x46\x2E\x54\x28\x55\x29\x3B\x31\x42\x3D\x46\x2E\x54\x28\x5A\x29\x3B\x37\x28\x31\x42\x29\x7B\x4F\x3D\x46\x2E\x54\x28\x5A\x29\x5B\x32\x5D\x3B\x6F\x3D\x27\x43\x3A\x2F\x2F\x31\x33\x2E\x32\x63\x2E\x42\x2F\x31\x6A\x2F\x31\x50\x2F\x27\x2B\x4F\x7D\x70\x20\x37\x28\x31\x4E\x29\x7B\x4F\x3D\x46\x2E\x54\x28\x55\x29\x5B\x32\x5D\x3B\x6F\x3D\x27\x43\x3A\x2F\x2F\x32\x34\x2E\x32\x35\x2E\x42\x2F\x32\x61\x2F\x27\x2B\x4F\x2B\x27\x2F\x32\x65\x2E\x31\x72\x27\x7D\x37\x28\x6F\x29\x7B\x6F\x3D\x6F\x7D\x70\x7B\x34\x20\x67\x3D\x66\x2E\x57\x28\x22\x67\x22\x29\x3B\x37\x28\x67\x2E\x36\x3E\x3D\x31\x29\x7B\x6F\x3D\x67\x5B\x30\x5D\x2E\x79\x7D\x70\x7B\x6F\x3D\x22\x43\x3A\x2F\x2F\x32\x2E\x31\x36\x2E\x31\x35\x2E\x42\x2F\x2D\x31\x4F\x2F\x31\x43\x2F\x31\x64\x2F\x31\x65\x2D\x31\x67\x2F\x31\x39\x2F\x31\x63\x2E\x31\x76\x22\x7D\x7D\x7D\x7D\x70\x7B\x34\x20\x67\x3D\x66\x2E\x57\x28\x22\x67\x22\x29\x3B\x37\x28\x67\x2E\x36\x3E\x3D\x31\x29\x7B\x6F\x3D\x67\x5B\x30\x5D\x2E\x79\x7D\x70\x7B\x6F\x3D\x22\x43\x3A\x2F\x2F\x32\x2E\x31\x36\x2E\x31\x35\x2E\x42\x2F\x2D\x31\x4F\x2F\x31\x43\x2F\x31\x64\x2F\x31\x65\x2D\x31\x67\x2F\x31\x39\x2F\x31\x63\x2E\x31\x76\x22\x7D\x7D\x37\x28\x6F\x29\x7B\x31\x30\x3D\x27\x3C\x66\x20\x58\x3D\x22\x31\x74\x2D\x32\x37\x22\x3E\x3C\x66\x20\x58\x3D\x22\x31\x74\x22\x3E\x3C\x61\x20\x4D\x3D\x22\x27\x2B\x31\x61\x2B\x27\x22\x3E\x3C\x67\x20\x79\x3D\x22\x27\x2B\x67\x5B\x30\x5D\x2E\x79\x2B\x27\x22\x2F\x3E\x3C\x2F\x61\x3E\x3C\x2F\x66\x3E\x3C\x2F\x66\x3E\x27\x3B\x31\x6F\x3D\x32\x38\x7D\x34\x20\x31\x31\x3D\x31\x30\x2B\x27\x3C\x66\x20\x58\x3D\x22\x31\x31\x2D\x49\x22\x3E\x27\x2B\x31\x6D\x28\x66\x2E\x31\x70\x2C\x31\x6F\x29\x2B\x27\x20\x2E\x2E\x2E\x27\x2B\x27\x3C\x2F\x66\x3E\x27\x3B\x66\x2E\x31\x70\x3D\x31\x31\x7D\x34\x20\x38\x3D\x45\x20\x4A\x28\x29\x3B\x34\x20\x6D\x3D\x30\x3B\x34\x20\x6C\x3D\x45\x20\x4A\x28\x29\x3B\x34\x20\x68\x3D\x45\x20\x4A\x28\x29\x3B\x77\x20\x32\x64\x28\x31\x38\x29\x7B\x48\x28\x34\x20\x69\x3D\x30\x3B\x69\x3C\x31\x38\x2E\x31\x75\x2E\x75\x2E\x36\x3B\x69\x2B\x2B\x29\x7B\x34\x20\x75\x3D\x31\x38\x2E\x31\x75\x2E\x75\x5B\x69\x5D\x3B\x38\x5B\x6D\x5D\x3D\x75\x2E\x32\x32\x2E\x24\x74\x3B\x31\x51\x7B\x68\x5B\x6D\x5D\x3D\x75\x2E\x31\x53\x24\x31\x6A\x2E\x31\x61\x3B\x68\x3D\x68\x2E\x32\x31\x28\x22\x2F\x31\x5A\x2D\x63\x2F\x22\x2C\x22\x2F\x31\x59\x2D\x61\x2F\x22\x29\x7D\x31\x57\x28\x31\x58\x29\x7B\x73\x3D\x75\x2E\x31\x54\x2E\x24\x74\x3B\x61\x3D\x73\x2E\x41\x28\x22\x3C\x67\x22\x29\x3B\x62\x3D\x73\x2E\x41\x28\x22\x79\x3D\x5C\x22\x22\x2C\x61\x29\x3B\x63\x3D\x73\x2E\x41\x28\x22\x5C\x22\x22\x2C\x62\x2B\x35\x29\x3B\x64\x3D\x73\x2E\x32\x4D\x28\x62\x2B\x35\x2C\x63\x2D\x62\x2D\x35\x29\x3B\x37\x28\x28\x61\x21\x3D\x2D\x31\x29\x26\x26\x28\x62\x21\x3D\x2D\x31\x29\x26\x26\x28\x63\x21\x3D\x2D\x31\x29\x26\x26\x28\x64\x21\x3D\x22\x22\x29\x29\x7B\x68\x5B\x6D\x5D\x3D\x64\x7D\x70\x7B\x37\x28\x31\x6B\x28\x31\x68\x29\x21\x3D\x3D\x27\x31\x69\x27\x29\x68\x5B\x6D\x5D\x3D\x31\x68\x3B\x70\x20\x68\x5B\x6D\x5D\x3D\x22\x43\x3A\x2F\x2F\x33\x2E\x31\x36\x2E\x31\x35\x2E\x42\x2F\x2D\x32\x47\x2F\x32\x48\x2F\x32\x49\x2F\x32\x67\x2F\x31\x39\x2F\x32\x50\x2E\x31\x72\x22\x7D\x7D\x37\x28\x38\x5B\x6D\x5D\x2E\x36\x3E\x31\x73\x29\x38\x5B\x6D\x5D\x3D\x38\x5B\x6D\x5D\x2E\x31\x62\x28\x30\x2C\x31\x73\x29\x2B\x22\x2E\x2E\x2E\x22\x3B\x48\x28\x34\x20\x6B\x3D\x30\x3B\x6B\x3C\x75\x2E\x31\x32\x2E\x36\x3B\x6B\x2B\x2B\x29\x7B\x37\x28\x75\x2E\x31\x32\x5B\x6B\x5D\x2E\x32\x57\x3D\x3D\x27\x32\x58\x27\x29\x7B\x6C\x5B\x6D\x5D\x3D\x75\x2E\x31\x32\x5B\x6B\x5D\x2E\x4D\x3B\x6D\x2B\x2B\x7D\x7D\x7D\x7D\x77\x20\x32\x56\x28\x29\x7B\x34\x20\x47\x3D\x45\x20\x4A\x28\x30\x29\x3B\x34\x20\x4C\x3D\x45\x20\x4A\x28\x30\x29\x3B\x34\x20\x4E\x3D\x45\x20\x4A\x28\x30\x29\x3B\x48\x28\x34\x20\x69\x3D\x30\x3B\x69\x3C\x6C\x2E\x36\x3B\x69\x2B\x2B\x29\x7B\x37\x28\x21\x31\x6C\x28\x47\x2C\x6C\x5B\x69\x5D\x29\x29\x7B\x47\x2E\x36\x2B\x3D\x31\x3B\x47\x5B\x47\x2E\x36\x2D\x31\x5D\x3D\x6C\x5B\x69\x5D\x3B\x4C\x2E\x36\x2B\x3D\x31\x3B\x4E\x2E\x36\x2B\x3D\x31\x3B\x4C\x5B\x4C\x2E\x36\x2D\x31\x5D\x3D\x38\x5B\x69\x5D\x3B\x4E\x5B\x4E\x2E\x36\x2D\x31\x5D\x3D\x68\x5B\x69\x5D\x7D\x7D\x38\x3D\x4C\x3B\x6C\x3D\x47\x3B\x68\x3D\x4E\x7D\x77\x20\x31\x6C\x28\x61\x2C\x65\x29\x7B\x48\x28\x34\x20\x6A\x3D\x30\x3B\x6A\x3C\x61\x2E\x36\x3B\x6A\x2B\x2B\x29\x37\x28\x61\x5B\x6A\x5D\x3D\x3D\x65\x29\x59\x20\x32\x44\x3B\x59\x20\x32\x6E\x7D\x77\x20\x32\x6F\x28\x31\x6E\x29\x7B\x34\x20\x53\x3B\x37\x28\x31\x6B\x28\x31\x66\x29\x21\x3D\x3D\x27\x31\x69\x27\x29\x53\x3D\x31\x66\x3B\x70\x20\x53\x3D\x22\x23\x32\x70\x22\x3B\x48\x28\x34\x20\x69\x3D\x30\x3B\x69\x3C\x6C\x2E\x36\x3B\x69\x2B\x2B\x29\x7B\x37\x28\x28\x6C\x5B\x69\x5D\x3D\x3D\x31\x6E\x29\x7C\x7C\x28\x21\x38\x5B\x69\x5D\x29\x29\x7B\x6C\x2E\x4B\x28\x69\x2C\x31\x29\x3B\x38\x2E\x4B\x28\x69\x2C\x31\x29\x3B\x68\x2E\x4B\x28\x69\x2C\x31\x29\x3B\x69\x2D\x2D\x7D\x7D\x34\x20\x72\x3D\x31\x77\x2E\x32\x6D\x28\x28\x38\x2E\x36\x2D\x31\x29\x2A\x31\x77\x2E\x32\x6C\x28\x29\x29\x3B\x34\x20\x69\x3D\x30\x3B\x37\x28\x38\x2E\x36\x3E\x30\x29\x71\x2E\x7A\x28\x27\x3C\x31\x4C\x3E\x27\x2B\x32\x69\x2B\x27\x3C\x2F\x31\x4C\x3E\x27\x29\x3B\x71\x2E\x7A\x28\x27\x3C\x66\x20\x49\x3D\x22\x32\x6A\x3A\x20\x32\x6B\x3B\x22\x2F\x3E\x27\x29\x3B\x31\x4D\x28\x69\x3C\x38\x2E\x36\x26\x26\x69\x3C\x32\x30\x26\x26\x69\x3C\x32\x73\x29\x7B\x71\x2E\x7A\x28\x27\x3C\x61\x20\x49\x3D\x22\x32\x7A\x2D\x32\x41\x3A\x31\x37\x3B\x51\x3A\x31\x4A\x3B\x32\x42\x3A\x56\x3B\x20\x51\x2D\x32\x43\x3A\x20\x32\x79\x3B\x27\x29\x3B\x37\x28\x69\x21\x3D\x30\x29\x71\x2E\x7A\x28\x27\x31\x44\x2D\x56\x3A\x32\x78\x20\x30\x2E\x31\x4A\x20\x27\x2B\x53\x2B\x27\x3B\x22\x27\x29\x3B\x70\x20\x71\x2E\x7A\x28\x27\x22\x27\x29\x3B\x71\x2E\x7A\x28\x27\x20\x4D\x3D\x22\x27\x2B\x6C\x5B\x72\x5D\x2B\x27\x22\x3E\x3C\x67\x20\x49\x3D\x22\x31\x79\x3A\x20\x32\x75\x3B\x20\x31\x34\x3A\x20\x32\x76\x3B\x3B\x22\x20\x79\x3D\x22\x27\x2B\x68\x5B\x72\x5D\x2B\x27\x22\x2F\x3E\x3C\x32\x77\x2F\x3E\x3C\x66\x20\x49\x3D\x22\x31\x79\x3A\x32\x72\x3B\x51\x2D\x56\x3A\x31\x48\x3B\x31\x34\x3A\x32\x45\x3B\x31\x44\x3A\x20\x50\x20\x31\x37\x20\x3B\x20\x32\x54\x3A\x20\x31\x48\x20\x50\x20\x50\x3B\x20\x51\x3A\x20\x50\x3B\x20\x44\x2D\x49\x3A\x20\x52\x3B\x20\x44\x2D\x32\x53\x3A\x20\x52\x3B\x20\x44\x2D\x32\x55\x3A\x20\x52\x3B\x44\x2D\x31\x45\x3A\x20\x32\x4F\x3B\x20\x32\x46\x2D\x31\x34\x3A\x20\x32\x4A\x3B\x20\x44\x2D\x31\x45\x2D\x32\x4B\x3A\x20\x31\x37\x3B\x20\x44\x2D\x32\x4E\x3A\x20\x52\x3B\x22\x3E\x27\x2B\x38\x5B\x72\x5D\x2B\x27\x3C\x2F\x66\x3E\x3C\x2F\x61\x3E\x27\x29\x3B\x69\x2B\x2B\x3B\x37\x28\x72\x3C\x38\x2E\x36\x2D\x31\x29\x7B\x72\x2B\x2B\x7D\x70\x7B\x72\x3D\x30\x7D\x7D\x71\x2E\x7A\x28\x27\x3C\x2F\x66\x3E\x27\x29\x3B\x6C\x2E\x4B\x28\x30\x2C\x6C\x2E\x36\x29\x3B\x68\x2E\x4B\x28\x30\x2C\x68\x2E\x36\x29\x3B\x38\x2E\x4B\x28\x30\x2C\x38\x2E\x36\x29\x7D\x24\x28\x71\x29\x2E\x32\x74\x28\x77\x28\x29\x7B\x24\x28\x27\x23\x31\x71\x27\x29\x2E\x32\x68\x28\x27\x3C\x61\x20\x4D\x3D\x22\x43\x3A\x2F\x2F\x31\x33\x2E\x31\x46\x2E\x42\x2F\x22\x3E\x32\x71\x3C\x2F\x61\x3E\x27\x29\x3B\x32\x51\x28\x77\x28\x29\x7B\x37\x28\x21\x24\x28\x27\x23\x31\x71\x3A\x32\x59\x27\x29\x2E\x36\x29\x32\x4C\x2E\x32\x36\x2E\x4D\x3D\x27\x43\x3A\x2F\x2F\x31\x33\x2E\x31\x46\x2E\x42\x2F\x27\x7D\x2C\x32\x52\x29\x7D\x29","\x7C","\x73\x70\x6C\x69\x74","\x7C\x7C\x7C\x7C\x76\x61\x72\x7C\x7C\x6C\x65\x6E\x67\x74\x68\x7C\x69\x66\x7C\x72\x65\x6C\x61\x74\x65\x64\x54\x69\x74\x6C\x65\x73\x7C\x7C\x7C\x7C\x7C\x7C\x7C\x64\x69\x76\x7C\x69\x6D\x67\x7C\x74\x68\x75\x6D\x62\x75\x72\x6C\x7C\x7C\x7C\x7C\x72\x65\x6C\x61\x74\x65\x64\x55\x72\x6C\x73\x7C\x72\x65\x6C\x61\x74\x65\x64\x54\x69\x74\x6C\x65\x73\x4E\x75\x6D\x7C\x73\x74\x72\x78\x7C\x69\x6D\x61\x67\x65\x75\x72\x6C\x7C\x65\x6C\x73\x65\x7C\x64\x6F\x63\x75\x6D\x65\x6E\x74\x7C\x7C\x7C\x7C\x65\x6E\x74\x72\x79\x7C\x7C\x66\x75\x6E\x63\x74\x69\x6F\x6E\x7C\x63\x68\x6F\x70\x7C\x73\x72\x63\x7C\x77\x72\x69\x74\x65\x7C\x69\x6E\x64\x65\x78\x4F\x66\x7C\x63\x6F\x6D\x7C\x68\x74\x74\x70\x7C\x66\x6F\x6E\x74\x7C\x6E\x65\x77\x7C\x76\x69\x64\x65\x6F\x5F\x75\x72\x6C\x7C\x74\x6D\x70\x7C\x66\x6F\x72\x7C\x73\x74\x79\x6C\x65\x7C\x41\x72\x72\x61\x79\x7C\x73\x70\x6C\x69\x63\x65\x7C\x74\x6D\x70\x32\x7C\x68\x72\x65\x66\x7C\x74\x6D\x70\x33\x7C\x76\x69\x64\x65\x6F\x6B\x65\x79\x7C\x30\x70\x74\x7C\x70\x61\x64\x64\x69\x6E\x67\x7C\x6E\x6F\x72\x6D\x61\x6C\x7C\x73\x70\x6C\x69\x74\x62\x61\x72\x63\x6F\x6C\x6F\x72\x7C\x6D\x61\x74\x63\x68\x7C\x72\x65\x7C\x6C\x65\x66\x74\x7C\x67\x65\x74\x45\x6C\x65\x6D\x65\x6E\x74\x73\x42\x79\x54\x61\x67\x4E\x61\x6D\x65\x7C\x63\x6C\x61\x73\x73\x7C\x72\x65\x74\x75\x72\x6E\x7C\x72\x65\x64\x61\x69\x6C\x79\x7C\x69\x6D\x67\x74\x61\x67\x7C\x73\x75\x6D\x6D\x61\x72\x79\x7C\x6C\x69\x6E\x6B\x7C\x77\x77\x77\x7C\x68\x65\x69\x67\x68\x74\x7C\x62\x6C\x6F\x67\x73\x70\x6F\x74\x7C\x62\x70\x7C\x6E\x6F\x6E\x65\x7C\x6A\x73\x6F\x6E\x7C\x73\x31\x36\x30\x30\x7C\x75\x72\x6C\x7C\x73\x75\x62\x73\x74\x72\x69\x6E\x67\x7C\x69\x6D\x61\x67\x65\x64\x66\x7C\x41\x41\x41\x41\x41\x41\x41\x41\x41\x41\x73\x7C\x66\x56\x6A\x66\x7C\x73\x70\x6C\x69\x74\x74\x65\x72\x63\x6F\x6C\x6F\x72\x7C\x47\x54\x56\x39\x51\x6B\x7C\x64\x65\x66\x61\x75\x6C\x74\x6E\x6F\x69\x6D\x61\x67\x65\x7C\x75\x6E\x64\x65\x66\x69\x6E\x65\x64\x7C\x74\x68\x75\x6D\x62\x6E\x61\x69\x6C\x7C\x74\x79\x70\x65\x6F\x66\x7C\x63\x6F\x6E\x74\x61\x69\x6E\x73\x5F\x74\x68\x75\x6D\x62\x73\x7C\x72\x65\x6D\x6F\x76\x65\x48\x74\x6D\x6C\x54\x61\x67\x7C\x63\x75\x72\x72\x65\x6E\x74\x7C\x73\x75\x6D\x6D\x7C\x69\x6E\x6E\x65\x72\x48\x54\x4D\x4C\x7C\x6D\x79\x63\x6F\x6E\x74\x65\x6E\x74\x7C\x6A\x70\x67\x7C\x33\x35\x7C\x63\x72\x6F\x70\x7C\x66\x65\x65\x64\x7C\x70\x6E\x67\x7C\x4D\x61\x74\x68\x7C\x7A\x41\x7C\x77\x69\x64\x74\x68\x7C\x5A\x30\x7C\x5F\x7C\x76\x69\x64\x65\x6F\x6B\x65\x79\x64\x61\x69\x6C\x79\x7C\x55\x73\x65\x6A\x77\x37\x75\x68\x6B\x4E\x49\x7C\x62\x6F\x72\x64\x65\x72\x7C\x73\x69\x7A\x65\x7C\x74\x65\x6D\x70\x6C\x61\x74\x65\x69\x73\x6D\x7C\x70\x49\x44\x7C\x33\x70\x78\x7C\x69\x66\x72\x61\x6D\x65\x7C\x35\x70\x78\x7C\x65\x6D\x62\x65\x64\x7C\x68\x32\x7C\x77\x68\x69\x6C\x65\x7C\x76\x69\x64\x65\x6F\x6B\x65\x79\x6E\x75\x6D\x7C\x77\x57\x35\x37\x31\x49\x70\x69\x6C\x4B\x51\x7C\x76\x69\x64\x65\x6F\x7C\x74\x72\x79\x7C\x63\x68\x61\x72\x41\x74\x7C\x6D\x65\x64\x69\x61\x7C\x63\x6F\x6E\x74\x65\x6E\x74\x7C\x6A\x6F\x69\x6E\x7C\x73\x70\x6C\x69\x74\x7C\x63\x61\x74\x63\x68\x7C\x65\x72\x72\x6F\x72\x7C\x73\x33\x30\x30\x7C\x73\x37\x32\x7C\x7C\x72\x65\x70\x6C\x61\x63\x65\x7C\x74\x69\x74\x6C\x65\x7C\x67\x65\x74\x45\x6C\x65\x6D\x65\x6E\x74\x42\x79\x49\x64\x7C\x69\x31\x7C\x79\x74\x69\x6D\x67\x7C\x6C\x6F\x63\x61\x74\x69\x6F\x6E\x7C\x63\x6F\x6E\x74\x61\x69\x6E\x72\x7C\x73\x75\x6D\x6D\x61\x72\x79\x5F\x69\x6D\x67\x7C\x76\x69\x6D\x65\x6F\x6B\x65\x79\x7C\x76\x69\x7C\x70\x54\x49\x54\x4C\x45\x7C\x64\x61\x69\x6C\x79\x6D\x6F\x74\x69\x6F\x6E\x7C\x72\x65\x6C\x61\x74\x65\x64\x5F\x72\x65\x73\x75\x6C\x74\x73\x5F\x6C\x61\x62\x65\x6C\x73\x5F\x74\x68\x75\x6D\x62\x73\x7C\x73\x64\x64\x65\x66\x61\x75\x6C\x74\x7C\x63\x72\x65\x61\x74\x65\x53\x75\x6D\x6D\x61\x72\x79\x41\x6E\x64\x54\x68\x75\x6D\x62\x7C\x30\x39\x32\x4D\x6D\x55\x48\x53\x46\x51\x30\x7C\x68\x74\x6D\x6C\x7C\x72\x65\x6C\x61\x74\x65\x64\x70\x6F\x73\x74\x73\x74\x69\x74\x6C\x65\x7C\x63\x6C\x65\x61\x72\x7C\x62\x6F\x74\x68\x7C\x72\x61\x6E\x64\x6F\x6D\x7C\x66\x6C\x6F\x6F\x72\x7C\x66\x61\x6C\x73\x65\x7C\x70\x72\x69\x6E\x74\x52\x65\x6C\x61\x74\x65\x64\x4C\x61\x62\x65\x6C\x73\x5F\x74\x68\x75\x6D\x62\x73\x7C\x44\x44\x44\x44\x44\x44\x7C\x54\x65\x6D\x70\x6C\x61\x74\x65\x69\x73\x6D\x7C\x31\x36\x36\x70\x78\x7C\x6D\x61\x78\x72\x65\x73\x75\x6C\x74\x73\x7C\x72\x65\x61\x64\x79\x7C\x31\x36\x36\x7C\x31\x31\x35\x70\x78\x7C\x62\x72\x7C\x73\x6F\x6C\x69\x64\x7C\x31\x33\x70\x78\x7C\x74\x65\x78\x74\x7C\x64\x65\x63\x6F\x72\x61\x74\x69\x6F\x6E\x7C\x66\x6C\x6F\x61\x74\x7C\x72\x69\x67\x68\x74\x7C\x74\x72\x75\x65\x7C\x36\x35\x70\x78\x7C\x6C\x69\x6E\x65\x7C\x50\x70\x6A\x66\x73\x53\x74\x79\x53\x7A\x30\x7C\x55\x46\x39\x31\x46\x45\x37\x72\x78\x66\x49\x7C\x41\x41\x41\x41\x41\x41\x41\x41\x43\x6C\x38\x7C\x32\x35\x70\x78\x7C\x61\x64\x6A\x75\x73\x74\x7C\x77\x69\x6E\x64\x6F\x77\x7C\x73\x75\x62\x73\x74\x72\x7C\x73\x74\x72\x65\x74\x63\x68\x7C\x31\x34\x70\x78\x7C\x6E\x6F\x5F\x69\x6D\x61\x67\x65\x7C\x73\x65\x74\x49\x6E\x74\x65\x72\x76\x61\x6C\x7C\x33\x30\x30\x30\x7C\x76\x61\x72\x69\x61\x6E\x74\x7C\x6D\x61\x72\x67\x69\x6E\x7C\x77\x65\x69\x67\x68\x74\x7C\x72\x65\x6D\x6F\x76\x65\x52\x65\x6C\x61\x74\x65\x64\x44\x75\x70\x6C\x69\x63\x61\x74\x65\x73\x5F\x74\x68\x75\x6D\x62\x73\x7C\x72\x65\x6C\x7C\x61\x6C\x74\x65\x72\x6E\x61\x74\x65\x7C\x76\x69\x73\x69\x62\x6C\x65","","\x66\x72\x6F\x6D\x43\x68\x61\x72\x43\x6F\x64\x65","\x72\x65\x70\x6C\x61\x63\x65","\x5C\x77\x2B","\x5C\x62","\x67","\x3C\x75\x6C\x20\x69\x64\x3D\x22\x6C\x61\x62\x65\x6C\x5F\x77\x69\x74\x68\x5F\x74\x68\x75\x6D\x62\x73\x22\x3E","\x77\x72\x69\x74\x65","\x65\x6E\x74\x72\x79","\x66\x65\x65\x64","\x24\x74","\x74\x69\x74\x6C\x65","\x6C\x65\x6E\x67\x74\x68","\x6C\x69\x6E\x6B","\x72\x65\x6C","\x72\x65\x70\x6C\x69\x65\x73","\x74\x79\x70\x65","\x74\x65\x78\x74\x2F\x68\x74\x6D\x6C","\x68\x72\x65\x66","\x61\x6C\x74\x65\x72\x6E\x61\x74\x65","\x75\x72\x6C","\x6D\x65\x64\x69\x61\x24\x74\x68\x75\x6D\x62\x6E\x61\x69\x6C","\x63\x6F\x6E\x74\x65\x6E\x74","\x3C\x69\x6D\x67","\x69\x6E\x64\x65\x78\x4F\x66","\x73\x72\x63\x3D\x22","\x22","\x73\x75\x62\x73\x74\x72","\x68\x74\x74\x70\x3A\x2F\x2F\x33\x2E\x62\x70\x2E\x62\x6C\x6F\x67\x73\x70\x6F\x74\x2E\x63\x6F\x6D\x2F\x2D\x7A\x50\x38\x37\x43\x32\x71\x39\x79\x6F\x67\x2F\x55\x56\x6F\x70\x6F\x48\x59\x33\x30\x53\x49\x2F\x41\x41\x41\x41\x41\x41\x41\x41\x45\x35\x6B\x2F\x41\x49\x79\x50\x76\x72\x70\x47\x4C\x6E\x38\x2F\x73\x31\x36\x30\x30\x2F\x70\x69\x63\x74\x75\x72\x65\x5F\x6E\x6F\x74\x5F\x61\x76\x61\x69\x6C\x61\x62\x6C\x65\x2E\x70\x6E\x67","\x70\x75\x62\x6C\x69\x73\x68\x65\x64","\x73\x75\x62\x73\x74\x72\x69\x6E\x67","\x4A\x61\x6E","\x46\x65\x62","\x4D\x61\x72","\x41\x70\x72","\x4D\x61\x79","\x4A\x75\x6E\x65","\x4A\x75\x6C\x79","\x41\x75\x67","\x53\x65\x70\x74","\x4F\x63\x74","\x4E\x6F\x76","\x44\x65\x63","\x3C\x6C\x69\x20\x63\x6C\x61\x73\x73\x3D\x22\x72\x65\x63\x65\x6E\x74\x2D\x62\x6F\x78\x22\x3E","\x3C\x64\x69\x76\x20\x63\x6C\x61\x73\x73\x3D\x22\x69\x6D\x61\x67\x65\x43\x6F\x6E\x74\x61\x69\x6E\x65\x72\x22\x3E\x3C\x61\x20\x68\x72\x65\x66\x3D\x22","\x22\x20\x74\x61\x72\x67\x65\x74\x20\x3D\x22\x5F\x74\x6F\x70\x22\x3E\x3C\x69\x6D\x67\x20\x63\x6C\x61\x73\x73\x3D\x22\x6C\x61\x62\x65\x6C\x5F\x74\x68\x75\x6D\x62\x22\x20\x73\x72\x63\x3D\x22","\x22\x20\x74\x69\x74\x6C\x65\x3D\x22","\x22\x20\x61\x6C\x74\x3D\x22","\x22\x2F\x3E\x3C\x2F\x61\x3E\x3C\x2F\x64\x69\x76\x3E","\x3C\x61\x20\x63\x6C\x61\x73\x73\x3D\x22\x6C\x61\x62\x65\x6C\x5F\x74\x69\x74\x6C\x65\x22\x20\x68\x72\x65\x66\x3D\x22","\x22\x20\x74\x61\x72\x67\x65\x74\x20\x3D\x22\x5F\x74\x6F\x70\x22\x3E","\x3C\x2F\x61\x3E","\x2D","\x20","\x3C\x64\x69\x76\x20\x63\x6C\x61\x73\x73\x3D\x22\x74\x6F\x65\x22\x3E\x3C\x61\x20\x68\x72\x65\x66\x3D\x22","\x22\x20\x63\x6C\x61\x73\x73\x3D\x22\x70\x6F\x73\x74\x2D\x64\x61\x74\x65\x22\x3E\x3C\x69\x20\x63\x6C\x61\x73\x73\x3D\x22\x66\x61\x20\x66\x61\x2D\x63\x61\x6C\x65\x6E\x64\x61\x72\x22\x3E\x3C\x2F\x69\x3E","\x20\x7C\x20","\x31\x20\x43\x6F\x6D\x6D\x65\x6E\x74\x73","\x31\x20\x43\x6F\x6D\x6D\x65\x6E\x74","\x30\x20\x43\x6F\x6D\x6D\x65\x6E\x74\x73","\x4E\x6F\x20\x43\x6F\x6D\x6D\x65\x6E\x74\x73","\x3C\x61\x20\x63\x6C\x61\x73\x73\x3D\x22\x72\x65\x63\x65\x6E\x74\x2D\x63\x6F\x6D\x22\x20\x68\x72\x65\x66\x3D\x22","\x22\x20\x74\x61\x72\x67\x65\x74\x20\x3D\x22\x5F\x74\x6F\x70\x22\x3E\x3C\x69\x20\x63\x6C\x61\x73\x73\x3D\x22\x66\x61\x20\x66\x61\x2D\x63\x6F\x6D\x6D\x65\x6E\x74\x22\x3E\x3C\x2F\x69\x3E\x20","\x3C\x2F\x61\x3E\x3C\x2F\x64\x69\x76\x3E","\x73\x75\x6D\x6D\x61\x72\x79","\x6C\x61\x73\x74\x49\x6E\x64\x65\x78\x4F\x66","\x3C\x70\x20\x63\x6C\x61\x73\x73\x3D\x22\x70\x6F\x73\x74\x2D\x73\x75\x6D\x6D\x61\x72\x79\x22\x3E","\x2E\x2E\x2E\x3C\x2F\x70\x3E","\x3C\x2F\x6C\x69\x3E","\x3C\x2F\x75\x6C\x3E","\x73\x72\x63","\x73\x37\x32\x2D\x63","\x73\x32\x30\x30\x2D\x63","\x61\x74\x74\x72","\x2E\x6C\x61\x62\x65\x6C\x5F\x74\x68\x75\x6D\x62","\x72\x65\x61\x64\x79","\x64\x65\x66\x61\x75\x6C\x74\x2E\x6A\x70\x67","\x6D\x71\x64\x65\x66\x61\x75\x6C\x74\x2E\x6A\x70\x67","\x73\x31\x36\x30\x30","\x2E\x70\x6F\x70\x75\x6C\x61\x72\x2D\x70\x6F\x73\x74\x73\x20\x2E\x69\x74\x65\x6D\x2D\x74\x68\x75\x6D\x62\x6E\x61\x69\x6C\x20\x69\x6D\x67\x2C\x20\x2E\x70\x6F\x73\x74\x2D\x68\x6F\x6D\x65\x20\x69\x6D\x67","\x61\x2E\x62\x6C\x6F\x67\x2D\x70\x61\x67\x65\x72\x2D\x6E\x65\x77\x65\x72\x2D\x6C\x69\x6E\x6B","\x20\x2E\x70\x6F\x73\x74\x2D\x74\x69\x74\x6C\x65\x3A\x66\x69\x72\x73\x74","\x74\x65\x78\x74","\x3C\x3C\x20","\x6C\x6F\x61\x64","\x61\x2E\x62\x6C\x6F\x67\x2D\x70\x61\x67\x65\x72\x2D\x6F\x6C\x64\x65\x72\x2D\x6C\x69\x6E\x6B","\x20\x3E\x3E"];eval(function(_0x341ex1,_0x341ex2,_0x341ex3,_0x341ex4,_0x341ex5,_0x341ex6){_0x341ex5=function(_0x341ex3){return (_0x341ex3<_0x341ex2?_0xca3e[4]:_0x341ex5(parseInt(_0x341ex3/_0x341ex2)))+((_0x341ex3=_0x341ex3%_0x341ex2)>35?String[_0xca3e[5]](_0x341ex3+29):_0x341ex3.toString(36))};if(!_0xca3e[4][_0xca3e[6]](/^/,String)){while(_0x341ex3--){_0x341ex6[_0x341ex5(_0x341ex3)]=_0x341ex4[_0x341ex3]||_0x341ex5(_0x341ex3)};_0x341ex4=[function(_0x341ex5){return _0x341ex6[_0x341ex5]}];_0x341ex5=function(){return _0xca3e[7]};_0x341ex3=1;};while(_0x341ex3--){if(_0x341ex4[_0x341ex3]){_0x341ex1=_0x341ex1[_0xca3e[6]]( new RegExp(_0xca3e[8]+_0x341ex5(_0x341ex3)+_0xca3e[8],_0xca3e[9]),_0x341ex4[_0x341ex3])}};return _0x341ex1;}(_0xca3e[0],62,185,_0xca3e[3][_0xca3e[2]](_0xca3e[1]),0,{}));function labelthumbs(_0x341ex5){document[_0xca3e[11]](_0xca3e[10]);for(var _0x341ex8=0;_0x341ex8<numposts;_0x341ex8++){var _0x341ex9=_0x341ex5[_0xca3e[13]][_0xca3e[12]][_0x341ex8];var _0x341exa=_0x341ex9[_0xca3e[15]][_0xca3e[14]];var _0x341exb;if(_0x341ex8==_0x341ex5[_0xca3e[13]][_0xca3e[12]][_0xca3e[16]]){break };for(var _0x341exc=0;_0x341exc<_0x341ex9[_0xca3e[17]][_0xca3e[16]];_0x341exc++){if(_0x341ex9[_0xca3e[17]][_0x341exc][_0xca3e[18]]==_0xca3e[19]&&_0x341ex9[_0xca3e[17]][_0x341exc][_0xca3e[20]]==_0xca3e[21]){var _0x341exd=_0x341ex9[_0xca3e[17]][_0x341exc][_0xca3e[15]];var _0x341exe=_0x341ex9[_0xca3e[17]][_0x341exc][_0xca3e[22]];};if(_0x341ex9[_0xca3e[17]][_0x341exc][_0xca3e[18]]==_0xca3e[23]){_0x341exb=_0x341ex9[_0xca3e[17]][_0x341exc][_0xca3e[22]];break ;};};var _0x341exf;try{_0x341exf=_0x341ex9[_0xca3e[25]][_0xca3e[24]]}catch(h){s=_0x341ex9[_0xca3e[26]][_0xca3e[14]];a=s[_0xca3e[28]](_0xca3e[27]);b=s[_0xca3e[28]](_0xca3e[29],a);c=s[_0xca3e[28]](_0xca3e[30],b+5);d=s[_0xca3e[31]](b+5,c-b-5);if(a!=-1&&b!=-1&&c!=-1&&d!=_0xca3e[4]){_0x341exf=d}else {_0x341exf=_0xca3e[32]};};var _0x341ex1=_0x341ex9[_0xca3e[33]][_0xca3e[14]];var _0x341ex10=_0x341ex1[_0xca3e[34]](0,4);var _0x341ex11=_0x341ex1[_0xca3e[34]](5,7);var _0x341ex12=_0x341ex1[_0xca3e[34]](8,10);var _0x341ex13= new Array;_0x341ex13[1]=_0xca3e[35];_0x341ex13[2]=_0xca3e[36];_0x341ex13[3]=_0xca3e[37];_0x341ex13[4]=_0xca3e[38];_0x341ex13[5]=_0xca3e[39];_0x341ex13[6]=_0xca3e[40];_0x341ex13[7]=_0xca3e[41];_0x341ex13[8]=_0xca3e[42];_0x341ex13[9]=_0xca3e[43];_0x341ex13[10]=_0xca3e[44];_0x341ex13[11]=_0xca3e[45];_0x341ex13[12]=_0xca3e[46];document[_0xca3e[11]](_0xca3e[47]);if(showpostthumbnails==true){document[_0xca3e[11]](_0xca3e[48]+_0x341exb+_0xca3e[49]+_0x341exf+_0xca3e[50]+_0x341exa+_0xca3e[51]+_0x341exa+_0xca3e[52])};document[_0xca3e[11]](_0xca3e[53]+_0x341exb+_0xca3e[54]+_0x341exa+_0xca3e[55]);var _0x341ex14=_0xca3e[4];var _0x341ex15=0;document[_0xca3e[11]](_0xca3e[4]);_0x341ex1=_0x341ex9[_0xca3e[33]][_0xca3e[14]];var _0x341ex16=[1,2,3,4,5,6,7,8,9,10,11,12];var _0x341ex17=[_0xca3e[35],_0xca3e[36],_0xca3e[37],_0xca3e[38],_0xca3e[39],_0xca3e[40],_0xca3e[41],_0xca3e[42],_0xca3e[43],_0xca3e[44],_0xca3e[45],_0xca3e[46]];var _0x341ex18=_0x341ex1[_0xca3e[2]](_0xca3e[56])[2][_0xca3e[34]](0,2);var _0x341ex19=_0x341ex1[_0xca3e[2]](_0xca3e[56])[1];var _0x341ex1a=_0x341ex1[_0xca3e[2]](_0xca3e[56])[0];for(var _0x341ex4=0;_0x341ex4<_0x341ex16[_0xca3e[16]];_0x341ex4++){if(parseInt(_0x341ex19)==_0x341ex16[_0x341ex4]){_0x341ex19=_0x341ex17[_0x341ex4];break ;}};var _0x341ex1b=_0x341ex18+_0xca3e[57]+_0x341ex19+_0xca3e[57]+_0x341ex1a;if(showpostdate==true){document[_0xca3e[11]](_0xca3e[58]+_0x341exb+_0xca3e[59]+_0x341ex1b+_0xca3e[55])};if(showcommentnum==true){if(_0x341ex15==1){_0x341ex14=_0x341ex14+_0xca3e[60]};if(_0x341exd==_0xca3e[61]){_0x341exd=_0xca3e[62]};if(_0x341exd==_0xca3e[63]){_0x341exd=_0xca3e[64]};_0x341ex14=_0x341ex14+_0x341exd;_0x341ex15=1;document[_0xca3e[11]](_0xca3e[65]+_0x341exe+_0xca3e[66]+_0x341exd+_0xca3e[67]);};if(_0xca3e[26] in _0x341ex9){var _0x341ex1c=_0x341ex9[_0xca3e[26]][_0xca3e[14]]}else {if(_0xca3e[68] in _0x341ex9){var _0x341ex1c=_0x341ex9[_0xca3e[68]][_0xca3e[14]]}else {var _0x341ex1c=_0xca3e[4]}};var _0x341ex1d=/<\S[^>]*>/g;_0x341ex1c=_0x341ex1c[_0xca3e[6]](_0x341ex1d,_0xca3e[4]);if(showpostsummary==true){if(_0x341ex1c[_0xca3e[16]]<numchars){document[_0xca3e[11]](_0xca3e[4]);document[_0xca3e[11]](_0x341ex1c);document[_0xca3e[11]](_0xca3e[4]);}else {document[_0xca3e[11]](_0xca3e[4]);_0x341ex1c=_0x341ex1c[_0xca3e[34]](0,numchars);var _0x341ex1e=_0x341ex1c[_0xca3e[69]](_0xca3e[57]);_0x341ex1c=_0x341ex1c[_0xca3e[34]](0,_0x341ex1e);document[_0xca3e[11]](_0xca3e[70]+_0x341ex1c+_0xca3e[71]);}};document[_0xca3e[11]](_0xca3e[72]);if(_0x341ex8!=numposts-1){document[_0xca3e[11]](_0xca3e[4])};};document[_0xca3e[11]](_0xca3e[73]);}$(document)[_0xca3e[79]](function(){$(_0xca3e[78])[_0xca3e[77]](_0xca3e[74],function(_0x341exb,_0x341ex1f){return _0x341ex1f[_0xca3e[6]](_0xca3e[75],_0xca3e[76])})});$(document)[_0xca3e[79]](function(){$(_0xca3e[78])[_0xca3e[77]](_0xca3e[74],function(_0x341exb,_0x341ex1f){return _0x341ex1f[_0xca3e[6]](_0xca3e[80],_0xca3e[81])})});$(document)[_0xca3e[79]](function(){$(_0xca3e[83])[_0xca3e[77]](_0xca3e[74],function(_0x341exb,_0x341ex1f){return _0x341ex1f[_0xca3e[6]](_0xca3e[75],_0xca3e[82])})});$(document)[_0xca3e[79]](function(){$(_0xca3e[83])[_0xca3e[77]](_0xca3e[74],function(_0x341exb,_0x341ex1f){return _0x341ex1f[_0xca3e[6]](_0xca3e[80],_0xca3e[81])})});$(document)[_0xca3e[79]](function(){var _0x341ex20=$(_0xca3e[84])[_0xca3e[77]](_0xca3e[22]);$(_0xca3e[84])[_0xca3e[88]](_0x341ex20+_0xca3e[85],function(){var _0x341ex21=$(_0xca3e[84])[_0xca3e[86]]();$(_0xca3e[84])[_0xca3e[86]](_0xca3e[87]+_0x341ex21);});var _0x341ex22=$(_0xca3e[89])[_0xca3e[77]](_0xca3e[22]);$(_0xca3e[89])[_0xca3e[88]](_0x341ex22+_0xca3e[85],function(){var _0x341ex23=$(_0xca3e[89])[_0xca3e[86]]();$(_0xca3e[89])[_0xca3e[86]](_0x341ex23+_0xca3e[90]);});});



//]]>
</script>




  </head>
<body expr:class='data:blog.pageType'>

<!--Menu-->
<div class='menu-secondary-container'>
<div class='margin-1200'>
<ul class='menus menu-secondary'>

<li><a expr:href='data:blog.homepageUrl'><i class='fa fa-globe'/> Home</a></li>
<li class='featured'><a href='#'><i class='fa fa-bullhorn'/> Featured</a>
<ul class='children'>
   <script type='text/javascript'>var numposts = 6;var showpostthumbnails = true;var displaymore = true;var displayseparator = true;var showcommentnum = false;var showpostdate = falsee;var showpostsummary = false;var numchars = 100;</script> 
<script src='/feeds/posts/default/-/Featured?published&amp;alt=json-in-script&amp;callback=labelthumbs' type='text/javascript'/>
</ul>
</li>
 <li><a href='2015'><i class='fa fa-coffee'/> Blog</a></li>
<li><a href='#'><i class='fa fa-list'/> Drop Down</a>
<ul class='children'>
<li><a href='#'>Internet</a></li>
<li><a href='#'>Market</a></li>
<li><a href='#'>Stock</a></li>
</ul>
</li>
<li><a href='http://publisherstheme.blogspot.com/404'><i class='fa fa-bed'/> 404</a></li>
<li><a href='/p/this-is-testing-page.html'><i class='fa fa-pencil'/> Page</a></li>
<li><a href='/2015/08/sometimes-small-moments-creates-big.html'><i class='fa fa-wrench'/> Site Elements</a></li>		
</ul>
</div>
</div>


<!--Header-->
<header>
	<div class='margin-1200'>
      <b:section class='header' id='header' maxwidgets='1' showaddelement='no'>
        <b:widget id='Header1' locked='true' title='Publisher (Header)' type='Header'>
          <b:includable id='main'>

  <b:if cond='data:useImage'>
    <b:if cond='data:imagePlacement == &quot;REPLACE&quot;'>
      <!--Show just the image, no text-->
      <div id='header-inner'>
        <a expr:href='data:blog.homepageUrl' style='display: block'>
          <img expr:alt='data:title' expr:height='data:height' expr:id='data:widget.instanceId + &quot;_headerimg&quot;' expr:src='data:sourceUrl' expr:width='data:width' style='display: block;padding-left:0px;padding-top:0px;'/>
        </a>
      </div>
    <b:else/>
      <!--
      Show image as background to text. You can't really calculate the width
      reliably in JS because margins are not taken into account by any of
      clientWidth, offsetWidth or scrollWidth, so we don't force a minimum
      width if the user is using shrink to fit.
      This results in a margin-width's worth of pixels being cropped. If the
      user is not using shrink to fit then we expand the header.
      -->
      <div expr:style='&quot;background-image: url(\&quot;&quot; + data:sourceUrl + &quot;\&quot;); &quot;                      + &quot;background-position: &quot;                      + data:backgroundPositionStyleStr + &quot;; &quot;                      + data:widthStyleStr                      + &quot;min-height: &quot; + data:height + &quot;px;&quot;                      + &quot;_height: &quot; + data:height + &quot;px;&quot;                      + &quot;background-repeat: no-repeat; &quot;' id='header-inner'>
        <div class='titlewrapper' style='background: transparent'>
          <h1 class='title' style='background: transparent; border-width: 0px'>
            <b:include name='title'/>
          </h1>
        </div>
        <b:include name='description'/>
      </div>
    </b:if>
  <b:else/>
    <!--No header image -->
    <div id='header-inner'>
      <div class='titlewrapper'>
        <h1 class='title'>
		<i class='fa fa-paper-plane'/>
          <b:include name='title'/>
        </h1>
      </div>
      <b:include name='description'/>
    </div>
  </b:if>
</b:includable>
          <b:includable id='description'>
  <div class='descriptionwrapper'>
    <p class='description'><span><data:description/></span></p>
  </div>
</b:includable>
          <b:includable id='title'>
<a expr:href='data:blog.homepageUrl'><data:title/></a>
</b:includable>
        </b:widget>
      </b:section>

    </div>
   </header>

 
<div id='content-wrapper'>
<div class='margin-1200'>


<b:if cond='data:blog.pageType == &quot;error_page&quot;'>
<!--404 Error Page-->
<div class='notfound'>
<h2><i class='fa fa-bed'/> 404 errr!</h2>
<p>It&#39;s Looking like you may have been a wrong turn. Don&#39;t worry.....It happens to the best of us..</p>
</div>
      </b:if>


<div id='main-wrapper'>

        <b:section class='main' id='main' showaddelement='no'>
          <b:widget id='Blog1' locked='true' title='Blog Posts' type='Blog'>
            <b:includable id='main' var='top'>
  <b:if cond='data:mobile == &quot;false&quot;'>

    <!-- posts -->
    <div class='blog-posts hfeed'>

      <b:include data='top' name='status-message'/>

      <data:defaultAdStart/>
      <b:loop values='data:posts' var='post'>
        <b:if cond='data:post.isDateStart'>
          <b:if cond='data:post.isFirstPost == &quot;false&quot;'>
            &lt;/div&gt;&lt;/div&gt;
          </b:if>
        </b:if>
        <b:if cond='data:post.isDateStart'>
          &lt;div class=&quot;date-outer&quot;&gt;
        </b:if>
        <b:if cond='data:post.dateHeader'>
          <h2 class='date-header'><span><data:post.dateHeader/></span></h2>
        </b:if>
        <b:if cond='data:post.isDateStart'>
          &lt;div class=&quot;date-posts&quot;&gt;
        </b:if>
        <div class='post-outer'>
        <b:include data='post' name='post'/>
        <b:if cond='data:blog.pageType == &quot;static_page&quot;'>
          <b:if cond='data:post.showThreadedComments'>
            <b:include data='post' name='threaded_comments'/>
          <b:else/>
            <b:include data='post' name='comments'/>
          </b:if>
        </b:if>
        <b:if cond='data:blog.pageType == &quot;item&quot;'>
          <b:if cond='data:post.showThreadedComments'>
            <b:include data='post' name='threaded_comments'/>
          <b:else/>
            <b:include data='post' name='comments'/>
          </b:if>
        </b:if>
        </div>
        <b:if cond='data:post.includeAd'>
          <b:if cond='data:post.isFirstPost'>
            <data:defaultAdEnd/>
          <b:else/>
            <data:adEnd/>
          </b:if>
          <div class='inline-ad'>
            <data:adCode/>
          </div>
          <data:adStart/>
        </b:if>
      </b:loop>
      <b:if cond='data:numPosts != 0'>
        &lt;/div&gt;&lt;/div&gt;
      </b:if>
      <data:adEnd/>
    </div>

<b:if cond='data:blog.pageType != &quot;item&quot;'>
<!-- navigation -->
<b:include name='nextprev'/>
</b:if>

    <!-- feed links -->
    <b:include name='feedLinks'/>

    <b:if cond='data:top.showStars'>
      <script src='//www.google.com/jsapi' type='text/javascript'/>
      <script type='text/javascript'>
        google.load(&quot;annotations&quot;, &quot;1&quot;, {&quot;locale&quot;: &quot;<data:top.languageCode/>&quot;});
        function initialize() {
          google.annotations.setApplicationId(<data:top.blogspotReviews/>);
          google.annotations.createAll();
          google.annotations.fetch();
        }
        google.setOnLoadCallback(initialize);
      </script>
    </b:if>

  <b:else/>
    <b:include name='mobile-main'/>
  </b:if>

  <b:if cond='data:top.showDummy'>
    <data:top.dummyBootstrap/>
  </b:if>

</b:includable>
            <b:includable id='backlinkDeleteIcon' var='backlink'>
  <span expr:class='&quot;item-control &quot; + data:backlink.adminClass'>
    <a expr:href='data:backlink.deleteUrl' expr:title='data:top.deleteBacklinkMsg'>
      <img src='//www.blogger.com/img/icon_delete13.gif'/>
    </a>
  </span>
</b:includable>
            <b:includable id='backlinks' var='post'>
  <a name='links'/><h4><data:post.backlinksLabel/></h4>
  <b:if cond='data:post.numBacklinks != 0'>
    <dl class='comments-block' id='comments-block'>
      <b:loop values='data:post.backlinks' var='backlink'>
        <div class='collapsed-backlink backlink-control'>
          <dt class='comment-title'>
            <span class='backlink-toggle-zippy'>&#160;</span>
            <a expr:href='data:backlink.url' rel='nofollow'><data:backlink.title/></a>
            <b:include data='backlink' name='backlinkDeleteIcon'/>
          </dt>
          <dd class='comment-body collapseable'>
            <data:backlink.snippet/>
          </dd>
          <dd class='comment-footer collapseable'>
            <span class='comment-author'><data:post.authorLabel/> <data:backlink.author/></span>
            <span class='comment-timestamp'><data:post.timestampLabel/> <data:backlink.timestamp/></span>
          </dd>
        </div>
      </b:loop>
    </dl>
  </b:if>
  <p class='comment-footer'>
    <a class='comment-link' expr:href='data:post.createLinkUrl' expr:id='data:widget.instanceId + &quot;_backlinks-create-link&quot;' target='_blank'><data:post.createLinkLabel/></a>
  </p>
</b:includable>
            <b:includable id='comment-form' var='post'>
  <div class='comment-form'>
    <a name='comment-form'/>
    <b:if cond='data:mobile'>
      <h4 id='comment-post-message'>
        <a expr:id='data:widget.instanceId + &quot;_comment-editor-toggle-link&quot;' href='javascript:void(0)'><data:postCommentMsg/></a></h4>
      <p><data:blogCommentMessage/></p>
      <data:blogTeamBlogMessage/>
      <a expr:href='data:post.commentFormIframeSrc' id='comment-editor-src'/>
      <iframe allowtransparency='true' class='blogger-iframe-colorize blogger-comment-from-post' frameborder='0' height='410' id='comment-editor' name='comment-editor' src='' style='display: none' width='100%'/>
    <b:else/>
      <h4 id='comment-post-message'><data:postCommentMsg/></h4>
      <p><data:blogCommentMessage/></p>
      <data:blogTeamBlogMessage/>
      <a expr:href='data:post.commentFormIframeSrc' id='comment-editor-src'/>
      <iframe allowtransparency='true' class='blogger-iframe-colorize blogger-comment-from-post' frameborder='0' height='410' id='comment-editor' name='comment-editor' src='' width='100%'/>
    </b:if>
    <data:post.friendConnectJs/>
    <data:post.cmtfpIframe/>
    <script type='text/javascript'>
      BLOG_CMT_createIframe(&#39;<data:post.appRpcRelayPath/>&#39;, &#39;<data:post.communityId/>&#39;);
    </script>
  </div>
</b:includable>
            <b:includable id='commentDeleteIcon' var='comment'>
  <span expr:class='&quot;item-control &quot; + data:comment.adminClass'>
    <b:if cond='data:showCmtPopup'>
      <div class='goog-toggle-button'>
        <div class='goog-inline-block comment-action-icon'/>
      </div>
    <b:else/>
      <a class='comment-delete' expr:href='data:comment.deleteUrl' expr:title='data:top.deleteCommentMsg'>
        <img src='//www.blogger.com/img/icon_delete13.gif'/>
      </a>
    </b:if>
  </span>
</b:includable>
            <b:includable id='comment_count_picker' var='post'>
  <b:if cond='data:post.commentSource == 1'>
    <span class='cmt_count_iframe_holder' expr:data-count='data:post.numComments' expr:data-onclick='data:post.addCommentOnclick' expr:data-post-url='data:post.url' expr:data-url='data:post.canonicalUrl'>
    </span>
  <b:else/>
    <a class='comment-link' expr:href='data:post.addCommentUrl' expr:onclick='data:post.addCommentOnclick'>
      <data:post.commentLabelFull/>:
    </a>
  </b:if>
</b:includable>
            <b:includable id='comment_picker' var='post'>
  <b:if cond='data:post.commentSource == 1'>
    <b:include data='post' name='iframe_comments'/>
  <b:elseif cond='data:post.showThreadedComments'/>
    <b:include data='post' name='threaded_comments'/>
  <b:else/>
    <b:include data='post' name='comments'/>
  </b:if>
</b:includable>
            <b:includable id='comments' var='post'>
  <div class='comments' id='comments'>
    <a name='comments'/>
    <b:if cond='data:post.allowComments'>
      <h4>
        <b:if cond='data:post.numComments == 1'>
          1 <data:commentLabel/>:
        <b:else/>
          <data:post.numComments/> <data:commentLabelPlural/>:
        </b:if>
      </h4>

      <b:if cond='data:post.commentPagingRequired'>
        <span class='paging-control-container'>
          <a expr:class='data:post.oldLinkClass' expr:href='data:post.oldestLinkUrl'><data:post.oldestLinkText/></a>
          &#160;
          <a expr:class='data:post.oldLinkClass' expr:href='data:post.olderLinkUrl'><data:post.olderLinkText/></a>
          &#160;
          <data:post.commentRangeText/>
          &#160;
          <a expr:class='data:post.newLinkClass' expr:href='data:post.newerLinkUrl'><data:post.newerLinkText/></a>
          &#160;
          <a expr:class='data:post.newLinkClass' expr:href='data:post.newestLinkUrl'><data:post.newestLinkText/></a>
        </span>
      </b:if>

      <div expr:id='data:widget.instanceId + &quot;_comments-block-wrapper&quot;'>
        <dl expr:class='data:post.avatarIndentClass' id='comments-block'>
          <b:loop values='data:post.comments' var='comment'>
            <dt expr:class='&quot;comment-author &quot; + data:comment.authorClass' expr:id='data:comment.anchorName'>
              <b:if cond='data:comment.favicon'>
                <img expr:src='data:comment.favicon' height='16px' style='margin-bottom:-2px;' width='16px'/>
              </b:if>
              <a expr:name='data:comment.anchorName'/>
              <b:if cond='data:blog.enabledCommentProfileImages'>
                <data:comment.authorAvatarImage/>
              </b:if>
              <b:if cond='data:comment.authorUrl'>
                <a expr:href='data:comment.authorUrl' rel='nofollow'><data:comment.author/></a>
              <b:else/>
                <data:comment.author/>
              </b:if>
              <data:commentPostedByMsg/>
            </dt>
            <dd class='comment-body' expr:id='data:widget.instanceId + data:comment.cmtBodyIdPostfix'>
              <b:if cond='data:comment.isDeleted'>
                <span class='deleted-comment'><data:comment.body/></span>
              <b:else/>
                <p>
                  <data:comment.body/>
                </p>
              </b:if>
            </dd>
            <dd class='comment-footer'>
              <span class='comment-timestamp'>
                <a expr:href='data:comment.url' title='comment permalink'>
                  <data:comment.timestamp/>
                </a>
                <b:include data='comment' name='commentDeleteIcon'/>
              </span>
            </dd>
          </b:loop>
        </dl>
      </div>

      <b:if cond='data:post.commentPagingRequired'>
        <span class='paging-control-container'>
          <a expr:class='data:post.oldLinkClass' expr:href='data:post.oldestLinkUrl'>
            <data:post.oldestLinkText/>
          </a>
          <a expr:class='data:post.oldLinkClass' expr:href='data:post.olderLinkUrl'>
            <data:post.olderLinkText/>
          </a>
          &#160;
          <data:post.commentRangeText/>
          &#160;
          <a expr:class='data:post.newLinkClass' expr:href='data:post.newerLinkUrl'>
            <data:post.newerLinkText/>
          </a>
          <a expr:class='data:post.newLinkClass' expr:href='data:post.newestLinkUrl'>
            <data:post.newestLinkText/>
          </a>
        </span>
      </b:if>

      <p class='comment-footer'>
        <b:if cond='data:post.embedCommentForm'>
          <b:if cond='data:post.allowNewComments'>
            <b:include data='post' name='comment-form'/>
          <b:else/>
            <data:post.noNewCommentsText/>
          </b:if>
        <b:else/>
          <b:if cond='data:post.allowComments'>
            <a expr:href='data:post.addCommentUrl' expr:onclick='data:post.addCommentOnclick'><data:postCommentMsg/></a>
          </b:if>
        </b:if>

      </p>
    </b:if>
    <b:if cond='data:showCmtPopup'>
      <div id='comment-popup'>
        <iframe allowtransparency='true' frameborder='0' id='comment-actions' name='comment-actions' scrolling='no'>
        </iframe>
      </div>
    </b:if>

    <div id='backlinks-container'>
    <div expr:id='data:widget.instanceId + &quot;_backlinks-container&quot;'>
       <b:if cond='data:post.showBacklinks'>
         <b:include data='post' name='backlinks'/>
       </b:if>
    </div>
    </div>
  </div>
</b:includable>
            <b:includable id='feedLinks'>
  <b:if cond='data:blog.pageType != &quot;item&quot;'> <!-- Blog feed links -->
    <b:if cond='data:feedLinks'>
      <div class='blog-feeds'>
        <b:include data='feedLinks' name='feedLinksBody'/>
      </div>
    </b:if>

    <b:else/> <!--Post feed links -->
    <div class='post-feeds'>
      <b:loop values='data:posts' var='post'>
        <b:if cond='data:post.allowComments'>
          <b:if cond='data:post.feedLinks'>
            <b:include data='post.feedLinks' name='feedLinksBody'/>
          </b:if>
        </b:if>
      </b:loop>
    </div>
  </b:if>
</b:includable>
            <b:includable id='feedLinksBody' var='links'>
  <div class='feed-links'>
  <data:feedLinksMsg/>
  <b:loop values='data:links' var='f'>
     <a class='feed-link' expr:href='data:f.url' expr:type='data:f.mimeType' target='_blank'><data:f.name/> (<data:f.feedType/>)</a>
  </b:loop>
  </div>
</b:includable>
            <b:includable id='iframe_comments' var='post'>

  <b:if cond='data:post.allowIframeComments'>
    <script expr:src='data:post.iframeCommentSrc' type='text/javascript'/>
    <div class='cmt_iframe_holder' expr:data-href='data:post.canonicalUrl' expr:data-viewtype='data:post.viewType'/>

    <b:if cond='data:post.embedCommentForm == &quot;false&quot;'>
      <a expr:href='data:post.addCommentUrl' expr:onclick='data:post.addCommentOnclick'><data:postCommentMsg/></a>
    </b:if>
  </b:if>
</b:includable>
            <b:includable id='mobile-index-post' var='post'>
  <div class='mobile-date-outer date-outer'>
    <b:if cond='data:post.dateHeader'>
      <div class='date-header'>
        <span><data:post.dateHeader/></span>
      </div>
    </b:if>

    <div class='mobile-post-outer'>
      <a expr:href='data:post.url'>
        <h3 class='mobile-index-title entry-title'>
          <data:post.title/>
        </h3>

        <div class='mobile-index-arrow'>&amp;rsaquo;</div>

        <div class='mobile-index-contents'>
          <b:if cond='data:post.thumbnailUrl'>
            <div class='mobile-index-thumbnail'>
              <div class='Image'>
                <img expr:src='data:post.thumbnailUrl'/>
              </div>
            </div>
          </b:if>

          <div class='post-body'>
            <b:if cond='data:post.snippet'><data:post.snippet/></b:if>
          </div>
        </div>

        <div style='clear: both;'/>
      </a>

      <div class='mobile-index-comment'>
        <b:if cond='data:blog.pageType != &quot;static_page&quot;'>
          <b:if cond='data:post.allowComments'>
            <b:if cond='data:post.numComments != 0'>
              <a class='comment-link' expr:href='data:post.addCommentUrl' expr:onclick='data:post.addCommentOnclick'><b:if cond='data:post.numComments == 1'>1 <data:top.commentLabel/><b:else/><data:post.numComments/> <data:top.commentLabelPlural/></b:if></a>
            </b:if>
          </b:if>
        </b:if>
      </div>
    </div>
  </div>
</b:includable>
            <b:includable id='mobile-main' var='top'>
    <!-- posts -->
    <div class='blog-posts hfeed'>

      <b:include data='top' name='status-message'/>

      <b:if cond='data:blog.pageType == &quot;index&quot;'>
        <b:loop values='data:posts' var='post'>
          <b:include data='post' name='mobile-index-post'/>
        </b:loop>
      <b:else/>
        <b:loop values='data:posts' var='post'>
          <b:include data='post' name='mobile-post'/>
        </b:loop>
      </b:if>
    </div>

   <b:include name='mobile-nextprev'/>
</b:includable>
            <b:includable id='mobile-nextprev'>
  <div class='blog-pager' id='blog-pager'>
    <b:if cond='data:newerPageUrl'>
      <div class='mobile-link-button' id='blog-pager-newer-link'>
      <a class='blog-pager-newer-link' expr:href='data:newerPageUrl' expr:id='data:widget.instanceId + &quot;_blog-pager-newer-link&quot;' expr:title='data:newerPageTitle'>&amp;lsaquo;</a>
      </div>
    </b:if>

    <b:if cond='data:olderPageUrl'>
      <div class='mobile-link-button' id='blog-pager-older-link'>
      <a class='blog-pager-older-link' expr:href='data:olderPageUrl' expr:id='data:widget.instanceId + &quot;_blog-pager-older-link&quot;' expr:title='data:olderPageTitle'>&amp;rsaquo;</a>
      </div>
    </b:if>

    <div class='mobile-link-button' id='blog-pager-home-link'>
    <a class='home-link' expr:href='data:blog.homepageUrl'><data:homeMsg/></a>
    </div>

    <div class='mobile-desktop-link'>
      <a class='home-link' expr:href='data:desktopLinkUrl'><data:desktopLinkMsg/></a>
    </div>

  </div>
  <div class='clear'/>
</b:includable>
            <b:includable id='mobile-post' var='post'>
  <div class='date-outer'>
    <b:if cond='data:post.dateHeader'>
      <h2 class='date-header'><span><data:post.dateHeader/></span></h2>
    </b:if>
    <div class='date-posts'>
      <div class='post-outer'>

        <div class='post hentry uncustomized-post-template'>
          <a expr:name='data:post.id'/>
          <b:if cond='data:post.title'>
            <h3 class='post-title entry-title'>
              <b:if cond='data:post.link'>
                <a expr:href='data:post.link'><data:post.title/></a>
              <b:else/>
                <b:if cond='data:post.url'>
                  <b:if cond='data:blog.url != data:post.url'>
                    <a expr:href='data:post.url'><data:post.title/></a>
                  <b:else/>
                    <data:post.title/>
                  </b:if>
                <b:else/>
                  <data:post.title/>
                </b:if>
              </b:if>
            </h3>
          </b:if>

          <div class='post-header'>
            <div class='post-header-line-1'/>
          </div>

          <div class='post-body entry-content' expr:id='&quot;post-body-&quot; + data:post.id'>
            <data:post.body/>
            <div style='clear: both;'/> <!-- clear for photos floats -->
          </div>

          <div class='post-footer'>
            <div class='post-footer-line post-footer-line-1'>
              <span class='post-author vcard'>
                <b:if cond='data:top.showAuthor'>
                  <b:if cond='data:post.authorProfileUrl'>
                    <span class='fn'>
                      <a expr:href='data:post.authorProfileUrl' rel='author' title='author profile'>
                        <data:post.author/>
                      </a>
                    </span>
                  <b:else/>
                    <span class='fn'><data:post.author/></span>
                  </b:if>
                </b:if>
              </span>

              <span class='post-timestamp'>
                <b:if cond='data:top.showTimestamp'>
                  <data:top.timestampLabel/>
                  <b:if cond='data:post.url'>
                    <a class='timestamp-link' expr:href='data:post.url' rel='bookmark' title='permanent link'><abbr class='published' expr:title='data:post.timestampISO8601'><data:post.timestamp/></abbr></a>
                  </b:if>
                </b:if>
              </span>

              <span class='post-comment-link'>
                <b:if cond='data:blog.pageType != &quot;item&quot;'>
                  <b:if cond='data:blog.pageType != &quot;static_page&quot;'>
                    <b:if cond='data:post.allowComments'>
                      <a class='comment-link' expr:href='data:post.addCommentUrl' expr:onclick='data:post.addCommentOnclick'><b:if cond='data:post.numComments == 1'>1 <data:top.commentLabel/><b:else/><data:post.numComments/> <data:top.commentLabelPlural/></b:if></a>
                    </b:if>
                  </b:if>
                </b:if>
              </span>
            </div>

            <div class='post-footer-line post-footer-line-2'>
              <b:if cond='data:top.showMobileShare'>
                <div class='mobile-link-button goog-inline-block' id='mobile-share-button'>
                  <a href='javascript:void(0);'><data:shareMsg/></a>
                </div>
              </b:if>
              <b:if cond='data:top.showDummy'>
                <div class='goog-inline-block dummy-container'><data:post.dummyTag/></div>
              </b:if>
            </div>

          </div>
        </div>

        <b:if cond='data:blog.pageType == &quot;static_page&quot;'>
          <b:if cond='data:post.showThreadedComments'>
            <b:include data='post' name='threaded_comments'/>
          <b:else/>
            <b:include data='post' name='comments'/>
          </b:if>
        </b:if>
        <b:if cond='data:blog.pageType == &quot;item&quot;'>
          <b:if cond='data:post.showThreadedComments'>
            <b:include data='post' name='threaded_comments'/>
          <b:else/>
            <b:include data='post' name='comments'/>
          </b:if>
        </b:if>
      </div>
    </div>
  </div>
</b:includable>
            <b:includable id='nextprev'>
  <div class='blog-pager' id='blog-pager'>
    <b:if cond='data:newerPageUrl'>
      <span id='blog-pager-newer-link'>
      <a class='blog-pager-newer-link' expr:href='data:newerPageUrl' expr:id='data:widget.instanceId + &quot;_blog-pager-newer-link&quot;' expr:title='data:newerPageTitle'><data:newerPageTitle/></a>
      </span>
    </b:if>

    <b:if cond='data:olderPageUrl'>
      <span id='blog-pager-older-link'>
      <a class='blog-pager-older-link' expr:href='data:olderPageUrl' expr:id='data:widget.instanceId + &quot;_blog-pager-older-link&quot;' expr:title='data:olderPageTitle'><data:olderPageTitle/></a>
      </span>
    </b:if>



    <b:if cond='data:mobileLinkUrl'>
      <div class='blog-mobile-link'>
        <a expr:href='data:mobileLinkUrl'><data:mobileLinkMsg/></a>
      </div>
    </b:if>

  </div>
  <div class='clear'/>
</b:includable>
            <b:includable id='post' var='post'>
<div class='wrapfullpost'>
  <div class='post hentry'>
    <a expr:name='data:post.id'/>

<b:if cond='data:blog.pageType == &quot;item&quot;'>
<b:if cond='data:post.title'>
<div class='post-title-wrap'>
      <h1 class='post-title entry-title'>
     <b:if cond='data:post.link'>
       <data:post.title/>
     <b:else/>
        <b:if cond='data:post.url'>
          <data:post.title/>
        <b:else/>
          <data:post.title/>
        </b:if>
     </b:if>
      </h1>
  </div>
</b:if>
</b:if>

<!--Post Details-->
<b:if cond='data:blog.pageType == &quot;item&quot;'>
<div class='post-details'>
<span class='meta_author'><i class='fa fa-user'/> <data:post.author/></span>
<span class='post-date'><i class='fa fa-calendar'/> <data:post.timestamp/></span>
<span class='post-label'><i class='fa fa-tags'/> <b:if cond='data:post.labels'><b:loop values='data:post.labels' var='label'><a expr:href='data:label.url' rel='tag'><data:label.name/></a><b:if cond='data:label.isLast != &quot;true&quot;'>, </b:if></b:loop></b:if></span>
  </div>
</b:if>


<b:if cond='data:blog.pageType != &quot;item&quot;'>
<b:if cond='data:post.title'>
      <h2 class='post-title entry-title pagetitle'>
     <b:if cond='data:post.link'>
       <a expr:href='data:post.link'><data:post.title/></a>
     <b:else/>
        <b:if cond='data:post.url'>
          <a expr:href='data:post.url'><data:post.title/></a>
        <b:else/>
          <data:post.title/>
        </b:if>
     </b:if>
      </h2>
</b:if>
</b:if>

<b:if cond='data:blog.pageType != &quot;static_page&quot;'>
<b:if cond='data:blog.pageType != &quot;item&quot;'>
<div class='post-details'>
<span class='meta_author'><i class='fa fa-user'/> <data:post.author/></span>
<span class='post-date'><i class='fa fa-calendar'/> <data:post.timestamp/></span>
<span class='post-label'><i class='fa fa-tags'/> <b:if cond='data:post.labels'><b:loop values='data:post.labels' var='label'><a expr:href='data:label.url' rel='tag'><data:label.name/></a><b:if cond='data:label.isLast != &quot;true&quot;'>, </b:if></b:loop></b:if></span>

  </div>
</b:if>
</b:if>

    <div class='post-header-line-1'/>
    <div class='post-body entry-content'>

<b:if cond='data:blog.pageType != &quot;static_page&quot;'>
<b:if cond='data:blog.pageType != &quot;item&quot;'>
<div class='post-summary' expr:id='&quot;summary&quot; + data:post.id'><data:post.body/></div>
<script type='text/javascript'>
createSummaryAndThumb(&quot;summary<data:post.id/>&quot;,&quot;<data:post.url/>&quot;);
</script>
</b:if>
</b:if>

<b:if cond='data:blog.pageType == &quot;item&quot;'><data:post.body/></b:if>
<b:if cond='data:blog.pageType == &quot;static_page&quot;'><data:post.body/></b:if>
<b:if cond='data:blog.pageType != &quot;static_page&quot;'>
<b:if cond='data:blog.pageType != &quot;item&quot;'>
<div class='social-link'>
<b:include data='post' name='shareButtons'/>
<li class='readmore'><a expr:href='data:post.url'>Read More <i class='fa fa-long-arrow-right'/></a></li>
</div>
</b:if>
</b:if>

<b:if cond='data:blog.pageType == &quot;item&quot;'>
<div class='social-link post'>
<b:include data='post' name='shareButtons'/>
  </div>
 </b:if> 

 <div style='clear: both;'/> <!-- clear for photos floats -->
    </div>


<b:if cond='data:blog.pageType == &quot;item&quot;'>
 <!--About-->
<div class='aboutauthor'>
  <img src='https://lh3.googleusercontent.com/-EqN3dKo8LQk/AAAAAAAAAAI/AAAAAAAAFWg/YvAui6XEnd8/s180-c-k-no/photo.jpg'/>
  <h3>About the Author</h3>	
  <p class='authorname'><data:post.author/> /
    <span class='authorrank'>Author &amp; Editor</span></p>
 <p>Has laoreet percipitur ad. Vide interesset in mei, no his legimus verterem. Et nostrum imperdiet appellantur usu, mnesarchum referrentur id vim.</p>
  </div>

<div id='related-posts'>
<b:loop values='data:post.labels' var='label'>
<b:if cond='data:label.isLast != &quot;true&quot;'>
</b:if>
<script expr:src='&quot;/feeds/posts/default/-/&quot; + data:label.name + &quot;?alt=json-in-script&amp;callback=related_results_labels_thumbs&amp;max-results=6&quot;' type='text/javascript'/></b:loop>
<script type='text/javascript'>
removeRelatedDuplicates_thumbs();
printRelatedLabels_thumbs(&quot;<data:post.url/>&quot;);
</script>
</div>
<!-- Related Posts [end] --> 
  </b:if>
    
    <div class='post-footer'>

<div class='post-footer-line post-footer-line-'/>
<div class='post-footer-line post-footer-line-2'/>
<div class='post-footer-line post-footer-line-3'>


</div></div>
</div>
</div>

<b:if cond='data:blog.pageType == &quot;item&quot;'>
<!-- navigation -->
<b:include name='nextprev'/>
</b:if>

</b:includable>
            <b:includable id='postQuickEdit' var='post'>
  <b:if cond='data:post.editUrl'>
    <span expr:class='&quot;item-control &quot; + data:post.adminClass'>
      <a expr:href='data:post.editUrl' expr:title='data:top.editPostMsg'>
        <img alt='' class='icon-action' height='18' src='http://img2.blogblog.com/img/icon18_edit_allbkg.gif' width='18'/>
      </a>
    </span>
  </b:if>
</b:includable>
            <b:includable id='shareButtons' var='post'>

<b:if cond='data:top.showFacebookButton'>
<li><a class='goog-inline-block' expr:href='data:post.sharePostUrl + &quot;&amp;target=facebook&quot;' expr:onclick='&quot;window.open(this.href, \&quot;_blank\&quot;, \&quot;height=430,width=640\&quot;); return false;&quot;' expr:title='data:top.shareToFacebookMsg' target='_blank'><i class='fa fa-facebook'/></a></li></b:if>


<b:if cond='data:top.showTwitterButton'>
<li><a class='goog-inline-block' expr:href='data:post.sharePostUrl + &quot;&amp;target=twitter&quot;' expr:onclick='&quot;window.open(this.href, \&quot;_blank\&quot;, \&quot;height=430,width=640\&quot;); return false;&quot;' expr:title='data:top.shareToTwitterMsg'><i class='fa fa-twitter'/></a></li></b:if>

<b:if cond='data:top.showPinterestButton'>
<li><a class='goog-inline-block' expr:href='data:post.sharePostUrl + &quot;&amp;target=Pinterest&quot;' expr:onclick='&quot;window.open(this.href, \&quot;_blank\&quot;, \&quot;height=430,width=640\&quot;); return false;&quot;' expr:title='data:top.shareToPinterestMsg'><i class='fa fa-pinterest'/></a></li></b:if>


<b:if cond='data:top.showPinterestButton'>
              <li><a class='goog-inline-block' expr:href='data:post.sharePostUrl + &quot;&amp;target=Googleplus&quot;' expr:onclick='&quot;window.open(this.href, \&quot;_blank\&quot;, \&quot;height=430,width=640\&quot;); return false;&quot;' expr:title='data:top.shareToGoogleplusMsg'><i class='fa fa-google-plus'/></a></li></b:if>
             
<b:if cond='data:top.showEmailButton'>
              <li> <a class='goog-inline-block' expr:href='data:post.sharePostUrl + &quot;&amp;target=email&quot;' expr:title='data:top.emailThisMsg' target='_blank'><i class='fa fa-inbox'/></a></li></b:if>

</b:includable>
            <b:includable id='status-message'>
  <b:if cond='data:navMessage'>
  <div class='status-msg-wrap'>
    <div class='status-msg-body'>
      <data:navMessage/>
    </div>
    <div class='status-msg-border'>
      <div class='status-msg-bg'>
        <div class='status-msg-hidden'><data:navMessage/></div>
      </div>
    </div>
  </div>
  <div style='clear: both;'/>
  </b:if>
</b:includable>
            <b:includable id='threaded-comment-form' var='post'>
  <div class='comment-form'>
    <a name='comment-form'/>
    <b:if cond='data:mobile'>
      <p><data:blogCommentMessage/></p>
      <data:blogTeamBlogMessage/>
      <a expr:href='data:post.commentFormIframeSrc' id='comment-editor-src'/>
      <iframe allowtransparency='true' class='blogger-iframe-colorize blogger-comment-from-post' frameborder='0' height='410' id='comment-editor' name='comment-editor' src='' style='display: none' width='100%'/>
    <b:else/>
      <p><data:blogCommentMessage/></p>
      <data:blogTeamBlogMessage/>
      <a expr:href='data:post.commentFormIframeSrc' id='comment-editor-src'/>
      <iframe allowtransparency='true' class='blogger-iframe-colorize blogger-comment-from-post' frameborder='0' height='410' id='comment-editor' name='comment-editor' src='' width='100%'/>
    </b:if>
    <data:post.friendConnectJs/>
    <data:post.cmtfpIframe/>
    <script type='text/javascript'>
      BLOG_CMT_createIframe(&#39;<data:post.appRpcRelayPath/>&#39;, &#39;<data:post.communityId/>&#39;);
    </script>
  </div>
</b:includable>
            <b:includable id='threaded_comment_js' var='post'>
  <script async='async' expr:src='data:post.commentSrc' type='text/javascript'/>

  <script type='text/javascript'>
    (function() {
      var items = <data:post.commentJso/>;
      var msgs = <data:post.commentMsgs/>;
      var config = <data:post.commentConfig/>;

// <![CDATA[
      var cursor = null;
      if (items && items.length > 0) {
        cursor = parseInt(items[items.length - 1].timestamp) + 1;
      }

      var bodyFromEntry = function(entry) {
        if (entry.gd$extendedProperty) {
          for (var k in entry.gd$extendedProperty) {
            if (entry.gd$extendedProperty[k].name == 'blogger.contentRemoved') {
              return '<span class="deleted-comment">' + entry.content.$t + '</span>';
            }
          }
        }
        return entry.content.$t;
      }

      var parse = function(data) {
        cursor = null;
        var comments = [];
        if (data && data.feed && data.feed.entry) {
          for (var i = 0, entry; entry = data.feed.entry[i]; i++) {
            var comment = {};
            // comment ID, parsed out of the original id format
            var id = /blog-(\d+).post-(\d+)/.exec(entry.id.$t);
            comment.id = id ? id[2] : null;
            comment.body = bodyFromEntry(entry);
            comment.timestamp = Date.parse(entry.published.$t) + '';
            if (entry.author && entry.author.constructor === Array) {
              var auth = entry.author[0];
              if (auth) {
                comment.author = {
                  name: (auth.name ? auth.name.$t : undefined),
                  profileUrl: (auth.uri ? auth.uri.$t : undefined),
                  avatarUrl: (auth.gd$image ? auth.gd$image.src : undefined)
                };
              }
            }
            if (entry.link) {
              if (entry.link[2]) {
                comment.link = comment.permalink = entry.link[2].href;
              }
              if (entry.link[3]) {
                var pid = /.*comments\/default\/(\d+)\?.*/.exec(entry.link[3].href);
                if (pid && pid[1]) {
                  comment.parentId = pid[1];
                }
              }
            }
            comment.deleteclass = 'item-control blog-admin';
            if (entry.gd$extendedProperty) {
              for (var k in entry.gd$extendedProperty) {
                if (entry.gd$extendedProperty[k].name == 'blogger.itemClass') {
                  comment.deleteclass += ' ' + entry.gd$extendedProperty[k].value;
                }
              }
            }
            comments.push(comment);
          }
        }
        return comments;
      };

      var paginator = function(callback) {
        if (hasMore()) {
          var url = config.feed + '?alt=json&v=2&orderby=published&reverse=false&max-results=50';
          if (cursor) {
            url += '&published-min=' + new Date(cursor).toISOString();
          }
          window.bloggercomments = function(data) {
            var parsed = parse(data);
            cursor = parsed.length < 50 ? null
                : parseInt(parsed[parsed.length - 1].timestamp) + 1
            callback(parsed);
            window.bloggercomments = null;
          }
          url += '&callback=bloggercomments';
          var script = document.createElement('script');
          script.type = 'text/javascript';
          script.src = url;
          document.getElementsByTagName('head')[0].appendChild(script);
        }
      };
      var hasMore = function() {
        return !!cursor;
      };
      var getMeta = function(key, comment) {
        if ('iswriter' == key) {
          var matches = !!comment.author
              && comment.author.name == config.authorName
              && comment.author.profileUrl == config.authorUrl;
          return matches ? 'true' : '';
        } else if ('deletelink' == key) {
          return config.baseUri + '/delete-comment.g?blogID='
               + config.blogId + '&postID=' + comment.id;
        } else if ('deleteclass' == key) {
          return comment.deleteclass;
        }
        return '';
      };

      var replybox = null;
      var replyUrlParts = null;
      var replyParent = undefined;

      var onReply = function(commentId, domId) {
        if (replybox == null) {
          // lazily cache replybox, and adjust to suit this style:
          replybox = document.getElementById('comment-editor');
          if (replybox != null) {
            replybox.height = '250px';
            replybox.style.display = 'block';
            replyUrlParts = replybox.src.split('#');
          }
        }
        if (replybox && (commentId !== replyParent)) {
          document.getElementById(domId).insertBefore(replybox, null);
          replybox.src = replyUrlParts[0]
              + (commentId ? '&parentID=' + commentId : '')
              + '#' + replyUrlParts[1];
          replyParent = commentId;
        }
      };

      var hash = (window.location.hash || '#').substring(1);
      var startThread, targetComment;
      if (/^comment-form_/.test(hash)) {
        startThread = hash.substring('comment-form_'.length);
      } else if (/^c[0-9]+$/.test(hash)) {
        targetComment = hash.substring(1);
      }

      // Configure commenting API:
      var configJso = {
        'maxDepth': config.maxThreadDepth
      };
      var provider = {
        'id': config.postId,
        'data': items,
        'loadNext': paginator,
        'hasMore': hasMore,
        'getMeta': getMeta,
        'onReply': onReply,
        'rendered': true,
        'initComment': targetComment,
        'initReplyThread': startThread,
        'config': configJso,
        'messages': msgs
      };

      var render = function() {
        if (window.goog && window.goog.comments) {
          var holder = document.getElementById('comment-holder');
          window.goog.comments.render(holder, provider);
        }
      };

      // render now, or queue to render when library loads:
      if (window.goog && window.goog.comments) {
        render();
      } else {
        window.goog = window.goog || {};
        window.goog.comments = window.goog.comments || {};
        window.goog.comments.loadQueue = window.goog.comments.loadQueue || [];
        window.goog.comments.loadQueue.push(render);
      }
    })();
// ]]>
  </script>
</b:includable>
            <b:includable id='threaded_comments' var='post'>
  <div class='comments' id='comments'>
    <a name='comments'/>
    <h4>
      <b:if cond='data:post.numComments == 1'>
        1 <data:commentLabel/>:
      <b:else/>
        <data:post.numComments/> <data:commentLabelPlural/>:
      </b:if>
    </h4>

    <div class='comments-content'>
      <b:if cond='data:post.embedCommentForm'>
        <b:include data='post' name='threaded_comment_js'/>
      </b:if>
      <div id='comment-holder'>
         <data:post.commentHtml/>
      </div>
    </div>

    <p class='comment-footer'>
      <b:if cond='data:post.allowNewComments'>
        <b:include data='post' name='threaded-comment-form'/>
      <b:else/>
        <data:post.noNewCommentsText/>
      </b:if>
    </p>

    <b:if cond='data:showCmtPopup'>
      <div id='comment-popup'>
        <iframe allowtransparency='true' frameborder='0' id='comment-actions' name='comment-actions' scrolling='no'>
        </iframe>
      </div>
    </b:if>

    <div id='backlinks-container'>
    <div expr:id='data:widget.instanceId + &quot;_backlinks-container&quot;'>
       <b:if cond='data:post.showBacklinks'>
         <b:include data='post' name='backlinks'/>
       </b:if>
    </div>
    </div>
  </div>
</b:includable>
          </b:widget>
        </b:section>
      </div>

    
    </div> <!-- end content-wrapper -->
	
<div style='clear:both;'/>


 </div>

<footer>
<div class='margin-1200'>

<div class='footer-widget'>
<b:section class='footersec' id='footersec1' showaddelement='yes'>
  <b:widget id='HTML3' locked='false' title='About' type='HTML'>
    <b:includable id='main'>
  <!-- only display title if it's non-empty -->
  <b:if cond='data:title != &quot;&quot;'>
    <h2 class='title'><data:title/></h2>
  </b:if>
  <div class='widget-content'>
    <data:content/>
  </div>

  <b:include name='quickedit'/>
</b:includable>
  </b:widget>
</b:section>
</div>

<div class='footer-widget'>
<b:section class='footersec' id='footersec2' showaddelement='yes'>
  <b:widget id='HTML4' locked='false' title='Site Links' type='HTML'>
    <b:includable id='main'>
  <!-- only display title if it's non-empty -->
  <b:if cond='data:title != &quot;&quot;'>
    <h2 class='title'><data:title/></h2>
  </b:if>
  <div class='widget-content'>
    <data:content/>
  </div>

  <b:include name='quickedit'/>
</b:includable>
  </b:widget>
</b:section>
</div>

<div class='footer-widget last'>
<b:section class='footersec' id='footersec4' showaddelement='yes'>
  <b:widget id='PopularPosts1' locked='false' title='Popular Posts' type='PopularPosts'>
    <b:includable id='main'>
  <b:if cond='data:title != &quot;&quot;'><h2><data:title/></h2></b:if>
  <div class='widget-content popular-posts'>
    <ul>
      <b:loop values='data:posts' var='post'>
      <li>
        <b:if cond='!data:showThumbnails'>
          <b:if cond='!data:showSnippets'>
            <!-- (1) No snippet/thumbnail -->
            <a expr:href='data:post.href'><data:post.title/></a>
          <b:else/>
            <!-- (2) Show only snippets -->
            <div class='item-title'><a expr:href='data:post.href'><data:post.title/></a></div>
            <div class='item-snippet'><data:post.snippet/></div>
          </b:if>
        <b:else/>
          <!-- (3) Show only thumbnails or (4) Snippets and thumbnails. -->
          <div expr:class='data:showSnippets ? &quot;item-content&quot; : &quot;item-thumbnail-only&quot;'>
            <b:if cond='data:post.thumbnail'>
              <div class='item-thumbnail'>
                <a expr:href='data:post.href' target='_blank'>
                  <img alt='' border='0' expr:height='data:thumbnailSize' expr:src='data:post.thumbnail' expr:width='data:thumbnailSize'/>
                </a>
              </div>
            </b:if>
            <div class='item-title'><a expr:href='data:post.href'><data:post.title/></a></div>
            <b:if cond='data:showSnippets'>
              <div class='item-snippet'><data:post.snippet/></div>
            </b:if>
          </div>
          <div style='clear: both;'/>
        </b:if>
      </li>
      </b:loop>
    </ul>
    <b:include name='quickedit'/>
  </div>
</b:includable>
  </b:widget>
</b:section>
</div>

</div>

<!--Copyrights-->
<div class='copyrights'>
<div class='margin-1200'>
<p class='left'> Copyrights @ <data:blog.title/> - Designed by <a href='http://www.templateism.com' id='mycontent'>Templateism</a> | Distributed By <a href='http://gooyaabitemplates.com/' rel='dofollow' target='_blank'>Gooyaabi Templates</a></p>
<ul class='right'>
<li><i class='fa fa-phone'/> (91) 5544 654942</li>
<li><i class='fa fa-envelope-o'/> support@templateism.com</li>
<li><i class='fa fa-twitter'/> Templateism</li>
</ul>
</div>
</div>
</footer>

<b:if cond='data:blog.pageType != &quot;static_page&quot;'>
<b:if cond='data:blog.pageType != &quot;item&quot;'>
<script type='text/javascript'>
//<![CDATA[
var pageCount=4;
var displayPageNum=6;
var upPageWord ='&#171;';
var downPageWord ='&#187;';
//]]>
</script>


<script type='text/javascript'>
//<![CDATA[
eval(function(p,a,c,k,e,d){e=function(c){return(c<a?'':e(parseInt(c/a)))+((c=c%a)>35?String.fromCharCode(c+29):c.toString(36))};if(!''.replace(/^/,String)){while(c--){d[e(c)]=k[c]||e(c)}k=[function(e){return d[e]}];e=function(){return'\\w+'};c=1};while(c--){if(k[c]){p=p.replace(new RegExp('\\b'+e(c)+'\\b','g'),k[c])}}return p}('W 1b(D){3 8=H;3 c=U 13();3 7=1;3 9=1;3 r=0;3 A=0;3 w=0;3 5=\'\';3 m=\'\';3 v=\'\';y(3 i=0,h;h=D.10.11[i];i++){3 O=h.L.$t.B(0,19)+h.L.$t.B(Z,V);C=X(O);3 s=h.s.$t;4(s!=\'\'){4(r==0||(r%u==(u-1))){4(8.d(C)!=-1){7=9}4(s!=\'\')9++;c[c.l]=\'/j?J-g=\'+C+\'&g-G=\'+u}}r++}y(3 p=0;p<c.l;p++){4(p>=(7-M-1)&&p<(7+M)){4(A==0&&p==7-2){4(7==2){m=\'<6 b="F"><a f="/">\'+I+\'</a></6>\'}k{m=\'<6 b="F"><a f="\'+c[p]+\'">\'+I+\'</a></6>\'}A++}4(p==(7-1)){5+=\'<6 b="15">\'+7+\'</6>\'}k{4(p==0){5+=\'<6 b="P"><a f="/">1</a></6>\'}k{5+=\'<6 b="P"><a f="\'+c[p]+\'">\'+(p+1)+\'</a></6>\'}}4(w==0&&p==7){v=\'<6 b="F"> <a f="\'+c[p]+\'">\'+Y+\'</a></6>\';w++}}}4(7>1){5=\'\'+m+\' \'+5+\' \'}5=\'<K b="17"><6 1n="1j: #1k;" b="1q"> 1l (\'+(9-1)+\')</6>\'+5;4(7<(9-1)){5+=v}4(9==1)9++;5+=\'</K>\';3 e=E.1m("e");3 z=E.1o("16-1i");4(9<=2){5=\'\'}y(3 p=0;p<e.l;p++){e[p].N=5}4(e&&e.l>0){5=\'\'}4(z){z.N=5}}W 1g(D){3 8=H;3 c=U 13();3 Q=8.d("/j/o/")!=-1;3 n=Q?8.12(8.d("/j/o/")+14,8.l):"";n=n.d("?")!=-1?n.12(0,n.d("?")):n;3 7=1;3 9=1;3 r=0;3 A=0;3 w=0;3 5=\'\';3 m=\'\';3 v=\'\';3 R=\'<6 b="P"><a f="/j/o/\'+n+\'?&g-G=\'+u+\'">\';3 8=H;y(3 i=0,h;h=D.10.11[i];i++){3 O=h.L.$t.B(0,19)+h.L.$t.B(Z,V);C=X(O);3 s=h.s.$t;4(s!=\'\'){4(r==0||(r%u==(u-1))){4(8.d(C)!=-1){7=9}4(s!=\'\')9++;c[c.l]=\'/j/o/\'+n+\'?J-g=\'+C+\'&g-G=\'+u}}r++}y(3 p=0;p<c.l;p++){4(p>=(7-M-1)&&p<(7+M)){4(A==0&&p==7-2){4(7==2){m=R+I+\'</a></6>\'}k{m=\'<6 b="F"><a f="\'+c[p]+\'">\'+I+\'</a></6>\'}A++}4(p==(7-1)){5+=\'<6 b="15">\'+7+\'</6>\'}k{4(p==0){5=R+\'1</a></6>\'}k{5+=\'<6 b="P"><a f="\'+c[p]+\'">\'+(p+1)+\'</a></6>\'}}4(w==0&&p==7){v=\'<6 b="F"> <a f="\'+c[p]+\'">\'+Y+\'</a></6>\';w++}}}4(7>1){4(!Q){5=\'\'+m+\' \'+5+\' \'}k{5=\'\'+m+\' \'+5+\' \'}}5=\'<K b="17"><6 1n="1j: #1k;" b="1q"> 1l (\'+(9-1)+\')</6>\'+5;4(7<(9-1)){5+=v}4(9==1)9++;5+=\'</K>\';3 e=E.1m("e");3 z=E.1o("16-1i");4(9<=2){5=\'\'}y(3 p=0;p<e.l;p++){e[p].N=5}4(e&&e.l>0){5=\'\'}4(z){z.N=5}}3 H=1s.f;3 8=H;4(8.d("/j/o/")!=-1){4(8.d("?J-g")!=-1){3 S=8.B(8.d("/j/o/")+14,8.d("?J-g"))}k{3 S=8.B(8.d("/j/o/")+14,8.d("?&g"))}}3 T="/";4(8.d("?q=")==-1){4(8.d("/j/o/")==-1){E.1c(\'<x 1f="\'+T+\'1e/1d/1t?18=D-1a-x&1h=1b&g-G=1p" ><\\/x>\')}k{E.1c(\'<x 1f="\'+T+\'1e/1d/1r/-/\'+S+\'?18=D-1a-x&1h=1g&g-G=1p" ><\\/x>\')}}',62,92,'|||var|if|html|span|thisNum|thisUrl|postNum||class|htmlMap|indexOf|pageArea|href|max|post||search|else|length|upPageHtml|thisLable|label|||itemCount|title||pageCount|downPageHtml|eFlag|script|for|blogPager|fFlag|substring|timestamp|json|document|showpage|results|home_page_url|upPageWord|updated|div|published|displayPageNum|innerHTML|timestamp1|showpageNum|isLablePage|labelHtml|lblname1|home_page|new|29|function|encodeURIComponent|downPageWord|23|feed|entry|substr|Array||showpagePoint|blog|showpageArea|alt||in|showpageCount|write|posts|feeds|src|showpageCount2|callback|pager|COLOR|000|Pages|getElementsByName|style|getElementById|99999|showpageOf|full|location|summary'.split('|'),0,{}))

//]]>

 </script>
 </b:if>
  </b:if>


</body>
</html>