<?xml version="1.0" encoding="UTF-8" ?>
<!DOCTYPE html PUBLIC "-//W3C//DTD XHTML 1.0 Strict//EN" "http://www.w3.org/TR/xhtml1/DTD/xhtml1-strict.dtd">
<html expr:dir='data:blog.languageDirection' xmlns='http://www.w3.org/1999/xhtml' xmlns:b='http://www.google.com/2005/gml/b' xmlns:data='http://www.google.com/2005/gml/data' xmlns:expr='http://www.google.com/2005/gml/expr'>

  <head>

    <b:include data='blog' name='all-head-content'/>
    <b:if cond='data:blog.pageType == &quot;index&quot;'>
<title><data:blog.title/></title>
<b:else/><title><data:blog.pageName/> ~ <data:blog.title/></title></b:if>
    <b:skin><![CDATA[/*


-----------------------------------------------
Blogger Template Style

Name          : Light Blue V3 Blogger Template
Designed by   : Bloggets
URL           : http://bloggets.blogspot.com/
Date          : June 2010

Please do not change or remove the footer!!!
----------------------------------------------- */


#navbar-iframe {
     display:none;
}

ul,ol,li,h1,h2,h3,h4,h5,h6,pre,form,body,html,p,blockquote,fieldset,input {
     margin:0;
     padding:0;
}

ul {
     list-style:none;
}

a {
     color:#2586a3;
     text-decoration:none;
}

a:hover {
     text-decoration:underline;
}

a img {
     border:0;
}

.clear {
	clear:both;
}

body {
     margin:0;
     padding:0;
     font-family:Verdana, Geneva, sans-serif;
     font-size:12px;
     background:#e3f7fe url(http://2.bp.blogspot.com/_xn8h_BeLKac/S_1OFi18B0I/AAAAAAAACkU/ZnaryASQwT8/s320/body_BG.jpg) repeat-x;
     color:#000000;
}

#page {
     width:960px;
     margin:0 auto;
}



/*--- HEADER ---*/

#header {
     width:100%;
     height:80px;
}

#header #logo {
     color:#ffffff;
     font-size:26px;
     font-weight:bold;
     font-family:'Lithos Pro',tahoma,Verdana,Arial,Sans-Serif;
     padding:20px 0 0 14px;
     float:left;
     letter-spacing:-0;
}

#header #logo a {
     color:#2586A8;
}

#header #logo span {
     color: #2586A8;
     font-size:12px;
     letter-spacing:1px;
     display:block;
     text-transform:lowercase;
     margin: 0 0 0 2px;
}

#header #logo a:hover {
     text-decoration:none;
}

#header_banner {
     float:right;
     padding:46px 5px 0 0;
}



/* --- MENU --- */

#mainmenu {
     width:960px;
     height:40px;
     background: url(http://2.bp.blogspot.com/_xn8h_BeLKac/TBRVefteN7I/AAAAAAAACnI/CMU1_lsAhT8/s1600/mainmenu_bg.png) no-repeat top;
}

#mainmenu ul {
     margin: 0 0 0 0;
     padding: 0px 0 0 20px;
     list-style-type: none;
     z-index:1000;
}


/* --- Top level list items --- */

#mainmenu ul li {
     position: relative;
     display: inline;
     float: left;
     z-index:1000;
     color:#000;
     padding:0 0 0 1px;
     font-size:11px;
     text-transform:uppercase;
}
 

/* --- Top level menu link items style --- */

#mainmenu ul li a {
     display:block;
     color:#000;
     z-index:1000;
     padding:17px 10px 0 10px;
     margin: -8px 0 0 -9px;
     height:32px;
}

#mainmenu ul li a:link, #mainmenucat ul li a:visited {
}

#mainmenu ul li a:hover {
     text-decoration:none;
     background:#000000;
     color:#ffffff;
}

#mainmenu ul li.selected a {
     text-decoration:none;
     background:#000000;
     color:#ffffff;
}



/* --- NAVIGATION MENU --- */

#navmenu {
     text-transform:lowercase;
     font-size:13px;
     font-weight:bold;
     height:0px;
}

#navmenu ul {
     list-style:none;
}

#navmenu li{
     display:block;
     float:left;
     height:36px;
     line-height:40px;
     padding:0 15px;
}

#navmenu a { 
     color:#ffffff;
}

#navmenu li a:hover {
     color:#D9F9FC;
     text-decoration:none;
     padding:0;
}



/* --- TOPPANEL--- */

#toppanel {
     height:50px;
     overflow:hidden;	
}

#header_social {
     margin: 0 10px;
     float:right;
     height:40px;
}

#header_social ul {
     float:left;
     padding:0px 0 0 px;
}

#header_social li {
     float:left;
     padding:4px 5px 0 0;
}

#header_social img {
     float:left;
}

#header_social p {
     float:left;
     text-transform:uppercase;
     font-family:Georgia, "Times New Roman", Times, serif;
     color:#85807f;
     font-size:11px;
     padding:0px 0 0 0px;
}



/* --- BODY --- */

#body {
     width:100%;
     background:#ffffff;
     -moz-border-radius-bottomleft:10px;
     -moz-border-radius-bottomright:10px;
     -webkit-border-bottom-left-radius:10px;
     -webkit-border-bottom-right-radius:10px;
}

#body_top {
     width:100%;
     background:url() no-repeat right top;
}

#body_end {
     width:100%;
     overflow:hidden;
     padding:11px 0 66px 0;
}

#content {
     float:left;
     width:512px;
     padding:10px 0 0 11px;
}



/* --- POST --- */

.post {
     width:100%;
     margin:0 0 40px 0;
}

.post .post_top {
     width:100%;
     overflow:hidden;
     border-bottom:1px dotted #2586A8;
     padding:0 0 4px 0;
     margin:0 0 10px 0;
}

.post .post_top {
     margin:0 0 10px 0;
}

.post_top h2 {
     font-size:15px;
     color:#000000;
     font-weight:bold;
     font-family:'Lithos Pro',tahoma,Verdana,Arial,Sans-Serif;
     background:#e3f7fe;
     height:auto;
}

.post_top h2 a {
     color:#2586a3;
     margin: 0px;
}


.post_comm {
     float:right;
     color:#ffffff;
     font-size:11px;
     font-weight:bold;
     background: url(http://2.bp.blogspot.com/_xn8h_BeLKac/TBIj5h-XFeI/AAAAAAAACl8/aXl1R6ZIgrY/s1600/Comment_Icon.png) no-repeat scroll 0 0;
     height:32px;
     width:41px;
     margin:-5px;
     text-align:center;
}

.post_comm_num {
     margin:5px;
}

.post_comm a {
     
     color:#e3f7fe;
}

.post_comm a:hover {
     text-decoration:none;
}

.post .post_top p {
     font-size:10px;
     line-height:1.2em;
     padding:3px 0 0 10px;
     color:#2586a3;
     font-family:Verdana, Geneva, sans-serif;
}

.post .post_top p a {
     font-size:10px;
     color:#a1a1a1;
}

.entry {
     line-height:20px;
     font-size:13px;
     width:100%;
     overflow:hidden;
}

.entry img {
     border:2px solid #e3f7fe;
     padding:0;
}

.entry .banner {
     text-align:center;
     padding:0 0 10px 0;
}

.entry .banner img {
     border:0;
}

.banner_left {
     float:left;
     padding:0 20px 10px 0;
}

.entry .banner_left img {
     border:0;
}

.entry p {
     padding-bottom:15px;
}

.entry p a {
     font-weight:bold;
     text-decoration:underline;
     color:#2586a3;
}

.entry p a:hover {
     text-decoration:none;
}

.postmetadata {
     padding:0px;
}

.postmetadata a {
     text-decoration:underline;
     color:#ba0f15;
     font-size:12px;
}

.postmetadata a:hover {
     text-decoration:none;
}

.post-page {
     width:100%;
}

h2.page_title {
     font-size:26px;
     margin:0 0 10px 0;
     color:#000000;
     font-weight:normal;
     padding:0 0 10px 5px;
     border-bottom:2px solid #e0d8ce;
     font-family:'Lithos Pro',tahoma,Verdana,Arial,Sans-Serif;
}

.post-page .entry h1, .post-page .entry h2, .post-page .entry h3, .post-page .entry h4, .post-page .entry h5, .post-page .entry h6 {
     color:#000000;
     font-family:'Lithos Pro',tahoma,Verdana,Arial,Sans-Serif;
     display:block;
     font-weight:normal;
}

.post-page .entry h1 {
     font-size:26px;
     padding:0 0 14px 0;
}

.post-page .entry h2 {
     font-size:24px;
     padding:0 0 14px 0;
}

.post-page .entry h3 {
     font-size:22px;
     padding:0 0 12px 0;
}

.post-page .entry h4 {
     font-size:20px;
     padding:0 0 10px 0;
}

.post-page .entry h5 {
     font-size:18px;
     padding:0 0 8px 0;
}

.post-page .entry h6 {
     font-size:16px;
     padding:0 0 6px 0;
} 



/* --- SIDEBARS --- */

#sidebar_left {
     width:140px;
     float:left;
     padding:5px 0 0 5px;
     border: 1px solid #e3f7fe;
     margin: 4px;
}

#sidebar_right {
     width:250px;
     float:right;
     padding:5px 10px 0 0;
     border: 1px solid #e3f7fe;
     margin: 4px;
}



/* --- RIGHT SIDEBAR --- */

.sidebar_right_widgets {
     width:100%;
     font-size:12px;
     line-height:1.5em;
     color:#2e2b28;
     font-family:'Lithos Pro',tahoma,Verdana,Arial,Sans-Serif;
     width:250px;
     margin:0 0 0 5px;
}

.sidebar_right_widgets a {
     color:#2e2b28;
}

.sidebar_right_widgets h2 {
     font-size:14px;
     color:#2586a3;
     margin:0 0 5px 0;
     text-transform:lowercase;
     font-family:'Lithos Pro',tahoma,Verdana,Arial,Sans-Serif;
     font-weight:bold;
     background:#e3f7fe;
     border:1px solid #e3f7fe;
     padding:8px 0 8px 12px;
}

.sidebar_right_widgets ul {
} 

.sidebar_right_widgets .widget-content {
     margin:0 0 20px 0;
}

.sidebar_right_widgets ul ul {
}

.sidebar_right_widgets ul li {
     padding:7px 0 7px 10px;
     border-bottom:1px solid #d2cbc0;
     margin:0 5px 0 5px;
     width:auto;
}



/* --- LEFT SIDEBAR --- */

.sidebar_left_widgets {
     width:100%;
     font-size:12px;
     line-height:1.5em;
     color:#2e2b28;
     font-family:'Lithos Pro',tahoma,Verdana,Arial,Sans-Serif;
     width:140px;
}

.sidebar_left_widgets a {
     color:#2e2b28;
}

.sidebar_left_widgets h2 {
     font-size:14px;
     color:#2586a3;
     margin:0 0 5px 0;
     text-transform:lowercase;
     font-family:'Lithos Pro',tahoma,Verdana,Arial,Sans-Serif;
     font-weight:bold;
     padding:8px 0 8px 12px;
     background:#e3f7fe;
     border:1px solid #e3f7fe;
     width: 121px;
}

.sidebar_left_widgets ul {
}

.sidebar_left_widgets .widget-content {
     margin:0 0 15px 0;
}

.sidebar_left_widgets ul ul {
}

.sidebar_left_widgets ul li {
     padding:3px 0 3px 5px;
     margin:0;
     width:auto;
}



/* --- FOOTER_WIDGETS --- */

#footer_widgets {
     width:940px;
     padding:30px 0 30px 0;
     margin:0 auto;
     background:#000000;
     overflow:hidden;
     border-top: 0px solid #2586A8;
     -moz-border-radius:10px 10px 10px 10px;
     -webkit-border-radius:10px 10px 10px 10px;
}

.footer_widgets {
     font-size:10px;
     line-height:1.3em;
     font-family: Verdana, Helvetica, sans-serif;
     color:#999999;
     float:left;
     width:280px;
     padding:0 0 0 25px;
     overflow:hidden;
}

.footer_widgets a {
     color:#b9b9b9;
     font-size:12px;
}

.footer_widgets h2 {
     font-size:16px;
     color:#ffffff;
     margin:0 0 15px 0;
     font-weight:bold;
     text-transform:lowercase;
     font-family:'Lithos Pro',tahoma,Verdana,Arial,Sans-Serif;
}

.footer_widgets .widget_categories a, .footer_widgets .widget_archive a, .footer_widgets .widget_links a, .footer_widgets .widget_meta a, .footer_widgets .widget_pages a, .footer_widgets .widget_meta a, .footer_widgets .widget_recent_entries a {
     display:block;
}

.footer_widgets .widget_categories {
     font-weight:bold;
}

.footer_widgets .widget_categories a {
     font-weight:normal;
     display:inline;
}

.footer_widgets ul {
}

.footer_widgets .widget-content {
     margin:0 0 7px 0;
}

.footer_widgets ul ul {
}

.footer_widgets ul li {
     background:none;
     border-bottom:1px solid #444444;
     padding:4px 0 6px 0;
     margin:0;
}



/* --- FOOTER --- */

#footer {
     width:960px;
     height:60px;
     margin:0 auto;
}

#footer_inner {
     width:100%;
     overflow:hidden;
     padding:20px 0 0 0;
}

#footer_logo {
     float:left;
     padding:0 25px 0 50px;
     border-right:1px solid #8c8a89;
}

#footer_logo a {
     font-size:40px;
     color:#ffffff;
     font-family:'Lithos Pro',tahoma,Verdana,Arial,Sans-Serif;
}

#footer_info {
     float:left;
     padding:0 0 0 25px;
}

#footer_info p {
     color:#b7b7b7;
     font-size:13px;
     line-height:1.6em;
}

#footer_info p a {
     color:#b7b7b7;
     text-decoration:underline;
}

#footer_info p a:hover {
     text-decoration:none;
}

#footer_info p.copyrights a {
     color:#fdc689;
}



/* --- BEGIN IMAGES --- */

p img {
     padding: 0;
     max-width: 100%;
}

/*	Using 'class="alignright"' on an image will (who would've
	thought?!) align the image to the right. And using 'class="centered',
	will of course center the image. This is much better than using
	align="center", being much more futureproof (and valid) */

img.centered {
     display: block;
     margin-left: auto;
     margin-right: auto;
}

img.alignright {
     padding: 4px;
     margin: 0 0 2px 7px;
     display: inline;
}

img.alignleft {
     padding: 4px;
     margin: 0 7px 2px 0;
     display: inline;
}

.alignright {
     float: right;
}

.alignleft {
     float: left
}



/* --- END IMAGES --- */


/* --- Begin Various Tags & Classes --- */

acronym, abbr, span.caps {
     cursor: help;
}

acronym, abbr {
     border-bottom: 1px dashed #999999;
}

blockquote {
     margin: 15px 30px 10px 10px;
     padding:10px 10px 10px 30px;
     background: #E3F7FE url(http://4.bp.blogspot.com/_xn8h_BeLKac/TBOkb2eD4LI/AAAAAAAACmU/39GVXst9onE/s1600/blockquote_bg.jpg) repeat-y;
     overflow:auto;
}

blockquote blockquote {
     background:#ffffff;
     overflow:auto;
}

blockquote cite {
     margin: 5px 0 0;
     display: block;
}

.center {
     text-align: center;
}

hr {
     display: none;
}

a img {
     border: none;
}

.navigation {
     display: block;
     margin:10px 0 0 0;
     overflow:hidden;
     clear:both;
     color:#000000;
     font-size:12px;
     line-height:1.8em;
     font-family:Arial, Helvetica, sans-serif;
}

.navigation a {
     color:#000000;
     font-size:13px;
}

.wp-pagenavi {
     background:#e2d4c3;
     border:0;
     padding:10px 15px 10px 15px;
     text-align:center;
}

.wp-pagenavi a {
     padding: 6px; 
     margin: 2px;
     color:#000000;
}

.wp-pagenavi span.pages {
     padding: 6px; 
     margin: 2px;
     background:#352e2c;
     color:#ffffff;
}

.wp-pagenavi span.current {
     padding: 6px; 
     margin: 2px;
     background:#9d080d;
     color:#ffffff;
}

.wp-pagenavi span.extend {
     padding: 6px; 
     margin: 2px;
     background:#352e2c;
     color:#ffffff;
}

/* --- End Various Tags & Classes --- */

/* --- Begin Lists
Special stylized non-IE bullets
Do not work in Internet Explorer, which merely default to normal bullets. --- */

.entry ul {
     margin: 0 0 15px 0;
     list-style: none;
     clear:both;
} 

.entry ul li {
     border-bottom:1px dotted #2586a3;
     background:url(http://1.bp.blogspot.com/_xn8h_BeLKac/TBWyuHS5ZDI/AAAAAAAACnY/iASyeURaUj8/s1600/entry_icon.gif) no-repeat left 11px;
     padding:7px 0 7px 19px;
}

.entry ol {
     margin: 0 0 15px 0;
     padding:0 0 0 20px;
     clear:both;
}

.entry ol li {
     margin: 0;
     padding:7px 0 7px 0;
     border-bottom:1px dotted #2586a3;
}

.postmetadata ul, .postmetadata li {
     display: inline;
     list-style-type: none;
     list-style-image: none;
}
	
ol li {
     list-style: decimal outside;
}


/* --- End Entry Lists --- */



/* --- Begin Form Elements --- */
#searchform {
     margin: 10px auto;
     padding: 5px 3px; 
     text-align: center;
}

#sidebar #searchform #s {
     width: 108px;
     padding: 2px;
}

#sidebar #searchsubmit {
     padding: 1px;
}

.entry form { /* This is mainly for password protected posts, makes them look better. */
     text-align:justify;
}

select {
     width: 130px;
}

#commentform {
     width:400px;
}

#commentform input {
     width: 170px;
     padding: 2px;
     margin: 5px 5px 1px 0;
}

#commentform textarea {
     width: 350px;
     padding: 2px;
}

#commentform #submit {
     margin: 5px 0 0 0;
     padding:0;
     width:85px;
     height:35px;
}

/* --- End Form Elements --- */



/* --- Begin Comments --- */

#comments {
     margin:0 0 10px 0;
}

#comments h2 {
     color:#000000;
     font-size:16px;
     font-weight:normal;
     border-bottom:1px solid #2586A3;
     padding:0 0 8px 5px;
}

.alt {
     margin: 0;
     padding: 10px;
}

.commentlist .avatar-image-container img {
     background:url(http://2.bp.blogspot.com/_YXi3vp96gww/S-sgyou2zBI/AAAAAAAABok/wT5fn1nHfvU/s1600/profile-image_32x32.png);
     width:32px;
     height:32px;
}

.commentlist {
     padding: 0;
     text-align: justify;
     margin:0;
}

.commentlist .comment {
     margin: 0;
     padding: 10px 10px;
     list-style: none;
     background:#e3f7fe;
}

.commentlist .alt {
     background:#ede2d4;
}

.commentlist .comment .comment {
     margin: 15px 15px 15px 15px;
     padding: 10px 15px 20px 15px;
     width:auto;
}

.commentlist p {
     margin: 10px 5px 10px 0;
     line-height:18px;
}

.commentmet_data{
     width:100%;
     overflow:hidden;
}

.commentmet_data td{
     vertical-align:top;
     text-align:left;
}

.commentmet_avatar {
     width:32px;
     padding:15px 0 0 0;
}

.commentmet_text {
}

.commentmet_avatar img {
     border:2px solid #868686;
}

#commentform p {
     margin: 5px 0;
}

.commentmet_replay {
     width:100%;
     overflow:hidden;
}

.commentmet_replay a {
     float:right;
     display:block;
     text-indent:-9999px;
     text-transform:capitalize;
     background:url(http://4.bp.blogspot.com/_QyYvzUJKPvk/S-H9fURX4sI/AAAAAAAAA_0/qyGAfIKALNo/s1600/button_replay.gif) no-repeat;
     width:82px;
     height:27px;
}

.nocomments {
     text-align: center;
     margin: 0;
     padding: 0;
}

.commentmetadata {
     margin: 0;
     display: block;
     padding:0 0 5px 0;
     color:#333333;
     font-size:11px;
     text-transform:capitalize;
}

.commentmetadata a {
     color:#2586a3;
     font-size:12px;
}

.commentmetadata span {
     color:#2586a3;
     font-size:20px;
}

.commentmet_text {
     font-size:12px;
     line-height:1.4em;
     color:#000000;
     font-family:Verdana, Geneva, sans-serif;
}

#respond {
     margin:40px 0 0 0;
}

h3#respond_title {
     color:#000000;
     font-size:21px;
     font-family:'Lithos Pro',tahoma,Verdana,Arial,Sans-Serif;
     font-weight:normal;
     border-bottom:2px solid #e0d8ce;
     padding:0 0 8px 5px;
     margin:0 0 20px 0;
}

#commentform {
     color:#000000;
     font-size:12px;
     width:90%;
}

#commentform small {
     position:relative;
     top:-1px;
     font-size:12px;
}

#cancel-comment-reply-link {
     font-size:12px;
     color:#000000;
     margin:0 0 0 25px;
     font-family:Verdana, Geneva, sans-serif;
}

#commentform a, #commentform small {
     color:#000000;
}

#commentform input {
     background:#faf3eb;
     border:2px solid #d7cfbe;
     font-family:Verdana, Arial, Helvetica, sans-serif;
     font-size:12px;
     padding:4px;
     color:#000000;
}

#commentform textarea {
     background:#faf3eb;
     border:2px solid #d7cfbe;
     font-family:Verdana, Arial, Helvetica, sans-serif;
     font-size:12px;
     padding:4px;
     margin:5px 0 0 0;
     color:#000000;
     overflow:auto;
}

#commentform input#submit {
     background:none;
     border:0px;
}

/* --- End Comments --- */

/* --- Blogger Template Optimization --- */

.reaction-buttons {
     font-size: 11px;
}

.reactions-label-cell {
     line-height: 1.9em;
}

p.comment-footer {
     padding: 25px 0 25px 0px;
     font-size 13px;
}

h4#comment-post-message {
     width: 605px;
     font-size:15px;
     color:#000000;
     font-weight:bold;
}

.comment-form {
     margin:25px 0px 0px 0px; 
     max-width:525px !important;
     width:525px !important;
}

h4.backlinks {
     font-size:27px;
     font-family:'Lithos Pro',tahoma,Verdana,Arial,Sans-Serif;
     color:#000000;
     font-weight:normal;
     margin:0px 0 15px 0px;
}

a.comment-link {
     font-size:13px;
     margin: 0px 0 0px 0px;
}

a.home-link {
}

#blog-pager {
     padding: 0 0 25px 0px;
}

.feed-links {
     font-size: 13px;
     padding: 0 0 0 0px;
}

.feed-links a:hover {
}

.feed-link {
}

.feed-link a:hover {
}

#backlinks-container {
}



/* --- ROUNDED CORNERS --- */

/* --- TITLE RC --- */
.title_bl {background: url(http://1.bp.blogspot.com/_xn8h_BeLKac/TBILjdzX0HI/AAAAAAAACls/vOgmpTxk58Q/s1600/title_BL.jpg) 0 100% no-repeat #E3F7FE; width: auto}
.title_br {background: url(http://4.bp.blogspot.com/_xn8h_BeLKac/TBILmHgvSCI/AAAAAAAACl0/ctOxdkmPrOU/s1600/title_BR.jpg) 100% 100% no-repeat}
.title_tl {background: url(http://1.bp.blogspot.com/_xn8h_BeLKac/TBILcLKoilI/AAAAAAAAClc/yc0p2xXCt-0/s1600/title_TL.jpg) 0 0 no-repeat}
.title_tr {background: url(http://2.bp.blogspot.com/_xn8h_BeLKac/TBILfBad2BI/AAAAAAAAClk/7T9QoEYscZw/s1600/title_TR.jpg) 100% 0 no-repeat; padding:10px}
.clear {font-size: 0px; height: 0px}

/* --- LI-COMMENT --- */
.comment_bl {background: url(http://1.bp.blogspot.com/_xn8h_BeLKac/TBILjdzX0HI/AAAAAAAACls/vOgmpTxk58Q/s1600/title_BL.jpg) 0 100% no-repeat #E3F7FE; width: auto}
.comment_br {background: url(http://4.bp.blogspot.com/_xn8h_BeLKac/TBILmHgvSCI/AAAAAAAACl0/ctOxdkmPrOU/s1600/title_BR.jpg) 100% 100% no-repeat}
.comment_tl {background: url(http://1.bp.blogspot.com/_xn8h_BeLKac/TBILcLKoilI/AAAAAAAAClc/yc0p2xXCt-0/s1600/title_TL.jpg) 0 0 no-repeat}
.comment_tr {background: url(http://2.bp.blogspot.com/_xn8h_BeLKac/TBILfBad2BI/AAAAAAAAClk/7T9QoEYscZw/s1600/title_TR.jpg) 100% 0 no-repeat; padding:10px; margin-bottom:10px;}
.clear {font-size: 0px; height: 0px}

/* --- BODY_END RC --- */
.bl {background: url(http://4.bp.blogspot.com/_xn8h_BeLKac/TBRDAupLGGI/AAAAAAAACmc/myMS-XbujsU/s1600/body_BL.jpg) 0 100% no-repeat #ffffff; width: 960px}
.br {background: url(http://2.bp.blogspot.com/_xn8h_BeLKac/TBRDIDJ3c2I/AAAAAAAACmw/01KTqUCGcWg/s1600/body_BR.jpg) 100% 100% no-repeat}
.clear {font-size: 0px; height: 0px}

/* --- FOOTER RC --- */
.footer_bl {background: url(http://4.bp.blogspot.com/_xn8h_BeLKac/TBIHSJM39dI/AAAAAAAAClM/zSgR1RPjkHo/s1600/BL.jpg) 0 100% no-repeat #000000; width: 960px}
.footer_br {background: url(http://4.bp.blogspot.com/_xn8h_BeLKac/TBIHVCMHHmI/AAAAAAAAClU/vXgctWRf1ck/s1600/BR.jpg) 100% 100% no-repeat}
.footer_tl {background: url(http://1.bp.blogspot.com/_xn8h_BeLKac/TBIHKcqbAkI/AAAAAAAACk8/FJ84OFtFoZk/s1600/TL.jpg) 0 0 no-repeat}
.footer_tr {background: url(http://1.bp.blogspot.com/_xn8h_BeLKac/TBIHNO4wYAI/AAAAAAAAClE/HxTmvhPPoUE/s1600/TR.jpg) 100% 0 no-repeat; padding:10px}
.clear {font-size: 0px; height: 0px}



/* --- SLIDER --- */
img {
     border:none;
}
	
pre {
     display:block;
     font:12px "Courier New", Courier, monospace;
     padding:10px;
     border:1px solid #bae2f0;
     background:#e3f4f9;	
     margin:.5em 0;
     width:674px;
}	
			
/* image replacement */
.graphic, #prevBtn, #nextBtn, #slider1prev, #slider1next {
     margin:0;
     padding:0;
     display:block;
     overflow:hidden;
     text-indent:-8000px;
}
    
/* // image replacement */
#container {	
     margin:0 auto;
     position:relative;
     text-align:left;
     width:686px;
     background:#fff;		
     margin-bottom:2em;
}		
	
#content {
     position:relative;
}			

/* Easy Slider */
#slider {
     border-left: 4px solid #ffffff;
     border-top: 4px solid #ffffff;
}

#slider ul, #slider li, #slider2 ul, #slider2 li {
     margin:0;
     padding:0;		
     list-style:none; 
}
	
#slider2 {
     margin-top:1em;
}
	
#slider li, #slider2 li { 
		
/* define width and height of list item (slide) entire slider area will adjust according to the parameters provided here */ 
     width:686px;
     height:241px;
     overflow:hidden;
}	
	
#prevBtn, #nextBtn, #slider1next, #slider1prev { 
     display:block;
     width:30px;
     height:28px;
     position:absolute;
     margin-left:10px;
     top:129px;
     z-index:1000;
}	
	
#nextBtn, #slider1next { 
     margin-left:46px;
}									

#prevBtn a, #nextBtn a, #slider1next a, #slider1prev a {  
     display:block;
     position:relative;
     width:30px;		
     height:28px;
     background:url(http://3.bp.blogspot.com/_xn8h_BeLKac/TBcHmlhXzZI/AAAAAAAACog/LGAp6L6tPEU/s1600/btn_prev.png) no-repeat 0 0;	
}	
	
#nextBtn a, #slider1next a { 
     background:url(http://3.bp.blogspot.com/_xn8h_BeLKac/TBcHplzrcgI/AAAAAAAACoo/hkteHSd1_dE/s1600/btn_nxt.png) no-repeat 0 0;	
}	
		
/* numeric controls */	
ol#controls {
     margin:1em 0;
     padding:0;
     height:28px;	
}
	
ol#controls li {
     margin:0 10px 0 0; 
     padding:0;
     float:left;
     list-style:none;
     height:28px;
     line-height:28px;
}
	
ol#controls li a {
     float:left;
     height:28px;
     line-height:28px;
     border:1px solid #ccc;
     background:#DAF3F8;
     color:#555;
     padding:0 10px;
     text-decoration:none;
}
	
ol#controls li.current a {
     background:#5DC9E1;
     color:#fff;
}	

ol#controls li a:focus, #prevBtn a:focus, #nextBtn a:focus {
     outline:none;
}
	
/* // Easy Slider */


#mainbottom {width:960px; height:249px; background:#ffffff;}

.righttop_widgets {
     background: #e3f7fe;
     border:1px solid #e3f7fe;
     margin:4px;
     float:right;
     height:240px;
     width:260px;
}

.righttop_widgets ul {
     padding:10px;
}

.righttop_widgets h2 {
     font-size:14px;
     font-family;'Lithos Pro',tahoma,Verdana,Arial,Sans-Serif;
     text-transform:lowercase;
     color:#2586a3;
}


]]></b:skin>


<script src='http://sites.google.com/site/bloggetsbtemplate/btemplates/jquery.js' type='text/javascript'/>
<script src='http://sites.google.com/site/bloggetsbtemplate/btemplates/easySlider1.7.js' type='text/javascript'/>
<script type='text/javascript'>
$(document).ready(function(){
$(&quot;#slider&quot;).easySlider({
auto: true,
speed: 1000,
continuous: true
});
});
</script>


<!--[if IE 7]>
<style type="text/css">

#header #logo{
	padding:36px 0 0 18px;
}

</style>


<![endif]-->

<!--[if IE]>
<style type="text/css">



#header #logo{
	padding: 20px 0 0 14px;
}

</style>
<![endif]-->


<script type='text/javascript'>var thumbnail_mode = &quot;no-float&quot; ;
summary_noimg = 430;
summary_img = 340;
img_thumb_height = 165;
img_thumb_width = 220;
</script>
<script type='text/javascript'>
//<![CDATA[
function removeHtmlTag(strx,chop){
if(strx.indexOf("<")!=-1)
{
var s = strx.split("<");
for(var i=0;i<s.length;i++){
if(s[i].indexOf(">")!=-1){
s[i] = s[i].substring(s[i].indexOf(">")+1,s[i].length);
}
}
strx = s.join("");
}
chop = (chop < strx.length-1) ? chop : strx.length-2;
while(strx.charAt(chop-1)!=' ' && strx.indexOf(' ',chop)!=-1) chop++;
strx = strx.substring(0,chop-1);
return strx+'...';
}

function createSummaryAndThumb(pID){
var div = document.getElementById(pID);
var imgtag = "";
var img = div.getElementsByTagName("img");
var summ = summary_noimg;
if(img.length>=1) {
imgtag = '<span style="float:left; padding:0px 10px 5px 0px;"><img src="'+img[0].src+'" width="'+img_thumb_width+'px" height="'+img_thumb_height+'px"/></span>';
summ = summary_img;
}

var summary = imgtag + '<div>' + removeHtmlTag(div.innerHTML,summ) + '</div>';
div.innerHTML = summary;
}


//]]>
</script>


<b:if cond='data:blog.pageType != &quot;item&quot;'>
<style>

.entry {
     position:relative;
     display:inline;
     float:left;
     overflow:hidden;
     width:222px;
     height:167px;
     line-height:21px;   
}

.entry img {
     position:relative;
     display:inline;
     float:left;
     overflow:hidden;
     border:1px solid #ffffff;
     width:220px;
     height:165px;
}

.post {
     border:1px solid #e9e9e9;
     background:#e3f7fe;
     position:relative;
     display:inline;
     float:left;
     overflow:hidden;
     width:233px;
     height:215px;
     margin:10px 0 0px 7px;
     padding:10px 0 0 10px;
}

.post_top h2 {
     height:23px;
     margin:0 0 0 -5px;
     font-size:11px;
     background:none;
}

.post .post_top {
     margin:0;
     border:0;
     width:220px;
}

.post_date, .post_cats, .post_author, .post_tags {
     display:none;
}

.title_bl, .title_br, .title_tl, .title_tr {
     background:none;
}

.title_tr {
     padding:5px;
}


</style>
</b:if>


</head>


<body>

<!-- Wrapper -->
<div id='page'>

  <!-- skip links for text browsers -->
  <span id='skiplinks' style='display:none;'>
    <a href='#main'>skip to main </a> |
    <a href='#sidebar'>skip to sidebar</a>
  </span>



  <!-- HEADER -->
  <div id='header'>
    <div id='logo'>
<b:section class='blogname' id='blogname' maxwidgets='1' showaddelement='no'>
<b:widget id='Header1' locked='true' title='Test Blog (Header)' type='Header'>
<b:includable id='title'>
  <b:if cond='data:blog.url == data:blog.homepageUrl'>
    <a expr:href='data:blog.homepageUrl'><data:title/></a>
  <b:else/>
    <a expr:href='data:blog.homepageUrl'><data:title/></a>
  </b:if>
</b:includable>
<b:includable id='description'>
  <span><data:description/></span>
</b:includable>
<b:includable id='main'>

  <b:if cond='data:useImage'>
    <b:if cond='data:imagePlacement == &quot;REPLACE&quot;'>
      <!--Show just the image, no text-->
      <div id='header-inner'>
        <a expr:href='data:blog.homepageUrl' style='display: block'>
          <img expr:alt='data:title' expr:height='data:height' expr:id='data:widget.instanceId + &quot;_headerimg&quot;' expr:src='data:sourceUrl' expr:width='data:width' style='display: block'/>
        </a>
      </div>
    <b:else/>
      <!--
      Show image as background to text. You can't really calculate the width
      reliably in JS because margins are not taken into account by any of
      clientWidth, offsetWidth or scrollWidth, so we don't force a minimum
      width if the user is using shrink to fit.
      This results in a margin-width's worth of pixels being cropped. If the
      user is not using shrink to fit then we expand the header.
      -->
      <div expr:style='&quot;background-image: url(\&quot;&quot; + data:sourceUrl + &quot;\&quot;); &quot;                      + &quot;background-position: &quot;                      + data:backgroundPositionStyleStr + &quot;; &quot;                      + data:widthStyleStr                      + &quot;min-height: &quot; + data:height + &quot;px;&quot;                      + &quot;_height: &quot; + data:height + &quot;px;&quot;                      + &quot;background-repeat: no-repeat; &quot;' id='header-inner'>
        <div class='titlewrapper' style='background: transparent'>
          <h1 class='title' style='background: transparent; border-width: 0px'>
            <b:include name='title'/>
          </h1>
        </div>
        <b:include name='description'/>
      </div>
    </b:if>
  <b:else/>
    <!--No header image -->
    <b:include name='title'/>
	<b:include name='description'/>
  </b:if>
</b:includable>
</b:widget>
</b:section>
    </div>
  </div>
  <!-- /HEADER -->



<!-- NAVMENU-->
<div id='navmenu'>
<ul>
<li><a expr:href='data:blog.homepageUrl' title='Home'>Home</a></li>
<li><a href='http://bloggets.blogspot.com'>Free Blogger Templates</a></li>
<li><a href='YOUR-LINK-HERE'>About</a></li>
</ul>


<!-- SOCIAL NETWORK -->
  <div id='toppanel'>
    <div id='header_social'>
      <ul>
        <li><a expr:href='data:blog.homepageUrl + &quot;feeds/posts/default&quot;'><img alt='' src='http://4.bp.blogspot.com/_xn8h_BeLKac/S_ygJMBRChI/AAAAAAAACjQ/M6fpQ5hcyxE/s1600/rss.png'/></a></li>
        <li><a href='YOUR_FACEBOOK_URL_HERE'><img alt='facebook' src='http://3.bp.blogspot.com/_xn8h_BeLKac/S_ygFqr696I/AAAAAAAACjI/771I5e00l3w/s1600/facebook.png'/></a></li>
        <li><a href='YOUR_TWITTER_URL_HERE'><img alt='Twitter' src='http://3.bp.blogspot.com/_xn8h_BeLKac/S_ygNHW4zPI/AAAAAAAACjY/JxjTHardyGs/s320/twitter.png'/></a></li>
      </ul>
      
    </div>
  </div>
  <!-- /SOCIAL NETWORK -->


</div>
<!-- /NAVMENU -->


  <!-- PAGE -->

  <div id='mainmenu'>
    <b:section class='crosscol' id='crosscol' showaddelement='no'/>
  </div>

  <!-- /PAGE -->



<div id='mainbottom'>

<div class='righttop_widgets'>
<ul>
<b:section id='sidebar' preferred='yes'>
<b:widget id='Profile1' locked='false' title='About Me' type='Profile'>
<b:includable id='main'>
    <b:if cond='data:title != &quot;&quot;'>
      <h2><data:title/></h2>
    </b:if>
    <div class='widget-content'>
    <b:if cond='data:team == &quot;true&quot;'> <!-- team blog profile -->
      <ul>
        <b:loop values='data:authors' var='i'>
          <li><a expr:href='data:i.userUrl'><data:i.display-name/></a></li>
        </b:loop>
      </ul>

      <b:else/> <!-- normal blog profile -->

      <b:if cond='data:photo.url != &quot;&quot;'>
        <a expr:href='data:userUrl'><img class='profile-img' expr:alt='data:photo.alt' expr:height='data:photo.height' expr:src='data:photo.url' expr:width='data:photo.width'/></a>
      </b:if>

      <dl class='profile-datablock'>
        <dt class='profile-data'><data:displayname/></dt>

        <b:if cond='data:showlocation == &quot;true&quot;'>
          <dd class='profile-data'><data:location/></dd>
        </b:if>

        <b:if cond='data:aboutme != &quot;&quot;'><dd class='profile-textblock'><data:aboutme/></dd></b:if>
      </dl>
      <a class='profile-link' expr:href='data:userUrl'><data:viewProfileMsg/></a>
    </b:if>

     <b:include name='quickedit'/>
    </div>
  </b:includable>
</b:widget>
</b:section>
</ul>
      </div>


<div id='slider'>
	<ul>
	<li><a href='http://bloggets.blogspot.com/2010/06/light-blue-blogger-template.html'><img alt='Blogger Template Preview' src='http://2.bp.blogspot.com/_xn8h_BeLKac/TBhTLAKr9ZI/AAAAAAAACpY/WtqPcKPcOfo/s1600/Light+Blue.jpg'/></a></li>
        <li><a href='http://bloggets.blogspot.com'><img alt='Blogger Template Preview' src='http://1.bp.blogspot.com/_xn8h_BeLKac/TBhWYjTkdJI/AAAAAAAACpg/an27JGpJr10/s1600/Light+Blue+V2.jpg'/></a></li>
	</ul>
</div>
</div>


  <!-- BODY -->
  <div id='body'>
  <div id='body_top'>

<div class='bl'><div class='br'>

  <div id='body_end'>


<!-- LEFT_SIDEBAR -->
    <div id='sidebar_left'>
    <div class='sidebar_left_widgets'>
      <ul>
<b:section id='sidebar1' preferred='yes'>
<b:widget id='Label1' locked='false' title='Labels' type='Label'>
<b:includable id='main'>
  <b:if cond='data:title'>
    <h2><data:title/></h2>
  </b:if>
  <div expr:class='&quot;widget-content &quot; + data:display + &quot;-label-widget-content&quot;'>
    <b:if cond='data:display == &quot;list&quot;'>
      <ul>
      <b:loop values='data:labels' var='label'>
        <li>
          <b:if cond='data:blog.url == data:label.url'>
            <span expr:dir='data:blog.languageDirection'><data:label.name/></span>
          <b:else/>
            <a expr:dir='data:blog.languageDirection' expr:href='data:label.url'><data:label.name/></a>
          </b:if>
          <b:if cond='data:showFreqNumbers'>
            <span dir='ltr'>(<data:label.count/>)</span>
          </b:if>
        </li>
      </b:loop>
      </ul>
    <b:else/>
      <b:loop values='data:labels' var='label'>
        <span expr:class='&quot;label-size label-size-&quot; + data:label.cssSize'>
          <b:if cond='data:blog.url == data:label.url'>
            <span expr:dir='data:blog.languageDirection'><data:label.name/></span>
          <b:else/>
            <a expr:dir='data:blog.languageDirection' expr:href='data:label.url'><data:label.name/></a>
          </b:if>
          <b:if cond='data:showFreqNumbers'>
            <span class='label-count' dir='ltr'>(<data:label.count/>)</span>
          </b:if>
        </span>
      </b:loop>
    </b:if>
    <b:include name='quickedit'/>
  </div>
</b:includable>
</b:widget>
<b:widget id='BlogArchive1' locked='false' title='Blog Archive' type='BlogArchive'>
<b:includable id='main'>
  <b:if cond='data:title'>
    <h2><data:title/></h2>
  </b:if>
  <div class='widget-content'>
  <div id='ArchiveList'>
  <div expr:id='data:widget.instanceId + &quot;_ArchiveList&quot;'>
    <b:if cond='data:style == &quot;HIERARCHY&quot;'>
     <b:include data='data' name='interval'/>
    </b:if>
    <b:if cond='data:style == &quot;FLAT&quot;'>
      <b:include data='data' name='flat'/>
    </b:if>
    <b:if cond='data:style == &quot;MENU&quot;'>
      <b:include data='data' name='menu'/>
    </b:if>
  </div>
  </div>
  <b:include name='quickedit'/>
  </div>
</b:includable>
<b:includable id='flat' var='data'>
  <ul class='flat'>
    <b:loop values='data:data' var='i'>
      <li class='archivedate'>
        <a expr:href='data:i.url'><data:i.name/></a> (<data:i.post-count/>)
      </li>
    </b:loop>
  </ul>
</b:includable>
<b:includable id='menu' var='data'>
  <select expr:id='data:widget.instanceId + &quot;_ArchiveMenu&quot;'>
    <option value=''><data:title/></option>
    <b:loop values='data:data' var='i'>
      <option expr:value='data:i.url'><data:i.name/> (<data:i.post-count/>)</option>
    </b:loop>
  </select>
</b:includable>
<b:includable id='interval' var='intervalData'>
  <b:loop values='data:intervalData' var='i'>
      <ul class='hierarchy'>
        <li expr:class='&quot;archivedate &quot; + data:i.expclass'>
          <b:include data='i' name='toggle'/>
          <a class='post-count-link' expr:href='data:i.url'><data:i.name/></a>
            <span class='post-count' dir='ltr'>(<data:i.post-count/>)</span>
          <b:if cond='data:i.data'>
            <b:include data='i.data' name='interval'/>
          </b:if>
          <b:if cond='data:i.posts'>
            <b:include data='i.posts' name='posts'/>
          </b:if>
        </li>
      </ul>
  </b:loop>
</b:includable>
<b:includable id='toggle' var='interval'>
  <b:if cond='data:interval.toggleId'>
  <b:if cond='data:interval.expclass == &quot;expanded&quot;'>
    <a class='toggle' href='javascript:void(0)'>
      <span class='zippy toggle-open'>&#9660;&#160;</span>
    </a>
  <b:else/>
    <a class='toggle' href='javascript:void(0)'>
      <span class='zippy'>
        <b:if cond='data:blog.languageDirection == &quot;rtl&quot;'>
          &#9668;&#160;
        <b:else/>
          &#9658;&#160;
        </b:if>
      </span>
    </a>
  </b:if>
 </b:if>
</b:includable>
<b:includable id='posts' var='posts'>
  <ul class='posts'>
    <b:loop values='data:posts' var='i'>
      <li><a expr:href='data:i.url'><data:i.title/></a></li>
    </b:loop>
  </ul>
</b:includable>
</b:widget>
</b:section>
      </ul>
    </div>
    </div>
    <!-- /LEFT_SIDEBAR -->


    <!-- CONTENT -->
    <div class='narrowcolumn' id='content'>

<b:section class='main' id='main' showaddelement='no'>
<b:widget id='Blog1' locked='true' title='Blog Posts' type='Blog'>
<b:includable id='nextprev'>
  <div class='blog-pager' id='blog-pager'>
    <b:if cond='data:newerPageUrl'>
      <span id='blog-pager-newer-link'>
      <a class='blog-pager-newer-link' expr:href='data:newerPageUrl' expr:id='data:widget.instanceId + &quot;_blog-pager-newer-link&quot;' expr:title='data:newerPageTitle'><data:newerPageTitle/></a>
      </span>
    </b:if>

    <b:if cond='data:olderPageUrl'>
      <span id='blog-pager-older-link'>
      <a class='blog-pager-older-link' expr:href='data:olderPageUrl' expr:id='data:widget.instanceId + &quot;_blog-pager-older-link&quot;' expr:title='data:olderPageTitle'><data:olderPageTitle/></a>
      </span>
    </b:if>

    <b:if cond='data:blog.homepageUrl != data:blog.url'>
      <a class='home-link' expr:href='data:blog.homepageUrl'><data:homeMsg/></a>
      <b:else/>
      <b:if cond='data:newerPageUrl'>
        <a class='home-link' expr:href='data:blog.homepageUrl'><data:homeMsg/></a>
      </b:if>
    </b:if>
	
  </div>
  <div class='clear'/>
</b:includable>
<b:includable id='shareButtons' var='post'>
  <b:if cond='data:post.sharePostUrl'>
      <a class='share-button sb-email' expr:href='data:post.sharePostUrl + &quot;&amp;target=email&quot;' expr:title='data:top.emailThisMsg' target='_blank'>
        <span class='share-button-link-text'><data:top.emailThisMsg/></span></a>
      <a class='share-button sb-blog' expr:href='data:post.sharePostUrl + &quot;&amp;target=blog&quot;' expr:onclick='&quot;window.open(this.href, \&quot;_blank\&quot;, \&quot;height=270,width=475\&quot;); return false;&quot;' expr:title='data:top.blogThisMsg' target='_blank'>
        <span class='share-button-link-text'><data:top.blogThisMsg/></span></a>
      <a class='share-button sb-twitter' expr:href='data:post.sharePostUrl + &quot;&amp;target=twitter&quot;' expr:title='data:top.shareToTwitterMsg' target='_blank'>
        <span class='share-button-link-text'><data:top.shareToTwitterMsg/></span></a>
      <a class='share-button sb-facebook' expr:href='data:post.sharePostUrl + &quot;&amp;target=facebook&quot;' expr:onclick='&quot;window.open(this.href, \&quot;_blank\&quot;, \&quot;height=430,width=640\&quot;); return false;&quot;' expr:title='data:top.shareToFacebookMsg' target='_blank'>
        <span class='share-button-link-text'><data:top.shareToFacebookMsg/></span></a>
      <a class='share-button sb-buzz' expr:href='data:post.sharePostUrl + &quot;&amp;target=buzz&quot;' expr:onclick='&quot;window.open(this.href, \&quot;_blank\&quot;, \&quot;height=415,width=690\&quot;); return false;&quot;' expr:title='data:top.shareToBuzzMsg' target='_blank'>
        <span class='share-button-link-text'><data:top.shareToBuzzMsg/></span></a>
  </b:if>
</b:includable>
<b:includable id='backlinks' var='post'>
  <a name='links'/><h4 class='backlinks'><data:post.backlinksLabel/></h4>
  <b:if cond='data:post.numBacklinks != 0'>
    <dl class='comments-block' id='comments-block'>
      <b:loop values='data:post.backlinks' var='backlink'>
        <div class='collapsed-backlink backlink-control'>
          <dt class='comment-title'>
            <span class='backlink-toggle-zippy'>&#160;</span>
            <a expr:href='data:backlink.url' rel='nofollow'><data:backlink.title/></a>
            <b:include data='backlink' name='backlinkDeleteIcon'/>
          </dt>
          <dd class='comment-body collapseable'>
            <data:backlink.snippet/>
          </dd>
          <dd class='comment-footer collapseable'>
            <span class='comment-author'><data:post.authorLabel/> <data:backlink.author/></span>
            <span class='comment-timestamp'><data:post.timestampLabel/> <data:backlink.timestamp/></span>
          </dd>
        </div>
      </b:loop>
    </dl>
  </b:if>
  <p class='comment-footer'>
    <a class='comment-link' expr:href='data:post.createLinkUrl' expr:id='data:widget.instanceId + &quot;_backlinks-create-link&quot;' target='_blank'><data:post.createLinkLabel/></a>
  </p>
</b:includable>
<b:includable id='post' var='post'>
  <div class='post' id='post'>
  <a expr:name='data:post.id'/>
    <div class='post_top'>

<div class='title_bl'><div class='title_br'><div class='title_tl'><div class='title_tr'> 

      <div class='post_title'>
        <b:if cond='data:post.title'>


<div class='post_comm'>
          <b:if cond='data:post.allowComments'>

<div class='post_comm_num'>
            <a expr:href='data:post.addCommentUrl' expr:onclick='data:post.addCommentOnclick'>
              <b:if cond='data:post.numComments == 1'>
                1 
              <b:else/> 
                <data:post.numComments/>
              </b:if>
            </a>
</div>

          </b:if>
        </div>

<h2>

         <b:if cond='data:post.link'>
           <a expr:href='data:post.link'><data:post.title/></a>
         <b:else/>
            <b:if cond='data:post.url'>
              <a expr:href='data:post.url'><data:post.title/></a>
            <b:else/>
              <data:post.title/>
            </b:if>
         </b:if>
</h2>
          
        </b:if>
      </div>


</div></div></div></div>
<div class='clear'/>


      <div class='post_panel'>
        <p class='post_date'>
          <b:if cond='data:top.showTimestamp'>
            <b:if cond='data:post.dateHeader'>
              <data:post.dateHeader/>
            </b:if>
            <b:if cond='data:top.showTimestamp'>
            <b:if cond='data:post.url'>
              <data:post.timestamp/>
            </b:if>
            </b:if>
          </b:if>
        </p>
        


      </div>
      <p class='post_author'>
        <b:if cond='data:top.showAuthor'>
          <span class='post_auth'>
            <data:top.authorLabel/> <data:post.author/>
          </span>
        </b:if>
      </p>
      <p class='post_cats'>
        <b:if cond='data:post.labels'>
          <data:postLabelsLabel/>
          <b:loop values='data:post.labels' var='label'>
            <span><a expr:href='data:label.url' rel='tag'><data:label.name/></a></span>
            <b:if cond='data:label.isLast != &quot;true&quot;'>,</b:if>
          </b:loop>
        </b:if>
      </p>
      <p class='post_tags'>
        <!-- backlinks -->
        <span class='post-backlinks post-comment-link'>
          <b:if cond='data:post.showBacklinks'>
            <a class='comment-link' expr:href='data:post.url + &quot;#links&quot;'><data:top.backlinkLabel/>        </a>
          </b:if>
        </span>
        <span class='post-icons'>
          <!-- email post links -->
          <b:if cond='data:post.emailPostUrl'>
            <span class='item-action'>
              <a expr:href='data:post.emailPostUrl' expr:title='data:top.emailPostMsg'>
                <img alt='' class='icon-action' height='13' src='http://www.blogger.com/img/icon18_email.gif' width='18'/>
              </a>
            </span>
          </b:if>

          <!-- quickedit pencil -->
          <b:include data='post' name='postQuickEdit'/>
        </span>
        <span class='reaction-buttons'>
          <b:if cond='data:top.showReactions'>
            <table border='0' cellpadding='0' cellspacing='0' width='100%'>
              <tr>
                <td class='reactions-label-cell' nowrap='nowrap' valign='top' width='1%'>
                  <span class='reactions-label'>
                  <data:top.reactionsLabel/></span>&#160;
                </td>
                <td><iframe allowtransparency='true' class='reactions-iframe' expr:src='data:post.reactionsUrl' frameborder='0' name='reactions' scrolling='no'/>
                </td>
              </tr>
            </table>
          </b:if>
        </span>

        <span class='star-ratings'>
          <b:if cond='data:top.showStars'>
            <div expr:g:background-color='data:backgroundColor' expr:g:text-color='data:textColor' expr:g:url='data:post.absoluteUrl' g:height='42' g:type='RatingPanel' g:width='280'/>
          </b:if>
        </span> 
      </p>
    </div>

    <div class='post-header-line-1'/>

    <div class='entry'>
      

<b:if cond='data:blog.pageType == &quot;static_page&quot;'><br/>
<data:post.body/>
<b:else/>

<b:if cond='data:blog.pageType != &quot;item&quot;'>

<div expr:id='&quot;summary&quot; + data:post.id'><data:post.body/></div>
<script type='text/javascript'>createSummaryAndThumb(&quot;summary<data:post.id/>&quot;);
</script> <span class='rmlink' style='float:right;padding-top:20px;'><a expr:href='data:post.url'> read more &quot;<data:post.title/>&quot;</a></span>

</b:if>
<b:if cond='data:blog.pageType == &quot;item&quot;'><data:post.body/></b:if>
</b:if>


      <div style='clear: both;'/> <!-- clear for photos floats -->
      <div style='clear'/>

      <div class='postmetadata'>
        <b:if cond='data:post.hasJumpLink'>
          <p><a expr:href='data:post.url + &quot;#more&quot;'>Read More</a></p>
        </b:if>
      </div>
    </div>

    <div class='edit'/>

    <div class='post-footer'>


    <div class='post-footer-line post-footer-line-1'/>

      <div class='post-footer-line post-footer-line-2'>
      </div>

      <div class='post-footer-line post-footer-line-3'>
      <span class='post-location'>
        <b:if cond='data:top.showLocation'>
          <b:if cond='data:post.location'>
            <data:postLocationLabel/>
            <a expr:href='data:post.location.mapsUrl' target='_blank'><data:post.location.name/></a>
          </b:if>
        </b:if>
      </span>
      </div>
    </div>
  </div>
</b:includable>
<b:includable id='status-message'>
  <b:if cond='data:navMessage'>
  <div class='status-msg-wrap'>
    <div class='status-msg-body'>
      <data:navMessage/>
    </div>
    <div class='status-msg-border'>
      <div class='status-msg-bg'>
        <div class='status-msg-hidden'><data:navMessage/></div>
      </div>
    </div>
  </div>
  <div style='clear: both;'/>
  </b:if>
</b:includable>
<b:includable id='comment-form' var='post'>
  <div class='comment-form'>
    <a name='comment-form'/>
    <h4 id='comment-post-message'><data:postCommentMsg/></h4>
    <p><data:blogCommentMessage/></p>
    <data:blogTeamBlogMessage/>
    <a expr:href='data:post.commentFormIframeSrc' id='comment-editor-src'/>
    <iframe allowtransparency='true' class='blogger-iframe-colorize blogger-comment-from-post' frameborder='0' height='410' id='comment-editor' name='comment-editor' src='' width='100%'/>
    <data:post.friendConnectJs/>
    <data:post.cmtfpIframe/>
    <script type='text/javascript'>
      BLOG_CMT_createIframe(&#39;<data:post.appRpcRelayPath/>&#39;, &#39;<data:post.communityId/>&#39;);
    </script>
  </div>
</b:includable>
<b:includable id='backlinkDeleteIcon' var='backlink'>
<b:if cond='data:blog.pageType == &quot;item&quot;'>
  <span expr:class='&quot;item-control &quot; + data:backlink.adminClass'>
    <a expr:href='data:backlink.deleteUrl' expr:title='data:top.deleteBacklinkMsg'>
      <img src='http://www.blogger.com/img/icon_delete13.gif'/>
    </a>
  </span>
</b:if>
</b:includable>
<b:includable id='postQuickEdit' var='post'>
<b:if cond='data:blog.pageType == &quot;item&quot;'>
  <b:if cond='data:post.editUrl'>
    <span expr:class='&quot;item-control &quot; + data:post.adminClass'>
      <a expr:href='data:post.editUrl' expr:title='data:top.editPostMsg'>
        <img alt='' class='icon-action' height='18' src='http://www.blogger.com/img/icon18_edit_allbkg.gif' width='18'/>
      </a>
    </span>
  </b:if>
</b:if>
</b:includable>
<b:includable id='main' var='top'>
  <!-- posts -->
  <div class='blog-posts hfeed'>

    <b:include data='top' name='status-message'/>

    <data:adStart/>
    <b:loop values='data:posts' var='post'>
      <b:include data='post' name='post'/>
      <b:if cond='data:blog.pageType == &quot;item&quot;'>
        <b:include data='post' name='comments'/>
      </b:if>
      <b:if cond='data:post.includeAd'>
        <data:adEnd/>
        <data:adCode/>
        <data:adStart/>
      </b:if>
    </b:loop>
    <data:adEnd/>
  </div>

  <!-- navigation -->
  <div class='navigation'>
    <div class='navigation_top'>
      <b:include name='nextprev'/>
    </div>
  </div>

  <!-- feed links -->
  <b:include name='feedLinks'/>
  
  <b:if cond='data:top.showStars'>
    <script src='http://www.google.com/jsapi' type='text/javascript'/>
    <script type='text/javascript'>
      google.load(&quot;annotations&quot;, &quot;1&quot;,{&quot;locale&quot;: &quot;<data:top.languageCode/>&quot;});
      function initialize(){
        google.annotations.setApplicationId(<data:top.blogspotReviews/>);
        google.annotations.createAll();
        google.annotations.fetch();
      }
      google.setOnLoadCallback(initialize);
    </script>
  </b:if>

</b:includable>
<b:includable id='commentDeleteIcon' var='comment'>
<b:if cond='data:blog.pageType == &quot;item&quot;'>
  <span expr:class='&quot;item-control &quot; + data:comment.adminClass'>
    <a expr:href='data:comment.deleteUrl' expr:title='data:top.deleteCommentMsg'>
      <img src='http://www.blogger.com/img/icon_delete13.gif'/>
    </a>
  </span>
</b:if>
</b:includable>
<b:includable id='feedLinks'>
  <b:if cond='data:blog.pageType != &quot;item&quot;'> <!-- Blog feed links -->
    <b:if cond='data:feedLinks'>
      <div class='blog-feeds'>
        <b:include data='feedLinks' name='feedLinksBody'/>
      </div>
    </b:if>

    <b:else/> <!--Post feed links -->
    <div class='post-feeds'>
      <b:loop values='data:posts' var='post'>
        <b:if cond='data:post.allowComments'>
          <b:if cond='data:post.feedLinks'>
            <b:include data='post.feedLinks' name='feedLinksBody'/>
          </b:if>
        </b:if>
      </b:loop>
    </div>
  </b:if>
</b:includable>
<b:includable id='feedLinksBody' var='links'>
  <div class='feed-links'>
  <data:feedLinksMsg/>
  <b:loop values='data:links' var='f'>
     <a class='feed-link' expr:href='data:f.url' expr:type='data:f.mimeType' target='_blank'><data:f.name/> (<data:f.feedType/>)</a>
  </b:loop>
  </div>
</b:includable>
<b:includable id='comments' var='post'>
  <div class='comments' id='comments'>
    <a name='comments'/>
    <b:if cond='data:post.allowComments'>
      <h2 id='comments'>
        <b:if cond='data:post.numComments == 1'>
          Comment (1)
        <b:else/>
          Comments (<data:post.numComments/>)
        </b:if>
      </h2>

      <b:if cond='data:post.commentPagingRequired'>
        <span class='paging-control-container'>
          <a expr:class='data:post.oldLinkClass' expr:href='data:post.oldestLinkUrl'><data:post.oldestLinkText/></a>
          &#160;
          <a expr:class='data:post.oldLinkClass' expr:href='data:post.olderLinkUrl'><data:post.olderLinkText/></a>
          &#160;
          <data:post.commentRangeText/>
          &#160;
          <a expr:class='data:post.newLinkClass' expr:href='data:post.newerLinkUrl'><data:post.newerLinkText/></a>
          &#160;
          <a expr:class='data:post.newLinkClass' expr:href='data:post.newestLinkUrl'><data:post.newestLinkText/></a>
        </span>
      </b:if>

      <div class='commentlist'>
        <b:loop values='data:post.comments' var='comment'>

<div class='comment_bl'><div class='comment_br'><div class='comment_tl'><div class='comment_tr'> 

	      <div class='comment' id='li-comment'>
          <div class='commentmet_data' id='div-comment'>
            <table cellpadding='0' cellspacing='0' width='100%'>
              <tr>
                <td colspan='2'>
                  <div class='commentmetadata'>
                    <dt expr:class='&quot;comment-author &quot; + data:comment.authorClass' expr:id='data:comment.anchorName'>
                      <a expr:name='data:comment.anchorName'/>
                      <b:if cond='data:comment.authorUrl'>
                        <a expr:href='data:comment.authorUrl' rel='nofollow'><data:comment.author/></a>
                      <b:else/>
                        <span><data:comment.author/></span>
                      </b:if>
                      said on <data:comment.timestamp/>
                    </dt>					
                  </div>
                </td>
              </tr>
              <tr>
                <td width='32'>
                  <div class='commentmet_avatar'>
                    <b:if cond='data:comment.favicon'>
                        <img class='avatar' height='32px' src='http://1.bp.blogspot.com/_MhvFrz7psjI/S25xpjmGrkI/AAAAAAAAALU/hcMmRONRbms/s1600/profile-image_32x32.jpg' width='32px'/>
                    </b:if>
                    <a expr:name='data:comment.anchorName'/>
                    <b:if cond='data:blog.enabledCommentProfileImages'>
                      <data:comment.authorAvatarImage/>
                    </b:if>
                  </div>
                </td>
                <td width='89%'>
                  <div class='commentmet_text'>
                    <b:if cond='data:comment.isDeleted'>
                      <span class='deleted-comment'><data:comment.body/></span>
                    <b:else/>
                      <p><data:comment.body/></p>
                    <b:include data='comment' name='commentDeleteIcon'/>
                    </b:if>
                  </div>
                </td>
              </tr>
            </table>
          </div>
          </div>

</div></div></div></div>
<div class='clear'/>

        </b:loop>
      </div>

      <b:if cond='data:post.commentPagingRequired'>
        <span class='paging-control-container'>
          <a expr:class='data:post.oldLinkClass' expr:href='data:post.oldestLinkUrl'>
            <data:post.oldestLinkText/>
          </a>
          <a expr:class='data:post.oldLinkClass' expr:href='data:post.olderLinkUrl'>
            <data:post.olderLinkText/>
          </a>
          &#160;
          <data:post.commentRangeText/>
          &#160;
          <a expr:class='data:post.newLinkClass' expr:href='data:post.newerLinkUrl'>
            <data:post.newerLinkText/>
          </a>
          <a expr:class='data:post.newLinkClass' expr:href='data:post.newestLinkUrl'>
            <data:post.newestLinkText/>
          </a>
        </span>
      </b:if>

      <p class='comment-footer'>
        <b:if cond='data:post.embedCommentForm'>
          <b:if cond='data:post.allowNewComments'>
            <b:include data='post' name='comment-form'/>
          <b:else/>
            <data:post.noNewCommentsText/>
          </b:if>
        <b:else/>
          <b:if cond='data:post.allowComments'>
            <a expr:href='data:post.addCommentUrl' expr:onclick='data:post.addCommentOnclick'><data:postCommentMsg/></a>
          </b:if>
        </b:if>
      </p>
    </b:if>

    <div id='backlinks-container'>
    <div expr:id='data:widget.instanceId + &quot;_backlinks-container&quot;'>
       <b:if cond='data:post.showBacklinks'>
         <b:include data='post' name='backlinks'/>
       </b:if>
    </div>
    </div>
  </div>
</b:includable>
</b:widget>
</b:section>

    </div>
    <!-- /CONTENT -->

    

    <!-- RIGHT_SIDEBAR -->
    <div id='sidebar_right'>
    <div class='sidebar_right_widgets'>
      <ul>
<b:section id='sidebar2' preferred='yes'>
<b:widget id='Followers1' locked='false' title='Followers' type='Followers'>
<b:includable id='main'>
  <b:if cond='data:title != &quot;&quot;'>
    <b:if cond='data:codeSnippet != &quot;&quot;'>
      <h2 class='title'><data:title/></h2>
    <b:else/>
      <b:if cond='data:totalFollowerCount != &quot;&quot;'>
        <h2 class='title'><data:title/> (<data:totalFollowerCount/>)</h2>
      </b:if>
    </b:if>  
  </b:if>
  <div class='widget-content'>
    <div expr:id='data:widget.instanceId + &quot;-wrapper&quot;'>
      <b:if cond='data:codeSnippet != &quot;&quot;'>
        <div style='margin-right:2px;'>
          <data:codeSnippet/>
        </div>
      <b:else/>
        <b:if cond='data:totalFollowerCount == &quot;&quot;'>
          <span class='item-control following-not-admin'>
            <b><data:failureSnippet/></b>
          </span>
          <span class='item-control blog-admin'>
            <b><data:adminFailureSnippet/></b>
          </span>
        <b:else/>
          <b:if cond='data:followingLinkPresent'>
            <div class='follow-this profile-link item-control following-follow-this'>
              <a expr:href='&quot;javascript:_FollowersView._openPopup(\&quot;&quot; + data:followUri + &quot;\&quot;);&quot;'>
                <data:followThisMessage/>
              </a>
            </div>
            <div class='follow-this profile-link item-control following-stop-following-this'>
              <a expr:href='&quot;javascript:_FollowersView._openPopup(\&quot;&quot; + data:followUri + &quot;\&quot;);&quot;'>
                <data:stopFollowingMessage/>
              </a>
            </div>
          </b:if>
  
          <div class='followers-grid'>
            <b:if cond='data:totalFollowerCount == 0'>
              <div class='profile-link item-control following-follow-this'>
                <data:emptyFollowersMessage/>
              </div>
            </b:if>
            <!--
            Relies on the js written out in navbar.gxp
            -->
            <b:loop values='data:followers' var='follower'>
              <div class='follower'>
                <a expr:href='data:follower.profileUrl' expr:title='data:follower.displayName' rel='nofollow'>
                <img class='follower-img' expr:alt='data:follower.displayName' expr:height='data:follower.imageHeight' expr:onerror='&quot;this.onerror=null;this.src=\&quot;&quot; + data:anonFollowerImageUrl + &quot;\&quot;;&quot;' expr:onload='&quot;setAttributeOnload(this, \&quot;src\&quot;, \&quot;&quot; + data:follower.imageUrl + &quot;\&quot;)&quot;' expr:width='data:follower.imageWidth' src='http://img1.blogblog.com/img/blank.gif'/>
                </a>
              </div>
            </b:loop>
            <div class='clear'/>
          </div>
  
          <div class='followers-canvas profile-link'>
            <data:followersFooterMessage/>
            <span class='item-control following-not-admin'>
              <a expr:href='data:followersUri'>
                <data:viewAllMessage/>
              </a>
            </span>
            <span class='item-control blog-admin'>
              <a expr:href='data:manageFollowersUri'>
                <data:manageFollowersMessage/>
              </a>
            </span>
          </div>
          </b:if>
      </b:if>
    </div>
    <b:include name='quickedit'/>
  </div>
</b:includable>
</b:widget>
</b:section>
      </ul>
    </div>
    </div>
    <!-- /RIGHT_SIDEBAR -->

  </div>

</div></div>
<div class='clear'/>

  </div>
  </div>
  <!-- /BODY -->

  <!-- FOOTER -->


<div class='footer_bl'><div class='footer_br'><div class='footer_tl'><div class='footer_tr'> 

<div id='footer_widgets'>
    <div class='footer_widgets'>
<b:section id='sidebar3' preferred='yes'>
<b:widget id='Label2' locked='false' title='Labels' type='Label'>
<b:includable id='main'>
  <b:if cond='data:title'>
    <h2><data:title/></h2>
  </b:if>
  <div expr:class='&quot;widget-content &quot; + data:display + &quot;-label-widget-content&quot;'>
    <b:if cond='data:display == &quot;list&quot;'>
      <ul>
      <b:loop values='data:labels' var='label'>
        <li>
          <b:if cond='data:blog.url == data:label.url'>
            <span expr:dir='data:blog.languageDirection'><data:label.name/></span>
          <b:else/>
            <a expr:dir='data:blog.languageDirection' expr:href='data:label.url'><data:label.name/></a>
          </b:if>
          <b:if cond='data:showFreqNumbers'>
            <span dir='ltr'>(<data:label.count/>)</span>
          </b:if>
        </li>
      </b:loop>
      </ul>
    <b:else/>
      <b:loop values='data:labels' var='label'>
        <span expr:class='&quot;label-size label-size-&quot; + data:label.cssSize'>
          <b:if cond='data:blog.url == data:label.url'>
            <span expr:dir='data:blog.languageDirection'><data:label.name/></span>
          <b:else/>
            <a expr:dir='data:blog.languageDirection' expr:href='data:label.url'><data:label.name/></a>
          </b:if>
          <b:if cond='data:showFreqNumbers'>
            <span class='label-count' dir='ltr'>(<data:label.count/>)</span>
          </b:if>
        </span>
      </b:loop>
    </b:if>
    <b:include name='quickedit'/>
  </div>
</b:includable>
</b:widget>
</b:section>
    </div>

    <div class='footer_widgets'>
<b:section id='sidebar4' preferred='yes'>
<b:widget id='BlogArchive2' locked='false' title='Blog Archives' type='BlogArchive'>
<b:includable id='main'>
  <b:if cond='data:title'>
    <h2><data:title/></h2>
  </b:if>
  <div class='widget-content'>
  <div id='ArchiveList'>
  <div expr:id='data:widget.instanceId + &quot;_ArchiveList&quot;'>
    <b:if cond='data:style == &quot;HIERARCHY&quot;'>
     <b:include data='data' name='interval'/>
    </b:if>
    <b:if cond='data:style == &quot;FLAT&quot;'>
      <b:include data='data' name='flat'/>
    </b:if>
    <b:if cond='data:style == &quot;MENU&quot;'>
      <b:include data='data' name='menu'/>
    </b:if>
  </div>
  </div>
  <b:include name='quickedit'/>
  </div>
</b:includable>
<b:includable id='flat' var='data'>
  <ul class='flat'>
    <b:loop values='data:data' var='i'>
      <li class='archivedate'>
        <a expr:href='data:i.url'><data:i.name/></a> (<data:i.post-count/>)
      </li>
    </b:loop>
  </ul>
</b:includable>
<b:includable id='menu' var='data'>
  <select expr:id='data:widget.instanceId + &quot;_ArchiveMenu&quot;'>
    <option value=''><data:title/></option>
    <b:loop values='data:data' var='i'>
      <option expr:value='data:i.url'><data:i.name/> (<data:i.post-count/>)</option>
    </b:loop>
  </select>
</b:includable>
<b:includable id='interval' var='intervalData'>
  <b:loop values='data:intervalData' var='i'>
      <ul class='hierarchy'>
        <li expr:class='&quot;archivedate &quot; + data:i.expclass'>
          <b:include data='i' name='toggle'/>
          <a class='post-count-link' expr:href='data:i.url'><data:i.name/></a>
            <span class='post-count' dir='ltr'>(<data:i.post-count/>)</span>
          <b:if cond='data:i.data'>
            <b:include data='i.data' name='interval'/>
          </b:if>
          <b:if cond='data:i.posts'>
            <b:include data='i.posts' name='posts'/>
          </b:if>
        </li>
      </ul>
  </b:loop>
</b:includable>
<b:includable id='toggle' var='interval'>
  <b:if cond='data:interval.toggleId'>
  <b:if cond='data:interval.expclass == &quot;expanded&quot;'>
    <a class='toggle' href='javascript:void(0)'>
      <span class='zippy toggle-open'>&#9660;&#160;</span>
    </a>
  <b:else/>
    <a class='toggle' href='javascript:void(0)'>
      <span class='zippy'>
        <b:if cond='data:blog.languageDirection == &quot;rtl&quot;'>
          &#9668;&#160;
        <b:else/>
          &#9658;&#160;
        </b:if>
      </span>
    </a>
  </b:if>
 </b:if>
</b:includable>
<b:includable id='posts' var='posts'>
  <ul class='posts'>
    <b:loop values='data:posts' var='i'>
      <li><a expr:href='data:i.url'><data:i.title/></a></li>
    </b:loop>
  </ul>
</b:includable>
</b:widget>
</b:section>
    </div>

    <div class='footer_widgets'>
<b:section id='sidebar5' preferred='yes'>
<b:widget id='BlogList1' locked='false' title='BlogRoll' type='BlogList'>
<b:includable id='main'>
    <!-- only display title if it's non-empty -->
    <b:if cond='data:title != &quot;&quot;'>
      <h2 class='title'><data:title/></h2>
    </b:if>

    <div class='widget-content'>
      <div class='blog-list-container' expr:id='data:widget.instanceId + &quot;_container&quot;'>
        <ul expr:id='data:widget.instanceId + &quot;_blogs&quot;'>
          <b:loop values='data:items' var='item'>
            <li expr:style='data:item.displayStyle'>
              <div class='blog-icon'>
                <b:if cond='data:showIcon == &quot;true&quot;'>
                  <input expr:value='data:item.blogIconUrl' type='hidden'/>
                </b:if>
              </div>
              <div class='blog-content'>
                <div class='blog-title'>
                  <a expr:href='data:item.blogUrl' target='_blank'>
                    <data:item.blogTitle/></a>
                </div>
                <div class='item-content'>
                  <b:if cond='data:showItemThumbnail == &quot;true&quot;'>
                    <b:if cond='data:item.itemThumbnail'> 
                      <div class='item-thumbnail'>
                        <a expr:href='data:item.blogUrl' target='_blank'>
                          <img alt='' border='0' expr:height='data:item.itemThumbnail.height' expr:src='data:item.itemThumbnail.url' expr:width='data:item.itemThumbnail.width'/>
                        </a>
                      </div>
                    </b:if>
                  </b:if>
                  <b:if cond='data:showItemTitle == &quot;true&quot;'>
                    <span class='item-title'>
                      <b:if cond='data:item.itemUrl != &quot;&quot;'>
                        <a expr:href='data:item.itemUrl' target='_blank'>
                          <data:item.itemTitle/></a>
                      <b:else/>
                        <data:item.itemTitle/>
                      </b:if>
                    </span>
                  </b:if>
                  <b:if cond='data:showItemSnippet == &quot;true&quot;'> 
                    <b:if cond='data:showItemTitle == &quot;true&quot;'>
                      -
                    </b:if>
                    <span class='item-snippet'>
                      <data:item.itemSnippet/>
                    </span>
                  </b:if>
                  <b:if cond='data:showTimePeriodSinceLastUpdate == &quot;true&quot;'>
                    <div class='item-time'>
                      <data:item.timePeriodSinceLastUpdate/>
                    </div>
                  </b:if>
                </div>
              </div>
              <div style='clear: both;'/>
            </li>
          </b:loop>
        </ul>

        <b:if cond='data:numItemsToShow != 0'>
          <b:if cond='data:totalItems &gt; data:numItemsToShow'>
            <div class='show-option'>
              <span expr:id='data:widget.instanceId + &quot;_show-n&quot;' style='display: none;'>
                <a href='javascript:void(0)' onclick='return false;'><data:showNText/></a>
              </span>
              <span expr:id='data:widget.instanceId + &quot;_show-all&quot;' style='margin-left: 5px;'>
                <a href='javascript:void(0)' onclick='return false;'><data:showAllText/></a>
              </span>
            </div>
          </b:if>
        </b:if>

        <b:include name='quickedit'/>
      </div>
    </div>
  </b:includable>
</b:widget>
</b:section>
    </div>
</div>

</div></div></div></div>
<div class='clear'/>



  <div id='footer'>
    <div id='footer_inner'>
      <div id='footer_info'>
        <p>Copyright &#169;2010 <a expr:href='data:blog.homepageUrl'><data:blog.title/></a> | designed by <a href='http://www.bloggets.blogspot.com/'>Bloggets</a></p>
      </div>
    </div>
  </div>
  <!-- FOOTER -->


</div>
<!-- /Wrapper -->

</body>
</html>