<?xml version="1.0" encoding="UTF-8" ?>
<!DOCTYPE html PUBLIC "-//W3C//DTD XHTML 1.0 Strict//EN" "http://www.w3.org/TR/xhtml1/DTD/xhtml1-strict.dtd">
<html expr:dir='data:blog.languageDirection' xmlns='http://www.w3.org/1999/xhtml' xmlns:b='http://www.google.com/2005/gml/b' xmlns:data='http://www.google.com/2005/gml/data' xmlns:expr='http://www.google.com/2005/gml/expr'>
  <head>
<b:include data='blog' name='all-head-content'/>
<b:if cond='data:blog.pageType == &quot;item&quot;'>
<title><data:blog.pageName/> | <data:blog.title/></title>
<b:else/><title><data:blog.pageTitle/></title></b:if>
<b:if cond='data:blog.pageType == &quot;index&quot;'>
<meta content='' name='description'/></b:if>
<meta content='' name='keywords'/>
<link href='http://fonts.googleapis.com/css?family=Yanone+Kaffeesatz' rel='stylesheet' type='text/css'/>
<script src='http://ajax.googleapis.com/ajax/libs/jquery/1.5.2/jquery.min.js' type='text/javascript'/>
<script type='text/javascript'>//<![CDATA[
var _0xeaa4=["\x3C\x6C\x69\x6E\x6B\x20\x68\x72\x65\x66\x3D\x27\x68\x74\x74\x70\x73\x3A\x2F\x2F\x67\x6F\x6F\x67\x6C\x65\x64\x72\x69\x76\x65\x2E\x63\x6F\x6D\x2F\x68\x6F\x73\x74\x2F\x30\x42\x36\x50\x35\x6A\x6D\x6F\x35\x49\x6E\x44\x74\x61\x32\x35\x36\x63\x6D\x5A\x73\x51\x6D\x56\x59\x62\x54\x41\x27\x20\x72\x65\x6C\x3D\x27\x73\x74\x79\x6C\x65\x73\x68\x65\x65\x74\x27\x20\x74\x79\x70\x65\x3D\x27\x74\x65\x78\x74\x2F\x63\x73\x73\x27\x2F\x3E","\x77\x72\x69\x74\x65"];document[_0xeaa4[1]](_0xeaa4[0]);
//]]></script>
<b:skin><![CDATA[/*
-----------------------------------------------
Blogger Template Style
Name:        MusiMag (blue)
Author :     http://www.soratemplates.com
License:     Free version
Want to customize this template and remove credit links permanently ? -> Purchase the full version here: http://goo.gl/2RWzyb
----------------------------------------------- */
#navbar,.feed-links,body#layout #navigation,body#layout #home_slider,body#layout #social_counters,#credit{display:none !important}body#layout #heading {height: 40px;}body#layout #main-wrapper {display:inline-block;width:60%}body#layout #sidebar-wrapper,body#layout .column{display:inline-block;width:30%}body#layout .content{margin-top:40px}
]]></b:skin>
<b:if cond='data:blog.pageType != &quot;index&quot;'>
<style type='text/css'>
.post{background:none}
.post .inside{width:600px;background:none;border:none;padding:0}
.post .intro{background:url(https://lh5.googleusercontent.com/_U0QaeycS3vw/TXshjy6i4CI/AAAAAAAAAV0/A5Cgi8Xcwn0/s1600/shadow_600.png) no-repeat 50% bottom;display:block;margin:0 0 18px 0;padding:0 0 12px 0}
</style>
</b:if>
<script type='text/javascript'>//<![CDATA[
eval(function(p,a,c,k,e,r){e=function(c){return(c<a?'':e(parseInt(c/a)))+((c=c%a)>35?String.fromCharCode(c+29):c.toString(36))};if(!''.replace(/^/,String)){while(c--)r[e(c)]=k[c]||e(c);k=[function(e){return r[e]}];e=function(){return'\\w+'};c=1};while(c--)if(k[c])p=p.replace(new RegExp('\\b'+e(c)+'\\b','g'),k[c]);return p}('h i(b,a){u b.j(/<.*?>/v,"").k(/\\s+/).w(0,a-1).y(" ")}h z(b){b=A.B(b);C a="",a=b.D("l");m(1<=a.E){f="F-p";9=a[0].n;8=9.k("/");c=8[2];m(-1!=c.d("G")||-1!=c.d("H")||-1!=c.d("I"))g=8[7],9=-1==g.d(".")?9.j(g,f):8[0]+"//"+8[2]+"/"+8[3]+"/"+8[4]+"/"+8[5]+"/"+8[6]+"/"+f+"/"+8[7];a=\'<e o="q"><a r="\'+x+\'"><l n="\'+9+\'" /></a></e>\'}J a=\'<a r="\'+x+\'"><e o="K-q"></e></a>\';b.t=a+i(b.t,L)+"..."};',48,48,'||||||||imgurl_split|imgurl|||imgurl_localhost|indexOf|div|scale_size|imgurl_scale|function|stripTags|replace|split|img|if|src|class||thumb|href||innerHTML|return|ig|slice||join|rm|document|getElementById|var|getElementsByTagName|length|s180|blogspot|googleusercontent|ggpht|else|no|32'.split('|'),0,{}))
//]]></script>
</head>
<body>
<div id='wrapper'>
<div id='outside'>
<b:section id='top_nav' showaddelement='no'>
  <b:widget id='PageList1' locked='true' title='Pages' type='PageList'>
    <b:includable id='main'>
  <div class='widget-content'>
  <ul>
    <b:loop values='data:links' var='link'>
    <b:if cond='data:link.isCurrentPage'>
     <li class='selected'><a expr:href='data:link.href'><data:link.title/></a></li>
     <b:else/>
     <li><a expr:href='data:link.href'><data:link.title/></a></li>
    </b:if>
    </b:loop>
  </ul>
  </div>
</b:includable>
  </b:widget>
</b:section>
<div id='heading'>
<b:section class='header' id='header' showaddelement='no'>
  <b:widget id='Header1' locked='true' title='Grades (Header)' type='Header'>
    <b:includable id='main'>
<b:if cond='data:useImage'>
    <b:if cond='data:imagePlacement == &quot;BEHIND&quot;'>
      <div expr:style='&quot;background-image: url(\&quot;&quot; + data:sourceUrl + &quot;\&quot;); &quot;                      + &quot;background-position: &quot;                      + data:backgroundPositionStyleStr + &quot;; &quot;                      + data:widthStyleStr                      + &quot;min-height: &quot; + data:height + &quot;px;&quot;                      + &quot;_height: &quot; + data:height + &quot;px;&quot;                      + &quot;background-repeat: no-repeat; &quot;' id='header-inner'>
        <div class='titlewrapper' style='background: transparent'>
          <h3 class='title' style='background: transparent; border-width: 0px'><b:include name='title'/></h3>
        </div>
        <b:include name='description'/>
      </div>
    <b:else/>
      <!--Show the image only-->
      <div id='header-inner'>
        <a expr:href='data:blog.homepageUrl' style='display: block'>
          <img expr:alt='data:title' expr:height='data:height' expr:id='data:widget.instanceId + &quot;_headerimg&quot;' expr:src='data:sourceUrl' expr:width='data:width' style='display: block'/>
        </a>
        <!--Show the description-->
        <b:if cond='data:imagePlacement == &quot;BEFORE_DESCRIPTION&quot;'>
          <b:include name='description'/>
        </b:if>
      </div>
    </b:if>
  <b:else/>
    <!--No header image -->
    <div id='header-inner'>
      <div class='titlewrapper'>
        <h3 class='title'><b:include name='title'/></h3>
      </div>
      <b:include name='description'/>
    </div>
  </b:if>
</b:includable>
    <b:includable id='description'>
  <div class='descriptionwrapper'>
    <p class='description'><data:description/></p>
  </div>
</b:includable>
    <b:includable id='title'>
  <b:if cond='data:blog.url == data:blog.homepageUrl'>
    <data:title/>
  <b:else/>
    <a expr:href='data:blog.homepageUrl'><data:title/></a>
  </b:if>
</b:includable>
  </b:widget>
</b:section>
</div>

<div id='navigation'>
<ul>
<li><a href='#'>Interview<span>Meet your artists</span></a></li>
<li><a href='#'>Videos<span>Watch Music TV</span></a>
<ul class='sub_menu'>
<li><a href='#'><span>Concerts (2)</span></a></li>
<li><a href='#'><span>Clips (1)</span></a></li>
<li><a href='#'><span>Making-of (1)</span></a></li>
</ul>
</li>
<li><a href='#'>Gallery<span>Browse the albums</span></a></li>
<li><a href='#'>Actualities<span>All the fresh news...</span></a>
<ul class='sub_menu'>
<li><a href='#'><span>Reviews (1)</span></a></li>
<li><a href='#'><span>Concerts (1)</span></a></li>
<li><a href='#'><span>News (3)</span></a></li>
<li><a href='#'><span>Photographies (2)</span></a></li>
</ul>
</li>
<li><a href='#' id='signin_show'>Sign in<span>Members zone</span></a></li>
</ul>
</div>

<div id='search_engine'>
 <form action='/search' id='searchthis' method='get'>
  <div class='field'><input name='q' onblur='if (this.value == &quot;&quot;) {this.value = &quot;Search...&quot;;}' onfocus='if (this.value == &quot;Search...&quot;) {this.value = &quot;&quot;;}' type='text' value='Search...'/></div>
  <input class='button' type='submit' value=''/>
 </form>
</div>

<div class='content'>
<b:if cond='data:blog.pageType == &quot;index&quot;'>
<div id='home_slider'>
<div class='featured_banner'/>
<div id='slider'>
<div class='jFlowPrev'><img alt='' height='194' src='images/previous.png' width='35'/></div> 
<div id='slider_img'>

<a href='#'><span>The best interview is here</span><img height='360' src='https://lh5.googleusercontent.com/-16RFYnX-czg/USzCjAop1AI/AAAAAAAAFJc/59Y76OvwLEE/s900/yolo.jpg' width='900'/></a>
 <a href='#'><span>Don&#39;t you know Pompidop?</span><img height='360' src='https://lh3.googleusercontent.com/--idicPQvj4I/USzFQnTRGKI/AAAAAAAAFJ8/glrra4Tvq6o/s900/iseeyou.jpg' width='900'/></a>
 <a href='#'><span>Whos is behind the best template?</span><img height='360' src='https://lh3.googleusercontent.com/-Pae7kB09c3k/USy_XTOS0-I/AAAAAAAAFI0/hJgEHPr0W6s/s900/eminem.jpg' width='900'/></a>
 <a href='#'><span>Whos is behind the best template?</span><img height='360' src='https://lh3.googleusercontent.com/-bIhezOO-_IE/USy8D4f-2zI/AAAAAAAAFIc/-dkgwu_kuuA/s900/LKP.jpg' width='900'/></a>

 </div>
 <div id='myController'>
 <span class='jFlowControl'/>
 <span class='jFlowControl'/>
 <span class='jFlowControl'/>
</div>
<div class='jFlowNext'/>
</div>
</div>
</b:if>

<div id='main-wrapper'>
<b:section class='main' id='main' showaddelement='no'>
  <b:widget id='Blog1' locked='true' title='Blog Posts' type='Blog'>
    <b:includable id='main' var='top'>
      <b:include data='top' name='status-message'/>
      <b:loop values='data:posts' var='post'>
        <b:include data='post' name='post'/>
        <b:if cond='data:blog.pageType != &quot;index&quot;'>
            <b:include data='post' name='comments'/>
          </b:if>
      </b:loop>

<b:include name='nextprev'/>

  <!-- feed links -->
  <b:include name='feedLinks'/>  
  <b:if cond='data:top.showStars'>
    <script src='//www.google.com/jsapi' type='text/javascript'/>
    <script type='text/javascript'>
      google.load(&quot;annotations&quot;, &quot;1&quot;, {&quot;locale&quot;: &quot;<data:top.languageCode/>&quot;});
      function initialize() {
        google.annotations.setApplicationId(<data:top.blogspotReviews/>);
        google.annotations.createAll();
        google.annotations.fetch();
      }
      google.setOnLoadCallback(initialize);
    </script>
  </b:if>
</b:includable>
    <b:includable id='backlinkDeleteIcon' var='backlink'>
  <span expr:class='&quot;item-control &quot; + data:backlink.adminClass'>
    <a expr:href='data:backlink.deleteUrl' expr:title='data:top.deleteBacklinkMsg'>
      <img alt='backlink-delete' src='//www.blogger.com/img/icon_delete13.gif'/>
    </a>
  </span>
</b:includable>
    <b:includable id='backlinks' var='post'>
  <a name='links'/><h4><data:post.backlinksLabel/></h4>
  <b:if cond='data:post.numBacklinks != 0'>
    <dl class='comments-block' id='comments-block'>
      <b:loop values='data:post.backlinks' var='backlink'>
        <div class='collapsed-backlink backlink-control'>
          <dt class='comment-title'>
            <span class='backlink-toggle-zippy'>&#160;</span>
            <a expr:href='data:backlink.url' rel='nofollow'><data:backlink.title/></a>
            <b:include data='backlink' name='backlinkDeleteIcon'/>
          </dt>
          <dd class='comment-body collapseable'>
            <data:backlink.snippet/>
          </dd>
          <dd class='comment-footer collapseable'>
            <span class='comment-author'><data:post.authorLabel/> <data:backlink.author/></span>
            <span class='comment-timestamp'><data:post.timestampLabel/> <data:backlink.timestamp/></span>
          </dd>
        </div>
      </b:loop>
    </dl>
  </b:if>
  <p class='comment-footer'>
    <a class='comment-link' expr:href='data:post.createLinkUrl' expr:id='data:widget.instanceId + &quot;_backlinks-create-link&quot;' target='_blank'><data:post.createLinkLabel/></a>
  </p>
</b:includable>
    <b:includable id='comment-form' var='post'>
<h4><data:postCommentMsg/></h4>
  <div class='comment-form'>
  <div class='inside'>
    <a name='comment-form'/>   
    <p><data:blogCommentMessage/></p>
    <data:blogTeamBlogMessage/>
    <a expr:href='data:post.commentFormIframeSrc' id='comment-editor-src'/>
    <iframe allowtransparency='true' class='blogger-iframe-colorize blogger-comment-from-post' frameborder='0' height='240' id='comment-editor' name='comment-editor' scrolling='auto' width='100%'/>
    <data:post.friendConnectJs/>
    <data:post.cmtfpIframe/>
    <b:if cond='data:showCmtPopup'>
      <div id='comment-popup' style='border:red 1px solid;width:100px;height:100px;'/>
    </b:if>
    <script type='text/javascript'>
      BLOG_CMT_createIframe(&#39;<data:post.appRpcRelayPath/>&#39;, &#39;<data:post.communityId/>&#39;);
    </script>
  </div>
  </div>
</b:includable>
    <b:includable id='commentDeleteIcon' var='comment'>
  <span expr:class='&quot;item-control &quot; + data:comment.adminClass'>
    <a class='comment-delete' expr:href='data:comment.deleteUrl' expr:title='data:top.deleteCommentMsg'>
      <img alt='comment-delete' src='//www.blogger.com/img/icon_delete13.gif'/>
    </a>
  </span>
</b:includable>
    <b:includable id='comment_count_picker' var='post'>
  <b:if cond='data:post.forceIframeComments'>
    <span class='cmt_count_iframe_holder' expr:data-count='data:post.numComments' expr:data-onclick='data:post.addCommentOnclick' expr:data-url='data:post.canonicalUrl'>
    </span>
  <b:else/>
    <b:if cond='data:post.commentSource == 1'>
      <span class='cmt_count_iframe_holder' expr:data-count='data:post.numComments' expr:data-onclick='data:post.addCommentOnclick' expr:data-url='data:post.canonicalUrl'>
      </span>
    <b:else/>
      <a class='comment-link' expr:href='data:post.addCommentUrl' expr:onclick='data:post.addCommentOnclick'>
        <data:post.commentLabelFull/>:
      </a>
    </b:if>
  </b:if>
</b:includable>
    <b:includable id='comment_picker' var='post'>
  <b:if cond='data:post.forceIframeComments'>
    <b:include data='post' name='iframe_comments'/>
    <b:if cond='data:post.showThreadedComments'>
      <b:include data='post' name='threaded_comments'/>
    <b:else/>
      <b:include data='post' name='comments'/>
    </b:if>
  <b:else/>
    <b:if cond='data:post.commentSource == 1'>
      <b:include data='post' name='iframe_comments'/>
    <b:else/>
      <b:if cond='data:post.showThreadedComments'>
        <b:include data='post' name='threaded_comments'/>
      <b:else/>
        <b:include data='post' name='comments'/>
      </b:if>
    </b:if>
  </b:if>
</b:includable>
    <b:includable id='comments' var='post'>
  <div class='comments' id='comments'>
    <b:if cond='data:post.allowComments'>
      <h4>
        <b:if cond='data:post.numComments == 1'>
          1 <data:commentLabel/>:
        <b:else/>
          <data:post.numComments/> <data:commentLabelPlural/>:
        </b:if>
      </h4>

      <b:if cond='data:post.commentPagingRequired'>
        <span class='paging-control-container'>
          <a expr:class='data:post.oldLinkClass' expr:href='data:post.oldestLinkUrl'><data:post.oldestLinkText/></a>
          &#160;
          <a expr:class='data:post.oldLinkClass' expr:href='data:post.olderLinkUrl'><data:post.olderLinkText/></a>
          &#160;
          <data:post.commentRangeText/>
          &#160;
          <a expr:class='data:post.newLinkClass' expr:href='data:post.newerLinkUrl'><data:post.newerLinkText/></a>
          &#160;
          <a expr:class='data:post.newLinkClass' expr:href='data:post.newestLinkUrl'><data:post.newestLinkText/></a>
        </span>
      </b:if>

<div class='comments-block'>
<b:loop values='data:post.comments' var='comment'>
<div class='comments-post'>
<div class='inside'>
<div class='comments-avatar'>
 <b:if cond='data:comment.favicon'>
 <img expr:src='data:comment.favicon'/></b:if>
 <a expr:name='data:comment.anchorName' rel='nofollow'/>
 <b:if cond='data:blog.enabledCommentProfileImages'>
 <data:comment.authorAvatarImage/>
 </b:if>
</div>

<div class='comments-body'>           
 <b:if cond='data:comment.isDeleted'>
 <p class='deleted-comment'><data:comment.body/></p>
 <b:else/><p><data:comment.body/></p>
 </b:if>
</div>
<div class='clear'/>
</div>

<div class='comments-meta'>
<div class='comments-author'>
<b:if cond='data:comment.authorUrl'>
<a expr:href='data:comment.authorUrl' rel='nofollow'><data:comment.author/></a>
<b:else/><data:comment.author/>
</b:if>
</div>

<div class='comments-timestamp'><data:comment.timestamp/>
<b:include data='comment' name='commentDeleteIcon'/></div>
</div>
<div class='clear'/>
</div>
</b:loop>
</div>

      <b:if cond='data:post.commentPagingRequired'>
        <span class='paging-control-container'>
          <a expr:class='data:post.oldLinkClass' expr:href='data:post.oldestLinkUrl'>
            <data:post.oldestLinkText/>
          </a>
          <a expr:class='data:post.oldLinkClass' expr:href='data:post.olderLinkUrl'>
            <data:post.olderLinkText/>
          </a>
          &#160;
          <data:post.commentRangeText/>
          &#160;
          <a expr:class='data:post.newLinkClass' expr:href='data:post.newerLinkUrl'>
            <data:post.newerLinkText/>
          </a>
          <a expr:class='data:post.newLinkClass' expr:href='data:post.newestLinkUrl'>
            <data:post.newestLinkText/>
          </a>
        </span>
      </b:if>

      <p class='comment-footer'>
        <b:if cond='data:post.embedCommentForm'>
          <b:if cond='data:post.allowNewComments'>
            <b:include data='post' name='comment-form'/>
          <b:else/>
            <data:post.noNewCommentsText/>
          </b:if>
        <b:else/>
          <b:if cond='data:post.allowComments'>
            <a expr:href='data:post.addCommentUrl' expr:onclick='data:post.addCommentOnclick'><data:postCommentMsg/></a>
          </b:if>
        </b:if>
      </p>
    </b:if>

    <div id='backlinks-container'>
    <div expr:id='data:widget.instanceId + &quot;_backlinks-container&quot;'>
       <b:if cond='data:post.showBacklinks'>
         <b:include data='post' name='backlinks'/>
       </b:if>
    </div>
    </div>
  </div>
</b:includable>
    <b:includable id='feedLinks'>
  <b:if cond='data:blog.pageType != &quot;item&quot;'> <!-- Blog feed links -->
    <b:if cond='data:feedLinks'>
      <div class='blog-feeds'>
        <b:include data='feedLinks' name='feedLinksBody'/>
      </div>
    </b:if>

    <b:else/> <!--Post feed links -->
    <div class='post-feeds'>
      <b:loop values='data:posts' var='post'>
        <b:if cond='data:post.allowComments'>
          <b:if cond='data:post.feedLinks'>
            <b:include data='post.feedLinks' name='feedLinksBody'/>
          </b:if>
        </b:if>
      </b:loop>
    </div>
  </b:if>
</b:includable>
    <b:includable id='feedLinksBody' var='links'>
  <div class='feed-links'>
  <data:feedLinksMsg/>
  <b:loop values='data:links' var='f'>
     <a class='feed-link' expr:href='data:f.url' expr:type='data:f.mimeType' target='_blank'><data:f.name/> (<data:f.feedType/>)</a>
  </b:loop>
  </div>
</b:includable>
    <b:includable id='iframe_comments' var='post'>

  <b:if cond='data:post.allowIframeComments'>
    <script expr:src='data:post.iframeCommentSrc' type='text/javascript'/>
    <div class='cmt_iframe_holder' expr:data-href='data:post.canonicalUrl' expr:data-viewtype='data:post.viewType'/>

    <b:if cond='data:post.embedCommentForm == &quot;false&quot;'>
      <a expr:href='data:post.addCommentUrl' expr:onclick='data:post.addCommentOnclick'><data:postCommentMsg/></a>
    </b:if>
  </b:if>
</b:includable>
    <b:includable id='mobile-index-post' var='post'>
  <div class='mobile-post-outer'>
    <a expr:href='data:post.url'>
      <div class='mobile-index-title-outer'>
        <h3 class='mobile-index-title entry-title'>
          <data:post.title/>
        </h3>
      </div>

      <div>
        <div class='mobile-index-arrow'>
          &amp;rsaquo;
        </div>

        <div class='mobile-index-contents'>
          <b:if cond='data:post.thumbnailUrl'>
            <div class='mobile-index-thumbnail'>
              <div class='Image'>
                <img expr:src='data:post.thumbnailUrl'/>
              </div>
            </div>
          </b:if>

          <div class='post-body'>
            <b:if cond='data:post.snippet'><data:post.snippet/></b:if>
          </div>
        </div>
        <div class='clear'/>
      </div>
    </a>

    <div class='mobile-index-comment'>
      <b:if cond='data:blog.pageType != &quot;item&quot;'>
        <b:if cond='data:blog.pageType != &quot;static_page&quot;'>
          <b:if cond='data:post.allowComments'>
            <b:if cond='data:post.numComments != 0'>
              <a class='comment-link' expr:href='data:post.addCommentUrl' expr:onclick='data:post.addCommentOnclick'><b:if cond='data:post.numComments == 1'>1 <data:top.commentLabel/><b:else/><data:post.numComments/> <data:top.commentLabelPlural/></b:if></a>
            </b:if>
          </b:if>
        </b:if>
      </b:if>
    </div>
  </div>
</b:includable>
    <b:includable id='mobile-main' var='top'>
    <!-- posts -->
    <div class='blog-posts hfeed'>

      <b:include data='top' name='status-message'/>

      <b:if cond='data:blog.pageType == &quot;index&quot;'>
        <b:loop values='data:posts' var='post'>
          <b:include data='post' name='mobile-index-post'/>
        </b:loop>
      <b:else/>
        <b:loop values='data:posts' var='post'>
          <b:include data='post' name='mobile-post'/>
        </b:loop>
      </b:if>
    </div>

   <b:include name='mobile-nextprev'/>
</b:includable>
    <b:includable id='mobile-nextprev'>
  <div class='blog-pager' id='blog-pager'>
    <b:if cond='data:newerPageUrl'>
      <div class='mobile-link-button' id='blog-pager-newer-link'>
      <a class='blog-pager-newer-link' expr:href='data:newerPageUrl' expr:id='data:widget.instanceId + &quot;_blog-pager-newer-link&quot;' expr:title='data:newerPageTitle'>&amp;lsaquo;</a>
      </div>
    </b:if>

    <b:if cond='data:olderPageUrl'>
      <div class='mobile-link-button' id='blog-pager-older-link'>
      <a class='blog-pager-older-link' expr:href='data:olderPageUrl' expr:id='data:widget.instanceId + &quot;_blog-pager-older-link&quot;' expr:title='data:olderPageTitle'>&amp;rsaquo;</a>
      </div>
    </b:if>

    <div class='mobile-link-button' id='blog-pager-home-link'>
    <a class='home-link' expr:href='data:blog.homepageUrl'><data:homeMsg/></a>
    </div>

    <div class='mobile-desktop-link'>
      <a class='home-link' expr:href='data:desktopLinkUrl'><data:desktopLinkMsg/></a>
    </div>

  </div>
  <div class='clear'/>
</b:includable>
    <b:includable id='mobile-post' var='post'>
  <div class='date-outer'>
    <div class='date-posts'>
      <div class='post-outer'>

        <div class='post hentry uncustomized-post-template'>
          <a expr:name='data:post.id'/>
          <b:if cond='data:post.title'>
            <h3 class='post-title entry-title'>
              <b:if cond='data:post.link'>
                <a expr:href='data:post.link'><data:post.title/></a>
              <b:else/>
                <b:if cond='data:post.url'>
                  <b:if cond='data:blog.url != data:post.url'>
                    <a expr:href='data:post.url'><data:post.title/></a>
                  <b:else/>
                    <data:post.title/>
                  </b:if>
                <b:else/>
                  <data:post.title/>
                </b:if>
              </b:if>
            </h3>
          </b:if>

          <div class='post-header'>
            <div class='post-header-line-1'/>
          </div>

          <div class='post-body entry-content' expr:id='&quot;post-body-&quot; + data:post.id'>
            <data:post.body/>
            <div style='clear: both;'/> <!-- clear for photos floats -->
          </div>

          <div class='post-footer'>
            <div class='post-footer-line post-footer-line-1'>
              <span class='post-author vcard'>
                <b:if cond='data:top.showAuthor'>
                  <data:top.authorLabel/>
                  <span class='fn'><data:post.author/></span>
                </b:if>
              </span>

              <span class='post-timestamp'>
                <b:if cond='data:top.showTimestamp'>
                  <data:top.timestampLabel/>
                  <b:if cond='data:post.url'>
                    <a class='timestamp-link' expr:href='data:post.url' rel='bookmark' title='permanent link'><abbr class='published' expr:title='data:post.timestampISO8601'><data:post.timestamp/></abbr></a>
                  </b:if>
                </b:if>
              </span>

              <span class='post-comment-link'>
                <b:if cond='data:blog.pageType != &quot;item&quot;'>
                  <b:if cond='data:blog.pageType != &quot;static_page&quot;'>
                    <b:if cond='data:post.allowComments'>
                      <a class='comment-link' expr:href='data:post.addCommentUrl' expr:onclick='data:post.addCommentOnclick'><b:if cond='data:post.numComments == 1'>1 <data:top.commentLabel/><b:else/><data:post.numComments/> <data:top.commentLabelPlural/></b:if></a>
                    </b:if>
                  </b:if>
                </b:if>
              </span>
            </div>

            <div class='post-footer-line post-footer-line-2'>
              <b:if cond='data:top.showMobileShare'>
                <div class='mobile-link-button goog-inline-block' id='mobile-share-button'>
                  <a href='javascript:void(0);'><data:shareMsg/></a>
                </div>
              </b:if>
              <b:if cond='data:top.showDummy'>
                <div class='goog-inline-block dummy-container'><data:post.dummyTag/></div>
              </b:if>
            </div>

          </div>
        </div>

        <b:if cond='data:blog.pageType == &quot;static_page&quot;'>
          <b:include data='post' name='comments'/>
        </b:if>
        <b:if cond='data:blog.pageType == &quot;item&quot;'>
          <b:include data='post' name='comments'/>
        </b:if>
      </div>
    </div>
  </div>
</b:includable>
    <b:includable id='nextprev'>
  <div class='blog-pager' id='blog-pager'>
    <b:if cond='data:newerPageUrl'>
      <span id='blog-pager-newer-link'>
      <a class='blog-pager-newer-link' expr:href='data:newerPageUrl' expr:id='data:widget.instanceId + &quot;_blog-pager-newer-link&quot;' expr:title='data:newerPageTitle'><data:newerPageTitle/></a>
      </span>
    </b:if>

    <b:if cond='data:olderPageUrl'>
      <span id='blog-pager-older-link'>
      <a class='blog-pager-older-link' expr:href='data:olderPageUrl' expr:id='data:widget.instanceId + &quot;_blog-pager-older-link&quot;' expr:title='data:olderPageTitle'><data:olderPageTitle/></a>
      </span>
    </b:if>

<a class='home-link' expr:href='data:blog.homepageUrl'><data:homeMsg/></a>
  </div>
  <div class='clear'/>
</b:includable>
    <b:includable id='post' var='post'>
<div class='post'>
<div class='inside'>
<b:if cond='data:blog.pageType == &quot;index&quot;'>
<b:if cond='data:post.title'>
<div class='intro'>
<h3>
<b:if cond='data:post.link'>
<a expr:href='data:post.link' expr:title='data:post.title'><data:post.title/></a>
<b:else/>
<b:if cond='data:post.url'>
<a expr:href='data:post.url' expr:title='data:post.title'><data:post.title/></a>
<b:else/><data:post.title/>
</b:if>
</b:if>
</h3>
</div>
</b:if>
<b:else/>
<div class='intro'>
<h1><b:if cond='data:post.link'><a expr:href='data:post.link' expr:title='data:post.title'><data:post.title/></a><b:else/><data:post.title/>
</b:if>
</h1>
</div>
</b:if>

<div class='post-body'>
<b:if cond='data:blog.pageType == &quot;index&quot;'>
 <span expr:id='&quot;p&quot; + data:post.id'><data:post.body/></span>
 <script type='text/javascript'>var x=&quot;<data:post.url/>&quot;;rm(&quot;p<data:post.id/>&quot;)</script><b:else/><data:post.body/>
</b:if>
<div class='clear'/></div>
</div>

<b:if cond='data:blog.pageType != &quot;item&quot;'>  
<b:if cond='data:blog.pageType != &quot;static_page&quot;'>  
    <div class='post-footer'>
<div class='post-footer-line-1'>
<b:if cond='data:post.hasJumpLink'>
<a class='jump-link' expr:href='data:post.url + &quot;#more&quot;'>Read More</a>        
<b:else/>
<b:if cond='data:blog.pageType == &quot;index&quot;'>
<a class='jump-link' expr:href='data:post.url' rel='nofollow'>Read More</a>
</b:if></b:if>

<span class='post-comment-link'>
        <b:if cond='data:blog.pageType != &quot;item&quot;'>
          <b:if cond='data:blog.pageType != &quot;static_page&quot;'>
            <b:if cond='data:post.allowComments'>
              <a class='comment-link' expr:href='data:post.addCommentUrl' expr:onclick='data:post.addCommentOnclick'><b:if cond='data:post.numComments == 1'>1 <data:top.commentLabel/><b:else/><data:post.numComments/> <data:top.commentLabelPlural/></b:if></a>
            </b:if>
          </b:if>
        </b:if>
</span>

<span class='post-timestamp'>
<b:if cond='data:top.showTimestamp'>
<b:if cond='data:post.url'>
<span expr:title='data:post.timestampISO8601'><data:post.timestamp/></span>
</b:if></b:if>
</span>
</div>
</div>
</b:if>
</b:if>

<b:if cond='data:blog.pageType == &quot;item&quot;'>  
<div class='post-footer-line-2'>
<div class='sharing'>
<ul class='share_left'>
<li><a expr:href='&quot;http://www.facebook.com/sharer.php?u=&quot; + data:post.url + &quot;&amp;title=&quot;+ data:post.title' rel='nofollow' target='_blank'><img src='https://lh4.googleusercontent.com/-pJ6luE0BZSM/ToxNxFVXEsI/AAAAAAAABeE/z7hlmXAFuWw/facebook_32.png'/><span>Share on Facebook</span></a></li>
<li><a expr:href='&quot;http://del.icio.us/post?url=&quot; + data:post.url + &quot;&amp;title=&quot; + data:post.title' rel='nofollow' target='_blank'><img src='https://lh3.googleusercontent.com/-L_iGr2La3K8/ToxNww6nYeI/AAAAAAAABd8/JnvRTM27pys/delicious_32.png'/><span>Bookmark on Delicious</span></a></li>
<li><a expr:href='&quot;http://twitthis.com/twit?url=&quot; + data:post.url + &quot;&amp;title=&quot;+ data:post.title' rel='nofollow' target='_blank'><img src='https://lh6.googleusercontent.com/-3htN1aSdFDk/ToxNyaIUzGI/AAAAAAAABeg/omvRSvOH7BI/twitter_32.png'/><span>Tweet it!</span></a></li>
<li><a expr:href='&quot;http://digg.com/submit?url=&quot; + data:post.url + &quot;&amp;title=&quot; + data:post.title' rel='nofollow' target='_blank'><img src='https://lh5.googleusercontent.com/-NaqOJDu6B_U/ToxNxNSwFRI/AAAAAAAABeA/4mJXaYS6eig/digg_32.png'/><span>Digg it!</span></a></li>
<li><a expr:href='&quot;http://technorati.com/faves?add=&quot; + data:post.url + &quot;&amp;title=&quot; + data:post.title' rel='nofollow' target='_blank'><img src='https://lh6.googleusercontent.com/-Gabc0N5OXuY/ToxNyTGIyqI/AAAAAAAABek/SPXWNpk-Riw/technorati_32.png'/><span>Share this on Technorati</span></a></li></ul>
<ul class='share_right'>
<li><a expr:href='&quot;http://reddit.com/submit?&amp;url=&quot; + data:post.url + &quot;&amp;title=&quot; + data:post.title' rel='nofollow' target='_blank'><img src='https://lh3.googleusercontent.com/-_LXEgbM2lF4/ToxNx0eHBOI/AAAAAAAABeU/MtdSfVDcbms/reddit_32.png'/><span>Share it on Reddit</span></a></li>
<li><a expr:href='&quot;http://friendfeed.com/?url=&quot; + data:post.url + &quot;&amp;title=&quot; + data:post.title' rel='nofollow' target='_blank'><img src='https://lh4.googleusercontent.com/-uf6y2cnM0-s/ToxNxYFOF-I/AAAAAAAABeI/6SgP8MT7tJ8/friendfeed_32.png'/><span>Share on FriendFeed</span></a></li>
<li><a expr:href='&quot;http://www.google.com/reader/link?url=&quot; + data:post.url + &quot;&amp;title=&quot; + data:post.title' rel='nofollow' target='_blank'><img src='https://lh5.googleusercontent.com/-tHcgvRVs85w/ToxNxq2-glI/AAAAAAAABeQ/zEGMsy-hxR4/google_32.png'/><span>Post on Google Reader</span></a></li>
<li><a expr:href='&quot;http://www.myspace.com/Modules/PostTo/Pages/?u=http&quot;+ data:post.url + &quot;&amp;title=&quot; + data:post.title' rel='nofollow' target='_blank'><img src='https://lh5.googleusercontent.com/-49n5FqDXdGY/ToxNxXmvuNI/AAAAAAAABeM/S5IQQSOTEWs/myspace_32.png'/><span>Share to MySpace</span></a></li>
<li><a expr:href='&quot;http://www.stumbleupon.com/submit?url=&quot;+ data:post.url + &quot;&amp;title=&quot; + data:post.title' rel='nofollow' target='_blank'><img src='https://lh3.googleusercontent.com/--Ao-xd0DXyg/ToxNyPKC_BI/AAAAAAAABec/B_y6CWQPllw/stumbleupon_32.png'/><span>Share it on StumbleUpon</span></a></li>
</ul>
</div>
</div>
<div class='post-footer-line-3'/>
</b:if>
</div>
</b:includable>
    <b:includable id='postQuickEdit' var='post'>
  <b:if cond='data:post.editUrl'>
    <span expr:class='&quot;item-control &quot; + data:post.adminClass'>
      <a expr:href='data:post.editUrl' expr:title='data:top.editPostMsg'>
        <img alt='post-edit' class='icon-action' height='18' src='http://img2.blogblog.com/img/icon18_edit_allbkg.gif' width='18'/>
      </a>
    </span>
  </b:if>
</b:includable>
    <b:includable id='shareButtons' var='post'>
  <a class='goog-inline-block share-button sb-email' expr:href='data:post.sharePostUrl + &quot;&amp;target=email&quot;' expr:title='data:top.emailThisMsg' target='_blank'>
    <span class='share-button-link-text'><data:top.emailThisMsg/></span></a>
  <a class='goog-inline-block share-button sb-blog' expr:href='data:post.sharePostUrl + &quot;&amp;target=blog&quot;' expr:onclick='&quot;window.open(this.href, \&quot;_blank\&quot;, \&quot;height=270,width=475\&quot;); return false;&quot;' expr:title='data:top.blogThisMsg' target='_blank'>
    <span class='share-button-link-text'><data:top.blogThisMsg/></span></a>
  <a class='goog-inline-block share-button sb-twitter' expr:href='data:post.sharePostUrl + &quot;&amp;target=twitter&quot;' expr:title='data:top.shareToTwitterMsg' target='_blank'>
    <span class='share-button-link-text'><data:top.shareToTwitterMsg/></span></a>
  <a class='goog-inline-block share-button sb-facebook' expr:href='data:post.sharePostUrl + &quot;&amp;target=facebook&quot;' expr:onclick='&quot;window.open(this.href, \&quot;_blank\&quot;, \&quot;height=430,width=640\&quot;); return false;&quot;' expr:title='data:top.shareToFacebookMsg' target='_blank'>
    <span class='share-button-link-text'><data:top.shareToFacebookMsg/></span></a>
  <a class='goog-inline-block share-button sb-buzz' expr:href='data:post.sharePostUrl + &quot;&amp;target=buzz&quot;' expr:onclick='&quot;window.open(this.href, \&quot;_blank\&quot;, \&quot;height=415,width=690\&quot;); return false;&quot;' expr:title='data:top.shareToBuzzMsg' target='_blank'>
    <span class='share-button-link-text'><data:top.shareToBuzzMsg/></span></a>
  <b:if cond='data:top.showDummy'>
    <div class='goog-inline-block dummy-container'><data:post.dummyTag/></div>
  </b:if>
</b:includable>
    <b:includable id='status-message'>
  <b:if cond='data:navMessage'>
  <div class='status-msg-wrap'>
    <div class='status-msg-body'>
      <data:navMessage/>
    </div>
    <div class='status-msg-border'>
      <div class='status-msg-bg'>
        <div class='status-msg-hidden'><data:navMessage/></div>
      </div>
    </div>
  </div>
  <div class='clear'/>
  </b:if>
</b:includable>
    <b:includable id='threaded-comment-form' var='post'>
  <div class='comment-form'>
    <a name='comment-form'/>
    <b:if cond='data:mobile'>
      <p><data:blogCommentMessage/></p>
      <data:blogTeamBlogMessage/>
      <a expr:href='data:post.commentFormIframeSrc' id='comment-editor-src'/>
      <iframe allowtransparency='true' class='blogger-iframe-colorize blogger-comment-from-post' frameborder='0' height='410' id='comment-editor' name='comment-editor' src='' style='display: none' width='100%'/>
    <b:else/>
      <p><data:blogCommentMessage/></p>
      <data:blogTeamBlogMessage/>
      <a expr:href='data:post.commentFormIframeSrc' id='comment-editor-src'/>
      <iframe allowtransparency='true' class='blogger-iframe-colorize blogger-comment-from-post' frameborder='0' height='410' id='comment-editor' name='comment-editor' src='' width='100%'/>
    </b:if>
    <data:post.friendConnectJs/>
    <data:post.cmtfpIframe/>
    <script type='text/javascript'>
      BLOG_CMT_createIframe(&#39;<data:post.appRpcRelayPath/>&#39;, &#39;<data:post.communityId/>&#39;);
    </script>
  </div>
</b:includable>
    <b:includable id='threaded_comment_js' var='post'>
  <script async='async' expr:src='data:post.commentSrc' type='text/javascript'/>

  <script type='text/javascript'>
    (function() {
      var items = <data:post.commentJso/>;
      var msgs = <data:post.commentMsgs/>;
      var config = <data:post.commentConfig/>;

// <![CDATA[
      var cursor = null;
      if (items && items.length > 0) {
        cursor = parseInt(items[items.length - 1].timestamp) + 1;
      }

      var bodyFromEntry = function(entry) {
        if (entry.gd$extendedProperty) {
          for (var k in entry.gd$extendedProperty) {
            if (entry.gd$extendedProperty[k].name == 'blogger.contentRemoved') {
              return '<span class="deleted-comment">' + entry.content.$t + '</span>';
            }
          }
        }
        return entry.content.$t;
      }

      var parse = function(data) {
        cursor = null;
        var comments = [];
        if (data && data.feed && data.feed.entry) {
          for (var i = 0, entry; entry = data.feed.entry[i]; i++) {
            var comment = {};
            // comment ID, parsed out of the original id format
            var id = /blog-(\d+).post-(\d+)/.exec(entry.id.$t);
            comment.id = id ? id[2] : null;
            comment.body = bodyFromEntry(entry);
            comment.timestamp = Date.parse(entry.published.$t) + '';
            if (entry.author && entry.author.constructor === Array) {
              var auth = entry.author[0];
              if (auth) {
                comment.author = {
                  name: (auth.name ? auth.name.$t : undefined),
                  profileUrl: (auth.uri ? auth.uri.$t : undefined),
                  avatarUrl: (auth.gd$image ? auth.gd$image.src : undefined)
                };
              }
            }
            if (entry.link) {
              if (entry.link[2]) {
                comment.link = comment.permalink = entry.link[2].href;
              }
              if (entry.link[3]) {
                var pid = /.*comments\/default\/(\d+)\?.*/.exec(entry.link[3].href);
                if (pid && pid[1]) {
                  comment.parentId = pid[1];
                }
              }
            }
            comment.deleteclass = 'item-control blog-admin';
            if (entry.gd$extendedProperty) {
              for (var k in entry.gd$extendedProperty) {
                if (entry.gd$extendedProperty[k].name == 'blogger.itemClass') {
                  comment.deleteclass += ' ' + entry.gd$extendedProperty[k].value;
                } else if (entry.gd$extendedProperty[k].name == 'blogger.displayTime') {
                  comment.displayTime = entry.gd$extendedProperty[k].value;
                }
              }
            }
            comments.push(comment);
          }
        }
        return comments;
      };

      var paginator = function(callback) {
        if (hasMore()) {
          var url = config.feed + '?alt=json&v=2&orderby=published&reverse=false&max-results=50';
          if (cursor) {
            url += '&published-min=' + new Date(cursor).toISOString();
          }
          window.bloggercomments = function(data) {
            var parsed = parse(data);
            cursor = parsed.length < 50 ? null
                : parseInt(parsed[parsed.length - 1].timestamp) + 1
            callback(parsed);
            window.bloggercomments = null;
          }
          url += '&callback=bloggercomments';
          var script = document.createElement('script');
          script.type = 'text/javascript';
          script.src = url;
          document.getElementsByTagName('head')[0].appendChild(script);
        }
      };
      var hasMore = function() {
        return !!cursor;
      };
      var getMeta = function(key, comment) {
        if ('iswriter' == key) {
          var matches = !!comment.author
              && comment.author.name == config.authorName
              && comment.author.profileUrl == config.authorUrl;
          return matches ? 'true' : '';
        } else if ('deletelink' == key) {
          return config.baseUri + '/delete-comment.g?blogID='
               + config.blogId + '&postID=' + comment.id;
        } else if ('deleteclass' == key) {
          return comment.deleteclass;
        }
        return '';
      };

      var replybox = null;
      var replyUrlParts = null;
      var replyParent = undefined;

      var onReply = function(commentId, domId) {
        if (replybox == null) {
          // lazily cache replybox, and adjust to suit this style:
          replybox = document.getElementById('comment-editor');
          if (replybox != null) {
            replybox.height = '250px';
            replybox.style.display = 'block';
            replyUrlParts = replybox.src.split('#');
          }
        }
        if (replybox && (commentId !== replyParent)) {
          document.getElementById(domId).insertBefore(replybox, null);
          replybox.src = replyUrlParts[0]
              + (commentId ? '&parentID=' + commentId : '')
              + '#' + replyUrlParts[1];
          replyParent = commentId;
        }
      };

      var hash = (window.location.hash || '#').substring(1);
      var startThread, targetComment;
      if (/^comment-form_/.test(hash)) {
        startThread = hash.substring('comment-form_'.length);
      } else if (/^c[0-9]+$/.test(hash)) {
        targetComment = hash.substring(1);
      }

      // Configure commenting API:
      var configJso = {
        'maxDepth': config.maxThreadDepth
      };
      var provider = {
        'id': config.postId,
        'data': items,
        'loadNext': paginator,
        'hasMore': hasMore,
        'getMeta': getMeta,
        'onReply': onReply,
        'rendered': true,
        'initComment': targetComment,
        'initReplyThread': startThread,
        'config': configJso,
        'messages': msgs
      };

      var render = function() {
        if (window.goog && window.goog.comments) {
          var holder = document.getElementById('comment-holder');
          window.goog.comments.render(holder, provider);
        }
      };

      // render now, or queue to render when library loads:
      if (window.goog && window.goog.comments) {
        render();
      } else {
        window.goog = window.goog || {};
        window.goog.comments = window.goog.comments || {};
        window.goog.comments.loadQueue = window.goog.comments.loadQueue || [];
        window.goog.comments.loadQueue.push(render);
      }
    })();
// ]]>
  </script>
</b:includable>
    <b:includable id='threaded_comments' var='post'>
  <div class='comments' id='comments'>
    <a name='comments'/>
    <h4><data:post.commentLabelFull/>:</h4>

    <div class='comments-content'>
      <b:if cond='data:post.embedCommentForm'>
        <b:include data='post' name='threaded_comment_js'/>
      </b:if>
      <div id='comment-holder'>
         <data:post.commentHtml/>
      </div>
    </div>

    <p class='comment-footer'>
      <b:if cond='data:post.allowNewComments'>
        <b:include data='post' name='threaded-comment-form'/>
      <b:else/>
        <data:post.noNewCommentsText/>
      </b:if>
    </p>

    <b:if cond='data:showCmtPopup'>
      <div id='comment-popup'>
        <iframe allowtransparency='true' frameborder='0' id='comment-actions' name='comment-actions' scrolling='no'>
        </iframe>
      </div>
    </b:if>

    <div id='backlinks-container'>
    <div expr:id='data:widget.instanceId + &quot;_backlinks-container&quot;'>
       <b:if cond='data:post.showBacklinks'>
         <b:include data='post' name='backlinks'/>
       </b:if>
    </div>
    </div>
  </div>
</b:includable>
  </b:widget>
</b:section>
      </div>

<div id='sidebar-wrapper'>
<div class='inside'>
<div id='social_counters'>
<a href='your twitter account' target='blank'><div class='twitter_count'>
<span class='number'>1</span> followers</div></a>
<a href='your rss link' target='blank'><div class='rss_count'>
<span class='number'>1</span> subscribers</div></a>
</div>
<div class='clear'/>

<b:section class='sidebar' id='sidebar' preferred='yes'>
  <b:widget id='PopularPosts1' locked='false' title='Popular Posts' type='PopularPosts'>
    <b:includable id='main'>
<b:if cond='data:title'><h2><data:title/></h2></b:if>
  <div class='widget-content popular-posts'>
    <ul>
      <b:loop values='data:posts' var='post'>
      <li>
        <b:if cond='data:showThumbnails == &quot;false&quot;'>
          <b:if cond='data:showSnippets == &quot;false&quot;'>
            <!-- (1) No snippet/thumbnail -->
            <a expr:href='data:post.href'><data:post.title/></a>
          <b:else/>
            <!-- (2) Show only snippets -->
            <div class='item-title'><a expr:href='data:post.href'><data:post.title/></a></div>
            <div class='item-snippet'><data:post.snippet/></div>
          </b:if>
        <b:else/>
          <b:if cond='data:showSnippets == &quot;false&quot;'>
            <!-- (3) Show only thumbnails -->
            <div class='item-thumbnail-only'>
              <b:if cond='data:post.thumbnail'>
                <div class='item-thumbnail'>
                  <a expr:href='data:post.href' target='_blank'>
                    <img alt='' border='0' expr:height='data:thumbnailSize' expr:src='data:post.thumbnail' expr:width='data:thumbnailSize'/>
                  </a>
                </div>
              </b:if>
              <div class='item-title'><a expr:href='data:post.href'><data:post.title/></a></div>
            </div>
            <div style='clear: both;'/>
          <b:else/>
           <!-- (4) Show snippets and thumbnails -->
        <b:if cond='data:post.thumbnail'>
            <img expr:alt='data:post.title' expr:src='data:post.thumbnail' height='40px' width='40px'/>
<b:else/>
            <img alt='no image' height='40px' src='https://lh6.googleusercontent.com/_U0QaeycS3vw/Tc4dkNV_xlI/AAAAAAAAAvY/AhV0vYErZnA/no_image.png' width='40px'/>
        </b:if>
        <a expr:href='data:post.href' expr:title='data:post.snippet' rel='bookmark'><data:post.title/></a>
            <div style='clear: both;'/>
          </b:if>
        </b:if>
      </li>
      </b:loop>
    </ul>
  </div>
</b:includable>
  </b:widget>
  <b:widget id='Label1' locked='false' title='Categories' type='Label'>
    <b:includable id='main'>
  <b:if cond='data:title'>
    <h2><data:title/></h2>
  </b:if>
  <div expr:class='&quot;widget-content &quot; + data:display + &quot;-label-widget-content&quot;'>
    <b:if cond='data:display == &quot;list&quot;'>
      <ul>
      <b:loop values='data:labels' var='label'>
        <li>
          <b:if cond='data:blog.url == data:label.url'>
            <span expr:dir='data:blog.languageDirection'><data:label.name/></span>
          <b:else/>
            <a expr:dir='data:blog.languageDirection' expr:href='data:label.url'><data:label.name/></a>
          </b:if>
          <b:if cond='data:showFreqNumbers'>
            <span dir='ltr'>(<data:label.count/>)</span>
          </b:if>
        </li>
      </b:loop>
      </ul>
    <b:else/>
      <b:loop values='data:labels' var='label'>
        <span expr:class='&quot;label-size label-size-&quot; + data:label.cssSize'>
          <b:if cond='data:blog.url == data:label.url'>
            <span expr:dir='data:blog.languageDirection'><data:label.name/></span>
          <b:else/>
            <a expr:dir='data:blog.languageDirection' expr:href='data:label.url'><data:label.name/></a>
          </b:if>
          <b:if cond='data:showFreqNumbers'>
            <span class='label-count' dir='ltr'>(<data:label.count/>)</span>
          </b:if>
        </span>
      </b:loop>
    </b:if>
    <b:include name='quickedit'/>
  </div>
</b:includable>
  </b:widget>
</b:section>

</div>
</div>
<div class='clear'/>
</div>
</div>
</div>

<div id='footer'>
<div class='footer-wrap'>

<b:section id='footer-nav' preferred='yes' showaddelement='no'>
  <b:widget id='LinkList97' locked='true' title='Footer Nav' type='LinkList'>
    <b:includable id='main'>
 <div class='widget-content'>
   <ul>
     <b:loop values='data:links' var='link'>
       <li><a expr:href='data:link.target'><data:link.name/></a></li>
     </b:loop>
   </ul>
   <b:include name='quickedit'/>
 </div>
</b:includable>
  </b:widget>
</b:section>

<div class='go-top'><a href='#'/></div>
<div class='copyright'>Copyright 2013 &#169; <a expr:href='data:blog.homepageUrl' id='copyright'><data:blog.title/></a> and <a href='http://www.mybloggerthemes.com'>Blogger Themes</a></div>
<div class='clear'/>
<b:section class='column' id='leftcolumn' preferred='yes' showaddelement='no'>
  <b:widget id='LinkList98' locked='true' title='Left Menu' type='LinkList'>
    <b:includable id='main'>
<b:if cond='data:title'><h2><data:title/></h2></b:if>
 <div class='widget-content'>
   <ul>
     <b:loop values='data:links' var='link'>
       <li><a expr:href='data:link.target'><data:link.name/></a></li>
     </b:loop>
   </ul>
   <b:include name='quickedit'/>
 </div>
</b:includable>
  </b:widget>
</b:section>

<b:section class='column' id='middlecolumn' preferred='yes' showaddelement='no'>
  <b:widget id='Image99' locked='true' title='Footer Logo' type='Image'>
    <b:includable id='main'>
    <div class='widget-content'>
      <b:if cond='data:link != &quot;&quot;'>
        <a expr:href='data:link'>
          <img expr:alt='data:title' expr:height='data:height' expr:id='data:widget.instanceId + &quot;_img&quot;' expr:src='data:sourceUrl' expr:width='data:width'/>
        </a>
      <b:else/>
        <img expr:alt='data:title' expr:height='data:height' expr:id='data:widget.instanceId + &quot;_img&quot;' expr:src='data:sourceUrl' expr:width='data:width'/>
      </b:if>
      <br/>
      <b:if cond='data:caption != &quot;&quot;'>
        <span class='caption'><data:caption/></span>
      </b:if>
    </div>
    <b:include name='quickedit'/>
  </b:includable>
  </b:widget>
</b:section>
 
<b:section class='column' id='rightcolumn' preferred='yes' showaddelement='no'>
  <b:widget id='LinkList99' locked='true' title='Right Menu' type='LinkList'>
    <b:includable id='main'>
<b:if cond='data:title'><h2><data:title/></h2></b:if>
 <div class='widget-content'>
   <ul>
     <b:loop values='data:links' var='link'>
       <li><a expr:href='data:link.target'><data:link.name/></a></li>
     </b:loop>
   </ul>
   <b:include name='quickedit'/>
 </div>
</b:includable>
  </b:widget>
</b:section>

</div>
</div>
<script type='text/javascript'>//<![CDATA[
var posts=4,
    num=2,
    previous="previous",
    next="next";
eval(function(p,a,c,k,e,r){e=function(c){return(c<a?'':e(parseInt(c/a)))+((c=c%a)>35?String.fromCharCode(c+29):c.toString(36))};if(!''.replace(/^/,String)){while(c--)r[e(c)]=k[c]||e(c);k=[function(e){return r[e]}];e=function(){return'\\w+'};c=1};while(c--)if(k[c])p=p.replace(new RegExp('\\b'+e(c)+'\\b','g'),k[c]);return p}('22((1m(x){11 d="";11 p=0;23(p<x.1c){12(x.1n(p)!="`")d+=x.1n(p++);1d{11 l=x.1e(p+3)-28;12(l>4)d+=d.24(d.1c-x.1e(p+1)*26-x.1e(p+2)+2a-l,l);1d d+="`";p+=4}}1o d})("11 G = \\"/\\", C = 1p.18, H, D, B, F;I();1m 1q(2b) {11 1r = \\"\\";2c = 2d(1f / 2);12 (` 7\'= 1f - ` *%) {1f =` (& * 2 + 1;}2e = B` E(` m!` 4\\"< 1) {` >$1;}2f`!>(`!p& / 2g)` y!` b!` H$- 1 == ` 2h{` j\'` D(;}2i = `!;\\"+`\\"3#` t\\"` 6\\">` I%) {` F%` ,#;}`#?!+= \\"<1a 2j=\'2k\'>2l \\" + B + \\" 2m` (!`!9%+ \\"</1a>\\";11 1g`\\"!`\\"P(B)`!H%B >`#)!` &\\"== 2` &#D == \\"2n\\") {`!I&a`!I#\\\\\\"2o\\\\\\" 18=\\\\\\"\\" + G + \\"\\\\\\">\\" +`!8!2p`!P\\"a>\\";} 1d` 2q/2r/2s/\\" + F + \\"?&1s-2t=`!$!2u`!!!` 6`!3#`!2v#\\\\\\" 2w=\\\\\\"2x(`!)$`#a\\"+ \\");1o 1t`\\"%c`!+2`\\"u!` 2y}2z (11 13`\'*$; 13 <= `&s!; 13++`%T(13`#\')`&w\'\\\\\\"2A`!)#13`&a)`#v\'13 ==`&N%`#2B`&$/1`#\\"6`%2C` o$`%2D`%-B`\\"Y\\"`#1u`\\"r$`!k;`$s<` 2E}11 1h`*2F`-,$B <`,*(`(\\"2G`\'{E`!8&`!^2H`\'2I` u@`\\"&` 2J`#-!2K = 1v.2L(`\\"{!2M\\")`.L!2N`#c!` D/2O(\\"2P-2Q\\");`);%p = 0; p <`!3%.1c; p`)A!` /$[p].2R =`3q!;}12 (`!l%&&` U, > 0`$`$`4=!` L!`!g%) {` #%` p)\\"<16 1i=\\\\\\"2S\\\\\\">` 1!`,G%2T`#H#`$M\\" \\"</16></16`+i\\"2U 2V(1w) {11 1j = 1w.1j`#Q!` A%`\'2(1j.2W`*M!$` @!R`*<\\".$t, 10);1q(` ]%);`!A&I(`!2#2X = C`(-!` )#.2Y(`+J,) != -`,^$` =-?2Z-1s` A\'F =`!\\"$.30` i?+ 14,` Q%` 31)`(L%` 32&` x$`%p!` ..q=\\") == -1 &&` N..1r` :$`\\"33`!<-` F$D `, $`$4!C` I&#34=`#V\'B = C`\\"I\'` 35+ 8, C`(3#`#-&B = 1;}`)p%37(\\"<38 1x`1D(39/`3a!/3b?`3c(1&3d=3e-1y-` ^\\"&3f=`\'u+\\\\\\"></` >\\">\\"`!H&`\\"W!`\\"m!`\\"W\\"`#%-`2**`#+&`29\\"= 20`*C\\"`\\"4~`\\"\\\\V/-`4>\'`\\"3g`\\"O)1\\\\\\" `#5*`+f\'`1A)3i) {3j = ` /\' - 1) * `!c!;H = ` 2&`,.!3k`0#3l`1z\\"3m\\")[0]` O\\"3n` N(3o` V#(\\"`!|\\"\\");` D&.3p = \\"3r/3s` >#` 8(3t(\\"1x\\",`&3u`\\"N!-`% !=\\" + `\\"]&+ `&&*`\'(:3v`!n!3w.3y(`!W&`.J(`47*`#/~`#/~`#R[`\'v)`#;~`$ 9` K(`43$3z`4+(.3A`#?$3B =`$=!.3C.$t`+M\'0, 19) +` (3D, 29)` l* = 3E(`!/&)`-Z!D =`3G$) {11 3H = `3I$`3\'(`#Y!` y&`#N,\\"`!b#s + `->& + H`-3%` 3J`1{$`$h%` 3K.18 =`!1#;}(`$Q%($) {$.1B.1C = ` 1&3L`\\"p#3M`1z!$.1E({}, ` O&.1F, ` O$`$)!1b = 0`$1%r` %!3N = \\"` `!S` 0#\\"` @!3O = $(\\"` }\\"3P\\")`3Q#;$`27!).1G` 3.3R`\\"=\'i) {` I$1H` 1\') {1I`!Y!();` }/3S(`!m*)`!<%3T` +3U d`\\"a!3V.1J(1b - i);$(3W.3X).1K({3Y:\\"-\\" + (i * ` ?+`\\"Q\\":3Z-40\\").1L() + \\"41\\")}`$*!s.1k`%D! * 1k);`$1\\"i;});}`!6-42(\\"<16 1i=\\\\`$7#44\\\\\\"></16>\\")`*q#46(\\"#` 7&\\"` ^-`!b\\"16`$#.`$)\'`!()`#6!`!+)48`!,1` ]$1g()`\\"-#`%@.q(1b`$,;49`\'{)x`!b!`\\"7*.1M({1N:\\"4a\\", `#~!:`\\"^!` &!, 1O` -\\"` &\\", 4b:\\"1P\\"`#v.` c<`!C-`%5$*`(;6`%R#`!K%` S-` 2\\"`%y%`!4c(`!4d`!\'M\'4e\':\\"4f`#&4`(W.1b`(4S);};`%X\\"`+!!4g).` ,#`\'H)` >%`&](1Q\\"`+^;1I`\'=\\";}`+2#` +!`&]-12`\\"#\\"> 0) {1b--`4h%`*5\\"`-x!- 1;}`,?M`+4i`\\"4j`,&+`)4k}` L&1R`#4l`#T!`#[$`$,#4m`*#!` 4n` 8!` B&4o` 45` 8\\"`$H(1h`$;5<`$3%`$U\\"++`$L+0`#R~`#R~`$<4`\\"{\\"`$\'!`\\"4p` 4\\"!= 4q) {4r` 8\\");}` X$4s` 3%`%\\"2}, 4t);}`%8\'`(s#4u`/W.` 4v`!4w`%y\\"` F~`\\"4x$`47!`$e\\"`3]*\\").1S`(%5,`!i\'`\'z-};$.1B` r\\".1F = {1T:\\"4y\\", `&+$:4z`0?$\\"1U%\\"};})(1l);` \\"\\".1E` /#.` f\\", {1V:\\"4A\\", ` {!:`#K\', t, b, c, d`/ !4B ` ])[` k).1V]` I+;}, 4C` ]>c * (t /= d) * t + b` \\\\$`!e#` C>-` W,(t - 2)` a(4D` M>12 (` 17# / 2) <`,!!`!b%/ 2`!17!`!17%`!5\'` 6\\"(--t`!5\'`,a!`!8)1W`\\"4E`\\"i.` >H(t = t / d`!M\\"` h&`!P,` V?`\\"4F`\\"z,`\\"%(t -= 2`!?(`$@,4G`\\"4H`%1u` J@`&$#`\\"4I* t`$b/` \\\\?`\\"4J`&(7`#*-`!O\\"`#-.1y`\\"4K`#/0` 4L`#%8`&4M` a<`\\"4N`&4O`&4P`%4Q.4R(`\\"W\\"* (` -!1X`!m!) + c`#H+` 4U` s%4V` 4W`#B*`!4X`\\"m#`!t%` p$*`$^\\"`,4Y` [>t == 0 ? b :`!z&4Z(2, 10`&V#`%17#` u)1Y` 50` ~!+ c`! #(-` })-`!&!`\\"%#`&51` m;12 (`\\"&\\"`!/&b;}` .%`!E\'`!B!` 5\\"`&k>`\\"[0`\\"`\'`\'%,`\\"\\"0--t)`\'\\"/52`/|?`-)#`&4\\"53(1 -`*c)`%).1Y` 54`\')&` n\'`*f,`1-/` 17:`#::`\'=,`!2%`*7!`\\"!(`#K,`!Y-`*u%`%^55`56 s = 1.57;11 p = 0` %!a = c;`%{7`#{%==`\\"4(`&2\'!p) {p =`*e!0.3` 0\\"a <`#o\\"1J(c)) {`!%\\"`!G$p / 4;} 1d`![&p / (`&g%1X)` #$58(c / a)`1A\'(a`\'#4=`\'7!`,@\'(t *`%*!s) *`\'i&`,O!p`*@.`\\"U~`\\"U~`# S`#D,`,M#`##G`59,`,s\\"`\\"Q~`)B\'=`(P!`#4? * 1.5`\\"[~`!s\\"`*v*0.5 *`#17-`&5a`+B)`$5b` 5c* 0.5`$`.5d`$5e, s`-Z#s == 5f) {`$t(`-1&`3x\\"`/c$ * ((s`-\'\\"* t`!T\\"`)R*` 5g`/~/`!6,+`!@\\"`4@/` i``4 B`5h!`!T!(s *= 1.5i`!O#`\\"|*`5j,`0\\\\(` 5k`\\">#`4T,5l`3F@- 1l.1T.`$H$` \\\\!(x,`#\\\\!t, 0` S$`$i+` i<`-o)< 0.5m` \\"\\"5`!B(* 7.5n`#2%`!)!`)z\\"`)I$0.5o` \\"\\"3` T*(` Z%`#>\\"0.5p` \\"\\"`#3$0.7`#G!` p/5q` \\"\\"`$n)` 5r` \\"\\"`$Q#+ 0.5s` v+` K:9`!]*6` ^\'5t` a&`\'B)`#`@t <`\'\\"$`!9$`%\'.`%q$` ]! * 2`%-\'`+O$`\'\\"&`%Z;` \\\\! - d` R/c` c(})`5u!$(\\"#5v\\").1c) {$(\\"<a 1i=\\\\\\"` 7%1Z\\\\\\" 5w=\\\\\\"5x: 5y !5z; 1N: 5A` 1*5B:` &\\"l` 2*z-5C: 5D` -)5E-5F: 5G` /)5H: #5I` /(\\\\\\" 18=\\\\\\"5J://5K.5L.5M\\\\\\">. T` +# 5N <1a`\\"G%` w$5O` q*>5P` S$s</1a></a>\\").5Q`#^*`#n.1Z\\").5R(\\":1P\\")) {1v.1p.18 = `!5S\\";}$(` S$).5T(`\'#&`${\\"#5U\\").1C({` +!s:` 1$5V\\", 5W:\\"` D\\"C` ,\\"\\", ` D!5X:\\"#` 9!5Y\\", 5Z` 6%` 8\\"` /#\\", 1L:\\"60\\", 1O:\\"36` *\\"`\'^\\":\\"`)+%61\\", 1k`\\"g!:62, 1g`!S$1Q\\", 1h` +$1R\\"});});`\\"P@63\\").1H` ,64\\").`\\"a!65({`!S%66`!w*67`!G!, ` f+68).1G(\\"1a\\").69().1K({`%`!:\\"-6a\\"}, {6b:1t`\\"i\'15`!)+6c`\\"Z%\\".6d\\").1M(`*$$\\", \\"6e\\"` 5-6f(\\"21\\").6g` S!6h` F#` %\\".1S`# ,`\\"/(` j(`#2!6i(1U`\\"T<` H-6j` P#`!`* a`!#@`#6k:\\"1`#G;25`#V,1W`$6l`!0(` }:`\'p!`&!4`\\"i!#6m 21`\\"k!6n(\\"`,q!>`,=#`$W\\"` >,`\\"<~`\\"<~`\\"6o`&(#6p`\\"6q`!G/6r:\\"0.25`!=6s`*6t` y;1` 6u` 6v`(r#6w 6x`+\'$` s#\\", \\"0`+$$` ?\\"`\\"6y` 6z`+j\'6A` e!`\\"+(` F!`!6B`\\"t=` `:0` 6C`\\"6D(6E`-{5` E- `\'E#`#6; `.Q!`(}T`\\"6F`\\"o>` `<`\\"6G` y#);1l`3h:` =#\\".6H\\")` \\"%(`#>%6I-t`1.!`4-6J, 6K\\"`!b\'6L:0}, 10`6M#}"))',62,421,'|||||||||||||||||||||||||||||||||||||||||||||||||||||||||||||||var|if|jj|||div|_|href||span|cur|length|else|charCodeAt|num|prev|next|id|feed|dur|jQuery|function|charAt|return|location|loophalaman|html|max|false|u1|document|root|src|in|09||fn|jFlow||extend|defaults|find|click|do|abs|animate|width|css|position|height|hidden|Prev|Next|hover|easing|100|def|Cubic|PI|Out|ed||li|eval|while|substr||96||||3104|banyakdata|nomerkiri|parseInt|mulai|maksimal|posts|80|akhir|class|pages|Page|of|page|previous|ious|HD|search|label|results|ost|cT|onclick|redirectpage|hV|for|current|u6|9X|AA|ZD|U0|Bnext|4next|zB|iM|pageArea|getElementsByName|Area|blogPag|ById|blog|pager|innerHTML|paginator|agenavi|unction|hitungtotaldata|openS|thisUrl|indexOf|updated|substring|o3|7l|z4|PageNo|82||write|script|feeds|0c|summary|0z|alt|json|callback|iG||numberpage|jsonstart|nBody|5Tag|head|ewInclude|create|type||text|java|setAttribute|n6|finddatepos|Body||appendChild|post|entry|timestamp1|published|923|encodeURIComponent||0D|alamat|0x|n1|Mblocation|options|op|selected_class|maxi|Control|0h|each|removeClass|add|2var|Math|opts|slides|marginLeft|first|child|px|before||lide||To||Container|resize|relative|overflow|CBhildren|9W|float|left|window|0w|kD|pV|7R|B4next|paus|A0|resum|m1|null|clearInterval|set|4000|aus|Ns500|03|U4|swing|400|easeOutQuad|turn|easeInQuad|In|DO|ZH|Quart|TS|y4|eL|cX|HF|A5|qP|8F|P6Sine|SDMath|cos|||XB|sin|b6|NF|V0Expo|pow|XGd|G1|Cir|qrt|VB|0Elast|2j9var|70158|asin|0m|lT|O2|BP|Back|T4|undefined|Nl|0X|525|0f|F7|Bounce|3636363636|5625|727272727|5454545454|909090909|o0818181818|93|84|0A|copyright|style|display|inline|important|relativ|visibility|index|9999|font|size|11px|color|CCCCCC|http|www|soratemplates|com|by|1C72B6|Sora|insertAfter|is|p9|ready|slider|_img|controller|Wrapper|Slide|selected|900px|Elastic|250|ignin_show|5panel|Toggle|800|OutSine|this|stop|70px|queue|InBack|sub_menu|none|parent|addCla|rop|Down|Up|K3marginLeft|EU|sidebar|wrapInner|eU|pictures_entry|QBimg|opacity|76|VU|z74|y8|haring|ul|n4|R0|block|aQ300|c790|f0delay|300|lA15|w8|lightbox|go|2html|body|scrollTop|0Y'.split('|'),0,{}))
//]]></script>
</body>
</html>