<?xml version="1.0" encoding="UTF-8" ?>
<!DOCTYPE html PUBLIC "-//W3C//DTD XHTML 1.0 Strict//EN" "http://www.w3.org/TR/xhtml1/DTD/xhtml1-strict.dtd">
<html expr:dir='data:blog.languageDirection' xmlns='http://www.w3.org/1999/xhtml' xmlns:b='http://www.google.com/2005/gml/b' xmlns:data='http://www.google.com/2005/gml/data' xmlns:expr='http://www.google.com/2005/gml/expr'>
  <head>
    <b:include data='blog' name='all-head-content'/>
    <b:if cond='data:blog.pageType == &quot;index&quot;'>
    <title><data:blog.pageTitle/></title>
    <b:else/>
    <title><data:blog.pageName/> - <data:blog.title/></title>
    </b:if>
<meta content='type your description here.' name='description'/>
<meta content='type your keyword here' name='keywords'/>
<meta content='INDEX, FOLLOW' name='ROBOTS'/> 
<meta content='Creating Website' name='author'/>
    <b:skin><![CDATA[/*
-----------------------------------------------
Blogger Template Style
Name       : Minima
Date       : 26 Feb 2004
Updated by : Blogger Team
----------------------------------------------- */

/* Variable definitions
   ====================
   <Variable name="bgcolor" description="Page Background Color"
             type="color" default="#fff" value="#ffffff">
   <Variable name="textcolor" description="Text Color"
             type="color" default="#000" value="#000000">
   <Variable name="linkcolor" description="Link Color"
             type="color" default="#58a" value="#1c4870">
   <Variable name="pagetitlecolor" description="Blog Title Color"
             type="color" default="#666" value="#333333">
   <Variable name="descriptioncolor" description="Blog Description Color"
             type="color" default="#999" value="#666666">
   <Variable name="titlecolor" description="Post Title Color"
             type="color" default="#c60" value="#333333">
   <Variable name="bordercolor" description="Border Color"
             type="color" default="#ccc" value="#dcd9d9">
   <Variable name="sidebarcolor" description="Sidebar Title Color"
             type="color" default="#999" value="#666666">
   <Variable name="sidebartextcolor" description="Sidebar Text Color"
             type="color" default="#666" value="#666666">
   <Variable name="visitedlinkcolor" description="Visited Link Color"
             type="color" default="#999" value="#1c4870">
   <Variable name="bodyfont" description="Text Font"
             type="font" default="normal normal 100% Arial" value="normal normal 97% Arial">
   <Variable name="headerfont" description="Sidebar Title Font"
             type="font"
             default="normal normal 78% Arial" value="normal normal 90% Arial">
   <Variable name="pagetitlefont" description="Blog Title Font"
             type="font"
             default="normal normal 200% Georgia, Serif" value="normal normal 200% Georgia, Serif">
   <Variable name="descriptionfont" description="Blog Description Font"
             type="font"
             default="normal normal 78% 'Trebuchet MS', Trebuchet, Arial, Verdana, Sans-serif" value="normal normal 90% 'Georgia', Trebuchet, Arial, Verdana, Sans-serif">
   <Variable name="postfooterfont" description="Post Footer Font"
             type="font"
             default="normal normal 78% 'Trebuchet MS', Trebuchet, Arial, Verdana, Sans-serif" value="normal normal 98% 'Arial', Trebuchet, Verdana, Sans-serif">
   <Variable name="startSide" description="Side where text starts in blog language"
             type="automatic" default="left" value="left">
   <Variable name="endSide" description="Side where text ends in blog language"
             type="automatic" default="right" value="right">
*/

/* Use this with templates/template-twocol.html */

/* Navbar Frame
----------------------------- */
#navbar-iframe {height:0px;visibility:hidden;display:none}

body{background:#696969;color:$textcolor;font:x-small Georgia Serif;font-size:small;text-align:center;margin:0}
a:link{color:$linkcolor;text-decoration:none}
a:visited{color:$visitedlinkcolor;text-decoration:none}
a:hover{color:$titlecolor;text-decoration:underline}
a img{border-width:0}

/* Header
----------------------------------------------- */

#header-wrapper{background:#fff;width:962px;margin:0 auto}
#header-inner{background-position:center;margin-left:auto;margin-right:auto}
#header{float:left;width:470px;border:0 solid $bordercolor;text-align:left;color:$pagetitlecolor;margin:0}
#header2{float:right;width:468px;margin-right:10px;text-align:left;color:#555}
.header .widget,.header2 .widget{margin:0 auto;padding:10px 0 5px}
#header h1{line-height:1.2em;text-transform:uppercase;letter-spacing:.1em;font:$pagetitlefont;margin:0 auto;padding:10px 5px .15em}
#header a{color:$pagetitlecolor;text-decoration:none}
#header a:hover{color:$pagetitlecolor}
#header .description{max-width:100%;text-transform:uppercase;letter-spacing:.01em;line-height:1.2em;font:$descriptionfont;color:$descriptioncolor;margin:0 auto;padding:0 5px 5px}
#header img{margin-startside:auto;margin-endside:auto}

/* Outer-Wrapper
----------------------------------------------- */
#outer-wrapper{background:#fff;-moz-box-shadow:0 0 10px #000;border:8px solid #fff;width:962px;text-align:$startSide;font:$bodyfont;margin:15px auto;padding:0}
#crosscol-wrapper {padding:5px;margin:0 auto;}
.crosscol .widget {margin:0 auto;padding:0px 0px 6px 0px;}
#main-wrapper{border-right:1px solid $bordercolor;padding-right:10px;padding-left:10px;width:610px;float:$startSide;word-wrap:break-word;overflow:hidden}
#sidebar-wrapper{padding-right:10px;width:310px;float:$endSide;word-wrap:break-word;overflow:hidden}
#sidebar3-wrapper{width:160px;float:right;word-wrap:break-word;overflow:hidden;padding-right:10px}
.slide-wrapper{width:auto;float:left;word-wrap:break-word;overflow:hidden;margin:0 auto;padding:0 auto}

/* Headings
----------------------------------------------- */
h2 {margin:0.5em 0 .75em;font:$headerfont;line-height: 1.2em;text-transform:uppercase;letter-spacing:.01em;color:$sidebarcolor;}

/* Posts
----------------------------------------------- */
h2.date-header{text-transform:none;font:normal 12px Arial;color:#888;line-height:1.2em;margin:.1em 0}
.post{border-bottom:1px solid $bordercolor;padding-bottom:.2em;margin:.2em 0}
.post h3{font-size:180%;font-weight:400;line-height:1.2em;color:#103052;margin:.25em 0 0;padding:0 0 4px}
.post h3 a,.post h3 a:visited,.post h3 strong{display:block;text-decoration:none;color:$titlecolor;font-weight:400}
.post h3 strong,.post h3 a:hover{color:$textcolor}
.post-body{font-size:14px;color:#1D1D1D;line-height:1.3em;margin:2em 0 .75em}
.post-body blockquote{line-height:1.3em}
.post-footer{color:$sidebarcolor;text-transform:none;letter-spacing:.01em;font:$postfooterfont;line-height:1.4em;margin:.75em 0}
.comment-link{margin-startside:.6em}
.post img, table.tr-caption-container {padding-top:4px;border:0px solid $bordercolor;}
.tr-caption-container img {border: none;padding: 0;}
.post blockquote{margin:1em 20px}
.post blockquote p{margin:.75em 0}

/* Comments
----------------------------------------------- */
#comments h4{font-weight:700;line-height:1.4em;text-transform:uppercase;letter-spacing:.01em;color:$sidebarcolor;margin:1em 0}
#comments-block{line-height:1.6em;margin:1em 0 1.5em}
#comments-block .comment-author{margin:.5em 0}
#comments-block .comment-body{margin:.25em 0 0}
#comments-block .comment-footer{line-height:1.4em;text-transform:uppercase;letter-spacing:.1em;margin:-.25em 0 2em}
#comments-block .comment-body p{margin:0 0 .75em}
.deleted-comment{font-style:italic;color:gray}
#blog-pager-newer-link{float:$startSide}
#blog-pager-older-link{float:$endSide}
#blog-pager{text-align:center}
.feed-links{clear:both;line-height:2.5em}

/* Sidebar Content
----------------------------------------------- */
.sidebar h2{font:bold 13px Arial;text-transform:none;color:#000;line-height:1.2em;letter-spacing:.01em;background:url(http://3.bp.blogspot.com/-GaWGIBFtNrU/TqNhP_emgFI/AAAAAAAAA1s/75Dk7vIboCw/s1600/midle2_h2.gif) repeat-x bottom left;border:1px solid #ccc;border-width:0 0 1px;margin:0 auto;padding:5px 10px}
.sidebar .widget{background:#fff;margin:0 0 8px;padding:0 auto}
.sidebar a:link,.sidebar a:visited{font:12px Arial;color:#16387c;text-decoration:none}
.sidebar .widget-content{margin:0 auto;padding:0 auto}
.sidebar{font:normal 12px Arial;color:#555;line-height:1.4em}
.sidebar li{background:url(http://4.bp.blogspot.com/-GSW7MPAS1FA/TwANMdXOSkI/AAAAAAAAARE/XBShBuqqHAc/s1600/arrow_bg.GIF) no-repeat 5px 9px;border-bottom:1px dotted $bordercolor;text-indent:0;line-height:1.4em;margin:0;padding:
3px 0 4px 20px}
.sidebar a:hover{color:#FF9900}
.sidebar ul{list-style:none;margin:0;padding:0}
.main .widget{border-bottom:1px solid $bordercolor;margin:0 auto;padding:0 auto}
.main .Blog{border-bottom-width:0}

/* Sidebar3 Content
----------------------------------------------- */
.sidebar3{color:$sidebartextcolor;line-height:1.3em}
.sidebar3 ul{list-style:none;margin:0;padding:0}
.sidebar3 li{background:url(http://lh4.ggpht.com/_15FopxVONSo/ShYuf4RqUuI/AAAAAAAACxI/jcump2GgfLg/iconbullet.gif) no-repeat 3px 5px;text-indent:0;line-height:1.3em;border-bottom:1px dotted $bordercolor;margin:0;padding:2px 0 3px 24px}
.sidebar3 .widget{border-bottom:1px solid $bordercolor;margin:0 0 5px;padding:0 0 5px}
.sidebar3 a:link,.sidebar3 li a:visited{color:#1c4870;text-decoration:none}
.sidebar3 li a:hover{color:#FF9900}

/* Profile 
----------------------------------------------- */
.profile-img{float:$startSide;margin-top:0;margin-endside:5px;margin-bottom:5px;margin-startside:0;border:1px solid $bordercolor;padding:4px}
.profile-data{text-transform:uppercase;letter-spacing:.1em;font:$postfooterfont;color:$sidebarcolor;font-weight:700;line-height:1.6em;margin:0}
.profile-datablock{margin:.5em 0}
.profile-textblock{line-height:1.6em;margin:.5em 0}
.profile-link{font:$postfooterfont;text-transform:uppercase;letter-spacing:.1em}

/* Credit
----------------------------------------------- */
.creditpic{background:url(http://3.bp.blogspot.com/-9iQQxXyVjBU/Tv2jLteU_nI/AAAAAAAAAIU/DwmxbB16IU0/s1600/credit-bg.png) repeat-x;border-top:1px solid #000;width:962px;margin:0 auto;padding:0 auto}
.credit{width:940px;line-height:1.6em;text-align:center;font-family:Arial;font-size:12px;color:#e6e5e2;overflow:hidden;clear:both;margin:0 auto;padding:10px 0 25px}
.credit a:link,.credit a:visited{color:#e6e5e2;text-decoration:none}
.credit a:hover{color:#FFC932;text-decoration:none}


/* Page Navigation
----------------------------------------------- */
.showpageArea a {font:normal 11px Arial;text-decoration:none;}
.showpageNum a {font:normal 11px Arial;background:#ddd;text-decoration:none;border: 1px solid #888;margin:0 2px;padding:2px 5px;color:#000}
.showpageNum a:hover {border: 1px solid #666;background-color:#FF8000;color:#fff;}
.showpagePoint {font:normal 11px Arial;color:#fff;text-decoration:none;border: 1px solid #888;background: #FF8000;margin:0 2px;padding:2px 5px;}
.showpageOf {font:normal 12px Arial;text-decoration:none;padding:2px 5px;margin: 0 2px;}
.showpage a {font:normal 11px Arial;text-decoration:none;border: 1px solid #888;padding:2px 3px;color:#000}
.showpage a:hover {color:#fff;border: 1px solid #666;background-color:#FF8000;text-decoration:none;}
.showpageNum a:link,.showpage a:link {text-decoration:none;color:#333333;}

/* Menu Horizontal 2
----------------------------------------------- */
.menupic2{background:url(http://4.bp.blogspot.com/-RNbDrniVIPM/Tv8zTtUfOdI/AAAAAAAAAPw/kK6NE80p96o/s1600/bottomtop-bg.jpg) repeat-x;width:962px;margin:0 auto;}
.menuhorisontal2{width:962px;height:24px;margin:0 auto;padding:4px 0}
.menuhorisontal2 ul{padding-left:7px;color:#666;text-transform:capitalize;list-style-type:none;font:normal 12px Arial, Helvetica,Verdana,sans-serif;margin:0}
.menuhorisontal2 li{display:inline;margin:0}
.menuhorisontal2 li a{float:left;display:block;text-decoration:none;border-right:0 solid #415770;font-weight:700;color:#fff;padding:4px 6px 4px}
.menuhorisontal2 li a:visited{color:#fff}
.menuhorisontal2 li a:hover{background:#e4e4e4;border-radius:3px;-webkit-border-radius:3px;-opera-border-radius:3px;-moz-border-radius:3px;color:#000;text-decoration:none}

/* Related & Subscribe
----------------------------------------------- */
#related{border:1px solid #fff;border-radius:7px;-webkit-border-radius:7px;-moz-border-radius:7px;-webkit-box-shadow:#000 0 2px 8px;-moz-box-shadow:#000 0 2px 5px;width:auto;text-shadow:0 1px 0 #FFF;margin:0 0 5px;padding:10px}
#related .related-posts{font-weight:400;width:53%;float:right}
#related .related-posts p{margin:0}
#related .related-posts h3,#related .related-posts h2,#related .related-posts h1{font-size:12pt;letter-spacing:0;margin:0}
#related .related-posts ol{font-weight:400;margin:2px 0 0 -15px}
#related .subscribe{background:url(http://3.bp.blogspot.com/-Su4dLp9tZWI/TvnUmvgAqfI/AAAAAAAAA2U/7f4tn4C_8uM/s1600/icontexto-inside-rss.png) no-repeat bottom right;width:43%;float:left;color:#000}
#related .subscribe p.intro{font-weight:400}
#related .subscribe p.feed{margin-bottom:10px;font-weight:700;padding-left:21px;background:url(http://lh3.ggpht.com/_pt7i0nbIOCY/SuPmf8r8eqI/AAAAAAAACXM/BYjbuwVwxas/FeedIcon-16_thumb.gif) 0 50% no-repeat;vertical-align:middle}
.clearfix:after{content:".";display:block;height:0;clear:both;visibility:hidden}
.clearfix{display:inline-block}


/* Slide Content
----------------------------------------------- */
.slide {color: #666666;line-height: 1.3em;}
.slide ul {list-style:none;margin:0 0 0;padding:0 0 0;}
.slide li {margin:0;padding-top:0;
padding-right:0;padding-bottom:.25em;
padding-left:0px;text-indent:0px;line-height:1.3em;}
.slide .widget {margin:0px 0px 6px 0px;}

/* Menu Horizontal Bottom
---------------------------------------------*/
.menubottompic {background:url(http://1.bp.blogspot.com/-Bn56Utn6b5g/Tv2LgAhWuWI/AAAAAAAAAII/7uc_u3WOXYs/s1600/bottommenu.png) repeat-x top left;width:962px;margin:0 auto;padding:0 auto;height:42px;border-bottom:1px solid #A6A6A6}
.bottomsearch{width:300px;float:right;margin:0 auto;padding:0 auto;}
.menubottom {width:660px;float:left;height:20px;margin:0 auto;padding:14px 0;}
.menubottom ul {margin: 0;padding-left:0px;color:#fff;list-style-type: none;font:bold 12px Arial,sans-serif;text-shadow:0 1px 0 #000}
.menubottom li{display: inline; margin: 0;}
.menubottom li a{background:url(http://4.bp.blogspot.com/-k37kmIRm1us/Tv15GaeV_DI/AAAAAAAAAHs/TzuLHLAPTTY/s1600/horiz-menu-div.png) no-repeat center right;float: left;display: block;padding:3px 8px;color:#F2F2F2;line-height: 1.2em;}
.menubottom li a:visited{color:#F2F2F2;}
.menubottom li a:hover {color:#FACD49;text-decoration:none;}

/* Menu Horizontal Dropdown
----------------------------------------------- */
#menuwrapperpic{background:url(http://3.bp.blogspot.com/-au85vE8p-AM/TeCY5Hd27JI/AAAAAAAAAwQ/fJXm0qysq1Q/s1600/nav.png) repeat-x;width:960px;margin:0 auto;padding:0 auto}
#menuwrapper{width:960px;height:30px;margin:0 auto}
.menusearch{width:300px;float:right;margin:0 auto;padding:0 auto}
.clearit{clear:both;height:0;line-height:0.0;font-size:0}
#menubar{width:100%}
#menubar,#menubar ul{list-style:none;font-family:Arial, serif;margin:0;padding:0}
#menubar a{display:block;text-decoration:none;font-size:12px;font-weight:700;text-transform:uppercase;text-shadow: 0px 1px 1px #000;color:#f2f1f1;border-right:1px solid #666;padding:9px 10px 8px}
#menubar a.trigger{background-image:url(http://3.bp.blogspot.com/-LzmPTNyR6po/TwETZufjSTI/AAAAAAAAATo/oisHmXUjmSY/s1600/arrow_white.gif);background-repeat:no-repeat;background-position:right center;padding:9px 24px 8px 10px}
#menubar li{float:left;position:static;width:auto}
#menubar li ul,#menubar ul li{width:170px}
#menubar ul li a{text-align:left;color:#fff;font-size:12px;font-weight:400;text-transform:none;font-family:Arial;border:none;padding:5px 10px}
#menubar li ul{z-index:100;position:absolute;display:none;background:#222;padding-bottom:5px;-moz-box-shadow:0 2px 2px rgba(0,0,0,0.6);-webkit-box-shadow:0 2px 2px rgba(0,0,0,0.6)}
#menubar li:hover a,#menubar a:active,#menubar a:focus,#menubar li.hvr a{background-color:#222;color:#E98C0A}
#menubar li:hover ul,#menubar li.hvr ul{display:block}
#menubar li:hover ul a,#menubar li.hvr ul a{color:#edfdfd;background-color:transparent;text-decoration:none}
#menubar li ul li.hr{border-bottom:1px solid #444;border-top:1px solid #000;display:block;font-size:1px;height:0;line-height:0;margin:4px 0}
#menubar ul a:hover{background-color:#555!important;color:#fff!important;text-decoration:none}

]]></b:skin>

<style type='text/css'>
<b:if cond='data:blog.pageType != &quot;item&quot;'>
#sidebar-wrapper {float:left;margin-left:10px;}
#main-wrapper {width: 430px;padding:0 10px;}
.post-footer, .feed-links {display:none}
.post h3 {margin:.15em 0 0;padding:0 0 0px;font-size:16px;font-weight:bold;line-height:1.2em;color:#0b5394;}
.post h3 a, .post h3 a:visited, .post h3 strong {color:#0b5394}
.post h3 strong, .post h3 a:hover {color:#000;}
.post-body {font-size:13px;margin:0.1em 0 .15em;line-height:1.2em;color:#444}
.post-home {float:left;font:normal 16px Arial;padding:0px;margin:5px 0 2px 0;color:#888}
.rmlink {font:bold 13px Arial;padding:0px;margin:0 2px 0 0;}
.rmlink a:link, .rmlink a:visited {color:#222;text-decoration:none;}
.rmlink a:hover {color:#000;text-decoration:underline;}
.comment-home {background: url(http://2.bp.blogspot.com/-6LXF2mb7-pQ/TwBE8hNjELI/AAAAAAAAARQ/e2oHyE4PZsk/s1600/comment-bg.gif) no-repeat center right;font:normal 13px Arial;padding:0 18px 0 0;margin:0px;}
.comment-home a:link, .comment-home a:visited {color:#666;text-decoration:none;}
.comment-home a:hover {color:#000;text-decoration:underline;}
.post-labels {font:bold 11px Arial;padding:0px;margin:0 2px 0 0;text-transform:uppercase}
.post-labels a:link, .post-labels a:visited {color:#333;text-decoration:none;}
.post-labels a:hover {color:#333;text-decoration:underline;}
.thumb img {float:left;margin:0 10px 5px 0;opacity: 0.9; filter: alpha(opacity=90);} 
.thumb img:hover{opacity: 1.0; filter: alpha(opacity=100);}
h2.date-header {font:normal 11px Arial;color:#888;margin:0.1em 0 .2em;}

#blog-pager {width:97.5%;float:left;text-align:left;margin:6px 0 1px 0;padding:7px 0px 7px 0px;}

</b:if>
</style>

<b:if cond='data:blog.pageType == &quot;static_page&quot;'>
<style>
#sidebar3-wrapper,.thumb img, #blog-pager{display:none}
.post{border:1px solid $bordercolor;margin:.1em 0 .5em;padding:10px 15px}
.post h3{font-family:Georgia, Times, Serif;font-size:180%;font-weight:700;line-height:1.2em;color:$titlecolor;margin:.25em 0 0;padding:0 0 4px}
.post h3 a,.post h3 a:visited,.post h3 strong{display:block;text-decoration:none;color:$titlecolor;font-weight:700}
.post h3 strong,.post h3 a:hover{color:$textcolor}
.post-body{border-top:2px solid #df8608;padding-top:6px;line-height:1.4em;margin:1.5em 0 .75em}
#main-wrapper{padding-left:10px;width:610px;float:$startSide;word-wrap:break-word;overflow:hidden}
</style>
</b:if>

<!-- Read More -->
<script type='text/javascript'>
var thumbnail_mode = &quot;float&quot; ;
summary_noimg = 300;
summary_img = 255;
img_thumb_height = 0;
img_thumb_width = 0;
</script>
<script type='text/javascript'>
//<![CDATA[
function removeHtmlTag(b,a){if(b.indexOf("<")!=-1){var d=b.split("<");for(var c=0;c<d.length;c++){if(d[c].indexOf(">")!=-1){d[c]=d[c].substring(d[c].indexOf(">")+1,d[c].length)}}b=d.join("")}a=(a<b.length-1)?a:b.length-2;while(b.charAt(a-1)!=" "&&b.indexOf(" ",a)!=-1){a++}b=b.substring(0,a-1);return b+"..."}function createSummaryAndThumb(d){var f=document.getElementById(d);var a="";var b=f.getElementsByTagName("img");var e=summary_noimg;if(b.length>=1){a='<span style="display:none;float:left;margin:0px 10px 5px 0px;"><img src="'+b[0].src+'" width="'+img_thumb_width+'px" height="'+img_thumb_height+'px"/></span>';e=summary_img}var c=a+"<div>"+removeHtmlTag(f.innerHTML,e)+"</div>";f.innerHTML=c};
//]]>
</script>

<script src='https://www.google.com/jsapi?key=ABQIAAAAlQIoliUVPjZwD8UDgw_U3RQgEuFhr5O5zX0Uy4BFYRNAA7mWdhQeG6Zw86vx7CWofIoig_M8nSxh_g' type='text/javascript'/>

<script src='http://jamu-martin.googlecode.com/files/related-maskolis.js' type='text/javascript'/>

  </head>

<body onLoad='Menubar()'>
  <div id='outer-wrapper'><div id='wrap2'>

    <div id='header-wrapper'>
      <b:section class='header' id='header' maxwidgets='1' showaddelement='no'>
<b:widget id='Header1' locked='true' title='Johny Simplesite (Header)' type='Header'>
<b:includable id='main'>

  <b:if cond='data:useImage'>
    <b:if cond='data:imagePlacement == &quot;BEHIND&quot;'>
      <!--
      Show image as background to text. You can't really calculate the width
      reliably in JS because margins are not taken into account by any of
      clientWidth, offsetWidth or scrollWidth, so we don't force a minimum
      width if the user is using shrink to fit.
      This results in a margin-width's worth of pixels being cropped. If the
      user is not using shrink to fit then we expand the header.
      -->
      <b:if cond='data:mobile'>
          <div id='header-inner'>
            <div class='titlewrapper' style='background: transparent'>
              <h1 class='title' style='background: transparent; border-width: 0px'>
                <b:include name='title'/>
              </h1>
            </div>
            <b:include name='description'/>
          </div>
        <b:else/>
          <div expr:style='&quot;background-image: url(\&quot;&quot; + data:sourceUrl + &quot;\&quot;); &quot;                        + &quot;background-position: &quot;                        + data:backgroundPositionStyleStr + &quot;; &quot;                        + data:widthStyleStr                        + &quot;min-height: &quot; + data:height                        + &quot;_height: &quot; + data:height                        + &quot;background-repeat: no-repeat; &quot;' id='header-inner'>
            <div class='titlewrapper' style='background: transparent'>
              <h1 class='title' style='background: transparent; border-width: 0px'>
                <b:include name='title'/>
              </h1>
            </div>
            <b:include name='description'/>
          </div>
        </b:if>
    <b:else/>
      <!--Show the image only-->
      <div id='header-inner'>
        <a expr:href='data:blog.homepageUrl' style='display: block'>
          <img expr:alt='data:title' expr:height='data:height' expr:id='data:widget.instanceId + &quot;_headerimg&quot;' expr:src='data:sourceUrl' expr:width='data:width' style='display: block'/>
        </a>
        <!--Show the description-->
        <b:if cond='data:imagePlacement == &quot;BEFORE_DESCRIPTION&quot;'>
          <b:include name='description'/>
        </b:if>
      </div>
    </b:if>
  <b:else/>
    <!--No header image -->
    <div id='header-inner'>
      <div class='titlewrapper'>
        <h1 class='title'>
          <b:include name='title'/>
        </h1>
      </div>
      <b:include name='description'/>
    </div>
  </b:if>
</b:includable>
<b:includable id='title'>
  <b:if cond='data:blog.url == data:blog.homepageUrl'>
    <data:title/>
  <b:else/>
    <a expr:href='data:blog.homepageUrl'><data:title/></a>
  </b:if>
</b:includable>
<b:includable id='description'>
  <div class='descriptionwrapper'>
    <p class='description'><span><data:description/></span></p>
  </div>
</b:includable>
</b:widget>
</b:section>
      <b:section class='header' id='header2' maxwidgets='1' showaddelement='yes'>
<b:widget id='HTML1' locked='false' title='' type='HTML'>
<b:includable id='main'>
  <!-- only display title if it's non-empty -->
  <b:if cond='data:title != &quot;&quot;'>
    <h2 class='title'><data:title/></h2>
  </b:if>
  <div class='widget-content'>
    <data:content/>
  </div>

  <b:include name='quickedit'/>
</b:includable>
</b:widget>
</b:section>
<div style='clear:both;'/>
      </div><!-- end header-wrapper -->
<div class='menupic2'>
<div class='menuhorisontal2'>
<ul>
<li><a href='http://feeds.feedburner.com/blogspot/offH' title='Posts RSS'>Posts RSS</a></li>
<li><a href='http://creatingwebsite-maskolis.blogspot.com/feeds/comments/default' title='Comments RSS'>Comments RSS</a></li>
<li><a href='http://creatingwebsite-maskolis.blogspot.com/2011/01/memasang-kode-warna-di-blog.html'>Kode Warna</a></li>
<li><a href='http://creatingwebsite-maskolis.blogspot.com/search?max-results=300'>Daftar Isi</a></li>
<li><a href='http://www.kompasiana.com/maskolis'>Kompasiana</a></li>
<li><a href='http://www.facebook.com/home.php?sk=group_191584964195748'>Facebook</a></li>
<li><a href='http://maskolis.blogspot.com'>Jangan Diklik</a></li>
<li><a href='https://docs.google.com/spreadsheet/viewform?formkey=dHNGZ1FNMzNGOEdIQ2pvenp2RWRPb3c6MQ'>Contact us</a></li>
</ul>
</div>
</div>
<div id='menuwrapperpic'>

<div id='menuwrapper'>
<ul id='menubar'>
<li><a href='/'><img border='0' src='http://1.bp.blogspot.com/-Yx-NuFKviSQ/TwETaPMdmfI/AAAAAAAAATs/fLZvwofZ8N0/s1600/home_white.png' style='padding:0px;'/></a></li>
<li><a href='#'>About Us</a></li>
<li><a class='trigger' href='#'>Contact Us</a>
<ul>
<li><a href='#'>Goggle +</a></li>
<li class='hr'/>
<li><a href='#'>Contact on Facebook</a></li>
<li class='hr'/>
<li><a href='#'>Contact on Twitter</a></li>
</ul>
</li>
<li><a href='#'>Sport</a></li>
<li><a href='#'>Culture</a></li>
<li><a class='trigger' href='#'>Entertainment</a>
<ul>
<li><a href='#'>Music</a></li>
<li class='hr'/>
<li><a href='#'>Movie</a></li>
<li class='hr'/>
<li><a href='#'>Television</a></li>
</ul>
</li>
<li><a href='#'>Health</a></li>
<li><a class='trigger' href='#'>More</a>
<ul>
<li><a href='#'>Themes</a></li>
<li class='hr'/>
<li><a href='h#'>Tutorial</a></li>
<li class='hr'/>
<li><a href='#'>Resource</a></li>
<li class='hr'/>
<li><a href='#'>Advertise</a></li>
<li class='hr'/>
<li><a href='#'>Javascript</a></li>
</ul>
</li>
</ul>
<div class='menusearch'>
<div style='float:right;padding:4px 8px 0 0;'>
<form action='http://www.google.com/search' method='get' target='_blank'>
<input name='sitesearch' style='display:none;' value='http://johnymagazine.blogspot.com'/>
<input id='search-box' name='q' onblur='if(this.value==&apos;&apos;)this.value=this.defaultValue;' onfocus='if(this.value==this.defaultValue)this.value=&apos;&apos;;' style='width:170px;border:none;padding:4px 10px; font:12px Arial;color:#666; background:url(http://1.bp.blogspot.com/-kmhya2YU7jE/Tv9JVye66xI/AAAAAAAAAP8/S0ZeuQ910Ow/s1600/field-bg.gif) no-repeat;' type='text' value='Search on this site...'/><input align='top' id='search-btn' src='http://4.bp.blogspot.com/-b9FTjjXAbp4/TwEo-YIwe-I/AAAAAAAAAU4/Du-VmpE9hPE/s1600/bg_search.gif' type='image' value='Search'/>

</form>
</div>
</div>
<br class='clearit'/>
</div>
<div style='clear:both;'/>
</div>

    <!-- skip links for text browsers -->
    <span id='skiplinks' style='display:none;'>
      <a href='#main'>skip to main </a> |
      <a href='#sidebar'>skip to sidebar</a>
    </span>


 
    <div id='content-wrapper'>

      <div id='crosscol-wrapper' style='text-align:center'>
        <b:section class='crosscol' id='crosscol'>
<b:widget id='HTML4' locked='false' title='' type='HTML'>
<b:includable id='main'>
  <!-- only display title if it's non-empty -->
  <b:if cond='data:title != &quot;&quot;'>
    <h2 class='title'><data:title/></h2>
  </b:if>
  <div class='widget-content'>
    <data:content/>
  </div>

  <b:include name='quickedit'/>
</b:includable>
</b:widget>
</b:section>
      </div>

      <div id='main-wrapper'>
<b:if cond='data:blog.url == data:blog.homepageUrl'>
      <div id='slide-wrapper'>
        <b:section class='slide' id='slide'/>
      </div>
</b:if>

        <b:section class='main' id='main' showaddelement='no'>
<b:widget id='Blog1' locked='true' title='Blog Posts' type='Blog'>
<b:includable id='nextprev'>
  <div class='blog-pager' id='blog-pager'>
    <b:if cond='data:newerPageUrl'>
      <span id='blog-pager-newer-link'>
      <a class='blog-pager-newer-link' expr:href='data:newerPageUrl' expr:id='data:widget.instanceId + &quot;_blog-pager-newer-link&quot;' expr:title='data:newerPageTitle'><data:newerPageTitle/></a>
      </span>
    </b:if>

    <b:if cond='data:olderPageUrl'>
      <span id='blog-pager-older-link'>
      <a class='blog-pager-older-link' expr:href='data:olderPageUrl' expr:id='data:widget.instanceId + &quot;_blog-pager-older-link&quot;' expr:title='data:olderPageTitle'><data:olderPageTitle/></a>
      </span>
    </b:if>

    <a class='home-link' expr:href='data:blog.homepageUrl'><data:homeMsg/></a>

    <b:if cond='data:mobileLinkUrl'>
      <div class='blog-mobile-link'>
        <a expr:href='data:mobileLinkUrl'><data:mobileLinkMsg/></a>
      </div>
    </b:if>

  </div>
  <div class='clear'/>
</b:includable>
<b:includable id='shareButtons' var='post'>
  <a class='share-button sb-email' expr:href='data:post.sharePostUrl + &quot;&amp;target=email&quot;' expr:title='data:top.emailThisMsg' target='_blank'>
    <span class='share-button-link-text'><data:top.emailThisMsg/></span></a>
  <a class='share-button sb-blog' expr:href='data:post.sharePostUrl + &quot;&amp;target=blog&quot;' expr:onclick='&quot;window.open(this.href, \&quot;_blank\&quot;, \&quot;height=270,width=475\&quot;); return false;&quot;' expr:title='data:top.blogThisMsg' target='_blank'>
    <span class='share-button-link-text'><data:top.blogThisMsg/></span></a>
  <a class='share-button sb-twitter' expr:href='data:post.sharePostUrl + &quot;&amp;target=twitter&quot;' expr:title='data:top.shareToTwitterMsg' target='_blank'>
    <span class='share-button-link-text'><data:top.shareToTwitterMsg/></span></a>
  <a class='share-button sb-facebook' expr:href='data:post.sharePostUrl + &quot;&amp;target=facebook&quot;' expr:onclick='&quot;window.open(this.href, \&quot;_blank\&quot;, \&quot;height=430,width=640\&quot;); return false;&quot;' expr:title='data:top.shareToFacebookMsg' target='_blank'>
    <span class='share-button-link-text'><data:top.shareToFacebookMsg/></span></a>
  <a class='share-button sb-buzz' expr:href='data:post.sharePostUrl + &quot;&amp;target=buzz&quot;' expr:onclick='&quot;window.open(this.href, \&quot;_blank\&quot;, \&quot;height=415,width=690\&quot;); return false;&quot;' expr:title='data:top.shareToBuzzMsg' target='_blank'>
    <span class='share-button-link-text'><data:top.shareToBuzzMsg/></span></a>
</b:includable>
<b:includable id='threaded_comment_js' var='post'>
  <script defer='defer' expr:src='data:post.commentSrc' type='text/javascript'/>

  <script type='text/javascript'>
    (function() {
      var items = <data:post.commentJso/>;
      var msgs = <data:post.commentMsgs/>;
      var postId = &#39;<data:post.id/>&#39;;
      var feed = &#39;<data:post.commentFeed/>&#39;;
      var authorName = &#39;<data:post.author/>&#39;;
      var authorUrl = &#39;<data:post.authorUrl/>&#39;;
      var blogId = &#39;<data:top.id/>&#39;;
      var baseUri = &#39;<data:post.commentBase/>&#39;;
      var maxThreadDepth = &#39;<data:post.commentMaxThreadDepth/>&#39;;

// <![CDATA[
      feed += '?alt=json&v=2&orderby=published&reverse=false&max-results=50';
      var cursor = null;
      if (items && items.length > 0) {
        cursor = parseInt(items[items.length - 1].timestamp) + 1;
      }

      var bodyFromEntry = function(entry) {
        if (entry.gd$extendedProperty) {
          for (var k in entry.gd$extendedProperty) {
            if (entry.gd$extendedProperty[k].name == 'blogger.contentRemoved') {
              return '<span class="deleted-comment">' + entry.content.$t + '</span>';
            }
          }
        }
        return entry.content.$t;
      }

      var parse = function(data) {
        cursor = null;
        var comments = [];
        if (data && data.feed && data.feed.entry) {
          for (var i = 0, entry; entry = data.feed.entry[i]; i++) {
            var comment = {};
            // comment ID, parsed out of the original id format
            var id = /blog-(\d+).post-(\d+)/.exec(entry.id.$t);
            comment.id = id ? id[2] : null;
            comment.body = bodyFromEntry(entry);
            comment.timestamp = Date.parse(entry.published.$t) + '';
            if (entry.author && entry.author.constructor === Array) {
              var auth = entry.author[0];
              if (auth) {
                comment.author = {
                  name: (auth.name ? auth.name.$t : undefined),
                  profileUrl: (auth.uri ? auth.uri.$t : undefined),
                  avatarUrl: (auth.gd$image ? auth.gd$image.src : undefined)
                };
              }
            }
            if (entry.link) {
              if (entry.link[2]) {
                comment.link = comment.permalink = entry.link[2].href;
              }
              if (entry.link[3]) {
                var pid = /.*comments\/default\/(\d+)\?.*/.exec(entry.link[3].href);
                if (pid && pid[1]) {
                  comment.parentId = pid[1];
                }
              }
            }
            comment.deleteclass = 'item-control blog-admin';
            if (entry.gd$extendedProperty) {
              for (var k in entry.gd$extendedProperty) {
                console.log(entry.gd$extendedProperty[k].name + ' - ' + entry.gd$extendedProperty[k].value);
                if (entry.gd$extendedProperty[k].name == 'blogger.itemClass') {
                  comment.deleteclass += ' ' + entry.gd$extendedProperty[k].value;
                }
              }
            }
            comments.push(comment);
          }
        }
        return comments;
      };

      var paginator = function(callback) {
        if (hasMore()) {
          var url = feed;
          if (cursor) {
            url += '&published-min=' + new Date(cursor).toISOString();
          }
          window.bloggercomments = function(data) {
            var parsed = parse(data);
            cursor = parsed.length < 50 ? null
                : parseInt(parsed[parsed.length - 1].timestamp) + 1
            callback(parsed);
            window.bloggercomments = null;
          }
          url += '&callback=bloggercomments';
          var script = document.createElement('script');
          script.type = 'text/javascript';
          script.src = url;
          document.getElementsByTagName('head')[0].appendChild(script);
        }
      };
      var hasMore = function() {
        return !!cursor;
      };
      var getMeta = function(key, comment) {
        if ('iswriter' == key) {
          var matches = !!comment.author
              && comment.author.name == authorName
              && comment.author.profileUrl == authorUrl;
          return matches ? 'true' : '';
        } else if ('deletelink' == key) {
          return baseUri + '/delete-comment.g?blogID=' + blogId + '&postID=' + comment.id;
        } else if ('deleteclass' == key) {
          return comment.deleteclass;
        }
        return '';
      };

      var replybox = null;
      var replyUrlParts = null;
      var replyParent = undefined;

      var onReply = function(commentId, domId) {
        if (replybox == null) {
          // lazily cache replybox, and adjust to suit this style:
          replybox = document.getElementById('comment-editor');
          if (replybox != null) {
            replybox.height = '250px';
            replybox.style.display = 'block';
            replyUrlParts = replybox.src.split('#');
          }
        }
        if (replybox && (commentId !== replyParent)) {
          document.getElementById(domId).insertBefore(replybox, null);
          replybox.src = replyUrlParts[0]
              + (commentId ? '&parentID=' + commentId : '')
              + '#' + replyUrlParts[1];
          replyParent = commentId;
        }
      };

      var tok = 'comment-form_';
      var hash = window.location.hash || '';
      var startThread = hash.indexOf(tok) == 1 ? hash.substring(tok.length + 1) : undefined;

      // Configure commenting API:
      var configJso = {
        'maxDepth': maxThreadDepth
      };
      var provider = {
        'id': postId,
        'data': items,
        'loadNext': paginator,
        'hasMore': hasMore,
        'getMeta': getMeta,
        'onReply': onReply,
        'rendered': true,
        'initReplyThread': startThread,
        'config': configJso,
        'messages': msgs
      };

      var render = function() {
        if (window.goog && window.goog.comments) {
          var holder = document.getElementById('comment-holder');
          window.goog.comments.render(holder, provider);
        }
      };

      // render now, or queue to render when library loads:
      if (window.goog && window.goog.comments) {
        render();
      } else {
        window.goog = window.goog || {};
        window.goog.comments = window.goog.comments || {};
        window.goog.comments.loadQueue = window.goog.comments.loadQueue || [];
        window.goog.comments.loadQueue.push(render);
      }
    })();
// ]]>
  </script>
</b:includable>
<b:includable id='backlinks' var='post'>
  <a name='links'/><h4><data:post.backlinksLabel/></h4>
  <b:if cond='data:post.numBacklinks != 0'>
    <dl class='comments-block' id='comments-block'>
      <b:loop values='data:post.backlinks' var='backlink'>
        <div class='collapsed-backlink backlink-control'>
          <dt class='comment-title'>
            <span class='backlink-toggle-zippy'>&#160;</span>
            <a expr:href='data:backlink.url' rel='nofollow'><data:backlink.title/></a>
            <b:include data='backlink' name='backlinkDeleteIcon'/>
          </dt>
          <dd class='comment-body collapseable'>
            <data:backlink.snippet/>
          </dd>
          <dd class='comment-footer collapseable'>
            <span class='comment-author'><data:post.authorLabel/> <data:backlink.author/></span>
            <span class='comment-timestamp'><data:post.timestampLabel/> <data:backlink.timestamp/></span>
          </dd>
        </div>
      </b:loop>
    </dl>
  </b:if>
  <p class='comment-footer'>
    <a class='comment-link' expr:href='data:post.createLinkUrl' expr:id='data:widget.instanceId + &quot;_backlinks-create-link&quot;' target='_blank'><data:post.createLinkLabel/></a>
  </p>
</b:includable>
<b:includable id='mobile-main' var='top'>
    <!-- posts -->
    <div class='blog-posts hfeed'>

      <b:include data='top' name='status-message'/>

      <b:if cond='data:blog.pageType == &quot;index&quot;'>
        <b:loop values='data:posts' var='post'>
          <b:include data='post' name='mobile-index-post'/>
        </b:loop>
      <b:else/>
        <b:loop values='data:posts' var='post'>
          <b:include data='post' name='mobile-post'/>
        </b:loop>
      </b:if>
    </div>

   <b:include name='mobile-nextprev'/>
</b:includable>
<b:includable id='post' var='post'>
  <div class='post hentry'>
<b:if cond='data:blog.pageType == &quot;item&quot;'>
<div style='padding:5px 5px 5px 0; margin:0;font-size:95%; line-height:1.4em; border-bottom:4px double #ccc;'>
<a expr:href='data:blog.homepageUrl'>Home</a> &#187;
<b:if cond='data:post.labels'><b:loop values='data:post.labels' var='label'>
<a expr:href='data:label.url' rel='tag'><data:label.name/></a>
<b:if cond='data:label.isLast != &quot;true&quot;'> , </b:if>
</b:loop>
</b:if> &#187; <data:post.title/>
</div>
</b:if>
    <a expr:name='data:post.id'/>
    <b:if cond='data:post.title'>

<b:if cond='data:blog.pageType != &quot;item&quot;'>
<b:if cond='data:post.thumbnailUrl'>
<div class='Image thumb'>
<img expr:src='data:post.thumbnailUrl'/>
</div>
</b:if>

<span class='post-labels'>
<b:if cond='data:post.labels'>
<b:loop values='data:post.labels' var='label'>
<a expr:href='data:label.url + &quot;?&amp;max-results=5&quot;' rel='tag'><data:label.name/></a><b:if cond='data:label.isLast != &quot;true&quot;'>,</b:if>
</b:loop>
</b:if>
</span>
</b:if>

      <h3 class='post-title entry-title'>
      <b:if cond='data:post.link'>
        <a expr:href='data:post.link'><data:post.title/></a>
      <b:else/>
        <b:if cond='data:post.url'>
          <b:if cond='data:blog.url != data:post.url'>
            <a expr:href='data:post.url'><data:post.title/></a>
          <b:else/>
            <data:post.title/>
          </b:if>
        <b:else/>
          <data:post.title/>
        </b:if>
      </b:if>
      </h3>
    </b:if>


    <div class='post-header'>
    <div class='post-header-line-1'/>
    </div>

        <b:if cond='data:post.dateHeader'>
          <h2 class='date-header'><span>Written By <data:post.author/> on <data:post.dateHeader/> | <data:post.timestamp/></span></h2>
        </b:if>

    <div class='post-body entry-content' expr:id='&quot;post-body-&quot; + data:post.id'>

<b:if cond='data:blog.pageType != &quot;item&quot;'>
<b:if cond='data:post.dateHeader'>
<script>var ultimaFecha = &#39;<data:post.dateHeader/>&#39;;</script>
<h2 class='date-header'><data:post.dateHeader/></h2>
<b:else/>
<h2 class='date-header'>
<script>document.write(ultimaFecha);</script>
</h2>
</b:if>
</b:if>

<b:if cond='data:blog.pageType != &quot;item&quot;'>
<b:if cond='data:blog.pageType != &quot;static_page&quot;'>
<div expr:id='&quot;summary&quot; + data:post.id'><data:post.body/></div>
<script type='text/javascript'>createSummaryAndThumb(&quot;summary<data:post.id/>&quot;);</script>

<div class='post-home'>
<span class='rmlink'><a expr:href='data:post.url'>Read More</a></span> | <span class='comment-home'>
<a class='comment-link' expr:href='data:post.addCommentUrl' expr:onclick='data:post.addCommentOnclick'><b:if cond='data:post.numComments == 0'> <data:top.commentLabel/><b:else/><data:top.commentLabelPlural/> (<data:post.numComments/>) </b:if></a> 
</span>
</div>
</b:if>
</b:if>
<b:if cond='data:blog.pageType == &quot;item&quot;'><data:post.body/></b:if>
<b:if cond='data:blog.pageType == &quot;static_page&quot;'><data:post.body/></b:if>
      <div style='clear: both;'/> <!-- clear for photos floats -->
    </div>
<b:if cond='data:blog.pageType == &quot;item&quot;'>
<div style='font:normal 12px Georgia;font-style:Italic;padding:8px 10px 8px 70px;font-weight:normal;color:#333;margin-top:10px;'>
&lt;script type=&quot;text/javascript&quot;&gt;&lt;!--
google_ad_client = &quot;ca-pub-9608487840337104&quot;;
google_ad_host = &quot;pub-1556223355139109&quot;;
/* johny mu */
google_ad_slot = &quot;7011292523&quot;;
google_ad_width = 468;
google_ad_height = 60;
//--&gt;
&lt;/script&gt;
&lt;script type=&quot;text/javascript&quot;
src=&quot;http://pagead2.googlesyndication.com/pagead/show_ads.js&quot;&gt;
&lt;/script&gt;
</div>
</b:if>
<b:if cond='data:blog.pageType == &quot;item&quot;'>
<div style='border-bottom:3px solid #bbb;border-top:1px solid #bbb; padding:10px 0px;margin:5px 0px 8px 0px;width:100%;float:left;height:20px;'>
<div class='addthis_toolbox addthis_default_style '>
<a class='addthis_button_facebook_like' fb:like:layout='button_count'/>
<a class='addthis_button_tweet'/>
<a class='addthis_button_google_plusone' g:plusone:size='medium'/>
<a class='addthis_counter addthis_pill_style'/>
</div>
<script src='http://s7.addthis.com/js/250/addthis_widget.js#pubid=4rifin' type='text/javascript'/>
</div>
</b:if>
<b:if cond='data:blog.pageType == &quot;item&quot;'>
<div class='clearfix' id='related'>
<div class='related-posts'>
<p>Related posts:</p>
<ol>
<b:loop values='data:post.labels' var='label'>
<b:if cond='data:blog.pageType == &quot;item&quot;'>
<script expr:src='&quot;/feeds/posts/default/-/&quot; + data:label.name + &quot;?alt=json-in-script&amp;callback=related_results_labels&amp;max-results=5&quot;' type='text/javascript'/> 							 </b:if></b:loop> 
<script type='text/javascript'> removeRelatedDuplicates(); printRelatedLabels();  </script>
</ol>					 
</div>

<div class='subscribe'>
<p class='intro'>If you enjoyed this article just <a href='http://feeds.feedburner.com/JohnyTemplate' target='_blank' title='feedburner'>
<b>click here</b></a>, or subscribe to receive more great content just like it.</p>
<p class='feed'><a href='http://johnytemplate.blogspot.com/feeds/posts/default'>Subscribe via RSS Feed</a></p>
<form action='http://feedburner.google.com/fb/a/mailverify' method='post' onsubmit='window.open(&apos;http://feedburner.google.com/fb/a/mailverify?uri=JohnyTemplate&apos;, &apos;popupwindow&apos;, &apos;scrollbars=yes,width=550,height=520&apos;);return true' target='popupwindow'>
<input name='uri' type='hidden' value='JohnyTemplate'/>
<input name='loc' type='hidden' value='en_US'/>
<input id='botsub' name='email' onblur='if (this.value == &quot;&quot;) {this.value = &quot;Enter your email&quot;;}' onfocus='if (this.value == &quot;Enter your email&quot;) {this.value = &quot;&quot;;}' type='text' value='Enter your email....'/>
<input id='botsubbutton' type='submit' value='Submit'/><br/>
<small>Your information will not be shared. Ever.</small>
</form>
</div>
</div>
</b:if>
    <b:if cond='data:post.hasJumpLink'>
      <div class='jump-link'>
        <a expr:href='data:post.url + &quot;#more&quot;' expr:title='data:post.title'><data:post.jumpText/></a>
      </div>
    </b:if>

    <div class='post-footer'>
    <div class='post-footer-line post-footer-line-1'><span class='post-author vcard'>
        <b:if cond='data:top.showAuthor'>
          <data:top.authorLabel/>
          <span class='fn'><data:post.author/></span>
        </b:if>
      </span> <span class='post-timestamp'>
        <b:if cond='data:top.showTimestamp'>
          <data:top.timestampLabel/>
        <b:if cond='data:post.url'>
          <a class='timestamp-link' expr:href='data:post.url' rel='bookmark' title='permanent link'><abbr class='published' expr:title='data:post.timestampISO8601'><data:post.timestamp/></abbr></a>
        </b:if>
        </b:if>
      </span> <span class='post-comment-link'>
        <b:if cond='data:blog.pageType != &quot;item&quot;'>
          <b:if cond='data:blog.pageType != &quot;static_page&quot;'>
            <b:if cond='data:post.allowComments'>
              <a class='comment-link' expr:href='data:post.addCommentUrl' expr:onclick='data:post.addCommentOnclick'><b:if cond='data:post.numComments == 1'>1 <data:top.commentLabel/><b:else/><data:post.numComments/> <data:top.commentLabelPlural/></b:if></a>
            </b:if>
          </b:if>
        </b:if>
      </span> <span class='post-icons'>
        <!-- email post links -->
        <b:if cond='data:post.emailPostUrl'>
          <span class='item-action'>
          <a expr:href='data:post.emailPostUrl' expr:title='data:top.emailPostMsg'>
              <img alt='' class='icon-action' height='13' src='http://img1.blogblog.com/img/icon18_email.gif' width='18'/>
          </a>
          </span>
        </b:if>

        <!-- quickedit pencil -->
        <b:include data='post' name='postQuickEdit'/>
      </span> <div class='post-share-buttons'>
        <b:if cond='data:post.sharePostUrl'>
          <b:include data='post' name='shareButtons'/>
        </b:if>
      </div> </div>

      <div class='post-footer-line post-footer-line-2'/><span class='post-labels'>
        <b:if cond='data:post.labels'>
          <data:postLabelsLabel/>
          <b:loop values='data:post.labels' var='label'>
            <a expr:href='data:label.url' rel='tag'><data:label.name/></a><b:if cond='data:label.isLast != &quot;true&quot;'>,</b:if>
          </b:loop>
        </b:if>
      </span>

      <div class='post-footer-line post-footer-line-3'><span class='post-location'>
        <b:if cond='data:top.showLocation'>
          <b:if cond='data:post.location'>
            <data:postLocationLabel/>
            <a expr:href='data:post.location.mapsUrl' target='_blank'><data:post.location.name/></a>
          </b:if>
        </b:if>
      </span> </div>
    </div>
  </div>
</b:includable>
<b:includable id='status-message'>
  <b:if cond='data:navMessage'>
  <div class='status-msg-wrap'>
    <div class='status-msg-body'>
      <data:navMessage/>
    </div>
    <div class='status-msg-border'>
      <div class='status-msg-bg'>
        <div class='status-msg-hidden'><data:navMessage/></div>
      </div>
    </div>
  </div>
  <div style='clear: both;'/>
  </b:if>
</b:includable>
<b:includable id='comment-form' var='post'>
  <div class='comment-form'>
    <a name='comment-form'/>
    <b:if cond='data:mobile'>
      <h4 id='comment-post-message'>
        <a expr:id='data:widget.instanceId + &quot;_comment-editor-toggle-link&quot;' href='javascript:void(0)'><data:postCommentMsg/></a></h4>
      <p><data:blogCommentMessage/></p>
      <data:blogTeamBlogMessage/>
      <a expr:href='data:post.commentFormIframeSrc' id='comment-editor-src'/>
      <iframe allowtransparency='true' class='blogger-iframe-colorize blogger-comment-from-post' frameborder='0' height='410' id='comment-editor' name='comment-editor' src='' style='display: none' width='100%'/>
    <b:else/>
      <h4 id='comment-post-message'><data:postCommentMsg/></h4>
      <p><data:blogCommentMessage/></p>
      <data:blogTeamBlogMessage/>
      <a expr:href='data:post.commentFormIframeSrc' id='comment-editor-src'/>
      <iframe allowtransparency='true' class='blogger-iframe-colorize blogger-comment-from-post' frameborder='0' height='410' id='comment-editor' name='comment-editor' src='' width='100%'/>
    </b:if>
    <data:post.friendConnectJs/>
    <data:post.cmtfpIframe/>
    <script type='text/javascript'>
      BLOG_CMT_createIframe(&#39;<data:post.appRpcRelayPath/>&#39;, &#39;<data:post.communityId/>&#39;);
    </script>
  </div>
</b:includable>
<b:includable id='threaded_comments' var='post'>
  <b:include name='threaded_comment_css'/>

  <div class='comments' id='comments'>
    <a name='comments'/>
    <h4>
      <b:if cond='data:post.numComments == 1'>
        1 <data:commentLabel/>:
      <b:else/>
        <data:post.numComments/> <data:commentLabelPlural/>:
      </b:if>
    </h4>

    <div class='comments-content'>
      <b:if cond='data:post.embedCommentForm'>
        <b:include data='post' name='threaded_comment_js'/>
      </b:if>
      <div id='comment-holder'>
         <data:post.commentHtml/>
      </div>
    </div>

    <p class='comment-footer'>
      <b:if cond='data:post.allowNewComments'>
        <b:include data='post' name='threaded-comment-form'/>
      <b:else/>
        <data:post.noNewCommentsText/>
      </b:if>
    </p>

    <b:if cond='data:showCmtPopup'>
      <div id='comment-popup'>
        <iframe allowtransparency='true' frameborder='0' id='comment-actions' name='comment-actions' scrolling='no'>
        </iframe>
      </div>
    </b:if>

    <div id='backlinks-container'>
    <div expr:id='data:widget.instanceId + &quot;_backlinks-container&quot;'>
       <b:if cond='data:post.showBacklinks'>
         <b:include data='post' name='backlinks'/>
       </b:if>
    </div>
    </div>
  </div>
</b:includable>
<b:includable id='backlinkDeleteIcon' var='backlink'>
  <span expr:class='&quot;item-control &quot; + data:backlink.adminClass'>
    <a expr:href='data:backlink.deleteUrl' expr:title='data:top.deleteBacklinkMsg'>
      <img src='//www.blogger.com/img/icon_delete13.gif'/>
    </a>
  </span>
</b:includable>
<b:includable id='mobile-nextprev'>
  <div class='blog-pager' id='blog-pager'>
    <b:if cond='data:newerPageUrl'>
      <div class='mobile-link-button' id='blog-pager-newer-link'>
      <a class='blog-pager-newer-link' expr:href='data:newerPageUrl' expr:id='data:widget.instanceId + &quot;_blog-pager-newer-link&quot;' expr:title='data:newerPageTitle'><data:newerPageTitle/></a>
      </div>
    </b:if>

    <b:if cond='data:olderPageUrl'>
      <div class='mobile-link-button' id='blog-pager-older-link'>
      <a class='blog-pager-older-link' expr:href='data:olderPageUrl' expr:id='data:widget.instanceId + &quot;_blog-pager-older-link&quot;' expr:title='data:olderPageTitle'><data:olderPageTitle/></a>
      </div>
    </b:if>

    <div class='mobile-link-button' id='blog-pager-home-link'>
    <a class='home-link' expr:href='data:blog.homepageUrl'><data:homeMsg/></a>
    </div>

    <div class='mobile-desktop-link'>
      <a class='home-link' expr:href='data:desktopLinkUrl'><data:desktopLinkMsg/></a>
    </div>

  </div>
  <div class='clear'/>
</b:includable>
<b:includable id='mobile-post' var='post'>
  <div class='date-outer'>
    <b:if cond='data:post.dateHeader'>
      <h2 class='date-header'><span><data:post.dateHeader/></span></h2>
    </b:if>
    <div class='date-posts'>
      <div class='post-outer'>

        <div class='post hentry uncustomized-post-template'>
          <a expr:name='data:post.id'/>
          <b:if cond='data:post.title'>
            <h3 class='post-title entry-title'>
              <b:if cond='data:post.link'>
                <a expr:href='data:post.link'><data:post.title/></a>
              <b:else/>
                <b:if cond='data:post.url'>
                  <b:if cond='data:blog.url != data:post.url'>
                    <a expr:href='data:post.url'><data:post.title/></a>
                  <b:else/>
                    <data:post.title/>
                  </b:if>
                <b:else/>
                  <data:post.title/>
                </b:if>
              </b:if>
            </h3>
          </b:if>

          <div class='post-header'>
            <div class='post-header-line-1'/>
          </div>

          <div class='post-body entry-content' expr:id='&quot;post-body-&quot; + data:post.id'>
            <data:post.body/>
            <div style='clear: both;'/> <!-- clear for photos floats -->
          </div>

          <div class='post-footer'>
            <div class='post-footer-line post-footer-line-1'>
              <span class='post-author vcard'>
                <b:if cond='data:top.showAuthor'>
                  <b:if cond='data:post.authorProfileUrl'>
                    <span class='fn'>
                      <a expr:href='data:post.authorProfileUrl' rel='author' title='author profile'>
                        <data:post.author/>
                      </a>
                    </span>
                  <b:else/>
                    <span class='fn'><data:post.author/></span>
                  </b:if>
                </b:if>
              </span>

              <span class='post-timestamp'>
                <b:if cond='data:top.showTimestamp'>
                  <data:top.timestampLabel/>
                  <b:if cond='data:post.url'>
                    <a class='timestamp-link' expr:href='data:post.url' rel='bookmark' title='permanent link'><abbr class='published' expr:title='data:post.timestampISO8601'><data:post.timestamp/></abbr></a>
                  </b:if>
                </b:if>
              </span>

              <span class='post-comment-link'>
                <b:if cond='data:blog.pageType != &quot;item&quot;'>
                  <b:if cond='data:blog.pageType != &quot;static_page&quot;'>
                    <b:if cond='data:post.allowComments'>
                      <a class='comment-link' expr:href='data:post.addCommentUrl' expr:onclick='data:post.addCommentOnclick'><b:if cond='data:post.numComments == 1'>1 <data:top.commentLabel/><b:else/><data:post.numComments/> <data:top.commentLabelPlural/></b:if></a>
                    </b:if>
                  </b:if>
                </b:if>
              </span>
            </div>

            <div class='post-footer-line post-footer-line-2'>
              <b:if cond='data:top.showMobileShare'>
                <div class='mobile-link-button goog-inline-block' id='mobile-share-button'>
                  <a href='javascript:void(0);'><data:shareMsg/></a>
                </div>
              </b:if>
              <b:if cond='data:top.showDummy'>
                <div class='goog-inline-block dummy-container'><data:post.dummyTag/></div>
              </b:if>
            </div>

          </div>
        </div>

        <b:if cond='data:blog.pageType == &quot;static_page&quot;'>
          <b:if cond='data:post.showThreadedComments'>
            <b:include data='post' name='threaded_comments'/>
          <b:else/>
            <b:include data='post' name='comments'/>
          </b:if>
        </b:if>
        <b:if cond='data:blog.pageType == &quot;item&quot;'>
          <b:if cond='data:post.showThreadedComments'>
            <b:include data='post' name='threaded_comments'/>
          <b:else/>
            <b:include data='post' name='comments'/>
          </b:if>
        </b:if>
      </div>
    </div>
  </div>
</b:includable>
<b:includable id='postQuickEdit' var='post'>
  <b:if cond='data:post.editUrl'>
    <span expr:class='&quot;item-control &quot; + data:post.adminClass'>
      <a expr:href='data:post.editUrl' expr:title='data:top.editPostMsg'>
        <img alt='' class='icon-action' height='18' src='http://img2.blogblog.com/img/icon18_edit_allbkg.gif' width='18'/>
      </a>
    </span>
  </b:if>
</b:includable>
<b:includable id='main' var='top'>

  <b:if cond='data:top.showDummy'>
    <script expr:src='data:top.dummyUrl'/>
  </b:if>

  <b:if cond='data:mobileindex'>
    <!-- mobile index -->
    <div class='blog-posts hfeed'>
      <b:loop values='data:posts' var='post'>
        <b:if cond='data:post.isFirstPost == &quot;false&quot;'>
          &lt;/div&gt;
        </b:if>
        &lt;div class=&quot;mobile-date-outer date-outer&quot;&gt;
        <div expr:onclick='data:post.indexOnclick'>
          <b:include data='post' name='mobile-index-post'/>
        </div>
        <b:if cond='data:post.trackLatency'>
          <data:post.latencyJs/>
        </b:if>
      </b:loop>
      <b:if cond='data:numPosts != 0'>
        &lt;/div&gt;
      </b:if>
    </div>
  <b:else/>

    <!-- posts -->
    <div class='blog-posts hfeed'>

      <b:include data='top' name='status-message'/>

      <data:defaultAdStart/>
      <b:loop values='data:posts' var='post'>
        <b:if cond='data:post.isDateStart'>
          <b:if cond='data:post.isFirstPost == &quot;false&quot;'>
            &lt;/div&gt;&lt;/div&gt;
          </b:if>
        </b:if>
        <b:if cond='data:post.isDateStart'>
          &lt;div class=&quot;date-outer&quot;&gt;
        </b:if>






        <b:if cond='data:post.isDateStart'>
          &lt;div class=&quot;date-posts&quot;&gt;
        </b:if>
        <div class='post-outer'>
        <b:include data='post' name='post'/>
        <b:if cond='data:blog.pageType == &quot;static_page&quot;'>
          <b:include data='post' name='comments'/>
        </b:if>
        <b:if cond='data:blog.pageType == &quot;item&quot;'>
          <b:include data='post' name='comments'/>
        </b:if>
        </div>
        <b:if cond='data:post.includeAd'>
          <b:if cond='data:post.isFirstPost'>
            <data:defaultAdEnd/>
          <b:else/>
            <data:adEnd/>
          </b:if>
          <b:if cond='data:mobile == &quot;false&quot;'>
            <div class='inline-ad'>
              <data:adCode/>
            </div>
          </b:if>
          <data:adStart/>
        </b:if>
        <b:if cond='data:post.trackLatency'>
          <data:post.latencyJs/>
        </b:if>
      </b:loop>
      <b:if cond='data:numPosts != 0'>
        &lt;/div&gt;&lt;/div&gt;
      </b:if>
      <data:adEnd/>
    </div>
  </b:if>

  <!-- navigation -->
  <b:if cond='data:mobile'>
    <b:include name='mobile-nextprev'/>
  <b:else/>
    <b:include name='nextprev'/>

    <!-- feed links -->
    <b:include name='feedLinks'/>
  </b:if>

  <b:if cond='data:top.showStars'>
    <script src='//www.google.com/jsapi' type='text/javascript'/>
    <script type='text/javascript'>
      google.load(&quot;annotations&quot;, &quot;1&quot;, {&quot;locale&quot;: &quot;<data:top.languageCode/>&quot;});
      function initialize() {
        google.annotations.setApplicationId(<data:top.blogspotReviews/>);
        google.annotations.createAll();
        google.annotations.fetch();
      }
      google.setOnLoadCallback(initialize);
    </script>
  </b:if>
</b:includable>
<b:includable id='commentDeleteIcon' var='comment'>
  <span expr:class='&quot;item-control &quot; + data:comment.adminClass'>
    <b:if cond='data:showCmtPopup'>
      <div class='goog-toggle-button'>
        <div class='goog-inline-block comment-action-icon'/>
      </div>
    <b:else/>
      <a class='comment-delete' expr:href='data:comment.deleteUrl' expr:title='data:top.deleteCommentMsg'>
        <img src='//www.blogger.com/img/icon_delete13.gif'/>
      </a>
    </b:if>
  </span>
</b:includable>
<b:includable id='feedLinks'>
  <b:if cond='data:blog.pageType != &quot;item&quot;'> <!-- Blog feed links -->
    <b:if cond='data:feedLinks'>
      <div class='blog-feeds'>
        <b:include data='feedLinks' name='feedLinksBody'/>
      </div>
    </b:if>

    <b:else/> <!--Post feed links -->
    <div class='post-feeds'>
      <b:loop values='data:posts' var='post'>
        <b:if cond='data:post.allowComments'>
          <b:if cond='data:post.feedLinks'>
            <b:include data='post.feedLinks' name='feedLinksBody'/>
          </b:if>
        </b:if>
      </b:loop>
    </div>
  </b:if>
</b:includable>
<b:includable id='threaded-comment-form' var='post'>
  <div class='comment-form'>
    <a name='comment-form'/>
    <b:if cond='data:mobile'>
      <p><data:blogCommentMessage/></p>
      <data:blogTeamBlogMessage/>
      <a expr:href='data:post.commentFormIframeSrc' id='comment-editor-src'/>
      <iframe allowtransparency='true' class='blogger-iframe-colorize blogger-comment-from-post' frameborder='0' height='410' id='comment-editor' name='comment-editor' src='' style='display: none' width='100%'/>
    <b:else/>
      <p><data:blogCommentMessage/></p>
      <data:blogTeamBlogMessage/>
      <a expr:href='data:post.commentFormIframeSrc' id='comment-editor-src'/>
      <iframe allowtransparency='true' class='blogger-iframe-colorize blogger-comment-from-post' frameborder='0' height='410' id='comment-editor' name='comment-editor' src='' width='100%'/>
    </b:if>
    <data:post.friendConnectJs/>
    <data:post.cmtfpIframe/>
    <script type='text/javascript'>
      BLOG_CMT_createIframe(&#39;<data:post.appRpcRelayPath/>&#39;, &#39;<data:post.communityId/>&#39;);
    </script>
  </div>
</b:includable>
<b:includable id='threaded_comment_css'>
  <style>
.comments{clear:both;margin-top:10px;margin-bottom:0;line-height:1em}
.comments .comments-content{font-size:13px;margin-bottom:16px}
.comments .comment .comment-actions a{padding-top:5px;padding-right:5px}
.comments .comment .comment-actions a:hover{text-decoration:underline}
.comments .comments-content .comment-thread ol{list-style-type:none;text-align:left;padding:0}
.comments .comments-content .inline-thread{padding:.5em 1em}
.comments .comments-content .comment-thread{margin:8px 0}
.comments .comments-content .comment-replies{margin-top:1em;margin-left:36px}
.comments .comments-content .comment{margin-bottom:16px;padding-bottom:8px}
.comments .comments-content .comment:first-child{padding-top:16px}
.comments .comments-content .comment:last-child{border-bottom:0;padding-bottom:0}
.comments .comments-content .comment-body{position:relative}
.comments .comments-content .user{font-style:normal;font-weight:700}
.comments .comments-content .icon.blog-author{width:18px;height:18px;display:inline-block;margin:0 0 -4px 6px}
.comments .comments-content .datetime{margin-left:6px}
.comments .comments-content .comment-header,.comments .comments-content .comment-content{margin:0 0 8px}
.comments .comments-content .comment-content{text-align:justify}
.comments .comments-content .owner-actions{position:absolute;right:0;top:0}
.comments .comments-replybox{border:none;height:250px;width:100%}
.comments .comment-replybox-single{margin-top:5px;margin-left:48px}
.comments .comment-replybox-thread{margin-top:5px}
.comments .comments-content .loadmore a{display:block;text-align:center;padding:10px 16px}
.comments .thread-toggle{cursor:pointer;display:inline-block}
.comments .continue{cursor:pointer}
.comments .continue a{display:block;font-weight:700;padding:.5em}
.comments .comments-content .loadmore{cursor:pointer;max-height:3em;margin-top:3em}
.comments .comments-content .loadmore.loaded{max-height:0;opacity:0;overflow:hidden}
.comments .thread-toggle .thread-arrow{display:inline-block;height:6px;width:7px;overflow:visible;padding-right:4px;margin:.3em}
.comments .thread-expanded .thread-arrow{background:url(&quot;data:image/png;base64,iVBORw0KGgoAAAANSUhEUgAAAAcAAAAHCAYAAADEUlfTAAAAG0lEQVR42mNgwAfKy8v/48I4FeA0AacVDFQBAP9wJkE/KhUMAAAAAElFTkSuQmCC&quot;) no-repeat scroll 0 0 transparent}
.comments .thread-collapsed .thread-arrow{background:url(&quot;data:image/png;base64,iVBORw0KGgoAAAANSUhEUgAAAAcAAAAHCAYAAADEUlfTAAAAJUlEQVR42mNgAILy8vL/DLgASBKnApgkVgXIkhgKiNKJ005s4gDLbCZBiSxfygAAAABJRU5ErkJggg==&quot;) no-repeat scroll 0 0 transparent}
.comments .avatar-image-container{float:left;width:36px;max-height:36px;overflow:hidden}
.comments .avatar-image-container img{width:36px}
.comments .comment-block{margin-left:48px;position:relative}
.comments .comments-content .comment-thread:empty,.comments .thread-chrome.thread-collapsed{display:none}
@media screen and max-device-width 480px {
.comments .comments-content .comment-replies{margin-left:0}
}
  </style>
</b:includable>
<b:includable id='mobile-index-post' var='post'>
  <b:if cond='data:post.dateHeader'>
    <div class='mobile-index-date'>
      <div class='date-header'>
        <span><data:post.dateHeader/></span>
      </div>
    </div>
  </b:if>

  <div class='mobile-post-outer'>
    <div class='mobile-index-title-outer'>
      <h3 class='mobile-index-title entry-title'>
        <a href='javascript:void(0)'><data:post.title/></a>
      </h3>
    </div>

    <div>
      <div class='mobile-index-arrow'>
        <a href='javascript:void(0)'>&amp;rsaquo;</a>
      </div>

      <div class='mobile-post-contents'>
        <b:if cond='data:post.thumbnailUrl'>
          <div class='mobile-index-thumbnail'>
            <div class='Image'>
              <img expr:src='data:post.thumbnailUrl'/>
            </div>
          </div>
        </b:if>

        <div class='post-body'>
          <b:if cond='data:post.snippet'><data:post.snippet/></b:if>
        </div>
      </div>
      <div style='clear: both;'/>
    </div>

    <div class='mobile-index-comment'>
      <b:if cond='data:blog.pageType != &quot;item&quot;'>
        <b:if cond='data:blog.pageType != &quot;static_page&quot;'>
          <b:if cond='data:post.allowComments'>
            <b:if cond='data:post.numComments != 0'>
              <a class='comment-link' expr:href='data:post.addCommentUrl' expr:onclick='data:post.addCommentOnclick'><b:if cond='data:post.numComments == 1'>1 <data:top.commentLabel/><b:else/><data:post.numComments/> <data:top.commentLabelPlural/></b:if></a>
            </b:if>
          </b:if>
        </b:if>
      </b:if>
    </div>
  </div>
</b:includable>
<b:includable id='feedLinksBody' var='links'>
  <div class='feed-links'>
  <data:feedLinksMsg/>
  <b:loop values='data:links' var='f'>
     <a class='feed-link' expr:href='data:f.url' expr:type='data:f.mimeType' target='_blank'><data:f.name/> (<data:f.feedType/>)</a>
  </b:loop>
  </div>
</b:includable>
<b:includable id='comments' var='post'>
  <div class='comments' id='comments'>
    <a name='comments'/>
    <b:if cond='data:post.allowComments'>
      <h4>
        <b:if cond='data:post.numComments == 1'>
          1 <data:commentLabel/>:
        <b:else/>
          <data:post.numComments/> <data:commentLabelPlural/>:
        </b:if>
      </h4>

      <b:if cond='data:post.commentPagingRequired'>
        <span class='paging-control-container'>
          <a expr:class='data:post.oldLinkClass' expr:href='data:post.oldestLinkUrl'><data:post.oldestLinkText/></a>
          &#160;
          <a expr:class='data:post.oldLinkClass' expr:href='data:post.olderLinkUrl'><data:post.olderLinkText/></a>
          &#160;
          <data:post.commentRangeText/>
          &#160;
          <a expr:class='data:post.newLinkClass' expr:href='data:post.newerLinkUrl'><data:post.newerLinkText/></a>
          &#160;
          <a expr:class='data:post.newLinkClass' expr:href='data:post.newestLinkUrl'><data:post.newestLinkText/></a>
        </span>
      </b:if>

      <div expr:id='data:widget.instanceId + &quot;_comments-block-wrapper&quot;'>
    &lt;div style=&quot;margin: 5px 20px 20px;&quot;&gt;


    &lt;div class=&quot;smallfont&quot; style=&quot;margin-bottom: 2px;&quot;&gt;&lt;b&gt;Spoiler&lt;/b&gt; Untuk lihat &lt;b&gt;komentar yang masuk&lt;/b&gt;: &lt;input value=&quot;Lihat&quot; style=&quot;margin: 0px; padding: 0px; width: 60px; font-size: 10px;&quot; onclick=&quot;if (this.parentNode.parentNode.getElementsByTagName(&#39;div&#39;)[1].getElementsByTagName(&#39;div&#39;)[0].style.display != &#39;&#39;) { this.parentNode.parentNode.getElementsByTagName(&#39;div&#39;)[1].getElementsByTagName(&#39;div&#39;)[0].style.display = &#39;&#39;; this.innerText = &#39;&#39;; this.value = &#39;Tutup&#39;; } else { this.parentNode.parentNode.getElementsByTagName(&#39;div&#39;)[1].getElementsByTagName(&#39;div&#39;)[0].style.display = &#39;none&#39;; this.innerText = &#39;&#39;; this.value = &#39;Lihat&#39;; }&quot; type=&quot;button&quot;&gt;

    &lt;/div&gt;

    &lt;div class=&quot;alt2&quot; style=&quot;border: 1px inset ; margin: 0px; padding: 6px;&quot;&gt;

    &lt;div style=&quot;display: none;&quot;&gt;
        <dl expr:class='data:post.avatarIndentClass' id='comments-block'>
          <b:loop values='data:post.comments' var='comment'>
            <dt expr:class='&quot;comment-author &quot; + data:comment.authorClass' expr:id='data:comment.anchorName'>
              <b:if cond='data:comment.favicon'>
                <img expr:src='data:comment.favicon' height='16px' style='margin-bottom:-2px;' width='16px'/>
              </b:if>
              <a expr:name='data:comment.anchorName'/>
              <b:if cond='data:blog.enabledCommentProfileImages'>
                <data:comment.authorAvatarImage/>
              </b:if>
              <b:if cond='data:comment.authorUrl'>
                <a expr:href='data:comment.authorUrl' rel='nofollow'><data:comment.author/></a>
              <b:else/>
                <data:comment.author/>
              </b:if>
              <data:commentPostedByMsg/>
            </dt>
            <dd class='comment-body' expr:id='data:widget.instanceId + data:comment.cmtBodyIdPostfix'>
              <b:if cond='data:comment.isDeleted'>
                <span class='deleted-comment'><data:comment.body/></span>
              <b:else/>
                <p>
                  <data:comment.body/>
                </p>
              </b:if>
            </dd>
            <dd class='comment-footer'>
              <span class='comment-timestamp'>
                <a expr:href='data:comment.url' title='comment permalink'>
                  <data:comment.timestamp/>
                </a>
                <b:include data='comment' name='commentDeleteIcon'/>
              </span>
            </dd>
          </b:loop>
        </dl>
    &lt;br&gt;
    &lt;/div&gt;
    &lt;/div&gt;
    &lt;/div&gt;
      </div>

      <b:if cond='data:post.commentPagingRequired'>
        <span class='paging-control-container'>
          <a expr:class='data:post.oldLinkClass' expr:href='data:post.oldestLinkUrl'>
            <data:post.oldestLinkText/>
          </a>
          <a expr:class='data:post.oldLinkClass' expr:href='data:post.olderLinkUrl'>
            <data:post.olderLinkText/>
          </a>
          &#160;
          <data:post.commentRangeText/>
          &#160;
          <a expr:class='data:post.newLinkClass' expr:href='data:post.newerLinkUrl'>
            <data:post.newerLinkText/>
          </a>
          <a expr:class='data:post.newLinkClass' expr:href='data:post.newestLinkUrl'>
            <data:post.newestLinkText/>
          </a>
        </span>
      </b:if>

      <p class='comment-footer'>
        <b:if cond='data:post.embedCommentForm'>
          <b:if cond='data:post.allowNewComments'>
            <b:include data='post' name='comment-form'/>
          <b:else/>
            <data:post.noNewCommentsText/>
          </b:if>
        <b:else/>
          <b:if cond='data:post.allowComments'>
            <a expr:href='data:post.addCommentUrl' expr:onclick='data:post.addCommentOnclick'><data:postCommentMsg/></a>
          </b:if>
        </b:if>

      </p>
    </b:if>
    <b:if cond='data:showCmtPopup'>
      <div id='comment-popup'>
        <iframe allowtransparency='true' frameborder='0' id='comment-actions' name='comment-actions' scrolling='no'>
        </iframe>
      </div>
    </b:if>

    <div id='backlinks-container'>
    <div expr:id='data:widget.instanceId + &quot;_backlinks-container&quot;'>
       <b:if cond='data:post.showBacklinks'>
         <b:include data='post' name='backlinks'/>
       </b:if>
    </div>
    </div>
  </div>
</b:includable>
</b:widget>
</b:section>

<b:if cond='data:blog.url == data:blog.homepageUrl'>
<!--Page Navigation Starts-->
<script type='text/javascript'>
var pageCount=10;
var displayPageNum=5;
var upPageWord =&#39;Previous Page&#39;;
var downPageWord =&#39;Next Page&#39;;
</script>
<script src='http://jamu-martin.googlecode.com/files/page%20navigation.js' type='text/javascript'/>
<!--Page Navigation Ends -->
</b:if>

      </div>

      <div id='sidebar-wrapper'>
        <b:section class='sidebar' id='sidebar' preferred='yes'>
<b:widget id='HTML7' locked='false' title='' type='HTML'>
<b:includable id='main'>
  <!-- only display title if it's non-empty -->
  <b:if cond='data:title != &quot;&quot;'>
    <h2 class='title'><data:title/></h2>
  </b:if>
  <div class='widget-content'>
    <data:content/>
  </div>

  <b:include name='quickedit'/>
</b:includable>
</b:widget>
<b:widget id='HTML5' locked='false' title='' type='HTML'>
<b:includable id='main'>
  <!-- only display title if it's non-empty -->
  <b:if cond='data:title != &quot;&quot;'>
    <h2 class='title'><data:title/></h2>
  </b:if>
  <div class='widget-content'>
    <data:content/>
  </div>

  <b:include name='quickedit'/>
</b:includable>
</b:widget>
<b:widget id='HTML8' locked='false' title='' type='HTML'>
<b:includable id='main'>
  <!-- only display title if it's non-empty -->
  <b:if cond='data:title != &quot;&quot;'>
    <h2 class='title'><data:title/></h2>
  </b:if>
  <div class='widget-content'>
    <data:content/>
  </div>

  <b:include name='quickedit'/>
</b:includable>
</b:widget>
<b:widget id='HTML3' locked='false' title='Recent Post' type='HTML'>
<b:includable id='main'>
  <!-- only display title if it's non-empty -->
  <b:if cond='data:title != &quot;&quot;'>
    <h2 class='title'><data:title/></h2>
  </b:if>
  <div class='widget-content'>
    <data:content/>
  </div>

  <b:include name='quickedit'/>
</b:includable>
</b:widget>
<b:widget id='HTML2' locked='false' title='Random Post' type='HTML'>
<b:includable id='main'>
  <!-- only display title if it's non-empty -->
  <b:if cond='data:title != &quot;&quot;'>
    <h2 class='title'><data:title/></h2>
  </b:if>
  <div class='widget-content'>
    <data:content/>
  </div>

  <b:include name='quickedit'/>
</b:includable>
</b:widget>
</b:section>
      </div>

<b:if cond='data:blog.pageType != &quot;item&quot;'>
      <div id='sidebar3-wrapper'>
        <b:section class='sidebar3' id='sidebar3' preferred='yes'>
<b:widget id='Label2' locked='false' title='Categories' type='Label'>
<b:includable id='main'>
  <b:if cond='data:title'>
    <h2><data:title/></h2>
  </b:if>
  <div expr:class='&quot;widget-content &quot; + data:display + &quot;-label-widget-content&quot;'>
    <b:if cond='data:display == &quot;list&quot;'>
      <ul>
      <b:loop values='data:labels' var='label'>
        <li>
          <b:if cond='data:blog.url == data:label.url'>
            <span expr:dir='data:blog.languageDirection'><data:label.name/></span>
          <b:else/>
            <a expr:dir='data:blog.languageDirection' expr:href='data:label.url'><data:label.name/></a>
          </b:if>
          <b:if cond='data:showFreqNumbers'>
            <span dir='ltr'>(<data:label.count/>)</span>
          </b:if>
        </li>
      </b:loop>
      </ul>
    <b:else/>
      <b:loop values='data:labels' var='label'>
        <span expr:class='&quot;label-size label-size-&quot; + data:label.cssSize'>
          <b:if cond='data:blog.url == data:label.url'>
            <span expr:dir='data:blog.languageDirection'><data:label.name/></span>
          <b:else/>
            <a expr:dir='data:blog.languageDirection' expr:href='data:label.url'><data:label.name/></a>
          </b:if>
          <b:if cond='data:showFreqNumbers'>
            <span class='label-count' dir='ltr'>(<data:label.count/>)</span>
          </b:if>
        </span>
      </b:loop>
    </b:if>
    <b:include name='quickedit'/>
  </div>
</b:includable>
</b:widget>
<b:widget id='HTML6' locked='false' title='' type='HTML'>
<b:includable id='main'>
  <!-- only display title if it's non-empty -->
  <b:if cond='data:title != &quot;&quot;'>
    <h2 class='title'><data:title/></h2>
  </b:if>
  <div class='widget-content'>
    <data:content/>
  </div>

  <b:include name='quickedit'/>
</b:includable>
</b:widget>
</b:section>
      </div>
</b:if>

      <!-- spacer for skins that want sidebar and main to be the same height-->
      <div class='clear'>&#160;</div>
<div class='menubottompic'>
<div class='menubottom'>
<ul>
<li><a href='/'><img border='0' src='http://3.bp.blogspot.com/-ahBP1l1brUk/Tv633RDg7UI/AAAAAAAAAM0/LcYDUsPL9X0/s1600/home_bg.png' style='padding:0px;'/></a></li>
<li><a href='http://feeds.feedburner.com/blogspot/offH' title='Posts RSS'>Posts RSS</a></li>
<li><a href='http://creatingwebsite-maskolis.blogspot.com/feeds/comments/default' title='Comments RSS'>Comments RSS</a></li>
<li><a href='http://creatingwebsite-maskolis.blogspot.com/2011/01/memasang-kode-warna-di-blog.html'>Kode Warna</a></li>
<li><a href='http://creatingwebsite-maskolis.blogspot.com/search?max-results=300'>Daftar Isi</a></li>
<li><a href='http://www.kompasiana.com/maskolis'>Kompasiana</a></li>
<li><a href='http://www.facebook.com/home.php?sk=group_191584964195748'>Facebook</a></li>
<li><a href='http://maskolis.blogspot.com'>Jangan Diklik</a></li>
</ul>
</div>
<div class='bottomsearch'>
<div style='float:right;padding:12px 15px 0 0;'>
<form action='http://www.google.com/search' method='get' target='_blank'>
<input name='sitesearch' style='display:none;' value='http://creatingwebsite-maskolis.blogspot.com'/>
<input id='search-box' name='q' onblur='if(this.value==&apos;&apos;)this.value=this.defaultValue;' onfocus='if(this.value==this.defaultValue)this.value=&apos;&apos;;' style='width:170px;border:none;padding:4px 10px; font:italic 12px Georgia;color:#666; background:url(http://4.bp.blogspot.com/-JhTpzXNBwck/TqUak4btitI/AAAAAAAAA4A/Z-HYoA5zewo/s1600/bg_field.gif) no-repeat;' type='text' value='Search on this site...'/><input align='top' id='search-btn' src='http://4.bp.blogspot.com/-HbVtnk3fuBA/Tvwzxz9DHRI/AAAAAAAAAB8/HA1BpaTg8Cc/s1600/bg_search.gif' type='image' value='Search'/>

</form>
</div>
</div>
<div style='clear:both;'/>
</div>

<div class='creditpic'>
<div class='credit'>
Copyright &#169; 2011. <a class='sitename' expr:href='data:blog.homepageUrl' expr:title='data:blog.title'><data:blog.title/></a> . All Rights Reserved.<br/>
<a href='#'>Company Info</a> | <a href='#'>Contact Us</a> | <a href='#'>Privacy policy</a> | <a href='#'>Term of use</a> | <a href='#'>Widget</a> | <a href='#'>Advertise with Us</a> | <a href='#'>Site map</a><br/>
Template modify by <a href='http://creatingwebsite-maskolis.blogspot.com/'>Creating Website</a>
</div>
</div>
    </div> <!-- end content-wrapper -->
  </div></div> <!-- end outer-wrapper -->
</body>
</html>