<?xml version="1.0" encoding="UTF-8" ?>
<!DOCTYPE html PUBLIC "-//W3C//DTD XHTML 1.0 Strict//EN" "http://www.w3.org/TR/xhtml1/DTD/xhtml1-strict.dtd">
<html expr:dir='data:blog.languageDirection' xmlns='http://www.w3.org/1999/xhtml' xmlns:b='http://www.google.com/2005/gml/b' xmlns:data='http://www.google.com/2005/gml/data' xmlns:expr='http://www.google.com/2005/gml/expr'>
  <head>

    <link href='https://googledrive.com/host/0BxRWAQDD7jACLThvRElWaTJfcjg/' id='font-awesome' rel='stylesheet'/>
 
    <link href='https://googledrive.com/host/0BxRWAQDD7jACQjNMZjVPbUItUTA/' id='flex-slider-css' rel='stylesheet'/>

<link href='http://fonts.googleapis.com/css?family=Droid+Sans:700|Gudea:700|Droid+Sans:' rel='stylesheet' type='text/css'/>
    <b:include data='blog' name='all-head-content'/>
    <b:if cond='data:blog.pageType == &quot;index&quot;'>
    <title><data:blog.pageTitle/></title>
    <b:else/>
    <title><data:blog.pageName/> - <data:blog.title/></title>
    </b:if>
    <meta content='Your Blog Description here!' name='description'/>
    <meta content='Your Keywords here!' name='keywords'/>
    <meta content='Author Name here!' name='Author'/>
    <meta content='Author Email Address here!' name='Email'/>
    <meta content='document' name='resource-type'/>
    <meta content='all' name='audience'/>
    <meta content='general' name='rating'/>
    <meta content='all' name='robots'/>
    <meta content='index, follow' name='robots'/>
    <meta content='id' name='language'/>
    <meta content='id' name='geo.country'/>
    <meta content='global' name='distribution'/>
    <meta content='1 days' name='revisit-after'/>
    <b:skin><![CDATA[/*
/*
-----------------------------------------------

Theme : Frontpage
Author  : mythemeshop.com
Designed By : Suryakant sao
Updated by: Trackers Group
Installation: http://www.templatetrackers.com/
License      :  http://creativecommons.org/licenses/by/3.0/

THIS BLOGGER TEMPLATE IS RELEASED UNDER THE  Creative Commons Attribution 3.0 Unported License. SO UNDER THE LICENSE TERMS, PLEASE DON'T REMOVE THE AUTHOR CREDIT LINK.RESPECT AUTHOR'S HARDWORK. IF YOU WANT TO REMOVE THE LINK CONTACT US.

----------------------------------------------- */

/* Variable definitions
   ====================
   <Variable name="bgcolor" description="Page Background Color"
             type="color" default="#fff" value="#eeeeee">
   <Variable name="textcolor" description="Text Color"
             type="color" default="#333" value="#333333">

   <Variable name="bodyfont" description="Text Font"
             type="font" default="normal normal 100% Georgia, Serif" value="normal normal 12px Arial, Tahoma, Helvetica, FreeSans, sans-serif">
   <Variable name="headerfont" description="Sidebar Title Font"
             type="font"
             default="normal normal 78% 'Trebuchet MS',Trebuchet,Arial,Verdana,Sans-serif" value="normal bold 14px Arial, Tahoma, Helvetica, FreeSans, sans-serif">
   <Variable name="pagetitlefont" description="Blog Title Font"
             type="font"
             default="normal normal 180% Oswald" value="normal normal 24px Oswald">
   <Variable name="descriptionfont" description="Blog Description Font"
             type="font"
             default="normal normal 78% 'Trebuchet MS', Trebuchet, Arial, Verdana, Sans-serif" value="normal normal 12px Lucida Sans, Tahoma, Helvetica, FreeSans, sans-serif">

   <Variable name="startSide" description="Side where text starts in blog language"
             type="automatic" default="left" value="left">
   <Variable name="endSide" description="Side where text ends in blog language"
             type="automatic" default="right" value="right">
*/

#navbar-iframe{height:0;visibility:hidden;display:none}
#backlinks-container{display:none;visibility:hidden;margin:0;border:0}
a.quickedit{display:none}

body{background:#fff;
color:#222;
font:14/21px droid-sans;
font-size:small;
text-align:center;
margin:0 auto}

img{border:0}

a:link{color:#e32;text-decoration:none}

a:visited{color:$visitedlinkcolor;text-decoration:none}

a:hover{color:#0072C6;text-decoration:none}



#header-wrap{background:#fff;width:100%;height:130px;}

#header-wrapper{width:1020px;height:130px;margin:20px auto 0}

#header-inner{background-position:center;margin-left:auto;margin-right:auto}

#header{float:left;
width:310px;
border:0 solid $bordercolor;
text-align:left;
color:$pagetitlecolor;
margin-top:20px;}

#header2{float:right;width:628px;margin-right:10px;text-align:left;color:#555}

.header .widget,.header2 .widget{margin:0 auto;padding:10px 0;display:block}

#header h1{line-height:1em;text-transform:none;letter-spacing:.1em;font:$pagetitlefont;margin:0 auto;padding:5px 5px .15em}

#header a{color:$pagetitlecolor;text-decoration:none}

#header a:hover{color:$pagetitlecolor}

#header .description{max-width:100%;text-transform:uppercase;letter-spacing:.01em;line-height:1.2em;font:$descriptionfont;color:$descriptioncolor;margin:0 auto;padding:0 5px 5px}

#header img{margin-startside:auto;margin-endside:auto}


#outer-wrapper{background:#fff;
width:100%;
margin:20px auto 0;
padding:0}

#blog-outer{background:#fff;
width:1020px;
text-align:left;
font-size:14px;
font-family:arial,verdana;
margin:0 auto;
padding:10px;
line-height:160%;

}

#main-wrapper{padding-left:10px;
width:680px;
float:left;
word-wrap:break-word;
overflow:hidden}

#midle-wrapper{width:310px;
float:left;
word-wrap:break-word;
overflow:hidden}


h2{font:$headerfont;
line-height:1.4em;
letter-spacing:.01em;
color:#0076C2;
margin:.5em 0 .25em}

#date-header, .date-header{text-transform:none;
font-size: 13px;
font-weight:normal;
font-family:arial;
color:#999;
line-height:1.2em;
margin:15px 0}

.author, .time, .post-labels, .comment{margin-right:15px}
.author i, .time i, .post-labels i, .comment i, .breadcrumbs i{margin-right:5px}

.breadcrumbs{font-size:14px;
font-weight:500;
font-family:verdana}

.breadcrumbs a, .author a{color:#e32;}

.breadcrumbs a:hover, .author a:hover{color:#0072C6}

.post{background:#fff;border:1px solid #d3cab5;margin:.1em 0 .5em;padding:10px 15px}

h2.post-title{font-family:Droid Sans;
font-size:18px;
font-weight:600;
text-transform:none;
line-height:120%;
color:#e32;
margin:.25em 0 .25em;
padding:0 0 4px}

h2.post-title a,h2.post-title a:visited{display:block;text-decoration:none;color:#e32;font-weight:700}

h2.post-title a:hover{color:#0072C6}

h1.entry-title{color:#0072C6;
margin:0 0 0 0;
line-height:160%;
}

.post-body{padding-top:6px;line-height:1.6em;font:14px Arial;margin:3.1em 0 .75em}

.post-body blockquote{line-height:1.3em;font-style:italic}

.post-footer{color:#666;text-transform:none;letter-spacing:.01em;font:$postfooterfont;line-height:1.4em;margin:.75em 0}

.comment-link{margin-left:.1em}

.post img,table.tr-caption-container{padding-top:4px;border:0 solid #ccc}

.post-thumbnail{width:150px;height:100px;float:left;margin:0px 10px 0px 0px}
.post-thumbnail img{width:150px
;height:100px}

.post-snippet:before{content:attr(data-snippet);}


 .posttitle {height:15px;border:0 none;line-height:8px;margin:0 5px 5px;padding:2px}

.posttitle a{color:#fff;font:11px Oswald;line-height:13px;text-transform:none;}

 .posttitle a:hover {color:#f7441a}

.post {border:none;background:none;}
.post {border-bottom:1px dotted silver;margin:0px;padding:3px 0}



.post blockquote{margin: 10px 10px 10px 20px;padding: 10px 15px 10px 15px;line-height: 1.6em;color: #5b523e;background: #bbb39f;border-left: 20px solid #716751}

.post blockquote p{margin:.75em 0}

#comments h4{color:#111;font-size:16px;font-family:Tahoma, Arial, Verdana;font-weight:400;margin:0 0 5px;padding:0}

#comments{background:#FFF;border:1px solid #d3cab5;margin:0 0 10px;padding:15px 10px 10px}

.deleted-comment{font-style:italic;color:gray}

#blog-pager-newer-link{float:left;}

#blog-pager-older-link{float:right}

#blog-pager{text-align:center}

a.home-link{display:none}

a.blog-pager-newer-link, a.blog-pager-older-link{font-size:18px;
font-weight:bold;
color:#e32;
}

a.blog-pager-newer-link:hover, a.blog-pager-older-link:hover{color:#0072C6}


.feed-links{clear:both;line-height:2.5em;display:none}





.ads .widget{background:#fff;margin:10px 0;padding:10px auto}


.sidebar{font:normal 12px Arial;color:#716751;line-height:1.4em}

.sidebar li{text-indent:0;line-height:1.3em;margin:0;padding:4px 0}

.sidebar ul{list-style:none;margin:0;padding:0 10px}

.footer h2{background:url(http://4.bp.blogspot.com/-2a7VfkGbWUQ/UAf-qPmRU1I/AAAAAAAAHwQ/UDZxYtKXTi4/s1600/batas1.png) repeat-x scroll bottom;font:bold 14px Arial;line-height:1.3em;text-transform:uppercase;letter-spacing:.01em;color:#423119;padding-bottom:5px;margin-bottom:5px;}

.footer{color:#26231c;line-height:1.3em;font:normal 12px Arial}

.footer ul{list-style:none;color:#888;margin:0;padding:0}

.footer li{background:url(http://4.bp.blogspot.com/-Bt0JYGRHfpk/T7ZpN5RNSQI/AAAAAAAAGJQ/zQtrWVZwgHA/s1600/bullet.png) no-repeat 1px 6px;font:normal 12px Arial;text-indent:0;line-height:1.3em;border-bottom:1px dotted #c9bfa9;margin:0;padding:2px 0 3px 16px}

.footer a:link,.footer li a:visited{color:#423119;text-decoration:none}

.footer .widget{margin:0 0 10px;
}

.footer p{line-height:150%;
font-size:15px}

.main-footer{background:#efefef;
width:100%;
text-align:center;
font-size:14px;
margin:0 auto}

h3.title{font-size: 20px;
line-height: 150%;
color: #0076C2;
}

#footer-wrapper{width:1020px;text-align:left;font:$bodyfont;margin:0 auto;padding:0}

#footer1-wrapper{float:left;width:300px;word-wrap:break-word;overflow:hidden}

#footer2-wrapper{margin-left:10px;width:300px;float:right;word-wrap:break-word;overflow:hidden;padding:0 10px}

#footer3-wrapper{padding-right:10px;width:310px;float:right;word-wrap:break-word;overflow:hidden}

.credit-wrapper{background:#fff;
width:100%;
margin:0 auto;
}

.credit{width:1020px;
line-height:1.6em;
text-align:center;
font-family:Arial;
font-size:14px;
color:#222;
overflow:hidden;
clear:both;
margin:0 auto;
padding:10px 0px}

.credit a{-webkit-transition: all 0.25s linear;
-moz-transition: all 0.25s linear;
transition: all 0.25s linear;}

.credit a:link,.credit a:visited{color:#e32;text-decoration:none}

.credit a:hover{#0072C6}

.credit i{margin-right:5px}


#menuwrap{background:#fff;
width:100%;
margin:8px auto;
padding:0 auto;
height:37px}

#menuwrapper{width:1020px;height:37px;margin:0 auto}

.clearit{clear:both;
height:0;
line-height:0.0;
font-size:0}

#menubar{width:100%}

#menubar,#menubar ul{list-style:none;
font-family:"Droid Sans";
margin:0;
padding:0}

#menubar a{display:block;
text-decoration:none;
font-size:16px;
font-weight:bold;
text-transform:none;
color:#121212;
padding:11px 12px 11px;
margin-right:8px;
}



#menubar a:hover{color:#e32}

#menubar a.trigger{background-image:url(http://3.bp.blogspot.com/-LzmPTNyR6po/TwETZufjSTI/AAAAAAAAATo/oisHmXUjmSY/s1600/arrow_white.gif);background-repeat:no-repeat;background-position:right center;padding:11px 24px 11px 12px}

#menubar li{float:left;position:static;width:auto;margin-right:7px}

#menubar li i{margin-right:8px}

#menubar li ul,#menubar ul li{width:200px;margin:6px 0}

#menubar ul li a{text-align:left;
color:#fff;
font-size:15px;
font-weight:bold;
text-transform:none;
font-family:Arial;
border:none;
padding:5px 10px;
font-size:16px;
line-height:1.3}

#menubar li ul{z-index:100;
position:absolute;
display:none;
margin-top:-5px;
background:#fff;
border:1px solid #efefef;
width:220px;
color: #798189}

#menubar li:hover a,#menubar a:active,#menubar a:focus,#menubar li.hvr a{color:#e32}

#menubar li:hover ul,#menubar li.hvr ul{display:block}

#menubar li:hover ul a,#menubar li.hvr ul a{color:#111;}

#menubar li ul a:hover{color:#0474c6}


#menubar ul a:hover{color:#0474c6!important;text-decoration:none;}


.search{float:right;width:180px;height:20px;margin:5px auto}



.search input[type="text"]{background:#fff;
float:left;
border:1px solid #999;
width:126px;
margin:1px auto;
padding:5px 15px;
font-size:14px;
text-align:right;
height:15px}

.search input[type="text"]:focus{background:transparent}

.search input[type="submit"]{display:none}

.headline-wrapper{background:url(http://2.bp.blogspot.com/-POTvrh3P0Oo/UAfD2p0D8TI/AAAAAAAAHuo/gyfuS7qGe1g/s1600/headline.png) repeat-x bottom;width:100%;height:30px;}



.showpageOf{border:1px solid #7b7c7d;color:#000;margin:2px;padding:2px 5px}

.showpageNum a,.showpage a{border:1px solid #ededed;
color:#222;
background-color:#ededed;
text-decoration:none;
margin:5px;
padding:25px 15px;
font-size:14px}

.showpageNum a:hover,.showpage a:hover,.showpagePoint{border:1px solid #e32;
background:#e32;
color:#fff;
margin:5px;
padding:15px;
-webkit-transition: all 0.25s linear;
-moz-transition: all 0.25s linear;
transition: all 0.25s linear;
}



#ads1-wrapper,#ads2-wrapper{width:670px;float:left;word-wrap:break-word;overflow:hidden;line-height:1.1em;}

#ads-wrapper,#sidebar-wrapper,#footer3-wrapper{width:300px;
float:right;
word-wrap:break-word;
display:block;
height:auto}

#sidebar.sidebar-section, #ads.ads.sscetion{display:block;
width:300px;
height:auto;
float:right;
}

.widget-content{margin:20px 0;
display:block}

#comments-block .comment-author,.profile-datablock{margin:.5em 0}





#carousel{width:1020px;
height:130px;
position:relative;
display:block;
background:none;
margin:15px auto;
}

#carousel h5{display:none!important}

#carousel .container{position:absolute;
left:42px;
bottom:10px;
width:960px;
height:125px;overflow:hidden;
}

#carousel .thumb{float:left;margin-right:1px;}

#carousel #previous_button{position:absolute;width:32px;height:125px;background:#efefef url(http://4.bp.blogspot.com/-Q0giMZYwiLc/UkQXAmbahzI/AAAAAAAACCk/krJ6PQJqUF0/s1600/previousbutton.png) center;z-index:100;cursor:pointer;}

#carousel #next_button{position:absolute;right:0;width:32px;height:125px;background: #efefef url(http://2.bp.blogspot.com/-1JErDmilydc/UkQXAWJ8-XI/AAAAAAAACCg/y42pcYnRMXY/s1600/nextbutton.png) center;z-index:100;cursor:pointer;}

#carousel #next_button:hover, #carousel #previous_button:hover{background-color:#e32}

#carousel ul{width:100000px;position:relative;margin-top:10px}

#carousel ul li{background:#fff;
display:inline;
float:left;
text-align:left;
font:bold 11px Arial;
border:0px solid #ccc;
width:110px;
height:104px;
margin:0 auto;
margin-right:1px;
padding:3px}

#carousel ul li a.slider_title{display:none!important}


.sidebar a:hover,#carousel ul li a.slider_title:hover,.catbox-even h1 a:hover,.catbox-even ul li a:hover{color:#e78b14}

.footer li a:hover,.credit a:hover{color:#e5ba19;text-decoration:none}

#top li:hover ul,#top li.hvr ul{display:block}

#PopularPosts1{paddig:2px;
border:1px solid #ededed;
}

#heading{border:1px solid #e32;
margin-bottom:10px}

#PopularPosts1 h2{font-size:18px;
color:#fff;
background:#e32;
line-height:140%;
text-align:center;
text-transform:none;
padding:7px 0;
margin:0
}

#PopularPosts1.item-snippet{display:none}


#PopularPosts1 img{width:65px;
height:50px}

#PopularPosts1 a{color:#e32;
font-size:14px}

#PopularPosts1 a:hover{color:#0076C2}


.latest{font-size:22px;
font-weight:bold;
color:#0072C6;
border-top:0;
border-right:0;
border-left:0;
border-style:double;
border-color:#ededed;
margin:10px 5px;
padding:2px;
width:360px;
}

.random{float:right;
list-style:none;
overflow:hidden;
}

.random ul{list-style:none}

.random li{list-style:none;
display:block;
min-height:180px;
margin:0 auto 10px}

.random img{width:200px;
height:115px
}

.random-title{font-size:22px;
font-weight:bold;
color:#0072C6;
border-bottom:1px solid #ededed;
margin:10px 5px;
padding:2px;

}

h2.title a{color:#e32;
font-size:16px;
text-transform:none;
}
h2.title a:hover{color:#0072C6}


#newsletter.newsletter{display:block;
width:300px;
height:60px;
margin:20px 0;
background:transparent;
}

#newsletter form {position:relative}

#newsletter input {
border: 1px solid #D1D1D1;
-webkit-transition: all 0.25s linear;
-moz-transition: all 0.25s linear;
transition: all 0.25s linear;
-webkit-box-sizing: border-box;
-moz-box-sizing: border-box;
box-sizing: border-box;
width: 240px;
height: 38px;
float: left;
padding: 9px 0;
text-indent: 10px;
border-right: 0;
color:#b1b1b1
}

#newsletter input[type="submit"] {
cursor: pointer;
color: white!important;
padding: 2px 0;
border: 0;
float: left;
height: 40px;
width:50px;
z-index:1;
text-indent: -999em;
position:absolute;
background: transparent;

}

.icon-envelope{color:#fff;
  background:#e32;
padding:9px 20px;
  position:absolute;
font-size:20px}


#sponsors{display:block;
width:300px;
height:250px;
z-index:10}

h3.sponsors{font-size:20px;
line-height:150%;
color:#0076C2
}

#Label1 h3{font-size:20px;
line-height:150%;
color:#0076C2
}

span.labels{font-size:15px;
color:#fff;
}

span.labels a{color:#fff;
background:#e32;
padding:5px 10px;
}

span.labels a:hover{color:#fff;
background:#0072C6;
-webkit-transition: all 0.35s linear;
-moz-transition: all 0.35s linear;
transition: all 0.35s linear;
}
.social-profile-icons{width:300px}

.social-profile-icons ul li {
background: none;
border: none;
float: left;
list-style: none;
margin: 0 5px 10px;
padding: 0;
text-indent: -999em;
}

.social-profile-icons ul li a {
display: block;
width: 32px;
height: 32px;
-webkit-transition: all 0.25s linear;
-moz-transition: all 0.25s linear;
transition: all 0.25s linear;
}

.social-dribbble a {
background: url(http://4.bp.blogspot.com/-_x2gLp6OQVc/UkbzxgtJkTI/AAAAAAAACFg/Fizv0ntYipw/s1600/social-dribbble.png) no-repeat;
}
.social-email a {
background: url(http://1.bp.blogspot.com/-VADPaOusYB4/UkbzzWhXtUI/AAAAAAAACGE/Oyl7snl9UfY/s1600/social-mail.png) no-repeat;
}
.social-facebook a {
background: url(http://2.bp.blogspot.com/-xFu3jlvBW9M/UkbzxtCoHuI/AAAAAAAACFo/4vyKeqV6KjE/s1600/social-facebook.png) no-repeat;
}
.social-gplus a {
background: url(http://3.bp.blogspot.com/-K1r6PluFtLo/Ukbzyv2AcoI/AAAAAAAACF4/YXU6DSCyeHY/s1600/social-googleplus.png) no-repeat;
}
.social-linkedin a {
background: url(http://3.bp.blogspot.com/-JlqIXUVPtYw/Ukbzy7qrfrI/AAAAAAAACGM/8DzT7qjbgNg/s1600/social-linkedin.png) no-repeat;
}
.social-pinterest a {
background: url(http://4.bp.blogspot.com/-RJ4p0-tO5oE/UkbzztmeF5I/AAAAAAAACGU/XqiWTAZxq9Y/s1600/social-pinterest.png) no-repeat;
}
.social-rss a {
background: url(http://4.bp.blogspot.com/-K_kaqIH0fZ4/Ukbz0F8xXnI/AAAAAAAACGc/ewt2CxyEKSo/s1600/social-rss.png) no-repeat;
}
.social-stumbleupon a {
background: url(http://4.bp.blogspot.com/-s8IbWwpGjmw/Ukb1rrpIa9I/AAAAAAAACHM/09apu8k00lw/s1600/social-stumbleupon.png) no-repeat;
}
.social-twitter a {
background: url(http://3.bp.blogspot.com/-dCAJIR4m44o/Ukbz0se-ifI/AAAAAAAACGs/LNrFDSswg1g/s1600/social-twitter.png) no-repeat;
}
.social-youtube a {
background: url(http://1.bp.blogspot.com/-_h7IFzXsl2I/Ukbz1HMs6uI/AAAAAAAACG4/XTUjLBUGlOU/s1600/social-youtube.png) no-repeat;
}
.social-flickr a {
background: url(http://3.bp.blogspot.com/-9FUAcOzObR0/UkbzxnJMVVI/AAAAAAAACFk/S8kqJ-lT13U/s1600/social-flickr.png) no-repeat;
}
.social-lastfm a {
background: url(http://3.bp.blogspot.com/-rBjGTD9mr-4/Ukbzym9LuFI/AAAAAAAACF8/nhAkXcVZuAA/s1600/social-lastfm.png) no-repeat;
}
.social-tumblr a {
background: url(http://1.bp.blogspot.com/-x-EqWT5wsH0/Ukbz0RcfoPI/AAAAAAAACGg/VcMFCeh1tys/s1600/social-tumblr.png) no-repeat;
}
.social-vimeo a {
background: url(http://4.bp.blogspot.com/-dqmvdmzovWg/Ukbz0-KQvBI/AAAAAAAACG8/oguL7BR7q_A/s1600/social-vimeo.png) no-repeat;
}

@import url(http://weloveiconfonts.com/api/?family=entypo);

/* entypo */
[class*="entypo-"]:before {
  font-family: 'entypo', sans-serif;
}





]]></b:skin>



<b:if cond='data:blog.pageType == &quot;index&quot;'>
<style>

  #col1{width:460px;
    float:left
  }
  #col2{width:210px;
    float:right;}

  #sidebar-wrapper{margin-top:25px;}

  .breadcrumbs{display:none}

#date-header{width:250px;
    float:left;
    overflow:hidden;
    
  }


  .jump-link{color:#e32;
    float:right;
    width:100px;
line-height: 1.2em;
margin: 15px 0;
    }


  .jump-link a{color:#e32;
    font-size:13px}

  .jump-link a:hover{color:#0072C6}


  #blog-pager {font:normal 14px Arial;font-weight:bold;text-align:left;margin:26px 0 1px 0;padding:7px 0px 7px 0px;}


  </style>    

</b:if>


<b:if cond='data:blog.url == data:blog.homepageUrl'> 
<b:if cond='data:blog.pageType != &quot;static_page&quot;'>
<b:if cond='data:blog.pageType != &quot;item&quot;'> 
<style type='text/css'>
  .post-labels{display:none}

  #date-header{width:250px;
    float:left;
    overflow:hidden;
    display:inline-block;
  }


  .jump-link{color:#e32;
    float:right;
    width:100px;
line-height: 1.2em;
margin: 15px 0;
    }


  .jump-link a{color:#e32;
    font-size:13px}

  .jump-link a:hover{color:#0072C6}


  #blog-pager {font:normal 14px Arial;font-weight:bold;text-align:left;margin:26px 0 1px 0;padding:7px 0px 7px 0px;}

  #sidebar-wrapper{margin-top:0}


</style>

  </b:if></b:if></b:if>

<script type='text/javascript'>
var relatedpoststitle=&quot;Related articles&quot;;
</script>



<style type='text/css'>
.titlefield{text-decoration: none;}
.labelfield{color:#666;font-size: 100%;}
.datefield{color:#fff;font:normal 12px Arial;}
#example1{width: 900px;height: 12px;padding: 0px;font:bold 12px Arial;text-transform:none;text-align:left;background-color:transparent;}
code{color: #fff;}
#example1 a:link, #example1 a:visited {color:#ff9900;text-decoration:none;}
#example1 a:hover {color:#fff;text-decoration:none;}
</style>
<script src='http://ajax.googleapis.com/ajax/libs/jquery/1.7.2/jquery.min.js' type='text/javascript'/>


    <script id='carousel-lite' src='https://googledrive.com/host/0BxRWAQDD7jACNjlSUmhYZDFESms/' type='text/javascript'/>

<script type='text/javascript'>
//<![CDATA[
imgr=new Array();imgr[0]="http://2.bp.blogspot.com/-uitX7ROPtTU/Tyv-G4NA_uI/AAAAAAAAFBY/NcWLPVnYEnU/s1600/no+image.jpg";
showRandomImg=true;
numposts1=16;
numposts2=7;
numposts3=4;


side_cat1 = 'General'; 
side_cat2 = 'Relationships';



function removeHtmlTag(strx,chop){ 
	if(strx.indexOf("<")!=-1)
	{
		var s = strx.split("<"); 
		for(var i=0;i<s.length;i++){ 
			if(s[i].indexOf(">")!=-1){ 
				s[i] = s[i].substring(s[i].indexOf(">")+1,s[i].length); 
			} 
		} 
		strx =  s.join(""); 
	}
	chop = (chop < strx.length-1) ? chop : strx.length-2; 
	while(strx.charAt(chop-1)!=' ' && strx.indexOf(' ',chop)!=-1) chop++; 
	strx = strx.substring(0,chop-1); 
	return strx+'...'; 
}

function createSummaryAndThumb(pID){
	var div = document.getElementById(pID);
	var imgtag = "";
	var img = div.getElementsByTagName("img");
	var summ = summary_noimg;
	if(img.length>=1) {	
		imgtag = '<span style="float:left; padding:0px 10px 5px 0px;"><img src="'+img[0].src+'" width="'+img_thumb_width+'px" height="'+img_thumb_height+'px"/></span>';
		summ = summary_img;
	}
	
	var summary = imgtag + '<div>' + removeHtmlTag(div.innerHTML,summ) + '</div>';
	div.innerHTML = summary;
}

  function showrecentposts1(json) {
	j = (showRandomImg) ? Math.floor((imgr.length+1)*Math.random()) : 0;
	img  = new Array();
    if (numposts1 <= json.feed.entry.length) {
		maxpost = numposts2;
		}
	else
       {
	   maxpost=json.feed.entry.length;
	   }	
	   document.write('<ul class="random">');
  	for (var i = 0; i < maxpost; i++) {
    	var entry = json.feed.entry[i];
    	var posttitle = entry.title.$t;
		var pcm;
    	var posturl;
    	if (i == json.feed.entry.length) break;
    	for (var k = 0; k < entry.link.length; k++) {
      		if (entry.link[k].rel == 'alternate') {
        		posturl = entry.link[k].href;
        		break;
      		}
    	}
		
		for (var k = 0; k < entry.link.length; k++) {
      		if (entry.link[k].rel == 'replies' && entry.link[k].type == 'text/html') {
        		pcm = entry.link[k].title.split(" ")[0];
        		break;
      		}
    	}
		
    	if ("content" in entry) {
      		var postcontent = entry.content.$t;}
    	else
    	if ("summary" in entry) {
      		var postcontent = entry.summary.$t;}
    	else var postcontent = "";
    	
    	postdate = entry.published.$t;
	
	if(j>imgr.length-1) j=0;
	img[i] = imgr[j];
	
	s = postcontent	; a = s.indexOf("<img"); b = s.indexOf("src=\"",a); c = s.indexOf("\"",b+5); d = s.substr(b+5,c-b-5);

	if((a!=-1)&&(b!=-1)&&(c!=-1)&&(d!="")) img[i] = d;

	//cmtext = (text != 'no') ? '<i><font color="'+acolor+'">('+pcm+' '+text+')</font></i>' : '';


	var month = [1,2,3,4,5,6,7,8,9,10,11,12];
	var month2 = ["Jan","Feb","Mar","Apr","May","Jun","Jul","Aug","Sep","Oct","Nov","Dec"];

	var day = postdate.split("-")[2].substring(0,2);
	var m = postdate.split("-")[1];
	var y = postdate.split("-")[0];

	for(var u2=0;u2<month.length;u2++){
		if(parseInt(m)==month[u2]) {
			m = month2[u2] ; break;
		}
	}

	var daystr = day+ ' ' + m + ' ' + y ;
  
	
      var trtd = '<li> <a href="'+posturl+'"><img src="'+img[i]+'"/></a>   <h2 class="title"><a href="'+posturl+'">'+posttitle+'</a></h2> </li>';
	document.write(trtd);


	j++;
}
document.write('</ul>');
}

//]]>
</script>


   <script type='text/javascript'>
var thumbnail_mode = &quot;no-float&quot; ; 
summary_noimg = 400;  /* Summary length if no image*/
summary_img = 300; /* Summary length with image*/
img_thumb_height = 100; /*Image Height*/
img_thumb_width = 150; /*Image Width*/
</script>


    <script type='text/javascript'>
      //<![CDATA[
jQuery(window).load(function(){
	jQuery('.flexslider').flexslider({ animation: "fade", pauseOnHover: true, directionNav: false, });  
});
jQuery(window).load(function() {
  jQuery('.carousel').flexslider({
    animation: "slide",
	controlNav: false,
	slideshow: false,
    animationLoop: false,
    itemWidth: 116,
    itemMargin: 7
  });
});      

//]]>    

</script>

    <script id='felx-slider jquery' src='https://googledrive.com/host/0BxRWAQDD7jACWmFfTVdDZmFLNHc/' type='text/javascript'/>

  </head>
<body>



<div id='header-wrap'>
    <div id='header-wrapper'>
      <b:section class='header' id='header' maxwidgets='1' showaddelement='no'>
        <b:widget id='Header1' locked='true' title='FrontPage Blogger Theme (Header)' type='Header'>
          <b:includable id='main'>

  <b:if cond='data:useImage'>
    <b:if cond='data:imagePlacement == &quot;BEHIND&quot;'>
      <!--
      Show image as background to text. You can't really calculate the width
      reliably in JS because margins are not taken into account by any of
      clientWidth, offsetWidth or scrollWidth, so we don't force a minimum
      width if the user is using shrink to fit.
      This results in a margin-width's worth of pixels being cropped. If the
      user is not using shrink to fit then we expand the header.
      -->
      <b:if cond='data:mobile'>
          <div id='header-inner'>
            <div class='titlewrapper' style='background: transparent'>
              <h1 class='title' style='background: transparent; border-width: 0px'>
                <b:include name='title'/>
              </h1>
            </div>
            <b:include name='description'/>
          </div>
        <b:else/>
          <div expr:style='&quot;background-image: url(\&quot;&quot; + data:sourceUrl + &quot;\&quot;); &quot;                        + &quot;background-position: &quot;                        + data:backgroundPositionStyleStr + &quot;; &quot;                        + data:widthStyleStr                        + &quot;min-height: &quot; + data:height                        + &quot;_height: &quot; + data:height                        + &quot;background-repeat: no-repeat; &quot;' id='header-inner'>
            <div class='titlewrapper' style='background: transparent'>
              <h1 class='title' style='background: transparent; border-width: 0px'>
                <b:include name='title'/>
              </h1>
            </div>
            <b:include name='description'/>
          </div>
        </b:if>
    <b:else/>
      <!--Show the image only-->
      <div id='header-inner'>
        <a expr:href='data:blog.homepageUrl' style='display: block'>
          <img expr:alt='data:title' expr:height='data:height' expr:id='data:widget.instanceId + &quot;_headerimg&quot;' expr:src='data:sourceUrl' expr:width='data:width' style='display: block'/>
        </a>
        <!--Show the description-->
        <b:if cond='data:imagePlacement == &quot;BEFORE_DESCRIPTION&quot;'>
          <b:include name='description'/>
        </b:if>
      </div>
    </b:if>
  <b:else/>
    <!--No header image -->
    <div id='header-inner'>
      <div class='titlewrapper'>
        <h1 class='title'>
          <b:include name='title'/>
        </h1>
      </div>
      <b:include name='description'/>
    </div>
  </b:if>
</b:includable>
          <b:includable id='description'>
  <div class='descriptionwrapper'>
    <p class='description'><span><data:description/></span></p>
  </div>
</b:includable>
          <b:includable id='title'>
  <b:if cond='data:blog.url == data:blog.homepageUrl'>
    <data:title/>
  <b:else/>
    <a expr:href='data:blog.homepageUrl'><data:title/></a>
  </b:if>
</b:includable>
        </b:widget>
      </b:section>
      <b:section class='header' id='header2' maxwidgets='1' showaddelement='yes'>
        <b:widget id='HTML1' locked='false' title='Recent Post' type='HTML'>
          <b:includable id='main'>
              <div class='ad-728'><a href='http://templatetrackers.blogspot.com/'><img alt='' height='90' src='http://3.bp.blogspot.com/-NiSsvRPmIx0/UkQenlCzRqI/AAAAAAAACDE/I8L74v55400/s1600/728x90.gif' width='628'/></a></div>
  </b:includable>
        </b:widget>
      </b:section>
<div style='clear:both;'/>
</div></div><!-- end header-wrapper -->
<div id='menuwrap'>
<div id='menuwrapper'>
<ul id='menubar'>
  <li><a href='/'><i class='icon-home'/>Home</a>
  
</li>
  <li><a class='trigger' href='#'><i class='icon-leaf'/>Pages</a>
<ul>
  <li><a href='#'><i class='icon-envelope-alt'/>Contact</a>
  </li>
  <li><a href='#'><i class='icon-ok-circle'/>No-Sidebar</a></li>
  </ul>
</li>

  <li><a href='#'><i class='icon-plus'/>Shortcodes</a></li>

  <li><a class='trigger' href='#'><i class='icon-glass'/>Options panel</a>
<ul>
  <li><a href='#'><i class='icon-move'/>General Settings</a></li>

  <li><a href='#'><i class='icon-certificate'/>Panel Settings</a></li>

  <li><a href='#'><i class='icon-cogs'/>Color Settings</a></li>
</ul>
</li>
<li><a href='#'><i class='icon-shopping-cart'/>Shop</a></li>
<li><a href='#'><i class='icon-gift'/>Icons</a></li>
  

</ul>
</div>
</div>
<div style='clear:both;'/>

<div id='carousel'>
<div id='previous_button'/>
<div class='container'>
<script>
document.write(&quot; &lt;script src=\&quot;/feeds/posts/default?max-results=&quot;+numposts1+&quot;&amp;orderby=published&amp;alt=json-in-script&amp;callback=showrecentposts\&quot;&gt;&lt;\/script&gt;&quot;);
</script>	
<div class='clear'/>
</div>
<div id='next_button'/>
</div>
<script type='text/javascript'>
(function($) { 	$(document).ready(function(){
$(&quot;#carousel .container&quot;).jCarouselLite({
	auto:0,
	scroll: 1,
	speed: 500,	
	visible: 8,
	start: 0,
	circular: false,
	btnPrev: &quot;#previous_button&quot;,
	btnNext: &quot;#next_button&quot;
	});
	})})(jQuery)	
</script>
    <!-- skip links for text browsers -->
    <span id='skiplinks' style='display:none;'>
      <a href='#main'>skip to main </a> |
      <a href='#sidebar'>skip to sidebar</a>
    </span>


<div id='outer-wrapper'>
  <div id='blog-outer'><div id='wrap2'>

 
    <div id='content-wrapper'>
 
      <div id='main-wrapper'>

 
<b:if cond='data:blog.url == data:blog.homepageUrl'>
<div class='flex-container'>
<div class='flexslider' id='slider'>
<ul class='slides'>

<li data-thumb='http://3.bp.blogspot.com/-CCXwjVZpIlM/UkWb8l2MTgI/AAAAAAAACDg/l7qHzBU2HO8/s1600/q3.jpg'> 
<a href='http://frontpage-trackers.blogspot.in/2013/09/awesome-post-with-everything-with-it.html'> 
<img alt='chinese-sticks-lime-lemon-green-600x800' class='attachment-slider wp-post-image' height='320' src='http://3.bp.blogspot.com/-CCXwjVZpIlM/UkWb8l2MTgI/AAAAAAAACDg/l7qHzBU2HO8/s1600/q3.jpg' title='' width='660'/>
<div class='flex-caption'>
<h2 class='slidertitle'>Awesome Post With Everything With It</h2>
<div class='slidertext'>Lorem ipsum dolor sit amet, consectetur adipiscing elit. Non enim quaero quid verum, sed quid cuique dicendum sit. Duo Reges: constructio interrete. Et quidem illud ipsum non nimium</div>
</div> 
</a>
</li>

<li data-thumb='http://3.bp.blogspot.com/-18UKnswXyAE/UkWbCL3ezDI/AAAAAAAACDY/hCPvgnecmFE/s1600/green-branch-Nature--485x728.jpg'> 
<a href='http://frontpage-trackers.blogspot.in/2013/09/fatebuntur-stoici-haec-omnia-dicta-esse.html'> 
<img alt='wallpaper-2415699' class='attachment-slider wp-post-image' height='320' src='http://3.bp.blogspot.com/-18UKnswXyAE/UkWbCL3ezDI/AAAAAAAACDY/hCPvgnecmFE/s1600/green-branch-Nature--485x728.jpg' title='' width='660'/>
<div class='flex-caption'>
<h2 class='slidertitle'>Fatebuntur Stoici haec omnia dicta esse praeclare</h2>
<div class='slidertext'>Lorem ipsum dolor sit amet, consectetur adipiscing elit. Neque enim civitas in seditione beata esse potest nec in discordia dominorum domus; Immo videri fortasse. Si enim</div>
</div> 
</a>
</li>
<li data-thumb='http://2.bp.blogspot.com/-PTnkfH7qdFA/UkWcWBVy6aI/AAAAAAAACDo/G_QYoiLj0e4/s1600/Stare-Miasto-Poland-485x728.jpg'> 
<a href='http://frontpage-trackers.blogspot.in/2013/09/modo-etiam-paulum-ad-dexteram-de-via.html'> 
<img alt='wallpaper-1812167' class='attachment-slider wp-post-image' height='320' src='http://2.bp.blogspot.com/-PTnkfH7qdFA/UkWcWBVy6aI/AAAAAAAACDo/G_QYoiLj0e4/s1600/Stare-Miasto-Poland-485x728.jpg' title='' width='660'/>
<div class='flex-caption'><h2 class='slidertitle'>Modo etiam paulum ad dexteram de via declinavi</h2>
<div class='slidertext'>Lorem ipsum dolor sit amet, consectetur adipiscing elit. Si longus, levis dictata sunt. Istic sum, inquit. Quorum altera prosunt, nocent altera. Virtutibus igitur rectissime mihi videris</div>
</div> 
</a>
</li>
<li data-thumb='http://1.bp.blogspot.com/-cwq_kyVVNG0/UkWfh-s1iCI/AAAAAAAACEo/vP6AJzl6YPk/s1600/pink-girl--485x728.jpg'> 
<a href='http://frontpage-trackers.blogspot.in/2013/09/sed-nonne-merninisti-licere-mihi-ista.html'> 
<img alt='Nina-Dobrev-Actress1-600x800' class='attachment-slider wp-post-image' height='320' src='http://1.bp.blogspot.com/-cwq_kyVVNG0/UkWfh-s1iCI/AAAAAAAACEo/vP6AJzl6YPk/s1600/pink-girl--485x728.jpg' title='' width='660'/>
<div class='flex-caption'>
<h2 class='slidertitle'>Sed nonne merninisti licere mihi ista probare</h2>
<div class='slidertext'>Lorem ipsum dolor sit amet, consectetur adipiscing elit. An eum locum libenter invisit, ubi Demosthenes et Aeschines inter se decertare soliti sunt? Cum enim summum bonum</div>
</div>
 </a>
</li>
</ul>
</div>
</div>
</b:if>
<div class='clear'/>
        <br/>
<div id='col1'>
<b:if cond='data:blog.pageType == &quot;index&quot;'>
<div class='latest'>Latest</div>
  </b:if>
  <div class='clear'/>
        <b:section class='main' id='main' showaddelement='no'>
          <b:widget id='Blog1' locked='true' title='Blog Posts' type='Blog'>
            <b:includable id='main' var='top'>

  <b:if cond='data:top.showDummy'>
    <script expr:src='data:top.dummyUrl'/>
  </b:if>

  <b:if cond='data:mobileindex'>
    <!-- mobile index -->
    <div class='blog-posts hfeed'>
      <b:loop values='data:posts' var='post'>
        <b:if cond='data:post.isFirstPost == &quot;false&quot;'>
          &lt;/div&gt;
        </b:if>
        &lt;div class=&quot;mobile-date-outer date-outer&quot;&gt;
        <div expr:onclick='data:post.indexOnclick'>
          <b:include data='post' name='mobile-index-post'/>
        </div>
        <b:if cond='data:post.trackLatency'>
          <data:post.latencyJs/>
        </b:if>
      </b:loop>
      <b:if cond='data:numPosts != 0'>
        &lt;/div&gt;
      </b:if>
    </div>
  <b:else/>

    <!-- posts -->
    <div class='blog-posts hfeed'>

     <b:include data='posts' name='breadcrumb'/>
      <b:include data='top' name='status-message'/>

      <data:defaultAdStart/>
      <b:loop values='data:posts' var='post'>
        <b:if cond='data:post.isDateStart'>
          <b:if cond='data:post.isFirstPost == &quot;false&quot;'>
            &lt;/div&gt;&lt;/div&gt;
          </b:if>
        </b:if>
        <b:if cond='data:post.isDateStart'>
          &lt;div class=&quot;date-outer&quot;&gt;
        </b:if>






        <b:if cond='data:post.isDateStart'>
          &lt;div class=&quot;date-posts&quot;&gt;
        </b:if>
        <div class='post-outer'>
        <b:include data='post' name='post'/>
        <b:if cond='data:blog.pageType == &quot;static_page&quot;'>
          <b:if cond='data:post.showThreadedComments'>
            <b:include data='post' name='threaded_comments'/>
          <b:else/>
            <b:include data='post' name='comments'/>
          </b:if>
        </b:if>
        <b:if cond='data:blog.pageType == &quot;item&quot;'>
          <b:if cond='data:post.showThreadedComments'>
            <b:include data='post' name='threaded_comments'/>
          <b:else/>
            <b:include data='post' name='comments'/>
          </b:if>
        </b:if>
        </div>
        <b:if cond='data:post.includeAd'>
          <b:if cond='data:post.isFirstPost'>
            <data:defaultAdEnd/>
          <b:else/>
            <data:adEnd/>
          </b:if>
          <b:if cond='data:mobile == &quot;false&quot;'>
            <div class='inline-ad'>
              <data:adCode/>
            </div>
          </b:if>
          <data:adStart/>
        </b:if>
        <b:if cond='data:post.trackLatency'>
          <data:post.latencyJs/>
        </b:if>
      </b:loop>
      <b:if cond='data:numPosts != 0'>
        &lt;/div&gt;&lt;/div&gt;
      </b:if>
      <data:adEnd/>
    </div>
  </b:if>

  <!-- navigation -->
  <b:if cond='data:mobile'>
    <b:include name='mobile-nextprev'/>
  <b:else/>
    <b:include name='nextprev'/>

    <!-- feed links -->
    <b:include name='feedLinks'/>
  </b:if>

  <b:if cond='data:top.showStars'>
    <script src='//www.google.com/jsapi' type='text/javascript'/>
    <script type='text/javascript'>
      google.load(&quot;annotations&quot;, &quot;1&quot;, {&quot;locale&quot;: &quot;<data:top.languageCode/>&quot;});
      function initialize() {
        google.annotations.setApplicationId(<data:top.blogspotReviews/>);
        google.annotations.createAll();
        google.annotations.fetch();
      }
      google.setOnLoadCallback(initialize);
    </script>
  </b:if>
</b:includable>
            <b:includable id='backlinkDeleteIcon' var='backlink'>
  <span expr:class='&quot;item-control &quot; + data:backlink.adminClass'>
    <a expr:href='data:backlink.deleteUrl' expr:title='data:top.deleteBacklinkMsg'>
      <img src='//www.blogger.com/img/icon_delete13.gif'/>
    </a>
  </span>
</b:includable>
            <b:includable id='backlinks' var='post'>
  <a name='links'/><h4><data:post.backlinksLabel/></h4>
  <b:if cond='data:post.numBacklinks != 0'>
    <dl class='comments-block' id='comments-block'>
      <b:loop values='data:post.backlinks' var='backlink'>
        <div class='collapsed-backlink backlink-control'>
          <dt class='comment-title'>
            <span class='backlink-toggle-zippy'>&#160;</span>
            <a expr:href='data:backlink.url' rel='nofollow'><data:backlink.title/></a>
            <b:include data='backlink' name='backlinkDeleteIcon'/>
          </dt>
          <dd class='comment-body collapseable'>
            <data:backlink.snippet/>
          </dd>
          <dd class='comment-footer collapseable'>
            <span class='comment-author'><data:post.authorLabel/> <data:backlink.author/></span>
            <span class='comment-timestamp'><data:post.timestampLabel/> <data:backlink.timestamp/></span>
          </dd>
        </div>
      </b:loop>
    </dl>
  </b:if>
  <p class='comment-footer'>
    <a class='comment-link' expr:href='data:post.createLinkUrl' expr:id='data:widget.instanceId + &quot;_backlinks-create-link&quot;' target='_blank'><data:post.createLinkLabel/></a>
  </p>
</b:includable>
            <b:includable id='breadcrumb' var='posts'>
<b:if cond='data:blog.homepageUrl != data:blog.url'>
<b:if cond='data:blog.pageType == &quot;static_page&quot;'>
<div class='breadcrumbs'><span><a expr:href='data:blog.homepageUrl' rel='tag'>Home</a></span> &#187; <span><data:blog.pageName/></span></div>
<b:else/>
<b:if cond='data:blog.pageType == &quot;item&quot;'>
<!-- breadcrumb for the post page -->
<b:loop values='data:posts' var='post'>
<b:if cond='data:post.labels'>
<div class='breadcrumbs' xmlns:v='http://rdf.data-vocabulary.org/#'>
  <span style='color:#e32' typeof='v:Breadcrumb'><a expr:href='data:blog.homepageUrl' property='v:title' rel='v:url'><i class='icon-home'/>Home</a></span>
<b:loop values='data:post.labels' var='label'>
<b:if cond='data:label.isLast == &quot;true&quot;'>
  / <span typeof='v:Breadcrumb'><a expr:href='data:label.url' property='v:title' rel='v:url'><data:label.name/></a></span>
</b:if>
</b:loop>
  / <span><data:post.title/></span>
</div>
<b:else/>
  <div class='breadcrumbs'><span><a expr:href='data:blog.homepageUrl' rel='tag'><i class='icon-home'/>Home</a></span> / <span>Unlabelled</span> / <span><data:post.title/></span></div>
</b:if>
</b:loop>
<b:else/>
<b:if cond='data:blog.pageType == &quot;archive&quot;'>
<!-- breadcrumb for the label archive page and search pages.. -->
<div class='breadcrumbs'>
  <span><a expr:href='data:blog.homepageUrl'><i class='icon-home'/>Home</a></span> / <span>Archives for <data:blog.pageName/></span>
</div>
<b:else/>
<b:if cond='data:blog.pageType == &quot;index&quot;'>
<div class='breadcrumbs'>
<b:if cond='data:blog.pageName == &quot;&quot;'>
  <span><a expr:href='data:blog.homepageUrl'><i class='icon-home'/>Home</a></span> / <span>All posts</span>
<b:else/>
  <span><a expr:href='data:blog.homepageUrl'><i class='icon-home'/>Home</a></span> / <span>Posts filed under <data:blog.pageName/></span>
</b:if>
</div>
</b:if>
</b:if>
</b:if>
</b:if>
</b:if>
</b:includable>
            <b:includable id='comment-form' var='post'>
  <div class='comment-form'>
    <a name='comment-form'/>

<h4>Speak up your mind</h4>
<p><strong>Tell us what you&#39;re thinking... !</strong></p>
    <data:blogTeamBlogMessage/>
    <a expr:href='data:post.commentFormIframeSrc' id='comment-editor-src'/>
    <iframe allowtransparency='true' class='blogger-iframe-colorize blogger-comment-from-post' frameborder='0' height='250' id='comment-editor' name='comment-editor' src='' width='600px'/>
    <data:post.friendConnectJs/>
    <data:post.cmtfpIframe/>
    <script type='text/javascript'>
      BLOG_CMT_createIframe(&#39;<data:post.appRpcRelayPath/>&#39;, &#39;<data:post.communityId/>&#39;);
    </script>
  </div>
</b:includable>
            <b:includable id='commentDeleteIcon' var='comment'>
  <span expr:class='&quot;item-control &quot; + data:comment.adminClass'>
    <b:if cond='data:showCmtPopup'>
      <div class='goog-toggle-button'>
        <div class='goog-inline-block comment-action-icon'/>
      </div>
    <b:else/>
      <a class='comment-delete' expr:href='data:comment.deleteUrl' expr:title='data:top.deleteCommentMsg'>
        <img src='//www.blogger.com/img/icon_delete13.gif'/>
      </a>
    </b:if>
  </span>
</b:includable>
            <b:includable id='comment_count_picker' var='post'>
  <b:if cond='data:post.forceIframeComments'>
    <span class='cmt_count_iframe_holder' expr:data-count='data:post.numComments' expr:data-onclick='data:post.addCommentOnclick' expr:data-url='data:post.canonicalUrl'>
    </span>
  <b:else/>
    <b:if cond='data:post.commentSource == 1'>
      <span class='cmt_count_iframe_holder' expr:data-count='data:post.numComments' expr:data-onclick='data:post.addCommentOnclick' expr:data-url='data:post.canonicalUrl'>
      </span>
    <b:else/>
      <a class='comment-link' expr:href='data:post.addCommentUrl' expr:onclick='data:post.addCommentOnclick'>
        <data:post.commentLabelFull/>:
      </a>
    </b:if>
  </b:if>
</b:includable>
            <b:includable id='comment_picker' var='post'>
  <b:if cond='data:post.forceIframeComments'>
    <b:include data='post' name='iframe_comments'/>
    <b:if cond='data:post.showThreadedComments'>
      <b:include data='post' name='threaded_comments'/>
    <b:else/>
      <b:include data='post' name='comments'/>
    </b:if>
  <b:else/>
    <b:if cond='data:post.commentSource == 1'>
      <b:include data='post' name='iframe_comments'/>
    <b:else/>
      <b:if cond='data:post.showThreadedComments'>
        <b:include data='post' name='threaded_comments'/>
      <b:else/>
        <b:include data='post' name='comments'/>
      </b:if>
    </b:if>
  </b:if>
</b:includable>
            <b:includable id='comments' var='post'>
  <div class='comments' id='comments'>
    <a name='comments'/>
    <b:if cond='data:post.allowComments'>
      <h4>
        <b:if cond='data:post.numComments == 1'>
          1 <data:commentLabel/>:
        <b:else/>
          <data:post.numComments/> <data:commentLabelPlural/>:
        </b:if>
      </h4>

      <b:if cond='data:post.commentPagingRequired'>
        <span class='paging-control-container'>
          <a expr:class='data:post.oldLinkClass' expr:href='data:post.oldestLinkUrl'><data:post.oldestLinkText/></a>
          &#160;
          <a expr:class='data:post.oldLinkClass' expr:href='data:post.olderLinkUrl'><data:post.olderLinkText/></a>
          &#160;
          <data:post.commentRangeText/>
          &#160;
          <a expr:class='data:post.newLinkClass' expr:href='data:post.newerLinkUrl'><data:post.newerLinkText/></a>
          &#160;
          <a expr:class='data:post.newLinkClass' expr:href='data:post.newestLinkUrl'><data:post.newestLinkText/></a>
        </span>
      </b:if>

      <div expr:id='data:widget.instanceId + &quot;_comments-block-wrapper&quot;'>
        <dl expr:class='data:post.avatarIndentClass' id='comments-block'>
          <b:loop values='data:post.comments' var='comment'>
            <dt expr:class='&quot;comment-author &quot; + data:comment.authorClass' expr:id='data:comment.anchorName'>
              <b:if cond='data:comment.favicon'>
                <img expr:src='data:comment.favicon' height='16px' style='margin-bottom:-2px;' width='16px'/>
              </b:if>
              <a expr:name='data:comment.anchorName'/>
              <b:if cond='data:blog.enabledCommentProfileImages'>
                <data:comment.authorAvatarImage/>
              </b:if>
              <b:if cond='data:comment.authorUrl'>
                <a expr:href='data:comment.authorUrl' rel='nofollow'><data:comment.author/></a>
              <b:else/>
                <data:comment.author/>
              </b:if>
              <data:commentPostedByMsg/>
            </dt>
            <dd class='comment-body' expr:id='data:widget.instanceId + data:comment.cmtBodyIdPostfix'>
              <b:if cond='data:comment.isDeleted'>
                <span class='deleted-comment'><data:comment.body/></span>
              <b:else/>
                <p>
                  <data:comment.body/>
                </p>
              </b:if>
            </dd>
            <dd class='comment-footer'>
              <span class='comment-timestamp'>
                <a expr:href='data:comment.url' title='comment permalink'>
                  <data:comment.timestamp/>
                </a>
                <b:include data='comment' name='commentDeleteIcon'/>
              </span>
            </dd>
          </b:loop>
        </dl>
      </div>

      <b:if cond='data:post.commentPagingRequired'>
        <span class='paging-control-container'>
          <a expr:class='data:post.oldLinkClass' expr:href='data:post.oldestLinkUrl'>
            <data:post.oldestLinkText/>
          </a>
          <a expr:class='data:post.oldLinkClass' expr:href='data:post.olderLinkUrl'>
            <data:post.olderLinkText/>
          </a>
          &#160;
          <data:post.commentRangeText/>
          &#160;
          <a expr:class='data:post.newLinkClass' expr:href='data:post.newerLinkUrl'>
            <data:post.newerLinkText/>
          </a>
          <a expr:class='data:post.newLinkClass' expr:href='data:post.newestLinkUrl'>
            <data:post.newestLinkText/>
          </a>
        </span>
      </b:if>

      <p class='comment-footer'>
        <b:if cond='data:post.embedCommentForm'>
          <b:if cond='data:post.allowNewComments'>
            <b:include data='post' name='comment-form'/>
          <b:else/>
            <data:post.noNewCommentsText/>
          </b:if>
        <b:else/>
          <b:if cond='data:post.allowComments'>
            <a expr:href='data:post.addCommentUrl' expr:onclick='data:post.addCommentOnclick'><data:postCommentMsg/></a>
          </b:if>
        </b:if>

      </p>
    </b:if>
    <b:if cond='data:showCmtPopup'>
      <div id='comment-popup'>
        <iframe allowtransparency='true' frameborder='0' id='comment-actions' name='comment-actions' scrolling='no'>
        </iframe>
      </div>
    </b:if>

    <div id='backlinks-container'>
    <div expr:id='data:widget.instanceId + &quot;_backlinks-container&quot;'>
       <b:if cond='data:post.showBacklinks'>
         <b:include data='post' name='backlinks'/>
       </b:if>
    </div>
    </div>
  </div>
</b:includable>
            <b:includable id='feedLinks'>
  <b:if cond='data:blog.pageType != &quot;item&quot;'> <!-- Blog feed links -->
    <b:if cond='data:feedLinks'>
      <div class='blog-feeds'>
      </div>
    </b:if>

    <b:else/> <!--Post feed links -->
    <div class='post-feeds'>
      <b:loop values='data:posts' var='post'>
        <b:if cond='data:post.allowComments'>
          <b:if cond='data:post.feedLinks'>
            <b:include data='post.feedLinks' name='feedLinksBody'/>
          </b:if>
        </b:if>
      </b:loop>
    </div>
  </b:if>
</b:includable>
            <b:includable id='feedLinksBody' var='links'>
</b:includable>
            <b:includable id='iframe_comments' var='post'>

  <b:if cond='data:post.allowIframeComments'>
    <script expr:src='data:post.iframeCommentSrc' type='text/javascript'/>
    <div class='cmt_iframe_holder'/>

    <b:if cond='data:post.embedCommentForm == &quot;false&quot;'>
      <a expr:href='data:post.addCommentUrl' expr:onclick='data:post.addCommentOnclick'><data:postCommentMsg/></a>
    </b:if>
  </b:if>
</b:includable>
            <b:includable id='mobile-index-post' var='post'>
  <b:if cond='data:post.dateHeader'>
    <div class='mobile-index-date'>
      <div class='date-header'>
        <span><data:post.dateHeader/></span>
      </div>
    </div>
  </b:if>

  <div class='mobile-post-outer'>
    <div class='mobile-index-title-outer'>
      <h3 class='mobile-index-title entry-title'>
        <a href='javascript:void(0)'><data:post.title/></a>
      </h3>
    </div>

    <div>
      <div class='mobile-index-arrow'>
        <a href='javascript:void(0)'>&amp;rsaquo;</a>
      </div>

      <div class='mobile-post-contents'>
        <b:if cond='data:post.thumbnailUrl'>
          <div class='mobile-index-thumbnail'>
            <div class='Image'>
              <img expr:src='data:post.thumbnailUrl'/>
            </div>
          </div>
        </b:if>

        <div class='post-body'>
          <b:if cond='data:post.snippet'><data:post.snippet/></b:if>
        </div>
      </div>
      <div style='clear: both;'/>
    </div>

    <div class='mobile-index-comment'>
      <b:if cond='data:blog.pageType != &quot;item&quot;'>
        <b:if cond='data:blog.pageType != &quot;static_page&quot;'>
          <b:if cond='data:post.allowComments'>
            <b:if cond='data:post.numComments != 0'>
              <a class='comment-link' expr:href='data:post.addCommentUrl' expr:onclick='data:post.addCommentOnclick'><b:if cond='data:post.numComments == 1'>1 <data:top.commentLabel/><b:else/><data:post.numComments/> <data:top.commentLabelPlural/></b:if></a>
            </b:if>
          </b:if>
        </b:if>
      </b:if>
    </div>
  </div>
</b:includable>
            <b:includable id='mobile-main' var='top'>
    <!-- posts -->
    <div class='blog-posts hfeed'>

      <b:include data='top' name='status-message'/>

      <b:if cond='data:blog.pageType == &quot;index&quot;'>
        <b:loop values='data:posts' var='post'>
          <b:include data='post' name='mobile-index-post'/>
        </b:loop>
      <b:else/>
        <b:loop values='data:posts' var='post'>
          <b:include data='post' name='mobile-post'/>
        </b:loop>
      </b:if>
    </div>

   <b:include name='mobile-nextprev'/>
</b:includable>
            <b:includable id='mobile-nextprev'>
  <div class='blog-pager' id='blog-pager'>
    <b:if cond='data:newerPageUrl'>
      <div class='mobile-link-button' id='blog-pager-newer-link'>
        <a class='blog-pager-newer-link' expr:href='data:newerPageUrl' expr:id='data:widget.instanceId + &quot;_blog-pager-newer-link&quot;' expr:title='data:newerPageTitle'><i class='icon-arrow-left'/><data:newerPageTitle/></a>
      </div>
    </b:if>

    <b:if cond='data:olderPageUrl'>
      <div class='mobile-link-button' id='blog-pager-older-link'>
        <a class='blog-pager-older-link' expr:href='data:olderPageUrl' expr:id='data:widget.instanceId + &quot;_blog-pager-older-link&quot;' expr:title='data:olderPageTitle'><data:olderPageTitle/><i class='icon-arrow-right'/></a>
      </div>
    </b:if>

    <div class='mobile-link-button' id='blog-pager-home-link'>
    <a class='home-link' expr:href='data:blog.homepageUrl'><data:homeMsg/></a>
    </div>

    <div class='mobile-desktop-link'>
      <a class='home-link' expr:href='data:desktopLinkUrl'><data:desktopLinkMsg/></a>
    </div>

  </div>
  <div class='clear'/>
</b:includable>
            <b:includable id='mobile-post' var='post'>
  <div class='date-outer'>
    <b:if cond='data:post.dateHeader'>
      <h2 class='date-header'><span><data:post.dateHeader/></span></h2>
    </b:if>
    <div class='date-posts'>
      <div class='post-outer'>

        <div class='post hentry uncustomized-post-template' itemscope='itemscope' itemtype='http://schema.org/BlogPosting'>
          <b:if cond='data:post.thumbnailUrl'>
            <meta expr:content='data:post.thumbnailUrl' itemprop='image_url'/>
          </b:if>
          <meta expr:content='data:blog.blogId' itemprop='blogId'/>
          <meta expr:content='data:post.id' itemprop='postId'/>

          <a expr:name='data:post.id'/>
          <b:if cond='data:post.title'>
            <h3 class='post-title entry-title' itemprop='name'>
              <b:if cond='data:post.link'>
                <a expr:href='data:post.link'><data:post.title/></a>
              <b:else/>
                <b:if cond='data:post.url'>
                  <b:if cond='data:blog.url != data:post.url'>
                    <a expr:href='data:post.url'><data:post.title/></a>
                  <b:else/>
                    <data:post.title/>
                  </b:if>
                <b:else/>
                  <data:post.title/>
                </b:if>
              </b:if>
            </h3>
          </b:if>

          <div class='post-header'>
            <div class='post-header-line-1'/>
          </div>

          <div class='post-body entry-content' expr:id='&quot;post-body-&quot; + data:post.id' itemprop='articleBody'>
            <data:post.body/>
            <div style='clear: both;'/> <!-- clear for photos floats -->
          </div>

          <div class='post-footer'>
            <div class='post-footer-line post-footer-line-1'>
              <span class='post-author vcard'>
                <b:if cond='data:top.showAuthor'>
                  <b:if cond='data:post.authorProfileUrl'>
                    <span class='fn' itemprop='author' itemscope='itemscope' itemtype='http://schema.org/Person'>
                      <meta expr:content='data:post.authorProfileUrl' itemprop='url'/>
                      <a expr:href='data:post.authorProfileUrl' rel='author' title='author profile'>
                        <span itemprop='name'><data:post.author/></span>
                      </a>
                    </span>
                  <b:else/>
                    <span class='fn' itemprop='author' itemscope='itemscope' itemtype='http://schema.org/Person'>
                      <span itemprop='name'><data:post.author/></span>
                    </span>
                  </b:if>
                </b:if>
              </span>

              <span class='post-timestamp'>
                <b:if cond='data:top.showTimestamp'>
                  <data:top.timestampLabel/>
                  <b:if cond='data:post.url'>
                    <meta expr:content='data:post.url' itemprop='url'/>
                    <a class='timestamp-link' expr:href='data:post.url' rel='bookmark' title='permanent link'><abbr class='published' expr:title='data:post.timestampISO8601' itemprop='datePublished'><data:post.timestamp/></abbr></a>
                  </b:if>
                </b:if>
              </span>

              <span class='post-comment-link'>
                <b:if cond='data:blog.pageType != &quot;item&quot;'>
                  <b:if cond='data:blog.pageType != &quot;static_page&quot;'>
                    <b:if cond='data:post.allowComments'>
                      <b:include data='post' name='comment_count_picker'/>
                    </b:if>
                  </b:if>
                </b:if>
              </span>
            </div>

            <div class='post-footer-line post-footer-line-2'>
              <b:if cond='data:top.showMobileShare'>
                <div class='mobile-link-button goog-inline-block' id='mobile-share-button'>
                  <a href='javascript:void(0);'><data:shareMsg/></a>
                </div>
              </b:if>
              <b:if cond='data:top.showDummy'>
                <div class='goog-inline-block dummy-container'><data:post.dummyTag/></div>
              </b:if>
            </div>

          </div>
        </div>

        <b:if cond='data:blog.pageType == &quot;static_page&quot;'>
          <b:include data='post' name='comment_picker'/>
        </b:if>
        <b:if cond='data:blog.pageType == &quot;item&quot;'>
          <b:include data='post' name='comment_picker'/>
        </b:if>
      </div>
    </div>
  </div>
</b:includable>
            <b:includable id='nextprev'>
  <div class='blog-pager' id='blog-pager'>
    <b:if cond='data:newerPageUrl'>
      <span id='blog-pager-newer-link'>
      <a class='blog-pager-newer-link' expr:href='data:newerPageUrl' expr:id='data:widget.instanceId + &quot;_blog-pager-newer-link&quot;' expr:title='data:newerPageTitle'><data:newerPageTitle/></a>
      </span>
    </b:if>

    <b:if cond='data:olderPageUrl'>
      <span id='blog-pager-older-link'>
      <a class='blog-pager-older-link' expr:href='data:olderPageUrl' expr:id='data:widget.instanceId + &quot;_blog-pager-older-link&quot;' expr:title='data:olderPageTitle'><data:olderPageTitle/></a>
      </span>
    </b:if>

    <a class='home-link' expr:href='data:blog.homepageUrl'><data:homeMsg/></a>

    <b:if cond='data:mobileLinkUrl'>
      <div class='blog-mobile-link'>
        <a expr:href='data:mobileLinkUrl'><data:mobileLinkMsg/></a>
      </div>
    </b:if>

  </div>
  <div class='clear'/>
</b:includable>
            <b:includable id='post' var='post'>
  <div class='post hentry'>
<b:if cond='data:blog.pageType == &quot;index&quot;'>
 <b:if cond='data:post.title'>
<h2 class='post-title'><a expr:href='data:post.url'><data:post.title/></a></h2>
  </b:if>
<div expr:id='&quot;summary&quot; + data:post.id'>
<data:post.body/>
</div>

  <div id='date-header'><span class='author'><i class='icon-user'/><a href='http://templatetrackers.blogspot.com/'>Trackers</a></span> <span class='time'><i class='icon-calendar'/><data:post.timestamp/></span></div><script type='text/javascript'>
createSummaryAndThumb(&quot;summary<data:post.id/>&quot;);
</script>
  <div class='jump-link'><a expr:href='data:post.url' expr:title='data:post.title'>Read More+</a></div><a expr:href='data:post.url' expr:title='data:post.title'><img src='http://1.bp.blogspot.com/-RikrI-c_pyQ/T2DTcP6aMvI/AAAAAAAAAL0/H6v7PVoHM_w/s1600/1x1juice.png'/></a>
</b:if>



    <div class='post-header'>
    <div class='post-header-line-1'/>
    </div>
<b:if cond='data:blog.pageType == &quot;item&quot;'>
<h1 class='entry-title'><data:post.title/></h1>
    
        <b:if cond='data:post.dateHeader'>
          <div class='date-header'><span class='author'><i class='icon-user'/>  Trackers</span> <span class='time'><i class='icon-calendar'/>  <data:post.timestamp/></span>
<span class='post-labels'>
        <b:if cond='data:post.labels'>
          <i class='icon-tags'/>
          <b:loop values='data:post.labels' var='label'>
            <a expr:href='data:label.url' rel='tag'><data:label.name/></a><b:if cond='data:label.isLast != &quot;true&quot;'>,</b:if>
          </b:loop>
        </b:if>
      </span>
<span class='comment'>
  <i class='icon-comments'/>
<a expr:href='data:post.addCommentUrl' expr:onclick='data:post.addCommentOnclick'>
<b:if cond='data:post.numComments == 0'>  No Comment<b:else/> <data:post.numComments/> Comments </b:if></a>
</span>
</div>
    </b:if>    
</b:if>


    <div class='post-body entry-content' expr:id='&quot;post-body-&quot; + data:post.id'>
<b:if cond='data:blog.pageType == &quot;item&quot;'>
    <data:post.body/>
<b:else/>
    <b:if cond='data:blog.pageType == &quot;static_page&quot;'>
        <data:post.body/>
    </b:if>
</b:if>
      <div style='clear: both;'/> <!-- clear for photos floats -->
    </div>


<!-- Related Posts-->
<b:if cond='data:blog.pageType == &quot;item&quot;'>
<div id='related-posts'>
<b:loop values='data:post.labels' var='label'>
<script expr:src='&quot;/feeds/posts/default/-/&quot; + data:label.name + &quot;?alt=json-in-script&amp;callback=related_results_labels&amp;max-results=8&quot;' type='text/javascript'/></b:loop>
<script type='text/javascript'>
var maxresults=6;
removeRelatedDuplicates(); printRelatedLabels(&quot;<data:post.url/>&quot;);
</script>
</div>
</b:if> 

    <div class='post-footer'> </div>
  </div>
</b:includable>
            <b:includable id='postQuickEdit' var='post'>
  <b:if cond='data:post.editUrl'>
    <span expr:class='&quot;item-control &quot; + data:post.adminClass'>
      <a expr:href='data:post.editUrl' expr:title='data:top.editPostMsg'>
        <img alt='' class='icon-action' height='18' src='http://img2.blogblog.com/img/icon18_edit_allbkg.gif' width='18'/>
      </a>
    </span>
  </b:if>
</b:includable>
            <b:includable id='shareButtons' var='post'>
  <b:if cond='data:top.showEmailButton'><a class='goog-inline-block share-button sb-email' expr:href='data:post.sharePostUrl + &quot;&amp;target=email&quot;' expr:title='data:top.emailThisMsg' target='_blank'><span class='share-button-link-text'><data:top.emailThisMsg/></span></a></b:if><b:if cond='data:top.showBlogThisButton'><a class='goog-inline-block share-button sb-blog' expr:href='data:post.sharePostUrl + &quot;&amp;target=blog&quot;' expr:onclick='&quot;window.open(this.href, \&quot;_blank\&quot;, \&quot;height=270,width=475\&quot;); return false;&quot;' expr:title='data:top.blogThisMsg' target='_blank'><span class='share-button-link-text'><data:top.blogThisMsg/></span></a></b:if><b:if cond='data:top.showTwitterButton'><a class='goog-inline-block share-button sb-twitter' expr:href='data:post.sharePostUrl + &quot;&amp;target=twitter&quot;' expr:title='data:top.shareToTwitterMsg' target='_blank'><span class='share-button-link-text'><data:top.shareToTwitterMsg/></span></a></b:if><b:if cond='data:top.showFacebookButton'><a class='goog-inline-block share-button sb-facebook' expr:href='data:post.sharePostUrl + &quot;&amp;target=facebook&quot;' expr:onclick='&quot;window.open(this.href, \&quot;_blank\&quot;, \&quot;height=430,width=640\&quot;); return false;&quot;' expr:title='data:top.shareToFacebookMsg' target='_blank'><span class='share-button-link-text'><data:top.shareToFacebookMsg/></span></a></b:if><b:if cond='data:top.showOrkutButton'><a class='goog-inline-block share-button sb-orkut' expr:href='data:post.sharePostUrl + &quot;&amp;target=orkut&quot;' expr:title='data:top.shareToOrkutMsg' target='_blank'><span class='share-button-link-text'><data:top.shareToOrkutMsg/></span></a></b:if><b:if cond='data:top.showDummy'><div class='goog-inline-block dummy-container'><data:post.dummyTag/></div></b:if>
</b:includable>
            <b:includable id='status-message'>
  <b:if cond='data:navMessage'>
  <div class='status-msg-wrap'>
    <div class='status-msg-body'>
      <data:navMessage/>
    </div>
    <div class='status-msg-border'>
      <div class='status-msg-bg'>
        <div class='status-msg-hidden'><data:navMessage/></div>
      </div>
    </div>
  </div>
  <div style='clear: both;'/>
  </b:if>
</b:includable>
            <b:includable id='threaded-comment-form' var='post'>
  <div class='comment-form'>
    <a name='comment-form'/>
    <b:if cond='data:mobile'>
      <p><data:blogCommentMessage/></p>
      <data:blogTeamBlogMessage/>
      <a expr:href='data:post.commentFormIframeSrc' id='comment-editor-src'/>
      <iframe allowtransparency='true' class='blogger-iframe-colorize blogger-comment-from-post' frameborder='0' height='410' id='comment-editor' name='comment-editor' src='' style='display: none' width='100%'/>
    <b:else/>
      <p><data:blogCommentMessage/></p>
      <data:blogTeamBlogMessage/>
      <a expr:href='data:post.commentFormIframeSrc' id='comment-editor-src'/>
      <iframe allowtransparency='true' class='blogger-iframe-colorize blogger-comment-from-post' frameborder='0' height='410' id='comment-editor' name='comment-editor' src='' width='100%'/>
    </b:if>
    <data:post.friendConnectJs/>
    <data:post.cmtfpIframe/>
    <script type='text/javascript'>
      BLOG_CMT_createIframe(&#39;<data:post.appRpcRelayPath/>&#39;, &#39;<data:post.communityId/>&#39;);
    </script>
  </div>
</b:includable>
            <b:includable id='threaded_comment_js' var='post'>
  <script defer='defer' expr:src='data:post.commentSrc' type='text/javascript'/>

<script type='text/javascript'>
(function() {
var items = <data:post.commentJso/>;
var msgs = <data:post.commentMsgs/>;
var config = <data:post.commentConfig/>;
 
// <![CDATA[
var cursor = null;
if (items && items.length > 0) {
cursor = parseInt(items[items.length - 1].timestamp) + 1;
}
 
var bodyFromEntry = function(entry) {
if (entry.gd$extendedProperty) {
for (var k in entry.gd$extendedProperty) {
if (entry.gd$extendedProperty[k].name == 'blogger.contentRemoved') {
return '<span class="deleted-comment">' + entry.content.$t + '</span>';
}
}
}
return entry.content.$t;
}
 
var parse = function(data) {
cursor = null;
var comments = [];
if (data && data.feed && data.feed.entry) {
for (var i = 0, entry; entry = data.feed.entry[i]; i++) {
var comment = {};
// comment ID, parsed out of the original id format
var id = /blog-(\d+).post-(\d+)/.exec(entry.id.$t);
comment.id = id ? id[2] : null;
comment.body = bodyFromEntry(entry);
comment.timestamp = Date.parse(entry.published.$t) + '';
if (entry.author && entry.author.constructor === Array) {
var auth = entry.author[0];
if (auth) {
comment.author = {
name: (auth.name ? auth.name.$t : undefined),
profileUrl: (auth.uri ? auth.uri.$t : undefined),
avatarUrl: (auth.gd$image ? auth.gd$image.src : undefined)
};
}
}
if (entry.link) {
if (entry.link[2]) {
comment.link = comment.permalink = entry.link[2].href;
}
if (entry.link[3]) {
var pid = /.*comments\/default\/(\d+)\?.*/.exec(entry.link[3].href);
if (pid && pid[1]) {
comment.parentId = pid[1];
}
}
}
comment.deleteclass = 'item-control blog-admin';
if (entry.gd$extendedProperty) {
for (var k in entry.gd$extendedProperty) {
if (entry.gd$extendedProperty[k].name == 'blogger.itemClass') {
comment.deleteclass += ' ' + entry.gd$extendedProperty[k].value;
}
}
}
comments.push(comment);
}
}
return comments;
};
 
var paginator = function(callback) {
if (hasMore()) {
var url = config.feed + '?alt=json&v=2&orderby=published&reverse=false&max-results=50';
if (cursor) {
url += '&published-min=' + new Date(cursor).toISOString();
}
window.bloggercomments = function(data) {
var parsed = parse(data);
cursor = parsed.length < 50 ? null
: parseInt(parsed[parsed.length - 1].timestamp) + 1
callback(parsed);
window.bloggercomments = null;
}
url += '&callback=bloggercomments';
var script = document.createElement('script');
script.type = 'text/javascript';
script.src = url;
document.getElementsByTagName('head')[0].appendChild(script);
}
};
var hasMore = function() {
return !!cursor;
};
var getMeta = function(key, comment) {
if ('iswriter' == key) {
var matches = !!comment.author
&& comment.author.name == config.authorName
&& comment.author.profileUrl == config.authorUrl;
return matches ? 'true' : '';
} else if ('deletelink' == key) {
return config.baseUri + '/delete-comment.g?blogID='
+ config.blogId + '&postID=' + comment.id;
} else if ('deleteclass' == key) {
return comment.deleteclass;
}
return '';
};
 
var replybox = null;
var replyUrlParts = null;
var replyParent = undefined;
 
var onReply = function(commentId, domId) {
if (replybox == null) {
// lazily cache replybox, and adjust to suit this style:
replybox = document.getElementById('comment-editor');
if (replybox != null) {
replybox.height = '250px';
replybox.style.display = 'block';
replyUrlParts = replybox.src.split('#');
}
}
if (replybox && (commentId !== replyParent)) {
document.getElementById(domId).insertBefore(replybox, null);
replybox.src = replyUrlParts[0]
+ (commentId ? '&parentID=' + commentId : '')
+ '#' + replyUrlParts[1];
replyParent = commentId;
}
};
 
var hash = (window.location.hash || '#').substring(1);
var startThread, targetComment;
if (/^comment-form_/.test(hash)) {
startThread = hash.substring('comment-form_'.length);
} else if (/^c[0-9]+$/.test(hash)) {
targetComment = hash.substring(1);
}
 
// Configure commenting API:
var configJso = {
'maxDepth': config.maxThreadDepth
};
var provider = {
'id': config.postId,
'data': items,
'loadNext': paginator,
'hasMore': hasMore,
'getMeta': getMeta,
'onReply': onReply,
'rendered': true,
'initComment': targetComment,
'initReplyThread': startThread,
'config': configJso,
'messages': msgs
};
 
var render = function() {
if (window.goog && window.goog.comments) {
var holder = document.getElementById('comment-holder');
window.goog.comments.render(holder, provider);
}
};
 
// render now, or queue to render when library loads:
if (window.goog && window.goog.comments) {
render();
} else {
window.goog = window.goog || {};
window.goog.comments = window.goog.comments || {};
window.goog.comments.loadQueue = window.goog.comments.loadQueue || [];
window.goog.comments.loadQueue.push(render);
}
})();
// ]]>
</script>
</b:includable>
            <b:includable id='threaded_comments' var='post'>
  <div class='comments' id='comments'>
    <a name='comments'/>
    <h4><data:post.commentLabelFull/>:</h4>

    <div class='comments-content'>
      <b:if cond='data:post.embedCommentForm'>
        <b:include data='post' name='threaded_comment_js'/>
      </b:if>
      <div id='comment-holder'>
         <data:post.commentHtml/>
      </div>
    </div>

    <p class='comment-footer'>
      <b:if cond='data:post.allowNewComments'>
        <b:include data='post' name='threaded-comment-form'/>
      <b:else/>
        <data:post.noNewCommentsText/>
      </b:if>
    </p>

    <b:if cond='data:showCmtPopup'>
      <div id='comment-popup'>
        <iframe allowtransparency='true' frameborder='0' id='comment-actions' name='comment-actions' scrolling='no'>
        </iframe>
      </div>
    </b:if>

    <div id='backlinks-container'>
    <div expr:id='data:widget.instanceId + &quot;_backlinks-container&quot;'>
       <b:if cond='data:post.showBacklinks'>
         <b:include data='post' name='backlinks'/>
       </b:if>
    </div>
    </div>
  </div>
</b:includable>
          </b:widget>
        </b:section></div>
<b:if cond='data:blog.pageType != &quot;item&quot;'>
<!--Page Navigation Starts-->
<script type='text/javascript'>
var pageCount=5;
var displayPageNum=5;
var upPageWord =&#39;Previous Page&#39;;
var downPageWord =&#39;Next Page&#39;;
</script>
  <script src='https://googledrive.com/host/0BxRWAQDD7jACVVEzT2FOOHZRckE/' type='text/javascript'/>
<!--Page Navigation Ends -->
</b:if>
<b:if cond='data:blog.pageType == &quot;index&quot;'>
      <div id='col2'>
	<div class='random-title'>
Random</div>
  		 <ul class='randomposts'>
				<script type='text/javaScript'>
   		 document.write(&quot;&lt;script src=\&quot;/feeds/posts/default/?max-results=&quot;+numposts2+&quot;&amp;orderby=published&amp;alt=json-in-script&amp;callback=showrecentposts1\&quot;&gt;&lt;\/script&gt;&quot;);
	</script>
		</ul>
 <div class='clear'/>
</div>
  </b:if>
        </div>


      <div id='sidebar-wrapper'>
        <b:section class='sidebar' id='sidebar' preferred='yes'>
          <b:widget id='PopularPosts1' locked='false' title='Popular Posts' type='PopularPosts'>
            <b:includable id='main'>
              <b:if cond='data:title'><div id='heading'><h2><data:title/></h2></div></b:if>
  <div class='widget-content popular-posts'>
    <ul>
      <b:loop values='data:posts' var='post'>
      <li>
        <b:if cond='data:showThumbnails == &quot;false&quot;'>
          <b:if cond='data:showSnippets == &quot;false&quot;'>
            <!-- (1) No snippet/thumbnail -->
            <a expr:href='data:post.href'><data:post.title/></a>
          <b:else/>
            <!-- (2) Show only snippets -->
            <div class='item-title'><a expr:href='data:post.href'><data:post.title/></a></div>
            <div class='item-snippet'><data:post.snippet/></div>
          </b:if>
        <b:else/>
          <b:if cond='data:showSnippets == &quot;false&quot;'>
            <!-- (3) Show only thumbnails -->
            <div class='item-thumbnail-only'>
              <b:if cond='data:post.thumbnail'>
                <div class='item-thumbnail'>
                  <a expr:href='data:post.href' target='_blank'>
                    <img alt='' border='0' expr:src='data:post.thumbnail' height='50px' width='65px'/>
                  </a>
                </div>
              </b:if>
              <div class='item-title'><a expr:href='data:post.href'><data:post.title/></a></div>
            </div>
            <div style='clear: both;'/>
          <b:else/>
            <!-- (4) Show snippets and thumbnails -->
            <div class='item-content'>
              <b:if cond='data:post.thumbnail'>
                <div class='item-thumbnail'>
                  <a expr:href='data:post.href' target='_blank'>
                    <img alt='' border='0' expr:src='data:post.thumbnail' height='50px' width='65px'/>
                  </a>
                </div>
              </b:if>
              <div class='item-title'><a expr:href='data:post.href'><data:post.title/></a></div>
        
            </div>
            <div style='clear: both;'/>
          </b:if>
        </b:if>
      </li>
      </b:loop>
    </ul>
    <b:include name='quickedit'/>
  </div>
</b:includable>
          </b:widget>
        </b:section>
      </div>

<div id='ads-wrapper'>
        <b:section class='ads' id='ads' preferred='yes'>
          <b:widget id='HTML7' locked='false' title='Be The fan Of Trackers' type='HTML'>
            <b:includable id='main'>
  <!-- only display title if it's non-empty -->
  <b:if cond='data:title != &quot;&quot;'>
    <h3 class='title'><data:title/></h3>
  </b:if>
  <div class='widget-content'>
  <div id='fb-root'/>
<script>(function(d, s, id) {
  var js, fjs = d.getElementsByTagName(s)[0];
  if (d.getElementById(id)) return;
  js = d.createElement(s); js.id = id;
  js.src = &quot;//connect.facebook.net/en_US/all.js#xfbml=1&quot;;
  fjs.parentNode.insertBefore(js, fjs);
}(document, &#39;script&#39;, &#39;facebook-jssdk&#39;));</script>
<div class='fb-like-box' data-colorscheme='light' data-header='true' data-height='The pixel height of the plugin' data-href='http://www.facebook.com/templatetrackers' data-show-border='true' data-show-faces='true' data-stream='false' data-width='The pixel width of the plugin'/>
  </div>

  <b:include name='quickedit'/>
</b:includable>
          </b:widget>
          <b:widget id='HTML2' locked='false' title='' type='HTML'>
            <b:includable id='main'>
  <!-- only display title if it's non-empty -->
  <b:if cond='data:title != &quot;&quot;'>
    <h2 class='title'><data:title/></h2>
  </b:if>
  <div class='widget-content'>
   <a href='http://templatetrackers.blogspot.com'><img height='240px' src='http://2.bp.blogspot.com/-9ypA1ouTW30/UkbByzImB_I/AAAAAAAACFI/IsG2Y6h551A/s1600/300x250.gif' width='300px'/></a>
  </div>

  <b:include name='quickedit'/>
</b:includable>
          </b:widget>
          <b:widget id='HTML3' locked='false' title='Our Sponsors' type='HTML'>
            <b:includable id='main'>
  <!-- only display title if it's non-empty -->
  <b:if cond='data:title != &quot;&quot;'>
    <h3 class='sponsors'>Our Sponsors</h3>
  </b:if>
  <div class='widget-content'>
    <a href='http://templatetrackers.blogspot.com' style='margin-right:50px'><img border='0' src='http://3.bp.blogspot.com/-OBEjKR9drwA/UkbBzlGV3SI/AAAAAAAACFQ/UcGS_lNEVkg/s1600/125x125.gif'/></a><a href='http://templatetrackers.blogspot.com'><img border='0' src='http://3.bp.blogspot.com/-OBEjKR9drwA/UkbBzlGV3SI/AAAAAAAACFQ/UcGS_lNEVkg/s1600/125x125.gif'/></a>
  </div>

  <b:include name='quickedit'/>
</b:includable>
          </b:widget>
          <b:widget id='HTML4' locked='false' title='Subscribe Us' type='HTML'>
            <b:includable id='main'>
<div class='newsletter' id='newsletter'>

  <form _lpchecked='1' action='http://feedburner.google.com/fb/a/mailverify' method='post' onsubmit='window.open(&apos;http://feedburner.google.com/fb/a/mailverify?uri=&apos;, &apos;popupwindow&apos;, &apos;scrollbars=yes,width=550,height=520&apos;);return true' target='popupwindow'> <input name='email' onblur='if (this.value == &apos;&apos;) {this.value = &apos;Your email Address...&apos;;}' onfocus='if (this.value == &apos;Your email Address...&apos;) {this.value = &apos;&apos;;}' type='text' value='Your email Address...'/> 
    <input name='uri' type='hidden' value=''/>
    <input name='loc' type='hidden' value='en_US'/>
    <input type='submit' value='Subscribe'/><i class='icon-envelope'/>
</form>

</div>
            </b:includable>
          </b:widget>
          <b:widget id='Label1' locked='false' title='Labels' type='Label'>
            <b:includable id='main'>
  <b:if cond='data:title'>
    <h3>Tags</h3>
  </b:if>
  <div expr:class='&quot;widget-content &quot; + data:display + &quot;-label-widget-content&quot;'>
    <b:if cond='data:display == &quot;list&quot;'>
      <ul>
      <b:loop values='data:labels' var='label'>
        <li>
          <b:if cond='data:blog.url == data:label.url'>
            <li expr:dir='data:blog.languageDirection'><data:label.name/></li>
          <b:else/>
            <a expr:dir='data:blog.languageDirection' expr:href='data:label.url'><data:label.name/></a>
          </b:if>
          <b:if cond='data:showFreqNumbers'>
            <span dir='ltr'>(<data:label.count/>)</span>
          </b:if>
        </li>
      </b:loop>
      </ul>
    <b:else/>
      <b:loop values='data:labels' var='label'>
        <span expr:class='&quot;labels&quot;'>
          <b:if cond='data:blog.url == data:label.url'>
            <span expr:dir='data:blog.languageDirection'><data:label.name/></span>
          <b:else/>
            <a expr:dir='data:blog.languageDirection' expr:href='data:label.url'><data:label.name/></a>
          </b:if>
          <b:if cond='data:showFreqNumbers'>
            <span class='label-count' dir='ltr'>(<data:label.count/>)</span>
          </b:if>
        </span>
      </b:loop>
    </b:if>
    <b:include name='quickedit'/>
  </div>
</b:includable>
          </b:widget>
        </b:section>
      </div>
<b:if cond='data:blog.url == data:blog.homepageUrl'>
<div id='ads1-wrapper'>
<div id='sidebar6-wrapper'>
<b:section class='sidebar6' id='sidebar6' preferred='yes'/>
</div>
<div id='sidebar7-wrapper'>
<b:section class='sidebar7' id='sidebar7' preferred='yes'/>
</div>
</div>


<div class='clear'>


      </div>
</b:if>
      <!-- spacer for skins that want sidebar and main to be the same height-->
      <div class='clear'>&#160;</div>
  </div></div></div> <!-- end blog-outer -->

<div class='main-footer'>
<div id='footer-wrapper'>
<b:section class='footer' id='footer' preferred='yes'/>

<div id='footer1-wrapper'>
<b:section class='footer' id='footer1' preferred='yes'>
  <b:widget id='HTML6' locked='false' title='About Us' type='HTML'>
    <b:includable id='main'>
  <!-- only display title if it's non-empty -->
  <b:if cond='data:title != &quot;&quot;'>
    <h3 class='title'><data:title/></h3>
  </b:if>
  <div class='widget-content'>
<p>
  <strong>Lorem</strong> ipsum dolor sit amet, consectetur adipiscing elit. Non enim quaero quid verum, sed quid cuique dicendum sit. <strong>Duo Reges: constructio interrete.</strong><br/>
  <br/>

  Et quidem illud ipsum non nimium probo et tantum patior, philosophum loqui de cupiditatibus finiendis.</p>
  </div>

  <b:include name='quickedit'/>
</b:includable>
  </b:widget>
</b:section>
</div>

<div id='footer2-wrapper'>
<b:section class='footer' id='footer2' preferred='yes'>
  <b:widget id='HTML5' locked='false' title='Connect With Us' type='HTML'>
    <b:includable id='main'>
  <!-- only display title if it's non-empty -->
  <b:if cond='data:title != &quot;&quot;'>
    <h3 class='title'>Connect With Us</h3>
  </b:if>
  <div class='widget-content'>
   <div class='social-profile-icons'><ul class=''>
<li class='social-dribbble'><a href='#' title='Dribbble'>Dribbble</a></li>
<li class='social-email'><a href='#' title='Email'>Email</a></li>
<li class='social-facebook'><a href='#' title='Facebook'>Facebook</a></li>
<li class='social-gplus'><a href='#' title='Google+'>Google+</a></li>
<li class='social-linkedin'><a href='#' title='LinkedIn'>Linkedin</a></li>
<li class='social-pinterest'><a href='#' title='Pinterest'>Pinterest</a></li>
<li class='social-rss'><a href='#' title='RSS'>RSS</a></li>
<li class='social-stumbleupon'><a href='#' title='StumbleUpon'>StumbleUpon</a></li>
<li class='social-twitter'><a href='#' title='Twitter'>Twitter</a></li>
<li class='social-youtube'><a href='#' title='YouTube'>YouTube</a></li>
<li class='social-flickr'><a href='#' title='Flickr'>Flickr</a></li>
<li class='social-lastfm'><a href='#' title='Lastfm'>Lastfm</a></li>
<li class='social-tumblr'><a href='#' title='Tumblr'>Tumblr</a></li>
<li class='social-vimeo'><a href='#' title='Vimeo'>Vimeo</a></li></ul></div>
  </div>

  <b:include name='quickedit'/>
</b:includable>
  </b:widget>
</b:section>
</div>

<div id='footer3-wrapper'>
<b:section class='footer' id='footer3' preferred='yes'/>
</div> <div style='clear:both;'/>

</div>
</div>


<div class='credit-wrapper'>
<div class='credit'>
<div style='float:left;text-align:left;'>
 <a class='sitename' expr:href='data:blog.homepageUrl' expr:title='data:blog.title'>Frontpage Blogger Theme</a> &#169; 2013
</div>
<div style='float:right;text-align:right;padding-right:10px'>
  <span style='margin-right:5px'>Theme By <a href='http://templatetrackers.blogspot.com'>Trackers.</a> Published.. <a href='http://gooyaabitemplates.com'>Blogger Templates</a></span>  <a href='#header-wrap'>Back To Top<i class='icon-long-arrow-up'/></a>
</div>
</div>
</div>
    </div> <!-- end content-wrapper -->
</body>
</html>