<?xml version="1.0" encoding="UTF-8" ?>
<!DOCTYPE html PUBLIC "-//W3C//DTD XHTML 1.0 Strict//EN" "http://www.w3.org/TR/xhtml1/DTD/xhtml1-strict.dtd">
<html expr:dir='data:blog.languageDirection' xmlns='http://www.w3.org/1999/xhtml' xmlns:b='http://www.google.com/2005/gml/b' xmlns:data='http://www.google.com/2005/gml/data' xmlns:expr='http://www.google.com/2005/gml/expr'>
  <head>
<SCRIPT type='text/javascript'> var thumbnail_mode = &quot;no-float&quot; ; summary_noimg = 500; summary_img = 470; img_thumb_height = 125; img_thumb_width = 125; </SCRIPT> 

<script type='text/javascript'>

//<![CDATA[
function removeHtmlTag(strx,chop){ 
	if(strx.indexOf("<")!=-1)
	{
		var s = strx.split("<"); 
		for(var i=0;i<s.length;i++){ 
			if(s[i].indexOf(">")!=-1){ 
				s[i] = s[i].substring(s[i].indexOf(">")+1,s[i].length); 
			} 
		} 
		strx =  s.join(""); 
	}
	chop = (chop < strx.length-1) ? chop : strx.length-2; 
	while(strx.charAt(chop-1)!=' ' && strx.indexOf(' ',chop)!=-1) chop++; 
	strx = strx.substring(0,chop-1); 
	return strx+'...'; 
}

function createSummaryAndThumb(pID){
	var div = document.getElementById(pID);
	var imgtag = "";
	var img = div.getElementsByTagName("img");
	var summ = summary_noimg;
	if(img.length>=1) {	
		imgtag = '<span style="float:left; padding:0px 10px 5px 0px;"><img src="'+img[0].src+'" width="'+img_thumb_width+'px" height="'+img_thumb_height+'px"/></span>';
		summ = summary_img;
	}
	
	if(img.length<1) {	
		imgtag = '<span style="float:left; padding:0px 10px 5px 0px;"><img src="http://4.bp.blogspot.com/_0s-GnnHKfng/TFG8RLxcXiI/AAAAAAAAAHQ/ZrAp7L9OBP4/s1600/ni.jpg" width="125px" height="125px"/></span>';
		summ = summary_img;
	}

	
	var summary = imgtag + '<div>' + removeHtmlTag(div.innerHTML,summ) + '</div>';
	div.innerHTML = summary;
}
//]]>

</script>

    <b:include data='blog' name='all-head-content'/>
    <b:if cond='data:blog.pageName == &quot;&quot;'>
    <title><data:blog.title/></title>
    <b:else/>
    <title><data:blog.pageName/> | <data:blog.title/></title>
    </b:if>
    <b:skin><![CDATA[/*
-----------------------------------------------
Blogger Template Style
Name:     Falcon
Author:   Kumar
Url:      www.bloggertheme.net
----------------------------------------------- */
#navbar-iframe{display:none;}
html, body, div, span, applet, object, iframe,
h1, h2, h3, h4, h5, h6, p,
blockquote, pre, a, abbr, acronym, address, big,
cite, code, del, dfn, em, font,
ins, kbd, q, s, samp, small, strike, sub, sup, tt, var, dl, dt, dd, ol, ul, li,
fieldset, form, label, legend,
table, caption, tbody, tfoot, thead, tr, th, td,
center, u, b, i, marquee {
	margin: 0px;
	padding: 0px;
}

body {
	margin:0 auto;
	padding:0px 0px 0px 0px;
	background:#000 url(http://2.bp.blogspot.com/_0s-GnnHKfng/TFjzGoTxmaI/AAAAAAAAANc/DRNYM9BlqZ8/s1600/body.jpg) top center fixed no-repeat;
	font-family:Arial,Tahoma,Century gothic, sans-serif;
	color:#161514;
	font-size:13px;
	}
img {
	border:0;
	margin: 0 0;
	}
a {
	color:#FFAB06;
	text-decoration:none;
	outline:none;
	}
a:hover {
	color:#000;
	text-decoration:none
		}
h1, h2, h3, h4, h5, h6 {
	
	}
blockquote {
	padding:10px 10px 10px 10px;
	color:#59666f;
	font-style: normal;

	}
.clear {
	clear:both;
	}

table{
  margin: 10px 0 10px;
}

table td, table th{
  text-align: left;
  padding: .4em .8em;
}

table th{
  background: #ccc ;
  color: #444;
  text-transform: uppercase;
  font-weight: normal;

}

table td{
  background: #e4e4e4;
}

table tr.even td{
  background: #eee;
}

table tr:hover td{
  background: #FFF9DF;
}


.rounded{

	border-radius: 5px;
	-moz-border-radius: 5px;
	-webkit-border-radius: 5px;
}
/* The Outer cover */

#wrapper {
	width:1000px;
	margin:10px auto;
	position:relative;
	background:#fff;

	}
#casing {
	padding:0px 0px 10px 0px;
	float:left;
	width:1000px;
	margin:0px 0px 0px 0px;

	}		
/* The Header */

#top {
	height:120px;
	margin:auto;
	width:1000px;
	position:relative;

	
	}
	
.subcribe{
	position:absolute;
	right:40px;
	bottom:15px;
}

.subcribe a:link,.subcribe a:visited{
	color:#222;
}

.subcribe a:hover{
	color:#FFAB06;
}

.blogname {
	width:400px;
	margin:35px 0 0 0px;
	height:70px;
	text-align:left;
	float:left;
	padding-left:20px;

	}
.blogname h1  {
	font-size:32px;
	padding:0 0 0px 0;
	font-weight:normal;
	color:#222;



	}
.blogname h1  a:link, .blogname h1  a:visited{ 
	color: #222; 
	display:block;
	margin:5px 0 0 0px;
	}
	
.blogname h1  a:hover { 
	color: #111; 
	}
.blogname h2 {
	margin:0px 0px 0px 0px;
	font-size:16px;
	font-weight:normal;
	color: #e89b05; 


	}
.head{
	height:230px;
	width:1000px;
	float:left;
	background:url(images/head.jpg);
}


.subhead{

	width:440px;
	height:200px;
	margin:50px 30px 0px 0px;
	overflow:hidden;
	float:right;
}

.subhead h3{
	color:#fff;
	font-weight:bold;
	font-size:18px;
	padding:10px 0px;

}

.subhead p{
	color:#69c8bd;
	line-height:22px;
}




/* The Search */


	
#search {
	background:url(http://4.bp.blogspot.com/_0s-GnnHKfng/TFjx4BblgEI/AAAAAAAAANM/-UUWJWCCBUo/s1600/search.png);
	width:283px;
	padding:5px 0px ;
	margin:0px 20px 10px 0px;
	float:right;
	height:21px;
	display:inline;
}
#search form {
	margin: 0px 0px 0px 0px;
	padding: 0;
}

#search fieldset {
	margin: 0;
	padding: 0;
	border: none;
}

#search p {
	margin: 0;
	font-size: 85%;
}

#s {
	width:200px;
	margin:0px 0px 0px 37px;
	padding: 2px 5px;
	height:16px;
	border:none;
	font: normal 100% "Tahoma", Arial, Helvetica, sans-serif;
	color:#333;
	float:left;
	border:none;
	background:#fff;
	display:inline;
}
input#searchsubmit{
	float:right;
	padding: 3px 5px;
	display:inline;
	margin:0px 0px 0px 0px;
	height:26px;
	background:#133E68;
	color:#fff;
	border:none;
}

.headbanner{
	float:right;

	margin:0px 20px 0px 0px;
}


/*  menu*/
	
#catmenucontainer{
	height:37px;
	display:block;
	padding:0px 0 0px 0px;
	font: 12px Arial,Tahoma,Century gothic,verdana,  sans-serif;
	font-weight:normal;
	background:url(http://2.bp.blogspot.com/_0s-GnnHKfng/TFjx37JUPmI/AAAAAAAAANE/YU-P7hZ2YOE/s1600/menu.png) repeat-x;
	}
		
#catmenu{
	margin: 0px 0px 0px 0px;
	padding: 0px 0px;
	height:37px;
	overflow:hidden;
	}
	
#catmenu ul {
	float: left;
	list-style: none;
	margin: 0px;
	padding: 0px 10px;
	}
	
#catmenu li {
	float: left;
	list-style: none;
	margin: 0px;
	padding: 0px;
	}
	
#catmenu li a, #catmenu li a:link, #catmenu li a:visited {
	color:#ddd;
	display: block;
	margin: 0px;
	padding: 0px 10px ;
	line-height:37px;

	}

#catmenu li a:hover, #catmenu li a:active {

	color: #fff;
    margin: 0px;
	padding: 0px 10px ;
	line-height:37px;
	text-decoration: none;


	}
#catmenu li.current_page_item a {
background:#FFAB06 ;
	color: #232323;
	border-left:1px solid #FFBD3F;
	border-right:1px solid #FFBD3F;
}
#catmenu li li a, #catmenu li li a:link, #catmenu li li a:visited {
	background:#363737 ;
	width: 150px;
	color: #bebebe;
	font-weight: normal;
	float: none;
	margin: 0px;
	padding: 0px 10px ;
	line-height:30px;
	border-bottom:1px solid #212121;	

	}
	
#catmenu li li a:hover, #catmenu li li a:active {
	background:#4a4a4a;
	color: #fff;
	padding: 0px 10px ;
	line-height:30px;
	border-left:none;
	border-right:none;
	border-bottom:1px solid #212121;	

	}

#catmenu li ul {
	z-index: 9999;
	position: absolute;
	left: -999em;
	height: auto;
	width: 170px;
	margin: 0px;
	padding: 5px;
	background:#1C1C1C;
	}

#catmenu li li { 
	}

#catmenu li ul a { 
	width: 140px;
	}

#catmenu li ul a:hover, #catmenu li ul a:active { 
	}

#catmenu li ul ul {
	margin: -36px 0 0 170px;
	}

#catmenu li:hover ul ul, #catmenu li:hover ul ul ul, 
#catmenu li.sfhover1 ul ul, #catmenu li.sfhover1 ul ul ul {
	left: -999em;
	}

#catmenu li:hover ul, #catmenu li li:hover ul, 
#catmenu li li li:hover ul, #catmenu li.sfhover ul, 
#catmenu li li.sfhover1 ul, #catmenu li li li.sfhover1 ul {
	left: auto;
	}

#catmenu li:hover, #catmenu li.sfhover1 { 
	position: static;
	}

	
	/*Page menu*/


#foxmenucontainer{
	height:36px;
	display:block;
	padding:0px 0 0px 0px;
	font: 12px Arial, Tahoma,Century gothic,verdana,  sans-serif;
	font-weight:normal;
	float:left;
	width:1000px;
	background:#ffab06;
	}
#menu{
	margin:0px 10px;
	padding: 0px;

	height:36px;
	overflow:hidden;
	}
	
#menu ul {
	float: left;
	list-style: none;
	margin: 0px;
	padding: 0px;
	}
	
#menu li {
	float: left;
	list-style: none;
	margin: 0px;
	padding: 0px;
	}
	
#menu li a, #menu li a:link, #menu li a:visited {
	color:#232323;
	display: block;
	margin: 0px;
	padding: 0px 10px ;
	line-height:36px;
	}

#menu li a:hover, #menu li a:active {

	color: #fff;
    margin: 0px;
	padding: 0px 10px ;
	line-height:36px;
	text-decoration: none;

	}
	
#menu li li a, #menu li li a:link, #menu li li a:visited {
	background:#FFC62F;
	width: 150px;
	color:#111;
	font-weight: normal;
	float: none;
	margin: 0px;
	padding: 0px 10px ;
	line-height:32px;
	border-bottom: 1px solid #FFAB06;

	}
	
#menu li li a:hover, #menu li li a:active {
	background: #FFD35F;
	color: #7F5300;
	padding: 0px 10px ;
	line-height:32px;
	}

#menu li ul {
	z-index: 9999;
	position: absolute;
	left: -999em;
	height: auto;
	width: 170px;
	margin: 0px;
	padding: 5px;
	background:#FFAB06;
	}

#menu li li { 
	}

#menu li ul a { 
	width: 140px;
	}

#menu li ul a:hover, #menu li ul a:active { 
	}

#menu li ul ul {
	margin: -38px 0 0 170px;
	}

#menu li:hover ul ul, #menu li:hover ul ul ul, 
#menu li.sfhover ul ul, #menu li.sfhover ul ul ul {
	left: -999em;
	}

#menu li:hover ul, #menu li li:hover ul, 
#menu li li li:hover ul, #menu li.sfhover ul, 
#menu li li.sfhover ul, #menu li li li.sfhover ul {
	left: auto;
	}

#menu li:hover, #menu li.sfhover { 
	position: static;
	}


	
	
/* Main Content*/	


#content {
	float:left;
	width: 628px;
	height:100%;
	padding:10px 0px 0px 0px;
	margin:20px 0px 0px 20px;
	display:inline;
	overflow:hidden;
	background:#f4f4f4;
	border:1px solid #eaeaea;
	}	
h3.mytitle{

	height:35px;
	line-height:35px;
	padding-left:15px;
	font-size:18px;
	color:#fff;
	border:1px solid #6e0705;
	background:#b50f0f;
	font-family: Arial,century gothic,verdana, sans-serif;
}
.box{
	width:650px;
	float:left;
	clear:left;
	color:#555;
	border-bottom:1px dotted #ccc;
}

.postim{
	padding:5px;
	background:#fff;
	float:right;
	margin:10px 0px 10px 10px;
	width:160px;
	height:100px;
	border:1px solid #ddd;
}



.last{
	float:right;
	clear:right;
}
.boxtitle  h2 {
	margin: 0px 0 0px 0;
	padding: 10px 0px 5px 0px;
	text-align: left;
	font: 16px Arial,century gothic,verdana, sans-serif;
	font-weight:bold;
	overflow:hidden;
		}

.boxtitle  h2 a, .boxtitle  h2 a:link, .boxtitle  h2 a:visited  {
	color:#B50F0F;
	background-color: transparent;
	}
	
.boxtitle  h2 a:hover  {
	color: #333;
	background-color: transparent;
	}	
	
.boxtitle{
	margin: 0 0 0 0px;
	padding: 0px 0px 0px 0px;
}
.post {
	margin: 0px 0px 30px 0px;
	height:100%;
	color:#555;
	font: 13px Tahoma, century gothic,Arial,verdana, sans-serif;
	padding:5px;

	}
.datebox{
	width:54px;
	height:48px;
	background:url(http://1.bp.blogspot.com/_0s-GnnHKfng/TFjx3etd5ZI/AAAAAAAAAM8/IWzs-W3LI8g/s1600/datebox.png);
	float:left;
	text-align:center;
	margin:0px 5px 0px 0px;
}
span.date{
	font-size:18px;
	line-height:18px;
	width:56px;
	color:#000;

}
span.month{
	font-size:10px;
	text-transform:uppercase;
	color:#333;
	line-height:24px;

}

.title  h2 {
	margin: 0px 0 0px 0;
	padding: 0px 0px 5px 5px;
	font: 20px Arial,century gothic,verdana, sans-serif;
	font-weight:bold;
	overflow:hidden;
	text-shadow:1px 1px 0px #fff;
		}

.title  h2 a, .title  h2 a:link, .title  h2 a:visited  {
	color:#222;
	background-color: transparent;
	}
	
.title  h2 a:hover  {
	color: #000;
	background-color: transparent;
	}	
	
.title{
	margin: 0 0 0 0px;
	padding: 0px 0px 0px 5px;
}	

.data {
	font-size:10px;
	font-family:Tahoma, century gothic,Arial,Verdana,Helvitica,sans-serif;
	padding:4px 5px 4px 0px;
   	color:#ca680b;
	text-transform: uppercase;
	margin:5px 10px;

	}
	
.author{
	color:#DF9300;
	padding:2px 5px 2px 5px;
	text-shadow:1px 1px 0px #fff;

	
}

.clock{
	color:#b50f0f;
	padding:2px 5px 2px 0px;

}	

.comm{
	color:#DF9300;
	padding:2px 5px 2px 0px;
	margin-left:5px;
	text-shadow:1px 1px 0px #fff;
}

.comm a:link,
.comm a:visited {
	color:#DF9300;
	
}
.comm a:hover{
	color:#b50f0f;
	text-shadow:1px 1px 1px #ccc;
}

.singleinfo {

	font:10px  Tahoma, Georgia, Arial,century gothic,verdana, sans-serif;
	text-transform:uppercase;
	color:#B98302;
	padding:5px 0px;
			}

.category{
	padding:5px 0 5px 5px;
	color:#000101;
}

.category a:link,.category a:visited{
	color:#EF9700;

	}
	
.category a:hover{
	color:#000;
	}
.cover {
	margin:0 0;
	padding: 0px 10px ;
	
	}	
.entry {
	margin:0 0;
	padding: 0px 0px ;
	
	}	
	
.entry a:link,
.entry a:visited {
		color:#EF9700;
	background-color: transparent;
}
.entry a:hover {
	color:#000;
	background-color: transparent;
	text-decoration: none;
}

.entry ul, .entry ol{
  margin: .4em 0 1em;
  line-height: 150%;
}


.entry ul li, .entry ol li{
  list-style-position:outside;
  margin-left: 1.6em;
}

.entry p{
	margin:5px 0px;
	padding:5px 0px;
	line-height:24px;

}

/* right column */
.right{
	
	float:right;
	width:320px;
	padding:20px 0px 0px 0;
	display:inline;
	margin-right:20px;
	overflow:hidden;
}
.blokbox,.twitbox{
	float:left;
	width:323px;
	background:#fff;
	margin-bottom:10px;
	border:1px solid #ddd;
	}
.blok{
	padding:5px 0px 0px 0px;
	float:left;

}
.fentry img{
	max-width:100px;

	padding-left:6px;
	padding-bottom:5px;
	float:left;
	
}

	
/* --- FOOTER --- */
	
#footer {
	height:60px;
	padding:10px 0 0 0px;
	color:#aaa;
	font-size:11px;
	width:1000px;
	margin:10px auto;
	background:#080808 ;

	}

#footer a:link , #footer a:visited{
		color:#aaa;
	}

#footer a:hover {
	color:#fff;
	}

.fleft{
	float:left;
	text-align:left;
	margin-left:10px;
	margin-top:10px;
	line-height:16px;
}
.fright{
	float:right;
	text-align:right;
	margin-right:10px;
		margin-top:10px;
	line-height:16px;
}
/* The Navigation */

#navigation{	
	margin:0px 0px 0px 0px;
	padding:5px;
	width:650px;
	height:27px;
	}


/* The Attachment */

.contentCenter {
	text-align:center;
	}

/* The Page Title */

h2.pagetitle {
	padding:10px 0px;
	font-size:14px;
	text-align:center;
	color:#fff;
	background:#555;
	margin-bottom:10px;
	}
 h2.pagetitle a {
 	color:#507409;
 }


#sidebar-wrapper{
	padding:20px 0px 0px 0px;
	width:330px;
	float:right;

}
.sidebar h2{
	padding: 13px 0px 5px 20px;
	height:26px;
	color:#fff;
	font-size:18px;
	font-family:Georgia,Arial,Tahoma,century gothic,  sans-serif;
	font-weight:normal;
	text-shadow: 1px 1px 1px #000;
	background:#3B3B3B ;
	border-radius: 5px;
	-moz-border-radius: 5px;
	-webkit-border-radius: 5px;

	}

.sidebar .widget {
	font-size:12px;
	width:298px;
	padding:10px;
	background:#F4F4F4;
	margin:0px 0px 10px 0px;
	border:1px solid #eaeaea;
	}

.sidebar .widget-content {padding: 5px 10px;margin:0;}
.sidebar ul {list-style-type: none;margin: 0 ;padding: 0;}
.sidebar li{list-style-type: none;margin: 0 ;padding: 0;}
.sidebar ul li {height:100%;line-height:28px;float: left; clear: left;	width: 280px;
list-style-type: none;overflow:hidden;color:#6b6856;}
.sidebar ul li  {text-decoration: none;padding: 0px 0px 0px 10px;display:block;
border-bottom:1px solid #ddd;}
.sidebar a:link {color:#6f6f6f;}
.sidebar a:hover {color: #FFA201;}


.widgets {
	width:1000px;
	padding:0px 0px 0px 0px;
	background:#15181b;
	height:280px;

}

.widgets a {
	color: #222;
	text-decoration: none;
	}
	
.widgets a:hover {

	}
img.sidim{
	width:650px;
	height:280px;


}

img.phumb{
	width:80px;
	height:58px;
	float:left;
	margin-right:10px;



}

.inpost{
	position:absolute;
	left:0px;
	bottom:0px;
	padding:0px 5px 10px 5px;
	background:url(http://2.bp.blogspot.com/_0s-GnnHKfng/TFjx4oXhtTI/AAAAAAAAANU/gggFf9z03Yk/s1600/trans.png);
	width:640px;
	border-top:1px solid #000;
}

.inpost h3{
	color:#fff;
	font-size:16px;
	padding:5px 0px;
}

.inpost p{
	color:#bbb;
}
ul#tabnav{
	list-style:none;
	height:280px;
	width:350px;
	float:right;
	margin:0px ;
	overflow:hidden;
	display:inline;
	padding:0px 0px;
	background:#181818;
}	
	
#tabnav li {
	list-style: none;

	}

#tabnav li a:link,#tabnav li a:visited {

	display: inline;
	float:left;
	padding:5px;
	margin-left:1px;
	border-bottom:1px solid #2d2d2d;
	border-top:1px solid #000;
	color:#555;
}	
	
#tabnav li a:hover, #tabnav li a:active, #tabnav li.ui-tabs-selected a {
	background: #080808 url(images/tabh.png) repeat-x;
	color:#eee;
	}
	
#tabnav li.ui-tabs-selected h3 {
	color:#e0af17;
}

a.listab{
	display:block;
	width:350px;
	height:58px;

}

.listab h3{
	font-size:14px;
	font-weight:bold;
	padding:0px 5px;
	color:#eee;

}
.listab p{
	font-size:12px;
	line-height:16px;

}
.tabdiv {

	margin:0px;
	width:650px;
	float:left;
	height:280px;
	position:relative;
	display:inline;
	background:#000;

	}

.featpost{
	position:absolute;
	right:0px;
	bottom:0px;
	background:url(http://2.bp.blogspot.com/_0s-GnnHKfng/TFjx4oXhtTI/AAAAAAAAANU/gggFf9z03Yk/s1600/trans.png);
	padding:10px;
	border-top:1px solid #000;
	color:#999;
	width:555px;
}	
	
.ui-tabs-hide {
	display: none;
		}

		
#bottom{

	margin:0px auto;

}
.bottomcover{
	background:#3B3B3B  ;
	margin:0px auto;
	width:1000px;

}	
h3.bothead{

	height:20px;
	font-size:15px;
	padding:10px 0px 10px 10px;
	color:#ffb905;

	
}
.botwid{
	float:left;
	width:230px;
	padding-bottom:10px;
	font-size:12px;
	font-family:Arial,Tahoma,Century gothic,sans-serif;
	margin:10px 0px 0px 15px;
	color:#ffb905;
	}
.botwid ul {
	list-style-type: none;
	margin:  0px;
	padding: 0px 5px 5px 5px ;

	}
.botwid li{
	list-style-type: none;
	margin: 0 ;
	padding: 0;

	}
.botwid ul ul  {
	list-style-type: none;
	margin: 0;
	padding: 0px 0px 0px 0px;
	background-repeat:no-repeat;
		}

.botwid ul ul ul{
	list-style-type: none;
	margin: 0;
	padding: 0;
	border:0;
	}

.botwid ul ul ul ul{
	list-style-type: none;
	margin: 0;
	padding: 0;
	border:0;

	}

.botwid ul li {
	height:100%;
	line-height:18px;
	clear: left;	
	width: 220px;
	list-style-type: none;
	}

.botwid ul li a:link, .botwid ul li a:visited  {color:#bbb;}
.botwid ul li a:hover{color: #fff;}
.botwid p{
padding: 7px 10px;
margin:0;
}
.botwid table {
width:100%;
text-align:center;
color:#787d7f;
}
	
.PageList h2{display:none;}
.post-footer{margin-left:10px;background:#ebebeb;padding:10px;margin-top:10px;line-height:1.4em;}

#comments h4 {
font-size:20px;
font-family:Tahoma,Arial,Century gothic, sans-serif;
color:#fff;
padding:10px 10px ;
background:#ffab06;
margin-top:10px;
}
#comments-block {
line-height:1.6em;
margin:1em 0 1.5em;
}
#comments-block .comment-author {
background:#ebebeb none repeat scroll 0 0;
margin:0.5em 0;
padding-bottom:4px;
padding-left:8px;
padding-top:4px;
}
#comments-block .comment-body {
border-left:1px solid #ebebeb;
border-right:1px solid #ebebeb;
margin-top:-8px;
padding-left:10px;
padding-top:10px;
}
#comments-block .comment-footer {
border-bottom:1px solid #ebebeb;
border-left:1px solid #ebebeb;
border-right:1px solid #ebebeb;
font-size:11px;
line-height:1.4em;
margin:-0.25em 0 2em;
padding-bottom:5px;
padding-left:10px;
text-transform:none;
}
#comments-block .comment-body p {
margin:0;
padding-bottom:15px;
}

]]></b:skin>

<script src='http://ajax.googleapis.com/ajax/libs/jquery/1.3.2/jquery.js' type='text/javascript'/>

<script type='text/javascript'><!--//--><![CDATA[//><!--
jQuery(document).ready(function() {
	jQuery("#tabzine> ul").tabs({ fx: { opacity: 'toggle' } }).tabs('rotate', 5000); 
});
//--><!]]></script>

<script type='text/javascript'><!--//--><![CDATA[//><!--
/*
 * Copyright (c) 2009 Simo Kinnunen.
 * Licensed under the MIT license.
 *
 * @version 1.02
 */
var Cufon=(function(){var m=function(){return m.replace.apply(null,arguments)};var x=m.DOM={ready:(function(){var C=false,E={loaded:1,complete:1};var B=[],D=function(){if(C){return}C=true;for(var F;F=B.shift();F()){}};if(document.addEventListener){document.addEventListener("DOMContentLoaded",D,false);window.addEventListener("pageshow",D,false)}if(!window.opera&&document.readyState){(function(){E[document.readyState]?D():setTimeout(arguments.callee,10)})()}if(document.readyState&&document.createStyleSheet){(function(){try{document.body.doScroll("left");D()}catch(F){setTimeout(arguments.callee,1)}})()}q(window,"load",D);return function(F){if(!arguments.length){D()}else{C?F():B.push(F)}}})(),root:function(){return document.documentElement||document.body}};var n=m.CSS={Size:function(C,B){this.value=parseFloat(C);this.unit=String(C).match(/[a-z%]*$/)[0]||"px";this.convert=function(D){return D/B*this.value};this.convertFrom=function(D){return D/this.value*B};this.toString=function(){return this.value+this.unit}},addClass:function(C,B){var D=C.className;C.className=D+(D&&" ")+B;return C},color:j(function(C){var B={};B.color=C.replace(/^rgba\((.*?),\s*([\d.]+)\)/,function(E,D,F){B.opacity=parseFloat(F);return"rgb("+D+")"});return B}),fontStretch:j(function(B){if(typeof B=="number"){return B}if(/%$/.test(B)){return parseFloat(B)/100}return{"ultra-condensed":0.5,"extra-condensed":0.625,condensed:0.75,"semi-condensed":0.875,"semi-expanded":1.125,expanded:1.25,"extra-expanded":1.5,"ultra-expanded":2}[B]||1}),getStyle:function(C){var B=document.defaultView;if(B&&B.getComputedStyle){return new a(B.getComputedStyle(C,null))}if(C.currentStyle){return new a(C.currentStyle)}return new a(C.style)},gradient:j(function(F){var G={id:F,type:F.match(/^-([a-z]+)-gradient\(/)[1],stops:[]},C=F.substr(F.indexOf("(")).match(/([\d.]+=)?(#[a-f0-9]+|[a-z]+\(.*?\)|[a-z]+)/ig);for(var E=0,B=C.length,D;E<B;++E){D=C[E].split("=",2).reverse();G.stops.push([D[1]||E/(B-1),D[0]])}return G}),hasClass:function(C,B){return RegExp("(?:^|\\s)"+B+"(?=\\s|$)").test(C.className)},quotedList:j(function(E){var D=[],C=/\s*((["'])([\s\S]*?[^\\])\2|[^,]+)\s*/g,B;while(B=C.exec(E)){D.push(B[3]||B[1])}return D}),recognizesMedia:j(function(G){var E=document.createElement("style"),D,C,B;E.type="text/css";E.media=G;try{E.appendChild(document.createTextNode("/**/"))}catch(F){}C=g("head")[0];C.insertBefore(E,C.firstChild);D=(E.sheet||E.styleSheet);B=D&&!D.disabled;C.removeChild(E);return B}),removeClass:function(D,C){var B=RegExp("(?:^|\\s+)"+C+"(?=\\s|$)","g");D.className=D.className.replace(B,"");return D},supports:function(D,C){var B=document.createElement("span").style;if(B[D]===undefined){return false}B[D]=C;return B[D]===C},textAlign:function(E,D,B,C){if(D.get("textAlign")=="right"){if(B>0){E=" "+E}}else{if(B<C-1){E+=" "}}return E},textDecoration:function(G,F){if(!F){F=this.getStyle(G)}var C={underline:null,overline:null,"line-through":null};for(var B=G;B.parentNode&&B.parentNode.nodeType==1;){var E=true;for(var D in C){if(!k(C,D)||C[D]){continue}if(F.get("textDecoration").indexOf(D)!=-1){C[D]=F.get("color")}E=false}if(E){break}F=this.getStyle(B=B.parentNode)}return C},textShadow:j(function(F){if(F=="none"){return null}var E=[],G={},B,C=0;var D=/(#[a-f0-9]+|[a-z]+\(.*?\)|[a-z]+)|(-?[\d.]+[a-z%]*)|,/ig;while(B=D.exec(F)){if(B[0]==","){E.push(G);G={};C=0}else{if(B[1]){G.color=B[1]}else{G[["offX","offY","blur"][C++]]=B[2]}}}E.push(G);return E}),textTransform:(function(){var B={uppercase:function(C){return C.toUpperCase()},lowercase:function(C){return C.toLowerCase()},capitalize:function(C){return C.replace(/\b./g,function(D){return D.toUpperCase()})}};return function(E,D){var C=B[D.get("textTransform")];return C?C(E):E}})(),whiteSpace:(function(){var B={inline:1,"inline-block":1,"run-in":1};return function(E,C,D){if(B[C.get("display")]){return E}if(!D.previousSibling){E=E.replace(/^\s+/,"")}if(!D.nextSibling){E=E.replace(/\s+$/,"")}return E}})()};n.ready=(function(){var B=!n.recognizesMedia("all"),E=false;var D=[],H=function(){B=true;for(var K;K=D.shift();K()){}};var I=g("link"),J=g("style");function C(K){return K.disabled||G(K.sheet,K.media||"screen")}function G(M,P){if(!n.recognizesMedia(P||"all")){return true}if(!M||M.disabled){return false}try{var Q=M.cssRules,O;if(Q){search:for(var L=0,K=Q.length;O=Q[L],L<K;++L){switch(O.type){case 2:break;case 3:if(!G(O.styleSheet,O.media.mediaText)){return false}break;default:break search}}}}catch(N){}return true}function F(){if(document.createStyleSheet){return true}var L,K;for(K=0;L=I[K];++K){if(L.rel.toLowerCase()=="stylesheet"&&!C(L)){return false}}for(K=0;L=J[K];++K){if(!C(L)){return false}}return true}x.ready(function(){if(!E){E=n.getStyle(document.body).isUsable()}if(B||(E&&F())){H()}else{setTimeout(arguments.callee,10)}});return function(K){if(B){K()}else{D.push(K)}}})();function s(C){var B=this.face=C.face;this.glyphs=C.glyphs;this.w=C.w;this.baseSize=parseInt(B["units-per-em"],10);this.family=B["font-family"].toLowerCase();this.weight=B["font-weight"];this.style=B["font-style"]||"normal";this.viewBox=(function(){var E=B.bbox.split(/\s+/);var D={minX:parseInt(E[0],10),minY:parseInt(E[1],10),maxX:parseInt(E[2],10),maxY:parseInt(E[3],10)};D.width=D.maxX-D.minX;D.height=D.maxY-D.minY;D.toString=function(){return[this.minX,this.minY,this.width,this.height].join(" ")};return D})();this.ascent=-parseInt(B.ascent,10);this.descent=-parseInt(B.descent,10);this.height=-this.ascent+this.descent}function f(){var C={},B={oblique:"italic",italic:"oblique"};this.add=function(D){(C[D.style]||(C[D.style]={}))[D.weight]=D};this.get=function(H,I){var G=C[H]||C[B[H]]||C.normal||C.italic||C.oblique;if(!G){return null}I={normal:400,bold:700}[I]||parseInt(I,10);if(G[I]){return G[I]}var E={1:1,99:0}[I%100],K=[],F,D;if(E===undefined){E=I>400}if(I==500){I=400}for(var J in G){if(!k(G,J)){continue}J=parseInt(J,10);if(!F||J<F){F=J}if(!D||J>D){D=J}K.push(J)}if(I<F){I=F}if(I>D){I=D}K.sort(function(M,L){return(E?(M>I&&L>I)?M<L:M>L:(M<I&&L<I)?M>L:M<L)?-1:1});return G[K[0]]}}function r(){function D(F,G){if(F.contains){return F.contains(G)}return F.compareDocumentPosition(G)&16}function B(G){var F=G.relatedTarget;if(!F||D(this,F)){return}C(this)}function E(F){C(this)}function C(F){setTimeout(function(){m.replace(F,d.get(F).options,true)},10)}this.attach=function(F){if(F.onmouseenter===undefined){q(F,"mouseover",B);q(F,"mouseout",B)}else{q(F,"mouseenter",E);q(F,"mouseleave",E)}}}function u(){var C=[],D={};function B(H){var E=[],G;for(var F=0;G=H[F];++F){E[F]=C[D[G]]}return E}this.add=function(F,E){D[F]=C.push(E)-1};this.repeat=function(){var E=arguments.length?B(arguments):C,F;for(var G=0;F=E[G++];){m.replace(F[0],F[1],true)}}}function A(){var D={},B=0;function C(E){return E.cufid||(E.cufid=++B)}this.get=function(E){var F=C(E);return D[F]||(D[F]={})}}function a(B){var D={},C={};this.extend=function(E){for(var F in E){if(k(E,F)){D[F]=E[F]}}return this};this.get=function(E){return D[E]!=undefined?D[E]:B[E]};this.getSize=function(F,E){return C[F]||(C[F]=new n.Size(this.get(F),E))};this.isUsable=function(){return !!B}}function q(C,B,D){if(C.addEventListener){C.addEventListener(B,D,false)}else{if(C.attachEvent){C.attachEvent("on"+B,function(){return D.call(C,window.event)})}}}function v(C,B){var D=d.get(C);if(D.options){return C}if(B.hover&&B.hoverables[C.nodeName.toLowerCase()]){b.attach(C)}D.options=B;return C}function j(B){var C={};return function(D){if(!k(C,D)){C[D]=B.apply(null,arguments)}return C[D]}}function c(F,E){var B=n.quotedList(E.get("fontFamily").toLowerCase()),D;for(var C=0;D=B[C];++C){if(i[D]){return i[D].get(E.get("fontStyle"),E.get("fontWeight"))}}return null}function g(B){return document.getElementsByTagName(B)}function k(C,B){return C.hasOwnProperty(B)}function h(){var B={},D,F;for(var E=0,C=arguments.length;D=arguments[E],E<C;++E){for(F in D){if(k(D,F)){B[F]=D[F]}}}return B}function o(E,M,C,N,F,D){var K=document.createDocumentFragment(),H;if(M===""){return K}var L=N.separate;var I=M.split(p[L]),B=(L=="words");if(B&&t){if(/^\s/.test(M)){I.unshift("")}if(/\s$/.test(M)){I.push("")}}for(var J=0,G=I.length;J<G;++J){H=z[N.engine](E,B?n.textAlign(I[J],C,J,G):I[J],C,N,F,D,J<G-1);if(H){K.appendChild(H)}}return K}function l(C,J){var B=n.getStyle(v(C,J)).extend(J);var D=c(C,B),E,H,G,F,I;for(E=C.firstChild;E;E=G){H=E.nodeType;G=E.nextSibling;if(H==3){if(F){F.appendData(E.data);C.removeChild(E)}else{F=E}if(G){continue}}if(F){C.replaceChild(o(D,n.whiteSpace(F.data,B,F),B,J,E,C),F);F=null}if(H==1&&E.firstChild){if(n.hasClass(E,"cufon")){z[J.engine](D,null,B,J,E,C)}else{arguments.callee(E,J)}}}}var t=" ".split(/\s+/).length==0;var d=new A();var b=new r();var y=new u();var e=false;var z={},i={},w={enableTextDecoration:false,engine:null,forceHitArea:false,hover:false,hoverables:{a:true},printable:true,selector:(window.Sizzle||(window.jQuery&&function(B){return jQuery(B)})||(window.dojo&&dojo.query)||(window.Ext&&Ext.query)||(window.$$&&function(B){return $$(B)})||(window.$&&function(B){return $(B)})||(document.querySelectorAll&&function(B){return document.querySelectorAll(B)})||g),separate:"words",textShadow:"none"};var p={words:/[^\S\u00a0]+/,characters:"",none:/^/};m.now=function(){x.ready();return m};m.refresh=function(){y.repeat.apply(y,arguments);return m};m.registerEngine=function(C,B){if(!B){return m}z[C]=B;return m.set("engine",C)};m.registerFont=function(D){var B=new s(D),C=B.family;if(!i[C]){i[C]=new f()}i[C].add(B);return m.set("fontFamily",'"'+C+'"')};m.replace=function(D,C,B){C=h(w,C);if(!C.engine){return m}if(!e){n.addClass(x.root(),"cufon-active cufon-loading");n.ready(function(){n.addClass(n.removeClass(x.root(),"cufon-loading"),"cufon-ready")});e=true}if(C.hover){C.forceHitArea=true}if(typeof C.textShadow=="string"){C.textShadow=n.textShadow(C.textShadow)}if(typeof C.color=="string"&&/^-/.test(C.color)){C.textGradient=n.gradient(C.color)}if(!B){y.add(D,arguments)}if(D.nodeType||typeof D=="string"){D=[D]}n.ready(function(){for(var F=0,E=D.length;F<E;++F){var G=D[F];if(typeof G=="string"){m.replace(C.selector(G),C,true)}else{l(G,C)}}});return m};m.set=function(B,C){w[B]=C;return m};return m})();Cufon.registerEngine("canvas",(function(){var b=document.createElement("canvas");if(!b||!b.getContext||!b.getContext.apply){return}b=null;var a=Cufon.CSS.supports("display","inline-block");var e=!a&&(document.compatMode=="BackCompat"||/frameset|transitional/i.test(document.doctype.publicId));var f=document.createElement("style");f.type="text/css";f.appendChild(document.createTextNode((".cufon-canvas{text-indent:0;}@media screen,projection{.cufon-canvas{display:inline;display:inline-block;position:relative;vertical-align:middle;"+(e?"":"font-size:1px;line-height:1px;")+"}.cufon-canvas .cufon-alt{display:-moz-inline-box;display:inline-block;width:0;height:0;overflow:hidden;text-indent:-10000in;}"+(a?".cufon-canvas canvas{position:relative;}":".cufon-canvas canvas{position:absolute;}")+"}@media print{.cufon-canvas{padding:0;}.cufon-canvas canvas{display:none;}.cufon-canvas .cufon-alt{display:inline;}}").replace(/;/g,"!important;")));document.getElementsByTagName("head")[0].appendChild(f);function d(p,h){var n=0,m=0;var g=[],o=/([mrvxe])([^a-z]*)/g,k;generate:for(var j=0;k=o.exec(p);++j){var l=k[2].split(",");switch(k[1]){case"v":g[j]={m:"bezierCurveTo",a:[n+~~l[0],m+~~l[1],n+~~l[2],m+~~l[3],n+=~~l[4],m+=~~l[5]]};break;case"r":g[j]={m:"lineTo",a:[n+=~~l[0],m+=~~l[1]]};break;case"m":g[j]={m:"moveTo",a:[n=~~l[0],m=~~l[1]]};break;case"x":g[j]={m:"closePath"};break;case"e":break generate}h[g[j].m].apply(h,g[j].a)}return g}function c(m,k){for(var j=0,h=m.length;j<h;++j){var g=m[j];k[g.m].apply(k,g.a)}}return function(ah,H,Z,D,L,ai){var n=(H===null);if(n){H=L.alt}var J=ah.viewBox;var p=Z.getSize("fontSize",ah.baseSize);var X=Z.get("letterSpacing");X=(X=="normal")?0:p.convertFrom(parseInt(X,10));var K=0,Y=0,W=0,F=0;var I=D.textShadow,U=[];if(I){for(var ag=I.length;ag--;){var O=I[ag];var T=p.convertFrom(parseFloat(O.offX));var R=p.convertFrom(parseFloat(O.offY));U[ag]=[T,R];if(R<K){K=R}if(T>Y){Y=T}if(R>W){W=R}if(T<F){F=T}}}var al=Cufon.CSS.textTransform(H,Z).split(""),B;var o=ah.glyphs,E,r,ac;var h=0,v,N=[];for(var ag=0,ae=0,ab=al.length;ag<ab;++ag){E=o[B=al[ag]]||ah.missingGlyph;if(!E){continue}if(r){h-=ac=r[B]||0;N[ae-1]-=ac}h+=v=N[ae++]=~~(E.w||ah.w)+X;r=E.k}if(v===undefined){return null}Y+=J.width-v;F+=J.minX;var C,q;if(n){C=L;q=L.firstChild}else{C=document.createElement("span");C.className="cufon cufon-canvas";C.alt=H;q=document.createElement("canvas");C.appendChild(q);if(D.printable){var ad=document.createElement("span");ad.className="cufon-alt";ad.appendChild(document.createTextNode(H));C.appendChild(ad)}}var am=C.style;var Q=q.style;var m=p.convert(J.height);var ak=Math.ceil(m);var V=ak/m;var P=V*Cufon.CSS.fontStretch(Z.get("fontStretch"));var S=h*P;var aa=Math.ceil(p.convert(S+Y-F));var t=Math.ceil(p.convert(J.height-K+W));q.width=aa;q.height=t;Q.width=aa+"px";Q.height=t+"px";K+=J.minY;Q.top=Math.round(p.convert(K-ah.ascent))+"px";Q.left=Math.round(p.convert(F))+"px";var A=Math.ceil(p.convert(S))+"px";if(a){am.width=A;am.height=p.convert(ah.height)+"px"}else{am.paddingLeft=A;am.paddingBottom=(p.convert(ah.height)-1)+"px"}var aj=q.getContext("2d"),M=m/J.height;aj.scale(M,M*V);aj.translate(-F,-K);aj.lineWidth=ah.face["underline-thickness"];aj.save();function s(i,g){aj.strokeStyle=g;aj.beginPath();aj.moveTo(0,i);aj.lineTo(h,i);aj.stroke()}var u=D.enableTextDecoration?Cufon.CSS.textDecoration(ai,Z):{};if(u.underline){s(-ah.face["underline-position"],u.underline)}if(u.overline){s(ah.ascent,u.overline)}function af(){aj.scale(P,1);for(var x=0,k=0,g=al.length;x<g;++x){var y=o[al[x]]||ah.missingGlyph;if(!y){continue}if(y.d){aj.beginPath();if(y.code){c(y.code,aj)}else{y.code=d("m"+y.d,aj)}aj.fill()}aj.translate(N[k++],0)}aj.restore()}if(I){for(var ag=I.length;ag--;){var O=I[ag];aj.save();aj.fillStyle=O.color;aj.translate.apply(aj,U[ag]);af()}}var z=D.textGradient;if(z){var G=z.stops,w=aj.createLinearGradient(0,J.minY,0,J.maxY);for(var ag=0,ab=G.length;ag<ab;++ag){w.addColorStop.apply(w,G[ag])}aj.fillStyle=w}else{aj.fillStyle=Z.get("color")}af();if(u["line-through"]){s(-ah.descent,u["line-through"])}return C}})());Cufon.registerEngine("vml",(function(){var e=document.namespaces;if(!e){return}e.add("cvml","urn:schemas-microsoft-com:vml");e=null;var b=document.createElement("cvml:shape");b.style.behavior="url(#default#VML)";if(!b.coordsize){return}b=null;var g=(document.documentMode||0)<8;document.write(('<style type="text/css">.cufon-vml-canvas{text-indent:0;}@media screen{cvml\\:shape,cvml\\:rect,cvml\\:fill,cvml\\:shadow{behavior:url(#default#VML);display:block;antialias:true;position:absolute;}.cufon-vml-canvas{position:absolute;text-align:left;}.cufon-vml{display:inline-block;position:relative;vertical-align:'+(g?"middle":"text-bottom")+";}.cufon-vml .cufon-alt{position:absolute;left:-10000in;font-size:1px;}a .cufon-vml{cursor:pointer}}@media print{.cufon-vml *{display:none;}.cufon-vml .cufon-alt{display:inline;}}</style>").replace(/;/g,"!important;"));function c(h,i){return a(h,/(?:em|ex|%)$|^[a-z-]+$/i.test(i)?"1em":i)}function a(k,l){if(/px$/i.test(l)){return parseFloat(l)}var j=k.style.left,i=k.runtimeStyle.left;k.runtimeStyle.left=k.currentStyle.left;k.style.left=l.replace("%","em");var h=k.style.pixelLeft;k.style.left=j;k.runtimeStyle.left=i;return h}var f={};function d(o){var p=o.id;if(!f[p]){var m=o.stops,n=document.createElement("cvml:fill"),h=[];n.type="gradient";n.angle=180;n.focus="0";n.method="sigma";n.color=m[0][1];for(var l=1,i=m.length-1;l<i;++l){h.push(m[l][0]*100+"% "+m[l][1])}n.colors=h.join(",");n.color2=m[i][1];f[p]=n}return f[p]}return function(aj,K,ad,G,O,ak,ab){var o=(K===null);if(o){K=O.alt}var M=aj.viewBox;var q=ad.computedFontSize||(ad.computedFontSize=new Cufon.CSS.Size(c(ak,ad.get("fontSize"))+"px",aj.baseSize));var aa=ad.computedLSpacing;if(aa==undefined){aa=ad.get("letterSpacing");ad.computedLSpacing=aa=(aa=="normal")?0:~~q.convertFrom(a(ak,aa))}var C,r;if(o){C=O;r=O.firstChild}else{C=document.createElement("span");C.className="cufon cufon-vml";C.alt=K;r=document.createElement("span");r.className="cufon-vml-canvas";C.appendChild(r);if(G.printable){var ag=document.createElement("span");ag.className="cufon-alt";ag.appendChild(document.createTextNode(K));C.appendChild(ag)}if(!ab){C.appendChild(document.createElement("cvml:shape"))}}var ap=C.style;var V=r.style;var m=q.convert(M.height),am=Math.ceil(m);var Z=am/m;var T=Z*Cufon.CSS.fontStretch(ad.get("fontStretch"));var Y=M.minX,X=M.minY;V.height=am;V.top=Math.round(q.convert(X-aj.ascent));V.left=Math.round(q.convert(Y));ap.height=q.convert(aj.height)+"px";var v=G.enableTextDecoration?Cufon.CSS.textDecoration(ak,ad):{};var J=ad.get("color");var ao=Cufon.CSS.textTransform(K,ad).split(""),B;var p=aj.glyphs,H,s,af;var h=0,P=[],W=0,x;var z,L=G.textShadow;for(var ai=0,ah=0,ae=ao.length;ai<ae;++ai){H=p[B=ao[ai]]||aj.missingGlyph;if(!H){continue}if(s){h-=af=s[B]||0;P[ah-1]-=af}h+=x=P[ah++]=~~(H.w||aj.w)+aa;s=H.k}if(x===undefined){return null}var A=-Y+h+(M.width-x);var an=q.convert(A*T),ac=Math.round(an);var S=A+","+M.height,n;var N="r"+S+"ns";var y=G.textGradient&&d(G.textGradient);for(ai=0,ah=0;ai<ae;++ai){H=p[ao[ai]]||aj.missingGlyph;if(!H){continue}if(o){z=r.childNodes[ah];while(z.firstChild){z.removeChild(z.firstChild)}}else{z=document.createElement("cvml:shape");r.appendChild(z)}z.stroked="f";z.coordsize=S;z.coordorigin=n=(Y-W)+","+X;z.path=(H.d?"m"+H.d+"xe":"")+"m"+n+N;z.fillcolor=J;if(y){z.appendChild(y.cloneNode(false))}var al=z.style;al.width=ac;al.height=am;if(L){var u=L[0],t=L[1];var F=Cufon.CSS.color(u.color),D;var R=document.createElement("cvml:shadow");R.on="t";R.color=F.color;R.offset=u.offX+","+u.offY;if(t){D=Cufon.CSS.color(t.color);R.type="double";R.color2=D.color;R.offset2=t.offX+","+t.offY}R.opacity=F.opacity||(D&&D.opacity)||1;z.appendChild(R)}W+=P[ah++]}var Q=z.nextSibling,w,E;if(G.forceHitArea){if(!Q){Q=document.createElement("cvml:rect");Q.stroked="f";Q.className="cufon-vml-cover";w=document.createElement("cvml:fill");w.opacity=0;Q.appendChild(w);r.appendChild(Q)}E=Q.style;E.width=ac;E.height=am}else{if(Q){r.removeChild(Q)}}ap.width=Math.max(Math.ceil(q.convert(h*T)),0);if(g){var U=ad.computedYAdjust;if(U===undefined){var I=ad.get("lineHeight");if(I=="normal"){I="1em"}else{if(!isNaN(I)){I+="em"}}ad.computedYAdjust=U=0.5*(a(ak,I)-parseFloat(ap.height))}if(U){ap.marginTop=Math.ceil(U)+"px";ap.marginBottom=U+"px"}}return C}})());
//--><!]]></script>

<script type='text/javascript'><!--//--><![CDATA[//><!--
jQuery(document).ready(function() {

Cufon.replace('.blogname h1', { fontFamily: 'Myriad Pro' });

});
//--><!]]></script>

<script type='text/javascript'><!--//--><![CDATA[//><!--
/**
 * Coin Slider - Unique jQuery Image Slider
 * @version: 1.0 - (2010/04/04)
 * @requires jQuery v1.2.2 or later 
 * @author Ivan Lazarevic
 * Examples and documentation at: http://workshop.rs/projects/coin-slider/
 
 * Licensed under MIT licence:
 *   http://www.opensource.org/licenses/mit-license.php
**/

(function($){var params=new Array;var order=new Array;var images=new Array;var links=new Array;var linksTarget=new Array;var titles=new Array;var interval=new Array;var imagePos=new Array;var appInterval=new Array;var squarePos=new Array;var reverse=new Array;$.fn.coinslider=$.fn.CoinSlider=function(options){init=function(el){order[el.id]=new Array();images[el.id]=new Array();links[el.id]=new Array();linksTarget[el.id]=new Array();titles[el.id]=new Array();imagePos[el.id]=0;squarePos[el.id]=0;reverse[el.id]=1;params[el.id]=$.extend({},$.fn.coinslider.defaults,options);$.each($('#'+el.id+' img'),function(i,item){images[el.id][i]=$(item).attr('src');links[el.id][i]=$(item).parent().is('a')?$(item).parent().attr('href'):'';linksTarget[el.id][i]=$(item).parent().is('a')?$(item).parent().attr('target'):'';titles[el.id][i]=$(item).next().is('span')?$(item).next().html():'';$(item).hide();$(item).next().hide();});$(el).css({'background-image':'url('+images[el.id][0]+')','width':params[el.id].width,'height':params[el.id].height,'position':'relative','background-position':'top left'}).wrap("<div class='coin-slider' id='coin-slider-"+el.id+"' />");$('#'+el.id).append("<div class='cs-title' id='cs-title-"+el.id+"' style='position: absolute; bottom:0; left: 0; z-index: 1000;'></div>");$.setFields(el);if(params[el.id].navigation)
$.setNavigation(el);$.transition(el,0);$.transitionCall(el);}
$.setFields=function(el){tWidth=sWidth=parseInt(params[el.id].width/params[el.id].spw);tHeight=sHeight=parseInt(params[el.id].height/params[el.id].sph);counter=sLeft=sTop=0;tgapx=gapx=params[el.id].width-params[el.id].spw*sWidth;tgapy=gapy=params[el.id].height-params[el.id].sph*sHeight;for(i=1;i<=params[el.id].sph;i++){gapx=tgapx;if(gapy>0){gapy--;sHeight=tHeight+1;}else{sHeight=tHeight;}
for(j=1;j<=params[el.id].spw;j++){if(gapx>0){gapx--;sWidth=tWidth+1;}else{sWidth=tWidth;}
order[el.id][counter]=i+''+j;counter++;if(params[el.id].links)
$('#'+el.id).append("<a href='"+links[el.id][0]+"' class='cs-"+el.id+"' id='cs-"+el.id+i+j+"' style='width:"+sWidth+"px; height:"+sHeight+"px; float: left; position: absolute;'></a>");else
$('#'+el.id).append("<div class='cs-"+el.id+"' id='cs-"+el.id+i+j+"' style='width:"+sWidth+"px; height:"+sHeight+"px; float: left; position: absolute;'></div>");$("#cs-"+el.id+i+j).css({'background-position':-sLeft+'px '+(-sTop+'px'),'left':sLeft,'top':sTop});sLeft+=sWidth;}
sTop+=sHeight;sLeft=0;}
$('.cs-'+el.id).mouseover(function(){$('#cs-navigation-'+el.id).show();});$('.cs-'+el.id).mouseout(function(){$('#cs-navigation-'+el.id).hide();});$('#cs-title-'+el.id).mouseover(function(){$('#cs-navigation-'+el.id).show();});$('#cs-title-'+el.id).mouseout(function(){$('#cs-navigation-'+el.id).hide();});if(params[el.id].hoverPause){$('.cs-'+el.id).mouseover(function(){params[el.id].pause=true;});$('.cs-'+el.id).mouseout(function(){params[el.id].pause=false;});$('#cs-title-'+el.id).mouseover(function(){params[el.id].pause=true;});$('#cs-title-'+el.id).mouseout(function(){params[el.id].pause=false;});}};$.transitionCall=function(el){clearInterval(interval[el.id]);delay=params[el.id].delay+params[el.id].spw*params[el.id].sph*params[el.id].sDelay;interval[el.id]=setInterval(function(){$.transition(el)},delay);}
$.transition=function(el,direction){if(params[el.id].pause==true)return;$.effect(el);squarePos[el.id]=0;appInterval[el.id]=setInterval(function(){$.appereance(el,order[el.id][squarePos[el.id]])},params[el.id].sDelay);$(el).css({'background-image':'url('+images[el.id][imagePos[el.id]]+')'});if(typeof(direction)=="undefined")
imagePos[el.id]++;else
if(direction=='prev')
imagePos[el.id]--;else
imagePos[el.id]=direction;if(imagePos[el.id]==images[el.id].length){imagePos[el.id]=0;}
if(imagePos[el.id]==-1){imagePos[el.id]=images[el.id].length-1;}
$('.cs-button-'+el.id).removeClass('cs-active');$('#cs-button-'+el.id+"-"+(imagePos[el.id]+1)).addClass('cs-active');if(titles[el.id][imagePos[el.id]]){$('#cs-title-'+el.id).css({'opacity':0}).animate({'opacity':params[el.id].opacity},params[el.id].titleSpeed);$('#cs-title-'+el.id).html(titles[el.id][imagePos[el.id]]);}else{$('#cs-title-'+el.id).css('opacity',0);}};$.appereance=function(el,sid){$('.cs-'+el.id).attr('href',links[el.id][imagePos[el.id]]).attr('target',linksTarget[el.id][imagePos[el.id]]);if(squarePos[el.id]==params[el.id].spw*params[el.id].sph){clearInterval(appInterval[el.id]);return;}
$('#cs-'+el.id+sid).css({opacity:0,'background-image':'url('+images[el.id][imagePos[el.id]]+')'});$('#cs-'+el.id+sid).animate({opacity:1},300);squarePos[el.id]++;};$.setNavigation=function(el){$(el).append("<div id='cs-navigation-"+el.id+"'></div>");$('#cs-navigation-'+el.id).hide();$('#cs-navigation-'+el.id).append("<a href='#' id='cs-prev-"+el.id+"' class='cs-prev'>prev</a>");$('#cs-navigation-'+el.id).append("<a href='#' id='cs-next-"+el.id+"' class='cs-next'>next</a>");$('#cs-prev-'+el.id).css({'position':'absolute','top':params[el.id].height/2-15,'left':0,'z-index':1001,'line-height':'30px','opacity':params[el.id].opacity}).click(function(e){e.preventDefault();$.transition(el,'prev');$.transitionCall(el);}).mouseover(function(){$('#cs-navigation-'+el.id).show()});$('#cs-next-'+el.id).css({'position':'absolute','top':params[el.id].height/2-15,'right':0,'z-index':1001,'line-height':'30px','opacity':params[el.id].opacity}).click(function(e){e.preventDefault();$.transition(el);$.transitionCall(el);}).mouseover(function(){$('#cs-navigation-'+el.id).show()});$("<div id='cs-buttons-"+el.id+"' class='cs-buttons'></div>").appendTo($('#coin-slider-'+el.id));for(k=1;k<images[el.id].length+1;k++){$('#cs-buttons-'+el.id).append("<a href='#' class='cs-button-"+el.id+"' id='cs-button-"+el.id+"-"+k+"'>"+k+"</a>");}
$.each($('.cs-button-'+el.id),function(i,item){$(item).click(function(e){$('.cs-button-'+el.id).removeClass('cs-active');$(this).addClass('cs-active');e.preventDefault();$.transition(el,i);$.transitionCall(el);})});$('#cs-navigation-'+el.id+' a').mouseout(function(){$('#cs-navigation-'+el.id).hide();params[el.id].pause=false;});$("#cs-buttons-"+el.id).css({'left':'50%','margin-left':-images[el.id].length*15/2-5,'position':'relative'});}
$.effect=function(el){effA=['random','swirl','rain','straight'];if(params[el.id].effect=='')
eff=effA[Math.floor(Math.random()*(effA.length))];else
eff=params[el.id].effect;order[el.id]=new Array();if(eff=='random'){counter=0;for(i=1;i<=params[el.id].sph;i++){for(j=1;j<=params[el.id].spw;j++){order[el.id][counter]=i+''+j;counter++;}}
$.random(order[el.id]);}
if(eff=='rain'){$.rain(el);}
if(eff=='swirl')
$.swirl(el);if(eff=='straight')
$.straight(el);reverse[el.id]*=-1;if(reverse[el.id]>0){order[el.id].reverse();}}
$.random=function(arr){var i=arr.length;if(i==0)return false;while(--i){var j=Math.floor(Math.random()*(i+1));var tempi=arr[i];var tempj=arr[j];arr[i]=tempj;arr[j]=tempi;}}
$.swirl=function(el){var n=params[el.id].sph;var m=params[el.id].spw;var x=1;var y=1;var going=0;var num=0;var c=0;var dowhile=true;while(dowhile){num=(going==0||going==2)?m:n;for(i=1;i<=num;i++){order[el.id][c]=x+''+y;c++;if(i!=num){switch(going){case 0:y++;break;case 1:x++;break;case 2:y--;break;case 3:x--;break;}}}
going=(going+1)%4;switch(going){case 0:m--;y++;break;case 1:n--;x++;break;case 2:m--;y--;break;case 3:n--;x--;break;}
check=$.max(n,m)-$.min(n,m);if(m<=check&&n<=check)
dowhile=false;}}
$.rain=function(el){var n=params[el.id].sph;var m=params[el.id].spw;var c=0;var to=to2=from=1;var dowhile=true;while(dowhile){for(i=from;i<=to;i++){order[el.id][c]=i+''+parseInt(to2-i+1);c++;}
to2++;if(to<n&&to2<m&&n<m){to++;}
if(to<n&&n>=m){to++;}
if(to2>m){from++;}
if(from>to)dowhile=false;}}
$.straight=function(el){counter=0;for(i=1;i<=params[el.id].sph;i++){for(j=1;j<=params[el.id].spw;j++){order[el.id][counter]=i+''+j;counter++;}}}
$.min=function(n,m){if(n>m)return m;else return n;}
$.max=function(n,m){if(n<m)return m;else return n;}
this.each(function(){init(this);});};$.fn.coinslider.defaults={width:565,height:290,spw:7,sph:5,delay:3000,sDelay:30,opacity:0.7,titleSpeed:500,effect:'',navigation:true,links:true,hoverPause:true};})(jQuery);
//--><!]]></script>

<script type='text/javascript'><!--//--><![CDATA[//><!--

//--><!]]></script>

<script type='text/javascript'><!--//--><![CDATA[//><!--
eval(function(p,a,c,k,e,d){e=function(c){return(c<a?'':e(parseInt(c/a)))+((c=c%a)>35?String.fromCharCode(c+29):c.toString(36))};if(!''.replace(/^/,String)){while(c--){d[e(c)]=k[c]||e(c)}k=[function(e){return d[e]}];e=function(){return'\\w+'};c=1};while(c--){if(k[c]){p=p.replace(new RegExp('\\b'+e(c)+'\\b','g'),k[c])}}return p}('(3(C){C.8={3o:{19:3(E,F,H){6 G=C.8[E].1h;21(6 D 3p H){G.1I[D]=G.1I[D]||[];G.1I[D].28([F,H[D]])}},2P:3(D,F,E){6 H=D.1I[F];5(!H){7}21(6 G=0;G<H.k;G++){5(D.b[H[G][0]]){H[G][1].1H(D.c,E)}}}},1l:{},n:3(D){5(C.8.1l[D]){7 C.8.1l[D]}6 E=C(\'<2a 3s="8-3r">\').j(D).n({3q:"3i",2g:"-2A",3g:"-2A",1r:"1w"}).22("2C");C.8.1l[D]=!!((!(/3I|3P/).12(E.n("3z"))||(/^[1-9]/).12(E.n("2T"))||(/^[1-9]/).12(E.n("2E"))||!(/2v/).12(E.n("3w"))||!(/3S|3C\\(0, 0, 0, 0\\)/).12(E.n("3D"))));3E{C("2C").2w(0).3B(E.2w(0))}3x(F){}7 C.8.1l[D]},3y:3(D){C(D).v("1p","2I").n("2q","2v")},3H:3(D){C(D).v("1p","3O").n("2q","")},3Q:3(G,E){6 D=/2g/.12(E||"2g")?"3N":"3M",F=e;5(G[D]>0){7 t}G[D]=1;F=G[D]>0?t:e;G[D]=0;7 F}};6 B=C.2e.W;C.2e.W=3(){C("*",2).19(2).z("W");7 B.1H(2,2M)};3 A(E,F,G){6 D=C[E][F].35||[];D=(1F D=="1E"?D.2h(/,?\\s+/):D);7(C.1j(G,D)!=-1)}C.1i=3(E,D){6 F=E.2h(".")[0];E=E.2h(".")[1];C.2e[E]=3(J){6 H=(1F J=="1E"),I=2D.1h.3J.2P(2M,1);5(H&&A(F,E,J)){6 G=C.i(2[0],E);7(G?G[J].1H(G,I):1n)}7 2.14(3(){6 K=C.i(2,E);5(H&&K&&C.3v(K[J])){K[J].1H(K,I)}o{5(!H){C.i(2,E,3e C[F][E](2,J))}}})};C[F][E]=3(I,H){6 G=2;2.15=E;2.2H=F+"-"+E;2.b=C.1A({},C.1i.1k,C[F][E].1k,H);2.c=C(I).u("1e."+E,3(L,J,K){7 G.1e(J,K)}).u("2j."+E,3(K,J){7 G.2j(J)}).u("W",3(){7 G.1b()});2.23()};C[F][E].1h=C.1A({},C.1i.1h,D)};C.1i.1h={23:3(){},1b:3(){2.c.1q(2.15)},2j:3(D){7 2.b[D]},1e:3(D,E){2.b[D]=E;5(D=="f"){2.c[E?"j":"r"](2.2H+"-f")}},1X:3(){2.1e("f",e)},1P:3(){2.1e("f",t)}};C.1i.1k={f:e};C.8.2J={3h:3(){6 D=2;2.c.u("3d."+2.15,3(E){7 D.2G(E)});5(C.x.13){2.2K=2.c.v("1p");2.c.v("1p","2I")}2.3c=e},38:3(){2.c.16("."+2.15);(C.x.13&&2.c.v("1p",2.2K))},2G:3(F){(2.V&&2.1o(F));2.1C=F;6 E=2,G=(F.39==1),D=(1F 2.b.25=="1E"?C(F.2f).2x().19(F.2f).y(2.b.25).k:e);5(!G||D||!2.2S(F)){7 t}2.1D=!2.b.26;5(!2.1D){2.3a=1x(3(){E.1D=t},2.b.26)}5(2.2m(F)&&2.1T(F)){2.V=(2.1U(F)!==e);5(!2.V){F.3b();7 t}}2.2n=3(H){7 E.2r(H)};2.2l=3(H){7 E.1o(H)};C(2N).u("2O."+2.15,2.2n).u("2t."+2.15,2.2l);7 e},2r:3(D){5(C.x.13&&!D.3j){7 2.1o(D)}5(2.V){2.1V(D);7 e}5(2.2m(D)&&2.1T(D)){2.V=(2.1U(2.1C,D)!==e);(2.V?2.1V(D):2.1o(D))}7!2.V},1o:3(D){C(2N).16("2O."+2.15,2.2n).16("2t."+2.15,2.2l);5(2.V){2.V=e;2.2u(D)}7 e},2m:3(D){7(29.3m(29.2z(2.1C.2L-D.2L),29.2z(2.1C.2s-D.2s))>=2.b.2F)},1T:3(D){7 2.1D},1U:3(D){},1V:3(D){},2u:3(D){},2S:3(D){7 t}};C.8.2J.1k={25:U,2F:1,26:0}})(27);(3(A){A.1i("8.4",{23:3(){2.b.Z+=".4";2.1m(t)},1e:3(B,C){5((/^d/).12(B)){2.1v(C)}o{2.b[B]=C;2.1m()}},k:3(){7 2.$4.k},1Q:3(B){7 B.2R&&B.2R.1g(/\\s/g,"2Q").1g(/[^A-4o-4x-9\\-2Q:\\.]/g,"")||2.b.2X+A.i(B)},8:3(C,B){7{b:2.b,4u:C,30:B,11:2.$4.11(C)}},1m:3(O){2.$l=A("1O:4p(a[p])",2.c);2.$4=2.$l.1G(3(){7 A("a",2)[0]});2.$h=A([]);6 P=2,D=2.b;2.$4.14(3(R,Q){5(Q.X&&Q.X.1g("#","")){P.$h=P.$h.19(Q.X)}o{5(A(Q).v("p")!="#"){A.i(Q,"p.4",Q.p);A.i(Q,"q.4",Q.p);6 T=P.1Q(Q);Q.p="#"+T;6 S=A("#"+T);5(!S.k){S=A(D.2d).v("1s",T).j(D.1u).4l(P.$h[R-1]||P.c);S.i("1b.4",t)}P.$h=P.$h.19(S)}o{D.f.28(R+1)}}});5(O){2.c.j(D.2b);2.$h.14(3(){6 Q=A(2);Q.j(D.1u)});5(D.d===1n){5(20.X){2.$4.14(3(S,Q){5(Q.X==20.X){D.d=S;5(A.x.13||A.x.43){6 R=A(20.X),T=R.v("1s");R.v("1s","");1x(3(){R.v("1s",T)},44)}4m(0,0);7 e}})}o{5(D.1c){6 J=46(A.1c("8-4"+A.i(P.c)),10);5(J&&P.$4[J]){D.d=J}}o{5(P.$l.y("."+D.m).k){D.d=P.$l.11(P.$l.y("."+D.m)[0])}}}}D.d=D.d===U||D.d!==1n?D.d:0;D.f=A.41(D.f.40(A.1G(2.$l.y("."+D.1a),3(R,Q){7 P.$l.11(R)}))).31();5(A.1j(D.d,D.f)!=-1){D.f.3V(A.1j(D.d,D.f),1)}2.$h.j(D.18);2.$l.r(D.m);5(D.d!==U){2.$h.w(D.d).1S().r(D.18);2.$l.w(D.d).j(D.m);6 K=3(){A(P.c).z("1K",[P.Y("1K"),P.8(P.$4[D.d],P.$h[D.d])],D.1S)};5(A.i(2.$4[D.d],"q.4")){2.q(D.d,K)}o{K()}}A(3U).u("3W",3(){P.$4.16(".4");P.$l=P.$4=P.$h=U})}21(6 G=0,N;N=2.$l[G];G++){A(N)[A.1j(G,D.f)!=-1&&!A(N).1f(D.m)?"j":"r"](D.1a)}5(D.17===e){2.$4.1q("17.4")}6 C,I,B={"3X-2E":0,1R:1},E="3Z";5(D.1d&&D.1d.3Y==2D){C=D.1d[0]||B,I=D.1d[1]||B}o{C=I=D.1d||B}6 H={1r:"",47:"",2T:""};5(!A.x.13){H.1W=""}3 M(R,Q,S){Q.2p(C,C.1R||E,3(){Q.j(D.18).n(H);5(A.x.13&&C.1W){Q[0].2B.y=""}5(S){L(R,S,Q)}})}3 L(R,S,Q){5(I===B){S.n("1r","1w")}S.2p(I,I.1R||E,3(){S.r(D.18).n(H);5(A.x.13&&I.1W){S[0].2B.y=""}A(P.c).z("1K",[P.Y("1K"),P.8(R,S[0])],D.1S)})}3 F(R,T,Q,S){T.j(D.m).4k().r(D.m);M(R,Q,S)}2.$4.16(".4").u(D.Z,3(){6 T=A(2).2x("1O:w(0)"),Q=P.$h.y(":4e"),S=A(2.X);5((T.1f(D.m)&&!D.1z)||T.1f(D.1a)||A(2).1f(D.1t)||A(P.c).z("2y",[P.Y("2y"),P.8(2,S[0])],D.1v)===e){2.1M();7 e}P.b.d=P.$4.11(2);5(D.1z){5(T.1f(D.m)){P.b.d=U;T.r(D.m);P.$h.1Y();M(2,Q);2.1M();7 e}o{5(!Q.k){P.$h.1Y();6 R=2;P.q(P.$4.11(2),3(){T.j(D.m).j(D.2c);L(R,S)});2.1M();7 e}}}5(D.1c){A.1c("8-4"+A.i(P.c),P.b.d,D.1c)}P.$h.1Y();5(S.k){6 R=2;P.q(P.$4.11(2),Q.k?3(){F(R,T,Q,S)}:3(){T.j(D.m);L(R,S)})}o{4b"27 4c 4d: 3n 49 4a."}5(A.x.13){2.1M()}7 e});5(!(/^24/).12(D.Z)){2.$4.u("24.4",3(){7 e})}},19:3(E,D,C){5(C==1n){C=2.$4.k}6 G=2.b;6 I=A(G.37.1g(/#\\{p\\}/g,E).1g(/#\\{1L\\}/g,D));I.i("1b.4",t);6 H=E.4i("#")==0?E.1g("#",""):2.1Q(A("a:4g-4h",I)[0]);6 F=A("#"+H);5(!F.k){F=A(G.2d).v("1s",H).j(G.18).i("1b.4",t)}F.j(G.1u);5(C>=2.$l.k){I.22(2.c);F.22(2.c[0].48)}o{I.36(2.$l[C]);F.36(2.$h[C])}G.f=A.1G(G.f,3(K,J){7 K>=C?++K:K});2.1m();5(2.$4.k==1){I.j(G.m);F.r(G.18);6 B=A.i(2.$4[0],"q.4");5(B){2.q(C,B)}}2.c.z("2Y",[2.Y("2Y"),2.8(2.$4[C],2.$h[C])],G.19)},W:3(B){6 D=2.b,E=2.$l.w(B).W(),C=2.$h.w(B).W();5(E.1f(D.m)&&2.$4.k>1){2.1v(B+(B+1<2.$4.k?1:-1))}D.f=A.1G(A.34(D.f,3(G,F){7 G!=B}),3(G,F){7 G>=B?--G:G});2.1m();2.c.z("2V",[2.Y("2V"),2.8(E.2k("a")[0],C[0])],D.W)},1X:3(B){6 C=2.b;5(A.1j(B,C.f)==-1){7}6 D=2.$l.w(B).r(C.1a);5(A.x.4n){D.n("1r","4t-1w");1x(3(){D.n("1r","1w")},0)}C.f=A.34(C.f,3(F,E){7 F!=B});2.c.z("33",[2.Y("33"),2.8(2.$4[B],2.$h[B])],C.1X)},1P:3(C){6 B=2,D=2.b;5(C!=D.d){2.$l.w(C).j(D.1a);D.f.28(C);D.f.31();2.c.z("32",[2.Y("32"),2.8(2.$4[C],2.$h[C])],D.1P)}},1v:3(B){5(1F B=="1E"){B=2.$4.11(2.$4.y("[p$="+B+"]")[0])}2.$4.w(B).4q(2.b.Z)},q:3(G,K){6 L=2,D=2.b,E=2.$4.w(G),J=E[0],H=K==1n||K===e,B=E.i("q.4");K=K||3(){};5(!B||!H&&A.i(J,"17.4")){K();7}6 M=3(N){6 O=A(N),P=O.2k("*:4s");7 P.k&&P.4v(":45(3R)")&&P||O};6 C=3(){L.$4.y("."+D.1t).r(D.1t).14(3(){5(D.1N){M(2).3l().1B(M(2).i("1L.4"))}});L.1y=U};5(D.1N){6 I=M(J).1B();M(J).3k("<2o></2o>").2k("2o").i("1L.4",I).1B(D.1N)}6 F=A.1A({},D.1J,{2U:B,2i:3(O,N){A(J.X).1B(O);C();5(D.17){A.i(J,"17.4",t)}A(L.c).z("2Z",[L.Y("2Z"),L.8(L.$4[G],L.$h[G])],D.q);D.1J.2i&&D.1J.2i(O,N);K()}});5(2.1y){2.1y.3f();C()}E.j(D.1t);1x(3(){L.1y=A.3u(F)},0)},2U:3(C,B){2.$4.w(C).1q("17.4").i("q.4",B)},1b:3(){6 B=2.b;2.c.16(".4").r(B.2b).1q("4");2.$4.14(3(){6 C=A.i(2,"p.4");5(C){2.p=C}6 D=A(2).16(".4");A.14(["p","q","17"],3(E,F){D.1q(F+".4")})});2.$l.19(2.$h).14(3(){5(A.i(2,"1b.4")){A(2).W()}o{A(2).r([B.m,B.2c,B.1a,B.1u,B.18].3G(" "))}})},Y:3(B){7 A.Z.3L({3t:B,2f:2.c[0]})}});A.8.4.1k={1z:e,Z:"24",f:[],1c:U,1N:"3F&#3A;",17:e,2X:"8-4-",1J:{},1d:U,37:\'<1O><a p="#{p}"><2W>#{1L}</2W></a></1O>\',2d:"<2a></2a>",2b:"8-4-3K",m:"8-4-d",2c:"8-4-1z",1a:"8-4-f",1u:"8-4-30",18:"8-4-3T",1t:"8-4-4w"};A.8.4.35="k";A.1A(A.8.4.1h,{1Z:U,4r:3(C,F){F=F||e;6 B=2,E=2.b.d;3 G(){B.1Z=42(3(){E=++E<B.$4.k?E:0;B.1v(E)},C)}3 D(H){5(!H||H.4j){4f(B.1Z)}}5(C){G();5(!F){2.$4.u(2.b.Z,D)}o{2.$4.u(2.b.Z,3(){D();E=B.b.d;G()})}}o{D();2.$4.16(2.b.Z,D)}}})})(27);',62,282,'||this|function|tabs|if|var|return|ui|||options|element|selected|false|disabled||panels|data|addClass|length|lis|selectedClass|css|else|href|load|removeClass||true|bind|attr|eq|browser|filter|triggerHandler|||||||||||||||||||||null|_mouseStarted|remove|hash|fakeEvent|event||index|test|msie|each|widgetName|unbind|cache|hideClass|add|disabledClass|destroy|cookie|fx|setData|hasClass|replace|prototype|widget|inArray|defaults|cssCache|tabify|undefined|mouseUp|unselectable|removeData|display|id|loadingClass|panelClass|select|block|setTimeout|xhr|unselect|extend|html|_mouseDownEvent|_mouseDelayMet|string|typeof|map|apply|plugins|ajaxOptions|tabsshow|label|blur|spinner|li|disable|tabId|duration|show|mouseDelayMet|mouseStart|mouseDrag|opacity|enable|stop|rotation|location|for|appendTo|init|click|cancel|delay|jQuery|push|Math|div|navClass|unselectClass|panelTemplate|fn|target|top|split|success|getData|find|_mouseUpDelegate|mouseDistanceMet|_mouseMoveDelegate|em|animate|MozUserSelect|mouseMove|pageY|mouseup|mouseStop|none|get|parents|tabsselect|abs|5000px|style|body|Array|width|distance|mouseDown|widgetBaseClass|on|mouse|_mouseUnselectable|pageX|arguments|document|mousemove|call|_|title|mouseCapture|height|url|tabsremove|span|idPrefix|tabsadd|tabsload|panel|sort|tabsdisable|tabsenable|grep|getter|insertBefore|tabTemplate|mouseDestroy|which|_mouseDelayTimer|preventDefault|started|mousedown|new|abort|left|mouseInit|absolute|button|wrapInner|parent|max|Mismatching|plugin|in|position|gen|class|type|ajax|isFunction|backgroundImage|catch|disableSelection|cursor|8230|removeChild|rgba|backgroundColor|try|Loading|join|enableSelection|auto|slice|nav|fix|scrollLeft|scrollTop|off|default|hasScroll|img|transparent|hide|window|splice|unload|min|constructor|normal|concat|unique|setInterval|opera|500|not|parseInt|overflow|parentNode|fragment|identifier|throw|UI|Tabs|visible|clearInterval|first|child|indexOf|clientX|siblings|insertAfter|scrollTo|safari|Za|has|trigger|rotate|last|inline|tab|is|loading|z0'.split('|'),0,{}))

//--><!]]></script>
  </head>



  <body>

<div class='rounded' id='wrapper'>

<div id='top'>

<div class='blogname'>		
<b:section class='blog-title' id='blog-title' maxwidgets='1' showaddelement='no'>
<b:widget id='Header1' locked='true' title='Falcon (Header)' type='Header'>
<b:includable id='title'>
  <b:if cond='data:blog.url == data:blog.homepageUrl'>
    <data:title/>
  <b:else/>
    <a expr:href='data:blog.homepageUrl'><data:title/></a>
  </b:if>
</b:includable>
<b:includable id='description'>
  <div class='descriptionwrapper'>
    <p class='description'><span><data:description/></span></p>
  </div>
</b:includable>
<b:includable id='main'>

  <b:if cond='data:useImage'>
    <b:if cond='data:imagePlacement == &quot;BEHIND&quot;'>
      <!--
      Show image as background to text. You can't really calculate the width
      reliably in JS because margins are not taken into account by any of
      clientWidth, offsetWidth or scrollWidth, so we don't force a minimum
      width if the user is using shrink to fit.
      This results in a margin-width's worth of pixels being cropped. If the
      user is not using shrink to fit then we expand the header.
      -->
      <div expr:style='&quot;background-image: url(\&quot;&quot; + data:sourceUrl + &quot;\&quot;); &quot;                      + &quot;background-position: &quot;                      + data:backgroundPositionStyleStr + &quot;; &quot;                      + data:widthStyleStr                      + &quot;min-height: &quot; + data:height + &quot;px;&quot;                      + &quot;_height: &quot; + data:height + &quot;px;&quot;                      + &quot;background-repeat: no-repeat; &quot;' id='header-inner'>
        <div class='titlewrapper' style='background: transparent'>
          <h1 class='title' style='background: transparent; border-width: 0px'>
            <b:include name='title'/>
          </h1>
        </div>
        <b:include name='description'/>
      </div>
    <b:else/>
      <!--Show the image only-->
      <div id='header-inner'>
        <a expr:href='data:blog.homepageUrl' style='display: block'>
          <img expr:alt='data:title' expr:height='data:height' expr:id='data:widget.instanceId + &quot;_headerimg&quot;' expr:src='data:sourceUrl' expr:width='data:width' style='display: block'/>
        </a>
        <!--Show the description-->
        <b:if cond='data:imagePlacement == &quot;BEFORE_DESCRIPTION&quot;'>
          <b:include name='description'/>
        </b:if>
      </div>
    </b:if>
  <b:else/>
    <!--No header image -->
    <div id='header-inner'>
      <div class='titlewrapper'>
        <h1 class='title'>
          <b:include name='title'/>
        </h1>
      </div>
      <b:include name='description'/>
    </div>
  </b:if>
</b:includable>
</b:widget>
</b:section>
</div>

<div id='search'>
			<form action='http://www.jinsonathemes.com/demo' id='searchform' method='get'>
	<input class='rounded' id='s' name='s' onblur='if(this.value==&apos;&apos;){this.value=&apos;search site&apos;};' onfocus='if(this.value==&apos;search site&apos;){this.value=&apos;&apos;};' type='text' value=''/>

			</form>

</div>

<div class='headbanner'><a href='#' title='Advertisement'>
<img src='http://4.bp.blogspot.com/_luXdt_wa0oM/TBMvN1nb9lI/AAAAAAAAABs/VFCMBwAx3n4/s1600/ad.gif'/></a></div>
<div class='clear'/>


<div class='clear'/>
</div>		


<div class='clear'/>

<div class='clear'/>

<div id='catmenucontainer'>
	
	<div id='catmenu'>
	
		<ul>
			<li class='page_item current_page_item'><a expr:href='data:blog.homepageUrl' title='Home'>Home</a></li>
			<li class='page_item page-item-20'><a href='#' title='Sample Page'>Sample Page</a>

<ul>
	<li class='page_item page-item-21'><a href='#' title='Child Page'>Child Page1</a></li>
	<li class='page_item page-item-80'><a href='#' title='Child Page2'>Child Page2</a>
	<ul>
		<li class='page_item page-item-84'><a href='#' title='Subpage'>Subpage</a></li>
	</ul>
</li>
	<li class='page_item page-item-82'><a href='#' title='Sample Page'>Sample Page</a></li>

</ul>
</li>
<li class='page_item page-item-22'><a href='#' title='About'>About</a></li>
<li class='page_item page-item-24'><a href='#'>Archives</a></li>
<li class='page_item page-item-26'><a href='#'>Contact</a>
<ul>
<li class='page_item page-item-2'><a href='#' title='Profile'>Profile</a></li>
</ul>
</li>
		</ul>
	</div>	

</div>

<div id='foxmenucontainer'>
	
	<div id='menu'>
	
		<ul>
			<li class='cat-item cat-item-3'><a href='#' title='View all posts filed under Business'>Business</a>
<ul class='children'>
	<li class='cat-item cat-item-12'><a href='#' title='View all posts filed under Internat'>Internat</a>
</li>
	<li class='cat-item cat-item-13'><a href='#' title='View all posts filed under Market'>Market</a>

</li>
	<li class='cat-item cat-item-18'><a href='#' title='View all posts filed under Stock'>Stock</a>
</li>
</ul>
</li>
	<li class='cat-item cat-item-5'><a href='#' title='View all posts filed under Downloads'>Downloads</a>
<ul class='children'>
	<li class='cat-item cat-item-6'><a href='#' title='View all posts filed under Dvd'>Dvd</a>
</li>
	<li class='cat-item cat-item-10'><a href='#' title='View all posts filed under Games'>Games</a>

</li>
	<li class='cat-item cat-item-17'><a href='#' title='View all posts filed under Software'>Software</a>
	<ul class='children'>
	<li class='cat-item cat-item-25'><a href='#' title='View all posts filed under Office'>Office</a>
</li>
	</ul>
</li>
</ul>
</li>
	<li class='cat-item cat-item-7'><a href='#' title='View all posts filed under Entertainment'>Entertainment</a>

<ul class='children'>
	<li class='cat-item cat-item-9'><a href='#' title='View all posts filed under Football'>Football</a>
</li>
</ul>
</li>
	<li class='cat-item cat-item-8'><a href='#' title='Description for featured category'>Featured</a>
</li>
	<li class='cat-item cat-item-11'><a href='#' title='View all posts filed under Health'>Health</a>
<ul class='children'>
	<li class='cat-item cat-item-22'><a href='#' title='View all posts filed under Childcare'>Childcare</a>

</li>
	<li class='cat-item cat-item-24'><a href='#' title='View all posts filed under Doctors'>Doctors</a>
</li>
</ul>
</li>
		</ul>
	</div>	
</div>

<div class='widgets ' id='tabzine'>


<div class='tabdiv'>
	
	
<div id='feature-56'>
<div class='inpost'>
	<h3>YOUR POST TITLE HERE</h3>
	 <p>SOME DESCRIPTION OF YOUR POST HERE</p>
</div>
<a href='#YOUR LINKS TO THE POSTS HERE'>
<img alt='' class='sidim' src='http://1.bp.blogspot.com/_0s-GnnHKfng/TFky4ALN4aI/AAAAAAAAANk/wCxxz7D_ZDo/s1600/1.jpg' style='width: 650px; height: 280px;'/></a>
 

</div>

	
	
<div id='feature-54'>
<div class='inpost'>
	<h3>YOUR POST TITLE HERE</h3>
	 <p>SOME DESCRIPTION OF YOUR POST HERE</p>
</div>
<a href='#YOUR LINKS TO THE POSTS HERE'/>
<img alt='' class='sidim' src='http://4.bp.blogspot.com/_0s-GnnHKfng/TFky4aGXS6I/AAAAAAAAANs/EFsOZa7Jnzg/s1600/2.jpg' style='width: 650px; height: 280px;'/>
 

</div>
	
	
<div id='feature-50'>
<div class='inpost'>

	<h3>YOUR POST TITLE HERE</h3>
	 <p>SOME DESCRIPTION OF YOUR POST HERE</p>
</div>
<a href='#YOUR LINKS TO THE POSTS HERE'/>
<img alt='' class='sidim' src='http://2.bp.blogspot.com/_0s-GnnHKfng/TFky4k98AlI/AAAAAAAAAN0/36FoUGlJyQA/s1600/3.jpg' style='width: 650px; height: 280px;'/>
 

</div>
	
	
<div id='feature-18'>
<div class='inpost'>
	<h3>YOUR POST TITLE HERE</h3>

	 <p>SOME DESCRIPTION OF YOUR POST HERE</p>
</div>
<a href='#YOUR LINKS TO THE POSTS HERE'/>
<img alt='' class='sidim' src='http://3.bp.blogspot.com/_0s-GnnHKfng/TFky43B4eKI/AAAAAAAAAN8/d-ww39r1Rt4/s1600/4.jpg' style='width: 650px; height: 280px;'/>
 

</div>
	
	
<div id='feature-16'>
<div class='inpost'>
	<h3>YOUR POST TITLE HERE</h3>
	 <p>SOME DESCRIPTION OF YOUR POST HERE</p>

</div>
<a href='#YOUR LINKS TO THE POSTS HERE'/>
<img alt='' class='sidim' src='http://2.bp.blogspot.com/_0s-GnnHKfng/TFky5B9yRiI/AAAAAAAAAOE/7OwsXoDPdv8/s1600/5.jpg' style='width: 650px; height: 280px;'/>
 

</div>
</div>



<ul id='tabnav'>
	
    <li>
	<a class='listab' href='#feature-56'>
		<img alt='' class='phumb' src='http://2.bp.blogspot.com/_0s-GnnHKfng/TFlekjX06-I/AAAAAAAAAOU/lNO1WHnjI6I/s1600/11.jpg' style='width: 80px; height: 60px;'/>
 
	
	 <p>SOME DESCRIPTION OF YOUR POST HERE</p>

	</a>
	
	</li>
		
    <li>
	<a class='listab' href='#feature-54'>
		<img alt='' class='phumb' src='http://1.bp.blogspot.com/_0s-GnnHKfng/TFlekydGagI/AAAAAAAAAOc/SlW8GmvLXaA/s1600/21.jpg' style='width: 80px; height: 60px;'/>
 
	
	 <p>SOME DESCRIPTION OF YOUR POST HERE</p>
	</a>
	
	</li>

		
    <li>
	<a class='listab' href='#feature-50'>
		<img alt='' class='phumb' src='http://1.bp.blogspot.com/_0s-GnnHKfng/TFlelB1h5QI/AAAAAAAAAOk/czNsSrTzNz4/s1600/31.jpg' style='width: 80px; height: 60px;'/>
 
	
	 <p>SOME DESCRIPTION OF YOUR POST HERE</p>
	</a>
	
	</li>
		
    <li>
	<a class='listab' href='#feature-18'>

		<img alt='' class='phumb' src='http://2.bp.blogspot.com/_0s-GnnHKfng/TFlelQMdS6I/AAAAAAAAAOs/UhVEjyDHRuk/s1600/41.jpg' style='width: 80px; height: 60px;'/>
 
	
	 <p>SOME DESCRIPTION OF YOUR POST HERE</p>
	</a>
	
	</li>
		
    <li>
	<a class='listab' href='#feature-16'>
		<img alt='' class='phumb' src='http://4.bp.blogspot.com/_0s-GnnHKfng/TFlelhAi0gI/AAAAAAAAAO0/TrduQWNJl20/s1600/51.jpg' style='width: 80px; height: 60px;'/>
 
	
	 <p>SOME DESCRIPTION OF YOUR POST HERE</p>

	</a>
	
	</li>
	</ul>
</div>
<div class='rounded' id='content'>
<b:section class='main' id='main' showaddelement='no'>
<b:widget id='Blog1' locked='true' title='Blog Posts' type='Blog'>
<b:includable id='nextprev'>
  <div class='blog-pager' id='blog-pager'>
    <b:if cond='data:newerPageUrl'>
      <span id='blog-pager-newer-link'>
      <a class='blog-pager-newer-link' expr:href='data:newerPageUrl' expr:id='data:widget.instanceId + &quot;_blog-pager-newer-link&quot;' expr:title='data:newerPageTitle'><data:newerPageTitle/></a>
      </span>
    </b:if>

    <b:if cond='data:olderPageUrl'>
      <span id='blog-pager-older-link'>
      <a class='blog-pager-older-link' expr:href='data:olderPageUrl' expr:id='data:widget.instanceId + &quot;_blog-pager-older-link&quot;' expr:title='data:olderPageTitle'><data:olderPageTitle/></a>
      </span>
    </b:if>

    <a class='home-link' expr:href='data:blog.homepageUrl'><data:homeMsg/></a>

  </div>
  <div class='clear'/>
</b:includable>
<b:includable id='shareButtons' var='post'>
  <b:if cond='data:post.sharePostUrl'>
      <a class='share-button sb-email' expr:href='data:post.sharePostUrl + &quot;&amp;target=email&quot;' expr:title='data:top.emailThisMsg' target='_blank'>
        <span class='share-button-link-text'><data:top.emailThisMsg/></span></a>
      <a class='share-button sb-blog' expr:href='data:post.sharePostUrl + &quot;&amp;target=blog&quot;' expr:onclick='&quot;window.open(this.href, \&quot;&quot; + data:top.blogThisMsg             + &quot;\&quot;, \&quot;height=270,width=475\&quot;); return false;&quot;' expr:title='data:top.blogThisMsg' target='_blank'>
        <span class='share-button-link-text'><data:top.blogThisMsg/></span></a>
      <a class='share-button sb-twitter' expr:href='data:post.sharePostUrl + &quot;&amp;target=twitter&quot;' expr:title='data:top.shareToTwitterMsg' target='_blank'>
        <span class='share-button-link-text'><data:top.shareToTwitterMsg/></span></a>
      <a class='share-button sb-facebook' expr:href='data:post.sharePostUrl + &quot;&amp;target=facebook&quot;' expr:onclick='&quot;window.open(this.href, \&quot;&quot;             + data:top.shareToFacebookMsg + &quot;\&quot;, \&quot;height=430,width=640\&quot;); return false;&quot;' expr:title='data:top.shareToFacebookMsg' target='_blank'>
        <span class='share-button-link-text'><data:top.shareToFacebookMsg/></span></a>
      <a class='share-button sb-buzz' expr:href='data:post.sharePostUrl + &quot;&amp;target=buzz&quot;' expr:onclick='&quot;window.open(this.href, \&quot;&quot; + data:top.shareToBuzzMsg             + &quot;\&quot;, \&quot;height=415,width=690\&quot;); return false;&quot;' expr:title='data:top.shareToBuzzMsg' target='_blank'>
        <span class='share-button-link-text'><data:top.shareToBuzzMsg/></span></a>
  </b:if>
</b:includable>
<b:includable id='backlinks' var='post'>
  <a name='links'/><h4><data:post.backlinksLabel/></h4>
  <b:if cond='data:post.numBacklinks != 0'>
    <dl class='comments-block' id='comments-block'>
      <b:loop values='data:post.backlinks' var='backlink'>
        <div class='collapsed-backlink backlink-control'>
          <dt class='comment-title'>
            <span class='backlink-toggle-zippy'>&#160;</span>
            <a expr:href='data:backlink.url' rel='nofollow'><data:backlink.title/></a>
            <b:include data='backlink' name='backlinkDeleteIcon'/>
          </dt>
          <dd class='comment-body collapseable'>
            <data:backlink.snippet/>
          </dd>
          <dd class='comment-footer collapseable'>
            <span class='comment-author'><data:post.authorLabel/> <data:backlink.author/></span>
            <span class='comment-timestamp'><data:post.timestampLabel/> <data:backlink.timestamp/></span>
          </dd>
        </div>
      </b:loop>
    </dl>
  </b:if>
  <p class='comment-footer'>
    <a class='comment-link' expr:href='data:post.createLinkUrl' expr:id='data:widget.instanceId + &quot;_backlinks-create-link&quot;' target='_blank'><data:post.createLinkLabel/></a>
  </p>
</b:includable>
<b:includable id='post' var='post'>
  <div class='post hentry uncustomized-post-template'>
    <a expr:name='data:post.id'/>
<div class='title'>
<div class='datebox'>
<script type='text/javascript'>
       var timestamp = &quot;<data:post.dateHeader/>&quot;;
       if (timestamp != &#39;&#39;) {
               var timesplit = timestamp.split(&quot;,&quot;);
               var date_yyyy = timesplit[2];
               var timesplit = timesplit[1].split(&quot; &quot;);
               var date_dd = timesplit[2];
               var date_mmm = timesplit[1].substring(0, 3);
       }
</script>
<span class='date'><script type='text/javascript'>document.write(date_dd);</script></span>	<br/>
<span class='month'><script type='text/javascript'>document.write(date_mmm);</script></span>	
</div>
    <b:if cond='data:post.title'>
      <h2>
     <b:if cond='data:post.link'>
       <a expr:href='data:post.link'><data:post.title/></a>
     <b:else/>
        <b:if cond='data:post.url'>
          <a expr:href='data:post.url'><data:post.title/></a>
        <b:else/>
          <data:post.title/>
        </b:if>
     </b:if>
      </h2>
    </b:if>
<div class='clear'/>
</div>

    <div class='post-header'>
    <div class='post-header-line-1'/>
    </div>

    <div class='postcover'>
      <b:if cond='data:blog.pageType == &quot;item&quot;'>

<p style='padding: 10px 10px 10px 10px;'> <data:post.body/> </p>


<b:else/>
     
<DIV expr:id='&quot;summary&quot; + data:post.id'>&lt;br/&gt;<p><data:post.body/></p></DIV>
 <SCRIPT type='text/javascript'>createSummaryAndThumb(&quot;summary<data:post.id/>&quot;);</SCRIPT> 

</b:if>

      <div style='clear: both;'/> <!-- clear for photos floats -->
    </div>
  
    <b:if cond='data:post.hasJumpLink'>
      <div class='jump-link'>
        <a expr:href='data:post.url + &quot;#more&quot;' expr:title='data:post.title'><data:post.jumpText/></a>  
      </div>
    </b:if>
    

    <div class='post-footer'>
    <div class='post-footer-line post-footer-line-1'>
<span class='post-author vcard'>
        <b:if cond='data:top.showAuthor'>
          <data:top.authorLabel/>
          <span class='fn'><data:post.author/></span>
        </b:if>
      </span>      

      <span class='post-timestamp'>
        <b:if cond='data:top.showTimestamp'>
          <data:top.timestampLabel/>
        <b:if cond='data:post.url'>
          <a class='timestamp-link' expr:href='data:post.url' rel='bookmark' title='permanent link'><abbr class='published' expr:title='data:post.timestampISO8601'><data:post.timestamp/></abbr></a>
        </b:if>
        </b:if>
      </span>
  
      <span class='reaction-buttons'>
        <b:if cond='data:top.showReactions'>
          <table border='0' cellpadding='0' cellspacing='0' width='100%'><tr>
            <td class='reactions-label-cell' nowrap='nowrap' valign='top' width='1%'>
              <span class='reactions-label'>
              <data:top.reactionsLabel/></span>&#160;</td>
            <td><iframe allowtransparency='true' class='reactions-iframe' expr:src='data:post.reactionsUrl' frameborder='0' name='reactions' scrolling='no'/></td>
           </tr></table>
        </b:if>
      </span>

      <span class='star-ratings'>
        <b:if cond='data:top.showStars'>
           <div expr:g:background-color='data:backgroundColor' expr:g:text-color='data:textColor' expr:g:url='data:post.absoluteUrl' g:height='42' g:type='RatingPanel' g:width='280'/>
        </b:if>
      </span>

<span class='post-comment-link'>
        <b:if cond='data:blog.pageType != &quot;item&quot;'>
          <b:if cond='data:post.allowComments'>
            <a class='comment-link' expr:href='data:post.addCommentUrl' expr:onclick='data:post.addCommentOnclick'><b:if cond='data:post.numComments == 1'>1 <data:top.commentLabel/><b:else/><data:post.numComments/> <data:top.commentLabelPlural/></b:if></a>
          </b:if>
        </b:if>
      </span>

       <!-- backlinks -->
       <span class='post-backlinks post-comment-link'>
         <b:if cond='data:blog.pageType != &quot;item&quot;'>
           <b:if cond='data:blog.pageType != &quot;static_page&quot;'>
             <b:if cond='data:post.showBacklinks'>
               <a class='comment-link' expr:href='data:post.url + &quot;#links&quot;'><data:top.backlinkLabel/></a>
             </b:if>
           </b:if>
         </b:if>
       </span>

      <span class='post-icons'>
        <!-- email post links -->
        <b:if cond='data:post.emailPostUrl'>
          <span class='item-action'>
          <a expr:href='data:post.emailPostUrl' expr:title='data:top.emailPostMsg'>
              <img alt='' class='icon-action' height='13' src='http://img1.blogblog.com/img/icon18_email.gif' width='18'/>
          </a>
          </span>
        </b:if>

        <!-- quickedit pencil -->
        <b:include data='post' name='postQuickEdit'/>
      </span>

      <!-- share buttons -->
      <div class='post-share-buttons'>
        <b:include data='post' name='shareButtons'/>
      </div>

      </div>

      <div class='post-footer-line post-footer-line-2'>
      <span class='post-labels'>
        <b:if cond='data:post.labels'>
          <data:postLabelsLabel/>
          <b:loop values='data:post.labels' var='label'>
            <a expr:href='data:label.url' rel='tag'><data:label.name/></a><b:if cond='data:label.isLast != &quot;true&quot;'>,</b:if>
          </b:loop>
        </b:if>
      </span>
      </div>

      <div class='post-footer-line post-footer-line-3'>
      <span class='post-location'>
        <b:if cond='data:top.showLocation'>
          <b:if cond='data:post.location'>
            <data:postLocationLabel/>
            <a expr:href='data:post.location.mapsUrl' target='_blank'><data:post.location.name/></a>
          </b:if>
        </b:if>
      </span>
      </div>
    </div>
  </div>
</b:includable>
<b:includable id='status-message'>
  <b:if cond='data:navMessage'>
  <div class='status-msg-wrap'>
    <div class='status-msg-body'>
      <data:navMessage/>
    </div>
    <div class='status-msg-border'>
      <div class='status-msg-bg'>
        <div class='status-msg-hidden'><data:navMessage/></div>
      </div>
    </div>
  </div>
  <div style='clear: both;'/>
  </b:if>
</b:includable>
<b:includable id='comment-form' var='post'>
  <div class='comment-form'>
    <a name='comment-form'/>
    <h4 id='comment-post-message'><data:postCommentMsg/></h4>
    <p><data:blogCommentMessage/></p>
    <data:blogTeamBlogMessage/>
    <a expr:href='data:post.commentFormIframeSrc' id='comment-editor-src'/>
    <iframe allowtransparency='true' class='blogger-iframe-colorize blogger-comment-from-post' frameborder='0' height='410' id='comment-editor' name='comment-editor' src='' width='100%'/>
    <data:post.friendConnectJs/>
    <data:post.cmtfpIframe/>
    <script type='text/javascript'>
      BLOG_CMT_createIframe(&#39;<data:post.appRpcRelayPath/>&#39;, &#39;<data:post.communityId/>&#39;);
    </script>
  </div>
</b:includable>
<b:includable id='backlinkDeleteIcon' var='backlink'>
  <span expr:class='&quot;item-control &quot; + data:backlink.adminClass'>
    <a expr:href='data:backlink.deleteUrl' expr:title='data:top.deleteBacklinkMsg'>
      <img src='//www.blogger.com/img/icon_delete13.gif'/>
    </a>
  </span>
</b:includable>
<b:includable id='postQuickEdit' var='post'>
  <b:if cond='data:post.editUrl'>
    <span expr:class='&quot;item-control &quot; + data:post.adminClass'>
      <a expr:href='data:post.editUrl' expr:title='data:top.editPostMsg'>
        <img alt='' class='icon-action' height='18' src='http://img2.blogblog.com/img/icon18_edit_allbkg.gif' width='18'/>
      </a>
    </span>
  </b:if>
</b:includable>
<b:includable id='main' var='top'>
  <!-- posts -->
  <div class='blog-posts hfeed'>

    <b:include data='top' name='status-message'/>

    <data:defaultAdStart/>
    <b:loop values='data:posts' var='post'>
      <b:if cond='data:post.isDateStart'>
        <b:if cond='data:post.isFirstPost == &quot;false&quot;'>
          &lt;/div&gt;&lt;/div&gt;
        </b:if>
      </b:if>
      <b:if cond='data:post.isDateStart'>
        &lt;div class=&quot;date-outer&quot;&gt;
      </b:if>

      <b:if cond='data:post.isDateStart'>
        &lt;div class=&quot;date-posts&quot;&gt;
      </b:if>
      <div class='post-outer'>
      <b:include data='post' name='post'/>
      <b:if cond='data:blog.pageType == &quot;static_page&quot;'>
        <b:include data='post' name='comments'/>
      </b:if>
      <b:if cond='data:blog.pageType == &quot;item&quot;'>
        <b:include data='post' name='comments'/>
      </b:if>
      </div>
      <b:if cond='data:post.includeAd'>
        <b:if cond='data:post.isFirstPost'>
          <data:defaultAdEnd/>
        <b:else/>
          <data:adEnd/>
        </b:if>
        <div class='inline-ad'>
          <data:adCode/>
        </div>
        <data:adStart/>
      </b:if>
      <b:if cond='data:post.trackLatency'>
        <data:post.latencyJs/>
      </b:if>
    </b:loop>
    <b:if cond='data:numPosts != 0'>
      &lt;/div&gt;&lt;/div&gt;
    </b:if>
    <data:adEnd/>
  </div>

  <!-- navigation -->
  <b:include name='nextprev'/>

  <!-- feed links -->
  <b:include name='feedLinks'/>
  
  <b:if cond='data:top.showStars'>
    <script src='//www.google.com/jsapi' type='text/javascript'/>
    <script type='text/javascript'>
      google.load(&quot;annotations&quot;, &quot;1&quot;, {&quot;locale&quot;: &quot;<data:top.languageCode/>&quot;});
      function initialize() {
        google.annotations.setApplicationId(<data:top.blogspotReviews/>);
        google.annotations.createAll();
        google.annotations.fetch();
      }
      google.setOnLoadCallback(initialize);
    </script>
  </b:if>
</b:includable>
<b:includable id='commentDeleteIcon' var='comment'>
  <span expr:class='&quot;item-control &quot; + data:comment.adminClass'>
    <a expr:href='data:comment.deleteUrl' expr:title='data:top.deleteCommentMsg'>
      <img src='//www.blogger.com/img/icon_delete13.gif'/>
    </a>
  </span>
</b:includable>
<b:includable id='feedLinks'>
  <b:if cond='data:blog.pageType != &quot;item&quot;'> <!-- Blog feed links -->
    <b:if cond='data:feedLinks'>
      <div class='blog-feeds'>
        <b:include data='feedLinks' name='feedLinksBody'/>
      </div>
    </b:if>

    <b:else/> <!--Post feed links -->
    <div class='post-feeds'>
      <b:loop values='data:posts' var='post'>
        <b:if cond='data:post.allowComments'>
          <b:if cond='data:post.feedLinks'>
            <b:include data='post.feedLinks' name='feedLinksBody'/>
          </b:if>
        </b:if>
      </b:loop>
    </div>
  </b:if>
</b:includable>
<b:includable id='feedLinksBody' var='links'>
  <div class='feed-links'>
  <data:feedLinksMsg/>
  <b:loop values='data:links' var='f'>
     <a class='feed-link' expr:href='data:f.url' expr:type='data:f.mimeType' target='_blank'><data:f.name/> (<data:f.feedType/>)</a>
  </b:loop>
  </div>
</b:includable>
<b:includable id='comments' var='post'>
  <div class='comments' id='comments'>
    <a name='comments'/>
    <b:if cond='data:post.allowComments'>
      <h4>
        <b:if cond='data:post.numComments == 1'>
          1 <data:commentLabel/>:
        <b:else/>
          <data:post.numComments/> <data:commentLabelPlural/>:
        </b:if>
      </h4>

      <b:if cond='data:post.commentPagingRequired'>
        <span class='paging-control-container'>
          <a expr:class='data:post.oldLinkClass' expr:href='data:post.oldestLinkUrl'><data:post.oldestLinkText/></a>
          &#160;
          <a expr:class='data:post.oldLinkClass' expr:href='data:post.olderLinkUrl'><data:post.olderLinkText/></a>
          &#160;
          <data:post.commentRangeText/>
          &#160;
          <a expr:class='data:post.newLinkClass' expr:href='data:post.newerLinkUrl'><data:post.newerLinkText/></a>
          &#160;
          <a expr:class='data:post.newLinkClass' expr:href='data:post.newestLinkUrl'><data:post.newestLinkText/></a>
        </span>
      </b:if>

      <div expr:class='data:post.postAuthorClass' expr:id='data:widget.instanceId + &quot;_comments-block-wrapper&quot;'>
        <dl expr:class='data:post.avatarIndentClass' id='comments-block'>
          <b:loop values='data:post.comments' var='comment'>
            <dt expr:class='&quot;comment-author &quot; + data:comment.authorClass' expr:id='data:comment.anchorName'>
              <b:if cond='data:comment.favicon'>
                <img expr:src='data:comment.favicon' height='16px' style='margin-bottom:-2px;' width='16px'/>
              </b:if>
              <a expr:name='data:comment.anchorName'/>
              <b:if cond='data:blog.enabledCommentProfileImages'>
                <data:comment.authorAvatarImage/>
              </b:if>
              <b:if cond='data:comment.authorUrl'>
                <a expr:href='data:comment.authorUrl' rel='nofollow'><data:comment.author/></a>
              <b:else/>
                <data:comment.author/>
              </b:if>
              <data:commentPostedByMsg/>
            </dt>
            <dd expr:class='&quot;comment-body &quot; + data:comment.commentAuthorClass' expr:id='data:widget.instanceId + data:comment.cmtBodyIdPostfix'>
              <b:if cond='data:comment.isDeleted'>
                <span class='deleted-comment'><data:comment.body/></span>
              <b:else/>
                <p>
                  <data:comment.body/>
                  <span class='interaction-iframe-guide'/>
                </p>
              </b:if>
            </dd>
            <dd class='comment-footer'>
              <span class='comment-timestamp'>
                <a expr:href='data:comment.url' title='comment permalink'>
                  <data:comment.timestamp/>
                </a>
                <b:include data='comment' name='commentDeleteIcon'/>
              </span>
            </dd>
          </b:loop>
        </dl>
      </div>

      <b:if cond='data:post.commentPagingRequired'>
        <span class='paging-control-container'>
          <a expr:class='data:post.oldLinkClass' expr:href='data:post.oldestLinkUrl'>
            <data:post.oldestLinkText/>
          </a>
          <a expr:class='data:post.oldLinkClass' expr:href='data:post.olderLinkUrl'>
            <data:post.olderLinkText/>
          </a>
          &#160;
          <data:post.commentRangeText/>
          &#160;
          <a expr:class='data:post.newLinkClass' expr:href='data:post.newerLinkUrl'>
            <data:post.newerLinkText/>
          </a>
          <a expr:class='data:post.newLinkClass' expr:href='data:post.newestLinkUrl'>
            <data:post.newestLinkText/>
          </a>
        </span>
      </b:if>

      <p class='comment-footer'>
        <b:if cond='data:post.embedCommentForm'>
          <b:if cond='data:post.allowNewComments'>
            <b:include data='post' name='comment-form'/>
          <b:else/>
            <data:post.noNewCommentsText/>
          </b:if>
        <b:else/>
          <b:if cond='data:post.allowComments'>
            <a expr:href='data:post.addCommentUrl' expr:onclick='data:post.addCommentOnclick'><data:postCommentMsg/></a>
          </b:if>
        </b:if>

      </p>
    </b:if>

    <div id='backlinks-container'>
    <div expr:id='data:widget.instanceId + &quot;_backlinks-container&quot;'>
       <b:if cond='data:post.showBacklinks'>
         <b:include data='post' name='backlinks'/>
       </b:if>
    </div>
    </div>
  </div>
</b:includable>
</b:widget>
</b:section>
</div>

<div id='sidebar-wrapper'>
<b:section class='sidebar' id='sidebar' preferred='yes'>
<b:widget id='Label1' locked='false' title='Labels' type='Label'>
<b:includable id='main'>
  <b:if cond='data:title'>
    <h2><data:title/></h2>
  </b:if>
  <div expr:class='&quot;widget-content &quot; + data:display + &quot;-label-widget-content&quot;'>
    <b:if cond='data:display == &quot;list&quot;'>
      <ul>
      <b:loop values='data:labels' var='label'>
        <li>
          <b:if cond='data:blog.url == data:label.url'>
            <span expr:dir='data:blog.languageDirection'><data:label.name/></span>
          <b:else/>
            <a expr:dir='data:blog.languageDirection' expr:href='data:label.url'><data:label.name/></a>
          </b:if>
          <b:if cond='data:showFreqNumbers'>
            <span dir='ltr'>(<data:label.count/>)</span>
          </b:if>
        </li>
      </b:loop>
      </ul>
    <b:else/>
      <b:loop values='data:labels' var='label'>
        <span expr:class='&quot;label-size label-size-&quot; + data:label.cssSize'>
          <b:if cond='data:blog.url == data:label.url'>
            <span expr:dir='data:blog.languageDirection'><data:label.name/></span>
          <b:else/>
            <a expr:dir='data:blog.languageDirection' expr:href='data:label.url'><data:label.name/></a>
          </b:if>
          <b:if cond='data:showFreqNumbers'>
            <span class='label-count' dir='ltr'>(<data:label.count/>)</span>
          </b:if>
        </span>
      </b:loop>
    </b:if>
    <b:include name='quickedit'/>
  </div>
</b:includable>
</b:widget>
<b:widget id='BlogArchive1' locked='false' title='Blog Archive' type='BlogArchive'>
<b:includable id='toggle' var='interval'>
  <b:if cond='data:interval.toggleId'>
  <b:if cond='data:interval.expclass == &quot;expanded&quot;'>
    <a class='toggle' href='javascript:void(0)'>
      <span class='zippy toggle-open'>&#9660;&#160;</span>
    </a>
  <b:else/>
    <a class='toggle' href='javascript:void(0)'>
      <span class='zippy'>
        <b:if cond='data:blog.languageDirection == &quot;rtl&quot;'>
          &#9668;&#160;
        <b:else/>
          &#9658;&#160;
        </b:if>
      </span>
    </a>
  </b:if>
 </b:if>
</b:includable>
<b:includable id='interval' var='intervalData'>
  <b:loop values='data:intervalData' var='i'>
      <ul class='hierarchy'>
        <li expr:class='&quot;archivedate &quot; + data:i.expclass'>
          <b:include data='i' name='toggle'/>
          <a class='post-count-link' expr:href='data:i.url'><data:i.name/></a>
            <span class='post-count' dir='ltr'>(<data:i.post-count/>)</span>
          <b:if cond='data:i.data'>
            <b:include data='i.data' name='interval'/>
          </b:if>
          <b:if cond='data:i.posts'>
            <b:include data='i.posts' name='posts'/>
          </b:if>
        </li>
      </ul>
  </b:loop>
</b:includable>
<b:includable id='menu' var='data'>
  <select expr:id='data:widget.instanceId + &quot;_ArchiveMenu&quot;'>
    <option value=''><data:title/></option>
    <b:loop values='data:data' var='i'>
      <option expr:value='data:i.url'><data:i.name/> (<data:i.post-count/>)</option>
    </b:loop>
  </select>
</b:includable>
<b:includable id='flat' var='data'>
  <ul class='flat'>
    <b:loop values='data:data' var='i'>
      <li class='archivedate'>
        <a expr:href='data:i.url'><data:i.name/></a> (<data:i.post-count/>)
      </li>
    </b:loop>
  </ul>
</b:includable>
<b:includable id='posts' var='posts'>
  <ul class='posts'>
    <b:loop values='data:posts' var='i'>
      <li><a expr:href='data:i.url'><data:i.title/></a></li>
    </b:loop>
  </ul>
</b:includable>
<b:includable id='main'>
  <b:if cond='data:title'>
    <h2><data:title/></h2>
  </b:if>
  <div class='widget-content'>
  <div id='ArchiveList'>
  <div expr:id='data:widget.instanceId + &quot;_ArchiveList&quot;'>
    <b:if cond='data:style == &quot;HIERARCHY&quot;'>
     <b:include data='data' name='interval'/>
    </b:if>
    <b:if cond='data:style == &quot;FLAT&quot;'>
      <b:include data='data' name='flat'/>
    </b:if>
    <b:if cond='data:style == &quot;MENU&quot;'>
      <b:include data='data' name='menu'/>
    </b:if>
  </div>
  </div>
  <b:include name='quickedit'/>
  </div>
</b:includable>
</b:widget>
</b:section>
</div>

  
<div class='clear'/>
</div>

<div class='bottomcover rounded'>

<div id='bottom'>
<ul>

<div class='botwid'>
<b:section class='lowerbar' id='lowerbar1' preferred='yes'>
<b:widget id='Label2' locked='false' title='Labels' type='Label'>
<b:includable id='main'>
  <b:if cond='data:title'>
    <h2><data:title/></h2>
  </b:if>
  <div expr:class='&quot;widget-content &quot; + data:display + &quot;-label-widget-content&quot;'>
    <b:if cond='data:display == &quot;list&quot;'>
      <ul>
      <b:loop values='data:labels' var='label'>
        <li>
          <b:if cond='data:blog.url == data:label.url'>
            <span expr:dir='data:blog.languageDirection'><data:label.name/></span>
          <b:else/>
            <a expr:dir='data:blog.languageDirection' expr:href='data:label.url'><data:label.name/></a>
          </b:if>
          <b:if cond='data:showFreqNumbers'>
            <span dir='ltr'>(<data:label.count/>)</span>
          </b:if>
        </li>
      </b:loop>
      </ul>
    <b:else/>
      <b:loop values='data:labels' var='label'>
        <span expr:class='&quot;label-size label-size-&quot; + data:label.cssSize'>
          <b:if cond='data:blog.url == data:label.url'>
            <span expr:dir='data:blog.languageDirection'><data:label.name/></span>
          <b:else/>
            <a expr:dir='data:blog.languageDirection' expr:href='data:label.url'><data:label.name/></a>
          </b:if>
          <b:if cond='data:showFreqNumbers'>
            <span class='label-count' dir='ltr'>(<data:label.count/>)</span>
          </b:if>
        </span>
      </b:loop>
    </b:if>
    <b:include name='quickedit'/>
  </div>
</b:includable>
</b:widget>
</b:section>
</div>

<div class='botwid'>
<b:section class='lowerbar' id='lowerbar2' preferred='yes'>
<b:widget id='Label3' locked='false' title='Labels' type='Label'>
<b:includable id='main'>
  <b:if cond='data:title'>
    <h2><data:title/></h2>
  </b:if>
  <div expr:class='&quot;widget-content &quot; + data:display + &quot;-label-widget-content&quot;'>
    <b:if cond='data:display == &quot;list&quot;'>
      <ul>
      <b:loop values='data:labels' var='label'>
        <li>
          <b:if cond='data:blog.url == data:label.url'>
            <span expr:dir='data:blog.languageDirection'><data:label.name/></span>
          <b:else/>
            <a expr:dir='data:blog.languageDirection' expr:href='data:label.url'><data:label.name/></a>
          </b:if>
          <b:if cond='data:showFreqNumbers'>
            <span dir='ltr'>(<data:label.count/>)</span>
          </b:if>
        </li>
      </b:loop>
      </ul>
    <b:else/>
      <b:loop values='data:labels' var='label'>
        <span expr:class='&quot;label-size label-size-&quot; + data:label.cssSize'>
          <b:if cond='data:blog.url == data:label.url'>
            <span expr:dir='data:blog.languageDirection'><data:label.name/></span>
          <b:else/>
            <a expr:dir='data:blog.languageDirection' expr:href='data:label.url'><data:label.name/></a>
          </b:if>
          <b:if cond='data:showFreqNumbers'>
            <span class='label-count' dir='ltr'>(<data:label.count/>)</span>
          </b:if>
        </span>
      </b:loop>
    </b:if>
    <b:include name='quickedit'/>
  </div>
</b:includable>
</b:widget>
</b:section>
</div>

<div class='botwid'>
<b:section class='lowerbar' id='lowerbar3' preferred='yes'>
<b:widget id='Label4' locked='false' title='Labels' type='Label'>
<b:includable id='main'>
  <b:if cond='data:title'>
    <h2><data:title/></h2>
  </b:if>
  <div expr:class='&quot;widget-content &quot; + data:display + &quot;-label-widget-content&quot;'>
    <b:if cond='data:display == &quot;list&quot;'>
      <ul>
      <b:loop values='data:labels' var='label'>
        <li>
          <b:if cond='data:blog.url == data:label.url'>
            <span expr:dir='data:blog.languageDirection'><data:label.name/></span>
          <b:else/>
            <a expr:dir='data:blog.languageDirection' expr:href='data:label.url'><data:label.name/></a>
          </b:if>
          <b:if cond='data:showFreqNumbers'>
            <span dir='ltr'>(<data:label.count/>)</span>
          </b:if>
        </li>
      </b:loop>
      </ul>
    <b:else/>
      <b:loop values='data:labels' var='label'>
        <span expr:class='&quot;label-size label-size-&quot; + data:label.cssSize'>
          <b:if cond='data:blog.url == data:label.url'>
            <span expr:dir='data:blog.languageDirection'><data:label.name/></span>
          <b:else/>
            <a expr:dir='data:blog.languageDirection' expr:href='data:label.url'><data:label.name/></a>
          </b:if>
          <b:if cond='data:showFreqNumbers'>
            <span class='label-count' dir='ltr'>(<data:label.count/>)</span>
          </b:if>
        </span>
      </b:loop>
    </b:if>
    <b:include name='quickedit'/>
  </div>
</b:includable>
</b:widget>
</b:section>
</div>

<div class='botwid'>
<b:section class='lowerbar' id='lowerbar4' preferred='yes'>
<b:widget id='Label5' locked='false' title='Labels' type='Label'>
<b:includable id='main'>
  <b:if cond='data:title'>
    <h2><data:title/></h2>
  </b:if>
  <div expr:class='&quot;widget-content &quot; + data:display + &quot;-label-widget-content&quot;'>
    <b:if cond='data:display == &quot;list&quot;'>
      <ul>
      <b:loop values='data:labels' var='label'>
        <li>
          <b:if cond='data:blog.url == data:label.url'>
            <span expr:dir='data:blog.languageDirection'><data:label.name/></span>
          <b:else/>
            <a expr:dir='data:blog.languageDirection' expr:href='data:label.url'><data:label.name/></a>
          </b:if>
          <b:if cond='data:showFreqNumbers'>
            <span dir='ltr'>(<data:label.count/>)</span>
          </b:if>
        </li>
      </b:loop>
      </ul>
    <b:else/>
      <b:loop values='data:labels' var='label'>
        <span expr:class='&quot;label-size label-size-&quot; + data:label.cssSize'>
          <b:if cond='data:blog.url == data:label.url'>
            <span expr:dir='data:blog.languageDirection'><data:label.name/></span>
          <b:else/>
            <a expr:dir='data:blog.languageDirection' expr:href='data:label.url'><data:label.name/></a>
          </b:if>
          <b:if cond='data:showFreqNumbers'>
            <span class='label-count' dir='ltr'>(<data:label.count/>)</span>
          </b:if>
        </span>
      </b:loop>
    </b:if>
    <b:include name='quickedit'/>
  </div>
</b:includable>
</b:widget>
</b:section>
</div>

</ul>
<div class='clear'/>
</div>
</div>	

<div id='footer'>
	
<div class='fleft'>
Copyright &#169; 2010 <a expr:href='data:blog.homepageUrl'><data:blog.title/></a><br/>
Powered By <a href='http://blogger.com/'>Blogger</a><br/>
</div>

<div class='fright'>
Design: <a href='http://web2feel.com/'>Web2feel</a> <br/> 
<a href='http://www.bloggertheme.net' target='_blank' title='Blogger templates'>Blogger Template</a> by <a href='http://www.bloggertheme.net' target='_blank' title='Blogger templates'>Blogger Theme</a> 
</div>

<div class='clear'/>
</div>



</body>
</html>