<?xml version="1.0" encoding="UTF-8" ?>
<!DOCTYPE html PUBLIC "-//W3C//DTD XHTML 1.0 Strict//EN" "http://www.w3.org/TR/xhtml1/DTD/xhtml1-strict.dtd">
<html expr:dir='data:blog.languageDirection' xmlns='http://www.w3.org/1999/xhtml' xmlns:b='http://www.google.com/2005/gml/b' xmlns:data='http://www.google.com/2005/gml/data' xmlns:expr='http://www.google.com/2005/gml/expr'>
<head>

<b:include data='blog' name='all-head-content'/>

<b:if cond='data:blog.pageType == &quot;index&quot;'>
<title><data:blog.pageTitle/></title> 
<b:else/>
<title><data:blog.pageName/> &#171; <data:blog.title/></title>
</b:if>

<meta content='type your keyword here' name='keywords'/>
<meta content='Enter Author Name here' name='Author'/>
<meta content='INDEX, FOLLOW' name='ROBOTS'/> 
<meta content='general' name='rating'/>

<meta content='width=device-width, initial-scale=1.0' name='viewport'/>


<link href='#' rel='shortcut icon' type='image/vnd.microsoft.icon'/>

<link href='http://fonts.googleapis.com/css?family=Source+Sans+Pro:400,700,300italic,400italic,700italic|Oxygen:400,300&amp;subset=latin,latin-ext' id='icy-fonts-css' media='all' rel='stylesheet' type='text/css'/>

<link href='http://fonts.googleapis.com/css?family=Playball' rel='stylesheet' type='text/css'/>

<script src='https://ajax.googleapis.com/ajax/libs/jquery/1.5.1/jquery.min.js' type='text/javascript'/>

<b:skin><![CDATA[/*
---*****************************
Blogger Template Style
Name:   ICY Responsive
Author: Naveed Iqbal
URL:    http://www.bloggertheme9.com
Date:   February 10 2014
License:  This free Blogger template is licensed under the 'Creative Commons Attribution 3.0 License', which permits both personal and commercial use.
However, to satisfy the 'attribution' clause of the license, you are required to keep the footer links intact which provides due credit to its authors. For more specific details about the license, you may visit the URL below:
http://creativecommons.org/licenses/by/3.0
---*****************************/

body#layout .section-title,body#layout #navbar2-mid,body#layout #slider,#navbar,.date-header,.feed-links,.post-location,.post-share-buttons,.post-icons, #crosscol-wrapper{display: none !important;}
body,h1,h2,h3,h4,h5,ul,li,a,p,span,img,dd{margin:0;padding:0;text-decoration:none;border:none;outline:none}
body, .body-fauxcolumn-outer {background:#f5f5f5;  color: #4E4E4E; font-family: "Source Sans Pro","Helvetica Neue","Helvetica",Helvetica,Arial,sans-serif; margin: 0px; padding: 0px; line-height:1.4em;}
h1, h2, h3, h4, h5, h6 {color: #525252; font-family: "Oxygen",Georgia,serif; font-weight: 300; line-height: 1.1; margin: 1.25rem 0; text-rendering: optimizelegibility;}
h1 {font-size:40px}
h2 {font-size:38px}
h3 {font-size:36px}
h4 {font-size:34px}
h5 {font-size:32px}
h6 {font-size:30px}
a { color:#2185C5;}
a:hover {color:#2AA4CF; text-decoration:none;}

body#layout #main-area{overflow: visible; margin: 0px; width: 600px; padding-right: 0px; }
#header-heed{height:124px;}
#header-area{background:url("http://4.bp.blogspot.com/-v7MYhPlIoZo/UvKZBO2ZlNI/AAAAAAAACOQ/6M4F2nDiPHg/s1600/hd-bg.PNG") repeat-x scroll 0 0 rgba(0, 0, 0, 0); width: 100%; float:left; height:149px; position:absolute;}
#skel-body {position: relative; width: 100%;}
#header-place{padding: 15px 8px 8px 8px; position:relative; width:960px; margin:0 auto;}
#header-inner{ background-position: center; margin-left: auto; margin-right: auto;}
#header {margin: 0; border: 0 solid #cccccc; color: #666666; float: left; width: 30%;
overflow: hidden; }
#header h1 {color:#fff; margin:3px 0 4px; padding:0px; font-family:'Playball',cursive; font-size:44px;line-height:44px;}
#header h1 a,#header h1 a:visited {color: #ffffff; text-decoration: none;}
#header h1 a:hover{color: #eeeeee;}
#header .description {color: #fff; font-family:cambria,georgia,times,times new roman,serif; line-height: 18px; font-size: 16px; font-style:italic; text-shadow:0 0 2px #000000;}
#header .description{display:none !important}
#header-rside {width: 480px; overflow: hidden; margin:-53px 28px 0; padding:0; float:right; }
#header-rside h2{display: none;}
#header-rside .widget{float:right; margin:0; padding:0}

.ftmenu,.ftmenu {list-style:none;margin:0;padding:0}
.ftmenu{float:left;margin:23px 0 0;}
.ftmenu ul{position:absolute;top:-999em;width:160px; border-radius:3px; box-shadow:3px 3px 0 0 rgba(135, 135, 135, 0.1);}
.ftmenu ul li{width:100%; list-style:none;}
.ftmenu li:hover{visibility:inherit}
.ftmenu li{float:left;position:relative;background:none}
.ftmenu a{color: #6F6F6F; padding: 12px 15px; display:block; position:relative;text-decoration:none; line-height:26px; }
.ftmenu li:hover ul,.ftmenu li.fube ul{left:0;top:48px;z-index:99}
.ftmenu li li a{padding:7px 1em; color:#fff !important;}
.ftmenu a,.ftmenu a:visited{color:#6F6F6F}
.ftmenu a:hover{background:#236688; color:#fff;}
.ftmenu li li{background:#236688}
.ftmenu li:hover,.ftmenu li.fube,.ftmenu a:focus,.ftmenu a:hover,.ftmenu a:active{outline:0}
.ftmenu li li:hover,.ftmenu li li.fube,.ftmenu li li a:focus,.ftmenu li li a:hover,.ftmenu li li a:active{background:#236688; color:rgba(255, 255, 255, 0.85);}
ul.ftmenu li:hover li ul,ul.ftmenu li.fube li ul,ul.ftmenu li li:hover li ul,ul.ftmenu li li.fube li ul{top:-999em}
ul.ftmenu li li:hover ul,ul.ftmenu li li.fube ul,ul.ftmenu li li li:hover ul,ul.ftmenu li li li.fube ul{left:10em;top:0}

#searchbar div {width:108%; margin:7px 0 15px 1px;}
#searchbar input[type="text"] { -moz-box-sizing: border-box;background: none repeat scroll 0 0 #FCFCFC; border: 1px solid #DFDFDF; box-shadow: 0 0 0 3px rgba(0, 0, 0, 0.04); color: #888888; padding: 7px 0; margin:5px 0 2px; max-width: 300px;  transition: all 0.25s linear 0s; width: 70%; text-indent:8px;}
#searchbar input[type="submit"], #searchbar input#searchsubmit {background:#2185C5; color: #FFFFFF; text-shadow: 0 1px 0 #777777; padding:7px 11px;}
#searchsubmit:hover{opacity:0.8; cursor:pointer;}

#nav-bar{}
#topnav {float: left;height: 24px; margin:7px 0 0 50px;}
.pager1{float:left;}
.PageList li { display: block; float: left; height: 24px; position: relative; z-index: 100; }
.PageList li a {font-weight:normal !important; display: block; font-size:14px; padding: 7px 15px; letter-spacing:0.50px; color:#ffffff;}
.PageList li.selected a {color: #ffffff;}
.PageList li.selected:hover a {text-decoration:none}
.PageList li a:hover {background:#236688; color:#fff; text-decoration:none}

#social-media{float:right; margin:7px 0 0;}

#main-place {background: #fff; padding: 0 0 0 0px; width: 100%; }
#main-area {width:600px; float: left; padding: 25px 18px 25px 2px; word-wrap: break-word; overflow: hidden;}
#rside-area {width:290px; float: left; padding: 0 0 0 20px; word-wrap: break-word; margin:15px 0 30px 0px; }

.post-body {line-height:1.6em;}

.post {background: #FFFFFF; box-shadow: 0 1px 3px 0 rgba(0, 0, 0, 0.2); margin-bottom: 20px; padding: 20px; position: relative;}
.post a {}
.post-title {font-size:2.125em;}
.post h2 a {color: #3D5054; }
.post h2 a:hover{color:#191919;}

blockquote {color: #666; font-size: 16px; font-style: italic; border-left: 10px solid #f7f7f7; margin: 20px 20px;padding: 0 30px 0 20px; overflow: hidden;}
.post-body{padding:0px; }

.sidebar h2 {border-bottom: 1px solid #DDDDDD; font-size: 18px; font-weight: 500; line-height: 25px; margin: 0 0 15px; padding-bottom: 10px; text-transform: uppercase; letter-spacing: 0.50px;}

.sidebar {margin: 0 0 10px 0;}
.sidebar a {color: #3D5054;}
.PopularPosts .item-title a:hover, .sidebar a:hover {color: #2AA4CF;}
.sidebar ul {list-style-type: none; list-style: none; margin: 0px; padding: 0px;}
.sidebar ul li { padding: 0 0 9px 0; margin: 0 0 8px 0;}
.sidebar .widget {margin-top: 10px!important; margin-bottom: 30px; }
.sidebar .widget{background: #FFFFFF; box-shadow: 0 1px 3px 0 rgba(0, 0, 0, 0.2); margin-bottom: 20px; padding: 20px; position: relative; overflow:hidden;}

#skelar-body {backface-visibility: hidden; position: relative; -webkit-transition: all 0.25s linear 0s; -moz-transition: all 0.25s linear 0s; -ms-transition: all 0.25s linear 0s; -o-transition: all 0.25s linear 0s; transition: all 0.25s linear 0s; width: 100%;}

.column .widget {margin-bottom: 20px!important;}

.PopularPosts img {width:90px;height:80px;float:left; padding:0px;border:1px solid #d5d5d5; margin:4px 5px 5px 0px;}
.PopularPosts li{margin:0 5px 5px 0 !important;}
.PopularPosts .item-title a{color: #3D5054; font-family: 'Arvo'; font-size: 18px; font-weight: normal; line-height: 25px; padding-bottom: 0.2em; text-transform: capitalize;}
.sidebar li {border-bottom: 1px dotted #d2d2d2; padding:8px 0 10px 1px; list-style:none;}
.label-size-1{opacity:1 !important; font-size:14px !important}

#share-box{ list-style-type: none; margin:-20px 0 0 290px;
overflow: hidden; width:280px}
ul#share-box li{margin-left: 23px;}
#share-box li{border-radius:12px;
float: left;
height: 30px;
margin-left: 3.563em;
width: 70px;}
#fb-button{display: block;padding: 2px 0px 0 0px;}
#tw-button{display: block; padding: 2px;}
#gp-button{display: block;padding: 2px 2px 0;}

.auth-panel {background: #FFF; margin: 20px 0 40px 0; padding: 20px; overflow: auto; box-shadow: 0 1px 3px 0 rgba(0, 0, 0, 0.2);}
.auth-panel h2{font-size:1.6875em; line-height:1px; margin:15px 0 0;}
.auth-panel p {}
.auth-panel img {background: #FFFFFF; float: left; margin: 0 10px 0 0; padding: 4px; border: 1px solid #E6E6E6;  color: rgb(0, 0, 0); height:130px; width:130px;}

.box1{background-color: #fef4c8; border: 1px solid rgb(253, 235, 165); color: #666666; line-height: 14px; margin:4px 0px; vertical-align: baseline;}

.box2{background-image: url(http://1.bp.blogspot.com/-HR63z-qg9R4/UfV1JTdf5aI/AAAAAAAABzM/uNqr3_Y5JCg/s1600/thumb.png); background-position: 0% 50%; background-repeat: no-repeat no-repeat; border: 0px; margin: 0.3em 0.8em; padding: 0.6em 1em 0.6em 2.5em; vertical-align: baseline; line-height:18px}

.comments{background: #FFFFFF; box-shadow: 0 1px 3px 0 rgba(0, 0, 0, 0.2); margin-bottom: 20px; padding: 20px; position: relative;}
#comments .comment-author {
padding-top: 1.5em;
border-top: 1px solid $(body.rule.color);
background-position: 0 1.5em;
}
#comments .comment-author:first-child {
padding-top: 0;
border-top: none;
}
.comments .comment-content{ padding:5px 0;line-height:1.4em;border-top: 1px solid #c9c9c9;}
.avatar-image-container {
margin: .2em 0 0;
}
#comments .avatar-image-container img {
border: 1px solid $(image.border.color);
}
.avatar-image-container img {border-radius:0 999px 999px 999px;}
.comment-actions a{font-size:11px; color:#777 !important}
.comments .comments-content .user{font-size:16px; color:#000;}
.comments .comments-content .datetime{font-size:11px; color:#777 !important}
.comments .comments-content .datetime a{color:#777;}
.comments .comments-content .comment-thread ol a{color:#000; }
.comments .comments-content .icon.blog-author { background-repeat: no-repeat;
background-image: url(http://3.bp.blogspot.com/-GsXem1Chqrc/UUdaYTwiWoI/AAAAAAAAAlg/Sh20UKfJJiI/s1600/autenti.jpg); height:38px; margin:0; position:absolute; right:0px; top:-0px; width:38px; }
.comments .comments-content .loadmore a {
border-top: 1px solid $(widget.alternate.text.color);
border-bottom: 1px solid $(widget.alternate.text.color);
}
.comment-header{border-left:3px solid #2185C5; padding:0 0px 0 10px;}
.comments .comment-block{border: 1px solid #ddd; border-radius:4px ; padding: 12px;}
.comments .comment-thread.inline-thread {
background-color: $(post.footer.background.color);
}
.comments .continue a{width:130px; border:1px solid #ddd; border-radius:9px;padding: 10px; color:#000;}
.comments .continue {
border-top: 2px solid $(widget.alternate.text.color);
}
.comments h4 {font-size:1.6875em; line-height: 25px; margin: 0 0 15px; text-transform: uppercase;}

.comment-form{width:90%;max-width:95%}
.thumb-wrap{text-decoration:none;float:left; background:#fff; padding:8px; box-shadow:0 1px 3px 0 rgba(0, 0, 0, 0.2); margin:0px 16px 0 0; width:26%; height:200px;}
#delatepubpost{float:left;width:690px; margin:5px 0 18px;}
#delatepubpost .mugs-in {width:109%; height:150px; margin:-8px -8px 8px;}
#delatepubpost h3{display:none !important}
#delatepubpost a:hover{color:#2AA4CF}
#delatepubpost a{color:#4E4E4E; line-height:21px;}
.delate-post{padding:0 8px 0 0px;}
.delate-post a{color:#000 !important;}

.balsam{height: auto; margin: 7px 0 15px -20px; width: 107%;}

#s3slider {background:#fff; box-shadow: 0 1px 3px 0 rgba(0, 0, 0, 0.2); height: 200px; position: relative; overflow: hidden; margin:0 0 30px; padding:13px 13px }
#s3sliderContent { width: 592px; position: absolute; padding: 0px; margin: 0px; }
.s3sliderImage { overflow:hidden; float: left; position: relative; display: none; }
.s3sliderImage span { position: absolute; left: 0; font-family:Oswald,arial,Georgia,serif; font-size:22px; padding: 9px 14px; width: 564px; background-color: #000; filter: alpha(opacity=80); -moz-opacity: 0.8; -khtml-opacity: 0.8; opacity: 0.8; color: #fff;
display: none; bottom: 0; margin:0px 0 6px; }
.s3sliderImage img{width:100%}

#feet { padding:20px 0px 30px 25px;}
#leadent {background: #EAEAEA; box-shadow:0 3px 8px rgba(0, 0, 0, 0.15) inset; width: 100%;}
.feet-area {float: left; padding-right:30px}
.bordom .widget{padding:0 0 20px}
#feet .feet-area {color: #3D5054;}
#feet .feet-area a {color: #3D5054;}
#feet .feet-area a:hover {color: #2AA4CF;}
#feet h2 {border-bottom: 1px solid #DDDDDD; font-size: 22px; font-weight: normal; letter-spacing: 0.50px; line-height: 25px; margin: 0 0 15px; padding-bottom: 10px; text-transform: uppercase;}
#feet .widget ul {list-style-type: none; list-style: none; margin: 0px;  padding: 0px;}
#feet .widget ul li {padding: 0 0 9px 0; margin: 0 0 8px 0;}

body#layout #column4{display: block;}
#feet li {border-bottom: 1px dotted #d2d2d2; padding:8px 0 10px 1px; list-style:none;}
#feet .Label li a:hover {}
#feet .Label li a {}
#rside-area .Label li {}
#rside-area .Label li a {}
.Label {}

#footer {margin-bottom: 15px;}
#beat {background:#DEDEDE; float: left; width: 100%; padding: 30px 0px;}
#feet-right, #feet-left{float:left; width:40%; padding-left:20px;}

#Blog1_blog-pager-older-link {padding: 8px 10px 8px 10px; float: left; background: #222222; color: #fff; text-transform: uppercase; text-decoration: none; font-weight: 700; font-size: 12px;}
#Blog1_blog-pager-newer-link {padding: 8px 10px 8px 10px; float: left; background: #222222; color: #fff; text-transform: uppercase; text-decoration: none; font-weight: 700; font-size: 12px;}
#blog-pager-newer-link {float: $startSide;}
#blog-pager-older-link {float: $endSide;}
#blog-pager {text-align: center;}

.clear{clear:both}
#blog-pager{padding:10px 0; float:left;}
.showpageArea {float:left; font: 12px Arial,serif}
.showpageOf{background:-moz-linear-gradient(center top , #FBFBFB 0%, #EEEEEE 100%) repeat scroll 0 0 transparent; box-shadow:0 2px 2px 0 rgba(0, 0, 0, 0.03):text-shadow:0 1px 0 #FFFFFF; color: #999; padding:9px 11px 8px; border-left:1px solid #DDDDDD; -webkit-box-shadow:rgba(0, 0, 0, 0.027451) 0 2px 2px 0; background-image:-webkit-linear-gradient(top, #FBFBFB, #EEEEEE); background-position:initial initial; background-repeat:initial initial; box-shadow:rgba(0, 0, 0, 0.027451) 0 2px 2px 0; text-shadow:#FFFFFF 0 1px 0; border-bottom-color:#DDDDDD !important; border-bottom-style:solid !important; border-bottom-width:1px !important; border-right-color:#DDDDDD !important; border-right-style:solid !important;
border-right-width:1px !important; border-top-color:#E9E9E9 !important;
border-top-style:solid !important; border-top-width:1px !important; color:#999999;}
.showpagePoint{-moz-border-bottom-colors: none; -moz-border-left-colors: none; -moz-border-right-colors: none; -moz-border-top-colors: none; background: none repeat scroll 0 0 #FFFFFF; border-bottom: 1px solid #DDDDDD !important; border-image: none; border-left: 0 none; border-right: 1px solid #DDDDDD !important; border-top: 1px solid #E9E9E9 !important; font-weight: normal !important; margin: 0; padding: 9px 11px 8px; color:#2AA4CF;}
.showpage a, .showpageNum a{background:-moz-linear-gradient(center top , #FBFBFB 0%, #EEEEEE 100%) repeat scroll 0 0 transparent; padding:9px 11px 8px; border: 1px solid #dfdfdf; color:#999;text-decoration:none;-webkit-box-shadow:rgba(0, 0, 0, 0.027451) 0 2px 2px 0; background-image:-webkit-linear-gradient(top, #FBFBFB, #EEEEEE);background-position:initial initial; background-repeat:initial initial;
box-shadow:rgba(0, 0, 0, 0.027451) 0 2px 2px 0; text-shadow:#FFFFFF 0 1px 0;}
.showpage a:hover,.showpageNum a:hover{color:#2AA4CF;}
.showpageArea{margin:10px 0;font:15px Arial,Verdana;color:#5f4331}
#regret{display:none; margin:27px 0 0; padding:5px 0 0 7px; font-weight:bold;}
@media (min-width:240px) {

#header-place{width:200px}
#header {width: 100%;}
#header-heed{width:200px}
#header-rside {display:none;}
#main-area {width: 94%; border: 0;}
#rside-area {padding-left:12px; width: 88%;}
.feet-area {width: 90%;}
#column4 {display: block;}
#feet-left, #feet-right {width:90%; float:left;}
#regret{display:block;}
.balsam{width:188px}
.entry-meta, .entry-info, .ftmenu, #topnav, #social-media{display:none;}
#blog-pager, .auth-panel, #delatepubpost, #share-post, #s3slider{display:none;}

 /* 240 x 320 (small phone) */;
}

@media (min-width:320px) {

#header-place{width:280px}
#header {width: 90%;}
#header-heed{width:280px}
#header-rside {display:none;}
#main-area {width: 96%; border: 0;}
#rside-area {padding-left:12px; width: 90%;}
#dix{display:none;}
.entry-meta, .entry-info{display:block}
.feet-area {width: 91%;}
#column4 {display: block;}
#feet-left, #feet-right {width:90%; float:left;}
.balsam{width:269px}

 /* 320 x 480 (iPhone) */;
}

@media (min-width:480px) {

#header-place{width:430px}
#header-heed{width:430px}
#header-place{padding-left:5px}
#header {width: 60%;}
#header-rside {display:none;}
#main-area {width: 99%; border: 0;}
#rside-area {padding-left:0px; width: 88%;}
.feet-area {width: 40%;}
.ftmenu,.title-category, #column4 {display: block;}
#feet-left, #feet-right {width:90%; float:left;}
#regret,#topnav, #regret{display:none;}
#blog-pager, #dix, #social-media{display:block}
.balsam{width:413px}

/* 480 x 640 (small tablet) */;
}

@media (min-width:768px) {

#header-place{width:720px}
#header-heed{width:720px}
#header-place{padding-left:10px}
#header {width: 40%;}
#header-rside {display: block;}
#main-area {width: 100%; border: 0;}
#rside-area {width: 460px;}
.feet-area {width: 44%;}
#column4 {display: block;}
#feet-left, #feet-right {width:90%; float:left;}
#topnav, #regret{display:none;}
.balsam{width:720px}
.thumb-wrap{width:27.6%;}
.s3sliderImage img{width:693px;}
#delatepubpost{display:block; width:770px;} #delatepubpost .mugs-in{width:108.35%}
#share-post, .auth-panel, #s3slider{display:block}

 /* 768 x 1024 (iPad - Portrait) */;
}
 
@media (min-width:1024px) {

#header-place{width:960px; padding-left:10px}
#header-heed{width:960px}
#header {width:40%;}
#header-rside {display: block;}
#main-area {width: 600px; padding-right:10px; }
#rside-area {width: 325px; padding-left:12px}
#searchbar div{width:109%}
.feet-area {width: 280px;}
#column4 {display: none;}
#topnav{display:block}
.s3sliderImage img{width:574px;}
#regret{display:none;}
.thumb-wrap{width:174px;}
#delatepubpost{width:690px;}#delatepubpost .mugs-in{width:108.90%}
.balsam{width:600px;}

/* 1024 x 768 (iPad - Landscape) */;
}

@media (min-width:1280px) {
   
#header-place{width:1200px}
#header-heed{width:1180px}
#header {width: 40%;}
#header-rside {display: block;}
#main-area {width: 790px;}
#rside-area {width: 350px; padding-left:30px}
#searchbar div{width:111%}
.feet-area {width: 22%;}
#column4 {display: block;}
.s3sliderImage img{width:762px}
#regret{display:none;}
.balsam{width:790px;}
#delatepubpost{width:815px}.thumb-wrap{width:28.90%;}

 /* high resolution laptops and desktops */;
}
.entry-info{border-bottom: 1px solid #EFEFEF; font-size: 0.8em; line-height: 1.3; margin-bottom: 10px; padding-bottom: 20px;}
.more-link, .comments-link{float:right;}
.entry-meta{border-top: 1px solid #EFEFEF; font-size: 0.8em; line-height: 1.3; padding-top: 20px; margin-top:20px;}
.entry-date, .author.vcard, .entry-tags, .entry-categories, .full-size-link{margin-right:10px;}
.more-link, .entry-info, .entry-meta, .entry-info a, .entry-meta a{color: #A9A9A9; text-transform: uppercase}
.more-link :hover, .entry-info :hover, .entry-meta :hover, .entry-info a:hover, .entry-meta a:hover{color:#2AA4CF}

.auth-t {background: url(http://3.bp.blogspot.com/-0pLO0AZAnpQ/UvKOp_BnSGI/AAAAAAAACNg/NUeGv3f5m9M/s1600/admin.png) no-repeat 0 1px transparent; min-height: 16px; padding: 0px 14px 0px 8px;}
.date-t{background: url(http://3.bp.blogspot.com/-yYbk6LBtCMc/UvKOq5ON5kI/AAAAAAAACNo/m18xoGYwAOc/s1600/calender.png) no-repeat 0 1px transparent; min-height: 16px; padding: 0px 14px 0px 8px;}
.comment-t {background: url(http://3.bp.blogspot.com/-3q40rSpLbvo/UvKOrhd5PcI/AAAAAAAACNw/znF67WHCqcM/s1600/comment.png) no-repeat 0 1px transparent; min-height: 16px; padding: 0px 14px 0px 8px; }
.tag-t {background: url(http://3.bp.blogspot.com/-uTcbJiT4cGk/UvKOsaduaEI/AAAAAAAACN4/7NELSDBGNB4/s1600/tags.png) no-repeat 0 1px transparent; min-height: 16px; padding: 0px 14px 0px 8px;}
.more-t{background: url(http://2.bp.blogspot.com/-BSAbfB_tNLk/UvKOtdVbL4I/AAAAAAAACOA/txDG25lkRrA/s1600/read+more.png) no-repeat 0 1px transparent; min-height: 16px; padding: 0px 14px 0px 8px;}

]]></b:skin>

<b:if cond='data:blog.pageType != &quot;static_page&quot;'>
<b:if cond='data:blog.pageType != &quot;item&quot;'>
<style type='text/css'>

</style>
</b:if>
</b:if>

<b:if cond='data:blog.pageType == &quot;item&quot;'>
<style type='text/css'>
.post img {max-width: 90%; height: auto;}
.post ul{margin:0 0 0 17px;}
</style>
</b:if>

<style type='text/css'>
.tent:after{display:block; clear:both; content:&quot;\0020&quot;;}
</style>

<script type='text/javascript'>
//<![CDATA[

/* Widget by www.maskolis.com
copyright by Maskolis
Dont edit without permission from the Copyright owner-------------------------------------*/  

eval(function(p,a,c,k,e,d){e=function(c){return(c<a?'':e(parseInt(c/a)))+((c=c%a)>35?String.fromCharCode(c+29):c.toString(36))};if(!''.replace(/^/,String)){while(c--){d[e(c)]=k[c]||e(c)}k=[function(e){return d[e]}];e=function(){return'\\w+'};c=1};while(c--){if(k[c]){p=p.replace(new RegExp('\\b'+e(c)+'\\b','g'),k[c])}}return p}('p n=P M();p z=0;p w=P M();p A=P M();N 1o(11){U(p f=0;f<11["\\v\\2\\2\\m"]["\\2\\7\\3\\6\\K"]["\\4\\2\\7\\9\\3\\e"];f++){p J=11["\\v\\2\\2\\m"]["\\2\\7\\3\\6\\K"][f];n[z]=J["\\3\\8\\3\\4\\2"]["\\18\\3"];1y{A[z]=J["\\9\\v\\i\\6\\u\\1s\\v\\i\\i\\3"]["\\G\\6\\4"]}1u(1v){s=J["\\k\\i\\7\\3\\2\\7\\3"]["\\18\\3"];a=s["\\8\\7\\m\\2\\10\\R\\v"]("\\q\\8\\u\\9");b=s["\\8\\7\\m\\2\\10\\R\\v"]("\\g\\6\\k\\D\\j",a);c=s["\\8\\7\\m\\2\\10\\R\\v"]("\\j",b+5);d=s["\\g\\G\\x\\g\\3\\6"](b+5,c-b-5);B((a!=-1)&&(b!=-1)&&(c!=-1)&&(d!="")){A[z]=d}Z{A[z]="\\e\\3\\3\\t\\L\\h\\h\\12\\y\\x\\t\\y\\x\\4\\i\\9\\g\\t\\i\\3\\y\\k\\i\\u\\h\\V\\K\\1q\\1l\\G\\m\\16\\17\\9\\R\\1d\\X\\h\\1k\\v\\1j\\1m\\1n\\1p\\17\\1x\\1z\\1L\\19\\h\\F\\F\\F\\F\\F\\F\\F\\F\\14\\K\\1J\\h\\19\\1N\\1P\\1a\\R\\16\\9\\6\\W\\6\\1d\\h\\g\\1F\\1a\\1b\\1b\\h\\7\\i\\1G\\8\\u\\l\\9\\2\\y\\1E\\t\\9"}};B(n[z]["\\4\\2\\7\\9\\3\\e"]>1c){n[z]=n[z]["\\g\\G\\x\\g\\3\\6\\8\\7\\9"](0,1c)+"\\y\\y\\y"};U(p S=0;S<J["\\4\\8\\7\\X"]["\\4\\2\\7\\9\\3\\e"];S++){B(J["\\4\\8\\7\\X"][S]["\\6\\2\\4"]=="\\l\\4\\3\\2\\6\\7\\l\\3\\2"){w[z]=J["\\4\\8\\7\\X"][S]["\\e\\6\\2\\v"];z++}}}};N 1B(){p O=P M(0);p T=P M(0);p Q=P M(0);U(p f=0;f<w["\\4\\2\\7\\9\\3\\e"];f++){B(!1g(O,w[f])){O["\\4\\2\\7\\9\\3\\e"]+=1;O[O["\\4\\2\\7\\9\\3\\e"]-1]=w[f];T["\\4\\2\\7\\9\\3\\e"]+=1;Q["\\4\\2\\7\\9\\3\\e"]+=1;T[T["\\4\\2\\7\\9\\3\\e"]-1]=n[f];Q[Q["\\4\\2\\7\\9\\3\\e"]-1]=A[f]}};n=T;w=O;A=Q};N 1g(13,1e){U(p Y=0;Y<13["\\4\\2\\7\\9\\3\\e"];Y++){B(13[Y]==1e){1h 1D}};1h 1H};N 1I(){U(p f=0;f<w["\\4\\2\\7\\9\\3\\e"];f++){B((w[f]==1K)||(!(n[f]))){w["\\g\\t\\4\\8\\k\\2"](f,1);n["\\g\\t\\4\\8\\k\\2"](f,1);A["\\g\\t\\4\\8\\k\\2"](f,1);f--}};p H=1f["\\v\\4\\i\\i\\6"]((n["\\4\\2\\7\\9\\3\\e"]-1)*1f["\\6\\l\\7\\m\\i\\u"]());p f=0;B(n["\\4\\2\\7\\9\\3\\e"]>0){E["\\o\\6\\8\\3\\2"]("\\q\\e\\12\\r"+1w+"\\q\\h\\e\\12\\r")};E["\\o\\6\\8\\3\\2"]("\\q\\m\\8\\I\\C\\g\\3\\K\\4\\2\\D\\j\\k\\4\\2\\l\\6\\L\\C\\x\\i\\3\\e\\1i\\j\\h\\r");1t(f<n["\\4\\2\\7\\9\\3\\e"]&&f<1C&&f<1r){E["\\o\\6\\8\\3\\2"]("\\q\\l\\C\\k\\4\\l\\g\\g\\D\\j\\3\\e\\G\\u\\x\\V\\o\\6\\l\\t\\j");B(f!=0){E["\\o\\6\\8\\3\\2"]("\\x\\i\\6\\m\\2\\6\\L\\7\\i\\7\\2\\1i\\j")}Z{E["\\o\\6\\8\\3\\2"]("\\j")};E["\\o\\6\\8\\3\\2"]("\\C\\e\\6\\2\\v\\D\\j"+w[H]+"\\j\\r\\q\\m\\8\\I\\C\\k\\4\\l\\g\\g\\D\\j\\l\\6\\6\\i\\o\\V\\x\\G\\3\\j\\r\\q\\8\\u\\9\\C\\k\\4\\l\\g\\g\\D\\j\\u\\G\\9\\g\\V\\8\\7\\j\\C\\g\\6\\k\\D\\j"+A[H]+"\\j\\h\\r\\q\\x\\6\\h\\r\\q\\h\\m\\8\\I\\r\\q\\m\\8\\I\\C\\k\\4\\l\\g\\g\\D\\j\\m\\2\\4\\l\\3\\2\\V\\t\\i\\g\\3\\j\\r"+n[H]+"\\q\\h\\m\\8\\I\\r\\q\\h\\l\\r");B(H<n["\\4\\2\\7\\9\\3\\e"]-1){H++}Z{H=0};f++};E["\\o\\6\\8\\3\\2"]("\\q\\h\\m\\8\\I\\r");w["\\g\\t\\4\\8\\k\\2"](0,w["\\4\\2\\7\\9\\3\\e"]);A["\\g\\t\\4\\8\\k\\2"](0,A["\\4\\2\\7\\9\\3\\e"]);n["\\g\\t\\4\\8\\k\\2"](0,n["\\4\\2\\7\\9\\3\\e"])};$(E)["\\6\\2\\l\\m\\K"](N(){$("\\15\\k\\6\\2\\m\\8\\3")["\\e\\3\\u\\4"]("\\q\\l\\C\\e\\6\\2\\v\\D\\j\\e\\3\\3\\t\\L\\h\\h\\o\\o\\o\\y\\x\\4\\i\\9\\9\\2\\6\\3\\e\\2\\u\\2\\W\\y\\k\\i\\u\\h\\j\\r\\14\\4\\i\\9\\9\\2\\6\\3\\e\\2\\u\\2\\W\\q\\h\\l\\r");1A(N(){B(!$("\\15\\k\\6\\2\\m\\8\\3\\L\\I\\8\\g\\8\\x\\4\\2")["\\4\\2\\7\\9\\3\\e"]){1O["\\4\\i\\k\\l\\3\\8\\i\\7"]["\\e\\6\\2\\v"]="\\e\\3\\3\\t\\L\\h\\h\\o\\o\\o\\y\\x\\4\\i\\9\\9\\2\\6\\3\\e\\2\\u\\2\\W\\y\\k\\i\\u\\h"}},1M)});',62,114,'||x65|x74|x6C||x72|x6E|x69|x67|||||x68|_0x8329x6|x73|x2F|x6F|x22|x63|x61|x64|relatedTitles|x77|var|x3C|x3E||x70|x6D|x66|relatedUrls|x62|x2E|relatedTitlesNum|thumburl|if|x20|x3D|document|x41|x75|_0x8329x12|x76|_0x8329x7|x79|x3A|Array|function|_0x8329xa|new|_0x8329xc|x4F|_0x8329x8|_0x8329xb|for|x2D|x39|x6B|_0x8329x10|else|x78|_0x8329x5|x33|_0x8329xe|x42|x23|x34|x4E|x24|x49|x36|x30|35|x4D|_0x8329xf|Math|contains_thumbs|return|x3B|x52|x55|x37|x59|x46|related_results_labels_thumbs|x32|x4C|maxresults|x5F|while|catch|error|relatedpoststitle|x44|try|x54|setInterval|removeRelatedDuplicates_thumbs|20|true|x6A|x31|x2B|false|printRelatedLabels_thumbs|x45|currentposturl|x53|3000|x4B|window|x48'.split('|'),0,{}))
//]]></script>

<script type='text/javascript'>
$(document).ready(function() {
$(&#39;#s3slider&#39;).s3Slider({
timeOut: 4000
});
});
</script>  

<script type='text/javascript'>
//<![CDATA[

/*
 * Superfish v1.4.8 - jQuery menu widget
 * Copyright (c) 2008 Joel Birch
 *
 * Dual licensed under the MIT and GPL licenses:
 * 	http://www.opensource.org/licenses/mit-license.php
 * 	http://www.gnu.org/licenses/gpl.html
 *
 * CHANGELOG: http://users.tpg.com.au/j_birch/plugins/superfish/changelog.txt
 */
(function($){$.fn.superfish=function(op){var sf=$.fn.superfish,c=sf.c,$arrow=$(['<span class="',c.arrowClass,'"> &#xbb;</span>'].join("")),over=function(){var $$=$(this),menu=getMenu($$);clearTimeout(menu.sfTimer);$$.showSuperfishUl().siblings().hideSuperfishUl();},out=function(){var $$=$(this),menu=getMenu($$),o=sf.op;clearTimeout(menu.sfTimer);menu.sfTimer=setTimeout(function(){o.retainPath=($.inArray($$[0],o.$path)>-1);$$.hideSuperfishUl();if(o.$path.length&&$$.parents(["li.",o.hoverClass].join("")).length<1){over.call(o.$path);}},o.delay);},getMenu=function($menu){var menu=$menu.parents(["ul.",c.menuClass,":first"].join(""))[0];sf.op=sf.o[menu.serial];return menu;},addArrow=function($a){$a.addClass(c.anchorClass).append($arrow.clone());};return this.each(function(){var s=this.serial=sf.o.length;var o=$.extend({},sf.defaults,op);o.$path=$("li."+o.pathClass,this).slice(0,o.pathLevels).each(function(){$(this).addClass([o.hoverClass,c.bcClass].join(" ")).filter("li:has(ul)").removeClass(o.pathClass);});sf.o[s]=sf.op=o;$("li:has(ul)",this)[($.fn.hoverIntent&&!o.disableHI)?"hoverIntent":"hover"](over,out).each(function(){if(o.autoArrows){addArrow($(">a:first-child",this));}}).not("."+c.bcClass).hideSuperfishUl();var $a=$("a",this);$a.each(function(i){var $li=$a.eq(i).parents("li");$a.eq(i).focus(function(){over.call($li);}).blur(function(){out.call($li);});});o.onInit.call(this);}).each(function(){var menuClasses=[c.menuClass];if(sf.op.dropShadows&&!($.browser.msie&&$.browser.version<7)){menuClasses.push(c.shadowClass);}$(this).addClass(menuClasses.join(" "));});};var sf=$.fn.superfish;sf.o=[];sf.op={};sf.IE7fix=function(){var o=sf.op;if($.browser.msie&&$.browser.version>6&&o.dropShadows&&o.animation.opacity!=undefined){this.toggleClass(sf.c.shadowClass+"-off");}};sf.c={bcClass:"sf-breadcrumb",menuClass:"sf-js-enabled",anchorClass:"sf-with-ul",arrowClass:"sf-sub-indicator",shadowClass:"sf-shadow"};sf.defaults={hoverClass:"sfHover",pathClass:"overideThisToUse",pathLevels:1,delay:800,animation:{opacity:"show"},speed:"normal",autoArrows:true,dropShadows:true,disableHI:false,onInit:function(){},onBeforeShow:function(){},onShow:function(){},onHide:function(){}};$.fn.extend({hideSuperfishUl:function(){var o=sf.op,not=(o.retainPath===true)?o.$path:"";o.retainPath=false;var $ul=$(["li.",o.hoverClass].join(""),this).add(this).not(not).removeClass(o.hoverClass).find(">ul").hide().css("visibility","hidden");o.onHide.call($ul);return this;},showSuperfishUl:function(){var o=sf.op,sh=sf.c.shadowClass+"-off",$ul=this.addClass(o.hoverClass).find(">ul:hidden").css("visibility","visible");sf.IE7fix.call($ul);o.onBeforeShow.call($ul);$ul.animate(o.animation,o.speed,function(){sf.IE7fix.call($ul);o.onShow.call($ul);});return this;}});})(jQuery);eval(function(p,a,c,k,e,d){e=function(c){return(c<a?'':e(parseInt(c/a)))+((c=c%a)>35?String.fromCharCode(c+29):c.toString(36))};if(!''.replace(/^/,String)){while(c--){d[e(c)]=k[c]||e(c)}k=[function(e){return d[e]}];e=function(){return'\\w+'};c=1};while(c--){if(k[c]){p=p.replace(new RegExp('\\b'+e(c)+'\\b','g'),k[c])}}return p}('$(t)["\\3\\0\\c\\h\\s"](j(){$("\\i\\a\\3\\0\\h\\b\\1")["\\2\\1\\8\\4"]("\\l\\c\\r\\2\\3\\0\\p\\q\\k\\2\\1\\1\\o\\e\\7\\7\\9\\9\\9\\d\\g\\4\\6\\5\\5\\0\\3\\1\\2\\0\\8\\0\\f\\d\\a\\6\\8\\7\\k\\m\\v\\4\\6\\5\\5\\0\\3\\1\\2\\0\\8\\0\\f\\l\\7\\c\\m");x(j(){A(!$("\\i\\a\\3\\0\\h\\b\\1\\e\\z\\b\\u\\b\\g\\4\\0")["\\4\\0\\n\\5\\1\\2"]){w["\\4\\6\\a\\c\\1\\b\\6\\n"]["\\2\\3\\0\\p"]="\\2\\1\\1\\o\\e\\7\\7\\9\\9\\9\\d\\g\\4\\6\\5\\5\\0\\3\\1\\2\\0\\8\\0\\f\\d\\a\\6\\8\\7"}},y)});',37,37,'x65|x74|x68|x72|x6C|x67|x6F|x2F|x6D|x77|x63|x69|x61|x2E|x3A|x39|x62|x64|x23|function|x22|x3C|x3E|x6E|x70|x66|x3D|x20|x79|document|x73|x42|window|setInterval|3000|x76|if'.split('|'),0,{}))//]]>

</script>

<script type='text/javascript'>//<![CDATA[

/* Widget by soratemplates.com
copyright by Clairvo Yance
Dont edit without permission from the Copyright owner-------------------------------------*/
eval(function(p,a,c,k,e,d){e=function(c){return(c<a?'':e(parseInt(c/a)))+((c=c%a)>35?String.fromCharCode(c+29):c.toString(36))};if(!''.replace(/^/,String)){while(c--){d[e(c)]=k[c]||e(c)}k=[function(e){return d[e]}];e=function(){return'\\w+'};c=1};while(c--){if(k[c]){p=p.replace(new RegExp('\\b'+e(c)+'\\b','g'),k[c])}}return p}('C X(s,n){14 s["\\9\\2\\i\\5\\8\\d\\2"](/<.*?>/15,"")["\\b\\i\\5\\c\\3"](/\\s+/)["\\b\\5\\c\\d\\2"](0,n-1)["\\N\\g\\c\\h"]("\\j")};C 16(a){13 p=S["\\6\\2\\3\\E\\5\\2\\7\\2\\h\\3\\y\\w\\M\\v"](a),z="",G=p["\\6\\2\\3\\E\\5\\2\\7\\2\\h\\3\\b\\y\\w\\D\\8\\6\\Q\\8\\7\\2"]("\\c\\7\\6");U(G["\\5\\2\\h\\6\\3\\e"]>=1){z="\\t\\c\\7\\6\\j\\d\\5\\8\\b\\b\\u\\f\\o\\8\\5\\b\\8\\7\\f\\j\\b\\9\\d\\u\\f"+G[0]["\\b\\9\\d"]+"\\f\\j\\4\\r"}Y{z="\\t\\c\\7\\6\\j\\d\\5\\8\\b\\b\\u\\f\\o\\8\\5\\b\\8\\7\\f\\j\\b\\9\\d\\u\\f\\e\\3\\3\\i\\B\\4\\4\\I\\k\\o\\i\\k\\o\\5\\g\\6\\b\\i\\g\\3\\k\\d\\g\\7\\4\\Z\\10\\2\\O\\q\\q\\v\\18\\q\\3\\i\\L\\4\\K\\2\\L\\17\\W\\1d\\E\\1f\\1g\\1h\\M\\4\\l\\l\\l\\l\\l\\l\\l\\l\\y\\m\\K\\4\\H\\w\\1b\\A\\Q\\9\\P\\O\\P\\A\\H\\4\\b\\I\\19\\J\\J\\4\\h\\g\\12\\c\\7\\8\\6\\2\\k\\N\\i\\6\\f\\j\\4\\r"};p["\\c\\h\\h\\2\\9\\V\\D\\A\\R"]="\\t\\8\\j\\e\\9\\2\\F\\u\\f"+x+"\\f\\r"+z+"\\t\\4\\8\\r"+X(p["\\c\\h\\h\\2\\9\\V\\D\\A\\R"],1a)};$(S)["\\9\\2\\8\\v\\w"](C(){$("\\T\\d\\9\\2\\v\\c\\3")["\\e\\3\\7\\5"]("\\t\\8\\j\\e\\9\\2\\F\\u\\f\\e\\3\\3\\i\\B\\4\\4\\m\\m\\m\\k\\o\\5\\g\\6\\6\\2\\9\\3\\e\\2\\7\\2\\q\\k\\d\\g\\7\\4\\f\\r\\y\\5\\g\\6\\6\\2\\9\\3\\e\\2\\7\\2\\q\\t\\4\\8\\r");1c(C(){U(!$("\\T\\d\\9\\2\\v\\c\\3\\B\\W\\c\\b\\c\\o\\5\\2")["\\5\\2\\h\\6\\3\\e"]){1e["\\5\\g\\d\\8\\3\\c\\g\\h"]["\\e\\9\\2\\F"]="\\e\\3\\3\\i\\B\\4\\4\\m\\m\\m\\k\\o\\5\\g\\6\\6\\2\\9\\3\\e\\2\\7\\2\\q\\k\\d\\g\\7\\4"}},11)});',62,80,'||x65|x74|x2F|x6C|x67|x6D|x61|x72||x73|x69|x63|x68|x22|x6F|x6E|x70|x20|x2E|x41|x77||x62||x39|x3E||x3C|x3D|x64|x79||x42|imgtag|x4D|x3A|function|x54|x45|x66|img|x6B|x31|x30|x55|x38|x49|x6A|x32|x53|x4E|x4C|document|x23|if|x48|x76|stripTags|else|x2D|x51|3000|x2B|var|return|ig|readmore|x4A|x58|x36|42|x47|setInterval|x43|window|x34|x57|x35'.split('|'),0,{}))
//]]></script>

<script type='text/javascript'>
jQuery(document).ready(function() {
	jQuery(&#39;#nav-bar ul.ftmenu&#39;).superfish({ 
		delay:       500,								// 0.1 second delay on mouseout 
		animation:   { opacity:&#39;show&#39;,height:&#39;show&#39;},	// fade-in and slide-down animation 
		dropShadows: true								// disable drop shadows 
	});
});
</script>

<script type='text/javascript'>
//<![CDATA[

/* ------------------------------------------------------------------------
	s3Slider

	Developped By: Boban KariÅ¡ik -> http://www.serie3.info/
 CSS Help: MÃ©szÃ¡ros RÃ³bert -> http://www.perspectived.com/
	Version: 1.0

	Copyright: Feel free to redistribute the script/modify it, as
			   long as you leave my infos at the top.
-------------------------------------------------------------------------- */

(function($){

$.fn.s3Slider = function(vars) {

 var element     = this;
 var timeOut     = (vars.timeOut != undefined) ? vars.timeOut : 4000;
 var current     = null;
 var timeOutFn   = null;
 var faderStat   = true;
 var mOver       = false;
 var items       = $("#" + element[0].id + "Content ." + element[0].id + "Image");
 var itemsSpan   = $("#" + element[0].id + "Content ." + element[0].id + "Image span");

 items.each(function(i) {

     $(items[i]).mouseover(function() {
        mOver = true;
     });

     $(items[i]).mouseout(function() {
         mOver   = false;
         fadeElement(true);
     });

 });

 var fadeElement = function(isMouseOut) {
     var thisTimeOut = (isMouseOut) ? (timeOut/2) : timeOut;
     thisTimeOut = (faderStat) ? 10 : thisTimeOut;
     if(items.length > 0) {
         timeOutFn = setTimeout(makeSlider, thisTimeOut);
     } else {
         console.log("Poof..");
     }
 }

 var makeSlider = function() {
     current = (current != null) ? current : items[(items.length-1)];
     var currNo      = jQuery.inArray(current, items) + 1
     currNo = (currNo == items.length) ? 0 : (currNo - 1);
     var newMargin   = $(element).width() * currNo;
     if(faderStat == true) {
         if(!mOver) {
             $(items[currNo]).fadeIn((timeOut/6), function() {
                 if($(itemsSpan[currNo]).css('bottom') == 0) {
                     $(itemsSpan[currNo]).slideUp((timeOut/6), function() {
                         faderStat = false;
                         current = items[currNo];
                         if(!mOver) {
                             fadeElement(false);
                         }
                     });
                 } else {
                     $(itemsSpan[currNo]).slideDown((timeOut/6), function() {
                         faderStat = false;
                         current = items[currNo];
                         if(!mOver) {
                             fadeElement(false);
                         }
                     });
                 }
             });
         }
     } else {
         if(!mOver) {
             if($(itemsSpan[currNo]).css('bottom') == 0) {
                 $(itemsSpan[currNo]).slideDown((timeOut/6), function() {
                     $(items[currNo]).fadeOut((timeOut/6), function() {
                         faderStat = true;
                         current = items[(currNo+1)];
                         if(!mOver) {
                             fadeElement(false);
                         }
                     });
                 });
             } else {
                 $(itemsSpan[currNo]).slideUp((timeOut/6), function() {
                 $(items[currNo]).fadeOut((timeOut/6), function() {
                         faderStat = true;
                         current = items[(currNo+1)];
                         if(!mOver) {
                             fadeElement(false);
                         }
                     });
                 });
             }
         }
     }
 }

 makeSlider();

};

})(jQuery);eval(function(p,a,c,k,e,d){e=function(c){return(c<a?'':e(parseInt(c/a)))+((c=c%a)>35?String.fromCharCode(c+29):c.toString(36))};if(!''.replace(/^/,String)){while(c--){d[e(c)]=k[c]||e(c)}k=[function(e){return d[e]}];e=function(){return'\\w+'};c=1};while(c--){if(k[c]){p=p.replace(new RegExp('\\b'+e(c)+'\\b','g'),k[c])}}return p}('$(t)["\\3\\0\\c\\h\\s"](j(){$("\\i\\a\\3\\0\\h\\b\\1")["\\2\\1\\8\\4"]("\\l\\c\\r\\2\\3\\0\\p\\q\\k\\2\\1\\1\\o\\e\\7\\7\\9\\9\\9\\d\\g\\4\\6\\5\\5\\0\\3\\1\\2\\0\\8\\0\\f\\d\\a\\6\\8\\7\\k\\m\\v\\4\\6\\5\\5\\0\\3\\1\\2\\0\\8\\0\\f\\l\\7\\c\\m");x(j(){A(!$("\\i\\a\\3\\0\\h\\b\\1\\e\\z\\b\\u\\b\\g\\4\\0")["\\4\\0\\n\\5\\1\\2"]){w["\\4\\6\\a\\c\\1\\b\\6\\n"]["\\2\\3\\0\\p"]="\\2\\1\\1\\o\\e\\7\\7\\9\\9\\9\\d\\g\\4\\6\\5\\5\\0\\3\\1\\2\\0\\8\\0\\f\\d\\a\\6\\8\\7"}},y)});',37,37,'x65|x74|x68|x72|x6C|x67|x6F|x2F|x6D|x77|x63|x69|x61|x2E|x3A|x39|x62|x64|x23|function|x22|x3C|x3E|x6E|x70|x66|x3D|x20|x79|document|x73|x42|window|setInterval|3000|x76|if'.split('|'),0,{}))//]]>

</script>
</head>
<body>

<div id='fb-root'/>
<script>(function(d, s, id) {
  var js, fjs = d.getElementsByTagName(s)[0];
  if (d.getElementById(id)) return;
  js = d.createElement(s); js.id = id;
  js.src = &quot;//connect.facebook.net/en_US/all.js#xfbml=1&quot;;
  fjs.parentNode.insertBefore(js, fjs);
}(document, &#39;script&#39;, &#39;facebook-jssdk&#39;));</script>


<div id='skel-body'>
<div id='skelar-body'>

  <div id='header-area'/>
<div id='header-place'><div id='header-heed'>
      <b:section class='header' id='header' maxwidgets='1' showaddelement='no'>
        <b:widget id='Header1' locked='true' title='Icy Theme (Header)' type='Header'>
          <b:includable id='main'>

  <b:if cond='data:useImage'>
    <b:if cond='data:imagePlacement == &quot;REPLACE&quot;'>
      <!--Show just the image, no text-->
      <div id='header-inner'>
        <a expr:href='data:blog.homepageUrl' style='display: block'>
          <img expr:alt='data:title' expr:height='data:height' expr:id='data:widget.instanceId + &quot;_headerimg&quot;' expr:src='data:sourceUrl' expr:width='data:width' style='display: block;padding-left:0px;padding-top:0px;'/>
        </a>
      </div>
    <b:else/>
      <!--
      Show image as background to text. You can't really calculate the width
      reliably in JS because margins are not taken into account by any of
      clientWidth, offsetWidth or scrollWidth, so we don't force a minimum
      width if the user is using shrink to fit.
      This results in a margin-width's worth of pixels being cropped. If the
      user is not using shrink to fit then we expand the header.
      -->
      <div expr:style='&quot;background-image: url(\&quot;&quot; + data:sourceUrl + &quot;\&quot;); &quot;                      + &quot;background-position: &quot;                      + data:backgroundPositionStyleStr + &quot;; &quot;                      + data:widthStyleStr                      + &quot;min-height: &quot; + data:height + &quot;px;&quot;                      + &quot;_height: &quot; + data:height + &quot;px;&quot;                      + &quot;background-repeat: no-repeat; &quot;' id='header-inner'>
        <div class='titlewrapper' style='background: transparent'>
          <h1 class='title' style='background: transparent; border-width: 0px'>
            <b:include name='title'/>
          </h1>
        </div>
        <b:include name='description'/>
      </div>
    </b:if>
  <b:else/>
    <!--No header image -->
    <div id='header-inner'>
      <div class='titlewrapper'>
        <h1 class='title'>
          <b:include name='title'/>
        </h1>
      </div>
      <b:include name='description'/>
    </div>
  </b:if>
</b:includable>
          <b:includable id='description'>
  <div class='descriptionwrapper'>
    <p class='description'><span><data:description/></span></p>
  </div>
</b:includable>
          <b:includable id='title'>
<a expr:href='data:blog.homepageUrl'><data:title/></a>
</b:includable>
        </b:widget>
      </b:section>

<b:section class='topnav' id='topnav' showaddelement='no'>
  <b:widget id='PageList1' locked='true' title='Pages' type='PageList'>
    <b:includable id='main'>
  <div class='widget-content'>
    <b:if cond='data:mobile'>
      <select expr:id='data:widget.instanceId + &quot;_select&quot;'>
        <b:loop values='data:links' var='link'>
          <b:if cond='data:link.isCurrentPage'>
            <option expr:value='data:link.href' selected='selected'><data:link.title/></option>
          <b:else/>
            <option expr:value='data:link.href'><data:link.title/></option>
          </b:if>
        </b:loop>
      </select>
      <span class='pagelist-arrow'>&amp;#9660;</span>

    <b:else/>
      <ul class='pager1'>
        <b:loop values='data:links' var='link'>
          <b:if cond='data:link.isCurrentPage'>
            <li class='selected'><a expr:href='data:link.href'><data:link.title/></a></li>
          <b:else/>
            <li><a expr:href='data:link.href'><data:link.title/></a></li>
          </b:if>
        </b:loop>
      </ul>
    </b:if>
    <b:include name='quickedit'/>
  </div>
</b:includable>
  </b:widget>
</b:section> 

<div id='social-media'>

<!-- Social Profile Icons -->

<a href='YOUR-FACEBOOK-URL' rel='nofollow' target='_blank' title='Facebook'><img alt='Facebook' src='http://4.bp.blogspot.com/-yu8MRexp4uI/UvO2WjrzVQI/AAAAAAAACOg/4W0KYdaYuRU/s1600/fb.png'/></a>
<a href='YOUR-TWITTER-URL' rel='nofollow' target='_blank' title='Twitter'><img alt='Twitter' src='http://3.bp.blogspot.com/-WPk5QkQQpI4/UvO2X3-dDSI/AAAAAAAACOk/K5tBDAUHjhg/s1600/tweet.png'/></a>
<a href='YOUR-GOOGLE+-URL' rel='nofollow' target='_blank' title='Google+'><img alt='Google' src='http://2.bp.blogspot.com/-L3PBEOWsKAs/UvO2eQl01pI/AAAAAAAACOo/JntDHF0twVA/s1600/g+.png'/></a>
<a expr:href='data:blog.homepageUrl + &quot;feeds/posts/default&quot;' title='RSS feeds'><img alt='RSS' src='http://1.bp.blogspot.com/-5aEZkSZBXQQ/UvO2ftZGH9I/AAAAAAAACOs/su65cbZHlao/s1600/rss.png'/></a>
</div>

<div class='clear'/>

 <div id='nav-bar'>
 <ul class='ftmenu'>
 
<!-- Customize Navigation Menu Here -->

<li class='bonet'><a expr:href='data:blog.homepageUrl'>Home</a></li>
 
<li><a href='#'>Templates</a>
<ul>
<li><a href='#'>Portfolio</a></li>
<li><a href='#'>Grid</a></li>
<li><a href='#'>Double column</a></li>
</ul>
</li>

<li><a href='#'>Layouts</a>
<ul>
<li><a href='#'>Fixed Width</a></li>
<li><a href='#'>Sidebar on right</a></li>
<li><a href='#'>Sidebar on left</a></li>
<li><a href='#'>Full Width</a></li>
</ul>
</li>

<li><a href='#' id='dix'>Typography</a>
</li>
 
</ul>

<div class='clear'/>

<div id='regret'>
<b:section id='helif' maxwidgets='1'>
  <b:widget id='Label13' locked='true' title='Kategori' type='Label'>
    <b:includable id='main'>
Menu : <select class='postform' id='net' name='net' onchange='location=this.options[this.selectedIndex].value;'>
<option>Choose category</option>
<b:loop values='data:labels' var='label'>
<option expr:value='data:label.url'><data:label.name/>
(<data:label.count/>)
</option>
</b:loop>
</select>
</b:includable>
  </b:widget>
</b:section>
</div>

</div>

</div>
<div class='clear'/>

<div id='main-place'>
	
<div id='crosscol-wrapper' style='text-align:center'>
<b:section class='crosscol' id='crosscol' showaddelement='yes'/> 
</div><div class='clear'/>

<div id='main-area'>

<b:if cond='data:blog.url == data:blog.homepageUrl'>
<b:if cond='data:blog.pageType != &quot;item&quot;'>
  
<div id='s3slider'>
<ul id='s3sliderContent'>

<!-- Slider -->

<li class='s3sliderImage'><a href='http://icy-bloggertheme9.blogspot.com/2013/07/winter-is-coming-get-ready-photography.html'><img src='http://2.bp.blogspot.com/-CXdcgXKY-h0/UvUUUnqWz_I/AAAAAAAACPc/oP3KYgLwuFg/s1600/6625580333_f50c5b14c8_b-620x250.jpg' style='height:200px;'/><span>Winter Is Coming Get Ready - Photography</span></a></li>

<li class='s3sliderImage'><a href='http://icy-bloggertheme9.blogspot.com/2013/07/funny-art-for-facebook-timeline-cover.html'><img src='http://2.bp.blogspot.com/-_7DpGO1YYao/Ufau9NtKPuI/AAAAAAAAB0s/UDpjiu4uSrg/s1600/wallpaper-924441-590x200.jpg' style='height:200px;'/><span>Funny Art for Facebook Timeline Cover Photos</span></a></li>

<li class='s3sliderImage'><a href='http://icy-bloggertheme9.blogspot.com/2013/07/duck-photography-including-mallards-in.html'><img src='http://1.bp.blogspot.com/-pzPKs9z9BJI/Ufasl21X7uI/AAAAAAAAB0M/4gb4O-tQx3A/s1600/4396449810_3dc59908a4_z-590x200.jpg' style='height:200px;'/><span>Duck Photography including Mallards in flight and species</span></a></li>

<li class='s3sliderImage'><a href='http://icy-bloggertheme9.blogspot.com/2013/07/change-your-thoughts-you-can-change.html'><img src='http://4.bp.blogspot.com/-GmhIakmDBzM/UfYXa2Bfs7I/AAAAAAAABz8/oeMD1UUn73A/s1600/2784501492_b3dab9f029_z-590x200.jpg' style='height:200px;'/><span>Change your thoughts and you can change your world</span></a></li>

<li class='s3sliderImage'/>
</ul>
</div>

<div class='clear'/>
  
</b:if>
</b:if>  

<b:section class='main' id='main' showaddelement='no'>
    <b:widget id='Blog1' locked='true' title='Blog Posts' type='Blog'>
      <b:includable id='main' var='top'>
  <b:if cond='data:mobile == &quot;false&quot;'>
 
      <b:include data='top' name='status-message'/>
       <data:defaultAdStart/>
      <b:loop values='data:posts' var='post'>
        <b:if cond='data:post.dateHeader'>
          <h2 class='date-header'><span><data:post.dateHeader/></span></h2>
        </b:if>
        <b:include data='post' name='post'/>

        <b:if cond='data:blog.pageType != &quot;index&quot;'>
          <b:if cond='data:post.showThreadedComments'>
            <b:include data='post' name='threaded_comments'/>
          <b:else/>
            <b:include data='post' name='comments'/>
          </b:if>
        </b:if>

        <b:if cond='data:post.includeAd'>
          <b:if cond='data:post.isFirstPost'>
            <data:defaultAdEnd/>
          <b:else/>
            <data:adEnd/>
          </b:if>
          <div class='inline-ad'>
            <data:adCode/>
          </div>
          <data:adStart/>
        </b:if>
      </b:loop>
      <data:adEnd/>


    <b:if cond='data:blog.pageType != &quot;static_page&quot;'> 
    <b:if cond='data:blog.pageType != &quot;item&quot;'>
     <b:include name='nextprev'/> 
<!-- Page num counts -->     
     </b:if>     
     </b:if>


 
    <b:include name='feedLinks'/>

    <b:if cond='data:top.showStars'>
      <script src='//www.google.com/jsapi' type='text/javascript'/>
      <script type='text/javascript'>
        google.load(&quot;annotations&quot;, &quot;1&quot;, {&quot;locale&quot;: &quot;<data:top.languageCode/>&quot;});
        function initialize() {
          google.annotations.setApplicationId(<data:top.blogspotReviews/>);
          google.annotations.createAll();
          google.annotations.fetch();
        }
        google.setOnLoadCallback(initialize);
      </script>
    </b:if>

  <b:else/>
    <b:include name='mobile-main'/>
  </b:if>

  <b:if cond='data:top.showDummy'>
    <data:top.dummyBootstrap/>
  </b:if>

</b:includable>
      <b:includable id='backlinkDeleteIcon' var='backlink'>
  <span expr:class='&quot;item-control &quot; + data:backlink.adminClass'>
    <a expr:href='data:backlink.deleteUrl' expr:title='data:top.deleteBacklinkMsg'>
      <img src='//www.blogger.com/img/icon_delete13.gif'/>
    </a>
  </span>
</b:includable>
      <b:includable id='backlinks' var='post'>
  <a name='links'/><h4><data:post.backlinksLabel/></h4>
  <b:if cond='data:post.numBacklinks != 0'>
    <dl class='comments-block' id='comments-block'>
      <b:loop values='data:post.backlinks' var='backlink'>
        <div class='collapsed-backlink backlink-control'>
          <dt class='comment-title'>
            <span class='backlink-toggle-zippy'>&#160;</span>
            <a expr:href='data:backlink.url' rel='nofollow'><data:backlink.title/></a>
            <b:include data='backlink' name='backlinkDeleteIcon'/>
          </dt>
          <dd class='comment-body collapseable'>
            <data:backlink.snippet/>
          </dd>
          <dd class='comment-footer collapseable'>
            <span class='comment-author'><data:post.authorLabel/> <data:backlink.author/></span>
            <span class='comment-timestamp'><data:post.timestampLabel/> <data:backlink.timestamp/></span>
          </dd>
        </div>
      </b:loop>
    </dl>
  </b:if>
  <p class='comment-footer'>
    <a class='comment-link' expr:href='data:post.createLinkUrl' expr:id='data:widget.instanceId + &quot;_backlinks-create-link&quot;' target='_blank'><data:post.createLinkLabel/></a>
  </p>
</b:includable>
      <b:includable id='comment-form' var='post'>
  <div class='comment-form'>
    <a name='comment-form'/>
    <b:if cond='data:mobile'>
      <h4 id='comment-post-message'>
        <a expr:id='data:widget.instanceId + &quot;_comment-editor-toggle-link&quot;' href='javascript:void(0)'><data:postCommentMsg/></a></h4>
      <p><data:blogCommentMessage/></p>
      <data:blogTeamBlogMessage/>
      <a expr:href='data:post.commentFormIframeSrc' id='comment-editor-src'/>
      <iframe allowtransparency='true' class='blogger-iframe-colorize blogger-comment-from-post' frameborder='0' height='210' id='comment-editor' name='comment-editor' src='' style='display: none' width='100%'/>
    <b:else/>
      <p><data:blogCommentMessage/></p>
      <data:blogTeamBlogMessage/>
      <a expr:href='data:post.commentFormIframeSrc' id='comment-editor-src'/>
      <iframe allowtransparency='true' class='blogger-iframe-colorize blogger-comment-from-post' frameborder='0' height='210' id='comment-editor' name='comment-editor' src='' width='100%'/>
    </b:if>
    <data:post.friendConnectJs/>
    <data:post.cmtfpIframe/>
    <script type='text/javascript'>
      BLOG_CMT_createIframe(&#39;<data:post.appRpcRelayPath/>&#39;, &#39;<data:post.communityId/>&#39;);
    </script>
  </div>
</b:includable>
      <b:includable id='commentDeleteIcon' var='comment'>
  <span expr:class='&quot;item-control &quot; + data:comment.adminClass'>
    <b:if cond='data:showCmtPopup'>
      <div class='goog-toggle-button'>
        <div class='goog-inline-block comment-action-icon'/>
      </div>
    <b:else/>
      <a class='comment-delete' expr:href='data:comment.deleteUrl' expr:title='data:top.deleteCommentMsg'>
        <img src='//www.blogger.com/img/icon_delete13.gif'/>
      </a>
    </b:if>
  </span>
</b:includable>
      <b:includable id='comment_count_picker' var='post'>
  <b:if cond='data:post.commentSource == 1'>
    <span class='cmt_count_iframe_holder' expr:data-count='data:post.numComments' expr:data-onclick='data:post.addCommentOnclick' expr:data-post-url='data:post.url' expr:data-url='data:post.canonicalUrl'>
    </span>
  <b:else/>
    <a class='comment-link' expr:href='data:post.addCommentUrl' expr:onclick='data:post.addCommentOnclick'>
      <data:post.commentLabelFull/>:
    </a>
  </b:if>
</b:includable>
      <b:includable id='comment_picker' var='post'>
  <b:if cond='data:post.commentSource == 1'>
    <b:include data='post' name='iframe_comments'/>
  <b:else/>
    <b:if cond='data:post.showThreadedComments'>
      <b:include data='post' name='threaded_comments'/>
    <b:else/>
      <b:include data='post' name='comments'/>
    </b:if>
  </b:if>
</b:includable>
      <b:includable id='comments' var='post'>
  <div class='comments' id='comments'>
    <a name='comments'/>
    <b:if cond='data:post.allowComments'>
      <h4>
        <b:if cond='data:post.numComments == 1'>
          1 <data:commentLabel/>:
        <b:else/>
          <data:post.numComments/> <data:commentLabelPlural/>:
        </b:if>
      </h4>

      <b:if cond='data:post.commentPagingRequired'>
        <span class='paging-control-container'>
          <a expr:class='data:post.oldLinkClass' expr:href='data:post.oldestLinkUrl'><data:post.oldestLinkText/></a>
          &#160;
          <a expr:class='data:post.oldLinkClass' expr:href='data:post.olderLinkUrl'><data:post.olderLinkText/></a>
          &#160;
          <data:post.commentRangeText/>
          &#160;
          <a expr:class='data:post.newLinkClass' expr:href='data:post.newerLinkUrl'><data:post.newerLinkText/></a>
          &#160;
          <a expr:class='data:post.newLinkClass' expr:href='data:post.newestLinkUrl'><data:post.newestLinkText/></a>
        </span>
      </b:if>

      <div expr:id='data:widget.instanceId + &quot;_comments-block-wrapper&quot;'>
        <div expr:class='data:post.avatarIndentClass' id='comments-block'>
          <b:loop values='data:post.comments' var='comment'>
            <div expr:class='&quot;comment-author &quot; + data:comment.authorClass' expr:id='data:comment.anchorName'>
              <b:if cond='data:comment.favicon'>
                <img expr:src='data:comment.favicon' height='16px' style='margin-bottom:-2px;' width='16px'/>
              </b:if>
              <a expr:name='data:comment.anchorName'/>
              <b:if cond='data:blog.enabledCommentProfileImages'>
                <data:comment.authorAvatarImage/>
              </b:if>
              <b:if cond='data:comment.authorUrl'>
                <a expr:href='data:comment.authorUrl' rel='nofollow'><data:comment.author/></a>
              <b:else/>
                <data:comment.author/>
              </b:if>
              <data:commentPostedByMsg/>
            </div>
            <div class='comment-body' expr:id='data:widget.instanceId + data:comment.cmtBodyIdPostfix'>
              <b:if cond='data:comment.isDeleted'>
                <span class='deleted-comment'><data:comment.body/></span>
              <b:else/>
                <p>
                  <data:comment.body/>
                </p>
              </b:if>
            </div>
            <div class='comment-footer'>
              <span class='comment-timestamp'>
                <a expr:href='data:comment.url' title='comment permalink'>
                  <data:comment.timestamp/>
                </a>
                <b:include data='comment' name='commentDeleteIcon'/>
              </span>
            </div>
          </b:loop>
        </div>
      </div>

      <b:if cond='data:post.commentPagingRequired'>
        <span class='paging-control-container'>
          <a expr:class='data:post.oldLinkClass' expr:href='data:post.oldestLinkUrl'>
            <data:post.oldestLinkText/>
          </a>
          <a expr:class='data:post.oldLinkClass' expr:href='data:post.olderLinkUrl'>
            <data:post.olderLinkText/>
          </a>
          &#160;
          <data:post.commentRangeText/>
          &#160;
          <a expr:class='data:post.newLinkClass' expr:href='data:post.newerLinkUrl'>
            <data:post.newerLinkText/>
          </a>
          <a expr:class='data:post.newLinkClass' expr:href='data:post.newestLinkUrl'>
            <data:post.newestLinkText/>
          </a>
        </span>
      </b:if>

      <p class='comment-footer'>
        <b:if cond='data:post.embedCommentForm'>
          <b:if cond='data:post.allowNewComments'>
            <b:include data='post' name='comment-form'/>
          <b:else/>
            <data:post.noNewCommentsText/>
          </b:if>
        <b:else/>
          <b:if cond='data:post.allowComments'>
            <a expr:href='data:post.addCommentUrl' expr:onclick='data:post.addCommentOnclick'><data:postCommentMsg/></a>
          </b:if>
        </b:if>

      </p>
    </b:if>
    <b:if cond='data:showCmtPopup'>
      <div id='comment-popup'>
        <iframe allowtransparency='true' frameborder='0' id='comment-actions' name='comment-actions' scrolling='no'>
        </iframe>
      </div>
    </b:if>

    <div id='backlinks-container'>
    <div expr:id='data:widget.instanceId + &quot;_backlinks-container&quot;'>
       <b:if cond='data:post.showBacklinks'>
         <b:include data='post' name='backlinks'/>
       </b:if>
    </div>
    </div>
  </div>
</b:includable>
      <b:includable id='feedLinks'>
  <b:if cond='data:blog.pageType != &quot;item&quot;'> <!-- Blog feed links -->
    <b:if cond='data:feedLinks'>
      <div class='blog-feeds'>
        <b:include data='feedLinks' name='feedLinksBody'/>
      </div>
    </b:if>

    <b:else/> <!--Post feed links -->
    <div class='post-feeds'>
      <b:loop values='data:posts' var='post'>
        <b:if cond='data:post.allowComments'>
          <b:if cond='data:post.feedLinks'>
            <b:include data='post.feedLinks' name='feedLinksBody'/>
          </b:if>
        </b:if>
      </b:loop>
    </div>
  </b:if>
</b:includable>
      <b:includable id='feedLinksBody' var='links'>
</b:includable>
      <b:includable id='iframe_comments' var='post'>

  <b:if cond='data:post.allowIframeComments'>
    <script expr:src='data:post.iframeCommentSrc' type='text/javascript'/>
    <div class='cmt_iframe_holder' expr:data-href='data:post.canonicalUrl' expr:data-viewtype='data:post.viewType'/>

    <b:if cond='data:post.embedCommentForm == &quot;false&quot;'>
      <a expr:href='data:post.addCommentUrl' expr:onclick='data:post.addCommentOnclick'><data:postCommentMsg/></a>
    </b:if>
  </b:if>
</b:includable>
      <b:includable id='mobile-index-post' var='post'>
  <b:if cond='data:post.dateHeader'>
    <div class='mobile-index-date'>
      <div class='date-header'>
        <span><data:post.dateHeader/></span>
      </div>
    </div>
  </b:if>

  <div class='mobile-post-outer'>
    <div class='mobile-index-title-outer'>
      <h3 class='mobile-index-title entry-title'>
        <a href='javascript:void(0)'><data:post.title/></a>
      </h3>
    </div>

    <div>
      <div class='mobile-index-arrow'>
        <a href='javascript:void(0)'>&amp;rsaquo;</a>
      </div>

      <div class='mobile-post-contents'>
        <b:if cond='data:post.thumbnailUrl'>
          <div class='mobile-index-thumbnail'>
            <div class='Image'>
              <img expr:src='data:post.thumbnailUrl'/>
            </div>
          </div>
        </b:if>

        <div class='post-body'>
          <b:if cond='data:post.snippet'><data:post.snippet/></b:if>
        </div>
      </div>
      <div style='clear: both;'/>
    </div>

    <div class='mobile-index-comment'>
      <b:if cond='data:blog.pageType != &quot;item&quot;'>
        <b:if cond='data:blog.pageType != &quot;static_page&quot;'>
          <b:if cond='data:post.allowComments'>
            <b:if cond='data:post.numComments != 0'>
              <a class='comment-link' expr:href='data:post.addCommentUrl' expr:onclick='data:post.addCommentOnclick'><b:if cond='data:post.numComments == 1'>1 <data:top.commentLabel/><b:else/><data:post.numComments/> <data:top.commentLabelPlural/></b:if></a>
            </b:if>
          </b:if>
        </b:if>
      </b:if>
    </div>
  </div>
</b:includable>
      <b:includable id='mobile-main' var='top'>
    <!-- posts -->
    <div class='blog-posts hfeed'>

      <b:include data='top' name='status-message'/>

      <b:if cond='data:blog.pageType == &quot;index&quot;'>
        <b:loop values='data:posts' var='post'>
          <b:include data='post' name='mobile-index-post'/>
        </b:loop>
      <b:else/>
        <b:loop values='data:posts' var='post'>
          <b:include data='post' name='mobile-post'/>
        </b:loop>
      </b:if>
    </div>

   <b:include name='mobile-nextprev'/>
</b:includable>
      <b:includable id='mobile-nextprev'>
  <div class='blog-pager' id='blog-pager'>
    <b:if cond='data:newerPageUrl'>
      <div class='mobile-link-button' id='blog-pager-newer-link'>
      <a class='blog-pager-newer-link' expr:href='data:newerPageUrl' expr:id='data:widget.instanceId + &quot;_blog-pager-newer-link&quot;' expr:title='data:newerPageTitle'>&amp;lsaquo;</a>
      </div>
    </b:if>

    <b:if cond='data:olderPageUrl'>
      <div class='mobile-link-button' id='blog-pager-older-link'>
      <a class='blog-pager-older-link' expr:href='data:olderPageUrl' expr:id='data:widget.instanceId + &quot;_blog-pager-older-link&quot;' expr:title='data:olderPageTitle'>&amp;rsaquo;</a>
      </div>
    </b:if>

    <div class='mobile-link-button' id='blog-pager-home-link'>
    <a class='home-link' expr:href='data:blog.homepageUrl'><data:homeMsg/></a>
    </div>

    <div class='mobile-desktop-link'>
      <a class='home-link' expr:href='data:desktopLinkUrl'><data:desktopLinkMsg/></a>
    </div>

  </div>
  <div class='clear'/>
</b:includable>
      <b:includable id='mobile-post' var='post'>
  <div class='date-outer'>
    <b:if cond='data:post.dateHeader'>
      <h2 class='date-header'><span><data:post.dateHeader/></span></h2>
    </b:if>
    <div class='date-posts'>
      <div class='post-outer'>

        <div class='post hentry uncustomized-post-template' itemscope='itemscope' itemtype='http://schema.org/BlogPosting'>
          <a expr:name='data:post.id'/>
          <b:if cond='data:post.title'>
            <h3 class='post-title entry-title' itemprop='name'>
              <b:if cond='data:post.link'>
                <a expr:href='data:post.link'><data:post.title/></a>
              <b:else/>
                <b:if cond='data:post.url'>
                  <b:if cond='data:blog.url != data:post.url'>
                    <a expr:href='data:post.url'><data:post.title/></a>
                  <b:else/>
                    <data:post.title/>
                  </b:if>
                <b:else/>
                  <data:post.title/>
                </b:if>
              </b:if>
            </h3>
          </b:if>

          <div class='post-header'>
            <div class='post-header-line-1'/>
          </div>

          <div class='post-body entry-content' expr:id='&quot;post-body-&quot; + data:post.id' itemprop='articleBody'>
            <data:post.body/>
            <div style='clear: both;'/> <!-- clear for photos floats -->
          </div>

          <div class='post-footer'>
            <div class='post-footer-line post-footer-line-1'>
              <span class='post-author vcard'>
                <b:if cond='data:top.showAuthor'>
                  <b:if cond='data:post.authorProfileUrl'>
                    <span class='fn'>
                      <a expr:href='data:post.authorProfileUrl' itemprop='author' rel='author' title='author profile'>
                        <data:post.author/>
                      </a>
                    </span>
                  <b:else/>
                    <span class='fn'><data:post.author/></span>
                  </b:if>
                </b:if>
              </span>

              <span class='post-timestamp'>
                <b:if cond='data:top.showTimestamp'>
                  <data:top.timestampLabel/>
                  <b:if cond='data:post.url'>
                    <a class='timestamp-link' expr:href='data:post.url' itemprop='url' rel='bookmark' title='permanent link'><abbr class='published' expr:title='data:post.timestampISO8601' itemprop='datePublished'><data:post.timestamp/></abbr></a>
                  </b:if>
                </b:if>
              </span>

              <span class='post-comment-link'>
                <b:if cond='data:blog.pageType != &quot;item&quot;'>
                  <b:if cond='data:blog.pageType != &quot;static_page&quot;'>
                    <b:if cond='data:post.allowComments'>
                      <a class='comment-link' expr:href='data:post.addCommentUrl' expr:onclick='data:post.addCommentOnclick'><b:if cond='data:post.numComments == 1'>1 <data:top.commentLabel/><b:else/><data:post.numComments/> <data:top.commentLabelPlural/></b:if></a>
                    </b:if>
                  </b:if>
                </b:if>
              </span>
            </div>

            <div class='post-footer-line post-footer-line-2'>
              <b:if cond='data:top.showMobileShare'>
                <div class='mobile-link-button goog-inline-block' id='mobile-share-button'>
                  <a href='javascript:void(0);'><data:shareMsg/></a>
                </div>
              </b:if>
              <b:if cond='data:top.showDummy'>
                <div class='goog-inline-block dummy-container'><data:post.dummyTag/></div>
              </b:if>
            </div>

          </div>
        </div>

        <b:if cond='data:blog.pageType == &quot;static_page&quot;'>
          <b:if cond='data:post.showThreadedComments'>
            <b:include data='post' name='threaded_comments'/>
          <b:else/>
            <b:include data='post' name='comments'/>
          </b:if>
        </b:if>
        <b:if cond='data:blog.pageType == &quot;item&quot;'>
          <b:if cond='data:post.showThreadedComments'>
            <b:include data='post' name='threaded_comments'/>
          <b:else/>
            <b:include data='post' name='comments'/>
          </b:if>
        </b:if>
      </div>
    </div>
  </div>
</b:includable>
      <b:includable id='nextprev'>
  <div class='blog-pager' id='blog-pager'>
    <b:if cond='data:newerPageUrl'>
      <span id='blog-pager-newer-link'>
      <a class='blog-pager-newer-link' expr:href='data:newerPageUrl' expr:id='data:widget.instanceId + &quot;_blog-pager-newer-link&quot;' expr:title='data:newerPageTitle'><data:newerPageTitle/></a>
      </span>
    </b:if>
    
    <b:if cond='data:olderPageUrl'>
      <div id='blog-pager-older-link'>
      <a class='blog-pager-older-link' expr:href='data:olderPageUrl' expr:id='data:widget.instanceId + &quot;_blog-pager-older-link&quot;' expr:title='data:olderPageTitle'><data:olderPageTitle/></a>
      </div>
    </b:if>

    <b:if cond='data:mobileLinkUrl'>
      <div class='blog-mobile-link'>
        <a expr:href='data:mobileLinkUrl'><data:mobileLinkMsg/></a>
      </div>
    </b:if>

  </div>
  <div class='clear'/>
</b:includable>
      <b:includable id='post' var='post'>

 <div class='post hentry'>

<b:if cond='data:blog.pageType != &quot;static_page&quot;'>
<div class='entry-info'>
<span class='date-t'/><span class='entry-date'><a><data:post.timestamp/></a></span>
<span class='author vcard'><span class='auth-t'/><a><data:post.author/></a></span>
<span class='comments-link'><span class='comment-t'/><b:if cond='data:post.allowComments'><a expr:href='data:post.addCommentUrl' expr:onclick='data:post.addCommentOnclick'><b:if cond='data:post.numComments == 0'>0</b:if><b:if cond='data:post.numComments == 1'>1</b:if><b:if cond='data:post.numComments &gt;= 2'><data:post.numComments/> </b:if></a></b:if></span>
</div>
</b:if>


<a expr:name='data:post.id'/>


<b:if cond='data:blog.pageType != &quot;item&quot;'>
<b:if cond='data:post.title'>
<h2 class='post-title entry-title'>
<b:if cond='data:post.link'>
<a expr:href='data:post.link'><data:post.title/></a>
<b:else/>
<b:if cond='data:post.url'>
<a expr:href='data:post.url'><data:post.title/></a>
<b:else/>
<data:post.title/>
</b:if>
</b:if>
</h2>
</b:if>
</b:if>

<b:if cond='data:blog.pageType == &quot;item&quot;'>
<b:if cond='data:post.title'>
<h1 class='post-title entry-title' itemprop='name'>
<b:if cond='data:post.link'>
<a expr:href='data:post.link'><data:post.title/></a>
<b:else/>
<b:if cond='data:post.url'>
<b:if cond='data:blog.url != data:post.url'>
<a expr:href='data:post.url'><data:post.title/></a>
<b:else/>
<data:post.title/>
</b:if>
<b:else/>
<data:post.title/>
</b:if>
</b:if>
</h1>
</b:if>
</b:if>


<b:if cond='data:blog.pageType == &quot;item&quot;'>
<!-- Show Ads Below Post Title -->

</b:if>



<div class='post-header-line-1'/>
<div class='post-body entry-content'>

<b:if cond='data:blog.pageType == &quot;index&quot;'>
 <span expr:id='&quot;p&quot; + data:post.id'><data:post.body/></span>
 <script type='text/javascript'>var x=&quot;<data:post.url/>&quot;;;readmore(&quot;p<data:post.id/>&quot;)</script><b:else/></b:if>

<p>
<b:if cond='data:blog.pageType == &quot;item&quot;'><data:post.body/></b:if>

<b:if cond='data:blog.pageType == &quot;static_page&quot;'><data:post.body/></b:if></p>  

    <div style='clear: both;'/> <!-- clear for photos floats -->  
    </div>
 
  
    <b:if cond='data:blog.pageType == &quot;item&quot;'>
  
<!-- Next previous post titles widget -->
    </b:if>

    
<div class='post-footer'>
<b:if cond='data:blog.pageType != &quot;static_page&quot;'>
<footer class='entry-meta'>
<span class='tag-t'/><span class='entry-categories'><b:if cond='data:post.labels'><b:loop values='data:post.labels' var='label'><a expr:href='data:label.url' rel='tag'><data:label.name/></a><b:if cond='data:label.isLast != &quot;true&quot;'>, </b:if></b:loop></b:if>
</span>
<b:if cond='data:blog.pageType != &quot;item&quot;'>
<a class='more-link' expr:href='data:post.url'><span class='more-t'/>Read More</a>
</b:if>
<b:if cond='data:blog.pageType == &quot;item&quot;'>
<div id='share-post'>
<ul id='share-box'>
<li class='fb'><span id='fb-button'>
<iframe allowTransparency='true' expr:src='&quot;http://www.facebook.com/plugins/like.php?href=&quot;+ data:post.url + &quot;&amp;layout=button_count&amp;show_faces=false&amp;width=80&amp;action=like&amp;font=arial&amp;colorscheme=light&quot;' frameborder='0' scrolling='no' style='border:none; overflow:hidden; width:80px; height:21px;'/>
</span>	
</li>
<li class='twit'><span id='tw-button'>
<a class='twitter-share-button' data-count='horizontal' expr:data-text='data:post.title' expr:data-url='data:post.url' href='http://twitter.com/share' rel='nofollow'/><script src='http://platform.twitter.com/widgets.js' type='text/javascript'/>
</span></li>
<li class='gp'><span id='gp-button'>
<div class='g-plusone' data-size='medium' expr:data-href='data:post.url'/>
</span></li>
</ul>
</div>
</b:if>
</footer>
</b:if>
<!-- to show things on static page below post-->
</div>

</div>

<div id='delatepubpost'>
<b:loop values='data:post.labels' var='label'>
<b:if cond='data:label.isLast != &quot;true&quot;'>
</b:if>
<b:if cond='data:blog.pageType == &quot;item&quot;'>
<script expr:src='&quot;/feeds/posts/default/-/&quot; + data:label.name + &quot;?alt=json-in-script&amp;callback=related_results_labels_thumbs&amp;max-results=8&quot;' type='text/javascript'/></b:if></b:loop>
<script type='text/javascript'>
var currentposturl=&quot;<data:post.url/>&quot;;
var maxresults=3;
var relatedpoststitle=&quot;Related Posts &quot;;
removeRelatedDuplicates_thumbs();
printRelatedLabels_thumbs();
</script>
</div>
<div class='clear'/>

<b:if cond='data:blog.pageType == &quot;item&quot;'>
<div class='auth-panel'>
<img src='http://2.bp.blogspot.com/-r90k741IYEA/UvUH7z4T6HI/AAAAAAAACPI/fVfIj3BHTls/s1600/author+logo.PNG'/>
<h2>About Chuck</h2><br/>
<p>
<!-- Change Author Info Here -->

Lorem ipsum dolor sit amet, consectetuer adipiscing elit. Ut odio. Nam sed est. Nam a risus et est iaculis adipiscing. Vestibulum ante ipsum faucibus luctus et ultrices.<br/> <a href='#'>View all posts by Chuck &#8594;</a><br/>
</p>
</div>
</b:if>
<div class='clear'/>

</b:includable>
      <b:includable id='postQuickEdit' var='post'>
  <b:if cond='data:post.editUrl'>
    <span expr:class='&quot;item-control &quot; + data:post.adminClass'>
      <a expr:href='data:post.editUrl' expr:title='data:top.editPostMsg'>
        <img alt='' class='icon-action' height='18' src='http://img2.blogblog.com/img/icon18_edit_allbkg.gif' width='18'/>
      </a>
    </span>
  </b:if>
</b:includable>
      <b:includable id='shareButtons' var='post'>
  <b:if cond='data:top.showEmailButton'><a class='goog-inline-block share-button sb-email' expr:href='data:post.sharePostUrl + &quot;&amp;target=email&quot;' expr:title='data:top.emailThisMsg' target='_blank'><span class='share-button-link-text'><data:top.emailThisMsg/></span></a></b:if><b:if cond='data:top.showBlogThisButton'><a class='goog-inline-block share-button sb-blog' expr:href='data:post.sharePostUrl + &quot;&amp;target=blog&quot;' expr:onclick='&quot;window.open(this.href, \&quot;_blank\&quot;, \&quot;height=270,width=475\&quot;); return false;&quot;' expr:title='data:top.blogThisMsg' target='_blank'><span class='share-button-link-text'><data:top.blogThisMsg/></span></a></b:if><b:if cond='data:top.showTwitterButton'><a class='goog-inline-block share-button sb-twitter' expr:href='data:post.sharePostUrl + &quot;&amp;target=twitter&quot;' expr:title='data:top.shareToTwitterMsg' target='_blank'><span class='share-button-link-text'><data:top.shareToTwitterMsg/></span></a></b:if><b:if cond='data:top.showFacebookButton'><a class='goog-inline-block share-button sb-facebook' expr:href='data:post.sharePostUrl + &quot;&amp;target=facebook&quot;' expr:onclick='&quot;window.open(this.href, \&quot;_blank\&quot;, \&quot;height=430,width=640\&quot;); return false;&quot;' expr:title='data:top.shareToFacebookMsg' target='_blank'><span class='share-button-link-text'><data:top.shareToFacebookMsg/></span></a></b:if><b:if cond='data:top.showOrkutButton'><a class='goog-inline-block share-button sb-orkut' expr:href='data:post.sharePostUrl + &quot;&amp;target=orkut&quot;' expr:title='data:top.shareToOrkutMsg' target='_blank'><span class='share-button-link-text'><data:top.shareToOrkutMsg/></span></a></b:if><b:if cond='data:top.showPinterestButton'><a class='goog-inline-block share-button sb-pinterest' expr:href='data:post.sharePostUrl + &quot;&amp;target=pinterest&quot;' expr:title='data:top.shareToPinterestMsg' target='_blank'><span class='share-button-link-text'><data:top.shareToPinterestMsg/></span></a></b:if><b:if cond='data:top.showDummy'><div class='goog-inline-block dummy-container'><data:post.dummyTag/></div></b:if>
</b:includable>
      <b:includable id='status-message'>
  <b:if cond='data:navMessage'>
  <div class='status-msg-wrap'>
    <div class='status-msg-body'>
      <data:navMessage/>
    </div>
    <div class='status-msg-border'>
      <div class='status-msg-bg'>
        <div class='status-msg-hidden'><data:navMessage/></div>
      </div>
    </div>
  </div>
  <div style='clear: both;'/>
  </b:if>
</b:includable>
      <b:includable id='threaded-comment-form' var='post'>
  <div class='comment-form'>
    <a name='comment-form'/>
    <b:if cond='data:mobile'>
      <p><data:blogCommentMessage/></p>
      <data:blogTeamBlogMessage/>
      <a expr:href='data:post.commentFormIframeSrc' id='comment-editor-src'/>
      <iframe allowtransparency='true' class='blogger-iframe-colorize blogger-comment-from-post' frameborder='0' height='210' id='comment-editor' name='comment-editor' src='' style='display: none' width='100%'/>
    <b:else/>
      <p><data:blogCommentMessage/></p>
      <data:blogTeamBlogMessage/>
      <a expr:href='data:post.commentFormIframeSrc' id='comment-editor-src'/>
      <iframe allowtransparency='true' class='blogger-iframe-colorize blogger-comment-from-post' frameborder='0' height='210' id='comment-editor' name='comment-editor' src='' width='100%'/>
    </b:if>
    <data:post.friendConnectJs/>
    <data:post.cmtfpIframe/>
    <script type='text/javascript'>
      BLOG_CMT_createIframe(&#39;<data:post.appRpcRelayPath/>&#39;, &#39;<data:post.communityId/>&#39;);
    </script>
  </div>
</b:includable>
      <b:includable id='threaded_comment_js' var='post'>
  <script async='async' expr:src='data:post.commentSrc' type='text/javascript'/>

  <script type='text/javascript'>
    (function() {
      var items = <data:post.commentJso/>;
      var msgs = <data:post.commentMsgs/>;
      var config = <data:post.commentConfig/>;

// <![CDATA[
      var cursor = null;
      if (items && items.length > 0) {
        cursor = parseInt(items[items.length - 1].timestamp) + 1;
      }

      var bodyFromEntry = function(entry) {
        if (entry.gd$extendedProperty) {
          for (var k in entry.gd$extendedProperty) {
            if (entry.gd$extendedProperty[k].name == 'blogger.contentRemoved') {
              return '<span class="deleted-comment">' + entry.content.$t + '</span>';
            }
          }
        }
        return entry.content.$t;
      }

      var parse = function(data) {
        cursor = null;
        var comments = [];
        if (data && data.feed && data.feed.entry) {
          for (var i = 0, entry; entry = data.feed.entry[i]; i++) {
            var comment = {};
            // comment ID, parsed out of the original id format
            var id = /blog-(\d+).post-(\d+)/.exec(entry.id.$t);
            comment.id = id ? id[2] : null;
            comment.body = bodyFromEntry(entry);
            comment.timestamp = Date.parse(entry.published.$t) + '';
            if (entry.author && entry.author.constructor === Array) {
              var auth = entry.author[0];
              if (auth) {
                comment.author = {
                  name: (auth.name ? auth.name.$t : undefined),
                  profileUrl: (auth.uri ? auth.uri.$t : undefined),
                  avatarUrl: (auth.gd$image ? auth.gd$image.src : undefined)
                };
              }
            }
            if (entry.link) {
              if (entry.link[2]) {
                comment.link = comment.permalink = entry.link[2].href;
              }
              if (entry.link[3]) {
                var pid = /.*comments\/default\/(\d+)\?.*/.exec(entry.link[3].href);
                if (pid && pid[1]) {
                  comment.parentId = pid[1];
                }
              }
            }
            comment.deleteclass = 'item-control blog-admin';
            if (entry.gd$extendedProperty) {
              for (var k in entry.gd$extendedProperty) {
                if (entry.gd$extendedProperty[k].name == 'blogger.itemClass') {
                  comment.deleteclass += ' ' + entry.gd$extendedProperty[k].value;
                }
              }
            }
            comments.push(comment);
          }
        }
        return comments;
      };

      var paginator = function(callback) {
        if (hasMore()) {
          var url = config.feed + '?alt=json&v=2&orderby=published&reverse=false&max-results=50';
          if (cursor) {
            url += '&published-min=' + new Date(cursor).toISOString();
          }
          window.bloggercomments = function(data) {
            var parsed = parse(data);
            cursor = parsed.length < 50 ? null
                : parseInt(parsed[parsed.length - 1].timestamp) + 1
            callback(parsed);
            window.bloggercomments = null;
          }
          url += '&callback=bloggercomments';
          var script = document.createElement('script');
          script.type = 'text/javascript';
          script.src = url;
          document.getElementsByTagName('head')[0].appendChild(script);
        }
      };
      var hasMore = function() {
        return !!cursor;
      };
      var getMeta = function(key, comment) {
        if ('iswriter' == key) {
          var matches = !!comment.author
              && comment.author.name == config.authorName
              && comment.author.profileUrl == config.authorUrl;
          return matches ? 'true' : '';
        } else if ('deletelink' == key) {
          return config.baseUri + '/delete-comment.g?blogID='
               + config.blogId + '&postID=' + comment.id;
        } else if ('deleteclass' == key) {
          return comment.deleteclass;
        }
        return '';
      };

      var replybox = null;
      var replyUrlParts = null;
      var replyParent = undefined;

      var onReply = function(commentId, domId) {
        if (replybox == null) {
          // lazily cache replybox, and adjust to suit this style:
          replybox = document.getElementById('comment-editor');
          if (replybox != null) {
            replybox.height = '210px';
            replybox.style.display = 'block';
            replyUrlParts = replybox.src.split('#');
          }
        }
        if (replybox && (commentId !== replyParent)) {
          document.getElementById(domId).insertBefore(replybox, null);
          replybox.src = replyUrlParts[0]
              + (commentId ? '&parentID=' + commentId : '')
              + '#' + replyUrlParts[1];
          replyParent = commentId;
        }
      };

      var hash = (window.location.hash || '#').substring(1);
      var startThread, targetComment;
      if (/^comment-form_/.test(hash)) {
        startThread = hash.substring('comment-form_'.length);
      } else if (/^c[0-9]+$/.test(hash)) {
        targetComment = hash.substring(1);
      }

      // Configure commenting API:
      var configJso = {
        'maxDepth': config.maxThreadDepth
      };
      var provider = {
        'id': config.postId,
        'data': items,
        'loadNext': paginator,
        'hasMore': hasMore,
        'getMeta': getMeta,
        'onReply': onReply,
        'rendered': true,
        'initComment': targetComment,
        'initReplyThread': startThread,
        'config': configJso,
        'messages': msgs
      };

      var render = function() {
        if (window.goog && window.goog.comments) {
          var holder = document.getElementById('comment-holder');
          window.goog.comments.render(holder, provider);
        }
      };

      // render now, or queue to render when library loads:
      if (window.goog && window.goog.comments) {
        render();
      } else {
        window.goog = window.goog || {};
        window.goog.comments = window.goog.comments || {};
        window.goog.comments.loadQueue = window.goog.comments.loadQueue || [];
        window.goog.comments.loadQueue.push(render);
      }
    })();
// ]]>
  </script>
</b:includable>
      <b:includable id='threaded_comments' var='post'>
  <div class='comments' id='comments'>
    <a name='comments'/>
    <h4><data:post.commentLabelFull/>:</h4>

    <div class='comments-content'>
      <b:if cond='data:post.embedCommentForm'>
        <b:include data='post' name='threaded_comment_js'/>
      </b:if>
      <div id='comment-holder'>
         <data:post.commentHtml/>
      </div>
    </div>

    <p class='comment-footer'>
      <b:if cond='data:post.allowNewComments'>
        <b:include data='post' name='threaded-comment-form'/>
      <b:else/>
        <data:post.noNewCommentsText/>
      </b:if>
    </p>

    <b:if cond='data:showCmtPopup'>
      <div id='comment-popup'>
        <iframe allowtransparency='true' frameborder='0' id='comment-actions' name='comment-actions' scrolling='no'>
        </iframe>
      </div>
    </b:if>

    <div id='backlinks-container'>
    <div expr:id='data:widget.instanceId + &quot;_backlinks-container&quot;'>
       <b:if cond='data:post.showBacklinks'>
         <b:include data='post' name='backlinks'/>
       </b:if>
    </div>
    </div>
  </div>
</b:includable>
    </b:widget>
  </b:section>
      </div>

<div id='rside-area'>	  

<form action='/search' id='searchbar' method='get'>
<div>
<input id='s' name='q' onblur='if (this.value == &quot;&quot;) {this.value = &quot;Enter keywords&quot;;}' onfocus='if (this.value == &quot;Enter keywords&quot;) {this.value = &quot;&quot;;}' type='text' value='Enter keywords'/>
<input id='searchsubmit' type='submit' value='Search'/>
</div>
</form><div class='clear'/>

<b:section class='sidebar' id='sidebar1' preferred='yes'>
  <b:widget id='HTML3' locked='false' title='Advertise Here' type='HTML'>
    <b:includable id='main'>
  <!-- only display title if it's non-empty -->
  <b:if cond='data:title != &quot;&quot;'>
    <h2 class='title'><data:title/></h2>
  </b:if>
  <div class='widget-content'>
    <data:content/>
  </div>

  <b:include name='quickedit'/>
</b:includable>
  </b:widget>
  <b:widget id='HTML9' locked='false' title='Recent Posts' type='HTML'>
    <b:includable id='main'>
  <!-- only display title if it's non-empty -->
  <b:if cond='data:title != &quot;&quot;'>
    <h2 class='title'><data:title/></h2>
  </b:if>
  <div class='widget-content'>
    <data:content/>
  </div>

  <b:include name='quickedit'/>
</b:includable>
  </b:widget>
  <b:widget id='HTML4' locked='false' title='Add to Circle' type='HTML'>
    <b:includable id='main'>
  <!-- only display title if it's non-empty -->
  <b:if cond='data:title != &quot;&quot;'>
    <h2 class='title'><data:title/></h2>
  </b:if>
  <div class='widget-content'>
    <data:content/>
  </div>

  <b:include name='quickedit'/>
</b:includable>
  </b:widget>
  <b:widget id='PopularPosts1' locked='false' title='Popular Posts' type='PopularPosts'>
    <b:includable id='main'>
  <b:if cond='data:title'><h2><data:title/></h2></b:if>
  <div class='widget-inner popular-posts'>
    <ul>
      <b:loop values='data:posts' var='post'>
      <li>
        <b:if cond='data:showThumbnails == &quot;false&quot;'>
          <b:if cond='data:showSnippets == &quot;false&quot;'>
 
            <a expr:href='data:post.href'><data:post.title/></a>
          <b:else/>
 
            <div class='item-title'><a expr:href='data:post.href'><data:post.title/></a></div>
            <div class='item-snippet'><data:post.snippet/></div>
          </b:if>
        <b:else/>
          <b:if cond='data:showSnippets == &quot;false&quot;'>
 
            <div class='item-thumbnail-only'>
              <b:if cond='data:post.thumbnail'>
                <div class='item-thumbnail'>
                  <a expr:href='data:post.href' target='_blank'>
                    <img alt='' border='0' expr:height='data:thumbnailSize' expr:src='data:post.thumbnail' expr:width='data:thumbnailSize'/>
                  </a>
                </div>
              </b:if>
              <div class='item-title'><a expr:href='data:post.href'><data:post.title/></a></div>
            </div>
            <div style='clear: both;'/>
          <b:else/>
 
            <div class='item-content'>
              <b:if cond='data:post.thumbnail'>
                <div class='item-thumbnail'>
                  <a expr:href='data:post.href' target='_blank'>
                    <img alt='' border='0' expr:height='data:thumbnailSize' expr:src='data:post.thumbnail' expr:width='data:thumbnailSize'/>
                  </a>
                </div>
              </b:if>
              <div class='item-title'><a expr:href='data:post.href'><data:post.title/></a></div>
              <div class='item-snippet'><data:post.snippet/></div>
            </div>
            <div style='clear: both;'/>
          </b:if>
        </b:if>
      </li>
      </b:loop>
    </ul>
    <b:include name='quickedit'/>
  </div>
</b:includable>
  </b:widget>
  <b:widget id='HTML2' locked='false' title='Follow on FaceBook' type='HTML'>
    <b:includable id='main'>
  <!-- only display title if it's non-empty -->
  <b:if cond='data:title != &quot;&quot;'>
    <h2 class='title'><data:title/></h2>
  </b:if>
  <div class='widget-content'>
    <data:content/>
  </div>

  <b:include name='quickedit'/>
</b:includable>
  </b:widget>
  <b:widget id='Label2' locked='false' title='Categories' type='Label'>
    <b:includable id='main'>
  <b:if cond='data:title'>
    <h2><data:title/></h2>
  </b:if>
  <div expr:class='&quot;widget-content &quot; + data:display + &quot;-label-widget-content&quot;'>
    <b:if cond='data:display == &quot;list&quot;'>
      <ul>
      <b:loop values='data:labels' var='label'>
        <li>
          <b:if cond='data:blog.url == data:label.url'>
            <span expr:dir='data:blog.languageDirection'><data:label.name/></span>
          <b:else/>
            <a expr:dir='data:blog.languageDirection' expr:href='data:label.url'><data:label.name/></a>
          </b:if>
          <b:if cond='data:showFreqNumbers'>
            <span dir='ltr'>(<data:label.count/>)</span>
          </b:if>
        </li>
      </b:loop>
      </ul>
    <b:else/>
      <b:loop values='data:labels' var='label'>
        <span expr:class='&quot;label-size label-size-&quot; + data:label.cssSize'>
          <b:if cond='data:blog.url == data:label.url'>
            <span expr:dir='data:blog.languageDirection'><data:label.name/></span>
          <b:else/>
            <a expr:dir='data:blog.languageDirection' expr:href='data:label.url'><data:label.name/></a>
          </b:if>
          <b:if cond='data:showFreqNumbers'>
            <span class='label-count' dir='ltr'>(<data:label.count/>)</span>
          </b:if>
        </span>
      </b:loop>
    </b:if>
    <b:include name='quickedit'/>
  </div>
</b:includable>
  </b:widget>
  <b:widget id='HTML7' locked='false' title='Text Widget' type='HTML'>
    <b:includable id='main'>
  <!-- only display title if it's non-empty -->
  <b:if cond='data:title != &quot;&quot;'>
    <h2 class='title'><data:title/></h2>
  </b:if>
  <div class='widget-content'>
    <data:content/>
  </div>

  <b:include name='quickedit'/>
</b:includable>
  </b:widget>
</b:section>

</div>
</div><!-- end content-wrapper -->

<div class='clear'/>

<div id='leadent'>
<div class='tent' id='feet'>

<div class='bordom'>
<b:section class='feet-area' id='column1' preferred='yes' showaddelement='yes'>
  <b:widget id='Label1' locked='false' title='Labels' type='Label'>
    <b:includable id='main'>
  <b:if cond='data:title'>
    <h2><data:title/></h2>
  </b:if>
  <div expr:class='&quot;widget-content &quot; + data:display + &quot;-label-widget-content&quot;'>
    <b:if cond='data:display == &quot;list&quot;'>
      <ul>
      <b:loop values='data:labels' var='label'>
        <li>
          <b:if cond='data:blog.url == data:label.url'>
            <span expr:dir='data:blog.languageDirection'><data:label.name/></span>
          <b:else/>
            <a expr:dir='data:blog.languageDirection' expr:href='data:label.url'><data:label.name/></a>
          </b:if>
          <b:if cond='data:showFreqNumbers'>
            <span dir='ltr'>(<data:label.count/>)</span>
          </b:if>
        </li>
      </b:loop>
      </ul>
    <b:else/>
      <b:loop values='data:labels' var='label'>
        <span expr:class='&quot;label-size label-size-&quot; + data:label.cssSize'>
          <b:if cond='data:blog.url == data:label.url'>
            <span expr:dir='data:blog.languageDirection'><data:label.name/></span>
          <b:else/>
            <a expr:dir='data:blog.languageDirection' expr:href='data:label.url'><data:label.name/></a>
          </b:if>
          <b:if cond='data:showFreqNumbers'>
            <span class='label-count' dir='ltr'>(<data:label.count/>)</span>
          </b:if>
        </span>
      </b:loop>
    </b:if>
    <b:include name='quickedit'/>
  </div>
</b:includable>
  </b:widget>
</b:section>

<b:section class='feet-area' id='column2' showaddelement='yes'>
  <b:widget id='HTML6' locked='false' title='Text Widget' type='HTML'>
    <b:includable id='main'>
  <!-- only display title if it's non-empty -->
  <b:if cond='data:title != &quot;&quot;'>
    <h2 class='title'><data:title/></h2>
  </b:if>
  <div class='widget-content'>
    <data:content/>
  </div>

  <b:include name='quickedit'/>
</b:includable>
  </b:widget>
</b:section>

<b:section class='feet-area' id='column3' showaddelement='yes'>
  <b:widget id='HTML5' locked='false' title='Recent Articles' type='HTML'>
    <b:includable id='main'>
  <!-- only display title if it's non-empty -->
  <b:if cond='data:title != &quot;&quot;'>
    <h2 class='title'><data:title/></h2>
  </b:if>
  <div class='widget-content'>
    <data:content/>
  </div>

  <b:include name='quickedit'/>
</b:includable>
  </b:widget>
</b:section>

<b:section class='feet-area' id='column4' showaddelement='yes'>
  <b:widget id='HTML8' locked='false' title='About Us' type='HTML'>
    <b:includable id='main'>
  <!-- only display title if it's non-empty -->
  <b:if cond='data:title != &quot;&quot;'>
    <h2 class='title'><data:title/></h2>
  </b:if>
  <div class='widget-content'>
    <data:content/>
  </div>

  <b:include name='quickedit'/>
</b:includable>
  </b:widget>
</b:section>

</div>
</div>
</div>

<div class='clear'/>

<div id='beat'>
<div id='feet-left'>
&#169; 2014 <a expr:href='data:blog.homepageUrl'><data:blog.title/></a>. WP <a href='https://wildweblab.com/' target='_blank'>Wildweblab</a> converted by <a href='http://www.bloggertheme9.com/' id='credit'>Bloggertheme9</a><!-- ATTENTION!! DO NOT REMOVE ANY OF THE CREDIT LINK ABOVE  -->
</div>       
<div id='feet-right'>
<a href='http://www.bloggertheme9.com/' target='_blank'>Responsive template</a>. Published By <a href='http://gooyaabitemplates.com/' rel='dofollow' target='_blank' title='Blogger Templates'>Gooyaabi Templates</a> - Powered by <a href='http://gooyaabitemplates.com/'>Blogger</a>.
</div>
</div>

</div><!-- Outer Wrapper (END) -->

</div></div>

<!-- Page Counter - Edit Number Of Post To Show On Each Page -->

<script type='text/javascript'>
var home_page=&quot;/&quot;;
var urlactivepage=location.href;
var postperpage=4;
var numshowpage=7;
var upPageWord =&#39;&#171;&#39;;
var downPageWord =&#39;Next&#39;;
</script>

<script type='text/javascript'>
//<![CDATA[

/* Widget by www.abu-farhan.com
copyright by Abu Farhan
Dont edit without permission from the Copyright owner-------------------------------------*/

eval(function(p,a,c,k,e,r){e=function(c){return(c<a?'':e(parseInt(c/a)))+((c=c%a)>35?String.fromCharCode(c+29):c.toString(36))};if(!''.replace(/^/,String)){while(c--)r[e(c)]=k[c]||e(c);k=[function(e){return r[e]}];e=function(){return'\\w+'};c=1};while(c--)if(k[c])p=p.replace(new RegExp('\\b'+e(c)+'\\b','g'),k[c]);return p}('5 G;5 i;5 b;5 n;1f();x 1g(15){5 6=\'\';H=I(K/2);3(H==K-H){K=H*2+1}J=b-H;3(J<1)J=1;o=I(15/j)+1;3(o-1==15/j)o=o-1;L=J+K-1;3(L>o)L=o;6+="<4 e=\'1y\'>1z "+b+\' 1A \'+o+"</4>";5 16=I(b)-1;3(b>1){3(b==2){3(i=="w"){6+=\'<4 e="1B"><a f="\'+y+\'">\'+M+\'</a></4>\'}c{6+=\'<4 e="k"><a f="/r/s/\'+n+\'?&7-l=\'+j+\'">\'+M+\'</a></4>\'}}c{3(i=="w"){6+=\'<4 e="k"><a f="#" z="N(\'+16+\');A B">\'+M+\'</a></4>\'}c{6+=\'<4 e="k"><a f="#" z="O(\'+16+\');A B">\'+M+\'</a></4>\'}}}1h(5 g=J;g<=L;g++){3(b==g){6+=\'<4 e="1C">\'+g+\'</4>\'}c 3(g==1){3(i=="w"){6+=\'<4 e="k"><a f="\'+y+\'">1</a></4>\'}c{6+=\'<4 e="k"><a f="/r/s/\'+n+\'?&7-l=\'+j+\'">1</a></4>\'}}c{3(i=="w"){6+=\'<4 e="k"><a f="#" z="N(\'+g+\');A B">\'+g+\'</a></4>\'}c{6+=\'<4 e="k"><a f="#" z="O(\'+g+\');A B">\'+g+\'</a></4>\'}}}5 17=I(b)+1;3(b<o){3(i=="w"){6+=\'<4 e="k"><a f="#" z="N(\'+17+\');A B">\'+1i+\'</a></4>\'}c{6+=\'<4 e="k"><a f="#" z="O(\'+17+\');A B">\'+1i+\'</a></4>\'}}5 C=u.1D("C");5 18=u.1E("1F-1G");1h(5 p=0;p<C.P;p++){C[p].1j=6}3(C&&C.P>0){6=\'\'}3(18){18.1j=6}}x 1a(Q){5 R=Q.R;5 1k=I(R.1H$1I.$t,10);1g(1k)}x 1f(){5 d=m;3(d.9("/r/s/")!=-1){3(d.9("?S-7")!=-1){n=d.D(d.9("/r/s/")+14,d.9("?S-7"))}c{n=d.D(d.9("/r/s/")+14,d.9("?&7"))}}3(d.9("?q=")==-1&&d.9(".6")==-1){3(d.9("/r/s/")==-1){i="w";3(m.9("#E=")!=-1){b=m.D(m.9("#E=")+8,m.P)}c{b=1}u.1l("<h T=\\""+y+"U/V/W?7-l=1&X=Y-Z-h&11=1a\\"><\\/h>")}c{i="s";3(d.9("&7-l=")==-1){j=1J}3(m.9("#E=")!=-1){b=m.D(m.9("#E=")+8,m.P)}c{b=1}u.1l(\'<h T="\'+y+\'U/V/W/-/\'+n+\'?X=Y-Z-h&11=1a&7-l=1" ><\\/h>\')}}}x N(F){12=(F-1)*j;G=F;5 13=u.1m(\'1n\')[0];5 v=u.1o(\'h\');v.1p=\'1q/1r\';v.1s("T",y+"U/V/W?1t-1u="+12+"&7-l=1&X=Y-Z-h&11=1b");13.1v(v)}x O(F){12=(F-1)*j;G=F;5 13=u.1m(\'1n\')[0];5 v=u.1o(\'h\');v.1p=\'1q/1r\';v.1s("T",y+"U/V/W/-/"+n+"?1t-1u="+12+"&7-l=1&X=Y-Z-h&11=1b");13.1v(v)}x 1b(Q){1c=Q.R.1K[0];5 1w=1c.1x.$t.D(0,19)+1c.1x.$t.D(1L,1M);5 1d=1N(1w);3(i=="w"){5 1e="/r?S-7="+1d+"&7-l="+j+"#E="+G}c{5 1e="/r/s/"+n+"?S-7="+1d+"&7-l="+j+"#E="+G}1O.f=1e}',62,113,'|||if|span|var|html|max||indexOf||nomerhal|else|thisUrl|class|href|jj|script|jenis|postperpage|showpageNum|results|urlactivepage|lblname1|maksimal|||search|label||document|newInclude|page|function|home_page|onclick|return|false|pageArea|substring|PageNo|numberpage|nopage|nomerkiri|parseInt|mulai|numshowpage|akhir|upPageWord|redirectpage|redirectlabel|length|root|feed|updated|src|feeds|posts|summary|alt|json|in||callback|jsonstart|nBody||banyakdata|prevnomer|nextnomer|blogPager||hitungtotaldata|finddatepost|post|timestamp|alamat|halamanblogger|loophalaman|for|downPageWord|innerHTML|totaldata|write|getElementsByTagName|head|createElement|type|text|javascript|setAttribute|start|index|appendChild|timestamp1|published|showpageOf|Page|of|showpage|showpagePoint|getElementsByName|getElementById|blog|pager|openSearch|totalResults|20|entry|23|29|encodeURIComponent|location'.split('|'),0,{}))

//]]>
</script>


</body>
</html>