<?xml version="1.0" encoding="UTF-8" ?>
<!DOCTYPE html>
<html expr:dir='data:blog.languageDirection' lang='en-US' xmlns='http://www.w3.org/1999/xhtml' xmlns:b='http://www.google.com/2005/gml/b' xmlns:data='http://www.google.com/2005/gml/data' xmlns:expr='http://www.google.com/2005/gml/expr'>
<head>
<meta charset='UTF-8'/>
<meta content='width=device-width, initial-scale=1.0' name='viewport'/>
<b:include data='blog' name='all-head-content'/>
<link href='http://fonts.googleapis.com/css?family=Bitter:400,700,400italic' rel='stylesheet' type='text/css'/>
<link href='//maxcdn.bootstrapcdn.com/font-awesome/4.3.0/css/font-awesome.min.css' rel='stylesheet'/>
<b:if cond='data:blog.pageType == &quot;index&quot;'>
<title><data:blog.pageTitle/></title> 
<b:else/>
<b:if cond='data:blog.pageType != &quot;error_page&quot;'>
<title><data:blog.pageName/> ~ <data:blog.title/></title>
<b:else/>
<title>404 ~ Page Not Found!</title>
</b:if>
</b:if>
<!--[if lt IE 9]>
<script src="http://html5shim.googlecode.com/svn/trunk/html5.js"></script>
<![endif]-->

<b:skin><![CDATA[/*
-----------------------------------------------
Template Name  : Bubbly
Author         : NewBloggerThemes.com
Author URL     : http://newbloggerthemes.com/
Theme URL      : http://newbloggerthemes.com/bubbly-blogger-template/
Created Date   : Monday, June 8, 2015
License        : General Public License v2.0
This template is free for both personal and commercial use, But to satisfy the 'attribution' clause of the license, you are required to keep the footer links intact which provides due credit to its authors.
----------------------------------------------- */
body#layout ul{list-style-type:none;list-style:none}
body#layout ul li{list-style-type:none;list-style:none}
body#layout #headerbwrap {height:auto;}
body#layout #content {}
body#layout .main-navnbt {display:none;}
body#layout .sidebarbottomnbt {display:none;}
body#layout .widget_searchnbt {display:none;}
/* Variable definitions
   ====================

*/

/* Use this with templates/template-twocol.html */

.section, .widget {
  margin:0;
  padding:0;
}

/*********************
GENERAL STYLES*/

*{margin:0;padding:0;list-style:none;border:0 none;outline:none}
body{font-family:'Bitter',Sans-serif,Arial;font-size:16px;line-height:1.6;width:100%;color:#000;background-color:#f9f9f9}
input, textarea, select, button {font-family:'Bitter',Sans-serif,Arial;}
p{padding:10px 0;}
.clrnbt{clear:both}
img{max-width:100%;height:auto}
textarea,input[type=text],input[type=password],input[type=email],select{font-size:inherit;border:1px solid #ccc;background:#fff}
input,select{cursor:pointer}
input[type=text],input[type=password],input[type=email]{cursor:text}
textarea{overflow:auto}
textarea,input{padding:5px;outline:none}
select{padding:2px}
option{padding:0 4px}
input[type=button],button{padding:4px;cursor:pointer;vertical-align:middle}
input:hover{color:#111}
input.text_input,textarea.textarea{border:1px solid #ccc;-webkit-border-radius:1px;-moz-border-radius:1px;border-radius:1px}
input.text_input:focus,textarea.textarea:focus{border:1px solid #999}
#menu-iconnbt,.search-blocknbt .search-button,.post-meta-authornbt,.post-meta-datenbt,.post-meta-commentsnbt,#gototopnbt,.facebooknbt,.twitternbt,.pinterestnbt,.rssnbt,.youtubenbt,.googleplusnbt,.stumbleuponnbt{background-image:url(http://4.bp.blogspot.com/-HFZUnHUrLCw/VXULTNznnXI/AAAAAAAANfA/mgT4VsRlh3c/s1600/sprite.png);background-repeat:no-repeat}
 
/********************* 
LAYOUT & GRID STYLES */

.centernbt{text-align:center}
.wrapnbt{margin:0 auto}
.containernbt{clear:both;max-width:1140px;margin:auto}
.post-containernbt{word-wrap:break-word;border:1px solid #f1f1f1}
.entry-content p{/*padding:10px 20px*/}
.entry-content a:hover{text-decoration:underline}
.entry-content p,.entry-content li{/*font-size:14px;line-height:2.2;*/}
#inner-contentnbt{overflow:auto}
#contentnbt{float:left;width:100%;margin-bottom:20px}
.one-col{width:6.85483%}
.two-col{width:15.32258%}
.three-col{width:23.79032%}
.four-col{width:32.25806%}
.five-col{width:40.7258%}
.six-col{width:49.19354%}
.seven-col{width:57.66129%}
.eight-col{width:66.12903%}
.nine-col{width:74.59677%}
.ten-col{width:83.06451%}
.eleven-col{width:91.53225%}
.twelve-col{width:100%;margin-right:0}
.one-col,.two-col,.three-col,.four-col,.five-col,.six-col,.seven-col,.eight-col,.nine-col,.ten-col,.eleven-col,.twelve-col{position:relative;display:inline;float:left;clear:none;overflow:hidden;margin-right:1.61291%;margin-bottom:10px;padding:0}
.firstnbt{margin-left:0!important}
.lastnbt{margin-right:0!important}
.mtopnbt{margin-top:20px}
.mbottom{margin-bottom:20px}
.mleft{margin-left:20px}
.mright{margin-right:20px}
.mdefault{margin:20px}
.mnone{margin:0}
.pnone{padding:0}
.vsmallnbt{font-size:11px}
.small{font-size:12px}
.medium{font-size:13px}
.big{font-size:14px}

/*******************************
H1, H2, H3, H4, H5 STYLES */

h1,.h1,h2,.h2,h3,.h3,h4,.h4,h5,.h5,h6,.h6{font-family:'Bitter',Sans-serif,Arial;clear:both;margin:10px 0;color:#111}
h1 a,.h1 a,h2 a,.h2 a,h3 a,.h3 a,h4 a,.h4 a,h5 a,.h5 a,h6 a,.h6 a{text-decoration:none;color:#111}
h1,.h1{font-size:30px}
h2,.h2{font-size:26px}
h3,.h3{font-size:24px}
h4,.h4{font-size:22px}
h5,.h5{font-size:20px}
h6,.h6{font-size:18px}

/*********************
04. LINK STYLES */

a{color:#00a9e0; text-decoration:none;}

/******************
HEADER SYTLES */

#top-headernbt{position:relative;width:100%;min-height:90px;margin:auto}
.top-header-connbt{padding-top:15px}
#top-headernbt .logonbt,#footer-logonbt .logonbt{font-size:44px;font-weight:bold;position:relative;z-index:999;float:left;color:#fff}
#top-headernbt h1,#top-headernbt h2{float:none;text-align:center;margin-top:0;margin-bottom:-5px}
#top-headernbt .logonbt{height:60px;color:#111;background-repeat:no-repeat;float:none}
#top-headernbt p{text-align:center;font-style:normal;padding-top:0;font-weight:bold}

/**********************
NAVIGATION STYLES */

.top-nav{font-size:12px;float:right;margin-top:30px;margin-right:10px}
.top-nav li{position:relative;display:inline-block;float:left;padding:6px 10px;border-radius:2px}
.top-nav li a{font-size:11px;font-weight:bold;color:#c58488}
.top-nav li a:hover{color:#fff}
.top-nav li.current-menu-item a{color:#fff}
.top-nav ul{position:absolute;z-index:99999;top:31px;left:0;display:none;float:left;width:180px;padding:0;background-color:#5a435a}
#main-navnbt{clear:both;width:100%;margin:0 auto;background-color:#00a9e0}
#main-navnbt #main-menunbt{float:left;margin:0}
#main-navnbt #main-menunbt li{position:relative;float:left;text-align:center}
#main-navnbt #main-menunbt li a{font-size:16px;font-weight:bold;display:inline-block;min-width:90px;height:25px;padding:12px 14px;color:#fff}
#main-navnbt #main-menunbt ul{position:absolute;z-index:99999;top:49px;left:0;display:none;float:left;width:372px;padding:0;background-color:#252525}
#main-navnbt #main-menunbt li.simplemenu ul{width:186px}
#main-navnbt #main-menunbt ul li,#top-nav ul li{font-size:12px;z-index:99999;min-width:180px;height:auto;margin:0;padding:0;border:0 none;border-bottom:1px solid #f1f1f1}
#main-navnbt #main-menunbt ul a,#top-nav ul a{font-size:12px;font-weight:normal;line-height:1em;z-index:99999;display:block!important;width:174px;height:auto!important;margin-right:0!important;padding:12px 0 12px 12px;text-align:left;color:#fff;border:0 none;background:none!important}
#main-navnbt #main-menunbt li:hover{color:#fff!important;color:#fff;background-color:#111}
#main-navnbt #main-menunbt li a:hover{color:#fff}
#main-navnbt #main-menunbt ul li:hover > a,#main-navnbt #main-menunbt ul :hover > a,.top-nav ul li:hover > a,.top-nav ul :hover > a{color:#fff}
#main-navnbt #main-menunbt ul li{background-color:#252525}
#menu-iconnbt{font-weight:bold;display:none;float:left;height:30px;padding:16px 8px 0 45px;cursor:pointer;color:#fff;background-position:-224px 6px}
#main-navnbt #socialcircle{float:right}
#main-navnbt #socialcircle li{float:left;margin-top:7px;margin-right:20px}
#image-navigation{float:right;margin-top:20px}

/*********************
POSTS & CONTENT STYLES */

.post-metanbt{font-size:11px;padding-top:0;color:#00a9e0;border-bottom:1px solid #f0f0f0}
.post-meta-authornbt{margin-right:30px;padding-left:25px;background-repeat:no-repeat;background-position:-239px -60px}
.post-meta-datenbt{margin-right:30px;padding-left:25px;background-repeat:no-repeat;background-position:-239px -44px}
.post-meta-commentsnbt{margin-right:15px;padding-left:25px;background-repeat:no-repeat;background-position:-239px -74px}
.singleboxnbt{padding:20px;background-color:#fff}
.entry-content ul,.entry-content ol{margin:0 15px 15px 20px;padding-left:20px}
.entry-content ul li,.entry-content ol li{margin-left:10px}
.entry-content ul li{list-style:circle}
.entry-content ol li{list-style:decimal}
#gototopnbt{position:fixed;z-index:2;right:10px;bottom:-100px;overflow:auto;width:35px;height:35px;cursor:pointer;-webkit-transition:all .7s ease-in-out;-moz-transition:all .7s ease-in-out;-ms-transition:all .7s ease-in-out;-o-transition:all .7s ease-in-out;transition:all .7s ease-in-out;text-indent:-99999px;background-color:#00a9e0;background-position:-159px -38px}
.search-blocknbt{float:right;overflow:hidden;margin-top:29.5px}
#searchform{overflow:hidden;height:29px;border:1px solid #00a9e0;border-radius:2px}
.search-blocknbt .search-button{display:block;float:right;width:30px;height:29px;cursor:pointer;text-indent:-999999px;border:0 none;background-color:#5a435a;background-position:-193px -43px}
.search-blocknbt #s{font:normal 11px Trebuchet MS;float:right;width:180px;height:29px;padding:0 10px;-webkit-transition:width .7s ,color .4s;-moz-transition:width .7s ,color .4s;-o-transition:width .7s ,color .4s;transition:width .7s ,color .4s;color:#00a9e0;border:none;border-radius:2px;background-color:#5a435a}
.search-blocknbt #s:focus{color:#fff;border:none!important;background-color:#c58488}
.entry-content{clear:both;overflow:hidden}
.entry-content blockquote{margin:1.5em 1.5em 1.5em 35px;padding-left:.5em;border-left:solid 3px #1e8cbe}
.entry-content dd{font-size:.9em;margin-bottom:1.5em;margin-left:0;color:#787878}
.entry-content img{max-width:100%;height:auto;margin:0 0 1.0em}
.entry-content video,.entry-content object{max-width:100%;height:auto}
.entry-content pre{padding:10px;word-wrap:break-word;border:1px solid #cecece;background:#eee}
article .entry-content table{margin:20px;border-spacing:0;border-collapse:collapse}
article .entry-content td,article .entry-content th{padding:.5em .75em;border:solid 1px #000}
.entry-content img{max-width:100%;height:auto;}

/**********************
SIDEBARS & ASIDES */

#sidebarnbt{/*float:right;overflow:hidden;width:300px;margin-left:-300px;*/}
#sidebarnbt{float:none;overflow:hidden;}
#sidebarnbt .widget{margin-bottom:20px;padding-bottom:20px;border-bottom:5px solid #f1f1f1}
#sidebarnbt .widget h2, #sidebarnbt .widget h3{font-size:16px;text-transform:uppercase}
label{font-weight:bold;display:block;margin-bottom:10px}

/*********************
FOOTER STYLES */

#inner-footer{clear:both;padding-top:20px}
#main-footernbt{width:100%;margin-top:20px;border-bottom:3px solid #00a9e0}
#bottom-footernbt p{font-size:12px;margin-top:2px;padding-top:0;font-weight:bold;font-style:italic;color:#fff;text-align:center;}
#main-footernbt a{color:#00a9e0}
#main-footernbt a:hover{color:#fff}
#bottom-footernbt{z-index:20;bottom:0;left:0;overflow:auto;width:100%;padding:20px 0;background-color:#111}
#footer-nav-links{font-size:12px;position:relative;text-align:right}
#footer-nav-links li{display:inline;margin-right:10px}
#footer-nav-links li a{font-family:'Bitter',Sans-serif,Arial;font-weight:bold}
#footer-social-iconsnbt{float:right;width:auto}
#footer-social-iconsnbt a{float:left;width:32px;height:32px;margin:5px}
.facebooknbt{background-position:-192px -3px}
.twitternbt{background-position:-128px -3px}
.pinterestnbt{background-position:-32px -3px}
.rssnbt{background-position:-160px -3px}
.youtubenbt{background-position:-96px -3px}
.googleplusnbt{background-position:-64px -3px}
.stumbleuponnbt{background-position:0 -3px}
#footer-copyrightnbt{float:left;width:100%;margin-top:10px}
footer h4,footer h4 a{margin-top:0;color:#c58488}

@media only screen and ( min-width: 1025px ){
#main-menunbt{display:block !important;}
}

/*   TABLET  : 1024px -----------------------------   */
@media only screen and ( max-width: 1024px ) and (min-width: 986px){
.containernbt{/*width:986px;*/ width:100%;}
}	

/*   TABLET  : 768px -----------------------------   */
@media only screen and (max-width: 985px) and (min-width: 768px){
.containernbt{/*width:768px;*/ width:100%;}
#top-headernbt ul, #main-menunbt{display:none; background-color:#C58488;}
#menu-iconnbt{display:block;}
#main-nav-wrapnbt{position:relative;}
#main-menunbt{ position: absolute; top: 42px; z-index: 10000; width: 100%; border-bottom-width: 3px; border-bottom-style: solid;border-bottom-color: #E0735E;}
#main-navnbt #main-menunbt li { float: none !important; display:inherit; overflow:auto; border-bottom: none !important; padding:0px !important; background-color:#252525;}
#main-navnbt #main-menunbt li a{padding:8px 2%; float:left; text-align:left; width:96%;}
#main-navnbt #main-menunbt ul {display:block !important; width: 100% !important; position: relative !important; top: 0px !important; }
#main-navnbt #main-menunbt ul li{width: 100%; border-bottom:none !important; background-color:#252525; /* #00a9e0; */}
#main-navnbt #main-menunbt ul li a{color:#FFF !important; text-shadow:none !important; width: 90%; padding:10px 5%; font-weight:bold; font-size:12px;}
#main-navnbt #main-menunbt li:hover{background-color:#252525; /* #00a9e0; */}
#main-navnbt  #main-menunbt li a:hover, #main-navnbt  #main-menunbt li ul li a:hover  {background-color: #111 /* #E97C67 */ !important; color:#fff;}
}

/*   Phone  : 480px -----------------------------   */ 
@media only screen and (max-width: 767px) and (min-width: 480px){
.containernbt{/*width:480px; */ width:100%;}
#top-headernbt ul,#main-menunbt{display:none;}
#footer-social-iconsnbt, #footer-copyrightnbt{float:none !important;text-align:center;clear:both;}
#sidebarnbt{/*margin-left:0px !important; width:100%;*/}
.post-containernbt{margin-right:0px !important;}
#menu-iconnbt{display:block;}
#main-nav-wrapnbt{position:relative;}
#main-menunbt{ position: absolute; top: 42px; z-index: 10000; width: 100%; border-bottom-width: 3px; border-bottom-style: solid; border-bottom-color: #E0735E;}
#main-navnbt #main-menunbt li { float: none !important; display:inherit; overflow:auto; border-bottom: none !important; padding:0px !important; background-color:#252525;}
#main-navnbt #main-menunbt li a{padding:8px 2%; float:left; text-align:left; width:96%;}
#main-navnbt #main-menunbt ul {display:block !important; width: 100% !important; position: relative !important; top: 0px !important; }
#main-navnbt #main-menunbt ul li{width: 100%; border-bottom:none !important; background-color:#252525; /* #00a9e0; */}
#main-navnbt #main-menunbt ul li a{color:#FFF !important; text-shadow:none !important; width: 90%; padding:10px 5%; font-weight:bold; font-size:12px;}
#main-navnbt #main-menunbt li:hover{background-color:#252525; /* #00a9e0; */}
#main-navnbt  #main-menunbt li a:hover, #main-navnbt  #main-menunbt li ul li a:hover  {background-color: #111 /* #E97C67 */ !important; color:#fff;}
#top-headernbt .logonbt{background-size: 100% !important;background-position: 0px 10px !important; margin-top: -5px;}
#top-headernbt .logonbt{min-width:230px !important;} #footer-copyrightnbt .alignright{float:none !important;} 
#footer-copyrightnbt .alignleft {width:100%}
}

/*   Phone  : 320px -----------------------------   */
@media only screen and (max-width: 479px){
.containernbt, #footer-1, #footer-2, #footer-3 {width:100%;}
#top-headernbt ul, #main-menunbt, .search-blocknbt, #socialcircle, #footer-nav-links {display:none;}
.widgetnbt.widget_searchnbt{text-align:center;}
#top-headernbt h1, #top-headernbt h2{width:100%; }
#top-headernbt h1 a, #top-headernbt h2 a{width:100%; background-position:center;}
#footer-social-iconsnbt, #footer-copyrightnbt{float:none !important;text-align:center;clear:both;}
#sidebarnbt{/*margin-left:0px !important; width:100%;*/}
.post-containernbt{margin-right:0px !important;}
#menu-iconnbt{display:block;} #main-nav-wrapnbt{position:relative;}
#main-menunbt{ position: absolute; top: 42px; z-index: 10000; width: 100%; border-bottom-width: 3px; border-bottom-style: solid; border-bottom-color: #E0735E;}
#main-navnbt #main-menunbt li { float: none !important; display:inherit; overflow:auto; border-bottom: none !important; padding:0px !important; background-color:#252525;}
#main-navnbt #main-menunbt li a{padding:8px 2%; float:left; text-align:left; width:96%;}
#main-navnbt #main-menunbt ul {display:block !important; width: 100% !important; position: relative !important; top: 0px !important; }
#main-navnbt #main-menunbt ul li{width: 100%; border-bottom:none !important; background-color:#252525; /* #00a9e0; */}
#main-navnbt #main-menunbt ul li a{color:#fff !important; text-shadow:none !important; width: 90%; padding:10px 5%; font-weight:bold; font-size:12px;}
#main-navnbt #main-menunbt li:hover{background-color:#252525; /* #00a9e0; */}
#main-navnbt  #main-menunbt li a:hover, #main-navnbt  #main-menunbt li ul li a:hover  {background-color: #111 /* #E97C67 */ !important; color:#fff;}
#top-headernbt .logonbt{background-position:center top;}
#footer-copyrightnbt .alignright{float:none !important;} #footer-logonbt{width:100% !important;} 
}
h2.date-header{margin:10px 0;display:none}
.main .widget{margin:0 0 5px;padding:0 0 2px}
.main .Blog{border-bottom-width:0}
#header .description {}
/* Comments----------------------------------------------- */
#comments{padding:10px;margin-bottom:20px}
#comments h4{font-size:22px;margin-bottom:10px}
.deleted-comment{font-style:italic;color:gray}
#blog-pager-newer-link{float:left}
#blog-pager-older-link{float:right}
#blog-pager{text-align:center;padding:5px 15px;margin:10px 0}
.feed-links{clear:both;padding:10px 15px 15px;margin:0;}
.comment-form {}
#navbar-iframe{height:0;visibility:hidden;display:none}
.author-profile{background:#f6f6f6;border:1px solid #eee;margin:10px 0;padding:8px;overflow:hidden}
.author-profile img{border:1px solid #ddd;float:left;margin-right:10px}
.post-iconspbt{margin:5px 0 0;padding:0}
.post-locationpbt{margin:5px 0;padding:0}
.related-postbwrap{margin:10px auto 0}
.related-postbwrap h4{font-weight:bold;margin:10px 0}
.related-post-style-2,.related-post-style-2 li{list-style:none;margin:0;padding:0}
.related-post-style-2 li{border-top:0 solid #eee;overflow:hidden;padding:10px 0}
.related-post-style-2 li:first-child{border-top:none}
.related-post-style-2 .related-post-item-thumbnail{width:80px;height:80px;max-width:none;max-height:none;background-color:transparent;border:none;float:left;margin:2px 10px 0 0;padding:0}
.related-post-style-2 .related-post-item-title{font-weight:normal;font-size:100%}
.related-post-style-2 .related-post-item-summary{display:block}
.pbtsharethisbutt{overflow:hidden;padding:20px 0 10px;margin:0;text-align:center}
.pbtsharethisbutt a{padding:0 10px;display:inline-block}
.pbtsharethisbutt a:hover {}
.separator a[style="margin-left: 1em; margin-right: 1em;"] {margin-left: auto!important;margin-right: auto!important;}
.separator a[style="clear: left; float: left; margin-bottom: 1em; margin-right: 1em;"] {clear: none !important; float: none !important; margin-bottom: 0em !important; margin-right: 0em !important;}
.separator a[style="clear: left; float: left; margin-bottom: 1em; margin-right: 1em;"] img {float: left !important; margin: 0px 10px 10px 0px;}
.separator a[style="clear: right; float: right; margin-bottom: 1em; margin-left: 1em;"] {clear: none !important; float: none !important; margin-bottom: 0em !important; margin-left: 0em !important;}
.separator a[style="clear: right; float: right; margin-bottom: 1em; margin-left: 1em;"] img {float: right !important; margin: 0px 0px 10px 10px;}
.PopularPosts .widget-content ul li{padding:6px 0}
.reaction-buttons table{border:none;margin-bottom:5px}
.reaction-buttons table,.reaction-buttons td{border:none!important}
.pbtthumbimg{float:left;margin:0 10px 5px 0;padding:4px;border:0 solid #eee;background:none;width:200px;height:auto}
.sidebarbottomnbt{display:none;}
.entry-metanbt{padding: 5px 0 15px;text-align:center;}
h1.entry-title{line-height:1;margin:10px 0;text-align:center;}
@media only screen and (max-width: 1200px){
#sidebarnbt .widget {padding-left:15px;padding-right:15px;}
}
]]></b:skin>

<script src='https://ajax.googleapis.com/ajax/libs/jquery/1.11.2/jquery.min.js' type='text/javascript'/>

<script type='text/javascript'>
//<![CDATA[

/*! jQuery Migrate v1.2.1 | (c) 2005, 2013 jQuery Foundation, Inc. and other contributors | jquery.org/license */
jQuery.migrateMute===void 0&&(jQuery.migrateMute=!0),function(e,t,n){function r(n){var r=t.console;i[n]||(i[n]=!0,e.migrateWarnings.push(n),r&&r.warn&&!e.migrateMute&&(r.warn("JQMIGRATE: "+n),e.migrateTrace&&r.trace&&r.trace()))}function a(t,a,i,o){if(Object.defineProperty)try{return Object.defineProperty(t,a,{configurable:!0,enumerable:!0,get:function(){return r(o),i},set:function(e){r(o),i=e}}),n}catch(s){}e._definePropertyBroken=!0,t[a]=i}var i={};e.migrateWarnings=[],!e.migrateMute&&t.console&&t.console.log&&t.console.log("JQMIGRATE: Logging is active"),e.migrateTrace===n&&(e.migrateTrace=!0),e.migrateReset=function(){i={},e.migrateWarnings.length=0},"BackCompat"===document.compatMode&&r("jQuery is not compatible with Quirks Mode");var o=e("<input/>",{size:1}).attr("size")&&e.attrFn,s=e.attr,u=e.attrHooks.value&&e.attrHooks.value.get||function(){return null},c=e.attrHooks.value&&e.attrHooks.value.set||function(){return n},l=/^(?:input|button)$/i,d=/^[238]$/,p=/^(?:autofocus|autoplay|async|checked|controls|defer|disabled|hidden|loop|multiple|open|readonly|required|scoped|selected)$/i,f=/^(?:checked|selected)$/i;a(e,"attrFn",o||{},"jQuery.attrFn is deprecated"),e.attr=function(t,a,i,u){var c=a.toLowerCase(),g=t&&t.nodeType;return u&&(4>s.length&&r("jQuery.fn.attr( props, pass ) is deprecated"),t&&!d.test(g)&&(o?a in o:e.isFunction(e.fn[a])))?e(t)[a](i):("type"===a&&i!==n&&l.test(t.nodeName)&&t.parentNode&&r("Can't change the 'type' of an input or button in IE 6/7/8"),!e.attrHooks[c]&&p.test(c)&&(e.attrHooks[c]={get:function(t,r){var a,i=e.prop(t,r);return i===!0||"boolean"!=typeof i&&(a=t.getAttributeNode(r))&&a.nodeValue!==!1?r.toLowerCase():n},set:function(t,n,r){var a;return n===!1?e.removeAttr(t,r):(a=e.propFix[r]||r,a in t&&(t[a]=!0),t.setAttribute(r,r.toLowerCase())),r}},f.test(c)&&r("jQuery.fn.attr('"+c+"') may use property instead of attribute")),s.call(e,t,a,i))},e.attrHooks.value={get:function(e,t){var n=(e.nodeName||"").toLowerCase();return"button"===n?u.apply(this,arguments):("input"!==n&&"option"!==n&&r("jQuery.fn.attr('value') no longer gets properties"),t in e?e.value:null)},set:function(e,t){var a=(e.nodeName||"").toLowerCase();return"button"===a?c.apply(this,arguments):("input"!==a&&"option"!==a&&r("jQuery.fn.attr('value', val) no longer sets properties"),e.value=t,n)}};var g,h,v=e.fn.init,m=e.parseJSON,y=/^([^<]*)(<[\w\W]+>)([^>]*)$/;e.fn.init=function(t,n,a){var i;return t&&"string"==typeof t&&!e.isPlainObject(n)&&(i=y.exec(e.trim(t)))&&i[0]&&("<"!==t.charAt(0)&&r("$(html) HTML strings must start with '<' character"),i[3]&&r("$(html) HTML text after last tag is ignored"),"#"===i[0].charAt(0)&&(r("HTML string cannot start with a '#' character"),e.error("JQMIGRATE: Invalid selector string (XSS)")),n&&n.context&&(n=n.context),e.parseHTML)?v.call(this,e.parseHTML(i[2],n,!0),n,a):v.apply(this,arguments)},e.fn.init.prototype=e.fn,e.parseJSON=function(e){return e||null===e?m.apply(this,arguments):(r("jQuery.parseJSON requires a valid JSON string"),null)},e.uaMatch=function(e){e=e.toLowerCase();var t=/(chrome)[ \/]([\w.]+)/.exec(e)||/(webkit)[ \/]([\w.]+)/.exec(e)||/(opera)(?:.*version|)[ \/]([\w.]+)/.exec(e)||/(msie) ([\w.]+)/.exec(e)||0>e.indexOf("compatible")&&/(mozilla)(?:.*? rv:([\w.]+)|)/.exec(e)||[];return{browser:t[1]||"",version:t[2]||"0"}},e.browser||(g=e.uaMatch(navigator.userAgent),h={},g.browser&&(h[g.browser]=!0,h.version=g.version),h.chrome?h.webkit=!0:h.webkit&&(h.safari=!0),e.browser=h),a(e,"browser",e.browser,"jQuery.browser is deprecated"),e.sub=function(){function t(e,n){return new t.fn.init(e,n)}e.extend(!0,t,this),t.superclass=this,t.fn=t.prototype=this(),t.fn.constructor=t,t.sub=this.sub,t.fn.init=function(r,a){return a&&a instanceof e&&!(a instanceof t)&&(a=t(a)),e.fn.init.call(this,r,a,n)},t.fn.init.prototype=t.fn;var n=t(document);return r("jQuery.sub() is deprecated"),t},e.ajaxSetup({converters:{"text json":e.parseJSON}});var b=e.fn.data;e.fn.data=function(t){var a,i,o=this[0];return!o||"events"!==t||1!==arguments.length||(a=e.data(o,t),i=e._data(o,t),a!==n&&a!==i||i===n)?b.apply(this,arguments):(r("Use of jQuery.fn.data('events') is deprecated"),i)};var j=/\/(java|ecma)script/i,w=e.fn.andSelf||e.fn.addBack;e.fn.andSelf=function(){return r("jQuery.fn.andSelf() replaced by jQuery.fn.addBack()"),w.apply(this,arguments)},e.clean||(e.clean=function(t,a,i,o){a=a||document,a=!a.nodeType&&a[0]||a,a=a.ownerDocument||a,r("jQuery.clean() is deprecated");var s,u,c,l,d=[];if(e.merge(d,e.buildFragment(t,a).childNodes),i)for(c=function(e){return!e.type||j.test(e.type)?o?o.push(e.parentNode?e.parentNode.removeChild(e):e):i.appendChild(e):n},s=0;null!=(u=d[s]);s++)e.nodeName(u,"script")&&c(u)||(i.appendChild(u),u.getElementsByTagName!==n&&(l=e.grep(e.merge([],u.getElementsByTagName("script")),c),d.splice.apply(d,[s+1,0].concat(l)),s+=l.length));return d});var Q=e.event.add,x=e.event.remove,k=e.event.trigger,N=e.fn.toggle,T=e.fn.live,M=e.fn.die,S="ajaxStart|ajaxStop|ajaxSend|ajaxComplete|ajaxError|ajaxSuccess",C=RegExp("\\b(?:"+S+")\\b"),H=/(?:^|\s)hover(\.\S+|)\b/,A=function(t){return"string"!=typeof t||e.event.special.hover?t:(H.test(t)&&r("'hover' pseudo-event is deprecated, use 'mouseenter mouseleave'"),t&&t.replace(H,"mouseenter$1 mouseleave$1"))};e.event.props&&"attrChange"!==e.event.props[0]&&e.event.props.unshift("attrChange","attrName","relatedNode","srcElement"),e.event.dispatch&&a(e.event,"handle",e.event.dispatch,"jQuery.event.handle is undocumented and deprecated"),e.event.add=function(e,t,n,a,i){e!==document&&C.test(t)&&r("AJAX events should be attached to document: "+t),Q.call(this,e,A(t||""),n,a,i)},e.event.remove=function(e,t,n,r,a){x.call(this,e,A(t)||"",n,r,a)},e.fn.error=function(){var e=Array.prototype.slice.call(arguments,0);return r("jQuery.fn.error() is deprecated"),e.splice(0,0,"error"),arguments.length?this.bind.apply(this,e):(this.triggerHandler.apply(this,e),this)},e.fn.toggle=function(t,n){if(!e.isFunction(t)||!e.isFunction(n))return N.apply(this,arguments);r("jQuery.fn.toggle(handler, handler...) is deprecated");var a=arguments,i=t.guid||e.guid++,o=0,s=function(n){var r=(e._data(this,"lastToggle"+t.guid)||0)%o;return e._data(this,"lastToggle"+t.guid,r+1),n.preventDefault(),a[r].apply(this,arguments)||!1};for(s.guid=i;a.length>o;)a[o++].guid=i;return this.click(s)},e.fn.live=function(t,n,a){return r("jQuery.fn.live() is deprecated"),T?T.apply(this,arguments):(e(this.context).on(t,this.selector,n,a),this)},e.fn.die=function(t,n){return r("jQuery.fn.die() is deprecated"),M?M.apply(this,arguments):(e(this.context).off(t,this.selector||"**",n),this)},e.event.trigger=function(e,t,n,a){return n||C.test(e)||r("Global events are undocumented and deprecated"),k.call(this,e,t,n||document,a)},e.each(S.split("|"),function(t,n){e.event.special[n]={setup:function(){var t=this;return t!==document&&(e.event.add(document,n+"."+e.guid,function(){e.event.trigger(n,null,t,!0)}),e._data(this,n,e.guid++)),!1},teardown:function(){return this!==document&&e.event.remove(document,n+"."+e._data(this,n)),!1}}})}(jQuery,window);

//]]>
</script>

<script type='text/javascript'>
//<![CDATA[

jQuery(document).ready(function($){

	/* prepend menu icon */
	$('#menu-iconnbt').prepend('Navigate Here');
	
	/* toggle nav */
	$("#menu-iconnbt").on("click", function(){
		$("#main-menunbt").slideToggle();
		$(this).toggleClass("active");
	});

	//Scroll To top
	jQuery(window).scroll(function(){
		if (jQuery(this).scrollTop() > 100) {
			jQuery('#gototopnbt').css({bottom:"160px"});
		} else {
			jQuery('#gototopnbt').css({bottom:"-100px"});
		}
	});
	jQuery('#gototopnbt').click(function(){
		jQuery('html, body').animate({scrollTop: '0px'}, 1800);
		return false;
	});
	
	//Menus
	jQuery('#main-navnbt ul > li > ul, #main-navnbt ul > li > ul > li > ul, #main-navnbt ul > li > ul > li > ul> li > ul').parent('li').addClass('parent-list');
	
	jQuery("#main-navnbt li").each(function(){	
		var $sublist = jQuery(this).find('ul:first');		
		jQuery(this).hover(function(){	
			$sublist.stop().css({overflow:"hidden", height:"auto", display:"none"}).slideDown(600, function(){
				jQuery(this).css({overflow:"visible", height:"auto"});
			});	
		},
		function(){
		if($(window).width() >= 1024){

			$sublist.stop().slideUp(200, function()	{	
				jQuery(this).css({overflow:"hidden", display:"none"});
			});
		}});	
	});
	
// Add any other social script without script tags.

(function(doc, script) {
    var js, fjs = doc.getElementsByTagName(script)[0],
        frag = doc.createDocumentFragment(),
        add = function(url, id) {
            if (doc.getElementById(id)) {
                return;
            }
            js = doc.createElement(script);
            js.src = url;
            id && (js.id = id);
            frag.appendChild(js);
        };
    // Google+ button
    add('http://apis.google.com/js/plusone.js');
    // Facebook SDK
    add('http://connect.facebook.net/en_US/all.js#xfbml=1&appId=300097030090548', 'facebook-jssdk');
    // Twitter SDK
    add('http://platform.twitter.com/widgets.js');
    //Stumble Upon
	add('http://platform.stumbleupon.com/1/widgets.js');

    fjs.parentNode.insertBefore(frag, fjs);
}(document, 'script'));
	
});

//]]>
</script>

<script type='text/javascript'>
//<![CDATA[

function showrecentcomments(json){for(var i=0;i<a_rc;i++){var b_rc=json.feed.entry[i];var c_rc;if(i==json.feed.entry.length)break;for(var k=0;k<b_rc.link.length;k++){if(b_rc.link[k].rel=='alternate'){c_rc=b_rc.link[k].href;break;}}c_rc=c_rc.replace("#","#comment-");var d_rc=c_rc.split("#");d_rc=d_rc[0];var e_rc=d_rc.split("/");e_rc=e_rc[5];e_rc=e_rc.split(".html");e_rc=e_rc[0];var f_rc=e_rc.replace(/-/g," ");f_rc=f_rc.link(d_rc);var g_rc=b_rc.published.$t;var h_rc=g_rc.substring(0,4);var i_rc=g_rc.substring(5,7);var j_rc=g_rc.substring(8,10);var k_rc=new Array();k_rc[1]="Jan";k_rc[2]="Feb";k_rc[3]="Mar";k_rc[4]="Apr";k_rc[5]="May";k_rc[6]="Jun";k_rc[7]="Jul";k_rc[8]="Aug";k_rc[9]="Sep";k_rc[10]="Oct";k_rc[11]="Nov";k_rc[12]="Dec";if("content" in b_rc){var l_rc=b_rc.content.$t;}else if("summary" in b_rc){var l_rc=b_rc.summary.$t;}else var l_rc="";var re=/<\S[^>]*>/g;l_rc=l_rc.replace(re,"");if(m_rc==true)document.write('On '+k_rc[parseInt(i_rc,10)]+' '+j_rc+' ');document.write('<a href="'+c_rc+'">'+b_rc.author[0].name.$t+'</a> commented');if(n_rc==true)document.write(' on '+f_rc);document.write(': ');if(l_rc.length<o_rc){document.write('<i>&#8220;');document.write(l_rc);document.write('&#8221;</i><br/><br/>');}else{document.write('<i>&#8220;');l_rc=l_rc.substring(0,o_rc);var p_rc=l_rc.lastIndexOf(" ");l_rc=l_rc.substring(0,p_rc);document.write(l_rc+'&hellip;&#8221;</i>');document.write('<br/><br/>');}}}

function rp(json){document.write('<ul>');for(var i=0;i<numposts;i++){document.write('<li>');var entry=json.feed.entry[i];var posttitle=entry.title.$t;var posturl;if(i==json.feed.entry.length)break;for(var k=0;k<entry.link.length;k++){if(entry.link[k].rel=='alternate'){posturl=entry.link[k].href;break}}posttitle=posttitle.link(posturl);var readmorelink="(more)";readmorelink=readmorelink.link(posturl);var postdate=entry.published.$t;var cdyear=postdate.substring(0,4);var cdmonth=postdate.substring(5,7);var cdday=postdate.substring(8,10);var monthnames=new Array();monthnames[1]="Jan";monthnames[2]="Feb";monthnames[3]="Mar";monthnames[4]="Apr";monthnames[5]="May";monthnames[6]="Jun";monthnames[7]="Jul";monthnames[8]="Aug";monthnames[9]="Sep";monthnames[10]="Oct";monthnames[11]="Nov";monthnames[12]="Dec";if("content"in entry){var postcontent=entry.content.$t}else if("summary"in entry){var postcontent=entry.summary.$t}else var postcontent="";var re=/<\S[^>]*>/g;postcontent=postcontent.replace(re,"");document.write(posttitle);if(showpostdate==true)document.write(' - '+monthnames[parseInt(cdmonth,10)]+' '+cdday);if(showpostsummary==true){if(postcontent.length<numchars){document.write(postcontent)}else{postcontent=postcontent.substring(0,numchars);var quoteEnd=postcontent.lastIndexOf(" ");postcontent=postcontent.substring(0,quoteEnd);document.write(postcontent+'...'+readmorelink)}}document.write('</li>')}document.write('</ul>')}

//]]>
</script>

<script type='text/javascript'>
summary_noimg = 400;
summary_img = 300;
img_thumb_height = 150;
img_thumb_width = 200; 
</script>
<script type='text/javascript'>
//<![CDATA[

function removeHtmlTag(strx,chop){ 
	if(strx.indexOf("<")!=-1)
	{
		var s = strx.split("<"); 
		for(var i=0;i<s.length;i++){ 
			if(s[i].indexOf(">")!=-1){ 
				s[i] = s[i].substring(s[i].indexOf(">")+1,s[i].length); 
			} 
		} 
		strx =  s.join(""); 
	}
	chop = (chop < strx.length-1) ? chop : strx.length-2; 
	while(strx.charAt(chop-1)!=' ' && strx.indexOf(' ',chop)!=-1) chop++; 
	strx = strx.substring(0,chop-1); 
	return strx+'...'; 
}

function createSummaryAndThumb(pID){
	var div = document.getElementById(pID);
	var imgtag = "";
	var img = div.getElementsByTagName("img");
	var summ = summary_noimg;
	if(img.length>=1) {	
		imgtag = '<img src="'+img[0].src+'" class="pbtthumbimg"/>';
		summ = summary_img;
	}
	
	var summary = imgtag + '<div>' + removeHtmlTag(div.innerHTML,summ) + '</div>';
	div.innerHTML = summary;
}

//]]>
</script>

</head>

<body>

<nav class='top-barnbt' id='main-navnbt'>
<div class='containernbt' id='main-nav-wrapnbt'>
<div id='menu-iconnbt'/>
<ul class='menunbt' id='main-menunbt'>

<li><a expr:href='data:blog.homepageUrl'>Home</a></li>

<li><a href='#'>Business</a>
<ul class='sub-menu'>
<li><a href='#'>Internet</a></li>
<li><a href='#'>Market</a></li>
<li><a href='#'>Stock</a></li>
</ul>
</li>

<li><a href='#'>Downloads</a>
<ul class='sub-menu'>
<li><a href='#'>Dvd</a></li>
<li><a href='#'>Games</a></li>
<li><a href='#'>Software</a></li>
</ul>
</li>

<li><a href='#'>Parent Category</a>
<ul class='sub-menu'>
<li><a href='#'>Child Category 1</a></li>
<li><a href='#'>Child Category 2</a></li>
<li><a href='#'>Child Category 3</a></li>
<li><a href='#'>Child Category 4</a></li>
</ul>
</li>

<li><a href='#'>Featured</a></li>

<li><a href='#'>Health</a>
<ul class='sub-menu'>
<li><a href='#'>Childcare</a></li>
<li><a href='#'>Doctors</a></li>
</ul>
</li>

<li><a href='#'>Uncategorized</a></li>

</ul>
</div>
<div class='clrnbt'/>
</nav>

<header id='top-headernbt'>
<div class='containernbt top-header-connbt'>
<b:section class='headersec' id='headersec' maxwidgets='1' showaddelement='no'>
  <b:widget id='Header1' locked='true' title='Bubbly (Header)' type='Header'>
    <b:includable id='main'>
  <b:if cond='data:useImage'>
    <b:if cond='data:imagePlacement == &quot;REPLACE&quot;'>
      <!--Show just the image, no text-->
      <div id='header-inner'>
        <a expr:href='data:blog.homepageUrl' style='display: block'>
          <img expr:alt='data:title' expr:height='data:height' expr:id='data:widget.instanceId + &quot;_headerimg&quot;' expr:src='data:sourceUrl' expr:width='data:width' style='display: block;padding-left:0px;padding-top:0px;'/>
        </a>
      </div>
    <b:else/>
      <!--
      Show image as background to text. You can't really calculate the width
      reliably in JS because margins are not taken into account by any of
      clientWidth, offsetWidth or scrollWidth, so we don't force a minimum
      width if the user is using shrink to fit.
      This results in a margin-width's worth of pixels being cropped. If the
      user is not using shrink to fit then we expand the header.
      -->
      <div expr:style='&quot;background-image: url(\&quot;&quot; + data:sourceUrl + &quot;\&quot;); &quot;                      + &quot;background-position: &quot;                      + data:backgroundPositionStyleStr + &quot;; &quot;                      + data:widthStyleStr                      + &quot;min-height: &quot; + data:height + &quot;px;&quot;                      + &quot;_height: &quot; + data:height + &quot;px;&quot;                      + &quot;background-repeat: no-repeat; &quot;' id='header-inner'>
        <div class='titlewrapper' style='background: transparent'>
          <h1 class='site-titlenbt' style='background: transparent; border-width: 0px'>
            <b:include name='title'/>
          </h1>
        </div>
        <b:include name='description'/>
      </div>
    </b:if>
  <b:else/>
    <!--No header image -->
    <div id='header-inner'>
      <div class='titlewrapper'>
        <h1 class='site-titlenbt'>
          <b:include name='title'/>
        </h1>
      </div>
      <b:include name='description'/>
    </div>
  </b:if>
</b:includable>
    <b:includable id='description'>
    <p class='site-descriptionnbt'><data:description/></p>
</b:includable>
    <b:includable id='title'>
<a class='logonbt' expr:href='data:blog.homepageUrl'><data:title/></a>
</b:includable>
  </b:widget>
</b:section>
<div class='clrnbt'/>
</div> <!-- end #container -->
</header> <!-- end header -->

<div class='containernbt mtopnbt'>
<div id='inner-contentnbt'>
<div class='firstnbt' id='contentnbt'>
<div class='post-containernbt'>
<b:section class='mainblogsec' id='mainblogsec' showaddelement='no'>
  <b:widget id='Blog1' locked='true' title='Blog Posts' type='Blog'>
    <b:includable id='main' var='top'>
  <b:if cond='data:mobile == &quot;false&quot;'>

    <!-- posts -->
    <div class='blog-posts hfeed'>

      <b:include data='top' name='status-message'/>

      <data:defaultAdStart/>
      <b:loop values='data:posts' var='post'>
        <b:if cond='data:post.isDateStart'>
          <b:if cond='data:post.isFirstPost == &quot;false&quot;'>
            &lt;/div&gt;&lt;/div&gt;
          </b:if>
        </b:if>
        <b:if cond='data:post.isDateStart'>
          &lt;div class=&quot;date-outer&quot;&gt;
        </b:if>
        <b:if cond='data:post.dateHeader'>
          <h2 class='date-header'><span><data:post.dateHeader/></span></h2>
        </b:if>
        <b:if cond='data:post.isDateStart'>
          &lt;div class=&quot;date-posts&quot;&gt;
        </b:if>
        <div class='post-outer'>
        <b:include data='post' name='post'/>
<b:if cond='data:blog.pageType == &quot;static_page&quot;'>
  <b:include data='post' name='comment_picker'/>
</b:if>
<b:if cond='data:blog.pageType == &quot;item&quot;'>
  <b:include data='post' name='comment_picker'/>
</b:if>
        </div>
        <b:if cond='data:post.includeAd'>
          <b:if cond='data:post.isFirstPost'>
            <data:defaultAdEnd/>
          <b:else/>
            <data:adEnd/>
          </b:if>
          <div class='inline-ad'>
            <data:adCode/>
          </div>
          <data:adStart/>
        </b:if>
      </b:loop>
      <b:if cond='data:numPosts != 0'>
        &lt;/div&gt;&lt;/div&gt;
      </b:if>
      <data:adEnd/>
    </div>

<div style='clear: both;'/>
<b:if cond='data:blog.pageType != &quot;item&quot;'>
<!-- navigation -->
<b:include name='nextprev'/>
</b:if>

    <!-- feed links -->
    <b:include name='feedLinks'/>

    <b:if cond='data:top.showStars'>
      <script src='//www.google.com/jsapi' type='text/javascript'/>
      <script type='text/javascript'>
        google.load(&quot;annotations&quot;, &quot;1&quot;, {&quot;locale&quot;: &quot;<data:top.languageCode/>&quot;});
        function initialize() {
          google.annotations.setApplicationId(<data:top.blogspotReviews/>);
          google.annotations.createAll();
          google.annotations.fetch();
        }
        google.setOnLoadCallback(initialize);
      </script>
    </b:if>

  <b:else/>
    <b:include name='mobile-main'/>
  </b:if>

  <b:if cond='data:top.showDummy'>
    <data:top.dummyBootstrap/>
  </b:if>

</b:includable>
    <b:includable id='backlinkDeleteIcon' var='backlink'>
  <span expr:class='&quot;item-control &quot; + data:backlink.adminClass'>
    <a expr:href='data:backlink.deleteUrl' expr:title='data:top.deleteBacklinkMsg'>
      <img src='//www.blogger.com/img/icon_delete13.gif'/>
    </a>
  </span>
</b:includable>
    <b:includable id='backlinks' var='post'>
  <a name='links'/><h4><data:post.backlinksLabel/></h4>
  <b:if cond='data:post.numBacklinks != 0'>
    <dl class='comments-block' id='comments-block'>
      <b:loop values='data:post.backlinks' var='backlink'>
        <div class='collapsed-backlink backlink-control'>
          <dt class='comment-title'>
            <span class='backlink-toggle-zippy'>&#160;</span>
            <a expr:href='data:backlink.url' rel='nofollow'><data:backlink.title/></a>
            <b:include data='backlink' name='backlinkDeleteIcon'/>
          </dt>
          <dd class='comment-body collapseable'>
            <data:backlink.snippet/>
          </dd>
          <dd class='comment-footer collapseable'>
            <span class='comment-author'><data:post.authorLabel/> <data:backlink.author/></span>
            <span class='comment-timestamp'><data:post.timestampLabel/> <data:backlink.timestamp/></span>
          </dd>
        </div>
      </b:loop>
    </dl>
  </b:if>
  <p class='comment-footer'>
    <a class='comment-link' expr:href='data:post.createLinkUrl' expr:id='data:widget.instanceId + &quot;_backlinks-create-link&quot;' target='_blank'><data:post.createLinkLabel/></a>
  </p>
</b:includable>
    <b:includable id='comment-form' var='post'>
  <div class='comment-form'>
    <a name='comment-form'/>
    <b:if cond='data:mobile'>
      <h4 id='comment-post-message'>
        <a expr:id='data:widget.instanceId + &quot;_comment-editor-toggle-link&quot;' href='javascript:void(0)'><data:postCommentMsg/></a></h4>
      <p><data:blogCommentMessage/></p>
      <data:blogTeamBlogMessage/>
      <a expr:href='data:post.commentFormIframeSrc' id='comment-editor-src'/>
      <iframe allowtransparency='true' class='blogger-iframe-colorize blogger-comment-from-post' frameborder='0' height='410' id='comment-editor' name='comment-editor' src='' style='display: none' width='100%'/>
    <b:else/>
      <h4 id='comment-post-message'><data:postCommentMsg/></h4>
      <p><data:blogCommentMessage/></p>
      <data:blogTeamBlogMessage/>
      <a expr:href='data:post.commentFormIframeSrc' id='comment-editor-src'/>
      <iframe allowtransparency='true' class='blogger-iframe-colorize blogger-comment-from-post' frameborder='0' height='410' id='comment-editor' name='comment-editor' src='' width='100%'/>
    </b:if>
    <data:post.friendConnectJs/>
    <data:post.cmtfpIframe/>
    <script type='text/javascript'>
      BLOG_CMT_createIframe(&#39;<data:post.appRpcRelayPath/>&#39;, &#39;<data:post.communityId/>&#39;);
    </script>
  </div>
</b:includable>
    <b:includable id='commentDeleteIcon' var='comment'>
  <span expr:class='&quot;item-control &quot; + data:comment.adminClass'>
    <b:if cond='data:showCmtPopup'>
      <div class='goog-toggle-button'>
        <div class='goog-inline-block comment-action-icon'/>
      </div>
    <b:else/>
      <a class='comment-delete' expr:href='data:comment.deleteUrl' expr:title='data:top.deleteCommentMsg'>
        <img src='//www.blogger.com/img/icon_delete13.gif'/>
      </a>
    </b:if>
  </span>
</b:includable>
    <b:includable id='comment_count_picker' var='post'>
  <b:if cond='data:post.commentSource == 1'>
    <span class='cmt_count_iframe_holder' expr:data-count='data:post.numComments' expr:data-onclick='data:post.addCommentOnclick' expr:data-post-url='data:post.url' expr:data-url='data:post.canonicalUrl'>
    </span>
  <b:else/>
    <a class='comment-link' expr:href='data:post.addCommentUrl' expr:onclick='data:post.addCommentOnclick'>
      <data:post.commentLabelFull/>:
    </a>
  </b:if>
</b:includable>
    <b:includable id='comment_picker' var='post'>
  <b:if cond='data:post.commentSource == 1'>
    <b:include data='post' name='iframe_comments'/>
  <b:else/>
    <b:if cond='data:post.showThreadedComments'>
      <b:include data='post' name='threaded_comments'/>
    <b:else/>
      <b:include data='post' name='comments'/>
    </b:if>
  </b:if>
</b:includable>
    <b:includable id='comments' var='post'>
  <div class='comments' id='comments'>
    <a name='comments'/>
    <b:if cond='data:post.allowComments'>
      <h4>
        <b:if cond='data:post.numComments == 1'>
          1 <data:commentLabel/>:
        <b:else/>
          <data:post.numComments/> <data:commentLabelPlural/>:
        </b:if>
      </h4>

      <b:if cond='data:post.commentPagingRequired'>
        <span class='paging-control-container'>
          <a expr:class='data:post.oldLinkClass' expr:href='data:post.oldestLinkUrl'><data:post.oldestLinkText/></a>
          &#160;
          <a expr:class='data:post.oldLinkClass' expr:href='data:post.olderLinkUrl'><data:post.olderLinkText/></a>
          &#160;
          <data:post.commentRangeText/>
          &#160;
          <a expr:class='data:post.newLinkClass' expr:href='data:post.newerLinkUrl'><data:post.newerLinkText/></a>
          &#160;
          <a expr:class='data:post.newLinkClass' expr:href='data:post.newestLinkUrl'><data:post.newestLinkText/></a>
        </span>
      </b:if>

      <div expr:id='data:widget.instanceId + &quot;_comments-block-wrapper&quot;'>
        <dl expr:class='data:post.avatarIndentClass' id='comments-block'>
          <b:loop values='data:post.comments' var='comment'>
            <dt expr:class='&quot;comment-author &quot; + data:comment.authorClass' expr:id='data:comment.anchorName'>
              <b:if cond='data:comment.favicon'>
                <img expr:src='data:comment.favicon' height='16px' style='margin-bottom:-2px;' width='16px'/>
              </b:if>
              <a expr:name='data:comment.anchorName'/>
              <b:if cond='data:blog.enabledCommentProfileImages'>
                <data:comment.authorAvatarImage/>
              </b:if>
              <b:if cond='data:comment.authorUrl'>
                <a expr:href='data:comment.authorUrl' rel='nofollow'><data:comment.author/></a>
              <b:else/>
                <data:comment.author/>
              </b:if>
              <data:commentPostedByMsg/>
            </dt>
            <dd class='comment-body' expr:id='data:widget.instanceId + data:comment.cmtBodyIdPostfix'>
              <b:if cond='data:comment.isDeleted'>
                <span class='deleted-comment'><data:comment.body/></span>
              <b:else/>
                <p>
                  <data:comment.body/>
                </p>
              </b:if>
            </dd>
            <dd class='comment-footer'>
              <span class='comment-timestamp'>
                <a expr:href='data:comment.url' title='comment permalink'>
                  <data:comment.timestamp/>
                </a>
                <b:include data='comment' name='commentDeleteIcon'/>
              </span>
            </dd>
          </b:loop>
        </dl>
      </div>

      <b:if cond='data:post.commentPagingRequired'>
        <span class='paging-control-container'>
          <a expr:class='data:post.oldLinkClass' expr:href='data:post.oldestLinkUrl'>
            <data:post.oldestLinkText/>
          </a>
          <a expr:class='data:post.oldLinkClass' expr:href='data:post.olderLinkUrl'>
            <data:post.olderLinkText/>
          </a>
          &#160;
          <data:post.commentRangeText/>
          &#160;
          <a expr:class='data:post.newLinkClass' expr:href='data:post.newerLinkUrl'>
            <data:post.newerLinkText/>
          </a>
          <a expr:class='data:post.newLinkClass' expr:href='data:post.newestLinkUrl'>
            <data:post.newestLinkText/>
          </a>
        </span>
      </b:if>

      <p class='comment-footer'>
        <b:if cond='data:post.embedCommentForm'>
          <b:if cond='data:post.allowNewComments'>
            <b:include data='post' name='comment-form'/>
          <b:else/>
            <data:post.noNewCommentsText/>
          </b:if>
        <b:else/>
          <b:if cond='data:post.allowComments'>
            <a expr:href='data:post.addCommentUrl' expr:onclick='data:post.addCommentOnclick'><data:postCommentMsg/></a>
          </b:if>
        </b:if>

      </p>
    </b:if>
    <b:if cond='data:showCmtPopup'>
      <div id='comment-popup'>
        <iframe allowtransparency='true' frameborder='0' id='comment-actions' name='comment-actions' scrolling='no'>
        </iframe>
      </div>
    </b:if>

    <div id='backlinks-container'>
    <div expr:id='data:widget.instanceId + &quot;_backlinks-container&quot;'>
       <b:if cond='data:post.showBacklinks'>
         <b:include data='post' name='backlinks'/>
       </b:if>
    </div>
    </div>
  </div>
</b:includable>
    <b:includable id='feedLinks'>
  <b:if cond='data:blog.pageType != &quot;item&quot;'> <!-- Blog feed links -->
    <b:if cond='data:feedLinks'>
      <div class='blog-feeds'>
        <b:include data='feedLinks' name='feedLinksBody'/>
      </div>
    </b:if>

    <b:else/> <!--Post feed links -->
    <div class='post-feeds'>
      <b:loop values='data:posts' var='post'>
        <b:if cond='data:post.allowComments'>
          <b:if cond='data:post.feedLinks'>
            <b:include data='post.feedLinks' name='feedLinksBody'/>
          </b:if>
        </b:if>
      </b:loop>
    </div>
  </b:if>
</b:includable>
    <b:includable id='feedLinksBody' var='links'>
  <div class='feed-links'>
  <data:feedLinksMsg/>
  <b:loop values='data:links' var='f'>
     <a class='feed-link' expr:href='data:f.url' expr:type='data:f.mimeType' target='_blank'><data:f.name/> (<data:f.feedType/>)</a>
  </b:loop>
  </div>
</b:includable>
    <b:includable id='iframe_comments' var='post'>

  <b:if cond='data:post.allowComments'>
    <script expr:src='data:post.commentSrc' type='text/javascript'/>
    <div class='cmt_iframe_holder'/>

    <b:if cond='data:post.embedCommentForm == &quot;false&quot;'>
      <a expr:href='data:post.addCommentUrl' expr:onclick='data:post.addCommentOnclick'><data:postCommentMsg/></a>
    </b:if>
  </b:if>
</b:includable>
    <b:includable id='mobile-index-post' var='post'>
  <div class='mobile-date-outer date-outer'>
    <b:if cond='data:post.dateHeader'>
      <div class='date-header'>
        <span><data:post.dateHeader/></span>
      </div>
    </b:if>

    <div class='mobile-post-outer'>
      <a expr:href='data:post.url'>
        <h3 class='mobile-index-title entry-title'>
          <data:post.title/>
        </h3>

        <div class='mobile-index-arrow'>&amp;rsaquo;</div>

        <div class='mobile-index-contents'>
          <b:if cond='data:post.thumbnailUrl'>
            <div class='mobile-index-thumbnail'>
              <div class='Image'>
                <img expr:src='data:post.thumbnailUrl'/>
              </div>
            </div>
          </b:if>

          <div class='post-body'>
            <b:if cond='data:post.snippet'><data:post.snippet/></b:if>
          </div>
        </div>

        <div style='clear: both;'/>
      </a>

      <div class='mobile-index-comment'>
        <b:if cond='data:blog.pageType != &quot;static_page&quot;'>
          <b:if cond='data:post.allowComments'>
            <b:if cond='data:post.numComments != 0'>
              <a class='comment-link' expr:href='data:post.addCommentUrl' expr:onclick='data:post.addCommentOnclick'><b:if cond='data:post.numComments == 1'>1 <data:top.commentLabel/><b:else/><data:post.numComments/> <data:top.commentLabelPlural/></b:if></a>
            </b:if>
          </b:if>
        </b:if>
      </div>
    </div>
  </div>
</b:includable>
    <b:includable id='mobile-main' var='top'>
    <!-- posts -->
    <div class='blog-posts hfeed'>

      <b:include data='top' name='status-message'/>

      <b:if cond='data:blog.pageType == &quot;index&quot;'>
        <b:loop values='data:posts' var='post'>
          <b:include data='post' name='mobile-index-post'/>
        </b:loop>
      <b:else/>
        <b:loop values='data:posts' var='post'>
          <b:include data='post' name='mobile-post'/>
        </b:loop>
      </b:if>
    </div>

   <b:include name='mobile-nextprev'/>
</b:includable>
    <b:includable id='mobile-nextprev'>
  <div class='blog-pager' id='blog-pager'>
    <b:if cond='data:newerPageUrl'>
      <div class='mobile-link-button' id='blog-pager-newer-link'>
      <a class='blog-pager-newer-link' expr:href='data:newerPageUrl' expr:id='data:widget.instanceId + &quot;_blog-pager-newer-link&quot;' expr:title='data:newerPageTitle'>&amp;lsaquo;</a>
      </div>
    </b:if>

    <b:if cond='data:olderPageUrl'>
      <div class='mobile-link-button' id='blog-pager-older-link'>
      <a class='blog-pager-older-link' expr:href='data:olderPageUrl' expr:id='data:widget.instanceId + &quot;_blog-pager-older-link&quot;' expr:title='data:olderPageTitle'>&amp;rsaquo;</a>
      </div>
    </b:if>

    <div class='mobile-link-button' id='blog-pager-home-link'>
    <a class='home-link' expr:href='data:blog.homepageUrl'><data:homeMsg/></a>
    </div>

    <div class='mobile-desktop-link'>
      <a class='home-link' expr:href='data:desktopLinkUrl'><data:desktopLinkMsg/></a>
    </div>

  </div>
  <div class='clear'/>
</b:includable>
    <b:includable id='mobile-post' var='post'>
  <div class='date-outer'>
    <b:if cond='data:post.dateHeader'>
      <h2 class='date-header'><span><data:post.dateHeader/></span></h2>
    </b:if>
    <div class='date-posts'>
      <div class='post-outer'>

        <div class='post hentry uncustomized-post-template'>
          <a expr:name='data:post.id'/>
          <b:if cond='data:post.title'>
            <h3 class='post-title entry-title'>
              <b:if cond='data:post.link'>
                <a expr:href='data:post.link'><data:post.title/></a>
              <b:else/>
                <b:if cond='data:post.url'>
                  <b:if cond='data:blog.url != data:post.url'>
                    <a expr:href='data:post.url'><data:post.title/></a>
                  <b:else/>
                    <data:post.title/>
                  </b:if>
                <b:else/>
                  <data:post.title/>
                </b:if>
              </b:if>
            </h3>
          </b:if>

          <div class='post-header'>
            <div class='post-header-line-1'/>
          </div>

          <div class='post-body entry-content' expr:id='&quot;post-body-&quot; + data:post.id'>
            <data:post.body/>
            <div style='clear: both;'/> <!-- clear for photos floats -->
          </div>

          <div class='post-footer'>
            <div class='post-footer-line post-footer-line-1'>
              <span class='post-author vcard'>
                <b:if cond='data:top.showAuthor'>
                  <b:if cond='data:post.authorProfileUrl'>
                    <span class='fn'>
                      <a expr:href='data:post.authorProfileUrl' rel='author' title='author profile'>
                        <data:post.author/>
                      </a>
                    </span>
                  <b:else/>
                    <span class='fn'><data:post.author/></span>
                  </b:if>
                </b:if>
              </span>

              <span class='post-timestamp'>
                <b:if cond='data:top.showTimestamp'>
                  <data:top.timestampLabel/>
                  <b:if cond='data:post.url'>
                    <a class='timestamp-link' expr:href='data:post.url' rel='bookmark' title='permanent link'><abbr class='published' expr:title='data:post.timestampISO8601'><data:post.timestamp/></abbr></a>
                  </b:if>
                </b:if>
              </span>

              <span class='post-comment-link'>
                <b:if cond='data:blog.pageType != &quot;item&quot;'>
                  <b:if cond='data:blog.pageType != &quot;static_page&quot;'>
                    <b:if cond='data:post.allowComments'>
                      <a class='comment-link' expr:href='data:post.addCommentUrl' expr:onclick='data:post.addCommentOnclick'><b:if cond='data:post.numComments == 1'>1 <data:top.commentLabel/><b:else/><data:post.numComments/> <data:top.commentLabelPlural/></b:if></a>
                    </b:if>
                  </b:if>
                </b:if>
              </span>
            </div>

            <div class='post-footer-line post-footer-line-2'>
              <b:if cond='data:top.showMobileShare'>
                <div class='mobile-link-button goog-inline-block' id='mobile-share-button'>
                  <a href='javascript:void(0);'><data:shareMsg/></a>
                </div>
              </b:if>
              <b:if cond='data:top.showDummy'>
                <div class='goog-inline-block dummy-container'><data:post.dummyTag/></div>
              </b:if>
            </div>

          </div>
        </div>

<b:if cond='data:blog.pageType == &quot;static_page&quot;'>
  <b:include data='post' name='comment_picker'/>
</b:if>
<b:if cond='data:blog.pageType == &quot;item&quot;'>
  <b:include data='post' name='comment_picker'/>
</b:if>
      </div>
    </div>
  </div>
</b:includable>
    <b:includable id='nextprev'>
  <div class='blog-pager' id='blog-pager'>
    <b:if cond='data:newerPageUrl'>
      <span id='blog-pager-newer-link'>
      <a class='blog-pager-newer-link' expr:href='data:newerPageUrl' expr:id='data:widget.instanceId + &quot;_blog-pager-newer-link&quot;' expr:title='data:newerPageTitle'><data:newerPageTitle/></a>
      </span>
    </b:if>

    <b:if cond='data:olderPageUrl'>
      <span id='blog-pager-older-link'>
      <a class='blog-pager-older-link' expr:href='data:olderPageUrl' expr:id='data:widget.instanceId + &quot;_blog-pager-older-link&quot;' expr:title='data:olderPageTitle'><data:olderPageTitle/></a>
      </span>
    </b:if>

    <a class='home-link' expr:href='data:blog.homepageUrl'><data:homeMsg/></a>

    <b:if cond='data:mobileLinkUrl'>
      <div class='blog-mobile-link'>
        <a expr:href='data:mobileLinkUrl'><data:mobileLinkMsg/></a>
      </div>
    </b:if>

  </div>
  <div class='clear'/>
</b:includable>
    <b:includable id='post' var='post'>
<article class='post hentry' itemprop='blogPost' itemscope='itemscope' itemtype='http://schema.org/BlogPosting'>
<div class='singleboxnbt'>
<b:if cond='data:post.firstImageUrl'>
  <meta expr:content='data:post.firstImageUrl' itemprop='image'/>
</b:if>
<a expr:name='data:post.id'/>
	
<header class='entry-header'>
<h1 class='post-title entry-title' itemprop='name'>
 <b:if cond='data:post.link'>
   <a expr:href='data:post.link'><data:post.title/></a>
 <b:else/>
	<b:if cond='data:post.url'>
	  <a expr:href='data:post.url'><data:post.title/></a>
	<b:else/>
	  <data:post.title/>
	</b:if>
 </b:if>
</h1>
<b:if cond='data:blog.pageType != &quot;static_page&quot;'>
<div class='entry-metanbt'>
<b:if cond='data:top.showAuthor'><span class='post-author vcard'><i class='fa fa-user'/>&amp;nbsp;<b:if cond='data:post.authorProfileUrl'><span class='fn' itemprop='author' itemscope='itemscope' itemtype='http://schema.org/Person'><meta expr:content='data:post.authorProfileUrl' itemprop='url'/><a class='g-profile' expr:href='data:post.authorProfileUrl' rel='author' title='author profile'><span itemprop='name'><data:post.author/></span></a></span><b:else/><span class='fn' itemprop='author' itemscope='itemscope' itemtype='http://schema.org/Person'><span itemprop='name'><data:post.author/></span></span></b:if></span>&amp;nbsp;&amp;nbsp;&amp;nbsp;</b:if>
<b:if cond='data:top.showTimestamp'><i class='fa fa-calendar'/>&amp;nbsp;<b:if cond='data:post.url'><meta expr:content='data:post.canonicalUrl' itemprop='url'/><a class='timestamp-link' expr:href='data:post.url' rel='bookmark' title='permanent link'><span class='published updated' expr:title='data:post.timestampISO8601' itemprop='datePublished'><data:post.timestamp/></span></a></b:if>&amp;nbsp;&amp;nbsp;&amp;nbsp;</b:if>
<b:if cond='data:post.labels'><i class='fa fa-folder-open'/>&amp;nbsp;<b:loop values='data:post.labels' var='label'><a expr:href='data:label.url' rel='tag'><data:label.name/></a><b:if cond='data:label.isLast != &quot;true&quot;'>, </b:if></b:loop>&amp;nbsp;&amp;nbsp;&amp;nbsp;</b:if>
<b:if cond='data:post.allowComments'><i class='fa fa-comments'/>&amp;nbsp;<a expr:href='data:post.addCommentUrl' expr:onclick='data:post.addCommentOnclick'><b:if cond='data:post.numComments == 0'>No comments</b:if><b:if cond='data:post.numComments == 1'>1 comment</b:if><b:if cond='data:post.numComments &gt;= 2'><data:post.numComments/> comments</b:if></a>&amp;nbsp;&amp;nbsp;&amp;nbsp;</b:if>
<b:include data='post' name='postQuickEdit'/>
</div>
</b:if>
</header>

<div class='post-header-line-1'/>

<b:if cond='data:blog.metaDescription == &quot;&quot;'>
  <!-- Then use the post body as the schema.org description,
	  for good G+/FB snippeting. -->
  <div class='post-body entry-content' expr:id='&quot;post-body-&quot; + data:post.id' itemprop='description articleBody'>
	<data:post.body/>
	<div style='clear: both;'/> <!-- clear for photos floats -->
  </div>
<b:else/>
  <div class='post-body entry-content' expr:id='&quot;post-body-&quot; + data:post.id' itemprop='articleBody'>
	<data:post.body/>
	<div style='clear: both;'/> <!-- clear for photos floats -->
  </div>
</b:if>

<b:if cond='data:post.hasJumpLink'>
  <div class='jump-link'>
	<a expr:href='data:post.url + &quot;#more&quot;' expr:title='data:post.title'><data:post.jumpText/></a>
  </div>
</b:if>

<b:if cond='data:blog.pageType != &quot;static_page&quot;'>
<div class='pbtsharethisbutt'>
Share This:&amp;nbsp;&amp;nbsp;
<a expr:href='&quot;http://www.facebook.com/share.php?v=4&amp;src=bm&amp;u=&quot; + data:post.url + &quot;&amp;t=&quot; + data:post.title' onclick='window.open(this.href,&quot;sharer&quot;,&quot;toolbar=0,status=0,width=626,height=436&quot;); return false;' rel='nofollow' target='_blank' title='Share this on Facebook'><i class='fa fa-facebook-square'/>&amp;nbsp;Facebook</a><a expr:href='&quot;http://twitter.com/home?status=&quot; + data:post.title + &quot; -- &quot; + data:post.url' rel='nofollow' target='_blank' title='Tweet This!'><i class='fa fa-twitter-square'/>&amp;nbsp;Twitter</a><a expr:href='&quot;https://plus.google.com/share?url=&quot; + data:post.url' onclick='javascript:window.open(this.href,   &quot;&quot;, &quot;menubar=no,toolbar=no,resizable=yes,scrollbars=yes,height=600,width=600&quot;);return false;' rel='nofollow' target='_blank' title='Share this on Google+'><i class='fa fa-google-plus-square'/>&amp;nbsp;Google+</a><a expr:href='&quot;http://www.stumbleupon.com/submit?url=&quot; + data:post.url + &quot;&amp;title=&quot; + data:post.title' rel='nofollow' target='_blank' title='Stumble upon something good? Share it on StumbleUpon'><i class='fa fa-stumbleupon-circle'/>&amp;nbsp;Stumble</a><a expr:href='&quot;http://digg.com/submit?phase=2&amp;url=&quot; + data:post.url + &quot;&amp;title=&quot; + data:post.title' rel='nofollow' target='_blank' title='Digg this!'><i class='fa fa-digg'/>&amp;nbsp;Digg</a>
</div>
<div style='clear: both;'/>
</b:if>

     <b:if cond='data:blog.pageType == &quot;item&quot;'>	  
      <div class='post-iconspbt'>
      <span class='post-icons' style='padding-right:10px;'>
        <!-- email post links -->
        <b:if cond='data:post.emailPostUrl'>
          <span class='item-action'>
          <a expr:href='data:post.emailPostUrl' expr:title='data:top.emailPostMsg'>
              <img alt='' class='icon-action' height='13' src='http://img1.blogblog.com/img/icon18_email.gif' width='18'/>
          </a>
          </span>
        </b:if>
      </span>
	  
      <!-- share buttons -->
      <div class='post-share-buttons goog-inline-block'>
        <b:if cond='data:post.sharePostUrl'>
          <b:include data='post' name='shareButtons'/>
        </b:if>
      </div>
	  <div style='clear: both;'/>
	  </div>
	  </b:if>
	  
	  <b:if cond='data:blog.pageType == &quot;item&quot;'>
      <div class='post-location post-locationpbt'>
        <b:if cond='data:top.showLocation'>
          <b:if cond='data:post.location'>
            <data:postLocationLabel/>
            <a expr:href='data:post.location.mapsUrl' target='_blank'><data:post.location.name/></a>
          </b:if>
        </b:if>
      </div>
	  </b:if>
	  
	  <b:if cond='data:blog.pageType == &quot;item&quot;'>
      <b:if cond='data:post.authorAboutMe'>
        <div class='author-profile' itemprop='author' itemscope='itemscope' itemtype='http://schema.org/Person'>
          <b:if cond='data:post.authorPhoto.url'>
            <img expr:src='data:post.authorPhoto.url' itemprop='image' width='50px'/>
		  <b:else/>
		    <img itemprop='image' src='http://1.bp.blogspot.com/-JNIOn2bYVAY/U-LrAZ5hx5I/AAAAAAAAMwU/qyca43soga8/s1600/no-avatar-50.png' width='50px'/>
          </b:if>
          <div>
            <a class='g-profile' expr:href='data:post.authorProfileUrl' itemprop='url' rel='author' title='author profile'>
              <span itemprop='name'><data:post.author/></span>
            </a>
          </div>
          <span itemprop='description'><data:post.authorAboutMe/></span>
        </div>
      </b:if>
	  </b:if>
  
<b:if cond='data:blog.pageType == &quot;item&quot;'>
<div class='related-postbwrap' id='bpostrelated-post'/>
<div style='clear: both;'/>
<script type='text/javascript'>
var labelArray = [<b:if cond='data:post.labels'><b:loop values='data:post.labels' var='label'>
          &quot;<data:label.name/>&quot;<b:if cond='data:label.isLast != &quot;true&quot;'>,</b:if>
      </b:loop></b:if>];
var relatedPostConfig = {
      homePage: &quot;<data:blog.homepageUrl/>&quot;,
      widgetTitle: &quot;&lt;h4&gt;Related Posts:&lt;/h4&gt;&quot;,
      numPosts: 5,
      summaryLength: 150,
      titleLength: &quot;auto&quot;,
      thumbnailSize: 80,
      noImage: &quot;http://1.bp.blogspot.com/-Xakmg4CGXnA/Uw_8uqsGlwI/AAAAAAAALjg/AdRZNmOJpIA/s1600/no-img.png&quot;,
      containerId: &quot;bpostrelated-post&quot;,
      newTabLink: false,
      moreText: &quot;Read More&quot;,
      widgetStyle: 2,
      callBack: function() {}
};
</script>
<script type='text/javascript'>
//<![CDATA[

/*! Related Post Widget for Blogger by Taufik Nurrohman => http://gplus.to/tovic */
var randomRelatedIndex,showRelatedPost;(function(n,m,k){var d={widgetTitle:"<h4>Artikel Terkait:</h4>",widgetStyle:1,homePage:"http://www.dte.web.id",numPosts:7,summaryLength:370,titleLength:"auto",thumbnailSize:72,noImage:"data:image/png;base64,iVBORw0KGgoAAAANSUhEUgAAAAEAAAABCAIAAACQd1PeAAAAA3NCSVQICAjb4U/gAAAADElEQVQImWOor68HAAL+AX7vOF2TAAAAAElFTkSuQmCC",containerId:"related-post",newTabLink:false,moreText:"Baca Selengkapnya",callBack:function(){}};for(var f in relatedPostConfig){d[f]=(relatedPostConfig[f]=="undefined")?d[f]:relatedPostConfig[f]}var j=function(a){var b=m.createElement("script");b.type="text/javascript";b.src=a;k.appendChild(b)},o=function(b,a){return Math.floor(Math.random()*(a-b+1))+b},l=function(a){var p=a.length,c,b;if(p===0){return false}while(--p){c=Math.floor(Math.random()*(p+1));b=a[p];a[p]=a[c];a[c]=b}return a},e=(typeof labelArray=="object"&&labelArray.length>0)?"/-/"+l(labelArray)[0]:"",h=function(b){var c=b.feed.openSearch$totalResults.$t-d.numPosts,a=o(1,(c>0?c:1));j(d.homePage.replace(/\/$/,"")+"/feeds/posts/summary"+e+"?alt=json-in-script&orderby=updated&start-index="+a+"&max-results="+d.numPosts+"&callback=showRelatedPost")},g=function(z){var s=document.getElementById(d.containerId),x=l(z.feed.entry),A=d.widgetStyle,c=d.widgetTitle+'<ul class="related-post-style-'+A+'">',b=d.newTabLink?' target="_blank"':"",y='<span style="display:block;clear:both;"></span>',v,t,w,r,u;if(!s){return}for(var q=0;q<d.numPosts;q++){if(q==x.length){break}t=x[q].title.$t;w=(d.titleLength!=="auto"&&d.titleLength<t.length)?t.substring(0,d.titleLength)+"&hellip;":t;r=("media$thumbnail" in x[q]&&d.thumbnailSize!==false)?x[q].media$thumbnail.url.replace(/\/s[0-9]+(\-c)?/,"/s"+d.thumbnailSize+"-c"):d.noImage;u=("summary" in x[q]&&d.summaryLength>0)?x[q].summary.$t.replace(/<br ?\/?>/g," ").replace(/<.*?>/g,"").replace(/[<>]/g,"").substring(0,d.summaryLength)+"&hellip;":"";for(var p=0,a=x[q].link.length;p<a;p++){v=(x[q].link[p].rel=="alternate")?x[q].link[p].href:"#"}if(A==2){c+='<li><img alt="" class="related-post-item-thumbnail" src="'+r+'" width="'+d.thumbnailSize+'" height="'+d.thumbnailSize+'"><a class="related-post-item-title" title="'+t+'" href="'+v+'"'+b+">"+w+'</a><span class="related-post-item-summary"><span class="related-post-item-summary-text">'+u+'</span> <a href="'+v+'" class="related-post-item-more"'+b+">"+d.moreText+"</a></span>"+y+"</li>"}else{if(A==3||A==4){c+='<li class="related-post-item" tabindex="0"><a class="related-post-item-title" href="'+v+'"'+b+'><img alt="" class="related-post-item-thumbnail" src="'+r+'" width="'+d.thumbnailSize+'" height="'+d.thumbnailSize+'"></a><div class="related-post-item-tooltip"><a class="related-post-item-title" title="'+t+'" href="'+v+'"'+b+">"+w+"</a></div>"+y+"</li>"}else{if(A==5){c+='<li class="related-post-item" tabindex="0"><a class="related-post-item-wrapper" href="'+v+'" title="'+t+'"'+b+'><img alt="" class="related-post-item-thumbnail" src="'+r+'" width="'+d.thumbnailSize+'" height="'+d.thumbnailSize+'"><span class="related-post-item-tooltip">'+w+"</span></a>"+y+"</li>"}else{if(A==6){c+='<li><a class="related-post-item-title" title="'+t+'" href="'+v+'"'+b+">"+w+'</a><div class="related-post-item-tooltip"><img alt="" class="related-post-item-thumbnail" src="'+r+'" width="'+d.thumbnailSize+'" height="'+d.thumbnailSize+'"><span class="related-post-item-summary"><span class="related-post-item-summary-text">'+u+"</span></span>"+y+"</div></li>"}else{c+='<li><a title="'+t+'" href="'+v+'"'+b+">"+w+"</a></li>"}}}}}s.innerHTML=c+="</ul>"+y;d.callBack()};randomRelatedIndex=h;showRelatedPost=g;j(d.homePage.replace(/\/$/,"")+"/feeds/posts/summary"+e+"?alt=json-in-script&orderby=updated&max-results=0&callback=randomRelatedIndex")})(window,document,document.getElementsByTagName("head")[0]);

//]]>
</script>
</b:if>

</div>
</article>
<div style='clear: both;'/>

<b:if cond='data:blog.pageType == &quot;item&quot;'>
<!-- navigation -->
<b:include name='nextprev'/>
</b:if>

</b:includable>
    <b:includable id='postQuickEdit' var='post'>
  <b:if cond='data:post.editUrl'>
    <span expr:class='&quot;item-control &quot; + data:post.adminClass'>
      <a expr:href='data:post.editUrl' expr:title='data:top.editPostMsg'>
        <img alt='' class='icon-action' height='18' src='http://img2.blogblog.com/img/icon18_edit_allbkg.gif' width='18'/>
      </a>
    </span>
  </b:if>
</b:includable>
    <b:includable id='shareButtons' var='post'>
  <b:if cond='data:top.showEmailButton'><a class='goog-inline-block share-button sb-email' expr:href='data:post.sharePostUrl + &quot;&amp;target=email&quot;' expr:title='data:top.emailThisMsg' target='_blank'><span class='share-button-link-text'><data:top.emailThisMsg/></span></a></b:if><b:if cond='data:top.showBlogThisButton'><a class='goog-inline-block share-button sb-blog' expr:href='data:post.sharePostUrl + &quot;&amp;target=blog&quot;' expr:onclick='&quot;window.open(this.href, \&quot;_blank\&quot;, \&quot;height=270,width=475\&quot;); return false;&quot;' expr:title='data:top.blogThisMsg' target='_blank'><span class='share-button-link-text'><data:top.blogThisMsg/></span></a></b:if><b:if cond='data:top.showTwitterButton'><a class='goog-inline-block share-button sb-twitter' expr:href='data:post.sharePostUrl + &quot;&amp;target=twitter&quot;' expr:title='data:top.shareToTwitterMsg' target='_blank'><span class='share-button-link-text'><data:top.shareToTwitterMsg/></span></a></b:if><b:if cond='data:top.showFacebookButton'><a class='goog-inline-block share-button sb-facebook' expr:href='data:post.sharePostUrl + &quot;&amp;target=facebook&quot;' expr:onclick='&quot;window.open(this.href, \&quot;_blank\&quot;, \&quot;height=430,width=640\&quot;); return false;&quot;' expr:title='data:top.shareToFacebookMsg' target='_blank'><span class='share-button-link-text'><data:top.shareToFacebookMsg/></span></a></b:if><b:if cond='data:top.showOrkutButton'><a class='goog-inline-block share-button sb-orkut' expr:href='data:post.sharePostUrl + &quot;&amp;target=orkut&quot;' expr:title='data:top.shareToOrkutMsg' target='_blank'><span class='share-button-link-text'><data:top.shareToOrkutMsg/></span></a></b:if><b:if cond='data:top.showDummy'><div class='goog-inline-block dummy-container'><data:post.dummyTag/></div></b:if>
</b:includable>
    <b:includable id='status-message'>
  <b:if cond='data:navMessage'>
  <div class='status-msg-wrap'>
    <div class='status-msg-body'>
      <data:navMessage/>
    </div>
    <div class='status-msg-border'>
      <div class='status-msg-bg'>
        <div class='status-msg-hidden'><data:navMessage/></div>
      </div>
    </div>
  </div>
  <div style='clear: both;'/>
  </b:if>
</b:includable>
    <b:includable id='threaded-comment-form' var='post'>
  <div class='comment-form'>
    <a name='comment-form'/>
    <b:if cond='data:mobile'>
      <p><data:blogCommentMessage/></p>
      <data:blogTeamBlogMessage/>
      <a expr:href='data:post.commentFormIframeSrc' id='comment-editor-src'/>
      <iframe allowtransparency='true' class='blogger-iframe-colorize blogger-comment-from-post' frameborder='0' height='410' id='comment-editor' name='comment-editor' src='' style='display: none' width='100%'/>
    <b:else/>
      <p><data:blogCommentMessage/></p>
      <data:blogTeamBlogMessage/>
      <a expr:href='data:post.commentFormIframeSrc' id='comment-editor-src'/>
      <iframe allowtransparency='true' class='blogger-iframe-colorize blogger-comment-from-post' frameborder='0' height='410' id='comment-editor' name='comment-editor' src='' width='100%'/>
    </b:if>
    <data:post.friendConnectJs/>
    <data:post.cmtfpIframe/>
    <script type='text/javascript'>
      BLOG_CMT_createIframe(&#39;<data:post.appRpcRelayPath/>&#39;, &#39;<data:post.communityId/>&#39;);
    </script>
  </div>
</b:includable>
    <b:includable id='threaded_comment_js' var='post'>
  <script async='async' expr:src='data:post.commentSrc' type='text/javascript'/>

  <script type='text/javascript'>
    (function() {
      var items = <data:post.commentJso/>;
      var msgs = <data:post.commentMsgs/>;
      var config = <data:post.commentConfig/>;

// <![CDATA[
      var cursor = null;
      if (items && items.length > 0) {
        cursor = parseInt(items[items.length - 1].timestamp) + 1;
      }

      var bodyFromEntry = function(entry) {
        if (entry.gd$extendedProperty) {
          for (var k in entry.gd$extendedProperty) {
            if (entry.gd$extendedProperty[k].name == 'blogger.contentRemoved') {
              return '<span class="deleted-comment">' + entry.content.$t + '</span>';
            }
          }
        }
        return entry.content.$t;
      }

      var parse = function(data) {
        cursor = null;
        var comments = [];
        if (data && data.feed && data.feed.entry) {
          for (var i = 0, entry; entry = data.feed.entry[i]; i++) {
            var comment = {};
            // comment ID, parsed out of the original id format
            var id = /blog-(\d+).post-(\d+)/.exec(entry.id.$t);
            comment.id = id ? id[2] : null;
            comment.body = bodyFromEntry(entry);
            comment.timestamp = Date.parse(entry.published.$t) + '';
            if (entry.author && entry.author.constructor === Array) {
              var auth = entry.author[0];
              if (auth) {
                comment.author = {
                  name: (auth.name ? auth.name.$t : undefined),
                  profileUrl: (auth.uri ? auth.uri.$t : undefined),
                  avatarUrl: (auth.gd$image ? auth.gd$image.src : undefined)
                };
              }
            }
            if (entry.link) {
              if (entry.link[2]) {
                comment.link = comment.permalink = entry.link[2].href;
              }
              if (entry.link[3]) {
                var pid = /.*comments\/default\/(\d+)\?.*/.exec(entry.link[3].href);
                if (pid && pid[1]) {
                  comment.parentId = pid[1];
                }
              }
            }
            comment.deleteclass = 'item-control blog-admin';
            if (entry.gd$extendedProperty) {
              for (var k in entry.gd$extendedProperty) {
                if (entry.gd$extendedProperty[k].name == 'blogger.itemClass') {
                  comment.deleteclass += ' ' + entry.gd$extendedProperty[k].value;
                }
              }
            }
            comments.push(comment);
          }
        }
        return comments;
      };

      var paginator = function(callback) {
        if (hasMore()) {
          var url = config.feed + '?alt=json&v=2&orderby=published&reverse=false&max-results=50';
          if (cursor) {
            url += '&published-min=' + new Date(cursor).toISOString();
          }
          window.bloggercomments = function(data) {
            var parsed = parse(data);
            cursor = parsed.length < 50 ? null
                : parseInt(parsed[parsed.length - 1].timestamp) + 1
            callback(parsed);
            window.bloggercomments = null;
          }
          url += '&callback=bloggercomments';
          var script = document.createElement('script');
          script.type = 'text/javascript';
          script.src = url;
          document.getElementsByTagName('head')[0].appendChild(script);
        }
      };
      var hasMore = function() {
        return !!cursor;
      };
      var getMeta = function(key, comment) {
        if ('iswriter' == key) {
          var matches = !!comment.author
              && comment.author.name == config.authorName
              && comment.author.profileUrl == config.authorUrl;
          return matches ? 'true' : '';
        } else if ('deletelink' == key) {
          return config.baseUri + '/delete-comment.g?blogID='
               + config.blogId + '&postID=' + comment.id;
        } else if ('deleteclass' == key) {
          return comment.deleteclass;
        }
        return '';
      };

      var replybox = null;
      var replyUrlParts = null;
      var replyParent = undefined;

      var onReply = function(commentId, domId) {
        if (replybox == null) {
          // lazily cache replybox, and adjust to suit this style:
          replybox = document.getElementById('comment-editor');
          if (replybox != null) {
            replybox.height = '250px';
            replybox.style.display = 'block';
            replyUrlParts = replybox.src.split('#');
          }
        }
        if (replybox && (commentId !== replyParent)) {
          document.getElementById(domId).insertBefore(replybox, null);
          replybox.src = replyUrlParts[0]
              + (commentId ? '&parentID=' + commentId : '')
              + '#' + replyUrlParts[1];
          replyParent = commentId;
        }
      };

      var hash = (window.location.hash || '#').substring(1);
      var startThread, targetComment;
      if (/^comment-form_/.test(hash)) {
        startThread = hash.substring('comment-form_'.length);
      } else if (/^c[0-9]+$/.test(hash)) {
        targetComment = hash.substring(1);
      }

      // Configure commenting API:
      var configJso = {
        'maxDepth': config.maxThreadDepth
      };
      var provider = {
        'id': config.postId,
        'data': items,
        'loadNext': paginator,
        'hasMore': hasMore,
        'getMeta': getMeta,
        'onReply': onReply,
        'rendered': true,
        'initComment': targetComment,
        'initReplyThread': startThread,
        'config': configJso,
        'messages': msgs
      };

      var render = function() {
        if (window.goog && window.goog.comments) {
          var holder = document.getElementById('comment-holder');
          window.goog.comments.render(holder, provider);
        }
      };

      // render now, or queue to render when library loads:
      if (window.goog && window.goog.comments) {
        render();
      } else {
        window.goog = window.goog || {};
        window.goog.comments = window.goog.comments || {};
        window.goog.comments.loadQueue = window.goog.comments.loadQueue || [];
        window.goog.comments.loadQueue.push(render);
      }
    })();
// ]]>
  </script>
</b:includable>
    <b:includable id='threaded_comments' var='post'>
  <div class='comments' id='comments'>
    <a name='comments'/>
    <h4><data:post.commentLabelFull/>:</h4>

    <div class='comments-content'>
      <b:if cond='data:post.embedCommentForm'>
        <b:include data='post' name='threaded_comment_js'/>
      </b:if>
      <div id='comment-holder'>
         <data:post.commentHtml/>
      </div>
    </div>

    <p class='comment-footer'>
      <b:if cond='data:post.allowNewComments'>
        <b:include data='post' name='threaded-comment-form'/>
      <b:else/>
        <data:post.noNewCommentsText/>
      </b:if>
    </p>

    <b:if cond='data:showCmtPopup'>
      <div id='comment-popup'>
        <iframe allowtransparency='true' frameborder='0' id='comment-actions' name='comment-actions' scrolling='no'>
        </iframe>
      </div>
    </b:if>

    <div id='backlinks-container'>
    <div expr:id='data:widget.instanceId + &quot;_backlinks-container&quot;'>
       <b:if cond='data:post.showBacklinks'>
         <b:include data='post' name='backlinks'/>
       </b:if>
    </div>
    </div>
  </div>
</b:includable>
  </b:widget>
</b:section>
</div>
</div> <!-- end #main -->
</div> <!-- end inner-content -->
</div> <!-- end content -->
<div class='clrnbt'/>

<div class='containernbt mtopnbt'>
<div class='sidebarnbt' id='sidebarnbt'>
<b:section class='sidebarbottomnbtsec' id='sidebarbottomnbtsec' preferred='yes'>
  <b:widget id='PopularPosts1' locked='false' title='Popular Posts' type='PopularPosts'>
    <b:includable id='main'>
  <b:if cond='data:title != &quot;&quot;'><h2><data:title/></h2></b:if>
  <div class='widget-content popular-posts'>
    <ul>
      <b:loop values='data:posts' var='post'>
      <li>
        <b:if cond='!data:showThumbnails'>
          <b:if cond='!data:showSnippets'>
            <!-- (1) No snippet/thumbnail -->
            <a expr:href='data:post.href'><data:post.title/></a>
          <b:else/>
            <!-- (2) Show only snippets -->
            <div class='item-title'><a expr:href='data:post.href'><data:post.title/></a></div>
            <div class='item-snippet'><data:post.snippet/></div>
          </b:if>
        <b:else/>
          <!-- (3) Show only thumbnails or (4) Snippets and thumbnails. -->
          <div expr:class='data:showSnippets ? &quot;item-content&quot; : &quot;item-thumbnail-only&quot;'>
            <b:if cond='data:post.thumbnail'>
              <div class='item-thumbnail'>
                <a expr:href='data:post.href' target='_blank'>
                  <img alt='' border='0' expr:height='data:thumbnailSize' expr:src='data:post.thumbnail' expr:width='data:thumbnailSize'/>
                </a>
              </div>
            </b:if>
            <div class='item-title'><a expr:href='data:post.href'><data:post.title/></a></div>
            <b:if cond='data:showSnippets'>
              <div class='item-snippet'><data:post.snippet/></div>
            </b:if>
          </div>
          <div style='clear: both;'/>
        </b:if>
      </li>
      </b:loop>
    </ul>
    <b:include name='quickedit'/>
  </div>
</b:includable>
  </b:widget>
  <b:widget id='HTML1' locked='false' title='Recent Posts' type='HTML'>
    <b:includable id='main'>
  <!-- only display title if it's non-empty -->
  <b:if cond='data:title != &quot;&quot;'>
    <h2 class='title'><data:title/></h2>
  </b:if>
  <div class='widget-content'>
    <data:content/>
  </div>

  <b:include name='quickedit'/>
</b:includable>
  </b:widget>
  <b:widget id='Label1' locked='false' title='Categories' type='Label'>
    <b:includable id='main'>
  <b:if cond='data:title != &quot;&quot;'>
    <h2><data:title/></h2>
  </b:if>
  <div expr:class='&quot;widget-content &quot; + data:display + &quot;-label-widget-content&quot;'>
    <b:if cond='data:display == &quot;list&quot;'>
      <ul>
        <b:loop values='data:labels' var='label'>
          <li>
            <b:if cond='data:blog.url == data:label.url'>
              <span expr:dir='data:blog.languageDirection'><data:label.name/></span>
            <b:else/>
              <a expr:dir='data:blog.languageDirection' expr:href='data:label.url'><data:label.name/></a>
            </b:if>
            <b:if cond='data:showFreqNumbers'>
              <span dir='ltr'>(<data:label.count/>)</span>
            </b:if>
          </li>
        </b:loop>
      </ul>
    <b:else/>
      <b:loop values='data:labels' var='label'>
        <span expr:class='&quot;label-size label-size-&quot; + data:label.cssSize'>
          <b:if cond='data:blog.url == data:label.url'>
            <span expr:dir='data:blog.languageDirection'><data:label.name/></span>
          <b:else/>
            <a expr:dir='data:blog.languageDirection' expr:href='data:label.url'><data:label.name/></a>
          </b:if>
          <b:if cond='data:showFreqNumbers'>
            <span class='label-count' dir='ltr'>(<data:label.count/>)</span>
          </b:if>
        </span>
      </b:loop>
    </b:if>
    <b:include name='quickedit'/>
  </div>
</b:includable>
  </b:widget>
  <b:widget id='HTML2' locked='false' title='Unordered List' type='HTML'>
    <b:includable id='main'>
  <!-- only display title if it's non-empty -->
  <b:if cond='data:title != &quot;&quot;'>
    <h2 class='title'><data:title/></h2>
  </b:if>
  <div class='widget-content'>
    <data:content/>
  </div>

  <b:include name='quickedit'/>
</b:includable>
  </b:widget>
  <b:widget id='Text2' locked='false' title='Text Widget' type='Text'>
    <b:includable id='main'>
  <!-- only display title if it's non-empty -->
  <b:if cond='data:title != &quot;&quot;'>
    <h2 class='title'><data:title/></h2>
  </b:if>
  <div class='widget-content'>
    <data:content/>
  </div>

  <b:include name='quickedit'/>
</b:includable>
  </b:widget>
  <b:widget id='PageList1' locked='false' title='Pages' type='PageList'>
    <b:includable id='main'>
  <b:if cond='data:title != &quot;&quot;'><h2><data:title/></h2></b:if>
  <div class='widget-content'>
    <b:if cond='data:mobile'>
      <select expr:id='data:widget.instanceId + &quot;_select&quot;'>
        <b:loop values='data:links' var='link'>
          <b:if cond='data:link.isCurrentPage'>
            <option expr:value='data:link.href' selected='selected'><data:link.title/></option>
          <b:else/>
            <option expr:value='data:link.href'><data:link.title/></option>
          </b:if>
        </b:loop>
      </select>
      <span class='pagelist-arrow'>&amp;#9660;</span>

    <b:else/>
      <ul>
        <b:loop values='data:links' var='link'>
          <b:if cond='data:link.isCurrentPage'>
            <li class='selected'><a expr:href='data:link.href'><data:link.title/></a></li>
          <b:else/>
            <li><a expr:href='data:link.href'><data:link.title/></a></li>
          </b:if>
        </b:loop>
      </ul>
    </b:if>
    <b:include name='quickedit'/>
  </div>
</b:includable>
  </b:widget>
  <b:widget id='BlogArchive1' locked='false' title='Blog Archive' type='BlogArchive'>
    <b:includable id='main'>
  <b:if cond='data:title != &quot;&quot;'>
    <h2><data:title/></h2>
  </b:if>
  <div class='widget-content'>
  <div id='ArchiveList'>
  <div expr:id='data:widget.instanceId + &quot;_ArchiveList&quot;'>
    <b:include cond='data:style == &quot;HIERARCHY&quot;' data='data' name='interval'/>
    <b:include cond='data:style == &quot;FLAT&quot;' data='data' name='flat'/>
    <b:include cond='data:style == &quot;MENU&quot;' data='data' name='menu'/>
  </div>
  </div>
  <b:include name='quickedit'/>
  </div>
</b:includable>
    <b:includable id='flat' var='data'>
  <ul class='flat'>
    <b:loop values='data:data' var='i'>
      <li class='archivedate'>
        <a expr:href='data:i.url'><data:i.name/></a> (<data:i.post-count/>)
      </li>
    </b:loop>
  </ul>
</b:includable>
    <b:includable id='interval' var='intervalData'>
  <b:loop values='data:intervalData' var='interval'>
    <ul class='hierarchy'>
      <li expr:class='&quot;archivedate &quot; + data:interval.expclass'>
        <b:include cond='data:interval.toggleId' data='interval' name='toggle'/>
        <a class='post-count-link' expr:href='data:interval.url'>
          <data:interval.name/>
        </a>
        <span class='post-count' dir='ltr'>(<data:interval.post-count/>)</span>
        <b:include cond='data:interval.data' data='interval.data' name='interval'/>
        <b:include cond='data:interval.posts' data='interval.posts' name='posts'/>
      </li>
    </ul>
  </b:loop>
</b:includable>
    <b:includable id='menu' var='data'>
  <select expr:id='data:widget.instanceId + &quot;_ArchiveMenu&quot;'>
    <option value=''><data:title/></option>
    <b:loop values='data:data' var='i'>
      <option expr:value='data:i.url'><data:i.name/> (<data:i.post-count/>)</option>
    </b:loop>
  </select>
</b:includable>
    <b:includable id='posts' var='posts'>
  <ul class='posts'>
    <b:loop values='data:posts' var='post'>
      <li><a expr:href='data:post.url'><data:post.title/></a></li>
    </b:loop>
  </ul>
</b:includable>
    <b:includable id='toggle' var='interval'>
  <a class='toggle' href='javascript:void(0)'>
    <span expr:class='&quot;zippy&quot; + (data:interval.expclass == &quot;expanded&quot; ? &quot; toggle-open&quot; : &quot;&quot;)'>
      <b:if cond='data:interval.expclass == &quot;expanded&quot;'>
        &#9660;&#160;
      <b:elseif cond='data:blog.languageDirection == &quot;rtl&quot;'/>
        &#9668;&#160;
      <b:else/>
        &#9658;&#160;
      </b:if>
    </span>
  </a>
</b:includable>
  </b:widget>
</b:section>
</div>
</div>
<div class='clrnbt'/>

<footer id='main-footernbt'>
<div id='bottom-footernbt'>
<div class='layout-wrapnbt containernbt'>
<div class='five-col' id='footer-logonbt'>
<div class='widgetnbt widget_searchnbt'>
<form action='/search' id='searchformnbt' method='get' role='search'>
<div>
	<input class='search-querynbt' id='s' name='q' placeholder='search...' size='25' type='text' value=''/>
	<input class='search-submitnbt' id='searchsubmitnbt' type='submit' value='Search'/>
</div>
</form>
</div>
</div><!-- Footer Menu -->

<div class='seven-col lastnbt' id='footer-social-iconsnbt'>
<a class='facebooknbt' href='#' target='_blank'/>
<a class='twitternbt' href='#' target='_blank'/>
<a class='googleplusnbt' href='#' target='_blank'/>
<a class='youtubenbt' href='#' target='_blank'/>
<a class='pinterestnbt' href='#' target='_blank'/>
<a class='stumbleuponnbt' href='#' target='_blank'/>
<a class='rssnbt' href='#' target='_blank'/>
</div>

<div id='footer-copyrightnbt'>
<p class='vsmallnbt'><!-- Do not edit or remove credits without our permission: newbloggerthemes.com -->
Copyright &#169; <script type='text/javascript'>var creditsyear = new Date();document.write(creditsyear.getFullYear());</script> <a expr:href='data:blog.homepageUrl'><data:blog.title/></a> | Powered by <a href='http://www.blogger.com/'>Blogger</a><br/>Design by <a href='http://wpdean.com/' rel='nofollow' target='_blank'>WpDean</a> | Blogger Theme by <a href='http://newbloggerthemes.com/' target='_blank' title='NewBloggerThemes.com'>NewBloggerThemes.com</a> | Distributed By <a href='http://gooyaabitemplates.com/' rel='dofollow' target='_blank'>Gooyaabi Templates</a></p>
</div>

</div>
</div><!-- end #inner-footer -->
</footer> <!-- end footer -->

<div id='gototopnbt'>Scroll To Top</div>

</body>
</html>