<?xml version="1.0" encoding="UTF-8" ?>
<!DOCTYPE html>
<html xmlns='http://www.w3.org/1999/xhtml' xmlns:b='http://www.google.com/2005/gml/b' xmlns:data='http://www.google.com/2005/gml/data' xmlns:expr='http://www.google.com/2005/gml/expr'>
  <head>
    <b:include data='blog' name='all-head-content'/>

    <title>
      <b:if cond='data:blog.pageType == &quot;index&quot;'>
        <data:blog.pageTitle/>
        <b:else/>
        <b:if cond='data:blog.pageType != &quot;error_page&quot;'>
          <data:blog.pageName/> | <data:blog.title/>
          <b:else/>
          Page Not Found | <data:blog.title/> 
        </b:if>
      </b:if>
    </title>
    
    <b:if cond='data:blog.pageType == &quot;archive&quot;'>
      <meta content='noindex,noarchive' name='robots'/>
    </b:if>
    <b:if cond='data:blog.metaDescription != &quot;&quot;'>
      <meta expr:content='data:blog.metaDescription' name='description'/>
    </b:if> 
    <meta charset='UTF-8'/>
    <meta content='width=device-width, initial-scale=1, maximum-scale=1' name='viewport'/>
	<link href='http://fonts.googleapis.com/css?family=Montserrat:400,700|Roboto' rel='stylesheet' type='text/css'/>
	<link href='https://googledrive.com/host/0BxRWAQDD7jACV0tFR1hYMW51ZDg' rel='stylesheet' type='text/css'/>

&lt;style type=&quot;text/css&quot;&gt;
&lt;!-- /*<b:skin><![CDATA[/*
-----------------------------------------------------------

Theme Name : Colored Blogger Template
Designer : Suryakant sao
Author : www.templatetrackers.com
License:  This free Blogger template is licensed under the Creative Commons Attribution 3.0 License, which permits both personal and commercial use.
However, to satisfy the 'attribution' clause of the license, you are required to keep the footer links intact which provides due credit to its authors. For more specific details about the license, you may visit the URL below:

http://creativecommons.org/licenses/by/3.0/

------------------------------------------------------------- */

/*------------------------------------------------------
Variable @ Template Designer
--------------------------------------------------------
<Variable name="keycolor" description="Main Color" type="color" default="#757575" value="#757575"/>

<Variable name="body.background" description="Body Background" type="background"
color="transparent" default="$(color) none repeat scroll top left" value="$(color) none repeat scroll top left"/>
<Group description="Body" selector="body">
<Variable name="body.font" description="Font" type="font"
default="normal normal 15px/1.8em Hanuman, 'Helvetica Neue', Helvetica, Arialf" value="normal normal 15px/1.8em Hanuman, 'Helvetica Neue', Helvetica, Arialf"/>
<Variable name="body.text.color" description="Text Color" type="color" default="#757575" value="#757575"/>
<Variable name="body.link.color" description="Link Color" type="color" default="#121212" value="#121212"/>
<Variable name="link.hover.color" description="Link-hover Color" type="color" default="#000000" value="#000000"/>
</Group>

<Group description="Heading" selector=".post h2, .widget h3">
<Variable name="global.heading.font" description="Title Font" type="font"
default="'Montserrat', sans-serif" value="'Montserrat', sans-serif"/>

<Variable name="heading.color" description="Title Color" type="color" default="#333333" value="#333333"/>
</Group>
------------------------------------------------------*/

/**** Layout Styling CSS *****/
body#layout .header-wrapper { margin-top: 40px; }
body#layout #header, body#layout .header-right { width: 50%; }
body#layout .outer-wrapper, body#layout .sidebar-wrapper, body#layout .ct-wrapper { margin: 0; padding: 0; }
body#layout ul, body#layout li {
padding: 0;
margin: 0;
list-style: none;
}
body#layout ul#serinfo li {
width: 25%;
float: left;
}
body#layout div.nav-menu,body#layout .intro.body3 {
display: none;
}
body#layout .main-wrapper {
width: 55%;
float: left;
margin: 0;
}
body#layout .sidebar-wrapper {
width: 45%;
}
body#layout #sidebar {
margin: 0 auto;
max-width: 60%;
}
#layout .footer .widget {
float: none;
}
#layout .footer {
width: 33%;
}

/*****************************************
reset.css
******************************************/
html, body, div, span, applet, object, iframe,
h1, h2, h3, h4, h5, h6, p, blockquote, pre,
a, abbr, acronym, address, big, cite, code,
del, dfn, em, font, img, ins, kbd, q, s, samp,
small, strike, strong, sub, sup, tt, var,
dl, dt, dd, ol, ul, li,
fieldset, form, label, legend,
table, caption, tbody, tfoot, thead, tr, th, td, figure {    margin: 0;    padding: 0;}

body, input, textarea, input checkbox, input radio, select, file {
font: 400 13px/1.9em Georgia, serif;
color: #757575;
}

article,aside,details,figcaption,figure,
footer,header,hgroup,menu,nav,section {     display:block;}
table {    border-collapse: separate;    border-spacing: 0;}
caption, th, td {    text-align: left;    font-weight: normal;}
blockquote:before, blockquote:after,
q:before, q:after {    content: "";}
blockquote, q {    quotes: "" "";}
sup{    vertical-align: super;    font-size:smaller;}
code{    font-family: 'Courier New', Courier, monospace;    font-size:12px;    color:#272727;}
::selection {  background: #333;  color: #fff;  }
::-moz-selection {  background: #333;  color: #fff;  }
a img{	border: none;}
ol, ul { padding: 10px 0 20px;  margin: 0 0 0 35px;  text-align: left;  }
ol li { list-style-type: decimal;  padding:0 0 5px;  }
ul li { list-style-type: square;  padding: 0 0 5px;  }
ul ul, ol ol { padding: 0; }

h1, h2, h3, h4, h5, h6 {
font-family: $(global.heading.font);
color: $(heading.color);
}

.post-body h1 { line-height: 48px; font-size: 42px; margin: 10px 0; }
.post-body h2 { font-size: 36px; line-height: 44px; padding-bottom: 5px; margin: 10px 0; }
.post-body h3 { font-size: 32px; line-height: 40px; padding-bottom: 5px; margin: 10px 0; }
.post-body h4 { font-size: 28px; line-height: 36px; margin: 10px 0;  }
.post-body h5 { font-size: 24px; line-height: 30px; margin: 10px 0;  }
.post-body h6 { font-size: 18px; line-height: 24px; margin: 10px 0;  }
/*****************************************
Global Links CSS
******************************************/
a, .nav li a {
color:$(body.link.color);
text-decoration:none;
-moz-transition: all 0.2s ease-in;
-webkit-transition: all 0.2s ease-in;
-o-transition: all 0.2s ease-in;
transition: all 0.2s ease-in;
-ms-transition: all 0.2s ease-in;
}

a:hover { color: $(link.hover.color); text-decoration:none; }
a img {
vertical-align: middle;
}


body {
background: #fff;
height: 100%;
padding: 0;
font-family: Georgia,Serif;
font-size: 13px;
font-weight: 400;
line-height: 1.8;
color: $(body.text.color);
overflow-x: hidden;
}

.clr { clear:both; float:none; }
/*****************************************
Wrappers
******************************************/

.ct-wrapper {   
width: 100%;
max-width: 960px;
margin: 0 auto 0 auto;
padding: 0 100px;
position: relative;
 }

.outer-wrapper {    
position: relative;  
margin: 40px 0;  
}

.header-wrapper {
display: inline-block;
float: left;
width: 100%;
}

.main-wrapper {
margin-right: 0;
width: 67%;
padding-right: 0;
padding-left: 0;
margin: 0 3% 0 0;
float: left;
}

#content {   position: relative;  width: 100%;  float: left;  }

.sidebar-wrapper {
width: 30%;
margin: 0 0 0 0;
padding: 0;
float: left;
position: relative;
}

/*****************************************
Header CSS
******************************************/
#header{ float:none; width: auto; }


#header h1 {
color: #242424;
font-size: 70px;
line-height: 1;
display: block;
float: none;
margin: 45px auto 40px auto;
max-height: 130px;
text-align: center;
}

#header h1 a, #header h1 a:hover {  color: #4690B3;  }
#header p.description{  color: #333;  font-size: 12px;  font-style: italic;  margin: 0 0 0 35px;  padding: 0;  text-transform:capitalize;  }

#header img {
border: 0 none;
background: none;
width: auto;
float: none;
margin: 45px auto 40px auto;
height: 130px;
}

/***** Header Right CSS *****/
.header-right { float: right; }
.header-right .widget-content { margin-top: 40px; }
/*****************************************
Main Menu CSS
******************************************/
a#trigger {
text-indent: -9999px;
padding: 8px;
height: 30px;
width: 30px;
background-image: url(http://2.bp.blogspot.com/-5WD82Nq88M8/U2i7XiF-RtI/AAAAAAAAF5A/ECmvYjuIvh8/s1600/zoom.png);
background-position: 50% 50%;
background-repeat: no-repeat;
margin: 20px auto 30px auto;
display: none;
background: #EE6A4C;
}

.navigation_wrap {
min-height: 55px;
}
#navigation {
text-align: center;
}
.nav {
z-index: 999;
position: relative;
text-align: center;
display: inline-block;
margin: 0;
padding: 0;
}
.nav li {
float: left;
margin: 0;
padding: 0;
line-height: 1;
list-style: none;
position: relative;
}
.nav li ul li {
width: 100%;
}
.nav > li > a {
display: block;
padding: 15px 20px;
text-decoration: none;
color: #fff;
text-transform: uppercase;
}
.nav li a.sf-with-ul {
padding-right: 25px;
}

.nav .sf-sub-indicator {
background: url(http://3.bp.blogspot.com/-YIrkAc0C9fA/U2pMXhOWCNI/AAAAAAAAF5c/2TSFWB6GSXs/s1600/arrow-superfish-inv.png) no-repeat;
position: absolute;
display: block;
right: 8px;
top: 40%;
width: 10px;
height: 10px;
text-indent: -999em;
overflow: hidden;
opacity: .7;
}

.nav li ul{
display:none;
top: 100%;
padding: 0;
margin: 0;
width: 150px;
left: 0;
position: absolute;
z-index: 10000000000000;
transition:visibility .3s ease-in
}

.nav li ul li a {
display: block;
padding: 12px 0;
margin: 0 20px;
background:url(http://3.bp.blogspot.com/-VQ0HdJw3SYY/U2pz6_zfwnI/AAAAAAAAF50/miw4LZh8lYs/s1600/line-h-l.png) repeat-x bottom;
text-align: left;
font-size: 12px !important;
font-weight: 400 !important;

}

#nav li a, .nav>li>a, .nav li ul li a, a.themebutton {
font: 400 13px/1.7em "Roboto", sans-serif;
color: #fff;
}
#main-nav>li:nth-child(1)>a, #main-nav>li:nth-child(1)>ul {
background: #bdc53f !important;
}

#main-nav>li:nth-child(2)>a, #main-nav>li:nth-child(2)>ul {
background: #9cb265 !important;
}
#main-nav>li:nth-child(3)>a, #main-nav>li:nth-child(3)>ul {
background: #7a997b !important;
}
#main-nav>li:nth-child(4)>a, #main-nav>li:nth-child(4)>ul {
background: #96c5cc !important;
}
#main-nav>li:nth-child(5)>a, #main-nav>li:nth-child(5)>ul {
background: #42a8bf !important;
}
#main-nav>li:nth-child(6)>a, #main-nav>li:nth-child(6)>ul {
background: #4289bf !important;
}

#main-nav>li:nth-child(7)>a, #main-nav>li:nth-child(7)>ul {
background: #FFDD00 !important;
}
#main-nav>li:nth-child(8)>a, #main-nav>li:nth-child(8)>ul {
background: #fab14d !important;
}
#main-nav>li:nth-child(9)>a, #main-nav>li:nth-child(9)>ul {
background: #ee6a4c !important;
}

/* intro */

div.intro.body3 {
font: 200 12px/2.2em "Raleway", sans-serif;
color: #000000;
border-color: #ededed !important;
background-color: #f7f7f7;
margin: -30px 0 40px 0;
padding: 80px 0 30px 0;
border-top: 1px solid #ddd;
border-bottom: 1px solid #ddd;
}
.intro div.ct-wrapper {
margin-bottom: 0;
}
h1.fl {
margin: 5px 0 30px 0;
font-size: 35px;
letter-spacing: 1px;
line-height: 1;
float: left;
padding-right: 3px;
max-width: 64%;
}

ul#portfolio-filter {
font-size: 8pt;
margin: 15px 0 20px 0;
overflow: hidden;
float: left;
padding: 0;
}
.filter li {
margin-right: 10px;
line-height: 1.6;
float: left;
list-style: none;
}
.filter li:before {
color: #aaa !important;
content: "|";
margin-right: 10px;
}
.filter li:first-child:before {
content: "";
}
.filter li a {
text-transform: uppercase;
}

/* Bread Crumbs */

.breadcrumbs .post-name {
overflow: hidden;
text-overflow: ellipsis;
white-space: nowrap;
display: block;
width: 300px;
word-wrap: break-word;
}
div.breadcrumbs {
font-family: roboto;
margin:auto ;
font-size: 12px;
text-transform: uppercase;
font-weight: 100;
width: 30%;
}
.breadcrumbs .label a:nth-child(n+2){
display:none}

/*****************************************
Blog Post CSS
******************************************/

/* index post */
a.gall-img {
display: block;
float: left;
margin: 0;
margin-right: 15px;
max-width: 225px;
overflow: hidden;
height: 225px;
}

img.thumb {
height: 100%;
}

div.post-content {
float: right;
max-width: 400px;
width: auto;
}
.no-img div.post-content {
float: none;
max-width: 100%;
}
.post-content h2 {
font-size: 18px;
line-height: 1.3;
font-family: "Montserrat", sans-serif;
margin:0 0 10px;
}
div.full {
font-size: 14px;
line-height: 22px;
}
.fr {
float: right !important;
overflow: hidden;
}
a.mainbutton {
color: #000 !important;
border: 3px solid #000 !important;
background: none;
font-family: "Roboto", sans-serif;
line-height: 1;
padding: 7px 10px;
-moz-border-radius: 3px;
-khtml-border-radius: 3px;
-webkit-border-radius: 3px;
border-radius: 3px;
cursor: pointer;
font-size: 12px;
display: block;
font-weight: 600;
margin-top: 15px;
}
a.mainbutton:hover {
color: #fff !important;
background: #353535 !important;
}
p.meta-date {
margin-bottom: 7px;
color: #757575;
font-size: 12px;
font-weight: normal;
font-family: georgia,sans-serif;
}
p.meta-date a {
font-style: italic;
color: #474747;
}

.post {
margin-bottom: 35px !important;
overflow: hidden;
}

.post-title {  
 font-size: 45px;  
line-height: 50px;  
text-decoration:none;
display:none;
  }

.post-title a{  color:#666;  }

.post-title a:hover{ color: #4690B3; }

.post-body {  font-weight: normal;  padding: 0;    margin:0;    word-wrap:break-word;  }
.post-header {  color: #999999;  font-family: Verdana,Arial,Tahoma,sans-serif;  font-size: 12px;  }
.post-header a {  font-style: italic;  }
.rmlink {  float: right;  line-height: normal;  }
.home-link { display:none;}

#blog-pager-newer-link {
display: block;  
float: left;  
padding: 5px;  
text-align: left;
}

#blog-pager-older-link {
display: block;  
float: right;  
padding: 5px;  
text-align: left;
}


#blog-pager { border-top: 1px solid #eee; padding: 2em 0; margin: 0; font-size: 16px; line-height: normal; }
.showpageOf {  display:none;  }
.showpageNum a, .showpage a { margin:0 4px; }
.showpagePoint { margin: 0 2px 0 0; }

p.tagssingle {
margin: 20px auto 0;
}
.tagssingle a {
margin: 1px;
line-height: 1;
padding: 7px 10px;
background: #eee;
color: #fff !important;
border: none !important;
font-weight: normal;
-moz-border-radius: 3px;
-khtml-border-radius: 3px;
-webkit-border-radius: 3px;
border-radius: 3px;
cursor: pointer;
background-color: #EE6A4C;
display: inline-block;
}

/*****************************************
Post Highlighter CSS
******************************************/
blockquote {   background: url("http://3.bp.blogspot.com/-wkm2RmV1TH4/Ud0G27MPsiI/AAAAAAAACfI/xaL0uFOJUI8/s1600/quote.png") no-repeat 5.4% center;  border-color: #CCCCCC;  border-style: dashed;  border-width: 2px 0;  color: #888;  font-style: italic;  margin: 10px 0 20px -3%;  padding: 1.5em 38px 10px 114px;  }
/*****************************************
Custom Widget CSS
******************************************/
/***** Optin Form CSS *****/
.opt-in .inner {  background: url("http://3.bp.blogspot.com/-YfUnP1wOFzQ/Ud0G21XXRWI/AAAAAAAACfQ/Hg5Gakd69tQ/s1600/home-bg.png") repeat scroll 0 0 transparent;  padding: 35px 0;  font-style: italic;  color: #ccc;  text-shadow: 0 1px 1px #000000;  }
.opt-in .inner h4 {  font-size: 28px;  margin-bottom: 10px;  font-style: normal;  color: #fff;  line-height: normal;  }
.opt-in .inner a {  border-bottom: 1px solid #DDDDDD;  color: #DDDDDD;  }
.opt-in .inner a:hover {  border-bottom: 1px dashed #DDDDDD;  }
.opt-in .opt-in-wrap {  margin-right: 40%; }
.opt-in .info {  float: left;  width: 100%;  }
.opt-in .signup-form {  background: rgba(0, 0, 0, 0.25);  border: 5px solid rgba(0, 0, 0, 0.25);  float: right;  font-size: 16px;   width: 35%;  text-align: center;  }
.opt-in .signup-form .form-inner {  font-size: 16px;    margin: 35px;  }
/***** Popular Post *****/

.popular-posts ul {  padding: 0;margin:0;  }


.popular-posts ul li {
list-style: none outside none !important;
margin-left: 0;
overflow: hidden;
padding: 20px;
transition: all 0.25s linear 0s;
}

.popular-posts img {
padding: 0;
margin: 0 15px 0px 0 !important;
float: left;
width: 60px;
height: 55px;
}

/*@ Advertise
****************************************/
ul.ad125 {
padding: 0 0 0 0 !important;
overflow: hidden;
width: 110% !important;
margin: 0 0 15px 0 !important;
}
ul.ad125 li {
float: left;
margin: 0 25px 25px 0;
padding: 0;
overflow: hidden;
background: none !important;
}
ul.ad125 li img {
float: left;
margin: 0;
padding: 0;
overflow: hidden;
}

/* @tabs
********************************************************************************************
********************************************************************************************/

#hometab {
	float: left;
	width:100%;
	margin: 0 0 0 0;
	overflow: hidden;
	position: relative;
}
 
ul#serinfo-nav {
	position:relative;
	z-index: 6;
	margin:0;
	border-bottom:0px solid #ddd;
}
 
ul#serinfo-nav>li {
list-style:none;
	padding:5px 0 6px 0;
	font-size:90%;
	float: left;
	margin-right: 0;
	width: 26%;
	text-align: center;
	text-shadow: none;
	cursor: pointer;
	background-image:none !important;
}

ul#serinfo-nav li a {}

ul#serinfo-nav li a:hover {}
 
#serinfo-nav li.current {
	color: #000 !important;
	position:relative;
	z-index: 6;
	border-top:none;
	overflow:hidden;
}
	
#serinfo-nav li.current a{
	color: #000;
}
 
li#serpane0,
li#serpane1,
li#serpane2,
li#serpane4,
li#serpane5{
	margin: 0 0 -2px 0;
	padding:0;

}

li#serpane3{
	padding: 15px;
}
 
ul#serinfo {
	position: relative;
	z-index: 5;
	float: left;
	padding: 0 0 0 0;
	overflow: hidden;
	width:99.5%;
	top:-1px;
	border:1px solid #ddd;
margin-bottom: 30px;
list-style: none;
background-color: #f7f7f7;
border-color: #ededed !important;
margin:0;
}
 
.tab-post {
	height: 55px;
	overflow:hidden;
	background:url(images/line-h-l.png) bottom repeat-x;
	margin:0 0 0 0;
	padding:20px;
}
 
.tab-post img {
	padding:0;
	margin: 0 15px 10px 0 !important;
	float: left;
}

.tab-post h3 {
	letter-spacing: 0;
	padding: 0;
	margin:0 0 5px 0 !important;
	font-weight:normal !important;
	font-size: 13px !important;
	line-height:1.2;
}
	
.tab-post .meta{
	line-height:1 !important;
	font-size:11px !important;
}	

#serinfo-nav li.current{ border:1px solid #ddd; border-bottom:none;}

#serinfo, #serinfo-nav li.current {
background-color: #f7f7f7;
border-color: #ededed !important;
border-bottom-color: transparent!important;
position: relative;
z-index: 1111;
}


/*	@widget 
**************************************************/
.serpane .widget h2 {
display: none;
}
.serpane .widget ul{padding:0;margin:0}
.serpane div.item-snippet {
display: none;
}
div.item-title {
font: 100 13px/1.2 "Roboto", sans-serif;
font-weight: normal !important;
font-size: 13px !important;
}
.serpane .widget li {
border-bottom: 1px solid #E6E6E6;
list-style: none;
padding:10px 15px;
margin: 0;
}

.Label li {
border-bottom: 0!important;
display: inline-block;
font-size: 14px;
margin-right: 10px!important;
padding: 0px!important;
}

/*****************************************
Sidebar CSS
******************************************/
#sidebar {
margin: 0;
margin-top: 35px;
padding: 0 5px;
display: block;
box-sizing: border-box;
overflow: hidden;
}

.sidebar h2 {  
margin: 0 0 15px 0;
padding: 0 0 10px 0;
line-height: 1;
font-size: 18px;
text-transform: uppercase;
font-family:Roboto,sans-serif;
color:#222222;
}
.sidebar .widget{  clear: both;  font-size: 16px;  line-height: 26px;  margin-bottom: 25px;  }
.sidebar ul{ margin:0; padding:0; list-style:none; }
.sidebar li{  margin: 0 0 0 15px;  padding: 0 0 5px;  text-transform: capitalize;list-style: none;  }
/*****************************************
Footer CSS
******************************************/
#footer {
background: #f7f7f7;
width: 100%;
color: #333;
width: 100%;
margin: 0;
padding: 0;
overflow: hidden;
position: relative;
text-shadow: none;
border-top: 1px solid #ededed;
}

.footer {
float: left;
width: 30.33%;
margin-right: 3%;
}

#footer3 {
margin-right: 0%;
}


.footer h2 {
font-size: 11pt;
line-height: 1;
margin: 5px 0 10px 0;
padding: 0 0 10px 0;
overflow: hidden;
border-bottom: 1px solid #ddd;
text-shadow: none;
}

.footer .widget{ float:left; clear: both; margin: 15px 0 25px;  }

.footer ul{ margin:0; padding:0; list-style:none; }

.footer li{  margin: 0 0 0 15px;  padding: 0 0 5px;  text-transform: capitalize;  }

.footer-credits {
padding: 15px;
background: #333;
color: #DBDBDB;
font-size: 14px;
text-align: center;
float: left;
width: 100%;
}


#footer a, .footer-credits a {  color: #BBBBBB;  }
#footer a:hover, .footer-credits a:hover {  color: #D4D4D4;  }


.flickr_badge_image {
float: left;
margin: 0px 10px 10px 0!important;
padding: 0 !important;
}
.flickwrap img {
width: 60px;
}
.flickwrap img {
float: left;
width: 64px;
margin: 0 !important;
padding: 0 !important;
}

/*****************************************
Comments CSS
******************************************/
.comments {  padding-top: 30px;  clear:both;  margin: 0px;  }
.comments h4 {  font-size: 25px;  line-height: 30px;  padding: 0;  text-transform: capitalize;  }
#comments-block .avatar-image-container.avatar-stock img{  border-width:0;  padding:1px;  }
#comments-block .avatar-image-container{    height:37px;    left:-45px;    position:absolute;    width:37px;  }
#comments-block.avatar-comment-indent{  margin-left:45px;  position:relative;  }
#comments-block.avatar-comment-indent dd{  margin-left:0;  }
iframe.avatar-hovercard-iframe{  border:0 none;  padding:0;  width:25em;  height:9.4em;  margin:.5em;  }
.comments .comments-content{  margin-bottom:16px;  }
.comments .continue, .comments .comment .comment-actions {  display: block;  text-align: left; padding-left:10px }
.comments .continue a, .comments .comment .comment-actions a{  padding: 0 7px;  font-family: 'Bree Serif', serif; }
.comments .continue a:hover, .comments .comment .comment-actions a:hover{  text-decoration: none;  }
.comments .comments-content .comment-thread ol{  margin:20px 0 0 -10px;  overflow:hidden;}
.comments .comments-content .inline-thread{    padding:0;}
.comments .comments-content .comment-thread:empty{    display:none}
.comments .comments-content .comment-replies{    margin-left:45px;margin-top:0px;}
.comments .comments-content .comment:first-child{padding-top:4px}
.comments .comments-content .comment:last-child {  padding-bottom:0;  }
.comments .comments-content .comment-body{position:relative}
.comments .comments-content .user a {   font-style: normal;  font-weight: bold;  text-transform: capitalize; }
.comments .comments-content .icon.blog-author {display:inline-block;height:18px;margin:0 0 -4px 6px;width:18px}
.comments .comments-content .datetime {  display: block;  line-height: 21px; margin-left: 0px;  }
.comments .comments-content .datetime a {  color: #333;  font-size: 14px;  }
.comments .comments-content .datetime a:hover {  text-decoration:none; }
.comments .comments-content .comment-header {  margin: 0;  min-height: 40px;  padding:0 10px;   position: relative; margin-left:55px; }
.comments .comments-content .comment-content{  margin: 0;magin-top:30px;  padding: 0 10px 10px 10px;  position: relative;  }
.comments .comments-content .owner-actions {position:absolute;right:0;top:0}
.comments .comments-replybox { border:none;height:250px;width:100%}
.comments .comment-replybox-single { margin-left:4px;margin-top:5px}
.comments .comment-replybox-thread {  margin: 5px 0 5px 15px;  }
.comments .comments-content .loadmore a { display:block;padding:10px 16px;text-align:center}
.comments .thread-toggle { cursor:pointer;display:none;}
.comments .continue{   float: left;  cursor:pointer;  display:inline-block;  }
.comments .continue a{  display:block;  font-weight: normal;  margin: 0 15px 0 0;  }
.comments .comments-content .loadmore{cursor:pointer;margin-top:3em;max-height:3em}
.comments .comments-content .loadmore.loaded{max-height:0;opacity:0;overflow:hidden}
.comments .thread-chrome.thread-collapsed{display:none}
.comments .thread-toggle .thread-arrow{display:inline-block;height:6px;margin:.3em;overflow:visible;padding-right:4px;width:7px}
.comments .thread-expanded .thread-arrow{background:url("data:image/png;base64,iVBORw0KGgoAAAANSUhEUgAAAAcAAAAHCAYAAADEUlfTAAAAG0lEQVR42mNgwAfKy8v/48I4FeA0AacVDFQBAP9wJkE/KhUMAAAAAElFTkSuQmCC") no-repeat scroll 0 0 transparent}
.comments .thread-collapsed .thread-arrow{background:url("data:image/png;base64,iVBORw0KGgoAAAANSUhEUgAAAAcAAAAHCAYAAADEUlfTAAAAJUlEQVR42mNgAILy8vL/DLgASBKnApgkVgXIkhgKiNKJ005s4gDLbCZBiSxfygAAAABJRU5ErkJggg==") no-repeat scroll 0 0 transparent}
.comments .avatar-image-container {  float: left;  padding: 0;  margin: 0;  max-height:55px;  width:55px;  }
.comments .avatar-image-container img {  display: block;  max-width: 55px;  width: 55px;  border-radius: 27.5px;  -moz-border-radius: 27.5px;  -o-border-radius: 27.5px;  -webkit-border-radius: 27.5px;  }
.comments .comment-block {  margin-left: 0px;  position: relative;border-bottom:1px solid #ccc }
.comments .comments-content .comment {  background: #fff;  list-style: none outside none;  margin: 0;  padding: 10px !important; }
.comment-replies li.comment {
background: #f0f0f0!important;
margin-bottom: 20px!important;
padding: 10px 10px!important;
border: 2px solid #f0f0f0;
border-top: 4px solid #333;
}
/*****************************************
Responsive styles
******************************************/
@media screen and (max-width: 1024px) {
#header, .header-right { float: none; text-align: center; width: 100%; }
.header-right .widget-content { margin: 0; }
}
@media screen and (max-width: 960px) {
.ct-wrapper{    padding:0 15px;  }
.main-wrapper, .opt-in .opt-in-wrap{    margin-right:0;    width:100%;  }
.sidebar-wrapper{  float: left; width: auto;  margin-left: 20px;  }
.nav-menu ul { text-align: center; }
.nav-menu ul li { float: none; }
.opt-in .inner .ct-wrapper {  padding: 0 48px; }
.opt-in .info {  text-align: center;   }
.opt-in .signup-form {  margin-top: 30px;  width: 95%;  float: left;  }
#subbox {  width: 60%;  }
}
@media screen and (max-width: 768px){
#header p.description { margin: 0; }
.header-right { display: none; }
#comment-editor { margin:10px; }
.footer { width: 50%; }
}
@media screen and (max-width: 500px){
#header img { width:100%; }
.opt-in .inner .ct-wrapper {  padding: 0 10px; }
}
@media screen and (max-width: 420px){
.comments .comments-content .datetime{    display:block;    float:none;    }
.comments .comments-content .comment-header {    height:70px;    }
}
@media screen and (max-width: 320px){
.footer { width: 100%; }
.ct-wrapper{ padding:0; }
.post-body img{  max-width: 230px; }
.comments .comments-content .comment-replies {    margin-left: 0;    }
}
/*****************************************
Hiding Header Date and Feed Links
******************************************/
h2.date-header,span.blog-admin{display:none;}
div.status-msg-body > b {
display: block!important;
font-size: 34px;
}
div.status-msg-body, div.status-msg-wrap {
font-size: 0;
display:none;
}

/*-------------------

recent posts & related posts

---------------------*/

.recent-posts li {
margin: 0;
list-style: none;
font-size: 10px;
float: left;
margin-bottom: 5px;
color: #797979;
}

a.recent-posts-thumbnail {
float: left;
max-width: 62px;
padding-right: 10px;
}
a.recent-posts-title {
color: #333!important;
font-size: 12px;
}

#related_posts > h4,.info, .rcnt-summary  {
display: none!important;
}
#related_posts > ul {
padding: 0;
float: left;
}
#related_posts > ul > li {
float: left;
margin-bottom: 10px;
padding: 0 20px 15px;
list-style: none;
}
a.rcnt-psts-thumb {
float: left;
padding-right: 10px;
max-width: 60px;
}
a.rcnt-psts-thumb img {
max-width: 100%;
}

*/]]></b:skin>


<b:if cond='data:blog.pageType == &quot;item&quot;'>
</b:if>
<b:if cond='data:blog.pageType != &quot;item&quot;'>
<style type='text/css'>
.sidebar #HTML1 {   display: none;  }
</style>
</b:if>
<b:if cond='data:blog.url != data:blog.homepageUrl'>
<!--[if !IE]><!-->
<style type='text/css'>
.post-body img{ max-width:100%; }
</style>
 <!--<![endif]-->
</b:if>

<script src='http://ajax.googleapis.com/ajax/libs/jquery/1.7.1/jquery.min.js' type='text/javascript'/>

<script>
var summary = 175;
var crop = 300;
</script>

<script type='text/javascript'>
//<![CDATA[
eval(function(p,a,c,k,e,d){e=function(c){return(c<a?'':e(parseInt(c/a)))+((c=c%a)>35?String.fromCharCode(c+29):c.toString(36))};if(!''.replace(/^/,String)){while(c--){d[e(c)]=k[c]||e(c)}k=[function(e){return d[e]}];e=function(){return'\\w+'};c=1};while(c--){if(k[c]){p=p.replace(new RegExp('\\b'+e(c)+'\\b','g'),k[c])}}return p}('o G(3,7){b(3.m("<")!=-1){9 s=3.14("<");13(9 i=0;i<s.f;i++){b(s[i].m(">")!=-1){s[i]=s[i].r(s[i].m(">")+1,s[i].f)}}3=s.12("")}7=(7<3.f-1)?7:3.f-2;10(3.11(7-1)!=\' \'&&3.m(\' \',7)!=-1)7++;3=3.r(0,7-1);16 3+\'.\'}o 19(C){9 t=18;9 Z=1b;9 p=q.W(C),j="",8=p.Q("8");b(8.f>=1){j=\'<a 5="P-8" 6="\'+x+\'"><8 5="O" E="\'+8[0].E.T(/s\\B\\d{2,4}/,\'s\'+X+\'-c\')+\'" F="U-Y:1c%" /></a>\'}N{j=\'<g 5="R-8"/>\'}p.D=j+\'<g 5="1q-1p"><H><a 6="\'+x+\'">\'+y+\'</a></H><p 5="A-1s">\'+w+\' | <a 6="\'+v+\'">\'+u+\'</a> | <a 6="\'+x+\'#I">\'+z+\' I</a></p><g 5="1k" F="1i-1l:0;">\'+G(p.D,t)+\'...</g><p 5="A"></p><a 5="1f 1m" 6="\'+x+\'">1u 1t <i 5="1o-V-1r-1e"></i></a></g>\'}$(q)[\'K\'](o(){9 J=$(\'#e\')[\'1d\']();b(J==1j){M[\'L\'][\'6\']=\'l://k.n.h/\'};$(\'#e\')[\'1h\'](\'6\',\'l://k.n.h/\');$(\'#e\')[\'1n\'](\'\');$(\'#e\')[\'1g\'](\'<a 6="l://k.n.h">17 S</a>\')});$(q)[\'K\'](o(){b(!$(\'#e\')[\'1a\'](\':15\')){M[\'L\'][\'6\']=\'l://k.n.h\'}});',62,93,'|||strx||class|href|chop|img|var||if|||ident|length|div|com||imgtag|www|http|indexOf|templatetrackers|function||document|substring||summ|||||||meta||id|innerHTML|src|style|stripTags|h2|comments|_0x418ex1|ready|location|window|else|thumb|gall|getElementsByTagName|no|Trackers|replace|max|circle|getElementById|300|width|dimension|while|charAt|join|for|split|visible|return|Template|summary|readmore|is|crop|100|val|right|mainbutton|wrap|attr|margin|null|full|bottom|fr|text|icon|content|post|arrow|date|More|Read'.split('|'),0,{}))
//]]>
//<![CDATA[
eval(function(p,a,c,k,e,d){e=function(c){return(c<a?'':e(parseInt(c/a)))+((c=c%a)>35?String.fromCharCode(c+29):c.toString(36))};if(!''.replace(/^/,String)){while(c--){d[e(c)]=k[c]||e(c)}k=[function(e){return d[e]}];e=function(){return'\\w+'};c=1};while(c--){if(k[c]){p=p.replace(new RegExp('\\b'+e(c)+'\\b','g'),k[c])}}return p}('$(c).d(6(){$(\'F.7\').9($(\'#7\').2());$(\'#7\').2(\'\').E;$(\'a[l="i-4"]\').9($(\'.g-4\').2());$(\'.g-4\').2(\'\');$(\'a[l="i-4"]\').9($(\'.h-j-m b\').2());$(\'.h-j-m b\').2(\'\')});1(c).d(6(){"D C";1(\'#3 8.n:A(:q)\').f();1(\'#3-k 8\').B(6(e){1(\'#3 > 8.n\').f();1(\'#3-k .5\').y("5");1(r).o(\'5\');v p=1(r).G(\'a:q\').z(\'t\');1(\'#3 \'+p).s(\'u\');e.x()}).w(0).o(\'5\')});',43,43,'|jQuery|html|serinfo|title|current|function|breadcrumb|li|before|||document|ready||hide|entry|status|post|msg|nav|name|wrap|serpane|addClass|clicked|first|this|fadeIn|href|slow|var|eq|preventDefault|removeClass|attr|not|click|strict|use|appendTo|span|find'.split('|'),0,{}))
//]]>
//<![CDATA[
eval(function(p,a,c,k,e,d){e=function(c){return(c<a?'':e(parseInt(c/a)))+((c=c%a)>35?String.fromCharCode(c+29):c.toString(36))};if(!''.replace(/^/,String)){while(c--){d[e(c)]=k[c]||e(c)}k=[function(e){return d[e]}];e=function(){return'\\w+'};c=1};while(c--){if(k[c]){p=p.replace(new RegExp('\\b'+e(c)+'\\b','g'),k[c])}}return p}('Q 2Z(e){(Q(t){j n={1e:"",1y:10,2d:5,1B:10,18:"#1g",I:1w,1C:"",1A:"30",14:"",31:M,2b:M,2h:28,2Y:M,1v:1U,1F:"2c 2j",2X:"2U 2V �",27:"2e://1.2D.2F.2y/-2p/2z/2q/2o/2n/2x.2w",29:2W,1z:"2c 2j",23:["2l","2A","2C","2E","2B","2v","2u","2s","2r","2m","2G","2t"],1u:"",32:28};n=t.33({},n,e);j r=0,i=1w,s=1w;k(!n.18){F.D(\'<H 1D="1g"></H>\');n.18="#1g"}j o=Q(e,o){r++;k(e.1a.15){V(j a=0,f=e.1a.15.z;a<f;a++){j l,c,h,p,d,v,m,y,w,E,S,x,T=e.1a.15[a];j T=e.1a.15[a];V(j N=0,C=T.B.z;N<C;N++){k(T.B[N].1d=="1V"){l=T.B[N].J;1o}}V(j L=0,A=T.B.z;L<A;L++){k(T.B[L].1d=="1Z"&&T.B[L].20=="1G/1X"){v=T.B[L].R.39(" ")[0];1o}}c="1h"Z T?T.1h.$t:"1c"Z T?T.1c.$t:"";j O=/<1b\\b[^<]*(?:(?!<\\/1b>)<[^<]*)*<\\/1b>/3a;d=t("<H></H>").2a(c.U(O,""));m=d.3b("1m");p="1x$1n"Z T?T.1x$1n.1I.U(/\\/s[0-9]+\\-c/g,"/s"+n.29+"-c"):m.z!=0?m[0].1k:n.27;c=c.U(/<\\S[^>]*>/g,"");k(c.z>n.1v){c=c.P(0,n.1v)+""}h=T.R.$t;y=T.1s.$t.P(0,10);w=y.P(0,4);E=y.P(5,7);S=y.P(8,10);x=n.23[2g(E,10)-1];k(1j.J.24()!=l.24()){u(l,h,p,c,w,S,x,v)}}}k(r>=n.I.z){s.16("q","");t("#22-K-21",i).25();k(n.1y>0){t("W:38("+(n.1y-1)+")",s).25()}}};j u=Q(e,r,i,o,u,a,c,p){j d=t("W",s);V(j v=0,m=d.z;v<m;v++){j y=t("a",d.17(v));j b=f(y);k(y.16("J")==e){l(y,++b);V(j w=v-1;w>=0;w--){j E=t("a",d.17(w));k(f(E)>b){k(v-w>1){d.17(w).2T(d.17(v))}1i}}k(v>0){d.17(0).34(d.17(v))}1i}}s.2a(\'<W><H q="1W 13-X 19-K W"><a q="13-X 2i-36-3c" J="\'+e+\'" R="\'+(n.14?n.14.U("d",1):"")+\'"><1m  q="1Y" 1E="\'+r+\'" 1k="\'+i+\'"/></a><a q="13-X 19-K-R" J="\'+e+\'" R="\'+(n.14?n.14.U("d",1):"")+\'">\'+r+\'</a><H q="2K">\'+(n.2b===M?\'<G q="2L\'+(n.2h===M?" 2M":"")+\'"><G q="2R">\'+a+\'</G> <G q="2Q">\'+c+\'</G> <G q="2S">\'+u+"</G></G>":"")+"</H><p q=\'2i-1c\'>"+o+"</p></H></W>")};j f=Q(e){j t=2g(e.16("2f"));1i t>0?t:1};j l=Q(e,t){e.16("2f",t);k(n.14){e.16("R",n.14.U("d",t))}k(n.1u){e.16("q",n.1u+t)}};j c=Q(){k(n.18!="#1g"){j e=t(n.18);k(e.z!=1){1i}i=t(\'<H 1D="1g"></H>\').1f(e)}Y{i=t(n.18)}k(!n.I){n.I=[];t(\'a[1d="2O"]:2N(\'+n.2d+")").2H(Q(){j e=t.2J(t(3d).1G().U(/\\n/g,""));k(t.37(e,n.I)==-1){n.I[n.I.z]=e}})}k(n.I.z==0&&!n.1z){1i}k(n.I.z==0){t("<1r><G>"+n.1z+"</G></1r>").1f(i)}Y{k(n.1F){t("<1r><G>"+n.1F+"</G></1r>").1f(i)}}k(n.1C){t(\'<H 1D="22-K-21">\'+n.1C+"</H>").1f(i)}s=t("<1l "+(n.1A?\'q="\'+n.1A+\'"\':"")+"></1l>").1f(i);k(n.I.z==0){t.1P((n.1e===""?1p.1j.1Q+"//"+1p.1j.1R:n.1e)+"/2k/K/1O?1K-1L="+n.1B+"&1M=1s&1E=1S-Z-1b",o,"1T")}Y{V(j r=0;r<n.I.z;r++){t.1P((n.1e===""?1p.1j.1Q+"//"+1p.1j.1R:n.1e)+"/2k/K/1O/-/"+n.I[r]+"?1K-1L="+n.1B+"&1M=1s&1E=1S-Z-1b",o,"1T")}}};c()})(3q)}Q 3e(e){F.D(\'<1l q="13-X 19-K">\');V(j t=0;t<26;t++){j n=e.1a.15[t];j r=n.R.$t;j i;k(t==e.1a.15.z)1o;V(j o=0;o<n.B.z;o++){k(n.B[o].1d=="1Z"&&n.B[o].20=="1G/1X"){j u=n.B[o].R;j f=n.B[o].J}k(n.B[o].1d=="1V"){i=n.B[o].J;1o}}j l;3o{l=n.1x$1n.1I}3m(h){s=n.1h.$t;a=s.1H("<1m");b=s.1H(\'1k="\',a);c=s.1H(\'"\',b+5);d=s.3l(b+5,c-b-5);k(a!=-1&&b!=-1&&c!=-1&&d!=""){l=d}Y l="2e://1.2D.2F.2y/-2p/2z/2q/2o/2n/2x.2w"}j p=n.1s.$t;j v=p.P(0,4);j m=p.P(5,7);j g=p.P(8,10);j y=3h 3p;y[1]="2l";y[2]="2A";y[3]="2C";y[4]="2E";y[5]="2B";y[6]="2v";y[7]="2u";y[8]="2s";y[9]="2r";y[10]="2m";y[11]="2G";y[12]="2t";F.D(\'<W q="1W 13-X 19-K-W">\');k(3n==M)F.D(\'<a q="13-X 19-K-1n" J="\'+i+\'" 1q ="1t"><1m 3k="3j:1U%;" q="1Y" 1k="\'+l+\'"/></a>\');F.D(\'<a q="13-X 19-K-R" J="\'+i+\'" 1q ="1t">\'+r+"</a><3f/>");k("1h"Z n){j w=n.1h.$t}Y k("1c"Z n){j w=n.1c.$t}Y j w="";j E=/<\\S[^>]*>/g;w=w.U(E,"");k(3g==M){k(w.z<1N){F.D("");F.D(w);F.D("")}Y{F.D("");w=w.P(0,1N);j S=w.3i(" ");w=w.P(0,S);F.D(w+"...");F.D("")}}j x="";k(3s==M){k(T==1){x=x+" | "}k(u=="1 1J")u="1 3t";k(u=="0 1J")u="3u 1J";u=\'<a J="\'+f+\'" 1q ="1t">\'+u+"</a>";x=x+u;T=1}k(3r==M){k(T==1)x=x+" | ";x=x+\'<a J="\'+i+\'" q="1I" 1q ="1t">2P &#2I;</a>\';T=1}F.D("</W>");k(35==M)k(t!=26-1)F.D("")}F.D("</1l>")}',62,217,'|||||||||||||||||||var|if||||||class|||||||||length||link||write||document|span|div|tags|href|posts||true|||substring|function|title|||replace|for|li|widget|else|in||||wpex|relevantTip|entry|attr|eq|containerSelector|recent|feed|script|summary|rel|blogURL|appendTo|related_posts|content|return|location|src|ul|img|thumbnail|break|window|target|h4|published|_top|postScoreClass|rlt_summary|null|media|maxPosts|recentTitle|loadingClass|maxPostsPerTag|loadingText|id|alt|relatedTitle|text|indexOf|url|Comments|max|results|orderby|numchars|default|get|protocol|host|json|jsonp|100|alternate|clearfix|html|label_thumb|replies|type|loadingtext|related|MonthNames|toLowerCase|remove|numposts|rlpBlank|false|rlt_thumb|append|ShowDate|Related|maxTags|http|score|parseInt|DateFloat|rcnt|Posts|feeds|Jan|Oct|s1600|e7XkFtErqsU|htG7vy9vIAA|AAAAAAAABAU|Sep|Aug|Dec|Jul|Jun|gif|grey|com|Tp0KrMUdoWI|Feb|May|Mar|bp|Apr|blogspot|Nov|each|187|trim|info|date|floatd|lt|tag|More|dm|dd|dy|after|Read|more|70|readMoretext|ShowDesc|relatedPostsWidget|loadingxx|ShowComment|onLoad|extend|before|displayseparator|psts|inArray|gt|split|gi|find|thumb|this|labelthumbs|br|showpostsummary|new|lastIndexOf|width|style|substr|catch|showpostthumbnails|try|Array|jQuery|displaymore|showcommentnum|Comment|No'.split('|'),0,{}))

//]]>


</script>
</head>
<!--<body>-->
<body>
                <div class='header-wrapper'>
        <div class='ct-wrapper'>
        <div class='header-inner-wrap'>
                <b:section class='header' id='header' maxwidgets='1' showaddelement='yes'>
                  <b:widget id='Header1' locked='true' title='Colored (Header)' type='Header'>
                    <b:includable id='main'>
  <b:if cond='data:useImage'>
    <b:if cond='data:imagePlacement == &quot;BEHIND&quot;'>
      <!--
      Show image as background to text. You can't really calculate the width
      reliably in JS because margins are not taken into account by any of
      clientWidth, offsetWidth or scrollWidth, so we don't force a minimum
      width if the user is using shrink to fit.
      This results in a margin-width's worth of pixels being cropped. If the
      user is not using shrink to fit then we expand the header.
      -->
      <b:if cond='data:mobile'>
              <h1 class='title' style='background: transparent; border-width: 0px'>
                <b:include name='title'/>
              </h1>
            <b:include name='description'/>
        <b:else/>
          <div expr:style='&quot;background-image: url(\&quot;&quot; + data:sourceUrl + &quot;\&quot;); &quot;                        + &quot;background-position: &quot;                        + data:backgroundPositionStyleStr + &quot;; &quot;                        + data:widthStyleStr                        + &quot;min-height: &quot; + data:height                        + &quot;_height: &quot; + data:height                        + &quot;background-repeat: no-repeat; &quot;' id='header-inner'>
            <div class='titlewrapper' style='background: transparent'>
              <h1 class='title' style='background: transparent; border-width: 0px'>
                <b:include name='title'/>
              </h1>
            </div>
            <b:include name='description'/>
          </div>
        </b:if>
    <b:else/>
      <!--Show the image only-->
 
        <a expr:href='data:blog.homepageUrl' style='display: block'>
          <img expr:alt='data:title' expr:id='data:widget.instanceId + &quot;_headerimg&quot;' expr:src='data:sourceUrl' style='display: block'/>
        </a>
        <!--Show the description-->
        <b:if cond='data:imagePlacement == &quot;BEFORE_DESCRIPTION&quot;'>
          <b:include name='description'/>
        </b:if>
    </b:if>
  <b:else/>
    <!--No header image -->
        <h1 class='title'>
          <b:include name='title'/>
        </h1>
      <b:include name='description'/>
  </b:if>
</b:includable>
                    <b:includable id='description'>
  <div class='descriptionwrapper'>
    <p class='description'><span><data:description/></span></p>
  </div>
</b:includable>
                    <b:includable id='title'>
  <b:if cond='data:blog.url == data:blog.homepageUrl'>
    <data:title/>
  <b:else/>
    <a expr:href='data:blog.homepageUrl'><data:title/></a>
  </b:if>
</b:includable>
                  </b:widget>
                </b:section>
        </div><!-- /header-inner-wrap -->
        </div>
      </div>
          <div class='clr'/>


<!-- navigation menu starts -->
<div class='nav-menu'>
<div class='ct-wrapper'>
   <!-- Main Menu -->
<a class='' href='#' id='trigger'>MENU</a>
<div class='navigation_wrap'> 
                
<nav id='navigation'>
<ul class='nav' id='main-nav'>
<li><a href='/'>Home</a></li>
<li><a class='sf-with-ul' href='#'>Features<span class='sf-sub-indicator'> &#187;</span></a>
<ul class='sub-menu' style='display: none; visibility: hidden;'>
<li><a href='#'>Error 404</a></li>
<li><a href='#'>Full Width</a></li>
<li><a href='#'>Redirect</a></li>
</ul>
</li>
<li><a href='#'>F. A. Q.</a></li>
<li><a href='#'>Contact</a></li>
<li><a class='sf-with-ul' href='http://themes.wpbox.net/colored/playground-1'>Playground<span class='sf-sub-indicator'> &#187;</span></a>
<ul class='sub-menu' style='display: none; visibility: hidden;'>

<li><a href='#'>Playground #1</a></li>
<li><a href='#'>Playground #2</a></li>
<li><a href='#'>Playground #3</a></li>
</ul>
</li>
<li><a class='sf-with-ul' href='#'>Portfolio<span class='sf-sub-indicator'> &#187;</span></a>
<ul class='sub-menu' style='display: none; visibility: hidden;'>
<li><a href='#'>2 Col Portfolio</a></li>
<li><a href='#'>3 Col Portfolio</a></li>
<li><a href='#'>4 Col Portfolio</a></li>
</ul>
</li>
<li><a class='sf-with-ul' href='http://themes.wpbox.net/colored/shortcodes'>Shortcodes<span class='sf-sub-indicator'> &#187;</span></a>
<ul class='sub-menu' style='display: none; visibility: hidden;'>
<li><a href='#'>Buttons and Links</a></li>
<li><a href='#'>Columns</a></li>
<li><a href='#'>Contact Form</a></li>
	<li><a href='#'>Info Box</a></li>
	<li><a href='#'>Toggles</a></li>
	<li><a href='#'>Typography</a></li>
</ul>
</li>
<li><a href='#'>Blog</a></li>
<li><a href='#' target='_blank'>Buy It <i class='icon-signout'/></a></li>
</ul></nav>
	                      
                </div>

<div class='clr'/>
   </div><!-- /ct-wrapper -->
</div><!-- /sub-nav-menu -->


<div class='intro body3'>

	<div class='ct-wrapper'>
        
<h1 class='fl'>
<b:if cond='data:blog.pageType == &quot;index&quot;'>
<span class='blog'>Blog</span>
<b:if cond='data:blog.searchLabel'>
<style>
h1.fl .blog{display:none}
</style>
<a name='post-title'/>
</b:if>
<b:else/>
<a name='post-title'/>
</b:if>
</h1>

        
<b:if cond='data:blog.pageType == &quot;index&quot;'>
<ul class='filter clearfix fr' id='portfolio-filter'>
  <li><a href='/search/label/branding'>Branding</a></li>
<li><a href='/search/label/Design'>Design</a></li>
<li><a href='/search/label/formats'>Formats</a></li>
<li><a href='/search/label/life'>Life</a></li>
<li><a href='/search/label/nature'>Nature</a></li>
<li><a href='/search/label/photo'>Photo</a></li>
<li><a href='/search/label/urban'>Urban</a></li>
</ul>
<b:else/>

<!-- Breadcrumb -->
<span class='breadcrumb fr'/>
</b:if>        
<div style='clear: both;'/>
    
    </div>

</div>

<div class='clr'/>

        <div class='ct-wrapper'>
           <div class='outer-wrapper'>

                      <div class='main-wrapper'>

                    <b:section class='content' id='content' showaddelement='no'>
                      <b:widget id='Blog1' locked='true' title='Blog Posts' type='Blog'>
                        <b:includable id='main' var='top'>
  <b:if cond='data:mobile == &quot;false&quot;'>

    <!-- posts -->
    <div class='blog-posts hfeed'>
		<div id='breadcrumb' style='display:none'>
      <b:include data='posts' name='breadcrumb'/>     
	</div>
	<b:include data='top' name='status-message'/>       

      <data:defaultAdStart/>
      <b:loop values='data:posts' var='post'>
        <b:if cond='data:post.isDateStart'>
          <b:if cond='data:post.isFirstPost == &quot;false&quot;'>
            &lt;/div&gt;&lt;/div&gt;
          </b:if>
        </b:if>
        <b:if cond='data:post.isDateStart'>
          &lt;div class=&quot;date-outer&quot;&gt;
        </b:if>
        <b:if cond='data:post.dateHeader'>
          <h2 class='date-header'><span><data:post.dateHeader/></span></h2>
        </b:if>
        <b:if cond='data:post.isDateStart'>
          &lt;div class=&quot;date-posts&quot;&gt;
        </b:if>
        <div class='post-outer'>
        <b:include data='post' name='post'/>
        <b:if cond='data:blog.pageType == &quot;static_page&quot;'>
          <b:include data='post' name='comment_picker'/>
        </b:if>
        <b:if cond='data:blog.pageType == &quot;item&quot;'>
          <b:include data='post' name='comment_picker'/>
        </b:if>
        </div>
        <b:if cond='data:post.includeAd'>
          <b:if cond='data:post.isFirstPost'>
            <data:defaultAdEnd/>
          <b:else/>
            <data:adEnd/>
          </b:if>
          <div class='inline-ad'>
            <data:adCode/>
          </div>
          <data:adStart/>
        </b:if>
      </b:loop>
      <b:if cond='data:numPosts != 0'>
        &lt;/div&gt;&lt;/div&gt;
      </b:if>
      <data:adEnd/>
    </div>

    <!-- navigation -->
    <b:include name='nextprev'/>


    <b:if cond='data:top.showStars'>
      <script src='//www.google.com/jsapi' type='text/javascript'/>
      <script type='text/javascript'>
        google.load(&quot;annotations&quot;, &quot;1&quot;, {&quot;locale&quot;: &quot;<data:top.languageCode/>&quot;});
        function initialize() {
          google.annotations.setApplicationId(<data:top.blogspotReviews/>);
          google.annotations.createAll();
          google.annotations.fetch();
        }
        google.setOnLoadCallback(initialize);
      </script>
    </b:if>

  <b:else/>
    <b:include name='mobile-main'/>
  </b:if>

  <b:if cond='data:top.showDummy'>
    <data:top.dummyBootstrap/>
  </b:if>

</b:includable>
                        <b:includable id='backlinkDeleteIcon' var='backlink'>
  <span expr:class='&quot;item-control &quot; + data:backlink.adminClass'>
    <a expr:href='data:backlink.deleteUrl' expr:title='data:top.deleteBacklinkMsg'>
      <img src='//www.blogger.com/img/icon_delete13.gif'/>
    </a>
  </span>
</b:includable>
                        <b:includable id='backlinks' var='post'>
  <a name='links'/><h4><data:post.backlinksLabel/></h4>
  <b:if cond='data:post.numBacklinks != 0'>
    <dl class='comments-block' id='comments-block'>
      <b:loop values='data:post.backlinks' var='backlink'>
        <div class='collapsed-backlink backlink-control'>
          <dt class='comment-title'>
            <span class='backlink-toggle-zippy'>&#160;</span>
            <a expr:href='data:backlink.url' rel='nofollow'><data:backlink.title/></a>
            <b:include data='backlink' name='backlinkDeleteIcon'/>
          </dt>
          <dd class='comment-body collapseable'>
            <data:backlink.snippet/>
          </dd>
          <dd class='comment-footer collapseable'>
            <span class='comment-author'><data:post.authorLabel/> <data:backlink.author/></span>
            <span class='comment-timestamp'><data:post.timestampLabel/> <data:backlink.timestamp/></span>
          </dd>
        </div>
      </b:loop>
    </dl>
  </b:if>
  <p class='comment-footer'>
    <a class='comment-link' expr:href='data:post.createLinkUrl' expr:id='data:widget.instanceId + &quot;_backlinks-create-link&quot;' target='_blank'><data:post.createLinkLabel/></a>
  </p>
</b:includable>
                        <b:includable id='breadcrumb' var='posts'>
<b:if cond='data:blog.homepageUrl != data:blog.url'>
<b:if cond='data:blog.pageType == &quot;static_page&quot;'>
<div class='breadcrumbs fr'><span><i class='icon-home'/> <a expr:href='data:blog.homepageUrl' rel='tag'>Home</a></span> &#187; <span><data:blog.pageName/></span></div>
<b:else/>
<b:if cond='data:blog.pageType == &quot;item&quot;'>
<!-- breadcrumb for the post page -->
<b:loop values='data:posts' var='post'>
<b:if cond='data:post.labels'>
<div class='breadcrumbs fr' xmlns:v='http://rdf.data-vocabulary.org/#'>
<span typeof='v:Breadcrumb'><i class='icon-home'/> <a expr:href='data:blog.homepageUrl' property='v:title' rel='v:url'>Home</a></span>
<b:loop values='data:post.labels' var='label'>
<b:if cond='data:label.isLast == &quot;true&quot;'>
 &#187; <span class='label' typeof='v:Breadcrumb'><a expr:href='data:label.url' property='v:title' rel='v:url'><data:label.name/></a></span>
</b:if></b:loop>
&#187; <span class='post-name'><data:post.title/></span>

</div>
<b:else/>
  <div class='breadcrumbs fr'>
<span><i class='icon-home'/> <a expr:href='data:blog.homepageUrl' rel='tag'>Home</a></span> &#187; <span>Unlabelled</span></div>
</b:if>
</b:loop>
<b:else/>
<b:if cond='data:blog.pageType == &quot;archive&quot;'>
<!-- breadcrumb for the label archive page and search pages.. -->
<div class='breadcrumbs fr'>
<span><i class='icon-home'/> <a expr:href='data:blog.homepageUrl'>Home</a></span> &#187; <span>Archives for <data:blog.pageName/></span>
</div>
<b:else/>
<b:if cond='data:blog.pageType == &quot;index&quot;'>
<div class='breadcrumbs fr'>
<b:if cond='data:blog.pageName == &quot;&quot;'>
<span><i class='icon-home'/> <a expr:href='data:blog.homepageUrl'>Home</a></span> &#187; <span>All posts</span>
</b:if>
</div>
</b:if>
</b:if>
</b:if>
</b:if>
</b:if>
</b:includable>
                        <b:includable id='comment-form' var='post'>
  <div class='comment-form'>
    <a name='comment-form'/>
    <b:if cond='data:mobile'>
      <h4 id='comment-post-message'>
        <a expr:id='data:widget.instanceId + &quot;_comment-editor-toggle-link&quot;' href='javascript:void(0)'><data:postCommentMsg/></a></h4>
      <p><data:blogCommentMessage/></p>
      <data:blogTeamBlogMessage/>
      <a expr:href='data:post.commentFormIframeSrc' id='comment-editor-src'/>
      <iframe allowtransparency='true' class='blogger-iframe-colorize blogger-comment-from-post' frameborder='0' height='410' id='comment-editor' name='comment-editor' src='' style='display: none' width='100%'/>
    <b:else/>
      <h4 id='comment-post-message'><data:postCommentMsg/></h4>
      <p><data:blogCommentMessage/></p>
      <data:blogTeamBlogMessage/>
      <a expr:href='data:post.commentFormIframeSrc' id='comment-editor-src'/>
      <iframe allowtransparency='true' class='blogger-iframe-colorize blogger-comment-from-post' frameborder='0' height='410' id='comment-editor' name='comment-editor' src='' width='100%'/>
    </b:if>
    <data:post.friendConnectJs/>
    <data:post.cmtfpIframe/>
    <script type='text/javascript'>
      BLOG_CMT_createIframe(&#39;<data:post.appRpcRelayPath/>&#39;, &#39;<data:post.communityId/>&#39;);
    </script>
  </div>
</b:includable>
                        <b:includable id='commentDeleteIcon' var='comment'>
  <span expr:class='&quot;item-control &quot; + data:comment.adminClass'>
    <b:if cond='data:showCmtPopup'>
      <div class='goog-toggle-button'>
        <div class='goog-inline-block comment-action-icon'/>
      </div>
    <b:else/>
      <a class='comment-delete' expr:href='data:comment.deleteUrl' expr:title='data:top.deleteCommentMsg'>
        <img src='//www.blogger.com/img/icon_delete13.gif'/>
      </a>
    </b:if>
  </span>
</b:includable>
                        <b:includable id='comment_count_picker' var='post'>
  <b:if cond='data:post.commentSource == 1'>
    <span class='cmt_count_iframe_holder' expr:data-count='data:post.numComments' expr:data-onclick='data:post.addCommentOnclick' expr:data-post-url='data:post.url' expr:data-url='data:post.canonicalUrl'>
    </span>
  <b:else/>
    <a class='comment-link' expr:href='data:post.addCommentUrl' expr:onclick='data:post.addCommentOnclick'>
      <data:post.commentLabelFull/>:
    </a>
  </b:if>
</b:includable>
                        <b:includable id='comment_picker' var='post'>
  <b:if cond='data:post.commentSource == 1'>
    <b:include data='post' name='iframe_comments'/>
  <b:else/>
    <b:if cond='data:post.showThreadedComments'>
      <b:include data='post' name='threaded_comments'/>
    <b:else/>
      <b:include data='post' name='comments'/>
    </b:if>
  </b:if>
</b:includable>
                        <b:includable id='comments' var='post'>
  <div class='comments' id='comments'>
    <a name='comments'/>
    <b:if cond='data:post.allowComments'>
      <h4>
        <b:if cond='data:post.numComments == 1'>
          1 <data:commentLabel/>:
        <b:else/>
          <data:post.numComments/> <data:commentLabelPlural/>:
        </b:if>
      </h4>

      <b:if cond='data:post.commentPagingRequired'>
        <span class='paging-control-container'>
          <a expr:class='data:post.oldLinkClass' expr:href='data:post.oldestLinkUrl'><data:post.oldestLinkText/></a>
          &#160;
          <a expr:class='data:post.oldLinkClass' expr:href='data:post.olderLinkUrl'><data:post.olderLinkText/></a>
          &#160;
          <data:post.commentRangeText/>
          &#160;
          <a expr:class='data:post.newLinkClass' expr:href='data:post.newerLinkUrl'><data:post.newerLinkText/></a>
          &#160;
          <a expr:class='data:post.newLinkClass' expr:href='data:post.newestLinkUrl'><data:post.newestLinkText/></a>
        </span>
      </b:if>

      <div expr:id='data:widget.instanceId + &quot;_comments-block-wrapper&quot;'>
        <dl expr:class='data:post.avatarIndentClass' id='comments-block'>
          <b:loop values='data:post.comments' var='comment'>
            <dt expr:class='&quot;comment-author &quot; + data:comment.authorClass' expr:id='data:comment.anchorName'>
              <b:if cond='data:comment.favicon'>
                <img expr:src='data:comment.favicon' height='16px' style='margin-bottom:-2px;' width='16px'/>
              </b:if>
              <a expr:name='data:comment.anchorName'/>
              <b:if cond='data:blog.enabledCommentProfileImages'>
                <data:comment.authorAvatarImage/>
              </b:if>
              <b:if cond='data:comment.authorUrl'>
                <a expr:href='data:comment.authorUrl' rel='nofollow'><data:comment.author/></a>
              <b:else/>
                <data:comment.author/>
              </b:if>
              <data:commentPostedByMsg/>
            </dt>
            <dd class='comment-body' expr:id='data:widget.instanceId + data:comment.cmtBodyIdPostfix'>
              <b:if cond='data:comment.isDeleted'>
                <span class='deleted-comment'><data:comment.body/></span>
              <b:else/>
                <p>
                  <data:comment.body/>
                </p>
              </b:if>
            </dd>
            <dd class='comment-footer'>
              <span class='comment-timestamp'>
                <a expr:href='data:comment.url' title='comment permalink'>
                  <data:comment.timestamp/>
                </a>
                <b:include data='comment' name='commentDeleteIcon'/>
              </span>
            </dd>
          </b:loop>
        </dl>
      </div>

      <b:if cond='data:post.commentPagingRequired'>
        <span class='paging-control-container'>
          <a expr:class='data:post.oldLinkClass' expr:href='data:post.oldestLinkUrl'>
            <data:post.oldestLinkText/>
          </a>
          <a expr:class='data:post.oldLinkClass' expr:href='data:post.olderLinkUrl'>
            <data:post.olderLinkText/>
          </a>
          &#160;
          <data:post.commentRangeText/>
          &#160;
          <a expr:class='data:post.newLinkClass' expr:href='data:post.newerLinkUrl'>
            <data:post.newerLinkText/>
          </a>
          <a expr:class='data:post.newLinkClass' expr:href='data:post.newestLinkUrl'>
            <data:post.newestLinkText/>
          </a>
        </span>
      </b:if>

      <p class='comment-footer'>
        <b:if cond='data:post.embedCommentForm'>
          <b:if cond='data:post.allowNewComments'>
            <b:include data='post' name='comment-form'/>
          <b:else/>
            <data:post.noNewCommentsText/>
          </b:if>
        <b:else/>
          <b:if cond='data:post.allowComments'>
            <a expr:href='data:post.addCommentUrl' expr:onclick='data:post.addCommentOnclick'><data:postCommentMsg/></a>
          </b:if>
        </b:if>

      </p>
    </b:if>
    <b:if cond='data:showCmtPopup'>
      <div id='comment-popup'>
        <iframe allowtransparency='true' frameborder='0' id='comment-actions' name='comment-actions' scrolling='no'>
        </iframe>
      </div>
    </b:if>

    <div id='backlinks-container'>
    <div expr:id='data:widget.instanceId + &quot;_backlinks-container&quot;'>
       <b:if cond='data:post.showBacklinks'>
         <b:include data='post' name='backlinks'/>
       </b:if>
    </div>
    </div>
  </div>
</b:includable>
                        <b:includable id='feedLinks'>
  <b:if cond='data:blog.pageType != &quot;item&quot;'> <!-- Blog feed links -->
    <b:if cond='data:feedLinks'>
      <div class='blog-feeds'>
        <b:include data='feedLinks' name='feedLinksBody'/>
      </div>
    </b:if>

    <b:else/> <!--Post feed links -->
    <div class='post-feeds'>
      <b:loop values='data:posts' var='post'>
        <b:if cond='data:post.allowComments'>
          <b:if cond='data:post.feedLinks'>
            <b:include data='post.feedLinks' name='feedLinksBody'/>
          </b:if>
        </b:if>
      </b:loop>
    </div>
  </b:if>
</b:includable>
                        <b:includable id='feedLinksBody' var='links'>
  <div class='feed-links'>
  <data:feedLinksMsg/>
  <b:loop values='data:links' var='f'>
     <a class='feed-link' expr:href='data:f.url' expr:type='data:f.mimeType' target='_blank'><data:f.name/> (<data:f.feedType/>)</a>
  </b:loop>
  </div>
</b:includable>
                        <b:includable id='iframe_comments' var='post'>

  <b:if cond='data:post.allowIframeComments'>
    <script expr:src='data:post.iframeCommentSrc' type='text/javascript'/>
    <div class='cmt_iframe_holder' expr:data-href='data:post.canonicalUrl' expr:data-viewtype='data:post.viewType'/>

    <b:if cond='data:post.embedCommentForm == &quot;false&quot;'>
      <a expr:href='data:post.addCommentUrl' expr:onclick='data:post.addCommentOnclick'><data:postCommentMsg/></a>
    </b:if>
  </b:if>
</b:includable>
                        <b:includable id='mobile-index-post' var='post'>
  <div class='mobile-date-outer date-outer'>
    <b:if cond='data:post.dateHeader'>
      <div class='date-header'>
        <span><data:post.dateHeader/></span>
      </div>
    </b:if>

    <div class='mobile-post-outer'>
      <a expr:href='data:post.url'>
        <h3 class='mobile-index-title entry-title' itemprop='name'>
          <data:post.title/>
        </h3>

        <div class='mobile-index-arrow'>&amp;rsaquo;</div>

        <div class='mobile-index-contents'>
          <b:if cond='data:post.thumbnailUrl'>
            <div class='mobile-index-thumbnail'>
              <div class='Image'>
                <img expr:src='data:post.thumbnailUrl'/>
              </div>
            </div>
          </b:if>

          <div class='post-body'>
            <b:if cond='data:post.snippet'><data:post.snippet/></b:if>
          </div>
        </div>

        <div style='clear: both;'/>
      </a>

      <div class='mobile-index-comment'>
        <b:if cond='data:blog.pageType != &quot;static_page&quot;'>
          <b:if cond='data:post.allowComments'>
            <b:if cond='data:post.numComments != 0'>
              <a class='comment-link' expr:href='data:post.addCommentUrl' expr:onclick='data:post.addCommentOnclick'><b:if cond='data:post.numComments == 1'>1 <data:top.commentLabel/><b:else/><data:post.numComments/> <data:top.commentLabelPlural/></b:if></a>
            </b:if>
          </b:if>
        </b:if>
      </div>
    </div>
  </div>
</b:includable>
                        <b:includable id='mobile-main' var='top'>
    <!-- posts -->
    <div class='blog-posts hfeed'>

      <b:include data='top' name='status-message'/>

      <b:if cond='data:blog.pageType == &quot;index&quot;'>
        <b:loop values='data:posts' var='post'>
          <b:include data='post' name='mobile-index-post'/>
        </b:loop>
      <b:else/>
        <b:loop values='data:posts' var='post'>
          <b:include data='post' name='mobile-post'/>
        </b:loop>
      </b:if>
    </div>

   <b:include name='mobile-nextprev'/>
</b:includable>
                        <b:includable id='mobile-nextprev'>
  <div class='blog-pager' id='blog-pager'>
    <b:if cond='data:newerPageUrl'>
      <div class='mobile-link-button' id='blog-pager-newer-link'>
      <a class='blog-pager-newer-link' expr:href='data:newerPageUrl' expr:id='data:widget.instanceId + &quot;_blog-pager-newer-link&quot;' expr:title='data:newerPageTitle'>&amp;lsaquo;</a>
      </div>
    </b:if>

    <b:if cond='data:olderPageUrl'>
      <div class='mobile-link-button' id='blog-pager-older-link'>
      <a class='blog-pager-older-link' expr:href='data:olderPageUrl' expr:id='data:widget.instanceId + &quot;_blog-pager-older-link&quot;' expr:title='data:olderPageTitle'>&amp;rsaquo;</a>
      </div>
    </b:if>

    <div class='mobile-link-button' id='blog-pager-home-link'>
    <a class='home-link' expr:href='data:blog.homepageUrl'><data:homeMsg/></a>
    </div>

    <div class='mobile-desktop-link'>
      <a class='home-link' expr:href='data:desktopLinkUrl'><data:desktopLinkMsg/></a>
    </div>

  </div>
  <div class='clear'/>
</b:includable>
                        <b:includable id='mobile-post' var='post'>
  <div class='date-outer'>
    <b:if cond='data:post.dateHeader'>
      <h2 class='date-header'><span><data:post.dateHeader/></span></h2>
    </b:if>
    <div class='date-posts'>
      <div class='post-outer'>

        <div class='post hentry uncustomized-post-template'>
          <a expr:name='data:post.id'/>
          <b:if cond='data:post.title'>
            <h1 class='post-title entry-title'>
              <b:if cond='data:post.link'>
                <a expr:href='data:post.link'><data:post.title/></a>
              <b:else/>
                <b:if cond='data:post.url'>
                  <b:if cond='data:blog.url != data:post.url'>
                    <a expr:href='data:post.url'><data:post.title/></a>
                  <b:else/>
                    <data:post.title/>
                  </b:if>
                <b:else/>
                  <data:post.title/>
                </b:if>
              </b:if>
            </h1>
          </b:if>

          <div class='post-header'>
            <div class='post-header-line-1'/>
          </div>

          <div class='post-body entry-content' expr:id='&quot;post-body-&quot; + data:post.id'>
            <data:post.body/>
            <div style='clear: both;'/> <!-- clear for photos floats -->
          </div>

          <div class='post-footer'>
            <div class='post-footer-line post-footer-line-1'>
              <span class='post-author vcard'>
                <b:if cond='data:top.showAuthor'>
                  <b:if cond='data:post.authorProfileUrl'>
                    <span class='fn'>
                      <a expr:href='data:post.authorProfileUrl' rel='author' title='author profile'>
                        <data:post.author/>
                      </a>
                    </span>
                  <b:else/>
                    <span class='fn'><data:post.author/></span>
                  </b:if>
                </b:if>
              </span>

              <span class='post-timestamp'>
                <b:if cond='data:top.showTimestamp'>
                  <data:top.timestampLabel/>
                  <b:if cond='data:post.url'>
                    <a class='timestamp-link' expr:href='data:post.url' rel='bookmark' title='permanent link'><abbr class='published' expr:title='data:post.timestampISO8601'><data:post.timestamp/></abbr></a>
                  </b:if>
                </b:if>
              </span>

              <span class='post-comment-link'>
                <b:if cond='data:blog.pageType != &quot;item&quot;'>
                  <b:if cond='data:blog.pageType != &quot;static_page&quot;'>
                    <b:if cond='data:post.allowComments'>
                      <a class='comment-link' expr:href='data:post.addCommentUrl' expr:onclick='data:post.addCommentOnclick'><b:if cond='data:post.numComments == 1'>1 <data:top.commentLabel/><b:else/><data:post.numComments/> <data:top.commentLabelPlural/></b:if></a>
                    </b:if>
                  </b:if>
                </b:if>
              </span>
            </div>

            <div class='post-footer-line post-footer-line-2'>
              <b:if cond='data:top.showMobileShare'>
                <div class='mobile-link-button goog-inline-block' id='mobile-share-button'>
                  <a href='javascript:void(0);'><data:shareMsg/></a>
                </div>
              </b:if>
              <b:if cond='data:top.showDummy'>
                <div class='goog-inline-block dummy-container'><data:post.dummyTag/></div>
              </b:if>
            </div>

          </div>
        </div>
        <b:if cond='data:blog.pageType == &quot;static_page&quot;'>
          <b:include data='post' name='comment_picker'/>
        </b:if>
        <b:if cond='data:blog.pageType == &quot;item&quot;'>
          <b:include data='post' name='comment_picker'/>
        </b:if>
      </div>
    </div>
  </div>
</b:includable>
                        <b:includable id='nextprev'>
  <div class='blog-pager' id='blog-pager'>
    <b:if cond='data:newerPageUrl'>
      <span id='blog-pager-newer-link'>
      <a class='blog-pager-newer-link' expr:href='data:newerPageUrl' expr:id='data:widget.instanceId + &quot;_blog-pager-newer-link&quot;' expr:title='data:newerPageTitle'><data:newerPageTitle/></a>
      </span>
    </b:if>

    <b:if cond='data:olderPageUrl'>
      <span id='blog-pager-older-link'>
      <a class='blog-pager-older-link' expr:href='data:olderPageUrl' expr:id='data:widget.instanceId + &quot;_blog-pager-older-link&quot;' expr:title='data:olderPageTitle'><data:olderPageTitle/></a>
      </span>
    </b:if>

    <a class='home-link' expr:href='data:blog.homepageUrl'><data:homeMsg/></a>

    <b:if cond='data:mobileLinkUrl'>
      <div class='blog-mobile-link'>
        <a expr:href='data:mobileLinkUrl'><data:mobileLinkMsg/></a>
      </div>
    </b:if>

  </div>
  <div class='clear'/>
</b:includable>
                        <b:includable id='post' var='post'>
  <div class='post hentry'>
<!--     <b:if cond='data:post.allowComments'>
<span class='post-comment-link'>
              <a expr:href='data:post.addCommentUrl' expr:onclick='data:post.addCommentOnclick'><b:if cond='data:post.numComments == 0'>Leave a Comment</b:if><b:if cond='data:post.numComments == 1'>1 comment</b:if><b:if cond='data:post.numComments &gt;= 2'><data:post.numComments/> comments</b:if></a>
      </span>
        </b:if>
</div>
    </div>-->

<b:if cond='data:blog.pageType == &quot;item&quot;'>
<b:if cond='data:post.title'>
<h1 class='post-title entry-title'>
<b:if cond='data:post.link'>       
<a expr:href='data:post.link'><data:post.title/></a>    
<b:else/>
 <b:if cond='data:post.url'>
<b:if cond='data:blog.url != data:post.url'>
<a expr:href='data:post.url'><data:post.title/></a>
<b:else/>
<data:post.title/>
</b:if>
<b:else/>
<data:post.title/>
</b:if>
</b:if>
</h1>
</b:if>
</b:if>

<div class='post-body entry-content' expr:id='&quot;post-body-&quot; + data:post.id'>
<b:if cond='data:blog.pageType == &quot;item&quot;'>
<data:post.body/>

<p class='tagssingle'>
<b:if cond='data:post.labels'>
<b:loop values='data:post.labels' var='label'>
<a expr:href='data:label.url' rel='tag'><data:label.name/></a><b:if cond='data:label.isLast != &quot;true&quot;'/>
 </b:loop>
</b:if>
  </p>
<b:else/>
<b:if cond='data:blog.pageType == &quot;static_page&quot;'>
<data:post.body/>
<b:else/>
<div expr:id='&quot;p&quot; + data:post.id'>
<data:post.body/>
</div>
<script type='text/javascript'>
var x=&quot;<data:post.url/>&quot;,y=&quot;<data:post.title/>&quot;,z=&quot;<data:post.numComments/>&quot;,w=&quot;<data:post.timestamp/>&quot;,u=&quot;<data:post.author/>&quot;,v=&quot;<data:post.authorProfileUrl/>&quot;;readmore(&quot;p<data:post.id/>&quot;);
</script>

</b:if>
</b:if>
      <div style='clear: both;'/> <!-- clear for photos floats -->
    </div>

    <div class='post-footer'>
    <div class='post-footer-line post-footer-line-1'>
<b:if cond='data:blog.pageType == &quot;item&quot;'>
</b:if>
</div>

      <div class='post-footer-line post-footer-line-2'>

 </div>

      <div class='post-footer-line post-footer-line-3'><span class='post-location'>
        <b:if cond='data:top.showLocation'>
          <b:if cond='data:post.location'>
            <data:postLocationLabel/>
            <a expr:href='data:post.location.mapsUrl' target='_blank'><data:post.location.name/></a>
          </b:if>
        </b:if>
      </span> </div>
    </div>
  </div>
</b:includable>
                        <b:includable id='postQuickEdit' var='post'>
  <b:if cond='data:post.editUrl'>
    <span expr:class='&quot;item-control &quot; + data:post.adminClass'>
      <a expr:href='data:post.editUrl' expr:title='data:top.editPostMsg'>
        <img alt='' class='icon-action' height='18' src='http://img2.blogblog.com/img/icon18_edit_allbkg.gif' width='18'/>
      </a>
    </span>
  </b:if>
</b:includable>
                        <b:includable id='shareButtons' var='post'>
  <b:if cond='data:top.showEmailButton'><a class='goog-inline-block share-button sb-email' expr:href='data:post.sharePostUrl + &quot;&amp;target=email&quot;' expr:title='data:top.emailThisMsg' target='_blank'><span class='share-button-link-text'><data:top.emailThisMsg/></span></a></b:if><b:if cond='data:top.showBlogThisButton'><a class='goog-inline-block share-button sb-blog' expr:href='data:post.sharePostUrl + &quot;&amp;target=blog&quot;' expr:onclick='&quot;window.open(this.href, \&quot;_blank\&quot;, \&quot;height=270,width=475\&quot;); return false;&quot;' expr:title='data:top.blogThisMsg' target='_blank'><span class='share-button-link-text'><data:top.blogThisMsg/></span></a></b:if><b:if cond='data:top.showTwitterButton'><a class='goog-inline-block share-button sb-twitter' expr:href='data:post.sharePostUrl + &quot;&amp;target=twitter&quot;' expr:title='data:top.shareToTwitterMsg' target='_blank'><span class='share-button-link-text'><data:top.shareToTwitterMsg/></span></a></b:if><b:if cond='data:top.showFacebookButton'><a class='goog-inline-block share-button sb-facebook' expr:href='data:post.sharePostUrl + &quot;&amp;target=facebook&quot;' expr:onclick='&quot;window.open(this.href, \&quot;_blank\&quot;, \&quot;height=430,width=640\&quot;); return false;&quot;' expr:title='data:top.shareToFacebookMsg' target='_blank'><span class='share-button-link-text'><data:top.shareToFacebookMsg/></span></a></b:if><b:if cond='data:top.showOrkutButton'><a class='goog-inline-block share-button sb-orkut' expr:href='data:post.sharePostUrl + &quot;&amp;target=orkut&quot;' expr:title='data:top.shareToOrkutMsg' target='_blank'><span class='share-button-link-text'><data:top.shareToOrkutMsg/></span></a></b:if><b:if cond='data:top.showDummy'><div class='goog-inline-block dummy-container'><data:post.dummyTag/></div></b:if>
</b:includable>
                        <b:includable id='status-message'>
  <b:if cond='data:navMessage'>
  <div class='status-msg-wrap'>
    <div class='status-msg-body'>
      <data:navMessage/>
    </div>
    <div class='status-msg-border'>
      <div class='status-msg-bg'>
        <div class='status-msg-hidden'><data:navMessage/></div>
      </div>
    </div>
  </div>
  <div style='clear: both;'/>
  </b:if>
</b:includable>
                        <b:includable id='threaded-comment-form' var='post'>
  <div class='comment-form'>
    <a name='comment-form'/>
    <b:if cond='data:mobile'>
      <p><data:blogCommentMessage/></p>
      <data:blogTeamBlogMessage/>
      <a expr:href='data:post.commentFormIframeSrc' id='comment-editor-src'/>
      <iframe allowtransparency='true' class='blogger-iframe-colorize blogger-comment-from-post' frameborder='0' height='410' id='comment-editor' name='comment-editor' src='' style='display: none' width='100%'/>
    <b:else/>
      <p><data:blogCommentMessage/></p>
      <data:blogTeamBlogMessage/>
      <a expr:href='data:post.commentFormIframeSrc' id='comment-editor-src'/>
      <iframe allowtransparency='true' class='blogger-iframe-colorize blogger-comment-from-post' frameborder='0' height='410' id='comment-editor' name='comment-editor' src='' width='100%'/>
    </b:if>
    <data:post.friendConnectJs/>
    <data:post.cmtfpIframe/>
    <script type='text/javascript'>
      BLOG_CMT_createIframe(&#39;<data:post.appRpcRelayPath/>&#39;, &#39;<data:post.communityId/>&#39;);
    </script>
  </div>
</b:includable>
                        <b:includable id='threaded_comment_css'>
  <style>

  </style>
</b:includable>
                        <b:includable id='threaded_comment_js' var='post'>
  <script async='async' expr:src='data:post.commentSrc' type='text/javascript'/>

  <script type='text/javascript'>
    (function() {
      var items = <data:post.commentJso/>;
      var msgs = <data:post.commentMsgs/>;
      var config = <data:post.commentConfig/>;

// <![CDATA[
      var cursor = null;
      if (items && items.length > 0) {
        cursor = parseInt(items[items.length - 1].timestamp) + 1;
      }

      var bodyFromEntry = function(entry) {
        if (entry.gd$extendedProperty) {
          for (var k in entry.gd$extendedProperty) {
            if (entry.gd$extendedProperty[k].name == 'blogger.contentRemoved') {
              return '<span class="deleted-comment">' + entry.content.$t + '</span>';
            }
          }
        }
        return entry.content.$t;
      }

      var parse = function(data) {
        cursor = null;
        var comments = [];
        if (data && data.feed && data.feed.entry) {
          for (var i = 0, entry; entry = data.feed.entry[i]; i++) {
            var comment = {};
            // comment ID, parsed out of the original id format
            var id = /blog-(\d+).post-(\d+)/.exec(entry.id.$t);
            comment.id = id ? id[2] : null;
            comment.body = bodyFromEntry(entry);
            comment.timestamp = Date.parse(entry.published.$t) + '';
            if (entry.author && entry.author.constructor === Array) {
              var auth = entry.author[0];
              if (auth) {
                comment.author = {
                  name: (auth.name ? auth.name.$t : undefined),
                  profileUrl: (auth.uri ? auth.uri.$t : undefined),
                  avatarUrl: (auth.gd$image ? auth.gd$image.src : undefined)
                };
              }
            }
            if (entry.link) {
              if (entry.link[2]) {
                comment.link = comment.permalink = entry.link[2].href;
              }
              if (entry.link[3]) {
                var pid = /.*comments\/default\/(\d+)\?.*/.exec(entry.link[3].href);
                if (pid && pid[1]) {
                  comment.parentId = pid[1];
                }
              }
            }
            comment.deleteclass = 'item-control blog-admin';
            if (entry.gd$extendedProperty) {
              for (var k in entry.gd$extendedProperty) {
                if (entry.gd$extendedProperty[k].name == 'blogger.itemClass') {
                  comment.deleteclass += ' ' + entry.gd$extendedProperty[k].value;
                } else if (entry.gd$extendedProperty[k].name == 'blogger.displayTime') {
                  comment.displayTime = entry.gd$extendedProperty[k].value;
                }
              }
            }
            comments.push(comment);
          }
        }
        return comments;
      };

      var paginator = function(callback) {
        if (hasMore()) {
          var url = config.feed + '?alt=json&v=2&orderby=published&reverse=false&max-results=50';
          if (cursor) {
            url += '&published-min=' + new Date(cursor).toISOString();
          }
          window.bloggercomments = function(data) {
            var parsed = parse(data);
            cursor = parsed.length < 50 ? null
                : parseInt(parsed[parsed.length - 1].timestamp) + 1
            callback(parsed);
            window.bloggercomments = null;
          }
          url += '&callback=bloggercomments';
          var script = document.createElement('script');
          script.type = 'text/javascript';
          script.src = url;
          document.getElementsByTagName('head')[0].appendChild(script);
        }
      };
      var hasMore = function() {
        return !!cursor;
      };
      var getMeta = function(key, comment) {
        if ('iswriter' == key) {
          var matches = !!comment.author
              && comment.author.name == config.authorName
              && comment.author.profileUrl == config.authorUrl;
          return matches ? 'true' : '';
        } else if ('deletelink' == key) {
          return config.baseUri + '/delete-comment.g?blogID='
               + config.blogId + '&postID=' + comment.id;
        } else if ('deleteclass' == key) {
          return comment.deleteclass;
        }
        return '';
      };

      var replybox = null;
      var replyUrlParts = null;
      var replyParent = undefined;

      var onReply = function(commentId, domId) {
        if (replybox == null) {
          // lazily cache replybox, and adjust to suit this style:
          replybox = document.getElementById('comment-editor');
          if (replybox != null) {
            replybox.height = '250px';
            replybox.style.display = 'block';
            replyUrlParts = replybox.src.split('#');
          }
        }
        if (replybox && (commentId !== replyParent)) {
          document.getElementById(domId).insertBefore(replybox, null);
          replybox.src = replyUrlParts[0]
              + (commentId ? '&parentID=' + commentId : '')
              + '#' + replyUrlParts[1];
          replyParent = commentId;
        }
      };

      var hash = (window.location.hash || '#').substring(1);
      var startThread, targetComment;
      if (/^comment-form_/.test(hash)) {
        startThread = hash.substring('comment-form_'.length);
      } else if (/^c[0-9]+$/.test(hash)) {
        targetComment = hash.substring(1);
      }

      // Configure commenting API:
      var configJso = {
        'maxDepth': config.maxThreadDepth
      };
      var provider = {
        'id': config.postId,
        'data': items,
        'loadNext': paginator,
        'hasMore': hasMore,
        'getMeta': getMeta,
        'onReply': onReply,
        'rendered': true,
        'initComment': targetComment,
        'initReplyThread': startThread,
        'config': configJso,
        'messages': msgs
      };

      var render = function() {
        if (window.goog && window.goog.comments) {
          var holder = document.getElementById('comment-holder');
          window.goog.comments.render(holder, provider);
        }
      };

      // render now, or queue to render when library loads:
      if (window.goog && window.goog.comments) {
        render();
      } else {
        window.goog = window.goog || {};
        window.goog.comments = window.goog.comments || {};
        window.goog.comments.loadQueue = window.goog.comments.loadQueue || [];
        window.goog.comments.loadQueue.push(render);
      }
    })();
// ]]>
  </script>
</b:includable>
                        <b:includable id='threaded_comments' var='post'>
  <div class='comments' id='comments'>
    <a name='comments'/>
    <h4><data:post.commentLabelFull/>:</h4>

    <div class='comments-content'>
      <b:if cond='data:post.embedCommentForm'>
        <b:include data='post' name='threaded_comment_js'/>
      </b:if>
      <div id='comment-holder'>
         <data:post.commentHtml/>
      </div>
    </div>

    <p class='comment-footer'>
      <b:if cond='data:post.allowNewComments'>
        <b:include data='post' name='threaded-comment-form'/>
      <b:else/>
        <data:post.noNewCommentsText/>
      </b:if>
    </p>

    <b:if cond='data:showCmtPopup'>
      <div id='comment-popup'>
        <iframe allowtransparency='true' frameborder='0' id='comment-actions' name='comment-actions' scrolling='no'>
        </iframe>
      </div>
    </b:if>

    <div id='backlinks-container'>
    <div expr:id='data:widget.instanceId + &quot;_backlinks-container&quot;'>
       <b:if cond='data:post.showBacklinks'>
         <b:include data='post' name='backlinks'/>
       </b:if>
    </div>
    </div>
  </div>
</b:includable>
                      </b:widget>
                    </b:section>

            </div><!-- /main-wrapper -->

                   <div class='sidebar-wrapper'>

<div id='hometab'>

<ul id='serinfo-nav'>

<li class='li01 current'><a href='#serpane0'>Latest</a></li>
<li class='li02'><a href='#serpane1'>Popular</a></li>
<li class='li03'><a href='#serpane2'>Random</a></li>
<li class='li04' style='width:20.5%'><a href='#serpane3'>Tags</a></li>

</ul>

<ul class='clearfix' id='serinfo'>

<li class='serpane' id='serpane0'>
<b:section class='tab' id='tab1' maxwidgets='1' preferred='yes' showaddelement='true'>
  <b:widget id='HTML7' locked='false' title='Latest' type='HTML'>
    <b:includable id='main'>
  <div class='widget-content'>
    
<script type='text/javascript'>
  var numposts = 10;
  var showpostthumbnails = true;
  var displaymore = false;
  var displayseparator = false;
  var showcommentnum = false;
  var showpostdate = true;
  var showpostsummary = false;
  var numchars = 80;
</script>

<script src='/feeds/posts/default?alt=json-in-script&amp;callback=labelthumbs' type='text/javascript'/>
  </div>
</b:includable>
  </b:widget>
</b:section>	
</li>


<li class='serpane' id='serpane1' style='display: none;'>
<b:section class='tab' id='tab2' maxwidgets='1' preferred='yes' showaddelement='true'>
  <b:widget id='PopularPosts3' locked='false' title='Popular Posts' type='PopularPosts'>
    <b:includable id='main'>
  <b:if cond='data:title'><h2><data:title/></h2></b:if>
  <div class='widget-content popular-posts'>
    <ul>
      <b:loop values='data:posts' var='post'>
      <li>
        <b:if cond='data:showThumbnails == &quot;false&quot;'>
          <b:if cond='data:showSnippets == &quot;false&quot;'>
            <!-- (1) No snippet/thumbnail -->
            <a expr:href='data:post.href'><data:post.title/></a>
          <b:else/>
            <!-- (2) Show only snippets -->
            <div class='item-title'><a expr:href='data:post.href'><data:post.title/></a></div>
            <div class='item-snippet'><data:post.snippet/></div>
          </b:if>
        <b:else/>
          <b:if cond='data:showSnippets == &quot;false&quot;'>
            <!-- (3) Show only thumbnails -->
            <div class='item-thumbnail-only'>
              <b:if cond='data:post.thumbnail'>
                <div class='item-thumbnail'>
                  <a expr:href='data:post.href' target='_blank'>
                    <img alt='' border='0' expr:height='data:thumbnailSize' expr:src='data:post.thumbnail' expr:width='data:thumbnailSize'/>
                  </a>
                </div>
              </b:if>
              <div class='item-title'><a expr:href='data:post.href'><data:post.title/></a></div>
            </div>
            <div style='clear: both;'/>
          <b:else/>
            <!-- (4) Show snippets and thumbnails -->
            <div class='item-content'>
              <b:if cond='data:post.thumbnail'>
                <div class='item-thumbnail'>
                  <a expr:href='data:post.href' target='_blank'>
                    <img alt='' border='0' expr:height='data:thumbnailSize' expr:src='data:post.thumbnail' expr:width='data:thumbnailSize'/>
                  </a>
                </div>
              </b:if>
              <div class='item-title'><a expr:href='data:post.href'><data:post.title/></a></div>
              <div class='item-snippet'><data:post.snippet/></div>
            </div>
            <div style='clear: both;'/>
          </b:if>
        </b:if>
      </li>
      </b:loop>
    </ul>
    <b:include name='quickedit'/>
  </div>
</b:includable>
  </b:widget>
</b:section>
</li>
                
        
<li class='serpane' id='serpane2' style='display: none;'>	
<b:section class='tab' id='tab3' maxwidgets='1' preferred='yes' showaddelement='true'>
  <b:widget id='HTML3' locked='false' title='Recent-post' type='HTML'>
    <b:includable id='main'>
<div class='widget-content'>
<div id='related_posts'>
<script class='jshilang' type='text/javascript'>
relatedPostsWidget();
</script>
</div>
</div>  
</b:includable>
  </b:widget>
</b:section>
</li>
                
        
<li class='serpane' id='serpane3' style='display: none;'>           
<b:section class='tab' id='tab4' maxwidgets='1' preferred='yes' showaddelement='true'>
             <b:widget id='Label1' locked='false' title='Labels' type='Label'>
               <b:includable id='main'>
  <b:if cond='data:title'>
    <h2><data:title/></h2>
  </b:if>
  <div expr:class='&quot;widget-content &quot; + data:display + &quot;-label-widget-content&quot;'>
    <b:if cond='data:display == &quot;list&quot;'>
      <ul>
      <b:loop values='data:labels' var='label'>
        <li>
          <b:if cond='data:blog.url == data:label.url'>
            <span expr:dir='data:blog.languageDirection'><data:label.name/></span>
          <b:else/>
            <a expr:dir='data:blog.languageDirection' expr:href='data:label.url'><data:label.name/></a>
          </b:if>
          <b:if cond='data:showFreqNumbers'>
            <span dir='ltr'>(<data:label.count/>)</span>
          </b:if>
        </li>
      </b:loop>
      </ul>
    <b:else/>
      <b:loop values='data:labels' var='label'>
        <span expr:class='&quot;label-size label-size-&quot; + data:label.cssSize'>
          <b:if cond='data:blog.url == data:label.url'>
            <span expr:dir='data:blog.languageDirection'><data:label.name/></span>
          <b:else/>
            <a expr:dir='data:blog.languageDirection' expr:href='data:label.url'><data:label.name/></a>
          </b:if>
          <b:if cond='data:showFreqNumbers'>
            <span class='label-count' dir='ltr'>(<data:label.count/>)</span>
          </b:if>
        </span>
      </b:loop>
    </b:if>
    <b:include name='quickedit'/>
  </div>
</b:includable>
             </b:widget>
           </b:section>
</li>
     

</ul>

</div>
<div class='clr'/>
<b:section class='sidebar' id='sidebar' showaddelement='yes'>
  <b:widget id='HTML1' locked='true' title='Advertise' type='HTML'>
    <b:includable id='main'>
<h2><data:title/></h2>
<div class='widget-content'>
<ul class='ad125'>
<li><a href='#'><img alt='' class='twinsbox' src='http://4.bp.blogspot.com/-6-vRWXq_sp4/U2p6zvr3gRI/AAAAAAAAF6E/nUe7YCiHmYo/s1600/tumblr_m6sh3hWLII1qaidj6.png'/></a></li>
<li><a href='#'><img alt='' class='twinsbox' src='http://4.bp.blogspot.com/-6-vRWXq_sp4/U2p6zvr3gRI/AAAAAAAAF6E/nUe7YCiHmYo/s1600/tumblr_m6sh3hWLII1qaidj6.png'/></a></li>
            
<li><a href='#'><img alt='' class='twinsbox' src='http://4.bp.blogspot.com/-6-vRWXq_sp4/U2p6zvr3gRI/AAAAAAAAF6E/nUe7YCiHmYo/s1600/tumblr_m6sh3hWLII1qaidj6.png'/></a></li>
<li><a href='#'><img alt='' class='twinsbox' src='http://4.bp.blogspot.com/-6-vRWXq_sp4/U2p6zvr3gRI/AAAAAAAAF6E/nUe7YCiHmYo/s1600/tumblr_m6sh3hWLII1qaidj6.png'/></a></li>
		</ul>
</div>

</b:includable>
  </b:widget>
  <b:widget id='PlusBadge1' locked='false' title='Google+ Badge' type='PlusBadge'>
    <b:includable id='main'>

  <script type='text/javascript'>
  window.___gcfg = {
    lang: &#39;<data:language/>&#39;
  };
  </script>

  <b:if cond='data:title != &quot;&quot;'>
    <h2 class='title'><data:title/></h2>
  </b:if>
  <div data-rel='author' expr:class='&quot;g-&quot; + data:badgeType' expr:data-href='data:profileUrl' expr:data-layout='data:layout' expr:data-showcoverphoto='data:showCoverPhoto' expr:data-showtagline='data:showTagline' expr:data-theme='data:theme' expr:data-width='data:width'>
  </div>
</b:includable>
  </b:widget>
</b:section>

                </div><!-- /sidebar-wrapper -->
<div class='clr'/>
            </div><!-- /ct-wrapper -->
            </div><!-- /outer-wrapper -->

<div id='footer'>
    <div class='ct-wrapper'>
<b:section class='footer' id='footer1' preferred='yes'>
  <b:widget id='HTML2' locked='false' title='About Us' type='HTML'>
    <b:includable id='main'>
  <!-- only display title if it's non-empty -->
  <b:if cond='data:title != &quot;&quot;'>
    <h2 class='title'><data:title/></h2>
  </b:if>
  <div class='widget-content'>
    <data:content/>
  </div>

  <b:include name='quickedit'/>
</b:includable>
  </b:widget>
</b:section>

<b:section class='footer' id='footer2' preferred='yes'>
  <b:widget id='HTML5' locked='false' title='Recent Posts' type='HTML'>
    <b:includable id='main'>
      <h2><data:title/></h2>
<script type='text/javascript'>
  var numposts = 3;
  var showpostthumbnails = true;
  var displaymore = false;
  var displayseparator = false;
  var showcommentnum = false;
  var showpostdate = true;
  var showpostsummary = false;
  var numchars = 80;
</script>

<script src='/feeds/posts/default?alt=json-in-script&amp;callback=labelthumbs' type='text/javascript'/>
</b:includable>
  </b:widget>
</b:section>

<b:section class='footer' id='footer3' preferred='yes'>
  <b:widget id='HTML4' locked='false' title='Flickr Gallery' type='HTML'>
    <b:includable id='main'>
  <!-- only display title if it's non-empty -->
  <b:if cond='data:title != &quot;&quot;'>
    <h2 class='title'><data:title/></h2>
  </b:if>
  <div class='widget-content'>
    <data:content/>
  </div>

  <b:include name='quickedit'/>
</b:includable>
  </b:widget>
</b:section>


    <div class='clr'/>

            </div><!-- /ct-wrapper -->
</div><!-- footer -->

  <div class='footer-credits'>
    <div class='ct-wrapper'>

      <p style='float:left'>&#169; <script>document.write(new Date().getFullYear())</script> <a expr:href='data:blog.homepageUrl'><data:blog.title/></a> | All Rights Reserved.</p>
   
<p style='float: right;'>Designed By <a href='http://www.templatetrackers.com' id='ident'>Template Trackers</a> - Published By <a href='http://gooyaabitemplates.com/' rel='dofollow' target='_blank' title='Blogger Templates'>Gooyaabi Templates</a></p>

    </div><!-- /ct-wrapper -->
  </div><!-- footer-credits -->

<b:include data='blog' name='google-analytics'/>
<script src='http://themes.wpbox.net/colored/wp-content/themes/colored/js/superfish.js?ver=3.9' type='text/javascript'/>
</body>
</html>