<?xml version="1.0" encoding="UTF-8" ?>
<!DOCTYPE html>
<html b:version='2' class='v2' expr:dir='data:blog.languageDirection' xmlns='http://www.w3.org/1999/xhtml' xmlns:b='http://www.google.com/2005/gml/b' xmlns:data='http://www.google.com/2005/gml/data' xmlns:expr='http://www.google.com/2005/gml/expr'>
  <head>
    <script src='//ajax.googleapis.com/ajax/libs/jquery/1.10.1/jquery.min.js'/>
    <script src='https://dl.dropboxusercontent.com/u/80436322/seo-plugin.js'/>

    <link href='http://fonts.googleapis.com/css?family=Mate+SC' rel='stylesheet' type='text/css'/>
    <link href='http://fonts.googleapis.com/css?family=Kite+One' rel='stylesheet' type='text/css'/>
    <link href='http://fonts.googleapis.com/css?family=Sorts+Mill+Goudy' rel='stylesheet' type='text/css'/>
    <meta content='width=device-width, initial-scale=1, maximum-scale=1' name='viewport'/>

<script src='https://dl.dropboxusercontent.com/u/80436322/emotions/jquery.emoticons.js'>
</script>
<script>
$(document).ready(function(){
    $(&quot;.comment-block&quot;).emoticons();
});

    </script>
<style>
  .comment-block img{
    border:none !important;
  }
.emoticonimg{
/*border: 1px solid #000000;*/
vertical-align:bottom;
}

    </style>
    <b:if cond='data:blog.isMobile'>
      <meta content='width=device-width,initial-scale=1.0,minimum-scale=1.0,maximum-scale=1.0' name='viewport'/>
    <b:else/>
      <meta content='width=1100' name='viewport'/>
    </b:if>
    <b:include data='blog' name='all-head-content'/>
    <title><data:blog.pageTitle/></title>

    <b:skin><![CDATA[

a:link{color:#190404;}
a:visited{color:#190404;}
a:hover{color:#190404;}
a:active{color:#A51717;}

/* Mobile
----------------------------------------------- */
body.mobile  {
  background-size: $(mobile.background.size);
}

.mobile .body-fauxcolumn-outer {
  background: $(mobile.background.overlay);
}

.mobile .body-fauxcolumn-outer .cap-top {
  background-size: 100% auto;
}

.mobile .content-outer {
  -webkit-box-shadow: 0 0 3px rgba(0, 0, 0, .15);
  box-shadow: 0 0 3px rgba(0, 0, 0, .15);
}

body.mobile .AdSense {
  margin: 0 -$(content.shadow.spread);
}

.mobile .tabs-inner .widget ul {
  margin-left: 0;
  margin-right: 0;
}

.mobile .post {
  margin: 0;
}

.mobile .main-inner .column-center-inner .section {
  margin: 0;
}

.mobile .date-header span {
  padding: 0.1em 10px;
  margin: 0 -10px;
}

.mobile h3.post-title {
  margin: 0;
}

.mobile .blog-pager {
  background: transparent none no-repeat scroll top center;
}

.mobile .footer-outer {
  border-top: none;
}

.mobile .main-inner, .mobile .footer-inner {
  background-color: $(content.background.color);
}

.mobile-index-contents {
  color: $(body.text.color);
}

.mobile-link-button {
  background-color: $(link.color);
}

.mobile-link-button a:link, .mobile-link-button a:visited {
  color: $(mobile.button.color);
}

.mobile .tabs-inner .section:first-child {
  border-top: none;
}

.mobile .tabs-inner .PageList .widget-content {
  background-color: $(tabs.selected.background.color);
  color: $(tabs.selected.text.color);
  border-top: $(tabs.border.width) solid $(tabs.border.color);
  border-bottom: $(tabs.border.width) solid $(tabs.border.color);
}

.mobile .tabs-inner .PageList .widget-content .pagelist-arrow {
  border-$startSide: 1px solid $(tabs.border.color);
}
.navbar{display:none;}
body{
background-image:url("http://2.bp.blogspot.com/-13GMdpegHi8/Ufzk2IdK7wI/AAAAAAAALGg/Mpa2zI_wbs0/s1600/diamond-pattern.png");
font: 1em/150% Georgia, "Times New Roman", Times, serif;

}
.content-inner{
background:white;
border:1px solid #ccc;
margin-top:20px;
margin-bottom:30px;
margin-left:60px;
margin-right:60px;
background: white;
border: solid 1px #CCC;
border-top-color: #DDD;
border-bottom-color: #999;
padding: 10px 49px;
}
.header-inner .title{
color: #333;
font-family: 'Mate SC', serif;
font-size: 50px;
font-weight: 400;
text-align: center;
}
.Header .description {display:none;}
#menu li {               
display: inline;               
list-style: none;               
padding: 0;      
  
} 
#menu li a {                                 
background-color: #fafafa;
   border-left: 1px solid #e5e5e5;
     border-right: 1px solid #e5e5e5;

  padding: 15px 20px 15px 20px;               
text-decoration: none;               
font-family: 'Kite One', sans-serif;
color:#333;               
margin-left: -5px;         
  
}
#menu{
  background-color: #fafafa;
padding:15px;

  border-bottom: 1px solid #e5e5e5;

  border-top: 1px solid #e5e5e5;
margin-left:-49px;
margin-right:-49px;
}
#menu li a:hover{
  color: #555555;
background-color: #d5d5d5;
}
.date-header{display:none;}
.post-title{
font: 26px "OFL Sorts Mill Goudy TT", Georgia, Times, serif;padding-bottom:12px;
}
.post-title a{
text-decoration:none;
color:#333;
}
.post-outer{
font: 1em/150% Georgia, "Times New Roman", Times, serif;
color: #666;
border-bottom:1px solid #e5e5e5;padding-bottom:18px;
margin-left:-79px;
padding-left:79px;margin-bottom:18px;
margin-right:-30px;
padding-right:30px;
padding-top:15px;
}
.post-share-buttons, .post-icons{display:none}
.rmlink a{
display:none;
}
.post-outer img{
padding: 4px;
line-height: 1.428571429;
background-color: #ffffff;
border: 1px solid #dddddd;
border-radius: 4px;
-webkit-transition: all 0.2s ease-in-out;
transition: all 0.2s ease-in-out;margin-top:-5px;
}
.post-body{
padding-top:8px;
}
.column-center-outer{  width:66%;border-right:1px solid #e5e5e5;margin-top:-46px;padding-top:31px; }
.column-right-outer{ width:33%; }
.sidebar h2{
font: 20px "OFL Sorts Mill Goudy TT", Georgia, Times, serif;
padding-bottom:10px;
}
.sidebar .widget{
border-bottom:1px solid #e5e5e5;
margin-left:-30px;
padding-left:30px;
margin-right:-89px;
padding-right:30px;
padding-bottom:20px;
}
.sidebar{
margin-top:10px;
}.post-timestamp{display:none;}

.g-profile span{
background:#B00000;
color:#e5e5e5;
padding:3px;
font-size:12px;
border-radius:3px;
}
.g-profile{
text-decoration:none;
}
.post-comment-link a{
color:#e5e5e5;
padding:3px;
font-size:12px;
border-radius:3px;
text-decoration:none;
background:#000CB0;
}
.post-comment-link a:hover, .g-profile span:hover{
opacity:.5;
}
.post-footer{
padding-left:5px;
padding-top:10px;
}
.emailsub{
        background:#D6D6D6;
background-repeat: no-repeat; 
padding-top:10px;
text-align:center;margin-top:-16px;
margin-left:-49px;margin-right:-49px;padding-bottom:20px;
}
.titlehd{
font-family: 'Kite One', sans-serif;
font-size:30px;
}
.oksogo{
font: 18px "OFL Sorts Mill Goudy TT", Georgia, Times, serif;padding:5px;
width:300px !important;
height:30px;
-webkit-border-radius: 4px;
-moz-border-radius: 4px;
border-radius: 4px;
vertical-align: middle;border: 1px solid #cccccc;
-webkit-box-shadow: inset 0 1px 1px rgba(0, 0, 0, 0.075);
-moz-box-shadow: inset 0 1px 1px rgba(0, 0, 0, 0.075);
box-shadow: inset 0 1px 1px rgba(0, 0, 0, 0.075);
-webkit-transition: border linear .2s, box-shadow linear .2s;
-moz-transition: border linear .2s, box-shadow linear .2s;
-o-transition: border linear .2s, box-shadow linear .2s;
transition: border linear .2s, box-shadow linear .2s;
}
.tutton{
color: #ffffff;
background-color: #0044cc;color: #ffffff;
text-shadow: 0 -1px 0 rgba(0, 0, 0, 0.25);
background-color: #006dcc;
background-image: -moz-linear-gradient(top, #0088cc, #0044cc);
background-image: -webkit-gradient(linear, 0 0, 0 100%, from(#0088cc), to(#0044cc));
background-image: -webkit-linear-gradient(top, #0088cc, #0044cc);
background-image: -o-linear-gradient(top, #0088cc, #0044cc);
background-image: linear-gradient(to bottom, #0088cc, #0044cc);
background-repeat: repeat-x;
filter: progid:DXImageTransform.Microsoft.gradient(startColorstr='#ff0088cc', endColorstr='#ff0044cc', GradientType=0);
border-color: #0044cc #0044cc #002a80;
border-color: rgba(0, 0, 0, 0.1) rgba(0, 0, 0, 0.1) rgba(0, 0, 0, 0.25);
filter: progid:DXImageTransform.Microsoft.gradient(enabled = false);padding: 11px 19px;
font-size: 16px;
-webkit-border-radius: 6px;
-moz-border-radius: 6px;
border-radius: 6px;cursor:pointer
}
.toglewala{
background: #333333;
   background: -webkit-gradient(linear, left top, left bottom, from(#383838), to(#333333));
   background: -webkit-linear-gradient(top, #383838, #333333);
   background: -moz-linear-gradient(top, #383838, #333333);
   background: -ms-linear-gradient(top, #383838, #333333);
   background: -o-linear-gradient(top, #383838, #333333);
margin-bottom:16px;
margin-left:-49px;
margin-top:-16px;
margin-right:-49px;
text-align:center;
color:#fff;
padding-top:20px;
padding-bottom:20px;
font-size:30px;
cursor:pointer;
}
.emailsub{display:none;}#iseosearch { border: 1px solid #DDD; background-color: whiteSmoke; box-sizing: border-box; color: black; font-family: 'Lora', serif; font-size: 14px; padding: 9px; width: 180px; } .searchsubmit { background: #D29532; border: 1px solid #C38219; color: white; cursor: pointer; font-family: 'Droid Sans', sans-serif !important; color: #fff; cursor: pointer; line-height: 19px; padding: 8px 10px; text-decoration: none; }.footercrd{ background:#fff; padding:20px; text-align:center; border-top:1px solid #919190; } .footercrd a{ color:#9B3900; }#iseosearch { border: 1px solid #DDD; background-color: whiteSmoke; box-sizing: border-box; color: black; font-family: 'Lora', serif; font-size: 14px; padding: 9px; width: 180px; } .searchsubmit { background: #D29532; border: 1px solid #C38219; color: white; cursor: pointer; font-family: 'Droid Sans', sans-serif !important; color: #fff; cursor: pointer; line-height: 19px; padding: 8px 10px; text-decoration: none; }.footercrd{ background:#fff; padding:20px; text-align:center; border-top:1px solid #919190; } .footercrd a{ color:#9B3900; }#iseosearch { border: 1px solid #DDD; background-color: whiteSmoke; box-sizing: border-box; color: black; font-family: 'Lora', serif; font-size: 14px; padding: 9px; width: 180px; } .searchsubmit { background: #333; border: 1px solid #ccc; color: white; cursor: pointer; font-family: 'Droid Sans', sans-serif !important; color: #fff; cursor: pointer; line-height: 19px; padding: 8px 10px; text-decoration: none; }.footercrd{ background:#fff; padding:20px; text-align:center; border-top:1px solid #ccc; } .footercrd a{ color:#9B3900; }#iseosearch { border: 1px solid #ccc; background-color: whiteSmoke; box-sizing: border-box; color: black; font-family: 'Lora', serif; font-size: 14px; padding: 9px; width: 180px; } .searchsubmit { background: #333; border: 1px solid #ccc; color: white; cursor: pointer; font-family: 'Droid Sans', sans-serif !important; color: #fff; cursor: pointer; line-height: 19px; padding: 8px 10px; text-decoration: none; }.footercrd{ background:#fff; padding:20px; text-align:center; border-top:1px solid #919190; } .footercrd a{ color:#9B3900; }#iseosearch { border: 1px solid #ccc; background-color: whiteSmoke; box-sizing: border-box; color: black; font-family: 'Lora', serif; font-size: 14px; padding: 9px; width: 180px; } .searchsubmit { background: #333; border: 1px solid #ccc; color: white; cursor: pointer; font-family: 'Droid Sans', sans-serif !important; color: #fff; cursor: pointer; line-height: 19px; padding: 8px 10px; text-decoration: none; }

.feed-links, .Attribution{display:none;}

.popular-posts img{
padding: 4px;
line-height: 1.428571429;
background-color: #ffffff;
border: 1px solid #dddddd;
border-radius: 4px;
-webkit-transition: all 0.2s ease-in-out;
transition: all 0.2s ease-in-out;
margin-top: -5px;
}


.pagenavi {
margin-left:200px;
}
&#8203;#blog-pager, .pagenavi {
clear: both;
text-align: center;
padding: 5px 12px;
}
.pagenavi span, .pagenavi a {
margin: 0 5px 0 0;
padding: 5px 12px;
text-decoration: none;
color: #333;
border:1px solid #ccc;
background: #f9f9f9;
}
#blog-pager a:visited, .pagenavi a:visited {
color: #fff;
}
#blog-pager a:hover, .pagenavi a:hover {
color: #000;
text-decoration: none;
background: #fff
}
.pagenavi .current {
color: #000;
text-decoration: none;
background: #fff;
}
.pagenavi{
border-bottom:1px solid #e5e5e5;
margin-left:-79px;
margin-right:-30px;
padding-right:30px;
padding-left:269px;
padding-bottom:16px;
}



#related-posts {
float:center;
text-transform:none;
height:100%;
min-height:100%;
padding-top:5px;
padding-left:5px;
}
#related-posts h2{
font-size: 18px;
letter-spacing: 2px;
font-weight: bold;
text-transform: none;
color: #5D5D5D;
font-family: Arial Narrow;
margin-bottom: 0.75em;
margin-top: 0em;
padding-top: 0em;
}
#related-posts a{
color: #190404;
font-size:18px;
}
#related-posts a:hover{
color:black;
}

.post-labels{display:none;}
#related-posts{
padding-top:20px;
border-top:1px solid #ccc;margin-top:20px;
margin-left:-80px;padding-left:80px;margin-right:-30px;padding-right:30px;
}
#related-posts h2{
font: 20px "OFL Sorts Mill Goudy TT", Georgia, Times, serif;
padding-bottom: 10px;
}
#related-posts img{
width:150px !important;height:76px !important;
}
.nichewala{
width:150px;
}
#emo-box img{

border:none !important;
}
#emo-box {
background: #fbfbfb;
margin: -2px 0 0 0;
    width:630px ;margin-top:-1px;display:none;
}
#emo-box .item {
float: left;
text-align: center;
padding: 10px 0;
width: 85px;
font-size: 12px;
height: 30px;
line-height: 1;
border:1px solid #ccc;
}
.smileytogl{
 font-size:28px;   
    padding:10px;
    background: #333333;
background: -webkit-gradient(linear, left top, left bottom, from(#383838), to(#333333));
background: -webkit-linear-gradient(top, #383838, #333333);
background: -moz-linear-gradient(top, #383838, #333333);
background: -ms-linear-gradient(top, #383838, #333333);
background: -o-linear-gradient(top, #383838, #333333);
color:#ccc;
    width:589px;
    cursor:pointer;
-webkit-border-top-left-radius: 4px;
-webkit-border-top-right-radius: 4px;
-moz-border-radius-topleft: 4px;
-moz-border-radius-topright: 4px;
border-top-left-radius: 4px;
border-top-right-radius: 4px;
}
#related-posts img:hover{
background:#B00000;
}
.breakline{
border-top:1px solid #ccc;padding:10px;margin-right:-30px;margin-left:-79px;
}

.ouchmode{
    background:#B00000;
    width:160px;
    text-align:center;
    color:#e5e5e5;
    border-radius:3px;
font: 14px "OFL Sorts Mill Goudy TT", Georgia, Times, serif;
    padding-top:10px;
    padding-bottom:10px;
    cursor:pointer;
    transition: background-color .777s;
-webkit-transition: background-color .777s;
-moz-transition: background-color .777s;
-o-transition: background-color .777s;
-ms-transition: background-color .777s;
    padding-left:8px;
        padding-right:8px;
margin-left:10px;
}
.ouchmode:hover{
 background:#000;   
}
.blackone{
 background:#000;   
}
.blackone:hover{
        background:#B00000;

}
.refrsh{display:none;
z-index:99999999;
position:fixed;
background:black;
color:#fff;
margin-top:-20px;
padding-top:10px;
padding:10px;
margin-left:10px;
cursor:pointer;
}
.refrsh:hover{
background:grey;
}



@media only screen and (max-width: 890px){
.content-inner{
margin:0px;
}
.column-right-outer{
width:99%;
margin-left:-45px;
margin-right:-100px;
}
.post-outer{
margin-right:-86px;
padding-right:86px;
}
.column-center-outer{
width:99%;border:none;
}
.pagenavi{border:none;}


}

@media only screen and (max-width: 651px){
.post-outer{margin-left:-130px;margin-right:-150px;}
.header-outer .title{
font-size:40px;
}
#menu a{
font-size:14px;
}
.toglewala{display:none}
}.comment .avatar-image-container { border: 1px solid #B6B6B6; max-height: 70px !important; width: 70px !important; position: relative; left:-20px; top:10px; z-index: 1; float:right; } .comment .comment-block { margin-left: 0px !important; } .comment .avatar-image-container img { border: medium none !important; height: 70px !important; width: 70px !important; max-height: 70px !important; max-width: 70px !important; } .comment .comment-header { color: black; font-size: 18px; margin-left: 60px; font-family: 'Merienda'; } .comment .comment-header a { color: black !important; text-decoration: none; } .comment .datetime{ display:none; } .comment .comment-block{ background:#EFEFEF; padding:20px; border-style:solid; border-width:1px; border-color:#C3C3C3; } @font-face { font-family: 'Merienda'; font-style: normal; font-weight: 400; src: local('Merienda'), local('Merienda-Regular_0_wt'), url(http://themes.googleusercontent.com/static/fonts/merienda/v1/4NYVQDcgs3Fbi_xdFMC7lPesZW2xOQ-xsNqO47m55DA.woff) format('woff'); } .comment .comment-content { padding-top:5px; padding-bottom:5px; padding-right:80px; padding-left:5px; font-size:18px; font-family: 'Text Me One'; } @font-face { font-family: 'Text Me One'; font-style: normal; font-weight: 400; src: local('Text Me One'), local('TextMeOne-Regular'), url(http://themes.googleusercontent.com/static/fonts/textmeone/v1/PqZhD5HyRPwtzI5fOKmj9IbN6UDyHWBl620a-IRfuBk.woff) format('woff'); } .icon.blog-author { display: none !important;}

.impfooterlink{
font-size:18px;
padding-bottom:10px;
border-top:1px solid #ccc;
padding-top:20px;margin-left:-50px;padding-right:50px;margin-right:-50px;padding-right:50px;
}#header-inner img {margin: 0 auto !important;padding:10px;}

.Label a{
background: #333;
text-transform: uppercase;
color: #fff;
font-size: 10px;
font-family: arial,sans-serif;
text-decoration: none;
opacity: .9;
padding: 4px 10px;
-webkit-border-radius: 3px;
-moz-border-radius: 3px;
border-radius: 3px;
-webkit-transition: background 200ms linear;
-moz-transition: background 200ms linear;
transition: background 200ms linear;
-webkit-backface-visibility: hidden;
margin: 0 5px 5px 0;
display: block;
float: left; }]]></b:skin>

    <b:template-skin>
     
      <![CDATA[
     
      ]]>
    </b:template-skin>
    <b:include data='blog' name='google-analytics'/>
<script type='text/javascript'>
var thumbnail_mode = &quot;no-float&quot; ; 
summary_noimg = 200;
summary_img = 200;
img_thumb_width = 140;
img_thumb_height = 130;
</script>
<script src='https://dl.dropboxusercontent.com/u/80436322/auto-read-more.js' type='text/javascript'/>

<script>
$(document).ready(function(){
  $(&quot;.toglewala&quot;).click(function(){
    $(&quot;.emailsub&quot;).slideToggle(300);
  });
 $(&quot;.smileytogl&quot;).click(function(){
    $(&quot;#emo-box&quot;).slideToggle(300);
  });
});
    </script>
<b:if cond='data:blog.pageType == &quot;item&quot;'>
<script type='text/javascript'>
var defaultnoimage=&quot;http://3.bp.blogspot.com/-PpjfsStySz0/UF91FE7rxfI/AAAAAAAACl8/092MmUHSFQ0/s1600/no_image.jpg&quot;;
var maxresults=4;
var splittercolor=&quot;#DDDDDD&quot;;
var relatedpoststitle=&quot;Related Posts&quot;;
</script>
<script src='https://dl.dropboxusercontent.com/u/80436322/related-post.js' type='text/javascript'/>
</b:if>

<script>
$(document).ready(function(){
  $(&quot;.redone&quot;).click(function(){
    $(&quot;header&quot;).css(&quot;display&quot;,&quot;none&quot;);
    $(&quot;#menu&quot;).css(&quot;display&quot;,&quot;none&quot;);
    $(&quot;.toglewala&quot;).css(&quot;display&quot;,&quot;none&quot;);
    $(&quot;.column-right-outer&quot;).css(&quot;display&quot;,&quot;none&quot;);
    $(&quot;.column-center-outer&quot;).css(&quot;border&quot;,&quot;none&quot;);
    $(&quot;.column-center-outer&quot;).css(&quot;width&quot;,&quot;99%&quot;);
    $(&quot;.post-title&quot;).css(&quot;font-size&quot;,&quot;40px&quot;);
    $(&quot;#related-posts&quot;).css(&quot;display&quot;,&quot;none&quot;);
    $(&quot;.comments&quot;).css(&quot;display&quot;,&quot;none&quot;);
    $(&quot;.smileytogl&quot;).css(&quot;display&quot;,&quot;none&quot;);
    $(&quot;.breakline&quot;).css(&quot;display&quot;,&quot;none&quot;);
    $(&quot;.ouchmode&quot;).css(&quot;display&quot;,&quot;none&quot;);
    $(&quot;.post-footer&quot;).css(&quot;display&quot;,&quot;none&quot;);
    $(&quot;.post-outer&quot;).css(&quot;border&quot;,&quot;none&quot;);
    $(&quot;footer&quot;).css(&quot;display&quot;,&quot;none&quot;);
    $(&quot;#blog-pager a&quot;).css(&quot;color&quot;,&quot;#333&quot;);
    $(&quot;.content-inner&quot;).css(&quot;margin-left&quot;,&quot;0px&quot;);
    $(&quot;.content-inner&quot;).css(&quot;border&quot;,&quot;none&quot;);
    $(&quot;body&quot;).css(&quot;background&quot;,&quot;white&quot;);
    $(&quot;.refrsh&quot;).css(&quot;display&quot;,&quot;block&quot;);

  });$(&#39;.refrsh&#39;).click(function() {
    location.reload();
});
});
</script>
<b:if cond='data:blog.pageType == &quot;item&quot;'>
<style>
  .post-body img{
    width:90%;
  }
  #blog-pager a{
    color:black !important;
  }
#blog-pager
  {
    border-bottom:1px solid #ccc;padding-bottom:10px;margin-left:-80px;padding-left:80px;margin-right:-30px;padding-right:30px;
  }
  .header-outer .title a{
    text-decoration:none;
  }
    </style></b:if>

  </head>

  <body expr:class='&quot;loading&quot; + data:blog.mobileClass'>
    <div class='refrsh'>Back To Normal</div>
  <b:section class='navbar' id='navbar' maxwidgets='1' showaddelement='no'>
    <b:widget id='Navbar1' locked='true' title='Navbar' type='Navbar'>
      <b:includable id='main'>&lt;script type=&quot;text/javascript&quot;&gt;
    function setAttributeOnload(object, attribute, val) {
      if(window.addEventListener) {
        window.addEventListener(&#39;load&#39;,
          function(){ object[attribute] = val; }, false);
      } else {
        window.attachEvent(&#39;onload&#39;, function(){ object[attribute] = val; });
      }
    }
  &lt;/script&gt;
&lt;div id=&quot;navbar-iframe-container&quot;&gt;&lt;/div&gt;
&lt;script type=&quot;text/javascript&quot; src=&quot;https://apis.google.com/js/plusone.js&quot;&gt;&lt;/script&gt;
&lt;script type=&quot;text/javascript&quot;&gt;
        gapi.load(&quot;iframes-styles-bubble&quot;, function() {
          if (window.iframes &amp;&amp; iframes.open) {
            iframes.open(
                &#39;//www.blogger.com/navbar.g?targetBlogID\758905008413029215086\46blogName\75Professional+Blogging\46publishMode\75PUBLISH_MODE_BLOGSPOT\46navbarType\75LIGHT\46layoutType\75LAYOUTS\46searchRoot\75http://professionalblogging-theme.blogspot.com/search\46blogLocale\75en_GB\46v\0752\46homepageUrl\75http://professionalblogging-theme.blogspot.com/\46blogFollowUrl\75https://plus.google.com/113143762085765715608\46vt\0756831468091430382314&#39;,
                {
                  container: &quot;navbar-iframe-container&quot;,
                  id: &quot;navbar-iframe&quot;
                },
                {
                });
          }
        });
      &lt;/script&gt;&lt;script type=&quot;text/javascript&quot;&gt;
(function() {
var script = document.createElement(&#39;script&#39;);
script.type = &#39;text/javascript&#39;;
script.src = &#39;//pagead2.googlesyndication.com/pagead/js/google_top_exp.js&#39;;
var head = document.getElementsByTagName(&#39;head&#39;)[0];
if (head) {
head.appendChild(script);
}})();
&lt;/script&gt;
</b:includable>
    </b:widget>
  </b:section>

  <b:if cond='data:blog.pageType == &quot;index&quot;'>
    <div itemscope='itemscope' itemtype='http://schema.org/Blog' style='display: none;'>
      <meta expr:content='data:blog.title' itemprop='name'/>
      <b:if cond='data:blog.metaDescription'>
        <meta expr:content='data:blog.metaDescription' itemprop='description'/>
      </b:if>
    </div>
  </b:if>

  <div class='body-fauxcolumns'>
    <div class='fauxcolumn-outer body-fauxcolumn-outer'>
    <div class='cap-top'>
      <div class='cap-left'/>
      <div class='cap-right'/>
    </div>
    <div class='fauxborder-left'>
    <div class='fauxborder-right'/>
    <div class='fauxcolumn-inner'>
    </div>
    </div>
    <div class='cap-bottom'>
      <div class='cap-left'/>
      <div class='cap-right'/>
    </div>
    </div>
  </div>

  <div class='content'>
  <div class='content-fauxcolumns'>
    <div class='fauxcolumn-outer content-fauxcolumn-outer'>
    <div class='cap-top'>
      <div class='cap-left'/>
      <div class='cap-right'/>
    </div>
    <div class='fauxborder-left'>
    <div class='fauxborder-right'/>
    <div class='fauxcolumn-inner'>
    </div>
    </div>
    <div class='cap-bottom'>
      <div class='cap-left'/>
      <div class='cap-right'/>
    </div>
    </div>
  </div>

  <div class='content-outer'>
  <div class='content-cap-top cap-top'>
    <div class='cap-left'/>
    <div class='cap-right'/>
  </div>
  <div class='fauxborder-left content-fauxborder-left'>
  <div class='fauxborder-right content-fauxborder-right'/>
  <div class='content-inner'>

    <header>
    <div class='header-outer'>
    <div class='header-cap-top cap-top'>
      <div class='cap-left'/>
      <div class='cap-right'/>
    </div>
    <div class='fauxborder-left header-fauxborder-left'>
    <div class='fauxborder-right header-fauxborder-right'/>
    <div class='region-inner header-inner'>
      <b:section class='header' id='header' maxwidgets='1' showaddelement='no'>
        <b:widget id='Header1' locked='true' title='Professional Blogging (Header)' type='Header'>
          <b:includable id='main'>

  <b:if cond='data:useImage'>
    <b:if cond='data:imagePlacement == &quot;BEHIND&quot;'>
      <!--
      Show image as background to text. You can't really calculate the width
      reliably in JS because margins are not taken into account by any of
      clientWidth, offsetWidth or scrollWidth, so we don't force a minimum
      width if the user is using shrink to fit.
      This results in a margin-width's worth of pixels being cropped. If the
      user is not using shrink to fit then we expand the header.
      -->
      <b:if cond='data:mobile'>
          <div id='header-inner'>
            <div class='titlewrapper' style='background: transparent'>
              <h1 class='title' style='background: transparent; border-width: 0px'>
                <b:include name='title'/>
              </h1>
            </div>
            <b:include name='description'/>
          </div>
        <b:else/>
          <div expr:style='&quot;background-image: url(\&quot;&quot; + data:sourceUrl + &quot;\&quot;); &quot;                        + &quot;background-position: &quot;                        + data:backgroundPositionStyleStr + &quot;; &quot;                        + data:widthStyleStr                        + &quot;min-height: &quot; + data:height                        + &quot;_height: &quot; + data:height                        + &quot;background-repeat: no-repeat; &quot;' id='header-inner'>
            <div class='titlewrapper' style='background: transparent'>
              <h1 class='title' style='background: transparent; border-width: 0px'>
                <b:include name='title'/>
              </h1>
            </div>
            <b:include name='description'/>
          </div>
        </b:if>
    <b:else/>
      <!--Show the image only-->
      <div id='header-inner'>
        <a expr:href='data:blog.homepageUrl' style='display: block'>
          <img expr:alt='data:title' expr:height='data:height' expr:id='data:widget.instanceId + &quot;_headerimg&quot;' expr:src='data:sourceUrl' expr:width='data:width' style='display: block'/>
        </a>
        <!--Show the description-->
        <b:if cond='data:imagePlacement == &quot;BEFORE_DESCRIPTION&quot;'>
          <b:include name='description'/>
        </b:if>
      </div>
    </b:if>
  <b:else/>
    <!--No header image -->
    <div id='header-inner'>
      <div class='titlewrapper'>
        <h1 class='title'>
          <b:include name='title'/>
        </h1>
      </div>
      <b:include name='description'/>
    </div>
  </b:if>
</b:includable>
          <b:includable id='description'>
  <div class='descriptionwrapper'>
    <p class='description'><span><data:description/></span></p>
  </div>
</b:includable>
          <b:includable id='title'>
  <b:if cond='data:blog.url == data:blog.homepageUrl'>
    <data:title/>
  <b:else/>
    <a expr:href='data:blog.homepageUrl'><data:title/></a>
  </b:if>
</b:includable>
        </b:widget>
      </b:section>
    </div>
    </div>
    <div class='header-cap-bottom cap-bottom'>
      <div class='cap-left'/>
      <div class='cap-right'/>
    </div>
    </div>
    </header>
    
<center>
<ul id='menu'>                 
  <li><a href='/'>Home</a></li>                 
<li><a href='#'>Products</a></li>                 
<li><a href='#'>Services</a></li>                
<li><a href='#'>About</a></li>                 
<li><a href='#'>Contact</a></li>             
  </ul></center>
    <div class='toglewala'>Click Here To Subscribe Via Email</div>
<div class='emailsub'>

  <form action='http://feedburner.google.com/fb/a/mailverify' method='post' onsubmit='window.open(&apos;http://feedburner.google.com/fb/a/mailverify?uri=seotemplates&apos;, &apos;popupwindow&apos;, &apos;scrollbars=yes,width=550,height=520&apos;);return true' target='popupwindow'><p class='titlehd'>Subscribe To Our E-Mail Newsletter</p><p><input class='oksogo' name='email' placeholder='Enter Your Email Here' style='width:140px' type='text'/></p><input name='uri' type='hidden' value='seotemplates'/><input name='loc' type='hidden' value='en_US'/><input class='tutton' type='submit' value='Subscribe'/></form> 
    </div> 
    <div class='tabs-outer'>
    <div class='tabs-cap-top cap-top'>
      <div class='cap-left'/>
      <div class='cap-right'/>
    </div>
    <div class='fauxborder-left tabs-fauxborder-left'>
    <div class='fauxborder-right tabs-fauxborder-right'/>
    <div class='region-inner tabs-inner'>
      <b:section class='tabs' id='crosscol' maxwidgets='1' showaddelement='yes'/>
      <b:section class='tabs' id='crosscol-overflow' showaddelement='no'/>
    </div>
    </div>
    <div class='tabs-cap-bottom cap-bottom'>
      <div class='cap-left'/>
      <div class='cap-right'/>
    </div>
    </div>

    <div class='main-outer'>
    <div class='main-cap-top cap-top'>
      <div class='cap-left'/>
      <div class='cap-right'/>
    </div>

    <div class='fauxborder-left main-fauxborder-left'>
    <div class='fauxborder-right main-fauxborder-right'/>
    <div class='region-inner main-inner'>

      <div class='columns fauxcolumns'>

        <div class='fauxcolumn-outer fauxcolumn-center-outer'>
        <div class='cap-top'>
          <div class='cap-left'/>
          <div class='cap-right'/>
        </div>
        <div class='fauxborder-left'>
        <div class='fauxborder-right'/>
        <div class='fauxcolumn-inner'>
        </div>
        </div>
        <div class='cap-bottom'>
          <div class='cap-left'/>
          <div class='cap-right'/>
        </div>
        </div>

        <div class='fauxcolumn-outer fauxcolumn-left-outer'>
        <div class='cap-top'>
          <div class='cap-left'/>
          <div class='cap-right'/>
        </div>
        <div class='fauxborder-left'>
        <div class='fauxborder-right'/>
        <div class='fauxcolumn-inner'>
        </div>
        </div>
        <div class='cap-bottom'>
          <div class='cap-left'/>
          <div class='cap-right'/>
        </div>
        </div>

        <div class='fauxcolumn-outer fauxcolumn-right-outer'>
        <div class='cap-top'>
          <div class='cap-left'/>
          <div class='cap-right'/>
        </div>
        <div class='fauxborder-left'>
        <div class='fauxborder-right'/>
        <div class='fauxcolumn-inner'>
        </div>
        </div>
        <div class='cap-bottom'>
          <div class='cap-left'/>
          <div class='cap-right'/>
        </div>
        </div>

        <!-- corrects IE6 width calculation -->
        <div class='columns-inner'>

        <div class='column-center-outer'>
        <div class='column-center-inner'>
          <b:section class='main' id='main' showaddelement='no'>
            <b:widget id='Blog1' locked='true' title='Blog Posts' type='Blog'>
              <b:includable id='main' var='top'>
  <b:if cond='data:mobile == &quot;false&quot;'>

    <!-- posts -->
    <div class='blog-posts hfeed'>

      <b:include data='top' name='status-message'/>

      <data:defaultAdStart/>
      <b:loop values='data:posts' var='post'>
        <b:if cond='data:post.isDateStart'>
          <b:if cond='data:post.isFirstPost == &quot;false&quot;'>
            &lt;/div&gt;&lt;/div&gt;
          </b:if>
        </b:if>
        <b:if cond='data:post.isDateStart'>
          &lt;div class=&quot;date-outer&quot;&gt;
        </b:if>
        <b:if cond='data:post.dateHeader'>
          <h2 class='date-header'><span><data:post.dateHeader/></span></h2>
        </b:if>
        <b:if cond='data:post.isDateStart'>
          &lt;div class=&quot;date-posts&quot;&gt;
        </b:if>
        <div class='post-outer'>
        <b:include data='post' name='post'/>
        <b:if cond='data:blog.pageType == &quot;static_page&quot;'>
          <b:include data='post' name='comment_picker'/>
        </b:if>
        <b:if cond='data:blog.pageType == &quot;item&quot;'>
          <b:include data='post' name='comment_picker'/>
        </b:if>
        </div>
        <b:if cond='data:post.includeAd'>
          <b:if cond='data:post.isFirstPost'>
            <data:defaultAdEnd/>
          <b:else/>
            <data:adEnd/>
          </b:if>
          <div class='inline-ad'>
            <data:adCode/>
          </div>
          <data:adStart/>
        </b:if>
      </b:loop>
      <b:if cond='data:numPosts != 0'>
        &lt;/div&gt;&lt;/div&gt;
      </b:if>
      <data:adEnd/>
    </div>

    <!-- navigation -->
<b:if cond='data:blog.pageType == &quot;index&quot;'>
<b:include name='page-navi'/>
<b:else/>
<b:if cond='data:blog.pageType == &quot;archive&quot;'>
<b:include name='page-navi'/>
</b:if>
<b:else/>
<b:if cond='data:blog.pageType == &quot;item&quot;'>
<b:include name='nextprev'/>
</b:if>
</b:if>

    <!-- feed links -->
    <b:include name='feedLinks'/>

    <b:if cond='data:top.showStars'>
      <script src='//www.google.com/jsapi' type='text/javascript'/>
      <script type='text/javascript'>
        google.load(&quot;annotations&quot;, &quot;1&quot;, {&quot;locale&quot;: &quot;<data:top.languageCode/>&quot;});
        function initialize() {
          google.annotations.setApplicationId(<data:top.blogspotReviews/>);
          google.annotations.createAll();
          google.annotations.fetch();
        }
        google.setOnLoadCallback(initialize);
      </script>
    </b:if>

  <b:else/>
    <b:include name='mobile-main'/>
  </b:if>

  <b:if cond='data:top.showDummy'>
    <data:top.dummyBootstrap/>
  </b:if>

</b:includable>
              <b:includable id='backlinkDeleteIcon' var='backlink'>
  <span expr:class='&quot;item-control &quot; + data:backlink.adminClass'>
    <a expr:href='data:backlink.deleteUrl' expr:title='data:top.deleteBacklinkMsg'>
      <img src='//www.blogger.com/img/icon_delete13.gif'/>
    </a>
  </span>
</b:includable>
              <b:includable id='backlinks' var='post'>
  <a name='links'/><h4><data:post.backlinksLabel/></h4>
  <b:if cond='data:post.numBacklinks != 0'>
    <dl class='comments-block' id='comments-block'>
      <b:loop values='data:post.backlinks' var='backlink'>
        <div class='collapsed-backlink backlink-control'>
          <dt class='comment-title'>
            <span class='backlink-toggle-zippy'>&#160;</span>
            <a expr:href='data:backlink.url' rel='nofollow'><data:backlink.title/></a>
            <b:include data='backlink' name='backlinkDeleteIcon'/>
          </dt>
          <dd class='comment-body collapseable'>
            <data:backlink.snippet/>
          </dd>
          <dd class='comment-footer collapseable'>
            <span class='comment-author'><data:post.authorLabel/> <data:backlink.author/></span>
            <span class='comment-timestamp'><data:post.timestampLabel/> <data:backlink.timestamp/></span>
          </dd>
        </div>
      </b:loop>
    </dl>
  </b:if>
  <p class='comment-footer'>
    <a class='comment-link' expr:href='data:post.createLinkUrl' expr:id='data:widget.instanceId + &quot;_backlinks-create-link&quot;' target='_blank'><data:post.createLinkLabel/></a>
  </p>
</b:includable>
              <b:includable id='comment-form' var='post'>
  <div class='comment-form'>
    <a name='comment-form'/>
    <b:if cond='data:mobile'>
      <h4 id='comment-post-message'>
        <a expr:id='data:widget.instanceId + &quot;_comment-editor-toggle-link&quot;' href='javascript:void(0)'><data:postCommentMsg/></a></h4>
      <p><data:blogCommentMessage/></p>
      <data:blogTeamBlogMessage/>
      <a expr:href='data:post.commentFormIframeSrc' id='comment-editor-src'/>
      <iframe allowtransparency='true' class='blogger-iframe-colorize blogger-comment-from-post' frameborder='0' height='410' id='comment-editor' name='comment-editor' src='' style='display: none' width='100%'/>
    <b:else/>
      <h4 id='comment-post-message'><data:postCommentMsg/></h4>
      <p><data:blogCommentMessage/></p>
      <data:blogTeamBlogMessage/>
      <a expr:href='data:post.commentFormIframeSrc' id='comment-editor-src'/>
      <iframe allowtransparency='true' class='blogger-iframe-colorize blogger-comment-from-post' frameborder='0' height='410' id='comment-editor' name='comment-editor' src='' width='100%'/>
    </b:if>
    <data:post.friendConnectJs/>
    <data:post.cmtfpIframe/>
    <script type='text/javascript'>
      BLOG_CMT_createIframe(&#39;<data:post.appRpcRelayPath/>&#39;, &#39;<data:post.communityId/>&#39;);
    </script>
  </div>
</b:includable>
              <b:includable id='commentDeleteIcon' var='comment'>
  <span expr:class='&quot;item-control &quot; + data:comment.adminClass'>
    <b:if cond='data:showCmtPopup'>
      <div class='goog-toggle-button'>
        <div class='goog-inline-block comment-action-icon'/>
      </div>
    <b:else/>
      <a class='comment-delete' expr:href='data:comment.deleteUrl' expr:title='data:top.deleteCommentMsg'>
        <img src='//www.blogger.com/img/icon_delete13.gif'/>
      </a>
    </b:if>
  </span>
</b:includable>
              <b:includable id='comment_count_picker' var='post'>
  <b:if cond='data:post.commentSource == 1'>
    <span class='cmt_count_iframe_holder' expr:data-count='data:post.numComments' expr:data-onclick='data:post.addCommentOnclick' expr:data-post-url='data:post.url' expr:data-url='data:post.canonicalUrl'>
    </span>
  <b:else/>
    <a class='comment-link' expr:href='data:post.addCommentUrl' expr:onclick='data:post.addCommentOnclick'>
      <data:post.commentLabelFull/>:
    </a>
  </b:if>
</b:includable>
              <b:includable id='comment_picker' var='post'>
  <b:if cond='data:post.commentSource == 1'>
    <b:include data='post' name='iframe_comments'/>
  <b:else/>
    <b:if cond='data:post.showThreadedComments'>
      <b:include data='post' name='threaded_comments'/>
    <b:else/>
      <b:include data='post' name='comments'/>
    </b:if>
  </b:if>
</b:includable>
              <b:includable id='comments' var='post'>
  <div class='comments' id='comments'>
    <a name='comments'/>
    <b:if cond='data:post.allowComments'>
      <h4><data:post.commentLabelFull/>:</h4>

      <b:if cond='data:post.commentPagingRequired'>
        <span class='paging-control-container'>
          <b:if cond='data:post.hasOlderLinks'>
            <a expr:class='data:post.oldLinkClass' expr:href='data:post.oldestLinkUrl'><data:post.oldestLinkText/></a>
              &#160;
            <a expr:class='data:post.oldLinkClass' expr:href='data:post.olderLinkUrl'><data:post.olderLinkText/></a>
              &#160;
          </b:if>

          <data:post.commentRangeText/>

          <b:if cond='data:post.hasNewerLinks'>
            &#160;
            <a expr:class='data:post.newLinkClass' expr:href='data:post.newerLinkUrl'><data:post.newerLinkText/></a>
            &#160;
            <a expr:class='data:post.newLinkClass' expr:href='data:post.newestLinkUrl'><data:post.newestLinkText/></a>
          </b:if>
        </span>
      </b:if>

      <div expr:id='data:widget.instanceId + &quot;_comments-block-wrapper&quot;'>
        <dl expr:class='data:post.avatarIndentClass' id='comments-block'>
          <b:loop values='data:post.comments' var='comment'>
            <dt expr:class='&quot;comment-author &quot; + data:comment.authorClass' expr:id='data:comment.anchorName'>
              <b:if cond='data:comment.favicon'>
                <img expr:src='data:comment.favicon' height='16px' style='margin-bottom:-2px;' width='16px'/>
              </b:if>
              <a expr:name='data:comment.anchorName'/>
              <b:if cond='data:blog.enabledCommentProfileImages'>
                <data:comment.authorAvatarImage/>
              </b:if>
              <b:if cond='data:comment.authorUrl'>
                <a expr:href='data:comment.authorUrl' rel='nofollow'><data:comment.author/></a>
              <b:else/>
                <data:comment.author/>
              </b:if>
              <data:commentPostedByMsg/>
            </dt>
            <dd class='comment-body' expr:id='data:widget.instanceId + data:comment.cmtBodyIdPostfix'>
              <b:if cond='data:comment.isDeleted'>
                <span class='deleted-comment'><data:comment.body/></span>
              <b:else/>
                <p>
                  <data:comment.body/>
                </p>
              </b:if>
            </dd>
            <dd class='comment-footer'>
              <span class='comment-timestamp'>
                <a expr:href='data:comment.url' title='comment permalink'>
                  <data:comment.timestamp/>
                </a>
                <b:include data='comment' name='commentDeleteIcon'/>
              </span>
            </dd>
          </b:loop>
        </dl>
      </div>

      <b:if cond='data:post.commentPagingRequired'>
        <span class='paging-control-container'>
          <a expr:class='data:post.oldLinkClass' expr:href='data:post.oldestLinkUrl'>
            <data:post.oldestLinkText/>
          </a>
          <a expr:class='data:post.oldLinkClass' expr:href='data:post.olderLinkUrl'>
            <data:post.olderLinkText/>
          </a>
          &#160;
          <data:post.commentRangeText/>
          &#160;
          <a expr:class='data:post.newLinkClass' expr:href='data:post.newerLinkUrl'>
            <data:post.newerLinkText/>
          </a>
          <a expr:class='data:post.newLinkClass' expr:href='data:post.newestLinkUrl'>
            <data:post.newestLinkText/>
          </a>
        </span>
      </b:if>

      <p class='comment-footer'>
        <b:if cond='data:post.embedCommentForm'>
          <b:if cond='data:post.allowNewComments'>
            <b:include data='post' name='comment-form'/>
          <b:else/>
            <data:post.noNewCommentsText/>
          </b:if>
        <b:else/>
          <b:if cond='data:post.allowComments'>
            <a expr:href='data:post.addCommentUrl' expr:onclick='data:post.addCommentOnclick'><data:postCommentMsg/></a>
          </b:if>
        </b:if>

      </p>
    </b:if>
    <b:if cond='data:showCmtPopup'>
      <div id='comment-popup'>
        <iframe allowtransparency='true' frameborder='0' id='comment-actions' name='comment-actions' scrolling='no'>
        </iframe>
      </div>
    </b:if>

    <div id='backlinks-container'>
    <div expr:id='data:widget.instanceId + &quot;_backlinks-container&quot;'>
       <b:if cond='data:post.showBacklinks'>
         <b:include data='post' name='backlinks'/>
       </b:if>
    </div>
    </div>
  </div>
</b:includable>
              <b:includable id='feedLinks'>
  <b:if cond='data:blog.pageType != &quot;item&quot;'> <!-- Blog feed links -->
    <b:if cond='data:feedLinks'>
      <div class='blog-feeds'>
        <b:include data='feedLinks' name='feedLinksBody'/>
      </div>
    </b:if>

    <b:else/> <!--Post feed links -->
    <div class='post-feeds'>
      <b:loop values='data:posts' var='post'>
        <b:if cond='data:post.allowComments'>
          <b:if cond='data:post.feedLinks'>
            <b:include data='post.feedLinks' name='feedLinksBody'/>
          </b:if>
        </b:if>
      </b:loop>
    </div>
  </b:if>
</b:includable>
              <b:includable id='feedLinksBody' var='links'>
  <div class='feed-links'>
  <data:feedLinksMsg/>
  <b:loop values='data:links' var='f'>
     <a class='feed-link' expr:href='data:f.url' expr:type='data:f.mimeType' target='_blank'><data:f.name/> (<data:f.feedType/>)</a>
  </b:loop>
  </div>
</b:includable>
              <b:includable id='iframe_comments' var='post'>

  <b:if cond='data:post.allowIframeComments'>
    <script expr:src='data:post.iframeCommentSrc' type='text/javascript'/>
    <div class='cmt_iframe_holder' expr:data-href='data:post.canonicalUrl' expr:data-viewtype='data:post.viewType'/>

    <b:if cond='data:post.embedCommentForm == &quot;false&quot;'>
      <a expr:href='data:post.addCommentUrl' expr:onclick='data:post.addCommentOnclick'><data:postCommentMsg/></a>
    </b:if>
  </b:if>
</b:includable>
              <b:includable id='mobile-index-post' var='post'>
  <div class='mobile-date-outer date-outer'>
    <b:if cond='data:post.dateHeader'>
      <div class='date-header'>
        <span><data:post.dateHeader/></span>
      </div>
    </b:if>

    <div class='mobile-post-outer'>
      <a expr:href='data:post.url'>
        <h3 class='mobile-index-title entry-title' itemprop='name'>
          <data:post.title/>
        </h3>

        <div class='mobile-index-arrow'>&amp;rsaquo;</div>

        <div class='mobile-index-contents'>
          <b:if cond='data:post.thumbnailUrl'>
            <div class='mobile-index-thumbnail'>
              <div class='Image'>
                <img expr:src='data:post.thumbnailUrl'/>
              </div>
            </div>
          </b:if>

          <div class='post-body'>
            <b:if cond='data:post.snippet'><data:post.snippet/></b:if>
          </div>
        </div>

        <div style='clear: both;'/>
      </a>

      <div class='mobile-index-comment'>
        <b:if cond='data:blog.pageType != &quot;static_page&quot;'>
          <b:if cond='data:post.allowComments'>
            <b:if cond='data:post.numComments != 0'>
              <b:include data='post' name='comment_count_picker'/>
            </b:if>
          </b:if>
        </b:if>
      </div>
    </div>
  </div>
</b:includable>
              <b:includable id='mobile-main' var='top'>
    <!-- posts -->
    <div class='blog-posts hfeed'>

      <b:include data='top' name='status-message'/>

      <b:if cond='data:blog.pageType == &quot;index&quot;'>
        <b:loop values='data:posts' var='post'>
          <b:include data='post' name='mobile-index-post'/>
        </b:loop>
      <b:else/>
        <b:loop values='data:posts' var='post'>
          <b:include data='post' name='mobile-post'/>
        </b:loop>
      </b:if>
    </div>

   <b:include name='mobile-nextprev'/>
</b:includable>
              <b:includable id='mobile-nextprev'>
  <div class='blog-pager' id='blog-pager'>
    <b:if cond='data:newerPageUrl'>
      <div class='mobile-link-button' id='blog-pager-newer-link'>
      <a class='blog-pager-newer-link' expr:href='data:newerPageUrl' expr:id='data:widget.instanceId + &quot;_blog-pager-newer-link&quot;' expr:title='data:newerPageTitle'>&amp;lsaquo;</a>
      </div>
    </b:if>

    <b:if cond='data:olderPageUrl'>
      <div class='mobile-link-button' id='blog-pager-older-link'>
      <a class='blog-pager-older-link' expr:href='data:olderPageUrl' expr:id='data:widget.instanceId + &quot;_blog-pager-older-link&quot;' expr:title='data:olderPageTitle'>&amp;rsaquo;</a>
      </div>
    </b:if>

    <div class='mobile-link-button' id='blog-pager-home-link'>
    <a class='home-link' expr:href='data:blog.homepageUrl'><data:homeMsg/></a>
    </div>

    <div class='mobile-desktop-link'>
      <a class='home-link' expr:href='data:desktopLinkUrl'><data:desktopLinkMsg/></a>
    </div>

  </div>
  <div class='clear'/>
</b:includable>
              <b:includable id='mobile-post' var='post'>
  <div class='date-outer'>
    <b:if cond='data:post.dateHeader'>
      <h2 class='date-header'><span><data:post.dateHeader/></span></h2>
    </b:if>
    <div class='date-posts'>
      <div class='post-outer'>

        <div class='post hentry uncustomized-post-template' itemscope='itemscope' itemtype='http://schema.org/BlogPosting'>
          <b:if cond='data:post.thumbnailUrl'>
            <meta expr:content='data:post.thumbnailUrl' itemprop='image_url'/>
          </b:if>
          <meta expr:content='data:blog.blogId' itemprop='blogId'/>
          <meta expr:content='data:post.id' itemprop='postId'/>

          <a expr:name='data:post.id'/>
          <b:if cond='data:post.title'>
            <h3 class='post-title entry-title' itemprop='name'>
              <b:if cond='data:post.link'>
                <a expr:href='data:post.link'><data:post.title/></a>
              <b:else/>
                <b:if cond='data:post.url'>
                  <b:if cond='data:blog.url != data:post.url'>
                    <a expr:href='data:post.url'><data:post.title/></a>
                  <b:else/>
                    <data:post.title/>
                  </b:if>
                <b:else/>
                  <data:post.title/>
                </b:if>
              </b:if>
            </h3>
          </b:if>


          <div class='post-header'>
            <div class='post-header-line-1'/>
          </div>

          <div class='post-body entry-content' expr:id='&quot;post-body-&quot; + data:post.id' itemprop='articleBody'>

<b:if cond='data:blog.pageType == &quot;item&quot;'>
<data:post.body/>
<b:else/>
<b:if cond='data:blog.pageType == &quot;static_page&quot;'>
<data:post.body/>
<b:else/>
<div expr:id='&quot;summary&quot; + data:post.id'>
<data:post.body/>
</div>
<script type='text/javascript'>
createSummaryAndThumb(&quot;summary<data:post.id/>&quot;);
</script>
<div style='clear: both;'/>
<span class='rmlink' style='font-weight:bold;padding:5px;float:right;text-align:right;'><a expr:href='data:post.url'>Read More</a></span>
</b:if>
</b:if>
            <div style='clear: both;'/> <!-- clear for photos floats -->
          </div>

          <div class='post-footer'>
            <div class='post-footer-line post-footer-line-1'>
              <span class='post-author vcard'>
                <b:if cond='data:top.showAuthor'>
                  <b:if cond='data:post.authorProfileUrl'>
                    <span class='fn' itemprop='author' itemscope='itemscope' itemtype='http://schema.org/Person'>
                      <meta expr:content='data:post.authorProfileUrl' itemprop='url'/>
                      <a expr:href='data:post.authorProfileUrl' rel='author' title='author profile'>
                        <span itemprop='name'><data:post.author/></span>
                      </a>
                    </span>
                  <b:else/>
                    <span class='fn' itemprop='author' itemscope='itemscope' itemtype='http://schema.org/Person'>
                      <span itemprop='name'><data:post.author/></span>
                    </span>
                  </b:if>
                </b:if>
              </span>

              <span class='post-timestamp'>
                <b:if cond='data:top.showTimestamp'>
                  <data:top.timestampLabel/>
                  <b:if cond='data:post.url'>
                    <meta expr:content='data:post.canonicalUrl' itemprop='url'/>
                    <a class='timestamp-link' expr:href='data:post.url' rel='bookmark' title='permanent link'><abbr class='published' expr:title='data:post.timestampISO8601' itemprop='datePublished'><data:post.timestamp/></abbr></a>
                  </b:if>
                </b:if>
              </span>

              <span class='post-comment-link'>
                <b:if cond='data:blog.pageType != &quot;item&quot;'>
                  <b:if cond='data:blog.pageType != &quot;static_page&quot;'>
                    <b:if cond='data:post.allowComments'>
                      <b:include data='post' name='comment_count_picker'/>
                    </b:if>
                  </b:if>
                </b:if>
              </span>
            </div>

            <div class='post-footer-line post-footer-line-2'>
              <b:if cond='data:top.showMobileShare'>
                <div class='mobile-link-button goog-inline-block' id='mobile-share-button'>
                  <a href='javascript:void(0);'><data:shareMsg/></a>
                </div>
              </b:if>
              <b:if cond='data:top.showDummy'>
                <div class='goog-inline-block dummy-container'><data:post.dummyTag/></div>
              </b:if>
            </div>

          </div>
        </div>

        <b:if cond='data:blog.pageType == &quot;static_page&quot;'>
          <b:include data='post' name='comment_picker'/>
        </b:if>
        <b:if cond='data:blog.pageType == &quot;item&quot;'>
          <b:include data='post' name='comment_picker'/>
        </b:if>
      </div>
    </div>
  </div>
</b:includable>
              <b:includable id='nextprev'>
  <div class='blog-pager' id='blog-pager'>
    <b:if cond='data:newerPageUrl'>
      <span id='blog-pager-newer-link'>
      <a class='blog-pager-newer-link' expr:href='data:newerPageUrl' expr:id='data:widget.instanceId + &quot;_blog-pager-newer-link&quot;' expr:title='data:newerPageTitle'><data:newerPageTitle/></a>
      </span>
    </b:if>

    <b:if cond='data:olderPageUrl'>
      <span id='blog-pager-older-link'>
      <a class='blog-pager-older-link' expr:href='data:olderPageUrl' expr:id='data:widget.instanceId + &quot;_blog-pager-older-link&quot;' expr:title='data:olderPageTitle'><data:olderPageTitle/></a>
      </span>
    </b:if>

    <a class='home-link' expr:href='data:blog.homepageUrl'><data:homeMsg/></a>

    <b:if cond='data:mobileLinkUrl'>
      <div class='blog-mobile-link'>
        <a expr:href='data:mobileLinkUrl'><data:mobileLinkMsg/></a>
      </div>
    </b:if>

  </div>
  <div class='clear'/>
</b:includable>
              <b:includable id='page-navi'>
<div class='pagenavi'>
<script type='text/javascript'>
var pageNaviConf = {
perPage: 7,numPages: 5,firstText: &quot;First&quot;,
lastText: &quot;Last&quot;,
nextText: &quot;&#187;&quot;,
prevText: &quot;&#171;&quot;
}
</script>
<script src='http://awesome-navigation.googlecode.com/files/onlinetrick.js' type='text/javascript'/>
<div class='clear'/>
</div>
</b:includable>
              <b:includable id='post' var='post'>
  <div class='post hentry' itemprop='blogPost' itemscope='itemscope' itemtype='http://schema.org/BlogPosting'>
    <b:if cond='data:post.firstImageUrl'>
      <meta expr:content='data:post.firstImageUrl' itemprop='image_url'/>
    </b:if>
    <meta expr:content='data:blog.blogId' itemprop='blogId'/>
    <meta expr:content='data:post.id' itemprop='postId'/>

    <a expr:name='data:post.id'/>
    <b:if cond='data:post.title'>
      <h3 class='post-title entry-title' itemprop='name'>
      <b:if cond='data:post.link'>
        <a expr:href='data:post.link'><data:post.title/></a>
      <b:else/>
        <b:if cond='data:post.url'>
          <b:if cond='data:blog.url != data:post.url'>
            <a expr:href='data:post.url'><data:post.title/></a>
          <b:else/>
            <data:post.title/>
          </b:if>
        <b:else/>
          <data:post.title/>
        </b:if>
      </b:if>
      </h3>
    </b:if>

    <div class='post-header'>
    <div class='post-header-line-1'/>
    </div>
    <b:if cond='data:blog.pageType == &quot;item&quot;'><br/>
      <span class='ouchmode redone'>Couch Mode</span><span class='ouchmode blackone'><a href='javascript:window.print()' rel='nofollow' style='color:white;text-decoration:none;'>Print It</a></span><br/><br/>
</b:if>
    <b:if cond='data:blog.metaDescription == &quot;&quot;'>
      <!-- Then use the post body as the schema.org description,
          for good G+/FB snippeting. -->
      <div class='post-body entry-content' expr:id='&quot;post-body-&quot; + data:post.id' itemprop='description articleBody'>
<b:if cond='data:blog.pageType == &quot;item&quot;'>
<data:post.body/>
<b:else/>
<b:if cond='data:blog.pageType == &quot;static_page&quot;'>
<data:post.body/>
<b:else/>
<div expr:id='&quot;summary&quot; + data:post.id'>
<data:post.body/>
</div>
<script type='text/javascript'>
createSummaryAndThumb(&quot;summary<data:post.id/>&quot;);
</script>
<div style='clear: both;'/>
<span class='rmlink' style='font-weight:bold;padding:5px;float:right;text-align:right;'><a expr:href='data:post.url'>Read More</a></span>
</b:if>
</b:if>
        <div style='clear: both;'/> <!-- clear for photos floats -->
      </div>
    <b:else/>
      <div class='post-body entry-content' expr:id='&quot;post-body-&quot; + data:post.id' itemprop='articleBody'>
<b:if cond='data:blog.pageType == &quot;item&quot;'>
<data:post.body/>
<b:else/>
<b:if cond='data:blog.pageType == &quot;static_page&quot;'>
<data:post.body/>
<b:else/>
<div expr:id='&quot;summary&quot; + data:post.id'>
<data:post.body/>
</div>
<script type='text/javascript'>
createSummaryAndThumb(&quot;summary<data:post.id/>&quot;);
</script>
<div style='clear: both;'/>
<span class='rmlink' style='font-weight:bold;padding:5px;float:right;text-align:right;'><a expr:href='data:post.url'>Read More</a></span>
</b:if>
</b:if>
        <div style='clear: both;'/> <!-- clear for photos floats -->
      </div>
    </b:if>

    <b:if cond='data:post.hasJumpLink'>
      <div class='jump-link'>
        <a expr:href='data:post.url + &quot;#more&quot;' expr:title='data:post.title'><data:post.jumpText/></a>
      </div>
    </b:if>

    <div class='post-footer'>
    <div class='post-footer-line post-footer-line-1'><span class='post-author vcard'>
        <b:if cond='data:top.showAuthor'>
          <data:top.authorLabel/>
            <b:if cond='data:post.authorProfileUrl'>
              <span class='fn' itemprop='author' itemscope='itemscope' itemtype='http://schema.org/Person'>
                <meta expr:content='data:post.authorProfileUrl' itemprop='url'/>
                <a class='g-profile' expr:href='data:post.authorProfileUrl' rel='author' title='author profile'>
                  <span itemprop='name'><data:post.author/></span>
                </a>
              </span>
            <b:else/>
              <span class='fn' itemprop='author' itemscope='itemscope' itemtype='http://schema.org/Person'>
                <span itemprop='name'><data:post.author/></span>
              </span>
            </b:if>
        </b:if>
      </span> <span class='post-timestamp'>
        <b:if cond='data:top.showTimestamp'>
          <data:top.timestampLabel/>
        <b:if cond='data:post.url'>
          <meta expr:content='data:post.canonicalUrl' itemprop='url'/>
          <a class='timestamp-link' expr:href='data:post.url' rel='bookmark' title='permanent link'><abbr class='published' expr:title='data:post.timestampISO8601' itemprop='datePublished'><data:post.timestamp/></abbr></a>
        </b:if>
        </b:if>
      </span> <span class='post-comment-link'>
        <b:if cond='data:blog.pageType != &quot;item&quot;'>
          <b:if cond='data:blog.pageType != &quot;static_page&quot;'>
            <b:if cond='data:post.allowComments'>
              <b:include data='post' name='comment_count_picker'/>
            </b:if>
          </b:if>
        </b:if>
      </span> <span class='post-icons'>
        <!-- email post links -->
        <b:if cond='data:post.emailPostUrl'>
          <span class='item-action'>
          <a expr:href='data:post.emailPostUrl' expr:title='data:top.emailPostMsg'>
              <img alt='' class='icon-action' height='13' src='http://img1.blogblog.com/img/icon18_email.gif' width='18'/>
          </a>
          </span>
        </b:if>

        <!-- quickedit pencil -->
        <b:include data='post' name='postQuickEdit'/>
      </span> <div class='post-share-buttons goog-inline-block'>
        <b:if cond='data:post.sharePostUrl'>
          <b:include data='post' name='shareButtons'/>
        </b:if>
      </div> </div>

      <div class='post-footer-line post-footer-line-2'><span class='post-labels'>
        <b:if cond='data:post.labels'>
          <data:postLabelsLabel/>
          <b:loop values='data:post.labels' var='label'>
            <a expr:href='data:label.url' rel='tag'><data:label.name/></a><b:if cond='data:label.isLast != &quot;true&quot;'>,</b:if>
          </b:loop>
        </b:if>
      </span> </div>

      <div class='post-footer-line post-footer-line-3'><span class='post-location'>
        <b:if cond='data:top.showLocation'>
          <b:if cond='data:post.location'>
            <data:postLocationLabel/>
            <a expr:href='data:post.location.mapsUrl' target='_blank'><data:post.location.name/></a>
          </b:if>
        </b:if>
      </span> </div>
      <b:if cond='data:post.authorAboutMe'>
        <div class='author-profile' itemprop='author' itemscope='itemscope' itemtype='http://schema.org/Person'>
          <b:if cond='data:post.authorPhoto.url'>
            <img expr:src='data:post.authorPhoto.url' itemprop='image' width='50px'/>
          </b:if>
          <div>
            <a class='g-profile' expr:href='data:post.authorProfileUrl' itemprop='url' rel='author' title='author profile'>
              <span itemprop='name'><data:post.author/></span>
            </a>
          </div>
          <span itemprop='description'><data:post.authorAboutMe/></span>
        </div>
      </b:if>
    </div>
  </div>
<b:if cond='data:blog.pageType == &quot;item&quot;'>
<div id='related-posts'>
<b:loop values='data:post.labels' var='label'>
<b:if cond='data:label.isLast != &quot;true&quot;'>
</b:if>
<script expr:src='&quot;/feeds/posts/default/-/&quot; + data:label.name + &quot;?alt=json-in-script&amp;callback=related_results_labels_thumbs&amp;max-results=6&quot;' type='text/javascript'/></b:loop>
<script type='text/javascript'>
removeRelatedDuplicates_thumbs();
printRelatedLabels_thumbs(&quot;<data:post.url/>&quot;);
</script>
</div><div style='clear:both'/>
<!-- remove --></b:if>
<b:if cond='data:blog.url == data:blog.homepageUrl'><b:if cond='data:post.isFirstPost'>
</b:if></b:if><br/>
<b:if cond='data:blog.pageType == &quot;item&quot;'>
<div class='breakline'/>  
<div class='smileytogl'>Click Here For Smileys :D</div>
<div id='emo-box'>
   
  <div class='item'><img src='https://dl.dropboxusercontent.com/u/80436322/emotions/emoticons/face-grin.png'/><div class='text'>:D</div></div>
  <div class='item'><img src='https://dl.dropboxusercontent.com/u/80436322/emotions/emoticons/face-smile.png'/><div class='text'>:)</div></div>
  <div class='item'><img src='https://dl.dropboxusercontent.com/u/80436322/emotions/emoticons/face-sad.png'/><div class='text'>:[</div></div>
  <div class='item'><img src='https://dl.dropboxusercontent.com/u/80436322/emotions/emoticons/face-wink.png'/><div class='text'>;)</div></div>               
  <div class='item'><img src='https://dl.dropboxusercontent.com/u/80436322/emotions/emoticons/face-grin.png'/><div class='text'>:D</div></div>                        
  <div class='item'><img src='https://dl.dropboxusercontent.com/u/80436322/emotions/emoticons/face-surprise.png'/><div class='text'>:O</div></div>
  <div class='item'><img src='https://dl.dropboxusercontent.com/u/80436322/emotions/emoticons/face-devilish.png'/><div class='text'>(6)</div></div>                               
  <div class='item'><img src='https://dl.dropboxusercontent.com/u/80436322/emotions/emoticons/face-angel.png'/><div class='text'>(A)</div></div>                                         
  <div class='item'><img src='https://dl.dropboxusercontent.com/u/80436322/emotions/emoticons/face-crying.png'/><div class='text'>:&#39;(</div></div>                                            
  <div class='item'><img src='https://dl.dropboxusercontent.com/u/80436322/emotions/emoticons/face-plain.png'/><div class='text'>:|</div></div>                                             
  <div class='item'><img src='https://dl.dropboxusercontent.com/u/80436322/emotions/emoticons/face-smile-big.png'/><div class='text'>:o)</div></div>                                                                                                 
  <div class='item'><img src='https://dl.dropboxusercontent.com/u/80436322/emotions/emoticons/face-glasses.png'/><div class='text'>8)</div></div>                                                  
  <div class='item'><img src='https://dl.dropboxusercontent.com/u/80436322/emotions/emoticons/face-kiss.png'/><div class='text'>(K)</div></div>
    <div class='item'><img src='https://dl.dropboxusercontent.com/u/80436322/emotions/emoticons/face-monkey.png'/><div class='text'>(M)</div></div>
  </div>
                </b:if><br/>
</b:includable>
              <b:includable id='postQuickEdit' var='post'>
  <b:if cond='data:post.editUrl'>
    <span expr:class='&quot;item-control &quot; + data:post.adminClass'>
      <a expr:href='data:post.editUrl' expr:title='data:top.editPostMsg'>
        <img alt='' class='icon-action' height='18' src='http://img2.blogblog.com/img/icon18_edit_allbkg.gif' width='18'/>
      </a>
    </span>
  </b:if>
</b:includable>
              <b:includable id='shareButtons' var='post'>
  <b:if cond='data:top.showEmailButton'><a class='goog-inline-block share-button sb-email' expr:href='data:post.sharePostUrl + &quot;&amp;target=email&quot;' expr:title='data:top.emailThisMsg' target='_blank'><span class='share-button-link-text'><data:top.emailThisMsg/></span></a></b:if><b:if cond='data:top.showBlogThisButton'><a class='goog-inline-block share-button sb-blog' expr:href='data:post.sharePostUrl + &quot;&amp;target=blog&quot;' expr:onclick='&quot;window.open(this.href, \&quot;_blank\&quot;, \&quot;height=270,width=475\&quot;); return false;&quot;' expr:title='data:top.blogThisMsg' target='_blank'><span class='share-button-link-text'><data:top.blogThisMsg/></span></a></b:if><b:if cond='data:top.showTwitterButton'><a class='goog-inline-block share-button sb-twitter' expr:href='data:post.sharePostUrl + &quot;&amp;target=twitter&quot;' expr:title='data:top.shareToTwitterMsg' target='_blank'><span class='share-button-link-text'><data:top.shareToTwitterMsg/></span></a></b:if><b:if cond='data:top.showFacebookButton'><a class='goog-inline-block share-button sb-facebook' expr:href='data:post.sharePostUrl + &quot;&amp;target=facebook&quot;' expr:onclick='&quot;window.open(this.href, \&quot;_blank\&quot;, \&quot;height=430,width=640\&quot;); return false;&quot;' expr:title='data:top.shareToFacebookMsg' target='_blank'><span class='share-button-link-text'><data:top.shareToFacebookMsg/></span></a></b:if><b:if cond='data:top.showOrkutButton'><a class='goog-inline-block share-button sb-orkut' expr:href='data:post.sharePostUrl + &quot;&amp;target=orkut&quot;' expr:title='data:top.shareToOrkutMsg' target='_blank'><span class='share-button-link-text'><data:top.shareToOrkutMsg/></span></a></b:if><b:if cond='data:top.showDummy'><div class='goog-inline-block dummy-container'><data:post.dummyTag/></div></b:if>
</b:includable>
              <b:includable id='status-message'>
  <b:if cond='data:navMessage'>
  <div class='status-msg-wrap'>
    <div class='status-msg-body'>
      <data:navMessage/>
    </div>
    <div class='status-msg-border'>
      <div class='status-msg-bg'>
        <div class='status-msg-hidden'><data:navMessage/></div>
      </div>
    </div>
  </div>
  <div style='clear: both;'/>
  </b:if>
</b:includable>
              <b:includable id='threaded-comment-form' var='post'>
  <div class='comment-form'>
    <a name='comment-form'/>
    <b:if cond='data:mobile'>
      <p><data:blogCommentMessage/></p>
      <data:blogTeamBlogMessage/>
      <a expr:href='data:post.commentFormIframeSrc' id='comment-editor-src'/>
      <iframe allowtransparency='true' class='blogger-iframe-colorize blogger-comment-from-post' frameborder='0' height='410' id='comment-editor' name='comment-editor' src='' style='display: none' width='100%'/>
    <b:else/>
      <p><data:blogCommentMessage/></p>
      <data:blogTeamBlogMessage/>
      <a expr:href='data:post.commentFormIframeSrc' id='comment-editor-src'/>
      <iframe allowtransparency='true' class='blogger-iframe-colorize blogger-comment-from-post' frameborder='0' height='410' id='comment-editor' name='comment-editor' src='' width='100%'/>
    </b:if>
    <data:post.friendConnectJs/>
    <data:post.cmtfpIframe/>
    <script type='text/javascript'>
      BLOG_CMT_createIframe(&#39;<data:post.appRpcRelayPath/>&#39;, &#39;<data:post.communityId/>&#39;);
    </script>
  </div>
</b:includable>
              <b:includable id='threaded_comment_js' var='post'>
  <script async='async' expr:src='data:post.commentSrc' type='text/javascript'/>

  <script type='text/javascript'>
    (function() {
      var items = <data:post.commentJso/>;
      var msgs = <data:post.commentMsgs/>;
      var config = <data:post.commentConfig/>;

// <![CDATA[
      var cursor = null;
      if (items && items.length > 0) {
        cursor = parseInt(items[items.length - 1].timestamp) + 1;
      }

      var bodyFromEntry = function(entry) {
        if (entry.gd$extendedProperty) {
          for (var k in entry.gd$extendedProperty) {
            if (entry.gd$extendedProperty[k].name == 'blogger.contentRemoved') {
              return '<span class="deleted-comment">' + entry.content.$t + '</span>';
            }
          }
        }
        return entry.content.$t;
      }

      var parse = function(data) {
        cursor = null;
        var comments = [];
        if (data && data.feed && data.feed.entry) {
          for (var i = 0, entry; entry = data.feed.entry[i]; i++) {
            var comment = {};
            // comment ID, parsed out of the original id format
            var id = /blog-(\d+).post-(\d+)/.exec(entry.id.$t);
            comment.id = id ? id[2] : null;
            comment.body = bodyFromEntry(entry);
            comment.timestamp = Date.parse(entry.published.$t) + '';
            if (entry.author && entry.author.constructor === Array) {
              var auth = entry.author[0];
              if (auth) {
                comment.author = {
                  name: (auth.name ? auth.name.$t : undefined),
                  profileUrl: (auth.uri ? auth.uri.$t : undefined),
                  avatarUrl: (auth.gd$image ? auth.gd$image.src : undefined)
                };
              }
            }
            if (entry.link) {
              if (entry.link[2]) {
                comment.link = comment.permalink = entry.link[2].href;
              }
              if (entry.link[3]) {
                var pid = /.*comments\/default\/(\d+)\?.*/.exec(entry.link[3].href);
                if (pid && pid[1]) {
                  comment.parentId = pid[1];
                }
              }
            }
            comment.deleteclass = 'item-control blog-admin';
            if (entry.gd$extendedProperty) {
              for (var k in entry.gd$extendedProperty) {
                if (entry.gd$extendedProperty[k].name == 'blogger.itemClass') {
                  comment.deleteclass += ' ' + entry.gd$extendedProperty[k].value;
                } else if (entry.gd$extendedProperty[k].name == 'blogger.displayTime') {
                  comment.displayTime = entry.gd$extendedProperty[k].value;
                }
              }
            }
            comments.push(comment);
          }
        }
        return comments;
      };

      var paginator = function(callback) {
        if (hasMore()) {
          var url = config.feed + '?alt=json&v=2&orderby=published&reverse=false&max-results=50';
          if (cursor) {
            url += '&published-min=' + new Date(cursor).toISOString();
          }
          window.bloggercomments = function(data) {
            var parsed = parse(data);
            cursor = parsed.length < 50 ? null
                : parseInt(parsed[parsed.length - 1].timestamp) + 1
            callback(parsed);
            window.bloggercomments = null;
          }
          url += '&callback=bloggercomments';
          var script = document.createElement('script');
          script.type = 'text/javascript';
          script.src = url;
          document.getElementsByTagName('head')[0].appendChild(script);
        }
      };
      var hasMore = function() {
        return !!cursor;
      };
      var getMeta = function(key, comment) {
        if ('iswriter' == key) {
          var matches = !!comment.author
              && comment.author.name == config.authorName
              && comment.author.profileUrl == config.authorUrl;
          return matches ? 'true' : '';
        } else if ('deletelink' == key) {
          return config.baseUri + '/delete-comment.g?blogID='
               + config.blogId + '&postID=' + comment.id;
        } else if ('deleteclass' == key) {
          return comment.deleteclass;
        }
        return '';
      };

      var replybox = null;
      var replyUrlParts = null;
      var replyParent = undefined;

      var onReply = function(commentId, domId) {
        if (replybox == null) {
          // lazily cache replybox, and adjust to suit this style:
          replybox = document.getElementById('comment-editor');
          if (replybox != null) {
            replybox.height = '250px';
            replybox.style.display = 'block';
            replyUrlParts = replybox.src.split('#');
          }
        }
        if (replybox && (commentId !== replyParent)) {
          document.getElementById(domId).insertBefore(replybox, null);
          replybox.src = replyUrlParts[0]
              + (commentId ? '&parentID=' + commentId : '')
              + '#' + replyUrlParts[1];
          replyParent = commentId;
        }
      };

      var hash = (window.location.hash || '#').substring(1);
      var startThread, targetComment;
      if (/^comment-form_/.test(hash)) {
        startThread = hash.substring('comment-form_'.length);
      } else if (/^c[0-9]+$/.test(hash)) {
        targetComment = hash.substring(1);
      }

      // Configure commenting API:
      var configJso = {
        'maxDepth': config.maxThreadDepth
      };
      var provider = {
        'id': config.postId,
        'data': items,
        'loadNext': paginator,
        'hasMore': hasMore,
        'getMeta': getMeta,
        'onReply': onReply,
        'rendered': true,
        'initComment': targetComment,
        'initReplyThread': startThread,
        'config': configJso,
        'messages': msgs
      };

      var render = function() {
        if (window.goog && window.goog.comments) {
          var holder = document.getElementById('comment-holder');
          window.goog.comments.render(holder, provider);
        }
      };

      // render now, or queue to render when library loads:
      if (window.goog && window.goog.comments) {
        render();
      } else {
        window.goog = window.goog || {};
        window.goog.comments = window.goog.comments || {};
        window.goog.comments.loadQueue = window.goog.comments.loadQueue || [];
        window.goog.comments.loadQueue.push(render);
      }
    })();
// ]]>
  </script>
</b:includable>
              <b:includable id='threaded_comments' var='post'>
  <div class='comments' id='comments'>
    <a name='comments'/>
    <h4><data:post.commentLabelFull/>:</h4>

    <div class='comments-content'>
      <b:if cond='data:post.embedCommentForm'>
        <b:include data='post' name='threaded_comment_js'/>
      </b:if>
      <div id='comment-holder'>
         <data:post.commentHtml/>
      </div>
    </div>

    <p class='comment-footer'>
      <b:if cond='data:post.allowNewComments'>
        <b:include data='post' name='threaded-comment-form'/>
      <b:else/>
        <data:post.noNewCommentsText/>
      </b:if>
    </p>

    <b:if cond='data:showCmtPopup'>
      <div id='comment-popup'>
        <iframe allowtransparency='true' frameborder='0' id='comment-actions' name='comment-actions' scrolling='no'>
        </iframe>
      </div>
    </b:if>

    <div id='backlinks-container'>
    <div expr:id='data:widget.instanceId + &quot;_backlinks-container&quot;'>
       <b:if cond='data:post.showBacklinks'>
         <b:include data='post' name='backlinks'/>
       </b:if>
    </div>
    </div>
  </div>
</b:includable>
            </b:widget>
          </b:section>
        </div>
        </div>

        <div class='column-left-outer'>
        <div class='column-left-inner'>
          <aside>
          <macro:include id='main-column-left-sections' name='sections'>
            <macro:param default='0' name='num' value='0'/>
            <macro:param default='sidebar-left' name='idPrefix'/>
            <macro:param default='sidebar' name='class'/>
            <macro:param default='true' name='includeBottom'/>
          </macro:include>
          </aside>
        </div>
        </div>

        <div class='column-right-outer'>
        <div class='column-right-inner'>
          <aside>
          <macro:include id='main-column-right-sections' name='sections'>
            <macro:param default='2' name='num' value='1'/>
            <macro:param default='sidebar-right' name='idPrefix'/>
            <macro:param default='sidebar' name='class'/>
            <macro:param default='true' name='includeBottom'/>
          </macro:include>
          </aside>
        </div>
        </div>

        </div>

        <div style='clear: both'/>
      <!-- columns -->
      </div>

    <!-- main -->
    </div>
    </div>
    <div class='main-cap-bottom cap-bottom'>
      <div class='cap-left'/>
      <div class='cap-right'/>
    </div>
    </div>

    <footer>
    <div class='footer-outer'>
    <div class='footer-cap-top cap-top'>
      <div class='cap-left'/>
      <div class='cap-right'/>
    </div>
    <div class='fauxborder-left footer-fauxborder-left'>
    <div class='fauxborder-right footer-fauxborder-right'/>
    <div class='region-inner footer-inner'>
      <macro:include id='footer-sections' name='sections'>
        <macro:param default='2' name='num'/>
        <macro:param default='footer' name='idPrefix'/>
        <macro:param default='foot' name='class'/>
        <macro:param default='false' name='includeBottom'/>
      </macro:include>
      <!-- outside of the include in order to lock Attribution widget -->
      <b:section class='foot' id='footer-3' showaddelement='no'>
        <b:widget id='Attribution1' locked='true' title='' type='Attribution'>
          <b:includable id='main'>
    <b:if cond='data:feedbackSurveyLink'>
      <div class='mobile-survey-link' style='text-align: center;'>
        <data:feedbackSurveyLink/>
      </div>
    </b:if>

    <div class='widget-content' style='text-align: center;'>
      <b:if cond='data:attribution != &quot;&quot;'>
       <data:attribution/>
      </b:if>
    </div>

    <b:include name='quickedit'/>
  </b:includable>
        </b:widget>
      </b:section>
    </div>
    </div>
    <div class='footer-cap-bottom cap-bottom'>
      <div class='cap-left'/>
      <div class='cap-right'/>
    </div>
    </div>

<div class='impfooterlink'>
  <center>   Designed By <a href='http://www.seobloggertemplates.com/' id='importantlinks'> Seo Blogger Templates</a> Published..<a href='http://gooyaabitemplates.com/' id='importantlinks'> Blogger Templates </a> </center>
</div>

    </footer>

  <!-- content -->
  </div>
  </div>
  <div class='content-cap-bottom cap-bottom'>
    <div class='cap-left'/>
    <div class='cap-right'/>
  </div>
  </div>
  </div>

  <script type='text/javascript'>
    window.setTimeout(function() {
        document.body.className = document.body.className.replace(&#39;loading&#39;, &#39;&#39;);
      }, 10);
  </script>

</body>

<macro:includable id='sections' var='col'>
  <macro:if cond='data:col.num == 0'>
  <macro:else/>
    <b:section mexpr:class='data:col.class' mexpr:id='data:col.idPrefix + &quot;-1&quot;' preferred='yes' showaddelement='yes'/>

    <macro:if cond='data:col.num &gt;= 2'>
      <table border='0' cellpadding='0' cellspacing='0' mexpr:class='&quot;section-columns columns-&quot; + data:col.num'>
      <tbody>
      <tr>
        <td class='first columns-cell'>
          <b:section mexpr:class='data:col.class' mexpr:id='data:col.idPrefix + &quot;-2-1&quot;'/>
        </td>

        <td class='columns-cell'>
          <b:section mexpr:class='data:col.class' mexpr:id='data:col.idPrefix + &quot;-2-2&quot;'/>
        </td>

        <macro:if cond='data:col.num &gt;= 3'>
          <td class='columns-cell'>
            <b:section mexpr:class='data:col.class' mexpr:id='data:col.idPrefix + &quot;-2-3&quot;'/>
          </td>
        </macro:if>

        <macro:if cond='data:col.num &gt;= 4'>
          <td class='columns-cell'>
            <b:section mexpr:class='data:col.class' mexpr:id='data:col.idPrefix + &quot;-2-4&quot;'/>
          </td>
        </macro:if>
      </tr>
      </tbody>
      </table>

      <macro:if cond='data:col.includeBottom'>
        <b:section mexpr:class='data:col.class' mexpr:id='data:col.idPrefix + &quot;-3&quot;' showaddelement='no'/>
      </macro:if>
    </macro:if>
  </macro:if>
</macro:includable>

<b:section-contents id='sidebar-right-1'>
  <b:widget id='HTML1' locked='false' title='Search' type='HTML'>
    <b:includable id='main'>
  <!-- only display title if it's non-empty -->
  <b:if cond='data:title != &quot;&quot;'>
    <h2 class='title'><data:title/></h2>
  </b:if>
  <div class='widget-content'>
    <data:content/>
  </div>

  <b:include name='quickedit'/>
</b:includable>
  </b:widget>
  <b:widget id='PopularPosts1' locked='false' title='Popular Posts' type='PopularPosts'>
    <b:includable id='main'>
  <b:if cond='data:title'><h2><data:title/></h2></b:if>
  <div class='widget-content popular-posts'>
    <ul>
      <b:loop values='data:posts' var='post'>
      <li>
        <b:if cond='data:showThumbnails == &quot;false&quot;'>
          <b:if cond='data:showSnippets == &quot;false&quot;'>
            <!-- (1) No snippet/thumbnail -->
            <a expr:href='data:post.href'><data:post.title/></a>
          <b:else/>
            <!-- (2) Show only snippets -->
            <div class='item-title'><a expr:href='data:post.href'><data:post.title/></a></div>
            <div class='item-snippet'><data:post.snippet/></div>
          </b:if>
        <b:else/>
          <b:if cond='data:showSnippets == &quot;false&quot;'>
            <!-- (3) Show only thumbnails -->
            <div class='item-thumbnail-only'>
              <b:if cond='data:post.thumbnail'>
                <div class='item-thumbnail'>
                  <a expr:href='data:post.href' target='_blank'>
                    <img alt='' border='0' expr:height='data:thumbnailSize' expr:src='data:post.thumbnail' expr:width='data:thumbnailSize'/>
                  </a>
                </div>
              </b:if>
              <div class='item-title'><a expr:href='data:post.href'><data:post.title/></a></div>
            </div>
            <div style='clear: both;'/>
          <b:else/>
            <!-- (4) Show snippets and thumbnails -->
            <div class='item-content'>
              <b:if cond='data:post.thumbnail'>
                <div class='item-thumbnail'>
                  <a expr:href='data:post.href' target='_blank'>
                    <img alt='' border='0' expr:height='data:thumbnailSize' expr:src='data:post.thumbnail' expr:width='data:thumbnailSize'/>
                  </a>
                </div>
              </b:if>
              <div class='item-title'><a expr:href='data:post.href'><data:post.title/></a></div>
              <div class='item-snippet'><data:post.snippet/></div>
            </div>
            <div style='clear: both;'/>
          </b:if>
        </b:if>
      </li>
      </b:loop>
    </ul>
    <b:include name='quickedit'/>
  </div>
</b:includable>
  </b:widget>
  <b:widget id='Label1' locked='false' title='Labels' type='Label'>
    <b:includable id='main'>
  <b:if cond='data:title'>
    <h2><data:title/></h2>
  </b:if>
  <div expr:class='&quot;widget-content &quot; + data:display + &quot;-label-widget-content&quot;'>
    <b:if cond='data:display == &quot;list&quot;'>
      <ul>
      <b:loop values='data:labels' var='label'>
        <li>
          <b:if cond='data:blog.url == data:label.url'>
            <span expr:dir='data:blog.languageDirection'><data:label.name/></span>
          <b:else/>
            <a expr:dir='data:blog.languageDirection' expr:href='data:label.url'><data:label.name/></a>
          </b:if>
          <b:if cond='data:showFreqNumbers'>
            <span dir='ltr'>(<data:label.count/>)</span>
          </b:if>
        </li>
      </b:loop>
      </ul>
    <b:else/>
      <b:loop values='data:labels' var='label'>
        <span expr:class='&quot;label-size label-size-&quot; + data:label.cssSize'>
          <b:if cond='data:blog.url == data:label.url'>
            <span expr:dir='data:blog.languageDirection'><data:label.name/></span>
          <b:else/>
            <a expr:dir='data:blog.languageDirection' expr:href='data:label.url'><data:label.name/></a>
          </b:if>
          <b:if cond='data:showFreqNumbers'>
            <span class='label-count' dir='ltr'>(<data:label.count/>)</span>
          </b:if>
        </span>
      </b:loop>
    </b:if>
    <b:include name='quickedit'/>
  </div>
</b:includable>
  </b:widget>
</b:section-contents><b:section-contents id='footer-1'/><b:section-contents id='footer-2-1'/><b:section-contents id='footer-2-2'/></html>