<?xml version="1.0" encoding="UTF-8" ?>
<!DOCTYPE html PUBLIC "-//W3C//DTD XHTML 1.0 Strict//EN" "http://www.w3.org/TR/xhtml1/DTD/xhtml1-strict.dtd">
<html expr:dir='data:blog.languageDirection' xmlns='http://www.w3.org/1999/xhtml' xmlns:b='http://www.google.com/2005/gml/b' xmlns:data='http://www.google.com/2005/gml/data' xmlns:expr='http://www.google.com/2005/gml/expr'>
  <head>
    <b:include data='blog' name='all-head-content'/>
    <b:if cond='data:blog.pageType == &quot;index&quot;'>
    <title><data:blog.pageTitle/></title>
    <b:else/>
    <title><data:blog.pageName/> - <data:blog.title/></title>
    </b:if>
<meta content='type your description here' name='description'/>
<meta content='type your keyword here' name='keywords'/>
<meta content='INDEX, FOLLOW' name='ROBOTS'/> 
<meta content='Johny Template' name='author'/>
    <b:skin><![CDATA[/*
-----------------------------------------------
Blogger Template Style
Name    : Johny Portal
Author  : Creating Website
Url     : http://creatingwebsite-maskolis.blogspot.com
Updated by: Blogger Team
----------------------------------------------- */

/* Variable definitions
   ====================
   <Variable name="bgcolor" description="Page Background Color"
             type="color" default="#fff" value="#eeeeee">
   <Variable name="textcolor" description="Text Color"
             type="color" default="#333" value="#4b4b4b">
   <Variable name="linkcolor" description="Link Color"
             type="color" default="#58a" value="#357798">
   <Variable name="pagetitlecolor" description="Blog Title Color"
             type="color" default="#666" value="#333333">
   <Variable name="descriptioncolor" description="Blog Description Color"
             type="color" default="#999" value="#666666">
   <Variable name="titlecolor" description="Post Title Color"
             type="color" default="#c60" value="#000000">
   <Variable name="bordercolor" description="Border Color"
             type="color" default="#ccc" value="#dcd9d9">
   <Variable name="sidebarcolor" description="Sidebar Title Color"
             type="color" default="#999" value="#333333">
   <Variable name="sidebartextcolor" description="Sidebar Text Color"
             type="color" default="#666" value="#666666">
   <Variable name="visitedlinkcolor" description="Visited Link Color"
             type="color" default="#999" value="#357798">
   <Variable name="bodyfont" description="Text Font"
             type="font" default="normal normal 100% Georgia, Serif" value="normal normal 12px Arial, Tahoma, Helvetica, FreeSans, sans-serif">
   <Variable name="headerfont" description="Sidebar Title Font"
             type="font"
             default="normal normal 78% 'Trebuchet MS',Trebuchet,Arial,Verdana,Sans-serif" value="normal bold 14px Arial, Tahoma, Helvetica, FreeSans, sans-serif">
   <Variable name="pagetitlefont" description="Blog Title Font"
             type="font"
             default="normal normal 200% Georgia, Serif" value="normal normal 26px Georgia, Serif">
   <Variable name="descriptionfont" description="Blog Description Font"
             type="font"
             default="normal normal 78% 'Trebuchet MS', Trebuchet, Arial, Verdana, Sans-serif" value="normal normal 12px Lucida Sans, Tahoma, Helvetica, FreeSans, sans-serif">
   <Variable name="postfooterfont" description="Post Footer Font"
             type="font"
             default="normal normal 78% 'Trebuchet MS', Trebuchet, Arial, Verdana, Sans-serif" value="normal normal 12px Arial, Tahoma, Helvetica, FreeSans, sans-serif">
   <Variable name="startSide" description="Side where text starts in blog language"
             type="automatic" default="left" value="left">
   <Variable name="endSide" description="Side where text ends in blog language"
             type="automatic" default="right" value="right">
*/

/* Use this with templates/template-twocol.html */

#navbar-iframe{height:0;visibility:hidden;display:none}
body{background:url(http://1.bp.blogspot.com/-FSs6ZQCGiG0/Tvil-D9-mWI/AAAAAAAAEWE/X_2VXxCYQ08/s1600/body-bg.gif) repeat;color:$textcolor;font:x-small Georgia Serif;font-size:small;text-align:center;margin:0}
a:link{color:$linkcolor;text-decoration:none}
a:visited{color:$visitedlinkcolor;text-decoration:none}
a:hover{color:$titlecolor;text-decoration:underline}
a img{border-width:0}
#header-wrapper{background:url(http://2.bp.blogspot.com/-GcljefCMKJ4/Tv25eibfm5I/AAAAAAAAAKM/pH50viCvhow/s1600/header.jpg) repeat-x;width:960px;border:0 solid $bordercolor;margin:0 auto}
#header-inner{background-position:center;margin-left:auto;margin-right:auto}
#header{float:left;width:460px;border:0 solid $bordercolor;text-align:left;color:$pagetitlecolor;margin:0}
#header2{float:right;width:468px;text-align:left;color:#555;margin:0 auto}
.header .widget,.header2 .widget{margin:0 auto;padding:10px 0}
#header h1{line-height:1.2em;text-transform:uppercase;letter-spacing:.1em;font:$pagetitlefont;margin:0 auto;padding:10px 5px .15em}
#header a{color:$pagetitlecolor;text-decoration:none}
#header a:hover{color:$pagetitlecolor}
#header .description{max-width:100%;text-transform:uppercase;letter-spacing:.01em;line-height:1.2em;font:$descriptionfont;color:$descriptioncolor;margin:0 auto;padding:0 5px 5px}
#header img{margin-startside:auto;margin-endside:auto}
#outer-wrapper{background:#fff;-moz-box-shadow:0 0 10px #000;border:8px solid #e4e4e4;width:950px;text-align:$startSide;font:$bodyfont;margin:15px auto;padding:0 10px 0 0}
#crosscol-wrapper{margin:0 auto;padding:5px}
.crosscol .widget{margin:0 auto;padding:0 0 6px}
#main-wrapper{padding-left:20px;width:590px;float:left;word-wrap:break-word;overflow:hidden}
#sidebar-wrapper{padding-left:10px;width:320px;float:right;word-wrap:break-word;overflow:hidden}
#sidebarright-wrapper{width:180px;float:right;word-wrap:break-word;overflow:hidden}
#mainbottom-wrapper{width:420px;float:left;word-wrap:break-word;overflow:hidden}
h2{font:$headerfont;line-height:1.4em;text-transform:uppercase;letter-spacing:.01em;color:$sidebarcolor;margin:.5em 0 .25em}
h2.date-header{text-transform:none;font:normal 12px Arial;color:#999;line-height:1.2em;margin:.1em 0}
.post{border:1px solid $bordercolor;margin:.1em 0 .5em;padding:10px 15px}
.post h3{font-family:Georgia, Times, Serif;font-size:180%;font-weight:700;line-height:1.2em;color:$titlecolor;margin:.25em 0 0;padding:0 0 4px}
.post h3 a,.post h3 a:visited,.post h3 strong{display:block;text-decoration:none;color:$titlecolor;font-weight:700}
.post h3 strong,.post h3 a:hover{color:$textcolor}
.post-body{border-top:2px solid #bbb;padding-top:6px;line-height:1.4em;font:13px Arial;margin:3.1em 0 .75em}
.post-body blockquote{line-height:1.3em}
.post-footer{color:#666;text-transform:none;letter-spacing:.01em;font:$postfooterfont;line-height:1.4em;margin:.75em 0}
.comment-link{margin-left:.1em}
.post img,table.tr-caption-container{padding-top:4px;border:0 solid #ccc}
.tr-caption-container img{border:none;padding:0}
.post blockquote{background:url(http://1.bp.blogspot.com/_tUdwiyEcqV4/TRik_LhE_kI/AAAAAAAAAbE/f5hwByoQ-As/s1600/quotes.gif) no-repeat top left;font:bold 20px Arial;color:#000;letter-spacing:.001em;line-height:1em;width:240px;float:left;margin:0 15px 10px 0;padding:25px 0 0 50px}
.post blockquote p{margin:.75em 0}
#comments h4{font-weight:700;line-height:1.4em;text-transform:uppercase;letter-spacing:.01em;color:$sidebarcolor;margin:1em 0}
#comments-block{color:#444;line-height:1.4em;margin:1em 0 1.5em}
#comments-block .comment-body{margin:.25em 0 0}
#comments-block .comment-footer{line-height:1.4em;text-transform:none;letter-spacing:.01em;margin:-.25em 0 2em}
#comments-block .comment-body p{margin:0 0 .75em}
.deleted-comment{font-style:italic;color:gray}
#blog-pager-newer-link{float:$startSide}
#blog-pager-older-link{float:$endSide}
#blog-pager{text-align:center}
.feed-links{clear:both;line-height:2.5em}
.main .widget{border-bottom:1px dotted $bordercolor;margin:0 0 1.5em;padding:0 0 1.5em}
.main .Blog{border-bottom-width:0}
.footer h2{font:bold 13px Arial;padding-bottom:5px;border-bottom:2px solid #EAE9E8;line-height:1.3em;text-transform:uppercase;letter-spacing:.01em;color:#EAE9E8}
.footer{color:#EAE9E8;line-height:1.3em;font:normal 13px Arial}
.footer ul{list-style:none;color:#EAE9E8;margin:0;padding:0}
.footer li{background:url(http://2.bp.blogspot.com/_tUdwiyEcqV4/TVHCX_dIPyI/AAAAAAAAAuQ/RiYAdsKOCTg/s1600/arrow_box.GIF) no-repeat 1px 8px;font:normal 13px Arial;color:#EAE9E8;text-indent:0;line-height:1.3em;border-bottom:1px dotted $bordercolor;margin:0;padding:2px 0 3px 12px}
.footer a:link,.footer li a:visited{color:#EAE9E8;text-decoration:none}
.footer li a:hover{color:#F3CC58}
.footer .widget{margin:0 0 8px;padding:6px 0}
.footer .widget-content{padding:0 auto}
.profile-img{float:$startSide;margin-top:0;margin-endside:10px;margin-bottom:5px;margin-startside:0;border:1px solid $bordercolor;padding:4px}
.profile-data{text-transform:uppercase;letter-spacing:.01em;font:bold 13px Arial;color:$sidebarcolor;line-height:1.3em;margin:0}
.profile-textblock{line-height:1.3em;margin:.5em 0}
.profile-link{font:$postfooterfont;text-transform:none;letter-spacing:.01em}
.picfooter{background:url(http://4.bp.blogspot.com/-jsPW43PnFr4/Tv2COaqDJqI/AAAAAAAAAH8/6hGgN8exMbM/s1600/rotator-ul-bg.png) repeat-x;border-bottom:1px solid #A6A6A6;width:960px;margin-startside:auto;margin-endside:auto;border-top:2px solid #000;text-align:center;font:$bodyfont}
#footer-wrapper{width:920px;text-align:left;font:$bodyfont;margin:0 auto;padding:10px}
#footer1-wrapper{width:290px;float:$startSide;word-wrap:break-word;overflow:hidden}
#footer2-wrapper{margin-left:10px;width:300px;float:left;word-wrap:break-word;overflow:hidden;padding:0 10px}
#footer3-wrapper{width:290px;float:$endSide;word-wrap:break-word;overflow:hidden}
.creditpic{background:url(http://3.bp.blogspot.com/-9iQQxXyVjBU/Tv2jLteU_nI/AAAAAAAAAIU/DwmxbB16IU0/s1600/credit-bg.png) repeat-x;border-top:1px solid #000;width:960px;margin:0 auto;padding:0 auto}
.credit{width:940px;line-height:1.6em;text-align:center;font-family:Arial;font-size:12px;color:#e6e5e2;overflow:hidden;clear:both;margin:0 auto;padding:10px 0 15px}
.credit a:link,.credit a:visited{color:#e6e5e2;text-decoration:none}
.credit a:hover{color:#FFC932;text-decoration:none}
#menuwrapper{height:30px;background:url(http://3.bp.blogspot.com/-K8ruhlVtqlg/Tv2pdv8juCI/AAAAAAAAAIs/VLYnsNQ4t0k/s1600/menutop-bar.png) repeat-x;width:960px;overflow:hidden;margin:0 auto;padding:0 auto}
.clearit{clear:both;height:0;line-height:0.0;font-size:0}
#menubar{width:960px;float:left}
#menubar,#menubar ul{list-style:none;font-family:Arial;margin:0;padding:0}
#menubar a{display:block;text-decoration:none;font-size:13px;font-weight:700;color:#fff;padding:7px 12px}
#menubar a.trigger{background-image:url(http://2.bp.blogspot.com/-Sg6Z-_-rejc/TZM8Fxg-y_I/AAAAAAAAAUE/ogW4RcNxx2M/s1600/arrow_white.gif);background-repeat:no-repeat;background-position:right center;padding:7px 24px 7px 10px}
#menubar li{float:left;position:static;width:auto}
#menubar li ul,#menubar ul li{width:120px}
#menubar ul li a{text-align:left;color:#000;font-size:13px;font-weight:400;font-family:Arial;border:none;line-height:1.2em;border-bottom:dotted 1px #999;margin:0 8px;padding:6px 0}
#menubar li ul{border:solid 1px #999;margin-left:-3px;background:#fff;z-index:100;position:absolute;display:none;padding-bottom:12px;box-shadow:0 5px 30px 5px #666;-moz-box-shadow:0 5px 30px 5px #666;-webkit-box-shadow:0 5px 30px 5px #666;filter:progid:DXImageTransform.Microsoft.Shadow(color='#666666',Direction=125,Strength=6);-moz-border-radius-bottomleft:6px;-moz-border-radius-bottomright:6px;-webkit-border-bottom-left-radius:6px;-webkit-border-bottom-right-radius:6px;border-bottom-left-radius:6px;border-bottom-right-radius:6px;border-width:0 2px 2px}
#menubar li:hover a,#menubar a:active,#menubar a:focus,#menubar li.hvr a{background-color:#380B61;color:#fff;text-decoration:none;-moz-transition:color .25s linear;-webkit-transition:color .25s linear;transition:color .25s linear}
#menubar li:hover ul,#menubar li.hvr ul{display:block}
#menubar li:hover ul a,#menubar li.hvr ul a{color:#000;background-color:transparent;text-decoration:none}
#menubar ul a:hover{background-color:transparent!important;color:#000!important;text-decoration:underline!important}
#menubar li.home a,#menubar li.home a:visited{background:none}
#menubar li.nav1 a:hover{background:#099}
#menubar li.nav2 a:hover{background:#DBA901}
#menubar li.nav4 a:hover{background:#610B5E}
#menubar li.nav5 a:hover{background:#48F87D}
#menubar li.nav6 a:hover{background:#0EFAE7}
#menubar li.nav7 a:hover{background:#F8E348}
#menubar li.nav8 a:hover{background:#F548F8}
img.label_thumb{float:left;border:1px solid #8f8f8f;background:#D2D0D0;margin-right:10px;height:60px;width:60px;padding:2px}
img.label_thumb:hover{background:#f7f6f6}
.label_with_thumbs{float:left;width:100%;min-height:70px;margin:0 5px 2px 0}
ul.label_with_thumbs li{min-height:65px;margin:2px 0;padding:4px 0}
.menubottompic{background:url(http://1.bp.blogspot.com/-Bn56Utn6b5g/Tv2LgAhWuWI/AAAAAAAAAII/7uc_u3WOXYs/s1600/bottommenu.png) repeat-x top left;width:960px;height:42px;border-top:8px solid #e4e4e4;border-bottom:1px solid #A6A6A6;margin:0 auto;padding:0 auto}
.menubottom{width:630px;float:left;height:20px;margin:0 auto;padding:14px 0}
.menubottom ul{padding-left:0;color:#fff;list-style-type:none;font:bold 12px Arial,sans-serif;text-shadow:0 1px 0 #000;margin:0}
.menubottom li a{background:url(http://4.bp.blogspot.com/-k37kmIRm1us/Tv15GaeV_DI/AAAAAAAAAHs/TzuLHLAPTTY/s1600/horiz-menu-div.png) no-repeat center right;float:left;display:block;color:#F2F2F2;line-height:1.2em;padding:3px 8px}
.menubottom li a:visited{color:#F2F2F2}
.menubottom li a:hover{color:#FACD49;text-decoration:none}
.menupic2{background:url(http://1.bp.blogspot.com/-N-crE7SQ-sQ/Tv24xEoBr5I/AAAAAAAAAKA/H0Rf61BbpSU/s1600/top-bar.png) repeat-x;width:960px;margin:0 auto;padding:0 auto}
.menuhorisontal2{width:960px;height:24px;margin:0 auto;padding:3px 0}
.menuhorisontal2 ul{padding-left:7px;color:#666;text-transform:capitalize;list-style-type:none;font:normal 12px Arial, Helvetica,Verdana,sans-serif;margin:0}
.menuhorisontal2 li a{float:left;display:block;text-decoration:none;border-right:0 solid #415770;font-weight:700;color:#fff;padding:3px 6px 4px}
.menuhorisontal2 li a:visited{color:#fff}
.menuhorisontal2 li a:hover{background:#e4e4e4;border-radius:3px;-webkit-border-radius:3px;-opera-border-radius:3px;-moz-border-radius:3px;color:#000;text-decoration:none}
.newspic{background:url(http://4.bp.blogspot.com/-_HIcG1gMTbo/Tv2smD1mR8I/AAAAAAAAAJE/AqaFSZmYsSI/s1600/bottomtop-bg.jpg) repeat-x;width:960px;height:28px;border-bottom:8px solid #e4e4e4;margin:0 auto;padding:0 auto}
.news{width:960px;line-height:1.4em;text-align:left;font-family:Arial;font-size:11px;color:#5D5C5C;overflow:hidden;clear:both;margin:0 auto;padding:0 auto}
.news a:link,.news a:visited{color:#fff;text-decoration:none}
.news a:hover{color:#eace12;text-decoration:underline}
.showpageOf{border:1px solid #7b7c7d;color:#000;margin:2px;padding:2px 5px}
.showpageNum a,.showpage a{border:1px solid #7b7c7d;color:#000;text-decoration:none;margin:2px;padding:2px 5px}
.showpageNum a:hover,.showpage a:hover,.showpagePoint{border:1px solid #949493;background:#ee6201;color:#fff;margin:2px;padding:2px 5px}
#featured{margin-bottom:8px}
.sliderwrapper{position:relative;overflow:hidden;height:250px}
.sliderwrapper .contentdiv{visibility:hidden;position:absolute;left:0;top:0;height:100%;padding:0}
.pagination{text-align:right;padding:8px 0}
.pagination a{font-size:11px;color:#fff;background:#e95e00;padding:3px 6px}
.pagination a:hover,.pagination a.selected{color:#dedde5;background-color:#535352}
.featuredPost{width:410px;background:#191919;filter:alpha(opacity=75);-moz-opacity:.75;opacity:.75;color:#dedde5;position:absolute;bottom:0;padding:10px 10px 0}
.featuredPost a{color:#e95e00}
.featuredPost a:hover{color:#dedde5}
.featuredPost h2{font-size:12px;line-height:1;margin:0}
.featuredPost span{font-size:10px}
.featuredPost p{font-size:11px}
.mainbottom h2,.sidebar h2,.sidebarright h2{font:bold 13px Arial;text-transform:none;color:#000;line-height:1.2em;letter-spacing:.01em;background:url(http://3.bp.blogspot.com/-GaWGIBFtNrU/TqNhP_emgFI/AAAAAAAAA1s/75Dk7vIboCw/s1600/midle2_h2.gif) repeat-x;border:1px solid #ccc;border-width:0 0 1px;margin:0 auto;padding:6px 10px}
.mainbottom .widget,.sidebar .widget,.sidebarright .widget{background:#fff;border:1px solid $bordercolor;margin:0 0 8px;padding:0 auto}
.mainbottom a:link,.mainbottom a:visited,.sidebar a:link,.sidebar a:visited,.sidebarright a:link,.sidebarright a:visited{font:12px Arial;color:#16387c;text-decoration:none}
.mainbottom .widget-content,.sidebar .widget-content,.sidebarright .widget-content{margin:0 auto;padding:8px 9px}
.mainbottom,.sidebar,.sidebarright{font:normal 12px Arial;color:#555;line-height:1.4em}
.mainbottom li,.sidebar li,.sidebarright li{background:url(http://4.bp.blogspot.com/-GSW7MPAS1FA/TwANMdXOSkI/AAAAAAAAARE/XBShBuqqHAc/s1600/arrow_bg.GIF) no-repeat 3px 9px;border-bottom:1px dotted #ccc;text-indent:0;line-height:1.4em;margin:0;padding:3px 0 4px 20px}
.mainbottom a:hover,.sidebar a:hover,.sidebarright a:hover{color:#F60}
.mainbottom ul,.sidebar ul,.sidebarright ul{list-style:none;margin:0;padding:0}
#comments-block .comment-author,.profile-datablock{margin:.5em 0}
#menubar li.home a:hover,#menubar li.nav3 a:hover{background:#610B0B}
#menubar li.close a,#menubar li.close a:visited,#menubar li.close a:hover{border-right:none}
.bottomsearch,.menusearch{width:300px;float:right;margin:0 auto;padding:0 auto}
.menubottom li,.menuhorisontal2 li{display:inline;margin:0}

]]></b:skin>

<style type='text/css'>
<b:if cond='data:blog.pageType != &quot;item&quot;'>
#sidebar-wrapper {float: left;}
#main-wrapper {width: 420px;padding-left:10px;}
h2.date-header, .post-body, .post-footer, .feed-links {display:none}
.post h3 {font:normal 12px Arial;margin:0 0 0 80px;padding:4px 6px 4px 0px;line-height:1.3em;position:relative;}
.post h3 a, .post h3 a:visited, .post h3 strong {font-weight:normal}
.post h3 strong, .post h3 a:hover {color:#FF8000;}
.post {border:none}
.post {border-bottom:1px dotted silver;margin:0px;padding:0px;}
#blog-pager {font:normal 11px Arial;text-align:center;margin:6px 0 1px 0;padding:7px 0px 7px 0px;}
.post-timestamp{float:left;width:70px;padding:3px 10px 0 0;font:12px Arial;color:#333;line-height:1.4em;margin-left:7px;}
</b:if>
</style>

<script src='http://jamu-martin.googlecode.com/files/label.js' type='text/javascript'/>
<script>
//<![CDATA[
/* Script from:http://simplexdesign.blogspot.com/ */
imgr = new Array();
imgr[0] = "http://2.bp.blogspot.com/-uitX7ROPtTU/Tyv-G4NA_uI/AAAAAAAAFBY/NcWLPVnYEnU/s1600/no+image.jpg";
showRandomImg = true;
aBold = true;
summaryPost = 100;

numposts1 = 5;
label1 = "misteri";

function removeHtmlTag(strx,chop){var s=strx.split("<");for(var i=0;i<s.length;i++){if(s[i].indexOf(">")!=-1){s[i]=s[i].substring(s[i].indexOf(">")+1,s[i].length)}}s=s.join("");s=s.substring(0,chop-1);return s}

function showrecentposts1(json){j=(showRandomImg)?Math.floor((imgr.length+1)*Math.random()):0;img=new Array();for(var i=0;i<numposts1;i++){var entry=json.feed.entry[i];var posttitle=entry.title.$t;var pcm;var posturl;if(i==json.feed.entry.length)break;for(var k=0;k<entry.link.length;k++){if(entry.link[k].rel=='alternate'){posturl=entry.link[k].href;break}}for(var k=0;k<entry.link.length;k++){if(entry.link[k].rel=='replies'&&entry.link[k].type=='text/html'){pcm=entry.link[k].title.split("")[0];break}}
      
if ("content" in entry) {
var postcontent = entry.content.$t;}
else
if ("summary" in entry) {
var postcontent = entry.summary.$t;}
else var postcontent = "";
postdate = entry.published.$t;
if(j>imgr.length-1) j=0;
img[i] = imgr[j];
s = postcontent    ; a = s.indexOf("<img"); b = s.indexOf("src=\"",a); c = s.indexOf("\"",b+5); d = s.substr(b+5,c-b-5);
if((a!=-1)&&(b!=-1)&&(c!=-1)&&(d!="")) img[i] = d;

var month=[1,2,3,4,5,6,7,8,9,10,11,12];var month2=["January","February","March","April","May","Juny","July","August","September","October","November","December"];var day=postdate.split("-")[2].substring(0,2);var m=postdate.split("-")[1];var y=postdate.split("-")[0];for(var u2=0;u2<month.length;u2++){if(parseInt(m)==month[u2]){m=month2[u2];break;
}}

var daystr = day+ ' ' + m + ' ' + y ;
var trtd = '<div class="contentdiv"><div class="sliderPostPhoto"><a href="'+posturl+'"><img width="420" height="250" class="alignnone" src="'+img[i]+'"/></a><div class="sliderPostInfo"></div></div><div class="featuredPost"><h2><a href="'+posturl+'">'+posttitle+'</a></h2><span>'+daystr+'</span><p>'+removeHtmlTag(postcontent,summaryPost)+'...</p></div></div>';    
document.write(trtd);     
j++;
}}
//]]>
</script> 
<script src='https://www.google.com/jsapi?key=ABQIAAAAlQIoliUVPjZwD8UDgw_U3RQgEuFhr5O5zX0Uy4BFYRNAA7mWdhQeG6Zw86vx7CWofIoig_M8nSxh_g' type='text/javascript'/>
<script src='http://maskolis.googlecode.com/files/ticker.js' type='text/javascript'/>
<style type='text/css'>
.titlefield{ /*CSS for RSS title link in general*/
text-decoration: none;}
.labelfield{ /*CSS for label field in general*/
color:#666;font-size: 100%;}
.datefield{ /*CSS for date field in general*/
color:#fff;font:normal 13px Arial;}
#example1{ /*Demo 1 main container*/
width: 900px;
height: 14px;
border: 0px solid #aaa;
padding: 0px;
font:bold 13px Arial;
text-transform:none;
text-align:left;
background-color:transparent;}
code{ /*CSS for insructions*/
color: #fff;}
#example1 a:link, #example1 a:visited {color:#000;text-decoration:none;}
#example1 a:hover {color:#fff;text-decoration:none;}
</style>
  </head>
<body>

<div id='fb-root'/>
<script>(function(d, s, id) {
  var js, fjs = d.getElementsByTagName(s)[0];
  if (d.getElementById(id)) {return;}
  js = d.createElement(s); js.id = id;
  js.src = &quot;//connect.facebook.net/en_GB/all.js#xfbml=1&quot;;
  fjs.parentNode.insertBefore(js, fjs);
}(document, &#39;script&#39;, &#39;facebook-jssdk&#39;));</script>

  <div id='outer-wrapper'><div id='wrap2'>
<div class='menupic2'>
<div class='menuhorisontal2'>
<ul>
<li><a href='http://feeds.feedburner.com/JohnyTemplate' title='Posts RSS'>Posts RSS</a></li>
<li><a href='http://johnytemplate.blogspot.com/feeds/comments/default' title='Comments RSS'>Comments RSS</a></li>
<li><a href='http://johnytemplate.blogspot.com/2011/12/color-code-to-easier-your-customization.html'>Color Code</a></li>
<li><a href='http://johnytemplate.blogspot.com/search?max-results=300'>Archieves</a></li>
<li><a href='#'>Twitter</a></li>
<li><a href='#'>Facebook</a></li>

<li><a href='#'>Contact us</a></li>
</ul>
<div class='menusearch'>
<div style='float:right;padding:-1px 8px 0 0;'>
&lt;form action=&#39;http://www.google.co.id/cse&#39; id=&#39;cse-search-box&#39; target=&#39;_blank&#39;&gt;
&lt;div&gt;
&lt;input name=&#39;cx&#39; type=&#39;hidden&#39; value=&#39;partner-pub-9608487840337104:6v20u0t45ip&#39;/&gt;
&lt;input name=&#39;cof&#39; type=&#39;hidden&#39; value=&#39;forid:10&#39;/&gt;
&lt;input name=&#39;ie&#39; type=&#39;hidden&#39; value=&#39;iso-8859-1&#39;/&gt;
&lt;input name=&#39;q&#39; size=&#39;26&#39; type=&#39;text&#39;/&gt;

&lt;input name=&#39;sa&#39; type=&#39;submit&#39; value=&#39;Search&#39;/&gt;
&lt;/div&gt;
&lt;/form&gt;
&lt;script src=&#39;http://www.google.co.id/cse/brand?form=cse-search-box&amp;amp;lang=in&#39; type=&#39;text/javascript&#39;/&gt;&lt;/script&gt; 
</div>
</div>
</div>
</div>
    <div id='header-wrapper'>
      <b:section class='header' id='header' maxwidgets='1' showaddelement='no'>
<b:widget id='Header1' locked='true' title='Tutorial Blog &amp;amp; Komputer (Header)' type='Header'>
<b:includable id='main'>

  <b:if cond='data:useImage'>
    <b:if cond='data:imagePlacement == &quot;BEHIND&quot;'>
      <!--
      Show image as background to text. You can't really calculate the width
      reliably in JS because margins are not taken into account by any of
      clientWidth, offsetWidth or scrollWidth, so we don't force a minimum
      width if the user is using shrink to fit.
      This results in a margin-width's worth of pixels being cropped. If the
      user is not using shrink to fit then we expand the header.
      -->
      <b:if cond='data:mobile'>
          <div id='header-inner'>
            <div class='titlewrapper' style='background: transparent'>
              <h1 class='title' style='background: transparent; border-width: 0px'>
                <b:include name='title'/>
              </h1>
            </div>
            <b:include name='description'/>
          </div>
        <b:else/>
          <div expr:style='&quot;background-image: url(\&quot;&quot; + data:sourceUrl + &quot;\&quot;); &quot;                        + &quot;background-position: &quot;                        + data:backgroundPositionStyleStr + &quot;; &quot;                        + data:widthStyleStr                        + &quot;min-height: &quot; + data:height                        + &quot;_height: &quot; + data:height                        + &quot;background-repeat: no-repeat; &quot;' id='header-inner'>
            <div class='titlewrapper' style='background: transparent'>
              <h1 class='title' style='background: transparent; border-width: 0px'>
                <b:include name='title'/>
              </h1>
            </div>
            <b:include name='description'/>
          </div>
        </b:if>
    <b:else/>
      <!--Show the image only-->
      <div id='header-inner'>
        <a expr:href='data:blog.homepageUrl' style='display: block'>
          <img expr:alt='data:title' expr:height='data:height' expr:id='data:widget.instanceId + &quot;_headerimg&quot;' expr:src='data:sourceUrl' expr:width='data:width' style='display: block'/>
        </a>
        <!--Show the description-->
        <b:if cond='data:imagePlacement == &quot;BEFORE_DESCRIPTION&quot;'>
          <b:include name='description'/>
        </b:if>
      </div>
    </b:if>
  <b:else/>
    <!--No header image -->
    <div id='header-inner'>
      <div class='titlewrapper'>
        <h1 class='title'>
          <b:include name='title'/>
        </h1>
      </div>
      <b:include name='description'/>
    </div>
  </b:if>
</b:includable>
<b:includable id='title'>
  <b:if cond='data:blog.url == data:blog.homepageUrl'>
    <data:title/>
  <b:else/>
    <a expr:href='data:blog.homepageUrl'><data:title/></a>
  </b:if>
</b:includable>
<b:includable id='description'>
  <div class='descriptionwrapper'>
    <p class='description'><span><data:description/></span></p>
  </div>
</b:includable>
</b:widget>
</b:section>
      <b:section class='header' id='header2' maxwidgets='1' showaddelement='yes'/>
<div style='clear:both;'/>
      </div><!-- end header-wrapper -->

<div id='menuwrapper'>
<ul id='menubar'>
<li><a href='/'><img border='0' src='http://1.bp.blogspot.com/-7Eveg1Sruok/TZE6GFV_OHI/AAAAAAAABZo/jRHomtpFbd0/s1600/home_white.png' style='padding:0px;'/></a></li>
<li class='nav1'><a href='#'>About</a></li>
<li class='nav2'><a class='trigger' href='#'>Contact</a>
<ul>
<li><a href='#'>Facebook</a></li>
<li><a href='#'>Twitter</a></li>
<li><a href='#'>Google+</a></li>
<li><a href='#'>Email</a></li>
<li><a href='#'>Blogger</a></li>

<li><a href='#'>Kompasiana</a></li>
</ul>
</li>
<li class='nav3'><a class='trigger' href='#'>Advertise</a>
<ul>
<li><a href='#'>Banner</a></li>
<li><a href='#'>Affiliate</a></li>
<li><a href='#'>Ads</a></li>
<li><a href='#'>Text Link</a></li>
<li><a href='#'>Video</a></li>

<li><a href='#'>Image</a></li>
<li><a href='#'>More</a></li>
</ul>
</li>
<li class='nav4'><a href='http://creatingwebsite-maskolis.blogspot.com/2011/12/johny-portal-template-untuk-situs.html'>Template Updates</a></li>
<li class='nav5'><a href='#'>Health</a></li>
<li class='nav6'><a class='trigger' href='#'>Entertainment</a>
<ul>
<li><a href='#'>Movie</a></li>
<li><a href='#'>Music</a></li>
<li><a href='#'>Television</a></li>
<li><a href='#'>Jokes</a></li>
</ul></li>
<li class='nav7'><a href='#'>Tech</a></li>
<li class='nav8'><a class='trigger' href='#'>More</a>
<ul>
<li><a href='#'>Themes</a></li>
<li><a href='#'>Tutorial</a></li>
<li><a href='#'>Resource</a></li>
<li><a href='#'>Advertise</a></li>
<li><a href='#'>CSS</a></li>
<li><a href='#'>HTML</a></li>
</ul>
</li>
</ul>
<br class='clearit'/>
<div style='clear:both;'/>
</div>
<div class='newspic'>
<div class='news'>
<div style='float:left;padding:5px 5px 5px 10px;font:bold 14px Arial;color:#fff;text-transform:none;'>
News Update :
</div>
<div style='float:left;width:800px;padding:5px 0; position:relative; overflow:hidden;'>
<script type='text/javascript'>
var cssfeed=new gfeedrssticker(&quot;example1&quot;, &quot;example1class&quot;, 3000, &quot;_new&quot;)
cssfeed.addFeed(&quot;News Update&quot;, &quot;http://johnypaper.blogspot.com/feeds/posts/default&quot;) //Specify &quot;label&quot; plus URL to RSS feed
cssfeed.displayoptions(&quot;date&quot;) //show the specified additional fields
cssfeed.setentrycontainer(&quot;div&quot;) //Wrap each entry with a DIV tag
cssfeed.filterfeed(10, &quot;date&quot;) //Show 10 entries, sort by date
cssfeed.entries_per_page(1)
cssfeed.init()
</script>
</div>
</div><div style='clear:both;'/>
</div>
    <!-- skip links for text browsers -->
    <span id='skiplinks' style='display:none;'>
      <a href='#main'>skip to main </a> |
      <a href='#sidebar'>skip to sidebar</a>
    </span>

 
    <div id='content-wrapper'>

      <div id='crosscol-wrapper' style='text-align:center'>
        <b:section class='crosscol' id='crosscol'/>
      </div>

      <div id='main-wrapper'>
<b:if cond='data:blog.pageType == &quot;index&quot;'>
<div id='featured'>
<div class='sliderwrapper' id='slider1'>
<script>
document.write(&quot;&lt;script src=\&quot;/feeds/posts/default/-/&quot;+label1+&quot;?max-results=&quot;+numposts1+&quot;&amp;orderby=published&amp;alt=json-in-script&amp;callback=showrecentposts1\&quot;&gt;&lt;\/script&gt;&quot;);
</script>
</div>
<div class='pagination' id='paginate-slider1'>
</div>
</div>
</b:if> 
        <b:section class='main' id='main' showaddelement='no'>
<b:widget id='Blog1' locked='true' title='Blog Posts' type='Blog'>
<b:includable id='nextprev'>
  <div class='blog-pager' id='blog-pager'>
    <b:if cond='data:newerPageUrl'>
      <span id='blog-pager-newer-link'>
      <a class='blog-pager-newer-link' expr:href='data:newerPageUrl' expr:id='data:widget.instanceId + &quot;_blog-pager-newer-link&quot;' expr:title='data:newerPageTitle'><data:newerPageTitle/></a>
      </span>
    </b:if>

    <b:if cond='data:olderPageUrl'>
      <span id='blog-pager-older-link'>
      <a class='blog-pager-older-link' expr:href='data:olderPageUrl' expr:id='data:widget.instanceId + &quot;_blog-pager-older-link&quot;' expr:title='data:olderPageTitle'><data:olderPageTitle/></a>
      </span>
    </b:if>

    <a class='home-link' expr:href='data:blog.homepageUrl'><data:homeMsg/></a>

    <b:if cond='data:mobileLinkUrl'>
      <div class='blog-mobile-link'>
        <a expr:href='data:mobileLinkUrl'><data:mobileLinkMsg/></a>
      </div>
    </b:if>

  </div>
  <div class='clear'/>
</b:includable>
<b:includable id='shareButtons' var='post'>
  <a class='share-button sb-email' expr:href='data:post.sharePostUrl + &quot;&amp;target=email&quot;' expr:title='data:top.emailThisMsg' target='_blank'>
    <span class='share-button-link-text'><data:top.emailThisMsg/></span></a>
  <a class='share-button sb-blog' expr:href='data:post.sharePostUrl + &quot;&amp;target=blog&quot;' expr:onclick='&quot;window.open(this.href, \&quot;_blank\&quot;, \&quot;height=270,width=475\&quot;); return false;&quot;' expr:title='data:top.blogThisMsg' target='_blank'>
    <span class='share-button-link-text'><data:top.blogThisMsg/></span></a>
  <a class='share-button sb-twitter' expr:href='data:post.sharePostUrl + &quot;&amp;target=twitter&quot;' expr:title='data:top.shareToTwitterMsg' target='_blank'>
    <span class='share-button-link-text'><data:top.shareToTwitterMsg/></span></a>
  <a class='share-button sb-facebook' expr:href='data:post.sharePostUrl + &quot;&amp;target=facebook&quot;' expr:onclick='&quot;window.open(this.href, \&quot;_blank\&quot;, \&quot;height=430,width=640\&quot;); return false;&quot;' expr:title='data:top.shareToFacebookMsg' target='_blank'>
    <span class='share-button-link-text'><data:top.shareToFacebookMsg/></span></a>
  <a class='share-button sb-buzz' expr:href='data:post.sharePostUrl + &quot;&amp;target=buzz&quot;' expr:onclick='&quot;window.open(this.href, \&quot;_blank\&quot;, \&quot;height=415,width=690\&quot;); return false;&quot;' expr:title='data:top.shareToBuzzMsg' target='_blank'>
    <span class='share-button-link-text'><data:top.shareToBuzzMsg/></span></a>
</b:includable>
<b:includable id='threaded_comment_js' var='post'>
  <script defer='defer' expr:src='data:post.commentSrc' type='text/javascript'/>

  <script type='text/javascript'>
    (function() {
      var items = <data:post.commentJso/>;
      var msgs = <data:post.commentMsgs/>;
      var postId = &#39;<data:post.id/>&#39;;
      var feed = &#39;<data:post.commentFeed/>&#39;;
      var authorName = &#39;<data:post.author/>&#39;;
      var authorUrl = &#39;<data:post.authorUrl/>&#39;;
      var blogId = &#39;<data:top.id/>&#39;;
      var baseUri = &#39;<data:post.commentBase/>&#39;;

// <![CDATA[
      feed += '?alt=json&v=2&orderby=published&reverse=false&max-results=50';
      var cursor = null;
      if (items && items.length > 0) {
        cursor = parseInt(items[items.length - 1].timestamp) + 1;
      }

      var bodyFromEntry = function(entry) {
        if (entry.gd$extendedProperty) {
          for (var k in entry.gd$extendedProperty) {
            if (entry.gd$extendedProperty[k].name == 'blogger.contentRemoved') {
              return '<span class="deleted-comment">' + entry.content.$t + '</span>';
            }
          }
        }
        return entry.content.$t;
      }

      var parse = function(data) {
        cursor = null;
        var comments = [];
        if (data && data.feed && data.feed.entry) {
          for (var i = 0, entry; entry = data.feed.entry[i]; i++) {
            var comment = {};
            // comment ID, parsed out of the original id format
            var id = /blog-(\d+).post-(\d+)/.exec(entry.id.$t);
            comment.id = id ? id[2] : null;
            comment.body = bodyFromEntry(entry);
            comment.timestamp = Date.parse(entry.published.$t) + '';
            if (entry.author && entry.author.constructor === Array) {
              var auth = entry.author[0];
              if (auth) {
                comment.author = {
                  name: (auth.name ? auth.name.$t : undefined),
                  profileUrl: (auth.uri ? auth.uri.$t : undefined),
                  avatarUrl: (auth.gd$image ? auth.gd$image.src : undefined)
                };
              }
            }
            if (entry.link) {
              if (entry.link[2]) {
                comment.link = comment.permalink = entry.link[2].href;
              }
              if (entry.link[3]) {
                var pid = /.*comments\/default\/(\d+)\?.*/.exec(entry.link[3].href);
                if (pid && pid[1]) {
                  comment.parentId = pid[1];
                }
              }
            }
            comment.deleteclass = 'item-control blog-admin';
            if (entry.gd$extendedProperty) {
              for (var k in entry.gd$extendedProperty) {
                console.log(entry.gd$extendedProperty[k].name + ' - ' + entry.gd$extendedProperty[k].value);
                if (entry.gd$extendedProperty[k].name == 'blogger.itemClass') {
                  comment.deleteclass += ' ' + entry.gd$extendedProperty[k].value;
                }
              }
            }
            comments.push(comment);
          }
        }
        return comments;
      };

      var paginator = function(callback) {
        if (hasMore()) {
          var url = feed;
          if (cursor) {
            url += '&published-min=' + new Date(cursor).toISOString();
          }
          window.bloggercomments = function(data) {
            var parsed = parse(data);
            cursor = parsed.length < 50 ? null
                : parseInt(parsed[parsed.length - 1].timestamp) + 1
            callback(parsed);
            window.bloggercomments = null;
          }
          url += '&callback=bloggercomments';
          var script = document.createElement('script');
          script.type = 'text/javascript';
          script.src = url;
          document.getElementsByTagName('head')[0].appendChild(script);
        }
      };
      var hasMore = function() {
        return !!cursor;
      };
      var getMeta = function(key, comment) {
        if ('iswriter' == key) {
          var matches = !!comment.author
              && comment.author.name == authorName
              && comment.author.profileUrl == authorUrl;
          return matches ? 'true' : '';
        } else if ('deletelink' == key) {
          return baseUri + '/delete-comment.g?blogID=' + blogId + '&postID=' + comment.id;
        } else if ('deleteclass' == key) {
          return comment.deleteclass;
        }
        return '';
      };

      var replybox = null;
      var replyUrlParts = null;
      var replyParent = undefined;

      var onReply = function(commentId, domId) {
        if (replybox == null) {
          // lazily cache replybox, and adjust to suit this style:
          replybox = document.getElementById('comment-editor');
          if (replybox != null) {
            replybox.height = '250px';
            replybox.style.display = 'block';
            replyUrlParts = replybox.src.split('#');
          }
        }
        if (replybox && (commentId !== replyParent)) {
          document.getElementById(domId).insertBefore(replybox, null);
          replybox.src = replyUrlParts[0]
              + (commentId ? '&parentID=' + commentId : '')
              + '#' + replyUrlParts[1];
          replyParent = commentId;
        }
      };

      var tok = 'comment-form_';
      var hash = window.location.hash || '';
      var startThread = hash.indexOf(tok) == 1 ? hash.substring(tok.length + 1) : undefined;

      // Configure commenting API:
      var configJso = {
        'maxDepth': 2
      };
      var provider = {
        'id': postId,
        'data': items,
        'loadNext': paginator,
        'hasMore': hasMore,
        'getMeta': getMeta,
        'onReply': onReply,
        'rendered': true,
        'initReplyThread': startThread,
        'config': configJso,
        'messages': msgs
      };

      var render = function() {
        if (window.goog && window.goog.comments) {
          var holder = document.getElementById('comment-holder');
          window.goog.comments.render(holder, provider);
        }
      };

      // render now, or queue to render when library loads:
      if (window.goog && window.goog.comments) {
        render();
      } else {
        window.goog = window.goog || {};
        window.goog.comments = window.goog.comments || {};
        window.goog.comments.loadQueue = window.goog.comments.loadQueue || [];
        window.goog.comments.loadQueue.push(render);
      }
    })();
// ]]>
  </script>
</b:includable>
<b:includable id='backlinks' var='post'>
  <a name='links'/><h4><data:post.backlinksLabel/></h4>
  <b:if cond='data:post.numBacklinks != 0'>
    <dl class='comments-block' id='comments-block'>
      <b:loop values='data:post.backlinks' var='backlink'>
        <div class='collapsed-backlink backlink-control'>
          <dt class='comment-title'>
            <span class='backlink-toggle-zippy'>&#160;</span>
            <a expr:href='data:backlink.url' rel='nofollow'><data:backlink.title/></a>
            <b:include data='backlink' name='backlinkDeleteIcon'/>
          </dt>
          <dd class='comment-body collapseable'>
            <data:backlink.snippet/>
          </dd>
          <dd class='comment-footer collapseable'>
            <span class='comment-author'><data:post.authorLabel/> <data:backlink.author/></span>
            <span class='comment-timestamp'><data:post.timestampLabel/> <data:backlink.timestamp/></span>
          </dd>
        </div>
      </b:loop>
    </dl>
  </b:if>
  <p class='comment-footer'>
    <a class='comment-link' expr:href='data:post.createLinkUrl' expr:id='data:widget.instanceId + &quot;_backlinks-create-link&quot;' target='_blank'><data:post.createLinkLabel/></a>
  </p>
</b:includable>
<b:includable id='mobile-main' var='top'>
    <!-- posts -->
    <div class='blog-posts hfeed'>

      <b:include data='top' name='status-message'/>

      <b:if cond='data:blog.pageType == &quot;index&quot;'>
        <b:loop values='data:posts' var='post'>
          <b:include data='post' name='mobile-index-post'/>
        </b:loop>
      <b:else/>
        <b:loop values='data:posts' var='post'>
          <b:include data='post' name='mobile-post'/>
        </b:loop>
      </b:if>
    </div>

   <b:include name='mobile-nextprev'/>
</b:includable>
<b:includable id='post' var='post'>
  <div class='post hentry'>
<b:if cond='data:blog.pageType != &quot;item&quot;'>
<span class='post-timestamp'><data:post.timestamp/></span>
</b:if>
<b:if cond='data:blog.homepageUrl == data:blog.url'>
<b:else/>
<b:if cond='data:blog.pageType == &quot;item&quot;'>
<div style='padding:5px 5px 5px 0; margin:0;font-size:95%; line-height:1.4em; border-bottom:4px double #ccc;'>
<a expr:href='data:blog.homepageUrl'>Home</a> &#187;
<b:if cond='data:post.labels'><b:loop values='data:post.labels' var='label'>
<a expr:href='data:label.url' rel='tag'><data:label.name/></a>
<b:if cond='data:label.isLast != &quot;true&quot;'> , </b:if>
</b:loop>
</b:if> &#187; <data:post.title/>
</div>
</b:if>
</b:if>
    <a expr:name='data:post.id'/>
    <b:if cond='data:post.title'>
      <h3 class='post-title entry-title'>
      <b:if cond='data:post.link'>
        <a expr:href='data:post.link'><data:post.title/></a>
      <b:else/>
        <b:if cond='data:post.url'>
          <b:if cond='data:blog.url != data:post.url'>
            <a expr:href='data:post.url'><data:post.title/></a>
          <b:else/>
            <data:post.title/>
          </b:if>
        <b:else/>
          <data:post.title/>
        </b:if>
      </b:if>
      </h3>
    </b:if>

    <div class='post-header'>
    <div class='post-header-line-1'/>
    </div>
        <b:if cond='data:post.dateHeader'>
          <h2 class='date-header'><span>Written By <data:post.author/> on <data:post.dateHeader/> | <data:post.timestamp/></span></h2>
        </b:if>
<b:if cond='data:blog.pageType == &quot;item&quot;'>
<div style='float:left;width:100%;padding:0;margin:10px 0 5px 0'>
<div class='fb-like' data-send='true' data-show-faces='false' data-width='450'/>
</div>
</b:if>
    <div class='post-body entry-content' expr:id='&quot;post-body-&quot; + data:post.id'>
<div id='artikel'>
      <data:post.body/>
</div>
      <div style='clear: both;'/> <!-- clear for photos floats -->
    </div>
<b:if cond='data:blog.pageType == &quot;item&quot;'>
<div style='font:normal 12px Georgia;font-style:Italic;padding:8px 10px 8px 40px;font-weight:normal;color:#333;margin-top:10px;'>
&lt;script type=&quot;text/javascript&quot;&gt;&lt;!--
google_ad_client = &quot;ca-pub-9608487840337104&quot;;
google_ad_host = &quot;pub-1556223355139109&quot;;
/* johny mu */
google_ad_slot = &quot;7011292523&quot;;
google_ad_width = 468;
google_ad_height = 60;
//--&gt;
&lt;/script&gt;
&lt;script type=&quot;text/javascript&quot;
src=&quot;http://pagead2.googlesyndication.com/pagead/show_ads.js&quot;&gt;
&lt;/script&gt;
</div>
</b:if>
<b:if cond='data:blog.pageType == &quot;item&quot;'>
<div style='background:#f9f9f9;border-top:3px solid #bbb;border-bottom:1px solid #bbb; padding:10px 0px;margin:30px 0px 8px 0px;width:100%;float:left;height:20px;'>
<div style='float:right;padding-right:10px;'>
<div class='addthis_toolbox addthis_default_style '>
<a class='addthis_button_facebook_like' fb:like:layout='button_count'/>
<a class='addthis_button_tweet'/>
<a class='addthis_button_google_plusone' g:plusone:size='medium'/>
<a class='addthis_counter addthis_pill_style'/>
</div>
<script src='http://s7.addthis.com/js/250/addthis_widget.js#pubid=4rifin' type='text/javascript'/></div>
<div style='float:right;padding:2px 10px 0px 0px;font:normal 12px Arial;color:#666'>
<strong>Share this article</strong> : 

</div>
</div>
</b:if>
    <b:if cond='data:post.hasJumpLink'>
      <div class='jump-link'>
        <a expr:href='data:post.url + &quot;#more&quot;' expr:title='data:post.title'><data:post.jumpText/></a>
      </div>
    </b:if>

    <div class='post-footer'>
    <div class='post-footer-line post-footer-line-1'><span class='post-author vcard'>
        <b:if cond='data:top.showAuthor'>
          <data:top.authorLabel/>
          <span class='fn'><data:post.author/></span>
        </b:if>
      </span> <span class='post-timestamp'>
        <b:if cond='data:top.showTimestamp'>
          <data:top.timestampLabel/>
        <b:if cond='data:post.url'>
          <a class='timestamp-link' expr:href='data:post.url' rel='bookmark' title='permanent link'><abbr class='published' expr:title='data:post.timestampISO8601'><data:post.timestamp/></abbr></a>
        </b:if>
        </b:if>
      </span> <span class='post-comment-link'>
        <b:if cond='data:blog.pageType != &quot;item&quot;'>
          <b:if cond='data:blog.pageType != &quot;static_page&quot;'>
            <b:if cond='data:post.allowComments'>
              <a class='comment-link' expr:href='data:post.addCommentUrl' expr:onclick='data:post.addCommentOnclick'><b:if cond='data:post.numComments == 1'>1 <data:top.commentLabel/><b:else/><data:post.numComments/> <data:top.commentLabelPlural/></b:if></a>
            </b:if>
          </b:if>
        </b:if>
      </span> <span class='post-icons'>
        <!-- email post links -->
        <b:if cond='data:post.emailPostUrl'>
          <span class='item-action'>
          <a expr:href='data:post.emailPostUrl' expr:title='data:top.emailPostMsg'>
              <img alt='' class='icon-action' height='13' src='http://img1.blogblog.com/img/icon18_email.gif' width='18'/>
          </a>
          </span>
        </b:if>

        <!-- quickedit pencil -->
        <b:include data='post' name='postQuickEdit'/>
      </span> <div class='post-share-buttons'>
        <b:if cond='data:post.sharePostUrl'>
          <b:include data='post' name='shareButtons'/>
        </b:if>
      </div> </div>

      <div class='post-footer-line post-footer-line-2'><span class='post-labels'>
        <b:if cond='data:post.labels'>
          <data:postLabelsLabel/>
          <b:loop values='data:post.labels' var='label'>
            <a expr:href='data:label.url' rel='tag'><data:label.name/></a><b:if cond='data:label.isLast != &quot;true&quot;'>,</b:if>
          </b:loop>
        </b:if>
      </span> </div>

      <div class='post-footer-line post-footer-line-3'><span class='post-location'>
        <b:if cond='data:top.showLocation'>
          <b:if cond='data:post.location'>
            <data:postLocationLabel/>
            <a expr:href='data:post.location.mapsUrl' target='_blank'><data:post.location.name/></a>
          </b:if>
        </b:if>
      </span> </div>
    </div>
  </div>
</b:includable>
<b:includable id='status-message'>
  <b:if cond='data:navMessage'>
  <div class='status-msg-wrap'>
    <div class='status-msg-body'>
      <data:navMessage/>
    </div>
    <div class='status-msg-border'>
      <div class='status-msg-bg'>
        <div class='status-msg-hidden'><data:navMessage/></div>
      </div>
    </div>
  </div>
  <div style='clear: both;'/>
  </b:if>
</b:includable>
<b:includable id='comment-form' var='post'>
  <div class='comment-form'>
    <a name='comment-form'/>
    <b:if cond='data:mobile'>
      <h4 id='comment-post-message'>
        <a expr:id='data:widget.instanceId + &quot;_comment-editor-toggle-link&quot;' href='javascript:void(0)'><data:postCommentMsg/></a></h4>
      <p><data:blogCommentMessage/></p>
      <data:blogTeamBlogMessage/>
      <a expr:href='data:post.commentFormIframeSrc' id='comment-editor-src'/>
      <iframe allowtransparency='true' class='blogger-iframe-colorize blogger-comment-from-post' frameborder='0' height='410' id='comment-editor' name='comment-editor' src='' style='display: none' width='100%'/>
    <b:else/>
      <h4 id='comment-post-message'><data:postCommentMsg/></h4>
      <p><data:blogCommentMessage/></p>
      <data:blogTeamBlogMessage/>
      <a expr:href='data:post.commentFormIframeSrc' id='comment-editor-src'/>
      <iframe allowtransparency='true' class='blogger-iframe-colorize blogger-comment-from-post' frameborder='0' height='410' id='comment-editor' name='comment-editor' src='' width='100%'/>
    </b:if>
    <data:post.friendConnectJs/>
    <data:post.cmtfpIframe/>
    <script type='text/javascript'>
      BLOG_CMT_createIframe(&#39;<data:post.appRpcRelayPath/>&#39;, &#39;<data:post.communityId/>&#39;);
    </script>
  </div>
</b:includable>
<b:includable id='threaded_comments' var='post'>
  <b:include name='threaded_comment_css'/>

  <div class='comments' id='comments'>
    <a name='comments'/>
    <h4>
      <b:if cond='data:post.numComments == 1'>
        1 <data:commentLabel/>:
      <b:else/>
        <data:post.numComments/> <data:commentLabelPlural/>:
      </b:if>
    </h4>

    <div class='comments-content'>
      <b:if cond='data:post.embedCommentForm'>
        <b:include data='post' name='threaded_comment_js'/>
      </b:if>
      <div id='comment-holder'>
         <data:post.commentHtml/>
      </div>
    </div>

    <p class='comment-footer'>
      <b:if cond='data:post.allowNewComments'>
        <b:include data='post' name='threaded-comment-form'/>
      <b:else/>
        <data:post.noNewCommentsText/>
      </b:if>
    </p>

    <b:if cond='data:showCmtPopup'>
      <div id='comment-popup'>
        <iframe allowtransparency='true' frameborder='0' id='comment-actions' name='comment-actions' scrolling='no'>
        </iframe>
      </div>
    </b:if>

    <div id='backlinks-container'>
    <div expr:id='data:widget.instanceId + &quot;_backlinks-container&quot;'>
       <b:if cond='data:post.showBacklinks'>
         <b:include data='post' name='backlinks'/>
       </b:if>
    </div>
    </div>
  </div>
</b:includable>
<b:includable id='backlinkDeleteIcon' var='backlink'>
  <span expr:class='&quot;item-control &quot; + data:backlink.adminClass'>
    <a expr:href='data:backlink.deleteUrl' expr:title='data:top.deleteBacklinkMsg'>
      <img src='//www.blogger.com/img/icon_delete13.gif'/>
    </a>
  </span>
</b:includable>
<b:includable id='mobile-nextprev'>
  <div class='blog-pager' id='blog-pager'>
    <b:if cond='data:newerPageUrl'>
      <div class='mobile-link-button' id='blog-pager-newer-link'>
      <a class='blog-pager-newer-link' expr:href='data:newerPageUrl' expr:id='data:widget.instanceId + &quot;_blog-pager-newer-link&quot;' expr:title='data:newerPageTitle'><data:newerPageTitle/></a>
      </div>
    </b:if>

    <b:if cond='data:olderPageUrl'>
      <div class='mobile-link-button' id='blog-pager-older-link'>
      <a class='blog-pager-older-link' expr:href='data:olderPageUrl' expr:id='data:widget.instanceId + &quot;_blog-pager-older-link&quot;' expr:title='data:olderPageTitle'><data:olderPageTitle/></a>
      </div>
    </b:if>

    <div class='mobile-link-button' id='blog-pager-home-link'>
    <a class='home-link' expr:href='data:blog.homepageUrl'><data:homeMsg/></a>
    </div>

    <div class='mobile-desktop-link'>
      <a class='home-link' expr:href='data:desktopLinkUrl'><data:desktopLinkMsg/></a>
    </div>

  </div>
  <div class='clear'/>
</b:includable>
<b:includable id='mobile-post' var='post'>
  <div class='date-outer'>
    <b:if cond='data:post.dateHeader'>
      <h2 class='date-header'><span><data:post.dateHeader/></span></h2>
    </b:if>
    <div class='date-posts'>
      <div class='post-outer'>

        <div class='post hentry uncustomized-post-template'>
          <a expr:name='data:post.id'/>
          <b:if cond='data:post.title'>
            <h3 class='post-title entry-title'>
              <b:if cond='data:post.link'>
                <a expr:href='data:post.link'><data:post.title/></a>
              <b:else/>
                <b:if cond='data:post.url'>
                  <b:if cond='data:blog.url != data:post.url'>
                    <a expr:href='data:post.url'><data:post.title/></a>
                  <b:else/>
                    <data:post.title/>
                  </b:if>
                <b:else/>
                  <data:post.title/>
                </b:if>
              </b:if>
            </h3>
          </b:if>

          <div class='post-header'>
            <div class='post-header-line-1'/>
          </div>

          <div class='post-body entry-content' expr:id='&quot;post-body-&quot; + data:post.id'>
            <data:post.body/>
            <div style='clear: both;'/> <!-- clear for photos floats -->
          </div>

          <div class='post-footer'>
            <div class='post-footer-line post-footer-line-1'>
              <span class='post-author vcard'>
                <b:if cond='data:top.showAuthor'>
                  <b:if cond='data:post.authorProfileUrl'>
                    <span class='fn'>
                      <a expr:href='data:post.authorProfileUrl' rel='author' title='author profile'>
                        <data:post.author/>
                      </a>
                    </span>
                  <b:else/>
                    <span class='fn'><data:post.author/></span>
                  </b:if>
                </b:if>
              </span>

              <span class='post-timestamp'>
                <b:if cond='data:top.showTimestamp'>
                  <data:top.timestampLabel/>
                  <b:if cond='data:post.url'>
                    <a class='timestamp-link' expr:href='data:post.url' rel='bookmark' title='permanent link'><abbr class='published' expr:title='data:post.timestampISO8601'><data:post.timestamp/></abbr></a>
                  </b:if>
                </b:if>
              </span>

              <span class='post-comment-link'>
                <b:if cond='data:blog.pageType != &quot;item&quot;'>
                  <b:if cond='data:blog.pageType != &quot;static_page&quot;'>
                    <b:if cond='data:post.allowComments'>
                      <a class='comment-link' expr:href='data:post.addCommentUrl' expr:onclick='data:post.addCommentOnclick'><b:if cond='data:post.numComments == 1'>1 <data:top.commentLabel/><b:else/><data:post.numComments/> <data:top.commentLabelPlural/></b:if></a>
                    </b:if>
                  </b:if>
                </b:if>
              </span>
            </div>

            <div class='post-footer-line post-footer-line-2'>
              <b:if cond='data:top.showMobileShare'>
                <div class='mobile-link-button goog-inline-block' id='mobile-share-button'>
                  <a href='javascript:void(0);'><data:shareMsg/></a>
                </div>
              </b:if>
              <b:if cond='data:top.showDummy'>
                <div class='goog-inline-block dummy-container'><data:post.dummyTag/></div>
              </b:if>
            </div>

          </div>
        </div>

        <b:if cond='data:blog.pageType == &quot;static_page&quot;'>
          <b:if cond='data:post.showThreadedComments'>
            <b:include data='post' name='threaded_comments'/>
          <b:else/>
            <b:include data='post' name='comments'/>
          </b:if>
        </b:if>
        <b:if cond='data:blog.pageType == &quot;item&quot;'>
          <b:if cond='data:post.showThreadedComments'>
            <b:include data='post' name='threaded_comments'/>
          <b:else/>
            <b:include data='post' name='comments'/>
          </b:if>
        </b:if>
      </div>
    </div>
  </div>
</b:includable>
<b:includable id='postQuickEdit' var='post'>
  <b:if cond='data:post.editUrl'>
    <span expr:class='&quot;item-control &quot; + data:post.adminClass'>
      <a expr:href='data:post.editUrl' expr:title='data:top.editPostMsg'>
        <img alt='' class='icon-action' height='18' src='http://img2.blogblog.com/img/icon18_edit_allbkg.gif' width='18'/>
      </a>
    </span>
  </b:if>
</b:includable>
<b:includable id='main' var='top'>

  <b:if cond='data:top.showDummy'>
    <script expr:src='data:top.dummyUrl'/>
  </b:if>

  <b:if cond='data:mobileindex'>
    <!-- mobile index -->
    <div class='blog-posts hfeed'>
      <b:loop values='data:posts' var='post'>
        <b:if cond='data:post.isFirstPost == &quot;false&quot;'>
          &lt;/div&gt;
        </b:if>
        &lt;div class=&quot;mobile-date-outer date-outer&quot;&gt;
        <div expr:onclick='data:post.indexOnclick'>
          <b:include data='post' name='mobile-index-post'/>
        </div>
        <b:if cond='data:post.trackLatency'>
          <data:post.latencyJs/>
        </b:if>
      </b:loop>
      <b:if cond='data:numPosts != 0'>
        &lt;/div&gt;
      </b:if>
    </div>
  <b:else/>

    <!-- posts -->
    <div class='blog-posts hfeed'>

      <b:include data='top' name='status-message'/>

      <data:defaultAdStart/>
      <b:loop values='data:posts' var='post'>
        <b:if cond='data:post.isDateStart'>
          <b:if cond='data:post.isFirstPost == &quot;false&quot;'>
            &lt;/div&gt;&lt;/div&gt;
          </b:if>
        </b:if>
        <b:if cond='data:post.isDateStart'>
          &lt;div class=&quot;date-outer&quot;&gt;
        </b:if>

        <b:if cond='data:post.isDateStart'>
          &lt;div class=&quot;date-posts&quot;&gt;
        </b:if>
        <div class='post-outer'>
        <b:include data='post' name='post'/>
        <b:if cond='data:blog.pageType == &quot;static_page&quot;'>
          <b:include data='post' name='comments'/>
        </b:if>
        <b:if cond='data:blog.pageType == &quot;item&quot;'>
          <b:include data='post' name='comments'/>
        </b:if>
        </div>
        <b:if cond='data:post.includeAd'>
          <b:if cond='data:post.isFirstPost'>
            <data:defaultAdEnd/>
          <b:else/>
            <data:adEnd/>
          </b:if>
          <b:if cond='data:mobile == &quot;false&quot;'>
            <div class='inline-ad'>
              <data:adCode/>
            </div>
          </b:if>
          <data:adStart/>
        </b:if>
        <b:if cond='data:post.trackLatency'>
          <data:post.latencyJs/>
        </b:if>
      </b:loop>
      <b:if cond='data:numPosts != 0'>
        &lt;/div&gt;&lt;/div&gt;
      </b:if>
      <data:adEnd/>
    </div>
  </b:if>

  <!-- navigation -->
  <b:if cond='data:mobile'>
    <b:include name='mobile-nextprev'/>
  <b:else/>
    <b:include name='nextprev'/>

    <!-- feed links -->
    <b:include name='feedLinks'/>
  </b:if>

  <b:if cond='data:top.showStars'>
    <script src='//www.google.com/jsapi' type='text/javascript'/>
    <script type='text/javascript'>
      google.load(&quot;annotations&quot;, &quot;1&quot;, {&quot;locale&quot;: &quot;<data:top.languageCode/>&quot;});
      function initialize() {
        google.annotations.setApplicationId(<data:top.blogspotReviews/>);
        google.annotations.createAll();
        google.annotations.fetch();
      }
      google.setOnLoadCallback(initialize);
    </script>
  </b:if>
</b:includable>
<b:includable id='commentDeleteIcon' var='comment'>
  <span expr:class='&quot;item-control &quot; + data:comment.adminClass'>
    <b:if cond='data:showCmtPopup'>
      <div class='goog-toggle-button'>
        <div class='goog-inline-block comment-action-icon'/>
      </div>
    <b:else/>
      <a class='comment-delete' expr:href='data:comment.deleteUrl' expr:title='data:top.deleteCommentMsg'>
        <img src='//www.blogger.com/img/icon_delete13.gif'/>
      </a>
    </b:if>
  </span>
</b:includable>
<b:includable id='feedLinks'>
  <b:if cond='data:blog.pageType != &quot;item&quot;'> <!-- Blog feed links -->
    <b:if cond='data:feedLinks'>
      <div class='blog-feeds'>
        <b:include data='feedLinks' name='feedLinksBody'/>
      </div>
    </b:if>

    <b:else/> <!--Post feed links -->
    <div class='post-feeds'>
      <b:loop values='data:posts' var='post'>
        <b:if cond='data:post.allowComments'>
          <b:if cond='data:post.feedLinks'>
            <b:include data='post.feedLinks' name='feedLinksBody'/>
          </b:if>
        </b:if>
      </b:loop>
    </div>
  </b:if>
</b:includable>
<b:includable id='threaded-comment-form' var='post'>
  <div class='comment-form'>
    <a name='comment-form'/>
    <b:if cond='data:mobile'>
      <p><data:blogCommentMessage/></p>
      <data:blogTeamBlogMessage/>
      <a expr:href='data:post.commentFormIframeSrc' id='comment-editor-src'/>
      <iframe allowtransparency='true' class='blogger-iframe-colorize blogger-comment-from-post' frameborder='0' height='410' id='comment-editor' name='comment-editor' src='' style='display: none' width='100%'/>
    <b:else/>
      <p><data:blogCommentMessage/></p>
      <data:blogTeamBlogMessage/>
      <a expr:href='data:post.commentFormIframeSrc' id='comment-editor-src'/>
      <iframe allowtransparency='true' class='blogger-iframe-colorize blogger-comment-from-post' frameborder='0' height='410' id='comment-editor' name='comment-editor' src='' width='100%'/>
    </b:if>
    <data:post.friendConnectJs/>
    <data:post.cmtfpIframe/>
    <script type='text/javascript'>
      BLOG_CMT_createIframe(&#39;<data:post.appRpcRelayPath/>&#39;, &#39;<data:post.communityId/>&#39;);
    </script>
  </div>
</b:includable>
<b:includable id='threaded_comment_css'>
  <style>
.comments {
  clear: both;
  margin-top: 10px;
  margin-bottom: 0px;
  line-height: 1em;
}
.comments .comments-content {
  font-size: 13px;
  margin-bottom: 16px;
}
.comments .comment .comment-actions a {
  padding-top: 5px;
  padding-right: 5px;
}
.comments .comment .comment-actions a:hover {
  text-decoration: underline;
}
.comments .comments-content .comment-thread ol {
  list-style-type: none;
  padding: 0;
  text-align: left;
}
.comments .comments-content .inline-thread {
  padding: 0.5em 1em;
}
.comments .comments-content .comment-thread {
  margin: 8px 0px;
}
.comments .comments-content .comment-thread:empty {
  display: none;
}
.comments .comments-content .comment-replies {
  margin-top: 1em;
  margin-left: 36px;
}
.comments .comments-content .comment {
  margin-bottom:16px;
  padding-bottom:8px;
}
.comments .comments-content .comment:first-child {
  padding-top:16px;
}
.comments .comments-content .comment:last-child {
  border-bottom:0;
  padding-bottom:0;
}
.comments .comments-content .comment-body {
  position:relative;
}
.comments .comments-content .user {
  font-style:normal;
  font-weight:bold;
}
.comments .comments-content .icon.blog-author {
  width: 18px;
  height: 18px;
  display: inline-block;
  margin: 0 0 -4px 6px;
}
.comments .comments-content .datetime {
  margin-left:6px;
}
.comments .comments-content .comment-header,
.comments .comments-content .comment-content {
  margin:0 0 8px;
}
.comments .comments-content .comment-content {
  text-align:justify;
}
.comments .comments-content .owner-actions {
  position:absolute;
  right:0;
  top:0;
}
.comments .comments-replybox {
  border: none;
  height: 250px;
  width: 100%;
}
.comments .comment-replybox-single {
  margin-top: 5px;
  margin-left: 48px;
}
.comments .comment-replybox-thread {
  margin-top: 5px;
}
.comments .comments-content .loadmore a {
  display: block;
  padding: 10px 16px;
  text-align: center;
}
.comments .thread-toggle {
  cursor: pointer;
  display: inline-block;
}
.comments .continue {
  cursor: pointer;
}
.comments .continue a {
  display: block;
  padding: 0.5em;
  font-weight: bold;
}
.comments .comments-content .loadmore {
  cursor: pointer;
  max-height: 3em;
  margin-top: 3em;
}
.comments .comments-content .loadmore.loaded {
  max-height: 0px;
  opacity: 0;
  overflow: hidden;
}
.comments .thread-chrome.thread-collapsed {
  display: none;
}
.comments .thread-toggle {
  display: inline-block;
}
.comments .thread-toggle .thread-arrow {
  display: inline-block;
  height: 6px;
  width: 7px;
  overflow: visible;
  margin: 0.3em;
  padding-right: 4px;
}
.comments .thread-expanded .thread-arrow {
  background: url(&quot;data:image/png;base64,iVBORw0KGgoAAAANSUhEUgAAAAcAAAAHCAYAAADEUlfTAAAAG0lEQVR42mNgwAfKy8v/48I4FeA0AacVDFQBAP9wJkE/KhUMAAAAAElFTkSuQmCC&quot;) no-repeat scroll 0 0 transparent;
}
.comments .thread-collapsed .thread-arrow {
  background: url(&quot;data:image/png;base64,iVBORw0KGgoAAAANSUhEUgAAAAcAAAAHCAYAAADEUlfTAAAAJUlEQVR42mNgAILy8vL/DLgASBKnApgkVgXIkhgKiNKJ005s4gDLbCZBiSxfygAAAABJRU5ErkJggg==&quot;) no-repeat scroll 0 0 transparent;
}
.comments .avatar-image-container {
  float: left;
  width: 36px;
  max-height: 36px;
  overflow: hidden;
}
.comments .avatar-image-container img {
  width: 36px;
}
.comments .comment-block {
  margin-left: 48px;
  position: relative;
}

/* Responsive styles. */
@media screen and (max-device-width: 480px) {
  .comments .comments-content .comment-replies {
    margin-left: 0;
  }
}
  </style>
</b:includable>
<b:includable id='mobile-index-post' var='post'>
  <b:if cond='data:post.dateHeader'>
    <div class='mobile-index-date'>
      <div class='date-header'>
        <span><data:post.dateHeader/></span>
      </div>
    </div>
  </b:if>

  <div class='mobile-post-outer'>
    <div class='mobile-index-title-outer'>
      <h3 class='mobile-index-title entry-title'>
        <a href='javascript:void(0)'><data:post.title/></a>
      </h3>
    </div>

    <div>
      <div class='mobile-index-arrow'>
        <a href='javascript:void(0)'>&amp;rsaquo;</a>
      </div>

      <div class='mobile-post-contents'>
        <b:if cond='data:post.thumbnailUrl'>
          <div class='mobile-index-thumbnail'>
            <div class='Image'>
              <img expr:src='data:post.thumbnailUrl'/>
            </div>
          </div>
        </b:if>

        <div class='post-body'>
          <b:if cond='data:post.snippet'><data:post.snippet/></b:if>
        </div>
      </div>
      <div style='clear: both;'/>
    </div>

    <div class='mobile-index-comment'>
      <b:if cond='data:blog.pageType != &quot;item&quot;'>
        <b:if cond='data:blog.pageType != &quot;static_page&quot;'>
          <b:if cond='data:post.allowComments'>
            <b:if cond='data:post.numComments != 0'>
              <a class='comment-link' expr:href='data:post.addCommentUrl' expr:onclick='data:post.addCommentOnclick'><b:if cond='data:post.numComments == 1'>1 <data:top.commentLabel/><b:else/><data:post.numComments/> <data:top.commentLabelPlural/></b:if></a>
            </b:if>
          </b:if>
        </b:if>
      </b:if>
    </div>
  </div>
</b:includable>
<b:includable id='feedLinksBody' var='links'>
  <div class='feed-links'>
  <data:feedLinksMsg/>
  <b:loop values='data:links' var='f'>
     <a class='feed-link' expr:href='data:f.url' expr:type='data:f.mimeType' target='_blank'><data:f.name/> (<data:f.feedType/>)</a>
  </b:loop>
  </div>
</b:includable>
<b:includable id='comments' var='post'>
  <div class='comments' id='comments'>
    <a name='comments'/>
    <b:if cond='data:post.allowComments'>
      <h4>
        <b:if cond='data:post.numComments == 1'>
          1 <data:commentLabel/>:
        <b:else/>
          <data:post.numComments/> <data:commentLabelPlural/>:
        </b:if>
      </h4>

      <b:if cond='data:post.commentPagingRequired'>
        <span class='paging-control-container'>
          <a expr:class='data:post.oldLinkClass' expr:href='data:post.oldestLinkUrl'><data:post.oldestLinkText/></a>
          &#160;
          <a expr:class='data:post.oldLinkClass' expr:href='data:post.olderLinkUrl'><data:post.olderLinkText/></a>
          &#160;
          <data:post.commentRangeText/>
          &#160;
          <a expr:class='data:post.newLinkClass' expr:href='data:post.newerLinkUrl'><data:post.newerLinkText/></a>
          &#160;
          <a expr:class='data:post.newLinkClass' expr:href='data:post.newestLinkUrl'><data:post.newestLinkText/></a>
        </span>
      </b:if>

      <div expr:id='data:widget.instanceId + &quot;_comments-block-wrapper&quot;'>
        <dl expr:class='data:post.avatarIndentClass' id='comments-block'>
          <b:loop values='data:post.comments' var='comment'>
            <dt expr:class='&quot;comment-author &quot; + data:comment.authorClass' expr:id='data:comment.anchorName'>
              <b:if cond='data:comment.favicon'>
                <img expr:src='data:comment.favicon' height='16px' style='margin-bottom:-2px;' width='16px'/>
              </b:if>
              <a expr:name='data:comment.anchorName'/>
              <b:if cond='data:blog.enabledCommentProfileImages'>
                <data:comment.authorAvatarImage/>
              </b:if>
              <b:if cond='data:comment.authorUrl'>
                <a expr:href='data:comment.authorUrl' rel='nofollow'><data:comment.author/></a>
              <b:else/>
                <data:comment.author/>
              </b:if>
              <data:commentPostedByMsg/>
            </dt>
            <dd class='comment-body' expr:id='data:widget.instanceId + data:comment.cmtBodyIdPostfix'>
              <b:if cond='data:comment.isDeleted'>
                <span class='deleted-comment'><data:comment.body/></span>
              <b:else/>
                <p>
                  <data:comment.body/>
                </p>
              </b:if>
            </dd>
            <dd class='comment-footer'>
              <span class='comment-timestamp'>
                <a expr:href='data:comment.url' title='comment permalink'>
                  <data:comment.timestamp/>
                </a>
                <b:include data='comment' name='commentDeleteIcon'/>
              </span>
            </dd>
          </b:loop>
        </dl>
      </div>

      <b:if cond='data:post.commentPagingRequired'>
        <span class='paging-control-container'>
          <a expr:class='data:post.oldLinkClass' expr:href='data:post.oldestLinkUrl'>
            <data:post.oldestLinkText/>
          </a>
          <a expr:class='data:post.oldLinkClass' expr:href='data:post.olderLinkUrl'>
            <data:post.olderLinkText/>
          </a>
          &#160;
          <data:post.commentRangeText/>
          &#160;
          <a expr:class='data:post.newLinkClass' expr:href='data:post.newerLinkUrl'>
            <data:post.newerLinkText/>
          </a>
          <a expr:class='data:post.newLinkClass' expr:href='data:post.newestLinkUrl'>
            <data:post.newestLinkText/>
          </a>
        </span>
      </b:if>

      <p class='comment-footer'>
        <b:if cond='data:post.embedCommentForm'>
          <b:if cond='data:post.allowNewComments'>
            <b:include data='post' name='comment-form'/>
          <b:else/>
            <data:post.noNewCommentsText/>
          </b:if>
        <b:else/>
          <b:if cond='data:post.allowComments'>
            <a expr:href='data:post.addCommentUrl' expr:onclick='data:post.addCommentOnclick'><data:postCommentMsg/></a>
          </b:if>
        </b:if>

      </p>
    </b:if>
    <b:if cond='data:showCmtPopup'>
      <div id='comment-popup'>
        <iframe allowtransparency='true' frameborder='0' id='comment-actions' name='comment-actions' scrolling='no'>
        </iframe>
      </div>
    </b:if>

    <div id='backlinks-container'>
    <div expr:id='data:widget.instanceId + &quot;_backlinks-container&quot;'>
       <b:if cond='data:post.showBacklinks'>
         <b:include data='post' name='backlinks'/>
       </b:if>
    </div>
    </div>
  </div>
</b:includable>
</b:widget>
</b:section>
<b:if cond='data:blog.url == data:blog.homepageUrl'>
<script type='text/javascript'>
var home_page=&quot;/&quot;;
var urlactivepage=location.href;
var postperpage=5;
var numshowpage=5;
var upPageWord =&#39;Prev&#39;;
var downPageWord =&#39;Next&#39;;
</script>
<script src='http://creatingwebsite.googlecode.com/files/pagenavi-creatingwebsite.js' type='text/javascript'/>
      <div id='mainbottom-wrapper'>
<b:section class='mainbottom' id='mainbottom' preferred='yes'>
<b:widget id='PopularPosts1' locked='false' title='Popular Posts' type='PopularPosts'>
<b:includable id='main'>
  <b:if cond='data:title'><h2><data:title/></h2></b:if>
  <div class='widget-content popular-posts'>
    <ul>
      <b:loop values='data:posts' var='post'>
      <li>
        <b:if cond='data:showThumbnails == &quot;false&quot;'>
          <b:if cond='data:showSnippets == &quot;false&quot;'>
            <!-- (1) No snippet/thumbnail -->
            <a expr:href='data:post.href'><data:post.title/></a>
          <b:else/>
            <!-- (2) Show only snippets -->
            <div class='item-title'><a expr:href='data:post.href'><data:post.title/></a></div>
            <div class='item-snippet'><data:post.snippet/></div>
          </b:if>
        <b:else/>
          <b:if cond='data:showSnippets == &quot;false&quot;'>
            <!-- (3) Show only thumbnails -->
            <div class='item-thumbnail-only'>
              <b:if cond='data:post.thumbnail'>
                <div class='item-thumbnail'>
                  <a expr:href='data:post.href' target='_blank'>
                    <img alt='' border='0' expr:height='data:thumbnailSize' expr:src='data:post.thumbnail' expr:width='data:thumbnailSize'/>
                  </a>
                </div>
              </b:if>
              <div class='item-title'><a expr:href='data:post.href'><data:post.title/></a></div>
            </div>
            <div style='clear: both;'/>
          <b:else/>
            <!-- (4) Show snippets and thumbnails -->
            <div class='item-content'>
              <b:if cond='data:post.thumbnail'>
                <div class='item-thumbnail'>
                  <a expr:href='data:post.href' target='_blank'>
                    <img alt='' border='0' expr:height='data:thumbnailSize' expr:src='data:post.thumbnail' expr:width='data:thumbnailSize'/>
                  </a>
                </div>
              </b:if>
              <div class='item-title'><a expr:href='data:post.href'><data:post.title/></a></div>
              <div class='item-snippet'><data:post.snippet/></div>
            </div>
            <div style='clear: both;'/>
          </b:if>
        </b:if>
      </li>
      </b:loop>
    </ul>
    <b:include name='quickedit'/>
  </div>
</b:includable>
</b:widget>
</b:section>
      </div>
</b:if>
      </div>

      <div id='sidebar-wrapper'>
        <b:section class='sidebar' id='sidebar' preferred='yes'>
<b:widget id='HTML1' locked='false' title='Teknologi' type='HTML'>
<b:includable id='main'>
  <!-- only display title if it's non-empty -->
  <b:if cond='data:title != &quot;&quot;'>
    <h2 class='title'><data:title/></h2>
  </b:if>
  <div class='widget-content'>
    <data:content/>
  </div>

  <b:include name='quickedit'/>
</b:includable>
</b:widget>
</b:section>
      </div>
<b:if cond='data:blog.pageType != &quot;item&quot;'>
      <div id='sidebarright-wrapper'>
        <b:section class='sidebarright' id='sidebarright' preferred='yes'>
<b:widget id='Label1' locked='false' title='Labels' type='Label'>
<b:includable id='main'>
  <b:if cond='data:title'>
    <h2><data:title/></h2>
  </b:if>
  <div expr:class='&quot;widget-content &quot; + data:display + &quot;-label-widget-content&quot;'>
    <b:if cond='data:display == &quot;list&quot;'>
      <ul>
      <b:loop values='data:labels' var='label'>
        <li>
          <b:if cond='data:blog.url == data:label.url'>
            <span expr:dir='data:blog.languageDirection'><data:label.name/></span>
          <b:else/>
            <a expr:dir='data:blog.languageDirection' expr:href='data:label.url'><data:label.name/></a>
          </b:if>
          <b:if cond='data:showFreqNumbers'>
            <span dir='ltr'>(<data:label.count/>)</span>
          </b:if>
        </li>
      </b:loop>
      </ul>
    <b:else/>
      <b:loop values='data:labels' var='label'>
        <span expr:class='&quot;label-size label-size-&quot; + data:label.cssSize'>
          <b:if cond='data:blog.url == data:label.url'>
            <span expr:dir='data:blog.languageDirection'><data:label.name/></span>
          <b:else/>
            <a expr:dir='data:blog.languageDirection' expr:href='data:label.url'><data:label.name/></a>
          </b:if>
          <b:if cond='data:showFreqNumbers'>
            <span class='label-count' dir='ltr'>(<data:label.count/>)</span>
          </b:if>
        </span>
      </b:loop>
    </b:if>
    <b:include name='quickedit'/>
  </div>
</b:includable>
</b:widget>
</b:section>
      </div>
</b:if>
      <!-- spacer for skins that want sidebar and main to be the same height-->
      <div class='clear'>&#160;</div>

    </div> <!-- end content-wrapper -->
<div class='menubottompic'>
<div class='menubottom'>
<ul>
<li><a href='http://feeds.feedburner.com/JohnyTemplate' title='Posts RSS'>Posts RSS</a></li>
<li><a href='http://johnytemplate.blogspot.com/feeds/comments/default' title='Comments RSS'>Comments RSS</a></li>
<li><a href='http://johnytemplate.blogspot.com/2011/12/color-code-to-easier-your-customization.html'>Color Code</a></li>
<li><a href='http://johnytemplate.blogspot.com/search?max-results=300'>Archieves</a></li>

<li><a href='http://twitter.com/maskolis'>Twitter</a></li>
<li><a href='http://www.facebook.com/home.php?sk=group_191584964195748'>Facebook</a></li>
<li><a href='https://docs.google.com/spreadsheet/viewform?formkey=dHNGZ1FNMzNGOEdIQ2pvenp2RWRPb3c6MQ'>Contact us</a></li>
</ul>
</div>
<div class='bottomsearch'>
<div style='float:right;padding:12px 15px 0 0;'>
<form action='http://www.google.com/search' method='get' target='_blank'>
<input name='sitesearch' style='display:none;' value='http://johnypaper.blogspot.com'/>
<input id='search-box' name='q' onblur='if(this.value==&apos;&apos;)this.value=this.defaultValue;' onfocus='if(this.value==this.defaultValue)this.value=&apos;&apos;;' style='width:170px;border:none;padding:4px 10px; font:italic 12px Georgia;color:#666; background:url(http://4.bp.blogspot.com/-JhTpzXNBwck/TqUak4btitI/AAAAAAAAA4A/Z-HYoA5zewo/s1600/bg_field.gif) no-repeat;' type='text' value='Search on this site...'/><input align='top' id='search-btn' src='http://4.bp.blogspot.com/-HbVtnk3fuBA/Tvwzxz9DHRI/AAAAAAAAAB8/HA1BpaTg8Cc/s1600/bg_search.gif' type='image' value='Search'/>

</form>
</div>
</div>
<div style='clear:both;'/>
</div>

<b:if cond='data:blog.pageType != &quot;item&quot;'>
<div class='picfooter'>
<div id='footer-wrapper'>
<b:section class='footer' id='footer' preferred='yes'/>

<div id='footer1-wrapper'>
<b:section class='footer' id='footer1' preferred='yes'>
<b:widget id='LinkList1' locked='false' title='Blogroll' type='LinkList'>
<b:includable id='main'>

<b:if cond='data:title'><h2><data:title/></h2></b:if>
 <div class='widget-content'>
   <ul>
     <b:loop values='data:links' var='link'>
       <li><a expr:href='data:link.target'><data:link.name/></a></li>
     </b:loop>
   </ul>
   <b:include name='quickedit'/>
 </div>
</b:includable>
</b:widget>
</b:section>
</div>

<div id='footer2-wrapper'>
<b:section class='footer' id='footer2' preferred='yes'>
<b:widget id='Text1' locked='false' title='Template Information' type='Text'>
<b:includable id='main'>
  <!-- only display title if it's non-empty -->
  <b:if cond='data:title != &quot;&quot;'>
    <h2 class='title'><data:title/></h2>
  </b:if>
  <div class='widget-content'>
    <data:content/>
  </div>

  <b:include name='quickedit'/>
</b:includable>
</b:widget>
</b:section>
</div>

<div id='footer3-wrapper'>
<b:section class='footer' id='footer3' preferred='yes'>
<b:widget id='Text2' locked='false' title='Updates Template' type='Text'>
<b:includable id='main'>
  <!-- only display title if it's non-empty -->
  <b:if cond='data:title != &quot;&quot;'>
    <h2 class='title'><data:title/></h2>
  </b:if>
  <div class='widget-content'>
    <data:content/>
  </div>

  <b:include name='quickedit'/>
</b:includable>
</b:widget>
</b:section>
</div> <div style='clear:both;'/>

</div>
</div>
</b:if>

<div class='creditpic'>
<div class='credit'>
Copyright &#169; 2011. <a class='sitename' expr:href='data:blog.homepageUrl' expr:title='data:blog.title'><data:blog.title/></a> . All Rights Reserved.<br/>
<a href='#'>Company Info</a> | <a href='#'>Contact Us</a> | <a href='#'>Privacy policy</a> | <a href='#'>Term of use</a> | <a href='#'>Widget</a> | <a href='#'>Advertise with Us</a> | <a href='#'>Site map</a><br/>
Template Design by <a href='http://creatingwebsite-maskolis.blogspot.com/'>Creating Website</a>. Inspired from <a href='http://rockettheme.com/'>Metamorph RocketTheme</a>
</div>
</div>

  </div></div> <!-- end outer-wrapper -->
<script src='http://dl.dropbox.com/u/12924430/contentslider.js'/>
<script>
//<![CDATA[
featuredcontentslider.init({
id: "slider1", //id of main slider DIV
contentsource: ["inline", ""], //Valid values: ["inline", ""] or ["ajax", "path_to_file"]
toc: "#increment", //Valid values: "#increment", "markup", ["label1", "label2", etc]
nextprev: ["Previous", "Next"], //labels for "prev" and "next" links. Set to "" to hide.
enablefade: [true, 0.5], //[true/false, fadedegree]
autorotate: [true, 6000], //[true/false, pausetime]
onChange: function(previndex, curindex){ //event handler fired whenever script changes slide
//previndex holds index of last slide viewed b4 current (1=1st slide, 2nd=2nd etc)
//curindex holds index of currently shown slide (1=1st slide, 2nd=2nd etc)
}
})
//]]>
</script>
</body>
</html>