<?xml version="1.0" encoding="UTF-8" ?>
<!DOCTYPE html PUBLIC "-//W3C//DTD XHTML 1.0 Strict//EN" "http://www.w3.org/TR/xhtml1/DTD/xhtml1-strict.dtd">
<html expr:dir='data:blog.languageDirection' xmlns='http://www.w3.org/1999/xhtml' xmlns:b='http://www.google.com/2005/gml/b' xmlns:data='http://www.google.com/2005/gml/data' xmlns:expr='http://www.google.com/2005/gml/expr'>
  <head>
    <b:include data='blog' name='all-head-content'/>

<b:if cond='data:blog.url == data:blog.homepageUrl'>
<meta content='DESCRIPTION HERE' name='description'/>
<meta content='KEYWORDS HERE' name='keywords'/>
</b:if>

<!-- Start www.bloggertipandtrick.net: Changing the Blogger Title Tag  -->
<b:if cond='data:blog.pageType == &quot;index&quot;'>
<title><data:blog.pageTitle/></title> 
<b:else/>
<title><data:blog.pageName/> ~ <data:blog.title/></title>
</b:if>
<!-- End www.bloggertipandtrick.net: Changing the Blogger Title Tag  -->

<link href='YOUR-FAVICON-URL' rel='shortcut icon' type='image/vnd.microsoft.icon'/>

    <b:skin><![CDATA[/*
-----------------------------------------------
Blogger Template Style
Name:   Company Style
Author: Lasantha Bandara
URL 1:  http://www.premiumbloggertemplates.com/
URL 2:  http://www.bloggertipandtrick.net/
Date:   September 2010
License:  This free Blogger template is licensed under the Creative Commons Attribution 3.0 License, which permits both personal and commercial use.
However, to satisfy the 'attribution' clause of the license, you are required to keep the footer links intact which provides due credit to its authors. For more specific details about the license, you may visit the URL below:
http://creativecommons.org/licenses/by/3.0/
----------------------------------------------- */

/* Variable definitions
   ====================
   <Variable name="bgcolor" description="Page Background Color"
             type="color" default="#fff" value="#ffffff">
   <Variable name="textcolor" description="Text Color"
             type="color" default="#333" value="#333333">
   <Variable name="linkcolor" description="Link Color"
             type="color" default="#58a" value="#5588aa">
   <Variable name="pagetitlecolor" description="Blog Title Color"
             type="color" default="#666" value="#666666">
   <Variable name="descriptioncolor" description="Blog Description Color"
             type="color" default="#999" value="#999999">
   <Variable name="titlecolor" description="Post Title Color"
             type="color" default="#c60" value="#cc6600">
   <Variable name="bordercolor" description="Border Color"
             type="color" default="#ccc" value="#cccccc">
   <Variable name="sidebarcolor" description="Sidebar Title Color"
             type="color" default="#999" value="#999999">
   <Variable name="sidebartextcolor" description="Sidebar Text Color"
             type="color" default="#666" value="#666666">
   <Variable name="visitedlinkcolor" description="Visited Link Color"
             type="color" default="#999" value="#999999">
   <Variable name="bodyfont" description="Text Font"
             type="font" default="normal normal 100% Georgia, Serif" value="normal normal 100% Georgia, Serif">
   <Variable name="headerfont" description="Sidebar Title Font"
             type="font"
             default="normal normal 78% 'Trebuchet MS',Trebuchet,Arial,Verdana,Sans-serif" value="normal normal 78% 'Trebuchet MS',Trebuchet,Arial,Verdana,Sans-serif">
   <Variable name="pagetitlefont" description="Blog Title Font"
             type="font"
             default="normal normal 200% Georgia, Serif" value="normal normal 200% Georgia, Serif">
   <Variable name="descriptionfont" description="Blog Description Font"
             type="font"
             default="normal normal 78% 'Trebuchet MS', Trebuchet, Arial, Verdana, Sans-serif" value="normal normal 78% 'Trebuchet MS', Trebuchet, Arial, Verdana, Sans-serif">
   <Variable name="postfooterfont" description="Post Footer Font"
             type="font"
             default="normal normal 78% 'Trebuchet MS', Trebuchet, Arial, Verdana, Sans-serif" value="normal normal 78% 'Trebuchet MS', Trebuchet, Arial, Verdana, Sans-serif">
   <Variable name="startSide" description="Side where text starts in blog language"
             type="automatic" default="left" value="left">
   <Variable name="endSide" description="Side where text ends in blog language"
             type="automatic" default="right" value="right">
*/

/* Use this with templates/template-twocol.html */

]]></b:skin>

<style type='text/css'>
body{background-color: #1f130d;color: #333333;font:75% &quot;Helvetica Neue&quot;,Arial,Helvetica,sans-serif;margin:0px 0px 0px 0px;padding:0px;}
a:link,a:visited{color:#c33d0b;outline:none;}
a:hover{color:#ff3d0b;outline:none;}
a img{border-width:0}
#body-wrapfull{margin:0px;padding:0px;}
#body-wrap{margin:0px;padding:0px;}

/* Header-----------------------------------------------*/
#header-wrapper{width:950px;margin:0 auto 0;height:90px;background:url() top right no-repeat}
#header-inner{background-position:center;margin-left:auto;margin-right:auto}
#header{margin:0;border:0 solid $bordercolor;color:$pagetitlecolor;float:left;width:50%}
#header h1{margin:0 5px 0;padding:1px 0 0 0px;font:bold 48px Arial,Helvetica,Sans-serif}
#header .description{padding-left:10px;color:#73594d;font-size:16px;font-weight:bold;}
#header h1 a,#header h1 a:visited{color:#fff;text-decoration:none}
#header h2{padding-left:15px;color:#736f74;font:14px Arial,Helvetica,Sans-serif}
#header2{float:right;width:48%}
#header2 .widget{padding:20px 0px 0 10px;float:right}
/* Outer-Wrapper----------------------------------------------- */
#outer-wrapper{background: url() center top no-repeat;width:950px;margin:0px auto 0px auto;padding:5px 0px 0px 0px;text-align:$startSide;font:$bodyfont}
#content-wrapper{background:#fff url(http://1.bp.blogspot.com/_AxdTtBbEEYQ/TJ57Q3wZpnI/AAAAAAAABog/wgGGk8aM3EU/s1600/content-background.png) top left repeat-x;border-top:5px solid #fff;}
#main-wrapper{width:610px;padding-left:15px;padding-right:0px;float:left;word-wrap:break-word;/* fix for long text breaking sidebar float in IE */
overflow:hidden;/* fix for long non-text content breaking IE sidebar float */
}
#rsidebar-wrapper{width:305px;float:right;margin-left:5px;margin-right:5px;word-wrap:break-word;/* fix for long text breaking sidebar float in IE */
overflow:hidden;/* fix for long non-text content breaking IE sidebar float */
}
/* Headings----------------------------------------------- */
h2{margin:1.5em 0 .75em;font:$headerfont;line-height:1.4em;text-transform:uppercase;letter-spacing:.2em;color:$sidebarcolor}
/* Posts-----------------------------------------------*/
h2.date-header{margin:1.5em 0 .5em}
.post{margin: 5px 0 25px 0;border-bottom: 0px solid #dddddd;padding-right:10px;}
.post h3{margin:0 0 8px 0;padding:0;color:#111111;font:bold 22px Arial, Verdana;line-height: 26px;}
.post h3 a,.post h3 a:visited,.post h3 strong{display:block;text-decoration:none;color:#111111;font:bold 22px Arial, Verdana;}
.post h3 strong,.post h3 a:hover{color:#611f06;font:bold 22px Arial, Verdana;text-decoration:underline;}
.post-body{margin:0 0 .75em;text-align:justify;padding-top:8px;font:14px/20px Arial,Verdana}
.post-body blockquote{overflow:hidden;padding-left:9px;font-style:italic;color:#666;border-left:3px solid #CADAE7;}
.post-footer{margin:.75em 0;color:$sidebarcolor;text-transform:uppercase;letter-spacing:.1em;font:$postfooterfont;line-height:1.4em}
.comment-link{margin-$startSide:.6em}
.post img{padding:0px;background:#dedcdc;border:0px solid #bfbdbd;margin:0 4px 4px 0}
/* Comments----------------------------------------------- */
#comments h4{margin:1em 0;font-weight:bold;line-height:1.4em;text-transform:uppercase;letter-spacing:.2em;color:$sidebarcolor}
#comments-block{margin:1em 0 1.5em;line-height:1.6em}
#comments-block .comment-author{margin:.5em 0}
#comments-block .comment-body{margin:.25em 0 0}
#comments-block .comment-footer{margin:-.25em 0 2em;line-height:1.4em;text-transform:uppercase;letter-spacing:.1em}
#comments-block .comment-body p{margin:0 0 .75em}
.deleted-comment{font-style:italic;color:gray}
#blog-pager-newer-link{float:$startSide}
#blog-pager-older-link{float:$endSide}
#blog-pager{text-align:center}
.feed-links{clear:both;line-height:2.5em}
/* Sidebar Content----------------------------------------------- */
.sidebar{line-height:1.5em;margin:0 0 10px 0}
.sidebar a{text-decoration:none;color:#333;}
.sidebar a:hover{text-decoration:underline;color:#bd3b0a}
.sidebar h2{margin:10px 0 0 0;padding:5px 0 5px 8px;font-size:12px;font-family:Arial,Helvetica,Sans-serif;font-weight:bold;text-transform:uppercase;color:#fff;background:#812806;}
.sidebar ul{list-style-type:none;margin:0 0 10px 0;padding:0}
.sidebar ul li{padding: 3px 0px 3px 18px;margin: 0px 0;background: url(http://2.bp.blogspot.com/_AxdTtBbEEYQ/TJ57QSTYitI/AAAAAAAABoY/Aeecn7qRlZk/s1600/bullet.gif) no-repeat top left;border-bottom:0px solid #1b1b1b}
.sidebar .widget{border-bottom:0 dotted $bordercolor;margin:0 0 0.2em;padding:0px 5px 4px 10px;}
.main .widget{border-bottom:0 dotted $bordercolor;margin:0 0 1.5em;padding:0 0 1.5em}
.main .Blog{border-bottom-width:0}
/* Profile ----------------------------------------------- */
.profile-img{float:$startSide;margin-top:0;margin-$endSide:5px;margin-bottom:5px;margin-$startSide:0;padding:4px;border:1px solid $bordercolor}
.profile-data{margin:0;text-transform:uppercase;letter-spacing:.1em;font:$postfooterfont;color:$sidebarcolor;font-weight:bold;line-height:1.6em}
.profile-datablock{margin:.5em 0 .5em}
.profile-textblock{margin:0.5em 0;line-height:1.6em}
.profile-link{font:$postfooterfont;text-transform:uppercase;letter-spacing:.1em}
#navbar-iframe{height:0;visibility:hidden;display:none}
#pagemenucontainer{height:30px;margin-top:20px;float:right}
#pagemenu{height:30px;float:right}
#pagemenu,#pagemenu ul{padding:0;margin:0;list-style:none;line-height:1}
#pagemenu{margin-bottom:1px}
#pagemenu ul{float:left;list-style:none;margin:0;padding:0}
#pagemenu li{float:left;list-style:none;margin:0;padding:0}
#pagemenu ul li{list-style:none;margin:0;padding:0}
#pagemenu li a,#pagemenu li a:link{color:#fbc3a7;display:block;margin:0 0 0 6px;padding:7px 0 6px 15px;text-decoration:none;text-transform:uppercase;font:bold 11px Arial,Helvetica,sans-serif}
#pagemenu li a:hover,#pagemenu li a:active,.current_page_item{background:url(images/pagenav-backgr.png);background-repeat:repeat-x;color:#fff;display:block;margin:0 0 0 6px;padding:7px 0 6px 15px;text-decoration:none}
#pagemenu li.current_page_item a{color:#fff}
#pagemenu li:hover,#pagemenu li.sfhover{position:static}
.navcontainer{height:36px;background:url(http://2.bp.blogspot.com/_AxdTtBbEEYQ/TJ57SFLhemI/AAAAAAAABo4/BwIZfRGlzdE/s1600/nav-backgr.png);padding-top:10px;border-bottom:1px solid #1f130d}
#nav{height:30px}
#nav,#nav ul{padding:0;margin:0;list-style:none;line-height:1}
#nav{margin-bottom:1px;padding-left:10px}
#nav ul{float:left;list-style:none;margin:0 0 0 0;padding:0}
#nav li{float:left;list-style:none;margin:0;padding:0}
#nav ul li{list-style:none;margin:0;padding:0}
#nav li a,#nav li a:link{color:#fff;display:block;margin:0 3px 0 3px;padding:6px 12px 6px 12px;text-decoration:none;font-size:12px;font-weight:bold;text-transform:uppercase;text-shadow:0 1px 0 #000;-moz-border-radius:10px;-khtml-border-radius:10px;-webkit-border-radius:10px;border-radius:10px}
#nav li a:hover,#nav li a:active,.current-cat{background:url(http://3.bp.blogspot.com/_AxdTtBbEEYQ/TJ57SH-Cs7I/AAAAAAAABpA/UYqA19334qI/s1600/nav-backgr-hover.png);background-repeat:repeat-x;color:#fff;display:block;margin:0 3px 0 3px;padding:6px 12px 6px 12px;text-decoration:none;-moz-border-radius:10px;-khtml-border-radius:10px;-webkit-border-radius:10px;border-radius:10px}
#nav li.current-cat a{color:#fff;-moz-border-radius:10px;-khtml-border-radius:10px;-webkit-border-radius:10px;border-radius:10px}
#nav li:hover,#nav li.sfhover{position:static}
/* FOOTER */
#footer{background:#4e362a;padding:22px;text-align:center;color:#eee;font-size:13px;border-top:4px solid #5f4a3f}
#footer a{color:#eee}
#footer a:hover{text-decoration:none}
/* -- NUMBER PAGE NAVIGATION -- */
.showpageArea {float:left;}
.showpageNum a{font:15px Arial,Verdana;padding:4px 8px;margin:0 4px;text-decoration:none;background:transparent;color:#484646;border:1px solid transparent}
.showpageOf{margin:0 8px 0 0;color:#222;font:15px Arial,Verdana}
.showpageNum a:hover{color:#fff;background:#484646;border:1px solid #484646}
.showpageArea{margin:10px 0;font:15px Arial,Verdana;color:#111}
.showpagePoint{color:#fff;font:bold 15px Arial,Verdana;padding:4px 8px;margin:2px;border:1px solid #b33904;background:#b33904;text-decoration:none}
.showpage{padding:4px 8px;margin:0 4px;text-decoration:none;background:transparent;color:#484646;border:1px solid transparent;font:15px Arial,Verdana}
.showpage a{text-decoration:none;color:#484646;font:15px Arial,Verdana}
.showpage:hover{padding:4px 8px;margin:0 4px;text-decoration:none;background:#484646;color:#fff;border:1px solid #484646;font:15px Arial,Verdana}
.showpage a:hover{text-decoration:none;color:#fff;font:15px Arial,Verdana}
.addthis_toolbox{padding:15px 0 5px 0;text-align:center}
.addthis_toolbox .custom_images a{width:32px;height:32px;margin:0 4px 0 4px;padding:0}
.addthis_toolbox .custom_images a:hover img{opacity:1}
.addthis_toolbox .custom_images a img{opacity:0.85}
#comment-form iframe{padding:5px;width:500px}
#search{border:2px solid #521e05;height:30px;margin-top:10px;padding:0;background:#fff;text-align:right}
#search input{border:0;background:none;color:#000}
#s{width:210px;padding:4px;margin:3px 0 0 0;background:none}
#headerxx #s{width:220px}
#headerxx #search{margin-top:25px}
.feedtwitter{margin-top:25px !important;text-align:right}
div.span-1,div.span-2,div.span-3,div.span-4,div.span-5,div.span-6,div.span-7,div.span-8,div.span-9,div.span-10,div.span-11,div.span-12,div.span-13,div.span-14,div.span-15,div.span-16,div.span-17,div.span-18,div.span-19,div.span-20,div.span-21,div.span-22,div.span-23,div.span-24{float:left;margin-right:10px}
.span-1{width:30px}.span-2{width:70px}.span-3{width:110px}.span-4{width:150px}.span-5{width:190px}.span-6{width:230px}.span-7{width:270px}.span-8{width:310px}.span-9{width:350px}.span-10{width:390px}.span-11{width:430px}.span-12{width:470px}.span-13{width:510px}.span-14{width:550px}.span-15{width:590px}.span-16{width:630px}.span-17{width:670px}.span-18{width:710px}.span-19{width:750px}.span-20{width:790px}.span-21{width:830px}.span-22{width:870px}.span-23{width:910px}.span-24,div.span-24{width:950px;margin:0}input.span-1,textarea.span-1,input.span-2,textarea.span-2,input.span-3,textarea.span-3,input.span-4,textarea.span-4,input.span-5,textarea.span-5,input.span-6,textarea.span-6,input.span-7,textarea.span-7,input.span-8,textarea.span-8,input.span-9,textarea.span-9,input.span-10,textarea.span-10,input.span-11,textarea.span-11,input.span-12,textarea.span-12,input.span-13,textarea.span-13,input.span-14,textarea.span-14,input.span-15,textarea.span-15,input.span-16,textarea.span-16,input.span-17,textarea.span-17,input.span-18,textarea.span-18,input.span-19,textarea.span-19,input.span-20,textarea.span-20,input.span-21,textarea.span-21,input.span-22,textarea.span-22,input.span-23,textarea.span-23,input.span-24,textarea.span-24{border-left-width:1px!important;border-right-width:1px!important;padding-left:5px!important;padding-right:5px!important}input.span-1,textarea.span-1{width:18px!important}input.span-2,textarea.span-2{width:58px!important}input.span-3,textarea.span-3{width:98px!important}input.span-4,textarea.span-4{width:138px!important}input.span-5,textarea.span-5{width:178px!important}input.span-6,textarea.span-6{width:218px!important}input.span-7,textarea.span-7{width:258px!important}input.span-8,textarea.span-8{width:298px!important}input.span-9,textarea.span-9{width:338px!important}input.span-10,textarea.span-10{width:378px!important}input.span-11,textarea.span-11{width:418px!important}input.span-12,textarea.span-12{width:458px!important}input.span-13,textarea.span-13{width:498px!important}input.span-14,textarea.span-14{width:538px!important}input.span-15,textarea.span-15{width:578px!important}input.span-16,textarea.span-16{width:618px!important}input.span-17,textarea.span-17{width:658px!important}input.span-18,textarea.span-18{width:698px!important}input.span-19,textarea.span-19{width:738px!important}input.span-20,textarea.span-20{width:778px!important}input.span-21,textarea.span-21{width:818px!important}input.span-22,textarea.span-22{width:858px!important}input.span-23,textarea.span-23{width:898px!important}input.span-24,textarea.span-24{width:938px!important}.last{margin-right:0;padding-right:0}
.last,div.last{margin-right:0}
#aboutbar{background:#6a2105 url(http://4.bp.blogspot.com/_AxdTtBbEEYQ/TJ57QDiff8I/AAAAAAAABoQ/_48GgII0y50/s1600/about-background.png) top left repeat-x;padding:15px}
#aboutbar h3{color:#fae2da;padding:0 0 5px 0 !important;margin:0 0 0 0 !important;font:italic bold 22px Georgia,Times New Roman Times,Serif;text-shadow:0 1px 0 #000}
#aboutbar p{color:#f6d2c6;font:italic 14px Georgia,Times New Roman Times,Serif;margin-bottom:10px !important}
.about_image{border:5px solid #e9beaf;float:left;margin:0 15px 0 0}
.clearfix:after, .container:after {content:&quot;\0020&quot;;display:block;height:0;clear:both;visibility:hidden;overflow:hidden;}
.clearfix, .container {display:block;}
.clear {clear:both;}
</style>

  </head>

  <body>
<div id='body-wrapfull'><div id='body-wrap'>
  <div id='outer-wrapper'><div id='wrap2'>

    <!-- skip links for text browsers -->
    <span id='skiplinks' style='display:none;'>
      <a href='#main'>skip to main </a> |
      <a href='#sidebar'>skip to sidebar</a>
    </span>

<div class='span-24'>
<div id='pagemenucontainer'>
<ul id='pagemenu'>
<li class='current_page_item'><a expr:href='data:blog.homepageUrl' title='Home'>Home</a></li>
	<li><a expr:href='data:blog.homepageUrl + &quot;feeds/posts/default&quot;' title='Posts RSS'>Posts RSS</a></li>
	<li><a expr:href='data:blog.homepageUrl + &quot;feeds/comments/default&quot;' title='Comments RSS'>Comments RSS</a></li>
	<li><a href='#' title='Edit this link'>Edit</a></li>
</ul>
</div>
</div>

<div class='span-24' id='headerxx'>
    <div id='header-wrapper'>
      <b:section class='header' id='header' maxwidgets='1' showaddelement='no'>
<b:widget id='Header1' locked='true' title='Company Style (Header)' type='Header'>
<b:includable id='title'>
<a expr:href='data:blog.homepageUrl'><data:title/></a>
</b:includable>
<b:includable id='description'>
  <div class='descriptionwrapper'>
    <p class='description'><span><data:description/></span></p>
  </div>
</b:includable>
<b:includable id='main'>

  <b:if cond='data:useImage'>
    <b:if cond='data:imagePlacement == &quot;REPLACE&quot;'>
      <!--Show just the image, no text-->
      <div id='header-inner'>
        <a expr:href='data:blog.homepageUrl' style='display: block'>
          <img expr:alt='data:title' expr:height='data:height' expr:id='data:widget.instanceId + &quot;_headerimg&quot;' expr:src='data:sourceUrl' expr:width='data:width' style='display: block'/>
        </a>
      </div>
    <b:else/>
      <!--
      Show image as background to text. You can't really calculate the width
      reliably in JS because margins are not taken into account by any of
      clientWidth, offsetWidth or scrollWidth, so we don't force a minimum
      width if the user is using shrink to fit.
      This results in a margin-width's worth of pixels being cropped. If the
      user is not using shrink to fit then we expand the header.
      -->
      <div expr:style='&quot;background-image: url(\&quot;&quot; + data:sourceUrl + &quot;\&quot;); &quot;                      + &quot;background-position: &quot;                      + data:backgroundPositionStyleStr + &quot;; &quot;                      + data:widthStyleStr                      + &quot;min-height: &quot; + data:height + &quot;px;&quot;                      + &quot;_height: &quot; + data:height + &quot;px;&quot;                      + &quot;background-repeat: no-repeat; &quot;' id='header-inner'>
        <div class='titlewrapper' style='background: transparent'>
          <h1 class='title' style='background: transparent; border-width: 0px'>
            <b:include name='title'/>
          </h1>
        </div>
        <b:include name='description'/>
      </div>
    </b:if>
  <b:else/>
    <!--No header image -->
    <div id='header-inner'>
      <div class='titlewrapper'>
        <h1 class='title'>
          <b:include name='title'/>
        </h1>
      </div>
      <b:include name='description'/>
    </div>
  </b:if>
</b:includable>
</b:widget>
</b:section>

<div class='span-3 feedtwitter' style='margin-top: 5px; text-align:right;margin-left:40px;'>
<a expr:href='data:blog.homepageUrl + &quot;feeds/posts/default&quot;'><img src='http://4.bp.blogspot.com/_AxdTtBbEEYQ/TJ57Owkkz8I/AAAAAAAABng/CCtX5tNxEdc/s1600/rss.png' style='margin:0 4px 0 0;'/></a>		
<a href='http://twitter.com/USERNAME' title='Follow me on Twitter!'><img src='http://4.bp.blogspot.com/_AxdTtBbEEYQ/TJ57Pb2CfzI/AAAAAAAABn4/94dmaS6x4v4/s1600/twitter.png' style='margin:0 4px 0 0; ' title='Follow me on Twitter!'/></a>            		</div>


<div id='search' style='float:right;'>	 
<form action='/search' id='searchform' method='get'> 
<input id='s' name='q' onblur='if (this.value == &apos;&apos;)  {this.value = &apos;Search&apos;;}' onfocus='if (this.value == &apos;Search&apos;) {this.value = &apos;&apos;;}' type='text' value='Search'/>
<input src='http://4.bp.blogspot.com/_AxdTtBbEEYQ/TJ57PL_Xf_I/AAAAAAAABno/FybS9WfKBcU/s1600/search.gif' style='border:0; vertical-align: top;' type='image'/> 
</form>
</div>

</div>

</div>

<div style='clear:both;'/>

<div class='navcontainer'>
<ul id='nav'>
<li class='current-cat'><a expr:href='data:blog.homepageUrl' title='Home'>Home</a></li>
	<li><a expr:href='data:blog.homepageUrl + &quot;feeds/posts/default&quot;' title='Posts RSS'>Posts RSS</a></li>
	<li><a expr:href='data:blog.homepageUrl + &quot;feeds/comments/default&quot;' title='Comments RSS'>Comments RSS</a></li>
	<li><a href='#' title='Edit this link'>Edit</a></li>		
</ul>
</div>
<div style='clear:both;'/>

<!-- About Us Section Started -->

<b:if cond='data:blog.pageType != &quot;static_page&quot;'>
<b:if cond='data:blog.pageType != &quot;item&quot;'>

<div class='span-24'>
<div class='clearfix' id='aboutbar'>

<img align='left' class='about_image' src='http://2.bp.blogspot.com/_AxdTtBbEEYQ/TJ57PgiTSQI/AAAAAAAABoI/ZMbs09H1yR8/s1600/about_image.jpg'/>

<h3>Welcome to our website</h3>

<p>Lorem ipsum dolor sit amet, consectetur adipisicing elit, sed do eiusmod tempor incididunt ut labore et dolore magna aliqua. Ut enim ad minim veniam, quis nostrud exercitation ullamco laboris nisi ut aliquip ex ea commodo consequat. </p>
 
<p>Duis aute irure dolor in reprehenderit in voluptate velit esse cillum dolore eu fugiat nulla pariatur. Excepteur sint occaecat cupidatat non proident, sunt in culpa qui officia deserunt mollit anim id est laborum. ed ut perspiciatis unde omnis iste.</p>

</div>
</div>

</b:if></b:if>

<!-- About Us Section End -->

<div style='clear:both;'/>
 
    <div id='content-wrapper'>

      <div id='crosscol-wrapper' style='text-align:center'>
        <b:section class='crosscol' id='crosscol' showaddelement='yes'>
<b:widget id='HTML1' locked='false' title='' type='HTML'>
<b:includable id='main'>
  <!-- only display title if it's non-empty -->
  <b:if cond='data:title != &quot;&quot;'>
    <h2 class='title'><data:title/></h2>
  </b:if>
  <div class='widget-content'>
    <data:content/>
  </div>

</b:includable>
</b:widget>
</b:section>
      </div>

      <div id='main-wrapper'>

        <b:section class='main' id='main' showaddelement='no'>
<b:widget id='Blog1' locked='true' title='Blog Posts' type='Blog'>
<b:includable id='nextprev'>
  <div class='blog-pager' id='blog-pager'>
    <b:if cond='data:newerPageUrl'>
      <span id='blog-pager-newer-link'>
      <a class='blog-pager-newer-link' expr:href='data:newerPageUrl' expr:id='data:widget.instanceId + &quot;_blog-pager-newer-link&quot;' expr:title='data:newerPageTitle'><data:newerPageTitle/></a>
      </span>
    </b:if>

    <b:if cond='data:olderPageUrl'>
      <span id='blog-pager-older-link'>
      <a class='blog-pager-older-link' expr:href='data:olderPageUrl' expr:id='data:widget.instanceId + &quot;_blog-pager-older-link&quot;' expr:title='data:olderPageTitle'><data:olderPageTitle/></a>
      </span>
    </b:if>

    <b:if cond='data:blog.homepageUrl != data:blog.url'>
      <a class='home-link' expr:href='data:blog.homepageUrl'><data:homeMsg/></a>
      <b:else/>
      <b:if cond='data:newerPageUrl'>
        <a class='home-link' expr:href='data:blog.homepageUrl'><data:homeMsg/></a>
      </b:if>
    </b:if>

  </div>
  <div class='clear'/>
</b:includable>
<b:includable id='shareButtons' var='post'>
  <b:if cond='data:post.sharePostUrl'>
      <a class='share-button sb-email' expr:href='data:post.sharePostUrl + &quot;&amp;target=email&quot;' expr:title='data:top.emailThisMsg' target='_blank'>
        <span class='share-button-link-text'><data:top.emailThisMsg/></span></a>
      <a class='share-button sb-blog' expr:href='data:post.sharePostUrl + &quot;&amp;target=blog&quot;' expr:onclick='&quot;window.open(this.href, \&quot;_blank\&quot;, \&quot;height=270,width=475\&quot;); return false;&quot;' expr:title='data:top.blogThisMsg' target='_blank'>
        <span class='share-button-link-text'><data:top.blogThisMsg/></span></a>
      <a class='share-button sb-twitter' expr:href='data:post.sharePostUrl + &quot;&amp;target=twitter&quot;' expr:title='data:top.shareToTwitterMsg' target='_blank'>
        <span class='share-button-link-text'><data:top.shareToTwitterMsg/></span></a>
      <a class='share-button sb-facebook' expr:href='data:post.sharePostUrl + &quot;&amp;target=facebook&quot;' expr:onclick='&quot;window.open(this.href, \&quot;_blank\&quot;, \&quot;height=430,width=640\&quot;); return false;&quot;' expr:title='data:top.shareToFacebookMsg' target='_blank'>
        <span class='share-button-link-text'><data:top.shareToFacebookMsg/></span></a>
      <a class='share-button sb-buzz' expr:href='data:post.sharePostUrl + &quot;&amp;target=buzz&quot;' expr:onclick='&quot;window.open(this.href, \&quot;_blank\&quot;, \&quot;height=415,width=690\&quot;); return false;&quot;' expr:title='data:top.shareToBuzzMsg' target='_blank'>
        <span class='share-button-link-text'><data:top.shareToBuzzMsg/></span></a>
  </b:if>
</b:includable>
<b:includable id='backlinks' var='post'>
  <a name='links'/><h4><data:post.backlinksLabel/></h4>
  <b:if cond='data:post.numBacklinks != 0'>
    <dl class='comments-block' id='comments-block'>
      <b:loop values='data:post.backlinks' var='backlink'>
        <div class='collapsed-backlink backlink-control'>
          <dt class='comment-title'>
            <span class='backlink-toggle-zippy'>&#160;</span>
            <a expr:href='data:backlink.url' rel='nofollow'><data:backlink.title/></a>
            <b:include data='backlink' name='backlinkDeleteIcon'/>
          </dt>
          <dd class='comment-body collapseable'>
            <data:backlink.snippet/>
          </dd>
          <dd class='comment-footer collapseable'>
            <span class='comment-author'><data:post.authorLabel/> <data:backlink.author/></span>
            <span class='comment-timestamp'><data:post.timestampLabel/> <data:backlink.timestamp/></span>
          </dd>
        </div>
      </b:loop>
    </dl>
  </b:if>
  <p class='comment-footer'>
    <a class='comment-link' expr:href='data:post.createLinkUrl' expr:id='data:widget.instanceId + &quot;_backlinks-create-link&quot;' target='_blank'><data:post.createLinkLabel/></a>
  </p>
</b:includable>
<b:includable id='post' var='post'>
  <div class='post hentry'>
    <a expr:name='data:post.id'/>
    <b:if cond='data:post.title'>
      <h3 class='post-title entry-title'>
     <b:if cond='data:post.link'>
       <a expr:href='data:post.link'><data:post.title/></a>
     <b:else/>
        <b:if cond='data:post.url'>
          <a expr:href='data:post.url'><data:post.title/></a>
        <b:else/>
          <data:post.title/>
        </b:if>
     </b:if>
      </h3>
    </b:if>

    <div class='post-header-line-1'/>

    <div class='post-body entry-content'>


<p><script type='text/javascript'>
summary_noimg = 800;
summary_img = 650;
img_thumb_height = 195;
img_thumb_width = 260; 
</script>
<script type='text/javascript'>
//<![CDATA[

function removeHtmlTag(strx,chop){ 
	if(strx.indexOf("<")!=-1)
	{
		var s = strx.split("<"); 
		for(var i=0;i<s.length;i++){ 
			if(s[i].indexOf(">")!=-1){ 
				s[i] = s[i].substring(s[i].indexOf(">")+1,s[i].length); 
			} 
		} 
		strx =  s.join(""); 
	}
	chop = (chop < strx.length-1) ? chop : strx.length-2; 
	while(strx.charAt(chop-1)!=' ' && strx.indexOf(' ',chop)!=-1) chop++; 
	strx = strx.substring(0,chop-1); 
	return strx+'...'; 
}

function createSummaryAndThumb(pID){
	var div = document.getElementById(pID);
	var imgtag = "";
	var img = div.getElementsByTagName("img");
	var summ = summary_noimg;
	if(img.length>=1) {	
		imgtag = '<span style="float:left; padding:0px 10px 5px 0px;"><img src="'+img[0].src+'" width="'+img_thumb_width+'px" height="'+img_thumb_height+'px"/></span>';
		summ = summary_img;
	}
	
	var summary = imgtag + '<div>' + removeHtmlTag(div.innerHTML,summ) + '</div>';
	div.innerHTML = summary;
}

//]]>
</script>
<b:if cond='data:blog.pageType != &quot;static_page&quot;'>
<b:if cond='data:blog.pageType != &quot;item&quot;'>
<div expr:id='&quot;summary&quot; + data:post.id'><data:post.body/></div>
<script type='text/javascript'>createSummaryAndThumb(&quot;summary<data:post.id/>&quot;);</script>
<div><a expr:href='data:post.url'>Read more &#187;</a></div>
</b:if>
</b:if>
<b:if cond='data:blog.pageType == &quot;item&quot;'><data:post.body/></b:if>

<b:if cond='data:blog.pageType == &quot;static_page&quot;'><data:post.body/></b:if></p>

      <div style='clear: both;'/> <!-- clear for photos floats -->
    </div>
  
    <b:if cond='data:post.hasJumpLink'>
      <div class='jump-link'>
        <a expr:href='data:post.url + &quot;#more&quot;'><data:post.jumpText/></a>  
      </div>
    </b:if>
    
    <div class='post-footer'>
<div class='post-footer-line post-footer-line-1'/>
<div class='post-footer-line post-footer-line-2'/>
<div class='post-footer-line post-footer-line-3'/></div>
</div>
</b:includable>
<b:includable id='status-message'>
  <b:if cond='data:navMessage'>
  <div class='status-msg-wrap'>
    <div class='status-msg-body'>
      <data:navMessage/>
    </div>
    <div class='status-msg-border'>
      <div class='status-msg-bg'>
        <div class='status-msg-hidden'><data:navMessage/></div>
      </div>
    </div>
  </div>
  <div style='clear: both;'/>
  </b:if>
</b:includable>
<b:includable id='comment-form' var='post'>
  <div id='comment-form'>
    <a name='comment-form'/>
    <h4 id='comment-post-message'><data:postCommentMsg/></h4>
    <p><data:blogCommentMessage/></p>
    <data:blogTeamBlogMessage/>
    <a expr:href='data:post.commentFormIframeSrc' id='comment-editor-src'/>
    <iframe allowtransparency='true' class='blogger-iframe-colorize blogger-comment-from-post' frameborder='0' height='410' id='comment-editor' name='comment-editor' src='' width='500'/>
    <data:post.friendConnectJs/>
    <data:post.cmtfpIframe/>
    <script type='text/javascript'>
      BLOG_CMT_createIframe(&#39;<data:post.appRpcRelayPath/>&#39;, &#39;<data:post.communityId/>&#39;);
    </script>
  </div>
</b:includable>
<b:includable id='backlinkDeleteIcon' var='backlink'>
  <span expr:class='&quot;item-control &quot; + data:backlink.adminClass'>
    <a expr:href='data:backlink.deleteUrl' expr:title='data:top.deleteBacklinkMsg'>
      <img src='http://www.blogger.com/img/icon_delete13.gif'/>
    </a>
  </span>
</b:includable>
<b:includable id='postQuickEdit' var='post'>
  <b:if cond='data:post.editUrl'>
    <span expr:class='&quot;item-control &quot; + data:post.adminClass'>
      <a expr:href='data:post.editUrl' expr:title='data:top.editPostMsg'>
        <img alt='' class='icon-action' height='18' src='http://www.blogger.com/img/icon18_edit_allbkg.gif' width='18'/>
      </a>
    </span>
  </b:if>
</b:includable>
<b:includable id='main' var='top'>
  <!-- posts -->
  <div class='blog-posts hfeed'>

    <b:include data='top' name='status-message'/>

    <data:defaultAdStart/>
    <b:loop values='data:posts' var='post'>
      <b:if cond='data:post.dateHeader'>
        <h2 class='date-header'><data:post.dateHeader/></h2>
      </b:if>
      <b:include data='post' name='post'/>
      <b:if cond='data:blog.pageType == &quot;static_page&quot;'>
        <b:include data='post' name='comments'/>
      </b:if>
      <b:if cond='data:blog.pageType == &quot;item&quot;'>
        <b:include data='post' name='comments'/>
      </b:if>
      <b:if cond='data:post.includeAd'>
        <b:if cond='data:post.isFirstPost'>
          <data:defaultAdEnd/>
        <b:else/>
          <data:adEnd/>
        </b:if>
        <div class='inline-ad'>
          <data:adCode/>
        </div>
        <data:adStart/>
      </b:if>
      <b:if cond='data:post.trackLatency'>
        <data:post.latencyJs/>
      </b:if>
    </b:loop>
    <data:adEnd/>
  </div>

  <!-- navigation -->
  <b:include name='nextprev'/>
  
  <b:if cond='data:top.showStars'>
    <script src='http://www.google.com/jsapi' type='text/javascript'/>
    <script type='text/javascript'>
      google.load(&quot;annotations&quot;, &quot;1&quot;, {&quot;locale&quot;: &quot;<data:top.languageCode/>&quot;});
      function initialize() {
        google.annotations.setApplicationId(<data:top.blogspotReviews/>);
        google.annotations.createAll();
        google.annotations.fetch();
      }
      google.setOnLoadCallback(initialize);
    </script>
  </b:if>
</b:includable>
<b:includable id='commentDeleteIcon' var='comment'>
  <span expr:class='&quot;item-control &quot; + data:comment.adminClass'>
    <a expr:href='data:comment.deleteUrl' expr:title='data:top.deleteCommentMsg'>
      <img src='http://www.blogger.com/img/icon_delete13.gif'/>
    </a>
  </span>
</b:includable>
<b:includable id='feedLinks'>
  <b:if cond='data:blog.pageType != &quot;item&quot;'> <!-- Blog feed links -->
    <b:if cond='data:feedLinks'>
      <div class='blog-feeds'>
        <b:include data='feedLinks' name='feedLinksBody'/>
      </div>
    </b:if>

    <b:else/> <!--Post feed links -->
    <div class='post-feeds'>
      <b:loop values='data:posts' var='post'>
        <b:if cond='data:post.allowComments'>
          <b:if cond='data:post.feedLinks'>
            <b:include data='post.feedLinks' name='feedLinksBody'/>
          </b:if>
        </b:if>
      </b:loop>
    </div>
  </b:if>
</b:includable>
<b:includable id='feedLinksBody' var='links'>
  <div class='feed-links'>
  <data:feedLinksMsg/>
  <b:loop values='data:links' var='f'>
     <a class='feed-link' expr:href='data:f.url' expr:type='data:f.mimeType' target='_blank'><data:f.name/> (<data:f.feedType/>)</a>
  </b:loop>
  </div>
</b:includable>
<b:includable id='comments' var='post'>
  <div class='comments' id='comments'>
    <a name='comments'/>
    <b:if cond='data:post.allowComments'>
      <h4>
        <b:if cond='data:post.numComments == 1'>
          1 <data:commentLabel/>:
        <b:else/>
          <data:post.numComments/> <data:commentLabelPlural/>:
        </b:if>
      </h4>

      <b:if cond='data:post.commentPagingRequired'>
        <span class='paging-control-container'>
          <a expr:class='data:post.oldLinkClass' expr:href='data:post.oldestLinkUrl'><data:post.oldestLinkText/></a>
          &#160;
          <a expr:class='data:post.oldLinkClass' expr:href='data:post.olderLinkUrl'><data:post.olderLinkText/></a>
          &#160;
          <data:post.commentRangeText/>
          &#160;
          <a expr:class='data:post.newLinkClass' expr:href='data:post.newerLinkUrl'><data:post.newerLinkText/></a>
          &#160;
          <a expr:class='data:post.newLinkClass' expr:href='data:post.newestLinkUrl'><data:post.newestLinkText/></a>
        </span>
      </b:if>

      <dl expr:class='data:post.avatarIndentClass' id='comments-block'>
        <b:loop values='data:post.comments' var='comment'>
          <dt expr:class='&quot;comment-author &quot; + data:comment.authorClass' expr:id='data:comment.anchorName'>
            <b:if cond='data:comment.favicon'>
              <img expr:src='data:comment.favicon' height='16px' style='margin-bottom:-2px;' width='16px'/>
            </b:if>
            <a expr:name='data:comment.anchorName'/>
            <b:if cond='data:blog.enabledCommentProfileImages'>
              <data:comment.authorAvatarImage/>
            </b:if>
            <b:if cond='data:comment.authorUrl'>
              <a expr:href='data:comment.authorUrl' rel='nofollow'><data:comment.author/></a>
            <b:else/>
              <data:comment.author/>
            </b:if>
            <data:commentPostedByMsg/>
          </dt>
          <dd class='comment-body'>
            <b:if cond='data:comment.isDeleted'>
              <span class='deleted-comment'><data:comment.body/></span>
            <b:else/>
              <p><data:comment.body/></p>
            </b:if>
          </dd>
          <dd class='comment-footer'>
            <span class='comment-timestamp'>
              <a expr:href='data:comment.url' title='comment permalink'>
                <data:comment.timestamp/>
              </a>
              <b:include data='comment' name='commentDeleteIcon'/>
            </span>
          </dd>
        </b:loop>
      </dl>

      <b:if cond='data:post.commentPagingRequired'>
        <span class='paging-control-container'>
          <a expr:class='data:post.oldLinkClass' expr:href='data:post.oldestLinkUrl'>
            <data:post.oldestLinkText/>
          </a>
          <a expr:class='data:post.oldLinkClass' expr:href='data:post.olderLinkUrl'>
            <data:post.olderLinkText/>
          </a>
          &#160;
          <data:post.commentRangeText/>
          &#160;
          <a expr:class='data:post.newLinkClass' expr:href='data:post.newerLinkUrl'>
            <data:post.newerLinkText/>
          </a>
          <a expr:class='data:post.newLinkClass' expr:href='data:post.newestLinkUrl'>
            <data:post.newestLinkText/>
          </a>
        </span>
      </b:if>

      <p class='comment-footer'>
        <b:if cond='data:post.embedCommentForm'>
          <b:if cond='data:post.allowNewComments'>
            <b:include data='post' name='comment-form'/>
          <b:else/>
            <data:post.noNewCommentsText/>
          </b:if>
        <b:else/>
          <b:if cond='data:post.allowComments'>
            <a expr:href='data:post.addCommentUrl' expr:onclick='data:post.addCommentOnclick'><data:postCommentMsg/></a>
          </b:if>
        </b:if>

      </p>
    </b:if>

    <div id='backlinks-container'>
    <div expr:id='data:widget.instanceId + &quot;_backlinks-container&quot;'>
       <b:if cond='data:post.showBacklinks'>
         <b:include data='post' name='backlinks'/>
       </b:if>
    </div>
    </div>
  </div>
</b:includable>
</b:widget>
</b:section>
      </div>

      <div id='rsidebar-wrapper'>

        <b:section class='sidebar' id='sidebarright' preferred='yes'>
<b:widget id='Label1' locked='false' title='Labels' type='Label'>
<b:includable id='main'>
  <b:if cond='data:title'>
    <h2><data:title/></h2>
  </b:if>
  <div expr:class='&quot;widget-content &quot; + data:display + &quot;-label-widget-content&quot;'>
    <b:if cond='data:display == &quot;list&quot;'>
      <ul>
      <b:loop values='data:labels' var='label'>
        <li>
          <b:if cond='data:blog.url == data:label.url'>
            <span expr:dir='data:blog.languageDirection'><data:label.name/></span>
          <b:else/>
            <a expr:dir='data:blog.languageDirection' expr:href='data:label.url'><data:label.name/></a>
          </b:if>
          <b:if cond='data:showFreqNumbers'>
            <span dir='ltr'>(<data:label.count/>)</span>
          </b:if>
        </li>
      </b:loop>
      </ul>
    <b:else/>
      <b:loop values='data:labels' var='label'>
        <span expr:class='&quot;label-size label-size-&quot; + data:label.cssSize'>
          <b:if cond='data:blog.url == data:label.url'>
            <span expr:dir='data:blog.languageDirection'><data:label.name/></span>
          <b:else/>
            <a expr:dir='data:blog.languageDirection' expr:href='data:label.url'><data:label.name/></a>
          </b:if>
          <b:if cond='data:showFreqNumbers'>
            <span class='label-count' dir='ltr'>(<data:label.count/>)</span>
          </b:if>
        </span>
      </b:loop>
    </b:if>
    <b:include name='quickedit'/>
  </div>
</b:includable>
</b:widget>
<b:widget id='BlogArchive1' locked='false' title='Blog Archive' type='BlogArchive'>
<b:includable id='toggle' var='interval'>
  <b:if cond='data:interval.toggleId'>
  <b:if cond='data:interval.expclass == &quot;expanded&quot;'>
    <a class='toggle' href='javascript:void(0)'>
      <span class='zippy toggle-open'>&#9660;&#160;</span>
    </a>
  <b:else/>
    <a class='toggle' href='javascript:void(0)'>
      <span class='zippy'>
        <b:if cond='data:blog.languageDirection == &quot;rtl&quot;'>
          &#9668;&#160;
        <b:else/>
          &#9658;&#160;
        </b:if>
      </span>
    </a>
  </b:if>
 </b:if>
</b:includable>
<b:includable id='interval' var='intervalData'>
  <b:loop values='data:intervalData' var='i'>
      <ul class='hierarchy'>
        <li expr:class='&quot;archivedate &quot; + data:i.expclass'>
          <b:include data='i' name='toggle'/>
          <a class='post-count-link' expr:href='data:i.url'><data:i.name/></a>
            <span class='post-count' dir='ltr'>(<data:i.post-count/>)</span>
          <b:if cond='data:i.data'>
            <b:include data='i.data' name='interval'/>
          </b:if>
          <b:if cond='data:i.posts'>
            <b:include data='i.posts' name='posts'/>
          </b:if>
        </li>
      </ul>
  </b:loop>
</b:includable>
<b:includable id='menu' var='data'>
  <select expr:id='data:widget.instanceId + &quot;_ArchiveMenu&quot;'>
    <option value=''><data:title/></option>
    <b:loop values='data:data' var='i'>
      <option expr:value='data:i.url'><data:i.name/> (<data:i.post-count/>)</option>
    </b:loop>
  </select>
</b:includable>
<b:includable id='flat' var='data'>
  <ul class='flat'>
    <b:loop values='data:data' var='i'>
      <li class='archivedate'>
        <a expr:href='data:i.url'><data:i.name/></a> (<data:i.post-count/>)
      </li>
    </b:loop>
  </ul>
</b:includable>
<b:includable id='posts' var='posts'>
  <ul class='posts'>
    <b:loop values='data:posts' var='i'>
      <li><a expr:href='data:i.url'><data:i.title/></a></li>
    </b:loop>
  </ul>
</b:includable>
<b:includable id='main'>
  <b:if cond='data:title'>
    <h2><data:title/></h2>
  </b:if>
  <div class='widget-content'>
  <div id='ArchiveList'>
  <div expr:id='data:widget.instanceId + &quot;_ArchiveList&quot;'>
    <b:if cond='data:style == &quot;HIERARCHY&quot;'>
     <b:include data='data' name='interval'/>
    </b:if>
    <b:if cond='data:style == &quot;FLAT&quot;'>
      <b:include data='data' name='flat'/>
    </b:if>
    <b:if cond='data:style == &quot;MENU&quot;'>
      <b:include data='data' name='menu'/>
    </b:if>
  </div>
  </div>
  
  </div>
</b:includable>
</b:widget>
</b:section>

<p/></div>

      <!-- spacer for skins that want sidebar and main to be the same height-->
      <div class='clear'>&#160;</div>

    </div> <!-- end content-wrapper -->

<div class='span-24'>

<div id='footer'>WordPress Theme Design by <a href='http://newwpthemes.com/' target='_blank'>New WP Themes</a> | Bloggerized by <a href='http://www.bloggertipandtrick.net/' target='_blank'>Lasantha</a> - <a href='http://www.premiumbloggertemplates.com/' target='_blank'>Premiumbloggertemplates.com</a>
</div>
</div>

  </div></div> <!-- end outer-wrapper -->


<!-- PAGE NAVIGATION START-->

<script type='text/javascript'>
var pageCount=4;
var displayPageNum=3;
var upPageWord =&#39;&#171; &#39;;
var downPageWord =&#39; &#187;&#39;;
</script>
<script type='text/javascript'>
//<![CDATA[
function showpageCount(json){var thisUrl=home_page_url;var htmlMap=new Array();var thisNum=1;var postNum=1;var itemCount=0;var fFlag=0;var eFlag=0;var html='';var upPageHtml='';var downPageHtml='';for(var i=0,post;post=json.feed.entry[i];i++){var timestamp1=post.published.$t.substring(0,19)+post.published.$t.substring(23,29);timestamp=encodeURIComponent(timestamp1);var title=post.title.$t;if(title!=''){if(itemCount==0||(itemCount%pageCount==(pageCount-1))){if(thisUrl.indexOf(timestamp)!=-1){thisNum=postNum}if(title!='')postNum++;htmlMap[htmlMap.length]='/search?updated-max='+timestamp+'&max-results='+pageCount}}itemCount++}for(var p=0;p<htmlMap.length;p++){if(p>=(thisNum-displayPageNum-1)&&p<(thisNum+displayPageNum)){if(fFlag==0&&p==thisNum-2){if(thisNum==2){upPageHtml='<span class="showpage" style="padding: 4px 8px;margin:0 4px;text-decoration:none;color:#686868; border:0px solid #71644d;font-family: Arial, Verdana;font-size: 15px;"><a href="/">'+upPageWord+'</a></span>'}else{upPageHtml='<span class="showpage" style="padding: 4px 8px;margin:0 4px;text-decoration:none;color:#686868; border:0px solid #71644d;font-family: Arial, Verdana;font-size: 15px;"><a href="'+htmlMap[p]+'">'+upPageWord+'</a></span>'}fFlag++}if(p==(thisNum-1)){html+='<span class="showpagePoint">'+thisNum+'</span>'}else{if(p==0){html+='<span class="showpageNum"><a href="/">1</a></span>'}else{html+='<span class="showpageNum"><a href="'+htmlMap[p]+'">'+(p+1)+'</a></span>'}}if(eFlag==0&&p==thisNum){downPageHtml='<span class="showpage" style="padding: 4px 8px;margin:0 4px;text-decoration:none;color:#686868; border:0px solid #71644d;font-family: Arial, Verdana;font-size: 15px;"> <a href="'+htmlMap[p]+'">'+downPageWord+'</a></span>';eFlag++}}}if(thisNum>1){html=''+upPageHtml+' '+html+' '}html='<div class="showpageArea"><span style="COLOR: #484646;background:transparent;border: 1px solid transparent;font-size: 15px;padding:4px 8px;margin:0 4px;" class="showpageOf"> Pages '+(postNum-1)+'</span>'+html;if(thisNum<(postNum-1)){html+=downPageHtml}if(postNum==1)postNum++;html+='</div>';var pageArea=document.getElementsByName("pageArea");var blogPager=document.getElementById("blog-pager");if(postNum<=2){html=''}for(var p=0;p<pageArea.length;p++){pageArea[p].innerHTML=html}if(pageArea&&pageArea.length>0){html=''}if(blogPager){blogPager.innerHTML=html}}function showpageCount2(json){var thisUrl=home_page_url;var htmlMap=new Array();var isLablePage=thisUrl.indexOf("/search/label/")!=-1;var thisLable=isLablePage?thisUrl.substr(thisUrl.indexOf("/search/label/")+14,thisUrl.length):"";thisLable=thisLable.indexOf("?")!=-1?thisLable.substr(0,thisLable.indexOf("?")):thisLable;var thisNum=1;var postNum=1;var itemCount=0;var fFlag=0;var eFlag=0;var html='';var upPageHtml='';var downPageHtml='';var labelHtml='<span class="showpageNum"><a href="/search/label/'+thisLable+'?&max-results='+pageCount+'">';var thisUrl=home_page_url;for(var i=0,post;post=json.feed.entry[i];i++){var timestamp1=post.published.$t.substring(0,19)+post.published.$t.substring(23,29);timestamp=encodeURIComponent(timestamp1);var title=post.title.$t;if(title!=''){if(itemCount==0||(itemCount%pageCount==(pageCount-1))){if(thisUrl.indexOf(timestamp)!=-1){thisNum=postNum}if(title!='')postNum++;htmlMap[htmlMap.length]='/search/label/'+thisLable+'?updated-max='+timestamp+'&max-results='+pageCount}}itemCount++}for(var p=0;p<htmlMap.length;p++){if(p>=(thisNum-displayPageNum-1)&&p<(thisNum+displayPageNum)){if(fFlag==0&&p==thisNum-2){if(thisNum==2){upPageHtml=labelHtml+upPageWord+'</a></span>'}else{upPageHtml='<span class="showpage" style="padding: 4px 8px;margin:0 4px;text-decoration:none;background:transparent;color:#484646; border:0px solid #71644d;font-family: Arial, Verdana;font-size: 15px;"><a href="'+htmlMap[p]+'">'+upPageWord+'</a></span>'}fFlag++}if(p==(thisNum-1)){html+='<span class="showpagePoint">'+thisNum+'</span>'}else{if(p==0){html=labelHtml+'1</a></span>'}else{html+='<span class="showpageNum"><a href="'+htmlMap[p]+'">'+(p+1)+'</a></span>'}}if(eFlag==0&&p==thisNum){downPageHtml='<span class="showpage" style="padding: 4px 8px;margin:0 4px;text-decoration:none;color:#686868; border:0px solid #71644d;font-family: Arial, Verdana;font-size: 15px;"> <a href="'+htmlMap[p]+'">'+downPageWord+'</a></span>';eFlag++}}}if(thisNum>1){if(!isLablePage){html=''+upPageHtml+' '+html+' '}else{html=''+upPageHtml+' '+html+' '}}html='<div class="showpageArea"><span style="COLOR: #999;" class="showpageOf"> Pages ('+(postNum-1)+')</span>'+html;if(thisNum<(postNum-1)){html+=downPageHtml}if(postNum==1)postNum++;html+='</div>';var pageArea=document.getElementsByName("pageArea");var blogPager=document.getElementById("blog-pager");if(postNum<=2){html=''}for(var p=0;p<pageArea.length;p++){pageArea[p].innerHTML=html}if(pageArea&&pageArea.length>0){html=''}if(blogPager){blogPager.innerHTML=html}}var home_page_url=location.href;var thisUrl=home_page_url;if(thisUrl.indexOf("/search/label/")!=-1){if(thisUrl.indexOf("?updated-max")!=-1){var lblname1=thisUrl.substring(thisUrl.indexOf("/search/label/")+14,thisUrl.indexOf("?updated-max"))}else{var lblname1=thisUrl.substring(thisUrl.indexOf("/search/label/")+14,thisUrl.indexOf("?&max"))}}var home_page="/";if(thisUrl.indexOf("?q=")==-1){if(thisUrl.indexOf("/search/label/")==-1){document.write('<script src="'+home_page+'feeds/posts/summary?alt=json-in-script&callback=showpageCount&max-results=99999" ><\/script>')}else{document.write('<script src="'+home_page+'feeds/posts/full/-/'+lblname1+'?alt=json-in-script&callback=showpageCount2&max-results=99999" ><\/script>')}}
//]]>
</script>

<!-- PAGE NAVIGATION STOP-->

</div>
</div>

</body>
</html>