<?xml version="1.0" encoding="UTF-8" ?>
<!DOCTYPE html>
<html expr:dir='data:blog.languageDirection' xmlns='http://www.w3.org/1999/xhtml' xmlns:b='http://www.google.com/2005/gml/b' xmlns:data='http://www.google.com/2005/gml/data' xmlns:expr='http://www.google.com/2005/gml/expr'>
<head>
<meta content='width=device-width' name='viewport'/>
<b:include data='blog' name='all-head-content'/>
<link href='http://fonts.googleapis.com/css?family=Rufina%3A400%2C700&amp;subset=latin%2Clatin-ext&amp;ver=3.7-RC2' id='fiore-rufina-css' media='all' rel='stylesheet' type='text/css'/>

<!-- Start www.bloggertipandtrick.net: Changing the Blogger Title Tag  -->
<b:if cond='data:blog.pageType == &quot;index&quot;'>
<title><data:blog.pageTitle/></title> 
<b:else/>
<title><data:blog.pageName/> ~ <data:blog.title/></title>
</b:if>
<!-- End www.bloggertipandtrick.net: Changing the Blogger Title Tag  -->

<!--[if lt IE 9]>
<script src="http://html5shim.googlecode.com/svn/trunk/html5.js"></script>
<![endif]-->

<b:skin><![CDATA[/*
-----------------------------------------------
Template Name  : Fiore
Author         : NewBloggerThemes.com
Author URL     : http://newbloggerthemes.com/
Theme URL      : http://newbloggerthemes.com/fiore-blogger-template/
Created Date   : Thursday, October 24, 2013
License        : This template is free for both personal and commercial use, But to satisfy the 'attribution' clause of the license, you are required to keep the footer links intact which provides due credit to its authors.For more information about this license, please use this link :http://creativecommons.org/licenses/by/3.0/
----------------------------------------------- */
body#layout ul{list-style-type:none;list-style:none}
body#layout ul li{list-style-type:none;list-style:none}
body#layout #content {width:600px;}
body#layout #slidearea {display:none;}
body#layout #headbox{display:none;}
/* Variable definitions
====================
*/
/* Use this with templates/template-twocol.html */
.section, .widget {
margin:0;
padding:0;
}
/*
Resetting and rebuilding styles have been helped along thanks to the fine work of
Eric Meyer http://meyerweb.com/eric/tools/css/reset/index.html
along with Nicolas Gallagher and Jonathan Neal http://necolas.github.com/normalize.css/
and Blueprint http://www.blueprintcss.org/
*/
/* =Genericons
-------------------------------------------------------------- */
/**
* The font was graciously generated by Font Squirrel (http://www.fontsquirrel.com).
* We love those guys.
*/
@font-face {
font-family: 'Genericons';
src: url('font/genericons-regular-webfont.eot');
src: url('font/genericons-regular-webfont.eot?#iefix') format('embedded-opentype'),
url('font/genericons-regular-webfont.woff') format('woff'),
url('font/genericons-regular-webfont.ttf') format('truetype'),
url('font/genericons-regular-webfont.svg#genericonsregular') format('svg');
font-weight: normal;
font-style: normal;
}
/* =Reset
-------------------------------------------------------------- */
html, body, div, span, applet, object, iframe,
h1, h2, h3, h4, h5, h6, p, blockquote, pre,
a, abbr, acronym, address, big, cite, code,
del, dfn, em, font, ins, kbd, q, s, samp,
small, strike, strong, sub, sup, tt, var,
dl, dt, dd, ol, ul, li,
fieldset, form, label, legend,
table, caption, tbody, tfoot, thead, tr, th, td {
border: 0;
font-family: inherit;
font-size: 100%;
font-style: inherit;
font-weight: inherit;
margin: 0;
outline: 0;
padding: 0;
vertical-align: baseline;
}
html {
font-size: 62.5%; /* Corrects text resizing oddly in IE6/7 when body font-size is set using em units http://clagnut.com/blog/348/#c790 */
overflow-y: scroll; /* Keeps page centred in all browsers regardless of content height */
-webkit-text-size-adjust: 100%; /* Prevents iOS text size adjust after orientation change, without disabling user zoom */
-ms-text-size-adjust: 100%; /* www.456bereastreet.com/archive/201012/controlling_text_size_in_safari_for_ios_without_disabling_user_zoom/ */
}
body, .body-fauxcolumn-outer {
background: #fff;
}
article,
aside,
details,
figcaption,
figure,
footer,
header,
hgroup,
nav,
section {
display: block;
}
ol, ul {
list-style: none;
}
table { /* tables still need 'cellspacing="0"' in the markup */
border-collapse: separate;
border-spacing: 0;
}
caption, th, td {
font-weight: normal;
text-align: left;
}
blockquote:before, blockquote:after,
q:before, q:after {
content: "";
}
blockquote, q {
quotes: "" "";
}
a:focus {
outline: thin dotted;
}
a:hover,
a:active { /* Improves readability when focused and also mouse hovered in all browsers people.opera.com/patrickl/experiments/keyboard/test */
outline: 0;
}
a img {
border: 0;
}
/* =Global
----------------------------------------------- */
html {
height: 100%;
}
body, .body-fauxcolumn-outer {
background-color: #f4eedf;
background-size: 10px auto;
border-left: 20px solid #e47f53;
min-height: 100%;
}
body,
button,
input,
select,
textarea {
color: #666;
font-family: Rufina, Baskerville, "Times New Roman", serif;
font-size: 16px;
font-size: 1.6rem;
line-height: 1.5;
}
/* Headings */
h1,h2,h3,h4,h5,h6 {
clear: both;
font-family: Rufina, Baskerville, "Times New Roman", serif;
margin: 0 0 .75em;
}
h1 {
color: #e47f53;
font-size: 28px;
font-size: 2.8rem;
}
h2 {
color: #e47f53;
font-size: 24px;
font-size: 2.4rem;
}
h3 {
color: #b2cdc8;
font-size: 20px;
font-size: 2.0rem;
}
h4 {
color: #b2cdc8;
font-size: 18px;
font-size: 1.8rem;
}
h5 {
color: #999;
font-size: 16px;
font-size: 1.6rem;
letter-spacing: 1px;
text-transform: uppercase;
}
h6 {
color: #999;
font-size: 14px;
font-size: 1.4rem;
letter-spacing: 1px;
text-transform: uppercase;
}
hr {
background-color: #ccc;
border: 0;
height: 1px;
margin-bottom: 1.5em;
}
/* Text elements */
p {
margin-bottom: 1.5em;
}
ul, ol {
margin: 0 0 1.5em 3em;
}
ul {
list-style: disc;
}
ol {
list-style: decimal;
}
li > ul,
li > ol {
margin-bottom: 0;
margin-left: 1.5em;
}
dt {
border-bottom: 1px dashed rgba(202,191,123,.4);
font-weight: bold;
margin-bottom: .75em;
padding-bottom: .75em;
}
dd {
margin: 0 1.5em 1.5em;
}
b, strong {
font-weight: bold;
}
dfn, cite, em, i {
font-style: italic;
}
blockquote {
color: #999;
font-size: 20px;
font-size: 2.0rem;
margin: 0 1.5em;
text-shadow: 1px 1px 1px rgba(255,255,255,.8);
}
blockquote blockquote {
margin-right: 0;
}
address {
font-style: italic;
margin: 0 0 1.5em;
}
pre {
background: rgba(0,0,0,.03);
font-family: "Courier 10 Pitch", Courier, monospace;
font-size: 14px;
font-size: 1.4rem;
line-height: 1.6;
margin-bottom: 1.6em;
padding: 1.6em;
overflow: auto;
max-width: 100%;
}
code, kbd, tt, var {
font: 14px Monaco, Consolas, "Andale Mono", "DejaVu Sans Mono", monospace;
}
abbr, acronym {
border-bottom: 1px dotted #666;
cursor: help;
}
mark, ins {
background: #fff9c0;
text-decoration: none;
}
sup,
sub {
font-size: 75%;
height: 0;
line-height: 0;
position: relative;
vertical-align: baseline;
}
sup {
bottom: 1ex;
}
sub {
top: .5ex;
}
small {
font-size: 75%;
}
big {
font-size: 125%;
}
figure {
margin: 0;
}
table {
margin: 0 0 1.5em;
width: 100%;
}
th {
border-bottom: 1px dashed rgba(202,191,123,.4);
font-size: 14px;
font-size: 1.4rem;
font-weight: bold;
letter-spacing: 1px;
text-transform: uppercase;
}
td,
th {
padding: 7px 5px;
}
tr.alternate {
background: rgba(0,0,0,.01);
}
button,
input,
select,
textarea {
font-size: 100%; /* Corrects font size not being inherited in all browsers */
margin: 0; /* Addresses margins set differently in IE6/7, F3/4, S5, Chrome */
vertical-align: baseline; /* Improves appearance and consistency in all browsers */
*vertical-align: middle; /* Improves appearance and consistency in all browsers */
}
button,
input {
line-height: normal; /* Addresses FF3/4 setting line-height using !important in the UA stylesheet */
*overflow: visible;  /* Corrects inner spacing displayed oddly in IE6/7 */
}
button,
html input[type="button"],
input[type="reset"],
input[type="submit"] {
border: 1px solid #aaa;
border-color: #eee #eee #999 #eee;
border-radius: 3px;
background: #999;
-webkit-box-shadow: inset 0 1px 0 rgba(255, 255, 255, 0.2), inset 0 15px 17px rgba(255, 255, 255, 0.2), inset 0 -5px 12px rgba(0, 0, 0, 0.03);
-moz-box-shadow:    inset 0 1px 0 rgba(255, 255, 255, 0.2), inset 0 15px 17px rgba(255, 255, 255, 0.2), inset 0 -5px 12px rgba(0, 0, 0, 0.03);
box-shadow:         inset 0 1px 0 rgba(255, 255, 255, 0.2), inset 0 15px 17px rgba(255, 255, 255, 0.2), inset 0 -5px 12px rgba(0, 0, 0, 0.03);
color: rgba(255,255,255,.9);
cursor: pointer; /* Improves usability and consistency of cursor style between image-type 'input' and others */
-webkit-appearance: button; /* Corrects inability to style clickable 'input' types in iOS */
font-size: 12px;
font-size: 1.2rem;
letter-spacing: 1px;
line-height: 1;
padding: .6em 1em .3em;
text-transform: uppercase;
}
button:hover,
html input[type="button"]:hover,
input[type="reset"]:hover,
input[type="submit"]:hover {
border-color: #eee #ddd #999 #ddd;
-webkit-box-shadow: inset 0 1px 0 rgba(255, 255, 255, 0.3), inset 0 15px 17px rgba(255, 255, 255, 0.3), inset 0 -5px 12px rgba(0, 0, 0, 0.01);
-moz-box-shadow:    inset 0 1px 0 rgba(255, 255, 255, 0.3), inset 0 15px 17px rgba(255, 255, 255, 0.3), inset 0 -5px 12px rgba(0, 0, 0, 0.01);
box-shadow:         inset 0 1px 0 rgba(255, 255, 255, 0.3), inset 0 15px 17px rgba(255, 255, 255, 0.3), inset 0 -5px 12px rgba(0, 0, 0, 0.01);
}
button:focus,
html input[type="button"]:focus,
input[type="reset"]:focus,
input[type="submit"]:focus,
button:active,
html input[type="button"]:active,
input[type="reset"]:active,
input[type="submit"]:active {
border-color: #aaa #bbb #bbb #bbb;
-webkit-box-shadow: inset 0 -1px 0 rgba(255, 255, 255, 0.3), inset 0 2px 5px rgba(0, 0, 0, 0.15);
-moz-box-shadow:    inset 0 -1px 0 rgba(255, 255, 255, 0.3), inset 0 2px 5px rgba(0, 0, 0, 0.15);
box-shadow:         inset 0 -1px 0 rgba(255, 255, 255, 0.3), inset 0 2px 5px rgba(0, 0, 0, 0.15);
}
input[type="checkbox"],
input[type="radio"] {
box-sizing: border-box; /* Addresses box sizing set to content-box in IE8/9 */
padding: 0; /* Addresses excess padding in IE8/9 */
}
input[type="search"] {
-webkit-appearance: textfield; /* Addresses appearance set to searchfield in S5, Chrome */
-webkit-box-sizing: content-box; /* Addresses box sizing set to border-box in S5, Chrome (include -moz to future-proof) */
-moz-box-sizing:    content-box;
box-sizing:         content-box;
}
input[type="search"]::-webkit-search-decoration { /* Corrects inner padding displayed oddly in S5, Chrome on OSX */
-webkit-appearance: none;
}
button::-moz-focus-inner,
input::-moz-focus-inner { /* Corrects inner padding and border displayed oddly in FF3/4 www.sitepen.com/blog/2008/05/14/the-devils-in-the-details-fixing-dojos-toolbar-buttons/ */
border: 0;
padding: 0;
}
input[type="text"],
input[type="email"],
input[type="password"],
input[type="search"],
textarea {
color: #666;
border: 0;
border-left: 5px solid rgba(153,153,153,.8);
font-size: 14px;
font-size: 1.4rem;
min-height: 22px;
outline: none;
}
input[type="text"]:focus,
input[type="email"]:focus,
input[type="password"]:focus,
input[type="search"]:focus,
textarea:focus {
border-left: 5px solid rgba(153,153,153,1);
color: #111;
outline: none;
}
input[type="text"],
input[type="email"],
input[type="password"],
input[type="search"] {
padding-left: 3px;
}
textarea {
overflow: auto; /* Removes default vertical scrollbar in IE6/7/8/9 */
padding-left: 3px;
vertical-align: top; /* Improves readability and alignment in all browsers */
width: 98%;
}
/* Links */
a {
color: #e47f53;
text-decoration: none;
}
a:visited {
color: #e47f53;
}
a:hover,
a:focus,
a:active {
border-bottom: 1px dotted #e47f53;
color: #e47f53;
}
/* Alignment */
.alignleft {
display: inline;
float: left;
margin: .75em 1.5em .75em 0;
}
.alignright {
display: inline;
float: right;
margin: .75em 0 .75em 1.5em;
}
.aligncenter {
clear: both;
display: block;
margin: .75em auto;
}
/* Text meant only for screen readers */
.screen-reader-text {
clip: rect(1px, 1px, 1px, 1px);
position: absolute !important;
}
.screen-reader-text:hover,
.screen-reader-text:active,
.screen-reader-text:focus {
background-color: #f1f1f1;
border-radius: 3px;
box-shadow: 0 0 2px 2px rgba(0, 0, 0, 0.6);
clip: auto !important;
color: #21759b;
display: block;
font-size: 14px;
font-weight: bold;
height: auto;
left: 5px;
line-height: normal;
padding: 15px 23px 14px;
text-decoration: none;
top: 5px;
width: auto;
z-index: 100000; /* Above WP toolbar */
}
/* Clearing */
.clear:before,
.clear:after,
[class*="content"]:before,
[class*="content"]:after,
[class*="site"]:before,
[class*="site"]:after {
content: '';
display: table;
}
.clear:after,
[class*="content"]:after,
[class*="site"]:after {
clear: both;
}
/* =Layout
----------------------------------------------- */
#page {
background: url('http://3.bp.blogspot.com/--7Td1zBnLwg/UmiEVVFIweI/AAAAAAAAK9w/BL0cHDvOGa8/s1600/line-2x.png') repeat-y;
background-size: 2px auto;
background-position: left top;
margin: 0 0 0 248px;
width: 800px;
min-height: 100%;
z-index: 1;
}
#main,
#masthead {
margin-left: -150px;
}
#secondary {
background: #f9f5ec url('http://1.bp.blogspot.com/-mQ685T1pumc/UmiEW3mU92I/AAAAAAAAK-I/ZvWT_kk-2H8/s1600/polkadots-2x.png');
background-size: 10px auto;
box-shadow: 1px 1px 3px rgba(0,0,0,.1);
margin: 0;
min-height: 100%;
padding: 50px 20px 20px;
position: fixed;
top: 0;
left: -284px;
width: 190px;
z-index: 1;
}
#sidebar-button {
background: #e47f53;
cursor: pointer;
display: block;
position: fixed;
top: 0;
left: 0;
visibility: visible;
width: 40px;
height: 100%;
z-index: 1;
}
.sidebar-icon {
margin-top: 46px;
}
.sidebar-icon,
.sidebar-icon:before,
.sidebar-icon:after {
background: rgba(255,255,255,.5);
clear: both;
content: "";
display: block;
margin: 0 auto;
-webkit-transition: .2s background ease-in-out;
-moz-transition: .2s background ease-in-out;
transition: .2s background ease-in-out;
width: 20px;
height: 3px;
z-index: 2;
}
.sidebar-icon {
position: relative;
top: 62px;
}
.sidebar-icon:before,
.sidebar-icon:after {
position: absolute;
}
.sidebar-icon:before {
top: -6px;
}
.sidebar-icon:after {
top: 6px;
}
#sidebar-button:hover .sidebar-icon,
#sidebar-button:hover .sidebar-icon:after,
#sidebar-button:hover .sidebar-icon:before {
background: #fff;
-webkit-transition: .2s background ease-in-out;
-moz-transition: .2s background ease-in-out;
transition: .2s background ease-in-out;
}
.site-main .widget-area ul,
.site-main .widget-area ol,
.site-main .widget-area li {
list-style: none;
margin: 0;
padding: 0;
}
.site-main .widget-area li {
border-bottom: 1px dashed rgba(202,191,123,.4);
padding: 5px;
}
.site-main .widget-area ul li:last-of-type {
border-bottom: 0;
}
.widget-column {
float: left;
padding: 3.15%;
width: 27%;
}
.widget-column:last-of-type {
margin-right: 0;
}
/* =Header
----------------------------------------------- */
.site-header {
margin-top: 20px;
margin-bottom: .75em;
min-height: 180px;
}
.site-header hgroup {
margin-top: 30px;
margin-left: 175px;
position: relative;
z-index: 0;
}
.site-header .hgroupdiv {
margin-top: 30px;
margin-left: 175px;
position: relative;
z-index: 0;
}
.site-header hgroup:before {
background: url('http://3.bp.blogspot.com/-HU6KscQ5Nqc/UmiEcaq-RVI/AAAAAAAAK-o/WIcDMdVK7Mk/s1600/fleurette-2x.png') no-repeat;
background-size: auto 200px;
content: "";
display: block;
position: absolute;
top: -60px;
left: -150px;
width: 170px;
height: 200px;
z-index: -1;
}
.site-header .hgroupdiv:before {
background: url('http://3.bp.blogspot.com/-HU6KscQ5Nqc/UmiEcaq-RVI/AAAAAAAAK-o/WIcDMdVK7Mk/s1600/fleurette-2x.png') no-repeat;
background-size: auto 200px;
content: "";
display: block;
position: absolute;
top: -60px;
left: -150px;
width: 170px;
height: 200px;
z-index: -1;
}
.site-title {
font-size: 42px;
font-size: 4.2rem;
font-weight: bold;
line-height: 1;
margin: 0 0 5px;
}
.site-title a {
border: 0;
text-shadow: 1px 1px 1px #fff;
}
.site-description {
color: #999;
font-size: 14px;
font-size: 1.4rem;
letter-spacing: 1px;
margin: 0;
text-transform: uppercase;
}
.site-description:before {
content: "\02014";
display: inline;
margin-right: 5px;
}
.site-description:after {
content: "\02014";
display: inline;
margin-left: 5px;
}
/* =Menu
----------------------------------------------- */
.navigation-main {
clear: both;
display: block;
float: left;
margin-left: 175px;
margin-bottom: 1.5em;
}
.navigation-main ul {
list-style: none;
margin: 0;
padding-left: 0;
}
.navigation-main li {
float: left;
position: relative;
}
.navigation-main a {
border: 0 none;
display: block;
font-size: 12px;
font-size: 1.2rem;
letter-spacing: 1px;
padding: 10px 5px 5px 0;
text-decoration: none;
text-transform: uppercase;
}
.navigation-main a:before,
.navigation-main a:after {
content: "-";
display: inline-block;
margin-right: 3px;
margin-left: 3px;
}
.navigation-main a:hover {
border: 0 none;
color: rgba(228,127,83,.7);
}
.navigation-main ul ul {
background: #f9f5ec url('http://1.bp.blogspot.com/-mQ685T1pumc/UmiEW3mU92I/AAAAAAAAK-I/ZvWT_kk-2H8/s1600/polkadots-2x.png');
background-size: 10px auto;
-webkit-box-shadow: 0px 2px 2px rgba(0, 0, 0, 0.1);
-moz-box-shadow:    0px 2px 2px rgba(0, 0, 0, 0.1);
box-shadow:         0px 2px 2px rgba(0, 0, 0, 0.1);
float: left;
opacity: 0;
position: absolute;
top: 1.7em;
left: 0;
transition: .3s all ease-in-out;
-webkit-transition: .3s all ease-in-out;
-moz-transition: .3s all ease-in-out;
-o-transition: .3s all ease-in-out;
visibility: hidden;
z-index: 99999;
}
.navigation-main ul ul:before {
border-top: 10px solid transparent;
border-left: 10px solid transparent;
border-right: 10px solid transparent;
border-bottom: 10px solid #f9f5ec;
content: "";
display: block;
margin-bottom: -20px;
position: relative;
left: 15px;
top: -17px;
width: 0;
height: 0;
}
.navigation-main li li a:not(:only-child):after {
content: "\00BB";
display: inline-block;
margin-left: 5px;
}
.navigation-main ul ul ul:before {
display: none;
}
.navigation-main ul ul ul {
left: 100%;
top: 0;
}
.navigation-main ul ul a {
background: transparent;
border-bottom: 1px dashed rgba(202,191,123,.4);
color: #e47f53;
font-size: 14px;
font-size: 1.4rem;
letter-spacing: 0;
margin: 0;
padding: 10px;
text-transform: none;
width: 140px;
}
.navigation-main ul ul a:before,
.navigation-main ul ul a:after {
content: "";
display: none;
}
.navigation-main ul ul li:last-of-type a {
border: none;
}
.navigation-main ul ul li {
}
.navigation-main li:hover > a {
}
.navigation-main ul ul :hover > a {
border-bottom: 1px dashed rgba(202,191,123,.4);
color: rgba(228,127,83,.7);
}
.navigation-main ul ul a:hover {
}
.navigation-main ul li:hover > ul {
display: block;
opacity: 1;
top: 2em;
transition: .3s all ease-in-out;
-webkit-transition: .3s all ease-in-out;
-moz-transition: .3s all ease-in-out;
-o-transition: .3s all ease-in-out;
visibility: visible;
}
.navigation-main ul li:hover > ul ul {
top: 0;
}
.navigation-main li.current_page_item a,
.navigation-main li.current-menu-item a {
color: rgba(228,127,83,.7);
}
/* Small menu */
.menu-toggle {
display: none;
cursor: pointer;
}
.main-small-navigation ul {
display: none;
}
@media screen and ( max-width: 730px ) {
.menu-toggle,
.main-small-navigation ul.nav-menu.toggled-on {
display: block;
position: relative;
z-index: 10;
}
.navigation-main ul {
display: none;
}
}
/* =Content
----------------------------------------------- */
.sticky {
}
.hentry {
margin: 0 0 2.5em;
min-height: 100px;
position: relative;
}
.single-attachment .hentry {
margin-bottom: 0;
}
.byline {
display: none;
}
.single .byline,
.group-blog .byline {
border-bottom: 1px dashed rgba(202,191,123,.4);
display: block;
padding: 7px 0;
}
.entry-content,
.entry-summary {
float: right;
position: relative;
width: 775px;
}
.gallery-icon a:hover {
border: 0 none;
}
.entry-meta {
color: #999;
float: left;
font-size: 12px;
font-size: 1.2rem;
letter-spacing: 1px;
margin-left: -25px;
margin-bottom: 1.5em;
position: relative;
text-align: right;
text-transform: uppercase;
width: 150px;
}
.entry-meta span:last-of-type {
border: 0;
}
.page-links {
clear: both;
margin: 0 0 1.5em;
width: 100%;
}
.entry-date {
color: #e47f53;
}
.entry-date,
.cat-links,
.tags-links,
.edit-link,
.comments-link,
.comment-link,
.trackback-link,
.full-size-image,
.gallery-return,
.post-format-link {
border-bottom: 1px dashed rgba(202,191,123,.4);
display: block;
padding: 5px 0;
width: 100%;
}
.byline a,
.cat-links a,
.tags-links a,
.edit-link a,
.comments-link a,
.comment-link a,
.trackback-link a,
.full-size-image a,
.gallery-return a,
.post-format-link a {
border-bottom: 1px dashed transparent;
color: #999;
}
.byline a:hover,
.cat-links a:hover,
.edit-link a:hover,
.comments-link a:hover,
.comment-link a:hover,
.trackback-link a:hover,
.full-size-image a:hover,
.gallery-return a:hover,
.post-format-link a:hover {
border-bottom: 1px dashed #999;
color: #999;
}
a.comment-link,
a.trackback-link {
color: #999;
}
.tags-links,
.tags-links a {
color: #cabf7b;
}
.tags-links a:hover {
border-bottom: 1px dashed #cabf7b;
color: #cabf7b;
}
.page-header {
color: #999;
margin: 0 3em 0 175px;
}
.entry-header {
margin-bottom: 1.5em;
}
.entry-title {
background: #e47f53;
background-image: url('http://1.bp.blogspot.com/-hcEX41FvstY/UmiEY3JkSmI/AAAAAAAAK-g/MwuO5H-41y8/s1600/thicklines-2x.png');
background-size: 30px auto;
box-shadow: -1px 1px 4px rgba(0,0,0,.15);
color: #fff;
display: inline-block;
font-size: 24px;
font-size: 2.4rem;
line-height: 1.2;
min-width: 100px;
margin: 0 0 0 147px;
padding: 12px 27px;
position: relative;
text-shadow: 1px 1px 1px rgba(0,0,0,.2);
}
.entry-title a {
border-bottom: 0;
color: #fff;
}
.entry-title a:hover {
border-bottom: 0;
}
.entry-title:after {
background: url('http://1.bp.blogspot.com/-Gz0jqiIFUjw/UmiEYMnWj_I/AAAAAAAAK-U/lNl66YqRMOU/s1600/ribbon-sprite-2x.png') no-repeat;
background-position: 0 -104px;
background-size: auto 155px;
box-shadow: 2px 1px 3px rgba(0,0,0,.15);
content: "";
display: block;
position: absolute;
top: -3px;
left: -47px;
width: 50px;
height: 50px;
z-index: -1;
}
.site-content .hentry:nth-of-type(2n) .entry-title {
background-image: url('http://1.bp.blogspot.com/-mQ685T1pumc/UmiEW3mU92I/AAAAAAAAK-I/ZvWT_kk-2H8/s1600/polkadots-2x.png');
background-size: 10px auto;
background-color: #c1dbdb;
}
.site-content .hentry:nth-of-type(2n) .entry-title:after {
background-position: 0 0;
}
.site-content .hentry:nth-of-type(3n) .entry-title {
background-image: url('http://3.bp.blogspot.com/-kl5V_GKE2qU/UmiEWVERRBI/AAAAAAAAK-A/6GZyPLpZR1g/s1600/lines-2x.png');
background-size: 40px auto;
background-color: #cabf7b;
}
.site-content .hentry:nth-of-type(3n) .entry-title:after {
background-position: 0 -52px;
}
.page-title {
color: rgba(202,191,123,.7);
font-size: 16px;
font-size: 1.6rem;
letter-spacing: 1px;
margin-top: 0;
text-transform: uppercase;
}
.page-title a {
border: 0;
color: rgba(202,191,123,.6);
}
.page-header {
margin-bottom: 1.5em;
}
.taxonomy-description {
font-size: 14px;
font-size: 1.4rem;
}
/* =Post Formats
----------------------------------------------- */
.format-aside .entry-title,
.format-quote .entry-title,
.format-link .entry-title,
.format-status .entry-title {
display: none;
}
.format-aside .entry-content {
color: #e47f53;
font-size: 24px;
font-size: 2.4rem;
font-weight: bold;
text-shadow: 1px 1px 1px rgba(255,255,255,.8);
}
.post-format-link:before {
display: inline-block;
font-family: Genericons;
font-size: 12px;
font-size: 1.2rem;
line-height: .75;
margin: 0 5px 0 0;
-webkit-font-smoothing: antialiased;
}
.format-aside .post-format-link:before {
content: "\f101";
}
.format-image .post-format-link:before {
content: '\f102';
}
.format-gallery .post-format-link:before {
content: '\f103';
}
.format-video .post-format-link:before {
content: '\f104';
}
.format-status .post-format-link:before {
content: '\f105';
}
.format-quote .post-format-link:before {
content: '\f106';
}
.format-link .post-format-link:before {
content: '\f107';
}
.format-chat .post-format-link:before {
content: '\f108';
}
.format-audio .post-format-link:before {
content: '\f109';
}
/* =Media
----------------------------------------------- */
.site-header img,
.entry-content img,
.comment-content img,
.widget img {
max-width: 100%; /* Fluid images for posts, comments, and widgets */
}
.site-header img,
.entry-content img,
.comment-content img[height],
img[class*="align"],
img[class*="wp-image-"],
.widget img {
height: auto; /* Make sure images with WordPress-added height and width attributes are scaled correctly */
}
.site-header img,
.entry-content img,
img.size-full {
max-width: 100%;
}
.entry-content img.wp-smiley,
.comment-content img.wp-smiley {
border: none;
margin-bottom: 0;
margin-top: 0;
padding: 0;
}
.site-content .gallery {
margin-bottom: 1.5em;
}
.gallery-caption {
border: 0;
font-size: 14px;
font-size: 1.4rem;
font-style: italic;
padding: 0;
}
.site-content .gallery a img {
border: none;
height: auto;
max-width: 90%;
}
.gallery dt {
border-bottom: 0;
margin-bottom: 0;
padding-bottom: 0;
}
.site-content .gallery dd {
margin: 0;
}
.site-content .gallery-columns-4 .gallery-item {
}
.site-content .gallery-columns-4 .gallery-item img {
}
/* Make sure embeds and iframes fit their containers */
embed,
iframe,
object {
max-width: 100%;
}
/* =Navigation
----------------------------------------------- */
.site-content [class*="navigation"] {
letter-spacing: 1px;
float: left;
font-size: 12px;
font-size: 1.2rem;
margin-left: -25px;
overflow: hidden;
text-transform: uppercase;
width: 150px;
}
.site-content [class*="navigation"] a {
border: 0;
display: inline-block;
text-decoration: none;
}
[class*="navigation"] .previous {
clear: both;
width: 100%;
}
[class*="navigation"] .next {
clear: both;
margin-top: 5px;
text-align: right;
width: 100%;
}
.site-content .navigation-comment {
float: none;
margin: .75em 0;
width: 100%;
}
.site-content .navigation-comment .next {
float: right;
margin: 0;
}
/* =Widgets
----------------------------------------------- */
.widget {
font-size: 14px;
font-size: 1.4rem;
margin: 0 0 1.5em;
}
.first,
.second,
.third {
float: left;
margin-right: 5%;
width: 30%;
}
.third {
margin-right: 0;
}
.widget-title {
color: #999;
font-size: 18px;
font-size: 1.8rem;
}
.tsidebar .widget h2 {
color: #999;
font-size: 18px;
font-size: 1.8rem;
}
/* Make sure select elements fit in widgets */
.widget select {
max-width: 100%;
}
.menu-navigation-containerwrap select {
max-width: 100%;
}
/* Search widget */
.widget_search .submit {
display: none;
}
/* =Footer
----------------------------------------------- */
.site-info {
font-size: 12px;
font-size: 1.2rem;
letter-spacing: 1px;
margin: 0 0 50px 25px;
text-transform: uppercase;
}
.site-info,
.site-info a {
border: 0;
color: #999;
}
.menu-navigation-containerwrap {
font-size: 1.4rem;
margin: 0 0 1.5em;
}
/* =Responsive Layout Media Queries
----------------------------------------------- */
@media screen and ( max-width: 1130px ) {
#page {
background-position: 0 top;
width: 650px;
}
.entry-content,
.entry-summary {
float: right;
position: relative;
width: 625px;
}
}
@media screen and ( max-width: 930px ) {
#page {
background-position: 0 top;
margin: 0 0 0 200px;
width: 500px;
}
.entry-content,
.entry-summary {
float: right;
position: relative;
width: 475px;
}
}
@media screen and ( max-width: 730px ) {
body, .body-fauxcolumn-outer {
border: 0;
}
#page {
background: none;
margin: 0 auto;
width: 100%;
}
#main,
#masthead {
clear: both;
margin: 40px 25px 0;
width: auto;
}
.navigation-main {
margin: 0 auto;
}
.hentry {
margin-bottom: 1.5em;
}
.entry-content,
.entry-summary,
.page-header,
#comments {
clear: both;
float: none;
margin: 0;
width: 100%;
}
#masthead hgroup {
margin: 3em 0 1.5em;
}
#masthead .hgroupdiv {
margin: 3em 0 1.5em;
}
#masthead hgroup:before {
top: -70px;
left: -20px;
opacity: .2;
z-index: -1;
}
#masthead .hgroupdiv:before {
top: -70px;
left: -20px;
opacity: .2;
z-index: -1;
}
.entry-meta {
border-bottom: 1px dashed rgba(202,191,123,.4);
clear: both;
float: none;
margin: 0 0 1.5em;
position: relative;
top: auto;
left: auto;
width: 100%;
}
.entry-title {
display: block;
margin: 0 -25px;
width: auto;
}
.entry-title:after {
display: none;
}
.site-content [class*="navigation"] {
clear: both;
float: none;
margin: 1.5em 0;
width: 100%;
}
[class*="navigation"] .previous {
clear: none;
float: left;
width: 48%;
}
[class*="navigation"] .next {
clear: none;
float: right;
margin: 0;
text-align: right;
width: 48%;
}
.site-info {
clear: both;
float: none;
margin: 0 0 50px 25px;
text-align: left;
}
.comment-form-author input,
.comment-form-email input,
.comment-form-url input {
float: right;
width: 65%;
}
#secondary {
box-shadow: none;
display: none;
margin: 0;
padding: 20px;
position: relative;
top: 40px;
left: 0;
width: auto;
}
.admin-bar #secondary {
top: 86px;
}
#sidebar-button {
margin: 0;
top: 0;
width: 100%;
height: 40px;
}
.admin-bar #sidebar-button {
top: 46px;
}
.sidebar-icon {
margin: 0 auto;
top: 20px;
left: auto;
}
}
h2.date-header {
margin: 1.5em 0 .5em;
display: none;
}
.main .widget {
margin: 0 0 5px;
padding: 0 0 2px;
}
.main .Blog {
border-bottom-width: 0;
}
#header .description {
color:#ffffff;
font-size:14px;
text-shadow:0px 1px 0px #000000;
}
/* Comments----------------------------------------------- */
#comments {
padding:10px;
color:#666;
margin:20px 0px 20px 170px;
}
#comments h4 {
font-size:22px;
margin-bottom:10px;
}
.deleted-comment {
font-style: italic;
color: gray;
}
#blog-pager-newer-link {
float: left;
}
#blog-pager-older-link {
float: right;
}
#blog-pager {
text-align: center;
padding:5px;
}
.feed-links {
clear: both;
text-align: center;
}
.comment-form {
max-width: 600px;
}
#navbar-iframe {
height: 0;
visibility: hidden;
display: none;
}
.PopularPosts .widget-content ul li {
padding:6px 0px;
}
.reaction-buttons table{
border:none;
margin-bottom:5px;
}
.reaction-buttons table, .reaction-buttons td{
border:none;
}
.bthumbimg {
float:left;
margin:0px 10px 5px 0px;
background:none;
padding:3px;
border:1px solid #eee;
}
]]></b:skin>

<script src='https://ajax.googleapis.com/ajax/libs/jquery/1.10.2/jquery.min.js' type='text/javascript'/>

<script type='text/javascript'>
//<![CDATA[

/*! jQuery Migrate v1.2.1 | (c) 2005, 2013 jQuery Foundation, Inc. and other contributors | jquery.org/license */
jQuery.migrateMute===void 0&&(jQuery.migrateMute=!0),function(e,t,n){function r(n){var r=t.console;i[n]||(i[n]=!0,e.migrateWarnings.push(n),r&&r.warn&&!e.migrateMute&&(r.warn("JQMIGRATE: "+n),e.migrateTrace&&r.trace&&r.trace()))}function a(t,a,i,o){if(Object.defineProperty)try{return Object.defineProperty(t,a,{configurable:!0,enumerable:!0,get:function(){return r(o),i},set:function(e){r(o),i=e}}),n}catch(s){}e._definePropertyBroken=!0,t[a]=i}var i={};e.migrateWarnings=[],!e.migrateMute&&t.console&&t.console.log&&t.console.log("JQMIGRATE: Logging is active"),e.migrateTrace===n&&(e.migrateTrace=!0),e.migrateReset=function(){i={},e.migrateWarnings.length=0},"BackCompat"===document.compatMode&&r("jQuery is not compatible with Quirks Mode");var o=e("<input/>",{size:1}).attr("size")&&e.attrFn,s=e.attr,u=e.attrHooks.value&&e.attrHooks.value.get||function(){return null},c=e.attrHooks.value&&e.attrHooks.value.set||function(){return n},l=/^(?:input|button)$/i,d=/^[238]$/,p=/^(?:autofocus|autoplay|async|checked|controls|defer|disabled|hidden|loop|multiple|open|readonly|required|scoped|selected)$/i,f=/^(?:checked|selected)$/i;a(e,"attrFn",o||{},"jQuery.attrFn is deprecated"),e.attr=function(t,a,i,u){var c=a.toLowerCase(),g=t&&t.nodeType;return u&&(4>s.length&&r("jQuery.fn.attr( props, pass ) is deprecated"),t&&!d.test(g)&&(o?a in o:e.isFunction(e.fn[a])))?e(t)[a](i):("type"===a&&i!==n&&l.test(t.nodeName)&&t.parentNode&&r("Can't change the 'type' of an input or button in IE 6/7/8"),!e.attrHooks[c]&&p.test(c)&&(e.attrHooks[c]={get:function(t,r){var a,i=e.prop(t,r);return i===!0||"boolean"!=typeof i&&(a=t.getAttributeNode(r))&&a.nodeValue!==!1?r.toLowerCase():n},set:function(t,n,r){var a;return n===!1?e.removeAttr(t,r):(a=e.propFix[r]||r,a in t&&(t[a]=!0),t.setAttribute(r,r.toLowerCase())),r}},f.test(c)&&r("jQuery.fn.attr('"+c+"') may use property instead of attribute")),s.call(e,t,a,i))},e.attrHooks.value={get:function(e,t){var n=(e.nodeName||"").toLowerCase();return"button"===n?u.apply(this,arguments):("input"!==n&&"option"!==n&&r("jQuery.fn.attr('value') no longer gets properties"),t in e?e.value:null)},set:function(e,t){var a=(e.nodeName||"").toLowerCase();return"button"===a?c.apply(this,arguments):("input"!==a&&"option"!==a&&r("jQuery.fn.attr('value', val) no longer sets properties"),e.value=t,n)}};var g,h,v=e.fn.init,m=e.parseJSON,y=/^([^<]*)(<[\w\W]+>)([^>]*)$/;e.fn.init=function(t,n,a){var i;return t&&"string"==typeof t&&!e.isPlainObject(n)&&(i=y.exec(e.trim(t)))&&i[0]&&("<"!==t.charAt(0)&&r("$(html) HTML strings must start with '<' character"),i[3]&&r("$(html) HTML text after last tag is ignored"),"#"===i[0].charAt(0)&&(r("HTML string cannot start with a '#' character"),e.error("JQMIGRATE: Invalid selector string (XSS)")),n&&n.context&&(n=n.context),e.parseHTML)?v.call(this,e.parseHTML(i[2],n,!0),n,a):v.apply(this,arguments)},e.fn.init.prototype=e.fn,e.parseJSON=function(e){return e||null===e?m.apply(this,arguments):(r("jQuery.parseJSON requires a valid JSON string"),null)},e.uaMatch=function(e){e=e.toLowerCase();var t=/(chrome)[ \/]([\w.]+)/.exec(e)||/(webkit)[ \/]([\w.]+)/.exec(e)||/(opera)(?:.*version|)[ \/]([\w.]+)/.exec(e)||/(msie) ([\w.]+)/.exec(e)||0>e.indexOf("compatible")&&/(mozilla)(?:.*? rv:([\w.]+)|)/.exec(e)||[];return{browser:t[1]||"",version:t[2]||"0"}},e.browser||(g=e.uaMatch(navigator.userAgent),h={},g.browser&&(h[g.browser]=!0,h.version=g.version),h.chrome?h.webkit=!0:h.webkit&&(h.safari=!0),e.browser=h),a(e,"browser",e.browser,"jQuery.browser is deprecated"),e.sub=function(){function t(e,n){return new t.fn.init(e,n)}e.extend(!0,t,this),t.superclass=this,t.fn=t.prototype=this(),t.fn.constructor=t,t.sub=this.sub,t.fn.init=function(r,a){return a&&a instanceof e&&!(a instanceof t)&&(a=t(a)),e.fn.init.call(this,r,a,n)},t.fn.init.prototype=t.fn;var n=t(document);return r("jQuery.sub() is deprecated"),t},e.ajaxSetup({converters:{"text json":e.parseJSON}});var b=e.fn.data;e.fn.data=function(t){var a,i,o=this[0];return!o||"events"!==t||1!==arguments.length||(a=e.data(o,t),i=e._data(o,t),a!==n&&a!==i||i===n)?b.apply(this,arguments):(r("Use of jQuery.fn.data('events') is deprecated"),i)};var j=/\/(java|ecma)script/i,w=e.fn.andSelf||e.fn.addBack;e.fn.andSelf=function(){return r("jQuery.fn.andSelf() replaced by jQuery.fn.addBack()"),w.apply(this,arguments)},e.clean||(e.clean=function(t,a,i,o){a=a||document,a=!a.nodeType&&a[0]||a,a=a.ownerDocument||a,r("jQuery.clean() is deprecated");var s,u,c,l,d=[];if(e.merge(d,e.buildFragment(t,a).childNodes),i)for(c=function(e){return!e.type||j.test(e.type)?o?o.push(e.parentNode?e.parentNode.removeChild(e):e):i.appendChild(e):n},s=0;null!=(u=d[s]);s++)e.nodeName(u,"script")&&c(u)||(i.appendChild(u),u.getElementsByTagName!==n&&(l=e.grep(e.merge([],u.getElementsByTagName("script")),c),d.splice.apply(d,[s+1,0].concat(l)),s+=l.length));return d});var Q=e.event.add,x=e.event.remove,k=e.event.trigger,N=e.fn.toggle,T=e.fn.live,M=e.fn.die,S="ajaxStart|ajaxStop|ajaxSend|ajaxComplete|ajaxError|ajaxSuccess",C=RegExp("\\b(?:"+S+")\\b"),H=/(?:^|\s)hover(\.\S+|)\b/,A=function(t){return"string"!=typeof t||e.event.special.hover?t:(H.test(t)&&r("'hover' pseudo-event is deprecated, use 'mouseenter mouseleave'"),t&&t.replace(H,"mouseenter$1 mouseleave$1"))};e.event.props&&"attrChange"!==e.event.props[0]&&e.event.props.unshift("attrChange","attrName","relatedNode","srcElement"),e.event.dispatch&&a(e.event,"handle",e.event.dispatch,"jQuery.event.handle is undocumented and deprecated"),e.event.add=function(e,t,n,a,i){e!==document&&C.test(t)&&r("AJAX events should be attached to document: "+t),Q.call(this,e,A(t||""),n,a,i)},e.event.remove=function(e,t,n,r,a){x.call(this,e,A(t)||"",n,r,a)},e.fn.error=function(){var e=Array.prototype.slice.call(arguments,0);return r("jQuery.fn.error() is deprecated"),e.splice(0,0,"error"),arguments.length?this.bind.apply(this,e):(this.triggerHandler.apply(this,e),this)},e.fn.toggle=function(t,n){if(!e.isFunction(t)||!e.isFunction(n))return N.apply(this,arguments);r("jQuery.fn.toggle(handler, handler...) is deprecated");var a=arguments,i=t.guid||e.guid++,o=0,s=function(n){var r=(e._data(this,"lastToggle"+t.guid)||0)%o;return e._data(this,"lastToggle"+t.guid,r+1),n.preventDefault(),a[r].apply(this,arguments)||!1};for(s.guid=i;a.length>o;)a[o++].guid=i;return this.click(s)},e.fn.live=function(t,n,a){return r("jQuery.fn.live() is deprecated"),T?T.apply(this,arguments):(e(this.context).on(t,this.selector,n,a),this)},e.fn.die=function(t,n){return r("jQuery.fn.die() is deprecated"),M?M.apply(this,arguments):(e(this.context).off(t,this.selector||"**",n),this)},e.event.trigger=function(e,t,n,a){return n||C.test(e)||r("Global events are undocumented and deprecated"),k.call(this,e,t,n||document,a)},e.each(S.split("|"),function(t,n){e.event.special[n]={setup:function(){var t=this;return t!==document&&(e.event.add(document,n+"."+e.guid,function(){e.event.trigger(n,null,t,!0)}),e._data(this,n,e.guid++)),!1},teardown:function(){return this!==document&&e.event.remove(document,n+"."+e._data(this,n)),!1}}})}(jQuery,window);

//]]>
</script>

<style id='custom-background-css' type='text/css'>
body.custom-background {background-image: url(&#39;http://4.bp.blogspot.com/-TG66ZcOECMQ/UmiETmyhleI/AAAAAAAAK9g/uUzg8yhpSiU/s1600/background-2x.png&#39;); background-repeat: repeat; background-position: top left; background-attachment: scroll;}
</style>

<script type='text/javascript'>
//<![CDATA[

function showrecentcomments(json){for(var i=0;i<a_rc;i++){var b_rc=json.feed.entry[i];var c_rc;if(i==json.feed.entry.length)break;for(var k=0;k<b_rc.link.length;k++){if(b_rc.link[k].rel=='alternate'){c_rc=b_rc.link[k].href;break;}}c_rc=c_rc.replace("#","#comment-");var d_rc=c_rc.split("#");d_rc=d_rc[0];var e_rc=d_rc.split("/");e_rc=e_rc[5];e_rc=e_rc.split(".html");e_rc=e_rc[0];var f_rc=e_rc.replace(/-/g," ");f_rc=f_rc.link(d_rc);var g_rc=b_rc.published.$t;var h_rc=g_rc.substring(0,4);var i_rc=g_rc.substring(5,7);var j_rc=g_rc.substring(8,10);var k_rc=new Array();k_rc[1]="Jan";k_rc[2]="Feb";k_rc[3]="Mar";k_rc[4]="Apr";k_rc[5]="May";k_rc[6]="Jun";k_rc[7]="Jul";k_rc[8]="Aug";k_rc[9]="Sep";k_rc[10]="Oct";k_rc[11]="Nov";k_rc[12]="Dec";if("content" in b_rc){var l_rc=b_rc.content.$t;}else if("summary" in b_rc){var l_rc=b_rc.summary.$t;}else var l_rc="";var re=/<\S[^>]*>/g;l_rc=l_rc.replace(re,"");if(m_rc==true)document.write('On '+k_rc[parseInt(i_rc,10)]+' '+j_rc+' ');document.write('<a href="'+c_rc+'">'+b_rc.author[0].name.$t+'</a> commented');if(n_rc==true)document.write(' on '+f_rc);document.write(': ');if(l_rc.length<o_rc){document.write('<i>&#8220;');document.write(l_rc);document.write('&#8221;</i><br/><br/>');}else{document.write('<i>&#8220;');l_rc=l_rc.substring(0,o_rc);var p_rc=l_rc.lastIndexOf(" ");l_rc=l_rc.substring(0,p_rc);document.write(l_rc+'&hellip;&#8221;</i>');document.write('<br/><br/>');}}}

function rp(json){document.write('<ul>');for(var i=0;i<numposts;i++){document.write('<li>');var entry=json.feed.entry[i];var posttitle=entry.title.$t;var posturl;if(i==json.feed.entry.length)break;for(var k=0;k<entry.link.length;k++){if(entry.link[k].rel=='alternate'){posturl=entry.link[k].href;break}}posttitle=posttitle.link(posturl);var readmorelink="(more)";readmorelink=readmorelink.link(posturl);var postdate=entry.published.$t;var cdyear=postdate.substring(0,4);var cdmonth=postdate.substring(5,7);var cdday=postdate.substring(8,10);var monthnames=new Array();monthnames[1]="Jan";monthnames[2]="Feb";monthnames[3]="Mar";monthnames[4]="Apr";monthnames[5]="May";monthnames[6]="Jun";monthnames[7]="Jul";monthnames[8]="Aug";monthnames[9]="Sep";monthnames[10]="Oct";monthnames[11]="Nov";monthnames[12]="Dec";if("content"in entry){var postcontent=entry.content.$t}else if("summary"in entry){var postcontent=entry.summary.$t}else var postcontent="";var re=/<\S[^>]*>/g;postcontent=postcontent.replace(re,"");document.write(posttitle);if(showpostdate==true)document.write(' - '+monthnames[parseInt(cdmonth,10)]+' '+cdday);if(showpostsummary==true){if(postcontent.length<numchars){document.write(postcontent)}else{postcontent=postcontent.substring(0,numchars);var quoteEnd=postcontent.lastIndexOf(" ");postcontent=postcontent.substring(0,quoteEnd);document.write(postcontent+'...'+readmorelink)}}document.write('</li>')}document.write('</ul>')}

//]]>
</script>

<script type='text/javascript'>
summary_noimg = 550;
summary_img = 450;
img_thumb_height = 150;
img_thumb_width = 150; 
</script>
<script type='text/javascript'>
//<![CDATA[

function removeHtmlTag(strx,chop){ 
	if(strx.indexOf("<")!=-1)
	{
		var s = strx.split("<"); 
		for(var i=0;i<s.length;i++){ 
			if(s[i].indexOf(">")!=-1){ 
				s[i] = s[i].substring(s[i].indexOf(">")+1,s[i].length); 
			} 
		} 
		strx =  s.join(""); 
	}
	chop = (chop < strx.length-1) ? chop : strx.length-2; 
	while(strx.charAt(chop-1)!=' ' && strx.indexOf(' ',chop)!=-1) chop++; 
	strx = strx.substring(0,chop-1); 
	return strx+'...'; 
}

function createSummaryAndThumb(pID){
	var div = document.getElementById(pID);
	var imgtag = "";
	var img = div.getElementsByTagName("img");
	var summ = summary_noimg;
	if(img.length>=1) {	
		imgtag = '<img src="'+img[0].src+'" width="'+img_thumb_width+'px" height="'+img_thumb_height+'px" class="bthumbimg"/>';
		summ = summary_img;
	}
	
	var summary = imgtag + '<div>' + removeHtmlTag(div.innerHTML,summ) + '</div>';
	div.innerHTML = summary;
}

//]]>
</script>

</head>

<body class='custom-background'>

<div class='widget-area clear' id='secondary' role='complementary'>

<!-- sidebar navigation menu started -->
<div class='menu-navigation-containerwrap'>
<h1 class='widget-title'>Navigation</h1>
<div class='menu-navigation-container'>
<ul class='menu' id='menu-navigation'>
<li><a href='#'>Support</a></li>
<li><a href='#'>Themes</a></li>
<li><a href='#'>Drop-down Menu</a>
<ul class='sub-menu'>
	<li><a href='#'>Image Alignment</a></li>
	<li><a href='#'>Post Format Test: Chat</a>
	<ul class='sub-menu'>
		<li><a href='#'>Gallery: Instagram Photos</a></li>
		<li><a href='#'>An Aside</a></li>
	</ul>
</li>
</ul>
</li>
</ul>
</div>
</div>
<!-- sidebar navigation menu end -->

<b:section class='tsidebar' id='tsidebartop' preferred='yes'>
  <b:widget id='PageList1' locked='false' title='Pages' type='PageList'>
    <b:includable id='main'>
  <b:if cond='data:title'><h2><data:title/></h2></b:if>
  <div class='widget-content'>
    <b:if cond='data:mobile'>
      <select expr:id='data:widget.instanceId + &quot;_select&quot;'>
        <b:loop values='data:links' var='link'>
          <b:if cond='data:link.isCurrentPage'>
            <option expr:value='data:link.href' selected='selected'><data:link.title/></option>
          <b:else/>
            <option expr:value='data:link.href'><data:link.title/></option>
          </b:if>
        </b:loop>
      </select>
      <span class='pagelist-arrow'>&amp;#9660;</span>

    <b:else/>
      <ul>
        <b:loop values='data:links' var='link'>
          <b:if cond='data:link.isCurrentPage'>
            <li class='selected'><a expr:href='data:link.href'><data:link.title/></a></li>
          <b:else/>
            <li><a expr:href='data:link.href'><data:link.title/></a></li>
          </b:if>
        </b:loop>
      </ul>
    </b:if>
    <b:include name='quickedit'/>
  </div>
</b:includable>
  </b:widget>
  <b:widget id='HTML1' locked='false' title='' type='HTML'>
    <b:includable id='main'>
  <!-- only display title if it's non-empty -->
  <b:if cond='data:title != &quot;&quot;'>
    <h2 class='title'><data:title/></h2>
  </b:if>
  <div class='widget-content'>
    <data:content/>
  </div>

  <b:include name='quickedit'/>
</b:includable>
  </b:widget>
</b:section>

</div><!-- #secondary -->
<div id='sidebar-button'>
<div class='sidebar-icon'/>
</div>

<div class='hfeed site clear' id='page'>

<header class='site-header' id='masthead' role='banner'>
<div class='hgroupdiv'>
<b:section class='headersec' id='headersec' maxwidgets='1' showaddelement='no'>
  <b:widget id='Header1' locked='true' title='Fiore (Header)' type='Header'>
    <b:includable id='main'>
  <b:if cond='data:useImage'>
    <b:if cond='data:imagePlacement == &quot;REPLACE&quot;'>
      <!--Show just the image, no text-->
      <div id='header-inner'>
        <a expr:href='data:blog.homepageUrl' style='display: block'>
          <img expr:alt='data:title' expr:height='data:height' expr:id='data:widget.instanceId + &quot;_headerimg&quot;' expr:src='data:sourceUrl' expr:width='data:width' style='display: block;padding-left:0px;padding-top:0px;'/>
        </a>
      </div>
    <b:else/>
      <!--
      Show image as background to text. You can't really calculate the width
      reliably in JS because margins are not taken into account by any of
      clientWidth, offsetWidth or scrollWidth, so we don't force a minimum
      width if the user is using shrink to fit.
      This results in a margin-width's worth of pixels being cropped. If the
      user is not using shrink to fit then we expand the header.
      -->
      <div expr:style='&quot;background-image: url(\&quot;&quot; + data:sourceUrl + &quot;\&quot;); &quot;                      + &quot;background-position: &quot;                      + data:backgroundPositionStyleStr + &quot;; &quot;                      + data:widthStyleStr                      + &quot;min-height: &quot; + data:height + &quot;px;&quot;                      + &quot;_height: &quot; + data:height + &quot;px;&quot;                      + &quot;background-repeat: no-repeat; &quot;' id='header-inner'>
        <div class='titlewrapper' style='background: transparent'>
          <h1 class='site-title' style='background: transparent; border-width: 0px'>
            <b:include name='title'/>
          </h1>
        </div>
        <b:include name='description'/>
      </div>
    </b:if>
  <b:else/>
    <!--No header image -->
    <div id='header-inner'>
      <div class='titlewrapper'>
        <h1 class='site-title'>
          <b:include name='title'/>
        </h1>
      </div>
      <b:include name='description'/>
    </div>
  </b:if>
</b:includable>
    <b:includable id='description'>
  <div class='descriptionwrapper'>
    <h2 class='site-description'><data:description/></h2>
  </div>
</b:includable>
    <b:includable id='title'>
<a expr:href='data:blog.homepageUrl'><data:title/></a>
</b:includable>
  </b:widget>
</b:section>
</div>

<!-- top navigation menu started -->
<nav class='navigation-main' id='site-navigation' role='navigation'>
<h1 class='menu-toggle'>Menu</h1>
<div class='screen-reader-text skip-link'><a href='#content' title='Skip to content'>Skip to content</a></div>
<div class='menu-navigation-container'>
<ul class='menu' id='menu-navigation-1'>
<li><a href='#' target='_blank' title='Visit the WordPress.org forums for theme support'>Support</a></li>
<li><a href='#' target='_blank' title='WordPress Themes'>Themes</a></li>
<li><a href='#'>Drop-down Menu</a>
<ul class='sub-menu'>
	<li><a href='#'>Image Alignment</a></li>
	<li><a href='#'>Post Format Test: Chat</a>
	<ul class='sub-menu'>
		<li><a href='#'>Gallery: Instagram Photos</a></li>
		<li><a href='#'>An Aside</a></li>
	</ul>
</li>
</ul>
</li>
</ul>
</div>
</nav>
<!-- top navigation menu end -->

</header><!-- #masthead -->

<div class='site-main' id='main'>
<div class='content-area' id='primary'>
<div class='site-content' id='content' role='main'>
<b:section class='mainblog' id='mainblog' showaddelement='no'>
  <b:widget id='Blog1' locked='true' title='Blog Posts' type='Blog'>
    <b:includable id='main' var='top'>
  <b:if cond='data:mobile == &quot;false&quot;'>

    <!-- posts -->
    <div class='blog-posts hfeed'>

      <b:include data='top' name='status-message'/>

      <data:defaultAdStart/>
      <b:loop values='data:posts' var='post'>
        <b:if cond='data:post.isDateStart'>
          <b:if cond='data:post.isFirstPost == &quot;false&quot;'>
            &lt;/div&gt;&lt;/div&gt;
          </b:if>
        </b:if>
        <b:if cond='data:post.isDateStart'>
          &lt;div class=&quot;date-outer&quot;&gt;
        </b:if>
        <b:if cond='data:post.dateHeader'>
          <h2 class='date-header'><span><data:post.dateHeader/></span></h2>
        </b:if>
        <b:if cond='data:post.isDateStart'>
          &lt;div class=&quot;date-posts&quot;&gt;
        </b:if>
        <div class='post-outer'>
        <b:include data='post' name='post'/>
        <b:if cond='data:blog.pageType == &quot;static_page&quot;'>
          <b:if cond='data:post.showThreadedComments'>
            <b:include data='post' name='threaded_comments'/>
          <b:else/>
            <b:include data='post' name='comments'/>
          </b:if>
        </b:if>
        <b:if cond='data:blog.pageType == &quot;item&quot;'>
          <b:if cond='data:post.showThreadedComments'>
            <b:include data='post' name='threaded_comments'/>
          <b:else/>
            <b:include data='post' name='comments'/>
          </b:if>
        </b:if>
        </div>
        <b:if cond='data:post.includeAd'>
          <b:if cond='data:post.isFirstPost'>
            <data:defaultAdEnd/>
          <b:else/>
            <data:adEnd/>
          </b:if>
          <div class='inline-ad'>
            <data:adCode/>
          </div>
          <data:adStart/>
        </b:if>
      </b:loop>
      <b:if cond='data:numPosts != 0'>
        &lt;/div&gt;&lt;/div&gt;
      </b:if>
      <data:adEnd/>
    </div>

<div style='clear: both;'/>
<b:if cond='data:blog.pageType != &quot;item&quot;'>
<!-- navigation -->
<b:include name='nextprev'/>
</b:if>

    <!-- feed links -->
    <b:include name='feedLinks'/>

    <b:if cond='data:top.showStars'>
      <script src='//www.google.com/jsapi' type='text/javascript'/>
      <script type='text/javascript'>
        google.load(&quot;annotations&quot;, &quot;1&quot;, {&quot;locale&quot;: &quot;<data:top.languageCode/>&quot;});
        function initialize() {
          google.annotations.setApplicationId(<data:top.blogspotReviews/>);
          google.annotations.createAll();
          google.annotations.fetch();
        }
        google.setOnLoadCallback(initialize);
      </script>
    </b:if>

  <b:else/>
    <b:include name='mobile-main'/>
  </b:if>

  <b:if cond='data:top.showDummy'>
    <data:top.dummyBootstrap/>
  </b:if>

</b:includable>
    <b:includable id='backlinkDeleteIcon' var='backlink'>
  <span expr:class='&quot;item-control &quot; + data:backlink.adminClass'>
    <a expr:href='data:backlink.deleteUrl' expr:title='data:top.deleteBacklinkMsg'>
      <img src='//www.blogger.com/img/icon_delete13.gif'/>
    </a>
  </span>
</b:includable>
    <b:includable id='backlinks' var='post'>
  <a name='links'/><h4><data:post.backlinksLabel/></h4>
  <b:if cond='data:post.numBacklinks != 0'>
    <dl class='comments-block' id='comments-block'>
      <b:loop values='data:post.backlinks' var='backlink'>
        <div class='collapsed-backlink backlink-control'>
          <dt class='comment-title'>
            <span class='backlink-toggle-zippy'>&#160;</span>
            <a expr:href='data:backlink.url' rel='nofollow'><data:backlink.title/></a>
            <b:include data='backlink' name='backlinkDeleteIcon'/>
          </dt>
          <dd class='comment-body collapseable'>
            <data:backlink.snippet/>
          </dd>
          <dd class='comment-footer collapseable'>
            <span class='comment-author'><data:post.authorLabel/> <data:backlink.author/></span>
            <span class='comment-timestamp'><data:post.timestampLabel/> <data:backlink.timestamp/></span>
          </dd>
        </div>
      </b:loop>
    </dl>
  </b:if>
  <p class='comment-footer'>
    <a class='comment-link' expr:href='data:post.createLinkUrl' expr:id='data:widget.instanceId + &quot;_backlinks-create-link&quot;' target='_blank'><data:post.createLinkLabel/></a>
  </p>
</b:includable>
    <b:includable id='comment-form' var='post'>
  <div class='comment-form'>
    <a name='comment-form'/>
    <b:if cond='data:mobile'>
      <h4 id='comment-post-message'>
        <a expr:id='data:widget.instanceId + &quot;_comment-editor-toggle-link&quot;' href='javascript:void(0)'><data:postCommentMsg/></a></h4>
      <p><data:blogCommentMessage/></p>
      <data:blogTeamBlogMessage/>
      <a expr:href='data:post.commentFormIframeSrc' id='comment-editor-src'/>
      <iframe allowtransparency='true' class='blogger-iframe-colorize blogger-comment-from-post' frameborder='0' height='410' id='comment-editor' name='comment-editor' src='' style='display: none' width='100%'/>
    <b:else/>
      <h4 id='comment-post-message'><data:postCommentMsg/></h4>
      <p><data:blogCommentMessage/></p>
      <data:blogTeamBlogMessage/>
      <a expr:href='data:post.commentFormIframeSrc' id='comment-editor-src'/>
      <iframe allowtransparency='true' class='blogger-iframe-colorize blogger-comment-from-post' frameborder='0' height='410' id='comment-editor' name='comment-editor' src='' width='100%'/>
    </b:if>
    <data:post.friendConnectJs/>
    <data:post.cmtfpIframe/>
    <script type='text/javascript'>
      BLOG_CMT_createIframe(&#39;<data:post.appRpcRelayPath/>&#39;, &#39;<data:post.communityId/>&#39;);
    </script>
  </div>
</b:includable>
    <b:includable id='commentDeleteIcon' var='comment'>
  <span expr:class='&quot;item-control &quot; + data:comment.adminClass'>
    <b:if cond='data:showCmtPopup'>
      <div class='goog-toggle-button'>
        <div class='goog-inline-block comment-action-icon'/>
      </div>
    <b:else/>
      <a class='comment-delete' expr:href='data:comment.deleteUrl' expr:title='data:top.deleteCommentMsg'>
        <img src='//www.blogger.com/img/icon_delete13.gif'/>
      </a>
    </b:if>
  </span>
</b:includable>
    <b:includable id='comment_count_picker' var='post'>
  <b:if cond='data:post.commentSource == 1'>
    <span class='cmt_count_iframe_holder' expr:data-count='data:post.numComments' expr:data-onclick='data:post.addCommentOnclick' expr:data-post-url='data:post.url' expr:data-url='data:post.canonicalUrl'>
    </span>
  <b:else/>
    <a class='comment-link' expr:href='data:post.addCommentUrl' expr:onclick='data:post.addCommentOnclick'>
      <data:post.commentLabelFull/>:
    </a>
  </b:if>
</b:includable>
    <b:includable id='comment_picker' var='post'>
  <b:if cond='data:post.commentSource == 1'>
    <b:include data='post' name='iframe_comments'/>
  <b:else/>
    <b:if cond='data:post.showThreadedComments'>
      <b:include data='post' name='threaded_comments'/>
    <b:else/>
      <b:include data='post' name='comments'/>
    </b:if>
  </b:if>
</b:includable>
    <b:includable id='comments' var='post'>
  <div class='comments' id='comments'>
    <a name='comments'/>
    <b:if cond='data:post.allowComments'>
      <h4>
        <b:if cond='data:post.numComments == 1'>
          1 <data:commentLabel/>:
        <b:else/>
          <data:post.numComments/> <data:commentLabelPlural/>:
        </b:if>
      </h4>

      <b:if cond='data:post.commentPagingRequired'>
        <span class='paging-control-container'>
          <a expr:class='data:post.oldLinkClass' expr:href='data:post.oldestLinkUrl'><data:post.oldestLinkText/></a>
          &#160;
          <a expr:class='data:post.oldLinkClass' expr:href='data:post.olderLinkUrl'><data:post.olderLinkText/></a>
          &#160;
          <data:post.commentRangeText/>
          &#160;
          <a expr:class='data:post.newLinkClass' expr:href='data:post.newerLinkUrl'><data:post.newerLinkText/></a>
          &#160;
          <a expr:class='data:post.newLinkClass' expr:href='data:post.newestLinkUrl'><data:post.newestLinkText/></a>
        </span>
      </b:if>

      <div expr:id='data:widget.instanceId + &quot;_comments-block-wrapper&quot;'>
        <dl expr:class='data:post.avatarIndentClass' id='comments-block'>
          <b:loop values='data:post.comments' var='comment'>
            <dt expr:class='&quot;comment-author &quot; + data:comment.authorClass' expr:id='data:comment.anchorName'>
              <b:if cond='data:comment.favicon'>
                <img expr:src='data:comment.favicon' height='16px' style='margin-bottom:-2px;' width='16px'/>
              </b:if>
              <a expr:name='data:comment.anchorName'/>
              <b:if cond='data:blog.enabledCommentProfileImages'>
                <data:comment.authorAvatarImage/>
              </b:if>
              <b:if cond='data:comment.authorUrl'>
                <a expr:href='data:comment.authorUrl' rel='nofollow'><data:comment.author/></a>
              <b:else/>
                <data:comment.author/>
              </b:if>
              <data:commentPostedByMsg/>
            </dt>
            <dd class='comment-body' expr:id='data:widget.instanceId + data:comment.cmtBodyIdPostfix'>
              <b:if cond='data:comment.isDeleted'>
                <span class='deleted-comment'><data:comment.body/></span>
              <b:else/>
                <p>
                  <data:comment.body/>
                </p>
              </b:if>
            </dd>
            <dd class='comment-footer'>
              <span class='comment-timestamp'>
                <a expr:href='data:comment.url' title='comment permalink'>
                  <data:comment.timestamp/>
                </a>
                <b:include data='comment' name='commentDeleteIcon'/>
              </span>
            </dd>
          </b:loop>
        </dl>
      </div>

      <b:if cond='data:post.commentPagingRequired'>
        <span class='paging-control-container'>
          <a expr:class='data:post.oldLinkClass' expr:href='data:post.oldestLinkUrl'>
            <data:post.oldestLinkText/>
          </a>
          <a expr:class='data:post.oldLinkClass' expr:href='data:post.olderLinkUrl'>
            <data:post.olderLinkText/>
          </a>
          &#160;
          <data:post.commentRangeText/>
          &#160;
          <a expr:class='data:post.newLinkClass' expr:href='data:post.newerLinkUrl'>
            <data:post.newerLinkText/>
          </a>
          <a expr:class='data:post.newLinkClass' expr:href='data:post.newestLinkUrl'>
            <data:post.newestLinkText/>
          </a>
        </span>
      </b:if>

      <p class='comment-footer'>
        <b:if cond='data:post.embedCommentForm'>
          <b:if cond='data:post.allowNewComments'>
            <b:include data='post' name='comment-form'/>
          <b:else/>
            <data:post.noNewCommentsText/>
          </b:if>
        <b:else/>
          <b:if cond='data:post.allowComments'>
            <a expr:href='data:post.addCommentUrl' expr:onclick='data:post.addCommentOnclick'><data:postCommentMsg/></a>
          </b:if>
        </b:if>

      </p>
    </b:if>
    <b:if cond='data:showCmtPopup'>
      <div id='comment-popup'>
        <iframe allowtransparency='true' frameborder='0' id='comment-actions' name='comment-actions' scrolling='no'>
        </iframe>
      </div>
    </b:if>

    <div id='backlinks-container'>
    <div expr:id='data:widget.instanceId + &quot;_backlinks-container&quot;'>
       <b:if cond='data:post.showBacklinks'>
         <b:include data='post' name='backlinks'/>
       </b:if>
    </div>
    </div>
  </div>
</b:includable>
    <b:includable id='feedLinks'>
  <b:if cond='data:blog.pageType != &quot;item&quot;'> <!-- Blog feed links -->
    <b:if cond='data:feedLinks'>
      <div class='blog-feeds'>
        <b:include data='feedLinks' name='feedLinksBody'/>
      </div>
    </b:if>

    <b:else/> <!--Post feed links -->
    <div class='post-feeds'>
      <b:loop values='data:posts' var='post'>
        <b:if cond='data:post.allowComments'>
          <b:if cond='data:post.feedLinks'>
            <b:include data='post.feedLinks' name='feedLinksBody'/>
          </b:if>
        </b:if>
      </b:loop>
    </div>
  </b:if>
</b:includable>
    <b:includable id='feedLinksBody' var='links'>
  <div class='feed-links'>
  <data:feedLinksMsg/>
  <b:loop values='data:links' var='f'>
     <a class='feed-link' expr:href='data:f.url' expr:type='data:f.mimeType' target='_blank'><data:f.name/> (<data:f.feedType/>)</a>
  </b:loop>
  </div>
</b:includable>
    <b:includable id='iframe_comments' var='post'>

  <b:if cond='data:post.allowComments'>
    <script expr:src='data:post.commentSrc' type='text/javascript'/>
    <div class='cmt_iframe_holder'/>

    <b:if cond='data:post.embedCommentForm == &quot;false&quot;'>
      <a expr:href='data:post.addCommentUrl' expr:onclick='data:post.addCommentOnclick'><data:postCommentMsg/></a>
    </b:if>
  </b:if>
</b:includable>
    <b:includable id='mobile-index-post' var='post'>
  <div class='mobile-date-outer date-outer'>
    <b:if cond='data:post.dateHeader'>
      <div class='date-header'>
        <span><data:post.dateHeader/></span>
      </div>
    </b:if>

    <div class='mobile-post-outer'>
      <a expr:href='data:post.url'>
        <h3 class='mobile-index-title entry-title'>
          <data:post.title/>
        </h3>

        <div class='mobile-index-arrow'>&amp;rsaquo;</div>

        <div class='mobile-index-contents'>
          <b:if cond='data:post.thumbnailUrl'>
            <div class='mobile-index-thumbnail'>
              <div class='Image'>
                <img expr:src='data:post.thumbnailUrl'/>
              </div>
            </div>
          </b:if>

          <div class='post-body'>
            <b:if cond='data:post.snippet'><data:post.snippet/></b:if>
          </div>
        </div>

        <div style='clear: both;'/>
      </a>

      <div class='mobile-index-comment'>
        <b:if cond='data:blog.pageType != &quot;static_page&quot;'>
          <b:if cond='data:post.allowComments'>
            <b:if cond='data:post.numComments != 0'>
              <a class='comment-link' expr:href='data:post.addCommentUrl' expr:onclick='data:post.addCommentOnclick'><b:if cond='data:post.numComments == 1'>1 <data:top.commentLabel/><b:else/><data:post.numComments/> <data:top.commentLabelPlural/></b:if></a>
            </b:if>
          </b:if>
        </b:if>
      </div>
    </div>
  </div>
</b:includable>
    <b:includable id='mobile-main' var='top'>
    <!-- posts -->
    <div class='blog-posts hfeed'>

      <b:include data='top' name='status-message'/>

      <b:if cond='data:blog.pageType == &quot;index&quot;'>
        <b:loop values='data:posts' var='post'>
          <b:include data='post' name='mobile-index-post'/>
        </b:loop>
      <b:else/>
        <b:loop values='data:posts' var='post'>
          <b:include data='post' name='mobile-post'/>
        </b:loop>
      </b:if>
    </div>

   <b:include name='mobile-nextprev'/>
</b:includable>
    <b:includable id='mobile-nextprev'>
  <div class='blog-pager' id='blog-pager'>
    <b:if cond='data:newerPageUrl'>
      <div class='mobile-link-button' id='blog-pager-newer-link'>
      <a class='blog-pager-newer-link' expr:href='data:newerPageUrl' expr:id='data:widget.instanceId + &quot;_blog-pager-newer-link&quot;' expr:title='data:newerPageTitle'>&amp;lsaquo;</a>
      </div>
    </b:if>

    <b:if cond='data:olderPageUrl'>
      <div class='mobile-link-button' id='blog-pager-older-link'>
      <a class='blog-pager-older-link' expr:href='data:olderPageUrl' expr:id='data:widget.instanceId + &quot;_blog-pager-older-link&quot;' expr:title='data:olderPageTitle'>&amp;rsaquo;</a>
      </div>
    </b:if>

    <div class='mobile-link-button' id='blog-pager-home-link'>
    <a class='home-link' expr:href='data:blog.homepageUrl'><data:homeMsg/></a>
    </div>

    <div class='mobile-desktop-link'>
      <a class='home-link' expr:href='data:desktopLinkUrl'><data:desktopLinkMsg/></a>
    </div>

  </div>
  <div class='clear'/>
</b:includable>
    <b:includable id='mobile-post' var='post'>
  <div class='date-outer'>
    <b:if cond='data:post.dateHeader'>
      <h2 class='date-header'><span><data:post.dateHeader/></span></h2>
    </b:if>
    <div class='date-posts'>
      <div class='post-outer'>

        <div class='post hentry uncustomized-post-template'>
          <a expr:name='data:post.id'/>
          <b:if cond='data:post.title'>
            <h3 class='post-title entry-title'>
              <b:if cond='data:post.link'>
                <a expr:href='data:post.link'><data:post.title/></a>
              <b:else/>
                <b:if cond='data:post.url'>
                  <b:if cond='data:blog.url != data:post.url'>
                    <a expr:href='data:post.url'><data:post.title/></a>
                  <b:else/>
                    <data:post.title/>
                  </b:if>
                <b:else/>
                  <data:post.title/>
                </b:if>
              </b:if>
            </h3>
          </b:if>

          <div class='post-header'>
            <div class='post-header-line-1'/>
          </div>

          <div class='post-body entry-content' expr:id='&quot;post-body-&quot; + data:post.id'>
            <data:post.body/>
            <div style='clear: both;'/> <!-- clear for photos floats -->
          </div>

          <div class='post-footer'>
            <div class='post-footer-line post-footer-line-1'>
              <span class='post-author vcard'>
                <b:if cond='data:top.showAuthor'>
                  <b:if cond='data:post.authorProfileUrl'>
                    <span class='fn'>
                      <a expr:href='data:post.authorProfileUrl' rel='author' title='author profile'>
                        <data:post.author/>
                      </a>
                    </span>
                  <b:else/>
                    <span class='fn'><data:post.author/></span>
                  </b:if>
                </b:if>
              </span>

              <span class='post-timestamp'>
                <b:if cond='data:top.showTimestamp'>
                  <data:top.timestampLabel/>
                  <b:if cond='data:post.url'>
                    <a class='timestamp-link' expr:href='data:post.url' rel='bookmark' title='permanent link'><abbr class='published' expr:title='data:post.timestampISO8601'><data:post.timestamp/></abbr></a>
                  </b:if>
                </b:if>
              </span>

              <span class='post-comment-link'>
                <b:if cond='data:blog.pageType != &quot;item&quot;'>
                  <b:if cond='data:blog.pageType != &quot;static_page&quot;'>
                    <b:if cond='data:post.allowComments'>
                      <a class='comment-link' expr:href='data:post.addCommentUrl' expr:onclick='data:post.addCommentOnclick'><b:if cond='data:post.numComments == 1'>1 <data:top.commentLabel/><b:else/><data:post.numComments/> <data:top.commentLabelPlural/></b:if></a>
                    </b:if>
                  </b:if>
                </b:if>
              </span>
            </div>

            <div class='post-footer-line post-footer-line-2'>
              <b:if cond='data:top.showMobileShare'>
                <div class='mobile-link-button goog-inline-block' id='mobile-share-button'>
                  <a href='javascript:void(0);'><data:shareMsg/></a>
                </div>
              </b:if>
              <b:if cond='data:top.showDummy'>
                <div class='goog-inline-block dummy-container'><data:post.dummyTag/></div>
              </b:if>
            </div>

          </div>
        </div>

        <b:if cond='data:blog.pageType == &quot;static_page&quot;'>
          <b:if cond='data:post.showThreadedComments'>
            <b:include data='post' name='threaded_comments'/>
          <b:else/>
            <b:include data='post' name='comments'/>
          </b:if>
        </b:if>
        <b:if cond='data:blog.pageType == &quot;item&quot;'>
          <b:if cond='data:post.showThreadedComments'>
            <b:include data='post' name='threaded_comments'/>
          <b:else/>
            <b:include data='post' name='comments'/>
          </b:if>
        </b:if>
      </div>
    </div>
  </div>
</b:includable>
    <b:includable id='nextprev'>
  <div class='blog-pager' id='blog-pager'>
    <b:if cond='data:newerPageUrl'>
      <span id='blog-pager-newer-link'>
      <a class='blog-pager-newer-link' expr:href='data:newerPageUrl' expr:id='data:widget.instanceId + &quot;_blog-pager-newer-link&quot;' expr:title='data:newerPageTitle'><data:newerPageTitle/></a>
      </span>
    </b:if>

    <b:if cond='data:olderPageUrl'>
      <span id='blog-pager-older-link'>
      <a class='blog-pager-older-link' expr:href='data:olderPageUrl' expr:id='data:widget.instanceId + &quot;_blog-pager-older-link&quot;' expr:title='data:olderPageTitle'><data:olderPageTitle/></a>
      </span>
    </b:if>

    <a class='home-link' expr:href='data:blog.homepageUrl'><data:homeMsg/></a>

    <b:if cond='data:mobileLinkUrl'>
      <div class='blog-mobile-link'>
        <a expr:href='data:mobileLinkUrl'><data:mobileLinkMsg/></a>
      </div>
    </b:if>

  </div>
  <div class='clear'/>
</b:includable>
    <b:includable id='post' var='post'>
<article class='post hentry clear'>
<a expr:name='data:post.id'/>
<header class='entry-header'>
 <h2 class='post-title entry-title'>
     <b:if cond='data:post.link'>
       <a expr:href='data:post.link'><data:post.title/></a>
     <b:else/>
        <b:if cond='data:post.url'>
          <a expr:href='data:post.url'><data:post.title/></a>
        <b:else/>
          <data:post.title/>
        </b:if>
     </b:if>
 </h2>
</header>
<div class='post-header-line-1'/>

<div class='post-body entry-content'>

<b:if cond='data:blog.pageType != &quot;static_page&quot;'>
<b:if cond='data:blog.pageType != &quot;item&quot;'>
<div expr:id='&quot;summary&quot; + data:post.id'><data:post.body/></div>
<script type='text/javascript'>createSummaryAndThumb(&quot;summary<data:post.id/>&quot;);</script>
</b:if>
</b:if>
<b:if cond='data:blog.pageType == &quot;item&quot;'><data:post.body/></b:if>

<b:if cond='data:blog.pageType == &quot;static_page&quot;'><data:post.body/></b:if>

<b:if cond='data:blog.pageType != &quot;static_page&quot;'>
<b:if cond='data:blog.pageType != &quot;item&quot;'>
<div style='float:right;padding-right:10px;margin-top:10px;'>
<a class='morer' expr:href='data:post.url'>Read More</a>
</div>
</b:if>
</b:if>

<b:if cond='data:blog.pageType == &quot;item&quot;'>
<div style='clear:both;'/>
<div class='post-share-buttons'>
<b:include data='post' name='shareButtons'/>
</div>
<span class='reaction-buttons'>
<b:if cond='data:top.showReactions'>
<table border='0' cellpadding='0' width='100%'><tr>
<td style='font-size:12px;padding-top:2px;' valign='top'><span class='reactions-label'><data:top.reactionsLabel/></span></td>
<td><iframe allowtransparency='true' class='reactions-iframe' expr:src='data:post.reactionsUrl' frameborder='0' name='reactions' scrolling='no'/></td>
</tr></table>
</b:if>
</span>
</b:if>

      <div style='clear: both;'/> <!-- clear for photos floats -->
</div>

<b:if cond='data:blog.pageType != &quot;static_page&quot;'>
<footer class='entry-meta'>
	<a expr:href='data:post.url'><time class='entry-date'><data:post.timestamp/></time></a><span> by <data:post.author/></span><b:if cond='data:post.allowComments'><span class='comments-link'><a expr:href='data:post.addCommentUrl' expr:onclick='data:post.addCommentOnclick'><b:if cond='data:post.numComments == 0'>No comments</b:if><b:if cond='data:post.numComments == 1'>1 comment</b:if><b:if cond='data:post.numComments &gt;= 2'><data:post.numComments/> comments</b:if></a></span></b:if><b:if cond='data:post.labels'><span class='cat-links'><b:loop values='data:post.labels' var='label'><a expr:href='data:label.url' rel='tag'><data:label.name/></a><b:if cond='data:label.isLast != &quot;true&quot;'>, </b:if></b:loop></span></b:if>
</footer><!-- .entry-meta -->
</b:if>

</article>
<div style='clear: both;'/>

<b:if cond='data:blog.pageType == &quot;item&quot;'>
<!-- navigation -->
<b:include name='nextprev'/>
</b:if>

</b:includable>
    <b:includable id='postQuickEdit' var='post'>
  <b:if cond='data:post.editUrl'>
    <span expr:class='&quot;item-control &quot; + data:post.adminClass'>
      <a expr:href='data:post.editUrl' expr:title='data:top.editPostMsg'>
        <img alt='' class='icon-action' height='18' src='http://img2.blogblog.com/img/icon18_edit_allbkg.gif' width='18'/>
      </a>
    </span>
  </b:if>
</b:includable>
    <b:includable id='shareButtons' var='post'>
  <b:if cond='data:top.showEmailButton'><a class='goog-inline-block share-button sb-email' expr:href='data:post.sharePostUrl + &quot;&amp;target=email&quot;' expr:title='data:top.emailThisMsg' target='_blank'><span class='share-button-link-text'><data:top.emailThisMsg/></span></a></b:if><b:if cond='data:top.showBlogThisButton'><a class='goog-inline-block share-button sb-blog' expr:href='data:post.sharePostUrl + &quot;&amp;target=blog&quot;' expr:onclick='&quot;window.open(this.href, \&quot;_blank\&quot;, \&quot;height=270,width=475\&quot;); return false;&quot;' expr:title='data:top.blogThisMsg' target='_blank'><span class='share-button-link-text'><data:top.blogThisMsg/></span></a></b:if><b:if cond='data:top.showTwitterButton'><a class='goog-inline-block share-button sb-twitter' expr:href='data:post.sharePostUrl + &quot;&amp;target=twitter&quot;' expr:title='data:top.shareToTwitterMsg' target='_blank'><span class='share-button-link-text'><data:top.shareToTwitterMsg/></span></a></b:if><b:if cond='data:top.showFacebookButton'><a class='goog-inline-block share-button sb-facebook' expr:href='data:post.sharePostUrl + &quot;&amp;target=facebook&quot;' expr:onclick='&quot;window.open(this.href, \&quot;_blank\&quot;, \&quot;height=430,width=640\&quot;); return false;&quot;' expr:title='data:top.shareToFacebookMsg' target='_blank'><span class='share-button-link-text'><data:top.shareToFacebookMsg/></span></a></b:if><b:if cond='data:top.showOrkutButton'><a class='goog-inline-block share-button sb-orkut' expr:href='data:post.sharePostUrl + &quot;&amp;target=orkut&quot;' expr:title='data:top.shareToOrkutMsg' target='_blank'><span class='share-button-link-text'><data:top.shareToOrkutMsg/></span></a></b:if><b:if cond='data:top.showDummy'><div class='goog-inline-block dummy-container'><data:post.dummyTag/></div></b:if>
</b:includable>
    <b:includable id='status-message'>
  <b:if cond='data:navMessage'>
  <div class='status-msg-wrap'>
    <div class='status-msg-body'>
      <data:navMessage/>
    </div>
    <div class='status-msg-border'>
      <div class='status-msg-bg'>
        <div class='status-msg-hidden'><data:navMessage/></div>
      </div>
    </div>
  </div>
  <div style='clear: both;'/>
  </b:if>
</b:includable>
    <b:includable id='threaded-comment-form' var='post'>
  <div class='comment-form'>
    <a name='comment-form'/>
    <b:if cond='data:mobile'>
      <p><data:blogCommentMessage/></p>
      <data:blogTeamBlogMessage/>
      <a expr:href='data:post.commentFormIframeSrc' id='comment-editor-src'/>
      <iframe allowtransparency='true' class='blogger-iframe-colorize blogger-comment-from-post' frameborder='0' height='410' id='comment-editor' name='comment-editor' src='' style='display: none' width='100%'/>
    <b:else/>
      <p><data:blogCommentMessage/></p>
      <data:blogTeamBlogMessage/>
      <a expr:href='data:post.commentFormIframeSrc' id='comment-editor-src'/>
      <iframe allowtransparency='true' class='blogger-iframe-colorize blogger-comment-from-post' frameborder='0' height='410' id='comment-editor' name='comment-editor' src='' width='100%'/>
    </b:if>
    <data:post.friendConnectJs/>
    <data:post.cmtfpIframe/>
    <script type='text/javascript'>
      BLOG_CMT_createIframe(&#39;<data:post.appRpcRelayPath/>&#39;, &#39;<data:post.communityId/>&#39;);
    </script>
  </div>
</b:includable>
    <b:includable id='threaded_comment_js' var='post'>
  <script async='async' expr:src='data:post.commentSrc' type='text/javascript'/>

  <script type='text/javascript'>
    (function() {
      var items = <data:post.commentJso/>;
      var msgs = <data:post.commentMsgs/>;
      var config = <data:post.commentConfig/>;

// <![CDATA[
      var cursor = null;
      if (items && items.length > 0) {
        cursor = parseInt(items[items.length - 1].timestamp) + 1;
      }

      var bodyFromEntry = function(entry) {
        if (entry.gd$extendedProperty) {
          for (var k in entry.gd$extendedProperty) {
            if (entry.gd$extendedProperty[k].name == 'blogger.contentRemoved') {
              return '<span class="deleted-comment">' + entry.content.$t + '</span>';
            }
          }
        }
        return entry.content.$t;
      }

      var parse = function(data) {
        cursor = null;
        var comments = [];
        if (data && data.feed && data.feed.entry) {
          for (var i = 0, entry; entry = data.feed.entry[i]; i++) {
            var comment = {};
            // comment ID, parsed out of the original id format
            var id = /blog-(\d+).post-(\d+)/.exec(entry.id.$t);
            comment.id = id ? id[2] : null;
            comment.body = bodyFromEntry(entry);
            comment.timestamp = Date.parse(entry.published.$t) + '';
            if (entry.author && entry.author.constructor === Array) {
              var auth = entry.author[0];
              if (auth) {
                comment.author = {
                  name: (auth.name ? auth.name.$t : undefined),
                  profileUrl: (auth.uri ? auth.uri.$t : undefined),
                  avatarUrl: (auth.gd$image ? auth.gd$image.src : undefined)
                };
              }
            }
            if (entry.link) {
              if (entry.link[2]) {
                comment.link = comment.permalink = entry.link[2].href;
              }
              if (entry.link[3]) {
                var pid = /.*comments\/default\/(\d+)\?.*/.exec(entry.link[3].href);
                if (pid && pid[1]) {
                  comment.parentId = pid[1];
                }
              }
            }
            comment.deleteclass = 'item-control blog-admin';
            if (entry.gd$extendedProperty) {
              for (var k in entry.gd$extendedProperty) {
                if (entry.gd$extendedProperty[k].name == 'blogger.itemClass') {
                  comment.deleteclass += ' ' + entry.gd$extendedProperty[k].value;
                }
              }
            }
            comments.push(comment);
          }
        }
        return comments;
      };

      var paginator = function(callback) {
        if (hasMore()) {
          var url = config.feed + '?alt=json&v=2&orderby=published&reverse=false&max-results=50';
          if (cursor) {
            url += '&published-min=' + new Date(cursor).toISOString();
          }
          window.bloggercomments = function(data) {
            var parsed = parse(data);
            cursor = parsed.length < 50 ? null
                : parseInt(parsed[parsed.length - 1].timestamp) + 1
            callback(parsed);
            window.bloggercomments = null;
          }
          url += '&callback=bloggercomments';
          var script = document.createElement('script');
          script.type = 'text/javascript';
          script.src = url;
          document.getElementsByTagName('head')[0].appendChild(script);
        }
      };
      var hasMore = function() {
        return !!cursor;
      };
      var getMeta = function(key, comment) {
        if ('iswriter' == key) {
          var matches = !!comment.author
              && comment.author.name == config.authorName
              && comment.author.profileUrl == config.authorUrl;
          return matches ? 'true' : '';
        } else if ('deletelink' == key) {
          return config.baseUri + '/delete-comment.g?blogID='
               + config.blogId + '&postID=' + comment.id;
        } else if ('deleteclass' == key) {
          return comment.deleteclass;
        }
        return '';
      };

      var replybox = null;
      var replyUrlParts = null;
      var replyParent = undefined;

      var onReply = function(commentId, domId) {
        if (replybox == null) {
          // lazily cache replybox, and adjust to suit this style:
          replybox = document.getElementById('comment-editor');
          if (replybox != null) {
            replybox.height = '250px';
            replybox.style.display = 'block';
            replyUrlParts = replybox.src.split('#');
          }
        }
        if (replybox && (commentId !== replyParent)) {
          document.getElementById(domId).insertBefore(replybox, null);
          replybox.src = replyUrlParts[0]
              + (commentId ? '&parentID=' + commentId : '')
              + '#' + replyUrlParts[1];
          replyParent = commentId;
        }
      };

      var hash = (window.location.hash || '#').substring(1);
      var startThread, targetComment;
      if (/^comment-form_/.test(hash)) {
        startThread = hash.substring('comment-form_'.length);
      } else if (/^c[0-9]+$/.test(hash)) {
        targetComment = hash.substring(1);
      }

      // Configure commenting API:
      var configJso = {
        'maxDepth': config.maxThreadDepth
      };
      var provider = {
        'id': config.postId,
        'data': items,
        'loadNext': paginator,
        'hasMore': hasMore,
        'getMeta': getMeta,
        'onReply': onReply,
        'rendered': true,
        'initComment': targetComment,
        'initReplyThread': startThread,
        'config': configJso,
        'messages': msgs
      };

      var render = function() {
        if (window.goog && window.goog.comments) {
          var holder = document.getElementById('comment-holder');
          window.goog.comments.render(holder, provider);
        }
      };

      // render now, or queue to render when library loads:
      if (window.goog && window.goog.comments) {
        render();
      } else {
        window.goog = window.goog || {};
        window.goog.comments = window.goog.comments || {};
        window.goog.comments.loadQueue = window.goog.comments.loadQueue || [];
        window.goog.comments.loadQueue.push(render);
      }
    })();
// ]]>
  </script>
</b:includable>
    <b:includable id='threaded_comments' var='post'>
  <div class='comments' id='comments'>
    <a name='comments'/>
    <h4><data:post.commentLabelFull/>:</h4>

    <div class='comments-content'>
      <b:if cond='data:post.embedCommentForm'>
        <b:include data='post' name='threaded_comment_js'/>
      </b:if>
      <div id='comment-holder'>
         <data:post.commentHtml/>
      </div>
    </div>

    <p class='comment-footer'>
      <b:if cond='data:post.allowNewComments'>
        <b:include data='post' name='threaded-comment-form'/>
      <b:else/>
        <data:post.noNewCommentsText/>
      </b:if>
    </p>

    <b:if cond='data:showCmtPopup'>
      <div id='comment-popup'>
        <iframe allowtransparency='true' frameborder='0' id='comment-actions' name='comment-actions' scrolling='no'>
        </iframe>
      </div>
    </b:if>

    <div id='backlinks-container'>
    <div expr:id='data:widget.instanceId + &quot;_backlinks-container&quot;'>
       <b:if cond='data:post.showBacklinks'>
         <b:include data='post' name='backlinks'/>
       </b:if>
    </div>
    </div>
  </div>
</b:includable>
  </b:widget>
</b:section>
</div><!-- #content -->
</div><!-- #primary -->
</div><!-- #main -->

<footer class='site-footer' id='colophon' role='contentinfo'>
<div class='site-info'>
<!-- You do not have permission to change or delete these -->
Copyright &#169; <script type='text/javascript'>var creditsyear = new Date();document.write(creditsyear.getFullYear());</script> <a expr:href='data:blog.homepageUrl'><data:blog.title/></a> | Powered by <a href='http://www.blogger.com/'>Blogger</a>
<br/>Design by <a href='http://carolinemoore.net/' target='_blank'>Caroline Moore</a> | Blogger Template by <a href='http://newbloggerthemes.com/' target='_blank' title='Best Blogger Templates'>NewBloggerThemes.com</a> | Distributed By <a href='http://gooyaabitemplates.com/' rel='dofollow' target='_blank'>Gooyaabi Templates</a>
</div><!-- .site-info -->
</footer><!-- #colophon -->

</div><!-- #page -->

<script type='text/javascript'>
//<![CDATA[

/**
 * navigation.js
 *
 * Handles toggling the navigation menu for small screens.
 */
( function() {
	var container = document.getElementById( 'site-navigation' ),
	    button    = container.getElementsByTagName( 'h1' )[0],
	    menu      = container.getElementsByTagName( 'ul' )[0];

	if ( undefined == button || undefined == menu )
		return false;

	button.onclick = function() {
		if ( -1 == menu.className.indexOf( 'nav-menu' ) )
			menu.className = 'nav-menu';

		if ( -1 != button.className.indexOf( 'toggled-on' ) ) {
			button.className = button.className.replace( ' toggled-on', '' );
			menu.className = menu.className.replace( ' toggled-on', '' );
			container.className = container.className.replace( 'main-small-navigation', 'navigation-main' );
		} else {
			button.className += ' toggled-on';
			menu.className += ' toggled-on';
			container.className = container.className.replace( 'navigation-main', 'main-small-navigation' );
		}
	};

	// Hide menu toggle button if menu is empty.
	if ( ! menu.childNodes.length )
		button.style.display = 'none';
} )();

//]]>
</script>

<script type='text/javascript'>
//<![CDATA[

jQuery( document ).ready( function( $ ) {

	var sidebar = $( '#secondary' );
	var sidebarButton = $( '#sidebar-button' );

	function scrollTop() {
		$( 'body,html' ).animate( {
			scrollTop: 0
		}, 400 );
	};

	function sidebarToggleLeft() {
		sidebar.animate( { left: parseInt( sidebar.css( 'left' ), 10 ) == 40 ?
									-sidebar.outerWidth() :
									40
		} );
	}

	function sidebarToggleDown() {
		sidebar.slideToggle();
		sidebar.toggleClass( 'toggled-on' );
	}

	$(window).on( 'load resize', function() {
		if ( $(this).width() > 730 ) {
			sidebar.show().css( 'left', '-284px' );
		}
		else {
			sidebar.hide().css( 'left', '0' );
		}
	} );

	sidebarButton.on( 'click', function( e ) {
		e.preventDefault();
		if ( $(window).width() > 730 ) {
			sidebarToggleLeft();
		}
		else {
			sidebarToggleDown();
			scrollTop();
		}
	} );

} );

//]]>
</script>

<script type='text/javascript'>
//<![CDATA[

( function() {
	var is_webkit = navigator.userAgent.toLowerCase().indexOf( 'webkit' ) > -1,
	    is_opera  = navigator.userAgent.toLowerCase().indexOf( 'opera' )  > -1,
	    is_ie     = navigator.userAgent.toLowerCase().indexOf( 'msie' )   > -1;

	if ( ( is_webkit || is_opera || is_ie ) && 'undefined' !== typeof( document.getElementById ) ) {
		var eventMethod = ( window.addEventListener ) ? 'addEventListener' : 'attachEvent';
		window[ eventMethod ]( 'hashchange', function() {
			var element = document.getElementById( location.hash.substring( 1 ) );

			if ( element ) {
				if ( ! /^(?:a|select|input|button|textarea)$/i.test( element.tagName ) )
					element.tabIndex = -1;

				element.focus();
			}
		}, false );
	}
})();

//]]>
</script>

</body>
</html>