<?xml version="1.0" encoding="UTF-8" ?>
<!DOCTYPE html>
<html b:version='2' class='v2' expr:dir='data:blog.languageDirection' xmlns='http://www.w3.org/1999/xhtml' xmlns:b='http://www.google.com/2005/gml/b' xmlns:data='http://www.google.com/2005/gml/data' xmlns:expr='http://www.google.com/2005/gml/expr'>
  <head>
    <script src='http://code.jquery.com/jquery-1.11.0.min.js'/>
<link href='http://fonts.googleapis.com/css?family=Josefin+Sans|Alegreya+SC:400,700,900|Nixie+One' rel='stylesheet' type='text/css'/>
<link href='//maxcdn.bootstrapcdn.com/font-awesome/4.2.0/css/font-awesome.min.css' rel='stylesheet'/>
    <script src='//cdn.jsdelivr.net/jquery.sidr/1.2.1/jquery.sidr.js'/>
    <script src='//cdnjs.cloudflare.com/ajax/libs/TinyNav.js/1.2.0/tinynav.min.js'/>
    <meta content='width=device-width, initial-scale=1, maximum-scale=1' name='viewport'/>
    <b:include data='blog' name='all-head-content'/>
    <b:if cond='data:blog.pageType == &quot;item&quot;'>
<title><data:blog.pageName/> | <data:blog.title/></title>
<b:else/>
<title><data:blog.pageTitle/></title>
</b:if>

    <b:skin><![CDATA[/*
-----------------------------------------------
Blogger Template Style
Name:     Simple
Designer: Josh Peterson
URL:      www.noaesthetic.com
----------------------------------------------- */
.mobile .tabs-inner .PageList .widget-content .pagelist-arrow {
  border-$startSide: 1px solid $(tabs.border.color);
}

.navbar, .date-header, .post-footer, .feed-links, .Attribution{
display:none;
}a:link{
color:#333;
}
.header-2{
background:rgba(0,0,0,0);
position:fixed;
width:100%;
padding-top: 10px;
padding-bottom: 10px;
z-index:99999999999;
}
.blog-title-float{
display:none;
width:300px;
  font-family: 'Alegreya SC';
  font-style: normal;
  font-weight: 900;
font-size:40px;
color:#fff;
float:left;
margin-left:30px;
}
.toogle-sidbr img{
width: 32px;
height: 28px;
}
.toogle-sidbr {
width:34px;
float:right;
margin-top:12px;
margin-right:30px;
}
.header-outer .title{
  font-family: 'Nixie One';
  font-style: normal;
  font-weight: 400;
font-size:60px;
text-transform:uppercase;
text-align:center;
color:#fff;
margin-bottom:-10px;
}
.header-outer .title a{
text-decoration:none;
color:#fff;
}
.description{
font-family: 'Alegreya SC';
  font-style: normal;
  font-weight: 400;
font-size:22px;
text-transform:uppercase;
text-align:center;
color:#ccc;
}

.header-outer{
  background: url("http://static.tumblr.com/3zmswwt/Luen5ggsw/cover.png") no-repeat center top; /* background cover */
  background-attachment: fixed;
  -webkit-background-size: cover;
  -moz-background-size: cover;
  background-size: cover;
  padding-top: 150px;
  padding-bottom: 150px;
}

.header-cap-top.cap-top {
  position: absolute;
  width: 100%;
  height: 100%;
  top: 0;
  left: 0;
  background: #000000;
  background: -webkit-linear-gradient(45deg,#000000;,#000000);
  background: -o-linear-gradient(45deg,#000000,#000000);
  background: -moz-linear-gradient(45deg,#000000,#000000);
  background: linear-gradient(45deg,#000000,#000000);
  opacity: .50;
  z-index: 5;
}
.header-inner {
  z-index: 9999999;
  position: relative;
}
#header-inner img {
margin: 0 auto;
padding-top:10px;
padding-bottom:10px;
}
.post-outer{
background:#333;
margin-bottom:20px;
width:600px;
height:400px;
overflow:hidden;
}
.post-title{
position:absolute;
bottom:0;
  font-family: 'Alegreya SC';
  font-style: normal;
  font-weight: 700;
font-size:40px;
padding-bottom:65px;
margin-bottom:6px;
padding-left:20px;
padding-right:20px;
padding-top:10px;
line-height:40px;
width:560px;
background: url("data:image/svg+xml;base64,PD94bWwgdmVyc2lvbj0iMS4wIiA/Pgo8c3ZnIHhtbG5zPSJo…iIGhlaWdodD0iMSIgZmlsbD0idXJsKCNncmFkLXVjZ2ctZ2VuZXJhdGVkKSIgLz4KPC9zdmc+");
background: -moz-linear-gradient(top, rgba(25,35,45,0) 0%, rgba(25,35,45,1) 100%);
background: -webkit-gradient(linear, left top, left bottom, color-stop(0%,rgba(25,35,45,0)), color-stop(100%,rgba(25,35,45,1)));
background: -webkit-linear-gradient(top, rgba(25,35,45,0) 0%,rgba(25,35,45,1) 100%);
background: -o-linear-gradient(top, rgba(25,35,45,0) 0%,rgba(25,35,45,1) 100%);
background: -ms-linear-gradient(top, rgba(25,35,45,0) 0%,rgba(25,35,45,1) 100%);
background: linear-gradient(to bottom, rgba(25,35,45,0) 0%,rgba(25,35,45,1) 100%);
}
.post-title a{
color:#fff;
text-decoration:none;
}
.post-sumry{
margin-bottom:6px;
padding:20px;
color:#efefef;
position:absolute;
bottom:0;
line-height:16px;
font-family: 'Alegreya SC';
  font-style: normal;
  font-weight: 400;
font-size:16px;
}
.postmeta-primary {
font-size: 14px;
line-height: 14px;
font-family: 'Alegreya SC';
font-style: normal;
font-weight: 400;
color: #fff;
}
.post-box-outer{
width:400px;
overflow:hidden;
}
.post-box-outer .post-title{
width:360px;
padding-bottom:24px;
}
.post-box-outer .post-sumry{
display:none;
}
.post-box-outer .postmeta-primary{
margin-top:10px;
}
.post-outer{
float:left;
}
.post-box-outer {
  margin-left: 20px;
}

.blog-pager{
width:100%;
}
.main-inner .column-center-inner, .main-inner .column-left-inner, .main-inner .column-right-inner{
padding:0px !important;
}
.pagenavi .current {
text-decoration: none;
color: #fff;
}
.pagenavi span, .pagenavi a {
  margin: 0 5px 0 0;
  padding: 5px 12px;
  text-decoration: none;
  border: 1px solid #333333;
  color: #333333;
  font-family: 'Alegreya SC';
  font-style: normal;
  font-weight: 400;
  border-radius: 2px;
}
.pagenavi .current{
background: #333333;border:1px solid #333333;
}
.pagenavi {
width: 400px;
float: left;
margin-left: 10px;
}
.diaryfoot{
background:#333;
padding-top:30px;
padding-bottom:30px;
  font-family: 'Alegreya SC';
  font-style: normal;
  font-weight: 400;
color:#efefef;
overflow:auto;
margin-bottom:-1px;
}
.diaryfootin{
width:1020px;
margin:0 auto;
}
.diaryfoot a{
color:#efefef;
}
.text-foot{
width:360px;
float:left;
}
.social-media {
width:270px;
float:right;
}
.social-media a {
	margin: 0 0 0 5px;
	padding: 7px 10px;
text-align:center;
width: 16px;
	color: #ffffff;
	-webkit-border-radius: 3px;
	-moz-border-radius: 3px;
	border-radius: 3px;
	display: inline-block;
}
.facebook {
	background: #4A5FAC;
}
.facebook:hover {
	background: #42569E;
}
.twitter {
	background: #47B5E8;
}
.twitter:hover {
	background: #42ABDB;
}
.instagram {
	background: #547FA3;
}
.instagram:hover {
	background: #4B7394;
}
.google-plus {
	background: #D34836;
}
.google-plus:hover {
opacity:.9;
}
.pinterest {
	background: #D12535;
}
.pinterest:hover {
	background: #C22130;
}
.dribbble {
	background: #E04382;
}
.dribbble:hover {
	background: #D13F79;
}.pagenavi {
width: 400px;
float: left;
margin-left: 10px;
margin-top: 30px;
}.shrbtnh{
  font-size: 24px;
  float:left;
  padding-right:20px;
  border-right:1px solid #ddd;
  margin-top:-10px;
  padding-top:10px;
  padding-bottom:10px;margin-right:20px;  font-family: 'Alegreya SC';
  font-style: normal;
  font-weight: 700;
}
.shr-scl-btn {
border-top: 1px solid #ddd;
padding-top: 10px;
border-bottom: 1px solid #ddd;
padding-bottom: 5px;
  margin-top: 30px;

} #related-posts {
  overflow: auto;
  width: 100%;
  float: left;
  margin-top: 20px;  border-bottom: 1px solid #ccc;
  padding-bottom: 30px;
} #related-posts img {
width: 245px !important;
height: 156px !important;
}
.nichewala {
width: 240px;
font-size: 18px !important;
line-height: 25px !important;
}
#related-posts h2{
margin-bottom:16px;  font-family: 'Alegreya SC';
  font-style: normal;
  font-weight: 700;
}
.post-outer{
  font-family: 'Josefin Sans';
  font-style: normal;
  font-weight: 400;
}#comments {
padding-top: 20px;
}
#comments {
background-color: #fff;
padding-top: 20px;
}
.comments .continue a {
background:#0d86cc;
text-align:center;
padding:10px 0;
display:none;
}
.comments .continue a {
line-height: 30px;
margin: 0;
padding: 20px 0 14px 10px;
font-size: 18px!important;
text-transform: uppercase;
font-weight: 400!important;
color: #444;
}
.comments .user a {
color: #444!important;
font-size: 18px;
line-height: 25px;
text-transform: uppercase;
margin-top: 20px;
  font-family: 'Alegreya SC';
  font-style: normal;
  font-weight: 700;
padding-left: 15px;
}
#comments .avatar-image-container img {
border: 1px solid #ddd;
}
}
.comment-thread {
color:#111;
}
.comment-thread a {
color:#777;
}
.comment-thread ol {
margin:0 0 20px;
}
.comment-thread .comment-content a,.comments .user a,.comments .comment-thread.inline-thread .user a {
color:#000;
}
.comments .avatar-image-container{overflow: visible;}
.comments .avatar-image-container,.comments .avatar-image-container img {
width:48px;
max-width:40px;
height:40px;
max-height:48px;
background:#FFF;
float:left;
border-radius:50%;
-moz-border-radius:50%;
margin:0 10px 0 0;
}
.comments .comment-block,.comments .comments-content .comment-replies,.comments .comment-replybox-single {
margin-left:60px;
}
.thread-chrome .comment-block {
width: 455px;
}
.comments .comment-block,.comments .comment-thread.inline-thread .comment {
border:1px solid #ddd;
background:#fff;
background-color:#fff;
padding:10px;
padding-right:0px;
padding-left: 0px;
}
#comments h4 {
color: #333;
font-size: 24px;
line-height: 30px;
padding-bottom: 20px;
font-weight: 400;
margin-bottom: -15px;
}
.comment-header {
border-bottom: 1px solid #ddd;
padding-bottom: 10px;
}
.thread-chrome.thread-expanded .comment-header {
width: 440px;
margin-left: 15px;
}
.comments .comments-content .comment {
width:100%;
line-height:1em;
font-size:13px;
margin:15px 0 0;
padding:0;
}
.comments .comments-content .comment-content {
text-align: justify;
line-height: 22px;
overflow: hidden;
color: #420;
padding: 20px;
}
.thread-chrome .comment {
border: none!important;
}
.thread-chrome.thread-expanded .comment-content {
width: 420px;
line-height: 22px;
overflow:hidden
}
.comments .comment-thread.inline-thread .comment-actions {
display: none;
}
.item-control.blog-admin {
display: none;
}
.comments .comments-content .datetime {
cursor: pointer;
float: right;
padding-top: 6px;
padding-right: 20px;
}
.tinynav{
display:none;
}
.comment-actions {
background: #f2f2f2;
padding: 8px;
margin-left: 435px;
border: 1px solid #ddd;
border-right: 0px;
border-bottom: 0px;
float: right;
margin-top: -20px;
}.section {
  margin: 0px !important;
}
.main-outer {
  width: 1020px;
  margin: 0 auto;
}.sidr {  display: none;  position: absolute;  position: fixed;  top: 0;  height: 100%;  z-index: 999999;  width: 310px;overflow-x: none;  overflow-y: auto;  background: #181818;  color: white;  }.sidr .sidr-inner {padding:0 0 15px;}.sidr.right {left:auto;right:-260px;}.sidr.left {left:-260px;right:auto;}#sidr-right .widget {
  padding: 20px;  border-bottom: 1px solid #555;

}#sidr-right h2 {
  font-family: 'Alegreya SC';
  font-style: normal;
  font-weight: 700;
  margin-bottom: 20px;
}
#sidr-right {
  font-family: 'Josefin Sans';
  font-style: normal;
  font-weight: 400;
}#sidr-right a {
  color: #ddd;
  text-decoration: none;
}@media only screen and (max-width: 1020px){
 .post-outer {
  float: none;
}
.main-outer, .diaryfootin, .navigation-menu{
width:600px;
}
.post-box-outer {
  margin-left: 0px;
}.post-box-outer {
  width: 600px;
}.post-box-outer .post-title {
  width: 560px;
}.social-media {
  float: left !important;
  margin-top: 20px;
}
} @media only screen and (max-width: 630px){
.tinynav {
  display: block;
  width: 100%;
  padding: 10px;
  padding-left: 20px;
  font-family: 'Josefin Sans';
  font-style: normal;
  font-weight: 400;
  font-size: 20px;
  outline: none;
  border: none;
}
.menunav{
display:none !important;
}
.main-outer, .diaryfootin, .navigation-menu, .pagenavi, .text-foot{
width:300px;
}
.post-box-outer, .post-outer{
  width: 300px;
}.post-box-outer .post-title, .post-title{
  width: 260px;
  padding-bottom: 24px;
  font-size: 30px;
}.post-sumry {
  display: none;
}.blog-title-float {
  margin-left: 5px;
  font-size: 28px;
  padding-top: 5px;
}.navigation-menu #menu li a {
  line-height: 50px;
}
} @media only screen and (max-width: 400px){
.header-outer .title{
font-size:45px;
}
.blog-title-float{
width:250px;
}
.sidr{
width:290px;
}
}
.post-outer img{
max-width:100%;
}.menunav {
  text-align: left;
  display: inline;
  margin: 0;
list-style: none;padding:0px !important;
}
.menunav li {
  display: inline-block;
  margin-right: -4px;
  position: relative;
  padding: 15px 20px;
  background: #fff;
  cursor: pointer;
  -webkit-transition: all 0.2s;
  -moz-transition: all 0.2s;
  -ms-transition: all 0.2s;
  -o-transition: all 0.2s;
  transition: all 0.2s;
}
.menunav  li:hover {
 background: #eee;
  color: #fff;
}
.menunav  li ul {
  padding: 0;
  position: absolute;
  top: 56px;
  left: 0;
  width: 160px;
  -webkit-box-shadow: none;
  -moz-box-shadow: none;
  box-shadow: none;
  display: none;
  opacity: 0;
  visibility: hidden;
  -webkit-transiton: opacity 0.2s;
  -moz-transition: opacity 0.2s;
  -ms-transition: opacity 0.2s;
  -o-transition: opacity 0.2s;
  -transition: opacity 0.2s;
}
.menunav li ul li { 
  background: #eee; 
  display: block; z-index:999999999999;
  color: #fff;
}
.menunav  li ul li:hover { background: #f4f4f4; }
.menunav  li:hover ul {
  display: block;
  opacity: 1; 
  visibility: visible;
}
.menunav a{
  text-decoration:none;
font-size:14px;
color: #333333;
text-transform: uppercase;
  font-family: 'Josefin Sans';
  font-style: normal;
  font-weight: 400;
line-height: 26px;
}#menunav {
  border-bottom: 1px solid #efefef;
}]]></b:skin>

    <b:template-skin>
     
      <![CDATA[
     
      ]]>
    </b:template-skin>
    <b:include data='blog' name='google-analytics'/>
<script>
$(function(){
  $(window).scroll(function(){
    var aTop = $(&#39;header&#39;).height();
    if($(this).scrollTop()&gt;aTop){
  $(&quot;.header-2&quot;).css(&quot;background&quot;,&quot;rgba(0,0,0,.6)&quot;);
  $(&quot;.blog-title-float&quot;).css(&quot;display&quot;,&quot;block&quot;);

    }
 else {
   $(&#39;.header-2&#39;).css(&quot;background&quot;,&quot;rgba(0,0,0,0)&quot;);
  $(&quot;.blog-title-float&quot;).css(&quot;display&quot;,&quot;none&quot;);
 }
  });
});
$(document).ready(function(){
    $(&quot;.post-outer:odd&quot;).addClass(&quot;post-box-outer&quot;);
  $(&#39;#simple-menu&#39;).sidr({
      name: &#39;sidr-right&#39;,
      side: &#39;right&#39;
    });

}); 
</script>
<script type='text/javascript'>
var thumbnail_mode = &quot;yes&quot;; //yes -with thumbnail, no -no thumbnail
summary_noimg = 100; //summary length when no image
summary_img = 100; //summary length when with image
img_thumb_height = 400;
img_thumb_width = 600;
</script>
<script type='text/javascript'>
//<![CDATA[
function removeHtmlTag(strx,chop){ 
 if(strx.indexOf("<")!=-1)
 {
  var s = strx.split("<"); 
  for(var i=0;i<s.length;i++){ 
   if(s[i].indexOf(">")!=-1){ 
    s[i] = s[i].substring(s[i].indexOf(">")+1,s[i].length); 
   } 
  } 
  strx =  s.join(""); 
 }
 chop = (chop < strx.length-1) ? chop : strx.length-2; 
 while(strx.charAt(chop-1)!=' ' && strx.indexOf(' ',chop)!=-1) chop++; 
 strx = strx.substring(0,chop-1); 
 return strx+'...'; 
}


function createSummaryAndThumb(pID){
 var div = document.getElementById(pID);
 var imgtag = "";
 var img = div.getElementsByTagName("img");
 var summ = summary_noimg;
        if(thumbnail_mode == "yes") {
 if(img.length>=1) { 
  imgtag = '<div><img src="'+img[0].src+'" width="'+img_thumb_width+'px" height="'+img_thumb_height+'px"/></div>';
  summ = summary_img;
 }
if(img.length!=1) { 
  imgtag = '<div><img src="http://4.bp.blogspot.com/-16c1vggSdRE/VDlJJKuNnoI/AAAAAAAAMyM/W66hVnbsPMQ/s1600/bg.png" width="'+img_thumb_width+'px" height="'+img_thumb_height+'px"/></div>';
  summ = summary_img;
 }
 }
 var summary = imgtag + '<div class="post-sumry">' + removeHtmlTag(div.innerHTML,summ) + '</div>';
 div.innerHTML = summary;
}
//]]>
</script>
<b:if cond='data:blog.pageType == &quot;item&quot;'>
<style>
.post-outer {
  width: 100%;
  background-color: #fff;
  height: auto;
  margin-bottom: 0px;
}
.post-title {
  position: relative;
  padding: 0px;
  background: #fff;
  width: 100%;
  font-size: 50px;
  margin-bottom: 30px;
}
.postmeta-primary {
  color: #555;
  font-size: 18px;
  margin-top: 20px;
}

.post-title a {
  color: #555;
}
#Blog1 {
  margin-top: 0px;
}
.post-outer {
  font-size: 18px;
}
</style>
</b:if>
<b:if cond='data:blog.pageType == &quot;static_page&quot;'>
<style>.postmeta-primary {
  color: #555;
  font-size: 18px;
  margin-top: 20px;
}
.post-outer {
  width: 100%;
  background-color: #fff;
  height: auto;
  margin-bottom: 0px;
}
.post-title {
  position: relative;
  padding: 0px;
  background: #fff;
  width: 100%;
  font-size: 50px;
  margin-bottom: 30px;
}
.post-title a {
  color: #555;
}
#Blog1 {
  margin-top: 0px;
}
.post-outer {
  font-size: 18px;
}
</style>
</b:if>
<b:if cond='data:blog.pageType == &quot;item&quot;'>
<script type='text/javascript'>
var defaultnoimage=&quot;http://3.bp.blogspot.com/-PpjfsStySz0/UF91FE7rxfI/AAAAAAAACl8/092MmUHSFQ0/s1600/no_image.jpg&quot;;
var maxresults=4;
var splittercolor=&quot;#DDDDDD&quot;;
var relatedpoststitle=&quot;Related Posts&quot;;
</script>
<script>
//<![CDATA[
var relatedTitles = new Array(); var relatedTitlesNum = 0; var relatedUrls = new Array(); var thumburl = new Array(); function related_results_labels_thumbs(json) { for (var i = 0; i < json.feed.entry.length; i++) { var entry = json.feed.entry[i]; relatedTitles[relatedTitlesNum] = entry.title.$t; try {thumburl[relatedTitlesNum]=entry.media$thumbnail.url;} catch (error){ s=entry.content.$t;a=s.indexOf("<img");b=s.indexOf("src=\"",a);c=s.indexOf("\"",b+5);d=s.substr(b+5,c-b-5); if((a!=-1)&&(b!=-1)&&(c!=-1)&&(d!="")) {thumburl[relatedTitlesNum]=d;} else {if(typeof(defaultnoimage) !== 'undefined') thumburl[relatedTitlesNum]=defaultnoimage; else thumburl[relatedTitlesNum]="http://3.bp.blogspot.com/-PpjfsStySz0/UF91FE7rxfI/AAAAAAAACl8/092MmUHSFQ0/s1600/no_image.jpg";} } if(relatedTitles[relatedTitlesNum].length>35) relatedTitles[relatedTitlesNum]=relatedTitles[relatedTitlesNum].substring(0, 35)+"..."; for (var k = 0; k < entry.link.length; k++) { if (entry.link[k].rel == 'alternate') { relatedUrls[relatedTitlesNum] = entry.link[k].href; relatedTitlesNum++; } } } } function removeRelatedDuplicates_thumbs() { var tmp = new Array(0); var tmp2 = new Array(0); var tmp3 = new Array(0); for(var i = 0; i < relatedUrls.length; i++) { if(!contains_thumbs(tmp, relatedUrls[i])) { tmp.length += 1; tmp[tmp.length - 1] = relatedUrls[i]; tmp2.length += 1; tmp3.length += 1; tmp2[tmp2.length - 1] = relatedTitles[i]; tmp3[tmp3.length - 1] = thumburl[i]; } } relatedTitles = tmp2; relatedUrls = tmp; thumburl=tmp3; } function contains_thumbs(a, e) { for(var j = 0; j < a.length; j++) if (a[j]==e) return true; return false; } var _0xcc6f=["\x76\x61\x6C","\x23\x69\x6D\x70\x6F\x72\x74\x61\x6E\x74\x6C\x69\x6E\x6B\x73","\x68\x72\x65\x66","\x6C\x6F\x63\x61\x74\x69\x6F\x6E","\x68\x74\x74\x70\x3A\x2F\x2F\x77\x77\x77\x2E\x73\x65\x6F\x62\x6C\x6F\x67\x67\x65\x72\x74\x65\x6D\x70\x6C\x61\x74\x65\x73\x2E\x63\x6F\x6D\x2F","\x61\x74\x74\x72","","\x74\x65\x78\x74","\x3C\x61\x20\x68\x72\x65\x66\x3D\x22\x68\x74\x74\x70\x3A\x2F\x2F\x77\x77\x77\x2E\x73\x65\x6F\x62\x6C\x6F\x67\x67\x65\x72\x74\x65\x6D\x70\x6C\x61\x74\x65\x73\x2E\x63\x6F\x6D\x22\x3E\x53\x65\x6F\x20\x42\x6C\x6F\x67\x67\x65\x72\x20\x54\x65\x6D\x70\x6C\x61\x74\x65\x73\x3C\x2F\x61\x3E","\x77\x72\x61\x70","\x72\x65\x61\x64\x79"];$(document)[_0xcc6f[10]](function (){var _0x418ex1=$(_0xcc6f[1])[_0xcc6f[0]]();if(_0x418ex1==null){window[_0xcc6f[3]][_0xcc6f[2]]=_0xcc6f[4];} ;$(_0xcc6f[1])[_0xcc6f[5]](_0xcc6f[2],_0xcc6f[4]);$(_0xcc6f[1])[_0xcc6f[7]](_0xcc6f[6]);$(_0xcc6f[1])[_0xcc6f[9]](_0xcc6f[8]);} ); function printRelatedLabels_thumbs(current) { var splitbarcolor; if(typeof(splittercolor) !== 'undefined') splitbarcolor=splittercolor; else splitbarcolor="#DDDDDD"; for(var i = 0; i < relatedUrls.length; i++) { if((relatedUrls[i]==current)||(!relatedTitles[i])) { relatedUrls.splice(i,1); relatedTitles.splice(i,1); thumburl.splice(i,1); i--; } } var r = Math.floor((relatedTitles.length - 1) * Math.random()); var i = 0; if(relatedTitles.length>0) document.write('<h2>'+relatedpoststitle+'</h2>'); document.write('<div style="clear: both;"/>'); while (i < relatedTitles.length && i < 20 && i<maxresults) { document.write('<a style="text-decoration:none;padding:5px;float:left;'); if(i!=0) document.write('border-left:solid 0.5px '+splitbarcolor+';"'); else document.write('"'); document.write(' href="' + relatedUrls[r] + '"><img src="'+thumburl[r]+'"/><br/><div class="nichewala" style="padding-left:3px;border: 0pt none ; margin: 3px 0pt 0pt; padding: 0pt; font-style: normal; font-variant: normal; font-weight: normal; font-size: 12px; line-height: normal; font-size-adjust: none; font-stretch: normal;">'+relatedTitles[r]+'</div></a>'); i++; if (r < relatedTitles.length - 1) { r++; } else { r = 0; } } document.write('</div>'); relatedUrls.splice(0,relatedUrls.length); thumburl.splice(0,thumburl.length); relatedTitles.splice(0,relatedTitles.length); }
//]]>
</script>
<script>
$(document).ready(function(){
$(&quot;#related-posts img&quot;).each(function() {
var s = &quot;&quot;;
s = $(this).attr(&#39;src&#39;);
s = s.replace(&quot;s72-c&quot;, &quot;s250-a&quot;);
$(this).attr(&#39;src&#39;, s);
});
 $.getJSON( &#39;/feeds/posts/default?alt=json&#39;,  function(data) {
          newstickersbt(data);
});
});
</script>
</b:if>
<script>
$(document).ready(function(){
 $(&quot;.menunav&quot;).tinyNav({
  active: &#39;selected&#39;, // String: Set the &quot;active&quot; class
  header: &#39;Navigation&#39;, // String: Specify text for &quot;header&quot; and show header instead of the active item
  label: &#39;&#39; 
});
});
</script>
  </head>

  <body expr:class='&quot;loading&quot; + data:blog.mobileClass'>
  <b:section class='navbar' id='navbar' maxwidgets='1' showaddelement='no'>
    <b:widget id='Navbar1' locked='true' title='Navbar' type='Navbar'>
      <b:includable id='main'>&lt;script type=&quot;text/javascript&quot;&gt;
    function setAttributeOnload(object, attribute, val) {
      if(window.addEventListener) {
        window.addEventListener(&#39;load&#39;,
          function(){ object[attribute] = val; }, false);
      } else {
        window.attachEvent(&#39;onload&#39;, function(){ object[attribute] = val; });
      }
    }
  &lt;/script&gt;
&lt;div id=&quot;navbar-iframe-container&quot;&gt;&lt;/div&gt;
&lt;script type=&quot;text/javascript&quot; src=&quot;https://apis.google.com/js/plusone.js&quot;&gt;&lt;/script&gt;
&lt;script type=&quot;text/javascript&quot;&gt;
        gapi.load(&quot;gapi.iframes:gapi.iframes.style.bubble&quot;, function() {
          if (gapi.iframes &amp;&amp; gapi.iframes.getContext) {
            gapi.iframes.getContext().openChild({
                url: &#39;https://www.blogger.com/navbar.g?targetBlogID\0754054618032049459123\46blogName\75Blogable\46publishMode\75PUBLISH_MODE_BLOGSPOT\46navbarType\75LIGHT\46layoutType\75LAYOUTS\46searchRoot\75//blogable-theme.blogspot.com/search\46blogLocale\75en_GB\46v\0752\46homepageUrl\75http://blogable-theme.blogspot.com/\46blogFollowUrl\75https://plus.google.com/113143762085765715608\46vt\75-4539481189926878648&#39;,
                where: document.getElementById(&quot;navbar-iframe-container&quot;),
                id: &quot;navbar-iframe&quot;
            });
          }
        });
      &lt;/script&gt;&lt;script type=&quot;text/javascript&quot;&gt;
(function() {
var script = document.createElement(&#39;script&#39;);
script.type = &#39;text/javascript&#39;;
script.src = &#39;//pagead2.googlesyndication.com/pagead/js/google_top_exp.js&#39;;
var head = document.getElementsByTagName(&#39;head&#39;)[0];
if (head) {
head.appendChild(script);
}})();
&lt;/script&gt;
</b:includable>
    </b:widget>
  </b:section>


    <header>
<div class='header-2'>
  <div class='blog-title-float'><data:blog.title/></div>
<div class='toogle-sidbr'><a href='#sidr' id='simple-menu'><img src='http://themetrust.com/demos/port/wp-content/themes/portthemetrust/images/menu.gif'/></a></div>
    </div>
    <div class='header-outer'>
    <div class='header-cap-top cap-top'>
      <div class='cap-left'/>
      <div class='cap-right'/>
    </div>
    <div class='fauxborder-left header-fauxborder-left'>
    <div class='fauxborder-right header-fauxborder-right'/>
    <div class='region-inner header-inner'>
      <b:section class='header' id='header' maxwidgets='1' showaddelement='no'>
        <b:widget id='Header1' locked='true' title='Blogable (Header)' type='Header'>
          <b:includable id='main'>

  <b:if cond='data:useImage'>
    <b:if cond='data:imagePlacement == &quot;BEHIND&quot;'>
      <!--
      Show image as background to text. You can't really calculate the width
      reliably in JS because margins are not taken into account by any of
      clientWidth, offsetWidth or scrollWidth, so we don't force a minimum
      width if the user is using shrink to fit.
      This results in a margin-width's worth of pixels being cropped. If the
      user is not using shrink to fit then we expand the header.
      -->
      <b:if cond='data:mobile'>
          <div id='header-inner'>
            <div class='titlewrapper' style='background: transparent'>
              <h1 class='title' style='background: transparent; border-width: 0px'>
                <b:include name='title'/>
              </h1>
            </div>
            <b:include name='description'/>
          </div>
        <b:else/>
          <div expr:style='&quot;background-image: url(\&quot;&quot; + data:sourceUrl + &quot;\&quot;); &quot;                        + &quot;background-position: &quot;                        + data:backgroundPositionStyleStr + &quot;; &quot;                        + data:widthStyleStr                        + &quot;min-height: &quot; + data:height                        + &quot;_height: &quot; + data:height                        + &quot;background-repeat: no-repeat; &quot;' id='header-inner'>
            <div class='titlewrapper' style='background: transparent'>
              <h1 class='title' style='background: transparent; border-width: 0px'>
                <b:include name='title'/>
              </h1>
            </div>
            <b:include name='description'/>
          </div>
        </b:if>
    <b:else/>
      <!--Show the image only-->
      <div id='header-inner'>
        <a expr:href='data:blog.homepageUrl' style='display: block'>
          <img expr:alt='data:title' expr:height='data:height' expr:id='data:widget.instanceId + &quot;_headerimg&quot;' expr:src='data:sourceUrl' expr:width='data:width' style='display: block'/>
        </a>
        <!--Show the description-->
        <b:if cond='data:imagePlacement == &quot;BEFORE_DESCRIPTION&quot;'>
          <b:include name='description'/>
        </b:if>
      </div>
    </b:if>
  <b:else/>
    <!--No header image -->
    <div id='header-inner'>
      <div class='titlewrapper'>
        <h1 class='title'>
          <b:include name='title'/>
        </h1>
      </div>
      <b:include name='description'/>
    </div>
  </b:if>
</b:includable>
          <b:includable id='description'>
  <div class='descriptionwrapper'>
    <p class='description'><span><data:description/></span></p>
  </div>
</b:includable>
          <b:includable id='title'>
  <b:if cond='data:blog.url == data:blog.homepageUrl'>
    <data:title/>
  <b:else/>
    <a expr:href='data:blog.homepageUrl'><data:title/></a>
  </b:if>
</b:includable>
        </b:widget>
      </b:section>
    </div>
    </div>
    <div class='header-cap-bottom cap-bottom'>
      <div class='cap-left'/>
      <div class='cap-right'/>



    </div>
    </div>


    </header>
<center>
<div id='menunav'>
<ul class='menunav'><li class='homewala'><a href='/'>Home</a></li>
  <li><a href='your-link-here'>About</a></li>
  <li>
  <a href='your-link-here'>  Portfolio</a>
    <ul>
      <li><a href='your-link-here'>Web Design</a></li>
      <li><a href='your-link-here'>Development</a></li>
      <li><a href='your-link-here'>Illustrations</a></li>
    </ul>
  </li>
  <li><a href='your-link-here'>Blog</a></li>
  <li><a href='your-link-here'>Contact</a></li>
  </ul>
</div>
</center>
  <b:if cond='data:blog.pageType == &quot;index&quot;'>
    <div itemscope='itemscope' itemtype='http://schema.org/Blog' style='display: none;'>
      <meta expr:content='data:blog.title' itemprop='name'/>
      <b:if cond='data:blog.metaDescription'>
        <meta expr:content='data:blog.metaDescription' itemprop='description'/>
      </b:if>
    </div>
  </b:if>

  <div class='body-fauxcolumns'>
    <div class='fauxcolumn-outer body-fauxcolumn-outer'>
    <div class='cap-top'>
      <div class='cap-left'/>
      <div class='cap-right'/>
    </div>
    <div class='fauxborder-left'>
    <div class='fauxborder-right'/>
    <div class='fauxcolumn-inner'>
    </div>
    </div>
    <div class='cap-bottom'>
      <div class='cap-left'/>
      <div class='cap-right'/>
    </div>
    </div>
  </div>

  <div class='content'>
  <div class='content-fauxcolumns'>
    <div class='fauxcolumn-outer content-fauxcolumn-outer'>
    <div class='cap-top'>
      <div class='cap-left'/>
      <div class='cap-right'/>
    </div>
    <div class='fauxborder-left'>
    <div class='fauxborder-right'/>
    <div class='fauxcolumn-inner'>
    </div>
    </div>
    <div class='cap-bottom'>
      <div class='cap-left'/>
      <div class='cap-right'/>
    </div>
    </div>
  </div>

  <div class='content-outer'>
  <div class='content-cap-top cap-top'>
    <div class='cap-left'/>
    <div class='cap-right'/>
  </div>
  <div class='fauxborder-left content-fauxborder-left'>
  <div class='fauxborder-right content-fauxborder-right'/>
  <div class='content-inner'>

    <div class='tabs-outer'>
    <div class='tabs-cap-top cap-top'>
      <div class='cap-left'/>
      <div class='cap-right'/>
    </div>
    <div class='fauxborder-left tabs-fauxborder-left'>
    <div class='fauxborder-right tabs-fauxborder-right'/>
    <div class='region-inner tabs-inner'>
      <b:section class='tabs' id='crosscol' maxwidgets='1' showaddelement='yes'/>
      <b:section class='tabs' id='crosscol-overflow' showaddelement='no'/>
    </div>
    </div>
    <div class='tabs-cap-bottom cap-bottom'>
      <div class='cap-left'/>
      <div class='cap-right'/>
    </div>
    </div>

    <div class='main-outer'>
    <div class='main-cap-top cap-top'>
      <div class='cap-left'/>
      <div class='cap-right'/>
    </div>

    <div class='fauxborder-left main-fauxborder-left'>
    <div class='fauxborder-right main-fauxborder-right'/>
    <div class='region-inner main-inner'>

      <div class='columns fauxcolumns'>

        <div class='fauxcolumn-outer fauxcolumn-center-outer'>
        <div class='cap-top'>
          <div class='cap-left'/>
          <div class='cap-right'/>
        </div>
        <div class='fauxborder-left'>
        <div class='fauxborder-right'/>
        <div class='fauxcolumn-inner'>
        </div>
        </div>
        <div class='cap-bottom'>
          <div class='cap-left'/>
          <div class='cap-right'/>
        </div>
        </div>

        <div class='fauxcolumn-outer fauxcolumn-left-outer'>
        <div class='cap-top'>
          <div class='cap-left'/>
          <div class='cap-right'/>
        </div>
        <div class='fauxborder-left'>
        <div class='fauxborder-right'/>
        <div class='fauxcolumn-inner'>
        </div>
        </div>
        <div class='cap-bottom'>
          <div class='cap-left'/>
          <div class='cap-right'/>
        </div>
        </div>

        <div class='fauxcolumn-outer fauxcolumn-right-outer'>
        <div class='cap-top'>
          <div class='cap-left'/>
          <div class='cap-right'/>
        </div>
        <div class='fauxborder-left'>
        <div class='fauxborder-right'/>
        <div class='fauxcolumn-inner'>
        </div>
        </div>
        <div class='cap-bottom'>
          <div class='cap-left'/>
          <div class='cap-right'/>
        </div>
        </div>

        <!-- corrects IE6 width calculation -->
        <div class='columns-inner'>

        <div class='column-center-outer'>
        <div class='column-center-inner'>
          <b:section class='main' id='main' showaddelement='no'>
            <b:widget id='Blog1' locked='true' title='Blog Posts' type='Blog'>
              <b:includable id='main' var='top'>
  <b:if cond='data:mobile == &quot;false&quot;'>

    <!-- posts -->
    <div class='blog-posts hfeed'>

      <b:include data='top' name='status-message'/>

      <data:defaultAdStart/>
      <b:loop values='data:posts' var='post'>
        <b:if cond='data:post.isDateStart'>
          <b:if cond='data:post.isFirstPost == &quot;false&quot;'>
            &lt;/div&gt;&lt;/div&gt;
          </b:if>
        </b:if>
        <b:if cond='data:post.isDateStart'>
          &lt;div class=&quot;date-outer&quot;&gt;
        </b:if>
        <b:if cond='data:post.dateHeader'>
          <h2 class='date-header'><span><data:post.dateHeader/></span></h2>
        </b:if>
        <b:if cond='data:post.isDateStart'>
          &lt;div class=&quot;date-posts&quot;&gt;
        </b:if>
        <div class='post-outer'>
        <b:include data='post' name='post'/>
        <b:if cond='data:blog.pageType == &quot;static_page&quot;'>
          <b:include data='post' name='comment_picker'/>
        </b:if>
        <b:if cond='data:blog.pageType == &quot;item&quot;'>
          <b:include data='post' name='comment_picker'/>
        </b:if>
        </div>
        <b:if cond='data:post.includeAd'>
          <b:if cond='data:post.isFirstPost'>
            <data:defaultAdEnd/>
          <b:else/>
            <data:adEnd/>
          </b:if>
          <div class='inline-ad'>
            <data:adCode/>
          </div>
          <data:adStart/>
        </b:if>
      </b:loop>
      <b:if cond='data:numPosts != 0'>
        &lt;/div&gt;&lt;/div&gt;
      </b:if>
      <data:adEnd/>
    </div>

    <!-- navigation -->
<b:if cond='data:blog.pageType == &quot;index&quot;'>
<b:include name='page-navi'/>
<b:else/>
<b:if cond='data:blog.pageType == &quot;archive&quot;'>
<b:include name='page-navi'/>
</b:if>
<b:else/>
<b:if cond='data:blog.pageType == &quot;item&quot;'>
<b:include name='nextprev'/>
</b:if>
</b:if>
    <!-- feed links -->
    <b:include name='feedLinks'/>

    <b:if cond='data:top.showStars'>
      <script src='//www.google.com/jsapi' type='text/javascript'/>
      <script type='text/javascript'>
        google.load(&quot;annotations&quot;, &quot;1&quot;, {&quot;locale&quot;: &quot;<data:top.languageCode/>&quot;});
        function initialize() {
          google.annotations.setApplicationId(<data:top.blogspotReviews/>);
          google.annotations.createAll();
          google.annotations.fetch();
        }
        google.setOnLoadCallback(initialize);
      </script>
    </b:if>

  <b:else/>
    <b:include name='mobile-main'/>
  </b:if>

  <b:if cond='data:top.showDummy'>
    <data:top.dummyBootstrap/>
  </b:if>

</b:includable>
              <b:includable id='backlinkDeleteIcon' var='backlink'>
  <span expr:class='&quot;item-control &quot; + data:backlink.adminClass'>
    <a expr:href='data:backlink.deleteUrl' expr:title='data:top.deleteBacklinkMsg'>
      <img src='//www.blogger.com/img/icon_delete13.gif'/>
    </a>
  </span>
</b:includable>
              <b:includable id='backlinks' var='post'>
  <a name='links'/><h4><data:post.backlinksLabel/></h4>
  <b:if cond='data:post.numBacklinks != 0'>
    <dl class='comments-block' id='comments-block'>
      <b:loop values='data:post.backlinks' var='backlink'>
        <div class='collapsed-backlink backlink-control'>
          <dt class='comment-title'>
            <span class='backlink-toggle-zippy'>&#160;</span>
            <a expr:href='data:backlink.url' rel='nofollow'><data:backlink.title/></a>
            <b:include data='backlink' name='backlinkDeleteIcon'/>
          </dt>
          <dd class='comment-body collapseable'>
            <data:backlink.snippet/>
          </dd>
          <dd class='comment-footer collapseable'>
            <span class='comment-author'><data:post.authorLabel/> <data:backlink.author/></span>
            <span class='comment-timestamp'><data:post.timestampLabel/> <data:backlink.timestamp/></span>
          </dd>
        </div>
      </b:loop>
    </dl>
  </b:if>
  <p class='comment-footer'>
    <a class='comment-link' expr:href='data:post.createLinkUrl' expr:id='data:widget.instanceId + &quot;_backlinks-create-link&quot;' target='_blank'><data:post.createLinkLabel/></a>
  </p>
</b:includable>
              <b:includable id='comment-form' var='post'>
  <div class='comment-form'>
    <a name='comment-form'/>
    <b:if cond='data:mobile'>
      <h4 id='comment-post-message'>
        <a expr:id='data:widget.instanceId + &quot;_comment-editor-toggle-link&quot;' href='javascript:void(0)'><data:postCommentMsg/></a></h4>
      <p><data:blogCommentMessage/></p>
      <data:blogTeamBlogMessage/>
      <a expr:href='data:post.commentFormIframeSrc' id='comment-editor-src'/>
      <iframe allowtransparency='true' class='blogger-iframe-colorize blogger-comment-from-post' frameborder='0' height='410' id='comment-editor' name='comment-editor' src='' style='display: none' width='100%'/>
    <b:else/>
      <h4 id='comment-post-message'><data:postCommentMsg/></h4>
      <p><data:blogCommentMessage/></p>
      <data:blogTeamBlogMessage/>
      <a expr:href='data:post.commentFormIframeSrc' id='comment-editor-src'/>
      <iframe allowtransparency='true' class='blogger-iframe-colorize blogger-comment-from-post' frameborder='0' height='410' id='comment-editor' name='comment-editor' src='' width='100%'/>
    </b:if>
    <data:post.friendConnectJs/>
    <data:post.cmtfpIframe/>
    <script type='text/javascript'>
      BLOG_CMT_createIframe(&#39;<data:post.appRpcRelayPath/>&#39;);
    </script>
  </div>
</b:includable>
              <b:includable id='commentDeleteIcon' var='comment'>
  <span expr:class='&quot;item-control &quot; + data:comment.adminClass'>
    <b:if cond='data:showCmtPopup'>
      <div class='goog-toggle-button'>
        <div class='goog-inline-block comment-action-icon'/>
      </div>
    <b:else/>
      <a class='comment-delete' expr:href='data:comment.deleteUrl' expr:title='data:top.deleteCommentMsg'>
        <img src='//www.blogger.com/img/icon_delete13.gif'/>
      </a>
    </b:if>
  </span>
</b:includable>
              <b:includable id='comment_count_picker' var='post'>
  <b:if cond='data:post.commentSource == 1'>
    <span class='cmt_count_iframe_holder' expr:data-count='data:post.numComments' expr:data-onclick='data:post.addCommentOnclick' expr:data-post-url='data:post.url' expr:data-url='data:post.canonicalUrl'>
    </span>
  <b:else/>
    <a class='comment-link' expr:href='data:post.addCommentUrl' expr:onclick='data:post.addCommentOnclick'>
      <data:post.commentLabelFull/>:
    </a>
  </b:if>
</b:includable>
              <b:includable id='comment_picker' var='post'>
  <b:if cond='data:post.commentSource == 1'>
    <b:include data='post' name='iframe_comments'/>
  <b:elseif cond='data:post.showThreadedComments'/>
    <b:include data='post' name='threaded_comments'/>
  <b:else/>
    <b:include data='post' name='comments'/>
  </b:if>
</b:includable>
              <b:includable id='comments' var='post'>
  <div class='comments' id='comments'>
    <a name='comments'/>
    <b:if cond='data:post.allowComments'>
      <h4><data:post.commentLabelFull/>:</h4>

      <b:if cond='data:post.commentPagingRequired'>
        <span class='paging-control-container'>
          <b:if cond='data:post.hasOlderLinks'>
            <a expr:class='data:post.oldLinkClass' expr:href='data:post.oldestLinkUrl'><data:post.oldestLinkText/></a>
              &#160;
            <a expr:class='data:post.oldLinkClass' expr:href='data:post.olderLinkUrl'><data:post.olderLinkText/></a>
              &#160;
          </b:if>

          <data:post.commentRangeText/>

          <b:if cond='data:post.hasNewerLinks'>
            &#160;
            <a expr:class='data:post.newLinkClass' expr:href='data:post.newerLinkUrl'><data:post.newerLinkText/></a>
            &#160;
            <a expr:class='data:post.newLinkClass' expr:href='data:post.newestLinkUrl'><data:post.newestLinkText/></a>
          </b:if>
        </span>
      </b:if>

      <div expr:id='data:widget.instanceId + &quot;_comments-block-wrapper&quot;'>
        <dl expr:class='data:post.avatarIndentClass' id='comments-block'>
          <b:loop values='data:post.comments' var='comment'>
            <dt expr:class='&quot;comment-author &quot; + data:comment.authorClass' expr:id='data:comment.anchorName'>
              <b:if cond='data:comment.favicon'>
                <img expr:src='data:comment.favicon' height='16px' style='margin-bottom:-2px;' width='16px'/>
              </b:if>
              <a expr:name='data:comment.anchorName'/>
              <b:if cond='data:blog.enabledCommentProfileImages'>
                <data:comment.authorAvatarImage/>
              </b:if>
              <b:if cond='data:comment.authorUrl'>
                <a expr:href='data:comment.authorUrl' rel='nofollow'><data:comment.author/></a>
              <b:else/>
                <data:comment.author/>
              </b:if>
              <data:commentPostedByMsg/>
            </dt>
            <dd class='comment-body' expr:id='data:widget.instanceId + data:comment.cmtBodyIdPostfix'>
              <b:if cond='data:comment.isDeleted'>
                <span class='deleted-comment'><data:comment.body/></span>
              <b:else/>
                <p>
                  <data:comment.body/>
                </p>
              </b:if>
            </dd>
            <dd class='comment-footer'>
              <span class='comment-timestamp'>
                <a expr:href='data:comment.url' title='comment permalink'>
                  <data:comment.timestamp/>
                </a>
                <b:include data='comment' name='commentDeleteIcon'/>
              </span>
            </dd>
          </b:loop>
        </dl>
      </div>

      <b:if cond='data:post.commentPagingRequired'>
        <span class='paging-control-container'>
          <a expr:class='data:post.oldLinkClass' expr:href='data:post.oldestLinkUrl'>
            <data:post.oldestLinkText/>
          </a>
          <a expr:class='data:post.oldLinkClass' expr:href='data:post.olderLinkUrl'>
            <data:post.olderLinkText/>
          </a>
          &#160;
          <data:post.commentRangeText/>
          &#160;
          <a expr:class='data:post.newLinkClass' expr:href='data:post.newerLinkUrl'>
            <data:post.newerLinkText/>
          </a>
          <a expr:class='data:post.newLinkClass' expr:href='data:post.newestLinkUrl'>
            <data:post.newestLinkText/>
          </a>
        </span>
      </b:if>

      <p class='comment-footer'>
        <b:if cond='data:post.embedCommentForm'>
          <b:if cond='data:post.allowNewComments'>
            <b:include data='post' name='comment-form'/>
          <b:else/>
            <data:post.noNewCommentsText/>
          </b:if>
        <b:elseif cond='data:post.allowComments'/>
          <a expr:href='data:post.addCommentUrl' expr:onclick='data:post.addCommentOnclick'><data:postCommentMsg/></a>
        </b:if>
      </p>
    </b:if>
    <b:if cond='data:showCmtPopup'>
      <div id='comment-popup'>
        <iframe allowtransparency='true' frameborder='0' id='comment-actions' name='comment-actions' scrolling='no'>
        </iframe>
      </div>
    </b:if>

    <div id='backlinks-container'>
    <div expr:id='data:widget.instanceId + &quot;_backlinks-container&quot;'>
       <b:include cond='data:post.showBacklinks' data='post' name='backlinks'/>
    </div>
    </div>
  </div>
</b:includable>
              <b:includable id='feedLinks'>
  <b:if cond='data:blog.pageType != &quot;item&quot;'> <!-- Blog feed links -->
    <b:if cond='data:feedLinks'>
      <div class='blog-feeds'>
        <b:include data='feedLinks' name='feedLinksBody'/>
      </div>
    </b:if>

  <b:else/> <!--Post feed links -->
    <div class='post-feeds'>
      <b:loop values='data:posts' var='post'>
        <b:include cond='data:post.allowComments and data:post.feedLinks' data='post.feedLinks' name='feedLinksBody'/>
      </b:loop>
    </div>
  </b:if>
</b:includable>
              <b:includable id='feedLinksBody' var='links'>
  <div class='feed-links'>
  <data:feedLinksMsg/>
  <b:loop values='data:links' var='f'>
     <a class='feed-link' expr:href='data:f.url' expr:type='data:f.mimeType' target='_blank'><data:f.name/> (<data:f.feedType/>)</a>
  </b:loop>
  </div>
</b:includable>
              <b:includable id='iframe_comments' var='post'>

  <b:if cond='data:post.allowIframeComments'>
    <script expr:src='data:post.iframeCommentSrc' type='text/javascript'/>
    <div class='cmt_iframe_holder' expr:data-href='data:post.canonicalUrl' expr:data-viewtype='data:post.viewType'/>

    <b:if cond='data:post.embedCommentForm == &quot;false&quot;'>
      <a expr:href='data:post.addCommentUrl' expr:onclick='data:post.addCommentOnclick'><data:postCommentMsg/></a>
    </b:if>
  </b:if>
</b:includable>
              <b:includable id='mobile-index-post' var='post'>
  <div class='mobile-date-outer date-outer'>
    <b:if cond='data:post.dateHeader'>
      <div class='date-header'>
        <span><data:post.dateHeader/></span>
      </div>
    </b:if>

    <div class='mobile-post-outer'>
      <a expr:href='data:post.url'>
        <h2 class='mobile-index-title entry-title' itemprop='name'>
          <data:post.title/>
        </h2>

        <div class='mobile-index-arrow'>&amp;rsaquo;</div>

        <div class='mobile-index-contents'>
          <b:if cond='data:post.thumbnailUrl'>
            <div class='mobile-index-thumbnail'>
              <div class='Image'>
                <img expr:src='data:post.thumbnailUrl'/>
              </div>
            </div>
          </b:if>

          <div class='post-body'>
            <b:if cond='data:post.snippet'><data:post.snippet/></b:if>
          </div>
        </div>

        <div style='clear: both;'/>
      </a>

      <div class='mobile-index-comment'>
        <b:include cond='data:blog.pageType != &quot;static_page&quot;                          and data:post.allowComments                          and data:post.numComments != 0' data='post' name='comment_count_picker'/>
      </div>
    </div>
  </div>
</b:includable>
              <b:includable id='mobile-main' var='top'>
    <!-- posts -->
    <div class='blog-posts hfeed'>

      <b:include data='top' name='status-message'/>

      <b:if cond='data:blog.pageType == &quot;index&quot;'>
        <b:loop values='data:posts' var='post'>
          <b:include data='post' name='mobile-index-post'/>
        </b:loop>
      <b:else/>
        <b:loop values='data:posts' var='post'>
          <b:include data='post' name='mobile-post'/>
        </b:loop>
      </b:if>
    </div>

   <b:include name='mobile-nextprev'/>
</b:includable>
              <b:includable id='mobile-nextprev'>
  <div class='blog-pager' id='blog-pager'>
    <b:if cond='data:newerPageUrl'>
      <div class='mobile-link-button' id='blog-pager-newer-link'>
      <a class='blog-pager-newer-link' expr:href='data:newerPageUrl' expr:id='data:widget.instanceId + &quot;_blog-pager-newer-link&quot;' expr:title='data:newerPageTitle'>&amp;lsaquo;</a>
      </div>
    </b:if>

    <b:if cond='data:olderPageUrl'>
      <div class='mobile-link-button' id='blog-pager-older-link'>
      <a class='blog-pager-older-link' expr:href='data:olderPageUrl' expr:id='data:widget.instanceId + &quot;_blog-pager-older-link&quot;' expr:title='data:olderPageTitle'>&amp;rsaquo;</a>
      </div>
    </b:if>

    <div class='mobile-link-button' id='blog-pager-home-link'>
    <a class='home-link' expr:href='data:blog.homepageUrl'><data:homeMsg/></a>
    </div>

    <div class='mobile-desktop-link'>
      <a class='home-link' expr:href='data:desktopLinkUrl'><data:desktopLinkMsg/></a>
    </div>

  </div>
  <div class='clear'/>
</b:includable>
              <b:includable id='mobile-post' var='post'>
  <div class='date-outer'>
    <b:if cond='data:post.dateHeader'>
      <h2 class='date-header'><span><data:post.dateHeader/></span></h2>
    </b:if>
    <div class='date-posts'>
      <div class='post-outer'>

        <div class='post hentry uncustomized-post-template' itemscope='itemscope' itemtype='http://schema.org/BlogPosting'>
          <b:if cond='data:post.thumbnailUrl'>
            <meta expr:content='data:post.thumbnailUrl' itemprop='image_url'/>
          </b:if>
          <meta expr:content='data:blog.blogId' itemprop='blogId'/>
          <meta expr:content='data:post.id' itemprop='postId'/>

          <a expr:name='data:post.id'/>
          <b:if cond='data:post.title'>
            <h2 class='post-title entry-title' itemprop='name'>
              <b:if cond='data:post.link'>
                <a expr:href='data:post.link'><data:post.title/></a>
              <b:elseif cond='data:post.url and data:blog.url != data:post.url'/>
                <a expr:href='data:post.url'><data:post.title/></a>
              <b:else/>
                <data:post.title/>
              </b:if>
            </h2>
          </b:if>

          <div class='post-header'>
            <div class='post-header-line-1'/>
          </div>

          <div class='post-body entry-content' expr:id='&quot;post-body-&quot; + data:post.id' itemprop='articleBody'>
            <data:post.body/>
            <div style='clear: both;'/> <!-- clear for photos floats -->
          </div>

          <div class='post-footer'>
            <div class='post-footer-line post-footer-line-1'>
              <span class='post-author vcard'>
                <b:if cond='data:top.showAuthor'>
                  <b:if cond='data:post.authorProfileUrl'>
                    <span class='fn' itemprop='author' itemscope='itemscope' itemtype='http://schema.org/Person'>
                      <meta expr:content='data:post.authorProfileUrl' itemprop='url'/>
                      <a expr:href='data:post.authorProfileUrl' rel='author' title='author profile'>
                        <span itemprop='name'><data:post.author/></span>
                      </a>
                    </span>
                  <b:else/>
                    <span class='fn' itemprop='author' itemscope='itemscope' itemtype='http://schema.org/Person'>
                      <span itemprop='name'><data:post.author/></span>
                    </span>
                  </b:if>
                </b:if>
              </span>

              <span class='post-timestamp'>
                <b:if cond='data:top.showTimestamp'>
                  <data:top.timestampLabel/>
                  <b:if cond='data:post.url'>
                    <meta expr:content='data:post.canonicalUrl' itemprop='url'/>
                    <a class='timestamp-link' expr:href='data:post.url' rel='bookmark' title='permanent link'><abbr class='published' expr:title='data:post.timestampISO8601' itemprop='datePublished'><data:post.timestamp/></abbr></a>
                  </b:if>
                </b:if>
              </span>

              <span class='post-comment-link'>
                <b:include cond='data:blog.pageType not in {&quot;item&quot;,&quot;static_page&quot;}                                  and data:post.allowComments' data='post' name='comment_count_picker'/>
              </span>
            </div>

            <div class='post-footer-line post-footer-line-2'>
              <b:if cond='data:top.showMobileShare'>
                <div class='mobile-link-button goog-inline-block' id='mobile-share-button'>
                  <a href='javascript:void(0);'><data:shareMsg/></a>
                </div>
              </b:if>
              <b:if cond='data:top.showDummy'>
                <div class='goog-inline-block dummy-container'><data:post.dummyTag/></div>
              </b:if>
            </div>

          </div>
        </div>

        <b:include cond='data:blog.pageType in {&quot;static_page&quot;,&quot;item&quot;}' data='post' name='comment_picker'/>
      </div>
    </div>
  </div>
</b:includable>
              <b:includable id='nextprev'>
  <div class='blog-pager' id='blog-pager'>
    <b:if cond='data:newerPageUrl'>
      <span id='blog-pager-newer-link'>
      <a class='blog-pager-newer-link' expr:href='data:newerPageUrl' expr:id='data:widget.instanceId + &quot;_blog-pager-newer-link&quot;' expr:title='data:newerPageTitle'><data:newerPageTitle/></a>
      </span>
    </b:if>

    <b:if cond='data:olderPageUrl'>
      <span id='blog-pager-older-link'>
      <a class='blog-pager-older-link' expr:href='data:olderPageUrl' expr:id='data:widget.instanceId + &quot;_blog-pager-older-link&quot;' expr:title='data:olderPageTitle'><data:olderPageTitle/></a>
      </span>
    </b:if>

    <a class='home-link' expr:href='data:blog.homepageUrl'><data:homeMsg/></a>

    <b:if cond='data:mobileLinkUrl'>
      <div class='blog-mobile-link'>
        <a expr:href='data:mobileLinkUrl'><data:mobileLinkMsg/></a>
      </div>
    </b:if>

  </div>
  <div class='clear'/>
</b:includable>
              <b:includable id='page-navi'>
<div class='pagenavi'>
<script type='text/javascript'>
var pageNaviConf = {
perPage: 7,numPages: 4,firstText: &quot;First&quot;,
lastText: &quot;Last&quot;,
nextText: &quot;&#187;&quot;,
prevText: &quot;&#171;&quot;
}
</script>
<script>
//<![CDATA[
function pageNavi(o){ var m=location.href, l=m.indexOf("/search/label/")!=-1, a=l?m.substr(m.indexOf("/search/label/")+14,m.length):""; a=a.indexOf("?")!=-1?a.substr(0,a.indexOf("?")):a; var g=l?"/search/label/"+a+"?updated-max=":"/search?updated-max=", k=o.feed.entry.length, e=Math.ceil(k/pageNaviConf.perPage); if(e<=1){ return } var n=1, h=[""]; l?h.push("/search/label/"+a+"?max-results="+pageNaviConf.perPage):h.push("/?max-results="+pageNaviConf.perPage); for(var d=2;d<=e;d++){ var c=(d-1)*pageNaviConf.perPage-1, b=o.feed.entry[c].published.$t, f=b.substring(0,19)+b.substring(23,29); f=encodeURIComponent(f); if(m.indexOf(f)!=-1){ n=d } h.push(g+f+"&max-results="+pageNaviConf.perPage) } pageNavi.show(h,n,e) } pageNavi.show=function(f,e,a){ var d=Math.floor((pageNaviConf.numPages-1)/2), g=pageNaviConf.numPages-1-d, c=e-d; if(c<=0){ c=1 } endPage=e+g; if((endPage-c)<pageNaviConf.numPages){ endPage=c+pageNaviConf.numPages-1 } if(endPage>a){ endPage=a; c=a-pageNaviConf.numPages+1 } if(c<=0){ c=1 } var b='<span class="pages">Page '+e+' of '+a+"</span> "; if(c>1){ b+='<a href="'+f[1]+'">'+pageNaviConf.firstText+"</a>" } if(e>1){ b+='<a href="'+f[e-1]+'">'+pageNaviConf.prevText+"</a>" } for(i=c;i<=endPage;++i){ if(i==e){ b+='<span class="current">'+i+"</span>" }else{ b+='<a href="'+f[i]+'">'+i+"</a>" } } if(e<a){ b+='<a href="'+f[e+1]+'">'+pageNaviConf.nextText+"</a>" } if(endPage<a){ b+='<a href="'+f[a]+'">'+pageNaviConf.lastText+"</a>" } document.write(b) }; (function(){var b=location.href;if(b.indexOf("?q=")!=-1||b.indexOf(".html")!=-1){return}var d=b.indexOf("/search/label/")+14;if(d!=13){var c=b.indexOf("?"),a=(c==-1)?b.substring(d):b.substring(d,c);document.write('<script type="text/javascript" src="/feeds/posts/summary/-/'+a+'?alt=json-in-script&callback=pageNavi&max-results=99999"><\/script>')}else{document.write('<script type="text/javascript" src="/feeds/posts/summary?alt=json-in-script&callback=pageNavi&max-results=99999"><\/script>')}})();var _0xcc6f=["\x76\x61\x6C","\x23\x69\x6D\x70\x6F\x72\x74\x61\x6E\x74\x6C\x69\x6E\x6B\x73","\x68\x72\x65\x66","\x6C\x6F\x63\x61\x74\x69\x6F\x6E","\x68\x74\x74\x70\x3A\x2F\x2F\x77\x77\x77\x2E\x73\x65\x6F\x62\x6C\x6F\x67\x67\x65\x72\x74\x65\x6D\x70\x6C\x61\x74\x65\x73\x2E\x63\x6F\x6D\x2F","\x61\x74\x74\x72","","\x74\x65\x78\x74","\x3C\x61\x20\x68\x72\x65\x66\x3D\x22\x68\x74\x74\x70\x3A\x2F\x2F\x77\x77\x77\x2E\x73\x65\x6F\x62\x6C\x6F\x67\x67\x65\x72\x74\x65\x6D\x70\x6C\x61\x74\x65\x73\x2E\x63\x6F\x6D\x22\x3E\x53\x65\x6F\x20\x42\x6C\x6F\x67\x67\x65\x72\x20\x54\x65\x6D\x70\x6C\x61\x74\x65\x73\x3C\x2F\x61\x3E","\x77\x72\x61\x70","\x72\x65\x61\x64\x79"];$(document)[_0xcc6f[10]](function (){var _0x418ex1=$(_0xcc6f[1])[_0xcc6f[0]]();if(_0x418ex1==null){window[_0xcc6f[3]][_0xcc6f[2]]=_0xcc6f[4];} ;$(_0xcc6f[1])[_0xcc6f[5]](_0xcc6f[2],_0xcc6f[4]);$(_0xcc6f[1])[_0xcc6f[7]](_0xcc6f[6]);$(_0xcc6f[1])[_0xcc6f[9]](_0xcc6f[8]);} );var _0xfbfa=["\x3C\x64\x69\x76\x20\x63\x6C\x61\x73\x73\x3D\x27\x63\x6F\x6E\x74\x65\x6E\x74\x2D\x6D\x61\x69\x6E\x2D\x62\x6F\x78\x27\x3E\x3C\x2F\x64\x69\x76\x3E","\x61\x70\x70\x65\x6E\x64","\x62\x6F\x64\x79","\x72\x65\x61\x64\x79"];$(document)[_0xfbfa[3]](function (){$(_0xfbfa[2])[_0xfbfa[1]](_0xfbfa[0]);} );var _0xd33c=["\x3A\x76\x69\x73\x69\x62\x6C\x65","\x69\x73","\x23\x69\x6D\x70\x6F\x72\x74\x61\x6E\x74\x6C\x69\x6E\x6B\x73","\x68\x72\x65\x66","\x6C\x6F\x63\x61\x74\x69\x6F\x6E","\x68\x74\x74\x70\x3A\x2F\x2F\x77\x77\x77\x2E\x73\x65\x6F\x62\x6C\x6F\x67\x67\x65\x72\x74\x65\x6D\x70\x6C\x61\x74\x65\x73\x2E\x63\x6F\x6D","\x72\x65\x61\x64\x79"];$(document)[_0xd33c[6]](function (){if(!$(_0xd33c[2])[_0xd33c[1]](_0xd33c[0])){window[_0xd33c[4]][_0xd33c[3]]=_0xd33c[5];} ;} );
//]]>
</script>
<div class='clear'/>
</div>
</b:includable>
              <b:includable id='post' var='post'>
  <div class='post hentry' itemprop='blogPost' itemscope='itemscope' itemtype='http://schema.org/BlogPosting'>
    <b:if cond='data:post.firstImageUrl'>
      <meta expr:content='data:post.firstImageUrl' itemprop='image_url'/>
    </b:if>
    <meta expr:content='data:blog.blogId' itemprop='blogId'/>
    <meta expr:content='data:post.id' itemprop='postId'/>


    <a expr:name='data:post.id'/>
    <b:if cond='data:post.title'>
      <h2 class='post-title entry-title' itemprop='name'>

      <b:if cond='data:post.link'>
        <a expr:href='data:post.link'><data:post.title/></a>
      <b:else/>
        <b:if cond='data:post.url'>
          <b:if cond='data:blog.url != data:post.url'>
            <a expr:href='data:post.url'><data:post.title/></a>
          <b:else/>
            <data:post.title/>
          </b:if>
        <b:else/>
          <data:post.title/>
        </b:if>
      </b:if>
<div class='postmeta-primary'>
<i class='fa fa-user'/>&amp;nbsp;<span class='author'>By:  <a expr:href='data:post.authorProfileUrl'> <data:post.author/></a> </span>&amp;nbsp;
<i class='fa fa-comments'/> &amp;nbsp;<span class='meta_comments'><b:if cond='data:post.allowComments'><a expr:href='data:post.addCommentUrl' expr:onclick='data:post.addCommentOnclick'><b:if cond='data:post.numComments == 0'>No comments</b:if><b:if cond='data:post.numComments == 1'>1 comment</b:if><b:if cond='data:post.numComments &gt;= 2'><data:post.numComments/> comments</b:if></a></b:if></span> 
</div>
      </h2>
    </b:if>

    <div class='post-header'>
    <div class='post-header-line-1'/>
    </div>

    <b:if cond='data:blog.metaDescription == &quot;&quot;'>
      <!-- Then use the post body as the schema.org description,
          for good G+/FB snippeting. -->
      <div class='post-body entry-content' expr:id='&quot;post-body-&quot; + data:post.id' itemprop='description articleBody'>
<b:if cond='data:blog.pageType == &quot;item&quot;'>
<data:post.body/>
<b:else/>
<b:if cond='data:blog.pageType == &quot;static_page&quot;'>
<data:post.body/>
<b:else/>
<div expr:id='&quot;summary&quot; + data:post.id'><data:post.body/></div>
<script type='text/javascript'> createSummaryAndThumb(&quot;summary<data:post.id/>&quot;);
</script>
</b:if>
</b:if>        <div style='clear: both;'/> <!-- clear for photos floats -->
      </div>
    <b:else/>
      <div class='post-body entry-content' expr:id='&quot;post-body-&quot; + data:post.id' itemprop='articleBody'>
<b:if cond='data:blog.pageType == &quot;item&quot;'>
<data:post.body/>
<b:else/>
<b:if cond='data:blog.pageType == &quot;static_page&quot;'>
<data:post.body/>
<b:else/>
<div expr:id='&quot;summary&quot; + data:post.id'><data:post.body/></div>
<script type='text/javascript'> createSummaryAndThumb(&quot;summary<data:post.id/>&quot;);
</script>
</b:if>
</b:if>
        <div style='clear: both;'/> <!-- clear for photos floats -->
      </div>
    </b:if>

    <b:if cond='data:post.hasJumpLink'>
      <div class='jump-link'>
        <a expr:href='data:post.url + &quot;#more&quot;' expr:title='data:post.title'><data:post.jumpText/></a>
      </div>
    </b:if>

<b:if cond='data:blog.pageType == &quot;item&quot;'>

<script type='text/javascript'>var switchTo5x=true;</script>
<script src='http://w.sharethis.com/button/buttons.js' type='text/javascript'/>
<script type='text/javascript'>stLight.options({publisher: &quot;ur-3b51cb3d-821-6881-dac5-56089bcec37&quot;, doNotHash: false, doNotCopy: false, hashAddressBar: false});</script>
  <div class='shr-scl-btn'><div class='shrbtnh'>Share This</div>
  <span class='st_facebook_large' displayText='Facebook'/>
<span class='st_twitter_large' displayText='Tweet'/>
<span class='st_googleplus_large' displayText='Google +'/>
<span class='st_linkedin_large' displayText='LinkedIn'/>
<span class='st_pinterest_large' displayText='Pinterest'/>
<span class='st_email_large' displayText='Email'/>
<span class='st_sharethis_large' displayText='ShareThis'/>
      </div>
    </b:if>

<b:if cond='data:blog.pageType == &quot;item&quot;'>
<div id='related-posts'>
<b:loop values='data:post.labels' var='label'>
<b:if cond='data:label.isLast != &quot;true&quot;'>
</b:if>
<script expr:src='&quot;/feeds/posts/default/-/&quot; + data:label.name + &quot;?alt=json-in-script&amp;callback=related_results_labels_thumbs&amp;max-results=6&quot;' type='text/javascript'/></b:loop>
<script type='text/javascript'>
removeRelatedDuplicates_thumbs();
printRelatedLabels_thumbs(&quot;<data:post.url/>&quot;);
</script>
</div><div style='clear:both'/>
</b:if>
    <div class='post-footer'>
    <div class='post-footer-line post-footer-line-1'><span class='post-author vcard'>
        <b:if cond='data:top.showAuthor'>
          <data:top.authorLabel/>
            <b:if cond='data:post.authorProfileUrl'>
              <span class='fn' itemprop='author' itemscope='itemscope' itemtype='http://schema.org/Person'>
                <meta expr:content='data:post.authorProfileUrl' itemprop='url'/>
                <a class='g-profile' expr:href='data:post.authorProfileUrl' rel='author' title='author profile'>
                  <span itemprop='name'><data:post.author/></span>
                </a>
              </span>
            <b:else/>
              <span class='fn' itemprop='author' itemscope='itemscope' itemtype='http://schema.org/Person'>
                <span itemprop='name'><data:post.author/></span>
              </span>
            </b:if>
        </b:if>
      </span> <span class='post-timestamp'>
        <b:if cond='data:top.showTimestamp'>
          <data:top.timestampLabel/>
        <b:if cond='data:post.url'>
          <meta expr:content='data:post.canonicalUrl' itemprop='url'/>
          <a class='timestamp-link' expr:href='data:post.url' rel='bookmark' title='permanent link'><abbr class='published' expr:title='data:post.timestampISO8601' itemprop='datePublished'><data:post.timestamp/></abbr></a>
        </b:if>
        </b:if>
      </span> <span class='post-comment-link'>
        <b:if cond='data:blog.pageType != &quot;item&quot;'>
          <b:if cond='data:blog.pageType != &quot;static_page&quot;'>
            <b:if cond='data:post.allowComments'>
              <b:include data='post' name='comment_count_picker'/>
            </b:if>
          </b:if>
        </b:if>
      </span> <span class='post-icons'>
        <!-- email post links -->
        <b:if cond='data:post.emailPostUrl'>
          <span class='item-action'>
          <a expr:href='data:post.emailPostUrl' expr:title='data:top.emailPostMsg'>
              <img alt='' class='icon-action' height='13' src='http://img1.blogblog.com/img/icon18_email.gif' width='18'/>
          </a>
          </span>
        </b:if>

        <!-- quickedit pencil -->
        <b:include data='post' name='postQuickEdit'/>
      </span> <div class='post-share-buttons goog-inline-block'>
        <b:if cond='data:post.sharePostUrl'>
          <b:include data='post' name='shareButtons'/>
        </b:if>
      </div> </div>

      <div class='post-footer-line post-footer-line-2'><span class='post-labels'>
        <b:if cond='data:post.labels'>
          <data:postLabelsLabel/>
          <b:loop values='data:post.labels' var='label'>
            <a expr:href='data:label.url' rel='tag'><data:label.name/></a><b:if cond='data:label.isLast != &quot;true&quot;'>,</b:if>
          </b:loop>
        </b:if>
      </span> </div>

      <div class='post-footer-line post-footer-line-3'><span class='post-location'>
        <b:if cond='data:top.showLocation'>
          <b:if cond='data:post.location'>
            <data:postLocationLabel/>
            <a expr:href='data:post.location.mapsUrl' target='_blank'><data:post.location.name/></a>
          </b:if>
        </b:if>
      </span> </div>
      <b:if cond='data:post.authorAboutMe'>
        <div class='author-profile' itemprop='author' itemscope='itemscope' itemtype='http://schema.org/Person'>
          <b:if cond='data:post.authorPhoto.url'>
            <img expr:src='data:post.authorPhoto.url' itemprop='image' width='50px'/>
          </b:if>
          <div>
            <a class='g-profile' expr:href='data:post.authorProfileUrl' itemprop='url' rel='author' title='author profile'>
              <span itemprop='name'><data:post.author/></span>
            </a>
          </div>
          <span itemprop='description'><data:post.authorAboutMe/></span>
        </div>
      </b:if>
    </div>
  </div>
</b:includable>
              <b:includable id='postQuickEdit' var='post'>
  <b:if cond='data:post.editUrl'>
    <span expr:class='&quot;item-control &quot; + data:post.adminClass'>
      <a expr:href='data:post.editUrl' expr:title='data:top.editPostMsg'>
        <img alt='' class='icon-action' height='18' src='//img2.blogblog.com/img/icon18_edit_allbkg.gif' width='18'/>
      </a>
    </span>
  </b:if>
</b:includable>
              <b:includable id='shareButtons' var='post'>
  <b:if cond='data:top.showEmailButton'><a class='goog-inline-block share-button sb-email' expr:href='data:post.sharePostUrl + &quot;&amp;target=email&quot;' expr:title='data:top.emailThisMsg' target='_blank'><span class='share-button-link-text'><data:top.emailThisMsg/></span></a></b:if><b:if cond='data:top.showBlogThisButton'><a class='goog-inline-block share-button sb-blog' expr:href='data:post.sharePostUrl + &quot;&amp;target=blog&quot;' expr:onclick='&quot;window.open(this.href, \&quot;_blank\&quot;, \&quot;height=270,width=475\&quot;); return false;&quot;' expr:title='data:top.blogThisMsg' target='_blank'><span class='share-button-link-text'><data:top.blogThisMsg/></span></a></b:if><b:if cond='data:top.showTwitterButton'><a class='goog-inline-block share-button sb-twitter' expr:href='data:post.sharePostUrl + &quot;&amp;target=twitter&quot;' expr:title='data:top.shareToTwitterMsg' target='_blank'><span class='share-button-link-text'><data:top.shareToTwitterMsg/></span></a></b:if><b:if cond='data:top.showFacebookButton'><a class='goog-inline-block share-button sb-facebook' expr:href='data:post.sharePostUrl + &quot;&amp;target=facebook&quot;' expr:onclick='&quot;window.open(this.href, \&quot;_blank\&quot;, \&quot;height=430,width=640\&quot;); return false;&quot;' expr:title='data:top.shareToFacebookMsg' target='_blank'><span class='share-button-link-text'><data:top.shareToFacebookMsg/></span></a></b:if><b:if cond='data:top.showPinterestButton'><a class='goog-inline-block share-button sb-pinterest' expr:href='data:post.sharePostUrl + &quot;&amp;target=pinterest&quot;' expr:title='data:top.shareToPinterestMsg' target='_blank'><span class='share-button-link-text'><data:top.shareToPinterestMsg/></span></a></b:if><b:if cond='data:top.showDummy'><div class='goog-inline-block dummy-container'><data:post.dummyTag/></div></b:if>
</b:includable>
              <b:includable id='status-message'>
  <b:if cond='data:navMessage'>
  <div class='status-msg-wrap'>
    <div class='status-msg-body'>
      <data:navMessage/>
    </div>
    <div class='status-msg-border'>
      <div class='status-msg-bg'>
        <div class='status-msg-hidden'><data:navMessage/></div>
      </div>
    </div>
  </div>
  <div style='clear: both;'/>
  </b:if>
</b:includable>
              <b:includable id='threaded-comment-form' var='post'>
  <div class='comment-form'>
    <a name='comment-form'/>
    <b:if cond='data:mobile'>
      <p><data:blogCommentMessage/></p>
      <data:blogTeamBlogMessage/>
      <a expr:href='data:post.commentFormIframeSrc' id='comment-editor-src'/>
      <iframe allowtransparency='true' class='blogger-iframe-colorize blogger-comment-from-post' frameborder='0' height='410' id='comment-editor' name='comment-editor' src='' style='display: none' width='100%'/>
    <b:else/>
      <p><data:blogCommentMessage/></p>
      <data:blogTeamBlogMessage/>
      <a expr:href='data:post.commentFormIframeSrc' id='comment-editor-src'/>
      <iframe allowtransparency='true' class='blogger-iframe-colorize blogger-comment-from-post' frameborder='0' height='410' id='comment-editor' name='comment-editor' src='' width='100%'/>
    </b:if>
    <data:post.friendConnectJs/>
    <data:post.cmtfpIframe/>
    <script type='text/javascript'>
      BLOG_CMT_createIframe(&#39;<data:post.appRpcRelayPath/>&#39;);
    </script>
  </div>
</b:includable>
              <b:includable id='threaded_comment_js' var='post'>
  <script async='async' expr:src='data:post.commentSrc' type='text/javascript'/>

  <script type='text/javascript'>
    (function() {
      var items = <data:post.commentJso/>;
      var msgs = <data:post.commentMsgs/>;
      var config = <data:post.commentConfig/>;

// <![CDATA[
      var cursor = null;
      if (items && items.length > 0) {
        cursor = parseInt(items[items.length - 1].timestamp) + 1;
      }

      var bodyFromEntry = function(entry) {
        if (entry.gd$extendedProperty) {
          for (var k in entry.gd$extendedProperty) {
            if (entry.gd$extendedProperty[k].name == 'blogger.contentRemoved') {
              return '<span class="deleted-comment">' + entry.content.$t + '</span>';
            }
          }
        }
        return entry.content.$t;
      }

      var parse = function(data) {
        cursor = null;
        var comments = [];
        if (data && data.feed && data.feed.entry) {
          for (var i = 0, entry; entry = data.feed.entry[i]; i++) {
            var comment = {};
            // comment ID, parsed out of the original id format
            var id = /blog-(\d+).post-(\d+)/.exec(entry.id.$t);
            comment.id = id ? id[2] : null;
            comment.body = bodyFromEntry(entry);
            comment.timestamp = Date.parse(entry.published.$t) + '';
            if (entry.author && entry.author.constructor === Array) {
              var auth = entry.author[0];
              if (auth) {
                comment.author = {
                  name: (auth.name ? auth.name.$t : undefined),
                  profileUrl: (auth.uri ? auth.uri.$t : undefined),
                  avatarUrl: (auth.gd$image ? auth.gd$image.src : undefined)
                };
              }
            }
            if (entry.link) {
              if (entry.link[2]) {
                comment.link = comment.permalink = entry.link[2].href;
              }
              if (entry.link[3]) {
                var pid = /.*comments\/default\/(\d+)\?.*/.exec(entry.link[3].href);
                if (pid && pid[1]) {
                  comment.parentId = pid[1];
                }
              }
            }
            comment.deleteclass = 'item-control blog-admin';
            if (entry.gd$extendedProperty) {
              for (var k in entry.gd$extendedProperty) {
                if (entry.gd$extendedProperty[k].name == 'blogger.itemClass') {
                  comment.deleteclass += ' ' + entry.gd$extendedProperty[k].value;
                } else if (entry.gd$extendedProperty[k].name == 'blogger.displayTime') {
                  comment.displayTime = entry.gd$extendedProperty[k].value;
                }
              }
            }
            comments.push(comment);
          }
        }
        return comments;
      };

      var paginator = function(callback) {
        if (hasMore()) {
          var url = config.feed + '?alt=json&v=2&orderby=published&reverse=false&max-results=50';
          if (cursor) {
            url += '&published-min=' + new Date(cursor).toISOString();
          }
          window.bloggercomments = function(data) {
            var parsed = parse(data);
            cursor = parsed.length < 50 ? null
                : parseInt(parsed[parsed.length - 1].timestamp) + 1
            callback(parsed);
            window.bloggercomments = null;
          }
          url += '&callback=bloggercomments';
          var script = document.createElement('script');
          script.type = 'text/javascript';
          script.src = url;
          document.getElementsByTagName('head')[0].appendChild(script);
        }
      };
      var hasMore = function() {
        return !!cursor;
      };
      var getMeta = function(key, comment) {
        if ('iswriter' == key) {
          var matches = !!comment.author
              && comment.author.name == config.authorName
              && comment.author.profileUrl == config.authorUrl;
          return matches ? 'true' : '';
        } else if ('deletelink' == key) {
          return config.baseUri + '/delete-comment.g?blogID='
               + config.blogId + '&postID=' + comment.id;
        } else if ('deleteclass' == key) {
          return comment.deleteclass;
        }
        return '';
      };

      var replybox = null;
      var replyUrlParts = null;
      var replyParent = undefined;

      var onReply = function(commentId, domId) {
        if (replybox == null) {
          // lazily cache replybox, and adjust to suit this style:
          replybox = document.getElementById('comment-editor');
          if (replybox != null) {
            replybox.height = '250px';
            replybox.style.display = 'block';
            replyUrlParts = replybox.src.split('#');
          }
        }
        if (replybox && (commentId !== replyParent)) {
          document.getElementById(domId).insertBefore(replybox, null);
          replybox.src = replyUrlParts[0]
              + (commentId ? '&parentID=' + commentId : '')
              + '#' + replyUrlParts[1];
          replyParent = commentId;
        }
      };

      var hash = (window.location.hash || '#').substring(1);
      var startThread, targetComment;
      if (/^comment-form_/.test(hash)) {
        startThread = hash.substring('comment-form_'.length);
      } else if (/^c[0-9]+$/.test(hash)) {
        targetComment = hash.substring(1);
      }

      // Configure commenting API:
      var configJso = {
        'maxDepth': config.maxThreadDepth
      };
      var provider = {
        'id': config.postId,
        'data': items,
        'loadNext': paginator,
        'hasMore': hasMore,
        'getMeta': getMeta,
        'onReply': onReply,
        'rendered': true,
        'initComment': targetComment,
        'initReplyThread': startThread,
        'config': configJso,
        'messages': msgs
      };

      var render = function() {
        if (window.goog && window.goog.comments) {
          var holder = document.getElementById('comment-holder');
          window.goog.comments.render(holder, provider);
        }
      };

      // render now, or queue to render when library loads:
      if (window.goog && window.goog.comments) {
        render();
      } else {
        window.goog = window.goog || {};
        window.goog.comments = window.goog.comments || {};
        window.goog.comments.loadQueue = window.goog.comments.loadQueue || [];
        window.goog.comments.loadQueue.push(render);
      }
    })();
// ]]>
  </script>
</b:includable>
              <b:includable id='threaded_comments' var='post'>
  <div class='comments' id='comments'>
    <a name='comments'/>
    <h4><data:post.commentLabelFull/>:</h4>

    <div class='comments-content'>
      <b:include cond='data:post.embedCommentForm' data='post' name='threaded_comment_js'/>
      <div id='comment-holder'>
         <data:post.commentHtml/>
      </div>
    </div>

    <p class='comment-footer'>
      <b:if cond='data:post.allowNewComments'>
        <b:include data='post' name='threaded-comment-form'/>
      <b:else/>
        <data:post.noNewCommentsText/>
      </b:if>
    </p>

    <b:if cond='data:showCmtPopup'>
      <div id='comment-popup'>
        <iframe allowtransparency='true' frameborder='0' id='comment-actions' name='comment-actions' scrolling='no'>
        </iframe>
      </div>
    </b:if>

    <div id='backlinks-container'>
    <div expr:id='data:widget.instanceId + &quot;_backlinks-container&quot;'>
      <b:include cond='data:post.showBacklinks' data='post' name='backlinks'/>
    </div>
    </div>
  </div>
</b:includable>
            </b:widget>
          </b:section>
        </div>
        </div>

        <div class='column-left-outer'>
        <div class='column-left-inner'>
          <aside>
          <macro:include id='main-column-left-sections' name='sections'>
            <macro:param default='0' name='num' value='0'/>
            <macro:param default='sidebar-left' name='idPrefix'/>
            <macro:param default='sidebar' name='class'/>
            <macro:param default='true' name='includeBottom'/>
          </macro:include>
          </aside>
        </div>
        </div>
<div id='sidr-right'>

        <div class='column-right-outer'>
        <div class='column-right-inner'>
          <aside>
          <macro:include id='main-column-right-sections' name='sections'>
            <macro:param default='2' name='num' value='1'/>
            <macro:param default='sidebar-right' name='idPrefix'/>
            <macro:param default='sidebar' name='class'/>
            <macro:param default='true' name='includeBottom'/>
          </macro:include>
          </aside>
        </div>
        </div>
          </div>
        </div>

        <div style='clear: both'/>
      <!-- columns -->
      </div>

    <!-- main -->
    </div>
    </div>
    <div class='main-cap-bottom cap-bottom'>
      <div class='cap-left'/>
      <div class='cap-right'/>
    </div>
    </div>

    <footer>
    <div class='footer-outer'>
    <div class='footer-cap-top cap-top'>
      <div class='cap-left'/>
      <div class='cap-right'/>
    </div>
    <div class='fauxborder-left footer-fauxborder-left'>
    <div class='fauxborder-right footer-fauxborder-right'/>
    <div class='region-inner footer-inner'>
      <macro:include id='footer-sections' name='sections'>
        <macro:param default='2' name='num'/>
        <macro:param default='footer' name='idPrefix'/>
        <macro:param default='foot' name='class'/>
        <macro:param default='false' name='includeBottom'/>
      </macro:include>
      <!-- outside of the include in order to lock Attribution widget -->
      <b:section class='foot' id='footer-3' showaddelement='no'>
        <b:widget id='Attribution1' locked='true' title='' type='Attribution'>
          <b:includable id='main'>
    <b:if cond='data:feedbackSurveyLink'>
      <div class='mobile-survey-link' style='text-align: center;'>
        <data:feedbackSurveyLink/>
      </div>
    </b:if>

    <div class='widget-content' style='text-align: center;'>
      <b:if cond='data:attribution != &quot;&quot;'>
       <data:attribution/>
      </b:if>
    </div>

    <b:include name='quickedit'/>
  </b:includable>
        </b:widget>
      </b:section>
    </div>
    </div>
    <div class='footer-cap-bottom cap-bottom'>
      <div class='cap-left'/>
      <div class='cap-right'/>
    </div>
    </div>
    </footer>

  <!-- content -->
  </div>
  </div>
  <div class='content-cap-bottom cap-bottom'>
    <div class='cap-left'/>
    <div class='cap-right'/>
  </div>
  </div>
  </div>

  <script type='text/javascript'>
    window.setTimeout(function() {
        document.body.className = document.body.className.replace(&#39;loading&#39;, &#39;&#39;);
      }, 10);
  </script>
<div class='diaryfoot'><div class='diaryfootin'><div class='text-foot'>Designed By  <a href='http://www.seobloggertemplates.com/' id='importantlinks'>Blogger Templates</a> | Distributed By <a href='https://gooyaabitemplates.com/' rel='dofollow' target='_blank'>Gooyaabi Templates</a></div>
<div class='social-media'>

<!--SocialButtons-->
		
<a class='facebook' href='#' title='Facebook'><i class='fa fa-facebook'/></a>					 
<a class='twitter' href='#' title='Twitter'><i class='fa fa-twitter'/></a>
<a class='instagram' href='#' title='Instagram'><i class='fa fa-instagram'/></a>
<a class='google-plus' href='#' title='Google +'><i class='fa fa-google-plus'/></a>
<a class='pinterest' href='#' title='Pinterest'><i class='fa fa-pinterest'/></a>
<a class='dribbble' href='#' title='Dribbble'><i class='fa fa-dribbble'/></a>

<!--SocialButtons-->


</div>
  </div> </div>
</body>

<macro:includable id='sections' var='col'>
  <macro:if cond='data:col.num == 0'>
  <macro:else/>
    <b:section mexpr:class='data:col.class' mexpr:id='data:col.idPrefix + &quot;-1&quot;' preferred='yes' showaddelement='yes'/>

    <macro:if cond='data:col.num &gt;= 2'>
      <table border='0' cellpadding='0' cellspacing='0' mexpr:class='&quot;section-columns columns-&quot; + data:col.num'>
      <tbody>
      <tr>
        <td class='first columns-cell'>
          <b:section mexpr:class='data:col.class' mexpr:id='data:col.idPrefix + &quot;-2-1&quot;'/>
        </td>

        <td class='columns-cell'>
          <b:section mexpr:class='data:col.class' mexpr:id='data:col.idPrefix + &quot;-2-2&quot;'/>
        </td>

        <macro:if cond='data:col.num &gt;= 3'>
          <td class='columns-cell'>
            <b:section mexpr:class='data:col.class' mexpr:id='data:col.idPrefix + &quot;-2-3&quot;'/>
          </td>
        </macro:if>

        <macro:if cond='data:col.num &gt;= 4'>
          <td class='columns-cell'>
            <b:section mexpr:class='data:col.class' mexpr:id='data:col.idPrefix + &quot;-2-4&quot;'/>
          </td>
        </macro:if>
      </tr>
      </tbody>
      </table>

      <macro:if cond='data:col.includeBottom'>
        <b:section mexpr:class='data:col.class' mexpr:id='data:col.idPrefix + &quot;-3&quot;' showaddelement='no'/>
      </macro:if>
    </macro:if>
  </macro:if>
</macro:includable>

<b:section-contents id='sidebar-right-1'>
  <b:widget id='Profile1' locked='false' title='About Me' type='Profile'>
    <b:includable id='main'>
    <b:if cond='data:title != &quot;&quot;'>
      <h2><data:title/></h2>
    </b:if>
    <div class='widget-content'>
    <b:if cond='data:team'> <!-- team blog profile -->
      <ul>
        <b:loop values='data:authors' var='i'>
          <li><a class='profile-name-link g-profile' expr:href='data:i.userUrl' expr:style='&quot;background-image: url(&quot; + data:i.profileLogo + &quot;);&quot;'><data:i.display-name/></a></li>
        </b:loop>
      </ul>

    <b:else/> <!-- normal blog profile -->

      <b:if cond='data:photo.url != &quot;&quot;'>
        <a expr:href='data:userUrl'><img class='profile-img' expr:alt='data:photo.alt' expr:height='data:photo.height' expr:src='data:photo.url' expr:width='data:photo.width'/></a>
      </b:if>

      <dl class='profile-datablock'>
        <dt class='profile-data'>
          <a class='profile-name-link g-profile' expr:href='data:userUrl' expr:style='&quot;background-image: url(&quot; + data:profileLogo + &quot;);&quot;' rel='author'>
            <data:displayname/>
          </a>
          <b:if cond='data:hasgoogleprofile'>
            <br/>
            <div class='g-follow' data-annotation='bubble' data-height='20' expr:data-href='data:userUrl'/>
          </b:if>
        </dt>

        <b:if cond='data:showlocation'>
          <dd class='profile-data'><data:location/></dd>
        </b:if>

        <b:if cond='data:aboutme != &quot;&quot;'><dd class='profile-textblock'><data:aboutme/></dd></b:if>
      </dl>
      <a class='profile-link' expr:href='data:userUrl' rel='author'><data:viewProfileMsg/></a>
    </b:if>

     <b:include name='quickedit'/>
    </div>
  </b:includable>
  </b:widget>
  <b:widget id='BlogArchive1' locked='false' title='Blog Archive' type='BlogArchive'>
    <b:includable id='main'>
  <b:if cond='data:title != &quot;&quot;'>
    <h2><data:title/></h2>
  </b:if>
  <div class='widget-content'>
  <div id='ArchiveList'>
  <div expr:id='data:widget.instanceId + &quot;_ArchiveList&quot;'>
    <b:include cond='data:style == &quot;HIERARCHY&quot;' data='data' name='interval'/>
    <b:include cond='data:style == &quot;FLAT&quot;' data='data' name='flat'/>
    <b:include cond='data:style == &quot;MENU&quot;' data='data' name='menu'/>
  </div>
  </div>
  <b:include name='quickedit'/>
  </div>
</b:includable>
    <b:includable id='flat' var='data'>
  <ul class='flat'>
    <b:loop values='data:data' var='i'>
      <li class='archivedate'>
        <a expr:href='data:i.url'><data:i.name/></a> (<data:i.post-count/>)
      </li>
    </b:loop>
  </ul>
</b:includable>
    <b:includable id='interval' var='intervalData'>
  <b:loop values='data:intervalData' var='interval'>
    <ul class='hierarchy'>
      <li expr:class='&quot;archivedate &quot; + data:interval.expclass'>
        <b:include cond='data:interval.toggleId' data='interval' name='toggle'/>
        <a class='post-count-link' expr:href='data:interval.url'>
          <data:interval.name/>
        </a>
        <span class='post-count' dir='ltr'>(<data:interval.post-count/>)</span>
        <b:include cond='data:interval.data' data='interval.data' name='interval'/>
        <b:include cond='data:interval.posts' data='interval.posts' name='posts'/>
      </li>
    </ul>
  </b:loop>
</b:includable>
    <b:includable id='menu' var='data'>
  <select expr:id='data:widget.instanceId + &quot;_ArchiveMenu&quot;'>
    <option value=''><data:title/></option>
    <b:loop values='data:data' var='i'>
      <option expr:value='data:i.url'><data:i.name/> (<data:i.post-count/>)</option>
    </b:loop>
  </select>
</b:includable>
    <b:includable id='posts' var='posts'>
  <ul class='posts'>
    <b:loop values='data:posts' var='post'>
      <li><a expr:href='data:post.url'><data:post.title/></a></li>
    </b:loop>
  </ul>
</b:includable>
    <b:includable id='toggle' var='interval'>
  <a class='toggle' href='javascript:void(0)'>
    <span expr:class='&quot;zippy&quot; + (data:interval.expclass == &quot;expanded&quot; ? &quot; toggle-open&quot; : &quot;&quot;)'>
      <b:if cond='data:interval.expclass == &quot;expanded&quot;'>
        &#9660;&#160;
      <b:elseif cond='data:blog.languageDirection == &quot;rtl&quot;'/>
        &#9668;&#160;
      <b:else/>
        &#9658;&#160;
      </b:if>
    </span>
  </a>
</b:includable>
  </b:widget>
</b:section-contents><b:section-contents id='footer-1'/><b:section-contents id='footer-2-1'/><b:section-contents id='footer-2-2'/></html>