<?xml version="1.0" encoding="UTF-8" ?>
<!DOCTYPE html PUBLIC "-//W3C//DTD XHTML 1.0 Strict//EN" "http://www.w3.org/TR/xhtml1/DTD/xhtml1-strict.dtd">
<html expr:dir='data:blog.languageDirection' xmlns='http://www.w3.org/1999/xhtml' xmlns:b='http://www.google.com/2005/gml/b' xmlns:data='http://www.google.com/2005/gml/data' xmlns:expr='http://www.google.com/2005/gml/expr'>
<head>
<meta content='R89ClICKj28iSqbcTN++RfnLwqXFim/1Oz78bHspp8U=' name='verify-v1'/>
    <b:include data='blog' name='all-head-content'/>
    <title><data:blog.pageTitle/></title>
  

<b:skin><![CDATA[/*
/* -------------------------------------------------------
Template Design: DaGaDu
Designer: www.dagadu.net
Date: 21 Jan 2008
------------------------------------------------------- */
td.mbl_fo_hidden{display:none;}td.mbl_join_img{}td.mbl_join{}tr#tr0{display: none}th.mbl_h{display:none;}
/* Follower
----------------------------------
*/
.follower-grid {width:300px;}
.follower {width:32px; height:32px; float:left; margin:2px;}
.follower-img {float: left; border:1px solid #000000; margin-top: 2px; margin-right: 2px; margin-bottom: 2px; margin-left: 2px;}
.follow-this {margin:0.5em 0.5em 0.5em 0; font-weight:bold;}
.followers-canvas {margin:0.5em 0.5em 0.5em 0; font-weight:bold;}

*/ 
/*  Variable definitions
   
   <Variable name="bgcolor" description="Page Background Color"
             type="color" default="#fff" value="#EFEFEF">
   <Variable name="textcolor" description="Text Color"
             type="color" default="#333" value="#000000">
   <Variable name="linkcolor" description="Link Color"
             type="color" default="#58a" value="#006699">
   <Variable name="linkhovercolor" description="Link Hover Color"
             type="color" default="#58a" value="#002E3F">
   <Variable name="pagetitlecolor" description="Blog Title Color"
             type="color" default="#666" value="#000000">
   <Variable name="descriptioncolor" description="Blog Description Color"
             type="color" default="#999" value="#000000">
   <Variable name="titlecolor" description="Post Title Color"
             type="color" default="#c60" value="#191919">
   <Variable name="titlehovercolor" description="Post Title Hover Color"
             type="color" default="#c60" value="#006699">
   <Variable name="bordercolor" description="Border Color"
             type="color" default="#ccc" value="#EFEFEF">
   <Variable name="sidebarcolor" description="Sidebar Title Color"
             type="color" default="#999" value="#333333">
   <Variable name="bgwidgetcolor" description="Widget Background Color"
             type="color" default="#fff" value="#ffffff">
   <Variable name="navcolor" description="Navigation text Color"
             type="color" default="#fff" value="#ffffff">
   <Variable name="commentcolor" description="Comment text Color"
             type="color" default="#fff" value="#000000">
   <Variable name="footercolor" description="Footer text Color"
             type="color" default="#fff" value="#ffffff">
   <Variable name="bgwrapcolor" description="Wrapper background Color"
             type="color" default="#fff" value="#ffffff">
   <Variable name="pagetitlefont" description="Blog Title Font"
             type="font" default="normal normal 350% Georgia, Times New Roman" value="normal bold 222% Trebuchet, Trebuchet MS, Arial, sans-serif">
   <Variable name="headerfont" description="Sidebar Title Font"
             type="font" default="normal normal 85% 'Trebuchet MS',Trebuchet,Arial,Verdana,Sans-serif" value="normal normal 92% Arial, sans-serif">
   <Variable name="descriptionfont" description="Blog Description Font"
             type="font"
             default="normal normal 78% 'Trebuchet MS', Trebuchet, Arial, Verdana, Sans-serif" value="normal bold 121% Arial, sans-serif">
   <Variable name="startSide" description="Side where text starts in blog language"
             type="automatic" default="left" value="left">
   <Variable name="endSide" description="Side where text ends in blog language"
             type="automatic" default="right" value="right">
*/

*{margin:0; padding:0;}

/* remove this line to appear blogger navbar */

/* hide navbar start */

#navbar-iframe{display:none;height:0;visibility:hidden;}

/* hide navbar end */

body { background:$bgcolor; width:100%; color:$textcolor; font-family:Arial, Tahoma, Verdana; font-size:12px; margin:0; padding:0;}

#bgtop{ background:$bgcolor url(http://2.bp.blogspot.com/_OKgQC0vH6Ag/SurXO396HaI/AAAAAAAABHk/Ut4WpRexSd4/s400/body_bg.gif)repeat-x 0 0; width:100%;height:100%;margin:0;padding:0;}

a, a:visited{ color:$linkcolor; text-decoration:none;}

a:hover{ color:$linkhovercolor; text-decoration:underline;}

a img{ border-width:0;}

#outer{ width: 960px; margin:0 auto 80px; padding: 0; line-height: 18px; word-wrap: break-word; font-family: Arial, Tahoma, Verdana; font-size:12px; overflow:hidden; background:#fff;border:1px solid #999999;
}

#NavbarMenu{ background:transparent; width:960px; height:40px; color:#cccccc; margin:0 auto; padding:0; font:6px Arial, Tahoma, Verdana;}

#NavbarMenuleft{ width:650px; float:$startSide; margin:0; padding:0;}

#search{ width:240px; font-size:11px; float:$endSide; margin:0; padding:0;}

#nav{ margin:0; padding-top:3px;}

#nav ul{ float:$startSide; list-style:none; margin:0; padding:0;}

#nav li{ list-style:none; margin:0; padding:0;}

#nav li a, #nav li a:link, #nav li a:visited{ color:#cccccc; display:block; text-transform:uppercase; margin:0; padding:9px 15px 8px; font:bold 12px Arial, Times New Roman;}

#nav li a:hover, #nav li a:active{ background:#transparent; color:#cccccc; margin:0; padding:9px 15px 8px; text-decoration:none;}

#nav li li a, #nav li li a:link, #nav li li a:visited{ background: #transparent; width:150px; color:#cccccc; text-transform:lowercase; float:none; margin:0; padding:7px 10px; border-bottom:1px solid #151f23; border-left:1px solid #151f23; border-right:1px solid #151f23; font:normal 14px Georgia, Times New Roman;}

#nav li li a:hover, #nav li li a:active{ background:#transparent; color:#cccccc; padding:7px 10px;}

#nav li{ float:$startSide; padding:0;}

#nav li ul{ z-index:9999; position:absolute; left:-999em; height:auto; width:170px; margin:0; padding:0;}

#nav li ul a{ width:140px; }

#nav li ul ul{ margin:-32px 0 0 171px;}

#nav li:hover ul ul, #nav li:hover ul ul ul, #nav li.sfhover ul ul, #nav li.sfhover ul ul ul{left:-999em;}

#nav li:hover ul, #nav li li:hover ul, #nav li li li:hover ul, #nav li.sfhover ul, #nav li li.sfhover ul, #nav li li li.sfhover ul{left:auto;}

#nav li:hover, #nav li.sfhover{ position:static;}

#searchbox{ padding:0; margin:0;}

#search input{ background:transparent; color:#fff; float:$startSide;margin:10px 0 0 10px; width:178px; padding:3px 7px; border:1px solid #484848; font:normal 11px arial, verdana, Times New Roman; }

#search .btn{ margin:7px 0 0 3px; padding:0; width:auto; border:0; }

/* header */
#header-wrapper{ background:#ffffff url(http://4.bp.blogspot.com/_OKgQC0vH6Ag/Surie19cXXI/AAAAAAAABHs/sIlAlJVAPdM/s400/header.jpg) no-repeat; width:960px; font-size:12px; margin:0 auto; padding:0; overflow:hidden; border:1px solid #999999; }

#head-inner{ width:400px; background-position:left; margin-left:0; margin-right:auto; padding-top:5px; float:$startSide; }

#header{ margin: 0; text-align: left; color: $pagetitlecolor; }


#header h1{ color:$pagetitlecolor; margin:0; padding:25px 0 0 20px; text-decoration:none; font:$pagetitlefont; }

#header h1 a, #header h1 a:visited{ color:$pagetitlecolor; margin:0; padding:0; text-decoration:none; }

#header h1 a:hover{ color:$pagetitlecolor; }

#header .description{ color:$descriptioncolor; margin:0; padding:7px 0 20px 20px; font:$descriptionfont; }

#header img{ margin-left:auto; margin-right:auto; }

#headerright{ width:480px; height:90px; float:$endSide; padding-top:15px; margin:0; text-align:left; font-size:12px; }

#headerright a, #headerright a:hover, #headerright a:visited{ color:$linkcolor; }

/* ads bar for adsense and rss */

#adsbar{ background:#ffffff url(http://2.bp.blogspot.com/_OKgQC0vH6Ag/SuqjeUC8btI/AAAAAAAABHU/-DjDRkgxzfc/s320/menubar_bg.jpg)repeat-x 0 0; width:960px; color:#ffffff; margin:0 auto; padding:0; height:25px;}

#adsbar a, #adsbar a:visited{ font-size:10px; font-weight:bold; text-decoration:none; }

#adsbar a:hover{ text-decoration:none; }

.adslink{ width:750px; float:$startSide; margin:0; padding:0px 2px 0px 2px; }

.rssbar{ width:150px; float:$endSide; margin:0; padding:0px 2px 10px 2px; text-transform:capitalize; text-align:right; }

.rssbar a img{ border:0; margin:0; padding:0; }

#top{ background:#ffffff url(http://2.bp.blogspot.com/_ahMH-QAYO5E/SjOzJrzG9hI/AAAAAAAAAEE/f0MS41CH36g/s320/bgbiru.gif)repeat-x 0 0; margin:0 auto; padding:10px; width:940px; overflow:hidden; font-size:11px; }

#top .widget{ padding-bottom:5px; }

#topleft{ width:300px; float:$startSide; margin:0 5px 0 10px; padding:5px; display:inline;; }

#topmiddle{ width:300px; float:$startSide; margin:0 5px; padding:5px; }

#topright{ width:240px; float:$startSide; margin:0 10px 0 5px; padding:5px; display:inline; }

#headline, #news{ background:#999999;; width:960px; color:#000000; margin:0 auto; padding:0; height:1px; }

.newsleft{ width:750px; float:$startSide; margin:0; padding:5px 10px 0 20px; }

.newsleft a, .runtextleft a:visited{ font-size:11px; font-weight:normal; color:#E8A02C; text-decoration:none; }

.newsleft a:hover{ text-decoration: underline; }

.followme{ width:120px; float:$endSide; margin:5px; padding:0px 2px 10px 2px; text-transform:uppercase; text-align: right; }

.followme a img{ border:0; margin:0 5px 0 0; padding:0; }

.followme a, .followme a:visited{ font-size:12px; font-weight:bold; color: #000000; text-decoration:none; padding:10px 0 0 0; }

.followme a:hover{ text-decoration:none; }

#spacer{ height:5px; clear:both; }

/* main column or posting column */

#main-wrapper{ width:607px; float:$startSide; word-wrap:break-word; overflow:hidden; margin-top:0px;  margin-right:5px; margin-bottom:0px; margin-left:10px; display:inline; }

.main .widget{ margin:0 0 1em; padding:0 0 1.5em; }

.main .Blog{ border-bottom-width:0; }

.blog-title{ margin:0 0 5px; padding-left:20px; }

.breadcrumbs{ padding:5px 5px 5px 0; margin:0 0 5px; font-size:95%; line-height:1.4em; border-bottom:2px #EFEFEF; }

.post{ background:#ffffff; width:584px; margin:0 0 10px; padding:10px; border:1px solid #EFEFEF; }

.post h3, .post h3 a, .post h3 a:visited{ color:$titlecolor; margin:0; text-transform:capitalize;	 text-align:left; font:normal 20px Times, Tahoma, Verdana; }

.post h3 a:hover{ color: $titlehovercolor; text-decoration: none; }

.post-body { margin: 0 0 .75em; line-height: 1.6em; }

.comment-link { padding:9px 0 0 18px; margin:10px 0 0 0;  font-size:10px; font-family: Arial, Tahoma, Verdana; text-transform: capitalize; background:transparent url(http://lh4.ggpht.com/_pt7i0nbIOCY/Sm5QKFXhNKI/AAAAAAAACJs/OdCQ1dcrY20/bgcomment_thumb%5B1%5D.png?imgmax=800) no-repeat left; }

.post img { padding:10px; }

.post-body p{margin:0;padding:10px 0 0;}

.post blockquote { background:#c1c1c1 url(http://3.bp.blogspot.com/_BN-753uAiHc/Sm5ZEjQwDYI/AAAAAAAAAZg/JqBAorfdRCM/s1600/quote.jpg) no-repeat top left; margin: 0 25px 15px; padding: 40px 15px 10px 80px; }

.post blockquote p { margin: 0; padding: 0 0 15px; }

.post-body ol { margin: 0px 0px 0px 5px;	padding: 0px 0px 10px 0px; }
	
.post-body ol li { margin: 0px 0px 0px 27px; padding: 0px 0px 5px 0px; }
	
.post-body ul { list-style-type: none; margin: 0px 0px 0px 5px; padding: 0px 0px 10px 0px; }
	
.post-body ul li{ list-style-type: square; padding: 0px 0px 0px 5px; margin: 0px 0px 5px 25px; }

.comments { background:$bgwidgetcolor; float: $startSide; width: 585px; margin-bottom:5px; padding: 10px; overflow:hidden; border: 1px solid $bordercolor; }

#comments h4 { margin:0; font-weight: bold; line-height: 1.4em; text-transform:uppercase; letter-spacing:.1em; color: $commentcolor; padding-bottom:5px; font-size:13px; }

#comments-block {  width: 580px; float: $startSide; padding-top: 10px; margin: 0; border-top:2px solid #000 }

#comments-block .comment-author { margin: 10px 0; font-weight: bold; }

#comments-block .comment-body { margin: .25em 0 10px; padding-left: 20px; font-size:12px; text-align:justify; }

#comments-block .comment-footer { margin: -.25em 0 2em; line-height: 1.4em; text-transform: uppercase; letter-spacing: .1em; border-bottom:1px dashed #a29e9e; }

#comments-block .comment-body p { margin: 0 0 .75em; }

.deleted-comment { font-style: italic; color: gray; }

div.comment-form-block{ width: 600px; margin: 0 auto; }

#blog-pager-newer-link { float: $startSide; padding-left:5px; }

#blog-pager-older-link { float: $endSide; padding-right:5px; }

#blog-pager { text-align: center; }

/* Sidebar Center Column */

#middlebar-wrapper { width:322px; float: $startSide; margin-top:0px; margin-right:10px; margin-bottom:0px; margin-left:5px; padding: 0; }

.middlecol p { margin:0;padding:0; }

.middlecol .widget { width: 300px; background:$bgwidgetcolor; border:1px solid $bordercolor; margin: 0 0 10px; padding:10px; }

.middlecol img{ padding:1px; border:1px solid $bordercolor;}

/* Right Sidebar*/

#sidebar-wrapper { float: $endSide;margin:0 10px 0 0;padding:0;width:232px;display:inline; }

.sidebar { line-height: 1.5em; }

.sidebar .widget { background:$bgwidgetcolor; float:$startSide; width: 210px; margin: 0 0 10px 0; padding: 10px; border:1px solid $bordercolor; }

.sidebar h2, .middlecol h2{ color: $sidebarcolor; text-transform: capitalize; font-size: 14px;  font-family: Arial, Tahoma, Verdana; font-weight: bold; margin: 0px 0px 5px 0px; padding: 0px 0px 2px 0px; border-bottom:1px solid $bordercolor; }

.top h2{ color:#000; font: bold 15px Georgia, Tahoma, Verdana;  padding:0 0 3px 0; margin:0 0 10px; border-bottom:3px solid #000; }

.bottom h2{ color:#000; font: bold 15px Georgia, Tahoma, Verdana; text-transform:uppercase; padding:0 0 3px 0; margin:0 0 10px; border-bottom:1px solid #EFEFEF; }

.topright h2{ color:#fff; font: bold 15px Georgia, Tahoma, Verdana; padding:0px; margin:0 0 10px;}

#sidebar p { margin: 0; padding: 0 0 0 10px; }

.sidebar li, .middlecol li, .bottom li, .top li{ background:url('http://img19.imageshack.us/img19/9972/bulletstar.png') no-repeat; list-style-type: none; margin: 0 0 5px; padding-left: 20px; }

.sidebar ul, .middlecol ul, .bottom ul, .top ul, .topright ul{ list-style-type:none; margin:0; padding:0; }

.sidebar ul li, .middlecol ul li, .bottom ul li, .top ul li{ background:url('http://img19.imageshack.us/img19/9972/bulletstar.png') no-repeat; list-style-type:none; margin:0 0 5px; padding:0 0 3px 20px; border-bottom:1px dashed $bordercolor; }

.topright ul li{ background:url(http://lh4.ggpht.com/_pt7i0nbIOCY/Sm5QC_2CdyI/AAAAAAAACJk/A0xTYW1H7BY/arrow_thumb%5B1%5D.jpg?imgmax=800) no-repeat; list-style-type:none; margin:0 0 5px; padding:0 0 3px 20px; border-bottom:1px dashed $bordercolor; }

.topright li{ background:url(http://lh4.ggpht.com/_pt7i0nbIOCY/Sm5QC_2CdyI/AAAAAAAACJk/A0xTYW1H7BY/arrow_thumb%5B1%5D.jpg?imgmax=800) no-repeat; list-style-type:none; margin:0 0 5px; padding-left:20px; }

.topright a, .topright a:visited{ color:#fff; text-decoration:underline; }

.topright a:hover{ text-decoration:none; }

/* Profile */

.profile-img{ float:$endSide; margin-top:0; margin-left:15px; margin-bottom:5px; margin-$endSide:0; padding:1px; border:1px solid $bordercolor; }

.profile-data { margin:0; text-transform:uppercase; font-weight:bold; line-height:1.6em; font-size:11px; }

.profile-datablock{ margin:.5em 0 .5em; }

.profile-textblock{ margin:0.5em 0; line-height:1.6em; }

/* bottom Column */

#bottom{ width:960px; position:  relative; clear:both; margin:0 auto; color:#000000; float:$startSide; padding:15px 0 5px 0; background:#ffffff url(http://2.bp.blogspot.com/_ahMH-QAYO5E/SjOzJrzG9hI/AAAAAAAAAEE/f0MS41CH36g/s320/bgbiru.gif)repeat-x 0 0; border:1px solid #EFEFEF; }

#bottom .widget{ padding-bottom:15px; }

#leftbottom{ width:295px; float:$startSide; margin:0 5px 0 10px; padding:5px; display:inline; }

#middlebottom{ width:300px; float:$startSide; margin:0 5px; padding:5px; }

#rightbottom{ width:295px; float:$startSide; margin:0 10px 0 5px; padding:5px; display:inline }

/* Credits Column */

#footer{ background:#ffffff; width:960px; height:40px; margin:0 auto; padding-top:5px; border-bottom:1px solid #999999; border-top:1px solid #999999;}

#copyright{ float:$startSide; width:550px; padding-left:10px; }

#copyright p{ color:#000000; margin:0; padding:10px 0 0; font:11px Arial, Tahoma, Verdana; }

#credits{ float:$endSide; color:#000; width:300px; padding-right:10px; text-align:right; font:11px Arial, Tahoma, Verdana; }

#credits p{ margin:0; padding:10px 0 0; }

#credits a, #credits a:visited{ color:#000000; text-decoration:none; }

#credits a:hover{ text-decoration:underline; }

.thumb{float:$startSide;margin:0px 10px 2px 0px;padding:2px;border:1px solid #ccc}

#headerright h2, .adslink h2, #headline h2, #news h2, .post-labels, .blog-icon, .feed-links{ display:none }

.quickedit{
display:none;
}

]]></b:skin>

<style type='text/css'>
<b:if cond='data:blog.pageType != &quot;item&quot;'>

#main-wrapper { width:365px; float:left; padding:0px; margin-top:0px; margin-right:5px; margin-bottom:0px; margin-left:10px; display:inline; }

.post { background:#ffffff; width:343px; float: left; margin-top:0px ;margin-right:0px; margin-bottom:10px; margin-left:0px; padding: 10px; text-align:justify; border:1px solid #EFEFEF; }

.post h3 { color: #000; text-transform: capitalize; margin: 0; padding: 2px 0; text-align:left; font: normal 20px Times, Tahoma, Verdana; }

.post h3 a, .post h3 a:visited { color: #000; text-decoration: none; font: normal 20px Times, Tahoma, Verdana; }

.post h3 a:hover { color: #11593C; }

.post-body img{ max-width:338px; padding:1px; margin:0 0 10px 0; border: 1px solid #cadaef; }

.post-timestamp, .reaction-buttons, .star-ratings, .post-backlinks, .post-icons, .post-labels{ display:none; }

</b:if>
</style>

<link href='http://a3.twimg.com/profile_images/653172121/d_128_normal.png' rel='shortcut icon'/>
<script type='text/javascript'>
var thumbnail_mode = &quot;float&quot; ;
summary_noimg = 250;
summary_img = 250;
img_thumb_height = 100;
img_thumb_width = 100;
</script>


<script type='text/javascript'>
//<![CDATA[
function removeHtmlTag(strx,chop){
if(strx.indexOf("<")!=-1)
{
var s = strx.split("<");
for(var i=0;i<s.length;i++){
if(s[i].indexOf(">")!=-1){
s[i] = s[i].substring(s[i].indexOf(">")+1,s[i].length);
}
}
strx = s.join("");
}
chop = (chop < strx.length-1) ? chop : strx.length-2;
while(strx.charAt(chop-1)!=' ' && strx.indexOf(' ',chop)!=-1) chop++;
strx = strx.substring(0,chop-1);
return strx+'...';
}

function createSummaryAndThumb(pID){
var div = document.getElementById(pID);
var imgtag = "";
var img = div.getElementsByTagName("img");
var summ = summary_noimg;
if(img.length>=1) {
imgtag = '<span style="float:left; padding:0px 10px 5px 0px;"><img src="'+img[0].src+'" width="'+img_thumb_width+'px" height="'+img_thumb_height+'px"/></span>';
summ = summary_img;
}

var summary = imgtag + '<div>' + removeHtmlTag(div.innerHTML,summ) + '</div>';
div.innerHTML = summary;
}
//]]>
</script>
    </head>
  <body>

  <div id='bgtop'>       
  <div id='NavbarMenu'>
       <div id='NavbarMenuleft'>
      <ul id='nav'>
        <li><a expr:href='data:blog.homepageUrl'>.</a></li>
        
      </ul>
    </div>

  </div>

<div id='header-wrapper'>
   <div id='head-inner'>
    <b:section class='header' id='header' maxwidgets='1' showaddelement='no'>
<b:widget id='Header1' locked='true' title='BERITA PONSEL (Header)' type='Header'>
<b:includable id='main'>

  <b:if cond='data:useImage'>
    <b:if cond='data:imagePlacement == &quot;BEHIND&quot;'>
      <!--
      Show image as background to text. You can't really calculate the width
      reliably in JS because margins are not taken into account by any of
      clientWidth, offsetWidth or scrollWidth, so we don't force a minimum
      width if the user is using shrink to fit.
      This results in a margin-width's worth of pixels being cropped. If the
      user is not using shrink to fit then we expand the header.
      -->
      <div expr:style='&quot;background-image: url(\&quot;&quot; + data:sourceUrl + &quot;\&quot;); &quot;                      + &quot;background-position: &quot;                      + data:backgroundPositionStyleStr + &quot;; &quot;                      + data:widthStyleStr                      + &quot;min-height: &quot; + data:height + &quot;px;&quot;                      + &quot;_height: &quot; + data:height + &quot;px;&quot;                      + &quot;background-repeat: no-repeat; &quot;' id='header-inner'>
        <div class='titlewrapper' style='background: transparent'>
          <h1 class='title' style='background: transparent; border-width: 0px'>
            <b:include name='title'/>
          </h1>
        </div>
        <b:include name='description'/>
      </div>
    <b:else/>
      <!--Show the image only-->
      <div id='header-inner'>
        <a expr:href='data:blog.homepageUrl' style='display: block'>
          <img expr:alt='data:title' expr:height='data:height' expr:id='data:widget.instanceId + &quot;_headerimg&quot;' expr:src='data:sourceUrl' expr:width='data:width' style='display: block'/>
        </a>
        <!--Show the description-->
        <b:if cond='data:imagePlacement == &quot;BEFORE_DESCRIPTION&quot;'>
          <b:include name='description'/>
        </b:if>
      </div>
    </b:if>
  <b:else/>
    <!--No header image -->
    <div id='header-inner'>
      <div class='titlewrapper'>
        <h1 class='title'>
          <b:include name='title'/>
        </h1>
      </div>
      <b:include name='description'/>
    </div>
  </b:if>
</b:includable>
<b:includable id='title'>
  <b:if cond='data:blog.url == data:blog.homepageUrl'>
    <data:title/>
  <b:else/>
    <a expr:href='data:blog.homepageUrl'><data:title/></a>
  </b:if>
</b:includable>
<b:includable id='description'>
  <div class='descriptionwrapper'>
    <p class='description'><span><data:description/></span></p>
  </div>
</b:includable>
</b:widget>
</b:section>
    </div>
       <div id='headerright'>
          <b:section class='headerright' id='rightheader' maxwidgets='1' preferred='yes'>
<b:widget id='HTML11' locked='false' title='' type='HTML'>
<b:includable id='main'>
  <!-- only display title if it's non-empty -->
  <b:if cond='data:title != &quot;&quot;'>
    <h2 class='title'><data:title/></h2>
  </b:if>
  <div class='widget-content'>
    <data:content/>
  </div>

  <b:include name='quickedit'/>
</b:includable>
</b:widget>
</b:section>

       </div>
</div> <!-- end header-wrapper -->


<div id='outer'> 

<div id='adsbar'>
    <div class='adslink'>
     <b:section class='adslink' id='adslink' maxwidgets='1' preferred='yes'>
<b:widget id='HTML4' locked='true' title='adsense link 728px X 15px' type='HTML'>
<b:includable id='main'>
  <!-- only display title if it's non-empty -->
  <b:if cond='data:title != &quot;&quot;'>
    <h2 class='title'><data:title/></h2>
  </b:if>
  <div class='widget-content'>
    <data:content/>
  </div>

  <b:include name='quickedit'/>
</b:includable>
</b:widget>
</b:section>
     </div>
      
</div><!-- end adsbar -->

<b:if cond='data:blog.pageType != &quot;item&quot;'>
<div id='top'>
<b:section class='top' id='topleft' preferred='yes' showaddelement='yes'>
<b:widget id='HTML6' locked='false' title='' type='HTML'>
<b:includable id='main'>
  <!-- only display title if it's non-empty -->
  <b:if cond='data:title != &quot;&quot;'>
    <h2 class='title'><data:title/></h2>
  </b:if>
  <div class='widget-content'>
    <data:content/>
  </div>

  <b:include name='quickedit'/>
</b:includable>
</b:widget>
</b:section>

<b:section class='top' id='topmiddle' preferred='yes' showaddelement='yes'>
<b:widget id='HTML5' locked='false' title='' type='HTML'>
<b:includable id='main'>
  <!-- only display title if it's non-empty -->
  <b:if cond='data:title != &quot;&quot;'>
    <h2 class='title'><data:title/></h2>
  </b:if>
  <div class='widget-content'>
    <data:content/>
  </div>

  <b:include name='quickedit'/>
</b:includable>
</b:widget>
</b:section>

<b:section class='topright' id='topright' preferred='yes' showaddelement='yes'>
<b:widget id='HTML9' locked='false' title='' type='HTML'>
<b:includable id='main'>
  <!-- only display title if it's non-empty -->
  <b:if cond='data:title != &quot;&quot;'>
    <h2 class='title'><data:title/></h2>
  </b:if>
  <div class='widget-content'>
    <data:content/>
  </div>

  <b:include name='quickedit'/>
</b:includable>
</b:widget>
</b:section>

</div>

<div id='news'>

<div class='newsleft'>
     <b:section class='newsleft' id='linenews' maxwidgets='1' preferred='yes' showaddelement='yes'/>
     </div>

      </div>    
</b:if>

<div id='spacer'/>
    <div id='main-wrapper'>
        <b:section class='main' id='main' showaddelement='no'>
<b:widget id='Blog1' locked='true' title='Posting Blog' type='Blog'>
<b:includable id='nextprev'>
  <div class='blog-pager' id='blog-pager'>
    <b:if cond='data:newerPageUrl'>
      <span id='blog-pager-newer-link'>
      &#8592;&#160;<a class='blog-pager-newer-link' expr:href='data:newerPageUrl' expr:id='data:widget.instanceId + &quot;_blog-pager-newer-link&quot;' expr:title='data:newerPageTitle'><data:newerPageTitle/></a>
      </span>
    </b:if>

    <b:if cond='data:olderPageUrl'>
      <span id='blog-pager-older-link'>
      <a class='blog-pager-older-link' expr:href='data:olderPageUrl' expr:id='data:widget.instanceId + &quot;_blog-pager-older-link&quot;' expr:title='data:olderPageTitle'><data:olderPageTitle/></a>&#160;&#8594;
      </span>
    </b:if>

    <b:if cond='data:blog.homepageUrl != data:blog.url'>
      <a class='home-link' expr:href='data:blog.homepageUrl'><data:homeMsg/></a>
      <b:else/>
      <b:if cond='data:newerPageUrl'>
        <a class='home-link' expr:href='data:blog.homepageUrl'><data:homeMsg/></a>
      </b:if>
    </b:if>

  </div>
  <div class='clear'/>
</b:includable>
<b:includable id='shareButtons' var='post'>
  <b:if cond='data:post.sharePostUrl'>
      <a class='share-button sb-email' expr:href='data:post.sharePostUrl + &quot;&amp;target=email&quot;' expr:title='data:top.emailThisMsg' target='_blank'>
        <span class='share-button-link-text'><data:top.emailThisMsg/></span></a>
      <a class='share-button sb-blog' expr:href='data:post.sharePostUrl + &quot;&amp;target=blog&quot;' expr:onclick='&quot;window.open(this.href, \&quot;_blank\&quot;, \&quot;height=270,width=475\&quot;); return false;&quot;' expr:title='data:top.blogThisMsg' target='_blank'>
        <span class='share-button-link-text'><data:top.blogThisMsg/></span></a>
      <a class='share-button sb-twitter' expr:href='data:post.sharePostUrl + &quot;&amp;target=twitter&quot;' expr:title='data:top.shareToTwitterMsg' target='_blank'>
        <span class='share-button-link-text'><data:top.shareToTwitterMsg/></span></a>
      <a class='share-button sb-facebook' expr:href='data:post.sharePostUrl + &quot;&amp;target=facebook&quot;' expr:onclick='&quot;window.open(this.href, \&quot;_blank\&quot;, \&quot;height=430,width=640\&quot;); return false;&quot;' expr:title='data:top.shareToFacebookMsg' target='_blank'>
        <span class='share-button-link-text'><data:top.shareToFacebookMsg/></span></a>
      <a class='share-button sb-buzz' expr:href='data:post.sharePostUrl + &quot;&amp;target=buzz&quot;' expr:onclick='&quot;window.open(this.href, \&quot;_blank\&quot;, \&quot;height=415,width=690\&quot;); return false;&quot;' expr:title='data:top.shareToBuzzMsg' target='_blank'>
        <span class='share-button-link-text'><data:top.shareToBuzzMsg/></span></a>
  </b:if>
</b:includable>
<b:includable id='backlinks' var='post'>
  <a name='links'/><h4><data:post.backlinksLabel/></h4>
  <b:if cond='data:post.numBacklinks != 0'>
    <dl class='comments-block' id='comments-block'>
      <b:loop values='data:post.backlinks' var='backlink'>
        <div class='collapsed-backlink backlink-control'>
          <dt class='comment-title'>
            <span class='backlink-toggle-zippy'>&#160;</span>
            <a expr:href='data:backlink.url' rel='nofollow'><data:backlink.title/></a>
            <b:include data='backlink' name='backlinkDeleteIcon'/>
          </dt>
          <dd class='comment-body collapseable'>
            <data:backlink.snippet/>
          </dd>
          <dd class='comment-footer collapseable'>
            <span class='comment-author'><data:post.authorLabel/> <data:backlink.author/></span>
            <span class='comment-timestamp'><data:post.timestampLabel/> <data:backlink.timestamp/></span>
          </dd>
        </div>
      </b:loop>
    </dl>
  </b:if>
  <p class='comment-footer'>
    <a class='comment-link' expr:href='data:post.createLinkUrl' expr:id='data:widget.instanceId + &quot;_backlinks-create-link&quot;' target='_blank'><data:post.createLinkLabel/></a>
  </p>
</b:includable>
<b:includable id='post' var='post'>

  <div class='post hentry uncustomized-post-template'>

<b:if cond='data:blog.homepageUrl == data:blog.url'>
<b:else/>
  <b:if cond='data:blog.pageType == &quot;item&quot;'>
<div class='breadcrumbs'>
Browse &#187; <a expr:href='data:blog.homepageUrl'>Home</a> &#187; <b:if cond='data:post.labels'><b:loop values='data:post.labels' var='label'> 
            <a expr:href='data:label.url' rel='tag'><data:label.name/></a><b:if cond='data:label.isLast != &quot;true&quot;'> , </b:if>
          </b:loop>
        </b:if> &#187; <data:post.title/>
  </div>
</b:if>
</b:if>

    <a expr:name='data:post.id'/>
    <b:if cond='data:post.title'>
      <h3 class='post-title entry-title'>
     <b:if cond='data:post.link'>
       <a expr:href='data:post.link'><data:post.title/></a>
     <b:else/>
        <b:if cond='data:post.url'>
          <a expr:href='data:post.url'><data:post.title/></a>
        <b:else/>
          <data:post.title/>
        </b:if>
     </b:if>
      </h3>
    </b:if>

    <div class='post-header-line-1'/>

    <div class='post-body entry-content'>
      <b:if cond='data:blog.pageType != &quot;item&quot;'>
<div expr:id='&quot;summary&quot; + data:post.id'><data:post.body/></div>
<script type='text/javascript'>createSummaryAndThumb(&quot;summary<data:post.id/>&quot;);</script>
<span class='rmlink' style='float:right'><a expr:href='data:post.url'>Read More...</a></span>
</b:if>
<b:if cond='data:blog.pageType == &quot;item&quot;'><data:post.body/>
<br/> <br/>
&lt;script type=&#39;text/javascript&#39;&gt;&lt;!--
google_ad_client = &quot;pub-5277842158583062&quot;;
google_ad_host = &quot;pub-1556223355139109&quot;;
google_ad_host_channel=&quot;00000&quot;;
/* bawahpost */
google_ad_slot = &quot;4524210256&quot;;
google_ad_width = 468;
google_ad_height = 60;
//--&gt;
&lt;/script&gt;
&lt;script src=&#39;http://pagead2.googlesyndication.com/pagead/show_ads.js&#39; type=&#39;text/javascript&#39;&gt;
&lt;/script&gt;

<p><div style='clear:both; '>
<div style='width:55px; float:left;'>
<a expr:href='&quot;http://digg.com/submit?url=&quot; + data:post.url + &quot;&amp;title=&quot; + data:post.title' rel='external nofollow' target='_blank'><img alt='digg it' src='http://4.bp.blogspot.com/_OKgQC0vH6Ag/SutPJ8C3_9I/AAAAAAAABJ0/b4OYv165xNM/s200/Inside-digg-48.png' style='padding:0;margin:0;border:none;'/></a>
</div>
<div style='width:55px; float:left;'>
<a expr:href='&quot;http://buzz.yahoo.com/buzz?targetUrl=&quot; + data:post.url + &quot;&amp;title=&quot; + data:post.title' rel='external nofollow' target='_blank'><img alt='buzz yahoo' src='http://4.bp.blogspot.com/_OKgQC0vH6Ag/SutOh6prSrI/AAAAAAAABJs/OYRiD3PzAG8/s200/Inside-yahoo-48.png' style='padding:0;margin:0;border:none;'/></a>
</div>
<div style='width:55px; float:left;'>
<a expr:href='&quot;http://www.google.com/bookmarks/mark?op=edit&amp;output=popup&amp;bkmk=&quot; + data:post.url + &quot;&amp;title=&quot; + data:post.title' rel='external nofollow' target='_blank'><img alt='google' src='http://4.bp.blogspot.com/_OKgQC0vH6Ag/SutQbKSC3FI/AAAAAAAABJ8/Fit_MfkRS0Y/s200/Inside-google-48.png' style='padding:0;margin:0;border:none;'/></a>
</div>
<div style='width:55px; float:left;'>
<a expr:href='&quot;http://www.stumbleupon.com/submit?url=&quot; + data:post.url + &quot;&amp;title=&quot; + data:post.title' rel='external nofollow' target='_blank'><img alt='Stumble' src='http://2.bp.blogspot.com/_OKgQC0vH6Ag/SutMgYvDDEI/AAAAAAAABJE/X6ICto76AW8/s200/Inside-stumbleupon-48.png' style='padding:0;margin:0;border:none;'/></a>
</div>
<div style='width:55px; float:left;'>
<a expr:href='&quot;http://del.icio.us/post?url=&quot; + data:post.url + &quot;&amp;title=&quot; + data:post.title' rel='external nofollow' target='_blank'><img alt='Delicious' src='http://3.bp.blogspot.com/_OKgQC0vH6Ag/SutMx6jqVII/AAAAAAAABJM/G-KV01FNGbI/s200/Inside-delicious-48.png' style='padding:0;margin:0;border:none;'/></a>
</div>
<div style='width:55px; float:left;'>
<a expr:href='&quot;http://technorati.com/faves?add=&quot; + data:post.url' rel='external nofollow' target='_blank'><img alt='Technorati' src='http://1.bp.blogspot.com/_OKgQC0vH6Ag/SutM_iRpEFI/AAAAAAAABJU/03QVnMGvKX0/s200/Inside-technorati-48.png' style='padding:0;margin:0;border:none;'/></a>
</div>
<div style='width:55px; float:left;'>
<a expr:href='&quot;http://twitthis.com/twit?url=&quot; + data:post.url' rel='external nofollow' target='_blank'><img alt='Twitter' src='http://2.bp.blogspot.com/_OKgQC0vH6Ag/SutNQIOANbI/AAAAAAAABJc/T5cJyYApALc/s200/Inside-twitter-48.png' style='padding:0;margin:0;border:none;'/></a>
</div>
<div style='width:55px; float:left;'>
<a expr:href='&quot;http://www.facebook.com/sharer.php?u=&quot; + data:post.url + &quot;&amp;t=&quot; + data:post.title' rel='external nofollow' target='_blank'><img alt='Facebook' src='http://3.bp.blogspot.com/_OKgQC0vH6Ag/SutNfX-U9EI/AAAAAAAABJk/9HjiRHuWHPw/s200/Inside-facebook-48.png' style='padding:0;margin:0;border:none;'/></a>
</div>
<div style='width:55px; float:left;'>
<a expr:href='&quot;http://reddit.com/submit?url=&quot; + data:post.url + &quot;&amp;title=&quot; + data:post.title' rel='external nofollow' target='_blank'><img alt='reddit' src='http://4.bp.blogspot.com/_OKgQC0vH6Ag/SutUEeRVy8I/AAAAAAAABKU/jARjwjylpFo/s200/Inside-reddit-48.png' style='padding:0;margin:0;border:none;'/></a>
</div>
</div></p>
</b:if>

      <div style='clear: both;'/> <!-- clear for photos floats -->
    </div>

    <div class='post-footer'>

    <div class='post-footer-line post-footer-line-1'>
      <span class='post-author vcard'>
        <b:if cond='data:top.showAuthor'>
          <data:top.authorLabel/>
          <span class='fn'><data:post.author/></span>
        </b:if>
      </span>

      <span class='post-timestamp'>
        <b:if cond='data:top.showTimestamp'>
          <data:top.timestampLabel/>
        <b:if cond='data:post.url'>
          <a class='timestamp-link' expr:href='data:post.url' rel='bookmark' title='permanent link'><abbr class='published' expr:title='data:post.timestampISO8601'><data:post.timestamp/></abbr></a>
        </b:if>
        </b:if>
      </span>
  
      <span class='reaction-buttons'>
        <b:if cond='data:top.showReactions'>
          <table border='0' cellpadding='0' cellspacing='0' width='100%'><tr>
            <td class='reactions-label-cell' nowrap='nowrap' valign='top' width='1%'>
              <span class='reactions-label'>
              <data:top.reactionsLabel/></span>&#160;</td>
            <td><iframe allowtransparency='true' class='reactions-iframe' expr:src='data:post.reactionsUrl' frameborder='0' name='reactions' scrolling='no'/></td>
           </tr></table>
        </b:if>
      </span>

      <span class='star-ratings'>
        <b:if cond='data:top.showStars'>
           <div expr:g:background-color='data:backgroundColor' expr:g:text-color='data:textColor' expr:g:url='data:post.absoluteUrl' g:height='42' g:type='RatingPanel' g:width='280'/>
        </b:if>
      </span>

      

       <!-- backlinks -->
       <span class='post-backlinks post-comment-link'>
         <b:if cond='data:blog.pageType != &quot;item&quot;'>
           <b:if cond='data:post.showBacklinks'>
             <a class='comment-link' expr:href='data:post.url + &quot;#links&quot;'><data:top.backlinkLabel/></a>
           </b:if>
         </b:if>
       </span>

      <span class='post-icons'>
        <!-- email post links -->
        <b:if cond='data:post.emailPostUrl'>
          <span class='item-action'>
          <a expr:href='data:post.emailPostUrl' expr:title='data:top.emailPostMsg'>
              <img alt='' class='icon-action' height='13' src='http://www.blogger.com/img/icon18_email.gif' width='18'/>
          </a>
          </span>
        </b:if>

        <!-- quickedit pencil -->
        <b:include data='post' name='postQuickEdit'/>
      </span>
      </div>

      <div class='post-footer-line post-footer-line-2'>
      <span class='post-labels'>
        <b:if cond='data:post.labels'>
          <data:postLabelsLabel/>
          <b:loop values='data:post.labels' var='label'>
            <a expr:href='data:label.url' rel='tag'><data:label.name/></a><b:if cond='data:label.isLast != &quot;true&quot;'>,</b:if>
          </b:loop>
        </b:if>
      </span>
      </div>

      <div class='post-footer-line post-footer-line-3'>
      <span class='post-location'>
        <b:if cond='data:top.showLocation'>
          <b:if cond='data:post.location'>
            <data:postLocationLabel/>
            <a expr:href='data:post.location.mapsUrl' target='_blank'><data:post.location.name/></a>
          </b:if>
        </b:if>
      </span>
      </div>
    </div>
  </div>
</b:includable>
<b:includable id='status-message'>
  <b:if cond='data:navMessage'>
  <div class='status-msg-wrap'>
    <div class='status-msg-body'>
      <data:navMessage/>
    </div>
    <div class='status-msg-border'>
      <div class='status-msg-bg'>
        <div class='status-msg-hidden'><data:navMessage/></div>
      </div>
    </div>
  </div>
  <div style='clear: both;'/>
  </b:if>
</b:includable>
<b:includable id='comment-form' var='post'>

  <div class='comment-form-block'>
    <a name='comment-form'/><br/>
    <h4 id='comment-post-message'><data:postCommentMsg/></h4>
    <p><data:blogCommentMessage/></p>
    <data:blogTeamBlogMessage/>
    <a expr:href='data:post.commentFormIframeSrc' id='comment-editor-src'/>
    <iframe allowtransparency='true' class='blogger-iframe-colorize' frameborder='0' height='275' id='comment-editor' scrolling='no' src='' width='100%'/>
    <data:post.iframeColorizer/>
  </div>
</b:includable>
<b:includable id='backlinkDeleteIcon' var='backlink'>
  <span expr:class='&quot;item-control &quot; + data:backlink.adminClass'>
    <a expr:href='data:backlink.deleteUrl' expr:title='data:top.deleteBacklinkMsg'>
      <img src='http://www.blogger.com/img/icon_delete13.gif'/>
    </a>
  </span>
</b:includable>
<b:includable id='postQuickEdit' var='post'>
  <b:if cond='data:post.editUrl'>
    <span expr:class='&quot;item-control &quot; + data:post.adminClass'>
      <a expr:href='data:post.editUrl' expr:title='data:top.editPostMsg'>
        </a>
    </span>
  </b:if>
</b:includable>
<b:includable id='main' var='top'>
  <!-- posts -->
  <div class='blog-posts hfeed'>

    <b:include data='top' name='status-message'/>

    <data:adStart/>
    <b:loop values='data:posts' var='post'>
      
      <b:include data='post' name='post'/>
      <b:if cond='data:blog.pageType == &quot;item&quot;'>
        <b:include data='post' name='comments'/>
      </b:if>
      <b:if cond='data:post.includeAd'>
        <data:adEnd/>
        <data:adCode/>
        <data:adStart/>
      </b:if>
    </b:loop>
    <data:adEnd/>
  </div>

  <!-- navigation -->
  <b:include name='nextprev'/>

  <!-- feed links -->
  <b:include name='feedLinks'/>
  
  <b:if cond='data:top.showStars'>
    <script src='http://www.google.com/jsapi' type='text/javascript'/>
    <script type='text/javascript'>
      google.load(&quot;annotations&quot;, &quot;1&quot;, {&quot;locale&quot;: &quot;<data:top.languageCode/>&quot;});
      function initialize() {
        google.annotations.setApplicationId(<data:top.blogspotReviews/>);
        google.annotations.createAll();
        google.annotations.fetch();
      }
      google.setOnLoadCallback(initialize);
    </script>
  </b:if>

</b:includable>
<b:includable id='commentDeleteIcon' var='comment'>
  <span expr:class='&quot;item-control &quot; + data:comment.adminClass'>
    <a expr:href='data:comment.deleteUrl' expr:title='data:top.deleteCommentMsg'>
      <img src='http://www.blogger.com/img/icon_delete13.gif'/>
    </a>
  </span>
</b:includable>
<b:includable id='feedLinks'>
  <b:if cond='data:blog.pageType != &quot;item&quot;'> <!-- Blog feed links -->
    <b:if cond='data:feedLinks'>
      <div class='blog-feeds'>
        <b:include data='feedLinks' name='feedLinksBody'/>
      </div>
    </b:if>

    <b:else/> <!--Post feed links -->
    <div class='post-feeds'>
      <b:loop values='data:posts' var='post'>
        <b:if cond='data:post.allowComments'>
          <b:if cond='data:post.feedLinks'>
            <b:include data='post.feedLinks' name='feedLinksBody'/>
          </b:if>
        </b:if>
      </b:loop>
    </div>
  </b:if>
</b:includable>
<b:includable id='feedLinksBody' var='links'>
  <div class='feed-links'>
  <data:feedLinksMsg/>
  <b:loop values='data:links' var='f'>
     <a class='feed-link' expr:href='data:f.url' expr:type='data:f.mimeType' target='_blank'><data:f.name/> (<data:f.feedType/>)</a>
  </b:loop>
  </div>
</b:includable>
<b:includable id='comments' var='post'>

  <div class='comments' id='comments'>
    <a name='comments'/>
    <b:if cond='data:post.allowComments'>
      <h4>
        <b:if cond='data:post.numComments == 1'>
          1 <data:commentLabel/>:
        <b:else/>
          <data:post.numComments/> <data:commentLabelPlural/>:
        </b:if>
      </h4>

      <b:if cond='data:post.commentPagingRequired'>
        <span class='paging-control-container'>
          <a expr:class='data:post.oldLinkClass' expr:href='data:post.oldestLinkUrl'><data:post.oldestLinkText/></a>
          &#160;
          <a expr:class='data:post.oldLinkClass' expr:href='data:post.olderLinkUrl'><data:post.olderLinkText/></a>
          &#160;
          <data:post.commentRangeText/>
          &#160;
          <a expr:class='data:post.newLinkClass' expr:href='data:post.newerLinkUrl'><data:post.newerLinkText/></a>
          &#160;
          <a expr:class='data:post.newLinkClass' expr:href='data:post.newestLinkUrl'><data:post.newestLinkText/></a>
        </span>
      </b:if>


      <dl id='comments-block'>

        <b:loop values='data:post.comments' var='comment'>
          <dt expr:class='&quot;comment-author &quot; + data:comment.authorClass' expr:id='data:comment.anchorName'>
            <a expr:name='data:comment.anchorName'/>
            <b:if cond='data:comment.authorUrl'>
              <a expr:href='data:comment.authorUrl' rel='nofollow'><data:comment.author/></a> on <data:comment.timestamp/>
            <b:else/>
              <data:comment.author/>
            </b:if>
            <data:commentPostedByMsg/>
          </dt>
          <dd class='comment-body'>
            <b:if cond='data:comment.isDeleted'>
              <span class='deleted-comment'><data:comment.body/></span>
            <b:else/>
              <p><data:comment.body/></p>
            </b:if>
          </dd>


          <dd class='comment-footer'>
<span class='comment-timestamp'>
      
              <b:include data='comment' name='commentDeleteIcon'/>
            </span>
          </dd>
        </b:loop>
      </dl>

      <b:if cond='data:post.commentPagingRequired'>
        <span class='paging-control-container'>
          <a expr:class='data:post.oldLinkClass' expr:href='data:post.oldestLinkUrl'>
            <data:post.oldestLinkText/>
          </a>
          <a expr:class='data:post.oldLinkClass' expr:href='data:post.olderLinkUrl'>
            <data:post.olderLinkText/>
          </a>
          &#160;
          <data:post.commentRangeText/>
          &#160;
          <a expr:class='data:post.newLinkClass' expr:href='data:post.newerLinkUrl'>
            <data:post.newerLinkText/>
          </a>
          <a expr:class='data:post.newLinkClass' expr:href='data:post.newestLinkUrl'>
            <data:post.newestLinkText/>
          </a>
        </span>
      </b:if>

      <p class='comment-footer'>

        <b:if cond='data:post.embedCommentForm'>

          <b:include data='post' name='comment-form'/>
        <b:else/>
          <b:if cond='data:post.allowComments'>
            <a expr:href='data:post.addCommentUrl' expr:onclick='data:post.addCommentOnclick'><data:postCommentMsg/></a>
          
                      
</b:if>
        </b:if>

      </p>                     
</b:if>

    <div id='backlinks-container'>
    <div expr:id='data:widget.instanceId + &quot;_backlinks-container&quot;'>
       <b:if cond='data:post.showBacklinks'>
         <b:include data='post' name='backlinks'/>
       </b:if>
    </div>
    </div>
  </div>
</b:includable>
</b:widget>
</b:section>
    </div>
<div id='middlebar-wrapper'>
  <b:section class='middlecol' id='middlecol' preferred='yes'>
<b:widget id='HTML2' locked='false' title='' type='HTML'>
<b:includable id='main'>
  <!-- only display title if it's non-empty -->
  <b:if cond='data:title != &quot;&quot;'>
    <h2 class='title'><data:title/></h2>
  </b:if>
  <div class='widget-content'>
    <data:content/>
  </div>

  <b:include name='quickedit'/>
</b:includable>
</b:widget>
<b:widget id='HTML1' locked='false' title='NEWS &amp;amp; UPDATE' type='HTML'>
<b:includable id='main'>
  <!-- only display title if it's non-empty -->
  <b:if cond='data:title != &quot;&quot;'>
    <h2 class='title'><data:title/></h2>
  </b:if>
  <div class='widget-content'>
    <data:content/>
  </div>

  <b:include name='quickedit'/>
</b:includable>
</b:widget>
<b:widget id='HTML8' locked='false' title='' type='HTML'>
<b:includable id='main'>
  <!-- only display title if it's non-empty -->
  <b:if cond='data:title != &quot;&quot;'>
    <h2 class='title'><data:title/></h2>
  </b:if>
  <div class='widget-content'>
    <data:content/>
  </div>

  <b:include name='quickedit'/>
</b:includable>
</b:widget>
<b:widget id='HTML3' locked='false' title='RECENT READER' type='HTML'>
<b:includable id='main'>
  <!-- only display title if it's non-empty -->
  <b:if cond='data:title != &quot;&quot;'>
    <h2 class='title'><data:title/></h2>
  </b:if>
  <div class='widget-content'>
    <data:content/>
  </div>

  <b:include name='quickedit'/>
</b:includable>
</b:widget>
</b:section>
      </div>

<b:if cond='data:blog.pageType != &quot;item&quot;'>

<div id='sidebar-wrapper'>

        <b:section class='sidebar' id='sidebar' preferred='yes'>
<b:widget id='Label1' locked='false' title='' type='Label'>
<b:includable id='main'>
  <b:if cond='data:title'>
    <h2><data:title/></h2>
  </b:if>
  <div expr:class='&quot;widget-content &quot; + data:display + &quot;-label-widget-content&quot;'>
    <b:if cond='data:display == &quot;list&quot;'>
      <ul>
      <b:loop values='data:labels' var='label'>
        <li>
          <b:if cond='data:blog.url == data:label.url'>
            <span expr:dir='data:blog.languageDirection'><data:label.name/></span>
          <b:else/>
            <a expr:dir='data:blog.languageDirection' expr:href='data:label.url'><data:label.name/></a>
          </b:if>
          <b:if cond='data:showFreqNumbers'>
            <span dir='ltr'>(<data:label.count/>)</span>
          </b:if>
        </li>
      </b:loop>
      </ul>
    <b:else/>
      <b:loop values='data:labels' var='label'>
        <span expr:class='&quot;label-size label-size-&quot; + data:label.cssSize'>
          <b:if cond='data:blog.url == data:label.url'>
            <span expr:dir='data:blog.languageDirection'><data:label.name/></span>
          <b:else/>
            <a expr:dir='data:blog.languageDirection' expr:href='data:label.url'><data:label.name/></a>
          </b:if>
          <b:if cond='data:showFreqNumbers'>
            <span class='label-count' dir='ltr'>(<data:label.count/>)</span>
          </b:if>
        </span>
      </b:loop>
    </b:if>
    <b:include name='quickedit'/>
  </div>
</b:includable>
</b:widget>
<b:widget id='Feed2' locked='false' title='BERITA PONSEL' type='Feed'>
<b:includable id='main'>
    <h2><data:title/></h2>
    <div class='widget-content' expr:id='data:widget.instanceId + &quot;_feedItemListDisplay&quot;'>
      <span style='filter: alpha(25); opacity: 0.25;'>
        <a expr:href='data:feedUrl'><data:loadingMsg/></a>
      </span>
    </div>
    <b:include name='quickedit'/>
  </b:includable>
</b:widget>
<b:widget id='Followers1' locked='false' title='FOLLOWERS' type='Followers'>
<b:includable id='main'>
  <b:if cond='data:title != &quot;&quot;'>
    <b:if cond='data:codeSnippet != &quot;&quot;'>
      <h2 class='title'><data:title/></h2>
    <b:else/>
      <b:if cond='data:totalFollowerCount != &quot;&quot;'>
        <h2 class='title'><data:title/> (<data:totalFollowerCount/>)</h2>
      </b:if>
    </b:if>  
  </b:if>
  <div class='widget-content'>
    <div expr:id='data:widget.instanceId + &quot;-wrapper&quot;'>
      <b:if cond='data:codeSnippet != &quot;&quot;'>
        <div style='margin-right:2px;'>
          <data:codeSnippet/>
        </div>
      <b:else/>
        <b:if cond='data:totalFollowerCount == &quot;&quot;'>
          <span class='item-control following-not-admin'>
            <b><data:failureSnippet/></b>
          </span>
          <span class='item-control blog-admin'>
            <b><data:adminFailureSnippet/></b>
          </span>
        <b:else/>
          <b:if cond='data:followingLinkPresent'>
            <div class='follow-this profile-link item-control following-follow-this'>
              <a expr:href='&quot;javascript:_FollowersView._openPopup(\&quot;&quot; + data:followUri + &quot;\&quot;);&quot;'>
                <data:followThisMessage/>
              </a>
            </div>
            <div class='follow-this profile-link item-control following-stop-following-this'>
              <a expr:href='&quot;javascript:_FollowersView._openPopup(\&quot;&quot; + data:followUri + &quot;\&quot;);&quot;'>
                <data:stopFollowingMessage/>
              </a>
            </div>
          </b:if>
  
          <div class='followers-grid'>
            <b:if cond='data:totalFollowerCount == 0'>
              <div class='profile-link item-control following-follow-this'>
                <data:emptyFollowersMessage/>
              </div>
            </b:if>
            <!--
            Relies on the js written out in navbar.gxp
            -->
            <b:loop values='data:followers' var='follower'>
              <div class='follower'>
                <a expr:href='data:follower.profileUrl' expr:title='data:follower.displayName' rel='nofollow'>
                <img class='follower-img' expr:alt='data:follower.displayName' expr:height='data:follower.imageHeight' expr:onerror='&quot;this.onerror=null;this.src=\&quot;&quot; + data:anonFollowerImageUrl + &quot;\&quot;;&quot;' expr:onload='&quot;setAttributeOnload(this, \&quot;src\&quot;, \&quot;&quot; + data:follower.imageUrl + &quot;\&quot;)&quot;' expr:width='data:follower.imageWidth' src='http://img1.blogblog.com/img/blank.gif'/>
                </a>
              </div>
            </b:loop>
            <div class='clear'/>
          </div>
  
          <div class='followers-canvas profile-link'>
            <data:followersFooterMessage/>
            <span class='item-control following-not-admin'>
              <a expr:href='data:followersUri'>
                <data:viewAllMessage/>
              </a>
            </span>
            <span class='item-control blog-admin'>
              <a expr:href='data:manageFollowersUri'>
                <data:manageFollowersMessage/>
              </a>
            </span>
          </div>
          </b:if>
      </b:if>
    </div>
    <b:include name='quickedit'/>
  </div>
</b:includable>
</b:widget>
</b:section>
</div>

</b:if>

 <!-- spacer for skins that want sidebar and main to be the same height-->
      <div class='clear'>&#160;</div>
<div id='headline'>

<div class='newsleft'>
     <b:section class='newsleft' id='newsline' maxwidgets='1' preferred='yes' showaddelement='yes'/>
     </div>
</div>
<div id='bottom'>
<b:section class='bottom' id='leftbottom' preferred='yes' showaddelement='yes'>
<b:widget id='BlogList5' locked='false' title='' type='BlogList'>
<b:includable id='main'>
    <!-- only display title if it's non-empty -->
    <b:if cond='data:title != &quot;&quot;'>
      <h2 class='title'><data:title/></h2>
    </b:if>

    <div class='widget-content'>
      <div class='blog-list-container' expr:id='data:widget.instanceId + &quot;_container&quot;'>
        <ul expr:id='data:widget.instanceId + &quot;_blogs&quot;'>
          <b:loop values='data:items' var='item'>
            <li expr:style='data:item.displayStyle'>
              <div class='blog-icon'>
                <b:if cond='data:showIcon == &quot;true&quot;'>
                  <input expr:value='data:item.blogIconUrl' type='hidden'/>
                </b:if>
              </div>
              <div class='blog-content'>
                <div class='blog-title'>
                  <a expr:href='data:item.blogUrl' target='_blank'>
                    <data:item.blogTitle/></a>
                </div>
                <div class='item-content'>
                  <b:if cond='data:showItemThumbnail == &quot;true&quot;'>
                    <b:if cond='data:item.itemThumbnail'> 
                      <div class='item-thumbnail'>
                        <a expr:href='data:item.blogUrl' target='_blank'>
                          <img alt='' border='0' expr:height='data:item.itemThumbnail.height' expr:src='data:item.itemThumbnail.url' expr:width='data:item.itemThumbnail.width'/>
                        </a>
                      </div>
                    </b:if>
                  </b:if>
                  <b:if cond='data:showItemTitle == &quot;true&quot;'>
                    <span class='item-title'>
                      <b:if cond='data:item.itemUrl != &quot;&quot;'>
                        <a expr:href='data:item.itemUrl' target='_blank'>
                          <data:item.itemTitle/></a>
                      <b:else/>
                        <data:item.itemTitle/>
                      </b:if>
                    </span>
                  </b:if>
                  <b:if cond='data:showItemSnippet == &quot;true&quot;'> 
                    <b:if cond='data:showItemTitle == &quot;true&quot;'>
                      -
                    </b:if>
                    <span class='item-snippet'>
                      <data:item.itemSnippet/>
                    </span>
                  </b:if>
                  <b:if cond='data:showTimePeriodSinceLastUpdate == &quot;true&quot;'>
                    <div class='item-time'>
                      <data:item.timePeriodSinceLastUpdate/>
                    </div>
                  </b:if>
                </div>
              </div>
              <div style='clear: both;'/>
            </li>
          </b:loop>
        </ul>

        <b:if cond='data:numItemsToShow != 0'>
          <b:if cond='data:totalItems &gt; data:numItemsToShow'>
            <div class='show-option'>
              <span expr:id='data:widget.instanceId + &quot;_show-n&quot;' style='display: none;'>
                <a href='javascript:void(0)' onclick='return false;'><data:showNText/></a>
              </span>
              <span expr:id='data:widget.instanceId + &quot;_show-all&quot;' style='margin-left: 5px;'>
                <a href='javascript:void(0)' onclick='return false;'><data:showAllText/></a>
              </span>
            </div>
          </b:if>
        </b:if>

        <b:include name='quickedit'/>
      </div>
    </div>
  </b:includable>
</b:widget>
<b:widget id='BlogList1' locked='false' title='' type='BlogList'>
<b:includable id='main'>
    <!-- only display title if it's non-empty -->
    <b:if cond='data:title != &quot;&quot;'>
      <h2 class='title'><data:title/></h2>
    </b:if>

    <div class='widget-content'>
      <div class='blog-list-container' expr:id='data:widget.instanceId + &quot;_container&quot;'>
        <ul expr:id='data:widget.instanceId + &quot;_blogs&quot;'>
          <b:loop values='data:items' var='item'>
            <li expr:style='data:item.displayStyle'>
              <div class='blog-icon'>
                <b:if cond='data:showIcon == &quot;true&quot;'>
                  <input expr:value='data:item.blogIconUrl' type='hidden'/>
                </b:if>
              </div>
              <div class='blog-content'>
                <div class='blog-title'>
                  <a expr:href='data:item.blogUrl' target='_blank'>
                    <data:item.blogTitle/></a>
                </div>
                <div class='item-content'>
                  <b:if cond='data:showItemThumbnail == &quot;true&quot;'>
                    <b:if cond='data:item.itemThumbnail'> 
                      <div class='item-thumbnail'>
                        <a expr:href='data:item.blogUrl' target='_blank'>
                          <img alt='' border='0' expr:height='data:item.itemThumbnail.height' expr:src='data:item.itemThumbnail.url' expr:width='data:item.itemThumbnail.width'/>
                        </a>
                      </div>
                    </b:if>
                  </b:if>
                  <b:if cond='data:showItemTitle == &quot;true&quot;'>
                    <span class='item-title'>
                      <b:if cond='data:item.itemUrl != &quot;&quot;'>
                        <a expr:href='data:item.itemUrl' target='_blank'>
                          <data:item.itemTitle/></a>
                      <b:else/>
                        <data:item.itemTitle/>
                      </b:if>
                    </span>
                  </b:if>
                  <b:if cond='data:showItemSnippet == &quot;true&quot;'> 
                    <b:if cond='data:showItemTitle == &quot;true&quot;'>
                      -
                    </b:if>
                    <span class='item-snippet'>
                      <data:item.itemSnippet/>
                    </span>
                  </b:if>
                  <b:if cond='data:showTimePeriodSinceLastUpdate == &quot;true&quot;'>
                    <div class='item-time'>
                      <data:item.timePeriodSinceLastUpdate/>
                    </div>
                  </b:if>
                </div>
              </div>
              <div style='clear: both;'/>
            </li>
          </b:loop>
        </ul>

        <b:if cond='data:numItemsToShow != 0'>
          <b:if cond='data:totalItems &gt; data:numItemsToShow'>
            <div class='show-option'>
              <span expr:id='data:widget.instanceId + &quot;_show-n&quot;' style='display: none;'>
                <a href='javascript:void(0)' onclick='return false;'><data:showNText/></a>
              </span>
              <span expr:id='data:widget.instanceId + &quot;_show-all&quot;' style='margin-left: 5px;'>
                <a href='javascript:void(0)' onclick='return false;'><data:showAllText/></a>
              </span>
            </div>
          </b:if>
        </b:if>

        <b:include name='quickedit'/>
      </div>
    </div>
  </b:includable>
</b:widget>
</b:section>
<b:section class='bottom' id='middlebottom' preferred='yes' showaddelement='yes'>
<b:widget id='BlogList3' locked='false' title='' type='BlogList'>
<b:includable id='main'>
    <!-- only display title if it's non-empty -->
    <b:if cond='data:title != &quot;&quot;'>
      <h2 class='title'><data:title/></h2>
    </b:if>

    <div class='widget-content'>
      <div class='blog-list-container' expr:id='data:widget.instanceId + &quot;_container&quot;'>
        <ul expr:id='data:widget.instanceId + &quot;_blogs&quot;'>
          <b:loop values='data:items' var='item'>
            <li expr:style='data:item.displayStyle'>
              <div class='blog-icon'>
                <b:if cond='data:showIcon == &quot;true&quot;'>
                  <input expr:value='data:item.blogIconUrl' type='hidden'/>
                </b:if>
              </div>
              <div class='blog-content'>
                <div class='blog-title'>
                  <a expr:href='data:item.blogUrl' target='_blank'>
                    <data:item.blogTitle/></a>
                </div>
                <div class='item-content'>
                  <b:if cond='data:showItemThumbnail == &quot;true&quot;'>
                    <b:if cond='data:item.itemThumbnail'> 
                      <div class='item-thumbnail'>
                        <a expr:href='data:item.blogUrl' target='_blank'>
                          <img alt='' border='0' expr:height='data:item.itemThumbnail.height' expr:src='data:item.itemThumbnail.url' expr:width='data:item.itemThumbnail.width'/>
                        </a>
                      </div>
                    </b:if>
                  </b:if>
                  <b:if cond='data:showItemTitle == &quot;true&quot;'>
                    <span class='item-title'>
                      <b:if cond='data:item.itemUrl != &quot;&quot;'>
                        <a expr:href='data:item.itemUrl' target='_blank'>
                          <data:item.itemTitle/></a>
                      <b:else/>
                        <data:item.itemTitle/>
                      </b:if>
                    </span>
                  </b:if>
                  <b:if cond='data:showItemSnippet == &quot;true&quot;'> 
                    <b:if cond='data:showItemTitle == &quot;true&quot;'>
                      -
                    </b:if>
                    <span class='item-snippet'>
                      <data:item.itemSnippet/>
                    </span>
                  </b:if>
                  <b:if cond='data:showTimePeriodSinceLastUpdate == &quot;true&quot;'>
                    <div class='item-time'>
                      <data:item.timePeriodSinceLastUpdate/>
                    </div>
                  </b:if>
                </div>
              </div>
              <div style='clear: both;'/>
            </li>
          </b:loop>
        </ul>

        <b:if cond='data:numItemsToShow != 0'>
          <b:if cond='data:totalItems &gt; data:numItemsToShow'>
            <div class='show-option'>
              <span expr:id='data:widget.instanceId + &quot;_show-n&quot;' style='display: none;'>
                <a href='javascript:void(0)' onclick='return false;'><data:showNText/></a>
              </span>
              <span expr:id='data:widget.instanceId + &quot;_show-all&quot;' style='margin-left: 5px;'>
                <a href='javascript:void(0)' onclick='return false;'><data:showAllText/></a>
              </span>
            </div>
          </b:if>
        </b:if>

        <b:include name='quickedit'/>
      </div>
    </div>
  </b:includable>
</b:widget>
<b:widget id='BlogList2' locked='false' title='' type='BlogList'>
<b:includable id='main'>
    <!-- only display title if it's non-empty -->
    <b:if cond='data:title != &quot;&quot;'>
      <h2 class='title'><data:title/></h2>
    </b:if>

    <div class='widget-content'>
      <div class='blog-list-container' expr:id='data:widget.instanceId + &quot;_container&quot;'>
        <ul expr:id='data:widget.instanceId + &quot;_blogs&quot;'>
          <b:loop values='data:items' var='item'>
            <li expr:style='data:item.displayStyle'>
              <div class='blog-icon'>
                <b:if cond='data:showIcon == &quot;true&quot;'>
                  <input expr:value='data:item.blogIconUrl' type='hidden'/>
                </b:if>
              </div>
              <div class='blog-content'>
                <div class='blog-title'>
                  <a expr:href='data:item.blogUrl' target='_blank'>
                    <data:item.blogTitle/></a>
                </div>
                <div class='item-content'>
                  <b:if cond='data:showItemThumbnail == &quot;true&quot;'>
                    <b:if cond='data:item.itemThumbnail'> 
                      <div class='item-thumbnail'>
                        <a expr:href='data:item.blogUrl' target='_blank'>
                          <img alt='' border='0' expr:height='data:item.itemThumbnail.height' expr:src='data:item.itemThumbnail.url' expr:width='data:item.itemThumbnail.width'/>
                        </a>
                      </div>
                    </b:if>
                  </b:if>
                  <b:if cond='data:showItemTitle == &quot;true&quot;'>
                    <span class='item-title'>
                      <b:if cond='data:item.itemUrl != &quot;&quot;'>
                        <a expr:href='data:item.itemUrl' target='_blank'>
                          <data:item.itemTitle/></a>
                      <b:else/>
                        <data:item.itemTitle/>
                      </b:if>
                    </span>
                  </b:if>
                  <b:if cond='data:showItemSnippet == &quot;true&quot;'> 
                    <b:if cond='data:showItemTitle == &quot;true&quot;'>
                      -
                    </b:if>
                    <span class='item-snippet'>
                      <data:item.itemSnippet/>
                    </span>
                  </b:if>
                  <b:if cond='data:showTimePeriodSinceLastUpdate == &quot;true&quot;'>
                    <div class='item-time'>
                      <data:item.timePeriodSinceLastUpdate/>
                    </div>
                  </b:if>
                </div>
              </div>
              <div style='clear: both;'/>
            </li>
          </b:loop>
        </ul>

        <b:if cond='data:numItemsToShow != 0'>
          <b:if cond='data:totalItems &gt; data:numItemsToShow'>
            <div class='show-option'>
              <span expr:id='data:widget.instanceId + &quot;_show-n&quot;' style='display: none;'>
                <a href='javascript:void(0)' onclick='return false;'><data:showNText/></a>
              </span>
              <span expr:id='data:widget.instanceId + &quot;_show-all&quot;' style='margin-left: 5px;'>
                <a href='javascript:void(0)' onclick='return false;'><data:showAllText/></a>
              </span>
            </div>
          </b:if>
        </b:if>

        <b:include name='quickedit'/>
      </div>
    </div>
  </b:includable>
</b:widget>
</b:section>
<b:section class='bottom' id='rightbottom' preferred='yes' showaddelement='yes'>
<b:widget id='BlogList6' locked='false' title='' type='BlogList'>
<b:includable id='main'>
    <!-- only display title if it's non-empty -->
    <b:if cond='data:title != &quot;&quot;'>
      <h2 class='title'><data:title/></h2>
    </b:if>

    <div class='widget-content'>
      <div class='blog-list-container' expr:id='data:widget.instanceId + &quot;_container&quot;'>
        <ul expr:id='data:widget.instanceId + &quot;_blogs&quot;'>
          <b:loop values='data:items' var='item'>
            <li expr:style='data:item.displayStyle'>
              <div class='blog-icon'>
                <b:if cond='data:showIcon == &quot;true&quot;'>
                  <input expr:value='data:item.blogIconUrl' type='hidden'/>
                </b:if>
              </div>
              <div class='blog-content'>
                <div class='blog-title'>
                  <a expr:href='data:item.blogUrl' target='_blank'>
                    <data:item.blogTitle/></a>
                </div>
                <div class='item-content'>
                  <b:if cond='data:showItemThumbnail == &quot;true&quot;'>
                    <b:if cond='data:item.itemThumbnail'> 
                      <div class='item-thumbnail'>
                        <a expr:href='data:item.blogUrl' target='_blank'>
                          <img alt='' border='0' expr:height='data:item.itemThumbnail.height' expr:src='data:item.itemThumbnail.url' expr:width='data:item.itemThumbnail.width'/>
                        </a>
                      </div>
                    </b:if>
                  </b:if>
                  <b:if cond='data:showItemTitle == &quot;true&quot;'>
                    <span class='item-title'>
                      <b:if cond='data:item.itemUrl != &quot;&quot;'>
                        <a expr:href='data:item.itemUrl' target='_blank'>
                          <data:item.itemTitle/></a>
                      <b:else/>
                        <data:item.itemTitle/>
                      </b:if>
                    </span>
                  </b:if>
                  <b:if cond='data:showItemSnippet == &quot;true&quot;'> 
                    <b:if cond='data:showItemTitle == &quot;true&quot;'>
                      -
                    </b:if>
                    <span class='item-snippet'>
                      <data:item.itemSnippet/>
                    </span>
                  </b:if>
                  <b:if cond='data:showTimePeriodSinceLastUpdate == &quot;true&quot;'>
                    <div class='item-time'>
                      <data:item.timePeriodSinceLastUpdate/>
                    </div>
                  </b:if>
                </div>
              </div>
              <div style='clear: both;'/>
            </li>
          </b:loop>
        </ul>

        <b:if cond='data:numItemsToShow != 0'>
          <b:if cond='data:totalItems &gt; data:numItemsToShow'>
            <div class='show-option'>
              <span expr:id='data:widget.instanceId + &quot;_show-n&quot;' style='display: none;'>
                <a href='javascript:void(0)' onclick='return false;'><data:showNText/></a>
              </span>
              <span expr:id='data:widget.instanceId + &quot;_show-all&quot;' style='margin-left: 5px;'>
                <a href='javascript:void(0)' onclick='return false;'><data:showAllText/></a>
              </span>
            </div>
          </b:if>
        </b:if>

        <b:include name='quickedit'/>
      </div>
    </div>
  </b:includable>
</b:widget>
<b:widget id='BlogList4' locked='false' title='' type='BlogList'>
<b:includable id='main'>
    <!-- only display title if it's non-empty -->
    <b:if cond='data:title != &quot;&quot;'>
      <h2 class='title'><data:title/></h2>
    </b:if>

    <div class='widget-content'>
      <div class='blog-list-container' expr:id='data:widget.instanceId + &quot;_container&quot;'>
        <ul expr:id='data:widget.instanceId + &quot;_blogs&quot;'>
          <b:loop values='data:items' var='item'>
            <li expr:style='data:item.displayStyle'>
              <div class='blog-icon'>
                <b:if cond='data:showIcon == &quot;true&quot;'>
                  <input expr:value='data:item.blogIconUrl' type='hidden'/>
                </b:if>
              </div>
              <div class='blog-content'>
                <div class='blog-title'>
                  <a expr:href='data:item.blogUrl' target='_blank'>
                    <data:item.blogTitle/></a>
                </div>
                <div class='item-content'>
                  <b:if cond='data:showItemThumbnail == &quot;true&quot;'>
                    <b:if cond='data:item.itemThumbnail'> 
                      <div class='item-thumbnail'>
                        <a expr:href='data:item.blogUrl' target='_blank'>
                          <img alt='' border='0' expr:height='data:item.itemThumbnail.height' expr:src='data:item.itemThumbnail.url' expr:width='data:item.itemThumbnail.width'/>
                        </a>
                      </div>
                    </b:if>
                  </b:if>
                  <b:if cond='data:showItemTitle == &quot;true&quot;'>
                    <span class='item-title'>
                      <b:if cond='data:item.itemUrl != &quot;&quot;'>
                        <a expr:href='data:item.itemUrl' target='_blank'>
                          <data:item.itemTitle/></a>
                      <b:else/>
                        <data:item.itemTitle/>
                      </b:if>
                    </span>
                  </b:if>
                  <b:if cond='data:showItemSnippet == &quot;true&quot;'> 
                    <b:if cond='data:showItemTitle == &quot;true&quot;'>
                      -
                    </b:if>
                    <span class='item-snippet'>
                      <data:item.itemSnippet/>
                    </span>
                  </b:if>
                  <b:if cond='data:showTimePeriodSinceLastUpdate == &quot;true&quot;'>
                    <div class='item-time'>
                      <data:item.timePeriodSinceLastUpdate/>
                    </div>
                  </b:if>
                </div>
              </div>
              <div style='clear: both;'/>
            </li>
          </b:loop>
        </ul>

        <b:if cond='data:numItemsToShow != 0'>
          <b:if cond='data:totalItems &gt; data:numItemsToShow'>
            <div class='show-option'>
              <span expr:id='data:widget.instanceId + &quot;_show-n&quot;' style='display: none;'>
                <a href='javascript:void(0)' onclick='return false;'><data:showNText/></a>
              </span>
              <span expr:id='data:widget.instanceId + &quot;_show-all&quot;' style='margin-left: 5px;'>
                <a href='javascript:void(0)' onclick='return false;'><data:showAllText/></a>
              </span>
            </div>
          </b:if>
        </b:if>

        <b:include name='quickedit'/>
      </div>
    </div>
  </b:includable>
</b:widget>
</b:section>
</div>

<div style='clear:both;'/>
<div id='footer'>

     <div id='copyright'>

	<p>Copyright &#160;&#169;&#160;Denidi.Com | All Rights Reserved</p>
     </div>


         <div id='credits'>
          <p>Denidi Blue Magazine Template Design by &lt;a href=&#39;http://template.denidi.com&#39;&gt;&amp;#272;enidiDotCom</p>  
          </div>
   </div> 
    </div> <!-- end wrap -->
</div> <!-- end bg foot -->

<script src='http://track4.mybloglog.com/js/jsserv.php?mblID=2009052601320536' type='text/javascript'/>
<script type='text/javascript'>
var gaJsHost = ((&quot;https:&quot; == document.location.protocol) ? &quot;https://ssl.&quot; : &quot;http://www.&quot;);
document.write(unescape(&quot;%3Cscript src=&#39;&quot; + gaJsHost + &quot;google-analytics.com/ga.js&#39; type=&#39;text/javascript&#39;%3E%3C/script%3E&quot;));
</script>
<script type='text/javascript'>
try {
var pageTracker = _gat._getTracker(&quot;UA-9423614-1&quot;);
pageTracker._trackPageview();
} catch(err) {}</script>

</body>
</html>