<?xml version="1.0" encoding="UTF-8" ?>
<!DOCTYPE html PUBLIC "-//W3C//DTD XHTML 1.0 Strict//EN" "http://www.w3.org/TR/xhtml1/DTD/xhtml1-strict.dtd">
<html expr:dir='data:blog.languageDirection' lang='en-US' xmlns='http://www.w3.org/1999/xhtml' xmlns:b='http://www.google.com/2005/gml/b' xmlns:data='http://www.google.com/2005/gml/data' xmlns:expr='http://www.google.com/2005/gml/expr'>
<head>
<meta content='text/html; charset=UTF-8' http-equiv='Content-Type'/>
<link href='http://fonts.googleapis.com/css?family=Glegoo' rel='stylesheet' type='text/css'/>
<link href='http://fonts.googleapis.com/css?family=Bitter:400,700,400italic' rel='stylesheet' type='text/css'/>
<b:include data='blog' name='all-head-content'/>
<b:if cond='data:blog.pageType == &quot;index&quot;'>
<title><data:blog.pageTitle/></title> 
<b:else/>
<b:if cond='data:blog.pageType != &quot;error_page&quot;'>
<title><data:blog.pageName/> ~ <data:blog.title/></title>
<b:else/>
<title>404 ~ Page Not Found!</title>
</b:if>
</b:if>

<b:skin><![CDATA[/*
-----------------------------------------------
Template Name  : Maintenance Mode
Author         : NewBloggerThemes.com
Author URL     : http://newbloggerthemes.com/
Theme URL      : http://newbloggerthemes.com/maintenance-mode-blogger-template/
Created Date   : Saturday, October 4, 2014
License        : This template is free for both personal and commercial use, But to satisfy the 'attribution' clause of the license, you are required to keep the footer links intact which provides due credit to its authors.For more information about this license, please use this link :http://creativecommons.org/licenses/by/3.0/
----------------------------------------------- */
body#layout ul{list-style-type:none;list-style:none}
body#layout ul li{list-style-type:none;list-style:none}
body#layout #headerbwrap {height:auto;}
body#layout #themewidgetnbtsec {display:none;}
/* Variable definitions
   ====================

*/

/* Use this with templates/template-twocol.html */

.section, .widget {
  margin:0;
  padding:0;
}

html{
	overflow-y: scroll;
}

body {
	line-height:110%;
	background:url(http://4.bp.blogspot.com/-el7GO2SQ3gw/VC_HL3URz6I/AAAAAAAAPBE/EV7XJBlaFoI/s1600/body_bg.jpg);
}

@font-face {
    font-family: 'BebasNeueRegular';
    src: url('bebasneue-webfont.eot?') format('eot'),
         url('bebasneue-webfont.woff') format('woff'),
         url('bebasneue-webfont.ttf') format('truetype'),
         url('bebasneue-webfont.svg#webfontjvxzIs8E') format('svg');
    font-weight: normal;
    font-style: normal;
}

ul{
	margin:0;
	padding:0;
}

ul li{
	list-style:none;	
}

a{
	text-decoration:none;
	color:#0089e4;	
	outline:none;
}

h1{
	margin:0;
	padding:0;
	font-family: 'Glegoo';
	font-size:17px;
	font-weight:normal;
	text-shadow: 1px 1px 1px #fff;
}

p{
	margin:0;
	padding: 5px 0 0 0;
}

.containernbt{
	width:501px;
	margin-left:auto;
	margin-right:auto;
	margin-top:7%;
}

.middlenbt, .tabs-shadownbt{
	background:url(http://2.bp.blogspot.com/-pRJ8-91OZk4/VC_HWGIOT2I/AAAAAAAAPEM/0MgLJz1s3Fc/s1600/shadow.png) top repeat-y;
}

.logonbt{
	margin-top:25px;
	text-align:center;
	margin-bottom:20px;
}

.container-progress-barnbt{
	background: #E5E6E9 url(http://4.bp.blogspot.com/-1YPTjjaZxUg/VC_HUU7QosI/AAAAAAAAPDo/iveqnZF0yq4/s1600/middle_bg.png) bottom repeat-x;
	width:469px;
	margin-left: 16px;
	margin-top:-10px;
	position: relative;
	-webkit-border-radius: 5px 5px 0px 0px;
    -moz-border-radius: 5px 5px 0px 0px;
    border-radius: 5px 5px 0px 0px;
	display: inline-block;
	vertical-align: top;
	text-align:center;
	zoom: 1;
	padding-bottom:23px;
	behavior: url(PIE.htc);
}

.container-progress-barnbt p{
	font-family:Georgia;
	font-style:italic;
	font-size:14px;
	color:#333333;
	text-shadow: 1px 1px 1px #fff;
}

#tf_maintenance-timer {
	display: block;
	background:url(http://3.bp.blogspot.com/-tQy_ezm8u-o/VC_HdCjEDOI/AAAAAAAAPGQ/VlK4Zlw_s-Q/s1600/timer_container_bg.png) top left no-repeat;
	height:64px;
	font-family:Glegoo;
	font-size:38px;
	color:#d7d8d8;
	text-shadow: 1px 1px 1px #2f3030, 2px 2px 2px #141518;
	padding-top:22px;
	padding-left:20px;
}

span.timer {
/*font-size:23px;*/
font-size:16px;
	width:152px;
	text-align:center;
	display:inline-block;
	padding-top:13px;
	height:55px;
}

span.timer strong {
	font-size:38px;
	font-weight:normal;
}


#tf_maintenance-progress-bar {
	position: relative;
	width: 430px;
	height: 32px;
	background:url(http://4.bp.blogspot.com/-jhf5QZaPSGE/VC_HVse2-FI/AAAAAAAAPEA/vkUk4e2jqXE/s1600/preloader_bg.png) top left no-repeat;
	margin-left:20px;
	padding-top:4px;
	padding-left:5px;
	margin-top:14px;
}

#tf_maintenance-bar {
	background: url(http://1.bp.blogspot.com/-22O-xdrnzIw/VC_HKc9_tcI/AAAAAAAAPAk/63Tz5QnoW0Y/s1600/bar.png) left top no-repeat;
	height: 23px;
	width: 0px;
	z-index:9999;
}

#tf_maintenance-piece {
	position: absolute;
	top: 5px;
	left: 0px;
	background: url(http://1.bp.blogspot.com/-dobtSBNxLRU/VC_HVY_JQWI/AAAAAAAAPD4/ROTHqz-i6c4/s1600/percent-.png) no-repeat;
	width: 17px;
	height: 44px;
	display: none;
}

#tf_maintenance-overlay {
	position: absolute;
	top: 0px;
	left: 0px;
	width: 427px;
	height: 32px;
}

#percent_textnbt {
	left: 383px;
	position: absolute;
	top: 7px;
	display: none;
	font-family:Glegoo;
/*font-size:20px;*/
font-size:16px;
	color:#474747;
	z-index:999;
}


/*============================*/
/*======= Tabs Styles ========*/
/*============================*/

.ui-tabs-nav {
	position: relative;
	background:url(http://1.bp.blogspot.com/-gwxX7EPdKoo/VC_HYybjsFI/AAAAAAAAPFg/0ozr9S9O9ZA/s1600/tabs_bottom_container_bg.png) bottom left no-repeat;
	height:77px;
	top:-7px;
	left:1px;
	z-index:1;
	padding-left:14px;
}

.ui-tabs-nav li{
	display: inline-block;
}

.ui-tabs-nav li a{
	display:block;
	width:152px;
	height:60px;
	margin-right:2px;
	background-repeat:no-repeat;
	background-position:center 23px;
}

.ui-tabs-nav li a.mail{
	background-image:url(http://4.bp.blogspot.com/-k6WJMs7_yNs/VC_HRhujMCI/AAAAAAAAPDA/pSK-UReZXCY/s1600/mail.png);
}

.ui-tabs-nav li a.release{
	background-image:url(http://2.bp.blogspot.com/-rX7Lip2xh-A/VC_HZVOxKUI/AAAAAAAAPFI/yelJLiFFcAA/s1600/tabs_t.png);
}

.ui-tabs-nav li a.message{
	background-image:url(http://1.bp.blogspot.com/-34E0gpIBFdc/VC_HTnGI14I/AAAAAAAAPDY/x803QK8Jgos/s1600/message.png);
}

.ui-tabs-nav li.ui-state-active a.message{
	background-image:url(http://4.bp.blogspot.com/-9c9OSskpoNU/VC_HUDYmbvI/AAAAAAAAPDg/hs5BtlCmUDU/s1600/message_active.png);
}

.ui-tabs-nav li.ui-state-active a.release{
	background-image:url(http://4.bp.blogspot.com/-gkD_XWix43c/VC_HXOjdftI/AAAAAAAAPEg/fHn1TQMDn1Y/s1600/t_active.png);
}

.ui-tabs-nav li.ui-state-active a.mail{
	background-image:url(http://2.bp.blogspot.com/-W6yOhhq5V6U/VC_HR94uSUI/AAAAAAAAPC0/56XLA5u3xQs/s1600/mail_active.png);
}

.ui-tabs-nav li.ui-state-active{
	background-image:url(http://1.bp.blogspot.com/-_4NoORNQC1c/VC_HIec8GtI/AAAAAAAAPAE/SmzhsdrPieQ/s1600/arrow_tabs.png);
	background-position:center 6px;
	background-repeat:no-repeat;
}

.ui-tabs .ui-tabs-nav li.ui-tabs-selected a,
.ui-tabs .ui-tabs-nav li.ui-state-disabled a,
.ui-tabs .ui-tabs-nav li.ui-state-processing a {
	cursor: text;
}

.ui-tabs .ui-tabs-nav li a,
.ui-tabs.ui-tabs-collapsible .ui-tabs-nav li.ui-tabs-selected a {
	cursor: pointer;
}

.ui-tabs-panel {
	background:url(http://4.bp.blogspot.com/-H7JQwDv6Sx4/VC_HZPDYILI/AAAAAAAAPFE/G7YAhfFZJCk/s1600/tabs_content_bg.png) bottom repeat-x;
	background-color:#f5f5f5;
	padding-top:21px;
	padding-left:22px;
	font-size:14px;
	font-family:Bitter, Arial;
	color:#595959;
	width:447px;
	position: relative;
	-webkit-border-radius: 0px 0px 5px 5px;
    -moz-border-radius: 0px 0px 5px 5px;
    border-radius: 0px 0px 5px 5px;
	behavior: url(PIE.htc);
	display: inline-block;
	zoom: 1;
	padding-bottom:28px;
	z-index:10;
}

.ui-tabs-panel strong{
	font-size:14px;
	color:#474747;
}

.ui-tabs-panel div div{
	vertical-align:top;
	display:inline-block;
	width:265px;
	margin-left:7px;
}

.ui-tabs-panel div.follow{
	width:100px;
	color:#b1b6b9;
}

.ui-tabs-panel div.follow p{
	padding-top:8px;
}

.ui-tabs-panel img{
	display:inline-block;
	margin-top:9px;
}

#tabs-1.ui-tabs-panel, #tabs-2.ui-tabs-panel{
}

#tabs-3.ui-tabs-panel{
	padding-right:10px;
	width:437px;
}

.ui-tabs-panel#tabs-1 h1{
	margin-top:10px;
	margin-bottom:13px;
}

.ui-tabs .ui-tabs-hide {
/*display: none !important;*/
}

input{
	background:url(http://4.bp.blogspot.com/-t5yIKO66xZA/VC_HPgKYW0I/AAAAAAAAPCY/sKAitToxhOg/s1600/input_bg.png) top repeat-x;
	border-top: 1px solid #b0b0b0;
	border-left: 1px solid #b0b0b0;
	border-bottom: 1px solid #fff;
	border-right: 1px solid #cecece;
	border-right: none;
	position: relative;
	-webkit-border-radius: 7px;
    -moz-border-radius: 7px;
    border-radius: 7px;
	behavior: url(PIE.htc);
	display: inline-block;
	zoom: 1;
	font-family:Georgia;
	font-size:13px;
	font-style:italic;
	color:#828282;
	padding:4px 0 6px 18px;
	margin-right:7px;
	width:315px;
	text-shadow: 1px 1px 1px #fff;
}

.buttonsnbt{
	background:url(http://3.bp.blogspot.com/-NW0mRzzkpck/VC_HMuZU5qI/AAAAAAAAPBU/hjDjEXlrJjk/s1600/buttons_bg.png) top repeat-x;
	font-family:Glegoo;
/*font-size:15px;*/
font-size:12px;
	font-style:normal;
	color:#184566;
	border:1px solid #b1b6b9;
	position: relative;
	-webkit-border-radius: 7px;
    -moz-border-radius: 7px;
    border-radius: 7px;
	behavior: url(PIE.htc);
	display: inline-block;
	zoom: 1;
/*padding:4px 21px 4px 21px;*/
padding:1px 21px 1px 21px;
	width:auto;
	text-shadow: 1px 1px 1px #63aee0;
}

.tabs-shadownbt{
	padding-left:16px;
}

.buttonsnbt{
	cursor:pointer;
}

div strong{
	text-transform:uppercase;
}

h2.date-header {
  margin: 10px 0px;
  display: none;
}

.main .widget {
  margin: 0 0 5px;
  padding: 0 0 2px;
}

.main .Blog {
  border-bottom-width: 0;
}

#header .description {
}

/* Comments----------------------------------------------- */
#comments {
	padding:10px;
	margin-bottom:20px;
}

#comments h4 {
    font-size:22px;
    margin-bottom:10px;
}

.deleted-comment {
  font-style: italic;
  color: gray;
}

#blog-pager-newer-link {
  float: left;
}

#blog-pager-older-link {
  float: right;
}

#blog-pager {
  text-align: center;
  padding:5px;
}

.feed-links {
  clear: both;
}

.comment-form {
}

#navbar-iframe {
  height: 0;
  visibility: hidden;
  display: none;
}

.PopularPosts .widget-content ul li {
  padding:6px 0px;
}

.reaction-buttons table{
  border:none;
  margin-bottom:5px;
}

.reaction-buttons table, .reaction-buttons td{
  border:none !important;
}

.themewidgetnbtsec {
    display: none;
}

.themewidgetnbtsec .widget {
    display: none;
}

.logonbt h1 {
  font-size: 28px;
  line-height: 1;
}

.logonbt h1 a {
  color: #222;
}

.logonbt h1 a:hover {
  color: #333;
}

.copyrightnbt {
  text-align: center;
  font-family: Bitter;
  font-size: 14px;
  margin-bottom: 10px;
  color: #222;
}

.copyrightnbt a {
  color: #222;
}

.copyrightnbt a:hover {
  color: #333;
}

]]></b:skin>

<script src='https://ajax.googleapis.com/ajax/libs/jquery/1.11.1/jquery.min.js' type='text/javascript'/>

<script type='text/javascript'>
//<![CDATA[

/*! jQuery Migrate v1.2.1 | (c) 2005, 2013 jQuery Foundation, Inc. and other contributors | jquery.org/license */
jQuery.migrateMute===void 0&&(jQuery.migrateMute=!0),function(e,t,n){function r(n){var r=t.console;i[n]||(i[n]=!0,e.migrateWarnings.push(n),r&&r.warn&&!e.migrateMute&&(r.warn("JQMIGRATE: "+n),e.migrateTrace&&r.trace&&r.trace()))}function a(t,a,i,o){if(Object.defineProperty)try{return Object.defineProperty(t,a,{configurable:!0,enumerable:!0,get:function(){return r(o),i},set:function(e){r(o),i=e}}),n}catch(s){}e._definePropertyBroken=!0,t[a]=i}var i={};e.migrateWarnings=[],!e.migrateMute&&t.console&&t.console.log&&t.console.log("JQMIGRATE: Logging is active"),e.migrateTrace===n&&(e.migrateTrace=!0),e.migrateReset=function(){i={},e.migrateWarnings.length=0},"BackCompat"===document.compatMode&&r("jQuery is not compatible with Quirks Mode");var o=e("<input/>",{size:1}).attr("size")&&e.attrFn,s=e.attr,u=e.attrHooks.value&&e.attrHooks.value.get||function(){return null},c=e.attrHooks.value&&e.attrHooks.value.set||function(){return n},l=/^(?:input|button)$/i,d=/^[238]$/,p=/^(?:autofocus|autoplay|async|checked|controls|defer|disabled|hidden|loop|multiple|open|readonly|required|scoped|selected)$/i,f=/^(?:checked|selected)$/i;a(e,"attrFn",o||{},"jQuery.attrFn is deprecated"),e.attr=function(t,a,i,u){var c=a.toLowerCase(),g=t&&t.nodeType;return u&&(4>s.length&&r("jQuery.fn.attr( props, pass ) is deprecated"),t&&!d.test(g)&&(o?a in o:e.isFunction(e.fn[a])))?e(t)[a](i):("type"===a&&i!==n&&l.test(t.nodeName)&&t.parentNode&&r("Can't change the 'type' of an input or button in IE 6/7/8"),!e.attrHooks[c]&&p.test(c)&&(e.attrHooks[c]={get:function(t,r){var a,i=e.prop(t,r);return i===!0||"boolean"!=typeof i&&(a=t.getAttributeNode(r))&&a.nodeValue!==!1?r.toLowerCase():n},set:function(t,n,r){var a;return n===!1?e.removeAttr(t,r):(a=e.propFix[r]||r,a in t&&(t[a]=!0),t.setAttribute(r,r.toLowerCase())),r}},f.test(c)&&r("jQuery.fn.attr('"+c+"') may use property instead of attribute")),s.call(e,t,a,i))},e.attrHooks.value={get:function(e,t){var n=(e.nodeName||"").toLowerCase();return"button"===n?u.apply(this,arguments):("input"!==n&&"option"!==n&&r("jQuery.fn.attr('value') no longer gets properties"),t in e?e.value:null)},set:function(e,t){var a=(e.nodeName||"").toLowerCase();return"button"===a?c.apply(this,arguments):("input"!==a&&"option"!==a&&r("jQuery.fn.attr('value', val) no longer sets properties"),e.value=t,n)}};var g,h,v=e.fn.init,m=e.parseJSON,y=/^([^<]*)(<[\w\W]+>)([^>]*)$/;e.fn.init=function(t,n,a){var i;return t&&"string"==typeof t&&!e.isPlainObject(n)&&(i=y.exec(e.trim(t)))&&i[0]&&("<"!==t.charAt(0)&&r("$(html) HTML strings must start with '<' character"),i[3]&&r("$(html) HTML text after last tag is ignored"),"#"===i[0].charAt(0)&&(r("HTML string cannot start with a '#' character"),e.error("JQMIGRATE: Invalid selector string (XSS)")),n&&n.context&&(n=n.context),e.parseHTML)?v.call(this,e.parseHTML(i[2],n,!0),n,a):v.apply(this,arguments)},e.fn.init.prototype=e.fn,e.parseJSON=function(e){return e||null===e?m.apply(this,arguments):(r("jQuery.parseJSON requires a valid JSON string"),null)},e.uaMatch=function(e){e=e.toLowerCase();var t=/(chrome)[ \/]([\w.]+)/.exec(e)||/(webkit)[ \/]([\w.]+)/.exec(e)||/(opera)(?:.*version|)[ \/]([\w.]+)/.exec(e)||/(msie) ([\w.]+)/.exec(e)||0>e.indexOf("compatible")&&/(mozilla)(?:.*? rv:([\w.]+)|)/.exec(e)||[];return{browser:t[1]||"",version:t[2]||"0"}},e.browser||(g=e.uaMatch(navigator.userAgent),h={},g.browser&&(h[g.browser]=!0,h.version=g.version),h.chrome?h.webkit=!0:h.webkit&&(h.safari=!0),e.browser=h),a(e,"browser",e.browser,"jQuery.browser is deprecated"),e.sub=function(){function t(e,n){return new t.fn.init(e,n)}e.extend(!0,t,this),t.superclass=this,t.fn=t.prototype=this(),t.fn.constructor=t,t.sub=this.sub,t.fn.init=function(r,a){return a&&a instanceof e&&!(a instanceof t)&&(a=t(a)),e.fn.init.call(this,r,a,n)},t.fn.init.prototype=t.fn;var n=t(document);return r("jQuery.sub() is deprecated"),t},e.ajaxSetup({converters:{"text json":e.parseJSON}});var b=e.fn.data;e.fn.data=function(t){var a,i,o=this[0];return!o||"events"!==t||1!==arguments.length||(a=e.data(o,t),i=e._data(o,t),a!==n&&a!==i||i===n)?b.apply(this,arguments):(r("Use of jQuery.fn.data('events') is deprecated"),i)};var j=/\/(java|ecma)script/i,w=e.fn.andSelf||e.fn.addBack;e.fn.andSelf=function(){return r("jQuery.fn.andSelf() replaced by jQuery.fn.addBack()"),w.apply(this,arguments)},e.clean||(e.clean=function(t,a,i,o){a=a||document,a=!a.nodeType&&a[0]||a,a=a.ownerDocument||a,r("jQuery.clean() is deprecated");var s,u,c,l,d=[];if(e.merge(d,e.buildFragment(t,a).childNodes),i)for(c=function(e){return!e.type||j.test(e.type)?o?o.push(e.parentNode?e.parentNode.removeChild(e):e):i.appendChild(e):n},s=0;null!=(u=d[s]);s++)e.nodeName(u,"script")&&c(u)||(i.appendChild(u),u.getElementsByTagName!==n&&(l=e.grep(e.merge([],u.getElementsByTagName("script")),c),d.splice.apply(d,[s+1,0].concat(l)),s+=l.length));return d});var Q=e.event.add,x=e.event.remove,k=e.event.trigger,N=e.fn.toggle,T=e.fn.live,M=e.fn.die,S="ajaxStart|ajaxStop|ajaxSend|ajaxComplete|ajaxError|ajaxSuccess",C=RegExp("\\b(?:"+S+")\\b"),H=/(?:^|\s)hover(\.\S+|)\b/,A=function(t){return"string"!=typeof t||e.event.special.hover?t:(H.test(t)&&r("'hover' pseudo-event is deprecated, use 'mouseenter mouseleave'"),t&&t.replace(H,"mouseenter$1 mouseleave$1"))};e.event.props&&"attrChange"!==e.event.props[0]&&e.event.props.unshift("attrChange","attrName","relatedNode","srcElement"),e.event.dispatch&&a(e.event,"handle",e.event.dispatch,"jQuery.event.handle is undocumented and deprecated"),e.event.add=function(e,t,n,a,i){e!==document&&C.test(t)&&r("AJAX events should be attached to document: "+t),Q.call(this,e,A(t||""),n,a,i)},e.event.remove=function(e,t,n,r,a){x.call(this,e,A(t)||"",n,r,a)},e.fn.error=function(){var e=Array.prototype.slice.call(arguments,0);return r("jQuery.fn.error() is deprecated"),e.splice(0,0,"error"),arguments.length?this.bind.apply(this,e):(this.triggerHandler.apply(this,e),this)},e.fn.toggle=function(t,n){if(!e.isFunction(t)||!e.isFunction(n))return N.apply(this,arguments);r("jQuery.fn.toggle(handler, handler...) is deprecated");var a=arguments,i=t.guid||e.guid++,o=0,s=function(n){var r=(e._data(this,"lastToggle"+t.guid)||0)%o;return e._data(this,"lastToggle"+t.guid,r+1),n.preventDefault(),a[r].apply(this,arguments)||!1};for(s.guid=i;a.length>o;)a[o++].guid=i;return this.click(s)},e.fn.live=function(t,n,a){return r("jQuery.fn.live() is deprecated"),T?T.apply(this,arguments):(e(this.context).on(t,this.selector,n,a),this)},e.fn.die=function(t,n){return r("jQuery.fn.die() is deprecated"),M?M.apply(this,arguments):(e(this.context).off(t,this.selector||"**",n),this)},e.event.trigger=function(e,t,n,a){return n||C.test(e)||r("Global events are undocumented and deprecated"),k.call(this,e,t,n||document,a)},e.each(S.split("|"),function(t,n){e.event.special[n]={setup:function(){var t=this;return t!==document&&(e.event.add(document,n+"."+e.guid,function(){e.event.trigger(n,null,t,!0)}),e._data(this,n,e.guid++)),!1},teardown:function(){return this!==document&&e.event.remove(document,n+"."+e._data(this,n)),!1}}})}(jQuery,window);

//]]>
</script>

<script type='text/javascript'>
//<![CDATA[

/*
 * jQuery Cycle Plugin (with Transition Definitions)
 * Examples and documentation at: http://jquery.malsup.com/cycle/
 * Copyright (c) 2007-2009 M. Alsup
 * Version: 2.65 (07-APR-2009)
 * Dual licensed under the MIT and GPL licenses:
 * http://www.opensource.org/licenses/mit-license.php
 * http://www.gnu.org/licenses/gpl.html
 * Requires: jQuery v1.2.6 or later
 *
 * Originally based on the work of:
 *	1) Matt Oakes
 *	2) Torsten Baldes (http://medienfreunde.com/lab/innerfade/)
 *	3) Benjamin Sterling (http://www.benjaminsterling.com/experiments/jqShuffle/)
 */
;(function($){var ver="2.65";if($.support==undefined){$.support={opacity:!($.browser.msie)};}function log(){if(window.console&&window.console.log){window.console.log("[cycle] "+Array.prototype.join.call(arguments," "));}}$.fn.cycle=function(options,arg2){var o={s:this.selector,c:this.context};if(this.length==0&&options!="stop"){if(!$.isReady&&o.s){log("DOM not ready, queuing slideshow");$(function(){$(o.s,o.c).cycle(options,arg2);});return this;}log("terminating; zero elements found by selector"+($.isReady?"":" (DOM not ready)"));return this;}return this.each(function(){options=handleArguments(this,options,arg2);if(options===false){return;}if(this.cycleTimeout){clearTimeout(this.cycleTimeout);}this.cycleTimeout=this.cyclePause=0;var $cont=$(this);var $slides=options.slideExpr?$(options.slideExpr,this):$cont.children();var els=$slides.get();if(els.length<2){log("terminating; too few slides: "+els.length);return;}var opts=buildOptions($cont,$slides,els,options,o);if(opts===false){return;}if(opts.timeout||opts.continuous){this.cycleTimeout=setTimeout(function(){go(els,opts,0,!opts.rev);},opts.continuous?10:opts.timeout+(opts.delay||0));}});};function handleArguments(cont,options,arg2){if(cont.cycleStop==undefined){cont.cycleStop=0;}if(options===undefined||options===null){options={};}if(options.constructor==String){switch(options){case"stop":cont.cycleStop++;if(cont.cycleTimeout){clearTimeout(cont.cycleTimeout);}cont.cycleTimeout=0;$(cont).removeData("cycle.opts");return false;case"pause":cont.cyclePause=1;return false;case"resume":cont.cyclePause=0;if(arg2===true){options=$(cont).data("cycle.opts");if(!options){log("options not found, can not resume");return false;}if(cont.cycleTimeout){clearTimeout(cont.cycleTimeout);cont.cycleTimeout=0;}go(options.elements,options,1,1);}return false;default:options={fx:options};}}else{if(options.constructor==Number){var num=options;options=$(cont).data("cycle.opts");if(!options){log("options not found, can not advance slide");return false;}if(num<0||num>=options.elements.length){log("invalid slide index: "+num);return false;}options.nextSlide=num;if(cont.cycleTimeout){clearTimeout(cont.cycleTimeout);cont.cycleTimeout=0;}if(typeof arg2=="string"){options.oneTimeFx=arg2;}go(options.elements,options,1,num>=options.currSlide);return false;}}return options;}function removeFilter(el,opts){if(!$.support.opacity&&opts.cleartype&&el.style.filter){try{el.style.removeAttribute("filter");}catch(smother){}}}function buildOptions($cont,$slides,els,options,o){var opts=$.extend({},$.fn.cycle.defaults,options||{},$.metadata?$cont.metadata():$.meta?$cont.data():{});if(opts.autostop){opts.countdown=opts.autostopCount||els.length;}var cont=$cont[0];$cont.data("cycle.opts",opts);opts.$cont=$cont;opts.stopCount=cont.cycleStop;opts.elements=els;opts.before=opts.before?[opts.before]:[];opts.after=opts.after?[opts.after]:[];opts.after.unshift(function(){opts.busy=0;});if(!$.support.opacity&&opts.cleartype){opts.after.push(function(){removeFilter(this,opts);});}if(opts.continuous){opts.after.push(function(){go(els,opts,0,!opts.rev);});}saveOriginalOpts(opts);if(!$.support.opacity&&opts.cleartype&&!opts.cleartypeNoBg){clearTypeFix($slides);}if($cont.css("position")=="static"){$cont.css("position","relative");}if(opts.width){$cont.width(opts.width);}if(opts.height&&opts.height!="auto"){$cont.height(opts.height);}if(opts.startingSlide){opts.startingSlide=parseInt(opts.startingSlide);}if(opts.random){opts.randomMap=[];for(var i=0;i<els.length;i++){opts.randomMap.push(i);}opts.randomMap.sort(function(a,b){return Math.random()-0.5;});opts.randomIndex=0;opts.startingSlide=opts.randomMap[0];}else{if(opts.startingSlide>=els.length){opts.startingSlide=0;}}opts.currSlide=opts.startingSlide=opts.startingSlide||0;var first=opts.startingSlide;$slides.css({position:"absolute",top:0,left:0}).hide().each(function(i){var z=first?i>=first?els.length-(i-first):first-i:els.length-i;$(this).css("z-index",z);});$(els[first]).css("opacity",1).show();removeFilter(els[first],opts);if(opts.fit&&opts.width){$slides.width(opts.width);}if(opts.fit&&opts.height&&opts.height!="auto"){$slides.height(opts.height);}var reshape=opts.containerResize&&!$cont.innerHeight();if(reshape){var maxw=0,maxh=0;for(var i=0;i<els.length;i++){var $e=$(els[i]),e=$e[0],w=$e.outerWidth(),h=$e.outerHeight();if(!w){w=e.offsetWidth;}if(!h){h=e.offsetHeight;}maxw=w>maxw?w:maxw;maxh=h>maxh?h:maxh;}if(maxw>0&&maxh>0){$cont.css({width:maxw+"px",height:maxh+"px"});}}if(opts.pause){$cont.hover(function(){this.cyclePause++;},function(){this.cyclePause--;});}if(supportMultiTransitions(opts)===false){return false;}if(!opts.multiFx){var init=$.fn.cycle.transitions[opts.fx];if($.isFunction(init)){init($cont,$slides,opts);}else{if(opts.fx!="custom"&&!opts.multiFx){log("unknown transition: "+opts.fx,"; slideshow terminating");return false;}}}var requeue=false;options.requeueAttempts=options.requeueAttempts||0;$slides.each(function(){var $el=$(this);this.cycleH=(opts.fit&&opts.height)?opts.height:$el.height();this.cycleW=(opts.fit&&opts.width)?opts.width:$el.width();if($el.is("img")){var loadingIE=($.browser.msie&&this.cycleW==28&&this.cycleH==30&&!this.complete);var loadingOp=($.browser.opera&&this.cycleW==42&&this.cycleH==19&&!this.complete);var loadingOther=(this.cycleH==0&&this.cycleW==0&&!this.complete);if(loadingIE||loadingOp||loadingOther){if(o.s&&opts.requeueOnImageNotLoaded&&++options.requeueAttempts<100){log(options.requeueAttempts," - img slide not loaded, requeuing slideshow: ",this.src,this.cycleW,this.cycleH);setTimeout(function(){$(o.s,o.c).cycle(options);},opts.requeueTimeout);requeue=true;return false;}else{log("could not determine size of image: "+this.src,this.cycleW,this.cycleH);}}}return true;});if(requeue){return false;}opts.cssBefore=opts.cssBefore||{};opts.animIn=opts.animIn||{};opts.animOut=opts.animOut||{};$slides.not(":eq("+first+")").css(opts.cssBefore);if(opts.cssFirst){$($slides[first]).css(opts.cssFirst);}if(opts.timeout){opts.timeout=parseInt(opts.timeout);if(opts.speed.constructor==String){opts.speed=$.fx.speeds[opts.speed]||parseInt(opts.speed);}if(!opts.sync){opts.speed=opts.speed/2;}while((opts.timeout-opts.speed)<250){opts.timeout+=opts.speed;}}if(opts.easing){opts.easeIn=opts.easeOut=opts.easing;}if(!opts.speedIn){opts.speedIn=opts.speed;}if(!opts.speedOut){opts.speedOut=opts.speed;}opts.slideCount=els.length;opts.currSlide=opts.lastSlide=first;if(opts.random){opts.nextSlide=opts.currSlide;if(++opts.randomIndex==els.length){opts.randomIndex=0;}opts.nextSlide=opts.randomMap[opts.randomIndex];}else{opts.nextSlide=opts.startingSlide>=(els.length-1)?0:opts.startingSlide+1;}var e0=$slides[first];if(opts.before.length){opts.before[0].apply(e0,[e0,e0,opts,true]);}if(opts.after.length>1){opts.after[1].apply(e0,[e0,e0,opts,true]);}if(opts.next){$(opts.next).click(function(){return advance(opts,opts.rev?-1:1);});}if(opts.prev){$(opts.prev).click(function(){return advance(opts,opts.rev?1:-1);});}if(opts.pager){buildPager(els,opts);}exposeAddSlide(opts,els);return opts;}function saveOriginalOpts(opts){opts.original={before:[],after:[]};opts.original.cssBefore=$.extend({},opts.cssBefore);opts.original.cssAfter=$.extend({},opts.cssAfter);opts.original.animIn=$.extend({},opts.animIn);opts.original.animOut=$.extend({},opts.animOut);$.each(opts.before,function(){opts.original.before.push(this);});$.each(opts.after,function(){opts.original.after.push(this);});}function supportMultiTransitions(opts){var txs=$.fn.cycle.transitions;if(opts.fx.indexOf(",")>0){opts.multiFx=true;opts.fxs=opts.fx.replace(/\s*/g,"").split(",");for(var i=0;i<opts.fxs.length;i++){var fx=opts.fxs[i];var tx=txs[fx];if(!tx||!txs.hasOwnProperty(fx)||!$.isFunction(tx)){log("discarding unknown transition: ",fx);opts.fxs.splice(i,1);i--;}}if(!opts.fxs.length){log("No valid transitions named; slideshow terminating.");return false;}}else{if(opts.fx=="all"){opts.multiFx=true;opts.fxs=[];for(p in txs){var tx=txs[p];if(txs.hasOwnProperty(p)&&$.isFunction(tx)){opts.fxs.push(p);}}}}if(opts.multiFx&&opts.randomizeEffects){var r1=Math.floor(Math.random()*20)+30;for(var i=0;i<r1;i++){var r2=Math.floor(Math.random()*opts.fxs.length);opts.fxs.push(opts.fxs.splice(r2,1)[0]);}log("randomized fx sequence: ",opts.fxs);}return true;}function exposeAddSlide(opts,els){opts.addSlide=function(newSlide,prepend){var $s=$(newSlide),s=$s[0];if(!opts.autostopCount){opts.countdown++;}els[prepend?"unshift":"push"](s);if(opts.els){opts.els[prepend?"unshift":"push"](s);}opts.slideCount=els.length;$s.css("position","absolute");$s[prepend?"prependTo":"appendTo"](opts.$cont);if(prepend){opts.currSlide++;opts.nextSlide++;}if(!$.support.opacity&&opts.cleartype&&!opts.cleartypeNoBg){clearTypeFix($s);}if(opts.fit&&opts.width){$s.width(opts.width);}if(opts.fit&&opts.height&&opts.height!="auto"){$slides.height(opts.height);}s.cycleH=(opts.fit&&opts.height)?opts.height:$s.height();s.cycleW=(opts.fit&&opts.width)?opts.width:$s.width();$s.css(opts.cssBefore);if(opts.pager){$.fn.cycle.createPagerAnchor(els.length-1,s,$(opts.pager),els,opts);}if($.isFunction(opts.onAddSlide)){opts.onAddSlide($s);}else{$s.hide();}};}$.fn.cycle.resetState=function(opts,fx){fx=fx||opts.fx;opts.before=[];opts.after=[];opts.cssBefore=$.extend({},opts.original.cssBefore);opts.cssAfter=$.extend({},opts.original.cssAfter);opts.animIn=$.extend({},opts.original.animIn);opts.animOut=$.extend({},opts.original.animOut);opts.fxFn=null;$.each(opts.original.before,function(){opts.before.push(this);});$.each(opts.original.after,function(){opts.after.push(this);});var init=$.fn.cycle.transitions[fx];if($.isFunction(init)){init(opts.$cont,$(opts.elements),opts);}};function go(els,opts,manual,fwd){if(manual&&opts.busy&&opts.manualTrump){$(els).stop(true,true);opts.busy=false;}if(opts.busy){return;}var p=opts.$cont[0],curr=els[opts.currSlide],next=els[opts.nextSlide];if(p.cycleStop!=opts.stopCount||p.cycleTimeout===0&&!manual){return;}if(!manual&&!p.cyclePause&&((opts.autostop&&(--opts.countdown<=0))||(opts.nowrap&&!opts.random&&opts.nextSlide<opts.currSlide))){if(opts.end){opts.end(opts);}return;}if(manual||!p.cyclePause){var fx=opts.fx;curr.cycleH=curr.cycleH||$(curr).height();curr.cycleW=curr.cycleW||$(curr).width();next.cycleH=next.cycleH||$(next).height();next.cycleW=next.cycleW||$(next).width();if(opts.multiFx){if(opts.lastFx==undefined||++opts.lastFx>=opts.fxs.length){opts.lastFx=0;}fx=opts.fxs[opts.lastFx];opts.currFx=fx;}if(opts.oneTimeFx){fx=opts.oneTimeFx;opts.oneTimeFx=null;}$.fn.cycle.resetState(opts,fx);if(opts.before.length){$.each(opts.before,function(i,o){if(p.cycleStop!=opts.stopCount){return;}o.apply(next,[curr,next,opts,fwd]);});}var after=function(){$.each(opts.after,function(i,o){if(p.cycleStop!=opts.stopCount){return;}o.apply(next,[curr,next,opts,fwd]);});};if(opts.nextSlide!=opts.currSlide){opts.busy=1;if(opts.fxFn){opts.fxFn(curr,next,opts,after,fwd);}else{if($.isFunction($.fn.cycle[opts.fx])){$.fn.cycle[opts.fx](curr,next,opts,after);}else{$.fn.cycle.custom(curr,next,opts,after,manual&&opts.fastOnEvent);}}}opts.lastSlide=opts.currSlide;if(opts.random){opts.currSlide=opts.nextSlide;if(++opts.randomIndex==els.length){opts.randomIndex=0;}opts.nextSlide=opts.randomMap[opts.randomIndex];}else{var roll=(opts.nextSlide+1)==els.length;opts.nextSlide=roll?0:opts.nextSlide+1;opts.currSlide=roll?els.length-1:opts.nextSlide-1;}if(opts.pager){$.fn.cycle.updateActivePagerLink(opts.pager,opts.currSlide);}}var ms=0;if(opts.timeout&&!opts.continuous){ms=getTimeout(curr,next,opts,fwd);}else{if(opts.continuous&&p.cyclePause){ms=10;}}if(ms>0){p.cycleTimeout=setTimeout(function(){go(els,opts,0,!opts.rev);},ms);}}$.fn.cycle.updateActivePagerLink=function(pager,currSlide){$(pager).find("a").removeClass("activeSlide").filter("a:eq("+currSlide+")").addClass("activeSlide");};function getTimeout(curr,next,opts,fwd){if(opts.timeoutFn){var t=opts.timeoutFn(curr,next,opts,fwd);if(t!==false){return t;}}return opts.timeout;}$.fn.cycle.next=function(opts){advance(opts,opts.rev?-1:1);};$.fn.cycle.prev=function(opts){advance(opts,opts.rev?1:-1);};function advance(opts,val){var els=opts.elements;var p=opts.$cont[0],timeout=p.cycleTimeout;if(timeout){clearTimeout(timeout);p.cycleTimeout=0;}if(opts.random&&val<0){opts.randomIndex--;if(--opts.randomIndex==-2){opts.randomIndex=els.length-2;}else{if(opts.randomIndex==-1){opts.randomIndex=els.length-1;}}opts.nextSlide=opts.randomMap[opts.randomIndex];}else{if(opts.random){if(++opts.randomIndex==els.length){opts.randomIndex=0;}opts.nextSlide=opts.randomMap[opts.randomIndex];}else{opts.nextSlide=opts.currSlide+val;if(opts.nextSlide<0){if(opts.nowrap){return false;}opts.nextSlide=els.length-1;}else{if(opts.nextSlide>=els.length){if(opts.nowrap){return false;}opts.nextSlide=0;}}}}if($.isFunction(opts.prevNextClick)){opts.prevNextClick(val>0,opts.nextSlide,els[opts.nextSlide]);}go(els,opts,1,val>=0);return false;}function buildPager(els,opts){var $p=$(opts.pager);$.each(els,function(i,o){$.fn.cycle.createPagerAnchor(i,o,$p,els,opts);});$.fn.cycle.updateActivePagerLink(opts.pager,opts.startingSlide);}$.fn.cycle.createPagerAnchor=function(i,el,$p,els,opts){var a=($.isFunction(opts.pagerAnchorBuilder))?opts.pagerAnchorBuilder(i,el):'<a href="#">'+(i+1)+"</a>";if(!a){return;}var $a=$(a);if($a.parents("body").length==0){var arr=[];if($p.length>1){$p.each(function(){var $clone=$a.clone(true);$(this).append($clone);arr.push($clone);});$a=$(arr);}else{$a.appendTo($p);}}$a.bind(opts.pagerEvent,function(){opts.nextSlide=i;var p=opts.$cont[0],timeout=p.cycleTimeout;if(timeout){clearTimeout(timeout);p.cycleTimeout=0;}if($.isFunction(opts.pagerClick)){opts.pagerClick(opts.nextSlide,els[opts.nextSlide]);}go(els,opts,1,opts.currSlide<i);return false;});if(opts.pauseOnPagerHover){$a.hover(function(){opts.$cont[0].cyclePause++;},function(){opts.$cont[0].cyclePause--;});}};$.fn.cycle.hopsFromLast=function(opts,fwd){var hops,l=opts.lastSlide,c=opts.currSlide;if(fwd){hops=c>l?c-l:opts.slideCount-l;}else{hops=c<l?l-c:l+opts.slideCount-c;}return hops;};function clearTypeFix($slides){function hex(s){s=parseInt(s).toString(16);return s.length<2?"0"+s:s;}function getBg(e){for(;e&&e.nodeName.toLowerCase()!="html";e=e.parentNode){var v=$.css(e,"background-color");if(v.indexOf("rgb")>=0){var rgb=v.match(/\d+/g);return"#"+hex(rgb[0])+hex(rgb[1])+hex(rgb[2]);}if(v&&v!="transparent"){return v;}}return"#ffffff";}$slides.each(function(){$(this).css("background-color",getBg(this));});}$.fn.cycle.commonReset=function(curr,next,opts,w,h,rev){$(opts.elements).not(curr).hide();opts.cssBefore.opacity=1;opts.cssBefore.display="block";if(w!==false&&next.cycleW>0){opts.cssBefore.width=next.cycleW;}if(h!==false&&next.cycleH>0){opts.cssBefore.height=next.cycleH;}opts.cssAfter=opts.cssAfter||{};opts.cssAfter.display="none";$(curr).css("zIndex",opts.slideCount+(rev===true?1:0));$(next).css("zIndex",opts.slideCount+(rev===true?0:1));};$.fn.cycle.custom=function(curr,next,opts,cb,speedOverride){var $l=$(curr),$n=$(next);var speedIn=opts.speedIn,speedOut=opts.speedOut,easeIn=opts.easeIn,easeOut=opts.easeOut;$n.css(opts.cssBefore);if(speedOverride){if(typeof speedOverride=="number"){speedIn=speedOut=speedOverride;}else{speedIn=speedOut=1;}easeIn=easeOut=null;}var fn=function(){$n.animate(opts.animIn,speedIn,easeIn,cb);};$l.animate(opts.animOut,speedOut,easeOut,function(){if(opts.cssAfter){$l.css(opts.cssAfter);}if(!opts.sync){fn();}});if(opts.sync){fn();}};$.fn.cycle.transitions={fade:function($cont,$slides,opts){$slides.not(":eq("+opts.currSlide+")").css("opacity",0);opts.before.push(function(curr,next,opts){$.fn.cycle.commonReset(curr,next,opts);opts.cssBefore.opacity=0;});opts.animIn={opacity:1};opts.animOut={opacity:0};opts.cssBefore={top:0,left:0};}};$.fn.cycle.ver=function(){return ver;};$.fn.cycle.defaults={fx:"fade",timeout:4000,timeoutFn:null,continuous:0,speed:1000,speedIn:null,speedOut:null,next:null,prev:null,prevNextClick:null,pager:null,pagerClick:null,pagerEvent:"click",pagerAnchorBuilder:null,before:null,after:null,end:null,easing:null,easeIn:null,easeOut:null,shuffle:null,animIn:null,animOut:null,cssBefore:null,cssAfter:null,fxFn:null,height:"auto",startingSlide:0,sync:1,random:0,fit:0,containerResize:1,pause:0,pauseOnPagerHover:0,autostop:0,autostopCount:0,delay:0,slideExpr:null,cleartype:!$.support.opacity,nowrap:0,fastOnEvent:0,randomizeEffects:1,rev:0,manualTrump:true,requeueOnImageNotLoaded:true,requeueTimeout:250};})(jQuery);

/*
 * jQuery Cycle Plugin Transition Definitions
 * This script is a plugin for the jQuery Cycle Plugin
 * Examples and documentation at: http://malsup.com/jquery/cycle/
 * Copyright (c) 2007-2008 M. Alsup
 * Version:	 2.52
 * Dual licensed under the MIT and GPL licenses:
 * http://www.opensource.org/licenses/mit-license.php
 * http://www.gnu.org/licenses/gpl.html
 */
;(function($){$.fn.cycle.transitions.scrollUp=function($cont,$slides,opts){$cont.css("overflow","hidden");opts.before.push($.fn.cycle.commonReset);var h=$cont.height();opts.cssBefore={top:h,left:0};opts.cssFirst={top:0};opts.animIn={top:0};opts.animOut={top:-h};};$.fn.cycle.transitions.scrollDown=function($cont,$slides,opts){$cont.css("overflow","hidden");opts.before.push($.fn.cycle.commonReset);var h=$cont.height();opts.cssFirst={top:0};opts.cssBefore={top:-h,left:0};opts.animIn={top:0};opts.animOut={top:h};};$.fn.cycle.transitions.scrollLeft=function($cont,$slides,opts){$cont.css("overflow","hidden");opts.before.push($.fn.cycle.commonReset);var w=$cont.width();opts.cssFirst={left:0};opts.cssBefore={left:w,top:0};opts.animIn={left:0};opts.animOut={left:0-w};};$.fn.cycle.transitions.scrollRight=function($cont,$slides,opts){$cont.css("overflow","hidden");opts.before.push($.fn.cycle.commonReset);var w=$cont.width();opts.cssFirst={left:0};opts.cssBefore={left:-w,top:0};opts.animIn={left:0};opts.animOut={left:w};};$.fn.cycle.transitions.scrollHorz=function($cont,$slides,opts){$cont.css("overflow","hidden").width();opts.before.push(function(curr,next,opts,fwd){$.fn.cycle.commonReset(curr,next,opts);opts.cssBefore.left=fwd?(next.cycleW-1):(1-next.cycleW);opts.animOut.left=fwd?-curr.cycleW:curr.cycleW;});opts.cssFirst={left:0};opts.cssBefore={top:0};opts.animIn={left:0};opts.animOut={top:0};};$.fn.cycle.transitions.scrollVert=function($cont,$slides,opts){$cont.css("overflow","hidden");opts.before.push(function(curr,next,opts,fwd){$.fn.cycle.commonReset(curr,next,opts);opts.cssBefore.top=fwd?(1-next.cycleH):(next.cycleH-1);opts.animOut.top=fwd?curr.cycleH:-curr.cycleH;});opts.cssFirst={top:0};opts.cssBefore={left:0};opts.animIn={top:0};opts.animOut={left:0};};$.fn.cycle.transitions.slideX=function($cont,$slides,opts){opts.before.push(function(curr,next,opts){$(opts.elements).not(curr).hide();$.fn.cycle.commonReset(curr,next,opts,false,true);opts.animIn.width=next.cycleW;});opts.cssBefore={left:0,top:0,width:0};opts.animIn={width:"show"};opts.animOut={width:0};};$.fn.cycle.transitions.slideY=function($cont,$slides,opts){opts.before.push(function(curr,next,opts){$(opts.elements).not(curr).hide();$.fn.cycle.commonReset(curr,next,opts,true,false);opts.animIn.height=next.cycleH;});opts.cssBefore={left:0,top:0,height:0};opts.animIn={height:"show"};opts.animOut={height:0};};$.fn.cycle.transitions.shuffle=function($cont,$slides,opts){var w=$cont.css("overflow","visible").width();$slides.css({left:0,top:0});opts.before.push(function(curr,next,opts){$.fn.cycle.commonReset(curr,next,opts,true,true,true);});opts.speed=opts.speed/2;opts.random=0;opts.shuffle=opts.shuffle||{left:-w,top:15};opts.els=[];for(var i=0;i<$slides.length;i++){opts.els.push($slides[i]);}for(var i=0;i<opts.currSlide;i++){opts.els.push(opts.els.shift());}opts.fxFn=function(curr,next,opts,cb,fwd){var $el=fwd?$(curr):$(next);$(next).css(opts.cssBefore);var count=opts.slideCount;$el.animate(opts.shuffle,opts.speedIn,opts.easeIn,function(){var hops=$.fn.cycle.hopsFromLast(opts,fwd);for(var k=0;k<hops;k++){fwd?opts.els.push(opts.els.shift()):opts.els.unshift(opts.els.pop());}if(fwd){for(var i=0,len=opts.els.length;i<len;i++){$(opts.els[i]).css("z-index",len-i+count);}}else{var z=$(curr).css("z-index");$el.css("z-index",parseInt(z)+1+count);}$el.animate({left:0,top:0},opts.speedOut,opts.easeOut,function(){$(fwd?this:curr).hide();if(cb){cb();}});});};opts.cssBefore={display:"block",opacity:1,top:0,left:0};};$.fn.cycle.transitions.turnUp=function($cont,$slides,opts){opts.before.push(function(curr,next,opts){$.fn.cycle.commonReset(curr,next,opts,true,false);opts.cssBefore.top=next.cycleH;opts.animIn.height=next.cycleH;});opts.cssFirst={top:0};opts.cssBefore={left:0,height:0};opts.animIn={top:0};opts.animOut={height:0};};$.fn.cycle.transitions.turnDown=function($cont,$slides,opts){opts.before.push(function(curr,next,opts){$.fn.cycle.commonReset(curr,next,opts,true,false);opts.animIn.height=next.cycleH;opts.animOut.top=curr.cycleH;});opts.cssFirst={top:0};opts.cssBefore={left:0,top:0,height:0};opts.animOut={height:0};};$.fn.cycle.transitions.turnLeft=function($cont,$slides,opts){opts.before.push(function(curr,next,opts){$.fn.cycle.commonReset(curr,next,opts,false,true);opts.cssBefore.left=next.cycleW;opts.animIn.width=next.cycleW;});opts.cssBefore={top:0,width:0};opts.animIn={left:0};opts.animOut={width:0};};$.fn.cycle.transitions.turnRight=function($cont,$slides,opts){opts.before.push(function(curr,next,opts){$.fn.cycle.commonReset(curr,next,opts,false,true);opts.animIn.width=next.cycleW;opts.animOut.left=curr.cycleW;});opts.cssBefore={top:0,left:0,width:0};opts.animIn={left:0};opts.animOut={width:0};};$.fn.cycle.transitions.zoom=function($cont,$slides,opts){opts.before.push(function(curr,next,opts){$.fn.cycle.commonReset(curr,next,opts,false,false,true);opts.cssBefore.top=next.cycleH/2;opts.cssBefore.left=next.cycleW/2;opts.animIn={top:0,left:0,width:next.cycleW,height:next.cycleH};opts.animOut={width:0,height:0,top:curr.cycleH/2,left:curr.cycleW/2};});opts.cssFirst={top:0,left:0};opts.cssBefore={width:0,height:0};};$.fn.cycle.transitions.fadeZoom=function($cont,$slides,opts){opts.before.push(function(curr,next,opts){$.fn.cycle.commonReset(curr,next,opts,false,false);opts.cssBefore.left=next.cycleW/2;opts.cssBefore.top=next.cycleH/2;opts.animIn={top:0,left:0,width:next.cycleW,height:next.cycleH};});opts.cssBefore={width:0,height:0};opts.animOut={opacity:0};};$.fn.cycle.transitions.blindX=function($cont,$slides,opts){var w=$cont.css("overflow","hidden").width();opts.before.push(function(curr,next,opts){$.fn.cycle.commonReset(curr,next,opts);opts.animIn.width=next.cycleW;opts.animOut.left=curr.cycleW;});opts.cssBefore={left:w,top:0};opts.animIn={left:0};opts.animOut={left:w};};$.fn.cycle.transitions.blindY=function($cont,$slides,opts){var h=$cont.css("overflow","hidden").height();opts.before.push(function(curr,next,opts){$.fn.cycle.commonReset(curr,next,opts);opts.animIn.height=next.cycleH;opts.animOut.top=curr.cycleH;});opts.cssBefore={top:h,left:0};opts.animIn={top:0};opts.animOut={top:h};};$.fn.cycle.transitions.blindZ=function($cont,$slides,opts){var h=$cont.css("overflow","hidden").height();var w=$cont.width();opts.before.push(function(curr,next,opts){$.fn.cycle.commonReset(curr,next,opts);opts.animIn.height=next.cycleH;opts.animOut.top=curr.cycleH;});opts.cssBefore={top:h,left:w};opts.animIn={top:0,left:0};opts.animOut={top:h,left:w};};$.fn.cycle.transitions.growX=function($cont,$slides,opts){opts.before.push(function(curr,next,opts){$.fn.cycle.commonReset(curr,next,opts,false,true);opts.cssBefore.left=this.cycleW/2;opts.animIn={left:0,width:this.cycleW};opts.animOut={left:0};});opts.cssBefore={width:0,top:0};};$.fn.cycle.transitions.growY=function($cont,$slides,opts){opts.before.push(function(curr,next,opts){$.fn.cycle.commonReset(curr,next,opts,true,false);opts.cssBefore.top=this.cycleH/2;opts.animIn={top:0,height:this.cycleH};opts.animOut={top:0};});opts.cssBefore={height:0,left:0};};$.fn.cycle.transitions.curtainX=function($cont,$slides,opts){opts.before.push(function(curr,next,opts){$.fn.cycle.commonReset(curr,next,opts,false,true,true);opts.cssBefore.left=next.cycleW/2;opts.animIn={left:0,width:this.cycleW};opts.animOut={left:curr.cycleW/2,width:0};});opts.cssBefore={top:0,width:0};};$.fn.cycle.transitions.curtainY=function($cont,$slides,opts){opts.before.push(function(curr,next,opts){$.fn.cycle.commonReset(curr,next,opts,true,false,true);opts.cssBefore.top=next.cycleH/2;opts.animIn={top:0,height:next.cycleH};opts.animOut={top:curr.cycleH/2,height:0};});opts.cssBefore={left:0,height:0};};$.fn.cycle.transitions.cover=function($cont,$slides,opts){var d=opts.direction||"left";var w=$cont.css("overflow","hidden").width();var h=$cont.height();opts.before.push(function(curr,next,opts){$.fn.cycle.commonReset(curr,next,opts);if(d=="right"){opts.cssBefore.left=-w;}else{if(d=="up"){opts.cssBefore.top=h;}else{if(d=="down"){opts.cssBefore.top=-h;}else{opts.cssBefore.left=w;}}}});opts.animIn={left:0,top:0};opts.animOut={opacity:1};opts.cssBefore={top:0,left:0};};$.fn.cycle.transitions.uncover=function($cont,$slides,opts){var d=opts.direction||"left";var w=$cont.css("overflow","hidden").width();var h=$cont.height();opts.before.push(function(curr,next,opts){$.fn.cycle.commonReset(curr,next,opts,true,true,true);if(d=="right"){opts.animOut.left=w;}else{if(d=="up"){opts.animOut.top=-h;}else{if(d=="down"){opts.animOut.top=h;}else{opts.animOut.left=-w;}}}});opts.animIn={left:0,top:0};opts.animOut={opacity:1};opts.cssBefore={top:0,left:0};};$.fn.cycle.transitions.toss=function($cont,$slides,opts){var w=$cont.css("overflow","visible").width();var h=$cont.height();opts.before.push(function(curr,next,opts){$.fn.cycle.commonReset(curr,next,opts,true,true,true);if(!opts.animOut.left&&!opts.animOut.top){opts.animOut={left:w*2,top:-h/2,opacity:0};}else{opts.animOut.opacity=0;}});opts.cssBefore={left:0,top:0};opts.animIn={left:0};};$.fn.cycle.transitions.wipe=function($cont,$slides,opts){var w=$cont.css("overflow","hidden").width();var h=$cont.height();opts.cssBefore=opts.cssBefore||{};var clip;if(opts.clip){if(/l2r/.test(opts.clip)){clip="rect(0px 0px "+h+"px 0px)";}else{if(/r2l/.test(opts.clip)){clip="rect(0px "+w+"px "+h+"px "+w+"px)";}else{if(/t2b/.test(opts.clip)){clip="rect(0px "+w+"px 0px 0px)";}else{if(/b2t/.test(opts.clip)){clip="rect("+h+"px "+w+"px "+h+"px 0px)";}else{if(/zoom/.test(opts.clip)){var t=parseInt(h/2);var l=parseInt(w/2);clip="rect("+t+"px "+l+"px "+t+"px "+l+"px)";}}}}}}opts.cssBefore.clip=opts.cssBefore.clip||clip||"rect(0px 0px 0px 0px)";var d=opts.cssBefore.clip.match(/(\d+)/g);var t=parseInt(d[0]),r=parseInt(d[1]),b=parseInt(d[2]),l=parseInt(d[3]);opts.before.push(function(curr,next,opts){if(curr==next){return;}var $curr=$(curr),$next=$(next);$.fn.cycle.commonReset(curr,next,opts,true,true,false);opts.cssAfter.display="block";var step=1,count=parseInt((opts.speedIn/13))-1;(function f(){var tt=t?t-parseInt(step*(t/count)):0;var ll=l?l-parseInt(step*(l/count)):0;var bb=b<h?b+parseInt(step*((h-b)/count||1)):h;var rr=r<w?r+parseInt(step*((w-r)/count||1)):w;$next.css({clip:"rect("+tt+"px "+rr+"px "+bb+"px "+ll+"px)"});(step++<=count)?setTimeout(f,13):$curr.css("display","none");})();});opts.cssBefore={display:"block",opacity:1,top:0,left:0};opts.animIn={left:0};opts.animOut={left:0};};})(jQuery);

//]]>
</script>

<script type='text/javascript'>
//<![CDATA[

/*
 * jQuery Easing v1.3 - http://gsgd.co.uk/sandbox/jquery/easing/
 *
 * Uses the built in easing capabilities added In jQuery 1.1
 * to offer multiple easing options
 *
 * TERMS OF USE - jQuery Easing
 * 
 * Open source under the BSD License. 
 * 
 * Copyright © 2008 George McGinley Smith
 * All rights reserved.
 * 
 * Redistribution and use in source and binary forms, with or without modification, 
 * are permitted provided that the following conditions are met:
 * 
 * Redistributions of source code must retain the above copyright notice, this list of 
 * conditions and the following disclaimer.
 * Redistributions in binary form must reproduce the above copyright notice, this list 
 * of conditions and the following disclaimer in the documentation and/or other materials 
 * provided with the distribution.
 * 
 * Neither the name of the author nor the names of contributors may be used to endorse 
 * or promote products derived from this software without specific prior written permission.
 * 
 * THIS SOFTWARE IS PROVIDED BY THE COPYRIGHT HOLDERS AND CONTRIBUTORS "AS IS" AND ANY 
 * EXPRESS OR IMPLIED WARRANTIES, INCLUDING, BUT NOT LIMITED TO, THE IMPLIED WARRANTIES OF
 * MERCHANTABILITY AND FITNESS FOR A PARTICULAR PURPOSE ARE DISCLAIMED. IN NO EVENT SHALL THE
 *  COPYRIGHT OWNER OR CONTRIBUTORS BE LIABLE FOR ANY DIRECT, INDIRECT, INCIDENTAL, SPECIAL,
 *  EXEMPLARY, OR CONSEQUENTIAL DAMAGES (INCLUDING, BUT NOT LIMITED TO, PROCUREMENT OF SUBSTITUTE
 *  GOODS OR SERVICES; LOSS OF USE, DATA, OR PROFITS; OR BUSINESS INTERRUPTION) HOWEVER CAUSED 
 * AND ON ANY THEORY OF LIABILITY, WHETHER IN CONTRACT, STRICT LIABILITY, OR TORT (INCLUDING
 *  NEGLIGENCE OR OTHERWISE) ARISING IN ANY WAY OUT OF THE USE OF THIS SOFTWARE, EVEN IF ADVISED 
 * OF THE POSSIBILITY OF SUCH DAMAGE. 
 *
*/

// t: current time, b: begInnIng value, c: change In value, d: duration
jQuery.easing['jswing'] = jQuery.easing['swing'];

jQuery.extend( jQuery.easing,
{
	def: 'easeOutQuad',
	swing: function (x, t, b, c, d) {
		//alert(jQuery.easing.default);
		return jQuery.easing[jQuery.easing.def](x, t, b, c, d);
	},
	easeInQuad: function (x, t, b, c, d) {
		return c*(t/=d)*t + b;
	},
	easeOutQuad: function (x, t, b, c, d) {
		return -c *(t/=d)*(t-2) + b;
	},
	easeInOutQuad: function (x, t, b, c, d) {
		if ((t/=d/2) < 1) return c/2*t*t + b;
		return -c/2 * ((--t)*(t-2) - 1) + b;
	},
	easeInCubic: function (x, t, b, c, d) {
		return c*(t/=d)*t*t + b;
	},
	easeOutCubic: function (x, t, b, c, d) {
		return c*((t=t/d-1)*t*t + 1) + b;
	},
	easeInOutCubic: function (x, t, b, c, d) {
		if ((t/=d/2) < 1) return c/2*t*t*t + b;
		return c/2*((t-=2)*t*t + 2) + b;
	},
	easeInQuart: function (x, t, b, c, d) {
		return c*(t/=d)*t*t*t + b;
	},
	easeOutQuart: function (x, t, b, c, d) {
		return -c * ((t=t/d-1)*t*t*t - 1) + b;
	},
	easeInOutQuart: function (x, t, b, c, d) {
		if ((t/=d/2) < 1) return c/2*t*t*t*t + b;
		return -c/2 * ((t-=2)*t*t*t - 2) + b;
	},
	easeInQuint: function (x, t, b, c, d) {
		return c*(t/=d)*t*t*t*t + b;
	},
	easeOutQuint: function (x, t, b, c, d) {
		return c*((t=t/d-1)*t*t*t*t + 1) + b;
	},
	easeInOutQuint: function (x, t, b, c, d) {
		if ((t/=d/2) < 1) return c/2*t*t*t*t*t + b;
		return c/2*((t-=2)*t*t*t*t + 2) + b;
	},
	easeInSine: function (x, t, b, c, d) {
		return -c * Math.cos(t/d * (Math.PI/2)) + c + b;
	},
	easeOutSine: function (x, t, b, c, d) {
		return c * Math.sin(t/d * (Math.PI/2)) + b;
	},
	easeInOutSine: function (x, t, b, c, d) {
		return -c/2 * (Math.cos(Math.PI*t/d) - 1) + b;
	},
	easeInExpo: function (x, t, b, c, d) {
		return (t==0) ? b : c * Math.pow(2, 10 * (t/d - 1)) + b;
	},
	easeOutExpo: function (x, t, b, c, d) {
		return (t==d) ? b+c : c * (-Math.pow(2, -10 * t/d) + 1) + b;
	},
	easeInOutExpo: function (x, t, b, c, d) {
		if (t==0) return b;
		if (t==d) return b+c;
		if ((t/=d/2) < 1) return c/2 * Math.pow(2, 10 * (t - 1)) + b;
		return c/2 * (-Math.pow(2, -10 * --t) + 2) + b;
	},
	easeInCirc: function (x, t, b, c, d) {
		return -c * (Math.sqrt(1 - (t/=d)*t) - 1) + b;
	},
	easeOutCirc: function (x, t, b, c, d) {
		return c * Math.sqrt(1 - (t=t/d-1)*t) + b;
	},
	easeInOutCirc: function (x, t, b, c, d) {
		if ((t/=d/2) < 1) return -c/2 * (Math.sqrt(1 - t*t) - 1) + b;
		return c/2 * (Math.sqrt(1 - (t-=2)*t) + 1) + b;
	},
	easeInElastic: function (x, t, b, c, d) {
		var s=1.70158;var p=0;var a=c;
		if (t==0) return b;  if ((t/=d)==1) return b+c;  if (!p) p=d*.3;
		if (a < Math.abs(c)) { a=c; var s=p/4; }
		else var s = p/(2*Math.PI) * Math.asin (c/a);
		return -(a*Math.pow(2,10*(t-=1)) * Math.sin( (t*d-s)*(2*Math.PI)/p )) + b;
	},
	easeOutElastic: function (x, t, b, c, d) {
		var s=1.70158;var p=0;var a=c;
		if (t==0) return b;  if ((t/=d)==1) return b+c;  if (!p) p=d*.3;
		if (a < Math.abs(c)) { a=c; var s=p/4; }
		else var s = p/(2*Math.PI) * Math.asin (c/a);
		return a*Math.pow(2,-10*t) * Math.sin( (t*d-s)*(2*Math.PI)/p ) + c + b;
	},
	easeInOutElastic: function (x, t, b, c, d) {
		var s=1.70158;var p=0;var a=c;
		if (t==0) return b;  if ((t/=d/2)==2) return b+c;  if (!p) p=d*(.3*1.5);
		if (a < Math.abs(c)) { a=c; var s=p/4; }
		else var s = p/(2*Math.PI) * Math.asin (c/a);
		if (t < 1) return -.5*(a*Math.pow(2,10*(t-=1)) * Math.sin( (t*d-s)*(2*Math.PI)/p )) + b;
		return a*Math.pow(2,-10*(t-=1)) * Math.sin( (t*d-s)*(2*Math.PI)/p )*.5 + c + b;
	},
	easeInBack: function (x, t, b, c, d, s) {
		if (s == undefined) s = 1.70158;
		return c*(t/=d)*t*((s+1)*t - s) + b;
	},
	easeOutBack: function (x, t, b, c, d, s) {
		if (s == undefined) s = 1.70158;
		return c*((t=t/d-1)*t*((s+1)*t + s) + 1) + b;
	},
	easeInOutBack: function (x, t, b, c, d, s) {
		if (s == undefined) s = 1.70158; 
		if ((t/=d/2) < 1) return c/2*(t*t*(((s*=(1.525))+1)*t - s)) + b;
		return c/2*((t-=2)*t*(((s*=(1.525))+1)*t + s) + 2) + b;
	},
	easeInBounce: function (x, t, b, c, d) {
		return c - jQuery.easing.easeOutBounce (x, d-t, 0, c, d) + b;
	},
	easeOutBounce: function (x, t, b, c, d) {
		if ((t/=d) < (1/2.75)) {
			return c*(7.5625*t*t) + b;
		} else if (t < (2/2.75)) {
			return c*(7.5625*(t-=(1.5/2.75))*t + .75) + b;
		} else if (t < (2.5/2.75)) {
			return c*(7.5625*(t-=(2.25/2.75))*t + .9375) + b;
		} else {
			return c*(7.5625*(t-=(2.625/2.75))*t + .984375) + b;
		}
	},
	easeInOutBounce: function (x, t, b, c, d) {
		if (t < d/2) return jQuery.easing.easeInBounce (x, t*2, 0, c, d) * .5 + b;
		return jQuery.easing.easeOutBounce (x, t*2-d, 0, c, d) * .5 + c*.5 + b;
	}
});

/*
 *
 * TERMS OF USE - EASING EQUATIONS
 * 
 * Open source under the BSD License. 
 * 
 * Copyright © 2001 Robert Penner
 * All rights reserved.
 * 
 * Redistribution and use in source and binary forms, with or without modification, 
 * are permitted provided that the following conditions are met:
 * 
 * Redistributions of source code must retain the above copyright notice, this list of 
 * conditions and the following disclaimer.
 * Redistributions in binary form must reproduce the above copyright notice, this list 
 * of conditions and the following disclaimer in the documentation and/or other materials 
 * provided with the distribution.
 * 
 * Neither the name of the author nor the names of contributors may be used to endorse 
 * or promote products derived from this software without specific prior written permission.
 * 
 * THIS SOFTWARE IS PROVIDED BY THE COPYRIGHT HOLDERS AND CONTRIBUTORS "AS IS" AND ANY 
 * EXPRESS OR IMPLIED WARRANTIES, INCLUDING, BUT NOT LIMITED TO, THE IMPLIED WARRANTIES OF
 * MERCHANTABILITY AND FITNESS FOR A PARTICULAR PURPOSE ARE DISCLAIMED. IN NO EVENT SHALL THE
 *  COPYRIGHT OWNER OR CONTRIBUTORS BE LIABLE FOR ANY DIRECT, INDIRECT, INCIDENTAL, SPECIAL,
 *  EXEMPLARY, OR CONSEQUENTIAL DAMAGES (INCLUDING, BUT NOT LIMITED TO, PROCUREMENT OF SUBSTITUTE
 *  GOODS OR SERVICES; LOSS OF USE, DATA, OR PROFITS; OR BUSINESS INTERRUPTION) HOWEVER CAUSED 
 * AND ON ANY THEORY OF LIABILITY, WHETHER IN CONTRACT, STRICT LIABILITY, OR TORT (INCLUDING
 *  NEGLIGENCE OR OTHERWISE) ARISING IN ANY WAY OUT OF THE USE OF THIS SOFTWARE, EVEN IF ADVISED 
 * OF THE POSSIBILITY OF SUCH DAMAGE. 
 *
 */

//]]>
</script>

<script type='text/javascript'>
//<![CDATA[

/* http://keith-wood.name/countdown.html
   Countdown for jQuery v1.5.8.
   Written by Keith Wood (kbwood{at}iinet.com.au) January 2008.
   Dual licensed under the GPL (http://dev.jquery.com/browser/trunk/jquery/GPL-LICENSE.txt) and 
   MIT (http://dev.jquery.com/browser/trunk/jquery/MIT-LICENSE.txt) licenses. 
   Please attribute the author if you use it. */
(function($){function Countdown(){this.regional=[];this.regional['']={labels:['Years','Months','Weeks','Days','Hours','Minutes','Seconds'],labels1:['Year','Month','Week','Day','Hour','Minute','Second'],compactLabels:['y','m','w','d'],whichLabels:null,timeSeparator:':',isRTL:false};this._defaults={until:null,since:null,timezone:null,serverSync:null,format:'dHMS',layout:'',compact:false,significant:0,description:'',expiryUrl:'',expiryText:'',alwaysExpire:false,onExpiry:null,onTick:null,tickInterval:1};$.extend(this._defaults,this.regional['']);this._serverSyncs=[]}var w='countdown';var Y=0;var O=1;var W=2;var D=3;var H=4;var M=5;var S=6;$.extend(Countdown.prototype,{markerClassName:'hasCountdown',_timer:setInterval(function(){$.countdown._updateTargets()},980),_timerTargets:[],setDefaults:function(a){this._resetExtraLabels(this._defaults,a);extendRemove(this._defaults,a||{})},UTCDate:function(a,b,c,e,f,g,h,i){if(typeof b=='object'&&b.constructor==Date){i=b.getMilliseconds();h=b.getSeconds();g=b.getMinutes();f=b.getHours();e=b.getDate();c=b.getMonth();b=b.getFullYear()}var d=new Date();d.setUTCFullYear(b);d.setUTCDate(1);d.setUTCMonth(c||0);d.setUTCDate(e||1);d.setUTCHours(f||0);d.setUTCMinutes((g||0)-(Math.abs(a)<30?a*60:a));d.setUTCSeconds(h||0);d.setUTCMilliseconds(i||0);return d},periodsToSeconds:function(a){return a[0]*31557600+a[1]*2629800+a[2]*604800+a[3]*86400+a[4]*3600+a[5]*60+a[6]},_settingsCountdown:function(a,b){if(!b){return $.countdown._defaults}var c=$.data(a,w);return(b=='all'?c.options:c.options[b])},_attachCountdown:function(a,b){var c=$(a);if(c.hasClass(this.markerClassName)){return}c.addClass(this.markerClassName);var d={options:$.extend({},b),_periods:[0,0,0,0,0,0,0]};$.data(a,w,d);this._changeCountdown(a)},_addTarget:function(a){if(!this._hasTarget(a)){this._timerTargets.push(a)}},_hasTarget:function(a){return($.inArray(a,this._timerTargets)>-1)},_removeTarget:function(b){this._timerTargets=$.map(this._timerTargets,function(a){return(a==b?null:a)})},_updateTargets:function(){for(var i=this._timerTargets.length-1;i>=0;i--){this._updateCountdown(this._timerTargets[i])}},_updateCountdown:function(a,b){var c=$(a);b=b||$.data(a,w);if(!b){return}c.html(this._generateHTML(b));c[(this._get(b,'isRTL')?'add':'remove')+'Class']('countdown_rtl');var d=this._get(b,'onTick');if(d){var e=b._hold!='lap'?b._periods:this._calculatePeriods(b,b._show,this._get(b,'significant'),new Date());var f=this._get(b,'tickInterval');if(f==1||this.periodsToSeconds(e)%f==0){d.apply(a,[e])}}var g=b._hold!='pause'&&(b._since?b._now.getTime()<b._since.getTime():b._now.getTime()>=b._until.getTime());if(g&&!b._expiring){b._expiring=true;if(this._hasTarget(a)||this._get(b,'alwaysExpire')){this._removeTarget(a);var h=this._get(b,'onExpiry');if(h){h.apply(a,[])}var i=this._get(b,'expiryText');if(i){var j=this._get(b,'layout');b.options.layout=i;this._updateCountdown(a,b);b.options.layout=j}var k=this._get(b,'expiryUrl');if(k){window.location=k}}b._expiring=false}else if(b._hold=='pause'){this._removeTarget(a)}$.data(a,w,b)},_changeCountdown:function(a,b,c){b=b||{};if(typeof b=='string'){var d=b;b={};b[d]=c}var e=$.data(a,w);if(e){this._resetExtraLabels(e.options,b);extendRemove(e.options,b);this._adjustSettings(a,e);$.data(a,w,e);var f=new Date();if((e._since&&e._since<f)||(e._until&&e._until>f)){this._addTarget(a)}this._updateCountdown(a,e)}},_resetExtraLabels:function(a,b){var c=false;for(var n in b){if(n!='whichLabels'&&n.match(/[Ll]abels/)){c=true;break}}if(c){for(var n in a){if(n.match(/[Ll]abels[0-9]/)){a[n]=null}}}},_adjustSettings:function(a,b){var c;var d=this._get(b,'serverSync');var e=0;var f=null;for(var i=0;i<this._serverSyncs.length;i++){if(this._serverSyncs[i][0]==d){f=this._serverSyncs[i][1];break}}if(f!=null){e=(d?f:0);c=new Date()}else{var g=(d?d.apply(a,[]):null);c=new Date();e=(g?c.getTime()-g.getTime():0);this._serverSyncs.push([d,e])}var h=this._get(b,'timezone');h=(h==null?-c.getTimezoneOffset():h);b._since=this._get(b,'since');if(b._since!=null){b._since=this.UTCDate(h,this._determineTime(b._since,null));if(b._since&&e){b._since.setMilliseconds(b._since.getMilliseconds()+e)}}b._until=this.UTCDate(h,this._determineTime(this._get(b,'until'),c));if(e){b._until.setMilliseconds(b._until.getMilliseconds()+e)}b._show=this._determineShow(b)},_destroyCountdown:function(a){var b=$(a);if(!b.hasClass(this.markerClassName)){return}this._removeTarget(a);b.removeClass(this.markerClassName).empty();$.removeData(a,w)},_pauseCountdown:function(a){this._hold(a,'pause')},_lapCountdown:function(a){this._hold(a,'lap')},_resumeCountdown:function(a){this._hold(a,null)},_hold:function(a,b){var c=$.data(a,w);if(c){if(c._hold=='pause'&&!b){c._periods=c._savePeriods;var d=(c._since?'-':'+');c[c._since?'_since':'_until']=this._determineTime(d+c._periods[0]+'y'+d+c._periods[1]+'o'+d+c._periods[2]+'w'+d+c._periods[3]+'d'+d+c._periods[4]+'h'+d+c._periods[5]+'m'+d+c._periods[6]+'s');this._addTarget(a)}c._hold=b;c._savePeriods=(b=='pause'?c._periods:null);$.data(a,w,c);this._updateCountdown(a,c)}},_getTimesCountdown:function(a){var b=$.data(a,w);return(!b?null:(!b._hold?b._periods:this._calculatePeriods(b,b._show,this._get(b,'significant'),new Date())))},_get:function(a,b){return(a.options[b]!=null?a.options[b]:$.countdown._defaults[b])},_determineTime:function(k,l){var m=function(a){var b=new Date();b.setTime(b.getTime()+a*1000);return b};var n=function(a){a=a.toLowerCase();var b=new Date();var c=b.getFullYear();var d=b.getMonth();var e=b.getDate();var f=b.getHours();var g=b.getMinutes();var h=b.getSeconds();var i=/([+-]?[0-9]+)\s*(s|m|h|d|w|o|y)?/g;var j=i.exec(a);while(j){switch(j[2]||'s'){case's':h+=parseInt(j[1],10);break;case'm':g+=parseInt(j[1],10);break;case'h':f+=parseInt(j[1],10);break;case'd':e+=parseInt(j[1],10);break;case'w':e+=parseInt(j[1],10)*7;break;case'o':d+=parseInt(j[1],10);e=Math.min(e,$.countdown._getDaysInMonth(c,d));break;case'y':c+=parseInt(j[1],10);e=Math.min(e,$.countdown._getDaysInMonth(c,d));break}j=i.exec(a)}return new Date(c,d,e,f,g,h,0)};var o=(k==null?l:(typeof k=='string'?n(k):(typeof k=='number'?m(k):k)));if(o)o.setMilliseconds(0);return o},_getDaysInMonth:function(a,b){return 32-new Date(a,b,32).getDate()},_normalLabels:function(a){return a},_generateHTML:function(c){var d=this._get(c,'significant');c._periods=(c._hold?c._periods:this._calculatePeriods(c,c._show,d,new Date()));var e=false;var f=0;var g=d;var h=$.extend({},c._show);for(var i=Y;i<=S;i++){e|=(c._show[i]=='?'&&c._periods[i]>0);h[i]=(c._show[i]=='?'&&!e?null:c._show[i]);f+=(h[i]?1:0);g-=(c._periods[i]>0?1:0)}var j=[false,false,false,false,false,false,false];for(var i=S;i>=Y;i--){if(c._show[i]){if(c._periods[i]){j[i]=true}else{j[i]=g>0;g--}}}var k=this._get(c,'compact');var l=this._get(c,'layout');var m=(k?this._get(c,'compactLabels'):this._get(c,'labels'));var n=this._get(c,'whichLabels')||this._normalLabels;var o=this._get(c,'timeSeparator');var p=this._get(c,'description')||'';var q=function(a){var b=$.countdown._get(c,'compactLabels'+n(c._periods[a]));return(h[a]?c._periods[a]+(b?b[a]:m[a])+' ':'')};var r=function(a){var b=$.countdown._get(c,'labels'+n(c._periods[a]));return((!d&&h[a])||(d&&j[a])?'<span class="countdown_section"><span class="countdown_amount">'+c._periods[a]+'</span><br/>'+(b?b[a]:m[a])+'</span>':'')};return(l?this._buildLayout(c,h,l,k,d,j):((k?'<span class="countdown_row countdown_amount'+(c._hold?' countdown_holding':'')+'">'+q(Y)+q(O)+q(W)+q(D)+(h[H]?this._minDigits(c._periods[H],2):'')+(h[M]?(h[H]?o:'')+this._minDigits(c._periods[M],2):'')+(h[S]?(h[H]||h[M]?o:'')+this._minDigits(c._periods[S],2):''):'<span class="countdown_row countdown_show'+(d||f)+(c._hold?' countdown_holding':'')+'">'+r(Y)+r(O)+r(W)+r(D)+r(H)+r(M)+r(S))+'</span>'+(p?'<span class="countdown_row countdown_descr">'+p+'</span>':'')))},_buildLayout:function(c,d,e,f,g,h){var j=this._get(c,(f?'compactLabels':'labels'));var k=this._get(c,'whichLabels')||this._normalLabels;var l=function(a){return($.countdown._get(c,(f?'compactLabels':'labels')+k(c._periods[a]))||j)[a]};var m=function(a,b){return Math.floor(a/b)%10};var o={desc:this._get(c,'description'),sep:this._get(c,'timeSeparator'),yl:l(Y),yn:c._periods[Y],ynn:this._minDigits(c._periods[Y],2),ynnn:this._minDigits(c._periods[Y],3),y1:m(c._periods[Y],1),y10:m(c._periods[Y],10),y100:m(c._periods[Y],100),y1000:m(c._periods[Y],1000),ol:l(O),on:c._periods[O],onn:this._minDigits(c._periods[O],2),onnn:this._minDigits(c._periods[O],3),o1:m(c._periods[O],1),o10:m(c._periods[O],10),o100:m(c._periods[O],100),o1000:m(c._periods[O],1000),wl:l(W),wn:c._periods[W],wnn:this._minDigits(c._periods[W],2),wnnn:this._minDigits(c._periods[W],3),w1:m(c._periods[W],1),w10:m(c._periods[W],10),w100:m(c._periods[W],100),w1000:m(c._periods[W],1000),dl:l(D),dn:c._periods[D],dnn:this._minDigits(c._periods[D],2),dnnn:this._minDigits(c._periods[D],3),d1:m(c._periods[D],1),d10:m(c._periods[D],10),d100:m(c._periods[D],100),d1000:m(c._periods[D],1000),hl:l(H),hn:c._periods[H],hnn:this._minDigits(c._periods[H],2),hnnn:this._minDigits(c._periods[H],3),h1:m(c._periods[H],1),h10:m(c._periods[H],10),h100:m(c._periods[H],100),h1000:m(c._periods[H],1000),ml:l(M),mn:c._periods[M],mnn:this._minDigits(c._periods[M],2),mnnn:this._minDigits(c._periods[M],3),m1:m(c._periods[M],1),m10:m(c._periods[M],10),m100:m(c._periods[M],100),m1000:m(c._periods[M],1000),sl:l(S),sn:c._periods[S],snn:this._minDigits(c._periods[S],2),snnn:this._minDigits(c._periods[S],3),s1:m(c._periods[S],1),s10:m(c._periods[S],10),s100:m(c._periods[S],100),s1000:m(c._periods[S],1000)};var p=e;for(var i=Y;i<=S;i++){var q='yowdhms'.charAt(i);var r=new RegExp('\\{'+q+'<\\}(.*)\\{'+q+'>\\}','g');p=p.replace(r,((!g&&d[i])||(g&&h[i])?'$1':''))}$.each(o,function(n,v){var a=new RegExp('\\{'+n+'\\}','g');p=p.replace(a,v)});return p},_minDigits:function(a,b){a=''+a;if(a.length>=b){return a}a='0000000000'+a;return a.substr(a.length-b)},_determineShow:function(a){var b=this._get(a,'format');var c=[];c[Y]=(b.match('y')?'?':(b.match('Y')?'!':null));c[O]=(b.match('o')?'?':(b.match('O')?'!':null));c[W]=(b.match('w')?'?':(b.match('W')?'!':null));c[D]=(b.match('d')?'?':(b.match('D')?'!':null));c[H]=(b.match('h')?'?':(b.match('H')?'!':null));c[M]=(b.match('m')?'?':(b.match('M')?'!':null));c[S]=(b.match('s')?'?':(b.match('S')?'!':null));return c},_calculatePeriods:function(c,d,e,f){c._now=f;c._now.setMilliseconds(0);var g=new Date(c._now.getTime());if(c._since){if(f.getTime()<c._since.getTime()){c._now=f=g}else{f=c._since}}else{g.setTime(c._until.getTime());if(f.getTime()>c._until.getTime()){c._now=f=g}}var h=[0,0,0,0,0,0,0];if(d[Y]||d[O]){var i=$.countdown._getDaysInMonth(f.getFullYear(),f.getMonth());var j=$.countdown._getDaysInMonth(g.getFullYear(),g.getMonth());var k=(g.getDate()==f.getDate()||(g.getDate()>=Math.min(i,j)&&f.getDate()>=Math.min(i,j)));var l=function(a){return(a.getHours()*60+a.getMinutes())*60+a.getSeconds()};var m=Math.max(0,(g.getFullYear()-f.getFullYear())*12+g.getMonth()-f.getMonth()+((g.getDate()<f.getDate()&&!k)||(k&&l(g)<l(f))?-1:0));h[Y]=(d[Y]?Math.floor(m/12):0);h[O]=(d[O]?m-h[Y]*12:0);f=new Date(f.getTime());var n=(f.getDate()==i);var o=$.countdown._getDaysInMonth(f.getFullYear()+h[Y],f.getMonth()+h[O]);if(f.getDate()>o){f.setDate(o)}f.setFullYear(f.getFullYear()+h[Y]);f.setMonth(f.getMonth()+h[O]);if(n){f.setDate(o)}}var p=Math.floor((g.getTime()-f.getTime())/1000);var q=function(a,b){h[a]=(d[a]?Math.floor(p/b):0);p-=h[a]*b};q(W,604800);q(D,86400);q(H,3600);q(M,60);q(S,1);if(p>0&&!c._since){var r=[1,12,4.3482,7,24,60,60];var s=S;var t=1;for(var u=S;u>=Y;u--){if(d[u]){if(h[s]>=t){h[s]=0;p=1}if(p>0){h[u]++;p=0;s=u;t=1}}t*=r[u]}}if(e){for(var u=Y;u<=S;u++){if(e&&h[u]){e--}else if(!e){h[u]=0}}}return h}});function extendRemove(a,b){$.extend(a,b);for(var c in b){if(b[c]==null){a[c]=null}}return a}$.fn.countdown=function(a){var b=Array.prototype.slice.call(arguments,1);if(a=='getTimes'||a=='settings'){return $.countdown['_'+a+'Countdown'].apply($.countdown,[this[0]].concat(b))}return this.each(function(){if(typeof a=='string'){$.countdown['_'+a+'Countdown'].apply($.countdown,[this].concat(b))}else{$.countdown._attachCountdown(this,a)}})};$.countdown=new Countdown()})(jQuery);

//]]>
</script>

<script src='http://ajax.googleapis.com/ajax/libs/jqueryui/1.11.1/jquery-ui.min.js'/>
	
<script type='text/javascript'>
//<![CDATA[

jQuery.noConflict();
jQuery(document).ready(function($) {
  $( "#tabsnbt" ).tabs();
});

//]]>
</script>

<!--[if IE 7]>
<style type='text/css'>
ul li{
	float:left;
}

span.timer {
	padding-bottom:20px;	
}

#tf_maintenance-progress-bar {
	text-align: left;
}

#tf_maintenance-bar {
	zoom: 1; position: relative; text-align: left;
}

#percent_textnbt {
	top: 6px;
	padding-bottom:5px;
}

.ui-tabs-panel div{
	float:left;
}

.ui-tabs-panel img{
	float:left;
}

input{
	padding:4px 0 4px 18px;
}

input.buttonsnbt{
	border:none;
	padding:4px 10px 4px 10px;
	
}	
</style>
<![endif]-->
	
</head>

<body>
<div class='containernbt'>

<div id='tf_maintenance-timer'/>
<div class='middlenbt'>
<div class='container-progress-barnbt'>

<div class='logonbt'>
<b:section class='headersec' id='headersec' maxwidgets='1' showaddelement='no'>
  <b:widget id='Header1' locked='true' title='Maintenance Mode (Header)' type='Header'>
    <b:includable id='main'>
<b:if cond='data:useImage'>
<!--Show just the image, no text-->
<a expr:href='data:blog.homepageUrl' style='display: block'>
  <img expr:alt='data:title' expr:height='data:height' expr:id='data:widget.instanceId + &quot;_headerimg&quot;' expr:src='data:sourceUrl' expr:width='data:width' style='display: block;padding-left:0px;padding-top:0px;margin:0 auto;'/>
</a>
<b:else/>
<!--No header image -->
<h1><b:include name='title'/></h1>
</b:if>
</b:includable>
    <b:includable id='description'><h2 class='site-descriptionnbt'><data:description/></h2></b:includable>
    <b:includable id='title'><a expr:href='data:blog.homepageUrl'><data:title/></a></b:includable>
  </b:widget>
</b:section>
</div>
<p> We are coming soon! </p>

<div class='clearfixnbt' id='tf_maintenance-progress-bar'>
	<div id='tf_maintenance-bar'/>
	<div id='tf_maintenance-piece'/>
	<span id='percent_textnbt'>40%</span>
	<div id='tf_maintenance-overlay'/>
</div>

</div>
</div>

<div class='OverTabsnbt'>
<div id='tabsnbt'>

<div class='tabs-shadownbt'>

<div class='ui-tabs-panel ui-widget-content ui-corner-bottom' id='tabs-1'>
  <h1>We&#39;ll notify you when the site is live: </h1>
  <form action='http://feedburner.google.com/fb/a/mailverify' id='searchformnbt' method='post' onsubmit='window.open(&apos;http://feedburner.google.com/fb/a/mailverify?uri=newbthemes&apos;, &apos;popupwindow&apos;, &apos;scrollbars=yes,width=550,height=520&apos;);return true' target='popupwindow'>
		<input id='searchinput' name='email' placeholder='Enter your email address' type='text' value=''/>
		<input name='uri' type='hidden' value='newbthemes'/>
		<input name='loc' type='hidden' value='en_US'/>
		<input class='buttonsnbt' id='searchsubmitnbt' type='submit' value='Submit'/>
  </form>
</div>

<div class='ui-tabs-panel ui-widget-content ui-corner-bottom ui-tabs-hide-tlc' id='tabs-2'>

<!-- Twitter Follow Button Started -->
<a class='twitter-follow-button' data-show-count='false' data-size='large' href='https://twitter.com/newbthemes'>Follow @newbthemes</a>
<!-- Twitter Follow Button End -->

<!-- Twitter Share Button Started -->
<a class='twitter-share-button' data-size='large' data-via='newbthemes' href='https://twitter.com/share'>Tweet</a>
<!-- Twitter Share Button End -->

<script>!function(d,s,id){var js,fjs=d.getElementsByTagName(s)[0],p=/^http:/.test(d.location)?&#39;http&#39;:&#39;https&#39;;if(!d.getElementById(id)){js=d.createElement(s);js.id=id;js.src=p+&#39;://platform.twitter.com/widgets.js&#39;;fjs.parentNode.insertBefore(js,fjs);}}(document, &#39;script&#39;, &#39;twitter-wjs&#39;);</script>

</div>

<div class='ui-tabs-panel ui-widget-content ui-corner-bottom ui-tabs-hide-tlc' id='tabs-3'>

Maintenance Mode is a free coming soon/under construction blogger template from NewBloggerThemes.com. Maintenance Mode blogger template has jQuery countdown timer, progress bar, tabbed view section, email subscription box and twitter follow and share buttons. You can go to Edit HTML replace this with your own words. For more free blogger templates, visit <a href='http://newbloggerthemes.com/' rel='nofollow' target='_blank'>NewBloggerThemes.com</a>.


</div>

</div>
  
<ul class='ui-tabs-nav ui-helper-reset ui-helper-clearfix ui-widget-header ui-corner-all'>
	<li class='ui-state-default ui-corner-top ui-tabs-selected ui-state-active'><a class='mail' href='#tabs-1'/></li>
	<li class='ui-state-default ui-corner-top'><a class='release' href='#tabs-2'/></li>
	<li class='ui-state-default ui-corner-top'><a class='message' href='#tabs-3'/></li>
</ul>

</div>
</div>

<div class='copyrightnbt'>
<!-- Do not edit or remove credits without our permission: newbloggerthemes.com -->
Copyright &#169; <script type='text/javascript'>var creditsyear = new Date();document.write(creditsyear.getFullYear());</script> <a expr:href='data:blog.homepageUrl'><data:blog.title/></a> | Published By <a href='http://gooyaabitemplates.com/' rel='dofollow' target='_blank' title='Blogger Templates'>Gooyaabi Templates</a>

| Powered By <a href='http://gooyaabitemplates.com/' rel='dofollow' target='_blank' title='Blogger'>Blogger</a>
<br/>Design by <a href='http://themefuse.com/' target='_blank'>ThemeFuse</a> | Blogger Theme by <a href='http://newbloggerthemes.com/' target='_blank' title='NewBloggerThemes.com'>NewBloggerThemes.com</a>	
</div>

<b:section class='themewidgetnbtsec' id='themewidgetnbtsec' preferred='yes'/>
</div>

<script type='text/javascript'>
//<![CDATA[

et_subscribe_bar();

var MaintenanceDay = new Date();
MaintenanceDay = new Date('10/04/2018 01:10');

jQuery('#tf_maintenance-timer').countdown({
    until: MaintenanceDay,
    layout: '<span class="timer"><strong>{dn}</strong> {dl}</span><span class="timer"><strong>{hn}</strong> {hl}</span><span class="timer"><strong>{mn}</strong> {ml}</span>'
});

function et_subscribe_bar() {
    var $searchform = jQuery('#tf_maintenance-subscribe'),
        $searchinput = $searchform.find("input#searchinputnbt"),
        searchvalue = $searchinput.val();

    $searchinput.focus(function() {
        if (jQuery(this).val() === searchvalue) jQuery(this).val("");
    }).blur(function() {
        if (jQuery(this).val() === "") jQuery(this).val(searchvalue);
    });
};

var $progress_bar = jQuery('#tf_maintenance-bar'),
    $progress_torn_piece = jQuery('#tf_maintenance-piece'),
    et_multiply = 4,
    et_percent = 40,
    et_percent_width = et_multiply * et_percent;

if (et_percent === 100) et_percent_width = 367;

$progress_bar.animate({
    width: (et_percent_width - 20)
}, 2000, function() {
    jQuery(this).animate({
        width: (et_percent_width)
    }, 200);
    jQuery('#percent_textnbt').animate({
        'opacity': 'toggle'
    }, 300);
    if (et_percent != 100)
        $progress_torn_piece.css({
            left: (et_percent_width - 2),
            'display': 'block'
        });
});

//]]>
</script>

</body>
</html>