<?xml version="1.0" encoding="UTF-8" ?>
<!DOCTYPE html PUBLIC "-//W3C//DTD XHTML 1.0 Strict//EN" "http://www.w3.org/TR/xhtml1/DTD/xhtml1-strict.dtd">
<html expr:dir='data:blog.languageDirection' xmlns='http://www.w3.org/1999/xhtml' xmlns:b='http://www.google.com/2005/gml/b' xmlns:data='http://www.google.com/2005/gml/data' xmlns:expr='http://www.google.com/2005/gml/expr'>
  <head>

<b:include data='blog' name='all-head-content'/>
<b:if cond='data:blog.pageType == &quot;item&quot;'>
<title><data:blog.pageName/> | <data:blog.title/></title>
<b:else/>
<title><data:blog.pageTitle/></title></b:if>


    <b:skin><![CDATA[/*
-----------------------------------------------
Blogger Template Style
Name       : Template Ireng Manis
Designer   : ireng_ajah
URL        : http://freetemplate-ajah.blogspot.com/
Date       : February 2010
----------------------------------------------- */
#navbar-iframe {
display: none !important;
}
body {
  background:url(http://3.bp.blogspot.com/_aAjcAMHOGT4/S4NyGNNJhiI/AAAAAAAAB-U/-BVCeKHkGYQ/s1600/background.jpg) repeat;
  margin:0;
  color:#fff;
  font: 12px helvetica, verdana, sans-serif;
  text-align: left;
}
a:link {
  color:#aad0ff;
  text-decoration:none;
  }
a:visited {
  color:#007caa;
  text-decoration:none;
  }
a:hover {
  color:#798089;
  text-decoration:underline;
}
a img {
  border-width:0;
}

/* Header */
#header-wrapper {
  background: #000;
  opacity: 0.5;
  width: 980px;
  margin: 0 auto 10px;
  padding: 0;
  height: 120px;
}

#head-inner {
  width: 500px;
  background-position: left;
  margin: 0 auto;
  float: left;
}

#header {
  margin: 5px 0 5px 0;
  padding: 5px 0 5px 0;
  text-align: left;
  color: #fff;
}

#header_r{
  width:470px;
  float:left;
  margin-top:10px;
  padding-top:10px;
}


#header h1 {
  margin: 0 5px 0;
  padding-left: 10px;
  line-height: 1.2em;
  letter-spacing: .2em;
  font: 28px Helvetica;
  font-weight: bold;
}

#header a {
  color:#ccc;
  text-decoration:none;
  }

#header a:hover {
  color: #ccc;
  }

#header .description {
  margin: 0 5px 5px;
  padding: 0 10px;
  max-width: 500px;
  letter-spacing: .1em;
  line-height: 1.4em;
  font: 14px Arial, Helvetica, Verdana;
  color: #fff;
}

#header img {
  margin: auto;
}

/* TopNav */
#topnav {
  background:#000;
  width: 980px;
  margin: 10px 0 0;
  height: 35px;
}

.menu{
  width: 600px;
  float:left;
  margin: 10px 0;
  padding:0;
}

.menu ul {
  margin: 0;
  padding: 0;
  font: bold 12px arial;
  list-style-type: none;
}

.menu li {
  display: inline;
  margin: 0;
}

.menu li a{
  float: left;
  display: block;
  text-decoration: none;
  padding: 0 10px; /*padding inside each tab*/
  color:#fff;
}

.menu li a:visited, .navmenu li a:visited {
  color: #888;
}

.menu li a:hover, .menu li.selected a, .navmenu li a:hover, .navmenu li.selected a {
  color: #888;
}

.navmenu {
  width: 980px;
  background: #000;
  opacity: 0.7;
  float: left;
  margin: 5px 0 15px 0;
  padding: 10px 0 10px 0;
}

.navmenu ul{
  margin: 0;
  padding: 0;
  font: bold 14px Helvetica;
  list-style-type: none;
}

.navmenu li{
  display: inline;
  margin: 0;

}

.navmenu li a{
  float: left;
  display: block;
  text-decoration: none;
  padding: 2px 10px; /*padding inside each tab*/
  color: #fff;
}


/* The Search */
#search {
  background:#000;
  opacity: 0.5;
  width: 280px;
  .width: 285px; /* IE7 */
  float: right;
  margin: 0 0 20px;
  padding: 16px 0 16px 0;
}

#search form {
  margin: 0;
  padding: 0;
}

#search fieldset {
  margin: 0;
  padding: 0;
  border: none;
}

#search input {
  float: left;
  font: 12px Arial, Helvetica ;
}

#search-text {
  background: #dedede;
  width: 190px;
  .width: 180px; /* IE7 */
  height: 18px;
  margin: 0 10px 0 10px;
  padding: 4px 0 4px 0;
  color: #000;
  border: none;
}

#search-submit {
  padding: 5px 6px;
  border: none;
  background: #282323;
  color: #fff;
}

/* Outer-Wrapper */
#outer-wrapper {
  width: 980px;
  margin: 0 auto;
}

#main-wrapper {
  width: 490px;
  .width: 495px; /* IE7 */
  padding: 0 0 10px 0;
  float: left;
  word-wrap: break-word; /* fix for long text breaking sidebar float in IE */
  overflow: hidden;     /* fix for long non-text content breaking IE sidebar float */
  }

#sidebar-wrapper {
  width: 475px;
  float: right;
  word-wrap: break-word; /* fix for long text breaking sidebar float in IE */
  overflow: hidden;      /* fix for long non-text content breaking IE sidebar float */
}

#sidebarr-wrapper {
  width: 280px;
  .width: 285px; /* IE7 */
  float: right;
  word-wrap: break-word; /* fix for long text breaking sidebar float in IE */
  overflow: hidden;      /* fix for long non-text content breaking IE sidebar float */
}

#sidebarl-wrapper {
  width: 180px;
  float: left;
  word-wrap: break-word; /* fix for long text breaking sidebar float in IE */
  overflow: hidden;      /* fix for long non-text content breaking IE sidebar float */
}

/* Posts */

h2.date-header {
  margin: 1.5em 0 .5em;
  display: none;
}

.post { 
  background: #181818;
  opacity: 0.5;
  margin: 0 0 20px;
  padding:0 10px 0 10px;
}

.post h3 {
  background: #000;
  margin: 0 -20px 0;
  padding: 15px 20px 16px;
  position: relative;
  font-size: 160%;
  line-height: 1.4em;
  font-family: Helvetica;
} 

.post h3 a, .post h3 a:visited, .post h3 strong {
  display: block;
  text-decoration: none;
  color: #cfcfcf;
  font-weight: normal;
}

.post h3 strong, .post h3 a:hover {
  color: #fff;
}

.post-body {
  margin: .5em 0 .5em;
  line-height: 1.5em;
}

.post-body h3 {
  background: none;
  margin: 0;
  padding:0;
  font-size: 16px;
  font-weight: bold;
  font-family: Helvetica;
  color: #dedede;
}

.post-body blockquote {
  background: #000;
  opacity: 0.7;
  padding: 10px;
  line-height: 1.4em;
  color: #fff;
  border: dotted 2px #fff;
}

.post-footer {
  background: #000;
  margin: 0 -10px 0 -10px;
  font: 11px Tahoma;
  padding: 10px 0 10px 10px;
  .padding: 5px 0 10px 10px; /* IE7 */
  color: #fff;
  letter-spacing:.1em;
  line-height: 1.4em;
}


/* Bottom */
#bottom-wrapper {
  width: 980px;
  margin: 0 auto;
  padding: 0;
}

#bottomim1-wrapper, #bottomim2-wrapper {
  background: #000;
  opacity: 0.5;
  color: #fff;
  float: left;
  margin: 0 15px 0 0;
  width: 316px;
  text-align: justify;
  font: 12px Arial, Verdana;
  line-height: 1.5em;
  word-wrap: break-word; /* fix for long text breaking sidebar float in IE */
  overflow: hidden; /* fix for long non-text content breaking IE sidebar float */
}

#bottomim3-wrapper {
  background:#000;
  opacity:0.5;
  color: #fff;
  float: left;
  width: 316px;
  text-align: justify;
  font: 12px Arial, Verdana;
  line-height: 1.5em;
  word-wrap: break-word; /* fix for long text breaking sidebar float in IE */
  overflow: hidden; /* fix for long non-text content breaking IE sidebar float */
}

.bottomim1, .bottomim2, .bottomim3 {
  margin: 0; 
  padding: 0;
}

.bottomim1 .widget, .bottomim2 .widget, .bottomim3 .widget {
  padding: 0px 10px 10px 10px;
}

.bottomim1 h2, .bottomim2 h2, .bottomim3 h2 {
  background: #181818;
  margin: 0 -10px 5px -10px;
  padding: 5px 5px 5px 10px;
  color: #fff;
  font: 16px Arial;
  font-weight: bold;
}

.bottomim1 ul, .bottomim2 ul, .bottomim3 ul {
  margin: 0;
  padding: 0;
  list-style-type: none;
}

.bottomim1 li, .bottomim2 li, .bottomim3 li {
  list-style-type: none;
  background:url(http://1.bp.blogspot.com/_aAjcAMHOGT4/S4Nys3vUglI/AAAAAAAAB-c/_tfr2wkt-z0/s1600/li.gif) no-repeat left;
  line-height: 1.3em;
  padding: 5px 10px 5px 20px;
}

.bottomim1 li a:hover, .bottomim2 li a:hover, .bottomim3 li a:hover {
  text-decoration: none;
  color: #555;
}

.post-comment-link {
  float: right;
  margin-right: 5px;
  .margin: -15px 5px 0 0; /* IE7 */
}

.comment-link {
  margin-left:.6em;
}

.post img {
  padding:5px;
  }


/* Comments */
#comments h4 {
  margin: 1em 0em 0;
  padding-right: 10px;
  font-size: 14px;
  font-weight: bold;
  line-height: 1em;
  letter-spacing:.2em;
  color: #e3e3e3;
  }

#comments-block {
  opacity: 0.5;
  margin: 10px 0 10px;
  line-height: 1.5em;
  }
#comments-block .comment-author {
  background: #000;
  opacity:0.7;
  margin: .5em 0px 0em;
  padding:0 5px 0 10px;
  border-top: 1px solid #181818;
  }
#comments-block .comment-body {
  background: #000;
  opacity: 0.7;
  margin: 0;
  padding: 0 10px 0 20px;
  }
#comments-block .comment-footer {
  background: #000;
  opacity: 0.7;
  margin: -10px 0px 10px;
  padding: 0 0 2px 10px;
  line-height: 1.4em;
  letter-spacing: .1em;
  font: 11px Arial;
  }
#comments-block .comment-body p {
  margin: 0 0 0.75em;
  padding-bottom: 10px;
  }
.deleted-comment {
  font-style: italic;
  color: gray;
  }

#blog-pager-newer-link {
  background: #181818;
  opacity: 0.5;
  margin: 0;
  padding: 10px;
  float: left;
 }

#blog-pager-older-link {
  background: #181818;
  opacity: 0.5;
  margin: 0;
  padding:10px 10px 10px 10px;
  float: right;
 }

#blog-pager { 
  text-align: center;
 }

.feed-links {
  clear: both;
  line-height: 2.5em;
}

/* Sidebar Content */
.sidebarr, .sidebarl {
  color: #ffffff;
  opacity:0.5;
  line-height: 1.5em;
}
.sidebarr h2,.sidebarl h2 {
  background:#000000;
  color:#ffffff;
  margin:0px 0px 0;
  padding:4px 10px 5px;
  font-size:140%;
  font-weight:normal;
  line-height:1.4em;
}

.sidebarr ul, .sidebarl ul {
  list-style: none;
  margin: 0 0 5px;
  padding-left: 0px;
}

.sidebarr li, .sidebarl li {
  list-style: none;
  background:url(http://1.bp.blogspot.com/_aAjcAMHOGT4/S4Nys3vUglI/AAAAAAAAB-c/_tfr2wkt-z0/s1600/li.gif) no-repeat left;
  line-height: 1.3em;
  padding: 5px 10px 4px 15px;
}

.sidebarr li a:hover, .sidebarl li a:hover {
  text-decoration: none;
  color: #555555;
}

.sidebarr .widget-content, .sidebarl .widget-content{
  margin: 0 0 0;
  background: #181818;
  margin-bottom:20px;
  padding: 10px 10px 10px 10px;
}

#social {
  background: #000;
  opacity: 0.5;
  width: 180px;
  height: auto;
  float:left;
  margin: 0;
  padding: 0;
}

.social {
  margin: 0;
  padding: 13px 0 13px;
  text-align: center;
}

.main .Blog { 
  border-bottom-width:10px solid #;
}


/* Profile */
.profile-img { 
  float: left;
  margin-top: 0;
  margin-right: 5px;
  margin-bottom: 5px;
  margin-left: 0;
  padding: 4px;
  }

.profile-data {
  margin:0;
  letter-spacing:.1em;
  font: 12px Arial;
  color: #999999;
  font-weight: bold;
  line-height: 1.6em;
}

.profile-datablock { 
  margin:.5em 0 .5em;
}

.profile-textblock { 
  margin: 0.5em 0;
  line-height: 1.6em;
}

.profile-link { 
  font: 12px Arial;
  letter-spacing: .1em;
}

#credit {
  margin: 10px auto 10px;
  padding:5px 0 5px 10px;
  width: 980px;
  font-size:11px;
  clear: both;
  font-weight: normal;
  text-align:left;
}

#HTML6 h2 {
  display: none;
}

]]></b:skin>

<script type='text/javascript'>
var thumbnail_mode = &quot;float&quot; ;
summary_noimg = 550;
summary_img = 300;
img_thumb_height = 120;
img_thumb_width = 150;
</script>

<script type='text/javascript'>
//<![CDATA[

function removeHtmlTag(strx,chop){
if(strx.indexOf("<")!=-1)
{
var s = strx.split("<");
for(var i=0;i<s.length;i++){
if(s[i].indexOf(">")!=-1){
s[i] = s[i].substring(s[i].indexOf(">")+1,s[i].length);
}
}
strx = s.join("");
}
chop = (chop < strx.length-1) ? chop : strx.length-2;
while(strx.charAt(chop-1)!=' ' && strx.indexOf(' ',chop)!=-1) chop++;
strx = strx.substring(0,chop-1);
return strx+'...';
}

function createSummaryAndThumb(pID){
var div = document.getElementById(pID);
var imgtag = "";
var img = div.getElementsByTagName("img");
var summ = summary_noimg;
if(img.length>=1) {
imgtag = '<span style="float:left; padding:5px 10px 0px 0px;"><img src="'+img[0].src+'" width="'+img_thumb_width+'px" height="'+img_thumb_height+'px"/></span>';
summ = summary_img;
}

var summary = imgtag + '<div>' + removeHtmlTag(div.innerHTML,summ) + '</div>';
div.innerHTML = summary;
}
//]]>
</script>

  </head>

  <body>

  <div id='outer-wrapper'>

<div id='wrap2'>

    <!-- skip links for text browsers -->
    <span id='skiplinks' style='display:none;'>
      <a href='#main'>skip to main </a> |
      <a href='#sidebar'>skip to sidebar</a>
    </span>

<div id='topnav'>
 <div class='menu'>
    <ul>
        <li><a expr:href='data:blog.homepageUrl' title='Take me home'>Home</a></li>
	<li><a expr:href='data:blog.homepageUrl + &quot;feeds/posts/default&quot;' title='Posts blog'>Posts RSS</a></li>
        <li><a expr:href='data:blog.homepageUrl + &quot;feeds/comments/default&quot;' title='Comments blog'>Comments RSS</a></li>
        <li><a href='YOUR-EMAIL-ADDRESS-HERE' title='Contact us'>Contact</a></li>
   </ul>
 </div>
</div>

     <div id='header-wrapper'>
<div id='head-inner'>
<b:section class='header' id='header' maxwidgets='1' showaddelement='no'>
<b:widget id='Header1' locked='true' title='Demo Ireng Manis (Header)' type='Header'>
<b:includable id='main'>

  <b:if cond='data:useImage'>
    <b:if cond='data:imagePlacement == &quot;BEHIND&quot;'>
      <!--
      Show image as background to text. You can't really calculate the width
      reliably in JS because margins are not taken into account by any of
      clientWidth, offsetWidth or scrollWidth, so we don't force a minimum
      width if the user is using shrink to fit.
      This results in a margin-width's worth of pixels being cropped. If the
      user is not using shrink to fit then we expand the header.
      -->
      <div expr:style='&quot;background-image: url(\&quot;&quot; + data:sourceUrl + &quot;\&quot;); &quot;                      + &quot;background-position: &quot;                      + data:backgroundPositionStyleStr + &quot;; &quot;                      + data:widthStyleStr                      + &quot;min-height: &quot; + data:height + &quot;px;&quot;                      + &quot;_height: &quot; + data:height + &quot;px;&quot;                      + &quot;background-repeat: no-repeat; &quot;' id='header-inner'>
        <div class='titlewrapper' style='background: transparent'>
          <h1 class='title' style='background: transparent; border-width: 0px'>
            <b:include name='title'/>
          </h1>
        </div>
        <b:include name='description'/>
      </div>
    <b:else/>
      <!--Show the image only-->
      <div id='header-inner'>
        <a expr:href='data:blog.homepageUrl' style='display: block'>
          <img expr:alt='data:title' expr:height='data:height' expr:id='data:widget.instanceId + &quot;_headerimg&quot;' expr:src='data:sourceUrl' expr:width='data:width' style='display: block'/>
        </a>
        <!--Show the description-->
        <b:if cond='data:imagePlacement == &quot;BEFORE_DESCRIPTION&quot;'>
          <b:include name='description'/>
        </b:if>
      </div>
    </b:if>
  <b:else/>
    <!--No header image -->
    <div id='header-inner'>
      <div class='titlewrapper'>
        <h1 class='title'>
          <b:include name='title'/>
        </h1>
      </div>
      <b:include name='description'/>
    </div>
  </b:if>
</b:includable>
<b:includable id='title'>
  <b:if cond='data:blog.url == data:blog.homepageUrl'>
    <data:title/>
  <b:else/>
    <a expr:href='data:blog.homepageUrl'><data:title/></a>
  </b:if>
</b:includable>
<b:includable id='description'>
  <div class='descriptionwrapper'>
    <p class='description'><span><data:description/></span></p>
  </div>
</b:includable>
</b:widget>
</b:section>
</div>
<div id='header_r'>
<b:section class='header' id='header2' showaddelement='no'>
<b:widget id='HTML6' locked='false' title='Banner 468x 60' type='HTML'>
<b:includable id='main'>
  <!-- only display title if it's non-empty -->
  <b:if cond='data:title != &quot;&quot;'>
    <h2 class='title'><data:title/></h2>
  </b:if>
  <div class='widget-content'>
    <data:content/>
  </div>

  <b:include name='quickedit'/>
</b:includable>
</b:widget>
</b:section>
</div>
</div>

<div class='navmenu'>
      <ul>
        <li><a href='YOUR-LINK-HERE' title='Edit Me'>Edit Me</a></li>
        <li><a href='YOUR-LINK-HERE' title='Edit Me'>Edit Me</a></li>
        <li><a href='YOUR-LINK-HERE' title='Edit Me'>Edit Me</a></li>
        <li><a href='YOUR-LINK-HERE' title='Edit Me'>Edit Me</a></li>
        <li><a href='YOUR-LINK-HERE' title='Edit Me'>Edit Me</a></li>
        <li><a href='YOUR-LINK-HERE' title='Edit Me'>Edit Me</a></li>
        <li><a href='YOUR-LINK-HERE' title='Edit Me'>Edit Me</a></li>
        <li><a href='YOUR-LINK-HERE' title='Edit Me'>Edit Me</a></li>
        <li><a href='YOUR-LINK-HERE' title='Edit Me'>Edit Me</a></li>
        <li><a href='YOUR-LINK-HERE' title='Edit Me'>Edit Me</a></li>
        <li><a href='YOUR-LINK-HERE' title='Edit Me'>Edit Me</a></li>
        <li><a href='YOUR-LINK-HERE' title='Edit Me'>Edit Me</a></li>
      </ul>
</div>


    <div id='content-wrapper'>
      <div id='main-wrapper'>
        <b:section class='main' id='main' showaddelement='no'>
<b:widget id='Blog1' locked='true' title='Blog Posts' type='Blog'>
<b:includable id='nextprev'>
  <div class='blog-pager' id='blog-pager'>
    <b:if cond='data:newerPageUrl'>
      <span id='blog-pager-newer-link'>
      <a class='blog-pager-newer-link' expr:href='data:newerPageUrl' expr:id='data:widget.instanceId + &quot;_blog-pager-newer-link&quot;' expr:title='data:newerPageTitle'><data:newerPageTitle/></a>
      </span>
    </b:if>

    <b:if cond='data:olderPageUrl'>
      <span id='blog-pager-older-link'>
      <a class='blog-pager-older-link' expr:href='data:olderPageUrl' expr:id='data:widget.instanceId + &quot;_blog-pager-older-link&quot;' expr:title='data:olderPageTitle'><data:olderPageTitle/></a>
      </span>
    </b:if>

    <b:if cond='data:blog.homepageUrl != data:blog.url'>
      
      <a class='home-link' expr:href='data:blog.homepageUrl'><data:homeMsg/></a>
      <b:else/>
       <b:if cond='data:newerPageUrl'>
      <a class='home-link' expr:href='data:blog.homepageUrl'><data:homeMsg/></a>
      </b:if>
    </b:if>

  </div>
  <div class='clear'/>
</b:includable>
<b:includable id='shareButtons' var='post'>
  <b:if cond='data:post.sharePostUrl'>
      <a class='share-button sb-email' expr:href='data:post.sharePostUrl + &quot;&amp;target=email&quot;' expr:title='data:top.emailThisMsg' target='_blank'>
        <span class='share-button-link-text'><data:top.emailThisMsg/></span></a>
      <a class='share-button sb-blog' expr:href='data:post.sharePostUrl + &quot;&amp;target=blog&quot;' expr:onclick='&quot;window.open(this.href, \&quot;_blank\&quot;, \&quot;height=270,width=475\&quot;); return false;&quot;' expr:title='data:top.blogThisMsg' target='_blank'>
        <span class='share-button-link-text'><data:top.blogThisMsg/></span></a>
      <a class='share-button sb-twitter' expr:href='data:post.sharePostUrl + &quot;&amp;target=twitter&quot;' expr:title='data:top.shareToTwitterMsg' target='_blank'>
        <span class='share-button-link-text'><data:top.shareToTwitterMsg/></span></a>
      <a class='share-button sb-facebook' expr:href='data:post.sharePostUrl + &quot;&amp;target=facebook&quot;' expr:onclick='&quot;window.open(this.href, \&quot;_blank\&quot;, \&quot;height=430,width=640\&quot;); return false;&quot;' expr:title='data:top.shareToFacebookMsg' target='_blank'>
        <span class='share-button-link-text'><data:top.shareToFacebookMsg/></span></a>
      <a class='share-button sb-buzz' expr:href='data:post.sharePostUrl + &quot;&amp;target=buzz&quot;' expr:onclick='&quot;window.open(this.href, \&quot;_blank\&quot;, \&quot;height=415,width=690\&quot;); return false;&quot;' expr:title='data:top.shareToBuzzMsg' target='_blank'>
        <span class='share-button-link-text'><data:top.shareToBuzzMsg/></span></a>
  </b:if>
</b:includable>
<b:includable id='backlinks' var='post'>
  <a name='links'/><h4><data:post.backlinksLabel/></h4>
  <b:if cond='data:post.numBacklinks != 0'>
    <dl class='comments-block' id='comments-block'>
      <b:loop values='data:post.backlinks' var='backlink'>
        <div class='collapsed-backlink backlink-control'>
          <dt class='comment-title'>
            <span class='backlink-toggle-zippy'>&#160;</span>
            <a expr:href='data:backlink.url' rel='nofollow'><data:backlink.title/></a>
            <b:include data='backlink' name='backlinkDeleteIcon'/>
          </dt>
          <dd class='comment-body collapseable'>
            <data:backlink.snippet/>
          </dd>
          <dd class='comment-footer collapseable'>
            <span class='comment-author'><data:post.authorLabel/> <data:backlink.author/></span>
            <span class='comment-timestamp'><data:post.timestampLabel/> <data:backlink.timestamp/></span>
          </dd>
        </div>
      </b:loop>
    </dl>
  </b:if>
  <p class='comment-footer'>
    <a class='comment-link' expr:href='data:post.createLinkUrl' expr:id='data:widget.instanceId + &quot;_backlinks-create-link&quot;' target='_blank'><data:post.createLinkLabel/></a>
  </p>
</b:includable>
<b:includable id='post' var='post'>
  <div class='post hentry uncustomized-post-template'>
    <a expr:name='data:post.id'/>
    <b:if cond='data:post.title'>
      <h3 class='post-title entry-title'>
     <b:if cond='data:post.link'>
       <a expr:href='data:post.link'><data:post.title/></a>
     <b:else/>
        <b:if cond='data:post.url'>
          <a expr:href='data:post.url'><data:post.title/></a>
        <b:else/>
          <data:post.title/>
        </b:if>
     </b:if>
      </h3>
    </b:if>

    <div class='post-header-line-1'/>

    <div class='post-body entry-content'>
<b:if cond='data:blog.pageType != &quot;item&quot;'>
<div expr:id='&quot;summary&quot; + data:post.id'><data:post.body/></div>
<script type='text/javascript'>createSummaryAndThumb(&quot;summary<data:post.id/>&quot;);</script>
<span class='rmlink' style='float:left'><a expr:href='data:post.url'>Read more ...</a></span>
</b:if>
<b:if cond='data:blog.pageType == &quot;item&quot;'>
<div style='float:right;padding:4px;'>
<script type='text/javascript'>
tweetmeme_url = &#39;<data:post.url/>&#39;;
tweetmeme_source = &#39;your_twitter_user_name&#39;;
</script>
<script src='http://tweetmeme.com/i/scripts/button.js' type='text/javascript'/>
</div>
<p><data:post.body/></p>
<p><div style='float:right;'><a class='addthis_button' expr:addthis:title='data:post.title' expr:addthis:url='data:post.url'><img alt='Bookmark and Share' height='16' src='http://s7.addthis.com/static/btn/v2/lg-share-en.gif' style='border:0' width='125'/></a>
<script src='http://s7.addthis.com/js/250/addthis_widget.js#pub=xa-4af71d4a3df7a66b' type='text/javascript'/></div></p>
</b:if>
      <div style='clear: both;'/> <!-- clear for photos floats -->
    </div>
  
    <b:if cond='data:post.hasJumpLink'>
      <div class='jump-link'>
        <a expr:href='data:post.url + &quot;#more&quot;' expr:title='data:post.title'><data:post.jumpText/></a> 
      </div>
    </b:if>


    <div class='post-footer'>
<span class='post-author vcard'>
        <b:if cond='data:top.showAuthor'>
          <data:top.authorLabel/>
          <span class='fn'><data:post.author/></span>
        </b:if>
      </span>

      <span class='post-timestamp'>
        <b:if cond='data:top.showTimestamp'>
          <data:top.timestampLabel/>
        <b:if cond='data:post.url'>
          <a class='timestamp-link' expr:href='data:post.url' rel='bookmark' title='permanent link'><abbr class='published' expr:title='data:post.timestampISO8601'><data:post.timestamp/></abbr></a>
        </b:if>
        </b:if>
      </span>

<b:if cond='data:blog.pageType == &quot;index&quot;'>
      <span class='post-comment-link'>
          <b:if cond='data:post.allowComments'>
            <a class='comment-link' expr:href='data:post.addCommentUrl' expr:onclick='data:post.addCommentOnclick'><b:if cond='data:post.numComments == 1'>1 <data:top.commentLabel/><b:else/><data:post.numComments/> <data:top.commentLabelPlural/></b:if></a>
          </b:if>
      </span>
          </b:if>

    <div class='post-footer-line post-footer-line-1'>
      <span class='reaction-buttons'>
        <b:if cond='data:top.showReactions'>
          <table border='0' cellpadding='0' cellspacing='0' width='100%'><tr>
            <td class='reactions-label-cell' nowrap='nowrap' valign='top' width='1%'>
              <span class='reactions-label'>
              <data:top.reactionsLabel/></span>&#160;</td>
            <td><iframe allowtransparency='true' class='reactions-iframe' expr:src='data:post.reactionsUrl' frameborder='0' name='reactions' scrolling='no'/></td>
           </tr></table>
        </b:if>
      </span>

      <span class='star-ratings'>
        <b:if cond='data:top.showStars'>
           <div expr:g:background-color='data:backgroundColor' expr:g:text-color='data:textColor' expr:g:url='data:post.absoluteUrl' g:height='42' g:type='RatingPanel' g:width='280'/>
        </b:if>
      </span>

      
       <!-- backlinks -->
       <span class='post-backlinks post-comment-link'>
         <b:if cond='data:blog.pageType != &quot;item&quot;'>
           <b:if cond='data:post.showBacklinks'>
             <a class='comment-link' expr:href='data:post.url + &quot;#links&quot;'><data:top.backlinkLabel/></a>
           </b:if>
         </b:if>
       </span>

      <span class='post-icons'>
        <!-- email post links -->
        <b:if cond='data:post.emailPostUrl'>
          <span class='item-action'>
          <a expr:href='data:post.emailPostUrl' expr:title='data:top.emailPostMsg'>
              <img alt='' class='icon-action' height='13' src='http://www.blogger.com/img/icon18_email.gif' width='18'/>
          </a>
          </span>
        </b:if>

        <!-- quickedit pencil -->
        <b:include data='post' name='postQuickEdit'/>
      </span>

      </div>

      <div class='post-footer-line post-footer-line-2'>
<b:if cond='data:blog.pageType == &quot;item&quot;'>
      <span class='post-labels'>
        <b:if cond='data:post.labels'>
          <data:postLabelsLabel/>
          <b:loop values='data:post.labels' var='label'>
            <a expr:href='data:label.url' rel='tag'><data:label.name/></a><b:if cond='data:label.isLast != &quot;true&quot;'>,</b:if>
          </b:loop>
        </b:if>
      </span>
</b:if>
      </div>

      <div class='post-footer-line post-footer-line-3'>
      <span class='post-location'>
        <b:if cond='data:top.showLocation'>
          <b:if cond='data:post.location'>
            <data:postLocationLabel/>
            <a expr:href='data:post.location.mapsUrl' target='_blank'><data:post.location.name/></a>
          </b:if>
        </b:if>
      </span>
      </div>
    </div>
  </div>
</b:includable>
<b:includable id='status-message'>
<b:if cond='data:navMessage'>
<div>
</div>
<div style='clear: both;'/>
</b:if>
</b:includable>
<b:includable id='comment-form' var='post'>
  <div class='comment-form'>
    <a name='comment-form'/>
    <h4 id='comment-post-message'><data:postCommentMsg/></h4>
    <p><data:blogCommentMessage/></p>
    <data:blogTeamBlogMessage/>
    <a expr:href='data:post.commentFormIframeSrc' id='comment-editor-src'/>
    <iframe allowtransparency='true' class='blogger-iframe-colorize blogger-comment-from-post' frameborder='0' height='410' id='comment-editor' name='comment-editor' src='' width='510'/>
    <data:post.friendConnectJs/>
    <data:post.cmtfpIframe/>
    <script type='text/javascript'>
      BLOG_CMT_createIframe(&#39;<data:post.appRpcRelayPath/>&#39;, &#39;<data:post.communityId/>&#39;);
    </script>
  </div>
</b:includable>
<b:includable id='backlinkDeleteIcon' var='backlink'>
  <span expr:class='&quot;item-control &quot; + data:backlink.adminClass'>
    <a expr:href='data:backlink.deleteUrl' expr:title='data:top.deleteBacklinkMsg'>
      <img src='//www.blogger.com/img/icon_delete13.gif'/>
    </a>
  </span>
</b:includable>
<b:includable id='postQuickEdit' var='post'>
  <b:if cond='data:post.editUrl'>
    <span expr:class='&quot;item-control &quot; + data:post.adminClass'>
      <a expr:href='data:post.editUrl' expr:title='data:top.editPostMsg'>
        <img alt='' class='icon-action' height='18' src='http://img2.blogblog.com/img/icon18_edit_allbkg.gif' width='18'/>
      </a>
    </span>
  </b:if>
</b:includable>
<b:includable id='main' var='top'>
  <!-- posts -->
  <div class='blog-posts hfeed'>

    <b:include data='top' name='status-message'/>

    <data:defaultAdStart/>
    <b:loop values='data:posts' var='post'>
      <b:if cond='data:post.dateHeader'>
        <h2 class='date-header'><data:post.dateHeader/></h2>
      </b:if>
      <b:include data='post' name='post'/>
      <b:if cond='data:blog.pageType == &quot;static_page&quot;'>
        <b:include data='post' name='comments'/>
      </b:if>
      <b:if cond='data:blog.pageType == &quot;item&quot;'>
        <b:include data='post' name='comments'/>
      </b:if>
      <b:if cond='data:post.includeAd'>
        <b:if cond='data:post.isFirstPost'>
          <data:defaultAdEnd/>
        <b:else/>
          <data:adEnd/>
        </b:if>
        <div class='inline-ad'>
          <data:adCode/>
        </div>
        <data:adStart/>
      </b:if>
      <b:if cond='data:post.trackLatency'>
        <data:post.latencyJs/>
      </b:if>
    </b:loop>
    <data:adEnd/>
  </div>

  <!-- navigation -->
  <b:include name='nextprev'/>

  
  <b:if cond='data:top.showStars'>
    <script src='http://www.google.com/jsapi' type='text/javascript'/>
    <script type='text/javascript'>
      google.load(&quot;annotations&quot;, &quot;1&quot;, {&quot;locale&quot;: &quot;<data:top.languageCode/>&quot;});
      function initialize() {
        google.annotations.setApplicationId(<data:top.blogspotReviews/>);
        google.annotations.createAll();
        google.annotations.fetch();
      }
      google.setOnLoadCallback(initialize);
    </script>
  </b:if>
</b:includable>
<b:includable id='commentDeleteIcon' var='comment'>
  <span expr:class='&quot;item-control &quot; + data:comment.adminClass'>
    <a expr:href='data:comment.deleteUrl' expr:title='data:top.deleteCommentMsg'>
      <img src='//www.blogger.com/img/icon_delete13.gif'/>
    </a>
  </span>
</b:includable>
<b:includable id='feedLinks'>
  <b:if cond='data:blog.pageType != &quot;item&quot;'> <!-- Blog feed links -->
    <b:if cond='data:feedLinks'>
      <div class='blog-feeds'>
        <b:include data='feedLinks' name='feedLinksBody'/>
      </div>
    </b:if>

    <b:else/> <!--Post feed links -->
    <div class='post-feeds'>
      <b:loop values='data:posts' var='post'>
        <b:if cond='data:post.allowComments'>
          <b:if cond='data:post.feedLinks'>
            <b:include data='post.feedLinks' name='feedLinksBody'/>
          </b:if>
        </b:if>
      </b:loop>
    </div>
  </b:if>
</b:includable>
<b:includable id='feedLinksBody' var='links'>
  <div class='feed-links'>
  <data:feedLinksMsg/>
  <b:loop values='data:links' var='f'>
     <a class='feed-link' expr:href='data:f.url' expr:type='data:f.mimeType' target='_blank'><data:f.name/> (<data:f.feedType/>)</a>
  </b:loop>
  </div>
</b:includable>
<b:includable id='comments' var='post'>
  <div class='comments' id='comments'>
    <a name='comments'/>
    <b:if cond='data:post.allowComments'>
      <h4>
        <b:if cond='data:post.numComments == 1'>
          1 <data:commentLabel/>:
        <b:else/>
          <data:post.numComments/> <data:commentLabelPlural/>:
        </b:if>
      </h4>

      <b:if cond='data:post.commentPagingRequired'>
        <span class='paging-control-container'>
          <a expr:class='data:post.oldLinkClass' expr:href='data:post.oldestLinkUrl'><data:post.oldestLinkText/></a>
          &#160;
          <a expr:class='data:post.oldLinkClass' expr:href='data:post.olderLinkUrl'><data:post.olderLinkText/></a>
          &#160;
          <data:post.commentRangeText/>
          &#160;
          <a expr:class='data:post.newLinkClass' expr:href='data:post.newerLinkUrl'><data:post.newerLinkText/></a>
          &#160;
          <a expr:class='data:post.newLinkClass' expr:href='data:post.newestLinkUrl'><data:post.newestLinkText/></a>
        </span>
      </b:if>

      <div expr:class='data:post.postAuthorClass' expr:id='data:widget.instanceId + &quot;_comments-block-wrapper&quot;'>
        <dl expr:class='data:post.avatarIndentClass' id='comments-block'>
          <b:loop values='data:post.comments' var='comment'>
            <dt expr:class='&quot;comment-author &quot; + data:comment.authorClass' expr:id='data:comment.anchorName'>
              <b:if cond='data:comment.favicon'>
                <img expr:src='data:comment.favicon' height='16px' style='margin-bottom:-2px;' width='16px'/>
              </b:if>
              <a expr:name='data:comment.anchorName'/>
              <b:if cond='data:blog.enabledCommentProfileImages'>
                <data:comment.authorAvatarImage/>
              </b:if>
              <b:if cond='data:comment.authorUrl'>
                <a expr:href='data:comment.authorUrl' rel='nofollow'><data:comment.author/></a>
              <b:else/>
                <data:comment.author/>
              </b:if>
              <data:commentPostedByMsg/>
            </dt>
            <dd expr:class='&quot;comment-body &quot; + data:comment.commentAuthorClass' expr:id='data:widget.instanceId + data:comment.cmtBodyIdPostfix'>
              <b:if cond='data:comment.isDeleted'>
                <span class='deleted-comment'><data:comment.body/></span>
              <b:else/>
                <p>
                  <data:comment.body/>
                  <span class='interaction-iframe-guide'/>
                </p>
              </b:if>
            </dd>
            <dd class='comment-footer'>
              <span class='comment-timestamp'>
                <a expr:href='data:comment.url' title='comment permalink'>
                  <data:comment.timestamp/>
                </a>
                <b:include data='comment' name='commentDeleteIcon'/>
              </span>
            </dd>
          </b:loop>
        </dl>
      </div>

      <b:if cond='data:post.commentPagingRequired'>
        <span class='paging-control-container'>
          <a expr:class='data:post.oldLinkClass' expr:href='data:post.oldestLinkUrl'>
            <data:post.oldestLinkText/>
          </a>
          <a expr:class='data:post.oldLinkClass' expr:href='data:post.olderLinkUrl'>
            <data:post.olderLinkText/>
          </a>
          &#160;
          <data:post.commentRangeText/>
          &#160;
          <a expr:class='data:post.newLinkClass' expr:href='data:post.newerLinkUrl'>
            <data:post.newerLinkText/>
          </a>
          <a expr:class='data:post.newLinkClass' expr:href='data:post.newestLinkUrl'>
            <data:post.newestLinkText/>
          </a>
        </span>
      </b:if>

      <p class='comment-footer'>
        <b:if cond='data:post.embedCommentForm'>
          <b:if cond='data:post.allowNewComments'>
            <b:include data='post' name='comment-form'/>
          <b:else/>
            <data:post.noNewCommentsText/>
          </b:if>
        <b:else/>
          <b:if cond='data:post.allowComments'>
            <a expr:href='data:post.addCommentUrl' expr:onclick='data:post.addCommentOnclick'><data:postCommentMsg/></a>
          </b:if>
        </b:if>

      </p>
    </b:if>

    <div id='backlinks-container'>
    <div expr:id='data:widget.instanceId + &quot;_backlinks-container&quot;'>
       <b:if cond='data:post.showBacklinks'>
         <b:include data='post' name='backlinks'/>
       </b:if>
    </div>
    </div>
  </div>
</b:includable>
</b:widget>
</b:section>
      </div>

      <div id='sidebar-wrapper'>
 <div class='search'>
<form action='/search' id='search' method='get'>
<div>
<input id='search-text' name='q' type='text'/>
<input id='search-submit' type='submit' value='Search'/>
</div>
</form>
</div>

<div id='social'>
<div class='social'>
  <a href='YOUR-FACEBOOK-ACCOUNT-HERE'><img alt='Facebook' src='http://1.bp.blogspot.com/_aAjcAMHOGT4/S4N9fz9gSAI/AAAAAAAAB-k/HJd02lSwT9w/s1600/facebook%2Bicon.jpg' title='My Facebook'/></a>
  <a href='YOUR-TWITTER-ACCOUNT-HERE'><img alt='RSS' src='http://3.bp.blogspot.com/_aAjcAMHOGT4/S4N9hDVB9jI/AAAAAAAAB-8/69WE0ppgck4/s1600/twitter%2Bicon.jpg' title='Follow Us on Twitter'/></a>
  <a href='YOUR-RSS=FEED-LINK-HERE'><img alt='RSS' src='http://3.bp.blogspot.com/_aAjcAMHOGT4/S4N9g_MOyXI/AAAAAAAAB-0/uGwPt70mH8I/s1600/subcriberss%2Bicon.jpg' title='Subscribe via RSS'/></a>
  <a href='YOUR-EMAIL-SUBCRIBE-:INK-HERE'><img alt='email' src='http://1.bp.blogspot.com/_aAjcAMHOGT4/S4N9gud9gkI/AAAAAAAAB-s/dmPKf9Aoiv8/s1600/subcribe%2Bemail%2Bicon.jpg' title='Subscribe via Email'/></a>
</div>
</div>

      <div id='sidebarr-wrapper'>
        <b:section class='sidebarr' id='sidebarr' preferred='yes'>
<b:widget id='HTML2' locked='false' title='Popular Post' type='HTML'>
<b:includable id='main'>
  <!-- only display title if it's non-empty -->
  <b:if cond='data:title != &quot;&quot;'>
    <h2 class='title'><data:title/></h2>
  </b:if>
  <div class='widget-content'>
    <data:content/>
  </div>

  <b:include name='quickedit'/>
</b:includable>
</b:widget>
</b:section>
     </div>

<div id='sidebarl-wrapper'>
        <b:section class='sidebarl' id='sidebarl' preferred='yes'>
<b:widget id='HTML4' locked='false' title='Advertise' type='HTML'>
<b:includable id='main'>
  <!-- only display title if it's non-empty -->
  <b:if cond='data:title != &quot;&quot;'>
    <h2 class='title'><data:title/></h2>
  </b:if>
  <div class='widget-content'>
    <data:content/>
  </div>

  <b:include name='quickedit'/>
</b:includable>
</b:widget>
<b:widget id='HTML3' locked='false' title='' type='HTML'>
<b:includable id='main'>
  <!-- only display title if it's non-empty -->
  <b:if cond='data:title != &quot;&quot;'>
    <h2 class='title'><data:title/></h2>
  </b:if>
  <div class='widget-content'>
    <data:content/>
  </div>

  <b:include name='quickedit'/>
</b:includable>
</b:widget>
</b:section>
      </div>
      </div>

      <!-- spacer for skins that want sidebar and main to be the same height-->
      <div class='clear'>&#160;</div>

    </div> <!-- end content-wrapper -->

<div id='bottom-wrapper'>
<div id='bottomim1-wrapper'>
<b:section class='bottomim1' id='bottomim10' preferred='yes'>
<b:widget id='HTML7' locked='false' title='Recent Comments' type='HTML'>
<b:includable id='main'>
  <!-- only display title if it's non-empty -->
  <b:if cond='data:title != &quot;&quot;'>
    <h2 class='title'><data:title/></h2>
  </b:if>
  <div class='widget-content'>
    <data:content/>
  </div>

  <b:include name='quickedit'/>
</b:includable>
</b:widget>
</b:section>
</div>

<div id='bottomim2-wrapper'>
<b:section class='bottomim2' id='bottomim20' preferred='yes'>
<b:widget id='HTML51' locked='false' title='Recent Posts' type='HTML'>
<b:includable id='main'>
  <!-- only display title if it's non-empty -->
  <b:if cond='data:title != &quot;&quot;'>
    <h2 class='title'><data:title/></h2>
  </b:if>
  <div class='widget-content'>
    <data:content/>
  </div>

  <b:include name='quickedit'/>
</b:includable>
</b:widget>
</b:section>
</div>

<div id='bottomim3-wrapper'>
<b:section class='bottomim3' id='bottomim30' preferred='yes'>
<b:widget id='Profile1' locked='false' title='About Me' type='Profile'>
<b:includable id='main'>
    <b:if cond='data:title != &quot;&quot;'>
      <h2><data:title/></h2>
    </b:if>
    <div class='widget-content'>
    <b:if cond='data:team == &quot;true&quot;'> <!-- team blog profile -->
      <ul>
        <b:loop values='data:authors' var='i'>
          <li><a expr:href='data:i.userUrl'><data:i.display-name/></a></li>
        </b:loop>
      </ul>

      <b:else/> <!-- normal blog profile -->

      <b:if cond='data:photo.url != &quot;&quot;'>
        <a expr:href='data:userUrl'><img class='profile-img' expr:alt='data:photo.alt' expr:height='data:photo.height' expr:src='data:photo.url' expr:width='data:photo.width'/></a>
      </b:if>

      <dl class='profile-datablock'>
        <dt class='profile-data'><data:displayname/></dt>

        <b:if cond='data:showlocation == &quot;true&quot;'>
          <dd class='profile-data'><data:location/></dd>
        </b:if>

        <b:if cond='data:aboutme != &quot;&quot;'><dd class='profile-textblock'><data:aboutme/></dd></b:if>
      </dl>
      <a class='profile-link' expr:href='data:userUrl'><data:viewProfileMsg/></a>
    </b:if>

     <b:include name='quickedit'/>
    </div>
  </b:includable>
</b:widget>
</b:section>
</div>

<div style='clear: both;'/>
</div> </div><!-- end bottom-wrapper -->
</div>

<!-- end outer-wrapper -->
<div id='credit'>
<a expr:href='data:blog.homepageUrl'><data:blog.title/></a> | Template Ireng Manis &#169; 2010 <a href='http://freetemplate-ajah.blogspot.com/'>Free Template Ajah</a>. Distribution by <a href='http://dhetemplate.blogspot.com/'>Dhe Template</a>. Supported by <a href='http://dhe-loans.blogspot.com/'>Cash Money Today</a> and <a href='http://dheforex.blogspot.com/'>Forex Broker Info</a></div>
</body>
</html>