<?xml version="1.0" encoding="UTF-8" ?>
<!DOCTYPE html>
<HTML expr:dir='data:blog.languageDirection'>
<head>
 <meta charset='UTF-8'/>
	<meta content='width=device-width, initial-scale=1, maximum-scale=1' name='viewport'/> 	
	<b:include data='blog' name='all-head-content'/>
    <title>
      <b:if cond='data:blog.pageType == &quot;index&quot;'>
        <data:blog.pageTitle/>
        <b:else/>
        <b:if cond='data:blog.pageType != &quot;error_page&quot;'>
          <data:blog.pageName/> - <data:blog.title/>
          <b:else/>
          Page Not Found | <data:blog.title/> 
        </b:if>
      </b:if>
    </title>

    <b:if cond='data:blog.pageType == &quot;archive&quot;'>
    <meta content='noindex,noarchive' name='robots'/>
    </b:if>
	<meta content='YOUR-DESCRIPTION-HERE' name='description'/>
	<meta content='YOUR-KEYWORDS-HERE' name='keywords'/>
	
    &lt;style type=&quot;text/css&quot;&gt;&lt;!-- /*<b:skin><![CDATA[/*
-----------------------------------------------
Blogger Template Style
Name:     	Hooly Responsive Template
Author:		Dicky Jauhar
Url:        http://pinklytemplates.blogspot.com/
Date:     	26 Jun 2014
----------------------------------------------- */

/* --- Layout --- */
body#layout #outer-wrapper {padding:10px;width:980px}
body#layout #header-wrapper{margin:50px auto 0;width:980px}
body#layout #wrapper{width:980px}
body#layout #header{margin:0 auto;width:40%;float:left}
body#layout #headerright{margin:0 auto;width:60%;float:right}
body#layout #content-wrapper {width:960px}
body#layout #main-wrapper {width:65%;float:left;}
body#layout #sidebar-wrapper {float:right;width:30%}
body#layout #footer-wrapper {width: 980px}
body#layout #footer-left {margin: 0px;float:left;width:33%}
body#layout #footer-column-center {margin: 0px 4.5px;float:left;width:33%}
body#layout #footer-right {float:right;width:33%}
body#layout #footer-bottom {width: 960px}
body#layout ul,li,a {list-style:none}

/* RESET CSS
---------------------------------- */
/* http://meyerweb.com/eric/tools/css/reset/ 
   v2.0 | 20110126
   License: none (public domain)
*/

html, body, div, span, applet, object, iframe,
h1, h2, h3, h4, h5, h6, p, blockquote, pre,
a, abbr, acronym, address, big, cite, code,
del, dfn, em, img, ins, kbd, q, s, samp,
small, strike, strong, sub, sup, tt, var,
b, u, i, center,
dl, dt, dd, ol, ul, li,
fieldset, form, label, legend,
table, caption, tbody, tfoot, thead, tr, th, td,
article, aside, canvas, details, embed, 
figure, figcaption, footer, header, hgroup, 
menu, nav, output, ruby, section, summary,
time, mark, audio, video {
	margin: 0;
	padding: 0;
	border: 0;
	font-size: 100%;
	font: inherit;
	vertical-align: baseline;
}
/* HTML5 display-role reset for older browsers */
article, aside, details, figcaption, figure, 
footer, header, hgroup, menu, nav, section {
	display: block;
}
body {
	line-height: 1;
}
ol, ul {
	list-style: none;
}
blockquote, q {
	quotes: none;
}
blockquote:before, blockquote:after,
q:before, q:after {
	content: '';
	content: none;
}
table {
	border-collapse: collapse;
	border-spacing: 0;
}
* {
  -webkit-box-sizing:border-box;
  -moz-box-sizing:border-box;
  box-sizing:border-box;
  margin:0;
  padding:0;
}

html body {
  min-width:0;
  max-width:100%;
  height:101%;
  width:100%;
}

body {
  background:#ECECEC;
  color:#666;
  font-family:Arial,Verdana,sans-serif;
  line-height:1.6em;
  font-size:100%;
}

a:link,
a:visited {
  color:#36D7B7;
  text-decoration:none;
}

a:hover {
  color:#c0392a;
  -moz-transition:all .2s ease-out;
  -o-transition:all .2s ease-out;
  -webkit-transition:all .2s ease-out;
  -ms-transition:all .2s ease-out;
  transition:all .2s ease-out;
}

a img {
  border-width:0;
}

img {
  max-width:100%;
}

.clearfix:before,
.clearfix:after {
  content:" ";
  display:table;
}

.clearfix:after {
  clear:both;
}

.clearfix {
  zoom:1;
}

.quickedit {
  display:none;
}
#navbar,#navbar-iframe {
  display:none;
  height:0;
  visibility:hidden;
}

#outer-wrapper {
  width:100%;
  text-align:left;
  margin:0 auto;
}

#header-wrapper {
  clear:both;
  width:100%;
  background:#333;
  overflow:hidden;
  margin:0 auto;
}

.wrapper {
  background:#333;
  max-width:1200px;
  overflow:hidden;
  margin:0 auto;
}

/* HEADER WRAPPER
------------------------------------ */
#header-inner {
  background-position:center;
  margin-left:auto;
  margin-right:auto;
}

#header {
  float:left;
  background:#1BA39C;
  display:block;
  height:80px;
  width:auto;
}

#header h1 {
  width:250px;
  text-transform:uppercase;
  letter-spacing:.1em;
  color:#fff;
  font-size:29px;
  line-height:1.1em;
  text-align:center;
  margin:0 auto;
  padding:10px 0;
}

#header a {
  color:#fff;
  display:block;
}

#header a:hover {
  color: transparent!important;
  text-shadow: 0 0 10px #fff!important;
}

#header .description {
  max-width:284px;
  text-transform:uppercase;
  font-size:.65em;
  color:#fff;
  letter-spacing:.1em;
  line-height:1.1em;
  text-align:center;
  margin:0 auto;
  padding:5px 0 0;
}

#header img,
.headerright img {
  margin-left:auto;
  margin-right:auto;
}

#headerright {
  height:auto;
  float:left;
  width:50%;
  margin:0 auto;
}

.headerright .widget {
  padding:2.2% 5% 2.1%;
}

/* MENU WRAPPER
------------------------------------ */
#menu-wrapper {
  background:#444;
  width: 100%;
  color: #FFFFFF;
  font-family: 'Open Sans', sans-serif;
  font-weight: 400;
  overflow: hidden;
  text-transform: uppercase;
}

#nav {
  float:left;
  font-size:.876em;
  text-transform:uppercase;
  overflow:hidden;
  width:100%;
  margin:0 auto;
}

#nav ul {
  list-style:none;
  margin:0;
  padding:0;
}

#nav ul li {
  float:left;
}

#nav ul li a {
  float:left;
  color:#fafafa;
  line-height:1.9em;
  text-decoration:none;
  background:transparent;
  padding:10px 15px 11px;
}

#nav ul li a:hover,
#nav ul li:hover > a {
  background:#151515;
  color:#eee;
}

#nav li ul a:hover,
#nav ul li li:hover > a {
  color:#fff;
  background:#252525;
}

#nav li ul {
  background:#151515;
  left:-999em;
  position:absolute;
  width:150px;
  z-index:9999;
  margin:47px 0 0;
}

#nav li:hover ul {
  left:auto;
}

#nav li ul a {
  background:none;
  width:150px;
  font-size:.8em;
}

.nav ul li ul {
  position:absolute;
  left:0;
  display:none;
  visibility:hidden;
}

.nav ul li ul li {
  display:list-item;
  float:none;
}

.nav ul li ul li ul {
  top:0;
}

.nav ul li ul li a {
  width:160px;
  border-top-width:0;
  margin:0;
  padding:5px;
}

#nav li li ul {
  visibility:hidden;
  margin:-1px 0 0 160px;
}

#nav li li:hover ul {
  visibility:visible;
}

#menu-top {
  float:right;
  height:auto;
  overflow:hidden;
  width:20%;
  position:relative;
  margin:2px;
  padding:15px;
}

/* SEARCH WRAPPER
------------------------------------ */
#search {
  background:#444;
  border:1px solid #666;
  position:relative;
  width:100%;
  margin:0;
  padding:0 10px;
}

#searchform {
  background:#444;
  height:42px;
  overflow:hidden;
}

#sbox {
  font-size:12px;
  float:right;
  width:78%;
  line-height:14px;
  border:0 none;
  background:#444;
  color:#ccc;
  outline:none;
  margin:3px 0;
  padding:10px 0 10px 1em;
}

#searchbutton {
  background:url(http://1.bp.blogspot.com/-_sbiZgJkxd8/Uua4kqCZIwI/AAAAAAAAFZk/eJawjnqbR9Q/s1600/icon-search.png) no-repeat center;
  border:0 none;
  display:block;
  float:left;
  height:40px;
  text-indent:-1000em;
  width:30px;
  outline:none;
  position:absolute;
  cursor:pointer;
}

/* MAIN
------------------------------------ */
#content-wrapper {
  max-width:1220px;
  margin:2% auto;
  padding:0 10px;
}

#main-wrapper {
  width:70%;
  float:left;
  word-wrap:break-word;
  overflow:hidden;
}

#sidebar-wrapper {
  width:28%;
  float:right;
  word-wrap:break-word;
  overflow:hidden;
}

.widget .popular-posts ul {
  list-style:none;
}

.date-header {
  font-size:.6em;
  display:none;
  margin:1.5em 20px .5em;
}

/* POSTING
------------------------------------ */
.post {
  background:#fff;
  border:1px solid #E6E6E6;
  margin:0 auto 2%;
  padding:2.5% 5%;
}


.post h1, .post h2 a,
.post h2 a:visited,
.post h2 strong {
  display: block;
  text-decoration: none;
  margin-bottom: 14px;
  color: #444;
  font-size: 30px;
  text-transform: uppercase;
  font-family: 'Open-Sans', sans-serif;
  font-weight: 400;
}

.post h2 strong,
.post h2 a:hover {
  color:#f04e46;
}

.post-body {
  padding-top:2%;
  font-size:.9em;
  line-height:1.6em;
  position:relative;
}

.post-body blockquote {
  line-height:1.3em;
}

.post ul {
  list-style-type:disc;
  line-height:1.4em;
  font-size:1em;
  margin:0;
  padding:12px 0 12px 30px;
}

.post ol {
  line-height:1.4em;
  font-size:1em;
  margin:0;
  padding:12px 0 12px 30px;
}

.post li {
  margin:0;
  padding:0 0 8px;
}

.comment-link {
  margin-left:.6em;
}

.post-body img,
.post-body .tr-caption-container {
  height:auto;
  max-width:100%;
  padding:1% 0;
}

.post-body .tr-caption-container {
  color:#777;
}
.post-header {
  border-bottom:1px solid #F7F7F7;
  border-top:1px solid #F7F7F7;
  color:#BBB;
  display:inline-block;
  font-family:'Open-Sans',sans-serif;
  font-size:14px;
  padding:5px 0;
  text-transform:uppercase;
  width:100%;
  line-height:200%;
}

.post-header a {
  background: #f3f3f3;
color: #64726F;
font-size: 12px;
line-height: 20px;
padding: 0 7px;
display: inline-block;
}

.post-header a:hover {
  color:#ccc;
}

.post-header-line-1 {
  float:left;
}
.post-body .tr-caption-container img {
  background:transparent;
  border:0 none;
  padding:1% 0;
}

.post blockquote {
  background:#232323;
  color:#fafafa;
  font-size:1.063em;
  font-family:Georgia,serif;
  font-weight:400;
  font-style:italic;
  line-height:1.375em;
  margin:1em 20px;
  padding:15px 20px 15px 15px;
}

.post blockquote p {
  margin:.75em 0;
}

/* COMMENTS
------------------------------------ */
#comments {}

#comments h3 {
 border-radius:3px;font-size:16px;font-family:'Open Sans', Sans-Serif;text-transform:uppercase;font-weight:normal;left:0;top:-53px;background:#1BA39C;color:#fff;width:100%;padding:14px 20px 14px 20px;
}

.comment-body-author {
  background:#FFFFFF;
  color:#008000;
  border:1px dotted #008000;
  margin:0;
  padding:0 0 0 10px;
}

.comment_share {
  color:#999999;
  cursor:pointer;
  font-family:verdana;
  font-size:10px;
  line-height:1.5em;
  max-width:100%;
  font-weight:normal;
  padding-left:5px;
}

#comment_rep a:hover {
  text-decoration:none;
  color:#464646 !important;
}

.comment_avatar {
  height:48px;
  width:48px;
  background:#F0F0F0 url(http://2.bp.blogspot.com/-KjVxDap0Bzs/Uc7Jfm_9VWI/AAAAAAAAEqs/jD56hYNIm88/s48/anon48.gif) no-repeat center center;
  float:left;
  margin-right:10px;
  overflow:hidden;
}

.comment_name {
  color:#444;
  font-size:18px;
  font-weight:normal;
  line-height:19.5px;
  max-width:100%;
  text-decoration:none;
  margin-top:10px;
  text-transform:uppercase;
}

.comment-menu {
  float:right;
  list-style:none;
  width:0;
  height:0;
}

.comment_name a {
  text-transform:uppercase;
  font-size:18px;
  color:#444;
  text-decoration:none;
}

.comment_name a:hover {
  color:#58BEC2;
  text-decoration:none;
}

.comment_body p {
  font-size:14px;
  line-height:22px;
}

.comment_body {
  margin-top: 20px;
  margin-bottom: 20px;
  background: #fff;
  border: 1px solid #d2d2d2;
  padding: 20px 20px;
  position: relative;
}

.comment_date {
  color:#999;
  font-size:11px;
  line-height:25px;
  cursor:pointer;
  float: right;
  font-weight:normal;
}

#comments .separate {
  color:#cccccc;
  font-family:'Oswald',Arial,Helvetica,sans-serif;
  font-size:15px;
  line-height:40px;
  padding-left:5px;
  padding-right:5px;
  line-height:10px;
  t:15px;
}

#comments .author-mark {
  background:#d2d2d2;
  color:white;
  -webkit-border-radius:4px;
  -moz-border-radius:4px;
  border-radius:4px;
  padding:2px 6px 2px 6px;
  font-size:15px;
  line-height:15px;
}

.comment-share {
  display:inline;
}

.comment-share li {
  display:inline;
}

.comment-share li.button a {
  background:#555;
  color:white;
  padding:0 5px 2px 5px;
  -webkit-border-radius:4px;
  -moz-border-radius:4px;
  border-radius:4px;
  display:none;
}

.comment-share li.button:hover a {
  background:#000;
}

#comment_rep {
  margin-top:-27px;
  float:right;
}

.comment_child .comment_body {
  margin-top:10px;
  margin-bottom:30px;
}

.comment_child .comment_wrap {
  padding-left:40px;
}

.comment_reply {
  cursor: pointer;
  font-size: 15px;
  line-height: 1.5em;
  text-transform: uppercase;
  max-width: 100%;
  background: #F0F0FC;
  font-weight: 400;
  padding: 2px 12px;
  color: #999;
  float: right;
  position: absolute;
  right: 1px;
  bottom: 1px;
}

.comment_reply a {
  text-decoration:none;
  color:#999 !important;
  float:right;
  position:absolute;
}

.comment_admin .avatar-image-container {}

.unneeded-paging-control {
  display:none;
}

.comment-form {
  max-width:100%;
   !important;
  margin-top:-15px !important;
}

#comment-editor {
  width:101% !important;
}

.comment_reply_form .comment-form {
  width:100%;
}

.comment_youtube {
  max-width:100% !important;
  width:400px;
  height:225px;
  display:block;
  padding-top:10px;
  padding-bottom:10px;
}

#respond {
  overflow:hidden;
  padding-left:10px;
  clear:both;
}

.comment_avatar * {
  max-width:1000% !important;
  display:block;
  max-height:1000% !important;
  width:48px !important;
  height:48px !important;
  -webkit-border-radius:6px;
  -moz-border-radius:6px;
  border-radius:6px;
  margin-right:10px;
}

.comment_child .comment_avatar,
.comment_child .comment_avatar * {
  width:40px !important;
  height:40px !important;
  float:left;
  margin-right:10px;
}

.comment_form a {
  display:none
}

.comment_form a:hover {
  color:#2f6986;
  text-decoration:underline;
}

.comment_author_flag {
  display:none;
}

.comment_admin .comment_author_flag {
  display: inline;
  background: #C5C5C5;
  font-size: 14px;
  font-weight: normal;
  padding: 2px 6px;
  margin-left: 8px;
  border-radius: 1px;
  text-transform: uppercase;
  letter-spacing: .1em;
}

.comment-delete{
  display: initial;
  margin-top: 5px;
  margin-bottom: -15px;
  padding: 5px 8px;
  color: #fff!important;
  text-align: center;
  border-radius: 2px;
  background: #1BA39C;
  font: 11px 'Open Sans', sans-serif;
}

.comment-delete:hover{
  background: #36D7B7 !important;
  text-decoration:none!important
}

#comment-editor{width:100%!important;background:#C9CCCC url('http://1.bp.blogspot.com/-rsY7wh6e2f0/Ushv4RHGshI/AAAAAAAAM4c/8MZ9DTSm57I/s1600/ajax-loader.png') no-repeat 50% 30%;border-radius:2px;position:relative}

.comment-form {
  max-width:100%;
   !important;
  margin-top:25px !important;
}

.comment_arrow {
  display:block;
  width:18px;
  height:9px;
  background:url(http://4.bp.blogspot.com/-_VlXxLi-qDE/UjAI-0V0uhI/AAAAAAAAFXs/RN-kNnRHAqc/s1600/comment-arrow2.png) no-repeat;
  position:absolute;
  margin-top:-29px;
  margin-left:-5px;
}

.comment_emo_list .item {
  float:left;
  width:40px;
  text-align:center;
  height:40px;
  margin:10px 10px 0 0;
}

.comment_emo_list span {
  display:block;
  font-weight:bold;
  font-size:11px;
  letter-spacing:1px;
}

.comment_youtube {
  max-width:100% !important;
  width:400px;
  height:225px;
  display:block;
  margin:auto;
}

.comment_img {
  max-width:100% !important;
}
iframe {
  border:none;
  overflow:hidden;
}

/* BLOG PAGER
------------------------------------ */
.blog-pager {}

.blog-pager-older-link,
.home-link,
.blog-pager-newer-link {
  border:2px solid #444;
  padding:20px;
}

#blog-pager {
  clear:both;text-align:center;margin:0 auto;padding:23px;
}

#blog-pager a:link,
#blog-pager a:visited {
  border:2px solid #444;border-radius:4px;font-family:'Open Sans', sans-serif;font-weight:400;color:#444;font-size:17px;padding:19px;text-transform:uppercase;
}

#blog-pager a:hover {
  text-decoration:none;background:#444;color:#fff !important;padding:19px;
}

#blog-pager-newer-link {
  float:left;
}

#blog-pager-older-link {
  float:right;
}

/* SHOW PAGE NAVI
------------------------------------ */
.showpageArea a {
  text-decoration:none;
}

.showpageNum a {
  vertical-align: middle;
  display: inline-block;
  border: 2px solid #444;
  border-radius: 2px;
  color: #444 !important;
  font-weight: 300;
  font-size: 17px;
  text-transform:uppercase;
  transition: all 0.2s linear;
}

.showpageNum a:hover {
  background:#444 !important;
  color:#fff !important;
}

.showpagePoint {
  text-decoration: none;
  vertical-align: middle;
  display: inline-block;
  border: 2px solid #444;
  padding: 8px 12px;
  border-radius: 4px;
  color: #444 !important;
  font-weight: 300;
  font-size: 17px;
  margin-right:4px;
  transition: all 0.2s linear;
}

.showpageOf {
  text-decoration:none;
  padding:3px;
  margin:0 3px 0 0;
  font-size:15px margin:0 3px;
}

.showpage a {
  text-decoration: none;
  vertical-align: middle;
  display: inline-block;
  border: 2px solid #444;
  padding: 12px 10px;
  border-radius: 2px;
  text-transform:uppercase;
  color: #444 !important;
  font-weight: 300;
  font-size: 17px;
  transition: all 0.2s linear;
}

.showpage a:hover {
  background:#444 !important;
  color:#fff !important;
}

.showpageNum a:link,
.showpage a:link {
  text-decoration:none;
}

.showpageOf {
  display:none;
}

.showpageNum {
  margin:0 3px;
}

.showpageArea {
  padding-bottom:20px;
  padding-top:4px;
}
.post-author vcard {
  background: #f3f3f3;
  color: #aaa;
  font-size: 12px;
  line-height: 20px;
  padding: 0 7px;
  display: inline-block;
}

.post-timestamp {
  margin-left:7px;
}

.feed-links {
  display:none;
}

/* SIDEBAR WRAPPER
------------------------------------ */
.sidebar {
  color:#444;
  font-size:.75em;
  line-height:1.5em;
  margin:0 auto;
}

.sidebar h2 {
  font-weight:400;
  font-size:1.5em;
  background:#1BA39C;
  color:#fff;
  text-transform:uppercase;
  line-height:1.438em;
  margin-bottom:2%;
  padding:3% 5%;
}

.sidebar ul {
  list-style:none;
  margin:0;
  padding:0;
}

.sidebar li {
  margin:0;
  padding:2px 15px;
}

.sidebar .widget-content {
  padding:3%;
}

.main .widget {
  margin:0 0 1.5em;
  padding:0 0 1.5em;
}

.main .Blog {
  border-bottom-width:0;
}

.Profile img,
.Image img,
.BlogList .item-thumbnail img {
  border:0 none;
  padding:4px;
}

.cloud-label-widget-content {
  padding-left:10px !important;
  margin:0;
}

.label-size a {
  color:#fff !important;
  background:#1BA39C;
  float:left;
  border-radius:3px;
  display:block;
  -moz-transition:all .2s ease-out;
  -o-transition:all .2s ease-out;
  -webkit-transition:all .2s ease-out;
  -ms-transition:all .2s ease-out;
  transition:all .2s ease-out;
  margin:0 5px 5px 0;
  padding:13px;
}

.label-size a:hover {
  background-color:#65C6BB;
  color:#fff;
  text-decoration:none;
}

.label-size span {
  background:#e74c3c;
  color:#fff;
  clear:both;
  float:left;
  margin:0 0 3px;
  padding:8px 18px;
}

.label-size {
  position:relative;
  text-transform:uppercase;
  text-decoration:none;
  font-size:1em;
  font-family:'Open Sans', sans-serif;
  font-weight:400;
  color:#fff;
}

.label-size a,
.label-size a:visited {
  color:#fff;
  text-decoration:none;
}

.PopularPosts .item-thumbnail {
  float:left;
  margin:0 5px 5px 0;
}

.PopularPosts .widget-content ul li {
  padding:.7em 0;
}
.sidebar .PopularPosts h2 {
  font-weight:400;
  font-size:1.5em;
  background:#1BA39C;
  color:#fff;
  border-top-left-radius: 5px;
  border-top-right-radius: 5px;
  text-transform:uppercase;
  line-height:1.438em;
  margin-bottom:0;
  padding:3% 5%;
}

.sidebar .PopularPosts {
  text-transform:none;
  margin:0 0 20px;
  padding:0 auto;
}

.sidebar .PopularPosts .widget-content {
  padding:0 10px;
}

.sidebar .PopularPosts ul {
  margin:0;
  padding:0;
}

.sidebar .PopularPosts ul li {
  text-indent:0;
  line-height:1.3em;
  list-style:none;
  display:block;
  margin:0;
  padding:15px 0px;
}

.sidebar .PopularPosts li:hover {
  color:#333;
}

.sidebar .PopularPosts li a:hover {
  color:#333;
  text-decoration:none;
  -o-transition:all .4s ease-out;
  -webkit-transition:all .4s ease-out;
  -ms-transition:all .4s ease-out;
  transition:all .4s ease-out;
}

.sidebar .PopularPosts .item-content {
  margin:0;
  padding:0;
}

.sidebar .PopularPosts .item-title {
  font-size:1em;
  font-weight:700;
  text-decoration:none;
  text-transform:uppercase;
}

.sidebar .PopularPosts .item-snippet {
  font-size:.85em;
  line-height:1.4em;
  color:#333;
  margin:0 auto;
  padding:5px 0 5px 5px;
}

.sidebar .PopularPosts .item-thumbnail img {
  width: 100px;
  height: 97px;
  transition: all .2s ease-out;
  border: 4px solid #C4C4C4;
  margin-right: 4px;
}
.sidebar .PopularPosts .item-thumbnail img:hover {
  opacity:0.6;
}

/* RELATED POST
------------------------------------ */
#related-posts {
  background:none;
  float:left;
  width:100%;
  height:auto;
  margin:10px auto;
  padding:13px;
}

#related-posts a {
  color:#fff;
  font-size:.7em;
  font-weight:700;
  border:0 none !important;
}

#related-posts a:hover {
  color:$hovercolor;
  opacity:.7;
  filter:alpha(opacity=70);
  -moz-opacity:.7;
  -khtml-opacity:.7;
}

#related-posts h2 {
  color:#333;
  text-transform:uppercase;
  font-size:21px;
  text-align:center;
  margin:0 auto 15px;
  padding:10px 0;
}

/* FOOTER WRAPPER
------------------------------------ */
#footer-wrapper {
  background:#2C3E50;
  width:100%;
  clear:both;
  letter-spacing:.1em;
  margin:0 auto;
  padding:0 5px;
}

#footer-column-container {
  background:#2C3E50;
  font-size:.75em;
  max-width:1200px;
  margin:0 auto;
  padding:5px;
}

.footer-column {
  color:#fafafa;
  line-height:1.5em;
  margin:1%;
  padding:5px;
}

#footer-left {
  float:left;
  width:33%;
  margin:0;
}

#footer-column-center {
  float:left;
  width:33%;
  margin:0 4.5px;
}

#footer-right {
  float:right;
  width:33%;
}

.footer-column h2 {
  font-weight: 400;
  font-size: 1.3em;
  color: #fff;
  text-align: center;
  font-family: 'Open Sans', sans-serif;
  border-bottom: 1px solid #434B61;
  text-transform: uppercase;
  line-height: 1.438em;
  margin-bottom: 3%;
  padding: 3% 5%;
}

.footer-column ul {
  list-style:none;
  margin:0;
  padding:0;
}

.footer-column li {
  line-height:1.6em;
  border-bottom:1px solid #353535;
  margin:5px 0;
  padding:0 10px .35em 0;
}

.footer-column .widget {
  margin:0 0 1.5em;
  padding:0 0 1.5em;
}

.credits {
  max-width: 1200px;
  border-top: 1px solid #434B61;
  display: block;
  font-size: 1em;
  text-transform: uppercase;
  margin: 5px;
  padding: 0 20px;
}

.footleft {
  float:left;
  width:40%;
  padding:20px 0;
}

.footright {
  float:right;
  text-align:right;
  width:58%;
  padding:20px 0;
}

#backtop {
  bottom:20px;
  position:fixed;
  right:15px;
  cursor:pointer;
  opacity:0.6;
}

/* READ MORE
------------------------------------ */
.read-more a {
  text-decoration:none;
  vertical-align:middle;
  display:inline-block;
  border:2px solid #444;
  padding:12px 10px;
  border-radius:4px;
  color:#444 !important;
  font-weight:300;
  margin-top:15px;
  text-transform:uppercase;
  font-size:17px;
  transition:all 0.2s linear;
}

.read-more a:hover {
  cursor:pointer;
  color:#fff !important;
  background:#444 !important;
  text-decoration:none;
}

.breadcrumbs{
  background: #1BA39C;
  padding: 13px 20px 13px 20px;
  margin-bottom: 19px;
  font-size: 14px;
  color: #fff;
  border-radius:3px;
  position: relative;
}
.breadcrumbs a{
  color:#F3F3F3;
  text-decoration:none;
}
.breadcrumbs a:hover{
  color:#95A5A6;
  text-shadow: 0 0 6px #95A5A6 !important;
  text-decoration:none;
}
@media screen and max-width 640px {
#header{width:100%;padding:10px;}
}
@media screen and max-width 600px {
#menu-wrapper{padding:10px;}
}
@media screen and max-device-width 480px {
.comments .comments-content .comment-replies{margin-left:0;}
}

]]></b:skin>

<b:if cond='data:blog.pageType == &quot;index&quot;'>
<!-- AUTO READMORE -->
<script type='text/javascript'>
var thumbnail_mode = &quot;float&quot; ;
summary_noimg = 530;
summary_img = 320;
img_thumb_height = 240;
img_thumb_width = 300;
</script>

<script type='text/javascript'>
//<![CDATA[

function removeHtmlTag(strx,chop){ 
	if(strx.indexOf("<")!=-1)
	{
		var s = strx.split("<"); 
		for(var i=0;i<s.length;i++){ 
			if(s[i].indexOf(">")!=-1){ 
				s[i] = s[i].substring(s[i].indexOf(">")+1,s[i].length); 
			} 
		} 
		strx =  s.join(""); 
	}
	chop = (chop < strx.length-1) ? chop : strx.length-2; 
	while(strx.charAt(chop-1)!=' ' && strx.indexOf(' ',chop)!=-1) chop++; 
	strx = strx.substring(0,chop-1); 
	return strx+'...'; 
}

function createSummaryAndThumb(pID){
	var div = document.getElementById(pID);
	var imgtag = "";
	var img = div.getElementsByTagName("img");
	var summ = summary_noimg;
	if(img.length>=1) {	
		if(thumbnail_mode == "float") {
			imgtag = '<span style="float:right; padding:0px 0px 0px 20px;margin:0 0 0 0 !important;"><img src="'+img[0].src+'" width="'+img_thumb_width+'px" height="'+img_thumb_height+'px"/></span>';
			summ = summary_img;
		} else {
			imgtag = '<div style="padding:0 5px" align="center"><img style="max-width:'+img_thumb_width+'px; max-height:'+img_thumb_height+'px;" src="'+img[0].src+'" /></div>';
			summ = summary_img;
		}
	}
	
	var summary = imgtag + '<div>' + removeHtmlTag(div.innerHTML,summ) + '</div>';
	div.innerHTML = summary;
}

//]]>
</script>


</b:if>

<style type='text/css'> 
<b:if cond='data:blog.pageType == &quot;static_page&quot;'>
  .post-body img {height:auto;width:100%;}
</b:if>

@media screen and (max-width: 980px) {
    #outer-wrapper {width:auto;margin:0 auto;}
    #header-wrapper, #wrapper {width:100%;height:auto;}
	#header img {width:100%; height:auto; float:none;margin:0 auto;padding-top:10px;}
    #content-wrapper {width:100%;margin:0 auto;padding:20px 10px;}
    #main-wrapper {float:left;margin:0 auto;}
    .newsletterBox {width:100%;}
    #sidebar-wrapper {float: right;margin:0 auto;}
    .post {margin-bottom:10px;padding:10px;}
	.post-body {text-align:justify;font-size:0.8em;line-height:1.3em;font-size:.9em;}
    .post-body img {width:100%;height:auto;}
	#footer-wrapper,#footer {float:none;width:auto;margin:0;padding:10px;}
	#credit-wrapper, #link-wrapper {width:100%;margin:0 auto;padding:20px 0;}
}

@media screen and (max-width: 640px) {
	#outer-wrapper {width:auto;margin:0 auto;}
    #header-wrapper,#header, #headerleft, #wrapper {width:100%;height:auto;}
	#header img {width:100%; height:auto; float:none;margin:0 auto;}
    #menu-top {width:100%;margin:5px auto;padding:5px;background:none;}
    #search {float:right;width:100%;border:0 none;}
    #bt-social {float:left;width:50%;background:none;margin:0;padding:0;}
    #content-wrapper {width:auto;margin:0 auto;padding:10px;}
	#main-wrapper {float:none;clear: left;margin: 0 0 10px;width:auto;}
	#sidebar-wrapper, .sidebar {display:none;}
 	.post {width:auto;margin-bottom:20px;padding:10px;}
	.post-body {text-align:justify;font-size:0.8em;line-height:1.3em;font-size:.9em;}
    .post-body img {width:100%;height:auto;padding:10px 0; margin:0;}
    #blog-pager {padding:0;width:100%;}
	.headerright {display:none;}
	.credits, .footleft, .footright {width: 100%;text-align:center;}
    #footer-wrapper {width:100%;float;none;}
	#footer-left, #footer-column-center, #footer-right {float:none; width:100%; margin;0 auto, padding:10px;}
    .showpageArea a {text-decoration:none;font-size: 0.75em;}
	#content-wrapper {width: 100%;}
       
}
</style>

<b:if cond='data:blog.pageType == &quot;item&quot;'>
<!-- RELATED POST SCRIPT -->
<script type='text/javascript'>//<![CDATA[
eval(function(p,a,c,k,e,d){e=function(c){return(c<a?'':e(parseInt(c/a)))+((c=c%a)>35?String.fromCharCode(c+29):c.toString(36))};if(!''.replace(/^/,String)){while(c--){d[e(c)]=k[c]||e(c)}k=[function(e){return d[e]}];e=function(){return'\\w+'};c=1};while(c--){if(k[c]){p=p.replace(new RegExp('\\b'+e(c)+'\\b','g'),k[c])}}return p}('4 3=o l();4 7=0;4 6=o l();4 8=o l();w 15(B){p(4 i=0;i<B.N.f.2;i++){4 f=B.N.f[i];3[7]=f.16.$t;17{8[7]=f.14.13}Z(10){s=f.11.$t;a=s.y("<Q");b=s.y("J=\\"",a);c=s.y("\\"",b+5);d=s.12(b+5,c-b-5);9((a!=-1)&&(b!=-1)&&(c!=-1)&&(d!="")){8[7]=d}A 8[7]=\'18://1.19.1g.1h/1i/1f/Y/1a/1b/1c.1d\'}9(3[7].2>I)3[7]=3[7].1j(0,I)+"...";p(4 k=0;k<f.C.2;k++){9(f.C[k].V==\'W\'){6[7]=f.C[k].E;7++}}}}w X(){4 m=o l(0);4 u=o l(0);4 q=o l(0);p(4 i=0;i<6.2;i++){9(!M(m,6[i])){m.2+=1;m[m.2-1]=6[i];u.2+=1;q.2+=1;u[u.2-1]=3[i];q[q.2-1]=8[i]}}3=u;6=m;8=q}w M(a,e){p(4 j=0;j<a.2;j++)9(a[j]==e)O 1e;O 1H}w 1F(){p(4 i=0;i<6.2;i++){9((6[i]==1I)||(!(3[i]))){6.n(i,1);3.n(i,1);8.n(i,1);i--}}4 r=P.1J((3.2-1)*P.1G());4 i=0;9(3.2>0)g.h(\'<R>\'+1k+\'</R>\');g.h(\'<x v="1D: 1L;"/>\');1K(i<3.2&&i<1P&&i<1Q){g.h(\'<a v="S-1M:1N;U:0 L H 0;1O:F;\');9(i!=0)g.h(\'"\');A g.h(\'"\');g.h(\' E="\'+6[r]+\'"><Q v="G:K;z:1E;1B: H 1q #1r;D:0;" J="\'+8[r]+\'"/><1p/><x v="G:K;D-F:T;1o:#1C;z:1l;S-1m:1n;U:T 1s; 1t: 1z L 1A 1y, 1x-1u; 1v-z:1w;">\'+3[r]+\'</x></a>\');9(r<3.2-1){r++}A{r=0}i++}g.h(\'</x>\');6.n(0,6.2);8.n(0,8.2);3.n(0,3.2)}',62,115,'||length|relatedTitles|var||relatedUrls|relatedTitlesNum|thumburl|if||||||entry|document|write||||Array|tmp|splice|new|for|tmp3||||tmp2|style|function|div|indexOf|height|else|json|link|padding|href|left|width|10px|35|src|170px|12px|contains_thumbs|feed|return|Math|img|h2|text|3px|margin|rel|alternate|removeRelatedDuplicates_thumbs|AAAAAAAAArk|catch|error|content|substr|url|gform_foot|related_results_labels_thumbs|title|try|http|bp|yL95WlyTqr0|s400|noimage|png|true|SosvnavWq0I|blogspot|com|_u4gySN2ZgqE|substring|relatedpoststitle|40px|align|center|color|br|solid|444|0px|font|serif|line|14px|sans|Sans|bold|Open|border|5F5959|clear|140px|printRelatedLabels_thumbs|random|false|currentposturl|floor|while|both|decoration|none|float|20|maxresults'.split('|'),0,{}))
//]]></script>
</b:if>


<link href='http://fonts.googleapis.com/css?family=Open+Sans:400,400italic,600' rel='stylesheet' type='text/css'/>
<script src='http://ajax.googleapis.com/ajax/libs/jquery/1.8.3/jquery.min.js' type='text/javascript'/>

  </head>

<body>
<div id='fb-root'/>
<script>(function(d, s, id) {
  var js, fjs = d.getElementsByTagName(s)[0];
  if (d.getElementById(id)) return;
  js = d.createElement(s); js.id = id;js.async=true;
  js.src = &quot;//connect.facebook.net/en_US/all.js#xfbml=1&quot;;
  fjs.parentNode.insertBefore(js, fjs);
}(document, &#39;script&#39;, &#39;facebook-jssdk&#39;));</script>

<div id='outer-wrapper'><div id='wrap2'>


    <div id='header-wrapper'>
	<div class='wrapper'>
	<div id='headerleft'>
      <b:section class='header' id='header' maxwidgets='1' showaddelement='no'>
        <b:widget id='Header1' locked='true' title='Hooly (Header)' type='Header'>
          <b:includable id='main'>

  <b:if cond='data:useImage'>
    <b:if cond='data:imagePlacement == &quot;BEHIND&quot;'>
      <!--
      Show image as background to text. You can't really calculate the width
      reliably in JS because margins are not taken into account by any of
      clientWidth, offsetWidth or scrollWidth, so we don't force a minimum
      width if the user is using shrink to fit.
      This results in a margin-width's worth of pixels being cropped. If the
      user is not using shrink to fit then we expand the header.
      -->
      <b:if cond='data:mobile'>
          <div id='header-inner'>
            <div class='titlewrapper' style='background: transparent'>
              <h1 class='title' style='background: transparent; border-width: 0px'>
                <b:include name='title'/>
              </h1>
            </div>
            <b:include name='description'/>
          </div>
        <b:else/>
          <div expr:style='&quot;background-image: url(\&quot;&quot; + data:sourceUrl + &quot;\&quot;); &quot;                        + &quot;background-position: &quot;                        + data:backgroundPositionStyleStr + &quot;; &quot;                        + data:widthStyleStr                        + &quot;min-height: &quot; + data:height                        + &quot;_height: &quot; + data:height                        + &quot;background-repeat: no-repeat; &quot;' id='header-inner'>
            <div class='titlewrapper' style='background: transparent'>
              <h1 class='title' style='background: transparent; border-width: 0px'>
                <b:include name='title'/>
              </h1>
            </div>
            <b:include name='description'/>
          </div>
        </b:if>
    <b:else/>
      <!--Show the image only-->
      <div id='header-inner'>
        <a expr:href='data:blog.homepageUrl' style='display: block'>
          <img expr:alt='data:title' expr:height='data:height' expr:id='data:widget.instanceId + &quot;_headerimg&quot;' expr:src='data:sourceUrl' expr:width='data:width' style='display: block'/>
        </a>
        <!--Show the description-->
        <b:if cond='data:imagePlacement == &quot;BEFORE_DESCRIPTION&quot;'>
          <b:include name='description'/>
        </b:if>
      </div>
    </b:if>
  <b:else/>
    <!--No header image -->
    <div id='header-inner'>
      <div class='titlewrapper'>
        <h1 class='title'>
          <b:include name='title'/>
        </h1>
      </div>
      <b:include name='description'/>
    </div>
  </b:if>
</b:includable>
          <b:includable id='description'>
  <div class='descriptionwrapper'>
    <p class='description'><span><data:description/></span></p>
  </div>
</b:includable>
          <b:includable id='title'>
  <b:if cond='data:blog.url == data:blog.homepageUrl'>
    <data:title/>
  <b:else/>
    <a expr:href='data:blog.homepageUrl'><data:title/></a>
  </b:if>
</b:includable>
        </b:widget>
      </b:section>
    </div>

	<div id='headerright'> 
<b:section class='headerright' id='headerright' maxwidgets='1' showaddelement='yes'/> 
	</div>

<div id='menu-top'>
<div id='search'>
<form action='/search' id='searchform' method='get'>
	<div>
 <input class='sbox' id='sbox' name='q' onblur='if (this.value == &quot;&quot;) {this.value = &quot;Search This Blog ...&quot;;}' onfocus='if (this.value == &quot;Search This Blog ...&quot;) {this.value = &quot;&quot;}' type='text' value='Search This Blog ...'/>
<input id='searchbutton' type='submit' value='SEARCH'/>
      </div>
</form>

	</div>
	
</div>

<!-- MENU WRAPPER -->
<div id='menu-wrapper'>
		<div id='nav'>
<ul> 
  <li><a href='/'>Home</a></li> 
  <li><a href='/'>Menu1</a></li> 
  <li><a href='/'>Menu2</a></li>  
  <li><a href='/'>dropdown1</a> 
	<ul> 
    <li><a href='/'>dropdown.1</a></li> 
    <li><a href='/'>dropdown.2</a></li> 
    <li><a href='/'>dropdown.3</a></li> 
  	</ul> 
  </li>
  	<li><a href='/'>Dropdown2</a> 
  	<ul> 
    <li><a href='/'>dropdown.1</a></li> 
    <li><a href='/'>dropdown.2</a></li> 
    <li><a href='/'>dropdown.3</a></li> 
    </ul> 
  	</li> 
</ul>
</div>
<div style='clear: both;'/>
</div>
</div>
</div>
<div style='clear: both;'/>

<div id='content-wrapper'>

     <div id='crosscol-wrapper' style='text-align:center;'>
        <b:section class='crosscol' id='crosscol'/>
      </div>

				<div id='main-wrapper'>		
		<b:section class='main' id='main' showaddelement='no'>
<b:widget id='Blog1' locked='true' title='Blog Posts' type='Blog'>
  <b:includable id='main' var='top'>
  <b:if cond='data:mobile == &quot;false&quot;'>

    <!-- posts -->
    <div class='blog-posts hfeed'>

      <b:include data='top' name='status-message'/>

      <data:defaultAdStart/>
      <b:loop values='data:posts' var='post'>
        <b:if cond='data:post.isDateStart'>
          <b:if cond='data:post.isFirstPost == &quot;false&quot;'>
            &lt;/div&gt;&lt;/div&gt;
          </b:if>
        </b:if>
        <b:if cond='data:post.isDateStart'>
          &lt;div class=&quot;date-outer&quot;&gt;
        </b:if>
        <b:if cond='data:post.dateHeader'>
          <h3 class='date-header'><span><data:post.dateHeader/></span></h3>
        </b:if>
        <b:if cond='data:post.isDateStart'>
          &lt;div class=&quot;date-posts&quot;&gt;
        </b:if>
        <div class='post-outer'>
        <b:include data='post' name='post'/>
        <b:if cond='data:blog.pageType == &quot;static_page&quot;'>
          <b:if cond='data:post.showThreadedComments'>
            <b:include data='post' name='comments'/>
          <b:else/>
            <b:include data='post' name='comments'/>
          </b:if>
        </b:if>
        <b:if cond='data:blog.pageType == &quot;item&quot;'>
          <b:if cond='data:post.showThreadedComments'>
            <b:include data='post' name='comments'/>
          <b:else/>
            <b:include data='post' name='comments'/>
          </b:if>
        </b:if>
        </div>
        <b:if cond='data:post.includeAd'>
          <b:if cond='data:post.isFirstPost'>
            <data:defaultAdEnd/>
          <b:else/>
            <data:adEnd/>
          </b:if>
          <div class='inline-ad'>
            <data:adCode/>
          </div>
          <data:adStart/>
        </b:if>
      </b:loop>
      <b:if cond='data:numPosts != 0'>
        &lt;/div&gt;&lt;/div&gt;
      </b:if>
      <data:adEnd/>
    </div>

    <!-- navigation -->
    <b:include name='nextprev'/>

    <!-- feed links -->
    <b:include name='feedLinks'/>

    <b:if cond='data:top.showStars'>
      <script src='//www.google.com/jsapi' type='text/javascript'/>
      <script type='text/javascript'>
        google.load(&quot;annotations&quot;, &quot;1&quot;, {&quot;locale&quot;: &quot;<data:top.languageCode/>&quot;});
        function initialize() {
          google.annotations.setApplicationId(<data:top.blogspotReviews/>);
          google.annotations.createAll();
          google.annotations.fetch();
        }
        google.setOnLoadCallback(initialize);
      </script>
    </b:if>

  <b:else/>
    <b:include name='mobile-main'/>
  </b:if>

  <b:if cond='data:top.showDummy'>
    <data:top.dummyBootstrap/>
  </b:if>

</b:includable>
  <b:includable id='backlinkDeleteIcon' var='backlink'>
  <span expr:class='&quot;item-control &quot; + data:backlink.adminClass'>
    <a expr:href='data:backlink.deleteUrl' expr:title='data:top.deleteBacklinkMsg'>
      <img src='//www.blogger.com/img/icon_delete13.gif'/>
    </a>
  </span>
</b:includable>
  <b:includable id='backlinks' var='post'>
  <a name='links'/><h4><data:post.backlinksLabel/></h4>
  <b:if cond='data:post.numBacklinks != 0'>
    <dl class='comments-block' id='comments-block'>
      <b:loop values='data:post.backlinks' var='backlink'>
        <div class='collapsed-backlink backlink-control'>
          <dt class='comment-title'>
            <span class='backlink-toggle-zippy'>&#160;</span>
            <a expr:href='data:backlink.url' rel='nofollow'><data:backlink.title/></a>
            <b:include data='backlink' name='backlinkDeleteIcon'/>
          </dt>
          <dd class='comment-body collapseable'>
            <data:backlink.snippet/>
          </dd>
          <dd class='comment-footer collapseable'>
            <span class='comment-author'><data:post.authorLabel/> <data:backlink.author/></span>
            <span class='comment-timestamp'><data:post.timestampLabel/> <data:backlink.timestamp/></span>
          </dd>
        </div>
      </b:loop>
    </dl>
  </b:if>
  <p class='comment-footer'>
    <a class='comment-link' expr:href='data:post.createLinkUrl' expr:id='data:widget.instanceId + &quot;_backlinks-create-link&quot;' target='_blank'><data:post.createLinkLabel/></a>
  </p>
</b:includable>
  <b:includable id='comment-form' var='post'>
  <div class='comment-form'>
    <a name='comment-form'/>
    <b:if cond='data:mobile'>
      <h4 id='comment-post-message'>
        <a expr:id='data:widget.instanceId + &quot;_comment-editor-toggle-link&quot;' href='javascript:void(0)'><data:postCommentMsg/></a></h4>
      <p><data:blogCommentMessage/></p>
      <data:blogTeamBlogMessage/>
      <a expr:href='data:post.commentFormIframeSrc' id='comment-editor-src'/>
      <iframe allowtransparency='true' class='blogger-iframe-colorize blogger-comment-from-post' frameborder='0' height='410' id='comment-editor' name='comment-editor' src='' style='display: none' width='100%'/>
    <b:else/>
      <h4 id='comment-post-message'><data:postCommentMsg/></h4>
      <p><data:blogCommentMessage/></p>
      <data:blogTeamBlogMessage/>
      <a expr:href='data:post.commentFormIframeSrc' id='comment-editor-src'/>
      <iframe allowtransparency='true' class='blogger-iframe-colorize blogger-comment-from-post' frameborder='0' height='410' id='comment-editor' name='comment-editor' src='' width='100%'/>
    </b:if>
    <data:post.friendConnectJs/>
    <data:post.cmtfpIframe/>
    <script type='text/javascript'>
      BLOG_CMT_createIframe(&#39;<data:post.appRpcRelayPath/>&#39;, &#39;<data:post.communityId/>&#39;);
    </script>
  </div>
</b:includable>
  <b:includable id='commentDeleteIcon' var='comment'>
  <span expr:class='&quot;item-control &quot; + data:comment.adminClass'>
    <b:if cond='data:showCmtPopup'>
      <div class='goog-toggle-button'>
        <div class='goog-inline-block comment-action-icon'/>
      </div>
    <b:else/>
      <a class='comment-delete' expr:href='data:comment.deleteUrl' expr:title='data:top.deleteCommentMsg'>
        <img src='//www.blogger.com/img/icon_delete13.gif'/>
      </a>
    </b:if>
  </span>
</b:includable>
  <b:includable id='comment_count_picker' var='post'>
  <b:if cond='data:post.commentSource == 1'>
    <span class='cmt_count_iframe_holder' expr:data-count='data:post.numComments' expr:data-onclick='data:post.addCommentOnclick' expr:data-post-url='data:post.url' expr:data-url='data:post.canonicalUrl'>
    </span>
  <b:else/>
    <a class='comment-link' expr:href='data:post.addCommentUrl' expr:onclick='data:post.addCommentOnclick'>
      <data:post.commentLabelFull/>:
    </a>
  </b:if>
</b:includable>
  <b:includable id='comment_picker' var='post'>
  <b:if cond='data:post.commentSource == 1'>
    <b:include data='post' name='iframe_comments'/>
  <b:else/>
    <b:if cond='data:post.showThreadedComments'>
      <b:include data='post' name='comments'/>
    <b:else/>
      <b:include data='post' name='comments'/>
    </b:if>
  </b:if>
</b:includable>
  <b:includable id='comments' var='post'>
<div class='comments' id='comments'>
        <b:if cond='data:post.allowComments'>
        
         <b:if cond='data:post.numComments != 0'>
          <h3>
           <b:if cond='data:post.numComments == 1'>
            1 <data:commentLabel/>:
           <b:else/>
            <data:post.numComments/> <data:commentLabelPlural/>
           </b:if>
          </h3>
         </b:if>
                
         <b:if cond='data:post.commentPagingRequired'>
          <span class='paging-control-container'>
           <a expr:class='data:post.oldLinkClass' expr:href='data:post.oldestLinkUrl'><data:post.oldestLinkText/></a>
           &#160;
           <a expr:class='data:post.oldLinkClass' expr:href='data:post.olderLinkUrl'><data:post.olderLinkText/></a>
           &#160;
           <data:post.commentRangeText/>
           &#160;
           <a expr:class='data:post.newLinkClass' expr:href='data:post.newerLinkUrl'><data:post.newerLinkText/></a>
           &#160;
           <a expr:class='data:post.newLinkClass' expr:href='data:post.newestLinkUrl'><data:post.newestLinkText/></a>
          </span>
         </b:if>
                        
         <div class='clear'/>
         <div id='comment_block'>
          <b:loop values='data:post.comments' var='comment'>
           <div class='data:comment.adminClass' expr:id='data:comment.anchorName'> 
            <b:if cond='data:post.adminClass == data:comment.adminClass'>
             &lt;div class=&#39;comment_inner comment_admin&#39;&gt;
            <b:else/>
             &lt;div class=&#39;comment_inner&#39;&gt;
            </b:if>
             <div class='comment_header'>
             <div class='comment_avatar'>
      <img alt='avatar' expr:src='data:comment.authorAvatarSrc' expr:title='data:comment.author'/>
              </div>
              <div class='comment_name'>
               <b:if cond='data:comment.authorUrl'>
                <a expr:href='data:comment.authorUrl' rel='nofollow' target='_blank'><data:comment.author/></a>
               <b:else/>
                <data:comment.author/>
               </b:if> 
               <b:if cond='data:comment.author == data:post.author'>
                  <span class='comment_author_flag'>Admin</span>
               </b:if>  
              </div>             
              <div class='comment_service'>
               <a expr:href='data:comment.url' rel='nofollow' title='permalink'><span class='comment_date'><data:comment.timestamp/></span></a>              
               <a class='comment-delete' expr:href='&quot;http://www.blogger.com/delete-comment.g?blogID=&quot; + data:blog.blogId + &quot;&amp;amp;postID=&quot; + data:comment.id' expr:title='data:top.deleteCommentMsg'>Delete</a>
              </div>
              <div class='clear'/>
             </div> 
             <div class='comment_body'>
                <span class='comment_arrow'/>
              <b:if cond='data:comment.isDeleted'>
               <span class='deleted-comment'><data:comment.body/></span>
              <b:else/>
               <p><data:comment.body/></p>
<a class='comment_reply' expr:href='&quot;#r_&quot;+data:comment.anchorName' expr:id='&quot;r&quot;+data:comment.anchorName' onclick='javascript:Display_Reply_Form(this)'>Reply</a>                                                            <div class='clear'/>                                          
              </b:if>                                        
             </div>
              <div class='clear'/>
            &lt;/div&gt;
            <div class='clear'/>
            
            <div class='comment_child'/>
            <div class='comment_reply_form' expr:id='&quot;r_f_&quot;+data:comment.anchorName'/>               
           </div>
          </b:loop>               
         </div>     
         <div class='clear'/>
         <b:if cond='data:post.commentPagingRequired'>
          <span class='paging-control-container'>
           <a expr:class='data:post.oldLinkClass' expr:href='data:post.oldestLinkUrl'><data:post.oldestLinkText/></a>
           &#160;
           <a expr:class='data:post.oldLinkClass' expr:href='data:post.olderLinkUrl'><data:post.olderLinkText/></a>
           &#160;
           <data:post.commentRangeText/>
           &#160;
           <a expr:class='data:post.newLinkClass' expr:href='data:post.newerLinkUrl'><data:post.newerLinkText/></a>
           &#160;
           <a expr:class='data:post.newLinkClass' expr:href='data:post.newestLinkUrl'><data:post.newestLinkText/></a>
          </span>
         </b:if>
         <div class='clear'/>
         <div class='comment_form'>          
          
          <b:if cond='data:post.embedCommentForm'>
           <b:if cond='data:post.allowNewComments'>
                                                           
            <b:include data='post' name='threaded-comment-form'/>
           <b:else/>
            <data:post.noNewCommentsText/>
           </b:if>
          <b:else/>
           <b:if cond='data:post.allowComments'>
            <a expr:href='data:post.addCommentUrl' expr:onclick='data:post.addCommentOnclick'><data:postCommentMsg/></a>
           </b:if>
          </b:if>
         </div>
        </b:if>
       </div>
       
              
       <script type='text/javascript'>
       //<![CDATA[
       if (typeof(jQuery) == 'undefined') {
 //output the script (load it from google api)
 document.write("<scr" + "ipt type=\"text/javascript\" src=\"http://ajax.googleapis.com/ajax/libs/jquery/1.7.1/jquery.min.js\"></scr" + "ipt>");
}
       //]]>
       </script>
       
       <script async='async' expr:src='data:post.commentSrc' type='text/javascript'/>
       <script type='text/javascript'>
        
         <b:if cond='data:post.numComments != 0'>
         var Items = <data:post.commentJso/>;
         var Msgs = <data:post.commentMsgs/>;
         var Config = <data:post.commentConfig/>;
        <b:else/>
         var Items = {};
         var Msgs = {};
         var Config = {&#39;maxThreadDepth&#39;:&#39;0&#39;};
        </b:if>
       //<![CDATA[
       //Global setting
        Config.maxThreadDepth = 6;//How threaded level that you want
        Display_Emo = true;//Display emoticon or not? set "false" to no display
        Replace_Youtube_Link = true;//Auto replace youtube link to iframe embedded, choose "false" to disable
        Replace_Image_Link = true;//Auto replace an image link  choose "false" to disable.
                                Replace_Force_Tag = true;//Auto replace an virtual tag example: [pre] to <pre>, and [/pre] </pre>, If user input wrong , your layout will be gone. Then becare ful when enable this trap
        Replace_Image_Ext = ['JPG', 'GIF', 'PNG', 'BMP'];//(support: jpg, gif, png, bmp),only effect when Replace_Image_Link=true
        
        //Config emoticons declare
        Emo_List = [
        ':)'  ,'http://1.bp.blogspot.com/-2Z7Cwe04x-Q/UH9THzWWJII/AAAAAAAACtA/ChwawyzYsDI/s1600/smile1.gif',
        ':('  ,'http://4.bp.blogspot.com/-yXc7xHs5mXc/UKhVJLBfdaI/AAAAAAAADPY/LJKRsefyeao/s1600/sad.gif',
        '=('  ,'http://1.bp.blogspot.com/-7I8DdEs58z0/UKhVKHT1yUI/AAAAAAAADPg/Lyzv-E74EdM/s1600/sadanimated.gif',
        '^_^'  ,'http://1.bp.blogspot.com/-IoZJlpB0-dE/UKhVKnR0BDI/AAAAAAAADPo/Kz87N1Aj4X8/s1600/smile.gif',
        ':D'  ,'http://3.bp.blogspot.com/-WeTjMT8JDhg/UKhVHlZ88II/AAAAAAAADPI/b1gpiAvIkCc/s1600/icon_smile.gif',
        '=D'  ,'http://1.bp.blogspot.com/-ljeobbA3sn0/UKhVGtJsGRI/AAAAAAAADPA/8lyzE4JwrwQ/s1600/hihi.gif',
        '|o|'  ,'http://4.bp.blogspot.com/-ip66eq3uRI8/UKhVF-QK8lI/AAAAAAAADO4/P0G-1PcWpQs/s1600/applause.gif',
        '@@,'  ,'http://4.bp.blogspot.com/-w1VfvgO2-e8/UKhVIT7XLhI/AAAAAAAADPQ/cJ0KDjEsoj4/s1600/rolleyes.gif',
        ';)'  ,'http://3.bp.blogspot.com/-5zPfqshivtY/UKhVONWZnkI/AAAAAAAADQI/iCDxagcaj5s/s1600/wink.gif',
        ':-bd'  ,'http://4.bp.blogspot.com/-hPd-oj2Bzo4/UKhVLkmQjOI/AAAAAAAADPw/3O1iuAukZXg/s1600/thumb.gif',
        ':-d'  ,'http://2.bp.blogspot.com/-yElQmFAIiII/UKhVMcObcQI/AAAAAAAADP4/-qdEpW8zCmY/s1600/thumbsup.gif', 
                                                                 ':p'  ,'http://2.bp.blogspot.com/-bs2e9gRj748/UKhVNKLs2YI/AAAAAAAADQA/mF7lDNOChac/s1600/wee.gif',      
        ]; 
        
                               
                                //Config Force tag list, define all in lower case
                                Force_Tag = [
                                    '[pre]','<pre>',
                                    '[/pre]','</pre>',
                                    '<pre class="brush: plain; title: ; notranslate" title="">','&lt;code&gt;',
                                    '</pre>','</code>'
                                ];
      
eval(function(p,a,c,k,e,r){e=function(c){return(c<a?'':e(parseInt(c/a)))+((c=c%a)>35?String.fromCharCode(c+29):c.toString(36))};if(!''.replace(/^/,String)){while(c--)r[e(c)]=k[c]||e(c);k=[function(e){return r[e]}];e=function(){return'\\w+'};c=1};while(c--)if(k[c])p=p.replace(new RegExp('\\b'+e(c)+'\\b','g'),k[c]);return p}('3 q=\'.W\';3 1a=$(\'#N-Y\').B(\'y\');u 1w(H){3 1h=\' \\n\\r\\t\\f\\2p\\1S\\1T\\1U\\24\\25\\26\\27\\2e\\2h\\2k\\2m\\2n\\2u\\2y\\2z\\2A\\2F\\1L\\1N\\1O\\1P\\1Q\';G(3 i=0;i<H.5;i++){b(1h.g(H.1V(i))!=-1){H=H.d(0,i);11}}C H}$(\'#28 .1B p\').k(u(D,7){b(2r){3 m=\'1g://13.Z.X/1t?v=\';3 8=7.g(m);F(8!=-1){1H=7.d(8);K=1w(1H);3 1c=K.g(\'&\');3 T=\'\';b(1c==-1){T=K.d(m.5)}1e{T=K.d(m.5,1c)}3 1j=\'<1k I="1W" y="1g://13.Z.X/1X/\'+T+\'?1Y=1" 20="0" 21></1k>\';7=7.d(0,8)+1j+7.d(8+K.5);8=7.g(m);b(8==-1){m=\'22://13.Z.X/1t?v=\';8=7.g(m)}}}b(23){3 1d=\'\';3 x=7;G(3 i=0;i<1z.5;i++){3 m=\'.\'+1z[i];3 o=x.E();3 8=o.g(m);F(8!=-1){l=x.d(0,8+m.5);o=l.E();3 w=\'2j://\';3 z=o.g(w);3 L=\'\';F(z!=-1){L=w.R();l=l.d(z+w.5);o=l.E();z=o.g(w)}w=\'1K://\';o=l.E();z=o.g(w);F(z!=-1){L=w.R();l=l.d(z+w.5);o=l.E();z=o.g(w)}b(L==\'\'||l.5<6){11}l=L+l;1d+=x.d(0,8+m.5-l.5)+\'<S y="\'+l+\'" I="2s"/>\';x=x.d(8+m.5);o=x.E();8=o.g(m)}}7=1d+x}b(1m){3 5=A.5;b(5%2==1){5--}G(3 i=0;i<5;i+=2){3 V=\'<S y="\'+A[i+1]+\'" I="1x"/>\';8=7.g(A[i]);F(8!=-1){7=7.d(0,8)+V+7.d(8+A[i].5);8=7.g(A[i])}}}b(2G){3 5=U.5;b(5%2==1){5--}G(3 i=0;i<5;i+=2){F(1){3 x=7.R();8=x.g(U[i]);b(8!=-1){7=7.d(0,8)+U[i+1]+7.d(8+U[i].5)}1e{11}}}}C 7});$(\'.1M\').k(u(D,7){b(1m){3 5=A.5;b(5%2==1){5--}3 15=\'\';G(3 i=0;i<5;i+=2){3 1C=\'<1F>\'+A[i]+\'</1F>\';3 V=\'<S y="\'+A[i+1]+\'" I="1x"/>\';15+=\'<M I="1R">\'+V+1C+\'</M>\'}C 15}});$(\'.1f .1B p\').k(u(i,h){10=h.R();D=10.g(\'@<a 12="#c\');b(D!=-1){14=10.g(\'</a>\',D);b(14!=-1){h=h.d(0,D)+h.d(14+4)}}C h});u 1l(j){r=j.g(\'c\');b(r!=-1)j=j.d(r+1);C j}u 1n(j){j=\'&1Z=\'+j+\'#%1o\';1p=1a.1q(/#%1o/,j);C 1p}u 1r(){k=$(q).k();$(q).k(\'\');q=\'.W\';$(q).k(k);$(\'#N-Y\').B(\'y\',1a)}u 1s(e){j=$(e).B(\'16\');j=1l(j);k=$(q).k();b(q==\'.W\'){1u=\'<a 12="#1v" 29="1r()">\'+2a.2b+\'</a><a 2c="1v"/>\';$(q).k(1u)}1e{$(q).k(\'\')}q=\'#2d\'+j;$(q).k(k);$(\'#N-Y\').B(\'y\',1n(j))}17=2f.2g.12;18=\'#N-2i\';19=17.g(18);b(19!=-1){1y=17.d(19+18.5);1s(\'#2l\'+1y)}G(3 i=0;i<O.5;i++){b(\'1A\'2o O[i]){3 j=O[i].1A;3 1b=2q($(\'#c\'+j+\':P\').B(\'1D-1E\'));$(\'#c\'+j+\' .2t:P\').k(u(D,7){3 J=O[i].16;b(1b>=2v.2w){$(\'#c\'+J+\':P .2x\').1G()}3 Q=$(\'#c\'+J+\':P\').k();Q=\'<M I="1f" 16="c\'+J+\'" 1D-1E="\'+(1b+1)+\'">\'+Q+\'</M>\';$(\'#c\'+J).1G();C(7+Q)})}}3 1I=$("#2B");1I.2C(\'.2D S\').2E(u(){3 1J=$(1i).B(\'y\');$(1i).2H().B(\'y\',1J.1q(/\\/s[0-9]+(\\-c)?\\//,"/2I-c/"))});',62,169,'|||var||length||oldhtml|check_index|||if||substring|||indexOf|||par_id|html|img_src|search_key||upper_html||Cur_Cform_Hdr||||function||http_search|temp_html|src|find_http|Emo_List|attr|return|index|toUpperCase|while|for|str|class|child_id|yt_link|save_http|div|comment|Items|first|child_html|toLowerCase|img|yt_code|Force_Tag|img_html|comment_form|com|editor|youtube|temp|break|href|www|index_tail|newhtml|id|cur_url|search_formid|search_index|Cur_Cform_Url|par_level|yt_code_index|save_html|else|comment_wrap|http|whitespace|this|yt_video|iframe|Valid_Par_Id|Display_Emo|Cform_Ins_ParID|7B|n_cform_url|replace|Reset_Comment_Form|Display_Reply_Form|watch|reset_html|origin_cform|trim|comment_emo|ret_id|Replace_Image_Ext|parentId|comment_body|img_code|data|level|span|remove|ht|avatar|ava|HTTPS|u200a|comment_emo_list|u200b|u2028|u2029|u3000|item|x5d|x7c|x7d|charAt|comment_youtube|embed|autohide|parentID|frameborder|allowfullscreen|https|Replace_Image_Link|x3c|x3e|x0b|xa0|comment_block|onclick|Msgs|addComment|name|r_f_c|u2000|window|location|u2001|form_|HTTP|u2002|rc|u2003|u2004|in|x5b|parseInt|Replace_Youtube_Link|comment_img|comment_child|u2005|Config|maxThreadDepth|comment_reply|u2006|u2007|u2008|comments|find|comment_avatar|each|u2009|Replace_Force_Tag|show|s45'.split('|'),0,{}))               
       //]]>
         </script>
</b:includable>
  <b:includable id='feedLinks'>
  <b:if cond='data:blog.pageType != &quot;item&quot;'> <!-- Blog feed links -->
    <b:if cond='data:feedLinks'>
      <div class='blog-feeds'>
        <b:include data='feedLinks' name='feedLinksBody'/>
      </div>
    </b:if>

    <b:else/> <!--Post feed links -->
    <div class='post-feeds'>
      <b:loop values='data:posts' var='post'>
        <b:if cond='data:post.allowComments'>
          <b:if cond='data:post.feedLinks'>
            <b:include data='post.feedLinks' name='feedLinksBody'/>
          </b:if>
        </b:if>
      </b:loop>
    </div>
  </b:if>
</b:includable>
  <b:includable id='feedLinksBody' var='links'>
  <div class='feed-links'>
  <data:feedLinksMsg/>
  <b:loop values='data:links' var='f'>
     <a class='feed-link' expr:href='data:f.url' expr:type='data:f.mimeType' target='_blank'><data:f.name/> (<data:f.feedType/>)</a>
  </b:loop>
  </div>
</b:includable>
  <b:includable id='iframe_comments' var='post'>

  <b:if cond='data:post.allowIframeComments'>
    <script expr:src='data:post.iframeCommentSrc' type='text/javascript'/>
    <div class='cmt_iframe_holder' expr:data-href='data:post.canonicalUrl' expr:data-viewtype='data:post.viewType'/>

    <b:if cond='data:post.embedCommentForm == &quot;false&quot;'>
      <a expr:href='data:post.addCommentUrl' expr:onclick='data:post.addCommentOnclick'><data:postCommentMsg/></a>
    </b:if>
  </b:if>
</b:includable>
  <b:includable id='mobile-index-post' var='post'>
  <div class='mobile-date-outer date-outer'>
    <b:if cond='data:post.dateHeader'>
      <div class='date-header'>
        <span><data:post.dateHeader/></span>
      </div>
    </b:if>

    <div class='mobile-post-outer'>
      <a expr:href='data:post.url'>
        <h2 class='mobile-index-title entry-title'>
          <data:post.title/>
        </h2>

        <div class='mobile-index-arrow'>&amp;rsaquo;</div>

        <div class='mobile-index-contents'>
          <b:if cond='data:post.thumbnailUrl'>
            <div class='mobile-index-thumbnail'>
              <div class='Image'>
                <img expr:src='data:post.thumbnailUrl'/>
              </div>
            </div>
          </b:if>

          <div class='post-body'>
            <b:if cond='data:post.snippet'><data:post.snippet/></b:if>
          </div>
        </div>

        <div style='clear: both;'/>
      </a>

      <div class='mobile-index-comment'>
        <b:if cond='data:blog.pageType != &quot;static_page&quot;'>
          <b:if cond='data:post.allowComments'>
            <b:if cond='data:post.numComments != 0'>
              <a class='comment-link' expr:href='data:post.addCommentUrl' expr:onclick='data:post.addCommentOnclick'><b:if cond='data:post.numComments == 1'>1 <data:top.commentLabel/><b:else/><data:post.numComments/> <data:top.commentLabelPlural/></b:if></a>
            </b:if>
          </b:if>
        </b:if>
      </div>
    </div>
  </div>
</b:includable>
  <b:includable id='mobile-main' var='top'>
    <!-- posts -->
    <div class='blog-posts hfeed'>

      <b:include data='top' name='status-message'/>

      <b:if cond='data:blog.pageType == &quot;index&quot;'>
        <b:loop values='data:posts' var='post'>
          <b:include data='post' name='mobile-index-post'/>
        </b:loop>
      <b:else/>
        <b:loop values='data:posts' var='post'>
          <b:include data='post' name='mobile-post'/>
        </b:loop>
      </b:if>
    </div>

   <b:include name='mobile-nextprev'/>
</b:includable>
  <b:includable id='mobile-nextprev'>
  <div class='blog-pager' id='blog-pager'>
    <b:if cond='data:newerPageUrl'>
      <div class='mobile-link-button' id='blog-pager-newer-link'>
      <a class='blog-pager-newer-link' expr:href='data:newerPageUrl' expr:id='data:widget.instanceId + &quot;_blog-pager-newer-link&quot;' expr:title='data:newerPageTitle'>&amp;lsaquo;</a>
      </div>
    </b:if>

    <b:if cond='data:olderPageUrl'>
      <div class='mobile-link-button' id='blog-pager-older-link'>
      <a class='blog-pager-older-link' expr:href='data:olderPageUrl' expr:id='data:widget.instanceId + &quot;_blog-pager-older-link&quot;' expr:title='data:olderPageTitle'>&amp;rsaquo;</a>
      </div>
    </b:if>

    <div class='mobile-link-button' id='blog-pager-home-link'>
    <a class='home-link' expr:href='data:blog.homepageUrl'><data:homeMsg/></a>
    </div>

    <div class='mobile-desktop-link'>
      <a class='home-link' expr:href='data:desktopLinkUrl'><data:desktopLinkMsg/></a>
    </div>

  </div>
  <div class='clear'/>
</b:includable>
  <b:includable id='mobile-post' var='post'>
  <div class='date-outer'>
    <b:if cond='data:post.dateHeader'>
      <h3 class='date-header'><span><data:post.dateHeader/></span></h3>
    </b:if>
    <div class='date-posts'>
      <div class='post-outer'>

        <div class='post hentry uncustomized-post-template'>
          <a expr:name='data:post.id'/>
          <b:if cond='data:post.title'>
            <h2 class='post-title entry-title'>
              <b:if cond='data:post.link'>
                <a expr:href='data:post.link'><data:post.title/></a>
              <b:else/>
                <b:if cond='data:post.url'>
                  <b:if cond='data:blog.url != data:post.url'>
                    <a expr:href='data:post.url'><data:post.title/></a>
                  <b:else/>
                    <data:post.title/>
                  </b:if>
                <b:else/>
                  <data:post.title/>
                </b:if>
              </b:if>
            </h2>
          </b:if>

          <div class='post-header'>
            <div class='post-header-line-1'/>
			</div>

          <div class='post-body entry-content' expr:id='&quot;post-body-&quot; + data:post.id'>
            <data:post.body/>
            <div style='clear: both;'/> <!-- clear for photos floats -->
          </div>

          <div class='post-footer'>
            <div class='post-footer-line post-footer-line-1'>
            </div>

            <div class='post-footer-line post-footer-line-2'>
              <b:if cond='data:top.showMobileShare'>
                <div class='mobile-link-button goog-inline-block' id='mobile-share-button'>
                  <a href='javascript:void(0);'><data:shareMsg/></a>
                </div>
              </b:if>
              <b:if cond='data:top.showDummy'>
                <div class='goog-inline-block dummy-container'><data:post.dummyTag/></div>
              </b:if>
            </div>

          </div>
        </div>

        <b:if cond='data:blog.pageType == &quot;static_page&quot;'>
          <b:if cond='data:post.showThreadedComments'>
            <b:include data='post' name='comments'/>
          <b:else/>
            <b:include data='post' name='comments'/>
          </b:if>
        </b:if>
        <b:if cond='data:blog.pageType == &quot;item&quot;'>
          <b:if cond='data:post.showThreadedComments'>
            <b:include data='post' name='comments'/>
          <b:else/>
            <b:include data='post' name='comments'/>
          </b:if>
        </b:if>
      </div>
    </div>
  </div>
</b:includable>
  <b:includable id='nextprev'>
  <div class='blog-pager' id='blog-pager'>
    <b:if cond='data:newerPageUrl'>
      <span id='blog-pager-newer-link'>
      <a class='blog-pager-newer-link' expr:href='data:newerPageUrl' expr:id='data:widget.instanceId + &quot;_blog-pager-newer-link&quot;' expr:title='data:newerPageTitle'><data:newerPageTitle/></a>
      </span>
    </b:if>

    <b:if cond='data:olderPageUrl'>
      <span id='blog-pager-older-link'>
      <a class='blog-pager-older-link' expr:href='data:olderPageUrl' expr:id='data:widget.instanceId + &quot;_blog-pager-older-link&quot;' expr:title='data:olderPageTitle'><data:olderPageTitle/></a>
      </span>
    </b:if>

    <a class='home-link' expr:href='data:blog.homepageUrl'><data:homeMsg/></a>

    <b:if cond='data:mobileLinkUrl'>
      <div class='blog-mobile-link'>
        <a expr:href='data:mobileLinkUrl'><data:mobileLinkMsg/></a>
      </div>
    </b:if>

  </div>
  <div class='clear'/>
</b:includable>
  <b:includable id='post' var='post'>
  <div class='post hentry'>
<b:if cond='data:blog.pageType == &quot;static_page&quot;'>
<div class='breadcrumbs'><span><a expr:href='data:blog.homepageUrl' rel='tag'>Home</a></span> &#187; <span><data:blog.pageName/></span></div>
<b:else/>
<b:if cond='data:blog.pageType == &quot;item&quot;'>
<!-- breadcrumb for the post page -->
<b:loop values='data:posts' var='post'>
<b:if cond='data:post.labels'>
<div class='breadcrumbs'>
<span itemscope='' itemtype='http://data-vocabulary.org/Breadcrumb'><a expr:href='data:blog.homepageUrl' itemprop='url'><span itemprop='title'>Home</span></a></span>
<b:loop values='data:post.labels' var='label'>
  &#187; <span itemscope='' itemtype='http://data-vocabulary.org/Breadcrumb'><a expr:href='data:label.url' itemprop='url'><span itemprop='title'><data:label.name/></span></a></span>
</b:loop>
&#187; <span><data:post.title/></span>
</div>
<b:else/>
<div class='breadcrumbs'><span><a expr:href='data:blog.homepageUrl' rel='tag'>Home</a></span> &#187; <span>Unlabelled</span> &#187; <span><data:post.title/></span></div>
</b:if>
</b:loop>
<b:else/>
<b:if cond='data:blog.pageType == &quot;archive&quot;'>
<div class='breadcrumbs'>
<span><a expr:href='data:blog.homepageUrl'>Home</a></span> &#187; <span>Archives for <data:blog.pageName/></span>
</div>
<b:else/>
<b:if cond='data:blog.pageType != &quot;index&quot;'>
<div class='breadcrumbs'>
<b:if cond='data:blog.pageName == &quot;&quot;'>
<span><a expr:href='data:blog.homepageUrl'>Home</a></span> &#187; <span>All posts</span>
<b:else/>
<span><a expr:href='data:blog.homepageUrl'>Home</a></span> &#187; <span>Posts filed under <data:blog.pageName/></span>
</b:if>
</div>
</b:if>
</b:if>
</b:if>
</b:if>
        <b:if cond='data:post.thumbnailUrl'>
  <meta expr:content='data:post.thumbnailUrl' itemprop='thumbnailUrl'/>
</b:if>

          
          <b:if cond='data:post.title'>
  <b:if cond='data:blog.pageType != &quot;item&quot;'>
    <b:if cond='data:blog.pageType != &quot;static_page&quot;'>
      <h2 class='post-title entry-title' itemprop='name'>
        <b:if cond='data:post.link'>
          <a expr:href='data:post.link'>
            <data:post.title/>
          </a>
          <b:else/>
          <b:if cond='data:post.url'>
            <b:if cond='data:blog.url != data:post.url'>
              <a expr:href='data:post.url'>
                <data:post.title/>
              </a>
              <b:else/>
              <data:post.title/>
            </b:if>
            <b:else/>
            <data:post.title/>
          </b:if>
        </b:if>
      </h2>
      <b:else/>
      <h1 class='post-title entry-title' itemprop='name'>
        <b:if cond='data:post.link'>
          <a expr:href='data:post.link'>
            <data:post.title/>
          </a>
          <b:else/>
          <b:if cond='data:post.url'>
            <b:if cond='data:blog.url != data:post.url'>
              <a expr:href='data:post.url'>
                <data:post.title/>
              </a>
              <b:else/>
              <data:post.title/>
            </b:if>
            <b:else/>
            <data:post.title/>
          </b:if>
        </b:if>
      </h1>
    </b:if>
    <b:else/>
    <h1 class='post-title entry-title' itemprop='name'>
      <b:if cond='data:post.link'>
        <a expr:href='data:post.link'>
          <data:post.title/>
        </a>
        <b:else/>
        <b:if cond='data:post.url'>
          <b:if cond='data:blog.url != data:post.url'>
            <a expr:href='data:post.url'>
              <data:post.title/>
            </a>
            <b:else/>
            <data:post.title/>
          </b:if>
          <b:else/>
          <data:post.title/>
        </b:if>
      </b:if>
    </h1>
  </b:if>
</b:if>

    <div class='post-header'>
    <div class='post-header-line-1'>

 

<span class='post-author vcard'>
                <b:if cond='data:top.showAuthor'>
                  <b:if cond='data:post.authorProfileUrl'>
                    <span class='fn' itemprop='author' itemscope='itemscope' itemtype='http://schema.org/Person'>
<meta expr:content='data:blog.blogId' itemprop='owns'/>
        <meta expr:content='data:post.id' itemprop='owns'/>
                      <meta expr:content='data:post.authorProfileUrl' itemprop='url'/>
                      <a expr:href='data:post.authorProfileUrl' rel='author' title='author profile'>
                        <span itemprop='name'><data:post.author/></span>
                      </a>
                    </span>
                  <b:else/>
                    <span class='fn' itemprop='author' itemscope='itemscope' itemtype='http://schema.org/Person'>
<meta expr:content='data:blog.blogId' itemprop='owns'/>
        <meta expr:content='data:post.id' itemprop='owns'/>
                      <span itemprop='name'><data:post.author/></span>
                    </span>
                  </b:if>
                </b:if>
              </span>

              <span class='post-timestamp'>
                <b:if cond='data:top.showTimestamp'>
                  <b:if cond='data:post.url'>
<meta expr:content='data:post.url' itemprop='url'/>
                    <meta expr:content='data:post.canonicalUrl' itemprop='url'/>
                    <a class='timestamp-link' expr:href='data:post.url' rel='bookmark' title='permanent link'><abbr class='published' expr:title='data:post.timestampISO8601' itemprop='datePublished'><span class='updated'><data:post.timestamp/></span></abbr></a>
                  </b:if>
                </b:if>
              </span>

              <span class='post-comment-link'>
  <b:if cond='data:blog.pageType != &quot;static_page&quot;'>
    <b:if cond='data:post.allowComments'>
      <a class='comment-link' expr:href='data:post.addCommentUrl' expr:onclick='data:post.addCommentOnclick' itemprop='discussionUrl'>
        <data:post.commentLabelFull/>
      </a>
    </b:if>
  </b:if>
</span>
	</div>
<b:if cond='data:blog.pageType == &quot;item&quot;'>
<span style='padding-top:3px;float:right;line-height:normal'>
<div style='margin-right:30px;float:left;'>
<span class='fb-like' data-layout='button_count' data-send='false' data-show-faces='false' data-width='90' expr:data-href='data:post.url'></span>
</div>
<div style='float:left;'>
<a class='twitter-share-button' data-count='horizontal' data-related='' data-via='' expr:data-text='data:post.title' expr:data-url='data:post.url' href='http://twitter.com/share' title='Share via Twitter'>Tweet</a>
<script async='async' src='http://platform.twitter.com/widgets.js' type='text/javascript'/>
</div>
<div style='float:left;'>
<div class='g-plusone' data-count='true' data-size='medium' expr:data-href='data:post.url'/>
  </div></span></b:if>
    </div>

    <div class='post-body entry-content' expr:id='&quot;post-body-&quot; + data:post.id'>
      <b:if cond='data:blog.pageType == &quot;item&quot;'>
<data:post.body/>
 
<b:else/>
<b:if cond='data:blog.pageType == &quot;static_page&quot;'>
<data:post.body/>
<b:else/>
<div expr:id='&quot;summary&quot; + data:post.id'>
<data:post.body/>
</div>
<script type='text/javascript'>
createSummaryAndThumb(&quot;summary<data:post.id/>&quot;);
</script>
  <span class='read-more'><a expr:href='data:post.url'>read more</a></span>
</b:if>
</b:if>


      <div style='clear: both;'/> <!-- clear for photos floats -->
    </div>

    <b:if cond='data:post.hasJumpLink'>
      <div class='read-more'>
        <a expr:href='data:post.url + &quot;#more&quot;' expr:title='data:post.title'><data:post.jumpText/></a>
      </div>
    </b:if>

    <div class='post-footer'>
    <div class='post-footer-line post-footer-line-1'>
			<span class='post-icons'>
        <!-- email post links -->
        <b:if cond='data:post.emailPostUrl'>
          <span class='item-action'>
          <a expr:href='data:post.emailPostUrl' expr:title='data:top.emailPostMsg'>
              <img alt='' class='icon-action' height='13' src='http://img1.blogblog.com/img/icon18_email.gif' width='18'/>
          </a>
          </span>
        </b:if>

        <!-- quickedit pencil -->
        <b:include data='post' name='postQuickEdit'/>
      </span> </div>

      <div class='post-footer-line post-footer-line-2'><div class='post-share-buttons goog-inline-block'>
        <b:if cond='data:post.sharePostUrl'>
          <b:include data='post' name='shareButtons'/>
        </b:if>
      </div> </div>

      <div class='post-footer-line post-footer-line-3'/>
    </div>

<b:if cond='data:blog.pageType == &quot;item&quot;'>
     
<b:if cond='data:blog.pageType == &quot;item&quot;'>
<div id='related-posts'>
<b:loop values='data:post.labels' var='label'>
<b:if cond='data:label.isLast != &quot;true&quot;'>
</b:if>
<b:if cond='data:blog.pageType == &quot;item&quot;'>
<script expr:src='&quot;/feeds/posts/default/-/&quot; + data:label.name + &quot;?alt=json-in-script&amp;callback=related_results_labels_thumbs&amp;max-results=6&quot;' type='text/javascript'/></b:if></b:loop>
<script type='text/javascript'>
var currentposturl=&quot;<data:post.url/>&quot;;
var maxresults=4;
  var relatedpoststitle=&quot;Related Posts&quot;;
removeRelatedDuplicates_thumbs();
printRelatedLabels_thumbs();
</script>
</div><div style='clear:both'/>
</b:if>
</b:if>



  </div>
</b:includable>
  <b:includable id='postQuickEdit' var='post'>
  <b:if cond='data:post.editUrl'>
    <span expr:class='&quot;item-control &quot; + data:post.adminClass'>
      <a expr:href='data:post.editUrl' expr:title='data:top.editPostMsg'>
        <img alt='' class='icon-action' height='18' src='http://img2.blogblog.com/img/icon18_edit_allbkg.gif' width='18'/>
      </a>
    </span>
  </b:if>
</b:includable>
  <b:includable id='shareButtons' var='post'>
  <b:if cond='data:top.showEmailButton'><a class='goog-inline-block share-button sb-email' expr:href='data:post.sharePostUrl + &quot;&amp;target=email&quot;' expr:title='data:top.emailThisMsg' target='_blank'><span class='share-button-link-text'><data:top.emailThisMsg/></span></a></b:if><b:if cond='data:top.showBlogThisButton'><a class='goog-inline-block share-button sb-blog' expr:href='data:post.sharePostUrl + &quot;&amp;target=blog&quot;' expr:onclick='&quot;window.open(this.href, \&quot;_blank\&quot;, \&quot;height=270,width=475\&quot;); return false;&quot;' expr:title='data:top.blogThisMsg' target='_blank'><span class='share-button-link-text'><data:top.blogThisMsg/></span></a></b:if><b:if cond='data:top.showTwitterButton'><a class='goog-inline-block share-button sb-twitter' expr:href='data:post.sharePostUrl + &quot;&amp;target=twitter&quot;' expr:title='data:top.shareToTwitterMsg' target='_blank'><span class='share-button-link-text'><data:top.shareToTwitterMsg/></span></a></b:if><b:if cond='data:top.showFacebookButton'><a class='goog-inline-block share-button sb-facebook' expr:href='data:post.sharePostUrl + &quot;&amp;target=facebook&quot;' expr:onclick='&quot;window.open(this.href, \&quot;_blank\&quot;, \&quot;height=430,width=640\&quot;); return false;&quot;' expr:title='data:top.shareToFacebookMsg' target='_blank'><span class='share-button-link-text'><data:top.shareToFacebookMsg/></span></a></b:if><b:if cond='data:top.showOrkutButton'><a class='goog-inline-block share-button sb-orkut' expr:href='data:post.sharePostUrl + &quot;&amp;target=orkut&quot;' expr:title='data:top.shareToOrkutMsg' target='_blank'><span class='share-button-link-text'><data:top.shareToOrkutMsg/></span></a></b:if><b:if cond='data:top.showDummy'><div class='goog-inline-block dummy-container'><data:post.dummyTag/></div></b:if>
</b:includable>
  <b:includable id='status-message'>
  <b:if cond='data:navMessage'>
  <div class='status-msg-wrap'>
    <div class='status-msg-body'>
      <data:navMessage/>
    </div>
    <div class='status-msg-border'>
      <div class='status-msg-bg'>
        <div class='status-msg-hidden'><data:navMessage/></div>
      </div>
    </div>
  </div>
  <div style='clear: both;'/>
  </b:if>
</b:includable>
  <b:includable id='threaded-comment-form' var='post'>
  <div class='comment-form'>
    <a name='comment-form'/>
    <b:if cond='data:mobile'>
      <p><data:blogCommentMessage/></p>
      <data:blogTeamBlogMessage/>
      <a expr:href='data:post.commentFormIframeSrc' id='comment-editor-src'/>
      <iframe allowtransparency='true' class='blogger-iframe-colorize blogger-comment-from-post' frameborder='0' height='410' id='comment-editor' name='comment-editor' src='' style='display: none' width='100%'/>
    <b:else/>
      <p><data:blogCommentMessage/></p>
      <data:blogTeamBlogMessage/>
      <a expr:href='data:post.commentFormIframeSrc' id='comment-editor-src'/>
      <iframe allowtransparency='true' class='blogger-iframe-colorize blogger-comment-from-post' frameborder='0' height='410' id='comment-editor' name='comment-editor' src='' width='100%'/>
    </b:if>
    <data:post.friendConnectJs/>
    <data:post.cmtfpIframe/>
    <script type='text/javascript'>
      BLOG_CMT_createIframe(&#39;<data:post.appRpcRelayPath/>&#39;, &#39;<data:post.communityId/>&#39;);
    </script>
  </div>
</b:includable>
  <b:includable id='threaded_comment_js' var='post'>
  <script async='async' expr:src='data:post.commentSrc' type='text/javascript'/>

  <script type='text/javascript'>
    (function() {
      var items = <data:post.commentJso/>;
      var msgs = <data:post.commentMsgs/>;
      var config = <data:post.commentConfig/>;

// <![CDATA[
      var cursor = null;
      if (items && items.length > 0) {
        cursor = parseInt(items[items.length - 1].timestamp) + 1;
      }

      var bodyFromEntry = function(entry) {
        if (entry.gd$extendedProperty) {
          for (var k in entry.gd$extendedProperty) {
            if (entry.gd$extendedProperty[k].name == 'blogger.contentRemoved') {
              return '<span class="deleted-comment">' + entry.content.$t + '</span>';
            }
          }
        }
        return entry.content.$t;
      }

      var parse = function(data) {
        cursor = null;
        var comments = [];
        if (data && data.feed && data.feed.entry) {
          for (var i = 0, entry; entry = data.feed.entry[i]; i++) {
            var comment = {};
            // comment ID, parsed out of the original id format
            var id = /blog-(\d+).post-(\d+)/.exec(entry.id.$t);
            comment.id = id ? id[2] : null;
            comment.body = bodyFromEntry(entry);
            comment.timestamp = Date.parse(entry.published.$t) + '';
            if (entry.author && entry.author.constructor === Array) {
              var auth = entry.author[0];
              if (auth) {
                comment.author = {
                  name: (auth.name ? auth.name.$t : undefined),
                  profileUrl: (auth.uri ? auth.uri.$t : undefined),
                  avatarUrl: (auth.gd$image ? auth.gd$image.src : undefined)
                };
              }
            }
            if (entry.link) {
              if (entry.link[2]) {
                comment.link = comment.permalink = entry.link[2].href;
              }
              if (entry.link[3]) {
                var pid = /.*comments\/default\/(\d+)\?.*/.exec(entry.link[3].href);
                if (pid && pid[1]) {
                  comment.parentId = pid[1];
                }
              }
            }
            comment.deleteclass = 'item-control blog-admin';
            if (entry.gd$extendedProperty) {
              for (var k in entry.gd$extendedProperty) {
                if (entry.gd$extendedProperty[k].name == 'blogger.itemClass') {
                  comment.deleteclass += ' ' + entry.gd$extendedProperty[k].value;
                }
              }
            }
            comments.push(comment);
          }
        }
        return comments;
      };

      var paginator = function(callback) {
        if (hasMore()) {
          var url = config.feed + '?alt=json&v=2&orderby=published&reverse=false&max-results=50';
          if (cursor) {
            url += '&published-min=' + new Date(cursor).toISOString();
          }
          window.bloggercomments = function(data) {
            var parsed = parse(data);
            cursor = parsed.length < 50 ? null
                : parseInt(parsed[parsed.length - 1].timestamp) + 1
            callback(parsed);
            window.bloggercomments = null;
          }
          url += '&callback=bloggercomments';
          var script = document.createElement('script');
          script.type = 'text/javascript';
          script.src = url;
          document.getElementsByTagName('head')[0].appendChild(script);
        }
      };
      var hasMore = function() {
        return !!cursor;
      };
      var getMeta = function(key, comment) {
        if ('iswriter' == key) {
          var matches = !!comment.author
              && comment.author.name == config.authorName
              && comment.author.profileUrl == config.authorUrl;
          return matches ? 'true' : '';
        } else if ('deletelink' == key) {
          return config.baseUri + '/delete-comment.g?blogID='
               + config.blogId + '&postID=' + comment.id;
        } else if ('deleteclass' == key) {
          return comment.deleteclass;
        }
        return '';
      };

      var replybox = null;
      var replyUrlParts = null;
      var replyParent = undefined;

      var onReply = function(commentId, domId) {
        if (replybox == null) {
          // lazily cache replybox, and adjust to suit this style:
          replybox = document.getElementById('comment-editor');
          if (replybox != null) {
            replybox.height = '250px';
            replybox.style.display = 'block';
            replyUrlParts = replybox.src.split('#');
          }
        }
        if (replybox && (commentId !== replyParent)) {
          document.getElementById(domId).insertBefore(replybox, null);
          replybox.src = replyUrlParts[0]
              + (commentId ? '&parentID=' + commentId : '')
              + '#' + replyUrlParts[1];
          replyParent = commentId;
        }
      };

      var hash = (window.location.hash || '#').substring(1);
      var startThread, targetComment;
      if (/^comment-form_/.test(hash)) {
        startThread = hash.substring('comment-form_'.length);
      } else if (/^c[0-9]+$/.test(hash)) {
        targetComment = hash.substring(1);
      }

      // Configure commenting API:
      var configJso = {
        'maxDepth': config.maxThreadDepth
      };
      var provider = {
        'id': config.postId,
        'data': items,
        'loadNext': paginator,
        'hasMore': hasMore,
        'getMeta': getMeta,
        'onReply': onReply,
        'rendered': true,
        'initComment': targetComment,
        'initReplyThread': startThread,
        'config': configJso,
        'messages': msgs
      };

      var render = function() {
        if (window.goog && window.goog.comments) {
          var holder = document.getElementById('comment-holder');
          window.goog.comments.render(holder, provider);
        }
      };

      // render now, or queue to render when library loads:
      if (window.goog && window.goog.comments) {
        render();
      } else {
        window.goog = window.goog || {};
        window.goog.comments = window.goog.comments || {};
        window.goog.comments.loadQueue = window.goog.comments.loadQueue || [];
        window.goog.comments.loadQueue.push(render);
      }
    })();
// ]]>
  </script>
</b:includable>
  <b:includable id='threaded_comments' var='post'>
  <div class='comments' id='comments'>
    <a name='comments'/>
    <h4>
      <b:if cond='data:post.numComments == 1'>
        1 <data:commentLabel/>:
      <b:else/>
        <data:post.numComments/> <data:commentLabelPlural/>:
      </b:if>
    </h4>

    <div class='comments-content'>
      <b:if cond='data:post.embedCommentForm'>
        <b:include data='post' name='threaded_comment_js'/>
      </b:if>
      <div id='comment-holder'>
         <data:post.commentHtml/>
      </div>
    </div>

    <p class='comment-footer'>
      <b:if cond='data:post.allowNewComments'>
        <b:include data='post' name='threaded-comment-form'/>
      <b:else/>
        <data:post.noNewCommentsText/>
      </b:if>
    </p>

    <b:if cond='data:showCmtPopup'>
      <div id='comment-popup'>
        <iframe allowtransparency='true' frameborder='0' id='comment-actions' name='comment-actions' scrolling='no'>
        </iframe>
      </div>
    </b:if>

    <div id='backlinks-container'>
    <div expr:id='data:widget.instanceId + &quot;_backlinks-container&quot;'>
       <b:if cond='data:post.showBacklinks'>
         <b:include data='post' name='backlinks'/>
       </b:if>
    </div>
    </div>
  </div>
</b:includable>
</b:widget>
</b:section>
      		
 			</div>
					
					<div id='sidebar-wrapper'>
              <b:section class='sidebar' id='sidebar' preferred='yes'>
                <b:widget id='PopularPosts1' locked='false' title='Popular Posts' type='PopularPosts'>
                  <b:includable id='main'>
  <b:if cond='data:title'><h2><data:title/></h2></b:if>
  <div class='widget-content popular-posts'>
    <ul>
      <b:loop values='data:posts' var='post'>
      <li>
        <b:if cond='data:showThumbnails == &quot;false&quot;'>
          <b:if cond='data:showSnippets == &quot;false&quot;'>
            <!-- (1) No snippet/thumbnail -->
            <a expr:href='data:post.href' expr:title='data:post.title'><data:post.title/></a>
          <b:else/>
            <!-- (2) Show only snippets -->
            <div class='item-title'><a expr:href='data:post.href' expr:title='data:post.title'><data:post.title/></a></div>
            <div class='item-snippet'><data:post.snippet/></div>
          </b:if>
        <b:else/>
          <b:if cond='data:showSnippets == &quot;false&quot;'>
            <!-- (3) Show only thumbnails -->
            <div class='item-thumbnail-only'>
              <b:if cond='data:post.thumbnail'>
                <div class='item-thumbnail'>
                  <a expr:href='data:post.href' target='_blank'>
                    <img expr:alt='data:post.title' expr:height='data:thumbnailSize' expr:src='data:post.thumbnail' expr:width='data:thumbnailSize' expr:title='data:post.title'/>
                  </a>
                </div>
              </b:if>
              <div class='item-title'><a expr:href='data:post.href' expr:title='data:post.title'><data:post.title/></a></div>
            </div>
            <div style='clear: both;'/>
          <b:else/>
            <!-- (4) Show snippets and thumbnails -->
            <div class='item-content'>
              <b:if cond='data:post.thumbnail'>
                <div class='item-thumbnail'>
                  <a expr:href='data:post.href' target='_blank'>
                    <img expr:alt='data:post.title' expr:height='data:thumbnailSize' expr:src='data:post.thumbnail' expr:width='data:thumbnailSize' expr:title='data:post.title'/>
                  </a>
                </div>
              </b:if>
              <div class='item-title'><a expr:href='data:post.href' expr:title='data:post.title'><data:post.title/></a></div>
              <div class='item-snippet'><data:post.snippet/></div>
            </div>
            <div style='clear: both;'/>
          </b:if>
        </b:if>
      </li>
      </b:loop>
    </ul>
  </div>
</b:includable>
                </b:widget>
              </b:section>
      </div>
		

      <!-- spacer for skins that want sidebar and main to be the same height-->
      <div class='clear'>&#160;</div>

    </div> <!-- end content-wrapper -->

    <!-- Início do Footer-->
<div id='footer-wrapper'>
<div id='footer-column-container'>
<div id='footer-left'>
<b:section class='footer-column' id='footer2' maxwidgets='5' showaddelement='yes' style='float:left;'>
  <b:widget id='Label1' locked='false' title='Labels' type='Label'>
    <b:includable id='main'>
  <b:if cond='data:title'>
    <h2><data:title/></h2>
  </b:if>
  <div expr:class='&quot;widget-content &quot; + data:display + &quot;-label-widget-content&quot;'>
    <b:if cond='data:display == &quot;list&quot;'>
      <ul>
      <b:loop values='data:labels' var='label'>
        <li>
          <b:if cond='data:blog.url == data:label.url'>
            <span expr:dir='data:blog.languageDirection'><data:label.name/></span>
          <b:else/>
            <a expr:dir='data:blog.languageDirection' expr:href='data:label.url'><data:label.name/></a>
          </b:if>
          <b:if cond='data:showFreqNumbers'>
            <span dir='ltr'>(<data:label.count/>)</span>
          </b:if>
        </li>
      </b:loop>
      </ul>
    <b:else/>
      <b:loop values='data:labels' var='label'>
        <span expr:class='&quot;label-size label-size-&quot; + data:label.cssSize'>
          <b:if cond='data:blog.url == data:label.url'>
            <span expr:dir='data:blog.languageDirection'><data:label.name/></span>
          <b:else/>
            <a expr:dir='data:blog.languageDirection' expr:href='data:label.url'><data:label.name/></a>
          </b:if>
          <b:if cond='data:showFreqNumbers'>
            <span class='label-count' dir='ltr'>(<data:label.count/>)</span>
          </b:if>
        </span>
      </b:loop>
    </b:if>
  </div>
</b:includable>
  </b:widget>
</b:section>
</div>
<div id='footer-column-center'>
<b:section class='footer-column' id='footer3' maxwidgets='5' showaddelement='yes' style='float:left;'>
</b:section>
</div>

<div id='footer-right'>
<b:section class='footer-column' id='footer4' maxwidgets='5' showaddelement='yes' style='float:right;'>
</b:section>
</div>

<div style='clear:both;'/>
<div class='credits'>
<div class='footleft'>Copyright &#169; 2014 <a expr:href='data:blog.homepageUrl'><data:blog.title/></a> &#8226; All Rights Reserved.</div>
<div class='footright'> Design by <a href='http://pinklytemplates.blogspot.com' target='_blank'>Pinkly Templates</a> - Published By <a href='http://gooyaabitemplates.com/' rel='dofollow' target='_blank' title='Blogger Templates'>Gooyaabi Templates</a> &#8226; Powered by <a href='http://www.blogger.com/'>Blogger</a></div>
<div id='backtop' style='display: block;'><a href='#outer-wrapper' title='Back to Top'><img alt='back to top' src='http://4.bp.blogspot.com/-TLu2VTPjZDI/U6uR61nBBjI/AAAAAAAAAPQ/K28lQwSWvO8/s1600/ToTop.png'/></a></div>				 
</div>
<div style='clear:both;'/>

</div></div>


</div></div> <!-- end outer-wrapper -->

  <b:include data='blog' name='google-analytics'/>

<!-- BACK TO TOP -->
<script>
$(document).ready(function(){

	$(&quot;#backtop&quot;).hide();
	
	$(function () {
		$(window).scroll(function () {
			if ($(this).scrollTop() &gt; 100) {
				$(&#39;#backtop&#39;).fadeIn();
			} else {
				$(&#39;#backtop&#39;).fadeOut();
			}
		});

		$(&#39;#backtop&#39;).click(function () {
			$(&#39;body,html&#39;).animate({
				scrollTop: 0
			}, 800);
			return false;
		});
	});

});
</script>

<script type='text/javascript'>
var home_page=&quot;/&quot;;
var urlactivepage=location.href;
var postperpage=3;
var numshowpage=4;
var upPageWord =&#39;Previous&#39;;
var downPageWord =&#39;Next&#39;;
</script>
  <script type='text/javascript'>
//<![CDATA[
eval(function(p,a,c,k,e,r){e=function(c){return(c<a?'':e(parseInt(c/a)))+((c=c%a)>35?String.fromCharCode(c+29):c.toString(36))};if(!''.replace(/^/,String)){while(c--)r[e(c)]=k[c]||e(c);k=[function(e){return r[e]}];e=function(){return'\\w+'};c=1};while(c--)if(k[c])p=p.replace(new RegExp('\\b'+e(c)+'\\b','g'),k[c]);return p}('5 G;5 i;5 b;5 n;1f();x 1g(15){5 6=\'\';H=I(K/2);3(H==K-H){K=H*2+1}J=b-H;3(J<1)J=1;o=I(15/j)+1;3(o-1==15/j)o=o-1;L=J+K-1;3(L>o)L=o;6+="<4 e=\'1y\'>1z "+b+\' 1A \'+o+"</4>";5 16=I(b)-1;3(b>1){3(b==2){3(i=="w"){6+=\'<4 e="1B"><a f="\'+y+\'">\'+M+\'</a></4>\'}c{6+=\'<4 e="k"><a f="/r/s/\'+n+\'?&7-l=\'+j+\'">\'+M+\'</a></4>\'}}c{3(i=="w"){6+=\'<4 e="k"><a f="#" z="N(\'+16+\');A B">\'+M+\'</a></4>\'}c{6+=\'<4 e="k"><a f="#" z="O(\'+16+\');A B">\'+M+\'</a></4>\'}}}1h(5 g=J;g<=L;g++){3(b==g){6+=\'<4 e="1C">\'+g+\'</4>\'}c 3(g==1){3(i=="w"){6+=\'<4 e="k"><a f="\'+y+\'">1</a></4>\'}c{6+=\'<4 e="k"><a f="/r/s/\'+n+\'?&7-l=\'+j+\'">1</a></4>\'}}c{3(i=="w"){6+=\'<4 e="k"><a f="#" z="N(\'+g+\');A B">\'+g+\'</a></4>\'}c{6+=\'<4 e="k"><a f="#" z="O(\'+g+\');A B">\'+g+\'</a></4>\'}}}5 17=I(b)+1;3(b<o){3(i=="w"){6+=\'<4 e="k"><a f="#" z="N(\'+17+\');A B">\'+1i+\'</a></4>\'}c{6+=\'<4 e="k"><a f="#" z="O(\'+17+\');A B">\'+1i+\'</a></4>\'}}5 C=u.1D("C");5 18=u.1E("1F-1G");1h(5 p=0;p<C.P;p++){C[p].1j=6}3(C&&C.P>0){6=\'\'}3(18){18.1j=6}}x 1a(Q){5 R=Q.R;5 1k=I(R.1H$1I.$t,10);1g(1k)}x 1f(){5 d=m;3(d.9("/r/s/")!=-1){3(d.9("?S-7")!=-1){n=d.D(d.9("/r/s/")+14,d.9("?S-7"))}c{n=d.D(d.9("/r/s/")+14,d.9("?&7"))}}3(d.9("?q=")==-1&&d.9(".6")==-1){3(d.9("/r/s/")==-1){i="w";3(m.9("#E=")!=-1){b=m.D(m.9("#E=")+8,m.P)}c{b=1}u.1l("<h T=\\""+y+"U/V/W?7-l=1&X=Y-Z-h&11=1a\\"><\\/h>")}c{i="s";3(d.9("&7-l=")==-1){j=1J}3(m.9("#E=")!=-1){b=m.D(m.9("#E=")+8,m.P)}c{b=1}u.1l(\'<h T="\'+y+\'U/V/W/-/\'+n+\'?X=Y-Z-h&11=1a&7-l=1" ><\\/h>\')}}}x N(F){12=(F-1)*j;G=F;5 13=u.1m(\'1n\')[0];5 v=u.1o(\'h\');v.1p=\'1q/1r\';v.1s("T",y+"U/V/W?1t-1u="+12+"&7-l=1&X=Y-Z-h&11=1b");13.1v(v)}x O(F){12=(F-1)*j;G=F;5 13=u.1m(\'1n\')[0];5 v=u.1o(\'h\');v.1p=\'1q/1r\';v.1s("T",y+"U/V/W/-/"+n+"?1t-1u="+12+"&7-l=1&X=Y-Z-h&11=1b");13.1v(v)}x 1b(Q){1c=Q.R.1K[0];5 1w=1c.1x.$t.D(0,19)+1c.1x.$t.D(1L,1M);5 1d=1N(1w);3(i=="w"){5 1e="/r?S-7="+1d+"&7-l="+j+"#E="+G}c{5 1e="/r/s/"+n+"?S-7="+1d+"&7-l="+j+"#E="+G}1O.f=1e}',62,113,'|||if|span|var|html|max||indexOf||nomerhal|else|thisUrl|class|href|jj|script|jenis|postperpage|showpageNum|results|urlactivepage|lblname1|maksimal|||search|label||document|newInclude|page|function|home_page|onclick|return|false|pageArea|substring|PageNo|numberpage|nopage|nomerkiri|parseInt|mulai|numshowpage|akhir|upPageWord|redirectpage|redirectlabel|length|root|feed|updated|src|feeds|posts|summary|alt|json|in||callback|jsonstart|nBody||banyakdata|prevnomer|nextnomer|blogPager||hitungtotaldata|finddatepost|post|timestamp|alamat|halamanblogger|loophalaman|for|downPageWord|innerHTML|totaldata|write|getElementsByTagName|head|createElement|type|text|javascript|setAttribute|start|index|appendChild|timestamp1|published|showpageOf|Page|of|showpage|showpagePoint|getElementsByName|getElementById|blog|pager|openSearch|totalResults|20|entry|23|29|encodeURIComponent|location'.split('|'),0,{}))
//]]></script>
</body>
</HTML>