<?xml version="1.0" encoding="UTF-8" ?>
<!DOCTYPE html PUBLIC "-//W3C//DTD XHTML 1.0 Strict//EN" "http://www.w3.org/TR/xhtml1/DTD/xhtml1-strict.dtd">
<html expr:dir='data:blog.languageDirection' xmlns='http://www.w3.org/1999/xhtml' xmlns:b='http://www.google.com/2005/gml/b' xmlns:data='http://www.google.com/2005/gml/data' xmlns:expr='http://www.google.com/2005/gml/expr'>
  <head>
    <b:include data='blog' name='all-head-content'/>


<meta content='DESCRIPTION HERE' name='description'/>
<meta content='KEYWORDS HERE' name='keywords'/>

<b:if cond='data:blog.pageType == &quot;index&quot;'>
<title><data:blog.pageTitle/></title> 
<b:else/>
<title><data:blog.pageName/> ~ <data:blog.title/></title>
</b:if>

<link href='YOUR-FAVICON-URL' rel='shortcut icon' type='image/vnd.microsoft.icon'/>

    <b:skin><![CDATA[/*
-----------------------------------------------
Note:Please Do Not Remove This !!!

Blogger Template Style
Name:     Pure Magazine v1
Designer: Lasantha Bandara
URL 1:    http://www.bloggertipandtrick.net/
URL 2:    http://www.premiumbloggertemplates.com/
Date:     12 August 2010

License:  This free Blogger template is licensed under the Creative Commons Attribution 3.0 License,which permits both personal and commercial use.
However, to satisfy the 'attribution' clause of the license, you are required to keep the footer links intact which provides due credit to its authors. For more specific details about the license, you may visit the URL below:
http://creativecommons.org/licenses/by/3.0/
----------------------------------------------- */

/* Variable definitions
   ====================
   <Variable name="bgcolor" description="Page Background Color"
             type="color" default="#fff" value="#ffffff">
   <Variable name="textcolor" description="Text Color"
             type="color" default="#333" value="#333333">
   <Variable name="linkcolor" description="Link Color"
             type="color" default="#58a" value="#5588aa">
   <Variable name="pagetitlecolor" description="Blog Title Color"
             type="color" default="#666" value="#666666">
   <Variable name="descriptioncolor" description="Blog Description Color"
             type="color" default="#999" value="#999999">
   <Variable name="titlecolor" description="Post Title Color"
             type="color" default="#c60" value="#cc6600">
   <Variable name="bordercolor" description="Border Color"
             type="color" default="#ccc" value="#cccccc">
   <Variable name="sidebarcolor" description="Sidebar Title Color"
             type="color" default="#999" value="#999999">
   <Variable name="sidebartextcolor" description="Sidebar Text Color"
             type="color" default="#666" value="#666666">
   <Variable name="visitedlinkcolor" description="Visited Link Color"
             type="color" default="#999" value="#999999">
   <Variable name="bodyfont" description="Text Font"
             type="font" default="normal normal 100% Georgia, Serif" value="normal normal 100% Georgia, Serif">
   <Variable name="headerfont" description="Sidebar Title Font"
             type="font"
             default="normal normal 78% 'Trebuchet MS',Trebuchet,Arial,Verdana,Sans-serif" value="normal normal 78% 'Trebuchet MS',Trebuchet,Arial,Verdana,Sans-serif">
   <Variable name="pagetitlefont" description="Blog Title Font"
             type="font"
             default="normal normal 200% Georgia, Serif" value="normal normal 200% Georgia, Serif">
   <Variable name="descriptionfont" description="Blog Description Font"
             type="font"
             default="normal normal 78% 'Trebuchet MS', Trebuchet, Arial, Verdana, Sans-serif" value="normal normal 78% 'Trebuchet MS', Trebuchet, Arial, Verdana, Sans-serif">
   <Variable name="postfooterfont" description="Post Footer Font"
             type="font"
             default="normal normal 78% 'Trebuchet MS', Trebuchet, Arial, Verdana, Sans-serif" value="normal normal 78% 'Trebuchet MS', Trebuchet, Arial, Verdana, Sans-serif">
   <Variable name="startSide" description="Side where text starts in blog language"
             type="automatic" default="left" value="left">
   <Variable name="endSide" description="Side where text ends in blog language"
             type="automatic" default="right" value="right">
*/

/* Use this with templates/template-twocol.html */

#navbar-iframe{height:0;visibility:hidden;display:none}

body{background:url(http://4.bp.blogspot.com/_HJvXUqHmf9Y/TGDblFxxKoI/AAAAAAAAAAw/XsAO6kPLpNI/s1600/body.png) repeat scroll left top;margin:0;padding:0 0 0 0;color:#161514;font:13px Arial,Tahoma,Century gothic,sans-serif}
a:link{color:$linkcolor;text-decoration:none}
a:visited{color:$visitedlinkcolor;text-decoration:none}
a:hover{color:$titlecolor;text-decoration:underline}
a img{border-width:0}
/* Header ----------------------------------------------- */
#header-wrapper{width:1000px;height:80px;margin:0 auto 0;border:0 solid $bordercolor}
#header-inner{background-position:center;margin-left:auto;margin-right:auto}
#header{float:left;width:50%;height:70px;margin:0;border:0 solid $bordercolor;color:$pagetitlecolor}
#header .widget{float:left;margin-top:10px;margin-left:10px}
#header2{float:left;width:50%;height:70px}
#header2 .widget{float:right;margin-top:10px;margin-right:0}
#header h1{margin:0 5px 0;padding:0 0 .25em;line-height:1.2em;text-transform:uppercase;letter-spacing:.2em;font:$pagetitlefont;color:#fff;float:left}
#header a{color:#fff;text-decoration:none;float:left}
#header a:hover{color:#fff;float:left}
#header .description{margin:0 5px 5px;padding:0 0 15px;max-width:700px;text-transform:uppercase;letter-spacing:.2em;line-height:1.4em;font:$descriptionfont;color:#ccc}
#header img{margin-$startSide:auto;margin-$endSide:auto}
/* Outer-Wrapper ----------------------------------------------- */
#outer-wrapper{width:1000px;margin:0 auto;padding:0;text-align:$startSide;font:$bodyfont}
#content-wrapper{background:url(http://2.bp.blogspot.com/_HJvXUqHmf9Y/TGIartH3ATI/AAAAAAAAABQ/WG5b-ZUmtj4/s1600/body-bg.jpg) repeat scroll left top;background-color:#f3f3f3;padding-bottom:50px;margin-bottom:15px;-webkit-border-bottom-right-radius:5px;-webkit-border-bottom-left-radius:5px;-moz-border-radius-bottomright:5px;-moz-border-radius-bottomleft:5px}
#main-wrapper{float:left;width:625px;height:100%;padding:5px 15px 0 0;margin:17px 0 0 10px;display:inline;word-wrap:break-word;/* fix for long text breaking sidebar float in IE */
overflow:hidden;/* fix for long non-text content breaking IE sidebar float */
}
#sidebar-wrapper{float:right;width:320px;padding:20px 0 0 0;display:inline;margin-right:20px;float:$endSide;word-wrap:break-word;/* fix for long text breaking sidebar float in IE */
overflow:hidden;/* fix for long non-text content breaking IE sidebar float */
}
/* Headings ----------------------------------------------- */
h2{margin:1.5em 0 .75em;font:$headerfont;line-height:1.4em;text-transform:uppercase;letter-spacing:.2em;color:$sidebarcolor}
/* Posts ----------------------------------------------- */
h2.date-header{margin:1.5em 0 .5em}
.post{margin:5px 0 5px;border-bottom:0 dotted $bordercolor;padding-bottom:5px;color:#555;font-family:Arial,Georgia,Tahoma,Century gothic,sans-serif}
.post h3{margin:0 0 0 0;padding:0 0 5px 5px;font:24px Georgia,Arial,century gothic,verdana,sans-serif;font-weight:normal;overflow:hidden;text-shadow:1px 1px 0 #fff}
.post h3 a,.post h3 a:visited,.post h3 strong{color:#222;background-color:transparent}
}
.post h3 strong,.post h3 a:hover{color:#000;background-color:transparent}
}
.post-body{margin:0 0 .75em;line-height:1.6em}
.post-body blockquote{overflow:hidden;padding-left:9px;font-style:italic;color:#666;border-left:5px solid #ccc}
.post-footer{margin:.75em 0;color:$sidebarcolor;text-transform:uppercase;letter-spacing:.1em;font:$postfooterfont;line-height:1.4em}
.comment-link{margin-$startSide:.6em}
.post img{padding:4px;border:1px solid $bordercolor}
.post blockquote{margin:1em 20px}
.post blockquote p{margin:.75em 0}
/* Comments ----------------------------------------------- */
/* Comments ----------------------------------------------- */
#comments{font-family:Arial,Georgia,Tahoma,Century gothic,sans-serif;padding:20px 20px 5px 15px}
#comments h4{margin:1em 0;color:#717171;font:bold 18px Serif,Arial,sans-serif,&quot;Segoe UI&quot;,Calibri,&quot;Myriad Pro&quot;,Myriad,&quot;Trebuchet MS&quot;,Helvetica}
#comments h4 strong{font-size:110%}
#comments-block{margin:1em 0 1.5em;font:normal normal 100%/1.3em Georgia,Serif}
#comments-block dt{color:#666;border-top:1px solid #ddd;border-left:1px solid #ddd;border-right:1px solid #ddd;background:#fff;margin:20px 0 0 0;padding:10px;font:italic normal 12px Georgia,Serif}
#comments-block dt a{text-decoration:none;color:#000;font:normal normal 12px Georgia,Serif}
#comments-block dd{color:#666;border-left:1px solid #ddd;border-right:1px solid #ddd;background:#fff;margin:.0em 0 0;padding:10px;font:normal normal 12px Georgia,Serif}
#comments-block dd a{color:#666;text-decoration:none;font:normal normal 12px Georgia,Serif}
#comments-block dd.comment-footer{margin:0 0 0;border-left:1px solid #ddd;border-right:1px solid #ddd;border-bottom:1px solid #ddd;padding:10px;font:normal normal 100%/1.4em Georgia,Serif}
#comments-block dd p{margin:0 0 .75em}
.deleted-comment{font-style:italic;color:gray}
#blog-pager-newer-link{float:$startSide}
#blog-pager-older-link{float:$endSide}
#blog-pager{text-align:center}
.feed-links{clear:both;line-height:2.5em}
/* Sidebar Content ----------------------------------------------- */
.main .widget{border-bottom:0 dotted $bordercolor;margin:0 0 5px;padding:0 0 5px}
.sidebar{color:$sidebartextcolor;line-height:1.5em;font-family:Arial,Georgia,Tahoma,Century gothic,sans-serif}
.sidebar .widget{padding:10px;background:#fff;margin:0 0 10px 0;border:1px solid #eaeaea;border-radius:5px;-moz-border-radius:5px;-webkit-border-radius:5px}
.sidebar .widget h2{background:#5E5E5E;height:30px;padding-left:10px;color:#fff;border-radius:5px;-moz-border-radius:5px;-webkit-border-radius:5px;text-transform:capitalize;letter-spacing:normal;font:bold 16px/30px Arial,Georgia,Tahoma,Century gothic,sans-serif}
.sidebar ul{list-style-type:none;margin:0;padding:0 0 5px 0}
.sidebar li{list-style-type:none;margin:0;padding:0}
.sidebar ul ul{list-style-type:none;margin:0;padding:0 0 0 0;background-repeat:no-repeat}
.sidebar ul ul ul{list-style-type:none;margin:0;padding:0;border:0}
.sidebar ul ul ul ul{list-style-type:none;margin:0;padding:0;border:0}
.sidebar ul li{height:100%;line-height:18px;clear:left;width:295px;margin:0 0;list-style-type:none}
.sidebar ul li a:link,.sidebar ul li a:visited{color:#6f6f6f;border-bottom:1px dotted #ddd;text-decoration:none;padding:5px 0 5px 10px;display:block}
.sidebar ul li a:hover{color:#0167CC}
.sidebar p{padding:7px 10px;margin:0}
.sidebar table{width:100%;text-align:center;color:#787d7f}
.main .Blog{border-bottom-width:0}
/* Profile ----------------------------------------------- */
.profile-img{float:$startSide;margin-top:0;margin-$endSide:5px;margin-bottom:5px;margin-$startSide:0;padding:4px;border:1px solid $bordercolor}
.profile-data{margin:0;text-transform:uppercase;letter-spacing:.1em;font:$postfooterfont;color:$sidebarcolor;font-weight:bold;line-height:1.6em}
.profile-datablock{margin:.5em 0 .5em}
.profile-textblock{margin:0.5em 0;line-height:1.6em}
.profile-link{font:$postfooterfont;text-transform:uppercase;letter-spacing:.1em}
/* Footer ----------------------------------------------- */
#footer{width:1000px;clear:both;margin:0 auto;padding-top:15px;line-height:1.6em;text-transform:uppercase;letter-spacing:.1em;text-align:center}
#footer-wrapper{color:#222222;text-shadow:1px 1px 0 #F3F3F3;padding:0;font-size:11px;width:960px;margin:0 auto;background:#dfdfdf;border-radius:5px;-moz-border-radius:5px;-webkit-border-radius:5px;border:1px solid #ccc;}
#footer-wrapper .widget{color:#222222;}
#footer-wrapper a:link,#footer-wrapper a:visited{color:#555}
#footer-wrapper a:hover{color:#222}
#bottom{margin:0 auto}
.bottomcover{background:#DFDFDF;margin:0 auto;width:960px;border:1px solid #ccc}
.footercolumns h2{height:20px;font-size:15px;padding:10px 0 10px 10px;color:#111;border-bottom:1px solid #CFCFCF}
.footercolumns{float:left;width:218px;padding-bottom:10px;font:12px Arial,Tahoma,Century gothic,sans-serif;margin:10px 0 0 15px;color:#ddd}
.footercolumns ul{list-style-type:none;margin:0;padding:0 5px 5px 5px}
.footercolumns li{list-style-type:none;margin:0;padding:0}
.footercolumns ul ul{list-style-type:none;margin:0;padding:0 0 0 0;background-repeat:no-repeat}
.footercolumns ul ul ul{list-style-type:none;margin:0;padding:0;border:0}
.footercolumns ul ul ul ul{list-style-type:none;margin:0;padding:0;border:0}
.footercolumns ul li{height:100%;line-height:18px;clear:left;width:220px;list-style-type:none}
.footercolumns ul li a:link,.footercolumns ul li a:visited{color:#555;text-shadow:1px 1px 0 #F3F3F3;text-decoration:none;padding:5px 0 5px 5px;display:block;border-bottom:1px solid #CFCFCF}
.footercolumns ul li a:hover{color:#000;text-shadow:1px 1px 0 #F3F3F3}
.footercolumns p{padding:7px 10px;margin:0}
.footercolumns table{width:100%;text-align:center;color:#787d7f}

.footercolumns2 h2{height:20px;font-size:15px;padding:10px 0 10px 10px;color:#111;border-bottom:0px solid #CFCFCF}
.footercolumns2{float:left;width:910px;padding-bottom:10px;font:12px Arial,Tahoma,Century gothic,sans-serif;margin:10px 0 0 15px;color:#ddd}
.footercolumns2 .widget{float:left;width:910px;}
.footercolumns2 ul{list-style-type:none;margin:0;padding:0 5px 5px 5px}
.footercolumns2 li{list-style-type:none;margin:0;padding:0}
.footercolumns2 ul ul{list-style-type:none;margin:0;padding:0 0 0 0;background-repeat:no-repeat}
.footercolumns2 ul ul ul{list-style-type:none;margin:0;padding:0;border:0}
.footercolumns2 ul ul ul ul{list-style-type:none;margin:0;padding:0;border:0}
.footercolumns2 ul li{height:100%;line-height:18px;clear:left;width:900px;list-style-type:none}
.footercolumns2 ul li a:link,.footercolumns ul li a:visited{color:#555;text-shadow:1px 1px 0 #F3F3F3;text-decoration:none;padding:5px 0 5px 5px;display:block;border-bottom:1px solid #CFCFCF}
.footercolumns2 ul li a:hover{color:#000;text-shadow:1px 1px 0 #F3F3F3}
.footercolumns2 p{padding:7px 10px;margin:0}
.footercolumns2 table{width:90%;text-align:center;color:#787d7f}

]]></b:skin>

<script src='http://ajax.googleapis.com/ajax/libs/jquery/1.4.2/jquery.min.js' type='text/javascript'/>

<script type='text/javascript'>
//<![CDATA[

/*
 * 	Easy Slider 1.7 - jQuery plugin
 *	written by Alen Grakalic	
 *	http://cssglobe.com/post/4004/easy-slider-15-the-easiest-jquery-plugin-for-sliding
 *
 *	Copyright (c) 2009 Alen Grakalic (http://cssglobe.com)
 *	Dual licensed under the MIT (MIT-LICENSE.txt)
 *	and GPL (GPL-LICENSE.txt) licenses.
 *
 *	Built for jQuery library
 *	http://jquery.com
 *
 */
 
/*
 *	markup example for $("#slider").easySlider();
 *	
 * 	<div id="slider">
 *		<ul>
 *			<li><img src="images/01.jpg" alt="" /></li>
 *			<li><img src="images/02.jpg" alt="" /></li>
 *			<li><img src="images/03.jpg" alt="" /></li>
 *			<li><img src="images/04.jpg" alt="" /></li>
 *			<li><img src="images/05.jpg" alt="" /></li>
 *		</ul>
 *	</div>
 *
 */

(function($) {

	$.fn.easySlider = function(options){
	  
		// default configuration properties
		var defaults = {			
			prevId: 		'prevBtn',
			prevText: 		'Previous',
			nextId: 		'nextBtn',	
			nextText: 		'Next',
			controlsShow:	true,
			controlsBefore:	'',
			controlsAfter:	'',	
			controlsFade:	true,
			firstId: 		'firstBtn',
			firstText: 		'First',
			firstShow:		false,
			lastId: 		'lastBtn',	
			lastText: 		'Last',
			lastShow:		false,				
			vertical:		false,
			speed: 			800,
			auto:			false,
			pause:			2000,
			continuous:		false, 
			numeric: 		false,
			numericId: 		'controls'
		}; 
		
		var options = $.extend(defaults, options);  
				
		this.each(function() {  
			var obj = $(this); 				
			var s = $("li", obj).length;
			var w = $("li", obj).width(); 
			var h = $("li", obj).height(); 
			var clickable = true;
			obj.width(w); 
			obj.height(h); 
			obj.css("overflow","hidden");
			var ts = s-1;
			var t = 0;
			$("ul", obj).css('width',s*w);			
			
			if(options.continuous){
				$("ul", obj).prepend($("ul li:last-child", obj).clone().css("margin-left","-"+ w +"px"));
				$("ul", obj).append($("ul li:nth-child(2)", obj).clone());
				$("ul", obj).css('width',(s+1)*w);
			};				
			
			if(!options.vertical) $("li", obj).css('float','left');
								
			if(options.controlsShow){
				var html = options.controlsBefore;				
				if(options.numeric){
					html += '<ol id="'+ options.numericId +'"></ol>';
				} else {
					if(options.firstShow) html += '<span id="'+ options.firstId +'"><a href=\"javascript:void(0);\">'+ options.firstText +'</a></span>';
					html += ' <span id="'+ options.prevId +'"><a href=\"javascript:void(0);\">'+ options.prevText +'</a></span>';
					html += ' <span id="'+ options.nextId +'"><a href=\"javascript:void(0);\">'+ options.nextText +'</a></span>';
					if(options.lastShow) html += ' <span id="'+ options.lastId +'"><a href=\"javascript:void(0);\">'+ options.lastText +'</a></span>';				
				};
				
				html += options.controlsAfter;						
				$(obj).after(html);										
			};
			
			if(options.numeric){									
				for(var i=0;i<s;i++){						
					$(document.createElement("li"))
						.attr('id',options.numericId + (i+1))
						.html('<a rel='+ i +' href=\"javascript:void(0);\">'+ (i+1) +'</a>')
						.appendTo($("#"+ options.numericId))
						.click(function(){							
							animate($("a",$(this)).attr('rel'),true);
						}); 												
				};							
			} else {
				$("a","#"+options.nextId).click(function(){		
					animate("next",true);
				});
				$("a","#"+options.prevId).click(function(){		
					animate("prev",true);				
				});	
				$("a","#"+options.firstId).click(function(){		
					animate("first",true);
				});				
				$("a","#"+options.lastId).click(function(){		
					animate("last",true);				
				});				
			};
			
			function setCurrent(i){
				i = parseInt(i)+1;
				$("li", "#" + options.numericId).removeClass("current");
				$("li#" + options.numericId + i).addClass("current");
			};
			
			function adjust(){
				if(t>ts) t=0;		
				if(t<0) t=ts;	
				if(!options.vertical) {
					$("ul",obj).css("margin-left",(t*w*-1));
				} else {
					$("ul",obj).css("margin-left",(t*h*-1));
				}
				clickable = true;
				if(options.numeric) setCurrent(t);
			};
			
			function animate(dir,clicked){
				if (clickable){
					clickable = false;
					var ot = t;				
					switch(dir){
						case "next":
							t = (ot>=ts) ? (options.continuous ? t+1 : ts) : t+1;						
							break; 
						case "prev":
							t = (t<=0) ? (options.continuous ? t-1 : 0) : t-1;
							break; 
						case "first":
							t = 0;
							break; 
						case "last":
							t = ts;
							break; 
						default:
							t = dir;
							break; 
					};	
					var diff = Math.abs(ot-t);
					var speed = diff*options.speed;						
					if(!options.vertical) {
						p = (t*w*-1);
						$("ul",obj).animate(
							{ marginLeft: p }, 
							{ queue:false, duration:speed, complete:adjust }
						);				
					} else {
						p = (t*h*-1);
						$("ul",obj).animate(
							{ marginTop: p }, 
							{ queue:false, duration:speed, complete:adjust }
						);					
					};
					
					if(!options.continuous && options.controlsFade){					
						if(t==ts){
							$("a","#"+options.nextId).hide();
							$("a","#"+options.lastId).hide();
						} else {
							$("a","#"+options.nextId).show();
							$("a","#"+options.lastId).show();					
						};
						if(t==0){
							$("a","#"+options.prevId).hide();
							$("a","#"+options.firstId).hide();
						} else {
							$("a","#"+options.prevId).show();
							$("a","#"+options.firstId).show();
						};					
					};				
					
					if(clicked) clearTimeout(timeout);
					if(options.auto && dir=="next" && !clicked){;
						timeout = setTimeout(function(){
							animate("next",false);
						},diff*options.speed+options.pause);
					};
			
				};
				
			};
			// init
			var timeout;
			if(options.auto){;
				timeout = setTimeout(function(){
					animate("next",false);
				},options.pause);
			};		
			
			if(options.numeric) setCurrent(0);
		
			if(!options.continuous && options.controlsFade){					
				$("a","#"+options.prevId).hide();
				$("a","#"+options.firstId).hide();				
			};				
			
		});
	  
	};

})(jQuery);

//]]>
</script>

<script type='text/javascript'>
$(document).ready(function(){
$(&quot;#slider&quot;).easySlider({
auto: true,
continuous: true,
numeric: true
});
});
</script>

<script type='text/javascript'>
//<![CDATA[

/*
 * Copyright (c) 2009 Simo Kinnunen.
 * Licensed under the MIT license.
 *
 * @version 1.09
 */
var Cufon=(function(){var m=function(){return m.replace.apply(null,arguments)};var x=m.DOM={ready:(function(){var C=false,E={loaded:1,complete:1};var B=[],D=function(){if(C){return}C=true;for(var F;F=B.shift();F()){}};if(document.addEventListener){document.addEventListener("DOMContentLoaded",D,false);window.addEventListener("pageshow",D,false)}if(!window.opera&&document.readyState){(function(){E[document.readyState]?D():setTimeout(arguments.callee,10)})()}if(document.readyState&&document.createStyleSheet){(function(){try{document.body.doScroll("left");D()}catch(F){setTimeout(arguments.callee,1)}})()}q(window,"load",D);return function(F){if(!arguments.length){D()}else{C?F():B.push(F)}}})(),root:function(){return document.documentElement||document.body}};var n=m.CSS={Size:function(C,B){this.value=parseFloat(C);this.unit=String(C).match(/[a-z%]*$/)[0]||"px";this.convert=function(D){return D/B*this.value};this.convertFrom=function(D){return D/this.value*B};this.toString=function(){return this.value+this.unit}},addClass:function(C,B){var D=C.className;C.className=D+(D&&" ")+B;return C},color:j(function(C){var B={};B.color=C.replace(/^rgba\((.*?),\s*([\d.]+)\)/,function(E,D,F){B.opacity=parseFloat(F);return"rgb("+D+")"});return B}),fontStretch:j(function(B){if(typeof B=="number"){return B}if(/%$/.test(B)){return parseFloat(B)/100}return{"ultra-condensed":0.5,"extra-condensed":0.625,condensed:0.75,"semi-condensed":0.875,"semi-expanded":1.125,expanded:1.25,"extra-expanded":1.5,"ultra-expanded":2}[B]||1}),getStyle:function(C){var B=document.defaultView;if(B&&B.getComputedStyle){return new a(B.getComputedStyle(C,null))}if(C.currentStyle){return new a(C.currentStyle)}return new a(C.style)},gradient:j(function(F){var G={id:F,type:F.match(/^-([a-z]+)-gradient\(/)[1],stops:[]},C=F.substr(F.indexOf("(")).match(/([\d.]+=)?(#[a-f0-9]+|[a-z]+\(.*?\)|[a-z]+)/ig);for(var E=0,B=C.length,D;E<B;++E){D=C[E].split("=",2).reverse();G.stops.push([D[1]||E/(B-1),D[0]])}return G}),quotedList:j(function(E){var D=[],C=/\s*((["'])([\s\S]*?[^\\])\2|[^,]+)\s*/g,B;while(B=C.exec(E)){D.push(B[3]||B[1])}return D}),recognizesMedia:j(function(G){var E=document.createElement("style"),D,C,B;E.type="text/css";E.media=G;try{E.appendChild(document.createTextNode("/**/"))}catch(F){}C=g("head")[0];C.insertBefore(E,C.firstChild);D=(E.sheet||E.styleSheet);B=D&&!D.disabled;C.removeChild(E);return B}),removeClass:function(D,C){var B=RegExp("(?:^|\\s+)"+C+"(?=\\s|$)","g");D.className=D.className.replace(B,"");return D},supports:function(D,C){var B=document.createElement("span").style;if(B[D]===undefined){return false}B[D]=C;return B[D]===C},textAlign:function(E,D,B,C){if(D.get("textAlign")=="right"){if(B>0){E=" "+E}}else{if(B<C-1){E+=" "}}return E},textShadow:j(function(F){if(F=="none"){return null}var E=[],G={},B,C=0;var D=/(#[a-f0-9]+|[a-z]+\(.*?\)|[a-z]+)|(-?[\d.]+[a-z%]*)|,/ig;while(B=D.exec(F)){if(B[0]==","){E.push(G);G={};C=0}else{if(B[1]){G.color=B[1]}else{G[["offX","offY","blur"][C++]]=B[2]}}}E.push(G);return E}),textTransform:(function(){var B={uppercase:function(C){return C.toUpperCase()},lowercase:function(C){return C.toLowerCase()},capitalize:function(C){return C.replace(/\b./g,function(D){return D.toUpperCase()})}};return function(E,D){var C=B[D.get("textTransform")];return C?C(E):E}})(),whiteSpace:(function(){var D={inline:1,"inline-block":1,"run-in":1};var C=/^\s+/,B=/\s+$/;return function(H,F,G,E){if(E){if(E.nodeName.toLowerCase()=="br"){H=H.replace(C,"")}}if(D[F.get("display")]){return H}if(!G.previousSibling){H=H.replace(C,"")}if(!G.nextSibling){H=H.replace(B,"")}return H}})()};n.ready=(function(){var B=!n.recognizesMedia("all"),E=false;var D=[],H=function(){B=true;for(var K;K=D.shift();K()){}};var I=g("link"),J=g("style");function C(K){return K.disabled||G(K.sheet,K.media||"screen")}function G(M,P){if(!n.recognizesMedia(P||"all")){return true}if(!M||M.disabled){return false}try{var Q=M.cssRules,O;if(Q){search:for(var L=0,K=Q.length;O=Q[L],L<K;++L){switch(O.type){case 2:break;case 3:if(!G(O.styleSheet,O.media.mediaText)){return false}break;default:break search}}}}catch(N){}return true}function F(){if(document.createStyleSheet){return true}var L,K;for(K=0;L=I[K];++K){if(L.rel.toLowerCase()=="stylesheet"&&!C(L)){return false}}for(K=0;L=J[K];++K){if(!C(L)){return false}}return true}x.ready(function(){if(!E){E=n.getStyle(document.body).isUsable()}if(B||(E&&F())){H()}else{setTimeout(arguments.callee,10)}});return function(K){if(B){K()}else{D.push(K)}}})();function s(D){var C=this.face=D.face,B={"\u0020":1,"\u00a0":1,"\u3000":1};this.glyphs=D.glyphs;this.w=D.w;this.baseSize=parseInt(C["units-per-em"],10);this.family=C["font-family"].toLowerCase();this.weight=C["font-weight"];this.style=C["font-style"]||"normal";this.viewBox=(function(){var F=C.bbox.split(/\s+/);var E={minX:parseInt(F[0],10),minY:parseInt(F[1],10),maxX:parseInt(F[2],10),maxY:parseInt(F[3],10)};E.width=E.maxX-E.minX;E.height=E.maxY-E.minY;E.toString=function(){return[this.minX,this.minY,this.width,this.height].join(" ")};return E})();this.ascent=-parseInt(C.ascent,10);this.descent=-parseInt(C.descent,10);this.height=-this.ascent+this.descent;this.spacing=function(L,N,E){var O=this.glyphs,M,K,G,P=[],F=0,J=-1,I=-1,H;while(H=L[++J]){M=O[H]||this.missingGlyph;if(!M){continue}if(K){F-=G=K[H]||0;P[I]-=G}F+=P[++I]=~~(M.w||this.w)+N+(B[H]?E:0);K=M.k}P.total=F;return P}}function f(){var C={},B={oblique:"italic",italic:"oblique"};this.add=function(D){(C[D.style]||(C[D.style]={}))[D.weight]=D};this.get=function(H,I){var G=C[H]||C[B[H]]||C.normal||C.italic||C.oblique;if(!G){return null}I={normal:400,bold:700}[I]||parseInt(I,10);if(G[I]){return G[I]}var E={1:1,99:0}[I%100],K=[],F,D;if(E===undefined){E=I>400}if(I==500){I=400}for(var J in G){if(!k(G,J)){continue}J=parseInt(J,10);if(!F||J<F){F=J}if(!D||J>D){D=J}K.push(J)}if(I<F){I=F}if(I>D){I=D}K.sort(function(M,L){return(E?(M>=I&&L>=I)?M<L:M>L:(M<=I&&L<=I)?M>L:M<L)?-1:1});return G[K[0]]}}function r(){function D(F,G){if(F.contains){return F.contains(G)}return F.compareDocumentPosition(G)&16}function B(G){var F=G.relatedTarget;if(!F||D(this,F)){return}C(this,G.type=="mouseover")}function E(F){C(this,F.type=="mouseenter")}function C(F,G){setTimeout(function(){var H=d.get(F).options;m.replace(F,G?h(H,H.hover):H,true)},10)}this.attach=function(F){if(F.onmouseenter===undefined){q(F,"mouseover",B);q(F,"mouseout",B)}else{q(F,"mouseenter",E);q(F,"mouseleave",E)}}}function u(){var C=[],D={};function B(H){var E=[],G;for(var F=0;G=H[F];++F){E[F]=C[D[G]]}return E}this.add=function(F,E){D[F]=C.push(E)-1};this.repeat=function(){var E=arguments.length?B(arguments):C,F;for(var G=0;F=E[G++];){m.replace(F[0],F[1],true)}}}function A(){var D={},B=0;function C(E){return E.cufid||(E.cufid=++B)}this.get=function(E){var F=C(E);return D[F]||(D[F]={})}}function a(B){var D={},C={};this.extend=function(E){for(var F in E){if(k(E,F)){D[F]=E[F]}}return this};this.get=function(E){return D[E]!=undefined?D[E]:B[E]};this.getSize=function(F,E){return C[F]||(C[F]=new n.Size(this.get(F),E))};this.isUsable=function(){return !!B}}function q(C,B,D){if(C.addEventListener){C.addEventListener(B,D,false)}else{if(C.attachEvent){C.attachEvent("on"+B,function(){return D.call(C,window.event)})}}}function v(C,B){var D=d.get(C);if(D.options){return C}if(B.hover&&B.hoverables[C.nodeName.toLowerCase()]){b.attach(C)}D.options=B;return C}function j(B){var C={};return function(D){if(!k(C,D)){C[D]=B.apply(null,arguments)}return C[D]}}function c(F,E){var B=n.quotedList(E.get("fontFamily").toLowerCase()),D;for(var C=0;D=B[C];++C){if(i[D]){return i[D].get(E.get("fontStyle"),E.get("fontWeight"))}}return null}function g(B){return document.getElementsByTagName(B)}function k(C,B){return C.hasOwnProperty(B)}function h(){var C={},B,F;for(var E=0,D=arguments.length;B=arguments[E],E<D;++E){for(F in B){if(k(B,F)){C[F]=B[F]}}}return C}function o(E,M,C,N,F,D){var K=document.createDocumentFragment(),H;if(M===""){return K}var L=N.separate;var I=M.split(p[L]),B=(L=="words");if(B&&t){if(/^\s/.test(M)){I.unshift("")}if(/\s$/.test(M)){I.push("")}}for(var J=0,G=I.length;J<G;++J){H=z[N.engine](E,B?n.textAlign(I[J],C,J,G):I[J],C,N,F,D,J<G-1);if(H){K.appendChild(H)}}return K}function l(D,M){var C=D.nodeName.toLowerCase();if(M.ignore[C]){return}var E=!M.textless[C];var B=n.getStyle(v(D,M)).extend(M);var F=c(D,B),G,K,I,H,L,J;if(!F){return}for(G=D.firstChild;G;G=I){K=G.nodeType;I=G.nextSibling;if(E&&K==3){if(H){H.appendData(G.data);D.removeChild(G)}else{H=G}if(I){continue}}if(H){D.replaceChild(o(F,n.whiteSpace(H.data,B,H,J),B,M,G,D),H);H=null}if(K==1){if(G.firstChild){if(G.nodeName.toLowerCase()=="cufon"){z[M.engine](F,null,B,M,G,D)}else{arguments.callee(G,M)}}J=G}}}var t=" ".split(/\s+/).length==0;var d=new A();var b=new r();var y=new u();var e=false;var z={},i={},w={autoDetect:false,engine:null,forceHitArea:false,hover:false,hoverables:{a:true},ignore:{applet:1,canvas:1,col:1,colgroup:1,head:1,iframe:1,map:1,optgroup:1,option:1,script:1,select:1,style:1,textarea:1,title:1,pre:1},printable:true,selector:(window.Sizzle||(window.jQuery&&function(B){return jQuery(B)})||(window.dojo&&dojo.query)||(window.Ext&&Ext.query)||(window.YAHOO&&YAHOO.util&&YAHOO.util.Selector&&YAHOO.util.Selector.query)||(window.$$&&function(B){return $$(B)})||(window.$&&function(B){return $(B)})||(document.querySelectorAll&&function(B){return document.querySelectorAll(B)})||g),separate:"words",textless:{dl:1,html:1,ol:1,table:1,tbody:1,thead:1,tfoot:1,tr:1,ul:1},textShadow:"none"};var p={words:/\s/.test("\u00a0")?/[^\S\u00a0]+/:/\s+/,characters:"",none:/^/};m.now=function(){x.ready();return m};m.refresh=function(){y.repeat.apply(y,arguments);return m};m.registerEngine=function(C,B){if(!B){return m}z[C]=B;return m.set("engine",C)};m.registerFont=function(D){if(!D){return m}var B=new s(D),C=B.family;if(!i[C]){i[C]=new f()}i[C].add(B);return m.set("fontFamily",'"'+C+'"')};m.replace=function(D,C,B){C=h(w,C);if(!C.engine){return m}if(!e){n.addClass(x.root(),"cufon-active cufon-loading");n.ready(function(){n.addClass(n.removeClass(x.root(),"cufon-loading"),"cufon-ready")});e=true}if(C.hover){C.forceHitArea=true}if(C.autoDetect){delete C.fontFamily}if(typeof C.textShadow=="string"){C.textShadow=n.textShadow(C.textShadow)}if(typeof C.color=="string"&&/^-/.test(C.color)){C.textGradient=n.gradient(C.color)}else{delete C.textGradient}if(!B){y.add(D,arguments)}if(D.nodeType||typeof D=="string"){D=[D]}n.ready(function(){for(var F=0,E=D.length;F<E;++F){var G=D[F];if(typeof G=="string"){m.replace(C.selector(G),C,true)}else{l(G,C)}}});return m};m.set=function(B,C){w[B]=C;return m};return m})();Cufon.registerEngine("canvas",(function(){var b=document.createElement("canvas");if(!b||!b.getContext||!b.getContext.apply){return}b=null;var a=Cufon.CSS.supports("display","inline-block");var e=!a&&(document.compatMode=="BackCompat"||/frameset|transitional/i.test(document.doctype.publicId));var f=document.createElement("style");f.type="text/css";f.appendChild(document.createTextNode(("cufon{text-indent:0;}@media screen,projection{cufon{display:inline;display:inline-block;position:relative;vertical-align:middle;"+(e?"":"font-size:1px;line-height:1px;")+"}cufon cufontext{display:-moz-inline-box;display:inline-block;width:0;height:0;overflow:hidden;text-indent:-10000in;}"+(a?"cufon canvas{position:relative;}":"cufon canvas{position:absolute;}")+"}@media print{cufon{padding:0;}cufon canvas{display:none;}}").replace(/;/g,"!important;")));document.getElementsByTagName("head")[0].appendChild(f);function d(p,h){var n=0,m=0;var g=[],o=/([mrvxe])([^a-z]*)/g,k;generate:for(var j=0;k=o.exec(p);++j){var l=k[2].split(",");switch(k[1]){case"v":g[j]={m:"bezierCurveTo",a:[n+~~l[0],m+~~l[1],n+~~l[2],m+~~l[3],n+=~~l[4],m+=~~l[5]]};break;case"r":g[j]={m:"lineTo",a:[n+=~~l[0],m+=~~l[1]]};break;case"m":g[j]={m:"moveTo",a:[n=~~l[0],m=~~l[1]]};break;case"x":g[j]={m:"closePath"};break;case"e":break generate}h[g[j].m].apply(h,g[j].a)}return g}function c(m,k){for(var j=0,h=m.length;j<h;++j){var g=m[j];k[g.m].apply(k,g.a)}}return function(V,w,P,t,C,W){var k=(w===null);if(k){w=C.getAttribute("alt")}var A=V.viewBox;var m=P.getSize("fontSize",V.baseSize);var B=0,O=0,N=0,u=0;var z=t.textShadow,L=[];if(z){for(var U=z.length;U--;){var F=z[U];var K=m.convertFrom(parseFloat(F.offX));var I=m.convertFrom(parseFloat(F.offY));L[U]=[K,I];if(I<B){B=I}if(K>O){O=K}if(I>N){N=I}if(K<u){u=K}}}var Z=Cufon.CSS.textTransform(w,P).split("");var E=V.spacing(Z,~~m.convertFrom(parseFloat(P.get("letterSpacing"))||0),~~m.convertFrom(parseFloat(P.get("wordSpacing"))||0));if(!E.length){return null}var h=E.total;O+=A.width-E[E.length-1];u+=A.minX;var s,n;if(k){s=C;n=C.firstChild}else{s=document.createElement("cufon");s.className="cufon cufon-canvas";s.setAttribute("alt",w);n=document.createElement("canvas");s.appendChild(n);if(t.printable){var S=document.createElement("cufontext");S.appendChild(document.createTextNode(w));s.appendChild(S)}}var aa=s.style;var H=n.style;var j=m.convert(A.height);var Y=Math.ceil(j);var M=Y/j;var G=M*Cufon.CSS.fontStretch(P.get("fontStretch"));var J=h*G;var Q=Math.ceil(m.convert(J+O-u));var o=Math.ceil(m.convert(A.height-B+N));n.width=Q;n.height=o;H.width=Q+"px";H.height=o+"px";B+=A.minY;H.top=Math.round(m.convert(B-V.ascent))+"px";H.left=Math.round(m.convert(u))+"px";var r=Math.max(Math.ceil(m.convert(J)),0)+"px";if(a){aa.width=r;aa.height=m.convert(V.height)+"px"}else{aa.paddingLeft=r;aa.paddingBottom=(m.convert(V.height)-1)+"px"}var X=n.getContext("2d"),D=j/A.height;X.scale(D,D*M);X.translate(-u,-B);X.save();function T(){var x=V.glyphs,ab,l=-1,g=-1,y;X.scale(G,1);while(y=Z[++l]){var ab=x[Z[l]]||V.missingGlyph;if(!ab){continue}if(ab.d){X.beginPath();if(ab.code){c(ab.code,X)}else{ab.code=d("m"+ab.d,X)}X.fill()}X.translate(E[++g],0)}X.restore()}if(z){for(var U=z.length;U--;){var F=z[U];X.save();X.fillStyle=F.color;X.translate.apply(X,L[U]);T()}}var q=t.textGradient;if(q){var v=q.stops,p=X.createLinearGradient(0,A.minY,0,A.maxY);for(var U=0,R=v.length;U<R;++U){p.addColorStop.apply(p,v[U])}X.fillStyle=p}else{X.fillStyle=P.get("color")}T();return s}})());Cufon.registerEngine("vml",(function(){var e=document.namespaces;if(!e){return}e.add("cvml","urn:schemas-microsoft-com:vml");e=null;var b=document.createElement("cvml:shape");b.style.behavior="url(#default#VML)";if(!b.coordsize){return}b=null;var h=(document.documentMode||0)<8;document.write(('<style type="text/css">cufoncanvas{text-indent:0;}@media screen{cvml\\:shape,cvml\\:rect,cvml\\:fill,cvml\\:shadow{behavior:url(#default#VML);display:block;antialias:true;position:absolute;}cufoncanvas{position:absolute;text-align:left;}cufon{display:inline-block;position:relative;vertical-align:'+(h?"middle":"text-bottom")+";}cufon cufontext{position:absolute;left:-10000in;font-size:1px;}a cufon{cursor:pointer}}@media print{cufon cufoncanvas{display:none;}}</style>").replace(/;/g,"!important;"));function c(i,j){return a(i,/(?:em|ex|%)$|^[a-z-]+$/i.test(j)?"1em":j)}function a(l,m){if(m==="0"){return 0}if(/px$/i.test(m)){return parseFloat(m)}var k=l.style.left,j=l.runtimeStyle.left;l.runtimeStyle.left=l.currentStyle.left;l.style.left=m.replace("%","em");var i=l.style.pixelLeft;l.style.left=k;l.runtimeStyle.left=j;return i}function f(l,k,j,n){var i="computed"+n,m=k[i];if(isNaN(m)){m=k.get(n);k[i]=m=(m=="normal")?0:~~j.convertFrom(a(l,m))}return m}var g={};function d(p){var q=p.id;if(!g[q]){var n=p.stops,o=document.createElement("cvml:fill"),i=[];o.type="gradient";o.angle=180;o.focus="0";o.method="sigma";o.color=n[0][1];for(var m=1,l=n.length-1;m<l;++m){i.push(n[m][0]*100+"% "+n[m][1])}o.colors=i.join(",");o.color2=n[l][1];g[q]=o}return g[q]}return function(ac,G,Y,C,K,ad,W){var n=(G===null);if(n){G=K.alt}var I=ac.viewBox;var p=Y.computedFontSize||(Y.computedFontSize=new Cufon.CSS.Size(c(ad,Y.get("fontSize"))+"px",ac.baseSize));var y,q;if(n){y=K;q=K.firstChild}else{y=document.createElement("cufon");y.className="cufon cufon-vml";y.alt=G;q=document.createElement("cufoncanvas");y.appendChild(q);if(C.printable){var Z=document.createElement("cufontext");Z.appendChild(document.createTextNode(G));y.appendChild(Z)}if(!W){y.appendChild(document.createElement("cvml:shape"))}}var ai=y.style;var R=q.style;var l=p.convert(I.height),af=Math.ceil(l);var V=af/l;var P=V*Cufon.CSS.fontStretch(Y.get("fontStretch"));var U=I.minX,T=I.minY;R.height=af;R.top=Math.round(p.convert(T-ac.ascent));R.left=Math.round(p.convert(U));ai.height=p.convert(ac.height)+"px";var F=Y.get("color");var ag=Cufon.CSS.textTransform(G,Y).split("");var L=ac.spacing(ag,f(ad,Y,p,"letterSpacing"),f(ad,Y,p,"wordSpacing"));if(!L.length){return null}var k=L.total;var x=-U+k+(I.width-L[L.length-1]);var ah=p.convert(x*P),X=Math.round(ah);var O=x+","+I.height,m;var J="r"+O+"ns";var u=C.textGradient&&d(C.textGradient);var o=ac.glyphs,S=0;var H=C.textShadow;var ab=-1,aa=0,w;while(w=ag[++ab]){var D=o[ag[ab]]||ac.missingGlyph,v;if(!D){continue}if(n){v=q.childNodes[aa];while(v.firstChild){v.removeChild(v.firstChild)}}else{v=document.createElement("cvml:shape");q.appendChild(v)}v.stroked="f";v.coordsize=O;v.coordorigin=m=(U-S)+","+T;v.path=(D.d?"m"+D.d+"xe":"")+"m"+m+J;v.fillcolor=F;if(u){v.appendChild(u.cloneNode(false))}var ae=v.style;ae.width=X;ae.height=af;if(H){var s=H[0],r=H[1];var B=Cufon.CSS.color(s.color),z;var N=document.createElement("cvml:shadow");N.on="t";N.color=B.color;N.offset=s.offX+","+s.offY;if(r){z=Cufon.CSS.color(r.color);N.type="double";N.color2=z.color;N.offset2=r.offX+","+r.offY}N.opacity=B.opacity||(z&&z.opacity)||1;v.appendChild(N)}S+=L[aa++]}var M=v.nextSibling,t,A;if(C.forceHitArea){if(!M){M=document.createElement("cvml:rect");M.stroked="f";M.className="cufon-vml-cover";t=document.createElement("cvml:fill");t.opacity=0;M.appendChild(t);q.appendChild(M)}A=M.style;A.width=X;A.height=af}else{if(M){q.removeChild(M)}}ai.width=Math.max(Math.ceil(p.convert(k*P)),0);if(h){var Q=Y.computedYAdjust;if(Q===undefined){var E=Y.get("lineHeight");if(E=="normal"){E="1em"}else{if(!isNaN(E)){E+="em"}}Y.computedYAdjust=Q=0.5*(a(ad,E)-parseFloat(ai.height))}if(Q){ai.marginTop=Math.ceil(Q)+"px";ai.marginBottom=Q+"px"}}return y}})());

//]]>
</script>

<script type='text/javascript'>
//<![CDATA[

/*!
 * The following copyright notice may not be removed under any circumstances.
 * 
 * Copyright:
 * Copyright 1992-2003 Adobe Systems Incorporated. All Rights Reserved. U.S.
 * Patent Des. 454,582.
 * 
 * Trademark:
 * Myriad is either a registered trademark or a trademark of Adobe Systems
 * Incorporated in the United States and/or other countries.
 * 
 * Description:
 * Myriad is an Adobe Originals typeface designed by Robert Slimbach and Carol
 * Twombly in 1992. Myriad is a sans serif design that works well as a text face as
 * well as providing flexibility for filling display needs. Myriad Web has been
 * optimized for onscreen use.
 * 
 * Manufacturer:
 * Adobe Systems Incorporated
 * 
 * Designer:
 * Robert Slimbach and Carol Twombly
 * 
 * Vendor URL:
 * http://www.adobe.com/type
 * 
 * License information:
 * http://www.adobe.com/type/legal.html
 */
Cufon.registerFont({"w":205,"face":{"font-family":"Myriad Web Pro","font-weight":700,"font-stretch":"normal","units-per-em":"360","panose-1":"2 11 8 3 3 4 3 2 2 4","ascent":"274","descent":"-86","x-height":"4","bbox":"-14 -270 324 90","underline-thickness":"18","underline-position":"-27","unicode-range":"U+0020-U+007E"},"glyphs":{" ":{"w":74},"!":{"d":"69,-80r-41,0r-8,-163r57,0xm49,-62v19,0,32,14,32,33v0,19,-13,33,-32,33v-20,0,-33,-13,-33,-33v0,-20,13,-33,33,-33","w":97},"\"":{"d":"13,-249r50,0r-9,97r-33,0xm83,-249r50,0r-8,97r-33,0","w":145},"#":{"d":"67,0r-32,0r9,-64r-30,0r0,-34r36,0r5,-40r-30,0r0,-34r36,0r9,-62r32,0r-9,62r34,0r9,-62r33,0r-9,62r29,0r0,34r-35,0r-5,40r30,0r0,34r-36,0r-9,64r-33,0r9,-64r-33,0xm82,-98r34,0r6,-40r-34,0","w":203},"$":{"d":"171,-113v33,42,1,106,-51,108r0,37r-36,0r0,-35v-25,-1,-47,-6,-64,-15r11,-43v21,11,41,16,62,16v28,0,49,-24,27,-39v-33,-23,-100,-26,-98,-80v1,-37,28,-60,63,-65r0,-33r36,0r0,31v21,1,39,5,54,12r-11,42v-27,-23,-113,-15,-75,22v19,12,69,26,82,42"},"%":{"d":"76,-94v-39,1,-66,-30,-66,-70v0,-40,26,-74,67,-74v40,0,66,29,66,70v0,42,-27,74,-67,74xm77,-207v-35,1,-33,81,0,83v16,0,24,-14,24,-42v0,-20,-5,-41,-24,-41xm110,4r-30,0r135,-242r30,0xm249,4v-39,0,-66,-31,-66,-71v0,-41,27,-74,68,-74v40,0,65,30,65,70v0,43,-28,74,-67,75xm250,-110v-34,0,-34,83,0,83v16,0,24,-14,24,-42v0,-20,-5,-41,-24,-41","w":326},"&":{"d":"114,-247v37,0,68,21,68,57v0,27,-19,46,-49,64r41,45v10,-16,18,-36,22,-60r50,0v-7,40,-22,71,-42,93r44,48r-65,0v-5,-5,-10,-11,-16,-18v-48,40,-155,24,-155,-47v0,-31,18,-53,47,-71v-43,-43,-8,-111,55,-111xm113,-212v-31,4,-28,41,-5,59v16,-11,25,-16,27,-35v1,-12,-9,-25,-22,-24xm84,-108v-35,20,-19,74,22,72v14,0,25,-5,34,-13v-12,-11,-31,-31,-56,-59","w":250},"'":{"d":"13,-249r49,0r-8,97r-33,0","w":75},"(":{"d":"64,-249r38,0v-48,76,-48,214,0,291r-38,0v-55,-78,-54,-213,0,-291","w":115,"k":{"Y":-14,"W":-15,"V":-15,"T":-16,"J":-4}},")":{"d":"52,42r-39,0v48,-78,48,-213,0,-291r39,0v55,76,54,214,0,291","w":115},"*":{"d":"104,-247r32,18r-39,48r58,-12r0,37v-19,-2,-42,-9,-59,-9r40,44r-32,19v-8,-18,-13,-39,-22,-56r-20,56r-32,-19r39,-45r-57,10r0,-37v18,3,40,11,56,11r-38,-47r32,-18v8,18,12,39,21,56","w":166},"+":{"d":"90,-192r35,0r0,79r75,0r0,34r-75,0r0,79r-35,0r0,-79r-75,0r0,-34r75,0r0,-79","w":214},",":{"d":"37,39r-37,3v12,-34,21,-67,27,-102r56,-4v-13,39,-28,74,-46,103","w":94},".":{"d":"51,-63v20,0,33,13,33,33v0,20,-13,34,-33,34v-20,0,-33,-14,-33,-34v0,-20,13,-33,33,-33","w":94},"\/":{"d":"44,14r-36,0r76,-261r37,0","w":121},"0":{"d":"103,-238v62,0,90,53,90,120v0,68,-27,122,-91,122v-62,0,-90,-54,-90,-120v0,-66,28,-123,91,-122xm103,-196v-51,0,-50,153,-1,159v30,-3,35,-40,35,-80v0,-53,-11,-79,-34,-79"},"1":{"d":"87,0r-1,-185r-45,22r-9,-42r63,-29r46,0r0,234r-54,0"},"2":{"d":"182,-164v-5,62,-34,72,-86,119r90,0r0,45r-170,0r0,-33v70,-67,93,-65,110,-126v-2,-47,-62,-39,-91,-14r-16,-40v53,-44,169,-31,163,49"},"3":{"d":"184,-68v3,74,-114,89,-170,55r12,-42v34,19,100,27,100,-16v0,-31,-37,-35,-72,-33r0,-40v31,2,63,-1,66,-26v-5,-35,-61,-27,-87,-10r-12,-40v48,-31,155,-25,155,41v1,27,-17,43,-44,55v29,5,51,25,52,56"},"4":{"d":"168,0r-53,0r0,-56r-106,0r0,-36r90,-142r69,0r0,137r29,0r0,41r-29,0r0,56xm61,-97r54,0r1,-97v-25,53,-31,57,-55,97"},"5":{"d":"26,-51v34,18,99,20,103,-24v3,-36,-55,-42,-101,-36r16,-123r132,0r0,45r-94,0r-5,35v62,-4,109,18,109,76v0,75,-105,101,-170,68"},"6":{"d":"107,4v-103,0,-121,-143,-60,-201v29,-29,61,-42,122,-40r0,42v-52,-2,-93,16,-100,56v46,-40,126,-9,126,58v0,48,-40,85,-88,85xm139,-77v0,-51,-71,-52,-73,-8v-1,25,14,48,40,48v21,0,33,-19,33,-40"},"7":{"d":"18,-234r170,0r0,35r-99,199r-60,0r100,-189r-111,0r0,-45"},"8":{"d":"101,4v-48,0,-87,-24,-89,-65v-1,-28,17,-46,43,-60v-69,-32,-24,-126,49,-117v75,-8,109,81,45,113v25,8,44,27,44,58v0,46,-42,71,-92,71xm103,-201v-42,5,-38,51,5,59v30,-6,32,-60,-5,-59xm99,-101v-15,2,-31,15,-30,34v0,18,15,33,34,32v19,0,34,-10,34,-28v0,-22,-21,-35,-38,-38"},"9":{"d":"102,-238v101,0,114,147,56,203v-30,29,-63,40,-125,38r0,-43v53,6,98,-17,102,-58v-42,41,-124,7,-124,-56v0,-47,42,-84,91,-84xm101,-120v20,-1,35,-9,35,-28v0,-26,-11,-49,-36,-49v-21,-1,-33,19,-33,40v0,21,12,38,34,37"},":":{"d":"51,-179v19,0,32,15,33,34v0,20,-13,33,-33,33v-20,0,-33,-13,-33,-33v0,-20,14,-34,33,-34xm50,-63v19,0,33,14,33,34v0,20,-13,33,-33,33v-19,0,-32,-14,-32,-33v0,-20,13,-33,32,-34","w":94},";":{"d":"53,-179v19,0,33,14,33,34v0,20,-13,33,-33,33v-20,0,-33,-13,-33,-33v0,-20,14,-34,33,-34xm37,40r-37,3v12,-34,21,-68,27,-103r56,-4v-13,39,-28,75,-46,104","w":94},"<":{"d":"21,-80r0,-32r173,-80r0,39r-132,58r132,56r0,39","w":214},"=":{"d":"200,-117r-186,0r0,-34r186,0r0,34xm200,-42r-186,0r0,-34r186,0r0,34","w":214},">":{"d":"194,-112r0,33r-173,79r0,-38r133,-58r-133,-57r0,-39","w":214},"?":{"d":"150,-190v0,46,-54,61,-50,111r-48,0v-11,-47,38,-68,42,-103v3,-29,-47,-23,-63,-10r-13,-39v43,-28,132,-22,132,41xm75,-62v20,0,32,14,33,33v0,20,-13,33,-33,33v-20,0,-33,-13,-33,-33v0,-20,13,-33,33,-33","w":164},"@":{"d":"48,-114v0,79,78,115,146,84r7,21v-82,38,-186,-10,-182,-101v4,-80,55,-135,137,-137v62,-1,111,44,111,106v0,46,-26,85,-69,84v-18,0,-30,-9,-32,-27v-22,41,-89,34,-89,-20v0,-64,70,-103,129,-75r-12,82v0,11,3,16,11,16v22,-2,35,-31,35,-60v0,-51,-36,-83,-88,-83v-59,0,-104,49,-104,110xm168,-157v-33,-8,-54,19,-54,48v0,27,25,28,38,12v12,-15,12,-38,16,-60","w":283},"A":{"d":"156,-63r-73,0r-18,63r-58,0r77,-243r73,0r79,243r-61,0xm91,-104r56,0v-15,-47,-25,-80,-29,-98","w":244,"k":{"z":-4,"y":12,"w":13,"v":17,"u":6,"t":8,"s":2,"r":3,"q":5,"p":3,"o":5,"n":3,"m":3,"l":3,"k":3,"j":3,"i":3,"h":3,"g":5,"f":5,"e":5,"d":5,"c":5,"b":2,"Y":38,"W":23,"V":30,"U":13,"T":34,"Q":9,"O":9,"G":9,"C":9}},"B":{"d":"209,-71v0,76,-105,80,-185,70r0,-238v65,-11,176,-15,176,56v0,28,-20,42,-40,52v27,7,49,28,49,60xm79,-147v32,1,62,-2,65,-30v3,-26,-39,-30,-65,-26r0,56xm150,-73v0,-32,-35,-36,-71,-34r0,67v29,4,71,-1,71,-33","w":222,"k":{"y":2,"o":-3,"e":-3,"W":5,"V":5,"T":7,"A":2,".":9,",":6}},"C":{"d":"72,-121v0,68,67,95,129,71r9,43v-90,34,-197,-10,-197,-111v0,-101,106,-155,199,-117r-11,43v-60,-25,-129,2,-129,71","w":222,"k":{"z":-2,"y":13,"u":8,"r":2,"o":8,"l":2,"i":2,"e":8,"a":4,"Q":12,"O":12,"G":12,"C":12,"A":-3}},"D":{"d":"246,-127v5,113,-106,143,-222,126r0,-238v24,-4,50,-6,77,-6v93,-2,141,38,145,118xm187,-125v0,-60,-46,-85,-107,-75r0,158v63,8,107,-23,107,-83","w":259,"k":{"y":-5,"o":-2,"e":-2,"Y":15,"W":3,"V":5,".":16,",":15}},"E":{"d":"173,-147r0,45r-93,0r0,57r104,0r0,45r-160,0r0,-243r155,0r0,46r-99,0r0,50r93,0","w":198,"k":{"z":-3,"y":6,"w":4,"v":5,"u":4,"t":3,"s":-2,"l":-2,"k":-2,"j":2,"g":3,"f":2,"e":3,"d":3,"c":4,"W":-3,".":3,",":5}},"F":{"d":"24,0r0,-243r153,0r0,46r-97,0r0,55r91,0r0,45r-91,0r0,97r-56,0","w":195,"k":{"y":8,"u":11,"r":9,"o":9,"l":6,"i":8,"e":10,"a":15,"A":26,";":8,":":6,".":33,",":35}},"G":{"d":"72,-122v0,58,52,92,109,76r0,-50r-40,0r0,-43r94,0r0,127v-102,37,-222,5,-222,-106v0,-106,117,-151,213,-115r-11,44v-59,-26,-143,-7,-143,67","w":254,"k":{"y":2,"o":-3,"e":-3,"a":-3}},"H":{"d":"24,-243r56,0r0,94r95,0r0,-94r56,0r0,243r-56,0r0,-101r-95,0r0,101r-56,0r0,-243","w":255},"I":{"d":"24,-243r56,0r0,243r-56,0r0,-243","w":104,"k":{"t":-3}},"J":{"d":"6,-46v40,11,69,0,69,-45r0,-152r55,0v-6,106,32,247,-88,247v-16,0,-30,-2,-42,-6","w":152,"k":{"}":-6,"a":2,"]":-6,")":-6}},"K":{"d":"24,0r0,-243r55,0r0,107r76,-107r69,0r-83,103r88,140r-66,0r-62,-105r-22,26r0,79r-55,0","w":227,"k":{"y":17,"w":17,"v":19,"u":8,"o":8,"e":7,"Q":17,"O":17,"G":17,"C":17,"A":-5}},"L":{"d":"24,0r0,-243r56,0r0,196r100,0r0,47r-156,0","w":189,"k":{"y":13,"w":14,"u":4,"o":3,"e":4,"Y":42,"W":24,"V":32,"U":12,"T":40,"Q":14,"O":14,"G":14,"C":14,"A":-2}},"M":{"d":"110,-243v29,99,31,96,45,168r2,0v17,-76,30,-107,50,-168r74,0r13,243r-55,0r-6,-196v-6,26,-26,90,-59,192r-44,0v-20,-70,-32,-114,-36,-130v-4,-16,-9,-36,-14,-62r-9,196r-52,0r16,-243r75,0","w":313,"k":{"i":-3}},"N":{"d":"173,0v-62,-110,-65,-105,-98,-181r-2,0v4,51,3,122,3,181r-52,0r0,-243r66,0v35,59,65,105,95,173v-6,-41,-5,-118,-5,-173r52,0r0,243r-59,0","w":255,"k":{"y":2}},"O":{"d":"135,-247v71,0,120,53,120,124v0,75,-50,127,-123,127v-71,0,-119,-54,-119,-124v0,-72,51,-127,122,-127xm134,-203v-41,0,-62,38,-62,82v0,43,23,80,62,81v42,0,62,-38,62,-82v0,-43,-22,-80,-62,-81","w":268,"k":{"y":-4,"x":5,"w":-4,"v":-3,"t":-5,"o":-3,"g":-2,"f":-4,"e":-2,"d":-2,"c":-2,"Y":15,"X":16,"W":3,"V":7,"T":12,"A":9,".":13,",":14}},"P":{"d":"203,-168v-2,64,-55,89,-124,82r0,86r-55,0r0,-240v77,-12,181,-9,179,72xm148,-167v0,-32,-39,-40,-69,-34r0,72v33,6,69,-6,69,-38","w":214,"k":{"y":-3,"u":4,"t":-4,"s":7,"r":4,"o":9,"n":4,"e":9,"a":6,"A":25,";":5,":":3,".":53,",":52}},"Q":{"d":"255,-124v0,52,-27,91,-60,109v15,4,35,9,60,14r-15,43v-35,-7,-74,-32,-118,-38v-63,-8,-109,-54,-109,-123v0,-72,50,-128,123,-128v70,0,119,52,119,123xm135,-203v-41,0,-63,38,-63,82v0,43,22,81,62,81v42,0,62,-38,62,-82v1,-43,-22,-80,-61,-81","w":268,"k":{"Y":16,"X":9,"W":3,"V":7,"T":11,"A":4}},"R":{"d":"155,0v-15,-17,-8,-104,-59,-95r-17,0r0,95r-55,0r0,-239v69,-11,179,-16,179,64v0,30,-22,52,-44,61v30,-1,49,112,53,114r-57,0xm147,-170v2,-33,-40,-38,-68,-32r0,67v35,2,66,-3,68,-35","w":218,"k":{"y":-2,"t":-3,"i":-4,"h":-3,"a":-4,"Y":8,"X":-3,"V":2,"U":2,"T":3,"Q":2,"O":2,"G":2,"C":2,"A":-4}},"S":{"d":"171,-115v41,58,-11,119,-85,119v-27,0,-50,-6,-71,-16r12,-45v21,11,42,16,63,16v31,0,52,-26,30,-45v-6,-5,-18,-10,-33,-15v-46,-15,-69,-40,-69,-73v-2,-69,99,-89,158,-60r-12,44v-30,-21,-112,-15,-81,28v15,13,75,29,88,47","w":200,"k":{"y":6,"w":7,"v":8,"t":2,"q":-3,"l":2,"k":2,"j":4,"h":2,"e":-3,"a":-3}},"T":{"d":"73,0r0,-196r-68,0r0,-47r193,0r0,47r-69,0r0,196r-56,0","w":203,"k":{"}":-16,"z":20,"y":21,"w":20,"u":20,"s":27,"r":20,"o":30,"m":20,"i":3,"h":5,"e":30,"a":24,"]":-17,"Y":-11,"X":-6,"W":-10,"V":-11,"T":-8,"S":4,"Q":11,"O":11,"G":11,"C":11,"A":27,";":18,":":16,".":31,",":29,")":-16}},"U":{"d":"229,-108v0,72,-36,111,-105,112v-67,0,-100,-38,-100,-113r0,-134r56,0v8,74,-28,203,46,203v73,0,40,-132,47,-203r56,0r0,135","w":253,"k":{"z":3,"y":2,"x":5,"v":2,"s":5,"r":3,"p":2,"f":-2,"a":3,"A":12}},"V":{"d":"150,0r-66,0r-80,-243r61,0r54,190v14,-59,38,-131,56,-190r59,0","w":236,"k":{"}":-15,"y":8,"u":14,"r":13,"o":22,"e":21,"a":19,"]":-16,"S":3,"Q":8,"O":8,"G":8,"C":8,"A":29,";":13,":":11,".":35,",":34,")":-15}},"W":{"d":"126,0r-61,0r-60,-243r60,0r35,185v3,-23,15,-85,37,-185r61,0v19,98,30,160,33,184v2,-18,14,-80,36,-184r57,0r-65,243r-61,0v-16,-80,-25,-125,-27,-136v-2,-11,-4,-26,-6,-45","w":328,"k":{"}":-15,"y":5,"u":12,"t":3,"r":10,"o":19,"m":10,"i":5,"h":3,"e":18,"d":16,"a":17,"]":-16,"T":-8,"S":3,"Q":3,"O":3,"G":3,"C":3,"A":21,";":10,":":9,".":26,",":28,")":-15}},"X":{"d":"222,0r-65,0r-45,-87r-41,87r-65,0r74,-123r-71,-120r65,0r42,85v5,-14,17,-43,38,-85r65,0r-71,118","w":229,"k":{"y":14,"u":5,"i":3,"e":8,"a":4,"Y":-4,"W":-3,"V":-3,"T":-2,"Q":17,"O":17,"G":17,"C":17,"A":-2}},"Y":{"d":"139,0r-55,0r0,-100r-80,-143r64,0v29,67,45,102,46,105v6,-15,21,-50,45,-105r63,0r-83,141r0,102","w":225,"k":{"}":-16,"v":21,"u":28,"t":18,"q":41,"o":42,"l":7,"i":9,"e":42,"d":42,"a":36,"]":-17,"Y":-10,"X":-3,"W":-6,"V":-7,"T":-10,"S":12,"Q":19,"O":19,"G":19,"C":19,"A":38,";":21,":":19,".":45,",":44,")":-17}},"Z":{"d":"9,0r0,-30r120,-167r-109,0r0,-46r182,0r0,32r-117,165r119,0r0,46r-195,0","w":215,"k":{"y":7,"w":10,"u":5,"o":4,"e":4,"Q":9,"O":9,"G":9,"C":9,"A":-3}},"[":{"d":"100,40r-75,0r0,-287r75,0r0,31r-35,0r0,226r35,0r0,30","w":115,"k":{"Y":-16,"W":-16,"V":-16,"T":-17,"J":-4}},"\\":{"d":"118,14r-37,0r-76,-261r37,0","w":125},"]":{"d":"16,-247r74,0r0,287r-74,0r0,-30r34,0r0,-226r-34,0r0,-31","w":115},"^":{"d":"199,-64r-39,0r-53,-128r-53,128r-39,0r75,-170r34,0","w":214},"_":{"d":"0,27r180,0r0,18r-180,0r0,-18","w":180},"`":{"d":"1,-252r51,0r32,55r-38,0","w":108},"a":{"d":"23,-164v56,-31,149,-20,149,60v0,33,-2,77,3,104r-50,0v-2,-6,-1,-14,-4,-18v-29,39,-110,24,-110,-32v0,-54,53,-64,106,-70v-1,-33,-62,-24,-83,-9xm88,-35v23,-1,35,-20,31,-48v-35,0,-53,9,-53,27v0,13,8,22,22,21","w":194,"k":{"y":7,"w":4,"v":7,"t":3}},"b":{"d":"210,-91v9,79,-95,129,-139,66r-3,25r-47,0r1,-256r56,0r1,102v41,-56,141,-13,131,63xm153,-89v0,-56,-75,-66,-75,-10v0,34,6,59,35,59v26,0,40,-22,40,-49","w":221,"k":{"y":4,"w":3,"v":4,".":15,",":17}},"c":{"d":"69,-89v0,42,44,59,83,44r7,40v-66,27,-147,-6,-147,-81v0,-72,75,-112,147,-87r-9,41v-36,-17,-81,2,-81,43","w":167,"k":{"y":-5,"t":-6,"o":4,"e":4,"d":4,".":4,",":5}},"d":{"d":"12,-86v-8,-73,82,-123,131,-74r0,-96r55,0r2,256r-50,0v-2,-8,0,-20,-3,-27v-38,64,-145,18,-135,-59xm108,-40v27,-1,38,-25,35,-60v-2,-21,-14,-38,-35,-38v-25,0,-39,22,-39,50v0,28,13,48,39,48","w":220,"k":{".":11,",":13}},"e":{"d":"103,-180v59,0,89,50,79,110r-117,0v4,38,67,38,102,25r7,37v-69,30,-167,5,-162,-78v3,-51,37,-94,91,-94xm132,-108v4,-29,-35,-47,-56,-26v-6,6,-10,16,-12,26r68,0","w":194,"k":{"y":5,"x":5,"w":2,"v":4,".":6,",":8}},"f":{"d":"128,-214v-27,-8,-49,6,-44,38r36,0r0,41r-36,0r0,135r-56,0r0,-135r-23,0r0,-41r23,0v-3,-62,40,-95,102,-81","w":125,"k":{"}":-30,"t":-6,"s":3,"o":3,"g":3,"e":3,"d":3,"c":3,"]":-30,";":-10,":":-10,".":14,",":16,")":-30,"'":-6,"\"":-6}},"g":{"d":"12,-87v-8,-74,88,-126,133,-68r2,-21r48,0r-1,150v0,69,-32,102,-101,102v-26,0,-48,-5,-65,-14r11,-43v39,26,113,17,99,-44v-42,55,-134,7,-126,-62xm106,-42v28,0,32,-28,32,-61v0,-19,-13,-36,-32,-35v-24,0,-37,22,-37,49v0,24,13,47,37,47","w":216,"k":{".":11,",":13}},"h":{"d":"138,-95v7,-52,-60,-51,-60,-9r0,104r-55,0r0,-256r55,0r1,102v9,-13,29,-26,51,-26v80,0,63,101,64,180r-56,0r0,-95","w":216,"k":{"y":7,"v":7,"t":2}},"i":{"d":"78,0r-55,0r0,-176r55,0r0,176xm50,-257v18,0,32,13,32,29v0,16,-14,29,-32,29v-17,0,-31,-13,-31,-29v0,-16,14,-29,31,-29","w":100},"j":{"d":"-14,35v39,-4,44,-23,44,-71r0,-140r56,0v-7,108,35,261,-95,254xm58,-257v17,1,31,10,31,29v0,17,-14,29,-31,29v-17,0,-31,-12,-31,-29v0,-17,14,-30,31,-29","w":107,"k":{".":4,",":5}},"k":{"d":"78,-256r1,154v3,-6,20,-31,50,-74r68,0r-66,71r75,105r-69,0r-44,-72r-15,17r0,55r-56,0r0,-256r56,0","w":200,"k":{"y":-2,"w":-2,"r":-3,"p":-4,"o":5,"n":-4,"m":-4,"l":-4,"i":-4,"h":-4,"g":5,"e":4,"b":-4}},"l":{"d":"23,0r0,-256r55,0r0,256r-55,0","w":100},"m":{"d":"105,-135v-47,5,-22,87,-28,135r-54,0r-2,-176r47,0v2,7,0,18,4,24v20,-39,90,-35,104,3v36,-56,119,-31,119,46r0,103r-54,0v-5,-46,17,-135,-27,-135v-48,0,-22,88,-28,135r-54,0v-6,-48,19,-129,-27,-135","w":317,"k":{"y":7,"v":7,"t":2}},"n":{"d":"109,-135v-50,0,-26,86,-31,135r-55,0r-2,-176r48,0v2,8,0,19,4,25v35,-54,121,-27,121,48r0,103r-56,0v-5,-47,18,-135,-29,-135","w":216,"k":{"y":7,"v":7,"t":2}},"o":{"d":"109,-180v53,0,93,38,93,90v0,56,-41,94,-96,94v-54,0,-94,-37,-94,-91v0,-56,41,-93,97,-93xm107,-140v-26,0,-38,25,-38,52v0,28,13,52,38,52v24,-1,37,-24,37,-52v-1,-27,-10,-52,-37,-52","w":213,"k":{"z":4,"y":5,"x":9,"w":3,"v":5,".":14,",":13}},"p":{"d":"209,-91v9,75,-83,124,-131,74r0,88r-56,0r-1,-247r48,0r3,25v43,-59,146,-20,137,60xm153,-88v0,-56,-75,-65,-75,-10v0,33,5,59,35,59v26,0,40,-22,40,-49","w":221,"k":{"z":3,"y":4,"w":3,".":14,",":13}},"q":{"d":"12,-86v-8,-76,87,-126,132,-69r1,-21r54,0r-1,247r-55,0r-1,-94v-42,59,-140,12,-130,-63xm108,-40v29,0,35,-27,35,-61v0,-21,-16,-35,-35,-36v-26,0,-39,21,-39,49v0,28,13,48,39,48","w":220,"k":{".":11,",":3}},"r":{"d":"133,-127v-29,-7,-56,6,-55,38r0,89r-55,0r-2,-176r48,0v2,10,0,24,3,33v8,-24,31,-41,61,-36r0,52","w":140,"k":{"z":-3,"y":-6,"x":-4,"w":-8,"v":-6,"t":-8,"q":6,"o":3,"g":3,"f":-10,"e":3,"d":3,"c":3,"a":4,";":2,".":24,",":24}},"s":{"d":"137,-86v32,44,-9,90,-66,90v-23,0,-42,-5,-59,-13r10,-39v16,13,91,23,68,-12v-29,-12,-80,-30,-73,-62v-2,-55,76,-71,124,-48r-9,39v-21,-15,-77,-14,-55,14v14,10,50,17,60,31","w":160,"k":{".":4,",":5}},"t":{"d":"123,-1v-48,15,-93,-3,-93,-63r0,-71r-24,0r0,-41r24,0r0,-33r54,-15r0,48r40,0r0,41r-40,0v4,40,-17,108,39,92r0,42","w":134,"k":{"y":-2,"o":2,"g":2,"e":2,"d":2,"c":2,".":3,",":4}},"u":{"d":"78,-82v-6,54,58,50,59,10r0,-104r56,0r1,176r-48,0v-2,-8,2,-22,-4,-26v-32,55,-120,30,-120,-47r0,-103r56,0r0,94","w":215,"k":{".":4,",":5}},"v":{"d":"4,-176r60,0v23,76,35,117,35,124r2,0v7,-41,22,-84,33,-124r59,0r-67,176r-57,0","w":196,"k":{"y":-6,"w":-6,"s":6,"q":6,"o":7,"e":7,"d":7,"c":7,"a":6,";":-3,":":-5,".":20,",":22}},"w":{"d":"4,-176r57,0r26,130v6,-42,22,-90,32,-130r44,0r32,130v2,-18,11,-62,26,-130r54,0r-54,176r-53,0v-20,-75,-19,-64,-29,-117v-7,44,-19,78,-30,117r-52,0","w":279,"k":{"y":-7,"v":-6,"s":3,"q":4,"o":5,"e":4,"d":4,"c":4,"a":3,";":-3,":":-5,".":17,",":19}},"x":{"d":"3,-176r62,0v18,26,26,46,34,55v3,-7,13,-26,30,-55r61,0r-60,83r61,93r-64,0v-19,-30,-26,-50,-33,-58v-3,7,-13,26,-31,58r-62,0r62,-90","w":192,"k":{"y":-7,"w":-7,"v":-6,"t":-5,"s":3,"q":8,"o":8,"e":8,"d":8,"c":8}},"y":{"d":"21,33v24,-5,57,-26,48,-48r-66,-161r61,0r38,119r31,-119r60,0r-41,111v-29,71,-42,130,-120,145","w":193,"k":{"w":-6,"v":-6,"s":4,"q":5,"o":5,"g":5,"e":5,"d":5,"c":5,"a":2,";":-3,":":-5,".":18,",":19}},"z":{"d":"8,0r0,-32r86,-100r-80,0r0,-44r149,0r0,33r-66,79v-4,6,-13,11,-19,20r88,0r0,44r-158,0","w":173,"k":{"y":-3,"o":3,"e":3,"d":3,"c":3}},"{":{"d":"103,40v-71,9,-64,-46,-64,-104v0,-16,-9,-25,-27,-26r0,-27v40,2,23,-50,23,-82v-1,-36,26,-51,68,-48r0,31v-60,-6,7,108,-56,113v39,3,30,49,28,87v-1,19,9,28,28,26r0,30","w":115,"k":{"Y":-14,"W":-14,"V":-14,"T":-16,"J":-4}},"|":{"d":"33,-270r39,0r0,360r-39,0r0,-360","w":104},"}":{"d":"80,-199v0,32,-19,84,24,82r0,27v-41,0,-24,48,-24,81v1,38,-25,52,-68,49r0,-30v63,6,-8,-108,56,-114v-39,-3,-30,-50,-27,-86v1,-20,-9,-28,-29,-26r0,-31v42,-3,68,11,68,48","w":115},"~":{"d":"151,-66v-39,6,-94,-74,-102,-3r-34,0v0,-45,16,-68,50,-68v38,-9,95,74,100,2r35,0v1,43,-12,64,-49,69","w":214},"-":{"d":"11,-112r97,0r0,36r-97,0r0,-36","w":118},"\u00a0":{"w":74}}});

//]]>
</script>

<script type='text/javascript'>
Cufon.replace(&#39;.post h3,.rmlink,.postdetails,h1,.footercolumns h2,.sidebar h2,.commenttop,#header .description,.fcredit,.footercolumns2 h2,&#39;);
</script>

<b:if cond='data:blog.pageType != &quot;item&quot;'>
<style type='text/css'>
.post img{padding:5px;border:1px solid #ddd;background-color:#fff;border-radius:5px;-moz-border-radius:5px;-webkit-border-radius:5px}
</style>
</b:if>

<style type='text/css'>
#slider img{border:none}
#slider ul,#slider li,#slider2 ul,#slider2 li{margin:0;padding:0;list-style:none}
#slider2{margin-top:1em}
#slider li,#slider2 li{width:620px;height:240px;overflow:hidden}
/* numeric controls */
ol#controls{margin:1em 0;padding:0;height:28px}
ol#controls li{margin:0 10px 0 0;padding:0;float:left;list-style:none;height:28px;line-height:28px}
ol#controls li a{float:left;height:28px;line-height:28px;border:1px solid #ccc;background:#0c0c0c;color:#fff;padding:0 10px;text-decoration:none}
ol#controls li.current a{background:#034e9d;color:#fff}
ol#controls li a:focus,#prevBtn a:focus,#nextBtn a:focus{outline:none}

#foxmenucontainer{height:39px;display:block;padding:0 0 0 0;font:12px Arial,Tahoma,Century gothic,verdana,sans-serif;font-weight:normal;float:left;width:1000px;background:url(http://2.bp.blogspot.com/_HJvXUqHmf9Y/TGDdOboqs1I/AAAAAAAAAA4/MXnTmKUJS-o/s1600/menu.png)}
#menu{margin:0 10px;padding:0;height:39px;overflow:hidden}
#menu ul{float:left;list-style:none;margin:0;padding:0}
#menu li{float:left;list-style:none;margin:0;padding:0}
#menu li a,#menu li a:link,#menu li a:visited{color:#999;display:block;margin:0;padding:0 10px;line-height:39px}
#menu li a:hover,#menu li a:active{color:#fff;margin:0;padding:0 10px;line-height:39px;text-decoration:none}
#menu li li a,#menu li li a:link,#menu li li a:visited{background:#DFDFDF;width:150px;color:#555;float:none;margin:0;padding:0 10px;font-weight:normal;line-height:32px;border-bottom:1px solid #CFCFCF}
#menu li li a:hover,#menu li li a:active{background:#F3F3F3;color:#111;padding:0 10px;line-height:32px}
#menu li ul{z-index:9999;position:absolute;left:-999em;height:auto;width:170px;margin:0;padding:5px;background:#FFF}
#menu li li{}
#menu li ul a{width:140px}
#menu li ul a:hover,#menu li ul a:active{}
#menu li ul ul{margin:-38px 0 0 170px}
#menu li:hover ul ul,#menu li:hover ul ul ul,#menu li.sfhover ul ul,#menu li.sfhover ul ul ul{left:-999em}
#menu li:hover ul,#menu li li:hover ul,#menu li li li:hover ul,#menu li.sfhover ul,#menu li li.sfhover ul,#menu li li li.sfhover ul{left:auto}
#menu li:hover,#menu li.sfhover{position:static}

#catmenucontainer{height:37px;display:block;padding:0 0 0 0;font:12px Arial,Tahoma,Century gothic,verdana,sans-serif;font-weight:normal;background:#191917;border-bottom:1px solid #3d3d3d}
#catmenu{margin:0 auto;padding:0 0;height:37px;overflow:hidden;width:1000px}
#catmenu ul{float:left;list-style:none;margin:0;padding:0 10px}
#catmenu li{float:left;list-style:none;margin:0;padding:0}
#catmenu li a,#catmenu li a:link,#catmenu li a:visited{color:#999;display:block;margin:0;padding:0 10px;line-height:37px}
#catmenu li a:hover,#catmenu li a:active{color:#fff;margin:0;padding:0 10px;line-height:37px;text-decoration:none}
#catmenu li.current_page_item a{background:#034E9D;color:#fff}
#catmenu li li a,#catmenu li li a:link,#catmenu li li a:visited{background:#363737;width:150px;color:#bebebe;float:none;margin:0;padding:0 10px;font-weight:normal;line-height:30px;border-bottom:1px solid #212121}
#catmenu li li a:hover,#catmenu li li a:active{background:#4a4a4a;color:#fff;padding:0 10px;line-height:30px;border-left:none;border-right:none;border-bottom:1px solid #212121}
#catmenu li ul{z-index:9999;position:absolute;left:-999em;height:auto;width:170px;margin:0;padding:5px;background:#1C1C1C}
#catmenu li li{}
#catmenu li ul a{width:140px}
#catmenu li ul a:hover,#catmenu li ul a:active{}
#catmenu li ul ul{margin:-36px 0 0 170px}
#catmenu li:hover ul ul,#catmenu li:hover ul ul ul,#catmenu li.sfhover1 ul ul,#catmenu li.sfhover1 ul ul ul{left:-999em}
#catmenu li:hover ul,#catmenu li li:hover ul,#catmenu li li li:hover ul,#catmenu li.sfhover ul,#catmenu li li.sfhover1 ul,#catmenu li li li.sfhover1 ul{left:auto}
#catmenu li:hover,#catmenu li.sfhover1{position:static}
.featbox{padding:10px;background:#fff;margin:0 0 10px 0;border:1px solid #eaeaea}
.rounded{border-radius:5px;-moz-border-radius:5px;-webkit-border-radius:5px}

html,body,div,span,applet,object,iframe,h1,h2,h3,h4,h5,h6,p,blockquote,pre,a,abbr,acronym,address,big,cite,code,del,dfn,em,font,ins,kbd,q,s,samp,small,strike,sub,sup,tt,var,dl,dt,dd,ol,ul,li,fieldset,form,label,legend,table,caption,tbody,tfoot,thead,tr,th,td,center,u,b,i,marquee{margin:0;padding:0}
img{border:0;margin:0 0}
a{color:#034E9D;text-decoration:none;outline:none}
a:hover{color:#000;text-decoration:none}
h1,h2,h3,h4,h5,h6{}
.clear{clear:both}
table{margin:10px 0 10px}
table td,table th{text-align:left;padding:.4em .8em}
table th{background:#ccc;color:#444;text-transform:uppercase;font-weight:normal}
table td{background:#e4e4e4}
table tr.even td{background:#eee}
table tr:hover td{background:#FFF9DF}
img.centered{display:block;margin-left:auto;margin-right:auto;margin-bottom:10px;padding:0}
img.alignnone{padding:5px 5px;margin:0 0 10px 0;display:inline;background:#CECECE}
img.alignright{padding:5px 5px;margin:5px 0 10px 10px;display:inline;background:#CECECE}
img.alignleft{padding:5px 5px;margin:5px 10px 10px 0;display:inline;background:#CECECE}
.aligncenter{display:block;margin-left:auto;margin-right:auto;margin-bottom:10px}
.alignright{float:right;margin:0 0 10px 10px}
.alignleft{float:left;margin:0 10px 10px 0}

#search{background:url(images/search.png);width:283px;padding:5px 0;margin:10px 0 0 0;height:50px;display:inline}
#search form{margin:0 0 0 0;padding:0}
#search fieldset{margin:0;padding:0;border:none}
#search p{margin:0;font-size:85%}
#s{width:285px;margin:10px 0 0 0;padding:5px 5px;height:16px;border:none;font:normal 100% &quot;Tahoma&quot;,Arial,Helvetica,sans-serif;color:#333;border:1px solid #ddd;background:#F3F3F3;display:inline}
input#searchsubmit{padding:3px 5px;display:inline;margin:0 0 0 0;height:26px;background:#133E68;color:#fff;border:none}
#magazine-left4{width:49%;float:left}
#magazine-right4{width:49%;float:right}
/* Avatar */
.avatar-image-container img{background:url(http://2.bp.blogspot.com/_T46SliM0-PI/S-FtrCaW-rI/AAAAAAAAAHg/dGAr3Elg70Q/avatar111.jpg);width:35px;height:35px}
#comment-form iframe{padding:5px;font:normal 12pt &quot;ms sans serif&quot;,Arial;color:#000;width:600px}
#comment-form iframe:hover{}
#comment-form a{color:#666}
.navisec{background:#E6E6E7;display:block;float:right;height:34px;font-weight:bold;font-size:12px;line-height:34px;padding-right:9px;padding-left:9px;text-shadow:0 -1px 1px rgba(0,0,0,0.25);-moz-border-radius:15px;-khtml-border-radius:15px;-webkit-border-radius:15px;border-radius:15px;-moz-box-shadow:1px 1px 1px transparent inset;box-shadow:1px 1px 1px transparent inset;-webkit-box-shadow:1px 1px 1px transparent inset}
.navisec:hover{font-weight:bold;font-size:12px;background:#2675C9;text-shadow:1px 1px 1px #357BC5;color:#fff}

#social-widget{width:260px;margin:10px 0;padding:10px;text-shadow:1px 1px 1px #fff}
div#social-widget input[type=&quot;text&quot;]{width:120px;color:#5f6466}
#social-widget h3{margin:0 15px 20px 0;color:#3D3E3E}
.rss-com{background:url(http://4.bp.blogspot.com/_HJvXUqHmf9Y/TGN-ewWPoqI/AAAAAAAAACY/EaMXRVvtIj0/s1600/rss-mini.png) no-repeat top left;float:left;height:50px;width:70px;padding:5px 0 0 55px;color:#FD6B36}
.rss-com a{color:#f38e33}
.rss-com a:hover{color:#FD6B36}
.feed-count{font-size:1.4em;font-weight:bold}
#feedform{margin:10px 0 0 0}
.twitter-com{background:url(http://2.bp.blogspot.com/_HJvXUqHmf9Y/TGN-fGLcKbI/AAAAAAAAACo/VOb_6ROe9QQ/s1600/twitter-mini.png) no-repeat top left;float:right;height:50px;width:50px;padding:5px 0 0 55px}
.twitter-com a:hover{color:#0B4978}
.tweet-count{font-size:1.4em;font-weight:bold}
.fb-com{background:url(http://1.bp.blogspot.com/_HJvXUqHmf9Y/TGN-fEjH6_I/AAAAAAAAACg/Jd6fpVpLs7o/s1600/fb-mini.png) no-repeat top left;height:50px;width:200px;margin:10px 0 0 0;padding:10px 0 0 55px;float:left;font-size:1.4em;font-weight:bold}
.email-com{background:url(http://4.bp.blogspot.com/_HJvXUqHmf9Y/TGN-fuww0sI/AAAAAAAAACw/Hn-4-bOYBGc/s1600/email-mini.png) no-repeat top left;width:200px;padding:10px 0 0 55px;float:left;font-size:1.4em;font-weight:bold;margin:0 0 10px 0;color:#686B6C}
.emailsubmit{float:right;background:#9B9895;cursor:pointer;color:#fff;border:none;padding:3px;text-shadow:0 -1px 1px rgba(0,0,0,0.25);-moz-border-radius:6px;-webkit-border-radius:6px;border-radius:6px;font:12px inherit}
.emailsubmit:hover{float:right;background:#285687}

</style>

  </head>

  <body>


<div id='catmenucontainer'>
<div id='catmenu'>

<ul>

<li class='current_page_item'><a expr:href='data:blog.homepageUrl'>Home</a></li>

<li><a href='Your-Link-Here' title='Link-Title'>Link-Name-1</a>
<ul class='children'>
<li><a href='Your-Link-Here' title='Link-Title'>Link-Name-1a</a></li>
<li><a href='Your-Link-Here' title='Link-Title'>Link-Name-1b</a></li>
<li><a href='Your-Link-Here' title='Link-Title'>Link-Name-1c</a></li>
</ul>
</li>

<li><a href='Your-Link-Here' title='Link-Title'>Link-Name-2</a>
<ul class='children'>
<li><a href='Your-Link-Here' title='Link-Title'>Link-Name-2a</a></li>
<li><a href='Your-Link-Here' title='Link-Title'>Link-Name-2b</a></li>
<li><a href='Your-Link-Here' title='Link-Title'>Link-Name-2c</a></li>
<li><a href='Your-Link-Here' title='Link-Title'>Link-Name-2d</a></li>
</ul>
</li>

<li><a href='Your-Link-Here' title='Link-Title'>Link-Name-3</a>
<ul class='children'>
<li><a href='Your-Link-Here' title='Link-Title'>Link-Name-3a</a></li>
<li><a href='Your-Link-Here' title='Link-Title'>Link-Name-3b</a></li>
<li><a href='Your-Link-Here' title='Link-Title'>Link-Name-3c</a></li>
</ul>
</li>

<li><a href='Your-Link-Here' title='Link-Title'>Link-Name-4</a></li>

<li><a href='Your-Link-Here' title='Link-Title'>Link-Name-5</a>
<ul class='children'>
<li><a href='Your-Link-Here' title='Link-Title'>Link-Name-5a</a></li>
<li><a href='Your-Link-Here' title='Link-Title'>Link-Name-5b</a></li>
<li><a href='Your-Link-Here' title='Link-Title'>Link-Name-5c</a></li>
<li><a href='Your-Link-Here' title='Link-Title'>Link-Name-5d</a></li>
</ul>
</li>

<li><a href='Your-Link-Here' title='Link-Title'>Link-Name-6</a>
<ul class='children'>
<li><a href='Your-Link-Here' title='Link-Title'>Link-Name-6a</a></li>
<li><a href='Your-Link-Here' title='Link-Title'>Link-Name-6b</a></li>
</ul>
</li>

<li><a href='Your-Link-Here' title='Link-Title'>Link-Name-7</a></li>

<li><a href='Your-Link-Here' title='Link-Title'>Link-Name-8</a></li>


</ul>

</div>
</div>



  <div id='outer-wrapper'><div id='wrap2'>

    <!-- skip links for text browsers -->
    <span id='skiplinks' style='display:none;'>
      <a href='#main'>skip to main </a> |
      <a href='#sidebar'>skip to sidebar</a>
    </span>

    <div id='header-wrapper'>
      <b:section class='header' id='header' maxwidgets='1' showaddelement='no'>
<b:widget id='Header1' locked='true' title='Pure Magazine v1 (Header)' type='Header'>
<b:includable id='title'>
  <b:if cond='data:blog.url == data:blog.homepageUrl'>
    <data:title/>
  <b:else/>
    <a expr:href='data:blog.homepageUrl'><data:title/></a>
  </b:if>
</b:includable>
<b:includable id='description'>
  <div class='descriptionwrapper'>
    <p class='description'><span><data:description/></span></p>
  </div>
</b:includable>
<b:includable id='main'>

  <b:if cond='data:useImage'>
    <b:if cond='data:imagePlacement == &quot;REPLACE&quot;'>
      <!--Show just the image, no text-->
      <div id='header-inner'>
        <a expr:href='data:blog.homepageUrl' style='display: block'>
          <img expr:alt='data:title' expr:height='data:height' expr:id='data:widget.instanceId + &quot;_headerimg&quot;' expr:src='data:sourceUrl' expr:width='data:width' style='display: block'/>
        </a>
      </div>
    <b:else/>
      <!--
      Show image as background to text. You can't really calculate the width
      reliably in JS because margins are not taken into account by any of
      clientWidth, offsetWidth or scrollWidth, so we don't force a minimum
      width if the user is using shrink to fit.
      This results in a margin-width's worth of pixels being cropped. If the
      user is not using shrink to fit then we expand the header.
      -->
      <div expr:style='&quot;background-image: url(\&quot;&quot; + data:sourceUrl + &quot;\&quot;); &quot;                      + &quot;background-position: &quot;                      + data:backgroundPositionStyleStr + &quot;; &quot;                      + data:widthStyleStr                      + &quot;min-height: &quot; + data:height + &quot;px;&quot;                      + &quot;_height: &quot; + data:height + &quot;px;&quot;                      + &quot;background-repeat: no-repeat; &quot;' id='header-inner'>
        <div class='titlewrapper' style='background: transparent'>
          <h1 class='title' style='background: transparent; border-width: 0px;clear:both;'>
            <b:include name='title'/>
          </h1>
        </div>
        <b:include name='description'/>
      </div>
    </b:if>
  <b:else/>
    <!--No header image -->
    <div id='header-inner'>
      <div class='titlewrapper'>
        <h1 class='title'>
          <b:include name='title'/>
        </h1>
      </div>
      <b:include name='description'/>
    </div>
  </b:if>
</b:includable>
</b:widget>
</b:section>

<b:section class='header' id='header2' maxwidgets='1' showaddelement='yes'>
<b:widget id='HTML3' locked='false' title='' type='HTML'>
<b:includable id='main'>
  <!-- only display title if it's non-empty -->
  <b:if cond='data:title != &quot;&quot;'>
    <h2 class='title'><data:title/></h2>
  </b:if>
  <div class='widget-content'>
    <data:content/>
  </div>

  <b:include name='quickedit'/>
</b:includable>
</b:widget>
</b:section>
<div style='clear:both;'/>

    </div>



<div id='foxmenucontainer'>

<div id='menu'>
<ul>

<li><a href='Your-Link-Here' title='Link-Title'>Link-Name-1</a>
<ul class='children'>
<li><a href='Your-Link-Here' title='Link-Title'>Link-Name-1a</a></li>
<li><a href='Your-Link-Here' title='Link-Title'>Link-Name-1b</a></li>
<li><a href='Your-Link-Here' title='Link-Title'>Link-Name-1c</a></li>
</ul>
</li>

<li><a href='Your-Link-Here' title='Link-Title'>Link-Name-2</a>
<ul class='children'>
<li><a href='Your-Link-Here' title='Link-Title'>Link-Name-2a</a></li>
<li><a href='Your-Link-Here' title='Link-Title'>Link-Name-2b</a></li>
<li><a href='Your-Link-Here' title='Link-Title'>Link-Name-2c</a>
<ul class='children'>
<li><a href='Your-Link-Here' title='Link-Title'>Link-Name-2c1</a>
</li>
</ul>
</li>
</ul>
</li>

<li><a href='Your-Link-Here' title='Link-Title'>Link-Name-3</a>
<ul class='children'>
<li><a href='Your-Link-Here' title='Link-Title'>Link-Name-3a</a></li>
</ul>
</li>

<li><a href='Your-Link-Here' title='Link-Title'>Link-Name-4</a></li>

<li><a href='Your-Link-Here' title='Link-Title'>Link-Name-5</a>
<ul class='children'>
<li><a href='Your-Link-Here' title='Link-Title'>Link-Name-5a</a></li>
<li><a href='Your-Link-Here' title='Link-Title'>Link-Name-5b</a></li>
</ul>
</li>

<li><a href='Your-Link-Here' title='Link-Title'>Link-Name-6</a></li>

<li><a href='Your-Link-Here' title='Link-Title'>Link-Name-7</a></li>

<li><a href='Your-Link-Here' title='Link-Title'>Link-Name-8</a></li>

</ul>

</div>
</div>

<div style='clear:both;'/>

 
    <div id='content-wrapper'>

      <div id='crosscol-wrapper' style='text-align:center'>
        <b:section class='crosscol' id='crosscol' showaddelement='yes'/>
      </div>

      <div id='main-wrapper'>
        <b:section class='main' id='main' showaddelement='yes'>
<b:widget id='HTML7' locked='false' title='' type='HTML'>
<b:includable id='main'>

<b:if cond='data:blog.url == data:blog.homepageUrl'>

  <!-- only display title if it's non-empty -->
  <b:if cond='data:title != &quot;&quot;'>
    <h2 class='title'><data:title/></h2>
  </b:if>
  <div class='widget-content'>
    <data:content/>
  </div>

  <b:include name='quickedit'/>

</b:if>
</b:includable>
</b:widget>
<b:widget id='Blog1' locked='true' title='Blog Posts' type='Blog'>
<b:includable id='nextprev'>
  <div class='blog-pager' id='blog-pager'>
    <b:if cond='data:newerPageUrl'>
      <span id='blog-pager-newer-link'>
      <a class='blog-pager-newer-link' expr:href='data:newerPageUrl' expr:id='data:widget.instanceId + &quot;_blog-pager-newer-link&quot;' expr:title='data:newerPageTitle'><span class='navisec'><data:newerPageTitle/></span></a>
      </span>
    </b:if>

    <b:if cond='data:olderPageUrl'>
      <span id='blog-pager-older-link'>
      <a class='blog-pager-older-link' expr:href='data:olderPageUrl' expr:id='data:widget.instanceId + &quot;_blog-pager-older-link&quot;' expr:title='data:olderPageTitle'><span class='navisec'><data:olderPageTitle/></span></a>
      </span>
    </b:if>

    <b:if cond='data:blog.homepageUrl != data:blog.url'>
      <a class='home-link' expr:href='data:blog.homepageUrl'><span class='navisec' style='margin-right:190px;'><data:homeMsg/></span></a>
      <b:else/>
      <b:if cond='data:newerPageUrl'>
        <a class='home-link' expr:href='data:blog.homepageUrl'><span class='navisec' style='margin-right:190px;'><data:homeMsg/></span></a>
      </b:if>
    </b:if>

  </div>
  <div class='clear'/>
</b:includable>
<b:includable id='shareButtons' var='post'>
  <b:if cond='data:post.sharePostUrl'>
      <a class='share-button sb-email' expr:href='data:post.sharePostUrl + &quot;&amp;target=email&quot;' expr:title='data:top.emailThisMsg' target='_blank'>
        <span class='share-button-link-text'><data:top.emailThisMsg/></span></a>
      <a class='share-button sb-blog' expr:href='data:post.sharePostUrl + &quot;&amp;target=blog&quot;' expr:onclick='&quot;window.open(this.href, \&quot;_blank\&quot;, \&quot;height=270,width=475\&quot;); return false;&quot;' expr:title='data:top.blogThisMsg' target='_blank'>
        <span class='share-button-link-text'><data:top.blogThisMsg/></span></a>
      <a class='share-button sb-twitter' expr:href='data:post.sharePostUrl + &quot;&amp;target=twitter&quot;' expr:title='data:top.shareToTwitterMsg' target='_blank'>
        <span class='share-button-link-text'><data:top.shareToTwitterMsg/></span></a>
      <a class='share-button sb-facebook' expr:href='data:post.sharePostUrl + &quot;&amp;target=facebook&quot;' expr:onclick='&quot;window.open(this.href, \&quot;_blank\&quot;, \&quot;height=430,width=640\&quot;); return false;&quot;' expr:title='data:top.shareToFacebookMsg' target='_blank'>
        <span class='share-button-link-text'><data:top.shareToFacebookMsg/></span></a>
      <a class='share-button sb-buzz' expr:href='data:post.sharePostUrl + &quot;&amp;target=buzz&quot;' expr:onclick='&quot;window.open(this.href, \&quot;_blank\&quot;, \&quot;height=415,width=690\&quot;); return false;&quot;' expr:title='data:top.shareToBuzzMsg' target='_blank'>
        <span class='share-button-link-text'><data:top.shareToBuzzMsg/></span></a>
  </b:if>
</b:includable>
<b:includable id='backlinks' var='post'>
  <a name='links'/><h4><data:post.backlinksLabel/></h4>
  <b:if cond='data:post.numBacklinks != 0'>
    <dl class='comments-block' id='comments-block'>
      <b:loop values='data:post.backlinks' var='backlink'>
        <div class='collapsed-backlink backlink-control'>
          <dt class='comment-title'>
            <span class='backlink-toggle-zippy'>&#160;</span>
            <a expr:href='data:backlink.url' rel='nofollow'><data:backlink.title/></a>
            <b:include data='backlink' name='backlinkDeleteIcon'/>
          </dt>
          <dd class='comment-body collapseable'>
            <data:backlink.snippet/>
          </dd>
          <dd class='comment-footer collapseable'>
            <span class='comment-author'><data:post.authorLabel/> <data:backlink.author/></span>
            <span class='comment-timestamp'><data:post.timestampLabel/> <data:backlink.timestamp/></span>
          </dd>
        </div>
      </b:loop>
    </dl>
  </b:if>
  <p class='comment-footer'>
    <a class='comment-link' expr:href='data:post.createLinkUrl' expr:id='data:widget.instanceId + &quot;_backlinks-create-link&quot;' target='_blank'><data:post.createLinkLabel/></a>
  </p>
</b:includable>
<b:includable id='post' var='post'>
  <div class='post hentry'>
    <a expr:name='data:post.id'/>
    <b:if cond='data:post.title'>
      <h3 class='post-title entry-title'>
     <b:if cond='data:post.link'>
       <a expr:href='data:post.link'><data:post.title/></a>
     <b:else/>
        <b:if cond='data:post.url'>
          <a expr:href='data:post.url'><data:post.title/></a>
        <b:else/>
          <data:post.title/>
        </b:if>
     </b:if>
      </h3>
    </b:if>

    <div class='post-header-line-1'/>

<div class='postdetails' style='height:30px;color:#1b5983;background:transparent url() repeat scroll left top;line-height:20px;margin-left:5px;padding:left:5px;'>
Posted by <data:post.author/> on <data:post.timestamp/> <a class='comment-link' expr:href='data:post.addCommentUrl' expr:onclick='data:post.addCommentOnclick' style='color:#000000;'><b:if cond='data:post.numComments == 1'>1 <data:top.commentLabel/><b:else/><data:post.numComments/> <data:top.commentLabelPlural/></b:if></a><br/>
</div>

    <div class='post-body entry-content'>

<p><script type='text/javascript'>
summary_noimg = 550;
summary_img = 450;
img_thumb_height = 150;
img_thumb_width = 250; 
</script>

<script type='text/javascript'>
//<![CDATA[

function removeHtmlTag(strx,chop){ 
	if(strx.indexOf("<")!=-1)
	{
		var s = strx.split("<"); 
		for(var i=0;i<s.length;i++){ 
			if(s[i].indexOf(">")!=-1){ 
				s[i] = s[i].substring(s[i].indexOf(">")+1,s[i].length); 
			} 
		} 
		strx =  s.join(""); 
	}
	chop = (chop < strx.length-1) ? chop : strx.length-2; 
	while(strx.charAt(chop-1)!=' ' && strx.indexOf(' ',chop)!=-1) chop++; 
	strx = strx.substring(0,chop-1); 
	return strx+'...'; 
}

function createSummaryAndThumb(pID){
	var div = document.getElementById(pID);
	var imgtag = "";
	var img = div.getElementsByTagName("img");
	var summ = summary_noimg;
	if(img.length>=1) {	
		imgtag = '<span style="float:left; padding:0px 10px 5px 0px;"><img src="'+img[0].src+'" width="'+img_thumb_width+'px" height="'+img_thumb_height+'px"/></span>';
		summ = summary_img;
	}
	
	var summary = imgtag + '<div>' + removeHtmlTag(div.innerHTML,summ) + '</div>';
	div.innerHTML = summary;
}

//]]>
</script>

<b:if cond='data:blog.pageType != &quot;item&quot;'>
<b:if cond='data:blog.pageType != &quot;static_page&quot;'>
<div expr:id='&quot;summary&quot; + data:post.id'><data:post.body/></div>
<script type='text/javascript'>createSummaryAndThumb(&quot;summary<data:post.id/>&quot;);</script>
<span class='rmlink' style='float:right'><a expr:href='data:post.url'>Continue...</a></span>
</b:if>
</b:if>
<b:if cond='data:blog.pageType == &quot;item&quot;'><data:post.body/></b:if>

<b:if cond='data:blog.pageType == &quot;static_page&quot;'><data:post.body/></b:if></p><br/>

      <div style='clear: both;'/> <!-- clear for photos floats -->
    </div>
  
    <b:if cond='data:post.hasJumpLink'>
      <div class='jump-link'>
        <a expr:href='data:post.url + &quot;#more&quot;'><data:post.jumpText/></a>  
      </div>
    </b:if>
    
    <div class='post-footer'>
    <div class='post-footer-line post-footer-line-1'>

        
   </div>

      <div class='post-footer-line post-footer-line-2'/>

      <div class='post-footer-line post-footer-line-3'/>

<b:if cond='data:blog.pageType == &quot;item&quot;'>
<iframe allowTransparency='true' expr:src='&quot;http://www.facebook.com/plugins/like.php?href=&quot; + data:post.url + &quot;&amp;layout=standard&amp;show_faces=false&amp;width=100&amp;action=like&amp;font=arial&amp;colorscheme=light&quot;' frameborder='0' scrolling='no' style='border:none; overflow:hidden; width:450px; height:40px;'/>
</b:if>

<b:if cond='data:blog.pageType == &quot;item&quot;'>
<!-- navigation -->
<b:include name='nextprev'/>
</b:if>

    </div>
  </div>
</b:includable>
<b:includable id='status-message'>
  <b:if cond='data:navMessage'>
  <div class='status-msg-wrap'>
    <div class='status-msg-body'>
      <data:navMessage/>
    </div>
    <div class='status-msg-border'>
      <div class='status-msg-bg'>
        <div class='status-msg-hidden'><data:navMessage/></div>
      </div>
    </div>
  </div>
  <div style='clear: both;'/>
  </b:if>
</b:includable>
<b:includable id='comment-form' var='post'>
  <div id='comment-form'>
    <a name='comment-form'/>

<div class='commenttop' style='background-color:#5e5e5e;color:#ffffff;border-radius: 5px;-moz-border-radius: 5px;-webkit-border-radius: 5px;font-family:Arial, Georgia,Tahoma,Century gothic, sans-serif;height:36px;line-height:30px;font-size:16px;padding-left:10px;'>
    <h4 id='comment-post-message' style='color:#ffffff;'>Leave a Reply</h4>
</div>

    <p><data:blogCommentMessage/></p>
    <data:blogTeamBlogMessage/>
    <a expr:href='data:post.commentFormIframeSrc' id='comment-editor-src'/>
    <iframe allowtransparency='true' class='blogger-iframe-colorize blogger-comment-from-post' frameborder='0' height='410' id='comment-editor' name='comment-editor' src='' width='600'/>
    <data:post.friendConnectJs/>
    <data:post.cmtfpIframe/>
    <script type='text/javascript'>
      BLOG_CMT_createIframe(&#39;<data:post.appRpcRelayPath/>&#39;, &#39;<data:post.communityId/>&#39;);
    </script>
  </div>
</b:includable>
<b:includable id='backlinkDeleteIcon' var='backlink'>
  <span expr:class='&quot;item-control &quot; + data:backlink.adminClass'>
    <a expr:href='data:backlink.deleteUrl' expr:title='data:top.deleteBacklinkMsg'>
      <img src='http://www.blogger.com/img/icon_delete13.gif'/>
    </a>
  </span>
</b:includable>
<b:includable id='postQuickEdit' var='post'>
  <b:if cond='data:post.editUrl'>
    <span expr:class='&quot;item-control &quot; + data:post.adminClass'>
      <a expr:href='data:post.editUrl' expr:title='data:top.editPostMsg'>
        <img alt='' class='icon-action' height='18' src='http://www.blogger.com/img/icon18_edit_allbkg.gif' width='18'/>
      </a>
    </span>
  </b:if>
</b:includable>
<b:includable id='main' var='top'>
  <!-- posts -->
  <div class='blog-posts hfeed'>

    <b:include data='top' name='status-message'/>

    <data:defaultAdStart/>
    <b:loop values='data:posts' var='post'>
      <b:if cond='data:post.dateHeader'>
        <h2 class='date-header'><data:post.dateHeader/></h2>
      </b:if>
      <b:include data='post' name='post'/>
      <b:if cond='data:blog.pageType == &quot;static_page&quot;'>
        <b:include data='post' name='comments'/>
      </b:if>
      <b:if cond='data:blog.pageType == &quot;item&quot;'>
        <b:include data='post' name='comments'/>
      </b:if>
      <b:if cond='data:post.includeAd'>
        <b:if cond='data:post.isFirstPost'>
          <data:defaultAdEnd/>
        <b:else/>
          <data:adEnd/>
        </b:if>
        <div class='inline-ad'>
          <data:adCode/>
        </div>
        <data:adStart/>
      </b:if>
      <b:if cond='data:post.trackLatency'>
        <data:post.latencyJs/>
      </b:if>
    </b:loop>
    <data:adEnd/>
  </div>

<b:if cond='data:blog.pageType != &quot;item&quot;'>
<b:if cond='data:blog.pageType != &quot;static_page&quot;'>
<!-- navigation -->
<b:include name='nextprev'/>
</b:if>
</b:if>
  
  <b:if cond='data:top.showStars'>
    <script src='http://www.google.com/jsapi' type='text/javascript'/>
    <script type='text/javascript'>
      google.load(&quot;annotations&quot;, &quot;1&quot;, {&quot;locale&quot;: &quot;<data:top.languageCode/>&quot;});
      function initialize() {
        google.annotations.setApplicationId(<data:top.blogspotReviews/>);
        google.annotations.createAll();
        google.annotations.fetch();
      }
      google.setOnLoadCallback(initialize);
    </script>
  </b:if>
</b:includable>
<b:includable id='commentDeleteIcon' var='comment'>
  <span expr:class='&quot;item-control &quot; + data:comment.adminClass'>
    <a expr:href='data:comment.deleteUrl' expr:title='data:top.deleteCommentMsg'>
      <img src='http://www.blogger.com/img/icon_delete13.gif'/>
    </a>
  </span>
</b:includable>
<b:includable id='feedLinks'>
  <b:if cond='data:blog.pageType != &quot;item&quot;'> <!-- Blog feed links -->
    <b:if cond='data:feedLinks'>
      <div class='blog-feeds'>
        <b:include data='feedLinks' name='feedLinksBody'/>
      </div>
    </b:if>

    <b:else/> <!--Post feed links -->
    <div class='post-feeds'>
      <b:loop values='data:posts' var='post'>
        <b:if cond='data:post.allowComments'>
          <b:if cond='data:post.feedLinks'>
            <b:include data='post.feedLinks' name='feedLinksBody'/>
          </b:if>
        </b:if>
      </b:loop>
    </div>
  </b:if>
</b:includable>
<b:includable id='feedLinksBody' var='links'>
  <div class='feed-links'>
  <data:feedLinksMsg/>
  <b:loop values='data:links' var='f'>
     <a class='feed-link' expr:href='data:f.url' expr:type='data:f.mimeType' target='_blank'><data:f.name/> (<data:f.feedType/>)</a>
  </b:loop>
  </div>
</b:includable>
<b:includable id='comments' var='post'>
  <div class='comments' id='comments'>
    <a name='comments'/>
    <b:if cond='data:post.allowComments'>
      <h4>

<div class='commenttop' style='background-color:#5e5e5e;color:#ffffff;border-radius: 5px;-moz-border-radius: 5px;-webkit-border-radius: 5px;font-family:Arial, Georgia,Tahoma,Century gothic, sans-serif;height:36px;line-height:30px;font-size:16px;padding-left:10px;'>
        <b:if cond='data:post.numComments == 1'>
          1 Response so far:
        <b:else/>
          <data:post.numComments/> Responses so far:
        </b:if>
</div>
      </h4>

      <b:if cond='data:post.commentPagingRequired'>
        <span class='paging-control-container'>
          <a expr:class='data:post.oldLinkClass' expr:href='data:post.oldestLinkUrl'><data:post.oldestLinkText/></a>
          &#160;
          <a expr:class='data:post.oldLinkClass' expr:href='data:post.olderLinkUrl'><data:post.olderLinkText/></a>
          &#160;
          <data:post.commentRangeText/>
          &#160;
          <a expr:class='data:post.newLinkClass' expr:href='data:post.newerLinkUrl'><data:post.newerLinkText/></a>
          &#160;
          <a expr:class='data:post.newLinkClass' expr:href='data:post.newestLinkUrl'><data:post.newestLinkText/></a>
        </span>
      </b:if>

      <dl expr:class='data:post.avatarIndentClass' id='comments-block'>
        <b:loop values='data:post.comments' var='comment'>
          <dt expr:class='&quot;comment-author &quot; + data:comment.authorClass' expr:id='data:comment.anchorName'>
            <b:if cond='data:comment.favicon'>
              <img expr:src='data:comment.favicon' height='16px' style='margin-bottom:-2px;' width='16px'/>
            </b:if>
            <a expr:name='data:comment.anchorName'/>
            <b:if cond='data:blog.enabledCommentProfileImages'>
              <data:comment.authorAvatarImage/>
            </b:if>
            <b:if cond='data:comment.authorUrl'>
              <a expr:href='data:comment.authorUrl' rel='nofollow'><data:comment.author/></a>
            <b:else/>
              <data:comment.author/>
            </b:if>
            <data:commentPostedByMsg/>
          </dt>
          <dd class='comment-body'>
            <b:if cond='data:comment.isDeleted'>
              <span class='deleted-comment'><data:comment.body/></span>
            <b:else/>


<b:if cond='data:comment.author == data:post.author'>
<dd style='background-color:#dfdfdf;color:#000000;'>
<div id='authorlinks'>
<p><data:comment.body/></p>
</div>
</dd>
<b:else/>

<p><data:comment.body/><span class='interaction-iframe-guide'/></p>
</b:if>
</b:if>
</dd>


          <dd class='comment-footer'>

<a expr:href='&quot;https://www.blogger.com/comment.g?blogID=YOUR-BLOG-ID&amp;postID=&quot; + data:post.id + &quot;&amp;isPopup=true&amp;postBody=%40%3C%61%20%68%72%65%66%3D%22%23&quot; + data:comment.anchorName + &quot;%22%3E&quot; + data:comment.author + &quot;%3C%2F%61%3E#form&quot;' onclick='javascript:window.open(this.href, &quot;bloggerPopup&quot;, &quot;toolbar=0,location=0,statusbar=1,menubar=0,scrollbars=yes,width=450,height=450&quot;); return false;' rel='nofollow' style='float:right;margin-right:10px;'>[Reply]</a>

            <span class='comment-timestamp'>
              <a expr:href='data:comment.url' title='comment permalink'>
                <data:comment.timestamp/>
              </a>
              <b:include data='comment' name='commentDeleteIcon'/>
            </span>
          </dd>
        </b:loop>
      </dl>

      <b:if cond='data:post.commentPagingRequired'>
        <span class='paging-control-container'>
          <a expr:class='data:post.oldLinkClass' expr:href='data:post.oldestLinkUrl'>
            <data:post.oldestLinkText/>
          </a>
          <a expr:class='data:post.oldLinkClass' expr:href='data:post.olderLinkUrl'>
            <data:post.olderLinkText/>
          </a>
          &#160;
          <data:post.commentRangeText/>
          &#160;
          <a expr:class='data:post.newLinkClass' expr:href='data:post.newerLinkUrl'>
            <data:post.newerLinkText/>
          </a>
          <a expr:class='data:post.newLinkClass' expr:href='data:post.newestLinkUrl'>
            <data:post.newestLinkText/>
          </a>
        </span>
      </b:if>

      <p class='comment-footer'>
        <b:if cond='data:post.embedCommentForm'>
          <b:if cond='data:post.allowNewComments'>
            <b:include data='post' name='comment-form'/>
          <b:else/>
            <data:post.noNewCommentsText/>
          </b:if>
        <b:else/>
          <b:if cond='data:post.allowComments'>
            <a expr:href='data:post.addCommentUrl' expr:onclick='data:post.addCommentOnclick'><data:postCommentMsg/></a>
          </b:if>
        </b:if>

      </p>
    </b:if>

    <div id='backlinks-container'>
    <div expr:id='data:widget.instanceId + &quot;_backlinks-container&quot;'>
       <b:if cond='data:post.showBacklinks'>
         <b:include data='post' name='backlinks'/>
       </b:if>
    </div>
    </div>
  </div>
</b:includable>
</b:widget>
</b:section>

      </div>

      <div id='sidebar-wrapper'>
        <b:section class='sidebar' id='sidebar' preferred='yes'>
<b:widget id='HTML1' locked='false' title='Site search' type='HTML'>
<b:includable id='main'>
  <!-- only display title if it's non-empty -->
  <b:if cond='data:title != &quot;&quot;'>
    <h2 class='title'><data:title/></h2>
  </b:if>
  <div class='widget-content'>
    <data:content/>
  </div>

  <b:include name='quickedit'/>
</b:includable>
</b:widget>
<b:widget id='HTML6' locked='false' title='Join The Community' type='HTML'>
<b:includable id='main'>
  <!-- only display title if it's non-empty -->
  <b:if cond='data:title != &quot;&quot;'>
    <h2 class='title'><data:title/></h2>
  </b:if>
  <div class='widget-content'>
    <data:content/>
  </div>

  <b:include name='quickedit'/>
</b:includable>
</b:widget>
<b:widget id='HTML5' locked='false' title='Sample Text' type='HTML'>
<b:includable id='main'>
  <!-- only display title if it's non-empty -->
  <b:if cond='data:title != &quot;&quot;'>
    <h2 class='title'><data:title/></h2>
  </b:if>
  <div class='widget-content'>
    <data:content/>
  </div>

  <b:include name='quickedit'/>
</b:includable>
</b:widget>
<b:widget id='HTML4' locked='false' title='Link List Example' type='HTML'>
<b:includable id='main'>
  <!-- only display title if it's non-empty -->
  <b:if cond='data:title != &quot;&quot;'>
    <h2 class='title'><data:title/></h2>
  </b:if>
  <div class='widget-content'>
    <data:content/>
  </div>

  <b:include name='quickedit'/>
</b:includable>
</b:widget>
</b:section>


<b:section class='sidebar' id='magazine-left4' showaddelement='yes'>
<b:widget id='HTML26' locked='false' title='Your Links' type='HTML'>
<b:includable id='main'>
  <!-- only display title if it's non-empty -->
  <b:if cond='data:title != &quot;&quot;'>
    <h2 class='title'><data:title/></h2>
  </b:if>
  <div class='widget-content'>
    <data:content/>
  </div>

  <b:include name='quickedit'/>
</b:includable>
</b:widget>
</b:section>

<b:section class='sidebar' id='magazine-right4' showaddelement='yes'>
<b:widget id='HTML36' locked='false' title='Your Links' type='HTML'>
<b:includable id='main'>
  <!-- only display title if it's non-empty -->
  <b:if cond='data:title != &quot;&quot;'>
    <h2 class='title'><data:title/></h2>
  </b:if>
  <div class='widget-content'>
    <data:content/>
  </div>

  <b:include name='quickedit'/>
</b:includable>
</b:widget>
</b:section>

<div style='clear: both;'/>

<b:section class='sidebar' id='sidebar246' preferred='yes'>
<b:widget id='HTML2' locked='false' title='Download Now' type='HTML'>
<b:includable id='main'>
  <!-- only display title if it's non-empty -->
  <b:if cond='data:title != &quot;&quot;'>
    <h2 class='title'><data:title/></h2>
  </b:if>
  <div class='widget-content'>
    <data:content/>
  </div>

  <b:include name='quickedit'/>
</b:includable>
</b:widget>
</b:section>

<div style='clear: both;'/>


      </div>

      <!-- spacer for skins that want sidebar and main to be the same height-->
      <div class='clear'>&#160;</div>


<div id='footer-wrapper'>

<div id='footer-column-container'>
<div class='footercolumns' id='footer2'>
<b:section class='footer-column' id='col1' preferred='yes' style='float:left;'>
<b:widget id='HTML22' locked='false' title='Recent Post' type='HTML'>
<b:includable id='main'>
  <!-- only display title if it's non-empty -->
  <b:if cond='data:title != &quot;&quot;'>
    <h2 class='title'><data:title/></h2>
  </b:if>
  <div class='widget-content'>
    <data:content/>
  </div>

  <b:include name='quickedit'/>
</b:includable>
</b:widget>
</b:section>
</div>
<div class='footercolumns' id='footer3'>
<b:section class='footer-column' id='col2' preferred='yes' style='float:left;'>
<b:widget id='HTML42' locked='false' title='Popular Post' type='HTML'>
<b:includable id='main'>
  <!-- only display title if it's non-empty -->
  <b:if cond='data:title != &quot;&quot;'>
    <h2 class='title'><data:title/></h2>
  </b:if>
  <div class='widget-content'>
    <data:content/>
  </div>

  <b:include name='quickedit'/>
</b:includable>
</b:widget>
</b:section>
</div>
<div class='footercolumns' id='footer4'>
<b:section class='footer-column' id='col3' preferred='yes' style='float:left;'>
<b:widget id='HTML52' locked='false' title='Recent Comments' type='HTML'>
<b:includable id='main'>
  <!-- only display title if it's non-empty -->
  <b:if cond='data:title != &quot;&quot;'>
    <h2 class='title'><data:title/></h2>
  </b:if>
  <div class='widget-content'>
    <data:content/>
  </div>

  <b:include name='quickedit'/>
</b:includable>
</b:widget>
</b:section>
</div>
<div class='footercolumns' id='footer5'>
<b:section class='footer-column' id='col4' preferred='yes' style='float:right;'>
<b:widget id='HTML62' locked='false' title='Useful Widgets' type='HTML'>
<b:includable id='main'>
  <!-- only display title if it's non-empty -->
  <b:if cond='data:title != &quot;&quot;'>
    <h2 class='title'><data:title/></h2>
  </b:if>
  <div class='widget-content'>
    <data:content/>
  </div>

  <b:include name='quickedit'/>
</b:includable>
</b:widget>
</b:section>
</div>
<div style='clear:both;'/>
<div class='footercolumns2' style='width:960px;padding: 10px;'>
<b:section id='col-bottom' preferred='yes'>
<b:widget id='HTML8' locked='false' title='' type='HTML'>
<b:includable id='main'>
  <!-- only display title if it's non-empty -->
  <b:if cond='data:title != &quot;&quot;'>
    <h2 class='title'><data:title/></h2>
  </b:if>
  <div class='widget-content'>
    <data:content/>
  </div>

  <b:include name='quickedit'/>
</b:includable>
</b:widget>
</b:section>
</div>
<div style='clear:both;'/>
</div>

<div class='fcredit' style='float:left;text-align:left;margin:10px 0px 10px 20px;line-height:16px;'>
<!--Please do not remove the footer credit. I spend several hours to create this blogger template. So that you can use it for your blog. All I ask is, stay the credit intact.-->
<p><a expr:href='data:blog.homepageUrl'><data:blog.title/></a> Copyright &#169; 2010 <a href='http://www.premiumbloggertemplates.com/' target='_blank'>Blogger Theme</a> is Designed by <a href='http://www.bloggertipandtrick.net/' target='_blank'>Lasantha</a></p>
</div>
<!--Please Do Not Remove This-->

</div>

    </div> <!-- end content-wrapper -->


  </div></div> <!-- end outer-wrapper -->

<script type='text/javascript'> Cufon.now(); </script>

</body>
</html>