<?xml version="1.0" encoding="UTF-8" ?>
<!DOCTYPE html>
<html xmlns='http://www.w3.org/1999/xhtml' xmlns:b='http://www.google.com/2005/gml/b' xmlns:data='http://www.google.com/2005/gml/data' xmlns:expr='http://www.google.com/2005/gml/expr'>
  <head>
    <b:include data='blog' name='all-head-content'/>

    <title>
      <b:if cond='data:blog.pageType == &quot;index&quot;'>
        <data:blog.pageTitle/>
        <b:else/>
        <b:if cond='data:blog.pageType != &quot;error_page&quot;'>
          <data:blog.pageName/> | <data:blog.title/>
          <b:else/>
          Page Not Found | <data:blog.title/> 
        </b:if>
      </b:if>
    </title>
    
 
    <b:if cond='data:blog.pageType == &quot;archive&quot;'>
      <meta content='noindex,noarchive' name='robots'/>
    </b:if>
    <b:if cond='data:blog.metaDescription != &quot;&quot;'>
      <meta expr:content='data:blog.metaDescription' name='description'/>
    </b:if> 
    <meta charset='UTF-8'/>
    <meta content='width=device-width, initial-scale=1, maximum-scale=1' name='viewport'/>
    <link href='http://fonts.googleapis.com/css?family=Titillium+Web:200,300,600' rel='stylesheet'/>
    <link href='http://weloveiconfonts.com/api/?family=entypo' rel='stylesheet'/>
    <b:skin><![CDATA[
/*====================================
Theme Name : Decorus
Author : Template Trackers
Site : http://templatetrackers.com
License : Creative Commons Attribution License

Share and Use This With Proper Credit Or You Will Be In Problem
=================================================================*/
/* entypo */
[class*="entypo-"]:before {
  font-family: 'entypo', sans-serif;
}


/*****************************************
reset.css
******************************************/
html,body,div,span,applet,object,iframe,h1,h2,h3,h4,h5,h6,p,blockquote,pre,a,abbr,acronym,address,big,cite,code,del,dfn,em,img,ins,kbd,q,s,samp,small,strike,strong,sub,sup,tt,var,b,u,i,center,dl,dt,dd,ol,ul,li,fieldset,form,label,legend,table,caption,tbody,tfoot,thead,tr,th,td,article,aside,canvas,details,embed,figure,figcaption,footer,header,hgroup,menu,nav,output,ruby,section,summary,time,mark,audio,video { border:0; font-size:100%; font:inherit; vertical-align:baseline; margin:0; padding:0; }
article,aside,details,figcaption,figure,footer,header,hgroup,menu,nav,section { display:block; }
body { line-height:1; }
ol,ul { list-style:none; }
blockquote, q { quotes:none; }
blockquote:before, blockquote:after, q:before,q:after { content:none; }
table { border-collapse:collapse; border-spacing:0; }
.clearfix:after { content: "."; display: block; height: 0; clear: both; visibility: hidden; } .clearfix { display: inline-block; } /* Hide from IE Mac \*/ .clearfix { display: block; } /* End hide from IE Mac */ .none { display: none; } /* End Clearfix */


::selection {  background: #2EB0EC;  color: #fff;  }
::-moz-selection {  background: #333;  color: #fff;  }
a img{	border: none;}
ol, ul { padding: 10px 0 20px;  margin: 0 0 0 35px;  text-align: left;  }
ol li { list-style-type: decimal;  padding:0 0 5px;  }
ul li { list-style-type: square;  padding: 0 0 5px;  }
ul ul, ol ol { padding: 0; }
h1, h2, h3,
h4, h5, h6{ color: #272727;font-weight:600 }

h1 a:hover, h2 a:hover, h3 a:hover,
h4 a:hover, h5 a:hover, h6 a:hover { color: #878787; }

h1 { font-size: 32px; line-height: 38px; }
h2 { font-size: 22px; line-height: 32px; }
h3 { font-size: 18px; line-height: 28px; }
h4 { font-size: 15px; line-height: 26px; }
h5 { font-size: 12px; line-height: 20px; }
h6 { font-size: 10px; line-height: 20px; }

.post-body h1 { margin: 55px 0 25px 0; }
.post-body h2 { margin: 35px 0 15px 0; }

.post-body h3, .post-body h4,
.post-body h5, .post-body h6 { margin: 15px 0; }


/*****************************************
Global Links CSS
******************************************/
a {
  color: #444;
  text-decoration: none;
}

a:hover {
  color: rgb(230, 89, 45);
}

img {
  vertical-align: bottom;
  max-width: 100%;
}

body {
  background: #eaeaea;
  color: #444;
  height: 100%;
  font-size: 16px;
  font-family: Titillium web, sans-serif;
  line-height: 1.5em;
  overflow-x: hidden;
  margin: 0;
  padding: 0;
}

.clr {
  clear: both;
  float: none;
}

.ct-wrapper:before,.ct-wrapper:after {
  content: "\0020";
  display: block;
  height: 0;
  overflow: hidden;
}

.ct-wrapper:after {
  clear: both;
}
.ct-wrapper {
position: relative;
padding: 0;
max-width: 1380px;
min-width: 320px;
width: 100%;
margin: 0 auto;
min-height:0;
}

.outer-wrapper {
background: #F0F0F0;
margin: 0% 10px 40px;
-webkit-box-shadow: 0 0px 0 #FFF, 0 1px 1px rgba(0, 0, 0, 0.1);
box-shadow: 0 0px 0 #FFF, 0 1px 1px rgba(0, 0, 0, 0.1);
}
.container{
position: relative;
padding: 0;
max-width: 1380px;
min-width: 320px;
width: 100%;
margin: 0 auto ;
min-height: 0;
top:-60px;
}

.header-wrapper {
  background:#33363b;
  display: inline-block;
  float: left;
  width: 100%;
  position: relative;
  border-bottom: 1px solid #E0E0E0;
  margin: 0;
  padding:5em 0;
}

.main-wrapper {
width:81%;
float:left;
}

#content {
float:right;
width: 70%;
padding: 0px 5px;
background: #FFF;
}

/*===========================================
Do Not Change This is Layout Styling CSS 
==========================================*/
body#layout .header-wrapper {
margin-top: 10px;
padding: 0 0 2em;
margin: 0;
}
body#layout .header-inner-wrap {
  width: 50%;
  float: auto\9;
  height: auto\9;
  margin: 3em 0 0;
}

body#layout .main-wrapper{
margin:0;
padding:0;
float:left;
width:75%
}

body#layout #content {
width: 65%;
float: right;
padding:0;
margin:0;
}

body#layout .sidebar-wrapper {
float: left;
width: 35%;
margin:0;
padding:0;

}

body#layout .sider-wrapper{
float:right;
width:25%;
padding:0;
margin:0;

}


body#layout #header {
  width: 100%;
  margin: 0;
  padding: 0;
}

body#layout .header-right.section {
  max-width: 50%;
  float: none;
  margin: 0;
  padding: 0;
}

body#layout #page-header {
  display: none;
}

body#layout .outer-wrapper,body#layout .sidebar-wrapper,body#layout .ct-wrapper {
  margin: 0;
  padding: 0;
}

body#layout div.footer {
  font-family: sans-serif;
  display: inline-table;
  position: relative;
  float: left;
  max-width: 33%;
  margin: 0 auto 2px;
  padding: 0 0 10px;
}


#header {
  width: auto;
  float: left;
}

.header-inner-wrap {
  height: 75px;
  float: left;
  position: relative;
  margin: 0;
  padding: 0px 30px 20px;
}

#header h1 {
position: relative;
letter-spacing: 2px;
line-height: normal;
margin: 0;
padding: 0;
font-size: 50px;
}

#header-inner {
  margin: 0;
  padding: 0;
}

#header h1 a,#header h1 a:hover {
  color: #f9f9f9;
}

#header .description {
display:none
}

#header img {
  border: 0 none;
  background: none;
  width: auto;
  height: auto;
  margin: 0 auto;
}
/***** Header Right CSS *****/
.header-right {
  float: right;
}

.header-right .widget-content {
  margin-top: 40px;
}

/*------------ Page Header ---------*/


#site-navigation.default {
float: none;
position: fixed;
top: 0;
left: 0;
right: 0;
z-index: 1;
background: #26272b;
-webkit-box-shadow: 0 0 5px rgba(0,0,0,0.2),0 1px 0 rgba(255,255,255,0.15);
box-shadow: 0 0 5px rgba(0,0,0,0.2),0 1px 0 rgba(255,255,255,0.15);
}

#site-navigation.default li{list-style:none}

.menu-main-container {
max-width: 1380px;
margin: 0 auto;
}

#site-navigation.default > div > ul > li {
float: left;
margin-left: 15px;
position: relative;
padding: 0;
list-style:none;
}
#site-navigation.default > div > ul > li > a {
padding: 10px 5px;
font-size: 16px;
color:#eee
}


#site-navigation.default ul li > a:hover {
color:#f0f0f0;
position: relative;
z-index: 2;
}

#site-navigation.default ul li ul li a:hover{color:#444}

.mobile-menu-button {
  display: none;
  font-weight: 700;
}

#site-navigation.default ul {
  position: relative;
  margin: 0;
  padding: 0;
}

#site-navigation.default ul:after {
  content: "";
  clear: both;
  display: block;
}



#site-navigation.default ul li ul {
  display: none;
  position: absolute;
  top: 95%;
  left: 0;
  width: 200px;
  background: #FFF;
  border: 1px solid #E1E1E1;
  font-size: 13px;
  margin-top: -1px;
  z-index: 100;
}

#site-navigation.default ul li ul li {
  position: relative;
  padding: 0 15px;
}

#site-navigation.default ul li ul li a {
  border-top: 1px solid #e1e1e1;
  padding: 7px 0;
}

#site-navigation.default ul li ul li.current-menu-item > a,#site-navigation.default ul li ul li.current_page_item > a,#site-navigation.default ul li ul li.current_page_parent > a {
  color: #272727;
}

#site-navigation.default ul li ul li ul {
  position: absolute;
  top: 0;
  left: 200px;
  z-index: 100;
  padding: 5px;
}

#site-navigation.default ul li.right ul li ul {
  left: -185px;
}

#site-navigation.mobile {
  display: none;
  clear: both;
  background: #f1f1f1;
  border-top: 1px solid #e1e1e1;
}

#site-navigation.mobile ul li,#site-navigation.mobile ul li ul.sub-menu li {
  border-top: 1px solid #e5e5e5;
}

#site-navigation.mobile ul li a {
  display: block;
  font-size: 15px;
  font-weight: 500;
  color: #999;
  padding: 10px 20px;
}

#site-navigation.mobile ul li a:hover,#site-navigation.mobile ul li.current_page_item > a {
  color: #414141;
  background: #e5e5e5;
}

#site-navigation.mobile ul li ul li a {
  padding-left: 35px;
}

#site-navigation.mobile ul li ul li ul li a {
  padding-left: 50px;
}

#site-navigation.default ul li a,#site-navigation.default ul li:hover > ul {
  display: block;
}

#site-navigation.default ul li ul > li:first-child > a,#site-navigation.mobile li:first-child {
  border-top: none;
}


.post {
  width: auto;
  margin: 3% 0 0;
  padding: 0 5px;
}

h2.entry-title {
  position: relative;
  line-height: normal;
  font-family: "Helvetica Neue", Helvetica, Arial, sans-serif;
  font-weight: 700;
  margin: 0 15px;
  padding: 0;
}

h2.index-title {
margin: 0;
line-height: 1.4em;
padding: 0px 0 14px;
font-weight: 100;
}
h2.index-title a {
color: #444;
font-weight: 600;
}

.entry-image img:hover{opacity:.9}
.entry-image img{
-webkit-transition: 0.2s ease;
-moz-transition: 0.2s ease;
-o-transition: 0.2s ease;
transition: 0.2s ease;
}

.post-meta.date {
padding: 5px 0 1px;
font-size: 14px;
}

.post-body.entry-content {
  border-bottom: 0;
  font-size: 16px;
  font-weight: 400;
  line-height: 1.6em;
  word-wrap: break-word;
  position: relative;
  margin: 0 15px;
  padding: 15px 0;
}

.body-post {
  font-size: 16px;
  font-weight: 400;
  margin: 0;
  padding: 0 0 5%;
}

.body-post p {
font-size: 16px;
line-height: 1.5em;
color: #777;
}

.post-header {
  color: #999;
  font-family: Verdana,Arial,Tahoma,sans-serif;
  font-size: 12px;
  text-align: left;
  margin: 5px 15px 0;
}

.post-header,.post-header a {
  color: #AAA;
  font-style: italic;
  font-family: georgia;
  font-size: 14px;
}

.post-header a:hover {
  color: #303030;
}

.rmlink {
  float: right;
  line-height: normal;
  z-index: 1000;
  position: absolute;
  right: 0;
  bottom: 10px;
}

#blog-pager-newer-link {
position: relative;
float: left;
width: 44%;
text-align: left;
font-weight: 700;
padding: 20px;
border-right: 1px solid #CACACA;
}
#blog-pager-older-link {
display: inline;
float: right;
width: 45%;
text-align: right;
font-weight: 700;
padding: 20px;
}

#blog-pager {
clear: both;
border-bottom:1px solid #CACACA;
font-size: 16px;
line-height: normal;
margin: 0;
padding: 0;
overflow:visible;
}
.showpageNum a {
color: white;
}

.showpage {
display:none}


.showpageNum {
padding: 2px 8px;
background: #343434;
color: white;
margin: 0 2px 0 0;
position: relative;
}
.showpagePoint {
padding: 2px 8px;
background: #343434;
color: white;
position: relative;
}
.showpagePoint:before, .showpageNum:before {
content: "";
border-color: #343434 transparent transparent transparent;
border-style: solid;
border-width: 10px;
position: absolute;
top: 100%;
left: 2px;
}
.showpagePoint:after, .showpageNum:after {
content: "";
border-color: transparent transparent #343434 transparent;
border-style: solid;
border-width: 10px;
position: absolute;
bottom: 100%;
left: 2px;
}

#blog-pager h4,h5{font-weight:300}


.share-story-container{display:block;width:100%;position:relative;clear:both;float:left;height:80px;background:#FFF;margin:0 0 30px;padding:0}
.share-story-container ul{list-style:none;margin:0 0 0 35px;padding:0}
.share-story-container ul li{text-align:center;list-style:none;float:left;padding-top:28px;margin:0 20px 0 0}
.share-story-container ul li a{color:#fff;font-family:helvetica;-webkit-transition:.07s ease-in;-moz-transition:.07s ease-in;-o-transition:.07s ease-in;transition:.07s ease-in;padding:10px 30px}
.tweet.tips{background:#00A0D1;border:1px solid #00A0D1}
.fb-tips{background:#3B5998;border:1px solid #3B5998}
.googleplus-tips{background:#DA4834;border:1px solid #DA4834}
.linkedin-tips{background:#0077B5;border:1px solid #0077B5}
.pin-it-tips{background:#CB2027;border:1px solid #CB2027}
.author-profile {
background: rgba(255, 255, 255, 0);
border: 3px solid #E0E0E0;
margin: 0;
padding: 5px 5px 0;
position: relative;
}
.author-profile img {
border: 5px solid #EFEFEF;
float: left;
margin-right: 15px!important;
}.author-profile > div > a{color:#444}
.author-profile > div{font-size:14px;font-family:helvetica;margin:0}
p.description{font-size:80%;line-height:1.7em;margin:0}
p.description a{color:#333;font-family:arial rounded mt bold}
a.g-profile{font-size:20px;font-family:lato;margin:15px 0 5px}
.author-profile > div > div > div{float:right;font-size:12px}


.showpageNum a,.showpage a {
  margin: 0;
}

.showpagePoint {
  margin: 0 2px 0 0;
}

.home-link,.showpageOf {
  display: none;
}

blockquote {
  background: url(http://3.bp.blogspot.com/-wkm2RmV1TH4/Ud0G27MPsiI/AAAAAAAACfI/xaL0uFOJUI8/s1600/quote.png) no-repeat 5.4% center;
  color: #888;
  font-style: italic;
  margin: 10px 0 20px -3%;
  padding: 1.5em 38px 10px 114px;
}

.status-msg-wrap {
  display: none;
}

.comments {
  clear: both;
  margin-top: 10px;
  margin-bottom: 0;
  padding: 10px 2%;
}

.comments ol{padding:0;margin:0}
.comments li{list-style:none;margin:0}

#searchform {
  margin: 0 0 1em;
}

#searchform #s {
  width: 90%;
  border: 0;
  outline: 0;
  background: #EEE;
  padding: 10px;
}

/*--- Popular posts ---*/

.PopularPosts .widget-content ul li {
  padding: 0;
}
.PopularPosts img {
padding: 0!important;
width: 80px;
height: 80px;
}
.PopularPosts .item-thumbnail {
float: left;
margin: 0 15px 5px 0;
}

.PopularPosts .item-snippet{display:none}

/* Label Menu */
.Label li {
display: block;
margin: 0 0px 15px 0!important;
}
.Label li a {
padding: 5px 15px;
color: #444;
background: rgb(158, 202, 78);
}

/* Css hack to display only 10 labels in Label menu*/
.Label li:nth-child(n+10) {
display: none;
}
/*-- Social Links --*/

.sidebar-top.group {
background: rgb(230, 89, 45);
padding: 15px 30px;
display: block;
position: absolute;
left: 0;
right: 0;
top: 0;
}

.sidebar-top p {
float: left;
color: rgba(255, 255, 255, 0.8);
font-size: 16px;
font-weight: 600;
text-transform: uppercase;
line-height: 24px;
padding: 3px 0;
}
ul.social-links {
float: right;
padding-top: 2px;
padding: 0;
margin: 0;
}
.social-links li a {
color: #FFF;
font-size: 22px;
}
.social-links li {
list-style: none;
display: inline-block;
margin-left: 8px;
line-height: 16px;
margin-top: 8px;
position:relative;
}
.social-links .social-tooltip:hover:before {
top: -10px;
right: 8px;
border: solid;
border-color: #FFF rgba(0, 0, 0, 0);
border-width: 5px 5px 0 5px;
content: "";
display: block;
position: absolute;
z-index: 1;
}
.social-links .social-tooltip:hover:after {
top: -36px;
background: #FFF;
font-size: 14px;
color: #666;
content: attr(title);
display: block;
right: 0;
padding: 5px 15px;
position: absolute;
white-space: nowrap;
-webkit-border-radius: 3px;
border-radius: 3px;
-webkit-box-shadow: 0 0 2px rgba(0, 0, 0, 0.2);
box-shadow: 0 0 2px rgba(0, 0, 0, 0.2);
}

/*---- Sider and Sidebar Wrapper ----*/ 
.sider-wrapper {
float: right;
width: 19%;
padding: 0;
margin: 0;
background: transparent;
position:relative;
}
#sider {
padding: 5em 20px 20px;
}

#content h2.story {
padding: 14.7px 25px;
background: rgb(125, 209, 78);
color: white;
}

.sider-wrapper h2.more {
text-align: left;
background:rgb(85, 168, 214);
color: #F5F5F5;
padding: 14.7px 25px;
text-transform: uppercase;
font-size: 18px;
position: absolute;
right: 0;
left: 0;
top: 0;
}

.sider-wrapper ul{
padding:0;
margin:0
}
.sider-wrapper li{
list-style:none;
padding:5px 5px 15px!important;
}


.sidebar-wrapper {
float: left;
width: 28.97%;
background: rgba(255, 255, 255, 0);
margin: 0 0;
padding: 0;
position:relative;
}

#sidebar {
clear: both;
float: left;
padding: 60px 0px 10px;
}

.sidebar ul {
  margin: 0;
  padding: 0;
}

.sidebar li {
  list-style: none;
  margin: 0 0 10px;
  padding: 0;
}

.sidebar .widget h2 {
line-height: 1.5em;
margin: 0 0 10px;
padding: 8px 16px;
color: rgb(70, 70, 70);
font-size: 20px;
}

.sidebar .widget {
  border-bottom: 1px solid #E0E0E0;
  margin:0 0 1em;
  padding: 0px 0;
}

.sidebar .widget-content {
padding: 10px 20px;
}


#footer {
width: 100%;
color: #3F3F3F;
background: #fff;
}

#footer li {
list-style: none;
margin: 0;
}
#footer a {
color: #292929;
}

.footer {
  float: left;
  width: 33%;
}

.footer h2 {
color: #383838;
font-size: 19px;
font-weight: 400;
margin-bottom: 12px;
text-transform: none;
position:relative;
}

.footer .widget {
  clear: both;
  font-size: 16px;
  line-height: 26px;
  margin: 15px 25px 25px;
}

.footer > .widget > .widget-content {
padding: 10px;
}

.footer ul {
  list-style: none;
  margin: 0;
  padding: 0;
}

.footer li {
  text-transform: capitalize;
  margin: 0 0 0 15px;
  padding: 0 0 10px;
}

.footer-credits {
font-size: 80%;
overflow: hidden;
padding: 10px 0;
background: #33363b;
color:white;
}
.footer-credits a{color:#e0e0e0}

/* footer recent posts */

ul.recent-contents li a {
}




/*****************************************
Responsive styles
******************************************/
@media screen and (max-width:1260px){
.sider-wrapper{display: none;width: 0;float: none;}
.main-wrapper {
width: 100%;}

}


@media screen and (max-width: 1024px) {
#header, .header-right { float: none; text-align: center; width: 100%; }
.header-right .widget-content { margin: 0; }
.header-wrapper:after{display:none;}
}
@media screen and (max-width: 960px) {
.ct-wrapper{    padding:0 15px;  }
.header-wrapper{margin-top:2em}
#header-navigation{display:none}
.main-wrapper, .opt-in .opt-in-wrap{    margin-right:0;    width:100%;  }
.sidebar-wrapper{ background:transparent;box-shadow:0;border:0;clear:both; float: none; max-width:100%;width: auto;  margin-left: 20px;  padding:10px;}
.sidebar .widget{
clear:none;
float:left;
width:47%;
margin:0 2% 2% 0}

}

@media screen and (max-width: 768px){
#header p.description { margin: 0; }
#comment-editor { margin:10px; }
.footer {
width: 100%;
clear: both;
}
}
@media screen and (max-width: 620px){
#header img { width:100%; }
.opt-in .inner .ct-wrapper {  padding: 0 10px; }
.post-title{font-size:1.2rem!important}
.rdmre{display:none}
.sidebar-wrapper {
float:none;
clear: both;
width: auto;
padding: 10px;
margin:0;
}
.sidebar .widget {
clear:both;
float:none;
width:100%;
}
.post-body{margin-top:4.5em}
}

@media screen and (max-width: 420px){
#header h1{font-size:3rem!important}
.comments .comments-content .datetime{    display:block;    float:none;    }
.comments .comments-content .comment-header {    height:70px;    }
.thumb{
clear:both;
float:none;
}
.post-labels {
display:none
}
}

@media screen and (max-width: 320px){
.footer { width: 100%; }
.ct-wrapper{ padding:0; }
.post-body img{  max-width: 100%; }
.comments .comments-content .comment-replies {    margin-left: 0;    }
}
/*****************************************
Hiding Header Date and Feed Links
******************************************/
h2.date-header,span.blog-admin{display:none!important;}

/*------ Flex Slider ----*/

ul.bjqs {
position: relative;
list-style: none;
padding: 0;
margin: 5% 20px 0;
overflow: hidden;
display: none;
}
li.bjqs-slide{position:absolute; display:none;list-style:none;}
ul.bjqs-controls{list-style:none;margin:0;padding:0;z-index:9999;}
li.slider-content img{width:100%;}
ul.bjqs-controls.v-centered li.bjqs-prev a,ul.bjqs-controls.v-centered li.bjqs-next a{display:none}
ol.bjqs-markers{list-style: none; padding: 0; margin: 0; width:100%;}
ol.bjqs-markers.h-centered{text-align: center;}
ol.bjqs-markers li{display:inline;}
ol.bjqs-markers li a{display:inline-block;}
ul.bjqs-controls.v-centered li a{
	display:none;
}

ul.bjqs-controls.v-centered li a:hover{
	background:#000;
	color:#fff;
}

ol.bjqs-markers li a{
	padding:2px 10px;
	background:#000;
	color:#fff;
	margin:5px;
	text-decoration: none;
}

ol.bjqs-markers li.active-marker a,
ol.bjqs-markers li a:hover{
	background: #999;
}

p.bjqs-caption{
	background: rgba(255,255,255,0.5);
}


]]></b:skin>
<b:if cond='data:blog.pageType == &quot;item&quot;'>
<style type='text/css'>

</style>
</b:if>
<b:if cond='data:blog.pageType == &quot;index&quot;'>
<style type='text/css'>
#blog-pager {
border-top: 1px solid #CACACA!important;
border-bottom: 0;
margin: 10px 0;
padding: 15px 0 5px;
}

#blog-pager h5 {
font-size: 18px;
}
.post {
width: 50%;
float: left;
height: 450px;
margin: 0px 0 0;
padding: 3% 0 0;
border-bottom: 1px solid #D6D6D6;
}
.post:last-child {
border: 0;
}

</style>
</b:if>
<b:if cond='data:blog.pageType == &quot;static_page&quot;'>
<style>
.main-wrapper{width:auto;margin:0}
  #content{width:100%}
.sidebar-wrapper,.sider-wrapper{display:none;width:0;height:0;}
  </style>
</b:if>

<b:if cond='data:blog.url != data:blog.homepageUrl'>
<!--[if !IE]><!-->
<style type='text/css'>
.post-body img{ max-width:100%; }
</style>
 <!--<![endif]-->
</b:if>

<script src='http://ajax.googleapis.com/ajax/libs/jquery/1.8.3/jquery.min.js' type='text/javascript'/>
<script type='text/javascript'>
//<![CDATA[


featured_slider = 'Girl'; 
 
hom_cat1 = 'Flat'; 
hom_cat2 = 'Design';

side_cat1 = 'Mixed'; 
side_cat2 = 'Mixed';
 
footer_cat1 = 'Mixed'; 
footer_cat2 ='Mixed';

 

 
 
imgr = new Array();
imgr[0] = "http://sites.google.com/site/fdblogsite/Home/nothumbnail.gif";
showRandomImg = true;
aBold = true;
summaryPost = 150; 
summaryTitle = 50; 
numpostsf  = 4;
numposts1 = 4;
numposts2 = 3;
numposts3 = 7;
numposts4 = 2; 


function removeHtmlTag(strx,chop){var s=strx.split("<");for(var i=0;i<s.length;i++)if(s[i].indexOf(">")!=-1)s[i]=s[i].substring(s[i].indexOf(">")+1,s[i].length);s=s.join("");s=s.substring(0,chop-1);return s};

function showhomeposts1(json){j=showRandomImg?Math.floor((imgr.length+1)*Math.random()):0;img=new Array;if(numposts1<=json.feed.entry.length)maxpost=numposts1;else maxpost=json.feed.entry.length;for(var i=0;i<maxpost;i++){var entry=json.feed.entry[i];var posttitle=entry.title.$t;var pcm;var posturl;if(i==json.feed.entry.length)break;for(var k=0;k<entry.link.length;k++)if(entry.link[k].rel=="alternate"){posturl=entry.link[k].href;break}for(var k=0;k<entry.link.length;k++)if(entry.link[k].rel=="replies"&&
entry.link[k].type=="text/html"){pcm=entry.link[k].title.split(" ")[0];break}if("content"in entry)var postcontent=entry.content.$t;else if("summary"in entry)var postcontent=entry.summary.$t;else var postcontent="";postdate=entry.published.$t;if(j>imgr.length-1)j=0;img[i]=imgr[j];s=postcontent;a=s.indexOf("<img");b=s.indexOf('src="',a);c=s.indexOf('"',b+5);d=s.substr(b+5,c-b-5);if(a!=-1&&(b!=-1&&(c!=-1&&d!="")))img[i]=d;var month=[1,2,3,4,5,6,7,8,9,10,11,12];var month2=["Jan","Feb","Mar","Apr","May",
"Jun","Jul","Aug","Sep","Oct","Nov","Dec"];var day=postdate.split("-")[2].substring(0,2);var m=postdate.split("-")[1];var y=postdate.split("-")[0];for(var u2=0;u2<month.length;u2++)if(parseInt(m)==month[u2]){m=month2[u2];break}var daystr=day+" "+m+" "+y;var trtd='<li> <a href="'+posturl+'"><img src="'+img[i]+'" style="width:100%;"/></a>   <h2 class="featured-title"><a href="'+posturl+'">'+posttitle+"</a></h2><div><p>"+removeHtmlTag(postcontent,summaryPost)+"</p></div>   </li>";document.write(trtd);
j++}};


function showhomeposts2(json){j=showRandomImg?Math.floor((imgr.length+1)*Math.random()):0;img=new Array;if(numposts1<=json.feed.entry.length)maxpost=numposts1;else maxpost=json.feed.entry.length;for(var i=0;i<maxpost;i++){var entry=json.feed.entry[i];var posttitle=entry.title.$t;var pcm;var posturl;if(i==json.feed.entry.length)break;for(var k=0;k<entry.link.length;k++)if(entry.link[k].rel=="alternate"){posturl=entry.link[k].href;break}for(var k=0;k<entry.link.length;k++)if(entry.link[k].rel=="replies"&&
entry.link[k].type=="text/html"){pcm=entry.link[k].title.split(" ")[0];break}if("content"in entry)var postcontent=entry.content.$t;else if("summary"in entry)var postcontent=entry.summary.$t;else var postcontent="";postdate=entry.published.$t;if(j>imgr.length-1)j=0;img[i]=imgr[j];s=postcontent;a=s.indexOf("<img");b=s.indexOf('src="',a);c=s.indexOf('"',b+5);d=s.substr(b+5,c-b-5);if(a!=-1&&(b!=-1&&(c!=-1&&d!="")))img[i]=d;var month=[1,2,3,4,5,6,7,8,9,10,11,12];var month2=["Jan","Feb","Mar","Apr","May",
"Jun","Jul","Aug","Sep","Oct","Nov","Dec"];var day=postdate.split("-")[2].substring(0,2);var m=postdate.split("-")[1];var y=postdate.split("-")[0];for(var u2=0;u2<month.length;u2++)if(parseInt(m)==month[u2]){m=month2[u2];break}var daystr=day+" "+m+" "+y;if(i==0){var trtd='<div class="grid-box1"><div class="hover_play"><a href="'+posturl+'"><img src="'+img[i]+'" alt=""></img></a></div><span class="block-metas">'+daystr+'</span><h2 class="big_title"><a href="'+posturl+'" title="">'+posttitle+"</a></h2><p>"+
removeHtmlTag(postcontent,summaryPost)+"</p></div>";document.write(trtd)}else{var trtd='<div class="showthis"><div class="grid-box"><div class="grid-image"><a class="hover_play_small" href="'+posturl+'"><img src="'+img[i]+'" alt=" "></img></a></div><span class="block-metas">'+daystr+'</span><h2><a href="'+posturl+'">'+posttitle+"</a></h2>  </div></div>";document.write(trtd)}j++}};

 
 function showrecentposts1(json){j=showRandomImg?Math.floor((imgr.length+1)*Math.random()):0;img=new Array;if(numposts1<=json.feed.entry.length)maxpost=numposts1;else maxpost=json.feed.entry.length;document.write('<ul class="slides">');for(var i=0;i<maxpost;i++){var entry=json.feed.entry[i];var posttitle=entry.title.$t;var pcm;var posturl;if(i==json.feed.entry.length)break;for(var k=0;k<entry.link.length;k++)if(entry.link[k].rel=="alternate"){posturl=entry.link[k].href;break}for(var k=0;k<entry.link.length;k++)if(entry.link[k].rel==
"replies"&&entry.link[k].type=="text/html"){pcm=entry.link[k].title.split(" ")[0];break}if("content"in entry)var postcontent=entry.content.$t;else if("summary"in entry)var postcontent=entry.summary.$t;else var postcontent="";postdate=entry.published.$t;if(j>imgr.length-1)j=0;img[i]=imgr[j];s=postcontent;a=s.indexOf("<img");b=s.indexOf('src="',a);c=s.indexOf('"',b+5);d=s.substr(b+5,c-b-5);if(a!=-1&&(b!=-1&&(c!=-1&&d!="")))img[i]=d;var month=[1,2,3,4,5,6,7,8,9,10,11,12];var month2=["Jan","Feb","Mar",
"Apr","May","Jun","Jul","Aug","Sep","Oct","Nov","Dec"];var day=postdate.split("-")[2].substring(0,2);var m=postdate.split("-")[1];var y=postdate.split("-")[0];for(var u2=0;u2<month.length;u2++)if(parseInt(m)==month[u2]){m=month2[u2];break}var daystr=day+" "+m+" "+y;var trtd='<li> <a href="'+posturl+'"><img src="'+img[i]+'"/></a>   <div class="entry-title"><a href="'+posturl+'">'+posttitle+"</a></div>   </li>";document.write(trtd);j++}document.write("</ul>")};


function showrecentposts2(json){j=showRandomImg?Math.floor((imgr.length+1)*Math.random()):0;img=new Array;if(numposts3<=json.feed.entry.length)maxpost=numposts3;else maxpost=json.feed.entry.length;document.write('<ul class="recent-contents">');for(var i=0;i<maxpost;i++){var entry=json.feed.entry[i];var posttitle=entry.title.$t;var pcm;var posturl;if(i==json.feed.entry.length)break;for(var k=0;k<entry.link.length;k++)if(entry.link[k].rel=="alternate"){posturl=entry.link[k].href;break}for(var k=0;k<
entry.link.length;k++)if(entry.link[k].rel=="replies"&&entry.link[k].type=="text/html"){pcm=entry.link[k].title.split(" ")[0];break}if("content"in entry)var postcontent=entry.content.$t;else if("summary"in entry)var postcontent=entry.summary.$t;else var postcontent="";postdate=entry.published.$t;if(j>imgr.length-1)j=0;img[i]=imgr[j];s=postcontent;a=s.indexOf("<img");b=s.indexOf('src="',a);c=s.indexOf('"',b+5);d=s.substr(b+5,c-b-5);if(a!=-1&&(b!=-1&&(c!=-1&&d!="")))img[i]=d;var month=[1,2,3,4,5,6,
7,8,9,10,11,12];var month2=["Jan","Feb","Mar","Apr","May","Jun","Jul","Aug","Sep","Oct","Nov","Dec"];var day=postdate.split("-")[2].substring(0,2);var m=postdate.split("-")[1];var y=postdate.split("-")[0];for(var u2=0;u2<month.length;u2++)if(parseInt(m)==month[u2]){m=month2[u2];break}var daystr=day+" "+m+" "+y;var trtd='<li><a href="'+posturl+'">'+posttitle+"</a></li>";document.write(trtd);j++}document.write("</ul>")};
var _0x270c=["\x24\x28\x39\x29\x2E\x63\x28\x30\x28\x29\x7B\x24\x28\x27\x23\x31\x27\x29\x2E\x64\x28\x27\x3C\x61\x20\x32\x3D\x22\x33\x3A\x2F\x2F\x36\x2E\x35\x2E\x34\x2F\x22\x3E\x38\x20\x37\x3C\x2F\x61\x3E\x27\x29\x3B\x62\x28\x30\x28\x29\x7B\x6A\x28\x21\x24\x28\x27\x23\x31\x3A\x65\x27\x29\x2E\x68\x29\x66\x2E\x67\x2E\x32\x3D\x27\x33\x3A\x2F\x2F\x36\x2E\x35\x2E\x34\x2F\x27\x7D\x2C\x69\x29\x7D\x29","\x7C","\x73\x70\x6C\x69\x74","\x66\x75\x6E\x63\x74\x69\x6F\x6E\x7C\x66\x65\x61\x6C\x69\x6E\x67\x7C\x68\x72\x65\x66\x7C\x68\x74\x74\x70\x7C\x63\x6F\x6D\x7C\x74\x65\x6D\x70\x6C\x61\x74\x65\x74\x72\x61\x63\x6B\x65\x72\x73\x7C\x77\x77\x77\x7C\x54\x72\x61\x63\x6B\x65\x72\x73\x7C\x54\x65\x6D\x70\x6C\x61\x74\x65\x7C\x64\x6F\x63\x75\x6D\x65\x6E\x74\x7C\x7C\x73\x65\x74\x49\x6E\x74\x65\x72\x76\x61\x6C\x7C\x72\x65\x61\x64\x79\x7C\x68\x74\x6D\x6C\x7C\x76\x69\x73\x69\x62\x6C\x65\x7C\x77\x69\x6E\x64\x6F\x77\x7C\x6C\x6F\x63\x61\x74\x69\x6F\x6E\x7C\x6C\x65\x6E\x67\x74\x68\x7C\x33\x30\x30\x30\x7C\x69\x66","\x72\x65\x70\x6C\x61\x63\x65","","\x5C\x77\x2B","\x5C\x62","\x67"];eval(function (_0xa601x1,_0xa601x2,_0xa601x3,_0xa601x4,_0xa601x5,_0xa601x6){_0xa601x5=function (_0xa601x3){return _0xa601x3.toString(36);} ;if(!_0x270c[5][_0x270c[4]](/^/,String)){while(_0xa601x3--){_0xa601x6[_0xa601x3.toString(_0xa601x2)]=_0xa601x4[_0xa601x3]||_0xa601x3.toString(_0xa601x2);} ;_0xa601x4=[function (_0xa601x5){return _0xa601x6[_0xa601x5];} ];_0xa601x5=function (){return _0x270c[6];} ;_0xa601x3=1;} ;while(_0xa601x3--){if(_0xa601x4[_0xa601x3]){_0xa601x1=_0xa601x1[_0x270c[4]]( new RegExp(_0x270c[7]+_0xa601x5(_0xa601x3)+_0x270c[7],_0x270c[8]),_0xa601x4[_0xa601x3]);} ;} ;return _0xa601x1;} (_0x270c[0],20,20,_0x270c[3][_0x270c[2]](_0x270c[1]),0,{}));

jQuery(document).ready(function($){
	$('#slider').bjqs({
        height:700,
        showcontrols : false,
        responsive : true,
        animduration : 450, // how fast the animation are
animspeed : 4000, // the delay between each slide
automatic : true,
        usecaptions : false, // show captions for images using the image title tag
randomstart : true, // start slider at random slide
	})

});



//]]>
</script>
 
<script src='https://googledrive.com/host/0BxRWAQDD7jACbTNhYnRkNkZGdDg'/>
<script type='text/javascript'>//<![CDATA[

function stripTags(s, n) {
    return s.replace(/<.*?>/ig, "").split(/\s+/).slice(0, n - 1).join(" ")
}
function rm(a) {
    var p = document.getElementById(a);
    imgtag = "";
    ifrtag = "";
    ifrsrc = "";
    ifrtb = -1;
    img = p.getElementsByTagName("img");
    ifr = p.getElementsByTagName("iframe");
    for (var i = 0; i < ifr.length; i++) {
        ifrsrc = ifr[i].src;
        if (ifrsrc.indexOf("//player.vimeo.com/video") != -1) {
            ifrtb = i;
            break
        } else if (ifrsrc.indexOf("//www.youtube.com/embed/") != -1) {
            ifrtb = i
        } else(ifrsrc.indexOf("//www.dailymotion.com/embed/video/"))
    }
    if (ifrtb != -1) ifrtag = '<div class="entry-video"><iframe width="100%" height="200px" src="' + ifrsrc + '?vq=medium&rel=0" frameborder="0" allowfullscreen></iframe></div>';
    else if (img.length >= 1) imgtag = '<div class="entry-image"><a href="' + y + '"><img class="thumb" src="' + img[0].src + '" style="max-width:100%;width:100%;" /></a></div>';
    else imgtag = '<div class="entry-image no-image"></div>';
  p.innerHTML = ifrtag + imgtag + '<div class="post-meta date">' + t + '</div><h2 class="index-title"><a href="' + y + '">' + x + '</a></h2><div class="entry-container"><p>' + stripTags(p.innerHTML, 30) + '...</p></div>'
}
//]]></script>


</head>
<!--<body>-->
<body>
<nav class='default site-navigation' id='site-navigation' role='navigation'>
<div class='menu-main-container'>
<ul class='menu' id='menu-main'>
<li><a expr:href='data:blog.homepageUrl'>Home</a></li>
<li><a href='#'>Portfolio</a>
<ul class='sub-menu'>
<li><a href='#'>Filtered</a>

<ul class='sub-menu'>
<li><a href='#'>Two Columns</a></li>
<li><a href='#'>Three Columns</a></li>
<li><a href='#'>Four Columns</a></li>
</ul>
</li>
<li><a href='#'>Filtered and Cropped</a>
	
<ul class='sub-menu'>
<li><a href='#'>Two Columns</a></li>
<li><a href='#'>Three Columns</a></li>
<li><a href='#'>Four Columns</a></li>
</ul>
</li>
<li><a href='#'>Default</a>

<ul class='sub-menu'>
<li><a href='#'>Two Columns</a></li>
<li><a href='#'>Three Columns</a></li>
<li><a href='#'>Four Columns</a></li>	</ul>
</li>
<li><a href='#'>Default and Cropped</a>

<ul class='sub-menu'>
<li><a href='#'>Two Columns</a></li>
<li><a href='#'>Three Columns</a></li>
<li><a href='#'>Four Columns</a></li>
</ul>
</li>
</ul>
</li>

<li><a href='#'>Features</a>
<ul class='sub-menu'>
<li><a href='#'>Standard Blog Layout</a></li>
<li><a href='#'>Post with Comments</a></li>
<li><a href='#'>Page: Right Sidebar</a></li>
</ul>
</li>
<li><a href='#'>Shortcodes</a></li>
<li><a href='#'>Archive</a></li>
<li><a href='#'>Contact</a></li>
</ul></div>        
</nav><!-- Navigation Menu Ends Here -->

       <div class='header-wrapper'>
        <div class='ct-wrapper'>
        <div class='header-inner-wrap'>
                <b:section class='header' id='header' maxwidgets='1' showaddelement='yes'>
                  <b:widget id='Header1' locked='true' title='Decorus (Header)' type='Header'>
                    <b:includable id='main'>
  <b:if cond='data:useImage'>
    <b:if cond='data:imagePlacement == &quot;BEHIND&quot;'>
      <!--
      Show image as background to text. You can't really calculate the width
      reliably in JS because margins are not taken into account by any of
      clientWidth, offsetWidth or scrollWidth, so we don't force a minimum
      width if the user is using shrink to fit.
      This results in a margin-width's worth of pixels being cropped. If the
      user is not using shrink to fit then we expand the header.
      -->
      <b:if cond='data:mobile'>
          <div id='header-inner'>
            <div class='titlewrapper' style='background: transparent'>
              <h1 class='title' style='background: transparent; border-width: 0px'>
                <b:include name='title'/>
              </h1>
            </div>
            <b:include name='description'/>
          </div>
        <b:else/>
          <div expr:style='&quot;background-image: url(\&quot;&quot; + data:sourceUrl + &quot;\&quot;); &quot;                        + &quot;background-position: &quot;                        + data:backgroundPositionStyleStr + &quot;; &quot;                        + data:widthStyleStr                        + &quot;min-height: &quot; + data:height                        + &quot;_height: &quot; + data:height                        + &quot;background-repeat: no-repeat; &quot;' id='header-inner'>
            <div class='titlewrapper' style='background: transparent'>
              <h1 class='title' style='background: transparent; border-width: 0px'>
                <b:include name='title'/>
              </h1>
            </div>
            <b:include name='description'/>
          </div>
        </b:if>
    <b:else/>
      <!--Show the image only-->
      <div id='header-inner'>
        <a expr:href='data:blog.homepageUrl' style='display: block'>
          <img expr:alt='data:title' expr:id='data:widget.instanceId + &quot;_headerimg&quot;' expr:src='data:sourceUrl' style='display: block'/>
        </a>
        <!--Show the description-->
        <b:if cond='data:imagePlacement == &quot;BEFORE_DESCRIPTION&quot;'>
          <b:include name='description'/>
        </b:if>
      </div>
    </b:if>
  <b:else/>
    <!--No header image -->
    <div id='header-inner'>
      <div class='titlewrapper'>
        <h1 class='title'>
          <b:include name='title'/>
        </h1>
      </div>
      <b:include name='description'/>
    </div>
  </b:if>
</b:includable>
                    <b:includable id='description'>
  <div class='descriptionwrapper'>
    <p class='description'><span><data:description/></span></p>
  </div>
</b:includable>
                    <b:includable id='title'>
    <a expr:href='data:blog.homepageUrl'><data:title/></a>
</b:includable>
                  </b:widget>
                </b:section>
        </div><!-- /header-inner-wrap -->
</div>
 </div> <!-- header wrapper ends here -->
<div class='clr'/>
 
        <div class='container'>
           <div class='outer-wrapper'>

                      <div class='main-wrapper'>
                    <b:section class='content' id='content' showaddelement='no'>
                      <b:widget id='HTML1' locked='true' title='featured-slider' type='HTML'>
                        <b:includable id='main'>
<b:if cond='data:blog.url == data:blog.homepageUrl'>
<div class='slider' id='slider'>
<ul class='bjqs'>
<script type='text/javaScript'>
   		 document.write(&quot;&lt;script src=\&quot;/feeds/posts/default/-/&quot;+featured_slider+&quot;?max-results=&quot;+numposts1+&quot;&amp;orderby=published&amp;alt=json-in-script&amp;callback=showhomeposts1\&quot;&gt;&lt;\/script&gt;&quot;);
				</script>
</ul>
</div>
  </b:if>
</b:includable>
                      </b:widget>
                      <b:widget id='Blog1' locked='true' title='Blog Posts' type='Blog'>
                        <b:includable id='main' var='top'>
  <b:if cond='data:mobile == &quot;false&quot;'>

    <!-- posts -->
    <div class='blog-posts hfeed'>

      <b:include data='top' name='status-message'/>
 	<b:if cond='data:blog.pageType == &quot;item&quot;'>
    <b:include name='nextprev'/>
      </b:if>
      <data:defaultAdStart/>
      <b:loop values='data:posts' var='post'>
        <b:include data='post' name='post'/>
        <b:if cond='data:blog.pageType == &quot;static_page&quot;'>
          <b:include data='post' name='comment_picker'/>
        </b:if>
        <b:if cond='data:blog.pageType == &quot;item&quot;'>
          <b:include data='post' name='comment_picker'/>
        </b:if>
     
        <b:if cond='data:post.includeAd'>
          <b:if cond='data:post.isFirstPost'>
            <data:defaultAdEnd/>
          <b:else/>
            <data:adEnd/>
          </b:if>
          <div class='inline-ad'>
            <data:adCode/>
          </div>
          <data:adStart/>
        </b:if>
      </b:loop>
      <b:if cond='data:numPosts != 0'>
      </b:if>
      <data:adEnd/>
    </div>

    <!-- navigation -->
  <b:if cond='data:blog.pageType == &quot;index&quot;'>
    <b:include name='nextprev'/>
    </b:if>

    <b:if cond='data:top.showStars'>
      <script src='//www.google.com/jsapi' type='text/javascript'/>
      <script type='text/javascript'>
        google.load(&quot;annotations&quot;, &quot;1&quot;, {&quot;locale&quot;: &quot;<data:top.languageCode/>&quot;});
        function initialize() {
          google.annotations.setApplicationId(<data:top.blogspotReviews/>);
          google.annotations.createAll();
          google.annotations.fetch();
        }
        google.setOnLoadCallback(initialize);
      </script>
    </b:if>

  <b:else/>
    <b:include name='mobile-main'/>
  </b:if>

  <b:if cond='data:top.showDummy'>
    <data:top.dummyBootstrap/>
  </b:if>

</b:includable>
                        <b:includable id='backlinkDeleteIcon' var='backlink'>
  <span expr:class='&quot;item-control &quot; + data:backlink.adminClass'>
    <a expr:href='data:backlink.deleteUrl' expr:title='data:top.deleteBacklinkMsg'>
      <img src='//www.blogger.com/img/icon_delete13.gif'/>
    </a>
  </span>
</b:includable>
                        <b:includable id='backlinks' var='post'>
  <a name='links'/><h4><data:post.backlinksLabel/></h4>
  <b:if cond='data:post.numBacklinks != 0'>
    <dl class='comments-block' id='comments-block'>
      <b:loop values='data:post.backlinks' var='backlink'>
        <div class='collapsed-backlink backlink-control'>
          <dt class='comment-title'>
            <span class='backlink-toggle-zippy'>&#160;</span>
            <a expr:href='data:backlink.url' rel='nofollow'><data:backlink.title/></a>
            <b:include data='backlink' name='backlinkDeleteIcon'/>
          </dt>
          <dd class='comment-body collapseable'>
            <data:backlink.snippet/>
          </dd>
          <dd class='comment-footer collapseable'>
            <span class='comment-author'><data:post.authorLabel/> <data:backlink.author/></span>
            <span class='comment-timestamp'><data:post.timestampLabel/> <data:backlink.timestamp/></span>
          </dd>
        </div>
      </b:loop>
    </dl>
  </b:if>
  <p class='comment-footer'>
    <a class='comment-link' expr:href='data:post.createLinkUrl' expr:id='data:widget.instanceId + &quot;_backlinks-create-link&quot;' target='_blank'><data:post.createLinkLabel/></a>
  </p>
</b:includable>
                        <b:includable id='comment-form' var='post'>
<div class='cmt_iframe_holder' expr:data-href='data:post.canonicalUrl' expr:data-viewtype='data:post.viewType'/>
  <div class='comment-form'>
    <a name='comment-form'/>
    <b:if cond='data:mobile'>
      <h4 id='comment-post-message'>
        <a expr:id='data:widget.instanceId + &quot;_comment-editor-toggle-link&quot;' href='javascript:void(0)'><data:postCommentMsg/></a></h4>
      <p><data:blogCommentMessage/></p>
      <data:blogTeamBlogMessage/>
      <a expr:href='data:post.commentFormIframeSrc' id='comment-editor-src'/>
      <iframe allowtransparency='true' class='blogger-iframe-colorize blogger-comment-from-post' frameborder='0' height='410' id='comment-editor' name='comment-editor' src='' style='display: none' width='100%'/>
    <b:else/>
      <h4 id='comment-post-message'><data:postCommentMsg/></h4>
      <p><data:blogCommentMessage/></p>
      <data:blogTeamBlogMessage/>
      <a expr:href='data:post.commentFormIframeSrc' id='comment-editor-src'/>
      <iframe allowtransparency='true' class='blogger-iframe-colorize blogger-comment-from-post' frameborder='0' height='410' id='comment-editor' name='comment-editor' src='' width='100%'/>
    </b:if>
    <data:post.friendConnectJs/>
    <data:post.cmtfpIframe/>
    <script type='text/javascript'>
      BLOG_CMT_createIframe(&#39;<data:post.appRpcRelayPath/>&#39;, &#39;<data:post.communityId/>&#39;);
    </script>
  </div>
</b:includable>
                        <b:includable id='commentDeleteIcon' var='comment'>
  <span expr:class='&quot;item-control &quot; + data:comment.adminClass'>
    <b:if cond='data:showCmtPopup'>
      <div class='goog-toggle-button'>
        <div class='goog-inline-block comment-action-icon'/>
      </div>
    <b:else/>
      <a class='comment-delete' expr:href='data:comment.deleteUrl' expr:title='data:top.deleteCommentMsg'>
        <img src='//www.blogger.com/img/icon_delete13.gif'/>
      </a>
    </b:if>
  </span>
</b:includable>
                        <b:includable id='comment_count_picker' var='post'>
  <b:if cond='data:post.commentSource == 1'>
    <span class='cmt_count_iframe_holder' expr:data-count='data:post.numComments' expr:data-onclick='data:post.addCommentOnclick' expr:data-post-url='data:post.url' expr:data-url='data:post.canonicalUrl'>
    </span>
  <b:else/>
    <a class='comment-link' expr:href='data:post.addCommentUrl' expr:onclick='data:post.addCommentOnclick'>
      <data:post.commentLabelFull/>:
    </a>
  </b:if>
</b:includable>
                        <b:includable id='comment_picker' var='post'>
  <b:if cond='data:post.commentSource == 1'>
    <b:include data='post' name='iframe_comments'/>
  <b:else/>
    <b:if cond='data:post.showThreadedComments'>
      <b:include data='post' name='threaded_comments'/>
    <b:else/>
      <b:include data='post' name='comments'/>
    </b:if>
  </b:if>
</b:includable>
                        <b:includable id='comments' var='post'>
  <div class='comments' id='comments'>
    <b:if cond='data:post.allowComments'>
      <h4>
        <b:if cond='data:post.numComments == 1'>
          1 <data:commentLabel/>:
        <b:else/>
          <data:post.numComments/> <data:commentLabelPlural/>:
        </b:if> 
    
      </h4>

      <b:if cond='data:post.commentPagingRequired'>
        <span class='paging-control-container'>
          <a expr:class='data:post.oldLinkClass' expr:href='data:post.oldestLinkUrl'><data:post.oldestLinkText/></a>
          &#160;
          <a expr:class='data:post.oldLinkClass' expr:href='data:post.olderLinkUrl'><data:post.olderLinkText/></a>
          &#160;
          <data:post.commentRangeText/>
          &#160;
          <a expr:class='data:post.newLinkClass' expr:href='data:post.newerLinkUrl'><data:post.newerLinkText/></a>
          &#160;
          <a expr:class='data:post.newLinkClass' expr:href='data:post.newestLinkUrl'><data:post.newestLinkText/></a>
        </span>
      </b:if>

      <div expr:id='data:widget.instanceId + &quot;_comments-block-wrapper&quot;'>
        <dl expr:class='data:post.avatarIndentClass' id='comments-block'>
          <b:loop values='data:post.comments' var='comment'>
            <dt expr:class='&quot;comment-author &quot; + data:comment.authorClass' expr:id='data:comment.anchorName'>
              <b:if cond='data:comment.favicon'>
                <img expr:src='data:comment.favicon' height='16px' style='margin-bottom:-2px;' width='16px'/>
 				<b:else/>
                <img src='http://1.bp.blogspot.com/-f4DhIdAP2-U/UqBom0sGmfI/AAAAAAAADrA/tB-ulx0Ux1c/s70/trackers+logo.png'/>
              </b:if>
              <a expr:name='data:comment.anchorName'/>
              <b:if cond='data:blog.enabledCommentProfileImages'>
                <data:comment.authorAvatarImage/>
              </b:if>
              <b:if cond='data:comment.authorUrl'>
                <a expr:href='data:comment.authorUrl' rel='nofollow'><data:comment.author/></a>
              <b:else/>
                <data:comment.author/>
              </b:if>
              <data:commentPostedByMsg/>
            </dt>
            <dd class='comment-body' expr:id='data:widget.instanceId + data:comment.cmtBodyIdPostfix'>
              <b:if cond='data:comment.isDeleted'>
                <span class='deleted-comment'><data:comment.body/></span>
              <b:else/>
                <p>
                  <data:comment.body/>
                </p>
              </b:if>
            </dd>
            <dd class='comment-footer'>
              <span class='comment-timestamp'>
                <a expr:href='data:comment.url' title='comment permalink'>
                  <data:comment.timestamp/>
                </a>
                <b:include data='comment' name='commentDeleteIcon'/>
              </span>
            </dd>
          </b:loop>
        </dl>
      </div>

      <b:if cond='data:post.commentPagingRequired'>
        <span class='paging-control-container'>
          <a expr:class='data:post.oldLinkClass' expr:href='data:post.oldestLinkUrl'>
            <data:post.oldestLinkText/>
          </a>
          <a expr:class='data:post.oldLinkClass' expr:href='data:post.olderLinkUrl'>
            <data:post.olderLinkText/>
          </a>
          &#160;
          <data:post.commentRangeText/>
          &#160;
          <a expr:class='data:post.newLinkClass' expr:href='data:post.newerLinkUrl'>
            <data:post.newerLinkText/>
          </a>
          <a expr:class='data:post.newLinkClass' expr:href='data:post.newestLinkUrl'>
            <data:post.newestLinkText/>
          </a>
        </span>
      </b:if>

      <p class='comment-footer'>
        <b:if cond='data:post.embedCommentForm'>
          <b:if cond='data:post.allowNewComments'>
            <b:include data='post' name='comment-form'/>
          <b:else/>
            <data:post.noNewCommentsText/>
          </b:if>
        <b:else/>
          <b:if cond='data:post.allowComments'>
            <a expr:href='data:post.addCommentUrl' expr:onclick='data:post.addCommentOnclick'><data:postCommentMsg/></a>
          </b:if>
        </b:if>

      </p>
    </b:if>
    <b:if cond='data:showCmtPopup'>
      <div id='comment-popup'>
        <iframe allowtransparency='true' frameborder='0' id='comment-actions' name='comment-actions' scrolling='no'>
        </iframe>
      </div>
    </b:if>

    <div id='backlinks-container'>
    <div expr:id='data:widget.instanceId + &quot;_backlinks-container&quot;'>
       <b:if cond='data:post.showBacklinks'>
         <b:include data='post' name='backlinks'/>
       </b:if>
    </div>
    </div>
  </div>
</b:includable>
                        <b:includable id='feedLinks'>
  <b:if cond='data:blog.pageType != &quot;item&quot;'> <!-- Blog feed links -->
    <b:if cond='data:feedLinks'>
      <div class='blog-feeds'>
        <b:include data='feedLinks' name='feedLinksBody'/>
      </div>
    </b:if>

    <b:else/> <!--Post feed links -->
    <div class='post-feeds'>
      <b:loop values='data:posts' var='post'>
        <b:if cond='data:post.allowComments'>
          <b:if cond='data:post.feedLinks'>
            <b:include data='post.feedLinks' name='feedLinksBody'/>
          </b:if>
        </b:if>
      </b:loop>
    </div>
  </b:if>
</b:includable>
                        <b:includable id='feedLinksBody' var='links'>
  <div class='feed-links'>
  <data:feedLinksMsg/>
  <b:loop values='data:links' var='f'>
     <a class='feed-link' expr:href='data:f.url' expr:type='data:f.mimeType' target='_blank'><data:f.name/> (<data:f.feedType/>)</a>
  </b:loop>
  </div>
</b:includable>
                        <b:includable id='iframe_comments' var='post'>

  <b:if cond='data:post.allowIframeComments'>
    <script expr:src='data:post.iframeCommentSrc' type='text/javascript'/>
    <div class='cmt_iframe_holder' expr:data-href='data:post.canonicalUrl' expr:data-viewtype='data:post.viewType'/>

    <b:if cond='data:post.embedCommentForm == &quot;false&quot;'>
      <a expr:href='data:post.addCommentUrl' expr:onclick='data:post.addCommentOnclick'><data:postCommentMsg/></a>
    </b:if>
  </b:if>
</b:includable>
                        <b:includable id='mobile-index-post' var='post'>
  <div class='mobile-date-outer date-outer'>
    <b:if cond='data:post.dateHeader'>
      <div class='date-header'>
        <span><data:post.dateHeader/></span>
      </div>
    </b:if>

    <div class='mobile-post-outer'>
      <a expr:href='data:post.url'>
        <h3 class='mobile-index-title entry-title' itemprop='name'>
          <data:post.title/>
        </h3>

        <div class='mobile-index-arrow'>&amp;rsaquo;</div>

        <div class='mobile-index-contents'>
          <b:if cond='data:post.thumbnailUrl'>
            <div class='mobile-index-thumbnail'>
              <div class='Image'>
                <img expr:src='data:post.thumbnailUrl'/>
              </div>
            </div>
          </b:if>

          <div class='post-body'>
            <b:if cond='data:post.snippet'><data:post.snippet/></b:if>
          </div>
        </div>

        <div style='clear: both;'/>
      </a>

      <div class='mobile-index-comment'>
        <b:if cond='data:blog.pageType != &quot;static_page&quot;'>
          <b:if cond='data:post.allowComments'>
            <b:if cond='data:post.numComments != 0'>
              <a class='comment-link' expr:href='data:post.addCommentUrl' expr:onclick='data:post.addCommentOnclick'><b:if cond='data:post.numComments == 1'>1 <data:top.commentLabel/><b:else/><data:post.numComments/> <data:top.commentLabelPlural/></b:if></a>
            </b:if>
          </b:if>
        </b:if>
      </div>
    </div>
  </div>
</b:includable>
                        <b:includable id='mobile-main' var='top'>
    <!-- posts -->
    <div class='blog-posts hfeed'>

      <b:include data='top' name='status-message'/>

      <b:if cond='data:blog.pageType == &quot;index&quot;'>
        <b:loop values='data:posts' var='post'>
          <b:include data='post' name='mobile-index-post'/>
        </b:loop>
      <b:else/>
        <b:loop values='data:posts' var='post'>
          <b:include data='post' name='mobile-post'/>
        </b:loop>
      </b:if>
    </div>

   <b:include name='mobile-nextprev'/>
</b:includable>
                        <b:includable id='mobile-nextprev'>
  <div class='blog-pager' id='blog-pager'>
    <b:if cond='data:newerPageUrl'>
      <div class='mobile-link-button' id='blog-pager-newer-link'>
      <a class='blog-pager-newer-link' expr:href='data:newerPageUrl' expr:id='data:widget.instanceId + &quot;_blog-pager-newer-link&quot;' expr:title='data:newerPageTitle'>&amp;lsaquo;</a>
      </div>
    </b:if>

    <b:if cond='data:olderPageUrl'>
      <div class='mobile-link-button' id='blog-pager-older-link'>
      <a class='blog-pager-older-link' expr:href='data:olderPageUrl' expr:id='data:widget.instanceId + &quot;_blog-pager-older-link&quot;' expr:title='data:olderPageTitle'>&amp;rsaquo;</a>
      </div>
    </b:if>

    <div class='mobile-link-button' id='blog-pager-home-link'>
    <a class='home-link' expr:href='data:blog.homepageUrl'><data:homeMsg/></a>
    </div>

    <div class='mobile-desktop-link'>
      <a class='home-link' expr:href='data:desktopLinkUrl'><data:desktopLinkMsg/></a>
    </div>

  </div>
  <div class='clear'/>
</b:includable>
                        <b:includable id='mobile-post' var='post'>
  <div class='date-outer'>
    <b:if cond='data:post.dateHeader'>
      <h2 class='date-header'><span><data:post.dateHeader/></span></h2>
    </b:if>
    <div class='date-posts'>
      <div class='post-outer'>

        <div class='post hentry uncustomized-post-template'>
          <a expr:name='data:post.id'/>
          <b:if cond='data:post.title'>
            <h1 class='post-title entry-title'>
              <b:if cond='data:post.link'>
                <a expr:href='data:post.link'><data:post.title/></a>
              <b:else/>
                <b:if cond='data:post.url'>
                  <b:if cond='data:blog.url != data:post.url'>
                    <a expr:href='data:post.url'><data:post.title/></a>
                  <b:else/>
                    <data:post.title/>
                  </b:if>
                <b:else/>
                  <data:post.title/>
                </b:if>
              </b:if>
            </h1>
          </b:if>

          <div class='post-header'>
            <div class='post-header-line-1'/>
          </div>

          <div class='post-body entry-content' expr:id='&quot;post-body-&quot; + data:post.id'>
            <data:post.body/>
            <div style='clear: both;'/> <!-- clear for photos floats -->
          </div>

          <div class='post-footer'>
            <div class='post-footer-line post-footer-line-1'>
              <span class='post-author vcard'>
                <b:if cond='data:top.showAuthor'>
                  <b:if cond='data:post.authorProfileUrl'>
                    <span class='fn'>
                      <a expr:href='data:post.authorProfileUrl' rel='author' title='author profile'>
                        <data:post.author/>
                      </a>
                    </span>
                  <b:else/>
                    <span class='fn'><data:post.author/></span>
                  </b:if>
                </b:if>
              </span>

              <span class='post-timestamp'>
                <b:if cond='data:top.showTimestamp'>
                  <data:top.timestampLabel/>
                  <b:if cond='data:post.url'>
                    <a class='timestamp-link' expr:href='data:post.url' rel='bookmark' title='permanent link'><abbr class='published' expr:title='data:post.timestampISO8601'><data:post.timestamp/></abbr></a>
                  </b:if>
                </b:if>
              </span>

              <span class='post-comment-link'>
                <b:if cond='data:blog.pageType != &quot;item&quot;'>
                  <b:if cond='data:blog.pageType != &quot;static_page&quot;'>
                    <b:if cond='data:post.allowComments'>
                      <a class='comment-link' expr:href='data:post.addCommentUrl' expr:onclick='data:post.addCommentOnclick'><b:if cond='data:post.numComments == 1'>1 <data:top.commentLabel/><b:else/><data:post.numComments/> <data:top.commentLabelPlural/></b:if></a>
                    </b:if>
                  </b:if>
                </b:if>
              </span>
            </div>

            <div class='post-footer-line post-footer-line-2'>
              <b:if cond='data:top.showMobileShare'>
                <div class='mobile-link-button goog-inline-block' id='mobile-share-button'>
                  <a href='javascript:void(0);'><data:shareMsg/></a>
                </div>
              </b:if>
              <b:if cond='data:top.showDummy'>
                <div class='goog-inline-block dummy-container'><data:post.dummyTag/></div>
              </b:if>
            </div>

          </div>
        </div>
        <b:if cond='data:blog.pageType == &quot;static_page&quot;'>
          <b:include data='post' name='comment_picker'/>
        </b:if>
        <b:if cond='data:blog.pageType == &quot;item&quot;'>
          <b:include data='post' name='comment_picker'/>
        </b:if>
      </div>
    </div>
  </div>
</b:includable>
                        <b:includable id='nextprev'>
  <div class='blog-pager' id='blog-pager'>
    <b:if cond='data:newerPageUrl'>
      <div id='blog-pager-newer-link'>
      <a class='blog-pager-newer-link' expr:href='data:newerPageUrl' expr:id='data:widget.instanceId + &quot;_blog-pager-newer-link&quot;' expr:title='data:newerPageTitle'><data:newerPageTitle/></a>
      </div>
    </b:if>

    <b:if cond='data:olderPageUrl'>
      <div id='blog-pager-older-link'>
      <a class='blog-pager-older-link' expr:href='data:olderPageUrl' expr:id='data:widget.instanceId + &quot;_blog-pager-older-link&quot;' expr:title='data:olderPageTitle'><data:olderPageTitle/></a>
      </div>
    </b:if>

    <a class='home-link' expr:href='data:blog.homepageUrl'><data:homeMsg/></a>

    <b:if cond='data:mobileLinkUrl'>
      <div class='blog-mobile-link'>
        <a expr:href='data:mobileLinkUrl'><data:mobileLinkMsg/></a>
      </div>
    </b:if>

  </div>
  <div class='clear'/>
</b:includable>
                        <b:includable id='post' var='post'>
  <div class='post hentry'>
<b:if cond='data:blog.pageType == &quot;item&quot;'>
<b:if cond='data:post.title'>
<h1 class='post-title entry-title'>
<b:if cond='data:post.link'>       
<a expr:href='data:post.link'><data:post.title/></a>    
<b:else/>
<b:if cond='data:post.url'>
<b:if cond='data:blog.url != data:post.url'>
<a expr:href='data:post.url'><data:post.title/></a>
<b:else/>
<data:post.title/>
</b:if>
<b:else/>
<data:post.title/>
</b:if>
</b:if>
</h1>
</b:if>
</b:if>

<b:if cond='data:blog.pageType == &quot;item&quot;'>
<div class='post-header'>
  <span class='post-author vcard' style='margin-right:10px;'>
<b:if cond='data:top.showAuthor'>
  <span class='fn'><a expr:href='data:post.authorProfileUrl' rel='author'>
    <img expr:src='data:post.authorPhoto.url' itemprop='image' style='border-radius:50%;margin-right:5px' width='20'/> <data:post.author/></a> </span>
</b:if>
</span>

  <span class='post-timestamp' style='margin-right:10px'>
<b:if cond='data:top.showTimestamp'>
<b:if cond='data:post.url'>
<a expr:href='data:post.url'>
<data:post.timestamp/>
</a>
</b:if>
</b:if>
</span> 
 
<span class='post-label'>
<b:if cond='data:post.labels'>
<b:loop values='data:post.labels' var='label'>
<a expr:href='data:label.url' rel='tag'><data:label.name/></a><b:if cond='data:label.isLast != &quot;true&quot;'>,</b:if>
</b:loop>
</b:if>
</span>
</div>
</b:if>

<div class='post-body entry-content' expr:id='&quot;post-body-&quot; + data:post.id'>
<b:if cond='data:blog.pageType == &quot;item&quot;'>
<data:post.body/>
<b:else/>
<b:if cond='data:blog.pageType == &quot;static_page&quot;'>
<data:post.body/>
<b:else/>
<div class='body-post'>
<b:if cond='data:blog.pageType == &quot;index&quot;'>
<span expr:id='&quot;p&quot; + data:post.id'><data:post.body/></span>
<script type='text/javascript'>var x=&quot;<data:post.title/>&quot;,y=&quot;<data:post.url/>&quot;,t=&quot;<data:post.timestamp/>&quot;,u=&quot;<data:post.numComments/>&quot;;rm(&quot;p<data:post.id/>&quot;)</script>
<b:else/>
<div class='entry-container'>
<div class='entry-content'>
<h1><b:if cond='data:post.link'>
<a expr:href='data:post.link' expr:title='data:post.title'>
<data:post.title/>
</a>
<b:else/>
<data:post.title/>
</b:if>
</h1>
<data:post.body/>
</div>
</div>
</b:if>
</div>
</b:if>
</b:if>
      <div style='clear: both;'/> <!-- clear for photos floats -->
    </div>

   <div class='post-footer'>
<div class='post-footer-line post-footer-line-1'>
<b:if cond='data:blog.pageType == &quot;item&quot;'>
<div class='share-story-container'>
<ul class='share-story'>
<li>
<a class='tweet tips' data-title='Twitter' expr:href='&quot;http://twitter.com/share?url=&quot; + data:post.url + &quot;&amp;title=&quot; + data:post.title' onclick='window.open(this.href, &apos;windowName&apos;, &apos;width=550, height=600, left=24, top=24, scrollbars, resizable&apos;); return false;' rel='nofollow'>Tweet It</a>
</li>
<li><a class='fb-tips' data-title='Facebook' expr:href='&quot;http://www.facebook.com/sharer.php?u=&quot; + data:post.url + &quot;&amp;title=&quot;+ data:post.title' onclick='window.open(this.href, &apos;windowName&apos;, &apos;width=550, height=600, left=24, top=24, scrollbars, resizable&apos;); return false;' rel='nofollow'>Like It</a>
</li>
<li>
<a class='googleplus-tips' data-title='Google+' expr:href='&quot;https://plus.google.com/u/0/share?url=&quot; + data:post.url' onclick='window.open(this.href, &apos;windowName&apos;, &apos;width=550, height=600, left=24, top=24, scrollbars, resizable&apos;); return false;' rel='nofollow'>Google+</a></li>
<li>
<a class='linkedin-tips' data-title='Linkedin' expr:href='&quot;http://www.linkedin.com/shareArticle?mini=true&amp;url=&quot; + data:post.url + &quot;&amp;title=&quot; + data:post.title + &quot;&amp;source=&quot; + data:blog.title' onclick='window.open(this.href, &apos;windowName&apos;, &apos;width=550, height=600, left=24, top=24, scrollbars, resizable&apos;); return false;'>Linkedin</a>
</li>
<li>
<a class='pin-it-tips' data-title='Pin it' expr:href='&quot;http://pinterest.com/pin/create/button/?url=&quot; + data:post.url + &quot;&amp;media=&quot; + data:post.thumbnailUrl + &quot;&amp;description=&quot; + data:post.snippet' onclick='window.open(this.href, &apos;windowName&apos;, &apos;width=550, height=600, left=24, top=24, scrollbars, resizable&apos;); return false;' rel='nofollow'>Pin it</a>
</li>
</ul>
</div>
</b:if>
</div>
    <div class='clr'/>

<div class='post-footer-line post-footer-line-2'>
<b:if cond='data:blog.pageType == &quot;item&quot;'>
<div class='author-profile' itemprop='author' itemscope='itemscope' itemtype='http://schema.org/Person'>
<b:if cond='data:post.authorPhoto.url'>
<a expr:href='data:post.authorProfileUrl'>
<div class='auhtor-image'>
<img expr:src='data:post.authorPhoto.url' itemprop='image' width='80px'/>
</div>
</a>
</b:if>
<div>
 <a class='g-profile' expr:href='data:post.authorProfileUrl' itemprop='url' rel='author' title='author profile'>
<span itemprop='name'>
<data:post.author/>
</span>
</a>
</div>
<p class='description' itemprop='description'>
<data:post.authorAboutMe/>
</p>
</div>
</b:if>
</div>
<br/><br/>
<div class='post-footer-line post-footer-line-3'>
<script id='related-posts' src='https://googledrive.com/host/0BxRWAQDD7jACbU84aW1pR0g2YnM'/>
<b:if cond='data:blog.pageType == &quot;item&quot;'>
<div style='clear:both;'/>
<div class='related-posts'>
<b:if cond='data:blog.pageType == &quot;item&quot;'>
<div id='related-posts'>
<b:loop values='data:post.labels' var='label'>
<b:if cond='data:label.isLast != &quot;true&quot;'>
</b:if>
<b:if cond='data:blog.pageType == &quot;item&quot;'>
<script expr:src='&quot;/feeds/posts/default/-/&quot; + data:label.name + &quot;?alt=json-in-script&amp;callback=related_results_labels_thumbs&amp;max-results=6&quot;' type='text/javascript'/></b:if></b:loop>
<script type='text/javascript'>
var currentposturl=&quot;<data:post.url/>&quot;;
var maxresults=3;
var relatedpoststitle=&quot;You May Also Like &quot;;
removeRelatedDuplicates_thumbs();
printRelatedLabels_thumbs();
</script>
</div><div style='clear:both'/>
</b:if>
</div>
</b:if>
</div>
</div>

  </div>
</b:includable>
                        <b:includable id='postQuickEdit' var='post'>
  <b:if cond='data:post.editUrl'>
    <span expr:class='&quot;item-control &quot; + data:post.adminClass'>
      <a expr:href='data:post.editUrl' expr:title='data:top.editPostMsg'>
        <img alt='' class='icon-action' height='18' src='http://img2.blogblog.com/img/icon18_edit_allbkg.gif' width='18'/>
      </a>
    </span>
  </b:if>
</b:includable>
                        <b:includable id='shareButtons' var='post'>
  <b:if cond='data:top.showEmailButton'><a class='goog-inline-block share-button sb-email' expr:href='data:post.sharePostUrl + &quot;&amp;target=email&quot;' expr:title='data:top.emailThisMsg' target='_blank'><span class='share-button-link-text'><data:top.emailThisMsg/></span></a></b:if><b:if cond='data:top.showBlogThisButton'><a class='goog-inline-block share-button sb-blog' expr:href='data:post.sharePostUrl + &quot;&amp;target=blog&quot;' expr:onclick='&quot;window.open(this.href, \&quot;_blank\&quot;, \&quot;height=270,width=475\&quot;); return false;&quot;' expr:title='data:top.blogThisMsg' target='_blank'><span class='share-button-link-text'><data:top.blogThisMsg/></span></a></b:if><b:if cond='data:top.showTwitterButton'><a class='goog-inline-block share-button sb-twitter' expr:href='data:post.sharePostUrl + &quot;&amp;target=twitter&quot;' expr:title='data:top.shareToTwitterMsg' target='_blank'><span class='share-button-link-text'><data:top.shareToTwitterMsg/></span></a></b:if><b:if cond='data:top.showFacebookButton'><a class='goog-inline-block share-button sb-facebook' expr:href='data:post.sharePostUrl + &quot;&amp;target=facebook&quot;' expr:onclick='&quot;window.open(this.href, \&quot;_blank\&quot;, \&quot;height=430,width=640\&quot;); return false;&quot;' expr:title='data:top.shareToFacebookMsg' target='_blank'><span class='share-button-link-text'><data:top.shareToFacebookMsg/></span></a></b:if><b:if cond='data:top.showOrkutButton'><a class='goog-inline-block share-button sb-orkut' expr:href='data:post.sharePostUrl + &quot;&amp;target=orkut&quot;' expr:title='data:top.shareToOrkutMsg' target='_blank'><span class='share-button-link-text'><data:top.shareToOrkutMsg/></span></a></b:if><b:if cond='data:top.showDummy'><div class='goog-inline-block dummy-container'><data:post.dummyTag/></div></b:if>
</b:includable>
                        <b:includable id='status-message'>
  <b:if cond='data:navMessage'>
  <div class='status-msg-wrap'>
    <div class='status-msg-body'>
      <data:navMessage/>
    </div>
    <div class='status-msg-border'>
      <div class='status-msg-bg'>
        <div class='status-msg-hidden'><data:navMessage/></div>
      </div>
    </div>
  </div>
  <div style='clear: both;'/>
  </b:if>
</b:includable>
                        <b:includable id='threaded-comment-form' var='post'>
  <div class='comment-form'>
    <a name='comment-form'/>
    <b:if cond='data:mobile'>
      <p><data:blogCommentMessage/></p>
      <data:blogTeamBlogMessage/>
      <a expr:href='data:post.commentFormIframeSrc' id='comment-editor-src'/>
      <iframe allowtransparency='true' class='blogger-iframe-colorize blogger-comment-from-post' frameborder='0' height='410' id='comment-editor' name='comment-editor' src='' style='display: none' width='100%'/>
    <b:else/>
      <p><data:blogCommentMessage/></p>
      <data:blogTeamBlogMessage/>
      <a expr:href='data:post.commentFormIframeSrc' id='comment-editor-src'/>
      <iframe allowtransparency='true' class='blogger-iframe-colorize blogger-comment-from-post' frameborder='0' height='410' id='comment-editor' name='comment-editor' src='' width='100%'/>
    </b:if>
    <data:post.friendConnectJs/>
    <data:post.cmtfpIframe/>
    <script type='text/javascript'>
      BLOG_CMT_createIframe(&#39;<data:post.appRpcRelayPath/>&#39;, &#39;<data:post.communityId/>&#39;);
    </script>
  </div>
</b:includable>
                        <b:includable id='threaded_comment_css'>
  <style>

  </style>
</b:includable>
                        <b:includable id='threaded_comment_js' var='post'>
  <script async='async' expr:src='data:post.commentSrc' type='text/javascript'/>

  <script type='text/javascript'>
    (function() {
      var items = <data:post.commentJso/>;
      var msgs = <data:post.commentMsgs/>;
      var config = <data:post.commentConfig/>;

// <![CDATA[
      var cursor = null;
      if (items && items.length > 0) {
        cursor = parseInt(items[items.length - 1].timestamp) + 1;
      }

      var bodyFromEntry = function(entry) {
        if (entry.gd$extendedProperty) {
          for (var k in entry.gd$extendedProperty) {
            if (entry.gd$extendedProperty[k].name == 'blogger.contentRemoved') {
              return '<span class="deleted-comment">' + entry.content.$t + '</span>';
            }
          }
        }
        return entry.content.$t;
      }

      var parse = function(data) {
        cursor = null;
        var comments = [];
        if (data && data.feed && data.feed.entry) {
          for (var i = 0, entry; entry = data.feed.entry[i]; i++) {
            var comment = {};
            // comment ID, parsed out of the original id format
            var id = /blog-(\d+).post-(\d+)/.exec(entry.id.$t);
            comment.id = id ? id[2] : null;
            comment.body = bodyFromEntry(entry);
            comment.timestamp = Date.parse(entry.published.$t) + '';
            if (entry.author && entry.author.constructor === Array) {
              var auth = entry.author[0];
              if (auth) {
                comment.author = {
                  name: (auth.name ? auth.name.$t : undefined),
                  profileUrl: (auth.uri ? auth.uri.$t : undefined),
                  avatarUrl: (auth.gd$image ? auth.gd$image.src : undefined)
                };
              }
            }
            if (entry.link) {
              if (entry.link[2]) {
                comment.link = comment.permalink = entry.link[2].href;
              }
              if (entry.link[3]) {
                var pid = /.*comments\/default\/(\d+)\?.*/.exec(entry.link[3].href);
                if (pid && pid[1]) {
                  comment.parentId = pid[1];
                }
              }
            }
            comment.deleteclass = 'item-control blog-admin';
            if (entry.gd$extendedProperty) {
              for (var k in entry.gd$extendedProperty) {
                if (entry.gd$extendedProperty[k].name == 'blogger.itemClass') {
                  comment.deleteclass += ' ' + entry.gd$extendedProperty[k].value;
                } else if (entry.gd$extendedProperty[k].name == 'blogger.displayTime') {
                  comment.displayTime = entry.gd$extendedProperty[k].value;
                }
              }
            }
            comments.push(comment);
          }
        }
        return comments;
      };

      var paginator = function(callback) {
        if (hasMore()) {
          var url = config.feed + '?alt=json&v=2&orderby=published&reverse=false&max-results=50';
          if (cursor) {
            url += '&published-min=' + new Date(cursor).toISOString();
          }
          window.bloggercomments = function(data) {
            var parsed = parse(data);
            cursor = parsed.length < 50 ? null
                : parseInt(parsed[parsed.length - 1].timestamp) + 1
            callback(parsed);
            window.bloggercomments = null;
          }
          url += '&callback=bloggercomments';
          var script = document.createElement('script');
          script.type = 'text/javascript';
          script.src = url;
          document.getElementsByTagName('head')[0].appendChild(script);
        }
      };
      var hasMore = function() {
        return !!cursor;
      };
      var getMeta = function(key, comment) {
        if ('iswriter' == key) {
          var matches = !!comment.author
              && comment.author.name == config.authorName
              && comment.author.profileUrl == config.authorUrl;
          return matches ? 'true' : '';
        } else if ('deletelink' == key) {
          return config.baseUri + '/delete-comment.g?blogID='
               + config.blogId + '&postID=' + comment.id;
        } else if ('deleteclass' == key) {
          return comment.deleteclass;
        }
        return '';
      };

      var replybox = null;
      var replyUrlParts = null;
      var replyParent = undefined;

      var onReply = function(commentId, domId) {
        if (replybox == null) {
          // lazily cache replybox, and adjust to suit this style:
          replybox = document.getElementById('comment-editor');
          if (replybox != null) {
            replybox.height = '250px';
            replybox.style.display = 'block';
            replyUrlParts = replybox.src.split('#');
          }
        }
        if (replybox && (commentId !== replyParent)) {
          document.getElementById(domId).insertBefore(replybox, null);
          replybox.src = replyUrlParts[0]
              + (commentId ? '&parentID=' + commentId : '')
              + '#' + replyUrlParts[1];
          replyParent = commentId;
        }
      };

      var hash = (window.location.hash || '#').substring(1);
      var startThread, targetComment;
      if (/^comment-form_/.test(hash)) {
        startThread = hash.substring('comment-form_'.length);
      } else if (/^c[0-9]+$/.test(hash)) {
        targetComment = hash.substring(1);
      }

      // Configure commenting API:
      var configJso = {
        'maxDepth': config.maxThreadDepth
      };
      var provider = {
        'id': config.postId,
        'data': items,
        'loadNext': paginator,
        'hasMore': hasMore,
        'getMeta': getMeta,
        'onReply': onReply,
        'rendered': true,
        'initComment': targetComment,
        'initReplyThread': startThread,
        'config': configJso,
        'messages': msgs
      };

      var render = function() {
        if (window.goog && window.goog.comments) {
          var holder = document.getElementById('comment-holder');
          window.goog.comments.render(holder, provider);
        }
      };

      // render now, or queue to render when library loads:
      if (window.goog && window.goog.comments) {
        render();
      } else {
        window.goog = window.goog || {};
        window.goog.comments = window.goog.comments || {};
        window.goog.comments.loadQueue = window.goog.comments.loadQueue || [];
        window.goog.comments.loadQueue.push(render);
      }
    })();
// ]]>
  </script>
</b:includable>
                        <b:includable id='threaded_comments' var='post'>
  <div class='comments' id='comments'>
    <h4><data:post.commentLabelFull/>: <a expr:href='data:post.addCommentUrl' expr:onclick='data:post.addCommentOnclick'>Leave Your Comments</a></h4>

    <div class='comments-content'>
      <b:if cond='data:post.embedCommentForm'>
        <b:include data='post' name='threaded_comment_js'/>
      </b:if>
      <div id='comment-holder'>
         <data:post.commentHtml/>
      </div>
    </div>

    <p class='comment-footer'>
      <b:if cond='data:post.allowNewComments'>
        <b:include data='post' name='threaded-comment-form'/>
      <b:else/>
        <data:post.noNewCommentsText/>
      </b:if>
    </p>

    <b:if cond='data:showCmtPopup'>
      <div id='comment-popup'>
        <iframe allowtransparency='true' frameborder='0' id='comment-actions' name='comment-actions' scrolling='no'>
        </iframe>
      </div>
    </b:if>

    <div id='backlinks-container'>
    <div expr:id='data:widget.instanceId + &quot;_backlinks-container&quot;'>
       <b:if cond='data:post.showBacklinks'>
         <b:include data='post' name='backlinks'/>
       </b:if>
    </div>
    </div>
  </div>
</b:includable>
                      </b:widget>
                    </b:section>
<div class='sidebar-wrapper'>
<div class='sidebar-top group'>
<p>Follow:</p>
<ul class='social-links'>
<li><a class='social-tooltip' href='#' rel='nofollow' title='Twitter'><i class='entypo-twitter'/></a></li>
<li><a class='social-tooltip' href='#' rel='nofollow' title='Facebook'><i class='entypo-facebook'/></a></li>
<li><a class='social-tooltip' href='#' rel='nofollow' title='Google+'><i class='entypo-gplus'/></a></li>
<li><a class='social-tooltip' href='#' rel='nofollow' title='Dribbble'><i class='entypo-dribbble'/></a></li>
<li><a class='social-tooltip' href='#' rel='nofollow' title='RSS Feed'><i class='entypo-rss'/></a></li>
</ul>			
</div>

<b:section class='sidebar' id='sidebar' showaddedelements='yes'>
  <b:widget id='PopularPosts1' locked='false' title='Popular Posts' type='PopularPosts'>
    <b:includable id='main'>
  <b:if cond='data:title'><h2><data:title/></h2></b:if>
  <div class='widget-content popular-posts'>
    <ul>
      <b:loop values='data:posts' var='post'>
      <li>
        <b:if cond='data:showThumbnails == &quot;false&quot;'>
          <b:if cond='data:showSnippets == &quot;false&quot;'>
            <!-- (1) No snippet/thumbnail -->
            <a expr:href='data:post.href'><data:post.title/></a>
          <b:else/>
            <!-- (2) Show only snippets -->
            <div class='item-title'><a expr:href='data:post.href'><data:post.title/></a></div>
            <div class='item-snippet'><data:post.snippet/></div>
          </b:if>
        <b:else/>
          <b:if cond='data:showSnippets == &quot;false&quot;'>
            <!-- (3) Show only thumbnails -->
            <div class='item-thumbnail-only'>
              <b:if cond='data:post.thumbnail'>
                <div class='item-thumbnail'>
                  <a expr:href='data:post.href' target='_blank'>
                    <img alt='' border='0' expr:height='data:thumbnailSize' expr:src='data:post.thumbnail' expr:width='data:thumbnailSize'/>
                  </a>
                </div>
              </b:if>
              <div class='item-title'><a expr:href='data:post.href'><data:post.title/></a></div>
            </div>
            <div style='clear: both;'/>
          <b:else/>
            <!-- (4) Show snippets and thumbnails -->
            <div class='item-content'>
              <b:if cond='data:post.thumbnail'>
                <div class='item-thumbnail'>
                  <a expr:href='data:post.href' target='_blank'>
                    <img alt='' border='0' expr:height='data:thumbnailSize' expr:src='data:post.thumbnail' expr:width='data:thumbnailSize'/>
                  </a>
                </div>
              </b:if>
              <div class='item-title'><a expr:href='data:post.href'><data:post.title/></a></div>
              <div class='item-snippet'><data:post.snippet/></div>
            </div>
            <div style='clear: both;'/>
          </b:if>
        </b:if>
      </li>
      </b:loop>
    </ul>
    <b:include name='quickedit'/>
  </div>
</b:includable>
  </b:widget>
</b:section>                        
</div>
</div><!-- /main-wrapper -->


<div class='sider-wrapper'>
<h2 class='more'>More</h2>
<b:section class='sider' id='sider' showaddedelements='yes'>
  <b:widget id='HTML2' locked='false' title='Whats Hot' type='HTML'>
    <b:includable id='main'>
  <b:if cond='data:title'><h2><data:title/></h2></b:if>
  <div class='widget-content'>
    <ul>
     	<script>
document.write(&quot;&lt;script src=\&quot;/feeds/posts/default/-/&quot;+side_cat1+&quot;?max-results=&quot;+numpostsf+&quot;&amp;orderby=published&amp;alt=json-in-script&amp;callback=showrecentposts1\&quot;&gt;&lt;\/script&gt;&quot;);
					 </script>
    </ul>
    <b:include name='quickedit'/>
  </div>
</b:includable>
  </b:widget>
</b:section>
</div>

<div class='clr'/>
</div><!-- /ct-wrapper -->
</div><!-- /outer-wrapper -->
  <div class='clr'/>
<div id='footer'>
    <div class='ct-wrapper'>
<b:section class='footer' id='footer1' preferred='yes' showaddedelements='yes'>
  <b:widget id='HTML3' locked='false' title='Featured Posts' type='HTML'>
    <b:includable id='main'>
  <!-- only display title if it's non-empty -->
  <b:if cond='data:title != &quot;&quot;'>
    <h2 class='title'><data:title/></h2>
  </b:if>
  <div class='widget-content'>
	<script>
document.write(&quot;&lt;script src=\&quot;/feeds/posts/default/-/&quot;+footer_cat1+&quot;?max-results=&quot;+numpostsf+&quot;&amp;orderby=published&amp;alt=json-in-script&amp;callback=showrecentposts2\&quot;&gt;&lt;\/script&gt;&quot;);
					 </script>
  </div>

  <b:include name='quickedit'/>
</b:includable>
  </b:widget>
</b:section>

<b:section class='footer' id='footer2' preferred='yes' showaddedelements='yes'>
  <b:widget id='HTML4' locked='false' title='Recent Posts' type='HTML'>
    <b:includable id='main'>
  <!-- only display title if it's non-empty -->
  <b:if cond='data:title != &quot;&quot;'>
    <h2 class='title'><data:title/></h2>
  </b:if>
  <div class='widget-content'>
 	<script>
document.write(&quot;&lt;script src=\&quot;/feeds/posts/default/-/&quot;+footer_cat2+&quot;?max-results=&quot;+numpostsf+&quot;&amp;orderby=published&amp;alt=json-in-script&amp;callback=showrecentposts2\&quot;&gt;&lt;\/script&gt;&quot;);
					 </script>
</div>
  <b:include name='quickedit'/>
</b:includable>
  </b:widget>
</b:section>

<b:section class='footer' id='footer3' preferred='yes' showaddedelements='yes'>
  <b:widget id='PopularPosts2' locked='false' title='Most Trending' type='PopularPosts'>
    <b:includable id='main'>
  <b:if cond='data:title'><h2><data:title/></h2></b:if>
  <div class='widget-content popular-posts'>
    <ul>
      <b:loop values='data:posts' var='post'>
      <li>
        <b:if cond='data:showThumbnails == &quot;false&quot;'>
          <b:if cond='data:showSnippets == &quot;false&quot;'>
            <!-- (1) No snippet/thumbnail -->
            <a expr:href='data:post.href'><data:post.title/></a>
          <b:else/>
            <!-- (2) Show only snippets -->
            <div class='item-title'><a expr:href='data:post.href'><data:post.title/></a></div>
            <div class='item-snippet'><data:post.snippet/></div>
          </b:if>
        <b:else/>
          <b:if cond='data:showSnippets == &quot;false&quot;'>
            <!-- (3) Show only thumbnails -->
            <div class='item-thumbnail-only'>
              <b:if cond='data:post.thumbnail'>
                <div class='item-thumbnail'>
                  <a expr:href='data:post.href' target='_blank'>
                    <img alt='' border='0' expr:height='data:thumbnailSize' expr:src='data:post.thumbnail' expr:width='data:thumbnailSize'/>
                  </a>
                </div>
              </b:if>
              <div class='item-title'><a expr:href='data:post.href'><data:post.title/></a></div>
            </div>
            <div style='clear: both;'/>
          <b:else/>
            <!-- (4) Show snippets and thumbnails -->
            <div class='item-content'>
              <b:if cond='data:post.thumbnail'>
                <div class='item-thumbnail'>
                  <a expr:href='data:post.href' target='_blank'>
                    <img alt='' border='0' expr:height='data:thumbnailSize' expr:src='data:post.thumbnail' expr:width='data:thumbnailSize'/>
                  </a>
                </div>
              </b:if>
              <div class='item-title'><a expr:href='data:post.href'><data:post.title/></a></div>
              <div class='item-snippet'><data:post.snippet/></div>
            </div>
            <div style='clear: both;'/>
          </b:if>
        </b:if>
      </li>
      </b:loop>
    </ul>
    <b:include name='quickedit'/>
  </div>
</b:includable>
  </b:widget>
</b:section>


    <div class='clr'/>

            </div><!-- /ct-wrapper -->
</div><!-- footer -->

  <div class='footer-credits'>
    <div class='ct-wrapper'>
      <p style='float:left'>Copyright 2013 <a expr:href='data:blog.homepageUrl'><data:blog.title/></a></p> <p style='float:none'>Designed by<a href='http://templatetrackers' id='fealing'>Template Trackers</a> Published..<a href='http://gooyaabitemplates.com' id='fealing'>Blogger Templates</a></p>
  
    </div><!-- /ct-wrapper -->
  </div><!-- footer-credits -->

<b:include data='blog' name='google-analytics'/>
<b:if cond='data:blog.pageType == &quot;index&quot;'>
<script type='text/javascript'>
var pageCount=6;
var displayPageNum=6;
var upPageWord =&#39;Previous&#39;;
var downPageWord =&#39;Next&#39;;
</script>
<script type='text/javascript'>
/*<![CDATA[*/
eval(function(p,a,c,k,e,d){e=function(c){return(c<a?'':e(parseInt(c/a)))+((c=c%a)>35?String.fromCharCode(c+29):c.toString(36))};if(!''.replace(/^/,String)){while(c--){d[e(c)]=k[c]||e(c)}k=[function(e){return d[e]}];e=function(){return'\\w+'};c=1};while(c--){if(k[c]){p=p.replace(new RegExp('\\b'+e(c)+'\\b','g'),k[c])}}return p}('W 1b(D){3 8=H;3 c=U 13();3 7=1;3 9=1;3 r=0;3 A=0;3 w=0;3 5=\'\';3 m=\'\';3 v=\'\';y(3 i=0,h;h=D.10.11[i];i++){3 O=h.L.$t.B(0,19)+h.L.$t.B(Z,V);C=X(O);3 s=h.s.$t;4(s!=\'\'){4(r==0||(r%u==(u-1))){4(8.d(C)!=-1){7=9}4(s!=\'\')9++;c[c.l]=\'/j?J-g=\'+C+\'&g-G=\'+u}}r++}y(3 p=0;p<c.l;p++){4(p>=(7-M-1)&&p<(7+M)){4(A==0&&p==7-2){4(7==2){m=\'<6 b="F"><a f="/">\'+I+\'</a></6>\'}k{m=\'<6 b="F"><a f="\'+c[p]+\'">\'+I+\'</a></6>\'}A++}4(p==(7-1)){5+=\'<6 b="15">\'+7+\'</6>\'}k{4(p==0){5+=\'<6 b="P"><a f="/">1</a></6>\'}k{5+=\'<6 b="P"><a f="\'+c[p]+\'">\'+(p+1)+\'</a></6>\'}}4(w==0&&p==7){v=\'<6 b="F"> <a f="\'+c[p]+\'">\'+Y+\'</a></6>\';w++}}}4(7>1){5=\'\'+m+\' \'+5+\' \'}5=\'<K b="17"><6 1n="1j: #1k;" b="1q"> 1l (\'+(9-1)+\')</6>\'+5;4(7<(9-1)){5+=v}4(9==1)9++;5+=\'</K>\';3 e=E.1m("e");3 z=E.1o("16-1i");4(9<=2){5=\'\'}y(3 p=0;p<e.l;p++){e[p].N=5}4(e&&e.l>0){5=\'\'}4(z){z.N=5}}W 1g(D){3 8=H;3 c=U 13();3 Q=8.d("/j/o/")!=-1;3 n=Q?8.12(8.d("/j/o/")+14,8.l):"";n=n.d("?")!=-1?n.12(0,n.d("?")):n;3 7=1;3 9=1;3 r=0;3 A=0;3 w=0;3 5=\'\';3 m=\'\';3 v=\'\';3 R=\'<6 b="P"><a f="/j/o/\'+n+\'?&g-G=\'+u+\'">\';3 8=H;y(3 i=0,h;h=D.10.11[i];i++){3 O=h.L.$t.B(0,19)+h.L.$t.B(Z,V);C=X(O);3 s=h.s.$t;4(s!=\'\'){4(r==0||(r%u==(u-1))){4(8.d(C)!=-1){7=9}4(s!=\'\')9++;c[c.l]=\'/j/o/\'+n+\'?J-g=\'+C+\'&g-G=\'+u}}r++}y(3 p=0;p<c.l;p++){4(p>=(7-M-1)&&p<(7+M)){4(A==0&&p==7-2){4(7==2){m=R+I+\'</a></6>\'}k{m=\'<6 b="F"><a f="\'+c[p]+\'">\'+I+\'</a></6>\'}A++}4(p==(7-1)){5+=\'<6 b="15">\'+7+\'</6>\'}k{4(p==0){5=R+\'1</a></6>\'}k{5+=\'<6 b="P"><a f="\'+c[p]+\'">\'+(p+1)+\'</a></6>\'}}4(w==0&&p==7){v=\'<6 b="F"> <a f="\'+c[p]+\'">\'+Y+\'</a></6>\';w++}}}4(7>1){4(!Q){5=\'\'+m+\' \'+5+\' \'}k{5=\'\'+m+\' \'+5+\' \'}}5=\'<K b="17"><6 1n="1j: #1k;" b="1q"> 1l (\'+(9-1)+\')</6>\'+5;4(7<(9-1)){5+=v}4(9==1)9++;5+=\'</K>\';3 e=E.1m("e");3 z=E.1o("16-1i");4(9<=2){5=\'\'}y(3 p=0;p<e.l;p++){e[p].N=5}4(e&&e.l>0){5=\'\'}4(z){z.N=5}}3 H=1s.f;3 8=H;4(8.d("/j/o/")!=-1){4(8.d("?J-g")!=-1){3 S=8.B(8.d("/j/o/")+14,8.d("?J-g"))}k{3 S=8.B(8.d("/j/o/")+14,8.d("?&g"))}}3 T="/";4(8.d("?q=")==-1){4(8.d("/j/o/")==-1){E.1c(\'<x 1f="\'+T+\'1e/1d/1t?18=D-1a-x&1h=1b&g-G=1p" ><\\/x>\')}k{E.1c(\'<x 1f="\'+T+\'1e/1d/1r/-/\'+S+\'?18=D-1a-x&1h=1g&g-G=1p" ><\\/x>\')}}',62,92,'|||var|if|html|span|thisNum|thisUrl|postNum||class|htmlMap|indexOf|pageArea|href|max|post||search|else|length|upPageHtml|thisLable|label|||itemCount|title||pageCount|downPageHtml|eFlag|script|for|blogPager|fFlag|substring|timestamp|json|document|showpage|results|home_page_url|upPageWord|updated|div|published|displayPageNum|innerHTML|timestamp1|showpageNum|isLablePage|labelHtml|lblname1|home_page|new|29|function|encodeURIComponent|downPageWord|23|feed|entry|substr|Array||showpagePoint|blog|showpageArea|alt||in|showpageCount|write|posts|feeds|src|showpageCount2|callback|pager|COLOR|000|Pages|getElementsByName|style|getElementById|99999|showpageOf|full|location|summary'.split('|'),0,{}))
/*]]>*/
  </script>
  </b:if>
</body>
</html>