<?xml version="1.0" encoding="UTF-8" ?>
<!DOCTYPE html PUBLIC "-//W3C//DTD XHTML 1.0 Strict//EN" "http://www.w3.org/TR/xhtml1/DTD/xhtml1-strict.dtd">
<html expr:dir='data:blog.languageDirection' xmlns='http://www.w3.org/1999/xhtml' xmlns:b='http://www.google.com/2005/gml/b' xmlns:data='http://www.google.com/2005/gml/data' xmlns:expr='http://www.google.com/2005/gml/expr'>
  <head>
<b:if cond='data:blog.pageType == &quot;item&quot;'>
<title><data:blog.pageName/> | <data:blog.title/></title>
<b:else/>
<title><data:blog.pageTitle/></title></b:if>

<b:if cond='data:blog.pageType == &quot;index&quot;'>
<meta expr:content='data:blog.pageTitle + &quot; , YOUR_DESCRIPTION_BLOG_HERE&quot;' name='description'/>
<meta expr:content='data:blog.pageTitle + &quot;, YOUR_KEYWORD_BLOG_HERE&quot;' name='keywords'/>
</b:if> 
    <b:skin><![CDATA[/*
-----------------------------------------------
Blogger Template Style
Based Template : Minima
Name Template  : Press Magajah Template
Author         : Ireng Ajah
Url            : http://freetemplate-ajah.blogspot.com/
Date           : 22 July 2010

License : This template is FREE LICENSE. You are allowed modify this template as you want. A great reblogger is a blogger who respect and appreciate Blogger Template Maker with does not change and remove the credit link.

Find more New Free Blogger Template Everyday at http://www.dhetemplate.com/
----------------------------------------------- */

#navbar-iframe{
  display:none!important;
}

body{
  background: #fdfaf3;
  color:#4d4836;
  font:14px times new roman, serif;
  text-align:left;
  margin:0;
  line-height:1.5em;
}

a:link{
  color:#084eae;
  text-decoration:none;
}

a:visited{
  color:#426fad;
  text-decoration:underline;
}

a:hover{
  color:#084eae;
  text-decoration:underline;
}

a img{
  border-width:0;
}

#topnav {
  width: 960px;
  margin: 10px auto;
  height: 25px;
}

.topmenu {
  width: 680px;
  overflow: hidden;
  float: left;
  margin: 0;
  padding: 0;
  height: 25px;
}

.topmenu ul, .menu ul{
  margin: 0;
  padding: 0;
  list-style-type: none;
}

.topmenu li{
  display: inline;
  margin: 0;
}

.topmenu li a{
  font: bold 16px serif, georgia;
  float: left;
  padding: 0;
  display: block;
  text-decoration: none;
  padding: 3px 8px; /*padding inside each tab*/
  color:#785508;
  text-transform:uppercase;
}

.topmenu li a:hover, .menu li.selected a, .topmenu li a:visited{
  color:#b47c0c;
}

.socialize li a { 
  padding-left:40px; 
}

.toprss { 
  background:url(http://2.bp.blogspot.com/_aAjcAMHOGT4/TElOFCUKlhI/AAAAAAAADkQ/95nYV2DkXGg/s1600/rss.png) no-repeat 5px 5px; 
}

.toptwitter { 
background:url(http://3.bp.blogspot.com/_aAjcAMHOGT4/TElOFg_dzKI/AAAAAAAADkY/-Z4N-6edMe8/s1600/twitter.png) no-repeat 5px 5px; 
}

.topfacebook { 
background:url(http://3.bp.blogspot.com/_aAjcAMHOGT4/TElOEwEc4mI/AAAAAAAADkI/n5BbLip5gws/s1600/facebook.png) no-repeat 5px 5px; 
}

#search {
  .width:265px; /* IE7 */
  float:right;
  height: 25px;
  margin-right:10px;
  padding: 0;
}

#search form {
  margin: 0;
  padding: 12px 0px 0 0;
}

#search fieldset {
  margin: 0;
  padding: 0;
  border: none;
}

#search input {
  float: left;
  font: 12px Georgia, Serif;
}

#search-text {
  background:#f4f1ea;
  width: 180px;
  height: 19px;
  padding: 3px 0 3px 5px;
  border: none;
  color: #15100d;
}

#search-submit {
  background:#c7c1b3;
  margin-left: 10px;
  padding: 4px 4px;
  border: none;
  color: #15100d;
}

#header-wrapper{
  width:960px;
  height:100px;
  margin:0 auto 10px;
  padding:0;
}

#header-inner {
  background-position: left;
  margin: 0 auto;
}

#header {
  float:left;
  width:470px; 
  margin-left:10px;
  text-align: left;
}

#header h1 {
  font: 34px Georgia, Serif, Times New Roman;
  font-weight:bold;
  margin:0;
  padding:10px 0 0 0;
  color:#785508;
  line-height:1.0em;
  text-transform:uppercase;
}

#header a {
  color:#785508;
  text-decoration:none;
}

#header a:hover{
  color:#b47c0c;
}

#header .description{
  width:470px; 
  letter-spacing:.1em;
  font:14px Times New Roman, Georgia, Serif;
  font-weight:bold;
  color:#b47c0c;
  margin:0;
  padding:0 0 10px 0;
  text-transform:none;
}

#header_right{
  width:470px;
  float:right;
  margin:0 auto;
  padding:10px 0 0 0;
}

#header img{
  margin:0 auto;
}

.menu{
  height:35px;
  margin:0 10px 5px 10px;
  padding:0;
  border-top: 1px solid #eae6db;
  border-bottom: 1px solid #eae6db;
}

.menu ul li{
  height:35px;
  line-height:35px;
  float:left;
  margin:0;
  padding:0;
}

.menu ul li a{
  color:#fd1d1d;
  font-weight:bold;
  display:block;
  font-size:16px;
  padding: 0;
  margin-right:10px;
}

.menu ul li a:hover{
  color:#691705;
  text-decoration:none;
}

.menu ul li a:active, .menu ul li a:visited{
  color:#691705;
  text-decoration:none;
}

#outer-wrapper{
  background:#fff;
  width:960px;
  margin:10px auto;
  padding:0;
  border:10px solid #f4f1ea;
}

#mainleft{
  width:640px;
  float:left;
  word-wrap:break-word;
  overflow:hidden;
  margin:5px 0 0 0;
  padding:0;
}

#main-wrapper{
  width:638px;
  float:left;
  word-wrap:break-word;
  overflow:hidden;
  margin:0;
  padding:0;
}

h2.date-header{
  color:#fff;
  display:none;
  margin:0;
}

.post{
  margin:0;
  padding:10px;
}

.post h3 {
  padding:0;
  font:24px Georgia, serif;
  margin:0 0 10px 0;
}

.post h3 a, .post h3 a:visited, .post h3 strong {
  display:block;
  text-decoration:none;
  color:#654504;
  letter-spacing:.1em;
  font-weight:bold;
  text-align:left;
}

.post h3 strong, .post h3 a:hover {
  color: #b47c0c;
}

.post-body{
  line-height:1.6em;
  margin:0;
  padding:0;
}

.post-body blockquote {
  background: url(http://1.bp.blogspot.com/_aAjcAMHOGT4/TCjbg4dHgbI/AAAAAAAADE4/zHDaKZi1j4k/s1600/quote.png) no-repeat top left;
  font-size:14px;
  margin:0;
  padding:0 10px 0 35px;
  line-height:1.4em;  
}

.post img{
  background:#e5e4db;
  border:1px solid #ebe9d8;
  padding:2px;
}

.main .Blog{
  border-bottom:0;
}

#mainright{
  width:310px;
  float:right;
  margin-top:5px;
  padding:0;
}

#social {
  width:310px;
  float:right;
  margin:0 0 10px 0;
  padding:0;
}

.subcribe{
  background:#f4f1ea;
  float:left;
  margin:0 0 10px 0;
  padding:10px;
}

.subcribe h2 {
  background:url(http://3.bp.blogspot.com/_aAjcAMHOGT4/TEg2VbafsqI/AAAAAAAADi8/yvHT0YWJRBE/s1600/subcribepost.png) no-repeat;
  color:#000;
  padding-top:5px;
  font:16px Georgia, sans-serif;
  font-weight:bold;
  letter-spacing:.1em;
  margin:0;
  text-indent:-99999px;
}

.input{
  padding:0;
  float:left;  
  margin-top:5px; 
  width:200px;
  background:#fff;
  border:1px solid #e7e4de;
  font:12px Helvetica,Arial;
  color:#181817;
  padding:5px 2px;
}

.sbutton{
  background:#c7c1b3;
  float:right;
  height:27px;
  width:75px;
  font:12px Helvetica,Arial;
  color:#2e2a20;
  border:1px solid #e7e4de;
  margin-top:5px; 
  padding:0;
}

.rssfeed {
  width:50px;
  height:30px;
  float: right;
  margin:10px 0 10px 0;
  padding-right:5px;
}

#banner125 {
  float: left;
  margin: 0;
  padding: 0;
}

.bannerleft {
  background:#f4f1ea;
  float: left;
  margin: 0 0 10px 5px;
  padding:8px 8px 5px 8px;
}

.bannerright {
  background:#f4f1ea;
  float: right;
  margin: 0 5px 10px 0;
  padding:8px 8px 5px 8px;
}

#video{
  width:310px;
  float:right;
  margin:10px 0;
  padding: 0;
}

.myvideo{
  margin:0;
  padding:0;
}

.myvideo h2 {
  background:url(http://1.bp.blogspot.com/_aAjcAMHOGT4/TEg1ShTsvnI/AAAAAAAADi0/RMWsazZHCvc/s1600/video.png) no-repeat top left;
  color:#000;
  padding-top:5px;
  font:16px Georgia, sans-serif;
  font-weight:bold;
  letter-spacing:.1em;
  margin:0;
  text-indent:-99999px;
}

.myvideo .widget-content{
  margin-bottom:10px;
  padding:5px 10px 0 0;
}

#sidebar-wrapper{
  width:310px;
  float:right;
  margin:0;
  padding: 0;
  word-wrap:break-word;
  overflow:hidden;
}

#sidebartop{
  width:310px;
  float:right;
  margin:0;
  padding: 0;
  word-wrap:break-word;
  overflow:hidden;
}

#sidebarleft{
  width:170px;
  float:left;
  margin:0;
  padding: 0;
  word-wrap:break-word;
  overflow:hidden;
}

#sidebarright{
  width:140px;
  float:right;
  margin:0;
  padding: 0;
  word-wrap:break-word;
  overflow:hidden;
}

.sidebar {
  margin:0;
  padding:0;
}

.sidebar h2, .sidebarl h2 {
  background: #f4f1ea;
  color:#654504;
  padding:6px 5px;
  font:18px Georgia, sans-serif;
  font-weight: bold;
  letter-spacing:.1em;
  margin:0;
}

.sidebar ul, .sidebarl ul{
  margin:0;
  padding:0;
}

.sidebar li, .sidebarl li{
  list-style: none;
  padding:3px 0;
  line-height: 1.3em;
  margin-bottom:3px;
  border-bottom:1px dotted #d7d4d4;
}

.sidebar .widget-content{
  margin-bottom:8px;
  padding:10px 10px 10px 0;
}

.sidebarl .widget-content{
  margin-bottom:8px;
  padding:10px 10px 10px 0;
}

/* Profile */
.profile-img { 
  float: left;
  margin: 0 5px 0 5px;
  padding: 0;
}

.profile-data {
  margin: 0;
  letter-spacing: .1em;
  line-height: 1.5em;
}

.profile-datablock { 
  margin:.5em 0 .5em;
}

.profile-textblock { 
  margin: 0.5em 0;
  line-height: 1.6em;
}

.profile-link { 
  letter-spacing: .1em;
}

#blog-pager-newer-link{
  float:left;
  padding-left:10px;
}

#blog-pager-older-link{
  float:right;
  padding-right:10px;
}

#blog-pager{
  text-align:center;
  clear:both;
}

.feed-links{
  clear:both;
  line-height:2.5em;
  padding:0;
}

.creditlink{
  width:960px;
  clear:both;
  margin:10px auto 0;
  padding:0 0 30px;
  font:11px sans-serif;
}

#HTML8 h2, #HTML18 h2, #HTML80 h2, #HTML81 h2, #HTML82 h2, #HTML83 h2, #HTML84 h2, #HTML85 h2 {
  display:none;
}

]]></b:skin>

<script src='http://ajax.googleapis.com/ajax/libs/jquery/1.3.2/jquery.min.js' type='text/javascript'/>
<!-- begin s3Slider jQuery plugin -->
<script src='http://sites.google.com/site/vectorireng/javascript/s3Slider.js' type='text/javascript'/>

<script type='text/javascript'>
$(document).ready(function() {
$(&#39;#s3slider&#39;).s3Slider({
timeOut: 4000
});
});
</script>

<b:if cond='data:blog.pageType != &quot;item&quot;'> 
<script type='text/javascript'>
var thumbnail_mode = &quot;float&quot; ;
summary_noimg = 400;
summary_img = 220;
img_thumb_height = 75;
img_thumb_width = 140;
</script>
<script type='text/javascript'>
//<![CDATA[

function removeHtmlTag(strx,chop){
if(strx.indexOf("<")!=-1)
{
var s = strx.split("<");
for(var i=0;i<s.length;i++){
if(s[i].indexOf(">")!=-1){
s[i] = s[i].substring(s[i].indexOf(">")+1,s[i].length);
}
}
strx = s.join("");javascript:void(0)
}
chop = (chop < strx.length-1) ? chop : strx.length-2;
while(strx.charAt(chop-1)!=' ' && strx.indexOf(' ',chop)!=-1) chop++;
strx = strx.substring(0,chop-1);
return strx+'';
}

function createSummaryAndThumb(pID){
var div = document.getElementById(pID);
var imgtag = "";
var img = div.getElementsByTagName("img");
var summ = summary_noimg;
if(img.length>=1) {
imgtag = '<span style="float:left; margin-right:10px;"><img src="'+img[0].src+'" width="'+img_thumb_width+'px" height="'+img_thumb_height+'px"/></span>';
summ = summary_img;
}

var summary = imgtag + '<div>' + removeHtmlTag(div.innerHTML,summ) + '</div>';
div.innerHTML = summary;
}
//]]>
</script>
</b:if>

<style type='text/css'>
<b:if cond='data:blog.pageType != &quot;item&quot;'> 
#main-wrapper {
  background:url(http://4.bp.blogspot.com/_aAjcAMHOGT4/TEg1RjynmNI/AAAAAAAADik/Jx6IGoQSb_s/s1600/Recent.png) no-repeat top left;
  width: 350px;
  margin-top: 8px;
  padding:0;
  word-wrap: break-word; /* fix for long text breaking sidebar float in IE */
  overflow: hidden;     /* fix for long non-text content breaking IE sidebar float */
}

.post {
  margin:0 0 8px 0;
  padding: 0;
}

.post h3 {
  margin: 25px 0 0 0;
  padding: 5px;
  font: 18px Georgia, sans-serif;
}

.post h3 a, .post h3 a:visited, .post h3 strong{
  display:block;
  text-decoration:none;
  color:#654504;
  font-weight: bold;
  letter-spacing:.1em;
}

.post h3 strong, .post h3 a:hover {
  color: #b47c0c;
}

.post-body {
  margin: 0;
  padding: 5px 0 5px 5px;
}

#middle-wrapper {
  background:url(http://2.bp.blogspot.com/_aAjcAMHOGT4/TEg1RLxPm2I/AAAAAAAADic/9RldryavJGg/s1600/headline.png) no-repeat top left;
  width:280px;
  float:right;
  margin-top:8px;
  padding-top:25px;
  .padding-top:32px; /* IE7 */
  word-wrap:break-word;
  overflow:hidden;
}

.middle {
  margin-top:8px;
  padding:0;
}

.middle h2 {
  color:#000;
  padding:0;
  font:14px Georgia, sans-serif;
  font-weight: bold;
  margin:0;
}

.middle ul{
  margin:0;
  padding:0;
}

.middle li{
  list-style: none;
  padding:3px 0;
  line-height: 1.3em;
  margin-bottom:3px;
  border-bottom:1px dotted #d7d4d4;
}

.middle .widget-content{
  background: #eeebe5;
  margin-bottom:10px;
  padding:10px;
}

.middle .image {
  float:left;
  width:120px;
  height:80px;
  margin-right:5px; 
}

.middle .image img{
  width:120px !important;
  height:90px !important;
}

.middle h3 { 
  font: 14px Helvetica; 
  font-weight:bold; 
  margin:0 0 5px 0; 
  padding:0; 
}

.middle h3 a { 
  color:#0975ab;
  padding:0; 
}

.middle h3 a:hover { 
  color:#0975ab; 
  text-decoration:underline;
}

#featured {
  width:640px;
  float:left;
  margin:0 0 10px 0;
  padding:0;
}

.feature {
  margin:0;
  padding:0;
}

/* s3Slider jQuery plugin */
#s3slider {
border:0;
width:640px; /* important to be same as image width */
height:300px; /* important to be same as image height */
position: relative; /* important */
overflow: hidden; /* important */
}

#s3sliderContent {
margin: 0px; padding:0px;
width:640px; /* important to be same as image width or wider */
position: absolute; /* important */
top: 0; /* important */
margin-left: 0; /* important */
}

.s3sliderImage {
float: left; /* important */
position: relative; /* important */
display: none; /* important */
}

.s3sliderImage span h3{
text-align: left;
height: 20px;
font: 14px sans-serif;
font-weight:bold;
padding: 0;
margin: 0;
}

.s3sliderImage span h3 a{
color: #fd1d1d;
}

.s3sliderImage span {
position: absolute; /* important */
float: left;
left: 0;
text-indent: 0px; /* reset blogger */
font: 14px serif, sans-serif, new times roman;
text-align:left;
padding: 10px;
margin: 0;
width:620px; /* need edit to be same as image width or wider */
background-color: #000;
filter: alpha(opacity=70); /* here you can set the opacity of box with text */
-moz-opacity: 0.8; /* here you can set the opacity of box with text */
-khtml-opacity: 0.8; /* here you can set the opacity of box with text */
opacity: 0.8; /* here you can set the opacity of box with text */
color: #f5f3d7;
display: block; /* important */
top: 0;

/*
if you put
top: 0; -&gt; the box with text will be shown at the top of the image
if you put
bottom: 0; -&gt; the box with text will be shown at the bottom of the image
*/
}

.next {
  background: #f4f1ea;
  float: left;
  width: 340px;
  margin-bottom: 10px;
  padding: 5px;
}

.comment-link {
  float:left;
  margin:0;
  padding: 0;
}

.readmore {
  float: right;
  margin: 0;
  padding: 0;
}
</b:if>
</style>

<style type='text/css'>
<b:if cond='data:blog.pageType == &quot;item&quot;'> 
.comments{
  width:608px;
  float:left;
  overflow:hidden;
  margin:20px 0 10px;
  padding:10px;
}

#comments h4 {
  font:24px serif, sans-serif;
  letter-spacing:.2em;
  color:#654504;
  margin:0 0 10px;
  padding:0;
  font-weight: bold;
}

#comments-block {
  line-height:1.6em;
  margin:10px 0 0 0;
}
#comments-block .comment-author {
  background:#f4f1ea;
  margin:0;
  padding:0 5px;
}

#comments-block .avatar-image-container img {
  border:none;
  float:right;
  margin: 0;
}

#comments-block .comment-body {
  background:#f4f1ea;
  margin: 0;
  padding: 5px;
}
#comments-block .comment-footer {
  font:11px Helvetica;
  font-style:italic;
  text-align:left;
  margin:0 0 20px;
}
#comments-block .comment-body p {
  margin:0;
  padding:0;
}
.deleted-comment {
  font-style: italic;
  color: gray;
}

.label{
  letter-spacing:.1em;
  line-height:14px;
  margin:0 0 10px;
  padding:5px 0;
}

.label a:link, .label a:visited{
  background: #edede7;
  padding:2px 3px;
  marging:2px 3x;
  -moz-border-radius: 3px;
  -webkit-border-radius: 3px;
}

#bottom-wrapper {
  width: 640px;
  float: left;
  margin: 10px 0;
  word-wrap: break-word; /* fix for long text breaking sidebar float in IE */
  overflow: hidden;      /* fix for long non-text content breaking IE sidebar float */
}

#bottomleft {
  width: 310px;
  float: left;
  padding-left: 10px;
  margin: 0;
}

#bottomright {
  width: 310px;
  float: right;
  padding: 0;
  margin: 0;
}

.bottom {
  margin:0;
  padding:0;
}

.bottom h2 {
  background: #eeebe5;
  color:#654504;
  padding:6px 5px;
  font:18px Georgia, sans-serif;
  font-weight: bold;
  letter-spacing:.1em;
  margin:0;
}

.bottom ul{
  margin:0;
  padding:0;
}

.bottom li{
  list-style: none;
  padding:3px 0;
  line-height: 1.3em;
  margin-bottom:3px;
  border-bottom:1px dotted #d7d4d4;
}

.bottom .widget-content{
  margin-bottom:8px;
  padding:10px 0;
}

.boxtop {
  width:620px;
  height:30px;
  margin:0;
  padding:0;
  border-bottom:1px dashed #ccccc9;
}

.post-author,.post-timestamp {
  margin:0;
  padding:0;
}

.share {
  float:right;
  margin:0;
  .margin-top:-20px; /* IE */
  padding:0;
}

.tweet {
  float:right;
  margin-left:10px;
  padding:3px 0;
}

.buzz, .facebook, .stumble, .digg {
  float:right;
  margin-left:10px;
  padding:0;
}
</b:if>
</style>

  </head>

  <body>
  <div id='outer-wrapper'><div id='wrap2'>

    <!-- skip links for text browsers -->
    <span id='skiplinks' style='display:none;'>
      <a href='#main'>skip to main </a> |
      <a href='#sidebar'>skip to sidebar</a>
    </span>

<div id='topnav'>
  <div class='topmenu'>
    <ul>
       <li><a expr:href='data:blog.homepageUrl'>Home</a></li>
       <li><a href='#YOUR_LINK_HERE' title='About us and blog'>About</a></li>
    </ul>
    <ul class='socialize'>
      <li><a class='toprss' href='#YOUR_LINK_HERE' title='Subcribe RSS Feed'>RSS</a></li>
      <li><a class='toptwitter' href='#YOUR_LINK_HERE' title='Follow Us'>Twitter</a></li>
      <li><a class='topfacebook' href='#YOUR_LINK_HERE' title='Join With Us'>Facebook</a></li>
    </ul>
  </div>

  <div class='search'>
     <form action='/search' id='search' method='get'>
        <div>
          <input id='search-text' name='q' type='text'/>
            <input id='search-submit' type='submit' value='Search'/>
        </div>
    </form>
  </div>
</div>

<div id='header-wrapper'>
   <div id='head-inner'>
      <b:section class='header' id='header' maxwidgets='1' showaddelement='no'>
<b:widget id='Header1' locked='true' title='@_Master Template (Header)' type='Header'>
<b:includable id='main'>

  <b:if cond='data:useImage'>
    <b:if cond='data:imagePlacement == &quot;BEHIND&quot;'>
      <!--
      Show image as background to text. You can't really calculate the width
      reliably in JS because margins are not taken into account by any of
      clientWidth, offsetWidth or scrollWidth, so we don't force a minimum
      width if the user is using shrink to fit.
      This results in a margin-width's worth of pixels being cropped. If the
      user is not using shrink to fit then we expand the header.
      -->
      <div expr:style='&quot;background-image: url(\&quot;&quot; + data:sourceUrl + &quot;\&quot;); &quot;                      + &quot;background-position: &quot;                      + data:backgroundPositionStyleStr + &quot;; &quot;                      + data:widthStyleStr                      + &quot;min-height: &quot; + data:height + &quot;px;&quot;                      + &quot;_height: &quot; + data:height + &quot;px;&quot;                      + &quot;background-repeat: no-repeat; &quot;' id='header-inner'>
        <div class='titlewrapper' style='background: transparent'>
          <h1 class='title' style='background: transparent; border-width: 0px'>
            <b:include name='title'/>
          </h1>
        </div>
        <b:include name='description'/>
      </div>
    <b:else/>
      <!--Show the image only-->
      <div id='header-inner'>
        <a expr:href='data:blog.homepageUrl' style='display: block'>
          <img expr:alt='data:title' expr:height='data:height' expr:id='data:widget.instanceId + &quot;_headerimg&quot;' expr:src='data:sourceUrl' expr:width='data:width' style='display: block'/>
        </a>
        <!--Show the description-->
        <b:if cond='data:imagePlacement == &quot;BEFORE_DESCRIPTION&quot;'>
          <b:include name='description'/>
        </b:if>
      </div>
    </b:if>
  <b:else/>
    <!--No header image -->
    <div id='header-inner'>
      <div class='titlewrapper'>
        <h1 class='title'>
          <b:include name='title'/>
        </h1>
      </div>
      <b:include name='description'/>
    </div>
  </b:if>
</b:includable>
<b:includable id='title'>
  <b:if cond='data:blog.url == data:blog.homepageUrl'>
    <data:title/>
  <b:else/>
    <a expr:href='data:blog.homepageUrl'><data:title/></a>
  </b:if>
</b:includable>
<b:includable id='description'>
  <div class='descriptionwrapper'>
    <p class='description'><span><data:description/></span></p>
  </div>
</b:includable>
</b:widget>
</b:section>
   </div>

   <div id='header_right'>
      <b:section class='header' id='header2' showaddelement='no'>
<b:widget id='HTML8' locked='false' title='Banner 468 X 60' type='HTML'>
<b:includable id='main'>
  <!-- only display title if it's non-empty -->
  <b:if cond='data:title != &quot;&quot;'>
    <h2 class='title'><data:title/></h2>
  </b:if>
  <div class='widget-content'>
    <data:content/>
  </div>

  <b:include name='quickedit'/>
</b:includable>
</b:widget>
</b:section>
   </div>
</div>


<div class='menu'>
   <ul>
       <li><a expr:href='data:blog.homepageUrl'>Home</a></li>
       <li><a href='http://www.dhetemplate.com/' title='New Free Blogger Template Everyday'>Free Blogger Template Everyday</a></li>
       <li><a href='http://www.dhetemplate.com/2010/06/request-template.html' title='Request Template'>Request Template</a></li>
       <li><a href='http://www.dhetemplate.com/2010/06/contact-us.html' title='Contact Us'>Contact Us</a></li>
       <li><a href='#' title='Edit Me'>Edit Me</a></li>
       <li><a href='#' title='Edit Me'>Edit Me</a></li>
   </ul>
 <div class='clear'/>
</div>

    <div id='content-wrapper'>

   <div id='mainleft'>
     <b:if cond='data:blog.pageType != &quot;item&quot;'> 
       <div id='featured'>
          <b:section class='feature' id='feature' showaddelement='no'>
<b:widget id='HTML18' locked='false' title='Feature Content' type='HTML'>
<b:includable id='main'>
  <!-- only display title if it's non-empty -->
  <b:if cond='data:title != &quot;&quot;'>
    <h2 class='title'><data:title/></h2>
  </b:if>
  <div class='widget-content'>
    <data:content/>
  </div>

  <b:include name='quickedit'/>
</b:includable>
</b:widget>
</b:section>
      </div>
    </b:if>

  <div id='main-wrapper'>
     <b:section class='main' id='main' showaddelement='no'>
<b:widget id='Blog1' locked='true' title='Blog Posts' type='Blog'>
<b:includable id='nextprev'>
  <div class='blog-pager' id='blog-pager'>
    <b:if cond='data:newerPageUrl'>
      <span id='blog-pager-newer-link'>
      <a class='blog-pager-newer-link' expr:href='data:newerPageUrl' expr:id='data:widget.instanceId + &quot;_blog-pager-newer-link&quot;' expr:title='data:newerPageTitle'><data:newerPageTitle/></a>
      </span>
    </b:if>

    <b:if cond='data:olderPageUrl'>
      <span id='blog-pager-older-link'>
      <a class='blog-pager-older-link' expr:href='data:olderPageUrl' expr:id='data:widget.instanceId + &quot;_blog-pager-older-link&quot;' expr:title='data:olderPageTitle'><data:olderPageTitle/></a>
      </span>
    </b:if>

    <a class='home-link' expr:href='data:blog.homepageUrl'><data:homeMsg/></a>

  </div>
  <div class='clear'/>
</b:includable>
<b:includable id='shareButtons' var='post'>
  <b:if cond='data:post.sharePostUrl'>
      <a class='share-button sb-email' expr:href='data:post.sharePostUrl + &quot;&amp;target=email&quot;' expr:title='data:top.emailThisMsg' target='_blank'>
        <span class='share-button-link-text'><data:top.emailThisMsg/></span></a>
      <a class='share-button sb-blog' expr:href='data:post.sharePostUrl + &quot;&amp;target=blog&quot;' expr:onclick='&quot;window.open(this.href, \&quot;_blank\&quot;, \&quot;height=270,width=475\&quot;); return false;&quot;' expr:title='data:top.blogThisMsg' target='_blank'>
        <span class='share-button-link-text'><data:top.blogThisMsg/></span></a>
      <a class='share-button sb-twitter' expr:href='data:post.sharePostUrl + &quot;&amp;target=twitter&quot;' expr:title='data:top.shareToTwitterMsg' target='_blank'>
        <span class='share-button-link-text'><data:top.shareToTwitterMsg/></span></a>
      <a class='share-button sb-facebook' expr:href='data:post.sharePostUrl + &quot;&amp;target=facebook&quot;' expr:onclick='&quot;window.open(this.href, \&quot;_blank\&quot;, \&quot;height=430,width=640\&quot;); return false;&quot;' expr:title='data:top.shareToFacebookMsg' target='_blank'>
        <span class='share-button-link-text'><data:top.shareToFacebookMsg/></span></a>
      <a class='share-button sb-buzz' expr:href='data:post.sharePostUrl + &quot;&amp;target=buzz&quot;' expr:onclick='&quot;window.open(this.href, \&quot;_blank\&quot;, \&quot;height=415,width=690\&quot;); return false;&quot;' expr:title='data:top.shareToBuzzMsg' target='_blank'>
        <span class='share-button-link-text'><data:top.shareToBuzzMsg/></span></a>
  </b:if>
</b:includable>
<b:includable id='backlinks' var='post'>
  <a name='links'/><h4><data:post.backlinksLabel/></h4>
  <b:if cond='data:post.numBacklinks != 0'>
    <dl class='comments-block' id='comments-block'>
      <b:loop values='data:post.backlinks' var='backlink'>
        <div class='collapsed-backlink backlink-control'>
          <dt class='comment-title'>
            <span class='backlink-toggle-zippy'>&#160;</span>
            <a expr:href='data:backlink.url' rel='nofollow'><data:backlink.title/></a>
            <b:include data='backlink' name='backlinkDeleteIcon'/>
          </dt>
          <dd class='comment-body collapseable'>
            <data:backlink.snippet/>
          </dd>
          <dd class='comment-footer collapseable'>
            <span class='comment-author'><data:post.authorLabel/> <data:backlink.author/></span>
            <span class='comment-timestamp'><data:post.timestampLabel/> <data:backlink.timestamp/></span>
          </dd>
        </div>
      </b:loop>
    </dl>
  </b:if>
  <p class='comment-footer'>
    <a class='comment-link' expr:href='data:post.createLinkUrl' expr:id='data:widget.instanceId + &quot;_backlinks-create-link&quot;' target='_blank'><data:post.createLinkLabel/></a>
  </p>
</b:includable>
<b:includable id='post' var='post'>
  <div class='post hentry'>
    <a expr:name='data:post.id'/>
    <b:if cond='data:post.title'>
      <h3 class='post-title entry-title'>
     <b:if cond='data:post.link'>
       <a expr:href='data:post.link'><data:post.title/></a>
     <b:else/>
        <b:if cond='data:post.url'>
          <a expr:href='data:post.url'><data:post.title/></a>
        <b:else/>
          <data:post.title/>
        </b:if>
     </b:if>
      </h3>
    </b:if>

    <div class='post-header'>
    <div class='post-header-line-1'/>
    </div>

    <div class='post-body entry-content'>
<b:if cond='data:blog.pageType == &quot;item&quot;'>
<div class='boxtop'>
  <span class='post-author'>
          <b:if cond='data:top.showAuthor'>
             <data:top.authorLabel/>
                <span class='fn'><data:post.author/></span>
          </b:if>
         </span> 
        <span class='post-timestamp'>
           <b:if cond='data:top.showTimestamp'>
             <data:top.timestampLabel/>
                <b:if cond='data:post.url'>
                    <a class='timestamp-link' expr:href='data:post.url' rel='bookmark' title='permanent link'><abbr class='published' expr:title='data:post.timestampISO8601'><data:post.timestamp/></abbr></a>
                </b:if>
           </b:if>
      </span>
   <div class='share'>
      <div class='tweet'>
         <script type='text/javascript'>tweetmeme_style = &quot;compact&quot;;</script>
         <script src='http://tweetmeme.com/i/scripts/button.js' type='text/javascript'/>
      </div>

      <div class='facebook'>
          <a href='http://www.facebook.com/sharer.php' name='fb_share' type='button_count'>Share</a><script src='http://static.ak.fbcdn.net/connect.php/js/FB.Share' type='text/javascript'/>
      </div>

      <div class='buzz'>
         <a expr:href='&quot;http://www.google.com/reader/link?url=&quot; + data:post.url + &quot;&amp;title=&quot; + data:post.title + &quot;&amp;srcTitle=&quot; + data:blog.title+ &quot;&amp;srcURL=&quot; + data:blog.homepageUrl ' rel='nofolloW' style='text-decoration:none;' target='_blank'>
<img alt='Buzz It' src='http://3.bp.blogspot.com/_aAjcAMHOGT4/TEXMpNdHY_I/AAAAAAAADfM/dZTW3aKhpgo/s1600/buzzthis.gif' style='border:0px;padding:0px'/></a>
      </div>
      <div class='digg'>
        <script type='text/javascript'>digg_url=&quot;<data:post.url/>&quot;;
digg_skin=&quot;compact&quot;;</script>
<script src='http://digg.com/tools/diggthis.js' type='text/javascript'/>
      </div>
      <div class='stumble'>
<script src='http://www.stumbleupon.com/hostedbadge.php?s=3'/>
      </div>
   </div>
</div>
</b:if>
<b:if cond='data:blog.pageType != &quot;item&quot;'>
<div expr:id='&quot;summary&quot; + data:post.id'><data:post.body/></div>
<script type='text/javascript'>createSummaryAndThumb(&quot;summary<data:post.id/>&quot;);</script>
</b:if>
<b:if cond='data:blog.pageType == &quot;item&quot;'>
<p><data:post.body/></p>
</b:if>
      <div style='clear: both;'/> <!-- clear for photos floats -->
    </div>

<b:if cond='data:blog.pageType != &quot;item&quot;'>
<div class='next'>
   <span class='readmore'>
<a expr:href='data:post.url'>Read more...</a></span>
   <span class='comment-link'>
        <b:if cond='data:blog.pageType != &quot;item&quot;'>
          <b:if cond='data:blog.pageType != &quot;static_page&quot;'>
            <b:if cond='data:post.allowComments'>
              <a class='comment-link' expr:href='data:post.addCommentUrl' expr:onclick='data:post.addCommentOnclick'><b:if cond='data:post.numComments == 1'>1 <data:top.commentLabel/><b:else/><data:post.numComments/> <data:top.commentLabelPlural/></b:if></a>
            </b:if>
          </b:if>
        </b:if>
   </span>
</div>
</b:if>

    <b:if cond='data:post.hasJumpLink'>
      <div class='jump-link'>
        <a expr:href='data:post.url + &quot;#more&quot;' expr:title='data:post.title'><data:post.jumpText/></a>
      </div>
    </b:if>

    <div class='post-footer-line post-footer-line-1'>
<b:if cond='data:blog.pageType == &quot;item&quot;'>
   <div class='label'>
      <b:if cond='data:post.labels'>
          <data:postLabelsLabel/>
          <b:loop values='data:post.labels' var='label'>
            <a expr:href='data:label.url' rel='tag'><data:label.name/></a><b:if cond='data:label.isLast != &quot;true&quot;'> </b:if>
          </b:loop>
      </b:if>
   </div>
</b:if>
      <div class='post-footer-line post-footer-line-2'>

      </div>

      <div class='post-footer-line post-footer-line-3'>
      <span class='post-location'>
        <b:if cond='data:top.showLocation'>
          <b:if cond='data:post.location'>
            <data:postLocationLabel/>
            <a expr:href='data:post.location.mapsUrl' target='_blank'><data:post.location.name/></a>
          </b:if>
        </b:if>
      </span>
      </div>
    </div>
  </div>
</b:includable>
<b:includable id='status-message'>
  <b:if cond='data:navMessage'>
  <div class='status-msg-wrap'>
    <div class='status-msg-body'>
      <data:navMessage/>
    </div>
    <div class='status-msg-border'>
      <div class='status-msg-bg'>
        <div class='status-msg-hidden'><data:navMessage/></div>
      </div>
    </div>
  </div>
  <div style='clear: both;'/>
  </b:if>
</b:includable>
<b:includable id='comment-form' var='post'>
  <div class='comment-form'>
    <a name='comment-form'/>
    <h4 id='comment-post-message'><data:postCommentMsg/></h4>
    <p><data:blogCommentMessage/></p>
    <data:blogTeamBlogMessage/>
    <a expr:href='data:post.commentFormIframeSrc' id='comment-editor-src'/>
    <iframe allowtransparency='true' class='blogger-iframe-colorize blogger-comment-from-post' frameborder='0' height='410' id='comment-editor' name='comment-editor' src='' width='100%'/>
    <data:post.friendConnectJs/>
    <data:post.cmtfpIframe/>
    <b:if cond='data:showCmtPopup'>
      <div id='comment-popup' style='width:100px;height:20px;'/>
    </b:if>
    <script type='text/javascript'>
      BLOG_CMT_createIframe(&#39;<data:post.appRpcRelayPath/>&#39;, &#39;<data:post.communityId/>&#39;);
    </script>
  </div>
</b:includable>
<b:includable id='backlinkDeleteIcon' var='backlink'>
  <span expr:class='&quot;item-control &quot; + data:backlink.adminClass'>
    <a expr:href='data:backlink.deleteUrl' expr:title='data:top.deleteBacklinkMsg'>
      <img src='//www.blogger.com/img/icon_delete13.gif'/>
    </a>
  </span>
</b:includable>
<b:includable id='postQuickEdit' var='post'>
  <b:if cond='data:post.editUrl'>
    <span expr:class='&quot;item-control &quot; + data:post.adminClass'>
      <a expr:href='data:post.editUrl' expr:title='data:top.editPostMsg'>
        <img alt='' class='icon-action' height='18' src='http://img2.blogblog.com/img/icon18_edit_allbkg.gif' width='18'/>
      </a>
    </span>
  </b:if>
</b:includable>
<b:includable id='main' var='top'>
  <!-- posts -->
  <div class='blog-posts hfeed'>

    <b:include data='top' name='status-message'/>

    <data:defaultAdStart/>
    <b:loop values='data:posts' var='post'>
      <b:if cond='data:post.isDateStart'>
        <b:if cond='data:post.isFirstPost == &quot;false&quot;'>
          &lt;/div&gt;&lt;/div&gt;
        </b:if>
      </b:if>
      <b:if cond='data:post.isDateStart'>
        &lt;div class=&quot;date-outer&quot;&gt;
      </b:if>
      <b:if cond='data:post.dateHeader'>
        <h2 class='date-header'><span><data:post.dateHeader/></span></h2>
      </b:if>
      <b:if cond='data:post.isDateStart'>
        &lt;div class=&quot;date-posts&quot;&gt;
      </b:if>
      <div class='post-outer'>
      <b:include data='post' name='post'/>
      <b:if cond='data:blog.pageType == &quot;static_page&quot;'>
        <b:include data='post' name='comments'/>
      </b:if>
      <b:if cond='data:blog.pageType == &quot;item&quot;'>
        <b:include data='post' name='comments'/>
      </b:if>
      </div>
      <b:if cond='data:post.includeAd'>
        <b:if cond='data:post.isFirstPost'>
          <data:defaultAdEnd/>
        <b:else/>
          <data:adEnd/>
        </b:if>
        <div class='inline-ad'>
          <data:adCode/>
        </div>
        <data:adStart/>
      </b:if>
      <b:if cond='data:post.trackLatency'>
        <data:post.latencyJs/>
      </b:if>
    </b:loop>
    <b:if cond='data:numPosts != 0'>
      &lt;/div&gt;&lt;/div&gt;
    </b:if>
    <data:adEnd/>
  </div>

  <!-- navigation -->
  <b:include name='nextprev'/>

  <!-- feed links -->
  <b:include name='feedLinks'/>

  <b:if cond='data:top.showStars'>
    <script src='//www.google.com/jsapi' type='text/javascript'/>
    <script type='text/javascript'>
      google.load(&quot;annotations&quot;, &quot;1&quot;, {&quot;locale&quot;: &quot;<data:top.languageCode/>&quot;});
      function initialize() {
        google.annotations.setApplicationId(<data:top.blogspotReviews/>);
        google.annotations.createAll();
        google.annotations.fetch();
      }
      google.setOnLoadCallback(initialize);
    </script>
  </b:if>
</b:includable>
<b:includable id='commentDeleteIcon' var='comment'>
  <span expr:class='&quot;item-control &quot; + data:comment.adminClass'>
    <a class='comment-delete' expr:href='data:comment.deleteUrl' expr:title='data:top.deleteCommentMsg'>
      <img src='//www.blogger.com/img/icon_delete13.gif'/>
    </a>
  </span>
</b:includable>
<b:includable id='feedLinks'>
  <b:if cond='data:blog.pageType != &quot;item&quot;'> <!-- Blog feed links -->
    <b:if cond='data:feedLinks'>
      <div class='blog-feeds'>
        <b:include data='feedLinks' name='feedLinksBody'/>
      </div>
    </b:if>

    <b:else/> <!--Post feed links -->
    <div class='post-feeds'>
      <b:loop values='data:posts' var='post'>
        <b:if cond='data:post.allowComments'>
          <b:if cond='data:post.feedLinks'>
            <b:include data='post.feedLinks' name='feedLinksBody'/>
          </b:if>
        </b:if>
      </b:loop>
    </div>
  </b:if>
</b:includable>
<b:includable id='feedLinksBody' var='links'>
  <div class='feed-links'>
  <data:feedLinksMsg/>
  <b:loop values='data:links' var='f'>
     <a class='feed-link' expr:href='data:f.url' expr:type='data:f.mimeType' target='_blank'><data:f.name/> (<data:f.feedType/>)</a>
  </b:loop>
  </div>
</b:includable>
<b:includable id='comments' var='post'>
  <div class='comments' id='comments'>
    <a name='comments'/>
    <b:if cond='data:post.allowComments'>
      <h4>
        <b:if cond='data:post.numComments == 1'>
          1 <data:commentLabel/>:
        <b:else/>
          <data:post.numComments/> <data:commentLabelPlural/>:
        </b:if>
      </h4>

      <b:if cond='data:post.commentPagingRequired'>
        <span class='paging-control-container'>
          <a expr:class='data:post.oldLinkClass' expr:href='data:post.oldestLinkUrl'><data:post.oldestLinkText/></a>
          &#160;
          <a expr:class='data:post.oldLinkClass' expr:href='data:post.olderLinkUrl'><data:post.olderLinkText/></a>
          &#160;
          <data:post.commentRangeText/>
          &#160;
          <a expr:class='data:post.newLinkClass' expr:href='data:post.newerLinkUrl'><data:post.newerLinkText/></a>
          &#160;
          <a expr:class='data:post.newLinkClass' expr:href='data:post.newestLinkUrl'><data:post.newestLinkText/></a>
        </span>
      </b:if>

      <div expr:class='data:post.postAuthorClass' expr:id='data:widget.instanceId + &quot;_comments-block-wrapper&quot;'>
        <dl expr:class='data:post.avatarIndentClass' id='comments-block'>
          <b:loop values='data:post.comments' var='comment'>
            <dt expr:class='&quot;comment-author &quot; + data:comment.authorClass' expr:id='data:comment.anchorName'>
              <b:if cond='data:comment.favicon'>
                <img expr:src='data:comment.favicon' height='16px' style='margin-bottom:-2px;' width='16px'/>
              </b:if>
              <a expr:name='data:comment.anchorName'/>
              <b:if cond='data:blog.enabledCommentProfileImages'>
                <data:comment.authorAvatarImage/>
              </b:if>
              <b:if cond='data:comment.authorUrl'>
                <a expr:href='data:comment.authorUrl' rel='nofollow'><data:comment.author/></a>
              <b:else/>
                <data:comment.author/>
              </b:if>
              <data:commentPostedByMsg/>
            </dt>
            <dd expr:class='&quot;comment-body &quot; + data:comment.commentAuthorClass' expr:id='data:widget.instanceId + data:comment.cmtBodyIdPostfix'>
              <b:if cond='data:comment.isDeleted'>
                <span class='deleted-comment'><data:comment.body/></span>
              <b:else/>
                <p>
                  <data:comment.body/>
                  <span class='interaction-iframe-guide'/>
                </p>
              </b:if>
            </dd>
            <dd class='comment-footer'>
              <span class='comment-timestamp'>
                <a expr:href='data:comment.url' title='comment permalink'>
                  <data:comment.timestamp/>
                </a>
                <b:include data='comment' name='commentDeleteIcon'/>
              </span>
            </dd>
          </b:loop>
        </dl>
      </div>

      <b:if cond='data:post.commentPagingRequired'>
        <span class='paging-control-container'>
          <a expr:class='data:post.oldLinkClass' expr:href='data:post.oldestLinkUrl'>
            <data:post.oldestLinkText/>
          </a>
          <a expr:class='data:post.oldLinkClass' expr:href='data:post.olderLinkUrl'>
            <data:post.olderLinkText/>
          </a>
          &#160;
          <data:post.commentRangeText/>
          &#160;
          <a expr:class='data:post.newLinkClass' expr:href='data:post.newerLinkUrl'>
            <data:post.newerLinkText/>
          </a>
          <a expr:class='data:post.newLinkClass' expr:href='data:post.newestLinkUrl'>
            <data:post.newestLinkText/>
          </a>
        </span>
      </b:if>

      <p class='comment-footer'>
        <b:if cond='data:post.embedCommentForm'>
          <b:if cond='data:post.allowNewComments'>
            <b:include data='post' name='comment-form'/>
          <b:else/>
            <data:post.noNewCommentsText/>
          </b:if>
        <b:else/>
          <b:if cond='data:post.allowComments'>
            <a expr:href='data:post.addCommentUrl' expr:onclick='data:post.addCommentOnclick'><data:postCommentMsg/></a>
          </b:if>
        </b:if>

      </p>
    </b:if>

    <div id='backlinks-container'>
    <div expr:id='data:widget.instanceId + &quot;_backlinks-container&quot;'>
       <b:if cond='data:post.showBacklinks'>
         <b:include data='post' name='backlinks'/>
       </b:if>
    </div>
    </div>
  </div>
</b:includable>
</b:widget>
</b:section>
  </div>

   <b:if cond='data:blog.pageType != &quot;item&quot;'> 
      <div id='middle-wrapper'>
         <b:section class='middle' id='middle' preferred='yes'>
<b:widget id='HTML61' locked='false' title='Headline 1' type='HTML'>
<b:includable id='main'>
  <!-- only display title if it's non-empty -->
  <b:if cond='data:title != &quot;&quot;'>
    <h2 class='title'><data:title/></h2>
  </b:if>
  <div class='widget-content'>
    <data:content/>
  </div>

  <b:include name='quickedit'/>
</b:includable>
</b:widget>
<b:widget id='HTML1' locked='false' title='Headline 2' type='HTML'>
<b:includable id='main'>
  <!-- only display title if it's non-empty -->
  <b:if cond='data:title != &quot;&quot;'>
    <h2 class='title'><data:title/></h2>
  </b:if>
  <div class='widget-content'>
    <data:content/>
  </div>

  <b:include name='quickedit'/>
</b:includable>
</b:widget>
<b:widget id='HTML12' locked='false' title='Headline 3' type='HTML'>
<b:includable id='main'>
  <!-- only display title if it's non-empty -->
  <b:if cond='data:title != &quot;&quot;'>
    <h2 class='title'><data:title/></h2>
  </b:if>
  <div class='widget-content'>
    <data:content/>
  </div>

  <b:include name='quickedit'/>
</b:includable>
</b:widget>
<b:widget id='HTML2' locked='false' title='Headline 4' type='HTML'>
<b:includable id='main'>
  <!-- only display title if it's non-empty -->
  <b:if cond='data:title != &quot;&quot;'>
    <h2 class='title'><data:title/></h2>
  </b:if>
  <div class='widget-content'>
    <data:content/>
  </div>

  <b:include name='quickedit'/>
</b:includable>
</b:widget>
<b:widget id='HTML5' locked='false' title='Headline 5' type='HTML'>
<b:includable id='main'>
  <!-- only display title if it's non-empty -->
  <b:if cond='data:title != &quot;&quot;'>
    <h2 class='title'><data:title/></h2>
  </b:if>
  <div class='widget-content'>
    <data:content/>
  </div>

  <b:include name='quickedit'/>
</b:includable>
</b:widget>
</b:section>
      </div>
   </b:if>

      <b:if cond='data:blog.pageType == &quot;item&quot;'> 
        <div id='bottom-wrapper'>
           <div id='bottomleft'>
              <b:section class='bottom' id='bottomboxleft' preferred='yes'>
<b:widget id='HTML7' locked='false' title='Recent Comments' type='HTML'>
<b:includable id='main'>
  <!-- only display title if it's non-empty -->
  <b:if cond='data:title != &quot;&quot;'>
    <h2 class='title'><data:title/></h2>
  </b:if>
  <div class='widget-content'>
    <data:content/>
  </div>

  <b:include name='quickedit'/>
</b:includable>
</b:widget>
</b:section>
           </div>

           <div id='bottomright'>
              <b:section class='bottom' id='bottomboxright' preferred='yes'>
<b:widget id='HTML34' locked='false' title='Popular Posts' type='HTML'>
<b:includable id='main'>
  <!-- only display title if it's non-empty -->
  <b:if cond='data:title != &quot;&quot;'>
    <h2 class='title'><data:title/></h2>
  </b:if>
  <div class='widget-content'>
    <data:content/>
  </div>

  <b:include name='quickedit'/>
</b:includable>
</b:widget>
</b:section>
           </div>
        </div>
     </b:if>
  </div>

<div id='mainright'>
  <div id='social'>
      <div class='subcribe'>
         <h2>Subcribe</h2>
Sign up and receive for eNews &amp; Updates post direct to your email.
<form action='http://feedburner.google.com/fb/a/mailverify' method='post' onsubmit='window.open(&apos;LINK_SUBCRIBE_EMAIL&apos;, &apos;popupwindow&apos;, &apos;scrollbars=yes,width=550,height=520&apos;);return true' target='popupwindow'><input class='input' name='email' onblur='if (this.value == &quot;&quot;) {this.value = &quot;Sign Up here for email feed...&quot;;}' onfocus='if (this.value == &quot;Sign Up here for email feed...&quot;) {this.value = &quot;&quot;;}' type='text' value='Sign Up here for email feed...'/>
<input name='uri' type='hidden' value='NAME_SUBCRIBE_EMAIL'/><input name='loc' type='hidden' value='en_US'/><input class='sbutton' type='submit' value='Sign up'/></form>
      </div>
   </div>

   <div id='banner125'>
      <a class='bannerleft' href='http://www.dhetemplate.com/'><img alt='download free blogger template everyday' border='0' height='125' src='http://2.bp.blogspot.com/_aAjcAMHOGT4/TBJGD4MK3mI/AAAAAAAACtw/1oRFtMsQ0To/s1600/banner+dhe.jpg' width='125'/></a>

      <a class='bannerright' href='http://www.dhetemplate.com/'><img alt='download free blogger template everyday' border='0' height='125' src='http://2.bp.blogspot.com/_aAjcAMHOGT4/TBJGD4MK3mI/AAAAAAAACtw/1oRFtMsQ0To/s1600/banner+dhe.jpg' width='125'/></a>

      <a class='bannerleft' href='http://www.dhetemplate.com/'><img alt='download free blogger template everyday' border='0' height='125' src='http://2.bp.blogspot.com/_aAjcAMHOGT4/TBJGD4MK3mI/AAAAAAAACtw/1oRFtMsQ0To/s1600/banner+dhe.jpg' width='125'/></a>

      <a class='bannerright' href='http://www.dhetemplate.com/'><img alt='download free blogger template everyday' border='0' height='125' src='http://2.bp.blogspot.com/_aAjcAMHOGT4/TBJGD4MK3mI/AAAAAAAACtw/1oRFtMsQ0To/s1600/banner+dhe.jpg' width='125'/></a>
   </div>

   <div id='video'>
      <b:section class='myvideo' id='myvideo' preferred='yes'>
<b:widget id='HTML10' locked='false' title='My Video' type='HTML'>
<b:includable id='main'>
  <!-- only display title if it's non-empty -->
  <b:if cond='data:title != &quot;&quot;'>
    <h2 class='title'><data:title/></h2>
  </b:if>
  <div class='widget-content'>
    <data:content/>
  </div>

  <b:include name='quickedit'/>
</b:includable>
</b:widget>
</b:section>
   </div>

    <div id='sidebar-wrapper'>
      <div id='sidebartop'>
        <b:section class='sidebar' id='sidebar' preferred='yes'>
<b:widget id='HTML4' locked='false' title='Recent Posts' type='HTML'>
<b:includable id='main'>
  <!-- only display title if it's non-empty -->
  <b:if cond='data:title != &quot;&quot;'>
    <h2 class='title'><data:title/></h2>
  </b:if>
  <div class='widget-content'>
    <data:content/>
  </div>

  <b:include name='quickedit'/>
</b:includable>
</b:widget>
</b:section>
      </div>
      <div id='sidebarright'>
        <b:section class='sidebar' id='sidebarright' preferred='yes'>
<b:widget id='HTML46' locked='false' title='Link List' type='HTML'>
<b:includable id='main'>
  <!-- only display title if it's non-empty -->
  <b:if cond='data:title != &quot;&quot;'>
    <h2 class='title'><data:title/></h2>
  </b:if>
  <div class='widget-content'>
    <data:content/>
  </div>

  <b:include name='quickedit'/>
</b:includable>
</b:widget>
</b:section>
      </div>
      <div id='sidebarleft'>
        <b:section class='sidebarl' id='sidebarleft' preferred='yes'>
<b:widget id='HTML45' locked='false' title='Advertise' type='HTML'>
<b:includable id='main'>
  <!-- only display title if it's non-empty -->
  <b:if cond='data:title != &quot;&quot;'>
    <h2 class='title'><data:title/></h2>
  </b:if>
  <div class='widget-content'>
    <data:content/>
  </div>

  <b:include name='quickedit'/>
</b:includable>
</b:widget>
</b:section>
      </div>
  </div>
</div>

      <!-- spacer for skins that want sidebar and main to be the same height-->
      <div class='clear'>&#160;</div>

    </div> <!-- end content-wrapper -->

  </div></div> <!-- end outer-wrapper -->

<!-- License : This template is FREE LICENSE. You are allowed modify this template as you want. A great reblogger is a blogger who respect and appreciate Blogger Template Maker with does not change and remove the credit link.

Find more New Free Blogger Template Everyday at http://www.dhetemplate.com/ -->

<div class='creditlink'>
   <a expr:href='data:blog.homepageUrl'><data:blog.title/></a> | <a href='http://www.dhetemplate.com/2010/07/free-blogger-template-press-magajah.html'>Press Magajah</a> &#169; 2010 <a href='http://freetemplate-ajah.blogspot.com/'>Free Blogger Template Ajah</a> by <a href='http://dhetemplate.com/'>DheTemplate.com</a>
</div>
</body>
</html>