<?xml version="1.0" encoding="UTF-8" ?>
<!DOCTYPE html PUBLIC "-//W3C//DTD XHTML 1.0 Strict//EN" "http://www.w3.org/TR/xhtml1/DTD/xhtml1-strict.dtd">
<html expr:dir='data:blog.languageDirection' xmlns='http://www.w3.org/1999/xhtml' xmlns:b='http://www.google.com/2005/gml/b' xmlns:data='http://www.google.com/2005/gml/data' xmlns:expr='http://www.google.com/2005/gml/expr'>
  <head>
    <title><data:blog.pageTitle/></title>
    <b:include data='blog' name='all-head-content'/>
    <b:if cond='data:blog.pageName == &quot;&quot;'>
<b:else/>
<title><data:blog.pageName/></title>
</b:if>
    <b:skin><![CDATA[/*
-----------------------------------------------
Blogger Template Details
Name:                Clear Lines Blue
Blogger Template by: ColorizeTemplates
URL:                 http://www.colorizetemplates.com/
Date:                July, 2010
License:             This free Blogger template is licensed under the Creative Commons Attribution 3.0 License, which permits both personal and commercial use.
However, to satisfy the 'attribution' clause of the license, you are required to keep the footer links intact which provides due credit to its authors. For more specific details about the license, you may visit the URL below:
http://creativecommons.org/licenses/by/3.0/
----------------------------------------------- */
#navbar-iframe {
display: none !important;
}
* { margin: 0; padding: 0; }
body { margin: 0px; padding: 0px 0px 0px 0px; color: #666; 
background:#ffffff url(http://1.bp.blogspot.com/_9kZ609aKERI/TBogVm92frI/AAAAAAAABaA/OpjS1GzvGwM/s1600/header-bg.png) repeat-x;
line-height:normal;
font-family: Arial;
font-size: 12px;
}
a:link, a:visited { text-decoration: none; color: #004C7C; }
a:hover { color: #004C7C; text-decoration:underline; outline: none; }
a { outline: none; text-decoration:none; }
a img { border: none; }
h1 { margin: 0px 0px 0px 0px; font-weight: normal; font-size: 24px; }
h2 { margin: 0px 0px 0px 0px; font-weight: normal; font-size: 21px; }
h3 { margin: 0px 0px 0px 0px; font-weight: normal; font-size: 18px; }
h4 { margin: 0px 0px 0px 0px; font-weight: normal; font-size: 15px; }
h5 { margin: 0px 0px 0px 0px; font-weight: normal; font-size: 12px; }
h6 { margin: 0px 0px 0px 0px; font-weight: normal; font-size: 9px; }
#top {
width:970px;
margin:0 auto;
}
.top-navigation {
float:left;
}
#top-page-menu {
margin:15px 0 10px 12px;
}
#top-page-menu li {
display:inline;
padding:0 6px 0 6px;
font-size:11px;
font-family:Tahoma;
text-transform:normal;
}
#top-page-menu li a {
color:#999999;
-moz-border-radius: 5px;
-khtml-border-radius: 5px;
-webkit-border-radius: 5px;
border-radius: 5px;
border: 1px solid #999999;
padding: 1px 5px 2px 5px;
}
#top-page-menu li a:hover {
color:#ffffff;
border: 1px solid #ffffff;
text-decoration:none;
}
#top-splitter {
background:url(http://3.bp.blogspot.com/_9kZ609aKERI/TBokLmh0BBI/AAAAAAAABaI/sjXWMAc-RAo/s1600/top-splitter.png) no-repeat;
width:970px;
height:2px;
}
#header_wrapper {
width:970px;
margin:0 0 10px 0px;
padding-bottom:10px;
}
#header {
width: 400px;
float:left;
margin:20px 0 30px 40px;
padding:0px;
text-align:left;
color: #eeeeee;
}
#header h1 {
margin: 0;
padding:0;
line-height:1.2em;
text-transform:normal;
letter-spacing:0em;
font: bold 34px Trebuchet, Arial;
text-shadow: 1px 1px 1px #333333;
}
#header a {
color:#eeeeee;
text-decoration:none;
}
#header a:hover {
color:#eeeeee;
}
#header p{
padding-top:10px;
text-align:left;
font-size: 14px
}
.ad468x60 {
width: 500px;
float:right;
margin:30px 10px 0 0;
padding:0px;
text-align:right;
}
#menu {
background:url(http://3.bp.blogspot.com/_9kZ609aKERI/TBo99Oy62QI/AAAAAAAABao/V1Ops4lyQhQ/s1600/menu-bg.png) repeat-x;
height:44px;
margin-top:10px;
}
#wrapper {
background-color:#ffffff;
}
#maincontent {
background:#ffffff url(http://3.bp.blogspot.com/_9kZ609aKERI/TBo0O-ELcKI/AAAAAAAABag/CQImJR5p8Zk/s1600/main-bg.png) top right repeat-y;
width:970px;
margin:0 auto;
padding:20px 0 30px 0;
}
.column {
float:left;
}

/*Posts*/
.post-tittle {
position: absolute;
background: transparent url(http://3.bp.blogspot.com/_k_DnmK4oz2Q/S1GU271E-kI/AAAAAAAAAcw/vakNjI31E00/s1600/titlebg.png) repeat 0 0;
font-family:Arial, "Times New Roman", Times, serif;
font-style:bold;
width:400px;
height:50px;
margin-top:190px;
overflow: hidden;
}
.post-tittle h3 {
padding:8px 10px 2px 10px;
margin:0 0 0 0;
font-size: 16px;
font-weight:bold;
color: #eeeeee;
}
.post-tittle-p {
font: italic 12px Arial;
padding:0px 0px 0px 10px;
color:#cccccc;
}

/* Search Box */
#searchtop { width:192px; margin-right:-35px}
#topsearch { float:right; width: 192px; height: 27px; background:url(http://4.bp.blogspot.com/_9kZ609aKERI/TBq_gXEWMAI/AAAAAAAABbI/00YQX5QfNts/s1600/search-box.png) no-repeat; margin:5px -20px 0 0; }
#topsearch #s { float: left; margin: 5px 0 0 6px; border: 0; width: 130px; background: none; color:#999999;font-family:arial; }
#go { float: left; width:14px; height:13px; text-indent:-9999px; float:right; border:none; cursor: pointer; margin:7px 10px 0 0;}


/* Drop-Down Menu */
.container1 {
padding:5px 0 0 0;
width: 970px;
margin: 0 auto;
}
#menu-top {
width:740px;
margin-left:15px;
}
.drop-down {
float:left;
}
ul#cats-menu {
margin:0;
list-style: none;
}
ul#cats-menu li {
margin-right: 5px;
padding-left: 2px;
height: 30px;
z-index:1;
}
ul#cats-menu li a {
padding:8px 12px 7px 0;
font-size: 14px;
font-family: Trebuchet MS, arial;
font-weight: bold;
text-shadow: 1px 1px 0 #fff;
text-transform:uppercase;
color: #999999;
}
ul#cats-menu li a:hover {
color: #005387;
text-shadow: 1px 1px 0 #fff;
text-decoration: none;
}

.nav ul {
position:absolute;
top:-999em;
background-position: bottom;
background-repeat: no-repeat;
}
.nav li {
float:left;
position:relative;
}
.nav a {
display:block;
float: left;
}
.nav li:hover ul, ul.nav li.sfHover ul {
left:0px;
top:39px;
}
.nav li:hover li ul, .nav li.sfHover li ul {
top:-999em;
}
.nav li li:hover ul, ul.nav li li.sfHover ul {
left:240px;
top:0px;
}
.nav li:hover ul, .nav li li:hover ul {
top: -999em;
}
.nav li li {
display: block;
padding: 0px;
float: left;
height: auto !important;
}
.nav li ul {
width: 240px;
}
.nav li li a:link, .nav li li a:visited {
display: block;
height: auto;
float: left;
}
.nav li:hover {
visibility: inherit; /* fixes IE7 'sticky bug' */
}
/* Index.php */
#articles {
width:500px;
}
.article {
margin:0 0 10px 0;
}
.articlep1 {
background:url(http://4.bp.blogspot.com/_k_DnmK4oz2Q/S1GT2U_3KPI/AAAAAAAAAak/zdgjYh5Chdo/s1600/articlep1.png) no-repeat;
width:500px;
height:11px;
}
.articlep2 {
background:url(http://2.bp.blogspot.com/_k_DnmK4oz2Q/S1GT2o3gDmI/AAAAAAAAAao/gyBizXJ6f8Q/s1600/articlep2.png) repeat-y;
width:500px;
}
.articlep3 {
background:url(http://1.bp.blogspot.com/_k_DnmK4oz2Q/S1GT2gDnmDI/AAAAAAAAAas/luyXjRkWFTc/s1600/articlep3.png) no-repeat;
width:500px;
height:11px;
}
.articlecontent {
}
.article-text {
width:330x;
margin:0 0 0 10px;
padding-right:30px;
}
.article-title h2 {
width:290px;
margin:0 0 5px 140px;
}
.article-text p {
margin:10px 0 0 0;
line-height:15px;
}
.article-title h5 {
margin:0 0 10px 140px;
color:#666;
text-transform:uppercase;
font-size:9px;
}
.article-text h5 a {
color:#666;
}
.article-text h2 {
font-family:Arial,verdana, sans-serif;
font-style:italic;
margin:0 0 2px 0;
}
.read-more {
font-family:Arial,verdana, sans-serif;
font-style:italic;
font-size:11px;
margin:5px 0 0 0;
}
.data {
margin:0 0 0 30px;
}
.bubble {
background:url(http://2.bp.blogspot.com/_k_DnmK4oz2Q/S1GUJe8Fu9I/AAAAAAAAAbM/AQr6Ll9xrk0/s1600/comment.png) no-repeat;
width:31px;
height:29px;
padding:4px 0 0 0;
margin:-45px 10px 0 2px;
color:#999;
font-size:10px;
float:right;
}
.numerotation-bubble {
text-align:center;
}
.numerotation-bubble a {
color: #666;
}
/* Single.php */
.single-data {
width:460px;
margin:0 0 0 30px;
}
.single-data .meta{
margin:0 0 10px 0px;
}
.single-data h1, h2, h3, h4, h5, h6 {
margin:5px 0 0 0;
}
.single-data blockquote {
padding: 0 0 0 45px;
background: transparent url(http://4.bp.blogspot.com/_k_DnmK4oz2Q/S1GUAcbHH5I/AAAAAAAAAa4/D6qcXwO97m4/s1600/blockquote.png) no-repeat left top;
font-style: italic;
font-family: Arial, verdana, sans-serif;
font-size:12px;
color: #999;
}
.single-data p {
font-family:Tahoma;
line-height:15px;
font-size:13px;
padding:0 10px 15px 0;
}
.single-data ol {
margin:0 0 0 15px;
}
.tittle {
font-size:20px;
font-family:Arial,verdana, sans-serif;
font-style:italic;
}
.single-data img {
margin:10px 0 10px 0;
}
/* Sidebar-Container */
.widgets2 {
float:left;
text-transform: bold;
margin:0px 0 0 0;
}
#sidebar-left {
width:260px;
}
#widgets h2 {
color: #004C7C;
font-weight: bold;
letter-spacing:-1px;
width:260px;
margin:15px 0 5px 0;
font: arial;
font-size:16px
}
#widgets {
width:260px;
margin:0px 0 0 15px;
list-style-type:none;
}
.customwidget {
float:left;
width:260px;
}

#widgets ul {
font-family:Arial,verdana, sans-serif;
font-style:italic;
line-height:17px;
margin-left:-5px;
}
#widgets ul a {
color:#666666;
font-size: 12px;
}
#widgets ul a:hover {
color: #004C7C;
text-decoration: underline;
}
#widgets li {
font-family:Arial, verdana, sans-serif;
font-style:normal;
line-height:17px;
font-size:11px;
padding-left: 5px;
list-style: none;
}
#widgets li a {
color:#666666;
}
#widgets li a:hover {
color:#004C7C;
}

/* Blog-Archive */
.archive-data {
width:460px;
margin:0 0 0 30px;
}
.archive-data img {
margin:5px 0 0 0;
border:6px solid #333;
width:445px;
}
#splitter {
background:url(http://3.bp.blogspot.com/_k_DnmK4oz2Q/S1GU21wUKyI/AAAAAAAAAc8/JeSWcivnH-U/s1600/top_splitter.png) no-repeat;
width:449px;
height:2px;
margin:5px 0 0 3px;
}
#splitter2 {
background:url(http://4.bp.blogspot.com/_k_DnmK4oz2Q/S1GUvN4gx2I/AAAAAAAAAcg/8ZhDUdREWDs/s1600/splitter2.png) repeat-x;
height:2px;
}
/* Ads125x125
-----------------------------------------------
 */
.ads125x125 {
 border: none;
 background-color: none;
 margin-bottom: 5px;
}
/* Footer-Container */
#footer-header {
height:0px;
}
#footer-body {
background-color:#E4E4E4;
border-top: 1px solid #DFDFDF;
}
#footer-data {
width:970px;
margin:0 auto;
padding:0 0 10px 0;
}
.footer-widget {
float:left;
width:220px;
margin:15px 10px 0 10px;
font-family:Arial,verdana, sans-serif;
font-weight:normal;
margin:0 0 5px 0;
padding:0 0 5px 20px;
color: #999999;
text-shadow: 1px 1px 0 #ffffff;
list-style-type:none;
}
.footer-widget h2 {
background:url(http://4.bp.blogspot.com/_9kZ609aKERI/TBrWhpIBBuI/AAAAAAAABbo/jHTTYBSuoEw/s1600/botline.png) repeat-x bottom left;
font-size:14px;
font-weight: bold;
font-family:Arial, verdana, sans-serif;
margin:10px 0 5px 0;
padding:0 0 5px 0;
color: #999999;
text-shadow: 1px 1px 0 #ffffff;
}
.footer-widget ul {
list-style: none;
font-family:Arial, verdana, sans-serif;
line-height:17px;
font-size:12px;
text-shadow: 1px 1px 0 #ffffff;
}
.footer-widget ul a {
list-style: none;
color:#999999;
text-shadow: 1px 1px 0 #ffffff;
}
.footer-widget ul a:hover {
color:#005387;
text-shadow: 1px 1px 0 #ffffff;
text-decoration: none;
}
.footer-widget li {
list-style: none;
font-family:Arial, verdana, sans-serif;
line-height:17px;
font-size:12px;
text-shadow: 1px 1px 0 #ffffff;
}
.footer-widget li a {
list-style: none;
color:#999999;
text-shadow: 1px 1px 0 #ffffff;
}
.footer-widget li a:hover {
color:#005387;
text-shadow: 1px 1px 0 #ffffff;
text-decoration: none;
}
.textwidget {
color:#999999;
font-size:12px;
text-shadow: 1px 1px 0 #ffffff;
text-decoration: underline;
}
#copyright {
background:url(http://3.bp.blogspot.com/_9kZ609aKERI/TBrIEkfc11I/AAAAAAAABbY/DP6eI30gHSw/s1600/copyright-bg.png) repeat-x;
height:46px;
overflow:hidden;
}
#copyright-data {
padding:10px 0 10px 0;
width:970px;
color:#cccccc;
margin:0 auto;
text-align:center;
}
#copyright-data a {
color:#ffffff;
font: 11px Arial;
}
#blog-pager-newer-link {
float: left;
}
#blog-pager-older-link {
float: right;
}
#blog-pager {
text-align: center;
}
.feed-links {
margin-top: 10px;
clear: both;
line-height: 2.5em;
}
.paginator {
font-family: Trebuchet MS;
margin-top:60px;
font-size:1.1em;
}
.paginator table {
border-collapse:collapse;
table-layout:fixed;
width:100%;
}
.paginator table td {
padding:0;
white-space:nowrap;
text-align:center;
}
.paginator span {
display:block;
padding:3px 0;
color:#fff;
}
.paginator span strong,
.paginator span a {
padding:2px 6px;
}
.paginator span strong {
background:#7DA503;
font-style:normal;
font-weight:bold;
}
.paginator .scroll_bar {
width:100%;	height:20px;
position:relative;
margin-top:10px;
}
.paginator .scroll_trough {
width:100%;	height:3px;
background:#E8E8E8;
overflow:hidden;
}
.paginator .scroll_thumb {
position:absolute;
z-index:2;
width:0; height:3px;
top:0; left:0;
font-size:1px;
background:#363636;
}
.paginator .scroll_knob {
position:absolute;
top:-5px; left:50%;
margin-left:-10px;
width:20px; height:20px;
overflow:hidden;
background:url(http://2.bp.blogspot.com/_yssney0-fJM/S0xRyxVUa1I/AAAAAAAABlk/90JTuau4QLk/s1600/Knob.png) no-repeat 50% 50%;
cursor:pointer; cursor:hand;
}
.paginator .current_page_mark {
position:absolute;
z-index:1;
top:0; left:0;
width:0; height:3px;
overflow:hidden;
background:#7DA503;
}
.fullsize .scroll_thumb {
display:none;
}
.paginator_pages {
width:600px;
text-align:right;
font-size:0.8em;
color:#808080;
margin-top:-10px;
}
#main-wrapper {
padding: 0px 10px 0px 10px;
width: 630px;
float: right;
word-wrap: break-word; /* fix for long text breaking sidebar float in IE */
overflow: hidden;     /* fix for long non-text content breaking IE sidebar float */
background: #ffffff;
-moz-border-radius: 10px;
-khtml-border-radius: 10px;
-webkit-border-radius: 10px;
border-radius: 10px;
border: none;
}
/* Posts
-----------------------------------------------
*/
h2.date-header {
margin:1.5em 0 .75em;
font:  100% Arial,Verdana,Sans-serif;
line-height: 1.4em;
text-transform:noone;
letter-spacing:0em;
color:#cccccc;
}
.post a{
color: #004C7C;
}
.post a:hover{
text-decoration: underline;
}
.post {
margin:.5em 0 1.5em;
padding-bottom:1.5em;
}
.post h3 {
margin:.25em 0 0;
padding:0 0 4px;
font-size:30px;
letter-spacing:-1px;
font-weight:bold;
line-height:1.4em;
color:#004C7C;
}
.post h3 a, .post h3 a:visited, .post h3 strong {
text-decoration:none;
color:#004C7C;
font-weight:bold;
}
.post h3 strong, .post h3 a:hover {
text-decoration:underline;
}
.post-body {
margin:1em 0 1em 0;
line-height:1.6em;
font: verdana;
}
.post ul {
margin: 5px 0px 5px 20px;
padding: 0px 0px 0px 0px;
}
.post ol {
margin: 5px 0px 5px 20px;
padding: 0px 0px 0px 0px;
}
.post ol li {
margin: 5px 0px 5px 10px;
padding: 0px;
}
.post-body blockquote {
line-height:1.3em;
}
.post-footer {
margin: 1.7em 0 0 0;
color:#cccccc;
text-transform:normal;
letter-spacing:0em;
font: italic 100% Arial, Verdana, Sans-serif;
line-height: 1.4em;
padding-top: 5px;
padding-bottom: 5px;
border-bottom:1px dashed #cccccc;
border-top:1px dashed #cccccc;
}
.comment-link {
float: right;
font-size: 13px;
margin-left:.6em;
}
.post img {
padding:4px;
border:1px solid #cccccc;
}
.post blockquote {
padding: 10px 0 10px 45px;
background: transparent url(http://4.bp.blogspot.com/_k_DnmK4oz2Q/S1Ofx5J3UvI/AAAAAAAAAfI/tettkbOEKmY/s1600/blockquote.png) no-repeat left top;
font-style: italic;
font-family:Arial,verdana, sans-serif;
font-size:12px;
color: #B5B5B5;
}
.post blockquote p {
padding: 0 0 0 45px;
background: transparent url(http://4.bp.blogspot.com/_k_DnmK4oz2Q/S1Ofx5J3UvI/AAAAAAAAAfI/tettkbOEKmY/s1600/blockquote.png) no-repeat left top;
font-style: italic;
font-family:Arial,verdana, sans-serif;
font-size:12px;
color: #999;
}
/* Comments
----------------------------------------------- */
#comments h4 {
color:#666666;
font-size:15px;
font-weight:bold;
letter-spacing:0;
line-height:1.4em;
margin:1em 0;
text-transform:none;
}
#comments-block {
line-height:1.6em;
margin:1em 0 1.5em;
}
#comments-block .comment-author {
-moz-background-clip:border;
-moz-background-inline-policy:continuous;
-moz-background-origin:padding;
margin:0.5em 0;
padding-bottom:4px;
padding-left:8px;
padding-top:4px;
}
#comments-block .comment-body {
margin-top:-7px;
padding-left:10px;
padding-top:10px;
}
#comments-block .comment-footer {
border-bottom: 1px solid #eeeeee;
font-size:11px;
line-height:1.4em;
margin:-0.25em 0 2em;
padding-bottom:5px;
padding-left:10px;
text-transform:none;
}
#comments-block .comment-body p {
margin:0;
padding-bottom:15px;
}
.deleted-comment {
color:gray;
font-style:italic;
}
#blog-pager-newer-link {
float: left;
}
#blog-pager-older-link {
float: right;
}
#blog-pager {
text-align: center;
}
.feed-links {
margin-top: 10px;
clear: both;
line-height: 2.5em;
margin-bottom: 10px;
}
/* Profile
----------------------------------------------- */
.profile-img {
float: left;
margin-top: 0;
margin-right: 5px;
margin-bottom: 5px;
margin-left: 0;
padding: 4px;
border: 1px solid #cccccc;
}
.profile-data {
margin:0;
text-transform:normal;
letter-spacing:.1em;
font: normal normal 100% 'Trebuchet MS', Trebuchet, Arial, Verdana, Sans-serif;
color: #666;
font-weight: bold;
line-height: 1.6em;
}
.profile-datablock {
margin:.5em 0 .5em;
}
.profile-textblock {
margin: 0.5em 0;
line-height: 1.6em;
}
.profile-link {
font: italic normal 100% 'Trebuchet MS', Trebuchet, Arial, Verdana, Sans-serif;
text-transform: normal;
letter-spacing: .1em;
}

]]></b:skin>



 </head>

  <body>
  <div id='top-wrapper'>
      <div id='top'>
           <div class='top-navigation' id='top-page-menu'>
               
<ul>
        <li><a expr:href='data:blog.homepageUrl'>Home</a></li>
	<li><a expr:href='data:blog.homepageUrl + &quot;feeds/posts/default&quot;'>Posts RSS</a></li>
	<li><a expr:href='data:blog.homepageUrl + &quot;feeds/comments/default&quot;'>Comments RSS</a></li>
        <li><a href='#'>Edit</a></li>
        <li><a href='#'>Edit</a></li>
</ul> 
               
           </div><!--end top-page-menu-->
      
          
           
           <div style='clear:both;'/>
           
           <div id='top-splitter'>
           </div><!--end top-splitter-->
      
           <div id='header_wrapper'> 
            <b:section class='header' id='header' maxwidgets='1' showaddelement='yes'>
<b:widget id='Header1' locked='true' title='Clear Lines Blue (Header)' type='Header'>
<b:includable id='title'>
  <b:if cond='data:blog.url == data:blog.homepageUrl'>
    <data:title/>
  <b:else/>
    <a expr:href='data:blog.homepageUrl'><data:title/></a>
  </b:if>
</b:includable>
<b:includable id='description'>
  <div class='descriptionwrapper'>
    <p class='description'><span><data:description/></span></p>
  </div>
</b:includable>
<b:includable id='main'>

  <b:if cond='data:useImage'>
    <b:if cond='data:imagePlacement == &quot;REPLACE&quot;'>
      <!--Show just the image, no text-->
      <div id='header-inner'>
        <a expr:href='data:blog.homepageUrl' style='display: block'>
          <img expr:alt='data:title' expr:height='data:height' expr:id='data:widget.instanceId + &quot;_headerimg&quot;' expr:src='data:sourceUrl' expr:width='data:width' style='display: block'/>
        </a>
      </div>
    <b:else/>
     
      <div expr:style='&quot;background-image: url(\&quot;&quot; + data:sourceUrl + &quot;\&quot;); &quot;                      + &quot;background-position: &quot;                      + data:backgroundPositionStyleStr + &quot;; &quot;                      + data:widthStyleStr                      + &quot;min-height: &quot; + data:height + &quot;px;&quot;                      + &quot;_height: &quot; + data:height + &quot;px;&quot;                      + &quot;background-repeat: no-repeat; &quot;' id='header-inner'>
        <div class='titlewrapper' style='background: transparent'>
          <h1 class='title' style='background: transparent; border-width: 0px'>
            <b:include name='title'/>
          </h1>
        </div>
        <b:include name='description'/>
      </div>
    </b:if>
  <b:else/>
    <!--No header image -->
    <div id='header-inner'>
      <div class='titlewrapper'>
        <h1 class='title'>
          <b:include name='title'/>
        </h1>
      </div>
      <b:include name='description'/>
    </div>
  </b:if>
</b:includable>
</b:widget>
</b:section>

<div class='ad468x60'>
<a href='http://colorizetemplates.com/'><img alt='colorizetemplates.com' class='ad468' src='http://3.bp.blogspot.com/_9kZ609aKERI/TBthS5UuneI/AAAAAAAABb4/J2eGVMJP5yQ/s1600/banner468x60.png' title='Free Blogger Templates'/></a>
</div>

           </div>
           <div style='clear:both;'/>

      </div><!--end top-->

</div><!--end top-wrapper--> 

<div style='clear:both;'/>
 
<div id='menu'>
<div class='container1'>
<div class='drop-down' id='menu-top'>
<ul class='superfish nav' id='cats-menu'>

<li class='current'><a expr:href='data:blog.homepageUrl'>HOME</a></li> 

<li><a href='/'>About</a></li>

<li class='cat-item'><a href='#' title=''>Posts RSS</a></li>

<li class='cat-item'><a href='#' title=''>Comments RSS</a></li>

<li class='cat-item'><a href='#' title=''>Edit</a></li>
			
</ul>
          </div><!--end drop-down-->

          
          <div class='drop-down' id='searchtop'>
                 <div id='topsearch'>

<form action='/search/' id='searchform' method='get'>
                    <input id='s' name='q' onblur='if (this.value == &quot;&quot;) {this.value = &quot;Search this blog...&quot;;}' onfocus='if (this.value == &quot;Search this blog...&quot;) {this.value = &quot;&quot;;}' type='text' value='Search this blog...'/>
                    <input alt='Search' id='go' src='http://3.bp.blogspot.com/_9kZ609aKERI/TBrCFtm4-EI/AAAAAAAABbQ/RTe9teo8YQ4/s1600/search.png' title='Search' type='image'/>
</form>

                 </div><!--end topsearch-->
          </div><!--end searchtop-->
          <div style='clear:both;'/>

		</div> <!-- end container -->
</div><!--end menu-->

<div id='wrapper'>
      <div id='maincontent'>
      <div class='column' id='sidebar'>
      <div style='clear:both;'/>
        <div id='sidebar-left'>

 <div id='widgets'>
<div class='.ads125x125'>

<a href='http://colorizetemplates.com/' target=''><img alt='colorizetemplates.com' class='ad125' src='http://2.bp.blogspot.com/_j82W7u9kZbs/SyVYzxcjEdI/AAAAAAAAAVA/FRNYL3bk63M/s400/125.gif' title='colorizetemplates.com'/></a>

<a href='http://colorizetemplates.com/' target=''><img alt='colorizetemplates.com' class='ad125' src='http://2.bp.blogspot.com/_j82W7u9kZbs/SyVYzxcjEdI/AAAAAAAAAVA/FRNYL3bk63M/s400/125.gif' title='colorizetemplates.com'/></a>

</div>
          <b:section class='customwidget' id='customwidget' showaddelement='yes'>
<b:widget id='Profile1' locked='false' title='About Me' type='Profile'>
<b:includable id='main'>
    <b:if cond='data:title != &quot;&quot;'>
      <h2><data:title/></h2>
    </b:if>
    <div class='widget-content'>
    <b:if cond='data:team == &quot;true&quot;'> <!-- team blog profile -->
      <ul>
        <b:loop values='data:authors' var='i'>
          <li><a expr:href='data:i.userUrl'><data:i.display-name/></a></li>
        </b:loop>
      </ul>

      <b:else/> <!-- normal blog profile -->

      <b:if cond='data:photo.url != &quot;&quot;'>
        <a expr:href='data:userUrl'><img class='profile-img' expr:alt='data:photo.alt' expr:height='data:photo.height' expr:src='data:photo.url' expr:width='data:photo.width'/></a>
      </b:if>

      <dl class='profile-datablock'>
        <dt class='profile-data'><data:displayname/></dt>

        <b:if cond='data:showlocation == &quot;true&quot;'>
          <dd class='profile-data'><data:location/></dd>
        </b:if>

        <b:if cond='data:aboutme != &quot;&quot;'><dd class='profile-textblock'><data:aboutme/></dd></b:if>
      </dl>
      <a class='profile-link' expr:href='data:userUrl'><data:viewProfileMsg/></a>
    </b:if>

     <b:include name='quickedit'/>
    </div>
  </b:includable>
</b:widget>
<b:widget id='BlogArchive1' locked='false' title='Blog Archive' type='BlogArchive'>
<b:includable id='main'>
  <b:if cond='data:title'>
    <h2><data:title/></h2>
  </b:if>
  <div class='widget-content'>
  <div id='ArchiveList'>
  <div expr:id='data:widget.instanceId + &quot;_ArchiveList&quot;'>
    <b:if cond='data:style == &quot;HIERARCHY&quot;'>
     <b:include data='data' name='interval'/>
    </b:if>
    <b:if cond='data:style == &quot;FLAT&quot;'>
      <b:include data='data' name='flat'/>
    </b:if>
    <b:if cond='data:style == &quot;MENU&quot;'>
      <b:include data='data' name='menu'/>
    </b:if>
  </div>
  </div>
  <b:include name='quickedit'/>
  </div>
</b:includable>
<b:includable id='flat' var='data'>
  <ul class='flat'>
    <b:loop values='data:data' var='i'>
      <li class='archivedate'>
        <a expr:href='data:i.url'><data:i.name/></a> (<data:i.post-count/>)
      </li>
    </b:loop>
  </ul>
</b:includable>
<b:includable id='menu' var='data'>
  <select expr:id='data:widget.instanceId + &quot;_ArchiveMenu&quot;'>
    <option value=''><data:title/></option>
    <b:loop values='data:data' var='i'>
      <option expr:value='data:i.url'><data:i.name/> (<data:i.post-count/>)</option>
    </b:loop>
  </select>
</b:includable>
<b:includable id='interval' var='intervalData'>
  <b:loop values='data:intervalData' var='i'>
      <ul class='hierarchy'>
        <li expr:class='&quot;archivedate &quot; + data:i.expclass'>
          <b:include data='i' name='toggle'/>
          <a class='post-count-link' expr:href='data:i.url'><data:i.name/></a>
            <span class='post-count' dir='ltr'>(<data:i.post-count/>)</span>
          <b:if cond='data:i.data'>
            <b:include data='i.data' name='interval'/>
          </b:if>
          <b:if cond='data:i.posts'>
            <b:include data='i.posts' name='posts'/>
          </b:if>
        </li>
      </ul>
  </b:loop>
</b:includable>
<b:includable id='toggle' var='interval'>
  <b:if cond='data:interval.toggleId'>
  <b:if cond='data:interval.expclass == &quot;expanded&quot;'>
    <a class='toggle' href='javascript:void(0)'>
      <span class='zippy toggle-open'>&#9660;&#160;</span>
    </a>
  <b:else/>
    <a class='toggle' href='javascript:void(0)'>
      <span class='zippy'>
        <b:if cond='data:blog.languageDirection == &quot;rtl&quot;'>
          &#9668;&#160;
        <b:else/>
          &#9658;&#160;
        </b:if>
      </span>
    </a>
  </b:if>
 </b:if>
</b:includable>
<b:includable id='posts' var='posts'>
  <ul class='posts'>
    <b:loop values='data:posts' var='i'>
      <li><a expr:href='data:i.url'><data:i.title/></a></li>
    </b:loop>
  </ul>
</b:includable>
</b:widget>
<b:widget id='Label1' locked='false' title='Labels' type='Label'>
<b:includable id='main'>
  <b:if cond='data:title'>
    <h2><data:title/></h2>
  </b:if>
  <div expr:class='&quot;widget-content &quot; + data:display + &quot;-label-widget-content&quot;'>
    <b:if cond='data:display == &quot;list&quot;'>
      <ul>
      <b:loop values='data:labels' var='label'>
        <li>
          <b:if cond='data:blog.url == data:label.url'>
            <span expr:dir='data:blog.languageDirection'><data:label.name/></span>
          <b:else/>
            <a expr:dir='data:blog.languageDirection' expr:href='data:label.url'><data:label.name/></a>
          </b:if>
          <b:if cond='data:showFreqNumbers'>
            <span dir='ltr'>(<data:label.count/>)</span>
          </b:if>
        </li>
      </b:loop>
      </ul>
    <b:else/>
      <b:loop values='data:labels' var='label'>
        <span expr:class='&quot;label-size label-size-&quot; + data:label.cssSize'>
          <b:if cond='data:blog.url == data:label.url'>
            <span expr:dir='data:blog.languageDirection'><data:label.name/></span>
          <b:else/>
            <a expr:dir='data:blog.languageDirection' expr:href='data:label.url'><data:label.name/></a>
          </b:if>
          <b:if cond='data:showFreqNumbers'>
            <span class='label-count' dir='ltr'>(<data:label.count/>)</span>
          </b:if>
        </span>
      </b:loop>
    </b:if>
    <b:include name='quickedit'/>
  </div>
</b:includable>
</b:widget>
</b:section>
                   
          
    </div>     
<div style='clear:both;'/>

<div id='widget'>

</div>
<!--end widget3--> 
</div><!--end sidebar-left-->      
 </div><!--end sidebar-->
       
       <div id='main-wrapper'>
        <b:section class='main' id='main' showaddelement='no'>
<b:widget id='Blog1' locked='true' title='Blog Posts' type='Blog'>
<b:includable id='nextprev'>
  <div class='blog-pager' id='blog-pager'>
    <b:if cond='data:newerPageUrl'>
      <span id='blog-pager-newer-link'>
      <a class='blog-pager-newer-link' expr:href='data:newerPageUrl' expr:id='data:widget.instanceId + &quot;_blog-pager-newer-link&quot;' expr:title='data:newerPageTitle'><data:newerPageTitle/> &#187;</a>
      </span>
    </b:if>

    <b:if cond='data:olderPageUrl'>
      <span id='blog-pager-older-link'>
      <a class='blog-pager-older-link' expr:href='data:olderPageUrl' expr:id='data:widget.instanceId + &quot;_blog-pager-older-link&quot;' expr:title='data:olderPageTitle'>&#171; <data:olderPageTitle/></a>
      </span>
    </b:if>

    <b:if cond='data:blog.homepageUrl != data:blog.url'>
      <a class='home-link' expr:href='data:blog.homepageUrl'><data:homeMsg/></a>
      <b:else/>
      <b:if cond='data:newerPageUrl'>
        <a class='home-link' expr:href='data:blog.homepageUrl'><data:homeMsg/></a>
      </b:if>
    </b:if>

  </div>
  <div class='clear'/>
</b:includable>
<b:includable id='shareButtons' var='post'>
  <b:if cond='data:post.sharePostUrl'>
      <a class='share-button sb-email' expr:href='data:post.sharePostUrl + &quot;&amp;target=email&quot;' expr:title='data:top.emailThisMsg' target='_blank'>
        <span class='share-button-link-text'><data:top.emailThisMsg/></span></a>
      <a class='share-button sb-blog' expr:href='data:post.sharePostUrl + &quot;&amp;target=blog&quot;' expr:onclick='&quot;window.open(this.href, \&quot;_blank\&quot;, \&quot;height=270,width=475\&quot;); return false;&quot;' expr:title='data:top.blogThisMsg' target='_blank'>
        <span class='share-button-link-text'><data:top.blogThisMsg/></span></a>
      <a class='share-button sb-twitter' expr:href='data:post.sharePostUrl + &quot;&amp;target=twitter&quot;' expr:title='data:top.shareToTwitterMsg' target='_blank'>
        <span class='share-button-link-text'><data:top.shareToTwitterMsg/></span></a>
      <a class='share-button sb-facebook' expr:href='data:post.sharePostUrl + &quot;&amp;target=facebook&quot;' expr:onclick='&quot;window.open(this.href, \&quot;_blank\&quot;, \&quot;height=430,width=640\&quot;); return false;&quot;' expr:title='data:top.shareToFacebookMsg' target='_blank'>
        <span class='share-button-link-text'><data:top.shareToFacebookMsg/></span></a>
      <a class='share-button sb-buzz' expr:href='data:post.sharePostUrl + &quot;&amp;target=buzz&quot;' expr:onclick='&quot;window.open(this.href, \&quot;_blank\&quot;, \&quot;height=415,width=690\&quot;); return false;&quot;' expr:title='data:top.shareToBuzzMsg' target='_blank'>
        <span class='share-button-link-text'><data:top.shareToBuzzMsg/></span></a>
  </b:if>
</b:includable>
<b:includable id='backlinks' var='post'>
  <a name='links'/><h4><data:post.backlinksLabel/></h4>
  <b:if cond='data:post.numBacklinks != 0'>
    <dl class='comments-block' id='comments-block'>
      <b:loop values='data:post.backlinks' var='backlink'>
        <div class='collapsed-backlink backlink-control'>
          <dt class='comment-title'>
            <span class='backlink-toggle-zippy'>&#160;</span>
            <a expr:href='data:backlink.url' rel='nofollow'><data:backlink.title/></a>
            <b:include data='backlink' name='backlinkDeleteIcon'/>
          </dt>
          <dd class='comment-body collapseable'>
            <data:backlink.snippet/>
          </dd>
          <dd class='comment-footer collapseable'>
            <span class='comment-author'><data:post.authorLabel/> <data:backlink.author/></span>
            <span class='comment-timestamp'><data:post.timestampLabel/> <data:backlink.timestamp/></span>
          </dd>
        </div>
      </b:loop>
    </dl>
  </b:if>
  <p class='comment-footer'>
    <a class='comment-link' expr:href='data:post.createLinkUrl' expr:id='data:widget.instanceId + &quot;_backlinks-create-link&quot;' target='_blank'><data:post.createLinkLabel/></a>
  </p>
</b:includable>
<b:includable id='post' var='post'>
  <div class='post hentry'>
    <a expr:name='data:post.id'/>
    <b:if cond='data:post.title'>
      <h3 class='post-title entry-title'>
     <b:if cond='data:post.link'>
       <a expr:href='data:post.link'><data:post.title/></a>
     <b:else/>
        <b:if cond='data:post.url'>
          <a expr:href='data:post.url'><data:post.title/></a>
        <b:else/>
          <data:post.title/>
        </b:if>
     </b:if>
      </h3>
    </b:if>

    <div class='post-header-line-1'/>

    <div class='post-body entry-content'>
      <data:post.body/>
      <div style='clear: both;'/> <!-- clear for photos floats -->
    </div>
  
    <b:if cond='data:post.hasJumpLink'>
      <div class='jump-link'>
        <a expr:href='data:post.url + &quot;#more&quot;' expr:title='data:post.title'><data:post.jumpText/></a>  
      </div>
    </b:if>
    
    <div class='post-footer'>
    <div class='post-footer-line post-footer-line-1'><span class='post-author vcard'>
        <b:if cond='data:top.showAuthor'>
          <data:top.authorLabel/>
          <span class='fn'><data:post.author/></span>
        </b:if>
      </span> <span class='post-timestamp'>
        <b:if cond='data:top.showTimestamp'>
          <data:top.timestampLabel/>
        <b:if cond='data:post.url'>
          <a class='timestamp-link' expr:href='data:post.url' rel='bookmark' title='permanent link'><abbr class='published' expr:title='data:post.timestampISO8601'><data:post.timestamp/></abbr></a>
        </b:if>
        </b:if>
      </span> <span class='post-comment-link'>
        <b:if cond='data:blog.pageType != &quot;item&quot;'>
          <b:if cond='data:post.allowComments'>
            <a class='comment-link' expr:href='data:post.addCommentUrl' expr:onclick='data:post.addCommentOnclick'><b:if cond='data:post.numComments == 1'>1 <data:top.commentLabel/><b:else/><data:post.numComments/> <data:top.commentLabelPlural/></b:if></a>
          </b:if>
        </b:if>
      </span> <span class='post-icons'>
        <!-- email post links -->
        <b:if cond='data:post.emailPostUrl'>
          <span class='item-action'>
          <a expr:href='data:post.emailPostUrl' expr:title='data:top.emailPostMsg'>
              <img alt='' class='icon-action' height='13' src='http://www.blogger.com/img/icon18_email.gif' width='18'/>
          </a>
          </span>
        </b:if>

        <!-- quickedit pencil -->
        <b:include data='post' name='postQuickEdit'/>
      </span> </div>

      <div class='post-footer-line post-footer-line-2'><span class='post-labels'>
        <b:if cond='data:post.labels'>
          <data:postLabelsLabel/>
          <b:loop values='data:post.labels' var='label'>
            <a expr:href='data:label.url' rel='tag'><data:label.name/></a><b:if cond='data:label.isLast != &quot;true&quot;'>,</b:if>
          </b:loop>
        </b:if>
      </span> </div>

      <div class='post-footer-line post-footer-line-3'><span class='post-location'>
        <b:if cond='data:top.showLocation'>
          <b:if cond='data:post.location'>
            <data:postLocationLabel/>
            <a expr:href='data:post.location.mapsUrl' target='_blank'><data:post.location.name/></a>
          </b:if>
        </b:if>
      </span> </div>
    </div>
  </div>
</b:includable>
<b:includable id='status-message'>
  <b:if cond='data:navMessage'>
  <div class='status-msg-wrap'>
    <div class='status-msg-body'>
      <data:navMessage/>
    </div>
    <div class='status-msg-border'>
      <div class='status-msg-bg'>
        <div class='status-msg-hidden'><data:navMessage/></div>
      </div>
    </div>
  </div>
  <div style='clear: both;'/>
  </b:if>
</b:includable>
<b:includable id='comment-form' var='post'>
  <div class='comment-form'>
    <a name='comment-form'/>
    <h4 id='comment-post-message'><data:postCommentMsg/></h4>
    <p><data:blogCommentMessage/></p>
    <data:blogTeamBlogMessage/>
    <a expr:href='data:post.commentFormIframeSrc' id='comment-editor-src'/>
    <iframe allowtransparency='true' class='blogger-iframe-colorize blogger-comment-from-post' frameborder='0' height='410' id='comment-editor' name='comment-editor' src='' width='100%'/>
    <data:post.friendConnectJs/>
    <data:post.cmtfpIframe/>
    <script type='text/javascript'>
      BLOG_CMT_createIframe(&#39;<data:post.appRpcRelayPath/>&#39;, &#39;<data:post.communityId/>&#39;);
    </script>
  </div>
</b:includable>
<b:includable id='backlinkDeleteIcon' var='backlink'>
  <span expr:class='&quot;item-control &quot; + data:backlink.adminClass'>
    <a expr:href='data:backlink.deleteUrl' expr:title='data:top.deleteBacklinkMsg'>
      <img src='http://www.blogger.com/img/icon_delete13.gif'/>
    </a>
  </span>
</b:includable>
<b:includable id='postQuickEdit' var='post'>
  <b:if cond='data:post.editUrl'>
    <span expr:class='&quot;item-control &quot; + data:post.adminClass'>
      <a expr:href='data:post.editUrl' expr:title='data:top.editPostMsg'>
        <img alt='' class='icon-action' height='18' src='http://www.blogger.com/img/icon18_edit_allbkg.gif' width='18'/>
      </a>
    </span>
  </b:if>
</b:includable>
<b:includable id='main' var='top'>
  <!-- posts -->
  <div class='blog-posts hfeed'>

    <b:include data='top' name='status-message'/>

    <data:defaultAdStart/>
    <b:loop values='data:posts' var='post'>
      <b:if cond='data:post.dateHeader'>
        <h2 class='date-header'><data:post.dateHeader/></h2>
      </b:if>
      <b:include data='post' name='post'/>
      <b:if cond='data:blog.pageType == &quot;static_page&quot;'>
        <b:include data='post' name='comments'/>
      </b:if>
      <b:if cond='data:blog.pageType == &quot;item&quot;'>
        <b:include data='post' name='comments'/>
      </b:if>
      <b:if cond='data:post.includeAd'>
        <b:if cond='data:post.isFirstPost'>
          <data:defaultAdEnd/>
        <b:else/>
          <data:adEnd/>
        </b:if>
        <div class='inline-ad'>
          <data:adCode/>
        </div>
        <data:adStart/>
      </b:if>
      <b:if cond='data:post.trackLatency'>
        <data:post.latencyJs/>
      </b:if>
    </b:loop>
    <data:adEnd/>
  </div>

  <!-- navigation -->
  <b:include name='nextprev'/>

  <!-- feed links -->
  <b:include name='feedLinks'/>
  
  <b:if cond='data:top.showStars'>
    <script src='http://www.google.com/jsapi' type='text/javascript'/>
    <script type='text/javascript'>
      google.load(&quot;annotations&quot;, &quot;1&quot;, {&quot;locale&quot;: &quot;<data:top.languageCode/>&quot;});
      function initialize() {
        google.annotations.setApplicationId(<data:top.blogspotReviews/>);
        google.annotations.createAll();
        google.annotations.fetch();
      }
      google.setOnLoadCallback(initialize);
    </script>
  </b:if>
</b:includable>
<b:includable id='commentDeleteIcon' var='comment'>
  <span expr:class='&quot;item-control &quot; + data:comment.adminClass'>
    <a expr:href='data:comment.deleteUrl' expr:title='data:top.deleteCommentMsg'>
      <img src='http://www.blogger.com/img/icon_delete13.gif'/>
    </a>
  </span>
</b:includable>
<b:includable id='feedLinks'>
  <b:if cond='data:blog.pageType != &quot;item&quot;'> <!-- Blog feed links -->
    <b:if cond='data:feedLinks'>
      <div class='blog-feeds'>
        <b:include data='feedLinks' name='feedLinksBody'/>
      </div>
    </b:if>

    <b:else/> <!--Post feed links -->
    <div class='post-feeds'>
      <b:loop values='data:posts' var='post'>
        <b:if cond='data:post.allowComments'>
          <b:if cond='data:post.feedLinks'>
            <b:include data='post.feedLinks' name='feedLinksBody'/>
          </b:if>
        </b:if>
      </b:loop>
    </div>
  </b:if>
</b:includable>
<b:includable id='feedLinksBody' var='links'>
  <div class='feed-links'>
  <data:feedLinksMsg/>
  <b:loop values='data:links' var='f'>
     <a class='feed-link' expr:href='data:f.url' expr:type='data:f.mimeType' target='_blank'><data:f.name/> (<data:f.feedType/>)</a>
  </b:loop>
  </div>
</b:includable>
<b:includable id='comments' var='post'>
  <div class='comments' id='comments'>
    <a name='comments'/>
    <b:if cond='data:post.allowComments'>
      <h4>
        <b:if cond='data:post.numComments == 1'>
          1 <data:commentLabel/>:
        <b:else/>
          <data:post.numComments/> <data:commentLabelPlural/>:
        </b:if>
      </h4>

      <b:if cond='data:post.commentPagingRequired'>
        <span class='paging-control-container'>
          <a expr:class='data:post.oldLinkClass' expr:href='data:post.oldestLinkUrl'><data:post.oldestLinkText/></a>
          &#160;
          <a expr:class='data:post.oldLinkClass' expr:href='data:post.olderLinkUrl'><data:post.olderLinkText/></a>
          &#160;
          <data:post.commentRangeText/>
          &#160;
          <a expr:class='data:post.newLinkClass' expr:href='data:post.newerLinkUrl'><data:post.newerLinkText/></a>
          &#160;
          <a expr:class='data:post.newLinkClass' expr:href='data:post.newestLinkUrl'><data:post.newestLinkText/></a>
        </span>
      </b:if>

      <dl expr:class='data:post.avatarIndentClass' id='comments-block'>
        <b:loop values='data:post.comments' var='comment'>
          <dt expr:class='&quot;comment-author &quot; + data:comment.authorClass' expr:id='data:comment.anchorName'>
            <b:if cond='data:comment.favicon'>
              <img expr:src='data:comment.favicon' height='16px' style='margin-bottom:-2px;' width='16px'/>
            </b:if>
            <a expr:name='data:comment.anchorName'/>
            <b:if cond='data:blog.enabledCommentProfileImages'>
              <data:comment.authorAvatarImage/>
            </b:if>
            <b:if cond='data:comment.authorUrl'>
              <a expr:href='data:comment.authorUrl' rel='nofollow'><data:comment.author/></a>
            <b:else/>
              <data:comment.author/>
            </b:if>
            <data:commentPostedByMsg/>
          </dt>
          <dd class='comment-body'>
            <b:if cond='data:comment.isDeleted'>
              <span class='deleted-comment'><data:comment.body/></span>
            <b:else/>
              <p><data:comment.body/></p>
            </b:if>
          </dd>
          <dd class='comment-footer'>
            <span class='comment-timestamp'>
              <a expr:href='data:comment.url' title='comment permalink'>
                <data:comment.timestamp/>
              </a>
              <b:include data='comment' name='commentDeleteIcon'/>
            </span>
          </dd>
        </b:loop>
      </dl>

      <b:if cond='data:post.commentPagingRequired'>
        <span class='paging-control-container'>
          <a expr:class='data:post.oldLinkClass' expr:href='data:post.oldestLinkUrl'>
            <data:post.oldestLinkText/>
          </a>
          <a expr:class='data:post.oldLinkClass' expr:href='data:post.olderLinkUrl'>
            <data:post.olderLinkText/>
          </a>
          &#160;
          <data:post.commentRangeText/>
          &#160;
          <a expr:class='data:post.newLinkClass' expr:href='data:post.newerLinkUrl'>
            <data:post.newerLinkText/>
          </a>
          <a expr:class='data:post.newLinkClass' expr:href='data:post.newestLinkUrl'>
            <data:post.newestLinkText/>
          </a>
        </span>
      </b:if>

      <p class='comment-footer'>
        <b:if cond='data:post.embedCommentForm'>
          <b:if cond='data:post.allowNewComments'>
            <b:include data='post' name='comment-form'/>
          <b:else/>
            <data:post.noNewCommentsText/>
          </b:if>
        <b:else/>
          <b:if cond='data:post.allowComments'>
            <a expr:href='data:post.addCommentUrl' expr:onclick='data:post.addCommentOnclick'><data:postCommentMsg/></a>
          </b:if>
        </b:if>

      </p>
    </b:if>

    <div id='backlinks-container'>
    <div expr:id='data:widget.instanceId + &quot;_backlinks-container&quot;'>
       <b:if cond='data:post.showBacklinks'>
         <b:include data='post' name='backlinks'/>
       </b:if>
    </div>
    </div>
  </div>
</b:includable>
</b:widget>
</b:section>
      </div>
        
<div style='clear:both;'/>        
     
<!--end articles--> 
<div style='clear:both;'/>

</div><!--end maincontent-->
</div><!--end wrapper-->

<div style='clear:both;'/>

<div id='footer-header'>
</div><!--end footer-header-->

<div id='footer-body'>
   <div id='footer-data'>
<b:section class='footer-widget' id='footer-widget1' showaddelement='yes'>
<b:widget id='Label3' locked='false' title='Labels' type='Label'>
<b:includable id='main'>
  <b:if cond='data:title'>
    <h2><data:title/></h2>
  </b:if>
  <div expr:class='&quot;widget-content &quot; + data:display + &quot;-label-widget-content&quot;'>
    <b:if cond='data:display == &quot;list&quot;'>
      <ul>
      <b:loop values='data:labels' var='label'>
        <li>
          <b:if cond='data:blog.url == data:label.url'>
            <span expr:dir='data:blog.languageDirection'><data:label.name/></span>
          <b:else/>
            <a expr:dir='data:blog.languageDirection' expr:href='data:label.url'><data:label.name/></a>
          </b:if>
          <b:if cond='data:showFreqNumbers'>
            <span dir='ltr'>(<data:label.count/>)</span>
          </b:if>
        </li>
      </b:loop>
      </ul>
    <b:else/>
      <b:loop values='data:labels' var='label'>
        <span expr:class='&quot;label-size label-size-&quot; + data:label.cssSize'>
          <b:if cond='data:blog.url == data:label.url'>
            <span expr:dir='data:blog.languageDirection'><data:label.name/></span>
          <b:else/>
            <a expr:dir='data:blog.languageDirection' expr:href='data:label.url'><data:label.name/></a>
          </b:if>
          <b:if cond='data:showFreqNumbers'>
            <span class='label-count' dir='ltr'>(<data:label.count/>)</span>
          </b:if>
        </span>
      </b:loop>
    </b:if>
    <b:include name='quickedit'/>
  </div>
</b:includable>
</b:widget>
</b:section>
<b:section class='footer-widget' id='footer-widget2' showaddelement='yes'>
<b:widget id='Text2' locked='false' title='Sample Text' type='Text'>
<b:includable id='main'>
  <!-- only display title if it's non-empty -->
  <b:if cond='data:title != &quot;&quot;'>
    <h2 class='title'><data:title/></h2>
  </b:if>
  <div class='widget-content'>
    <data:content/>
  </div>

  <b:include name='quickedit'/>
</b:includable>
</b:widget>
</b:section>
<b:section class='footer-widget' id='footer-widget3' showaddelement='yes'>
<b:widget id='Label2' locked='false' title='Labels' type='Label'>
<b:includable id='main'>
  <b:if cond='data:title'>
    <h2><data:title/></h2>
  </b:if>
  <div expr:class='&quot;widget-content &quot; + data:display + &quot;-label-widget-content&quot;'>
    <b:if cond='data:display == &quot;list&quot;'>
      <ul>
      <b:loop values='data:labels' var='label'>
        <li>
          <b:if cond='data:blog.url == data:label.url'>
            <span expr:dir='data:blog.languageDirection'><data:label.name/></span>
          <b:else/>
            <a expr:dir='data:blog.languageDirection' expr:href='data:label.url'><data:label.name/></a>
          </b:if>
          <b:if cond='data:showFreqNumbers'>
            <span dir='ltr'>(<data:label.count/>)</span>
          </b:if>
        </li>
      </b:loop>
      </ul>
    <b:else/>
      <b:loop values='data:labels' var='label'>
        <span expr:class='&quot;label-size label-size-&quot; + data:label.cssSize'>
          <b:if cond='data:blog.url == data:label.url'>
            <span expr:dir='data:blog.languageDirection'><data:label.name/></span>
          <b:else/>
            <a expr:dir='data:blog.languageDirection' expr:href='data:label.url'><data:label.name/></a>
          </b:if>
          <b:if cond='data:showFreqNumbers'>
            <span class='label-count' dir='ltr'>(<data:label.count/>)</span>
          </b:if>
        </span>
      </b:loop>
    </b:if>
    <b:include name='quickedit'/>
  </div>
</b:includable>
</b:widget>
</b:section>
<b:section class='footer-widget' id='footer-widget4' showaddelement='yes'>
<b:widget id='HTML1' locked='false' title='About this blog' type='HTML'>
<b:includable id='main'>
  <!-- only display title if it's non-empty -->
  <b:if cond='data:title != &quot;&quot;'>
    <h2 class='title'><data:title/></h2>
  </b:if>
  <div class='widget-content'>
    <data:content/>
  </div>

  <b:include name='quickedit'/>
</b:includable>
</b:widget>
</b:section>
      		
		<div style='clear:both;'/>
   </div><!--end footer-data-->
</div><!--end footer-body-->

<div id='copyright'>
   
   <div id='copyright-data'>
      <small>
        Copyright &#169; 2010 - <a expr:href='data:blog.homepageUrl'><data:blog.title/></a>. All Rights Reserved.<br/>
	<a href='http://www.colorizetemplates.com/' target='_blank'>Blogger templates</a> created by <a href='http://www.colorizetemplates.com/' target='_blank'>ColorizeTemplates</a>
      </small>
   </div><!--end copyright-data-->
</div><!--end copyright-->
 

</body>
 
</html>