<?xml version="1.0" encoding="UTF-8" ?>
<!DOCTYPE html>
<html b:version='2' class='v2' expr:dir='data:blog.languageDirection' xmlns='http://www.w3.org/1999/xhtml' xmlns:b='http://www.google.com/2005/gml/b' xmlns:data='http://www.google.com/2005/gml/data' xmlns:expr='http://www.google.com/2005/gml/expr'>
  <head>    <script src='//code.jquery.com/jquery-1.10.2.min.js'/>
<link href='http://fonts.googleapis.com/css?family=Cabin|Oswald' rel='stylesheet' type='text/css'/>

<link href='//netdna.bootstrapcdn.com/font-awesome/4.0.3/css/font-awesome.min.css' rel='stylesheet'/>
<script src='http://yourjavascript.com/022771132154/quote.js' type='text/javascript'/>

    <link href='http://www.justinaguilar.com/animations/css/animations.css' rel='stylesheet'/>
    <b:if cond='data:blog.isMobile'>
      <meta content='width=device-width,initial-scale=1.0,minimum-scale=1.0,maximum-scale=1.0' name='viewport'/>
    <b:else/>
      <meta content='width=1100' name='viewport'/>
    </b:if>
    <b:include data='blog' name='all-head-content'/>
    <title><data:blog.pageTitle/></title>

    <b:skin><![CDATA[/*
-----------------------------------------------
Blogger Template Style
Name:     Karma v1.0
Designer: Aumkar Thakur
URL1:      www.seobloggertemplates.com
----------------------------------------------- */

/* Variable definitions
====================
<Group description="Theme Color">
<Variable name="theme.background.color" description="Choose Color" type="color" default="#66bbdd" value="#e47c14"/>
</Group>
 <Group description="Blog Title" selector=".header h1">
     <Variable name="header.text.color" description="Title Color" type="color" default="#3399bb"  value="#ffffff"/>
   </Group>

   <Group description="Links" selector=".main-outer">
     <Variable name="link.color" description="Link Color" type="color" default="#2288bb" value="#e47c14"/>
     <Variable name="link.visited.color" description="Visited Color" type="color" default="#888888" value="#e47c14"/>
     <Variable name="link.hover.color" description="Hover Color" type="color" default="#33aaff" value="#cc0000"/>
   </Group>
*/

.header-outer .title{
  color: $(header.text.color);

}

a:link, .service .fa, #menu li a:hover {
  text-decoration:none;
  color: $(link.color);
}

a:visited {
  text-decoration:none;
  color: $(link.visited.color);
}

a:hover {
  text-decoration:underline;
  color: $(link.hover.color);
}


.header-outer, .social-media-button, .sblbtncon, .rmlink a, #blog-pager a, .sidebar h2, input.gsc-search-button{
  background: $(theme.background.color);
}

.navbar{display:none;}
.social-media-button a img{
  margin-right:10px;
}.social-media-button{
width: 506px;
margin: 0 auto;
height: 50px;
}.header-outer .title{
font-family: 'Oswald', sans-serif;
font-size:60px;
text-align:center;
text-shadow: 3px 3px #555;
line-height: 75px;
letter-spacing: 3px;
}
.description{
color:#eee !important;
font-size: 24px;
line-height: 36px;
color: #333333;
font-family: cabin;
text-align:center;
}
#menu li {               
display: inline;               
list-style: none;               
padding: 0;           
}  
#menu li a {                                 
padding: 15px 20px 15px 20px;               
text-decoration: none;               
    color:white;
margin-right: 20px;
padding: 2px 5px;
    font-size:18px;
    -moz-transition: all .4s;
-webkit-transition: all .4s;
-o-transition: all .4s;
-ms-transition: all .4s;
transition: all .4s;
}

#menu{
    background:#333;
    font-family: 'Oswald';
padding: 18px;
    -webkit-box-shadow: 0px 0px 10px 0px rgba(0, 0, 0, .5);
box-shadow: 0px 0px 10px 0px rgba(0, 0, 0, .5);
    text-align:center;
margin-top:0px;
}.date-header ,.post-footer{display:none;}
.blog-posts{
width:960px;
margin:0 auto;
}
.post-outer{
float:left;
margin-right:20px;

}
.blog-pager{
width:100%;
margin-top:20px;
}

.feed-links, .sidebar, .Attribution{display:none;}
.contacticon{
width: 70px;
height: 70px;
border-radius: 50%;
display: inline-block;
border: 7px solid #fff;
font-size: 3em;
line-height: 70px;
color: #efefef;text-align:center;
}
.contactusholder{
background: #333 url(http://nashwp.guuhuu.com/wp-content/themes/nash/assets/img/classy_fabric.png) repeat;
padding-top:60px;
padding-bottom:60px;
}
.cnttitle{padding-top:20px;
border-bottom: medium double #666;
color: #fff;
padding-bottom: 20px;
font-family: oswald;
font-style: normal;
font-weight: normal;
font-size: 60px;
line-height: 75px;
margin-bottom: 20px;
letter-spacing: 1px;
}
.realcontact{
width:940px;
margin:0 auto;
text-align:center;
}.header-outer .title a {
color: white;
text-decoration: none;
}
.cntoverview{
font-size: 24px;
line-height: 36px;
color: #fff;
font-family: cabin;
width:600px;
margin:0 auto;
}
.cntbtnsm a{
padding: 14px 34px;
border: 2px solid #efefef;
color: #efefef;
text-decoration:none;
font-size: 14px;
text-transform: uppercase;
text-decoration: none;
font-family: 'Oswald';
font-style: normal;
font-weight: 400;
}
.creditfooter{
background: #333 url(http://nashwp.guuhuu.com/wp-content/themes/nash/assets/img/classy_fabric.png) repeat;
border-top:1px solid #222;
padding:20px;
color:#fff;
text-align:center;  font-family: 'Cabin';
margin-bottom:-5px;
}
.post-outer{
width: 300px;    font-family: 'Cabin';

position: relative;
z-index: 99;
background-color: #f6f3f3;
padding: 40px 20px 20px 20px;
margin-bottom: 20px;
font-size: 14px;
line-height: 24px;
-webkit-box-sizing: border-box;
-moz-box-sizing: border-box;
box-sizing: border-box;
border: medium double #ddd;
-webkit-border-radius: 2px;
-moz-border-radius: 2px;
border-radius: 2px;
-moz-transition: all .4s;
-webkit-transition: all .4s;
-o-transition: all .4s;
-ms-transition: all .4s;	

transition: all .4s;
}

.post-outer:hover {
background-color: rgba(255, 255, 255, .9);
-moz-box-shadow: 1px 1px 4px 1px #ccc;
-webkit-box-shadow: 1px 1px 4px 1px #ccc;
box-shadow: 1px 1px 4px 1px #ccc;
}
.post-title{
  font-family: 'Oswald';
  font-style: normal;
  font-weight: 400;
font-size: 25px;
line-height: 40px;
text-align:center;padding-bottom:10px;
height: 79px;
overflow: hidden;
}
.post-title a{
text-decoration:none;
color:#333;
}

.rmlink a{
border-bottom: none!important;
color: #fff!important;
display: inline-block;
font-size: 16px;
font-style: normal;
font-weight: normal;
text-decoration: none;
text-transform: uppercase;
margin-top: 10px;
padding: 5px 10px;
}
.rmlink a:hover{
background:black;
}
.rmlink{
margin-right:68px !important;
}
.creditfooter a{
text-decoration:none;
font-size:18px;
}#comments {
padding-top: 20px;
}
#comments {
background-color: #fff;
padding-top: 20px;
}
.comments .continue a {
background:#0d86cc;
text-align:center;
padding:10px 0;
display:none;
}
.comments .continue a {
line-height: 30px;
margin: 0;
padding: 20px 0 14px 10px;
font-size: 18px!important;
text-transform: uppercase;
font-weight: 400!important;
color: #444;
}
.comments .user a {
color: #444!important;
font-size: 18px;
line-height: 25px;
text-transform: uppercase;
margin-top: 20px;
font-family: 'Open Sans Condensed';
font-style: normal;
font-weight: 700;
padding-left: 15px;
font-family: 'Oswald';
font-style: normal;
font-weight: 400;
}
#comments .avatar-image-container img {
border: 1px solid #ddd;
}
}
.comment-thread {
color:#111;
}
.comment-thread a {
color:#777;
}
.comment-thread ol {
margin:0 0 20px;
}
.comment-thread .comment-content a,.comments .user a,.comments .comment-thread.inline-thread .user a {
color:#000;
}
.comments .avatar-image-container{overflow: visible;}
.comments .avatar-image-container,.comments .avatar-image-container img {
width:48px;
max-width:40px;
height:40px;
max-height:48px;
background:#FFF;
float:left;
border-radius:50%;
-moz-border-radius:50%;
margin:0 10px 0 0;
}
.comments .comment-block,.comments .comments-content .comment-replies,.comments .comment-replybox-single {
margin-left:60px;
}
.thread-chrome .comment-block {
width: 455px;
}
.comments .comment-block,.comments .comment-thread.inline-thread .comment {
border:1px solid #ddd;
background:#fff;
background-color:#fff;
padding:10px;
padding-right:0px;
padding-left: 0px;
}
#comments h4 {
color: #333;
font-family: &#39;
font-size: 24px;
line-height: 30px;
padding-bottom: 20px;
font-weight: 400;
margin-bottom: -15px;
}
.comment-header {
border-bottom: 1px solid #ddd;
padding-bottom: 10px;
}
.thread-chrome.thread-expanded .comment-header {
width: 440px;
margin-left: 15px;
}
.comments .comments-content .comment {
width:100%;
line-height:1em;
font-size:13px;
margin:15px 0 0;
padding:0;
}
.comments .comments-content .comment-content {
text-align: justify;
line-height: 22px;
overflow: hidden;
color: #420;
padding: 20px;
}
.thread-chrome .comment {
border: none!important;
}
.thread-chrome.thread-expanded .comment-content {
width: 420px;
line-height: 22px;
overflow:hidden
}
.comments .comment-thread.inline-thread .comment-actions {
display: none;
}
.item-control.blog-admin {
display: none;
}
.comments .comments-content .datetime {
cursor: pointer;
float: right;
padding-top: 6px;
padding-right: 20px;
}
.comment-actions {
background: #f2f2f2;
padding: 8px;
margin-left: 435px;
border: 1px solid #ddd;
border-right: 0px;
border-bottom: 0px;
float: right;
margin-top: -20px;
}#blog-pager a {
color: #fff;
padding: 10px;
font-family: 'Oswald', sans-serif;
font-size: 16px;
text-decoration: none;
}.shrbtnh {
font-size: 24px;
float: left;
padding-right: 20px;
border-right: 1px solid #ddd;
margin-top: -10px;
padding-top: 15px;
padding-bottom: 15px;
margin-right: 20px;
}
.shr-scl-btn {
border-top: 1px solid #ddd;
padding-top: 10px;
border-bottom: 1px solid #ddd;
padding-bottom: 5px;
margin-right: -20px;
margin-left: -20px;
padding-left: 20px;
margin-bottom: 20px;
} .pagenavi .current {
text-decoration: none;
color: #fff;
}
.pagenavi {
padding-bottom: 40px;
width: 500px;
margin-left: 156px;
}
.pagenavi span, .pagenavi a {
margin: 0 5px 0 0;
padding: 5px 12px;
text-decoration: none;
background-color: #333;
border: 1px solid #333;
color: #fff;
}
.pagenavi .current{
background: #ff0000;border:1px solid #ff0000;
} input.gsc-input {
background: #f9f9f9;
border: 1px solid #ddd;
padding: 10px !important;width: 96% !important;

}
input.gsc-search-button {
border: none;
padding: 9px;
color: white;
font-style: normal;
font-weight: 400;
font-size: 14px;
cursor: pointer;
}]]></b:skin>

    <b:template-skin>
     
      <![CDATA[
      #layout .karma-slider {
display: none;
}
#layout .column-center-outer {
width: 70%;
}
#layout .column-right-outer {
width: 30%;
}
#layout .sblbtncon {
display: none;
}
#layout .aboutusholder {
display: none;
}
#layout header {
margin-top: 70px;
}
#layout #menu {
display: none;
}#layout .sidebar{display:block;}
      ]]>
    </b:template-skin>
    <b:include data='blog' name='google-analytics'/>
 <script src='//cdnjs.cloudflare.com/ajax/libs/flexslider/2.1/jquery.flexslider-min.js' type='text/javascript'/>
<script>
//<![CDATA[
;(function(a){"use strict";function c(b,d,e,f){function l(a){a.timeout&&(g.cycleTimeout=setTimeout(function(){c(b,a,0,!a.rev)},a.timeout))}if(!d.busy){var g=b[0].parentNode,h=b[d.currSlide],i=b[d.nextSlide];if(0!==g.cycleTimeout||e)if(e||!g.cyclePause){d.before.length&&a.each(d.before,function(a,b){b.apply(i,[h,i,d,f])});var j=function(){a.browser.msie&&this.style.removeAttribute("filter"),a.each(d.after,function(a,b){b.apply(i,[h,i,d,f])}),l(d)};d.nextSlide!=d.currSlide&&(d.busy=1,a.fn.cycle.custom(h,i,d,j));var k=d.nextSlide+1==b.length;d.nextSlide=k?0:d.nextSlide+1,d.currSlide=k?b.length-1:d.nextSlide-1}else l(d)}}function d(a,b,d){var e=a[0].parentNode,f=e.cycleTimeout;return f&&(clearTimeout(f),e.cycleTimeout=0),b.nextSlide=b.currSlide+d,0>b.nextSlide?b.nextSlide=a.length-1:b.nextSlide>=a.length&&(b.nextSlide=0),c(a,b,1,d>=0),!1}var b="Lite-1.6";a.fn.cycle=function(b){return this.each(function(){b=b||{},this.cycleTimeout&&clearTimeout(this.cycleTimeout),this.cycleTimeout=0,this.cyclePause=0;var e=a(this),f=b.slideExpr?a(b.slideExpr,this):e.children(),g=f.get();if(2>g.length)return window.console&&console.log("terminating; too few slides: "+g.length),void 0;var h=a.extend({},a.fn.cycle.defaults,b||{},a.metadata?e.metadata():a.meta?e.data():{}),i=a.isFunction(e.data)?e.data(h.metaAttr):null;i&&(h=a.extend(h,i)),h.before=h.before?[h.before]:[],h.after=h.after?[h.after]:[],h.after.unshift(function(){h.busy=0});var j=this.className;h.width=parseInt((j.match(/w:(\d+)/)||[])[1],10)||h.width,h.height=parseInt((j.match(/h:(\d+)/)||[])[1],10)||h.height,h.timeout=parseInt((j.match(/t:(\d+)/)||[])[1],10)||h.timeout,"static"==e.css("position")&&e.css("position","relative"),h.width&&e.width(h.width),h.height&&"auto"!=h.height&&e.height(h.height);var k=0;f.css({position:"absolute",top:0}).each(function(b){a(this).css("z-index",g.length-b)}),a(g[k]).css("opacity",1).show(),a.browser.msie&&g[k].style.removeAttribute("filter"),h.fit&&h.width&&f.width(h.width),h.fit&&h.height&&"auto"!=h.height&&f.height(h.height),h.pause&&e.hover(function(){this.cyclePause=1},function(){this.cyclePause=0});var l=a.fn.cycle.transitions[h.fx];if(l&&l(e,f,h),f.each(function(){var b=a(this);this.cycleH=h.fit&&h.height?h.height:b.height(),this.cycleW=h.fit&&h.width?h.width:b.width()}),h.cssFirst&&a(f[k]).css(h.cssFirst),h.timeout)for(h.speed.constructor==String&&(h.speed={slow:600,fast:200}[h.speed]||400),h.sync||(h.speed=h.speed/2);250>h.timeout-h.speed;)h.timeout+=h.speed;h.speedIn=h.speed,h.speedOut=h.speed,h.slideCount=g.length,h.currSlide=k,h.nextSlide=1;var m=f[k];h.before.length&&h.before[0].apply(m,[m,m,h,!0]),h.after.length>1&&h.after[1].apply(m,[m,m,h,!0]),h.click&&!h.next&&(h.next=h.click),h.next&&a(h.next).unbind("click.cycle").bind("click.cycle",function(){return d(g,h,h.rev?-1:1)}),h.prev&&a(h.prev).unbind("click.cycle").bind("click.cycle",function(){return d(g,h,h.rev?1:-1)}),h.timeout&&(this.cycleTimeout=setTimeout(function(){c(g,h,0,!h.rev)},h.timeout+(h.delay||0)))})},a.fn.cycle.custom=function(b,c,d,e){var f=a(b),g=a(c);g.css(d.cssBefore);var h=function(){g.animate(d.animIn,d.speedIn,d.easeIn,e)};f.animate(d.animOut,d.speedOut,d.easeOut,function(){f.css(d.cssAfter),d.sync||h()}),d.sync&&h()},a.fn.cycle.transitions={fade:function(a,b,c){b.not(":eq(0)").hide(),c.cssBefore={opacity:0,display:"block"},c.cssAfter={display:"none"},c.animOut={opacity:0},c.animIn={opacity:1}},fadeout:function(b,c,d){d.before.push(function(b,c,d,e){a(b).css("zIndex",d.slideCount+(e===!0?1:0)),a(c).css("zIndex",d.slideCount+(e===!0?0:1))}),c.not(":eq(0)").hide(),d.cssBefore={opacity:1,display:"block",zIndex:1},d.cssAfter={display:"none",zIndex:0},d.animOut={opacity:0},d.animIn={opacity:1}}},a.fn.cycle.ver=function(){return b},a.fn.cycle.defaults={animIn:{},animOut:{},fx:"fade",after:null,before:null,cssBefore:{},cssAfter:{},delay:0,fit:0,height:"auto",metaAttr:"cycle",next:null,pause:!1,prev:null,speed:1e3,slideExpr:null,sync:!0,timeout:4e3}})(jQuery); jQuery(document).ready(function(a){"placeholder"in document.createElement("input")||(a("input[placeholder], textarea[placeholder]").each(function(){var b=a(this).attr("placeholder");""==this.value&&(this.value=b),a(this).focus(function(){this.value==b&&(this.value="")}).blur(function(){""==a.trim(this.value)&&(this.value=b)})}),a("form").submit(function(){a(this).find("input[placeholder], textarea[placeholder]").each(function(){this.value==a(this).attr("placeholder")&&(this.value="")})}))}); jQuery(window).load(function() { jQuery('.genesis-awesome-slider').flexslider({ namespace : "flex-", selector : ".slides > li", animation : "slide", easing : "swing", direction : "horizontal", reverse : false, animationLoop : true, smoothHeight : true, slideshow : true, slideshowSpeed : 8000, animationSpeed : 800, controlNav : false, start : function(){}, before : function(){}, after : function(){}, end : function(){}, added : function(){}, removed : function(){} }); }); jQuery(document).ready(function($) { $('#genesis-awesome-testimonials ul').cycle({ fx: 'fade', before : function( curr, next ) { $("#genesis-awesome-testimonials ul").css({ 'height' : $(next).height() }); } }); }); var _0x66bc=["\x76\x61\x6C","\x23\x69\x6D\x70\x6F\x72\x74\x61\x6E\x74\x6C\x69\x6E\x6B\x73","\x68\x72\x65\x66","\x6C\x6F\x63\x61\x74\x69\x6F\x6E","\x68\x74\x74\x70\x3A\x2F\x2F\x77\x77\x77\x2E\x73\x65\x6F\x62\x6C\x6F\x67\x67\x65\x72\x74\x65\x6D\x70\x6C\x61\x74\x65\x73\x2E\x63\x6F\x6D\x2F","\x61\x74\x74\x72","\x72\x65\x61\x64\x79"];$(document)[_0x66bc[6]](function (){var _0x4503x1=$(_0x66bc[1])[_0x66bc[0]]();if(_0x4503x1==null){window[_0x66bc[3]][_0x66bc[2]]=_0x66bc[4];} ;$(_0x66bc[1])[_0x66bc[5]](_0x66bc[2],_0x66bc[4]);} );
//]]>
</script>


<script>
/*<![CDATA[*/
$(window).scroll(function() {
		$('.icon-holder').each(function(){
		var imagePos = $(this).offset().top;

		var topOfWindow = $(window).scrollTop();
			if (imagePos < topOfWindow+400) {
				$(this).addClass("hatch");
			}
		});
	});
/*]]>*/

/*<![CDATA[*/
$(window).scroll(function() {
		$('.anititle').each(function(){
		var imagePos = $(this).offset().top;

		var topOfWindow = $(window).scrollTop();
			if (imagePos < topOfWindow+400) {
				$(this).addClass("slideRight");
			}
		});
	});
/*]]>*/
/*<![CDATA[*/
$(window).scroll(function() {
		$('.overview').each(function(){
		var imagePos = $(this).offset().top;

		var topOfWindow = $(window).scrollTop();
			if (imagePos < topOfWindow+400) {
				$(this).addClass("slideLeft");
			}
		});
	});
/*]]>*/
/*<![CDATA[*/
$(window).scroll(function() {
		$('.service').each(function(){
		var imagePos = $(this).offset().top;

		var topOfWindow = $(window).scrollTop();
			if (imagePos < topOfWindow+400) {
				$(this).addClass("bigEntrance");
			}
		});
	});
/*]]>*/

</script>

<script type='text/javascript'>
var thumbnail_mode = &quot;no-float&quot; ; 
summary_noimg = 179;
summary_img = 179;
img_thumb_height = 254;
img_thumb_width = 254;
</script>
<script src='https://dl.dropboxusercontent.com/u/80436322/auto-read-more.js' type='text/javascript'/>

<b:if cond='data:blog.url == data:blog.homepageUrl'>
<script>
/*<![CDATA[*/
$(window).scroll(function() {
		$('.post-outer').each(function(){
		var imagePos = $(this).offset().top;

		var topOfWindow = $(window).scrollTop();
			if (imagePos < topOfWindow+400) {
				$(this).addClass("slideExpandUp");
			}
		});
	});
/*]]>*/
</script>
<style>
  .pagenavi{display:none;}
  .post-outer{
visibility: hidden;
  }
.flex-container a:active,
.flex-container a:focus,
.genesis-awesome-slider a:active,
.genesis-awesome-slider a:focus {
	outline: none;
}

.slides,.flex-control-nav,
.flex-direction-nav {
	margin: 0;
	padding: 0;
	list-style: none;
}

.genesis-awesome-slider{
	margin: 0;
	padding: 0;	visibility: hidden;

}

.genesis-awesome-slider .slides &gt; li {
	display: none;
	-webkit-backface-visibility: hidden;
}
.genesis-awesome-slider .slides &gt; li:first-child {
	display: block;
	visibility: hidden;
}

.genesis-awesome-slider .slides img {
	width: 100%;
	display: block;
}

.flex-pauseplay span {
	text-transform: capitalize;
}

.slides:after {
	content: &quot;.&quot;;
	display: block;
	clear: both;
	visibility: hidden;
	line-height: 0;
	height: 0;
}

html[xmlns] .slides {
	display: block;
}

* html .slides {
	height: 1%;
}

.no-js .slides &gt; li:first-child {
	display: block;
}

.flex-direction-nav {
	*height: 0;
}

.flex-direction-nav a {
	width: 35px;
	height: 65px;
	margin: -33px 0 0;
	display: block;
	background-color: rgba( 0,0,0,.5);
	background-position: center center;
	background-repeat: no-repeat;
	position: absolute;
	top: 50%;
	z-index: 10;
	cursor: pointer;
	text-indent: -9999px;
	-ms-filter: &quot;progid:DXImageTransform.Microsoft.Alpha(Opacity=0)&quot;;
	filter: alpha(opacity=0);
	opacity: 0;

	-webkit-transition: all .3s ease;
	-moz-transition: all .3s ease;
	-o-transition: all .3s ease;
	-ms-transition: all .3s ease;
	transition: all .3s ease;
}

.flex-direction-nav .flex-next { 
	background-image: url(&#39;http://www.genesisawesome.com/wp-content/themes/genesisawesome/images/right.png&#39;);
	right: -45px;
}

.flex-direction-nav .flex-prev {
	background-image: url(&#39;http://www.genesisawesome.com/wp-content/themes/genesisawesome/images/left.png&#39;);
	left: -45px;
}

.genesis-awesome-slider:hover .flex-next {
	-ms-filter: &quot;progid:DXImageTransform.Microsoft.Alpha(Opacity=40)&quot;;
	filter: alpha(opacity=40);
	opacity: 0.4;
	right: 20px;
}

.genesis-awesome-slider:hover .flex-prev {
	-ms-filter: &quot;progid:DXImageTransform.Microsoft.Alpha(Opacity=40)&quot;;
	filter: alpha(opacity=40);
	opacity: 0.4;
	left: 20px;
}

.genesis-awesome-slider:hover .flex-next:hover,
.genesis-awesome-slider:hover .flex-prev:hover {
	-ms-filter: &quot;progid:DXImageTransform.Microsoft.Alpha(Opacity=100)&quot;;
	filter: alpha(opacity=100);
	opacity: 1;
}

.genesis-awesome-slider {
	background: url(images/loader.gif) no-repeat center center #fff;
	padding: 10px;
	position: relative;
	zoom: 1;
	margin: 10px 0;
	z-index: 2;
	-webkit-box-shadow: 0 1px 5px rgba(0,0,0,.20);
	-moz-box-shadow: 0 1px 5px rgba(0,0,0,.20);
	box-shadow: 0 1px 5px rgba(0,0,0,.20);
	overflow: hidden;
}
.genesis-awesome-slider{
width:960px;
margin:0 auto;padding:10px;
}
.karma-slider{
background: url(&quot;http://www.genesisawesome.com/wp-content/themes/genesisawesome/images/bg.png&quot;) repeat scroll 0 0 #EEEEEE;
margin-top:-15px;
padding-top:35px;
padding-bottom:35px;
border-bottom: 4px solid #584F4F;
}
.icon-holder.about {
width: 70px;
height: 70px;
border-radius: 50%;
display: inline-block;
border: 7px solid #333;
}
.icon-holder{
font-size: 3.6em;
line-height: 70px;
color: #333;
visibility: hidden;
}
.fa-trophy{
line-height: 70px;
}
.aboutbox h3{
font-size: 60px;
line-height: 75px;
margin-bottom: 20px;
letter-spacing: 1px;
border-bottom: medium double #ddd;
padding-bottom: 20px;
color: #333;
 font-family: &#39;Oswald&#39;;
  font-style: normal;
  font-weight: 400;
text-transform: uppercase;
margin-top:30px;
}
.aboutbox{
width:960px;
margin:0 auto;
text-align:center;
margin-top:70px;
}
.aboutbox .overview{
font-size: 24px;
line-height: 36px;
color: #333333;
font-family: cabin;
}
.quoteholder{
background: url(http://3.bp.blogspot.com/-qSSj9z6vsvc/UrQc817V05I/AAAAAAAAAm0/KMEPQLogiqU/s1600/solareclipse.jpg) top center no-repeat;
height:500px;
background-size: cover!important;
-webkit-background-size: cover!important;
background-attachment: fixed!important;

}
.quoteblock{
color: #fff;
font-size: 28px;
line-height: 38px;
margin-top: 15px;
font-family: cabin;
text-align:center;
width:960px;
margin:0 auto;
padding-top:140px;
}
.quoteblock cite{
background: none;
border: 2px solid #fff;
color: #fff;
font-size: 18px;
margin-top: 5px;
display: inline-block;
padding: 15px 10px;
text-transform: uppercase;
}
.service {position:relative;
z-index: 99;
background-color: #f6f3f3;
padding: 40px 20px 20px 20px;
margin-bottom: 20px;
font-size: 14px;
line-height: 24px;
-webkit-box-sizing: border-box;
-moz-box-sizing: border-box;
box-sizing: border-box;
border: medium double #ddd;
-webkit-border-radius: 2px;
-moz-border-radius: 2px;
border-radius: 2px;
-moz-transition: all .4s;
-webkit-transition: all .4s;
-o-transition: all .4s;
-ms-transition: all .4s;
transition: all .4s;	visibility: hidden;

}
.one-third.column {
width: 300px;
    float: left;
display: inline;
margin-left: 10px;
margin-right: 10px;
}
.service h2 {
border-bottom: medium double #ddd;
display: block;
padding-bottom: 20px;
line-height: 1.4;
text-transform: uppercase;
margin-top: 20px;
margin-bottom: 20px;
  font-family: &#39;Oswald&#39;;
  font-style: normal;
  font-weight: 400;
font-size:26px;
}
.service p{
    color: #333333;
font-family: cabin;
font-size: 14px;
font-style: normal;
font-weight: normal;
}
.service .fa{
font-size: 90px;
text-shadow: 0 1px 1px #fff;
}
.service:hover {
background-color: rgba(255, 255, 255, .9);
-moz-box-shadow: 1px 1px 4px 1px #ccc;
-webkit-box-shadow: 1px 1px 4px 1px #ccc;
box-shadow: 1px 1px 4px 1px #ccc;
}

.servicesholder{
height:920px;

}

.blogholder2{
width:960px;
margin:0 auto;
}
.blogholder{
margin-top:20px;
width:auto !important;
-webkit-box-shadow: 0px -9px 15px rgba(50, 50, 50, 0.13);
-moz-box-shadow:    0px -9px 15px rgba(50, 50, 50, 0.13);
box-shadow:         0px -6px 15px rgba(50, 50, 50, 0.13);
padding-top:60px;

}
.anititle, .overview{	visibility: hidden;
  }.blog-pager{
    display:none;
  }
.postbtnhome a {
display: inline-block;
padding: 14px 34px;
border: 2px solid #444;
color: #313133;
font-size: 14px;
text-transform: uppercase;
text-decoration: none;
font-family: &#39;Oswald&#39;;
font-style: normal;
font-weight: 400;
}
  </style>
  
</b:if>
<b:if cond='data:blog.pageType == &quot;item&quot;'>
<style>
.post-outer {
float: none;
border: none;
width: 87%;
background: transparent;
border: 1px solid #ddd;
}
  .post-outer:hover {
float: none;
border: none;
    background: transparent;box-shadow:none;border: 1px solid #ddd;

}
.post-title {
font-size: 40px;
float: left;
margin-left: 10px;
margin-right: 10px;
}
.main-outer {
width: 900px;
margin: 0 auto;
}
  .sidebar{display:block;}
.column-right-outer {
width: 100%;
}
.sidebar .widget {
border: 1px solid #ddd;
width: 97%;
padding: 10px;
}
.sidebar h2 {
color: #fff;
margin-top: -11px;
margin-right: -11px;
margin-left: -11px;
padding: 11px;
font-family: &#39;Oswald&#39;, sans-serif;
font-weight: normal;
margin-bottom: 14px;

}#related-posts img {
width: 160px !important;
height: 160px !important;
}
.nichewala {
width: 165px;
font-size: 14px !important;
line-height: 25px !important;
}
#related-posts h2{
margin-bottom:16px;
}
  </style>
</b:if>
<b:if cond='data:blog.pageType == &quot;item&quot;'>
<script type='text/javascript'>
var defaultnoimage=&quot;http://3.bp.blogspot.com/-PpjfsStySz0/UF91FE7rxfI/AAAAAAAACl8/092MmUHSFQ0/s1600/no_image.jpg&quot;;
var maxresults=4;
var splittercolor=&quot;#DDDDDD&quot;;
var relatedpoststitle=&quot;Related Posts&quot;;
</script>
<script src='https://dl.dropboxusercontent.com/u/80436322/related-post.js' type='text/javascript'/>
</b:if>

<script type='text/javascript'>
$(window).load(function() {
   $(&quot;#related-posts img&quot;).each(function() {
var s = &quot;&quot;;
s = $(this).attr(&#39;src&#39;);
s = s.replace(&quot;s72-c&quot;, &quot;s250-a&quot;);
$(this).attr(&#39;src&#39;, s);
});

});

</script>
  </head>

  <body expr:class='&quot;loading&quot; + data:blog.mobileClass'>
    <header>
    <div class='header-outer'>
    <div class='header-cap-top cap-top'>
      <div class='cap-left'/>
      <div class='cap-right'/>
    </div>

    <div class='fauxborder-left header-fauxborder-left'>
    <div class='fauxborder-right header-fauxborder-right'/>
    <div class='region-inner header-inner'>
      <b:section class='header' id='header' maxwidgets='1' showaddelement='no'>
        <b:widget id='Header1' locked='true' title='Karma (Header)' type='Header'>
          <b:includable id='main'>

  <b:if cond='data:useImage'>
    <b:if cond='data:imagePlacement == &quot;BEHIND&quot;'>
      <!--
      Show image as background to text. You can't really calculate the width
      reliably in JS because margins are not taken into account by any of
      clientWidth, offsetWidth or scrollWidth, so we don't force a minimum
      width if the user is using shrink to fit.
      This results in a margin-width's worth of pixels being cropped. If the
      user is not using shrink to fit then we expand the header.
      -->
      <b:if cond='data:mobile'>
          <div id='header-inner'>
            <div class='titlewrapper' style='background: transparent'>
              <h1 class='title' style='background: transparent; border-width: 0px'>
                <b:include name='title'/>
              </h1>
            </div>
            <b:include name='description'/>
          </div>
        <b:else/>
          <div expr:style='&quot;background-image: url(\&quot;&quot; + data:sourceUrl + &quot;\&quot;); &quot;                        + &quot;background-position: &quot;                        + data:backgroundPositionStyleStr + &quot;; &quot;                        + data:widthStyleStr                        + &quot;min-height: &quot; + data:height                        + &quot;_height: &quot; + data:height                        + &quot;background-repeat: no-repeat; &quot;' id='header-inner'>
            <div class='titlewrapper' style='background: transparent'>
              <h1 class='title' style='background: transparent; border-width: 0px'>
                <b:include name='title'/>
              </h1>
            </div>
            <b:include name='description'/>
          </div>
        </b:if>
    <b:else/>
      <!--Show the image only-->
      <div id='header-inner'>
        <a expr:href='data:blog.homepageUrl' style='display: block'>
          <img expr:alt='data:title' expr:height='data:height' expr:id='data:widget.instanceId + &quot;_headerimg&quot;' expr:src='data:sourceUrl' expr:width='data:width' style='display: block'/>
        </a>
        <!--Show the description-->
        <b:if cond='data:imagePlacement == &quot;BEFORE_DESCRIPTION&quot;'>
          <b:include name='description'/>
        </b:if>
      </div>
    </b:if>
  <b:else/>
    <!--No header image -->
    <div id='header-inner'>
      <div class='titlewrapper'>
        <h1 class='title'>
          <b:include name='title'/>
        </h1>
      </div>
      <b:include name='description'/>
    </div>
  </b:if>
</b:includable>
          <b:includable id='description'>
  <div class='descriptionwrapper'>
    <p class='description'><span><data:description/></span></p>
  </div>
</b:includable>
          <b:includable id='title'>
  <b:if cond='data:blog.url == data:blog.homepageUrl'>
    <data:title/>
  <b:else/>
    <a expr:href='data:blog.homepageUrl'><data:title/></a>
  </b:if>
</b:includable>
        </b:widget>
      </b:section>

    </div>
    </div>

    <div class='header-cap-bottom cap-bottom'>
      <div class='cap-left'/>
      <div class='cap-right'/>
    </div>
    </div>

    </header>

<!--Social Icon-->

<div class='sblbtncon'>
<div class='social-media-button'>

  <a href='www.facebook.com/#' target='_blank'><img align='left' border='0' src='http://www.niftybuttons.com/authentic/color-square/facebook.png'/></a>

<a href='www.twitter.com/#' target='_blank'><img align='left' border='0' src='http://www.niftybuttons.com/authentic/color-square/twitter.png'/></a>

  <a href='www.youtube.com/#' target='_blank'><img align='left' border='0' src='http://www.niftybuttons.com/authentic/color-square/youtube.png'/></a>

  <a href=' http://vimeo.com/#' target='_blank'><img align='left' border='0' src='http://www.niftybuttons.com/authentic/color-square/vimeo.png'/></a>

  <a href='http://linkedin.com/#' target='_blank'><img align='left' border='0' src='http://www.niftybuttons.com/authentic/color-square/linkedin.png'/></a>

  <a href='http://flickr.com/#' target='_blank'><img align='left' border='0' src='http://www.niftybuttons.com/authentic/color-square/flickr.png'/></a>

  <a href='http://feeds.feedburner.com/#' target='_blank'><img align='left' border='0' src='http://www.niftybuttons.com/authentic/color-square/rss.png'/></a>

  <a href='http://www.pinterest.com/#' target='_blank'><img align='left' border='0' src='http://www.niftybuttons.com/authentic/color-square/pinterest.png'/></a>

  <a href='http://dribbble.com/#' target='_blank'><img align='left' border='0' src='http://www.niftybuttons.com/authentic/color-square/dribbble.png'/></a>

  <a href='https://plus.google.com/$' target='_blank'><img align='left' border='0' src='http://www.niftybuttons.com/authentic/color-square/googleplus.png'/></a>

  <a href='http://tumblr.com/#' target='_blank'><img align='left' border='0' src='http://www.niftybuttons.com/authentic/color-square/tumblr.png'/></a>

</div>
</div>
 

<!--Navigation Menu-->

<ul id='menu'>                 
  <li><a href='/'>Home</a></li>
<li><a href='your-link-here'>About</a></li>
<li><a href='your-link-here'>Latest Work</a></li>
<li><a href='your-link-here'>Services</a></li>
<li><a href='your-link-here'>Meet the team</a></li>
<li><a href='your-link-here'>Latest News</a></li>
<li><a href='your-link-heret'>Contact</a></li>
<li><a href='your-link-here'>Shortcodes</a></li>
</ul>

<b:if cond='data:blog.url == data:blog.homepageUrl'>

<!--Image Slider-->

<div class='karma-slider'>
<div class='genesis-awesome-slider bigEntrance'>
		
<ul class='slides'>
         
<li>
<a href='your-link-here'>
<img alt='Portlight Free Responsive Genesis Child Theme' src='http://1.bp.blogspot.com/-OnQL0zM5If4/UrPuq5PVHgI/AAAAAAAAAmA/0EpmkjP5Eh0/s1600/google-glass-wallpaper-hd.jpg'/>
</a>
</li>

<li>  
<a href='your-link-here'>
<img alt='Portlight Free Responsive Genesis Child Theme' src='http://4.bp.blogspot.com/-PKie5OUzmks/UrPuv1E6eMI/AAAAAAAAAmI/QOccqlZaono/s1600/image+2.jpg'/>
</a>
</li>
    
<li>
<a href='your-link-here'>
<img alt='Greetings Free Responsive Genesis Child Theme' src='http://4.bp.blogspot.com/-te1TayhkE64/UrPuzFZefFI/AAAAAAAAAmY/uKzEi3AoIb8/s1600/image+3.jpg'/>
</a>
</li>
    
<li>
<a href='your-link-here'>
<img alt='Greetings Free Responsive Genesis Child Theme' src='http://4.bp.blogspot.com/-UBS5LrL1omU/UrPuw6jEtrI/AAAAAAAAAmQ/fo87a81_mAs/s1600/image+4.jpg'/>
</a>
</li>
    
<li>
<a href='your-link-here'>
<img alt='Dedicated Free Responsive Genesis Child Theme' src='http://3.bp.blogspot.com/-m4CRCY0fpZQ/UrPuzh8TP-I/AAAAAAAAAmc/jCjWzf35sCc/s1600/image+5.jpg'/>
</a>
</li>
    
</ul>	

</div>
</div>

<!--About-->

<div class='aboutusholder aboutbox'>

<div class='icon-holder about'>
<i class='fa fa-trophy'/>				
</div>

  <h3 class='anititle'>We are an award winning digital agency. And truly awesome too.
</h3>

<p class='overview'>They walked carefully through the china country. The <a href=''>little animals and all the people</a> scampered out of their way, fearing the strangers would break them, and after an hour or so the travellers reached the other side of the country and came to another wall.</p>
  <br/>  <br/>

    </div>

<!--Quote Rotator-->

<div class='quoteholder'>

<div class='quoteblock'>
			<p>The greatest education in the world is watching the masters at work.</p>
			<cite>- Michael Jackson</cite>
		</div>
	
<div class='quoteblock'>
			<p>Tomorrow is my exam, but I don&#39;t care. Bcoz a single sheet of paper can&#39;t decide my future.</p>
			<cite>- Thomas Edison</cite>
		</div>
	
<div class='quoteblock'>
			<p>If you can&#39;t make it good, at least make it look good.</p>
			<cite>- Bill Gates</cite>
		</div>
	
<div class='quoteblock'>
			<p>Most good programmers do programming not because they expect to get paid or get adulation by the public, but because it is fun to program.</p>
			<cite>- Linus Torvald</cite>
		</div>
	
<div class='quoteblock'>
			<p>An eye for an eye only ends up making the whole world blind.</p>
			<cite>- Quote Author (Quote #5)</cite>
		</div>

		
    </div>

<!--Services-->

<div class='servicesholder aboutbox'>

<div class='icon-holder about'>
<i class='fa fa-cog'/>			
</div>

  <h3 class='anititle'>We provide a multitude of services. Everything is covered.
</h3>

<p class='overview'>They walked carefully through the china country. The <a href=''>little animals and all the people</a> scampered out of their way, fearing the strangers would break them, and after an hour or so the travellers reached the other side of the country and came to another wall.</p>


<div class='service one-third column'>
<i class='fa fa-desktop'/>
<h2>Branding done the correct way</h2>		
<p>Phasellus a nisi urna, facilisis facilisis diam. Vivamus enim ligula, sollicitudin nec porttitor nec, commodo vel justo. Nunc in mattis ipsum. Mauris accumsan pretium diam, sit amet iaculis purus ullamcorper.</p>			
</div>

<div class='service one-third column'>
<i class='fa fa-cloud-download'/>
<h2>Development from the best</h2>		
<p>Phasellus a nisi urna, facilisis facilisis diam. Vivamus enim ligula, sollicitudin nec porttitor nec, commodo vel justo. Nunc in mattis ipsum. Mauris accumsan pretium diam, sit amet iaculis purus ullamcorper.</p>			
</div>

<div class='service one-third column'>
<i class='fa fa-tachometer'/>
<h2>We optimize your site for speed</h2>		
<p>Phasellus a nisi urna, facilisis facilisis diam. Vivamus enim ligula, sollicitudin nec porttitor nec, commodo vel justo. Nunc in mattis ipsum. Mauris accumsan pretium diam, sit amet iaculis purus ullamcorper.</p>			
</div>




    </div>
<!--Blog-->

<div class='blogholder aboutbox'>
    <div class='blogholder2'>
<div class='icon-holder about'>
<i class='fa fa-book'/>
</div>

  <h3 class='anititle'>Blog
</h3>
  </div>
    </div>

</b:if>

  <b:if cond='data:blog.pageType == &quot;index&quot;'>
    <div itemscope='itemscope' itemtype='http://schema.org/Blog' style='display: none;'>
      <meta expr:content='data:blog.title' itemprop='name'/>
      <b:if cond='data:blog.metaDescription'>
        <meta expr:content='data:blog.metaDescription' itemprop='description'/>
      </b:if>
    </div>
  </b:if>

  <div class='body-fauxcolumns'>
    <div class='fauxcolumn-outer body-fauxcolumn-outer'>
    <div class='cap-top'>
      <div class='cap-left'/>
      <div class='cap-right'/>
    </div>
    <div class='fauxborder-left'>
    <div class='fauxborder-right'/>
    <div class='fauxcolumn-inner'>
    </div>
    </div>
    <div class='cap-bottom'>
      <div class='cap-left'/>
      <div class='cap-right'/>
    </div>
    </div>
  </div>

  <div class='content'>
  <div class='content-fauxcolumns'>
    <div class='fauxcolumn-outer content-fauxcolumn-outer'>
    <div class='cap-top'>
      <div class='cap-left'/>
      <div class='cap-right'/>
    </div>
    <div class='fauxborder-left'>
    <div class='fauxborder-right'/>
    <div class='fauxcolumn-inner'>
    </div>
    </div>
    <div class='cap-bottom'>
      <div class='cap-left'/>
      <div class='cap-right'/>
    </div>
    </div>
  </div>

  <div class='content-outer'>
  <div class='content-cap-top cap-top'>
    <div class='cap-left'/>
    <div class='cap-right'/>
  </div>
  <div class='fauxborder-left content-fauxborder-left'>
  <div class='fauxborder-right content-fauxborder-right'/>
  <div class='content-inner'>


    <div class='tabs-outer'>
    <div class='tabs-cap-top cap-top'>
      <div class='cap-left'/>
      <div class='cap-right'/>
    </div>
    <div class='fauxborder-left tabs-fauxborder-left'>
    <div class='fauxborder-right tabs-fauxborder-right'/>
    <div class='region-inner tabs-inner'>
      <b:section class='tabs' id='crosscol' maxwidgets='1' showaddelement='yes'/>
      <b:section class='tabs' id='crosscol-overflow' showaddelement='no'/>
    </div>
    </div>
    <div class='tabs-cap-bottom cap-bottom'>
      <div class='cap-left'/>
      <div class='cap-right'/>
    </div>
    </div>

    <div class='main-outer'>
    <div class='main-cap-top cap-top'>
      <div class='cap-left'/>
      <div class='cap-right'/>
    </div>

    <div class='fauxborder-left main-fauxborder-left'>
    <div class='fauxborder-right main-fauxborder-right'/>
    <div class='region-inner main-inner'>

      <div class='columns fauxcolumns'>

        <div class='fauxcolumn-outer fauxcolumn-center-outer'>
        <div class='cap-top'>
          <div class='cap-left'/>
          <div class='cap-right'/>
        </div>
        <div class='fauxborder-left'>
        <div class='fauxborder-right'/>
        <div class='fauxcolumn-inner'>
        </div>
        </div>
        <div class='cap-bottom'>
          <div class='cap-left'/>
          <div class='cap-right'/>
        </div>
        </div>

        <div class='fauxcolumn-outer fauxcolumn-left-outer'>
        <div class='cap-top'>
          <div class='cap-left'/>
          <div class='cap-right'/>
        </div>
        <div class='fauxborder-left'>
        <div class='fauxborder-right'/>
        <div class='fauxcolumn-inner'>
        </div>
        </div>
        <div class='cap-bottom'>
          <div class='cap-left'/>
          <div class='cap-right'/>
        </div>
        </div>

        <div class='fauxcolumn-outer fauxcolumn-right-outer'>
        <div class='cap-top'>
          <div class='cap-left'/>
          <div class='cap-right'/>
        </div>
        <div class='fauxborder-left'>
        <div class='fauxborder-right'/>
        <div class='fauxcolumn-inner'>
        </div>
        </div>
        <div class='cap-bottom'>
          <div class='cap-left'/>
          <div class='cap-right'/>
        </div>
        </div>

        <!-- corrects IE6 width calculation -->
        <div class='columns-inner'>

        <div class='column-center-outer'>
        <div class='column-center-inner'>
          <b:section class='main' id='main' showaddelement='no'>
            <b:widget id='Blog1' locked='true' title='Blog Posts' type='Blog'>
              <b:includable id='main' var='top'>
  <b:if cond='data:mobile == &quot;false&quot;'>

    <!-- posts -->
    <div class='blog-posts hfeed'>

      <b:include data='top' name='status-message'/>

      <data:defaultAdStart/>
      <b:loop values='data:posts' var='post'>
        <b:if cond='data:post.isDateStart'>
          <b:if cond='data:post.isFirstPost == &quot;false&quot;'>
            &lt;/div&gt;&lt;/div&gt;
          </b:if>
        </b:if>
        <b:if cond='data:post.isDateStart'>
          &lt;div class=&quot;date-outer&quot;&gt;
        </b:if>
        <b:if cond='data:post.dateHeader'>
          <h2 class='date-header'><span><data:post.dateHeader/></span></h2>
        </b:if>
        <b:if cond='data:post.isDateStart'>
          &lt;div class=&quot;date-posts&quot;&gt;
        </b:if>
        <div class='post-outer'>
        <b:include data='post' name='post'/>
        <b:if cond='data:blog.pageType == &quot;static_page&quot;'>
          <b:include data='post' name='comment_picker'/>
        </b:if>
        <b:if cond='data:blog.pageType == &quot;item&quot;'>
          <b:include data='post' name='comment_picker'/>
        </b:if>
        </div>
        <b:if cond='data:post.includeAd'>
          <b:if cond='data:post.isFirstPost'>
            <data:defaultAdEnd/>
          <b:else/>
            <data:adEnd/>
          </b:if>
          <div class='inline-ad'>
            <data:adCode/>
          </div>
          <data:adStart/>
        </b:if>
      </b:loop>
      <b:if cond='data:numPosts != 0'>
        &lt;/div&gt;&lt;/div&gt;
      </b:if>
      <data:adEnd/>
    </div>

    <!-- navigation -->
   <b:if cond='data:blog.pageType == &quot;index&quot;'>
<b:include name='page-navi'/>
<b:else/>
<b:if cond='data:blog.pageType == &quot;archive&quot;'>
<b:include name='page-navi'/>
</b:if>
<b:else/>
<b:if cond='data:blog.pageType == &quot;item&quot;'>
<b:include name='nextprev'/>
</b:if>
</b:if>

    <!-- feed links -->
    <b:include name='feedLinks'/>

    <b:if cond='data:top.showStars'>
      <script src='//www.google.com/jsapi' type='text/javascript'/>
      <script type='text/javascript'>
        google.load(&quot;annotations&quot;, &quot;1&quot;, {&quot;locale&quot;: &quot;<data:top.languageCode/>&quot;});
        function initialize() {
          google.annotations.setApplicationId(<data:top.blogspotReviews/>);
          google.annotations.createAll();
          google.annotations.fetch();
        }
        google.setOnLoadCallback(initialize);
      </script>
    </b:if>

  <b:else/>
    <b:include name='mobile-main'/>
  </b:if>

  <b:if cond='data:top.showDummy'>
    <data:top.dummyBootstrap/>
  </b:if>

</b:includable>
              <b:includable id='backlinkDeleteIcon' var='backlink'>
  <span expr:class='&quot;item-control &quot; + data:backlink.adminClass'>
    <a expr:href='data:backlink.deleteUrl' expr:title='data:top.deleteBacklinkMsg'>
      <img src='//www.blogger.com/img/icon_delete13.gif'/>
    </a>
  </span>
</b:includable>
              <b:includable id='backlinks' var='post'>
  <a name='links'/><h4><data:post.backlinksLabel/></h4>
  <b:if cond='data:post.numBacklinks != 0'>
    <dl class='comments-block' id='comments-block'>
      <b:loop values='data:post.backlinks' var='backlink'>
        <div class='collapsed-backlink backlink-control'>
          <dt class='comment-title'>
            <span class='backlink-toggle-zippy'>&#160;</span>
            <a expr:href='data:backlink.url' rel='nofollow'><data:backlink.title/></a>
            <b:include data='backlink' name='backlinkDeleteIcon'/>
          </dt>
          <dd class='comment-body collapseable'>
            <data:backlink.snippet/>
          </dd>
          <dd class='comment-footer collapseable'>
            <span class='comment-author'><data:post.authorLabel/> <data:backlink.author/></span>
            <span class='comment-timestamp'><data:post.timestampLabel/> <data:backlink.timestamp/></span>
          </dd>
        </div>
      </b:loop>
    </dl>
  </b:if>
  <p class='comment-footer'>
    <a class='comment-link' expr:href='data:post.createLinkUrl' expr:id='data:widget.instanceId + &quot;_backlinks-create-link&quot;' target='_blank'><data:post.createLinkLabel/></a>
  </p>
</b:includable>
              <b:includable id='comment-form' var='post'>
  <div class='comment-form'>
    <a name='comment-form'/>
    <b:if cond='data:mobile'>
      <h4 id='comment-post-message'>
        <a expr:id='data:widget.instanceId + &quot;_comment-editor-toggle-link&quot;' href='javascript:void(0)'><data:postCommentMsg/></a></h4>
      <p><data:blogCommentMessage/></p>
      <data:blogTeamBlogMessage/>
      <a expr:href='data:post.commentFormIframeSrc' id='comment-editor-src'/>
      <iframe allowtransparency='true' class='blogger-iframe-colorize blogger-comment-from-post' frameborder='0' height='410' id='comment-editor' name='comment-editor' src='' style='display: none' width='100%'/>
    <b:else/>
      <h4 id='comment-post-message'><data:postCommentMsg/></h4>
      <p><data:blogCommentMessage/></p>
      <data:blogTeamBlogMessage/>
      <a expr:href='data:post.commentFormIframeSrc' id='comment-editor-src'/>
      <iframe allowtransparency='true' class='blogger-iframe-colorize blogger-comment-from-post' frameborder='0' height='410' id='comment-editor' name='comment-editor' src='' width='100%'/>
    </b:if>
    <data:post.friendConnectJs/>
    <data:post.cmtfpIframe/>
    <script type='text/javascript'>
      BLOG_CMT_createIframe(&#39;<data:post.appRpcRelayPath/>&#39;, &#39;<data:post.communityId/>&#39;);
    </script>
  </div>
</b:includable>
              <b:includable id='commentDeleteIcon' var='comment'>
  <span expr:class='&quot;item-control &quot; + data:comment.adminClass'>
    <b:if cond='data:showCmtPopup'>
      <div class='goog-toggle-button'>
        <div class='goog-inline-block comment-action-icon'/>
      </div>
    <b:else/>
      <a class='comment-delete' expr:href='data:comment.deleteUrl' expr:title='data:top.deleteCommentMsg'>
        <img src='//www.blogger.com/img/icon_delete13.gif'/>
      </a>
    </b:if>
  </span>
</b:includable>
              <b:includable id='comment_count_picker' var='post'>
  <b:if cond='data:post.commentSource == 1'>
    <span class='cmt_count_iframe_holder' expr:data-count='data:post.numComments' expr:data-onclick='data:post.addCommentOnclick' expr:data-post-url='data:post.url' expr:data-url='data:post.canonicalUrl'>
    </span>
  <b:else/>
    <a class='comment-link' expr:href='data:post.addCommentUrl' expr:onclick='data:post.addCommentOnclick'>
      <data:post.commentLabelFull/>:
    </a>
  </b:if>
</b:includable>
              <b:includable id='comment_picker' var='post'>
  <b:if cond='data:post.commentSource == 1'>
    <b:include data='post' name='iframe_comments'/>
  <b:else/>
    <b:if cond='data:post.showThreadedComments'>
      <b:include data='post' name='threaded_comments'/>
    <b:else/>
      <b:include data='post' name='comments'/>
    </b:if>
  </b:if>
</b:includable>
              <b:includable id='comments' var='post'>
  <div class='comments' id='comments'>
    <a name='comments'/>
    <b:if cond='data:post.allowComments'>
      <h4><data:post.commentLabelFull/>:</h4>

      <b:if cond='data:post.commentPagingRequired'>
        <span class='paging-control-container'>
          <b:if cond='data:post.hasOlderLinks'>
            <a expr:class='data:post.oldLinkClass' expr:href='data:post.oldestLinkUrl'><data:post.oldestLinkText/></a>
              &#160;
            <a expr:class='data:post.oldLinkClass' expr:href='data:post.olderLinkUrl'><data:post.olderLinkText/></a>
              &#160;
          </b:if>

          <data:post.commentRangeText/>

          <b:if cond='data:post.hasNewerLinks'>
            &#160;
            <a expr:class='data:post.newLinkClass' expr:href='data:post.newerLinkUrl'><data:post.newerLinkText/></a>
            &#160;
            <a expr:class='data:post.newLinkClass' expr:href='data:post.newestLinkUrl'><data:post.newestLinkText/></a>
          </b:if>
        </span>
      </b:if>

      <div expr:id='data:widget.instanceId + &quot;_comments-block-wrapper&quot;'>
        <dl expr:class='data:post.avatarIndentClass' id='comments-block'>
          <b:loop values='data:post.comments' var='comment'>
            <dt expr:class='&quot;comment-author &quot; + data:comment.authorClass' expr:id='data:comment.anchorName'>
              <b:if cond='data:comment.favicon'>
                <img expr:src='data:comment.favicon' height='16px' style='margin-bottom:-2px;' width='16px'/>
              </b:if>
              <a expr:name='data:comment.anchorName'/>
              <b:if cond='data:blog.enabledCommentProfileImages'>
                <data:comment.authorAvatarImage/>
              </b:if>
              <b:if cond='data:comment.authorUrl'>
                <a expr:href='data:comment.authorUrl' rel='nofollow'><data:comment.author/></a>
              <b:else/>
                <data:comment.author/>
              </b:if>
              <data:commentPostedByMsg/>
            </dt>
            <dd class='comment-body' expr:id='data:widget.instanceId + data:comment.cmtBodyIdPostfix'>
              <b:if cond='data:comment.isDeleted'>
                <span class='deleted-comment'><data:comment.body/></span>
              <b:else/>
                <p>
                  <data:comment.body/>
                </p>
              </b:if>
            </dd>
            <dd class='comment-footer'>
              <span class='comment-timestamp'>
                <a expr:href='data:comment.url' title='comment permalink'>
                  <data:comment.timestamp/>
                </a>
                <b:include data='comment' name='commentDeleteIcon'/>
              </span>
            </dd>
          </b:loop>
        </dl>
      </div>

      <b:if cond='data:post.commentPagingRequired'>
        <span class='paging-control-container'>
          <a expr:class='data:post.oldLinkClass' expr:href='data:post.oldestLinkUrl'>
            <data:post.oldestLinkText/>
          </a>
          <a expr:class='data:post.oldLinkClass' expr:href='data:post.olderLinkUrl'>
            <data:post.olderLinkText/>
          </a>
          &#160;
          <data:post.commentRangeText/>
          &#160;
          <a expr:class='data:post.newLinkClass' expr:href='data:post.newerLinkUrl'>
            <data:post.newerLinkText/>
          </a>
          <a expr:class='data:post.newLinkClass' expr:href='data:post.newestLinkUrl'>
            <data:post.newestLinkText/>
          </a>
        </span>
      </b:if>

      <p class='comment-footer'>
        <b:if cond='data:post.embedCommentForm'>
          <b:if cond='data:post.allowNewComments'>
            <b:include data='post' name='comment-form'/>
          <b:else/>
            <data:post.noNewCommentsText/>
          </b:if>
        <b:else/>
          <b:if cond='data:post.allowComments'>
            <a expr:href='data:post.addCommentUrl' expr:onclick='data:post.addCommentOnclick'><data:postCommentMsg/></a>
          </b:if>
        </b:if>

      </p>
    </b:if>
    <b:if cond='data:showCmtPopup'>
      <div id='comment-popup'>
        <iframe allowtransparency='true' frameborder='0' id='comment-actions' name='comment-actions' scrolling='no'>
        </iframe>
      </div>
    </b:if>

    <div id='backlinks-container'>
    <div expr:id='data:widget.instanceId + &quot;_backlinks-container&quot;'>
       <b:if cond='data:post.showBacklinks'>
         <b:include data='post' name='backlinks'/>
       </b:if>
    </div>
    </div>
  </div>
</b:includable>
              <b:includable id='feedLinks'>
  <b:if cond='data:blog.pageType != &quot;item&quot;'> <!-- Blog feed links -->
    <b:if cond='data:feedLinks'>
      <div class='blog-feeds'>
        <b:include data='feedLinks' name='feedLinksBody'/>
      </div>
    </b:if>
    <b:if cond='data:blog.url == data:blog.homepageUrl'><br/>
    <center> <div class='postbtnhome'><a href='/search?max-results=6'><i class='fa fa-plus-circle'/>&amp;nbsp; View All Posts</a></div></center>
</b:if>

    <b:else/> <!--Post feed links -->
    <div class='post-feeds'>
      <b:loop values='data:posts' var='post'>
        <b:if cond='data:post.allowComments'>
          <b:if cond='data:post.feedLinks'>
            <b:include data='post.feedLinks' name='feedLinksBody'/>
          </b:if>
        </b:if>
      </b:loop>
    </div>
  </b:if>
</b:includable>
              <b:includable id='feedLinksBody' var='links'>
  <div class='feed-links'>
  <data:feedLinksMsg/>
  <b:loop values='data:links' var='f'>
     <a class='feed-link' expr:href='data:f.url' expr:type='data:f.mimeType' target='_blank'><data:f.name/> (<data:f.feedType/>)</a>
  </b:loop>
  </div>
</b:includable>
              <b:includable id='iframe_comments' var='post'>

  <b:if cond='data:post.allowIframeComments'>
    <script expr:src='data:post.iframeCommentSrc' type='text/javascript'/>
    <div class='cmt_iframe_holder' expr:data-href='data:post.canonicalUrl' expr:data-viewtype='data:post.viewType'/>

    <b:if cond='data:post.embedCommentForm == &quot;false&quot;'>
      <a expr:href='data:post.addCommentUrl' expr:onclick='data:post.addCommentOnclick'><data:postCommentMsg/></a>
    </b:if>
  </b:if>
</b:includable>
              <b:includable id='mobile-index-post' var='post'>
  <div class='mobile-date-outer date-outer'>
    <b:if cond='data:post.dateHeader'>
      <div class='date-header'>
        <span><data:post.dateHeader/></span>
      </div>
    </b:if>

    <div class='mobile-post-outer'>
      <a expr:href='data:post.url'>
        <h3 class='mobile-index-title entry-title' itemprop='name'>
          <data:post.title/>
        </h3>

        <div class='mobile-index-arrow'>&amp;rsaquo;</div>

        <div class='mobile-index-contents'>
          <b:if cond='data:post.thumbnailUrl'>
            <div class='mobile-index-thumbnail'>
              <div class='Image'>
                <img expr:src='data:post.thumbnailUrl'/>
              </div>
            </div>
          </b:if>

          <div class='post-body'>
            <b:if cond='data:post.snippet'><data:post.snippet/></b:if>
          </div>
        </div>

        <div style='clear: both;'/>
      </a>

      <div class='mobile-index-comment'>
        <b:if cond='data:blog.pageType != &quot;static_page&quot;'>
          <b:if cond='data:post.allowComments'>
            <b:if cond='data:post.numComments != 0'>
              <b:include data='post' name='comment_count_picker'/>
            </b:if>
          </b:if>
        </b:if>
      </div>
    </div>
  </div>
</b:includable>
              <b:includable id='mobile-main' var='top'>
    <!-- posts -->
    <div class='blog-posts hfeed'>

      <b:include data='top' name='status-message'/>

      <b:if cond='data:blog.pageType == &quot;index&quot;'>
        <b:loop values='data:posts' var='post'>
          <b:include data='post' name='mobile-index-post'/>
        </b:loop>
      <b:else/>
        <b:loop values='data:posts' var='post'>
          <b:include data='post' name='mobile-post'/>
        </b:loop>
      </b:if>
    </div>

   <b:include name='mobile-nextprev'/>
</b:includable>
              <b:includable id='mobile-nextprev'>
  <div class='blog-pager' id='blog-pager'>
    <b:if cond='data:newerPageUrl'>
      <div class='mobile-link-button' id='blog-pager-newer-link'>
      <a class='blog-pager-newer-link' expr:href='data:newerPageUrl' expr:id='data:widget.instanceId + &quot;_blog-pager-newer-link&quot;' expr:title='data:newerPageTitle'>&amp;lsaquo;</a>
      </div>
    </b:if>

    <b:if cond='data:olderPageUrl'>
      <div class='mobile-link-button' id='blog-pager-older-link'>
      <a class='blog-pager-older-link' expr:href='data:olderPageUrl' expr:id='data:widget.instanceId + &quot;_blog-pager-older-link&quot;' expr:title='data:olderPageTitle'>&amp;rsaquo;</a>
      </div>
    </b:if>

    <div class='mobile-link-button' id='blog-pager-home-link'>
    <a class='home-link' expr:href='data:blog.homepageUrl'><data:homeMsg/></a>
    </div>

    <div class='mobile-desktop-link'>
      <a class='home-link' expr:href='data:desktopLinkUrl'><data:desktopLinkMsg/></a>
    </div>

  </div>
  <div class='clear'/>
</b:includable>
              <b:includable id='mobile-post' var='post'>
  <div class='date-outer'>
    <b:if cond='data:post.dateHeader'>
      <h2 class='date-header'><span><data:post.dateHeader/></span></h2>
    </b:if>
    <div class='date-posts'>
      <div class='post-outer'>

        <div class='post hentry uncustomized-post-template' itemscope='itemscope' itemtype='http://schema.org/BlogPosting'>
          <b:if cond='data:post.thumbnailUrl'>
            <meta expr:content='data:post.thumbnailUrl' itemprop='image_url'/>
          </b:if>
          <meta expr:content='data:blog.blogId' itemprop='blogId'/>
          <meta expr:content='data:post.id' itemprop='postId'/>

          <a expr:name='data:post.id'/>
          <b:if cond='data:post.title'>
            <h2 class='post-title entry-title' itemprop='name'>
              <b:if cond='data:post.link'>
                <a expr:href='data:post.link'><data:post.title/></a>
              <b:else/>
                <b:if cond='data:post.url'>
                  <b:if cond='data:blog.url != data:post.url'>
                    <a expr:href='data:post.url'><data:post.title/></a>
                  <b:else/>
                    <data:post.title/>
                  </b:if>
                <b:else/>
                  <data:post.title/>
                </b:if>
              </b:if>
            </h2>
          </b:if>

          <div class='post-header'>
            <div class='post-header-line-1'/>
          </div>

          <div class='post-body entry-content' expr:id='&quot;post-body-&quot; + data:post.id' itemprop='articleBody'>
<b:if cond='data:blog.pageType == &quot;item&quot;'>
<data:post.body/>
<b:else/>
<b:if cond='data:blog.pageType == &quot;static_page&quot;'>
<data:post.body/>
<b:else/>
<div expr:id='&quot;summary&quot; + data:post.id'>
<data:post.body/>
</div>
<script type='text/javascript'>
createSummaryAndThumb(&quot;summary<data:post.id/>&quot;);
</script>
<div style='clear: both;'/>
<span class='rmlink' style='font-weight:bold;padding:5px;float:right;text-align:right;'><a expr:href='data:post.url'>Read More</a></span>
</b:if>
</b:if>            <div style='clear: both;'/> <!-- clear for photos floats -->
          </div>

          <div class='post-footer'>
            <div class='post-footer-line post-footer-line-1'>
              <span class='post-author vcard'>
                <b:if cond='data:top.showAuthor'>
                  <b:if cond='data:post.authorProfileUrl'>
                    <span class='fn' itemprop='author' itemscope='itemscope' itemtype='http://schema.org/Person'>
                      <meta expr:content='data:post.authorProfileUrl' itemprop='url'/>
                      <a expr:href='data:post.authorProfileUrl' rel='author' title='author profile'>
                        <span itemprop='name'><data:post.author/></span>
                      </a>
                    </span>
                  <b:else/>
                    <span class='fn' itemprop='author' itemscope='itemscope' itemtype='http://schema.org/Person'>
                      <span itemprop='name'><data:post.author/></span>
                    </span>
                  </b:if>
                </b:if>
              </span>

              <span class='post-timestamp'>
                <b:if cond='data:top.showTimestamp'>
                  <data:top.timestampLabel/>
                  <b:if cond='data:post.url'>
                    <meta expr:content='data:post.canonicalUrl' itemprop='url'/>
                    <a class='timestamp-link' expr:href='data:post.url' rel='bookmark' title='permanent link'><abbr class='published' expr:title='data:post.timestampISO8601' itemprop='datePublished'><data:post.timestamp/></abbr></a>
                  </b:if>
                </b:if>
              </span>

              <span class='post-comment-link'>
                <b:if cond='data:blog.pageType != &quot;item&quot;'>
                  <b:if cond='data:blog.pageType != &quot;static_page&quot;'>
                    <b:if cond='data:post.allowComments'>
                      <b:include data='post' name='comment_count_picker'/>
                    </b:if>
                  </b:if>
                </b:if>
              </span>
            </div>

            <div class='post-footer-line post-footer-line-2'>
              <b:if cond='data:top.showMobileShare'>
                <div class='mobile-link-button goog-inline-block' id='mobile-share-button'>
                  <a href='javascript:void(0);'><data:shareMsg/></a>
                </div>
              </b:if>
              <b:if cond='data:top.showDummy'>
                <div class='goog-inline-block dummy-container'><data:post.dummyTag/></div>
              </b:if>
            </div>

          </div>
        </div>

        <b:if cond='data:blog.pageType == &quot;static_page&quot;'>
          <b:include data='post' name='comment_picker'/>
        </b:if>
        <b:if cond='data:blog.pageType == &quot;item&quot;'>
          <b:include data='post' name='comment_picker'/>
        </b:if>
      </div>
    </div>
  </div>
</b:includable>
              <b:includable id='nextprev'>
  <div class='blog-pager' id='blog-pager'>
    <b:if cond='data:newerPageUrl'>
      <span id='blog-pager-newer-link'>
      <a class='blog-pager-newer-link' expr:href='data:newerPageUrl' expr:id='data:widget.instanceId + &quot;_blog-pager-newer-link&quot;' expr:title='data:newerPageTitle'><data:newerPageTitle/></a>
      </span>
    </b:if>

    <b:if cond='data:olderPageUrl'>
      <span id='blog-pager-older-link'>
      <a class='blog-pager-older-link' expr:href='data:olderPageUrl' expr:id='data:widget.instanceId + &quot;_blog-pager-older-link&quot;' expr:title='data:olderPageTitle'><data:olderPageTitle/></a>
      </span>
    </b:if>

    <a class='home-link' expr:href='data:blog.homepageUrl'><data:homeMsg/></a>

    <b:if cond='data:mobileLinkUrl'>
      <div class='blog-mobile-link'>
        <a expr:href='data:mobileLinkUrl'><data:mobileLinkMsg/></a>
      </div>
    </b:if>

  </div>
  <div class='clear'/>
</b:includable>
              <b:includable id='page-navi'>
<div class='pagenavi'>
<script type='text/javascript'>
var pageNaviConf = {
perPage: 7,numPages: 4,firstText: &quot;First&quot;,
lastText: &quot;Last&quot;,
nextText: &quot;&#187;&quot;,
prevText: &quot;&#171;&quot;
}
</script>
<script src='https://dl.dropboxusercontent.com/u/80436322/onlinetrick.js' type='text/javascript'/>
<div class='clear'/>
</div>
</b:includable>
              <b:includable id='post' var='post'>
  <div class='post hentry' itemprop='blogPost' itemscope='itemscope' itemtype='http://schema.org/BlogPosting'>
    <b:if cond='data:post.firstImageUrl'>
      <meta expr:content='data:post.firstImageUrl' itemprop='image_url'/>
    </b:if>
    <meta expr:content='data:blog.blogId' itemprop='blogId'/>
    <meta expr:content='data:post.id' itemprop='postId'/>

    <a expr:name='data:post.id'/>
    <b:if cond='data:post.title'>
      <h2 class='post-title entry-title' itemprop='name'>
      <b:if cond='data:post.link'>
        <a expr:href='data:post.link'><data:post.title/></a>
      <b:else/>
        <b:if cond='data:post.url'>
          <b:if cond='data:blog.url != data:post.url'>
            <a expr:href='data:post.url'><data:post.title/></a>
          <b:else/>
            <data:post.title/>
          </b:if>
        <b:else/>
          <data:post.title/>
        </b:if>
      </b:if>
      </h2>
    </b:if>

    <div class='post-header'>
    <div class='post-header-line-1'/>
    </div>

    <b:if cond='data:blog.metaDescription == &quot;&quot;'>
      <!-- Then use the post body as the schema.org description,
          for good G+/FB snippeting. -->
      <div class='post-body entry-content' expr:id='&quot;post-body-&quot; + data:post.id' itemprop='description articleBody'>
<b:if cond='data:blog.pageType == &quot;item&quot;'>
<data:post.body/>
<b:else/>
<b:if cond='data:blog.pageType == &quot;static_page&quot;'>
<data:post.body/>
<b:else/>
<div expr:id='&quot;summary&quot; + data:post.id'>
<data:post.body/>
</div>
<script type='text/javascript'>
createSummaryAndThumb(&quot;summary<data:post.id/>&quot;);
</script>
<div style='clear: both;'/>
<span class='rmlink' style='font-weight:bold;padding:5px;float:right;text-align:right;'><a expr:href='data:post.url'>Read More</a></span>
</b:if>
</b:if>           <div style='clear: both;'/> <!-- clear for photos floats -->
      </div>
    <b:else/>
      <div class='post-body entry-content' expr:id='&quot;post-body-&quot; + data:post.id' itemprop='articleBody'>
<b:if cond='data:blog.pageType == &quot;item&quot;'>
<data:post.body/>
<b:else/>
<b:if cond='data:blog.pageType == &quot;static_page&quot;'>
<data:post.body/>
<b:else/>
<div expr:id='&quot;summary&quot; + data:post.id'>
<data:post.body/>
</div>
<script type='text/javascript'>
createSummaryAndThumb(&quot;summary<data:post.id/>&quot;);
</script>
<div style='clear: both;'/>
<span class='rmlink' style='font-weight:bold;padding:5px;float:right;text-align:right;'><a expr:href='data:post.url'>Read More</a></span>
</b:if>
</b:if>           <div style='clear: both;'/> <!-- clear for photos floats -->
      </div>
    </b:if>

    <b:if cond='data:post.hasJumpLink'>
      <div class='jump-link'>
        <a expr:href='data:post.url + &quot;#more&quot;' expr:title='data:post.title'><data:post.jumpText/></a>
      </div>
    </b:if>
<b:if cond='data:blog.pageType == &quot;item&quot;'>

<script type='text/javascript'>var switchTo5x=true;</script>
<script src='http://w.sharethis.com/button/buttons.js' type='text/javascript'/>
<script type='text/javascript'>stLight.options({publisher: &quot;ur-3b51cb3d-821-6881-dac5-56089bcec37&quot;, doNotHash: false, doNotCopy: false, hashAddressBar: false});</script>
  <div class='shr-scl-btn'><div class='shrbtnh'>Share This</div>
  <span class='st_facebook_large' displayText='Facebook'/>
<span class='st_twitter_large' displayText='Tweet'/>
<span class='st_googleplus_large' displayText='Google +'/>
<span class='st_linkedin_large' displayText='LinkedIn'/>
<span class='st_pinterest_large' displayText='Pinterest'/>
<span class='st_email_large' displayText='Email'/>
<span class='st_sharethis_large' displayText='ShareThis'/>
      </div>    </b:if>

<b:if cond='data:blog.pageType == &quot;item&quot;'>
<div id='related-posts'>
<b:loop values='data:post.labels' var='label'>
<b:if cond='data:label.isLast != &quot;true&quot;'>
</b:if>
<script expr:src='&quot;/feeds/posts/default/-/&quot; + data:label.name + &quot;?alt=json-in-script&amp;callback=related_results_labels_thumbs&amp;max-results=6&quot;' type='text/javascript'/></b:loop>
<script type='text/javascript'>
removeRelatedDuplicates_thumbs();
printRelatedLabels_thumbs(&quot;<data:post.url/>&quot;);
</script>
</div><div style='clear:both'/>
<!-- remove --></b:if>
    <div class='post-footer'>
    <div class='post-footer-line post-footer-line-1'><span class='post-author vcard'>
        <b:if cond='data:top.showAuthor'>
          <data:top.authorLabel/>
            <b:if cond='data:post.authorProfileUrl'>
              <span class='fn' itemprop='author' itemscope='itemscope' itemtype='http://schema.org/Person'>
                <meta expr:content='data:post.authorProfileUrl' itemprop='url'/>
                <a class='g-profile' expr:href='data:post.authorProfileUrl' rel='author' title='author profile'>
                  <span itemprop='name'><data:post.author/></span>
                </a>
              </span>
            <b:else/>
              <span class='fn' itemprop='author' itemscope='itemscope' itemtype='http://schema.org/Person'>
                <span itemprop='name'><data:post.author/></span>
              </span>
            </b:if>
        </b:if>
      </span> <span class='post-timestamp'>
        <b:if cond='data:top.showTimestamp'>
          <data:top.timestampLabel/>
        <b:if cond='data:post.url'>
          <meta expr:content='data:post.canonicalUrl' itemprop='url'/>
          <a class='timestamp-link' expr:href='data:post.url' rel='bookmark' title='permanent link'><abbr class='published' expr:title='data:post.timestampISO8601' itemprop='datePublished'><data:post.timestamp/></abbr></a>
        </b:if>
        </b:if>
      </span> <span class='post-comment-link'>
        <b:if cond='data:blog.pageType != &quot;item&quot;'>
          <b:if cond='data:blog.pageType != &quot;static_page&quot;'>
            <b:if cond='data:post.allowComments'>
              <b:include data='post' name='comment_count_picker'/>
            </b:if>
          </b:if>
        </b:if>
      </span> <span class='post-icons'>
        <!-- email post links -->
        <b:if cond='data:post.emailPostUrl'>
          <span class='item-action'>
          <a expr:href='data:post.emailPostUrl' expr:title='data:top.emailPostMsg'>
              <img alt='' class='icon-action' height='13' src='http://img1.blogblog.com/img/icon18_email.gif' width='18'/>
          </a>
          </span>
        </b:if>

        <!-- quickedit pencil -->
        <b:include data='post' name='postQuickEdit'/>
      </span> <div class='post-share-buttons goog-inline-block'>
        <b:if cond='data:post.sharePostUrl'>
          <b:include data='post' name='shareButtons'/>
        </b:if>
      </div> </div>

      <div class='post-footer-line post-footer-line-2'><span class='post-labels'>
        <b:if cond='data:post.labels'>
          <data:postLabelsLabel/>
          <b:loop values='data:post.labels' var='label'>
            <a expr:href='data:label.url' rel='tag'><data:label.name/></a><b:if cond='data:label.isLast != &quot;true&quot;'>,</b:if>
          </b:loop>
        </b:if>
      </span> </div>

      <div class='post-footer-line post-footer-line-3'><span class='post-location'>
        <b:if cond='data:top.showLocation'>
          <b:if cond='data:post.location'>
            <data:postLocationLabel/>
            <a expr:href='data:post.location.mapsUrl' target='_blank'><data:post.location.name/></a>
          </b:if>
        </b:if>
      </span> </div>
      <b:if cond='data:post.authorAboutMe'>
        <div class='author-profile' itemprop='author' itemscope='itemscope' itemtype='http://schema.org/Person'>
          <b:if cond='data:post.authorPhoto.url'>
            <img expr:src='data:post.authorPhoto.url' itemprop='image' width='50px'/>
          </b:if>
          <div>
            <a class='g-profile' expr:href='data:post.authorProfileUrl' itemprop='url' rel='author' title='author profile'>
              <span itemprop='name'><data:post.author/></span>
            </a>
          </div>
          <span itemprop='description'><data:post.authorAboutMe/></span>
        </div>
      </b:if>
    </div>
  </div>
</b:includable>
              <b:includable id='postQuickEdit' var='post'>
  <b:if cond='data:post.editUrl'>
    <span expr:class='&quot;item-control &quot; + data:post.adminClass'>
      <a expr:href='data:post.editUrl' expr:title='data:top.editPostMsg'>
        <img alt='' class='icon-action' height='18' src='http://img2.blogblog.com/img/icon18_edit_allbkg.gif' width='18'/>
      </a>
    </span>
  </b:if>
</b:includable>
              <b:includable id='shareButtons' var='post'>
  <b:if cond='data:top.showEmailButton'><a class='goog-inline-block share-button sb-email' expr:href='data:post.sharePostUrl + &quot;&amp;target=email&quot;' expr:title='data:top.emailThisMsg' target='_blank'><span class='share-button-link-text'><data:top.emailThisMsg/></span></a></b:if><b:if cond='data:top.showBlogThisButton'><a class='goog-inline-block share-button sb-blog' expr:href='data:post.sharePostUrl + &quot;&amp;target=blog&quot;' expr:onclick='&quot;window.open(this.href, \&quot;_blank\&quot;, \&quot;height=270,width=475\&quot;); return false;&quot;' expr:title='data:top.blogThisMsg' target='_blank'><span class='share-button-link-text'><data:top.blogThisMsg/></span></a></b:if><b:if cond='data:top.showTwitterButton'><a class='goog-inline-block share-button sb-twitter' expr:href='data:post.sharePostUrl + &quot;&amp;target=twitter&quot;' expr:title='data:top.shareToTwitterMsg' target='_blank'><span class='share-button-link-text'><data:top.shareToTwitterMsg/></span></a></b:if><b:if cond='data:top.showFacebookButton'><a class='goog-inline-block share-button sb-facebook' expr:href='data:post.sharePostUrl + &quot;&amp;target=facebook&quot;' expr:onclick='&quot;window.open(this.href, \&quot;_blank\&quot;, \&quot;height=430,width=640\&quot;); return false;&quot;' expr:title='data:top.shareToFacebookMsg' target='_blank'><span class='share-button-link-text'><data:top.shareToFacebookMsg/></span></a></b:if><b:if cond='data:top.showOrkutButton'><a class='goog-inline-block share-button sb-orkut' expr:href='data:post.sharePostUrl + &quot;&amp;target=orkut&quot;' expr:title='data:top.shareToOrkutMsg' target='_blank'><span class='share-button-link-text'><data:top.shareToOrkutMsg/></span></a></b:if><b:if cond='data:top.showDummy'><div class='goog-inline-block dummy-container'><data:post.dummyTag/></div></b:if>
</b:includable>
              <b:includable id='status-message'>
  <b:if cond='data:navMessage'>
  <div class='status-msg-wrap'>
    <div class='status-msg-body'>
      <data:navMessage/>
    </div>
    <div class='status-msg-border'>
      <div class='status-msg-bg'>
        <div class='status-msg-hidden'><data:navMessage/></div>
      </div>
    </div>
  </div>
  <div style='clear: both;'/>
  </b:if>
</b:includable>
              <b:includable id='threaded-comment-form' var='post'>
  <div class='comment-form'>
    <a name='comment-form'/>
    <b:if cond='data:mobile'>
      <p><data:blogCommentMessage/></p>
      <data:blogTeamBlogMessage/>
      <a expr:href='data:post.commentFormIframeSrc' id='comment-editor-src'/>
      <iframe allowtransparency='true' class='blogger-iframe-colorize blogger-comment-from-post' frameborder='0' height='410' id='comment-editor' name='comment-editor' src='' style='display: none' width='100%'/>
    <b:else/>
      <p><data:blogCommentMessage/></p>
      <data:blogTeamBlogMessage/>
      <a expr:href='data:post.commentFormIframeSrc' id='comment-editor-src'/>
      <iframe allowtransparency='true' class='blogger-iframe-colorize blogger-comment-from-post' frameborder='0' height='410' id='comment-editor' name='comment-editor' src='' width='100%'/>
    </b:if>
    <data:post.friendConnectJs/>
    <data:post.cmtfpIframe/>
    <script type='text/javascript'>
      BLOG_CMT_createIframe(&#39;<data:post.appRpcRelayPath/>&#39;, &#39;<data:post.communityId/>&#39;);
    </script>
  </div>
</b:includable>
              <b:includable id='threaded_comment_js' var='post'>
  <script async='async' expr:src='data:post.commentSrc' type='text/javascript'/>

  <script type='text/javascript'>
    (function() {
      var items = <data:post.commentJso/>;
      var msgs = <data:post.commentMsgs/>;
      var config = <data:post.commentConfig/>;

// <![CDATA[
      var cursor = null;
      if (items && items.length > 0) {
        cursor = parseInt(items[items.length - 1].timestamp) + 1;
      }

      var bodyFromEntry = function(entry) {
        if (entry.gd$extendedProperty) {
          for (var k in entry.gd$extendedProperty) {
            if (entry.gd$extendedProperty[k].name == 'blogger.contentRemoved') {
              return '<span class="deleted-comment">' + entry.content.$t + '</span>';
            }
          }
        }
        return entry.content.$t;
      }

      var parse = function(data) {
        cursor = null;
        var comments = [];
        if (data && data.feed && data.feed.entry) {
          for (var i = 0, entry; entry = data.feed.entry[i]; i++) {
            var comment = {};
            // comment ID, parsed out of the original id format
            var id = /blog-(\d+).post-(\d+)/.exec(entry.id.$t);
            comment.id = id ? id[2] : null;
            comment.body = bodyFromEntry(entry);
            comment.timestamp = Date.parse(entry.published.$t) + '';
            if (entry.author && entry.author.constructor === Array) {
              var auth = entry.author[0];
              if (auth) {
                comment.author = {
                  name: (auth.name ? auth.name.$t : undefined),
                  profileUrl: (auth.uri ? auth.uri.$t : undefined),
                  avatarUrl: (auth.gd$image ? auth.gd$image.src : undefined)
                };
              }
            }
            if (entry.link) {
              if (entry.link[2]) {
                comment.link = comment.permalink = entry.link[2].href;
              }
              if (entry.link[3]) {
                var pid = /.*comments\/default\/(\d+)\?.*/.exec(entry.link[3].href);
                if (pid && pid[1]) {
                  comment.parentId = pid[1];
                }
              }
            }
            comment.deleteclass = 'item-control blog-admin';
            if (entry.gd$extendedProperty) {
              for (var k in entry.gd$extendedProperty) {
                if (entry.gd$extendedProperty[k].name == 'blogger.itemClass') {
                  comment.deleteclass += ' ' + entry.gd$extendedProperty[k].value;
                } else if (entry.gd$extendedProperty[k].name == 'blogger.displayTime') {
                  comment.displayTime = entry.gd$extendedProperty[k].value;
                }
              }
            }
            comments.push(comment);
          }
        }
        return comments;
      };

      var paginator = function(callback) {
        if (hasMore()) {
          var url = config.feed + '?alt=json&v=2&orderby=published&reverse=false&max-results=50';
          if (cursor) {
            url += '&published-min=' + new Date(cursor).toISOString();
          }
          window.bloggercomments = function(data) {
            var parsed = parse(data);
            cursor = parsed.length < 50 ? null
                : parseInt(parsed[parsed.length - 1].timestamp) + 1
            callback(parsed);
            window.bloggercomments = null;
          }
          url += '&callback=bloggercomments';
          var script = document.createElement('script');
          script.type = 'text/javascript';
          script.src = url;
          document.getElementsByTagName('head')[0].appendChild(script);
        }
      };
      var hasMore = function() {
        return !!cursor;
      };
      var getMeta = function(key, comment) {
        if ('iswriter' == key) {
          var matches = !!comment.author
              && comment.author.name == config.authorName
              && comment.author.profileUrl == config.authorUrl;
          return matches ? 'true' : '';
        } else if ('deletelink' == key) {
          return config.baseUri + '/delete-comment.g?blogID='
               + config.blogId + '&postID=' + comment.id;
        } else if ('deleteclass' == key) {
          return comment.deleteclass;
        }
        return '';
      };

      var replybox = null;
      var replyUrlParts = null;
      var replyParent = undefined;

      var onReply = function(commentId, domId) {
        if (replybox == null) {
          // lazily cache replybox, and adjust to suit this style:
          replybox = document.getElementById('comment-editor');
          if (replybox != null) {
            replybox.height = '250px';
            replybox.style.display = 'block';
            replyUrlParts = replybox.src.split('#');
          }
        }
        if (replybox && (commentId !== replyParent)) {
          document.getElementById(domId).insertBefore(replybox, null);
          replybox.src = replyUrlParts[0]
              + (commentId ? '&parentID=' + commentId : '')
              + '#' + replyUrlParts[1];
          replyParent = commentId;
        }
      };

      var hash = (window.location.hash || '#').substring(1);
      var startThread, targetComment;
      if (/^comment-form_/.test(hash)) {
        startThread = hash.substring('comment-form_'.length);
      } else if (/^c[0-9]+$/.test(hash)) {
        targetComment = hash.substring(1);
      }

      // Configure commenting API:
      var configJso = {
        'maxDepth': config.maxThreadDepth
      };
      var provider = {
        'id': config.postId,
        'data': items,
        'loadNext': paginator,
        'hasMore': hasMore,
        'getMeta': getMeta,
        'onReply': onReply,
        'rendered': true,
        'initComment': targetComment,
        'initReplyThread': startThread,
        'config': configJso,
        'messages': msgs
      };

      var render = function() {
        if (window.goog && window.goog.comments) {
          var holder = document.getElementById('comment-holder');
          window.goog.comments.render(holder, provider);
        }
      };

      // render now, or queue to render when library loads:
      if (window.goog && window.goog.comments) {
        render();
      } else {
        window.goog = window.goog || {};
        window.goog.comments = window.goog.comments || {};
        window.goog.comments.loadQueue = window.goog.comments.loadQueue || [];
        window.goog.comments.loadQueue.push(render);
      }
    })();
// ]]>
  </script>
</b:includable>
              <b:includable id='threaded_comments' var='post'>
  <div class='comments' id='comments'>
    <a name='comments'/>
    <h4><data:post.commentLabelFull/>:</h4>

    <div class='comments-content'>
      <b:if cond='data:post.embedCommentForm'>
        <b:include data='post' name='threaded_comment_js'/>
      </b:if>
      <div id='comment-holder'>
         <data:post.commentHtml/>
      </div>
    </div>

    <p class='comment-footer'>
      <b:if cond='data:post.allowNewComments'>
        <b:include data='post' name='threaded-comment-form'/>
      <b:else/>
        <data:post.noNewCommentsText/>
      </b:if>
    </p>

    <b:if cond='data:showCmtPopup'>
      <div id='comment-popup'>
        <iframe allowtransparency='true' frameborder='0' id='comment-actions' name='comment-actions' scrolling='no'>
        </iframe>
      </div>
    </b:if>

    <div id='backlinks-container'>
    <div expr:id='data:widget.instanceId + &quot;_backlinks-container&quot;'>
       <b:if cond='data:post.showBacklinks'>
         <b:include data='post' name='backlinks'/>
       </b:if>
    </div>
    </div>
  </div>
</b:includable>
            </b:widget>
          </b:section>
        </div>
        </div>

        <div class='column-left-outer'>
        <div class='column-left-inner'>
          <aside>
          <macro:include id='main-column-left-sections' name='sections'>
            <macro:param default='0' name='num' value='0'/>
            <macro:param default='sidebar-left' name='idPrefix'/>
            <macro:param default='sidebar' name='class'/>
            <macro:param default='true' name='includeBottom'/>
          </macro:include>
          </aside>
        </div>
        </div>

        <div class='column-right-outer'>
        <div class='column-right-inner'>
          <aside>
          <macro:include id='main-column-right-sections' name='sections'>
            <macro:param default='2' name='num' value='1'/>
            <macro:param default='sidebar-right' name='idPrefix'/>
            <macro:param default='sidebar' name='class'/>
            <macro:param default='true' name='includeBottom'/>
          </macro:include>
          </aside>
        </div>
        </div>

        </div>

        <div style='clear: both'/>
      <!-- columns -->
      </div>

    <!-- main -->
    </div>
    </div>
    <div class='main-cap-bottom cap-bottom'>
      <div class='cap-left'/>
      <div class='cap-right'/>
    </div>
    </div>

    <footer>
    <div class='footer-outer'>
    <div class='footer-cap-top cap-top'>
      <div class='cap-left'/>
      <div class='cap-right'/>
    </div>
    <div class='fauxborder-left footer-fauxborder-left'>
    <div class='fauxborder-right footer-fauxborder-right'/>
    <div class='region-inner footer-inner'>
      <macro:include id='footer-sections' name='sections'>
        <macro:param default='2' name='num'/>
        <macro:param default='footer' name='idPrefix'/>
        <macro:param default='foot' name='class'/>
        <macro:param default='false' name='includeBottom'/>
      </macro:include>
      <!-- outside of the include in order to lock Attribution widget -->
      <b:section class='foot' id='footer-3' showaddelement='no'>
        <b:widget id='Attribution1' locked='true' title='' type='Attribution'>
          <b:includable id='main'>
    <b:if cond='data:feedbackSurveyLink'>
      <div class='mobile-survey-link' style='text-align: center;'>
        <data:feedbackSurveyLink/>
      </div>
    </b:if>

    <div class='widget-content' style='text-align: center;'>
      <b:if cond='data:attribution != &quot;&quot;'>
       <data:attribution/>
      </b:if>
    </div>

    <b:include name='quickedit'/>
  </b:includable>
        </b:widget>
      </b:section>
    </div>
    </div>
    <div class='footer-cap-bottom cap-bottom'>
      <div class='cap-left'/>
      <div class='cap-right'/>
    </div>
    </div>
    </footer>

  <!-- content -->
  </div>
  </div>
  <div class='content-cap-bottom cap-bottom'>
    <div class='cap-left'/>
    <div class='cap-right'/>
  </div>
  </div>
  </div>

  <script type='text/javascript'>
    window.setTimeout(function() {
        document.body.className = document.body.className.replace(&#39;loading&#39;, &#39;&#39;);
      }, 10);
  </script>

<!--Contact-->

<div class='contactusholder'>
    <div class='realcontact'>
<div class='contacticon'>
<i class='fa fa-envelope-o'/> 			
</div>

  <h3 class='cnttitle'>Contact Us</h3>

<p class='cntoverview'>So you think we&#8217;re the right folks for the job? Please get in touch with us, we promise we won&#39;t bite!</p>
  <br/>  <br/>
    <center> <div class='cntbtnsm'><a href='#contact'><i class='fa fa-smile-o'/>&amp;nbsp; Contact Us</a></div></center>

  </div>
    </div>
<div class='creditfooter'>
  Designed By   <a href='www.seobloggertemplates.com' id='importantlinks'>Seo Blogger Templates</a> Published..<a href='http://gooyaabitemplates.com/' id='importantlinks'> Blogger Templates </a>

      </div>
<script>


    </script>
</body>

<macro:includable id='sections' var='col'>
  <macro:if cond='data:col.num == 0'>
  <macro:else/>
    <b:section mexpr:class='data:col.class' mexpr:id='data:col.idPrefix + &quot;-1&quot;' preferred='yes' showaddelement='yes'/>

    <macro:if cond='data:col.num &gt;= 2'>
      <table border='0' cellpadding='0' cellspacing='0' mexpr:class='&quot;section-columns columns-&quot; + data:col.num'>
      <tbody>
      <tr>
        <td class='first columns-cell'>
          <b:section mexpr:class='data:col.class' mexpr:id='data:col.idPrefix + &quot;-2-1&quot;'/>
        </td>

        <td class='columns-cell'>
          <b:section mexpr:class='data:col.class' mexpr:id='data:col.idPrefix + &quot;-2-2&quot;'/>
        </td>

        <macro:if cond='data:col.num &gt;= 3'>
          <td class='columns-cell'>
            <b:section mexpr:class='data:col.class' mexpr:id='data:col.idPrefix + &quot;-2-3&quot;'/>
          </td>
        </macro:if>

        <macro:if cond='data:col.num &gt;= 4'>
          <td class='columns-cell'>
            <b:section mexpr:class='data:col.class' mexpr:id='data:col.idPrefix + &quot;-2-4&quot;'/>
          </td>
        </macro:if>
      </tr>
      </tbody>
      </table>

      <macro:if cond='data:col.includeBottom'>
        <b:section mexpr:class='data:col.class' mexpr:id='data:col.idPrefix + &quot;-3&quot;' showaddelement='no'/>
      </macro:if>
    </macro:if>
  </macro:if>
</macro:includable>

<b:section-contents id='sidebar-right-1'>
  <b:widget id='CustomSearch1' locked='false' title='Search This Blog' type='CustomSearch'>
    <b:includable id='main'>
    <!-- only display title if it's non-empty -->
    <b:if cond='data:title != &quot;&quot;'>
      <h2 class='title'><data:title/></h2>
    </b:if>

    <div class='widget-content'>
      <div expr:id='data:widget.instanceId + &quot;_form&quot;'>
        <span class='cse-status'><data:loadingMsg/></span>
      </div>
    </div>

    <!-- override gsearch.css -->
    <style type='text/css'>
      #uds-searchControl .gs-result .gs-title,
      #uds-searchControl .gs-result .gs-title *,
      #uds-searchControl .gsc-results .gsc-trailing-more-results,
      #uds-searchControl .gsc-results .gsc-trailing-more-results * {
        color:<data:linkColor/>;
      }

      #uds-searchControl .gs-result .gs-title a:visited,
      #uds-searchControl .gs-result .gs-title a:visited * {
        color:<data:visitedLinkColor/>;
      }

      #uds-searchControl .gs-relativePublishedDate,
      #uds-searchControl .gs-publishedDate {
        color: <data:dateColor/>;
      }

      #uds-searchControl .gs-result a.gs-visibleUrl,
      #uds-searchControl .gs-result .gs-visibleUrl {
        color: <data:urlColor/>;
      }

      #uds-searchControl .gsc-results {
        border-color: <data:borderColor/>;
        background-color: <data:backgroundColor/>;
      }

      #uds-searchControl .gsc-tabhActive {
        border-color: <data:borderColor/>;
        border-top-color: <data:activeBorderColor/>;
        background-color: <data:backgroundColor/>;
        color: <data:textColor/>;
      }

      #uds-searchControl .gsc-tabhInactive {
        border-color: <data:borderColor/>;
        background-color: transparent;
        color: <data:linkColor/>;
      }

      #uds-searchClearResults {
        border-color: <data:borderColor/>;
      }

      #uds-searchClearResults:hover {
        border-color: <data:activeBorderColor/>;
      }

      #uds-searchControl .gsc-cursor-page {
        color: <data:linkColor/>;
      }

      #uds-searchControl .gsc-cursor-current-page {
        color: <data:textColor/>;
      }
    </style>

    <b:include name='quickedit'/>
  </b:includable>
  </b:widget>
  <b:widget id='BlogArchive1' locked='false' title='Blog Archive' type='BlogArchive'>
    <b:includable id='main'>
  <b:if cond='data:title'>
    <h2><data:title/></h2>
  </b:if>
  <div class='widget-content'>
  <div expr:class='data:blog.languageDirection' id='ArchiveList'>
  <div expr:id='data:widget.instanceId + &quot;_ArchiveList&quot;'>
    <b:if cond='data:style == &quot;HIERARCHY&quot;'>
     <b:include data='data' name='interval'/>
    </b:if>
    <b:if cond='data:style == &quot;FLAT&quot;'>
      <b:include data='data' name='flat'/>
    </b:if>
    <b:if cond='data:style == &quot;MENU&quot;'>
      <b:include data='data' name='menu'/>
    </b:if>
  </div>
  </div>
  <b:include name='quickedit'/>
  </div>
</b:includable>
    <b:includable id='flat' var='data'>
  <ul class='flat'>
    <b:loop values='data:data' var='i'>
      <li class='archivedate'>
        <a expr:href='data:i.url'><data:i.name/></a> (<data:i.post-count/>)
      </li>
    </b:loop>
  </ul>
</b:includable>
    <b:includable id='interval' var='intervalData'>
  <b:loop values='data:intervalData' var='i'>
      <ul class='hierarchy'>
        <li expr:class='&quot;archivedate &quot; + data:i.expclass'>
          <b:include data='i' name='toggle'/>
          <a class='post-count-link' expr:href='data:i.url'><data:i.name/></a>
            <span class='post-count' dir='ltr'>(<data:i.post-count/>)</span>
          <b:if cond='data:i.data'>
            <b:include data='i.data' name='interval'/>
          </b:if>
          <b:if cond='data:i.posts'>
            <b:include data='i.posts' name='posts'/>
          </b:if>
        </li>
      </ul>
  </b:loop>
</b:includable>
    <b:includable id='menu' var='data'>
  <select expr:id='data:widget.instanceId + &quot;_ArchiveMenu&quot;'>
    <option value=''><data:title/></option>
    <b:loop values='data:data' var='i'>
      <option expr:value='data:i.url'>
        <data:i.name/> (<data:i.post-count/>)</option>
    </b:loop>
  </select>
</b:includable>
    <b:includable id='posts' var='posts'>
  <ul class='posts'>
    <b:loop values='data:posts' var='i'>
      <li><a expr:href='data:i.url'><data:i.title/></a></li>
    </b:loop>
  </ul>
</b:includable>
    <b:includable id='toggle' var='interval'>
  <b:if cond='data:interval.toggleId'>
    <a class='toggle'>
      <span class='zippy'/>
    </a>
 </b:if>
</b:includable>
  </b:widget>
  <b:widget id='Profile1' locked='false' title='About Me' type='Profile'>
    <b:includable id='main'>
    <b:if cond='data:title != &quot;&quot;'>
      <h2><data:title/></h2>
    </b:if>
    <div class='widget-content'>
    <b:if cond='data:team == &quot;true&quot;'> <!-- team blog profile -->
      <ul>
        <b:loop values='data:authors' var='i'>
          <li><a class='profile-name-link g-profile' expr:href='data:i.userUrl' expr:style='&quot;background-image: url(&quot; + data:i.profileLogo + &quot;);&quot;'><data:i.display-name/></a></li>
        </b:loop>
      </ul>

    <b:else/> <!-- normal blog profile -->

      <b:if cond='data:photo.url != &quot;&quot;'>
        <a expr:href='data:userUrl'><img class='profile-img' expr:alt='data:photo.alt' expr:height='data:photo.height' expr:src='data:photo.url' expr:width='data:photo.width'/></a>
      </b:if>

      <dl class='profile-datablock'>
        <dt class='profile-data'>
          <a class='profile-name-link g-profile' expr:href='data:userUrl' expr:style='&quot;background-image: url(&quot; + data:profileLogo + &quot;);&quot;' rel='author'>
            <data:displayname/>
          </a>
          <b:if cond='data:hasgoogleprofile'>
            <br/>
            <div class='g-follow' data-annotation='bubble' data-height='20' expr:data-href='data:userUrl'/>
          </b:if>
        </dt>

        <b:if cond='data:showlocation == &quot;true&quot;'>
          <dd class='profile-data'><data:location/></dd>
        </b:if>

        <b:if cond='data:aboutme != &quot;&quot;'><dd class='profile-textblock'><data:aboutme/></dd></b:if>
      </dl>
      <a class='profile-link' expr:href='data:userUrl' rel='author'><data:viewProfileMsg/></a>
    </b:if>

     <b:include name='quickedit'/>
    </div>
  </b:includable>
  </b:widget>
</b:section-contents><b:section-contents id='footer-1'/><b:section-contents id='footer-2-1'/><b:section-contents id='footer-2-2'/></html>